# Created by Metasequoia

mtllib 2P_Rail_canyon12.mtl

v -56761.921875 12090.000000 -20070.500000
v -56800.007813 12090.000000 -20070.500000
v -56761.921875 12090.000000 -20071.500000
v -56800.007813 12090.000000 -20071.500000
v -56723.324219 12091.552734 -20069.992188
v -56723.367188 12091.552734 -20068.992188
v -56684.332031 12098.922852 -20065.140625
v -56684.484375 12098.922852 -20064.152344
v -56647.527344 12115.121094 -20058.642578
v -56647.714844 12115.121094 -20057.660156
v -56615.742188 12139.026367 -20052.212891
v -56615.589844 12139.026367 -20053.201172
v -56588.792969 12167.983398 -20048.585938
v -56588.675781 12167.983398 -20049.578125
v -56566.183594 12199.926758 -20046.236328
v -56566.093750 12199.926758 -20047.232422
v -56547.132813 12232.886719 -20044.484375
v -56547.042969 12232.886719 -20045.480469
v -56530.843750 12268.395508 -20043.339844
v -56530.765625 12268.395508 -20044.337891
v -56517.679688 12305.208008 -20042.564453
v -56517.613281 12305.208008 -20043.562500
v -56507.597656 12342.907227 -20042.121094
v -56507.546875 12342.907227 -20043.119141
v -56500.210938 12381.030273 -20041.945313
v -56500.175781 12381.030273 -20042.943359
v -56494.867188 12419.226563 -20041.941406
v -56494.847656 12419.226563 -20042.941406
v -56490.816406 12457.320313 -20042.000000
v -56490.808594 12457.320313 -20043.000000
v -56487.437500 12495.469727 -20042.050781
v -56487.437500 12495.469727 -20043.050781
v -56484.710938 12533.579102 -20042.050781
v -56484.714844 12533.535156 -20043.050781
v -56799.253906 12090.028320 -20128.500000
v -56799.253906 12090.028320 -20129.500000
v -56749.644531 12091.986328 -20128.505859
v -56749.644531 12091.986328 -20129.505859
v -56698.398438 12096.860352 -20128.625000
v -56698.406250 12096.860352 -20129.625000
v -56648.542969 12113.607422 -20129.904297
v -56648.589844 12113.607422 -20130.902344
v -56607.636719 12145.677734 -20134.189453
v -56607.781250 12145.677734 -20135.179688
v -56573.992188 12183.118164 -20142.105469
v -56574.253906 12183.118164 -20143.070313
v -56543.523438 12222.661133 -20151.462891
v -56543.816406 12222.661133 -20152.417969
v -56517.132813 12265.634766 -20160.060547
v -56516.863281 12265.634766 -20159.097656
v -56494.519531 12311.024414 -20165.501953
v -56494.296875 12311.024414 -20164.527344
v -56475.484375 12358.000000 -20168.359375
v -56475.343750 12358.000000 -20167.369141
v -56459.246094 12405.876953 -20168.486328
v -56459.230469 12405.876953 -20167.486328
v -56444.054688 12453.488281 -20166.628906
v -56444.160156 12453.488281 -20165.634766
v -56427.625000 12499.952148 -20163.085938
v -56427.824219 12499.952148 -20162.105469
v -56407.687500 12543.660156 -20156.492188
v -56407.417969 12543.660156 -20157.455078
v -56379.976563 12580.711914 -20148.583984
v -56380.289063 12580.711914 -20147.632813
v -56344.628906 12610.614258 -20135.943359
v -56344.324219 12610.614258 -20136.894531
v -56304.023438 12635.023438 -20123.484375
v -56303.738281 12635.023438 -20124.443359
v -56261.285156 12658.721680 -20111.626953
v -56261.035156 12658.721680 -20112.593750
v -56218.414063 12683.623047 -20103.085938
v -56218.261719 12683.623047 -20104.076172
v -56175.292969 12709.029297 -20099.722656
v -56175.250000 12709.029297 -20100.720703
v -56132.273438 12735.014648 -20099.271484
v -56132.277344 12735.014648 -20100.271484
v -56089.734375 12761.893555 -20099.576172
v -56089.742188 12761.893555 -20100.576172
v -56047.878906 12789.686523 -20099.523438
v -56047.875000 12789.686523 -20100.523438
v -56006.257813 12817.337891 -20099.468750
v -56006.257813 12817.337891 -20100.468750
v -55964.351563 12844.689453 -20099.513672
v -55964.351563 12844.689453 -20100.513672
v -55922.351563 12872.021484 -20099.501953
v -55922.351563 12872.021484 -20100.501953
v -55880.269531 12898.548828 -20099.494141
v -55880.269531 12898.548828 -20100.494141
v -55837.363281 12922.336914 -20099.503906
v -55837.363281 12922.336914 -20100.503906
v -55792.386719 12940.448242 -20099.500000
v -55792.386719 12940.448242 -20100.500000
v -55745.695313 12948.915039 -20099.498047
v -55745.695313 12948.915039 -20100.498047
v -55695.964844 12950.976563 -20099.500000
v -55695.964844 12950.976563 -20100.500000
v -55696.402344 12960.965820 -20101.000000
v -55696.402344 12960.965820 -20099.000000
v -56640.007813 12390.000000 -20100.500000
v -56610.910156 12389.979492 -20100.500000
v -56640.007813 12390.000000 -20099.500000
v -56610.910156 12389.979492 -20099.500000
v -56640.000000 12390.000000 -20129.500000
v -56610.902344 12389.979492 -20129.500000
v -56640.000000 12390.000000 -20128.500000
v -56610.902344 12389.979492 -20128.500000
v -56640.000000 12390.000000 -20071.500000
v -56610.902344 12389.979492 -20071.500000
v -56640.000000 12390.000000 -20070.500000
v -56610.902344 12389.979492 -20070.500000
v -56581.695313 12390.161133 -20099.500000
v -56581.695313 12390.161133 -20100.500000
v -56581.683594 12390.161133 -20128.500000
v -56581.683594 12390.161133 -20129.500000
v -56581.683594 12390.161133 -20070.500000
v -56581.683594 12390.161133 -20071.500000
v -56552.355469 12390.912109 -20099.500000
v -56552.355469 12390.912109 -20100.500000
v -56552.347656 12390.912109 -20128.500000
v -56552.347656 12390.912109 -20129.500000
v -56552.347656 12390.912109 -20070.500000
v -56552.347656 12390.912109 -20071.500000
v -56522.933594 12392.615234 -20100.500000
v -56522.933594 12392.615234 -20099.500000
v -56522.921875 12392.616211 -20129.500000
v -56522.921875 12392.616211 -20128.500000
v -56522.921875 12392.616211 -20071.500000
v -56522.921875 12392.616211 -20070.500000
v -56493.437500 12395.743164 -20099.500000
v -56493.437500 12395.743164 -20100.500000
v -56493.425781 12395.744141 -20128.500000
v -56493.425781 12395.744141 -20129.500000
v -56493.425781 12395.744141 -20070.500000
v -56493.425781 12395.744141 -20071.500000
v -56464.011719 12401.087891 -20100.500000
v -56464.011719 12401.087891 -20099.500000
v -56464.000000 12401.089844 -20129.500000
v -56464.000000 12401.089844 -20128.500000
v -56464.000000 12401.089844 -20071.500000
v -56464.000000 12401.089844 -20070.500000
v -56435.101563 12409.313477 -20099.500000
v -56435.101563 12409.313477 -20100.500000
v -56435.093750 12409.316406 -20128.500000
v -56435.093750 12409.316406 -20129.500000
v -56435.093750 12409.316406 -20070.500000
v -56435.093750 12409.316406 -20071.500000
v -56407.175781 12420.360352 -20099.500000
v -56407.175781 12420.360352 -20100.500000
v -56407.164063 12420.364258 -20128.500000
v -56407.164063 12420.364258 -20129.500000
v -56407.164063 12420.364258 -20070.500000
v -56407.164063 12420.364258 -20071.500000
v -56380.589844 12433.714844 -20100.500000
v -56380.589844 12433.714844 -20099.500000
v -56380.582031 12433.719727 -20129.500000
v -56380.582031 12433.719727 -20128.500000
v -56380.582031 12433.719727 -20071.500000
v -56380.582031 12433.719727 -20070.500000
v -56355.050781 12448.050781 -20099.500000
v -56355.050781 12448.050781 -20100.500000
v -56355.042969 12448.055664 -20128.500000
v -56355.042969 12448.055664 -20129.500000
v -56355.042969 12448.055664 -20070.500000
v -56355.042969 12448.055664 -20071.500000
v -56229.484375 12521.988281 -20100.500000
v -56229.484375 12521.988281 -20099.500000
v -56229.472656 12521.993164 -20129.500000
v -56229.472656 12521.993164 -20128.500000
v -56229.472656 12521.993164 -20071.500000
v -56229.472656 12521.993164 -20070.500000
v -56105.421875 12598.105469 -20099.500000
v -56105.421875 12598.105469 -20100.500000
v -56105.414063 12598.111328 -20128.500000
v -56105.414063 12598.111328 -20129.500000
v -56105.414063 12598.111328 -20070.500000
v -56105.414063 12598.111328 -20071.500000
v -55981.843750 12674.890625 -20100.500000
v -55981.843750 12674.890625 -20099.500000
v -55981.835938 12674.895508 -20129.500000
v -55981.835938 12674.895508 -20128.500000
v -55981.835938 12674.895508 -20071.500000
v -55981.835938 12674.895508 -20070.500000
v -55858.753906 12751.521484 -20099.500000
v -55858.753906 12751.521484 -20100.500000
v -55858.746094 12751.526367 -20128.500000
v -55858.746094 12751.526367 -20129.500000
v -55858.746094 12751.526367 -20070.500000
v -55858.746094 12751.526367 -20071.500000
v -55833.628906 12764.631836 -20100.500000
v -55833.628906 12764.631836 -20099.500000
v -55833.617188 12764.635742 -20129.500000
v -55833.617188 12764.635742 -20128.500000
v -55833.617188 12764.635742 -20071.500000
v -55833.617188 12764.635742 -20070.500000
v -55807.832031 12775.120117 -20099.500000
v -55807.832031 12775.120117 -20100.500000
v -55807.820313 12775.124023 -20128.500000
v -55807.820313 12775.124023 -20129.500000
v -55807.820313 12775.124023 -20070.500000
v -55807.820313 12775.124023 -20071.500000
v -55780.984375 12782.366211 -20099.500000
v -55780.984375 12782.366211 -20100.500000
v -55780.972656 12782.368164 -20128.500000
v -55780.972656 12782.368164 -20129.500000
v -55780.972656 12782.368164 -20070.500000
v -55780.972656 12782.368164 -20071.500000
v -55753.125000 12786.945313 -20100.500000
v -55753.125000 12786.945313 -20099.500000
v -55753.117188 12786.946289 -20129.500000
v -55753.117188 12786.946289 -20128.500000
v -55753.117188 12786.946289 -20071.500000
v -55753.117188 12786.946289 -20070.500000
v -55724.796875 12789.547852 -20099.500000
v -55724.796875 12789.547852 -20100.500000
v -55724.789063 12789.548828 -20128.500000
v -55724.789063 12789.548828 -20129.500000
v -55724.789063 12789.548828 -20070.500000
v -55724.789063 12789.548828 -20071.500000
v -55696.238281 12790.586914 -20100.500000
v -55696.238281 12790.586914 -20099.500000
v -55696.226563 12790.586914 -20129.500000
v -55696.226563 12790.586914 -20128.500000
v -55696.226563 12790.586914 -20071.500000
v -55696.226563 12790.586914 -20070.500000
v -55667.421875 12790.497070 -20099.500000
v -55667.421875 12790.497070 -20100.500000
v -55667.414063 12790.496094 -20128.500000
v -55667.414063 12790.496094 -20129.500000
v -55667.414063 12790.496094 -20070.500000
v -55667.414063 12790.496094 -20071.500000
v -55638.296875 12790.059570 -20099.500000
v -55638.296875 12790.059570 -20100.500000
v -55638.285156 12790.059570 -20128.500000
v -55638.285156 12790.059570 -20129.500000
v -55638.285156 12790.059570 -20070.500000
v -55638.285156 12790.059570 -20071.500000
v -55609.089844 12789.951172 -20100.500000
v -55609.089844 12789.951172 -20099.500000
v -55609.082031 12789.951172 -20129.500000
v -55609.082031 12789.951172 -20128.500000
v -55609.082031 12789.951172 -20071.500000
v -55609.082031 12789.951172 -20070.500000
v -55580.011719 12790.000000 -20099.500000
v -55580.011719 12790.000000 -20100.500000
v -55580.000000 12790.000000 -20128.500000
v -55580.000000 12790.000000 -20129.500000
v -55580.000000 12790.000000 -20070.500000
v -55580.000000 12790.000000 -20071.500000
v -56784.460938 12555.619141 -20063.773438
v -56784.468750 12555.546875 -20062.775391
v -56783.945313 12520.532227 -20066.113281
v -56783.937500 12520.464844 -20065.115234
v -56776.660156 12590.383789 -20060.433594
v -56776.640625 12590.442383 -20061.431641
v -56775.523438 12486.530273 -20067.167969
v -56775.542969 12486.583984 -20068.166016
v -56760.554688 12622.290039 -20058.671875
v -56760.527344 12622.329102 -20059.669922
v -56759.394531 12455.541992 -20069.755859
v -56759.371094 12455.508789 -20068.757813
v -56737.757813 12649.222656 -20058.105469
v -56737.792969 12649.190430 -20057.107422
v -56736.175781 12429.410156 -20070.757813
v -56736.160156 12429.394531 -20069.757813
v -56709.820313 12670.183594 -20055.476563
v -56709.769531 12670.210938 -20056.474609
v -56707.675781 12409.247070 -20071.275391
v -56707.664063 12409.242188 -20070.275391
v -56677.476563 12684.254883 -20054.421875
v -56677.539063 12684.237305 -20053.423828
v -56675.328125 12395.711914 -20071.470703
v -56675.324219 12395.711914 -20070.470703
v -56642.437500 12690.032227 -20051.320313
v -56642.375000 12690.033203 -20052.318359
v -56607.054688 12687.424805 -20049.335938
v -56607.000000 12687.413086 -20050.333984
v -56573.148438 12676.812500 -20047.500000
v -56573.101563 12676.791016 -20048.500000
v -56542.554688 12658.349609 -20045.843750
v -56542.519531 12658.320313 -20046.841797
v -56517.421875 12632.724609 -20044.449219
v -56517.402344 12632.697266 -20045.449219
v -56498.988281 12602.271484 -20043.546875
v -56498.976563 12602.250977 -20044.544922
v -56487.710938 12568.660156 -20042.865234
v -56487.707031 12568.642578 -20043.865234
v -56784.218750 12557.745117 -20092.695313
v -56784.226563 12557.671875 -20091.697266
v -56784.171875 12522.490234 -20095.044922
v -56784.164063 12522.422852 -20094.046875
v -56776.105469 12488.137695 -20097.119141
v -56776.085938 12488.083984 -20096.121094
v -56776.035156 12592.071289 -20089.376953
v -56776.011719 12592.128906 -20090.375000
v -56760.046875 12456.505859 -20098.734375
v -56760.027344 12456.472656 -20097.734375
v -56759.769531 12623.444336 -20087.636719
v -56759.742188 12623.483398 -20088.636719
v -56736.664063 12429.849609 -20099.750000
v -56736.648438 12429.833984 -20098.750000
v -56736.757813 12650.149414 -20087.074219
v -56736.789063 12650.118164 -20086.074219
v -56708.347656 12671.024414 -20085.427734
v -56708.398438 12670.997070 -20084.429688
v -56707.937500 12409.393555 -20100.273438
v -56707.929688 12409.388672 -20099.273438
v -56675.660156 12684.766602 -20083.359375
v -56675.722656 12684.749023 -20082.363281
v -56675.410156 12395.736328 -20100.470703
v -56675.406250 12395.735352 -20099.470703
v -56640.644531 12690.085938 -20080.265625
v -56640.582031 12690.087891 -20081.263672
v -56605.414063 12687.092773 -20078.287109
v -56605.359375 12687.082031 -20079.285156
v -56571.757813 12676.174805 -20076.460938
v -56571.710938 12676.153320 -20077.458984
v -56541.492188 12657.490234 -20074.810547
v -56541.453125 12657.460938 -20075.810547
v -56516.820313 12631.931641 -20073.433594
v -56516.800781 12631.905273 -20074.431641
v -56498.707031 12601.664063 -20072.539063
v -56498.699219 12601.643555 -20073.539063
v -56487.605469 12568.156250 -20071.861328
v -56487.601563 12568.138672 -20072.861328
v -56494.769531 12532.973633 -20070.523438
v -56484.792969 12532.303711 -20071.023438
v -56494.777344 12532.886719 -20072.521484
v -56484.796875 12532.260742 -20072.021484
v -56783.976563 12559.850586 -20121.617188
v -56783.984375 12559.778320 -20120.619141
v -56784.398438 12524.429688 -20123.978516
v -56784.390625 12524.362305 -20122.982422
v -56776.660156 12489.672852 -20126.072266
v -56776.640625 12489.619141 -20125.074219
v -56775.414063 12593.740234 -20118.322266
v -56775.390625 12593.798828 -20119.320313
v -56760.691406 12457.454102 -20127.710938
v -56760.667969 12457.420898 -20126.710938
v -56758.996094 12624.583008 -20116.605469
v -56758.968750 12624.622070 -20117.603516
v -56737.140625 12430.275391 -20128.742188
v -56737.125000 12430.260742 -20127.742188
v -56735.769531 12651.064453 -20116.041016
v -56735.804688 12651.032227 -20115.042969
v -56708.183594 12409.531250 -20129.271484
v -56708.175781 12409.526367 -20128.271484
v -56706.992188 12671.800781 -20113.384766
v -56706.941406 12671.828125 -20114.382813
v -56675.472656 12395.754883 -20129.470703
v -56675.468750 12395.753906 -20128.470703
v -56673.863281 12685.272461 -20112.300781
v -56673.925781 12685.254883 -20111.302734
v -56638.871094 12690.139648 -20109.210938
v -56638.808594 12690.141602 -20110.208984
v -56603.789063 12686.765625 -20107.240234
v -56603.734375 12686.753906 -20108.238281
v -56570.382813 12675.544922 -20105.421875
v -56570.335938 12675.523438 -20106.419922
v -56540.445313 12656.643555 -20103.779297
v -56540.406250 12656.614258 -20104.779297
v -56516.230469 12631.155273 -20102.416016
v -56516.210938 12631.127930 -20103.416016
v -56498.437500 12601.074219 -20101.531250
v -56498.429688 12601.053711 -20102.531250
v -56487.503906 12567.670898 -20100.855469
v -56487.500000 12567.654297 -20101.855469
v -56494.855469 12531.708008 -20099.496094
v -56484.875000 12531.047852 -20099.996094
v -56494.859375 12531.621094 -20101.494141
v -56484.878906 12531.003906 -20100.994141
v -52000.000000 13310.000000 -20128.500000
v -52000.000000 13310.000000 -20129.500000
v -51730.000000 13310.000000 -20128.500000
v -51730.000000 13310.000000 -20129.500000
v -51465.000000 13310.000000 -20129.500000
v -51465.000000 13310.000000 -20128.500000
v -51200.000000 13310.000000 -20128.500000
v -51200.000000 13310.000000 -20129.500000
v -52000.000000 13310.000000 -20070.500000
v -52000.000000 13310.000000 -20071.500000
v -51730.000000 13310.000000 -20070.500000
v -51730.000000 13310.000000 -20071.500000
v -51465.000000 13310.000000 -20071.500000
v -51465.000000 13310.000000 -20070.500000
v -51200.000000 13310.000000 -20070.500000
v -51200.000000 13310.000000 -20071.500000
v -56975.000000 12090.000000 -20128.500000
v -56975.000000 12090.000000 -20129.500000
v -56887.500000 12090.000000 -20128.500000
v -56887.500000 12090.000000 -20129.500000
v -57325.000000 12090.000000 -20511.500000
v -57266.171875 12090.000000 -20502.025391
v -57325.000000 12090.000000 -20510.500000
v -57266.476563 12090.000000 -20501.074219
v -57212.382813 12090.000000 -20474.884766
v -57212.968750 12090.000000 -20474.074219
v -57170.066406 12090.000000 -20432.515625
v -57170.875000 12090.000000 -20431.929688
v -57142.882813 12090.000000 -20379.212891
v -57143.835938 12090.000000 -20378.906250
v -57133.644531 12090.000000 -20320.000000
v -57134.644531 12090.000000 -20320.000000
v -57325.007813 12090.000000 -20540.500000
v -57257.242188 12090.000000 -20529.617188
v -57325.007813 12090.000000 -20539.500000
v -57257.550781 12090.000000 -20528.666016
v -57195.402344 12090.000000 -20498.394531
v -57195.988281 12090.000000 -20497.583984
v -57146.601563 12090.000000 -20449.556641
v -57147.410156 12090.000000 -20448.968750
v -57115.292969 12090.000000 -20388.146484
v -57116.246094 12090.000000 -20387.839844
v -57104.644531 12090.000000 -20320.009766
v -57105.644531 12090.000000 -20320.009766
v -57325.000000 12090.000000 -20569.500000
v -57248.296875 12090.000000 -20557.203125
v -57325.000000 12090.000000 -20568.500000
v -57248.601563 12090.000000 -20556.251953
v -57178.406250 12090.000000 -20521.892578
v -57178.992188 12090.000000 -20521.082031
v -57123.121094 12090.000000 -20466.580078
v -57123.933594 12090.000000 -20465.994141
v -57087.699219 12090.000000 -20397.062500
v -57088.652344 12090.000000 -20396.753906
v -57075.644531 12090.000000 -20320.000000
v -57076.644531 12090.000000 -20320.000000
v -55016.265625 12885.132813 -20128.898438
v -55016.136719 12885.132813 -20129.890625
v -54926.386719 12954.187500 -20129.392578
v -54926.343750 12954.187500 -20130.390625
v -54830.515625 13012.250000 -20127.921875
v -54830.511719 13012.250000 -20128.921875
v -54724.894531 13047.080078 -20128.156250
v -54724.902344 13047.080078 -20129.156250
v -54613.726563 13056.775391 -20131.207031
v -54613.777344 13056.775391 -20132.205078
v -54503.300781 13042.887695 -20140.763672
v -54503.429688 13042.887695 -20141.755859
v -54396.101563 13010.968750 -20157.890625
v -54396.277344 13010.968750 -20158.875000
v -54286.578125 12980.881836 -20177.046875
v -54286.441406 12980.881836 -20176.056641
v -54170.746094 12975.810547 -20187.552734
v -54170.703125 12975.810547 -20186.554688
v -54057.703125 13003.683594 -20187.126953
v -54057.753906 13003.683594 -20186.126953
v -53957.390625 13061.716797 -20176.720703
v -53957.542969 13061.716797 -20175.732422
v -53875.320313 13141.723633 -20160.123047
v -53875.546875 13141.723633 -20159.150391
v -53808.832031 13234.356445 -20142.505859
v -53808.589844 13234.356445 -20143.476563
v -53754.937500 13335.666016 -20131.486328
v -53754.773438 13335.666016 -20132.472656
v -53713.089844 13442.696289 -20127.978516
v -53713.042969 13442.696289 -20128.976563
v -53678.667969 13551.709961 -20127.958984
v -53678.671875 13551.709961 -20128.958984
v -53645.972656 13660.756836 -20133.328125
v -53646.218750 13660.756836 -20134.298828
v -53616.601563 13767.965820 -20154.921875
v -53617.285156 13767.965820 -20155.650391
v -53590.398438 13868.895508 -20197.166016
v -53591.277344 13868.895508 -20197.646484
v -53563.867188 13968.771484 -20246.525391
v -53563.019531 13968.771484 -20245.996094
v -55016.265625 12885.132813 -20071.431641
v -54926.386719 12954.187500 -20070.013672
v -55016.136719 12885.132813 -20070.441406
v -54926.343750 12954.187500 -20069.015625
v -54830.515625 13012.250000 -20071.486328
v -54830.511719 13012.250000 -20070.486328
v -54724.894531 13047.080078 -20071.250000
v -54724.902344 13047.080078 -20070.250000
v -54613.726563 13056.775391 -20068.199219
v -54613.777344 13056.775391 -20067.201172
v -54503.300781 13042.887695 -20058.642578
v -54503.429688 13042.887695 -20057.650391
v -54396.101563 13010.968750 -20041.517578
v -54396.277344 13010.968750 -20040.531250
v -54286.578125 12980.881836 -20022.359375
v -54286.441406 12980.881836 -20023.349609
v -54170.746094 12975.810547 -20011.853516
v -54170.703125 12975.810547 -20012.853516
v -54057.703125 13003.683594 -20012.279297
v -54057.753906 13003.683594 -20013.279297
v -53957.390625 13061.716797 -20022.685547
v -53957.542969 13061.716797 -20023.673828
v -53875.324219 13141.723633 -20039.283203
v -53875.546875 13141.723633 -20040.255859
v -53808.589844 13234.356445 -20055.929688
v -53808.832031 13234.356445 -20056.900391
v -53754.937500 13335.666016 -20067.919922
v -53754.773438 13335.666016 -20066.933594
v -53713.089844 13442.696289 -20071.427734
v -53713.042969 13442.696289 -20070.429688
v -53678.667969 13551.709961 -20071.447266
v -53678.671875 13551.709961 -20070.447266
v -53645.972656 13660.756836 -20066.078125
v -53646.218750 13660.756836 -20065.107422
v -53616.601563 13767.965820 -20044.484375
v -53617.285156 13767.965820 -20043.755859
v -53590.398438 13868.895508 -20002.240234
v -53591.277344 13868.895508 -20001.759766
v -53563.867188 13968.771484 -19952.880859
v -53563.019531 13968.771484 -19953.410156
v -52205.000000 13310.000000 -20100.500000
v -52140.007813 13310.000000 -20100.500000
v -52205.000000 13310.000000 -20099.500000
v -52140.007813 13310.000000 -20099.500000
v -52205.000000 13310.000000 -20129.500000
v -52140.000000 13310.000000 -20129.500000
v -52205.000000 13310.000000 -20128.500000
v -52140.000000 13310.000000 -20128.500000
v -52205.000000 13310.000000 -20071.500000
v -52140.000000 13310.000000 -20071.500000
v -52205.000000 13310.000000 -20070.500000
v -52140.000000 13310.000000 -20070.500000
v -52000.003906 13310.000000 -20128.500000
v -52000.003906 13310.000000 -20129.500000
v -51200.000000 13310.000000 -20099.500000
v -51200.000000 13310.000000 -20100.500000
v -51200.000000 13320.000000 -20101.000000
v -51200.000000 13320.000000 -20099.000000
v -54019.281250 13014.253906 -20070.500000
v -54284.609375 12927.379883 -20070.500000
v -54019.281250 13014.253906 -20071.500000
v -54284.609375 12927.379883 -20071.500000
v -53755.519531 13104.781250 -20071.500000
v -53755.519531 13104.781250 -20070.500000
v -53490.281250 13190.734375 -20070.500000
v -53490.281250 13190.734375 -20071.500000
v -53225.765625 13279.710938 -20070.500000
v -53225.765625 13279.710938 -20071.500000
v -52955.652344 13339.487305 -20071.500000
v -52955.652344 13339.487305 -20070.500000
v -52678.707031 13357.717773 -20070.500000
v -52678.707031 13357.717773 -20071.500000
v -52400.000000 13360.000000 -20070.500000
v -52400.000000 13360.000000 -20071.500000
v -54829.488281 12801.624023 -20070.500000
v -54998.390625 12801.500000 -20070.500000
v -54829.488281 12801.624023 -20071.500000
v -54998.390625 12801.500000 -20071.500000
v -54554.011719 12852.106445 -20071.500000
v -54554.011719 12852.106445 -20070.500000
v -54019.281250 13014.253906 -20128.500000
v -54284.609375 12927.379883 -20128.500000
v -54019.281250 13014.253906 -20129.500000
v -54284.609375 12927.379883 -20129.500000
v -53755.519531 13104.781250 -20129.500000
v -53755.519531 13104.781250 -20128.500000
v -53490.281250 13190.734375 -20128.500000
v -53490.281250 13190.734375 -20129.500000
v -53225.765625 13279.710938 -20128.500000
v -53225.765625 13279.710938 -20129.500000
v -52955.652344 13339.487305 -20129.500000
v -52955.652344 13339.487305 -20128.500000
v -52678.707031 13357.717773 -20128.500000
v -52678.707031 13357.717773 -20129.500000
v -52400.000000 13360.000000 -20128.500000
v -52400.000000 13360.000000 -20129.500000
v -54829.488281 12801.624023 -20128.500000
v -54998.390625 12801.500000 -20128.500000
v -54829.488281 12801.624023 -20129.500000
v -54998.390625 12801.500000 -20129.500000
v -54554.011719 12852.106445 -20129.500000
v -54554.011719 12852.106445 -20128.500000
v -56800.000000 12100.000000 -20072.000000
v -56761.914063 12100.000000 -20072.000000
v -56800.000000 12100.000000 -20070.000000
v -56761.914063 12100.000000 -20070.000000
v -56723.761719 12101.542969 -20070.511719
v -56723.851563 12101.542969 -20068.513672
v -56686.632813 12108.629883 -20066.000000
v -56686.937500 12108.629883 -20064.023438
v -56652.437500 12123.727539 -20060.082031
v -56652.808594 12123.727539 -20058.117188
v -56622.671875 12146.229492 -20052.789063
v -56622.363281 12146.229492 -20054.765625
v -56596.843750 12173.920898 -20049.015625
v -56596.613281 12173.920898 -20051.001953
v -56574.839844 12204.955078 -20046.531250
v -56574.656250 12204.955078 -20048.521484
v -56555.785156 12237.915039 -20044.779297
v -56555.601563 12237.915039 -20046.769531
v -56539.789063 12272.569336 -20045.541016
v -56539.945313 12272.569336 -20043.546875
v -56527.152344 12308.443359 -20042.681641
v -56527.023438 12308.443359 -20044.677734
v -56517.335938 12345.233398 -20042.125000
v -56517.234375 12345.233398 -20044.123047
v -56510.097656 12382.624023 -20041.802734
v -56510.023438 12382.624023 -20043.802734
v -56504.812500 12420.351563 -20041.640625
v -56504.773438 12420.351563 -20043.640625
v -56500.777344 12458.238281 -20041.572266
v -56500.761719 12458.238281 -20043.572266
v -56497.414063 12496.192383 -20041.550781
v -56497.414063 12496.192383 -20043.550781
v -56494.691406 12534.239258 -20041.550781
v -56494.695313 12534.152344 -20043.548828
v -57500.000000 12100.000000 -20072.000000
v -57412.500000 12100.000000 -20072.000000
v -57500.000000 12090.000000 -20071.500000
v -57412.500000 12090.000000 -20071.500000
v -57500.000000 12090.000000 -20070.500000
v -57412.500000 12090.000000 -20070.500000
v -57500.000000 12100.000000 -20070.000000
v -57412.500000 12100.000000 -20070.000000
v -57325.000000 12090.000000 -20071.500000
v -57325.000000 12100.000000 -20072.000000
v -57325.000000 12100.000000 -20070.000000
v -57325.000000 12090.000000 -20070.500000
v -56610.910156 12399.979492 -20072.000000
v -56640.000000 12400.000000 -20072.000000
v -56610.910156 12399.979492 -20070.000000
v -56640.000000 12400.000000 -20070.000000
v -56581.824219 12400.160156 -20070.000000
v -56581.824219 12400.160156 -20072.000000
v -56552.738281 12400.903320 -20070.000000
v -56552.742188 12400.904297 -20072.000000
v -56523.707031 12402.584961 -20070.000000
v -56523.707031 12402.584961 -20072.000000
v -56552.742188 12400.904297 -20070.000000
v -56494.800781 12405.649414 -20070.000000
v -56494.800781 12405.649414 -20072.000000
v -56466.246094 12410.834961 -20070.000000
v -56466.246094 12410.834961 -20072.000000
v -56438.308594 12418.785156 -20070.000000
v -56438.308594 12418.785156 -20072.000000
v -56411.292969 12429.472656 -20070.000000
v -56411.292969 12429.472656 -20072.000000
v -56385.351563 12442.508789 -20070.000000
v -56385.351563 12442.508789 -20072.000000
v -56359.988281 12456.747070 -20070.000000
v -56359.988281 12456.747070 -20072.000000
v -56234.652344 12530.547852 -20070.000000
v -56234.652344 12530.547852 -20072.000000
v -56110.675781 12606.616211 -20070.000000
v -56110.675781 12606.616211 -20072.000000
v -55987.128906 12683.379883 -20070.000000
v -55987.128906 12683.379883 -20072.000000
v -55863.671875 12760.228516 -20070.000000
v -55863.671875 12760.228516 -20072.000000
v -55837.878906 12773.683594 -20070.000000
v -55837.878906 12773.683594 -20072.000000
v -55811.019531 12784.598633 -20070.000000
v -55811.019531 12784.598633 -20072.000000
v -55783.039063 12792.153320 -20070.000000
v -55783.039063 12792.153320 -20072.000000
v -55754.347656 12796.870117 -20070.000000
v -55754.347656 12796.870117 -20072.000000
v -55725.406250 12799.529297 -20070.000000
v -55725.406250 12799.529297 -20072.000000
v -55696.359375 12800.585938 -20070.000000
v -55696.359375 12800.585938 -20072.000000
v -55667.269531 12800.495117 -20072.000000
v -55667.269531 12800.495117 -20070.000000
v -55638.175781 12800.059570 -20072.000000
v -55638.175781 12800.059570 -20070.000000
v -55609.093750 12799.951172 -20070.000000
v -55609.093750 12799.951172 -20072.000000
v -55580.000000 12800.000000 -20070.000000
v -55580.000000 12800.000000 -20072.000000
v -56774.015625 12521.722656 -20066.611328
v -56774.519531 12554.516602 -20064.271484
v -56774.539063 12554.371094 -20062.277344
v -56774.000000 12521.587891 -20064.615234
v -56767.300781 12586.866211 -20059.933594
v -56767.257813 12586.982422 -20061.929688
v -56766.148438 12490.017578 -20068.664063
v -56766.109375 12489.911133 -20066.667969
v -56752.300781 12616.646484 -20058.171875
v -56752.246094 12616.725586 -20060.169922
v -56751.128906 12461.169922 -20070.255859
v -56751.082031 12461.103516 -20068.257813
v -56731.015625 12641.837891 -20056.607422
v -56730.945313 12641.901367 -20058.605469
v -56729.507813 12436.862305 -20071.257813
v -56729.472656 12436.832031 -20069.257813
v -56704.886719 12661.485352 -20054.976563
v -56704.789063 12661.541016 -20056.972656
v -56702.812500 12417.985352 -20071.775391
v -56702.796875 12417.975586 -20069.775391
v -56674.859375 12674.603516 -20052.923828
v -56674.734375 12674.638672 -20054.919922
v -56672.523438 12405.311523 -20071.970703
v -56672.515625 12405.309570 -20069.970703
v -56642.164063 12680.035156 -20050.822266
v -56642.039063 12680.039063 -20052.818359
v -56609.062500 12677.627930 -20048.835938
v -56608.949219 12677.604492 -20050.832031
v -56577.347656 12667.736328 -20047.001953
v -56577.250000 12667.692383 -20049.000000
v -56548.855469 12650.584961 -20045.343750
v -56548.781250 12650.526367 -20047.341797
v -56525.394531 12626.687500 -20043.949219
v -56525.355469 12626.633789 -20045.949219
v -56508.082031 12598.114258 -20043.046875
v -56508.062500 12598.073242 -20045.044922
v -56497.500000 12566.600586 -20042.365234
v -56497.492188 12566.566406 -20044.365234
v -52000.000000 13320.000000 -20072.000000
v -51730.000000 13320.000000 -20072.000000
v -52000.000000 13320.000000 -20070.000000
v -51730.000000 13320.000000 -20070.000000
v -51465.000000 13320.000000 -20072.000000
v -51465.000000 13320.000000 -20070.000000
v -51200.000000 13320.000000 -20072.000000
v -51200.000000 13320.000000 -20070.000000
v -56975.000000 12090.000000 -20071.500000
v -56975.000000 12100.000000 -20072.000000
v -56887.500000 12090.000000 -20071.500000
v -56887.500000 12100.000000 -20072.000000
v -56975.000000 12100.000000 -20070.000000
v -56975.000000 12090.000000 -20070.500000
v -56887.500000 12100.000000 -20070.000000
v -56887.500000 12090.000000 -20070.500000
v -57325.000000 12100.000000 -20510.000000
v -57266.632813 12100.000000 -20500.599609
v -57325.000000 12100.000000 -20512.000000
v -57266.015625 12100.000000 -20502.501953
v -57213.261719 12100.000000 -20473.669922
v -57212.089844 12100.000000 -20475.291016
v -57171.277344 12100.000000 -20431.634766
v -57169.660156 12100.000000 -20432.810547
v -57144.312500 12100.000000 -20378.751953
v -57142.410156 12100.000000 -20379.367188
v -57135.144531 12100.000000 -20320.000000
v -57133.144531 12100.000000 -20320.000000
v -54932.214844 12962.324219 -20070.265625
v -55022.445313 12893.007813 -20071.132813
v -54932.128906 12962.324219 -20068.267578
v -55022.187500 12893.007813 -20069.148438
v -54834.812500 13021.281250 -20071.974609
v -54834.804688 13021.281250 -20069.974609
v -54726.832031 13056.890625 -20071.765625
v -54726.847656 13056.890625 -20069.765625
v -54613.500000 13066.773438 -20068.689453
v -54613.601563 13066.773438 -20066.691406
v -54501.246094 13052.626953 -20056.861328
v -54500.988281 13052.626953 -20058.843750
v -54393.359375 13020.492188 -20039.507813
v -54393.007813 13020.492188 -20041.476563
v -54284.843750 12990.714844 -20021.617188
v -54284.570313 12990.714844 -20023.597656
v -54171.757813 12985.761719 -20011.396484
v -54171.671875 12985.761719 -20013.394531
v -54061.402344 13012.962891 -20011.599609
v -54061.500000 13012.962891 -20013.595703
v -53963.335938 13069.644531 -20021.267578
v -53963.640625 13069.644531 -20023.244141
v -53882.558594 13148.287109 -20037.089844
v -53883.011719 13148.287109 -20039.037109
v -53816.648438 13239.732422 -20053.396484
v -53817.132813 13239.732422 -20055.337891
v -53763.984375 13339.836914 -20066.919922
v -53763.656250 13339.836914 -20064.947266
v -53722.570313 13445.922852 -20071.462891
v -53722.468750 13445.922852 -20069.464844
v -53688.230469 13554.625977 -20071.996094
v -53688.238281 13554.625977 -20069.996094
v -53655.113281 13663.703125 -20068.910156
v -53655.605469 13663.703125 -20066.972656
v -53623.031250 13771.647461 -20051.220703
v -53624.398438 13771.647461 -20049.763672
v -53594.113281 13873.875000 -20010.091797
v -53595.871094 13873.875000 -20009.132813
v -53569.027344 13973.262695 -19960.189453
v -53567.332031 13973.262695 -19961.250000
v -54022.550781 13023.703125 -20070.000000
v -54022.550781 13023.703125 -20072.000000
v -54287.617188 12936.916016 -20070.000000
v -54287.617188 12936.916016 -20072.000000
v -53758.730469 13114.251953 -20070.000000
v -53758.730469 13114.251953 -20072.000000
v -53493.390625 13200.239258 -20070.000000
v -53493.390625 13200.239258 -20072.000000
v -53229.007813 13289.169922 -20070.000000
v -53229.007813 13289.169922 -20072.000000
v -52957.070313 13349.385742 -20070.000000
v -52957.070313 13349.385742 -20072.000000
v -52678.914063 13367.715820 -20070.000000
v -52678.914063 13367.715820 -20072.000000
v -52400.000000 13370.000000 -20070.000000
v -52400.000000 13370.000000 -20072.000000
v -54831.058594 12811.500000 -20070.000000
v -54831.058594 12811.500000 -20072.000000
v -54998.390625 12811.500000 -20070.000000
v -54998.390625 12811.500000 -20072.000000
v -54556.156250 12861.872070 -20070.000000
v -54556.156250 12861.872070 -20072.000000
v -56800.000000 12100.000000 -20128.000000
v -56749.984375 12101.980469 -20128.003906
v -56800.000000 12100.000000 -20130.000000
v -56749.984375 12101.980469 -20130.003906
v -56700.187500 12106.699219 -20128.113281
v -56700.199219 12106.699219 -20130.113281
v -56653.292969 12122.393555 -20129.175781
v -56653.382813 12122.393555 -20131.173828
v -56614.542969 12152.769531 -20132.681641
v -56614.832031 12152.769531 -20134.662109
v -56653.289063 12122.393555 -20129.175781
v -56581.136719 12189.700195 -20139.662109
v -56581.652344 12189.701172 -20141.593750
v -56551.097656 12228.551758 -20148.607422
v -56551.687500 12228.551758 -20150.517578
v -56581.132813 12189.701172 -20139.662109
v -56551.097656 12228.552734 -20148.607422
v -56525.613281 12270.616211 -20158.210938
v -56551.687500 12228.552734 -20150.517578
v -56525.082031 12270.616211 -20156.283203
v -56525.617188 12270.616211 -20158.210938
v -56503.488281 12315.183594 -20163.933594
v -56503.042969 12315.183594 -20161.986328
v -56503.492188 12315.183594 -20163.933594
v -56484.851563 12361.444336 -20167.529297
v -56484.566406 12361.444336 -20165.548828
v -56503.039063 12315.183594 -20161.986328
v -56468.777344 12408.922852 -20168.837891
v -56468.746094 12408.922852 -20166.837891
v -56453.449219 12456.629883 -20168.125000
v -56453.656250 12456.629883 -20166.134766
v -56453.445313 12456.629883 -20168.125000
v -56436.609375 12503.687500 -20165.437500
v -56437.011719 12503.687500 -20163.478516
v -56415.562500 12548.758789 -20160.261719
v -56416.105469 12548.758789 -20158.337891
v -56386.492188 12587.834961 -20151.246094
v -56387.113281 12587.834961 -20149.345703
v -56349.382813 12618.981445 -20139.050781
v -56349.996094 12618.981445 -20137.148438
v -56308.632813 12643.872070 -20124.332031
v -56308.062500 12643.872070 -20126.250000
v -56266.093750 12667.473633 -20112.353516
v -56265.593750 12667.473633 -20114.291016
v -56223.449219 12692.272461 -20103.343750
v -56223.152344 12692.272461 -20105.320313
v -56180.414063 12717.628906 -20099.437500
v -56180.328125 12717.628906 -20101.435547
v -56137.511719 12743.534180 -20098.761719
v -56137.515625 12743.534180 -20100.761719
v -56095.175781 12770.282227 -20099.046875
v -56095.187500 12770.282227 -20101.046875
v -56053.437500 12797.997070 -20101.041016
v -56053.441406 12797.997070 -20099.041016
v -56011.734375 12825.704102 -20098.966797
v -56011.734375 12825.704102 -20100.966797
v -55969.804688 12853.070313 -20099.009766
v -55969.804688 12853.070313 -20101.009766
v -55927.765625 12880.429688 -20099.005859
v -55927.765625 12880.429688 -20101.005859
v -55885.445313 12907.106445 -20100.994141
v -55885.445313 12907.106445 -20098.994141
v -55841.761719 12931.316406 -20101.001953
v -55841.761719 12931.316406 -20099.001953
v -55795.269531 12950.022461 -20101.000000
v -55795.269531 12950.022461 -20099.000000
v -55746.445313 12958.886719 -20098.998047
v -55746.445313 12958.886719 -20100.998047
v -57500.000000 12100.000000 -20130.000000
v -57412.500000 12100.000000 -20130.000000
v -57500.000000 12090.000000 -20129.500000
v -57412.500000 12090.000000 -20129.500000
v -57500.000000 12090.000000 -20128.500000
v -57412.500000 12090.000000 -20128.500000
v -57500.000000 12100.000000 -20128.000000
v -57412.500000 12100.000000 -20128.000000
v -57325.000000 12090.000000 -20129.500000
v -57325.000000 12100.000000 -20130.000000
v -57325.000000 12100.000000 -20128.000000
v -57325.000000 12090.000000 -20128.500000
v -57500.007813 12090.000000 -20099.500000
v -57412.507813 12090.000000 -20099.500000
v -57500.000000 12100.000000 -20099.000000
v -57412.500000 12100.000000 -20099.000000
v -57412.500000 12100.000000 -20101.000000
v -57412.507813 12090.000000 -20100.500000
v -57500.000000 12100.000000 -20101.000000
v -57500.007813 12090.000000 -20100.500000
v -57325.011719 12090.000000 -20100.500000
v -57325.000000 12100.000000 -20101.000000
v -57325.011719 12090.000000 -20099.500000
v -57325.000000 12100.000000 -20099.000000
v -56610.910156 12399.979492 -20099.000000
v -56640.000000 12400.000000 -20099.000000
v -56610.910156 12399.979492 -20130.000000
v -56640.000000 12400.000000 -20130.000000
v -56610.910156 12399.979492 -20128.000000
v -56640.000000 12400.000000 -20128.000000
v -56640.000000 12400.000000 -20101.000000
v -56610.910156 12399.979492 -20101.000000
v -56581.824219 12400.160156 -20128.000000
v -56581.824219 12400.160156 -20130.000000
v -56581.824219 12400.160156 -20099.000000
v -56581.824219 12400.160156 -20101.000000
v -56552.742188 12400.904297 -20128.000000
v -56552.742188 12400.904297 -20130.000000
v -56552.742188 12400.904297 -20099.000000
v -56552.742188 12400.904297 -20101.000000
v -56523.707031 12402.584961 -20128.000000
v -56523.707031 12402.584961 -20130.000000
v -56523.707031 12402.584961 -20099.000000
v -56523.707031 12402.584961 -20101.000000
v -56494.800781 12405.649414 -20128.000000
v -56494.800781 12405.649414 -20130.000000
v -56494.800781 12405.649414 -20099.000000
v -56494.800781 12405.649414 -20101.000000
v -56466.246094 12410.834961 -20128.000000
v -56466.246094 12410.834961 -20130.000000
v -56466.246094 12410.834961 -20099.000000
v -56466.246094 12410.834961 -20101.000000
v -56438.308594 12418.785156 -20128.000000
v -56438.308594 12418.785156 -20130.000000
v -56438.308594 12418.785156 -20099.000000
v -56438.308594 12418.785156 -20101.000000
v -56411.292969 12429.472656 -20128.000000
v -56411.292969 12429.472656 -20130.000000
v -56411.292969 12429.472656 -20099.000000
v -56411.292969 12429.472656 -20101.000000
v -56385.351563 12442.508789 -20128.000000
v -56385.351563 12442.508789 -20130.000000
v -56385.351563 12442.508789 -20099.000000
v -56385.351563 12442.508789 -20101.000000
v -56359.988281 12456.747070 -20128.000000
v -56359.988281 12456.747070 -20130.000000
v -56359.988281 12456.747070 -20099.000000
v -56359.988281 12456.747070 -20101.000000
v -56234.652344 12530.547852 -20128.000000
v -56234.652344 12530.547852 -20130.000000
v -56234.652344 12530.547852 -20099.000000
v -56234.652344 12530.547852 -20101.000000
v -56110.675781 12606.616211 -20128.000000
v -56110.675781 12606.616211 -20130.000000
v -56110.675781 12606.616211 -20099.000000
v -56110.675781 12606.616211 -20101.000000
v -55987.128906 12683.379883 -20128.000000
v -55987.128906 12683.379883 -20130.000000
v -55987.128906 12683.379883 -20099.000000
v -55987.128906 12683.379883 -20101.000000
v -55863.671875 12760.228516 -20128.000000
v -55863.671875 12760.228516 -20130.000000
v -55863.671875 12760.228516 -20099.000000
v -55863.671875 12760.228516 -20101.000000
v -55837.878906 12773.683594 -20128.000000
v -55837.878906 12773.683594 -20130.000000
v -55837.878906 12773.683594 -20099.000000
v -55837.878906 12773.683594 -20101.000000
v -55811.019531 12784.598633 -20128.000000
v -55811.019531 12784.598633 -20130.000000
v -55811.019531 12784.598633 -20099.000000
v -55811.019531 12784.598633 -20101.000000
v -55783.039063 12792.153320 -20128.000000
v -55783.039063 12792.153320 -20130.000000
v -55783.039063 12792.153320 -20099.000000
v -55783.039063 12792.153320 -20101.000000
v -55754.347656 12796.870117 -20128.000000
v -55754.347656 12796.870117 -20130.000000
v -55754.347656 12796.870117 -20099.000000
v -55754.347656 12796.870117 -20101.000000
v -55725.406250 12799.529297 -20128.000000
v -55725.406250 12799.529297 -20130.000000
v -55725.406250 12799.529297 -20099.000000
v -55725.406250 12799.529297 -20101.000000
v -55696.359375 12800.585938 -20128.000000
v -55696.359375 12800.585938 -20130.000000
v -55696.359375 12800.585938 -20099.000000
v -55696.359375 12800.585938 -20101.000000
v -55667.269531 12800.495117 -20130.000000
v -55667.269531 12800.495117 -20101.000000
v -55667.269531 12800.495117 -20099.000000
v -55667.269531 12800.495117 -20128.000000
v -55638.175781 12800.059570 -20101.000000
v -55638.175781 12800.059570 -20130.000000
v -55638.175781 12800.059570 -20099.000000
v -55638.175781 12800.059570 -20128.000000
v -55609.093750 12799.951172 -20101.000000
v -55609.093750 12799.951172 -20099.000000
v -55609.093750 12799.951172 -20128.000000
v -55609.093750 12799.951172 -20130.000000
v -55580.000000 12800.000000 -20101.000000
v -55580.000000 12800.000000 -20099.000000
v -55580.000000 12800.000000 -20128.000000
v -55580.000000 12800.000000 -20130.000000
v -56774.296875 12556.486328 -20091.199219
v -56774.226563 12523.537109 -20093.548828
v -56774.242188 12523.671875 -20095.544922
v -56774.277344 12556.632813 -20093.193359
v -56766.707031 12491.561523 -20097.619141
v -56766.675781 12588.543945 -20088.878906
v -56766.671875 12491.455078 -20095.621094
v -56766.632813 12588.660156 -20090.875000
v -56751.777344 12462.125977 -20099.234375
v -56751.730469 12462.059570 -20097.234375
v -56751.519531 12617.792969 -20087.138672
v -56751.464844 12617.872070 -20089.136719
v -56729.992188 12437.294922 -20100.250000
v -56729.957031 12437.265625 -20098.250000
v -56730.019531 12642.758789 -20085.576172
v -56729.953125 12642.822266 -20087.572266
v -56703.472656 12662.293945 -20083.931641
v -56703.375000 12662.349609 -20085.927734
v -56703.066406 12418.127930 -20100.773438
v -56703.050781 12418.118164 -20098.773438
v -56673.054688 12675.112305 -20081.863281
v -56672.929688 12675.147461 -20083.859375
v -56672.593750 12405.332031 -20100.970703
v -56672.589844 12405.331055 -20098.970703
v -56640.378906 12680.089844 -20079.765625
v -56640.257813 12680.092773 -20081.761719
v -56607.429688 12677.297852 -20077.787109
v -56607.316406 12677.275391 -20079.785156
v -56575.964844 12667.102539 -20075.962891
v -56575.867188 12667.058594 -20077.958984
v -56547.800781 12649.732422 -20074.312500
v -56547.726563 12649.672852 -20076.310547
v -56524.800781 12625.903320 -20072.933594
v -56524.757813 12625.848633 -20074.931641
v -56507.808594 12597.515625 -20072.039063
v -56507.789063 12597.474609 -20074.039063
v -56497.394531 12566.106445 -20071.361328
v -56497.386719 12566.072266 -20073.359375
v -56774.054688 12558.602539 -20120.121094
v -56774.453125 12525.486328 -20122.482422
v -56774.468750 12525.621094 -20124.478516
v -56774.039063 12558.748047 -20122.115234
v -56767.265625 12493.106445 -20126.572266
v -56767.230469 12493.000000 -20124.574219
v -56766.050781 12590.222656 -20117.824219
v -56766.007813 12590.337891 -20119.820313
v -56752.425781 12463.082031 -20128.210938
v -56752.378906 12463.016602 -20126.212891
v -56750.738281 12618.939453 -20116.105469
v -56750.687500 12619.018555 -20118.103516
v -56730.472656 12437.728516 -20129.242188
v -56730.441406 12437.698242 -20127.242188
v -56729.027344 12643.679688 -20114.542969
v -56728.957031 12643.743164 -20116.541016
v -56703.324219 12418.269531 -20129.771484
v -56703.304688 12418.259766 -20127.771484
v -56702.058594 12663.102539 -20112.884766
v -56701.960938 12663.158203 -20114.882813
v -56672.667969 12405.353516 -20129.970703
v -56672.664063 12405.352539 -20127.970703
v -56671.246094 12675.621094 -20110.802734
v -56671.121094 12675.656250 -20112.798828
v -56638.597656 12680.143555 -20108.710938
v -56638.472656 12680.147461 -20110.707031
v -56605.796875 12676.968750 -20106.740234
v -56605.683594 12676.945313 -20108.736328
v -56574.582031 12666.468750 -20104.921875
v -56574.488281 12666.424805 -20106.919922
v -56546.746094 12648.878906 -20103.279297
v -56546.671875 12648.820313 -20105.277344
v -56524.203125 12625.118164 -20101.916016
v -56524.164063 12625.064453 -20103.916016
v -56507.531250 12596.916992 -20101.031250
v -56507.511719 12596.875977 -20103.031250
v -56497.289063 12565.612305 -20100.355469
v -56497.281250 12565.578125 -20102.355469
v -52000.000000 13320.000000 -20130.000000
v -51730.000000 13320.000000 -20130.000000
v -52000.000000 13320.000000 -20128.000000
v -51730.000000 13320.000000 -20128.000000
v -51465.000000 13320.000000 -20130.000000
v -51465.000000 13320.000000 -20128.000000
v -51200.000000 13320.000000 -20130.000000
v -51200.000000 13320.000000 -20128.000000
v -56975.011719 12090.000000 -20100.500000
v -56975.000000 12100.000000 -20101.000000
v -56887.507813 12090.000000 -20100.500000
v -56887.500000 12100.000000 -20101.000000
v -56975.011719 12090.000000 -20099.500000
v -56887.507813 12090.000000 -20099.500000
v -56975.000000 12100.000000 -20099.000000
v -56887.500000 12100.000000 -20099.000000
v -56800.007813 12090.000000 -20099.500000
v -56800.000000 12100.000000 -20099.000000
v -56800.000000 12100.000000 -20101.000000
v -56800.007813 12090.000000 -20100.500000
v -56975.000000 12100.000000 -20130.000000
v -56887.500000 12100.000000 -20130.000000
v -56975.000000 12100.000000 -20128.000000
v -56887.500000 12100.000000 -20128.000000
v -56800.000000 12100.000000 -20129.000000
v -57325.000000 12100.000000 -20539.000000
v -57257.695313 12100.000000 -20528.187500
v -57325.000000 12100.000000 -20541.000000
v -57257.078125 12100.000000 -20530.089844
v -57196.273438 12100.000000 -20497.173828
v -57195.101563 12100.000000 -20498.794922
v -57147.808594 12100.000000 -20448.667969
v -57146.187500 12100.000000 -20449.841797
v -57116.718750 12100.000000 -20387.675781
v -57114.816406 12100.000000 -20388.291016
v -57106.144531 12100.000000 -20320.000000
v -57104.144531 12100.000000 -20320.000000
v -57325.000000 12100.000000 -20568.000000
v -57248.757813 12100.000000 -20555.775391
v -57325.000000 12100.000000 -20570.000000
v -57248.140625 12100.000000 -20557.677734
v -57179.285156 12100.000000 -20520.677734
v -57178.113281 12100.000000 -20522.296875
v -57124.335938 12100.000000 -20465.699219
v -57122.718750 12100.000000 -20466.875000
v -57089.125000 12100.000000 -20396.599609
v -57087.222656 12100.000000 -20397.216797
v -57077.144531 12100.000000 -20320.000000
v -57075.144531 12100.000000 -20320.000000
v -55161.375000 12946.943359 -20101.000000
v -55283.671875 12927.065430 -20101.000000
v -55161.375000 12946.943359 -20099.000000
v -55283.671875 12927.065430 -20099.000000
v -55282.363281 12917.151367 -20100.500000
v -55160.031250 12937.034180 -20100.500000
v -55282.363281 12917.151367 -20099.500000
v -55160.031250 12937.034180 -20099.500000
v -55040.476563 12951.066406 -20099.000000
v -55040.476563 12951.066406 -20101.000000
v -55041.277344 12941.097656 -20099.500000
v -55041.277344 12941.097656 -20100.500000
v -54917.722656 12946.921875 -20101.000000
v -54917.722656 12946.921875 -20099.000000
v -54916.535156 12936.993164 -20100.500000
v -54916.535156 12936.993164 -20099.500000
v -54795.730469 12987.280273 -20099.000000
v -54795.730469 12987.280273 -20101.000000
v -54791.355469 12978.288086 -20100.500000
v -54791.355469 12978.288086 -20099.500000
v -54674.972656 13052.205078 -20099.000000
v -54674.972656 13052.205078 -20101.000000
v -54670.234375 13043.398438 -20100.500000
v -54670.234375 13043.398438 -20099.500000
v -54555.457031 13105.944336 -20101.000000
v -54555.457031 13105.944336 -20099.000000
v -54552.324219 13096.447266 -20100.500000
v -54552.324219 13096.447266 -20099.500000
v -54436.980469 13128.523438 -20099.000000
v -54436.976563 13128.523438 -20101.000000
v -54436.429688 13118.538086 -20100.500000
v -54436.429688 13118.538086 -20099.500000
v -54319.128906 13134.376953 -20099.000000
v -54319.128906 13134.376953 -20101.000000
v -54317.863281 13124.457031 -20099.500000
v -54436.976563 13128.523438 -20099.000000
v -54317.863281 13124.457031 -20100.500000
v -54201.812500 13163.750977 -20101.000000
v -54201.812500 13163.750977 -20099.000000
v -54198.691406 13154.250000 -20100.500000
v -54198.691406 13154.250000 -20099.500000
v -54084.847656 13203.611328 -20099.000000
v -54084.847656 13203.611328 -20101.000000
v -54081.597656 13194.153320 -20099.500000
v -54081.597656 13194.153320 -20100.500000
v -53968.011719 13243.936523 -20099.000000
v -53968.011719 13243.936523 -20101.000000
v -53964.765625 13234.476563 -20100.500000
v -53964.765625 13234.476563 -20099.500000
v -53850.921875 13283.508789 -20101.000000
v -53850.921875 13283.508789 -20099.000000
v -53847.796875 13274.009766 -20100.500000
v -53847.796875 13274.009766 -20099.500000
v -53733.332031 13321.560547 -20099.000000
v -53733.332031 13321.560547 -20101.000000
v -53730.300781 13312.030273 -20100.500000
v -53730.300781 13312.030273 -20099.500000
v -53615.589844 13359.168945 -20099.000000
v -53615.589844 13359.168945 -20101.000000
v -53612.519531 13349.651367 -20100.500000
v -53612.519531 13349.651367 -20099.500000
v -53498.312500 13398.155273 -20101.000000
v -53498.312500 13398.155273 -20099.000000
v -53495.113281 13388.680664 -20100.500000
v -53495.113281 13388.680664 -20099.500000
v -53381.195313 13437.690430 -20099.000000
v -53381.195313 13437.690430 -20101.000000
v -53378.078125 13428.188477 -20100.500000
v -53378.078125 13428.188477 -20099.500000
v -53262.847656 13473.227539 -20099.000000
v -53262.847656 13473.227539 -20101.000000
v -53260.316406 13463.552734 -20100.500000
v -53260.316406 13463.552734 -20099.500000
v -53142.097656 13499.414063 -20101.000000
v -53142.097656 13499.414063 -20099.000000
v -53140.441406 13489.552734 -20100.500000
v -53140.441406 13489.552734 -20099.500000
v -53019.500000 13514.856445 -20099.000000
v -53019.500000 13514.856445 -20101.000000
v -53018.617188 13504.895508 -20100.500000
v -53018.617188 13504.895508 -20099.500000
v -52896.167969 13522.813477 -20099.000000
v -52896.167969 13522.813477 -20101.000000
v -52895.742188 13512.823242 -20099.500000
v -52895.742188 13512.823242 -20100.500000
v -52772.636719 13526.519531 -20101.000000
v -52772.636719 13526.519531 -20099.000000
v -52772.457031 13516.520508 -20100.500000
v -52772.457031 13516.520508 -20099.500000
v -52649.042969 13527.885742 -20099.000000
v -52649.042969 13527.885742 -20101.000000
v -52649.003906 13517.885742 -20100.500000
v -52649.003906 13517.885742 -20099.500000
v -52525.445313 13528.083008 -20099.000000
v -52525.445313 13528.083008 -20101.000000
v -52525.457031 13518.083008 -20100.500000
v -52525.457031 13518.083008 -20099.500000
v -54932.214844 12962.324219 -20129.140625
v -54932.128906 12962.324219 -20131.138672
v -55022.445313 12893.007813 -20129.197266
v -55022.187500 12893.007813 -20131.181641
v -54834.812500 13021.281250 -20127.431641
v -54834.804688 13021.281250 -20129.431641
v -54726.832031 13056.890625 -20127.640625
v -54726.847656 13056.890625 -20129.640625
v -54613.500000 13066.773438 -20130.716797
v -54613.601563 13066.773438 -20132.714844
v -54501.246094 13052.626953 -20142.544922
v -54500.988281 13052.626953 -20140.562500
v -54393.359375 13020.492188 -20159.898438
v -54393.007813 13020.492188 -20157.929688
v -54284.843750 12990.714844 -20177.789063
v -54284.570313 12990.714844 -20175.808594
v -54171.757813 12985.761719 -20188.009766
v -54171.671875 12985.761719 -20186.011719
v -54061.402344 13012.962891 -20187.806641
v -54061.500000 13012.962891 -20185.810547
v -53963.335938 13069.644531 -20178.138672
v -53963.640625 13069.644531 -20176.162109
v -53882.558594 13148.287109 -20162.316406
v -53883.011719 13148.287109 -20160.369141
v -53816.648438 13239.732422 -20146.009766
v -53817.132813 13239.732422 -20144.068359
v -53763.984375 13339.836914 -20132.486328
v -53763.656250 13339.836914 -20134.458984
v -53722.570313 13445.922852 -20127.943359
v -53722.468750 13445.922852 -20129.941406
v -53688.230469 13554.625977 -20127.410156
v -53688.238281 13554.625977 -20129.410156
v -53655.113281 13663.703125 -20130.496094
v -53655.605469 13663.703125 -20132.433594
v -53623.031250 13771.647461 -20148.185547
v -53624.398438 13771.647461 -20149.642578
v -53594.113281 13873.875000 -20189.314453
v -53595.871094 13873.875000 -20190.273438
v -53569.027344 13973.262695 -20239.216797
v -53567.332031 13973.262695 -20238.156250
v -54022.550781 13023.703125 -20128.000000
v -54022.550781 13023.703125 -20130.000000
v -54287.617188 12936.916016 -20128.000000
v -54287.617188 12936.916016 -20130.000000
v -53758.730469 13114.251953 -20128.000000
v -53758.730469 13114.251953 -20130.000000
v -53493.390625 13200.239258 -20128.000000
v -53493.390625 13200.239258 -20130.000000
v -53229.007813 13289.169922 -20128.000000
v -53229.007813 13289.169922 -20130.000000
v -52957.070313 13349.385742 -20128.000000
v -52957.070313 13349.385742 -20130.000000
v -52678.914063 13367.715820 -20128.000000
v -52678.914063 13367.715820 -20130.000000
v -52400.000000 13370.000000 -20128.000000
v -52400.000000 13370.000000 -20130.000000
v -54831.058594 12811.500000 -20128.000000
v -54831.058594 12811.500000 -20130.000000
v -54998.390625 12811.500000 -20128.000000
v -54998.390625 12811.500000 -20130.000000
v -54556.156250 12861.872070 -20128.000000
v -54556.156250 12861.872070 -20130.000000
v -55600.000000 12760.000977 -20140.000000
v -55600.000000 12760.000977 -20167.000000
v -55600.000000 12698.000977 -20140.000000
v -55600.000000 12727.000977 -20167.000000
v -55600.000000 12880.000977 -20140.000000
v -55600.000000 12880.000977 -20167.000000
v -55600.000000 13000.000977 -20140.000000
v -55600.000000 13000.000977 -20167.000000
v -55600.000000 13061.000977 -20140.000000
v -55600.000000 13028.000977 -20167.000000
v -55300.000000 13061.000977 -20140.000000
v -55300.000000 13028.000977 -20167.000000
v -55000.000000 13061.000977 -20140.000000
v -55000.000000 13028.000977 -20167.000000
v -55000.000000 12760.000977 -20140.000000
v -55000.000000 12698.000977 -20140.000000
v -55000.000000 12760.000977 -20167.000000
v -55000.000000 12727.000977 -20167.000000
v -55000.000000 12880.000977 -20140.000000
v -55000.000000 12880.000977 -20167.000000
v -55000.000000 13000.000977 -20140.000000
v -55000.000000 13000.000977 -20167.000000
v -55600.000000 12880.000977 -20035.000000
v -55600.000000 12880.000977 -20060.000000
v -55600.000000 12760.000977 -20035.000000
v -55600.000000 12760.000977 -20060.000000
v -55600.000000 13000.000977 -20035.000000
v -55600.000000 13000.000977 -20060.000000
v -55600.000000 13061.000977 -20060.000000
v -55600.000000 13028.000977 -20035.000000
v -55300.000000 13028.000977 -20035.000000
v -55300.000000 13061.000977 -20060.000000
v -55000.000000 13028.000977 -20035.000000
v -55000.000000 13061.000977 -20060.000000
v -55000.000000 12760.000977 -20060.000000
v -55000.000000 12760.000977 -20035.000000
v -55000.000000 12698.000977 -20060.000000
v -55000.000000 12727.000977 -20035.000000
v -55000.000000 12880.000977 -20035.000000
v -55000.000000 12880.000977 -20060.000000
v -55000.000000 13000.000977 -20035.000000
v -55000.000000 13000.000977 -20060.000000
v -55600.000000 12698.000977 -20060.000000
v -55600.000000 12727.000977 -20035.000000
v -55300.000000 12727.000977 -20035.000000
v -55300.000000 12698.000977 -20060.000000
v -55369.000000 12621.019531 -20024.382813
v -55369.500000 12620.871094 -20025.000000
v -55369.000000 12609.894531 -20030.019531
v -55369.500000 12610.101563 -20030.474609
v -55369.000000 12620.722656 -20025.617188
v -55369.000000 12610.308594 -20030.929688
v -55369.500000 12624.871094 -20030.000000
v -55369.000000 12624.480469 -20030.312500
v -55369.000000 12625.261719 -20029.687500
v -55368.500000 12620.871094 -20025.000000
v -55368.500000 12610.101563 -20030.474609
v -55368.500000 12624.871094 -20030.000000
v -55559.707031 12621.019531 -20024.382813
v -55560.207031 12620.871094 -20025.000000
v -55559.707031 12609.894531 -20030.019531
v -55560.207031 12610.101563 -20030.474609
v -55559.707031 12620.722656 -20025.617188
v -55559.707031 12610.308594 -20030.929688
v -55560.207031 12624.871094 -20030.000000
v -55559.707031 12624.480469 -20030.312500
v -55559.707031 12625.261719 -20029.687500
v -55559.207031 12620.871094 -20025.000000
v -55559.207031 12610.101563 -20030.474609
v -55559.207031 12624.871094 -20030.000000
v -55464.644531 12621.019531 -20024.382813
v -55465.144531 12620.871094 -20025.000000
v -55464.644531 12609.894531 -20030.019531
v -55465.144531 12610.101563 -20030.474609
v -55464.644531 12620.722656 -20025.617188
v -55464.644531 12610.308594 -20030.929688
v -55465.144531 12624.871094 -20030.000000
v -55464.644531 12624.480469 -20030.312500
v -55464.644531 12625.261719 -20029.687500
v -55464.144531 12620.871094 -20025.000000
v -55464.144531 12610.101563 -20030.474609
v -55464.144531 12624.871094 -20030.000000
v -55598.460938 12621.019531 -20054.724609
v -55593.156250 12625.261719 -20054.724609
v -55597.843750 12620.871094 -20055.224609
v -55592.843750 12624.871094 -20055.224609
v -55597.843750 12620.871094 -20054.224609
v -55592.843750 12624.871094 -20054.224609
v -55592.824219 12609.894531 -20054.724609
v -55592.371094 12610.101563 -20055.224609
v -55592.371094 12610.101563 -20054.224609
v -55597.226563 12620.722656 -20054.724609
v -55592.531250 12624.480469 -20054.724609
v -55591.914063 12610.308594 -20054.724609
v -55369.000000 12621.019531 -20175.617188
v -55369.000000 12609.894531 -20169.980469
v -55369.500000 12620.871094 -20175.000000
v -55369.500000 12610.101563 -20169.525391
v -55369.000000 12610.308594 -20169.070313
v -55369.000000 12620.722656 -20174.382813
v -55369.500000 12624.871094 -20170.000000
v -55369.000000 12624.480469 -20169.687500
v -55369.000000 12625.261719 -20170.312500
v -55368.500000 12620.871094 -20175.000000
v -55368.500000 12610.101563 -20169.525391
v -55368.500000 12624.871094 -20170.000000
v -55440.816406 12621.019531 -20175.617188
v -55440.816406 12609.894531 -20169.980469
v -55441.316406 12620.871094 -20175.000000
v -55441.316406 12610.101563 -20169.525391
v -55440.816406 12610.308594 -20169.070313
v -55440.816406 12620.722656 -20174.382813
v -55441.316406 12624.871094 -20170.000000
v -55440.816406 12624.480469 -20169.687500
v -55440.816406 12625.261719 -20170.312500
v -55440.316406 12620.871094 -20175.000000
v -55440.316406 12610.101563 -20169.525391
v -55440.316406 12624.871094 -20170.000000
v -55559.707031 12621.019531 -20175.617188
v -55559.707031 12609.894531 -20169.980469
v -55560.207031 12620.871094 -20175.000000
v -55560.207031 12610.101563 -20169.525391
v -55559.707031 12610.308594 -20169.070313
v -55559.707031 12620.722656 -20174.382813
v -55560.207031 12624.871094 -20170.000000
v -55559.707031 12624.480469 -20169.687500
v -55559.707031 12625.261719 -20170.312500
v -55559.207031 12620.871094 -20175.000000
v -55559.207031 12610.101563 -20169.525391
v -55559.207031 12624.871094 -20170.000000
v -55440.816406 12621.019531 -20024.382813
v -55441.316406 12620.871094 -20025.000000
v -55440.816406 12609.894531 -20030.019531
v -55441.316406 12610.101563 -20030.474609
v -55440.816406 12620.722656 -20025.617188
v -55440.816406 12610.308594 -20030.929688
v -55441.316406 12624.871094 -20030.000000
v -55440.816406 12624.480469 -20030.312500
v -55440.816406 12625.261719 -20029.687500
v -55440.316406 12620.871094 -20025.000000
v -55440.316406 12610.101563 -20030.474609
v -55440.316406 12624.871094 -20030.000000
v -55464.644531 12621.019531 -20175.617188
v -55464.644531 12609.894531 -20169.980469
v -55465.144531 12620.871094 -20175.000000
v -55465.144531 12610.101563 -20169.525391
v -55464.644531 12610.308594 -20169.070313
v -55464.644531 12620.722656 -20174.382813
v -55465.144531 12624.871094 -20170.000000
v -55464.644531 12624.480469 -20169.687500
v -55464.644531 12625.261719 -20170.312500
v -55464.144531 12620.871094 -20175.000000
v -55464.144531 12610.101563 -20169.525391
v -55464.144531 12624.871094 -20170.000000
v -55598.460938 12621.019531 -20145.275391
v -55593.156250 12625.261719 -20145.275391
v -55597.843750 12620.871094 -20145.775391
v -55592.843750 12624.871094 -20145.775391
v -55597.843750 12620.871094 -20144.775391
v -55592.843750 12624.871094 -20144.775391
v -55592.824219 12609.894531 -20145.275391
v -55592.371094 12610.101563 -20145.775391
v -55592.371094 12610.101563 -20144.775391
v -55597.226563 12620.722656 -20145.275391
v -55592.531250 12624.480469 -20145.275391
v -55591.914063 12610.308594 -20145.275391
v -55404.792969 12510.973633 -19915.529297
v -55404.792969 12510.972656 -19884.470703
v -55404.792969 12540.549805 -19915.529297
v -55404.792969 12540.548828 -19884.470703
v -55404.792969 12658.000000 -19915.529297
v -55404.792969 12658.000000 -19884.470703
v -55404.792969 12683.000000 -19915.529297
v -55404.792969 12683.000000 -19884.470703
v -55389.265625 12510.972656 -19857.574219
v -55389.265625 12540.548828 -19857.574219
v -55389.265625 12510.973633 -19942.427734
v -55389.265625 12540.549805 -19942.427734
v -55389.265625 12658.000000 -19942.427734
v -55389.265625 12683.000000 -19942.427734
v -55389.265625 12658.000000 -19857.574219
v -55389.265625 12683.000000 -19857.574219
v -55362.367188 12510.973633 -19957.955078
v -55362.367188 12540.549805 -19957.955078
v -55362.367188 12658.000977 -19957.955078
v -55362.367188 12683.000977 -19957.955078
v -55362.367188 12510.972656 -19842.044922
v -55362.367188 12540.548828 -19842.044922
v -55362.367188 12658.000000 -19842.044922
v -55362.367188 12683.000000 -19842.044922
v -55331.308594 12510.972656 -19842.044922
v -55331.308594 12540.548828 -19842.044922
v -55331.308594 12510.973633 -19957.955078
v -55331.308594 12540.549805 -19957.955078
v -55331.308594 12658.000000 -19842.044922
v -55331.308594 12683.000000 -19842.044922
v -55331.308594 12658.000977 -19957.955078
v -55331.308594 12683.000977 -19957.955078
v -55304.414063 12510.972656 -19857.574219
v -55304.414063 12540.548828 -19857.574219
v -55304.414063 12510.973633 -19942.427734
v -55304.414063 12540.549805 -19942.427734
v -55304.414063 12658.000000 -19942.427734
v -55304.414063 12683.000000 -19942.427734
v -55304.414063 12658.000000 -19857.574219
v -55304.414063 12683.000000 -19857.574219
v -55288.886719 12510.972656 -19884.470703
v -55288.882813 12540.548828 -19884.470703
v -55288.886719 12510.972656 -19915.529297
v -55288.882813 12540.548828 -19915.529297
v -55288.886719 12658.000000 -19915.529297
v -55288.882813 12683.000000 -19915.529297
v -55288.886719 12658.000000 -19884.470703
v -55288.882813 12683.000000 -19884.470703
v -55279.906250 12519.027344 -19886.945313
v -55279.906250 12519.027344 -19913.054688
v -55279.906250 12630.988281 -19886.945313
v -55279.906250 12630.988281 -19913.054688
v -55279.906250 12653.976563 -19886.945313
v -55279.906250 12653.976563 -19913.054688
v -55288.882813 12510.972656 -19884.470703
v -55288.882813 12633.000000 -19915.529297
v -55288.882813 12657.996094 -19915.529297
v -55288.882813 12658.000000 -19884.470703
v -55288.882813 12633.000000 -19884.470703
v -55336.609375 12644.034180 -19975.582031
v -55357.062500 12644.034180 -19975.582031
v -55336.609375 12655.428711 -19958.000000
v -55357.062500 12655.428711 -19958.000000
v -55357.062500 12634.975586 -19958.000000
v -55357.062500 12636.057617 -19965.160156
v -55357.062500 12639.186523 -19971.029297
v -55336.609375 12634.975586 -19958.000000
v -55336.609375 12636.057617 -19965.160156
v -55336.609375 12639.186523 -19971.029297
v -55355.015625 12635.096680 -19959.480469
v -55355.015625 12635.709961 -19963.812500
v -55355.015625 12638.432617 -19969.863281
v -55355.019531 12642.534180 -19974.166016
v -55338.652344 12635.096680 -19959.480469
v -55338.656250 12642.534180 -19974.166016
v -55338.652344 12635.709961 -19963.812500
v -55338.652344 12638.432617 -19969.863281
v -55300.000000 12727.000977 -20167.000000
v -55300.000000 12760.000977 -20167.000000
v -55300.000000 13000.000977 -20167.000000
v -55300.000000 12760.000977 -20035.000000
v -55300.000000 13000.000977 -20035.000000
v -55586.839844 12569.996094 -20100.000000
v -55586.839844 12609.996094 -20100.000000
v -55586.839844 12569.996094 -20123.000000
v -55586.839844 12609.996094 -20123.000000
v -55586.839844 12610.000000 -20160.000000
v -55586.839844 12570.000000 -20160.000000
v -55586.839844 12610.000000 -20077.000000
v -55586.839844 12570.000000 -20077.000000
v -55586.839844 12570.000000 -20040.000000
v -55586.839844 12610.000000 -20040.000000
v -55302.656250 12570.000000 -20160.000000
v -55302.656250 12610.000000 -20160.000000
v -55302.656250 12570.000000 -20120.000000
v -55302.656250 12610.000000 -20120.000000
v -55302.656250 12570.000000 -20080.000000
v -55302.656250 12610.000000 -20080.000000
v -55302.656250 12610.000000 -20040.000000
v -55302.656250 12570.000000 -20040.000000
v -55544.843750 12570.000000 -20165.000000
v -55566.843750 12570.000000 -20165.000000
v -55544.843750 12610.000000 -20165.000000
v -55566.843750 12610.000000 -20165.000000
v -55566.843750 12570.000000 -20035.000000
v -55544.843750 12570.000000 -20035.000000
v -55566.843750 12610.000000 -20035.000000
v -55544.843750 12610.000000 -20035.000000
v -55520.843750 12610.000000 -20165.000000
v -55520.843750 12570.000000 -20165.000000
v -55520.843750 12570.000000 -20035.000000
v -55520.843750 12610.000000 -20035.000000
v -55421.843750 12610.000000 -20165.000000
v -55421.843750 12570.000000 -20165.000000
v -55421.843750 12610.000000 -20035.000000
v -55421.843750 12570.000000 -20035.000000
v -55321.843750 12570.000000 -20165.000000
v -55321.843750 12610.000000 -20165.000000
v -55321.843750 12570.000000 -20035.000000
v -55321.843750 12610.000000 -20035.000000
v -55300.000000 12880.000977 -20167.000000
v -55300.000000 12760.000977 -20140.000000
v -55300.000000 12880.000977 -20140.000000
v -55300.000000 13000.000977 -20140.000000
v -55300.000000 12880.000977 -20060.000000
v -55300.000000 12760.000977 -20060.000000
v -55300.000000 12880.000977 -20035.000000
v -55300.000000 13000.000977 -20060.000000
v -57510.000000 12029.085938 -20163.287109
v -57480.000000 12039.085938 -20163.287109
v -57510.000000 12029.085938 -20130.000000
v -57480.000000 12039.085938 -20130.000000
v -57480.000000 12039.085938 -20100.000000
v -57510.000000 12029.085938 -20100.000000
v -57480.000000 12039.085938 -20070.000000
v -57510.000000 12029.085938 -20070.000000
v -57510.000000 12029.085938 -20033.287109
v -57480.000000 12039.085938 -20033.287109
v -57510.000000 12149.085938 -20163.287109
v -57510.000000 12149.085938 -20130.000000
v -57480.000000 12139.085938 -20163.287109
v -57480.000000 12139.085938 -20130.000000
v -57510.000000 12149.085938 -20100.000000
v -57480.000000 12139.085938 -20100.000000
v -57510.000000 12149.085938 -20070.000000
v -57480.000000 12139.085938 -20070.000000
v -57510.000000 12149.085938 -20033.287109
v -57480.000000 12139.085938 -20033.287109
v -57480.000000 12050.085938 -20130.000000
v -57480.000000 12050.085938 -20163.287109
v -57500.000000 12068.085938 -20130.000000
v -57500.000000 12068.085938 -20163.287109
v -57480.000000 12050.085938 -20100.000000
v -57500.000000 12068.085938 -20100.000000
v -57500.000000 12068.085938 -20070.000000
v -57480.000000 12050.085938 -20070.000000
v -57500.000000 12068.085938 -20033.287109
v -57480.000000 12050.085938 -20033.287109
v -57500.000000 12116.085938 -20163.287109
v -57480.000000 12129.085938 -20163.287109
v -57500.000000 12116.085938 -20130.000000
v -57480.000000 12129.085938 -20130.000000
v -57480.000000 12129.085938 -20100.000000
v -57500.000000 12116.085938 -20100.000000
v -57480.000000 12129.085938 -20070.000000
v -57500.000000 12116.085938 -20070.000000
v -57480.000000 12129.085938 -20033.287109
v -57500.000000 12116.085938 -20033.287109
v -57510.000000 12059.085938 -20163.287109
v -57510.000000 12089.085938 -20163.287109
v -57500.000000 12078.085938 -20163.287109
v -57510.000000 12059.085938 -20033.287109
v -57510.000000 12089.085938 -20033.287109
v -57500.000000 12078.085938 -20033.287109
v -57510.000000 12119.085938 -20163.287109
v -57500.000000 12098.085938 -20163.287109
v -57510.000000 12119.085938 -20033.287109
v -57500.000000 12098.085938 -20033.287109
v -57510.000000 12044.085938 -20163.287109
v -57510.000000 12044.085938 -20033.287109
v -57510.000000 12134.085938 -20163.287109
v -57510.000000 12134.085938 -20033.287109
v -55300.000000 12698.000977 -20140.000000
v -55592.843750 12624.000000 -20070.000000
v -55592.843750 12624.000000 -20054.724609
v -55593.843750 12625.000000 -20070.000000
v -55593.843750 12625.000000 -20054.724609
v -55592.843750 12626.000000 -20070.000000
v -55592.843750 12626.000000 -20054.724609
v -55593.550781 12625.000000 -20029.166016
v -55592.843750 12623.585938 -20030.166016
v -55592.843750 12626.414063 -20030.166016
v -55591.843750 12625.000000 -20070.000000
v -55591.843750 12625.000000 -20054.724609
v -55592.136719 12625.000000 -20031.166016
v -55559.707031 12625.000000 -20029.000000
v -55559.707031 12624.000000 -20030.000000
v -55559.707031 12626.000000 -20030.000000
v -55559.707031 12625.000000 -20031.000000
v -55536.207031 12624.000000 -20030.000000
v -55536.207031 12625.000000 -20031.000000
v -55536.207031 12625.000000 -20029.000000
v -55536.207031 12626.000000 -20030.000000
v -55512.289063 12625.000000 -20031.000000
v -55512.289063 12624.000000 -20030.000000
v -55512.289063 12625.000000 -20029.000000
v -55512.289063 12626.000000 -20030.000000
v -55488.484375 12624.000000 -20030.000000
v -55488.484375 12625.000000 -20031.000000
v -55488.484375 12625.000000 -20029.000000
v -55488.484375 12626.000000 -20030.000000
v -55464.648438 12625.000000 -20031.000000
v -55464.648438 12624.000000 -20030.000000
v -55464.648438 12625.000000 -20029.000000
v -55464.648438 12626.000000 -20030.000000
v -55440.820313 12624.000000 -20030.000000
v -55440.820313 12625.000000 -20031.000000
v -55440.820313 12625.000000 -20029.000000
v -55440.820313 12626.000000 -20030.000000
v -55416.988281 12626.000000 -20030.000000
v -55416.988281 12625.000000 -20031.000000
v -55416.988281 12625.000000 -20029.000000
v -55416.988281 12624.000000 -20030.000000
v -55393.156250 12625.000000 -20031.000000
v -55393.156250 12624.000000 -20030.000000
v -55393.156250 12625.000000 -20029.000000
v -55393.156250 12626.000000 -20030.000000
v -55369.328125 12624.000000 -20030.000000
v -55369.328125 12625.000000 -20031.000000
v -55369.328125 12625.000000 -20029.000000
v -55369.328125 12626.000000 -20030.000000
v -55345.500000 12625.000000 -20031.000000
v -55345.500000 12624.000000 -20030.000000
v -55345.500000 12625.000000 -20029.000000
v -55345.500000 12626.000000 -20030.000000
v -55593.843750 12625.000000 -20130.000000
v -55593.843750 12625.000000 -20145.275391
v -55592.843750 12624.000000 -20130.000000
v -55592.843750 12624.000000 -20145.275391
v -55592.843750 12626.000000 -20130.000000
v -55592.843750 12626.000000 -20145.275391
v -55593.550781 12625.000000 -20170.833984
v -55592.843750 12623.585938 -20169.833984
v -55592.843750 12626.414063 -20169.833984
v -55591.843750 12625.000000 -20130.000000
v -55591.843750 12625.000000 -20145.275391
v -55592.136719 12625.000000 -20168.833984
v -55559.707031 12625.000000 -20171.000000
v -55559.707031 12624.000000 -20170.000000
v -55559.707031 12626.000000 -20170.000000
v -55559.707031 12625.000000 -20169.000000
v -55536.207031 12625.000000 -20171.000000
v -55536.207031 12624.000000 -20170.000000
v -55536.207031 12625.000000 -20169.000000
v -55536.207031 12626.000000 -20170.000000
v -55512.289063 12624.000000 -20170.000000
v -55512.289063 12625.000000 -20171.000000
v -55512.289063 12625.000000 -20169.000000
v -55512.289063 12626.000000 -20170.000000
v -55488.484375 12625.000000 -20171.000000
v -55488.484375 12626.000000 -20170.000000
v -55488.484375 12625.000000 -20169.000000
v -55488.484375 12624.000000 -20170.000000
v -55464.648438 12624.000000 -20170.000000
v -55464.648438 12625.000000 -20171.000000
v -55464.648438 12625.000000 -20169.000000
v -55464.648438 12626.000000 -20170.000000
v -55440.820313 12625.000000 -20171.000000
v -55440.820313 12624.000000 -20170.000000
v -55440.820313 12625.000000 -20169.000000
v -55440.820313 12626.000000 -20170.000000
v -55416.988281 12625.000000 -20171.000000
v -55416.988281 12624.000000 -20170.000000
v -55416.988281 12625.000000 -20169.000000
v -55416.988281 12626.000000 -20170.000000
v -55393.156250 12624.000000 -20170.000000
v -55393.156250 12625.000000 -20171.000000
v -55393.156250 12625.000000 -20169.000000
v -55393.156250 12626.000000 -20170.000000
v -55369.328125 12625.000000 -20171.000000
v -55369.328125 12624.000000 -20170.000000
v -55369.328125 12625.000000 -20169.000000
v -55369.328125 12626.000000 -20170.000000
v -55345.500000 12624.000000 -20170.000000
v -55345.500000 12625.000000 -20171.000000
v -55345.500000 12625.000000 -20169.000000
v -55345.500000 12626.000000 -20170.000000
v -57510.000000 12149.086914 -20163.289063
v -57510.000000 12029.086914 -20163.289063
v -57510.000000 12149.086914 -20033.289063
v -57510.000000 12029.086914 -20033.289063
v -52205.000000 13320.000000 -20101.000000
v -52140.000000 13320.000000 -20101.000000
v -52205.000000 13320.000000 -20099.000000
v -52140.000000 13320.000000 -20099.000000
v -52205.000000 13320.000000 -20130.000000
v -52140.000000 13320.000000 -20130.000000
v -52205.000000 13320.000000 -20128.000000
v -52140.000000 13320.000000 -20128.000000
v -52000.003906 13320.000000 -20130.000000
v -52000.003906 13320.000000 -20128.000000
v -52205.000000 13320.000000 -20072.000000
v -52140.000000 13320.000000 -20072.000000
v -52205.000000 13320.000000 -20070.000000
v -52140.000000 13320.000000 -20070.000000
v -58730.570313 12506.732422 -20199.939453
v -58389.468750 12522.741211 -20772.865234
v -58567.855469 12085.669922 -20204.050781
v -58245.863281 12099.979492 -20566.171875
v -58262.265625 12108.974609 -19763.447266
v -58345.437500 12429.539063 -19760.205078
v -58399.488281 12853.474609 -20086.808594
v -58198.335938 12853.474609 -20476.619141
v -58190.695313 12853.474609 -19727.638672
v -58508.312500 13216.958984 -20187.265625
v -58437.398438 13046.881836 -20205.013672
v -58354.136719 13216.958984 -19754.781250
v -58318.667969 13045.409180 -19807.105469
v -58269.035156 13240.655273 -20559.296875
v -58225.007813 13068.976563 -20581.941406
v -58486.832031 12009.213867 -20129.000000
v -58185.781250 12041.646484 -20546.755859
v -58440.382813 11694.617188 -20118.722656
v -58164.898438 11722.995117 -20501.011719
v -58180.601563 11956.317383 -19691.410156
v -58160.187500 11648.332031 -19718.183594
v -58157.109375 11165.202148 -20484.216797
v -58423.402344 11139.284180 -20114.673828
v -58154.453125 11563.669922 -20478.140625
v -58417.160156 11537.318359 -20113.583984
v -58152.593750 11097.013672 -19727.376953
v -58149.980469 11494.339844 -19731.570313
v -58123.128906 10409.432617 -20409.525391
v -58347.488281 10389.162109 -20098.166016
v -58119.363281 10356.101563 -19771.732422
v -58118.855469 13389.407227 -20125.476563
v -58019.472656 13375.036133 -19910.156250
v -58138.683594 7800.373047 -20439.335938
v -58379.492188 7800.373047 -20105.136719
v -58087.191406 13413.402344 -20226.318359
v -58134.691406 7800.373047 -19754.601563
v -58130.750000 12052.483398 -20009.525391
v -58016.414063 12052.483398 -20254.322266
v -57980.960938 12052.483398 -19799.662109
v -58055.578125 11630.359375 -20327.498047
v -58257.035156 11609.873047 -20047.937500
v -58052.140625 11576.458984 -19755.009766
v -58163.371094 12962.598633 -20126.576172
v -58070.628906 12962.598633 -20287.363281
v -58082.121094 13226.073242 -19392.980469
v -58056.359375 13054.246094 -19460.380859
v -58047.718750 12962.598633 -20007.195313
v -57985.312500 12962.598633 -20152.261719
v -58024.703125 12962.598633 -20062.548828
v -58138.304688 3262.531250 -20051.900391
v -58028.046875 3268.461670 -20204.935547
v -58026.289063 3252.858154 -19891.154297
v -58007.011719 12962.598633 -20207.767578
v -57964.652344 13378.351563 -19858.056641
v -57981.988281 12962.598633 -19998.398438
v -58039.796875 13490.903320 -20086.564453
v -58054.988281 13479.391602 -20038.183594
v -57847.359375 12448.177734 -20542.751953
v -57801.984375 12120.471680 -20374.820313
v -57830.039063 12853.474609 -20317.718750
v -58000.152344 -8062.497070 -20142.097656
v -58075.257813 -8062.497070 -20037.832031
v -57999.054688 -8062.497070 -19928.011719
v -57859.269531 13266.174805 -20533.333984
v -57871.898438 13089.598633 -20499.289063
v -57920.785156 12962.598633 -20153.517578
v -58007.308594 13472.496094 -19934.880859
v -57933.886719 13441.358398 -20191.416016
v -57762.121094 12354.779297 -19575.007813
v -57773.542969 12143.783203 -19623.716797
v -58007.125000 13847.538086 -20010.585938
v -57998.500000 13843.046875 -20034.603516
v -57799.085938 12853.474609 -19663.794922
v -57984.761719 13860.116211 -19959.912109
v -57930.308594 12962.598633 -20215.267578
v -57966.246094 13504.316406 -20069.820313
v -57981.007813 13474.086914 -19909.884766
v -57961.382813 13847.538086 -20026.890625
v -57971.839844 13863.708984 -19947.763672
v -57841.207031 12962.598633 -19932.644531
v -57788.988281 12052.483398 -20166.035156
v -57948.132813 13856.522461 -19989.724609
v -57942.671875 13862.810547 -19962.349609
v -57937.468750 13497.907227 -19994.148438
v -57937.046875 13871.793945 -19922.466797
v -57910.738281 13480.782227 -19857.599609
v -57753.289063 12052.483398 -19742.558594
v -57924.722656 13491.344727 -19938.542969
v -57843.371094 3261.742676 -20125.810547
v -57874.460938 -8062.497070 -20087.867188
v -57735.175781 7800.373047 -20267.070313
v -57747.132813 10386.466797 -20249.189453
v -57710.789063 11135.837891 -20294.066406
v -57714.132813 11533.814453 -20290.617188
v -57681.132813 12004.900391 -20332.044922
v -57703.132813 11690.843750 -20304.425781
v -57831.246094 3246.089111 -19814.185547
v -57866.300781 -8062.497070 -19875.242188
v -57873.910156 13428.000977 -20033.689453
v -57708.535156 7800.373047 -19587.070313
v -57722.261719 10332.966797 -19615.810547
v -57681.226563 11067.432617 -19542.472656
v -57818.187500 13392.305664 -19749.072266
v -57684.945313 11464.264648 -19549.224609
v -57647.632813 11919.300781 -19482.636719
v -57672.507813 11615.943359 -19527.029297
v -57717.906250 11607.148438 -20183.718750
v -57896.480469 12962.598633 -20009.037109
v -57704.726563 13076.340820 -19446.712891
v -57774.535156 12962.598633 -19990.904297
v -57847.335938 13414.321289 -19917.787109
v -57695.515625 11553.077148 -19615.201172
v -57681.421875 13251.591797 -19392.457031
v -57616.921875 13098.436523 -20173.121094
v -57878.792969 12962.598633 -20154.253906
v -57741.613281 3251.380615 -19948.068359
v -57805.242188 -8062.497070 -19966.466797
v -57596.320313 13275.289063 -20196.972656
v -57584.687500 12853.474609 -19994.390625
v -57868.152344 12962.598633 -20068.746094
v -57569.070313 13089.598633 -19841.607422
v -57501.980469 13271.643555 -19771.833984
v -57512.777344 7800.373047 -19879.425781
v -57557.714844 12141.378906 -19946.082031
v -57645.320313 12052.483398 -19960.910156
v -57478.820313 12369.287109 -20064.667969
v -57539.875000 10351.052734 -19888.183594
v -57402.910156 11948.239258 -19848.072266
v -57464.753906 11090.557617 -19865.738281
v -57471.394531 11487.776367 -19868.126953
v -57531.753906 11571.356445 -19859.751953
v -57448.566406 11641.263672 -19861.441406
v -55592.839844 12560.000000 -20170.000000
v -55592.839844 12560.000000 -20160.000000
v -55592.839844 12570.000000 -20170.000000
v -55592.832031 12570.000000 -20160.000000
v -55592.839844 12560.000000 -20123.000000
v -55592.839844 12560.000000 -20100.000000
v -55592.839844 12570.000000 -20123.000000
v -55592.839844 12570.000000 -20100.000000
v -55592.839844 12560.000000 -20077.000000
v -55592.839844 12570.000000 -20077.000000
v -55592.839844 12560.000000 -20040.000000
v -55592.832031 12570.000000 -20040.000000
v -55592.832031 12610.000000 -20160.000000
v -55592.839844 12620.000000 -20160.000000
v -55592.839844 12610.000000 -20170.000000
v -55592.839844 12620.000000 -20170.000000
v -55592.839844 12610.000000 -20100.000000
v -55592.839844 12620.000000 -20100.000000
v -55592.839844 12610.000000 -20123.000000
v -55592.839844 12620.000000 -20123.000000
v -55592.839844 12610.000000 -20077.000000
v -55592.839844 12620.000000 -20077.000000
v -55592.832031 12610.000000 -20040.000000
v -55592.839844 12620.000000 -20040.000000
v -55592.839844 12560.000000 -20030.000000
v -55592.839844 12570.000000 -20030.000000
v -55592.839844 12610.000000 -20030.000000
v -55592.839844 12620.000000 -20030.000000
v -55297.839844 12560.000000 -20120.000000
v -55297.839844 12560.000000 -20160.000000
v -55297.839844 12570.000000 -20120.000000
v -55297.832031 12570.000000 -20160.000000
v -55297.839844 12560.000000 -20080.000000
v -55297.839844 12570.000000 -20080.000000
v -55297.839844 12560.000000 -20030.000000
v -55297.839844 12560.000000 -20040.000000
v -55297.839844 12570.000000 -20030.000000
v -55297.832031 12570.000000 -20040.000000
v -55297.832031 12610.000000 -20160.000000
v -55297.839844 12620.000000 -20160.000000
v -55297.839844 12610.000000 -20120.000000
v -55297.839844 12620.000000 -20120.000000
v -55297.839844 12610.000000 -20080.000000
v -55297.839844 12620.000000 -20080.000000
v -55297.832031 12610.000000 -20040.000000
v -55297.839844 12620.000000 -20040.000000
v -55297.839844 12610.000000 -20030.000000
v -55297.839844 12620.000000 -20030.000000
v -55297.839844 12560.000000 -20170.000000
v -55297.839844 12570.000000 -20170.000000
v -55297.839844 12610.000000 -20170.000000
v -55297.839844 12620.000000 -20170.000000
v -55582.843750 12560.000000 -20170.000000
v -55582.843750 12570.000000 -20170.000000
v -55582.843750 12570.000000 -20030.000000
v -55582.843750 12560.000000 -20030.000000
v -55582.843750 12610.000000 -20170.000000
v -55582.843750 12610.000000 -20030.000000
v -55582.843750 12620.000000 -20170.000000
v -55582.843750 12620.000000 -20030.000000
v -55566.843750 12560.000000 -20170.000000
v -55566.843750 12570.000000 -20170.000000
v -55566.843750 12560.000000 -20030.000000
v -55566.843750 12570.000000 -20030.000000
v -55566.843750 12610.000000 -20170.000000
v -55566.843750 12610.000000 -20030.000000
v -55566.843750 12620.000000 -20170.000000
v -55566.843750 12620.000000 -20030.000000
v -55544.843750 12560.000000 -20170.000000
v -55544.843750 12570.000000 -20170.000000
v -55544.843750 12560.000000 -20030.000000
v -55544.843750 12570.000000 -20030.000000
v -55544.843750 12610.000000 -20170.000000
v -55544.843750 12620.000000 -20170.000000
v -55544.843750 12610.000000 -20030.000000
v -55544.843750 12620.000000 -20030.000000
v -55520.843750 12570.000000 -20170.000000
v -55520.843750 12560.000000 -20170.000000
v -55520.843750 12560.000000 -20030.000000
v -55520.843750 12570.000000 -20030.000000
v -55520.843750 12620.000000 -20170.000000
v -55520.843750 12610.000000 -20170.000000
v -55520.843750 12610.000000 -20030.000000
v -55520.843750 12620.000000 -20030.000000
v -55421.843750 12560.000000 -20170.000000
v -55421.843750 12570.000000 -20170.000000
v -55421.843750 12560.000000 -20030.000000
v -55421.843750 12570.000000 -20030.000000
v -55421.843750 12610.000000 -20170.000000
v -55421.843750 12620.000000 -20170.000000
v -55421.843750 12610.000000 -20030.000000
v -55421.843750 12620.000000 -20030.000000
v -55321.843750 12560.000000 -20170.000000
v -55321.843750 12570.000000 -20170.000000
v -55321.843750 12560.000000 -20030.000000
v -55321.843750 12570.000000 -20030.000000
v -55321.843750 12610.000000 -20170.000000
v -55321.843750 12620.000000 -20170.000000
v -55321.843750 12620.000000 -20030.000000
v -55321.843750 12610.000000 -20030.000000
v -55307.843750 12560.000000 -20170.000000
v -55307.843750 12570.000000 -20170.000000
v -55307.843750 12560.000000 -20030.000000
v -55307.843750 12570.000000 -20030.000000
v -55307.843750 12610.000000 -20170.000000
v -55307.843750 12610.000000 -20030.000000
v -55307.843750 12620.000000 -20170.000000
v -55307.843750 12620.000000 -20030.000000
v -55297.835938 12570.000000 -20160.000000
v -55297.835938 12570.000000 -20040.000000
v -55297.835938 12610.000000 -20160.000000
v -55297.835938 12610.000000 -20040.000000
v -55592.835938 12570.000000 -20160.000000
v -55592.835938 12570.000000 -20040.000000
v -55592.835938 12610.000000 -20160.000000
v -55592.835938 12610.000000 -20040.000000
v -55550.023438 12613.445313 -20040.000000
v -55550.023438 12616.552734 -20040.000000
v -55550.023438 12613.445313 -20070.000000
v -55550.019531 12616.551758 -20070.000000
v -55550.019531 12616.551758 -20130.000000
v -55550.023438 12613.445313 -20130.000000
v -55550.019531 12616.551758 -20100.000000
v -55550.019531 12613.445313 -20100.000000
v -55550.023438 12616.552734 -20160.000000
v -55550.023438 12613.445313 -20160.000000
v -55550.023438 12613.445313 -20100.000000
v -55546.902344 12613.445313 -20070.000000
v -55546.902344 12613.445313 -20100.000000
v -55546.902344 12613.445313 -20160.000000
v -55546.902344 12613.445313 -20130.000000
v -55546.902344 12613.445313 -20040.000000
v -55546.902344 12616.552734 -20100.000000
v -55546.902344 12616.552734 -20130.000000
v -55546.902344 12616.552734 -20040.000000
v -55546.902344 12616.552734 -20070.000000
v -55546.902344 12616.552734 -20160.000000
v -55550.023438 12616.552734 -20130.000000
v -55550.023438 12616.552734 -20070.000000
v -55550.023438 12616.552734 -20100.000000
v -55513.402344 12613.445313 -20040.000000
v -55513.402344 12616.552734 -20040.000000
v -55513.402344 12613.445313 -20070.000000
v -55513.402344 12616.552734 -20070.000000
v -55513.402344 12616.552734 -20160.000000
v -55513.402344 12613.445313 -20160.000000
v -55513.402344 12616.552734 -20130.000000
v -55513.402344 12613.445313 -20130.000000
v -55513.402344 12616.552734 -20100.000000
v -55513.402344 12613.445313 -20100.000000
v -55510.281250 12613.445313 -20160.000000
v -55510.281250 12613.445313 -20130.000000
v -55510.281250 12613.445313 -20100.000000
v -55510.281250 12613.445313 -20070.000000
v -55510.281250 12613.445313 -20040.000000
v -55510.281250 12616.552734 -20130.000000
v -55510.281250 12616.552734 -20160.000000
v -55510.281250 12616.552734 -20100.000000
v -55510.281250 12616.552734 -20070.000000
v -55510.281250 12616.552734 -20040.000000
v -55454.398438 12613.445313 -20040.000000
v -55454.398438 12616.552734 -20040.000000
v -55454.398438 12613.445313 -20070.000000
v -55454.394531 12616.551758 -20070.000000
v -55454.398438 12616.552734 -20160.000000
v -55454.398438 12613.445313 -20160.000000
v -55454.398438 12616.552734 -20130.000000
v -55454.394531 12613.445313 -20130.000000
v -55454.398438 12613.445313 -20130.000000
v -55454.394531 12616.551758 -20100.000000
v -55454.398438 12613.445313 -20100.000000
v -55454.398438 12616.552734 -20100.000000
v -55451.277344 12613.445313 -20070.000000
v -55451.277344 12613.445313 -20100.000000
v -55451.277344 12613.445313 -20160.000000
v -55451.277344 12613.445313 -20130.000000
v -55451.277344 12613.445313 -20040.000000
v -55451.277344 12616.552734 -20100.000000
v -55451.277344 12616.552734 -20130.000000
v -55451.277344 12616.552734 -20040.000000
v -55451.277344 12616.552734 -20070.000000
v -55451.277344 12616.552734 -20160.000000
v -55454.398438 12616.552734 -20070.000000
v -55343.773438 12613.445313 -20040.000000
v -55343.773438 12616.552734 -20040.000000
v -55343.773438 12613.445313 -20070.000000
v -55343.773438 12616.552734 -20070.000000
v -55343.773438 12616.552734 -20160.000000
v -55343.773438 12613.445313 -20160.000000
v -55343.773438 12616.552734 -20130.000000
v -55343.773438 12613.445313 -20130.000000
v -55343.773438 12616.552734 -20100.000000
v -55343.773438 12613.445313 -20100.000000
v -55340.652344 12613.445313 -20070.000000
v -55340.652344 12613.445313 -20100.000000
v -55340.652344 12613.445313 -20160.000000
v -55340.652344 12613.445313 -20130.000000
v -55340.652344 12613.445313 -20040.000000
v -55340.652344 12616.552734 -20130.000000
v -55340.652344 12616.552734 -20160.000000
v -55340.652344 12616.552734 -20100.000000
v -55340.652344 12616.552734 -20070.000000
v -55340.652344 12616.552734 -20040.000000
v -55378.402344 12613.445313 -20040.000000
v -55378.402344 12616.552734 -20040.000000
v -55378.402344 12613.445313 -20070.000000
v -55378.402344 12616.552734 -20070.000000
v -55378.402344 12616.552734 -20160.000000
v -55378.402344 12613.445313 -20160.000000
v -55378.402344 12616.552734 -20130.000000
v -55378.402344 12613.445313 -20130.000000
v -55378.402344 12616.552734 -20100.000000
v -55378.402344 12613.445313 -20100.000000
v -55375.281250 12613.445313 -20160.000000
v -55375.281250 12613.445313 -20130.000000
v -55375.281250 12613.445313 -20100.000000
v -55375.281250 12613.445313 -20070.000000
v -55375.281250 12613.445313 -20040.000000
v -55375.281250 12616.552734 -20130.000000
v -55375.281250 12616.552734 -20160.000000
v -55375.281250 12616.552734 -20100.000000
v -55375.281250 12616.552734 -20070.000000
v -55375.281250 12616.552734 -20040.000000
v -55346.832031 12510.971680 -19900.000000
v -55346.832031 12683.000000 -19900.000000
v -55346.835938 12683.000000 -19900.000000
v -55338.652344 12639.924805 -19958.781250
v -55355.015625 12639.924805 -19958.781250
v -55338.652344 12640.350586 -19962.462891
v -55355.015625 12640.350586 -19962.462891
v -55338.652344 12642.424805 -19967.177734
v -55355.015625 12642.424805 -19967.177734
v -55338.652344 12646.065430 -19970.798828
v -55355.015625 12646.065430 -19970.798828
v -55352.328125 12590.001953 -20035.000000
v -55351.839844 12591.283203 -20027.925781
v -55346.843750 12595.486328 -20035.000000
v -55346.839844 12595.248047 -20030.970703
v -55346.839844 12584.513672 -20035.000000
v -55346.839844 12587.318359 -20024.880859
v -55346.839844 12612.294922 -19992.349609
v -55351.839844 12616.259766 -19995.394531
v -55346.839844 12620.224609 -19998.439453
v -55351.839844 12641.236328 -19962.861328
v -55346.839844 12637.271484 -19959.816406
v -55346.839844 12645.201172 -19965.906250
v -55341.839844 12591.283203 -20027.925781
v -55341.839844 12616.259766 -19995.394531
v -55341.839844 12641.236328 -19962.861328
v -55341.355469 12589.998047 -20035.000000
v -57500.000000 12078.085938 -20130.000000
v -57500.000000 12098.085938 -20130.000000
v -57500.000000 12078.085938 -20100.000000
v -57500.000000 12098.085938 -20100.000000
v -57500.000000 12078.085938 -20070.000000
v -57500.000000 12098.085938 -20070.000000
v -55503.035156 12598.402344 -20150.089844
v -55506.843750 12605.000000 -20150.000000
v -55503.035156 12598.402344 -20190.089844
v -55506.843750 12605.000000 -20190.000000
v -55503.035156 12611.601563 -20149.910156
v -55503.035156 12611.601563 -20189.910156
v -55495.414063 12598.402344 -20150.089844
v -55495.414063 12598.402344 -20190.089844
v -55495.414063 12611.601563 -20149.910156
v -55495.414063 12611.601563 -20189.910156
v -55491.605469 12605.000000 -20150.000000
v -55491.605469 12605.000000 -20190.000000
v -55503.035156 12598.402344 -20010.089844
v -55506.843750 12605.000000 -20010.000000
v -55503.035156 12598.402344 -20050.089844
v -55506.843750 12605.000000 -20050.000000
v -55503.035156 12611.601563 -20009.910156
v -55503.035156 12611.601563 -20049.910156
v -55495.414063 12598.402344 -20010.089844
v -55495.414063 12598.402344 -20050.089844
v -55495.414063 12611.601563 -20009.910156
v -55495.414063 12611.601563 -20049.910156
v -55491.605469 12605.000000 -20010.000000
v -55491.605469 12605.000000 -20050.000000
v -55373.035156 12598.402344 -20010.089844
v -55376.843750 12605.000000 -20010.000000
v -55373.035156 12598.402344 -20050.089844
v -55376.843750 12605.000000 -20050.000000
v -55373.035156 12611.601563 -20009.910156
v -55373.035156 12611.601563 -20049.910156
v -55365.414063 12598.402344 -20010.089844
v -55365.414063 12598.402344 -20050.089844
v -55365.414063 12611.601563 -20009.910156
v -55365.414063 12611.601563 -20049.910156
v -55361.605469 12605.000000 -20010.000000
v -55361.605469 12605.000000 -20050.000000
v -55373.035156 12598.402344 -20150.089844
v -55376.843750 12605.000000 -20150.000000
v -55373.035156 12598.402344 -20190.089844
v -55376.843750 12605.000000 -20190.000000
v -55373.035156 12611.601563 -20149.910156
v -55373.035156 12611.601563 -20189.910156
v -55365.414063 12598.402344 -20150.089844
v -55365.414063 12598.402344 -20190.089844
v -55365.414063 12611.601563 -20149.910156
v -55365.414063 12611.601563 -20189.910156
v -55361.605469 12605.000000 -20150.000000
v -55361.605469 12605.000000 -20190.000000
v -51983.066406 13211.031250 -20069.804688
v -51983.066406 13211.031250 -20128.195313
v -51983.066406 13226.597656 -20073.976563
v -51983.066406 13226.597656 -20124.031250
v -51819.308594 13276.966797 -20259.595703
v -51549.746094 13258.002930 -20330.365234
v -51780.339844 13258.003906 -20330.365234
v -51780.339844 13381.996094 -20330.365234
v -51549.746094 13381.997070 -20330.365234
v -51819.308594 13363.033203 -20259.595703
v -51497.644531 13088.642578 -20037.011719
v -51497.644531 13088.642578 -20160.988281
v -51499.269531 13119.238281 -20045.210938
v -51499.269531 13119.238281 -20152.789063
v -51497.644531 13150.630859 -20268.361328
v -51499.269531 13173.031250 -20245.964844
v -51497.644531 13150.634766 -19929.638672
v -51499.269531 13173.035156 -19952.035156
v -51497.644531 13258.002930 -20330.365234
v -51499.269531 13266.203125 -20299.765625
v -51497.644531 13258.002930 -19867.634766
v -51499.269531 13266.203125 -19898.234375
v -51497.644531 13381.997070 -20330.365234
v -51499.269531 13373.796875 -20299.765625
v -51497.644531 13381.997070 -19867.634766
v -51499.269531 13373.796875 -19898.234375
v -51497.644531 13489.369141 -19929.638672
v -51499.269531 13466.968750 -19952.035156
v -51497.644531 13489.369141 -20268.361328
v -51499.269531 13466.968750 -20245.964844
v -51497.644531 13551.357422 -20160.988281
v -51499.269531 13520.761719 -20152.789063
v -51497.644531 13551.357422 -20037.011719
v -51499.269531 13520.761719 -20045.210938
v -55499.222656 12605.003906 -20192.232422
v -55499.222656 12605.003906 -20148.607422
v -55499.222656 12605.003906 -20052.232422
v -55499.222656 12605.003906 -20008.607422
v -55369.222656 12605.003906 -20052.232422
v -55369.222656 12605.003906 -20008.607422
v -55369.222656 12605.003906 -20192.232422
v -55369.222656 12605.003906 -20148.607422
v -55582.843750 12619.996094 -20030.000000
v -55566.843750 12619.996094 -20030.000000
v -55582.839844 12619.996094 -20040.000000
v -55566.843750 12619.996094 -20040.000000
v -55544.843750 12619.996094 -20030.000000
v -55544.843750 12619.996094 -20040.000000
v -55520.843750 12619.996094 -20040.000000
v -55520.843750 12619.996094 -20030.000000
v -55421.843750 12619.996094 -20030.000000
v -55421.843750 12619.996094 -20040.000000
v -55321.843750 12619.996094 -20030.000000
v -55321.843750 12620.000000 -20040.000000
v -55307.843750 12619.996094 -20040.000000
v -55307.843750 12619.996094 -20030.000000
v -55592.839844 12619.996094 -20030.000000
v -55297.839844 12619.996094 -20030.000000
v -55297.839844 12619.996094 -20080.000000
v -55307.839844 12619.996094 -20080.000000
v -55297.839844 12619.996094 -20040.000000
v -55297.839844 12619.996094 -20160.000000
v -55307.839844 12619.996094 -20160.000000
v -55297.839844 12619.996094 -20120.000000
v -55307.839844 12619.996094 -20120.000000
v -55297.839844 12620.000000 -20170.000000
v -55566.843750 12619.996094 -20160.000000
v -55566.843750 12619.996094 -20170.000000
v -55582.839844 12619.996094 -20160.000000
v -55582.843750 12619.996094 -20170.000000
v -55544.843750 12619.996094 -20170.000000
v -55544.843750 12619.996094 -20160.000000
v -55520.843750 12619.996094 -20160.000000
v -55520.843750 12619.996094 -20170.000000
v -55421.843750 12619.996094 -20170.000000
v -55421.843750 12619.996094 -20160.000000
v -55321.843750 12619.996094 -20160.000000
v -55321.843750 12619.996094 -20170.000000
v -55307.843750 12619.996094 -20170.000000
v -55592.839844 12619.992188 -20170.000000
v -55592.843750 12620.000000 -20123.000000
v -55582.843750 12620.000000 -20123.000000
v -55592.839844 12619.992188 -20160.000000
v -55582.839844 12619.996094 -20100.000000
v -55592.839844 12619.996094 -20100.000000
v -55592.839844 12619.992188 -20040.000000
v -55592.839844 12619.996094 -20077.000000
v -55582.839844 12619.996094 -20077.000000
v -55592.839844 12560.000000 -20030.000000
v -55592.839844 12560.000000 -20170.000000
v -55582.839844 12560.000000 -20040.000000
v -55582.839844 12560.000000 -20160.000000
v -55504.339844 12560.000000 -20030.000000
v -55500.339844 12560.000000 -20040.000000
v -55445.339844 12560.000000 -20170.000000
v -55445.339844 12560.000000 -20160.000000
v -55445.339844 12560.000000 -20030.000000
v -55445.339844 12560.000000 -20040.000000
v -55297.839844 12560.000000 -20170.000000
v -55307.839844 12560.000000 -20160.000000
v -55297.839844 12560.000000 -20030.000000
v -55307.839844 12560.000000 -20040.000000
v -55582.839844 12560.000000 -20123.000000
v -55582.839844 12590.000000 -20123.000000
v -55582.839844 12590.000000 -20160.000000
v -55582.839844 12590.000000 -20100.000000
v -55582.839844 12560.000000 -20100.000000
v -55582.839844 12590.000000 -20077.000000
v -55582.839844 12560.000000 -20077.000000
v -55582.839844 12590.000000 -20040.000000
v -55582.839844 12605.000000 -20123.000000
v -55582.839844 12605.000000 -20160.000000
v -55582.839844 12605.000000 -20100.000000
v -55582.839844 12605.000000 -20077.000000
v -55582.839844 12605.000000 -20040.000000
v -55582.839844 12620.000000 -20123.000000
v -55582.839844 12620.000000 -20160.000000
v -55582.839844 12620.000000 -20100.000000
v -55582.839844 12620.000000 -20077.000000
v -55582.839844 12620.000000 -20040.000000
v -55566.843750 12560.000000 -20160.000000
v -55566.843750 12590.000000 -20160.000000
v -55566.843750 12560.000000 -20040.000000
v -55566.843750 12590.000000 -20040.000000
v -55566.843750 12605.000000 -20160.000000
v -55566.843750 12605.000000 -20040.000000
v -55566.843750 12620.000000 -20160.000000
v -55566.843750 12620.000000 -20040.000000
v -55544.843750 12560.000000 -20160.000000
v -55544.843750 12590.000000 -20160.000000
v -55544.843750 12560.000000 -20040.000000
v -55544.843750 12590.000000 -20040.000000
v -55544.843750 12605.000000 -20160.000000
v -55544.843750 12605.000000 -20040.000000
v -55544.843750 12620.000000 -20160.000000
v -55544.843750 12620.000000 -20040.000000
v -55520.843750 12560.000000 -20160.000000
v -55520.843750 12590.000000 -20160.000000
v -55520.843750 12560.000000 -20040.000000
v -55520.843750 12590.000000 -20040.000000
v -55520.843750 12605.000000 -20160.000000
v -55520.843750 12605.000000 -20040.000000
v -55520.843750 12620.000000 -20160.000000
v -55520.843750 12620.000000 -20040.000000
v -55421.843750 12560.000000 -20160.000000
v -55421.843750 12590.000000 -20160.000000
v -55421.843750 12560.000000 -20040.000000
v -55421.843750 12590.000000 -20040.000000
v -55421.843750 12605.000000 -20160.000000
v -55421.843750 12605.000000 -20040.000000
v -55421.843750 12620.000000 -20160.000000
v -55421.843750 12620.000000 -20040.000000
v -55321.843750 12590.000000 -20160.000000
v -55321.843750 12560.000000 -20160.000000
v -55321.843750 12590.000000 -20040.000000
v -55321.843750 12560.000000 -20040.000000
v -55321.843750 12605.000000 -20160.000000
v -55321.843750 12605.000000 -20040.000000
v -55321.843750 12620.000000 -20160.000000
v -55307.839844 12590.000000 -20160.000000
v -55307.839844 12590.000000 -20040.000000
v -55307.839844 12605.000000 -20160.000000
v -55307.839844 12605.000000 -20040.000000
v -55307.839844 12620.000000 -20160.000000
v -55307.839844 12620.000000 -20040.000000
v -55307.839844 12560.000000 -20120.000000
v -55307.839844 12590.000000 -20120.000000
v -55307.839844 12590.000000 -20080.000000
v -55307.839844 12560.000000 -20080.000000
v -55307.839844 12605.000000 -20120.000000
v -55307.839844 12605.000000 -20080.000000
v -55307.839844 12620.000000 -20120.000000
v -55307.839844 12620.000000 -20080.000000
v -55342.214844 12615.000000 -20100.000000
v -55342.214844 12615.000000 -20130.000000
v -55307.839844 12615.000000 -20100.000000
v -55307.839844 12615.000000 -20130.000000
v -55342.214844 12615.000000 -20070.000000
v -55307.839844 12615.000000 -20070.000000
v -55342.214844 12620.000000 -20100.000000
v -55307.839844 12620.000000 -20100.000000
v -55342.214844 12620.000000 -20130.000000
v -55307.839844 12620.000000 -20130.000000
v -55307.839844 12620.000000 -20070.000000
v -55342.214844 12620.000000 -20070.000000
v -55548.464844 12620.000000 -20100.000000
v -55548.464844 12620.000000 -20130.000000
v -55582.839844 12620.000000 -20130.000000
v -55582.839844 12620.000000 -20070.000000
v -55548.464844 12620.000000 -20070.000000
v -55582.839844 12615.000000 -20130.000000
v -55548.464844 12615.000000 -20130.000000
v -55582.839844 12615.000000 -20100.000000
v -55548.464844 12615.000000 -20100.000000
v -55582.839844 12615.000000 -20070.000000
v -55548.464844 12615.000000 -20070.000000
v -51549.746094 13088.641602 -20037.013672
v -51504.816406 13060.039063 -19993.191406
v -51466.941406 13060.039063 -19993.191406
v -51549.746094 13150.631836 -19929.638672
v -51504.816406 13098.387695 -19926.791016
v -51466.941406 13098.387695 -19926.791016
v -51549.746094 13150.631836 -20268.361328
v -51504.816406 13098.401367 -20271.230469
v -51466.941406 13098.401367 -20271.230469
v -51549.746094 13258.002930 -19867.634766
v -51504.816406 13281.644531 -19820.972656
v -51466.941406 13281.644531 -19820.972656
v -51504.816406 13281.656250 -20377.027344
v -51466.941406 13281.667969 -20377.027344
v -51504.816406 13358.332031 -20377.027344
v -51466.941406 13358.332031 -20377.027344
v -51549.746094 13381.997070 -19867.634766
v -51504.816406 13358.343750 -19820.972656
v -51466.941406 13358.332031 -19820.972656
v -51549.746094 13489.368164 -20268.361328
v -51504.816406 13541.598633 -20271.208984
v -51466.941406 13541.598633 -20271.208984
v -51549.746094 13551.358398 -20160.986328
v -51504.816406 13579.940430 -20204.808594
v -51466.941406 13579.940430 -20204.808594
v -51549.746094 13551.358398 -20037.013672
v -51504.816406 13579.960938 -19993.191406
v -51466.941406 13579.960938 -19993.191406
v -51549.746094 13088.641602 -20160.986328
v -51504.800781 13060.039063 -20204.808594
v -51466.925781 13060.039063 -20204.808594
v -51549.746094 13489.368164 -19929.638672
v -51504.800781 13541.612305 -19926.791016
v -51466.925781 13541.612305 -19926.791016
v -51819.308594 13159.408203 -20142.027344
v -51819.308594 13159.408203 -20055.972656
v -51819.312500 13480.591797 -20142.027344
v -51819.308594 13437.562500 -20216.558594
v -51983.066406 13428.968750 -20128.195313
v -51983.070313 13399.769531 -20178.769531
v -51819.308594 13437.562500 -19981.441406
v -51819.308594 13480.591797 -20055.972656
v -51983.070313 13399.769531 -20019.226563
v -51983.066406 13428.968750 -20069.804688
v -51819.308594 13202.437500 -20216.558594
v -51983.066406 13240.230469 -20178.773438
v -51819.312500 13202.439453 -19981.441406
v -51983.066406 13240.230469 -20019.226563
v -51983.066406 13290.800781 -20207.968750
v -51819.308594 13276.966797 -19938.404297
v -51983.066406 13290.800781 -19990.031250
v -51983.066406 13349.199219 -20207.968750
v -51819.308594 13363.033203 -19938.404297
v -51983.066406 13349.199219 -19990.031250
v -51710.671875 13399.768555 -20019.226563
v -51710.667969 13349.199219 -19990.031250
v -51658.652344 13392.988281 -20026.007813
v -51658.660156 13346.714844 -19999.312500
v -51710.667969 13211.031250 -20128.195313
v -51658.652344 13220.292969 -20125.718750
v -51710.667969 13211.031250 -20069.804688
v -51658.652344 13220.292969 -20072.289063
v -51710.667969 13240.231445 -20178.773438
v -51710.667969 13290.800781 -20207.968750
v -51658.652344 13247.011719 -20171.992188
v -51658.652344 13293.281250 -20198.695313
v -51710.667969 13290.799805 -19990.031250
v -51710.667969 13240.230469 -20019.226563
v -51658.652344 13293.281250 -19999.312500
v -51658.652344 13247.011719 -20026.007813
v -51710.667969 13349.200195 -20207.968750
v -51710.671875 13399.769531 -20178.769531
v -51658.652344 13346.714844 -20198.695313
v -51658.652344 13392.988281 -20171.992188
v -51710.667969 13428.968750 -20128.195313
v -51710.667969 13428.968750 -20069.804688
v -51658.652344 13419.707031 -20125.718750
v -51658.652344 13419.707031 -20072.289063
v -51733.066406 13251.625000 -20167.375000
v -51733.066406 13294.972656 -20192.398438
v -51983.070313 13251.625000 -20167.375000
v -51983.070313 13294.972656 -20192.398438
v -51733.066406 13388.375000 -20030.625000
v -51733.066406 13345.027344 -20005.601563
v -51983.070313 13388.375000 -20030.625000
v -51983.070313 13345.027344 -20005.601563
v -51733.066406 13294.972656 -20005.601563
v -51733.066406 13251.621094 -20030.632813
v -51983.066406 13294.972656 -20005.601563
v -51983.066406 13251.621094 -20030.632813
v -51733.066406 13345.027344 -20192.398438
v -51733.066406 13388.378906 -20167.367188
v -51983.062500 13345.027344 -20192.398438
v -51983.070313 13388.378906 -20167.367188
v -51733.066406 13413.402344 -20124.023438
v -51733.066406 13413.406250 -20073.970703
v -51983.062500 13413.402344 -20124.023438
v -51983.062500 13413.406250 -20073.968750
v -51657.281250 13217.830078 -20201.169922
v -51657.281250 13180.434570 -20136.394531
v -51657.281250 13217.831055 -19996.830078
v -51657.281250 13180.433594 -20061.605469
v -51657.281250 13357.398438 -20238.568359
v -51657.281250 13282.601563 -20238.568359
v -51657.281250 13282.601563 -19959.431641
v -51657.281250 13357.398438 -19959.431641
v -51657.281250 13459.566406 -20136.394531
v -51657.281250 13422.168945 -20201.169922
v -51657.281250 13422.169922 -19996.830078
v -51657.281250 13459.565430 -20061.605469
v -51604.070313 13149.835938 -20053.408203
v -51604.070313 13149.835938 -20144.591797
v -51604.070313 13195.429688 -20223.566406
v -51604.070313 13195.433594 -19974.433594
v -51604.070313 13274.402344 -20269.167969
v -51604.070313 13274.402344 -19928.832031
v -51604.070313 13365.597656 -20269.167969
v -51604.070313 13365.597656 -19928.832031
v -51604.070313 13444.570313 -20223.566406
v -51604.070313 13444.570313 -19974.433594
v -51604.070313 13490.164063 -20144.591797
v -51604.070313 13490.164063 -20053.408203
v -51710.671875 13294.972656 -20192.398438
v -51710.671875 13251.625000 -20167.375000
v -51658.652344 13297.105469 -20184.445313
v -51658.652344 13257.437500 -20161.562500
v -51710.671875 13388.378906 -20167.367188
v -51710.664063 13345.027344 -20192.398438
v -51658.652344 13382.566406 -20161.562500
v -51658.652344 13342.898438 -20184.445313
v -51710.667969 13226.597656 -20124.031250
v -51710.667969 13226.597656 -20073.976563
v -51658.652344 13234.535156 -20121.906250
v -51658.652344 13234.535156 -20076.109375
v -51710.667969 13251.621094 -20030.632813
v -51710.667969 13294.972656 -20005.601563
v -51658.652344 13257.433594 -20036.445313
v -51658.652344 13297.097656 -20013.562500
v -51710.671875 13345.027344 -20005.601563
v -51710.671875 13388.375000 -20030.625000
v -51658.652344 13342.898438 -20013.562500
v -51658.652344 13382.562500 -20036.437500
v -51710.664063 13413.406250 -20073.968750
v -51710.664063 13413.402344 -20124.023438
v -51658.652344 13405.464844 -20076.101563
v -51658.652344 13405.460938 -20121.898438
v -51993.066406 13290.792969 -20207.968750
v -51993.066406 13240.222656 -20178.773438
v -51993.074219 13294.964844 -20192.398438
v -51993.074219 13251.617188 -20167.375000
v -51993.074219 13399.761719 -20178.773438
v -51993.066406 13349.191406 -20207.968750
v -51993.074219 13388.371094 -20167.367188
v -51993.062500 13345.019531 -20192.398438
v -51993.062500 13349.199219 -19990.015625
v -51993.074219 13399.769531 -20019.226563
v -51993.062500 13345.027344 -20005.585938
v -51993.074219 13388.375000 -20030.625000
v -51993.066406 13211.031250 -20128.195313
v -51993.062500 13211.031250 -20069.804688
v -51993.066406 13226.597656 -20124.031250
v -51993.062500 13226.597656 -20073.976563
v -51993.062500 13240.230469 -20019.226563
v -51993.062500 13290.800781 -19990.031250
v -51993.062500 13251.621094 -20030.632813
v -51993.062500 13294.972656 -20005.601563
v -51993.066406 13428.953125 -20069.804688
v -51993.062500 13428.960938 -20128.195313
v -51993.062500 13413.390625 -20073.968750
v -51993.062500 13413.394531 -20124.023438
v -51657.281250 13422.169922 -20201.169922
v -51780.339844 13088.643555 -20160.988281
v -51780.339844 13088.643555 -20037.011719
v -51780.339844 13150.629883 -20268.361328
v -51780.339844 13150.629883 -19929.638672
v -51780.339844 13258.003906 -19867.634766
v -51780.339844 13489.370117 -20268.361328
v -51780.339844 13381.996094 -19867.634766
v -51780.339844 13489.370117 -19929.638672
v -51780.339844 13551.356445 -20037.011719
v -51780.339844 13551.356445 -20160.988281
v -51733.066406 13290.800781 -19990.031250
v -51733.066406 13240.230469 -20019.226563
v -51733.066406 13240.230469 -20178.773438
v -51733.066406 13290.800781 -20207.968750
v -51733.066406 13448.929688 -20229.000000
v -51733.066406 13349.199219 -20207.968750
v -51733.066406 13211.031250 -20229.000000
v -51733.066406 13448.929688 -19969.000000
v -51733.066406 13211.031250 -19969.000000
v -51733.066406 13349.199219 -19990.031250
v -51733.066406 13399.769531 -20019.226563
v -51733.066406 13399.769531 -20178.771484
v -51733.066406 13428.968750 -20128.195313
v -51733.066406 13428.968750 -20069.804688
v -51733.066406 13211.031250 -20128.195313
v -51710.667969 13211.031250 -20229.000000
v -51733.066406 13211.031250 -20069.804688
v -51710.667969 13211.031250 -19969.000000
v -51710.671875 13448.929688 -20229.000000
v -51710.671875 13448.929688 -19969.000000
v -51710.667969 13290.800781 -19990.031250
v -51710.671875 13399.769531 -20019.226563
v -51710.667969 13240.230469 -20178.773438
v -51710.667969 13349.199219 -20207.968750
v -55582.839844 12620.000000 -20130.000000
v -55548.464844 12620.000000 -20130.000000
v -55582.839844 12620.000000 -20160.000000
v -55548.464844 12620.000000 -20160.000000
v -55582.839844 12620.000000 -20040.000000
v -55548.464844 12620.000000 -20040.000000
v -55582.839844 12620.000000 -20070.000000
v -55548.464844 12620.000000 -20070.000000
v -55514.089844 12620.000000 -20160.000000
v -55514.089844 12620.000000 -20130.000000
v -55548.464844 12620.000000 -20100.000000
v -55514.089844 12620.000000 -20100.000000
v -55514.089844 12620.000000 -20070.000000
v -55514.089844 12620.000000 -20040.000000
v -55445.339844 12620.000000 -20130.000000
v -55445.339844 12620.000000 -20160.000000
v -55445.339844 12620.000000 -20100.000000
v -55445.339844 12620.000000 -20070.000000
v -55445.339844 12620.000000 -20040.000000
v -55376.589844 12620.000000 -20130.000000
v -55376.589844 12620.000000 -20160.000000
v -55376.589844 12620.000000 -20100.000000
v -55376.589844 12620.000000 -20070.000000
v -55376.589844 12620.000000 -20040.000000
v -55342.214844 12620.000000 -20130.000000
v -55342.214844 12620.000000 -20160.000000
v -55342.214844 12620.000000 -20100.000000
v -55342.214844 12620.000000 -20070.000000
v -55342.214844 12620.000000 -20040.000000
v -55307.839844 12620.000000 -20160.000000
v -55307.839844 12620.000000 -20130.000000
v -55307.839844 12620.000000 -20040.000000
v -55307.839844 12620.000000 -20070.000000
# 2610 vertices

vt 0.93740 -0.80000
vt 0.99990 -1.00000
vt 0.93740 -1.00000
vt 0.99990 -0.80000
vt 0.87490 -0.80000
vt 0.87490 -1.00000
vt 0.81240 -0.80000
vt 0.81240 -1.00000
vt 0.74990 -0.80000
vt 0.74990 -1.00000
vt 0.68740 -1.00000
vt 0.68740 -0.80000
vt 0.62490 -1.00000
vt 0.62490 -0.80000
vt 0.56240 -1.00000
vt 0.56240 -0.80000
vt 0.49990 -1.00000
vt 0.49990 -0.80000
vt 0.43740 -1.00000
vt 0.43740 -0.80000
vt 0.37490 -1.00000
vt 0.37490 -0.80000
vt 0.31240 -1.00000
vt 0.31240 -0.80000
vt 0.24990 -1.00000
vt 0.24990 -0.80000
vt 0.18740 -1.00000
vt 0.18740 -0.80000
vt 0.12490 -1.00000
vt 0.12490 -0.80000
vt 0.06240 -1.00000
vt 0.06240 -0.80000
vt 0.00000 -0.80000
vt 0.00000 -1.00000
vt 0.96660 -1.00000
vt 0.96660 -0.80000
vt 0.93330 -0.80000
vt 0.93330 -1.00000
vt 0.89990 -1.00000
vt 0.89990 -0.80000
vt 0.86660 -1.00000
vt 0.86660 -0.80000
vt 0.83330 -1.00000
vt 0.83330 -0.80000
vt 0.80000 -1.00000
vt 0.80000 -0.80000
vt 0.76660 -0.80000
vt 0.76660 -1.00000
vt 0.73330 -0.80000
vt 0.73330 -1.00000
vt 0.69990 -0.80000
vt 0.69990 -1.00000
vt 0.66660 -0.80000
vt 0.66660 -1.00000
vt 0.63330 -0.80000
vt 0.63330 -1.00000
vt 0.60000 -0.80000
vt 0.60000 -1.00000
vt 0.56660 -0.80000
vt 0.56660 -1.00000
vt 0.53330 -0.80000
vt 0.53330 -1.00000
vt 0.46660 -1.00000
vt 0.46660 -0.80000
vt 0.43330 -1.00000
vt 0.43330 -0.80000
vt 0.40000 -1.00000
vt 0.40000 -0.80000
vt 0.36660 -1.00000
vt 0.36660 -0.80000
vt 0.33330 -1.00000
vt 0.33330 -0.80000
vt 0.30000 -1.00000
vt 0.30000 -0.80000
vt 0.26660 -0.80000
vt 0.26660 -1.00000
vt 0.23330 -0.80000
vt 0.23330 -1.00000
vt 0.20000 -1.00000
vt 0.20000 -0.80000
vt 0.16660 -0.80000
vt 0.16660 -1.00000
vt 0.13330 -0.80000
vt 0.13330 -1.00000
vt 0.10000 -1.00000
vt 0.10000 -0.80000
vt 0.06660 -0.80000
vt 0.06660 -1.00000
vt 0.03330 -0.80000
vt 0.03330 -1.00000
vt 0.00490 -1.00000
vt 0.99000 -0.80150
vt 0.00000 -0.90080
vt 0.99990 -0.20000
vt 0.89990 -0.40000
vt 0.99990 -0.40000
vt 0.89990 -0.20000
vt 0.80000 -0.20000
vt 0.80000 -0.40000
vt 0.69990 -0.40000
vt 0.69990 -0.20000
vt 0.60000 -0.40000
vt 0.60000 -0.20000
vt 0.49990 -0.20000
vt 0.49990 -0.40000
vt 0.40000 -0.40000
vt 0.40000 -0.20000
vt 0.30000 -0.20000
vt 0.30000 -0.40000
vt 0.20000 -0.40000
vt 0.20000 -0.20000
vt 0.10000 -0.40000
vt 0.10000 -0.20000
vt 0.00000 -0.20000
vt 0.00000 -0.40000
vt 0.74990 -0.40000
vt 0.74990 -0.20000
vt 0.24990 -0.20000
vt 0.24990 -0.40000
vt 0.34990 -0.20000
vt 0.34990 -0.40000
vt 0.44990 -0.20000
vt 0.44990 -0.40000
vt 0.15000 -0.40000
vt 0.15000 -0.20000
vt 0.55000 -0.20000
vt 0.55000 -0.40000
vt 0.05000 -0.40000
vt 0.05000 -0.20000
vt 0.64990 -0.20000
vt 0.64990 -0.40000
vt 0.85000 -0.20000
vt 0.85000 -0.40000
vt 0.94990 -0.20000
vt 0.94990 -0.40000
vt 0.00970 -0.80150
vt 0.99510 -1.00000
vt 0.99990 -0.90090
vt 0.49990 -1.20000
vt 0.74990 -1.40000
vt 0.74990 -1.20000
vt 0.49990 -1.40000
vt 0.24990 -1.20000
vt 0.24990 -1.40000
vt 0.00000 -1.40000
vt 0.00000 -1.20000
vt 0.16660 -0.20000
vt 0.33330 -0.40000
vt 0.33330 -0.20000
vt 0.16660 -0.40000
vt 0.75990 -1.00000
vt 0.75990 -0.80000
vt 0.72000 -1.00000
vt 0.72000 -0.80000
vt 0.68000 -1.00000
vt 0.68000 -0.80000
vt 0.63990 -1.00000
vt 0.63990 -0.80000
vt 0.56000 -0.80000
vt 0.56000 -1.00000
vt 0.51990 -1.00000
vt 0.51990 -0.80000
vt 0.47990 -0.80000
vt 0.47990 -1.00000
vt 0.43990 -0.80000
vt 0.43990 -1.00000
vt 0.36000 -0.80000
vt 0.36000 -1.00000
vt 0.31990 -0.80000
vt 0.31990 -1.00000
vt 0.28000 -1.00000
vt 0.28000 -0.80000
vt 0.23990 -1.00000
vt 0.23990 -0.80000
vt 0.15990 -1.00000
vt 0.15990 -0.80000
vt 0.11990 -1.00000
vt 0.11990 -0.80000
vt 0.07990 -1.00000
vt 0.07990 -0.80000
vt 0.03990 -1.00000
vt 0.03990 -0.80000
vt 0.80000 0.00000
vt 0.75990 0.20000
vt 0.80000 0.20000
vt 0.75990 0.00000
vt 0.72000 0.20000
vt 0.72000 0.00000
vt 0.68000 0.20000
vt 0.68000 0.00000
vt 0.63990 0.20000
vt 0.63990 0.00000
vt 0.60000 0.20000
vt 0.60000 0.00000
vt 0.56000 0.00000
vt 0.56000 0.20000
vt 0.51990 0.20000
vt 0.51990 0.00000
vt 0.47990 0.20000
vt 0.47990 0.00000
vt 0.43990 0.00000
vt 0.43990 0.20000
vt 0.40000 0.00000
vt 0.40000 0.20000
vt 0.36000 0.00000
vt 0.36000 0.20000
vt 0.31990 0.00000
vt 0.31990 0.20000
vt 0.28000 0.20000
vt 0.28000 0.00000
vt 0.23990 0.20000
vt 0.23990 0.00000
vt 0.20000 0.20000
vt 0.20000 0.00000
vt 0.15990 0.20000
vt 0.15990 0.00000
vt 0.11990 0.20000
vt 0.11990 0.00000
vt 0.07990 0.20000
vt 0.07990 0.00000
vt 0.03990 0.20000
vt 0.03990 0.00000
vt 0.58330 -0.20000
vt 0.58330 -0.40000
vt 0.41660 -0.40000
vt 0.41660 -0.20000
vt 0.08330 -0.20000
vt 0.08330 -0.40000
vt 0.83330 -0.20000
vt 0.83330 -0.40000
vt 0.66660 -0.40000
vt 0.66660 -0.20000
vt 5.04810 -0.50010
vt 4.54690 -0.70400
vt 5.04810 -0.70400
vt 4.54690 -0.50010
vt 5.04810 -0.81840
vt 4.54690 -0.99810
vt 5.04810 -0.99810
vt 4.54690 -0.81840
vt 4.04580 -0.70400
vt 4.04580 -0.81840
vt 4.04580 -0.99810
vt 4.04580 -0.50010
vt 3.54470 -0.81840
vt 3.54470 -0.70400
vt 3.54470 -0.99810
vt 3.54470 -0.50010
vt 3.04360 -0.81840
vt 3.04360 -0.70400
vt 3.04360 -0.99810
vt 3.04360 -0.50010
vt 2.54250 -0.70400
vt 2.54250 -0.81840
vt 2.54250 -0.99810
vt 2.54250 -0.50010
vt 2.04140 -0.70400
vt 2.04140 -0.81840
vt 2.04140 -0.99810
vt 2.04140 -0.50010
vt 1.54020 -0.70400
vt 1.54020 -0.81840
vt 1.54020 -0.99810
vt 1.54020 -0.50010
vt 1.03910 -0.70400
vt 1.03910 -0.81840
vt 1.03910 -0.99810
vt 1.03910 -0.50010
vt 0.53800 -0.70400
vt 0.53800 -0.81840
vt 0.53800 -0.99810
vt 0.53800 -0.50010
vt 0.03690 -0.70400
vt 0.03690 -0.81840
vt 0.03690 -0.99810
vt 0.03690 -0.50010
vt -0.46410 -0.70400
vt -0.46410 -0.81840
vt -0.46410 -0.99810
vt -0.46410 -0.50010
vt -0.96520 -0.70400
vt -0.96520 -0.81840
vt -0.96520 -0.99810
vt -0.96520 -0.50010
vt -1.46640 -0.70400
vt -1.46640 -0.81840
vt -1.96750 -0.70400
vt -1.96750 -0.81840
vt -1.46640 -0.99810
vt -1.46640 -0.50010
vt -2.46860 -0.70400
vt -2.46860 -0.81840
vt -1.96750 -0.99810
vt -1.96750 -0.50010
vt -2.96970 -0.70400
vt -2.96970 -0.81840
vt -2.46860 -0.99810
vt -2.46860 -0.50010
vt -2.96970 -0.50010
vt -2.96970 -0.99810
vt 1.49890 -0.50010
vt 0.25030 -0.69870
vt 1.49890 -0.69870
vt 0.25030 -0.50010
vt 1.49890 -0.81910
vt 0.25030 -0.99810
vt 1.49890 -0.99810
vt 0.25030 -0.81910
vt -0.99820 -0.50010
vt -0.99820 -0.69870
vt -0.99820 -0.81910
vt -0.99820 -0.99810
vt 8.99990 -0.70090
vt 8.60720 -0.50010
vt 8.60720 -0.70090
vt 8.99990 -0.50010
vt 8.99990 -0.99810
vt 8.60720 -0.81720
vt 8.60720 -0.99810
vt 8.99990 -0.81720
vt 8.24700 -0.70090
vt 8.24700 -0.81720
vt 8.24700 -0.50010
vt 8.24700 -0.99810
vt 7.90360 -0.70090
vt 7.90360 -0.81720
vt 7.90360 -0.50010
vt 7.90360 -0.99810
vt 7.57710 -0.70090
vt 7.57710 -0.81720
vt 7.57710 -0.50010
vt 7.57710 -0.99810
vt 7.25060 -0.70090
vt 7.25060 -0.81720
vt 7.25060 -0.50010
vt 7.25060 -0.99810
vt 6.96030 -0.70090
vt 6.96030 -0.81720
vt 6.96030 -0.99810
vt 6.96030 -0.50010
vt 6.62310 -0.70090
vt 6.62310 -0.81720
vt 6.62310 -0.50010
vt 6.62310 -0.99810
vt 6.28590 -0.70090
vt 6.28590 -0.81720
vt 6.28590 -0.50010
vt 6.28590 -0.99810
vt 5.98830 -0.70090
vt 5.98830 -0.81720
vt 5.98830 -0.99810
vt 5.98830 -0.50010
vt 5.70380 -0.70090
vt 5.70380 -0.81720
vt 5.70380 -0.50010
vt 5.70380 -0.99810
vt 4.15170 -0.70090
vt 4.15170 -0.81720
vt 4.15170 -0.50010
vt 4.15170 -0.99810
vt 2.80040 -0.70090
vt 2.80040 -0.81720
vt 2.80040 -0.50010
vt 2.80040 -0.99810
vt 1.36000 -0.70090
vt 1.36000 -0.81720
vt 1.36000 -0.50010
vt 1.36000 -0.99810
vt -0.33250 -0.70090
vt -0.33250 -0.81720
vt -0.33250 -0.50010
vt -0.33250 -0.99810
vt -0.74880 -0.70090
vt -0.74880 -0.81720
vt -0.74880 -0.99810
vt -0.74880 -0.50010
vt -1.16510 -0.70090
vt -1.16510 -0.81720
vt -1.16510 -0.50010
vt -1.16510 -0.99810
vt -1.58130 -0.70090
vt -1.58130 -0.81720
vt -1.58130 -0.99810
vt -1.58130 -0.50010
vt -1.99760 -0.70090
vt -1.99760 -0.81720
vt -1.99760 -0.50010
vt -1.99760 -0.99810
vt -2.41390 -0.70090
vt -2.41390 -0.81720
vt -2.41390 -0.50010
vt -2.41390 -0.99810
vt -2.83020 -0.70090
vt -2.83020 -0.81720
vt -2.83020 -0.50010
vt -2.83020 -0.99810
vt -3.24640 -0.70090
vt -3.24640 -0.50010
vt -3.24640 -0.81720
vt -3.24640 -0.99810
vt -3.66270 -0.70090
vt -3.66270 -0.50010
vt -3.66270 -0.81720
vt -3.66270 -0.99810
vt -4.07900 -0.99810
vt -4.07900 -0.81720
vt -4.07900 -0.50010
vt -4.07900 -0.70090
vt -4.49530 -0.70090
vt -4.49530 -0.81720
vt -4.49530 -0.50010
vt -4.49530 -0.99810
vt -0.48870 -0.50010
vt -0.98970 -0.70340
vt -0.98970 -0.50010
vt -0.48870 -0.70340
vt -0.98970 -0.99810
vt -0.48870 -0.81930
vt -0.48870 -0.99810
vt -0.98970 -0.81930
vt 0.01220 -0.81930
vt 0.01220 -0.99810
vt 0.01220 -0.50010
vt 0.01220 -0.70340
vt -1.49070 -0.70340
vt -1.49070 -0.50010
vt -1.49070 -0.99810
vt -1.49070 -0.81930
vt 0.51320 -0.81930
vt 0.51320 -0.99810
vt 0.51320 -0.50010
vt 0.51320 -0.70340
vt -1.99170 -0.70340
vt -1.99170 -0.50010
vt -1.99170 -0.99810
vt -1.99170 -0.81930
vt 1.01420 -0.81930
vt 1.01420 -0.99810
vt 1.01420 -0.50010
vt 1.01420 -0.70340
vt -2.49270 -0.70340
vt -2.49270 -0.50010
vt -2.49270 -0.99810
vt -2.49270 -0.81930
vt 1.51520 -0.81930
vt 1.51520 -0.99810
vt 1.51520 -0.50010
vt 1.51520 -0.70340
vt -2.99370 -0.70340
vt -2.99370 -0.50010
vt -2.99370 -0.99810
vt -2.99370 -0.81930
vt 2.01620 -0.81930
vt 2.01620 -0.99810
vt 2.01620 -0.50010
vt 2.01620 -0.70340
vt -3.49470 -0.50010
vt -3.49470 -0.70340
vt -3.49470 -0.99810
vt -3.49470 -0.81930
vt 2.51720 -0.81930
vt 2.51720 -0.99810
vt 2.51720 -0.50010
vt 2.51720 -0.70340
vt -3.99560 -0.81930
vt -3.99560 -0.99810
vt -3.99560 -0.70340
vt -3.99560 -0.50010
vt 3.01820 -0.70340
vt 3.01820 -0.81930
vt 3.01820 -0.99810
vt 3.01820 -0.50010
vt 3.51910 -0.70340
vt 3.51910 -0.81930
vt 3.51910 -0.99810
vt 3.51910 -0.50010
vt 4.02010 -0.70340
vt 4.02010 -0.81930
vt 4.02010 -0.99810
vt 4.02010 -0.50010
vt 4.52110 -0.70340
vt 4.52110 -0.81930
vt 4.52110 -0.99810
vt 4.52110 -0.50010
vt 5.02210 -0.70340
vt 5.02210 -0.81930
vt 5.02210 -0.99810
vt 5.02210 -0.50010
vt 5.52310 -0.81930
vt 5.52310 -0.70340
vt 5.52310 -0.99810
vt 5.52310 -0.50010
vt 6.02410 -0.81930
vt 6.02410 -0.70340
vt 6.02410 -0.99810
vt 6.02410 -0.50010
vt 1.33200 -0.50010
vt 2.99600 -0.69690
vt 2.99600 -0.50010
vt 1.33200 -0.69690
vt 1.33200 -0.81590
vt 2.99600 -0.99810
vt 2.99600 -0.81590
vt 1.33200 -0.99810
vt -0.33200 -0.69690
vt -0.33200 -0.50010
vt -0.33200 -0.81590
vt -0.33200 -0.99810
vt -1.99600 -0.50010
vt -1.99600 -0.69690
vt -1.99600 -0.81590
vt -1.99600 -0.99810
vt 1.04210 -0.50010
vt 2.04140 -0.70290
vt 1.04210 -0.70290
vt 1.04210 -0.81950
vt 2.04140 -0.81950
vt 1.04210 -0.99810
vt 0.04290 -0.70290
vt 0.04290 -0.50010
vt 0.04290 -0.81950
vt 0.04290 -0.99810
vt 2.49780 -0.82000
vt 1.69870 -0.99810
vt 2.49780 -0.99810
vt 1.69870 -0.82000
vt 1.69870 -0.69900
vt 2.49780 -0.69900
vt 2.49780 -0.50010
vt 1.69870 -0.50010
vt 0.89950 -0.99810
vt 0.89950 -0.82000
vt 0.89950 -0.69900
vt 0.89950 -0.50010
vt 0.10040 -0.99810
vt 0.10040 -0.82000
vt 0.10040 -0.69900
vt 0.10040 -0.50010
vt -0.69870 -0.99810
vt -0.69870 -0.82000
vt -0.69870 -0.69900
vt -0.69870 -0.50010
vt -1.49780 -0.99810
vt -1.49780 -0.82000
vt -1.49780 -0.69900
vt -1.49780 -0.50010
vt 7.25000 0.18130
vt 8.37500 0.30590
vt 7.25000 0.30590
vt 8.37500 0.18130
vt 8.37500 0.49590
vt 7.25000 0.49590
vt 7.25000 -0.00200
vt 8.37500 -0.00200
vt 6.12500 0.18130
vt 6.12500 0.30590
vt 6.12500 0.49590
vt 6.12500 -0.00200
vt 5.00000 0.18130
vt 5.00000 0.30590
vt 5.00000 -0.00200
vt 5.00000 0.49590
vt 3.87500 0.18130
vt 3.87500 0.30590
vt 3.87500 -0.00200
vt 3.87500 0.49590
vt 2.75000 0.18130
vt 2.75000 -0.00200
vt 2.75000 0.49590
vt 2.75000 0.30590
vt 1.62500 0.18130
vt 1.62500 -0.00200
vt 1.62500 0.49590
vt 1.62500 0.30590
vt 0.49990 0.18130
vt 0.49990 -0.00200
vt 0.49990 0.30590
vt 0.49990 0.49590
vt -0.62500 -0.00200
vt -0.62500 0.18130
vt -0.62500 0.49590
vt -0.62500 0.30590
vt -1.75000 0.30590
vt -1.75000 0.18130
vt -1.75000 0.49590
vt -1.75000 -0.00200
vt -2.87500 0.30590
vt -2.87500 0.18130
vt -2.87500 0.49590
vt -2.87500 -0.00200
vt -4.00000 0.30590
vt -4.00000 0.18130
vt -4.00000 0.49590
vt -4.00000 -0.00200
vt -5.12500 0.18130
vt -5.12500 0.30590
vt -5.12500 0.49590
vt -5.12500 -0.00200
vt -6.25000 0.18130
vt -6.25000 0.30590
vt -6.25000 0.49590
vt -6.25000 -0.00200
vt -7.37500 0.18130
vt -7.37500 0.30590
vt -7.37500 0.49590
vt -7.37500 -0.00200
vt -8.50000 0.18130
vt -8.50000 0.30590
vt -8.50000 0.49590
vt -8.50000 -0.00200
vt -9.62500 0.18130
vt -9.62500 0.30590
vt -9.62500 -0.00200
vt -9.62500 0.49590
vt -10.75000 0.18130
vt -10.75000 0.30590
vt -10.75000 -0.00200
vt -10.75000 0.49590
vt -11.87500 0.18130
vt -11.87500 0.30590
vt -11.87500 -0.00200
vt -11.87500 0.49590
vt -13.00000 0.18130
vt -13.00000 0.30590
vt -13.00000 -0.00200
vt -13.00000 0.49590
vt 6.89620 -0.82090
vt 3.69810 -0.70140
vt 3.69810 -0.82090
vt 6.89620 -0.70140
vt 6.89620 -0.50010
vt 3.69810 -0.50010
vt 3.69810 -0.99810
vt 6.89620 -0.99810
vt 0.49990 -0.70140
vt 0.49990 -0.82090
vt 0.49990 -0.50010
vt 0.49990 -0.99810
vt -2.69810 -0.70140
vt -2.69810 -0.82090
vt -2.69810 -0.99810
vt -2.69810 -0.50010
vt -5.89620 -0.70140
vt -5.89620 -0.82090
vt -5.89620 -0.99810
vt -5.89620 -0.50010
vt -9.09430 -0.70140
vt -9.09430 -0.82090
vt -9.09430 -0.50010
vt -9.09430 -0.99810
vt -12.29240 -0.70140
vt -12.29240 -0.82090
vt -12.29240 -0.99810
vt -12.29240 -0.50010
vt -15.49050 -0.70140
vt -15.49050 -0.82090
vt -15.49050 -0.99810
vt -15.49050 -0.50010
vt 16.49050 -0.82090
vt 13.29240 -0.70140
vt 13.29240 -0.82090
vt 16.49050 -0.70140
vt 16.49050 -0.50010
vt 13.29240 -0.50010
vt 16.49050 -0.99810
vt 13.29240 -0.99810
vt 10.09430 -0.70140
vt 10.09430 -0.82090
vt 10.09430 -0.50010
vt 10.09430 -0.99810
vt 7.49030 -0.69360
vt 7.02430 -0.81330
vt 7.49030 -0.81330
vt 7.02430 -0.69360
vt 7.49030 -0.49980
vt 7.02430 -0.49980
vt 7.49030 -0.99780
vt 7.02430 -0.99780
vt 6.55830 -0.81330
vt 6.55830 -0.69360
vt 6.55830 -0.49980
vt 6.55830 -0.99780
vt 6.09230 -0.69360
vt 6.09230 -0.81330
vt 6.09230 -0.49980
vt 6.09230 -0.99780
vt 5.62620 -0.69360
vt 5.62620 -0.81330
vt 5.62620 -0.49980
vt 5.62620 -0.99780
vt 5.16020 -0.69360
vt 5.16020 -0.81330
vt 5.16020 -0.49980
vt 5.16020 -0.99780
vt 4.69420 -0.69360
vt 4.69420 -0.81330
vt 4.69420 -0.49980
vt 4.69420 -0.99780
vt 4.22820 -0.81330
vt 4.22820 -0.69360
vt 4.22820 -0.49980
vt 4.22820 -0.99780
vt 3.76210 -0.81330
vt 3.76210 -0.69360
vt 3.76210 -0.49980
vt 3.76210 -0.99780
vt 3.29610 -0.81330
vt 3.29610 -0.69360
vt 3.29610 -0.49980
vt 3.29610 -0.99780
vt 2.83010 -0.81330
vt 2.83010 -0.69360
vt 2.83010 -0.49980
vt 2.83010 -0.99780
vt 2.36410 -0.81330
vt 2.36410 -0.69360
vt 2.36410 -0.99780
vt 2.36410 -0.49980
vt 1.89800 -0.81330
vt 1.89800 -0.69360
vt 1.89800 -0.99780
vt 1.89800 -0.49980
vt 1.43200 -0.81330
vt 1.43200 -0.69370
vt 1.43200 -0.99780
vt 1.43200 -0.49980
vt 0.96600 -0.81330
vt 0.96600 -0.69370
vt 0.96600 -0.99780
vt 0.96600 -0.49980
vt 0.50000 -0.81330
vt 0.49990 -0.69370
vt 0.50000 -0.99780
vt 0.49990 -0.49980
vt 0.03390 -0.69370
vt 0.03390 -0.81330
vt 0.03390 -0.99780
vt 0.03390 -0.49980
vt -0.43200 -0.69370
vt -0.43200 -0.81330
vt -0.43200 -0.99780
vt -0.43200 -0.49980
vt -0.89800 -0.69370
vt -0.89800 -0.81330
vt -0.89800 -0.99780
vt -0.89800 -0.49980
vt -1.36410 -0.69370
vt -1.36410 -0.81330
vt -1.36410 -0.99780
vt -1.36410 -0.49980
vt -1.83010 -0.69370
vt -1.83010 -0.81330
vt -1.83010 -0.99780
vt -1.83010 -0.49980
vt -2.29610 -0.69370
vt -2.29610 -0.81330
vt -2.29610 -0.49980
vt -2.29610 -0.99780
vt -2.76210 -0.69370
vt -2.76210 -0.81330
vt -2.76210 -0.49980
vt -2.76210 -0.99780
vt -3.22820 -0.69370
vt -3.22820 -0.81330
vt -3.22820 -0.99780
vt -3.22820 -0.49980
vt -3.69420 -0.81330
vt -3.69420 -0.69370
vt -3.69420 -0.49980
vt -3.69420 -0.99780
vt -4.16020 -0.69370
vt -4.16020 -0.81330
vt -4.16020 -0.49980
vt -4.16020 -0.99780
vt -4.62620 -0.69370
vt -4.62620 -0.81330
vt -4.62620 -0.99780
vt -4.62620 -0.49980
vt -5.09230 -0.81330
vt -5.09230 -0.69370
vt -5.09230 -0.99780
vt -5.09230 -0.49980
vt -5.55830 -0.69370
vt -5.55830 -0.81330
vt -5.55830 -0.49980
vt -5.55830 -0.99780
vt -6.02430 -0.69370
vt -6.02430 -0.81330
vt -6.02430 -0.49980
vt -6.02430 -0.99780
vt -6.49030 -0.81330
vt -6.49030 -0.69370
vt -6.49030 -0.49980
vt -6.49030 -0.99780
vt 0.25030 -0.70420
vt 1.49890 -0.70420
vt -0.99820 -0.70420
vt 1.49890 -0.31530
vt 0.25030 -0.31530
vt 1.49890 -0.20040
vt 0.25030 -0.00200
vt 0.25030 -0.20040
vt 1.49890 -0.00200
vt -0.99820 -0.00200
vt -0.99820 -0.20040
vt -0.99820 -0.31530
vt 8.99990 -0.49790
vt 8.60720 -0.31330
vt 8.60720 -0.49790
vt 8.99990 -0.31330
vt 8.99990 -0.70350
vt 8.60720 -0.50220
vt 8.60720 -0.70350
vt 8.99990 -0.50220
vt 8.60720 -0.81610
vt 8.99990 -0.81610
vt 8.60720 -0.00200
vt 8.99990 -0.20070
vt 8.99990 -0.00200
vt 8.60720 -0.20070
vt 8.24700 -0.70350
vt 8.24700 -0.81610
vt 8.24700 -0.20070
vt 8.24700 -0.31330
vt 8.24700 -0.00200
vt 8.24700 -0.49790
vt 8.24700 -0.50220
vt 7.90360 -0.70350
vt 7.90360 -0.81610
vt 7.90360 -0.20070
vt 7.90360 -0.31330
vt 7.90360 -0.00200
vt 7.90360 -0.49790
vt 7.90360 -0.50220
vt 7.57710 -0.70350
vt 7.57710 -0.81610
vt 7.57710 -0.20070
vt 7.57710 -0.31330
vt 7.57710 -0.00200
vt 7.57710 -0.49790
vt 7.57710 -0.50220
vt 7.25060 -0.70350
vt 7.25060 -0.81610
vt 7.25060 -0.20070
vt 7.25060 -0.31330
vt 7.25060 -0.00200
vt 7.25060 -0.49790
vt 7.25060 -0.50220
vt 6.96030 -0.70350
vt 6.96030 -0.81610
vt 6.96030 -0.20070
vt 6.96030 -0.31330
vt 6.96030 -0.00200
vt 6.96030 -0.49790
vt 6.96030 -0.50220
vt 6.62310 -0.70350
vt 6.62310 -0.81610
vt 6.62310 -0.20070
vt 6.62310 -0.31330
vt 6.62310 -0.49790
vt 6.62310 -0.00200
vt 6.62310 -0.50220
vt 6.28590 -0.70350
vt 6.28590 -0.81610
vt 6.28590 -0.20070
vt 6.28590 -0.31330
vt 6.28590 -0.00200
vt 6.28590 -0.49790
vt 6.28590 -0.50220
vt 5.98830 -0.70350
vt 5.98830 -0.81610
vt 5.98830 -0.20070
vt 5.98830 -0.31330
vt 5.98830 -0.49790
vt 5.98830 -0.00200
vt 5.98830 -0.50220
vt 5.70380 -0.70350
vt 5.70380 -0.81610
vt 5.70380 -0.20070
vt 5.70380 -0.31330
vt 5.70380 -0.00200
vt 5.70380 -0.49790
vt 5.70380 -0.50220
vt 4.15170 -0.70350
vt 4.15170 -0.81610
vt 4.15170 -0.20070
vt 4.15170 -0.31330
vt 4.15170 -0.00200
vt 4.15170 -0.49790
vt 4.15170 -0.50220
vt 2.80040 -0.70350
vt 2.80040 -0.81610
vt 2.80040 -0.20070
vt 2.80040 -0.31330
vt 2.80040 -0.00200
vt 2.80040 -0.49790
vt 2.80040 -0.50220
vt 1.36000 -0.70350
vt 1.36000 -0.81610
vt 1.36000 -0.20070
vt 1.36000 -0.31330
vt 1.36000 -0.00200
vt 1.36000 -0.49790
vt 1.36000 -0.50220
vt -0.33250 -0.70350
vt -0.33250 -0.81610
vt -0.33250 -0.20070
vt -0.33250 -0.31330
vt -0.33250 -0.49790
vt -0.33250 -0.00200
vt -0.33250 -0.50220
vt -0.74880 -0.70350
vt -0.74880 -0.81610
vt -0.74880 -0.20070
vt -0.74880 -0.31330
vt -0.74880 -0.49790
vt -0.74880 -0.00200
vt -0.74880 -0.50220
vt -1.16510 -0.70350
vt -1.16510 -0.81610
vt -1.16510 -0.20070
vt -1.16510 -0.31330
vt -1.16510 -0.00200
vt -1.16510 -0.49790
vt -1.16510 -0.50220
vt -1.58130 -0.70350
vt -1.58130 -0.81610
vt -1.58130 -0.20070
vt -1.58130 -0.31330
vt -1.58130 -0.00200
vt -1.58130 -0.49790
vt -1.58130 -0.50220
vt -1.99760 -0.70350
vt -1.99760 -0.81610
vt -1.99760 -0.20070
vt -1.99760 -0.31330
vt -1.99760 -0.00200
vt -1.99760 -0.49790
vt -1.99760 -0.50220
vt -2.41390 -0.70350
vt -2.41390 -0.81610
vt -2.41390 -0.20070
vt -2.41390 -0.31330
vt -2.41390 -0.00200
vt -2.41390 -0.49790
vt -2.41390 -0.50220
vt -2.83020 -0.70350
vt -2.83020 -0.81610
vt -2.83020 -0.20070
vt -2.83020 -0.31330
vt -2.83020 -0.00200
vt -2.83020 -0.49790
vt -2.83020 -0.50220
vt -3.24640 -0.70350
vt -3.24640 -0.50220
vt -3.24640 -0.20070
vt -3.24640 -0.00200
vt -3.24640 -0.31330
vt -3.24640 -0.49790
vt -3.24640 -0.81610
vt -3.66270 -0.20070
vt -3.66270 -0.00200
vt -3.66270 -0.70350
vt -3.66270 -0.50220
vt -3.66270 -0.49790
vt -3.66270 -0.31330
vt -3.66270 -0.81610
vt -4.07900 -0.20070
vt -4.07900 -0.00200
vt -4.07900 -0.49790
vt -4.07900 -0.31330
vt -4.07900 -0.81610
vt -4.07900 -0.50220
vt -4.07900 -0.70350
vt -4.49530 -0.00200
vt -4.49530 -0.20070
vt -4.49530 -0.49790
vt -4.49530 -0.31330
vt -4.49530 -0.70350
vt -4.49530 -0.81610
vt -4.49530 -0.50220
vt -0.48870 -0.31180
vt -0.98970 -0.31180
vt -0.48870 -0.00010
vt -0.98970 -0.20090
vt -0.98970 -0.00010
vt -0.48870 -0.20090
vt -1.49070 -0.20090
vt -1.49070 -0.00010
vt 0.01220 -0.31180
vt -1.49070 -0.31180
vt 0.01220 -0.00010
vt 0.01220 -0.20090
vt -1.99170 -0.20090
vt -1.99170 -0.00010
vt -1.99170 -0.31180
vt 0.51320 -0.31180
vt 0.51320 -0.00010
vt 0.51320 -0.20090
vt -2.49270 -0.20090
vt -2.49270 -0.00010
vt -2.49270 -0.31180
vt 1.01420 -0.31180
vt 1.01420 -0.00010
vt 1.01420 -0.20090
vt 1.51520 -0.31180
vt 1.51520 -0.00010
vt 1.51520 -0.20090
vt -2.99370 -0.20090
vt -2.99370 -0.00010
vt -2.99370 -0.31180
vt 2.01620 -0.31180
vt 2.01620 -0.00010
vt 2.01620 -0.20090
vt -3.49470 -0.00010
vt -3.49470 -0.20090
vt -3.49470 -0.31180
vt 2.51720 -0.31180
vt 2.51720 -0.00010
vt 2.51720 -0.20090
vt -3.99560 -0.20090
vt -3.99560 -0.00010
vt -3.99560 -0.31180
vt 3.01820 -0.20090
vt 3.01820 -0.31180
vt 3.01820 -0.00010
vt 3.51910 -0.20090
vt 3.51910 -0.31180
vt 3.51910 -0.00010
vt 4.02010 -0.20090
vt 4.02010 -0.31180
vt 4.02010 -0.00010
vt 4.52110 -0.20090
vt 4.52110 -0.31180
vt 4.52110 -0.00010
vt 5.02210 -0.20090
vt 5.02210 -0.31180
vt 5.02210 -0.00010
vt 5.52310 -0.31180
vt 5.52310 -0.20090
vt 5.52310 -0.00010
vt 6.02410 -0.20090
vt 6.02410 -0.31180
vt 6.02410 -0.00010
vt -1.69990 -0.99810
vt -1.14990 -0.81610
vt -1.14990 -0.99810
vt -1.69990 -0.81610
vt -1.14990 -0.50010
vt -1.69990 -0.70670
vt -1.69990 -0.50010
vt -1.14990 -0.70670
vt -2.24990 -0.70670
vt -2.24990 -0.50010
vt -2.24990 -0.99810
vt -2.24990 -0.81610
vt -0.59990 -0.81610
vt -0.59990 -0.99810
vt -0.59990 -0.50010
vt -0.59990 -0.70670
vt -2.79990 -0.70670
vt -2.79990 -0.50010
vt -2.79990 -0.99810
vt -2.79990 -0.81610
vt -0.04990 -0.81610
vt -0.04990 -0.99810
vt -0.04990 -0.50010
vt -0.04990 -0.70670
vt -3.34990 -0.70670
vt -3.34990 -0.50010
vt -3.34990 -0.99810
vt -3.34990 -0.81610
vt 0.50000 -0.81610
vt 0.50000 -0.99810
vt 0.50000 -0.50010
vt 0.50000 -0.70670
vt -3.89990 -0.70670
vt -3.89990 -0.50010
vt -3.89990 -0.81610
vt -3.89990 -0.99810
vt 1.04990 -0.81610
vt 1.04990 -0.99810
vt 1.04990 -0.50010
vt 1.04990 -0.70670
vt -4.44990 -0.50010
vt -4.44990 -0.70670
vt -4.44990 -0.99810
vt -4.44990 -0.81610
vt 1.59990 -0.81610
vt 1.59990 -0.99810
vt 1.59990 -0.50010
vt 1.59990 -0.70670
vt -4.99990 -0.70670
vt -4.99990 -0.50010
vt -4.99990 -0.81610
vt -4.99990 -0.99810
vt 2.14990 -0.81610
vt 2.14990 -0.99810
vt 2.14990 -0.50010
vt 2.14990 -0.70670
vt 2.69990 -0.70670
vt 2.69990 -0.81610
vt 2.69990 -0.99810
vt 2.69990 -0.50010
vt 3.24990 -0.70670
vt 3.24990 -0.81610
vt 3.24990 -0.99810
vt 3.24990 -0.50010
vt 3.79990 -0.70670
vt 3.79990 -0.81610
vt 3.79990 -0.99810
vt 3.79990 -0.50010
vt 4.34990 -0.70670
vt 4.34990 -0.81610
vt 4.34990 -0.99810
vt 4.34990 -0.50010
vt 4.89990 -0.70670
vt 4.89990 -0.81610
vt 4.89990 -0.99810
vt 4.89990 -0.50010
vt 5.44990 -0.81610
vt 5.44990 -0.70670
vt 5.44990 -0.99810
vt 5.44990 -0.50010
vt 5.99990 -0.70670
vt 5.99990 -0.81610
vt 5.99990 -0.99810
vt 5.99990 -0.50010
vt 1.33200 -0.50130
vt 2.99600 -0.69350
vt 2.99600 -0.50130
vt 1.33200 -0.69350
vt 1.33200 -0.81570
vt 2.99600 -0.99930
vt 2.99600 -0.81570
vt 1.33200 -0.99930
vt -0.33200 -0.69350
vt -0.33200 -0.50130
vt -0.33200 -0.81570
vt -0.33200 -0.99930
vt -1.99600 -0.50130
vt -1.99600 -0.69350
vt -1.99600 -0.81570
vt -1.99600 -0.99930
vt 0.49990 -0.00140
vt 1.49920 -0.20280
vt 1.49920 -0.00140
vt 0.49990 -0.20280
vt 1.49920 -0.31950
vt 0.49990 -0.49950
vt 1.49920 -0.49950
vt 0.49990 -0.31950
vt -0.49920 -0.49950
vt -0.49920 -0.31950
vt -0.49920 -0.00140
vt -0.49920 -0.20280
vt 0.48610 -0.50370
vt 1.48300 -0.69220
vt 1.48300 -0.50370
vt 0.48610 -0.69220
vt 1.48300 -0.81290
vt 0.48610 -0.99810
vt 1.48300 -0.99810
vt 0.48610 -0.81290
vt 1.48300 -0.81600
vt 0.48610 -0.70050
vt 0.48610 -0.81600
vt 1.48300 -0.70050
vt -0.51070 -0.69220
vt -0.51070 -0.50370
vt -0.51070 -0.81290
vt -0.51070 -0.99810
vt -0.51470 -0.76000
vt -0.51340 -0.70030
vt -0.51470 -0.81600
vt 2.99680 -0.31640
vt 1.99510 -0.50010
vt 2.99680 -0.50010
vt 1.99510 -0.31640
vt 1.99510 -0.19710
vt 2.99680 -0.19710
vt 2.99680 -0.00200
vt 1.99510 -0.00200
vt 0.99340 -0.50010
vt 0.99340 -0.31640
vt 0.99340 -0.19710
vt 0.99340 -0.00200
vt -0.00810 -0.50010
vt -0.00810 -0.31640
vt -0.00810 -0.19710
vt -0.00810 -0.00200
vt -1.00980 -0.50010
vt -1.00980 -0.31640
vt -1.00980 -0.19710
vt -1.00980 -0.00200
vt -2.01150 -0.50010
vt -2.01150 -0.31640
vt -2.01150 -0.19710
vt -2.01150 -0.00200
vt 3.99620 -0.82140
vt 2.59770 -0.99810
vt 3.99620 -0.99810
vt 2.59770 -0.82140
vt 2.59770 -0.69850
vt 3.99620 -0.69850
vt 3.99620 -0.50010
vt 2.59770 -0.50010
vt 1.19920 -0.99810
vt 1.19920 -0.82140
vt 1.19920 -0.69850
vt 1.19920 -0.50010
vt -0.19920 -0.99810
vt -0.19920 -0.82140
vt -0.19920 -0.69850
vt -0.19920 -0.50010
vt -1.59770 -0.99810
vt -1.59770 -0.82140
vt -1.59770 -0.69850
vt -1.59770 -0.50010
vt -2.99620 -0.99810
vt -2.99620 -0.82140
vt -2.99620 -0.69850
vt -2.99620 -0.50010
vt 9.96890 -0.31700
vt 10.96560 -0.19760
vt 9.96890 -0.19760
vt 10.96560 -0.31700
vt 9.96890 -0.00200
vt 10.96560 -0.00200
vt 9.96890 -0.50010
vt 10.96560 -0.50010
vt 8.97220 -0.19760
vt 8.97220 -0.31700
vt 8.97220 -0.50010
vt 8.97220 -0.00200
vt 7.97540 -0.19760
vt 7.97540 -0.31700
vt 7.97540 -0.00200
vt 7.97540 -0.50010
vt 6.97870 -0.31700
vt 6.97870 -0.19760
vt 6.97870 -0.00200
vt 6.97870 -0.50010
vt 5.98200 -0.19760
vt 5.98200 -0.31700
vt 5.98200 -0.00200
vt 5.98200 -0.50010
vt 4.98520 -0.19760
vt 4.98520 -0.31700
vt 4.98520 -0.00200
vt 4.98520 -0.50010
vt 3.98850 -0.31700
vt 3.98850 -0.19760
vt 3.98850 -0.00200
vt 3.98850 -0.50010
vt 2.99180 -0.19760
vt 2.99180 -0.31700
vt 2.99180 -0.50010
vt 2.99180 -0.00200
vt 1.99500 -0.19760
vt 1.99500 -0.31700
vt 1.99500 -0.00200
vt 1.99500 -0.50010
vt 0.99830 -0.31700
vt 0.99830 -0.19760
vt 0.99830 -0.50010
vt 0.99830 -0.00200
vt 0.00160 -0.19760
vt 0.00160 -0.31700
vt 0.00160 -0.00200
vt 0.00160 -0.50010
vt -0.99500 -0.19760
vt -0.99500 -0.31700
vt -0.99500 -0.00200
vt -0.99500 -0.50010
vt -1.99180 -0.31700
vt -1.99180 -0.19760
vt -1.99180 -0.00200
vt -1.99180 -0.50010
vt -2.98850 -0.19760
vt -2.98850 -0.31700
vt -2.98850 -0.00200
vt -2.98850 -0.50010
vt -3.98520 -0.19760
vt -3.98520 -0.31700
vt -3.98520 -0.00200
vt -3.98520 -0.50010
vt -4.98200 -0.31700
vt -4.98200 -0.19760
vt -4.98200 -0.00200
vt -4.98200 -0.50010
vt -5.97870 -0.19760
vt -5.97870 -0.31700
vt -5.97870 -0.00200
vt -5.97870 -0.50010
vt -6.97540 -0.19760
vt -6.97540 -0.31700
vt -6.97540 -0.00200
vt -6.97540 -0.50010
vt -7.97220 -0.31700
vt -7.97220 -0.19760
vt -7.97220 -0.00200
vt -7.97220 -0.50010
vt -8.96890 -0.19760
vt -8.96890 -0.31700
vt -8.96890 -0.50010
vt -8.96890 -0.00200
vt -9.96560 -0.19760
vt -9.96560 -0.31700
vt -9.96560 -0.00200
vt -9.96560 -0.50010
vt -10.96240 -0.31700
vt -10.96240 -0.19760
vt -10.96240 -0.00200
vt -10.96240 -0.50010
vt -11.95910 -0.19760
vt -11.95910 -0.31700
vt -11.95910 -0.00200
vt -11.95910 -0.50010
vt 8.37500 -0.81580
vt 7.25000 -0.69970
vt 7.25000 -0.81580
vt 8.37500 -0.69970
vt 8.37500 -0.99810
vt 7.25000 -0.99810
vt 7.25000 -0.50010
vt 8.37500 -0.50010
vt 6.12500 -0.69970
vt 6.12500 -0.81580
vt 6.12500 -0.99810
vt 6.12500 -0.50010
vt 5.00000 -0.69970
vt 5.00000 -0.81580
vt 5.00000 -0.50010
vt 5.00000 -0.99810
vt 3.87500 -0.81580
vt 3.87500 -0.69970
vt 3.87500 -0.50010
vt 3.87500 -0.99810
vt 2.75000 -0.69970
vt 2.75000 -0.50010
vt 2.75000 -0.99810
vt 2.75000 -0.81580
vt 1.62500 -0.69970
vt 1.62500 -0.50010
vt 1.62500 -0.99810
vt 1.62500 -0.81580
vt 0.49990 -0.69970
vt 0.49990 -0.81580
vt -0.62500 -0.50010
vt -0.62500 -0.69970
vt -0.62500 -0.99810
vt -0.62500 -0.81580
vt -1.75000 -0.81580
vt -1.75000 -0.69970
vt -1.75000 -0.99810
vt -1.75000 -0.50010
vt -2.87500 -0.81580
vt -2.87500 -0.69970
vt -2.87500 -0.99810
vt -2.87500 -0.50010
vt -4.00000 -0.81580
vt -4.00000 -0.69970
vt -4.00000 -0.99810
vt -4.00000 -0.50010
vt -5.12500 -0.69970
vt -5.12500 -0.81580
vt -5.12500 -0.99810
vt -5.12500 -0.50010
vt -6.25000 -0.69970
vt -6.25000 -0.81580
vt -6.25000 -0.99810
vt -6.25000 -0.50010
vt -7.37500 -0.69970
vt -7.37500 -0.81580
vt -7.37500 -0.99810
vt -7.37500 -0.50010
vt -8.50000 -0.69970
vt -8.50000 -0.81580
vt -8.50000 -0.99810
vt -8.50000 -0.50010
vt -9.62500 -0.69970
vt -9.62500 -0.81580
vt -9.62500 -0.50010
vt -9.62500 -0.99810
vt -10.75000 -0.69970
vt -10.75000 -0.81580
vt -10.75000 -0.50010
vt -10.75000 -0.99810
vt -11.87500 -0.69970
vt -11.87500 -0.81580
vt -11.87500 -0.50010
vt -11.87500 -0.99810
vt -13.00000 -0.69970
vt -13.00000 -0.81580
vt -13.00000 -0.50010
vt -13.00000 -0.99810
vt 6.89620 -0.81830
vt 3.69810 -0.69880
vt 3.69810 -0.81830
vt 6.89620 -0.69880
vt 0.49990 -0.69880
vt 0.49990 -0.81830
vt -2.69810 -0.69880
vt -2.69810 -0.81830
vt -5.89620 -0.69880
vt -5.89620 -0.81830
vt -9.09430 -0.69880
vt -9.09430 -0.81830
vt -12.29240 -0.69880
vt -12.29240 -0.81830
vt -15.49050 -0.69880
vt -15.49050 -0.81830
vt 16.49050 -0.81830
vt 13.29240 -0.69880
vt 13.29240 -0.81830
vt 16.49050 -0.69880
vt 10.09430 -0.69880
vt 10.09430 -0.81830
vt 0.00000 0.00000
vt 0.99800 0.31720
vt 0.00190 -0.16950
vt 0.99800 -0.16950
vt 0.00190 0.31720
vt 0.00190 -1.88740
vt 0.99800 -1.88740
vt 0.00190 -3.76790
vt 0.99800 -3.76790
vt 0.99800 -4.51800
vt 0.00190 -4.51800
vt 0.00190 -6.87860
vt 0.99800 -6.87860
vt 0.00190 -9.21590
vt 0.99800 -9.21590
vt 0.00190 -12.58870
vt 0.99800 -12.99810
vt 0.99800 -12.58870
vt 0.00190 -12.99810
vt 0.99800 -11.18830
vt 0.00190 -11.18830
vt 0.99800 -9.62520
vt 0.00190 -9.62520
vt 0.99800 1.25380
vt 0.00190 -0.75820
vt 0.99800 -0.75820
vt 0.00190 1.25380
vt 0.00190 -3.03970
vt 0.99800 -3.03970
vt 0.00190 -3.83630
vt 0.99800 -3.83630
vt 0.00190 -5.99240
vt 0.99800 -5.99240
vt 0.00190 -8.42420
vt 0.99800 -8.42420
vt 0.00190 -13.25200
vt 0.99800 -12.64960
vt 0.00190 -12.64960
vt 0.99800 -13.25200
vt 0.99800 -11.14510
vt 0.00190 -11.14510
vt 0.99800 -9.31480
vt 0.00190 -9.31480
vt 0.99800 -11.99810
vt 0.00190 -11.36910
vt 0.00190 -11.99810
vt 0.99800 -11.36910
vt 0.99800 -9.42730
vt 0.00190 -9.42730
vt 0.99800 -7.00380
vt 0.00190 -7.00380
vt 0.24990 -1.49170
vt 0.00000 -0.50010
vt 0.24990 -0.50010
vt 0.00000 -1.49170
vt 0.99990 -1.49170
vt 0.74990 -0.50010
vt 0.99990 -0.50010
vt 0.74990 -1.49170
vt 0.99990 0.49170
vt 0.74990 0.49170
vt 0.24990 0.49170
vt 0.00000 0.49170
vt 0.49990 -1.49170
vt 0.49990 0.49170
vt 0.24990 -1.49720
vt 0.00000 -1.49720
vt 0.99990 -1.49720
vt 0.74990 -1.49720
vt 0.99990 0.49720
vt 0.74990 0.49720
vt 0.24990 0.49720
vt 0.00000 0.49720
vt 0.49990 -1.49720
vt 0.49990 0.49720
vt 0.24990 0.49710
vt 0.00000 0.49710
vt 0.49990 0.49710
vt 0.24990 -1.49710
vt 0.00000 -1.49710
vt 0.49990 -1.49710
vt 0.99990 0.49710
vt 0.74990 0.49710
vt 0.99990 -1.49710
vt 0.74990 -1.49710
vt 0.24990 -1.49990
vt 0.49990 -1.49990
vt 0.74990 -1.49990
vt 0.49990 0.49990
vt 0.74990 0.49990
vt 0.24990 0.49990
vt 0.00000 -1.49990
vt 0.99990 -1.49990
vt 0.99990 0.49990
vt 0.00000 0.49990
vt 0.24990 -1.50280
vt 0.49990 -1.50280
vt 0.74990 -1.50280
vt 0.49990 0.50280
vt 0.74990 0.50280
vt 0.24990 0.50280
vt 0.00000 -1.50280
vt 0.99990 -1.50280
vt 0.99990 0.50280
vt 0.00000 0.50280
vt 0.24990 -1.49420
vt 0.00000 -1.49420
vt 0.99990 -1.49420
vt 0.74990 -1.49420
vt 0.99990 0.49420
vt 0.74990 0.49420
vt 0.24990 0.49420
vt 0.00000 0.49420
vt 0.49990 -1.49420
vt 0.49990 0.49420
vt 0.99990 2.57980
vt 1.99990 2.16300
vt 1.99990 2.57980
vt 0.99990 2.16300
vt -0.96790 2.57980
vt 0.01530 2.16300
vt 0.01530 2.57980
vt -0.96790 2.16300
vt 1.99990 1.74630
vt 0.99990 1.74630
vt 0.99990 2.99650
vt 1.99990 2.99650
vt -0.96790 2.99650
vt 0.01530 2.99650
vt 0.01530 1.74630
vt -0.96790 1.74630
vt 0.99990 -1.58730
vt 1.99990 -2.00400
vt 1.99990 -1.58730
vt 0.99990 -2.00400
vt -0.96790 -1.58730
vt 0.01530 -2.00400
vt 0.01530 -1.58730
vt -0.96790 -2.00400
vt 1.99990 1.32960
vt 0.99990 1.32960
vt 0.01530 1.32960
vt -0.96790 1.32960
vt 1.99990 0.91290
vt 0.99990 0.91290
vt 0.99990 -1.17060
vt 1.99990 -1.17060
vt 0.01530 0.91290
vt -0.96790 0.91290
vt -0.96790 -1.17060
vt 0.01530 -1.17060
vt 1.99990 0.49620
vt 0.99990 0.49620
vt 0.99990 -0.75390
vt 1.99990 -0.75390
vt -0.96790 -0.75390
vt 0.01530 -0.75390
vt 0.01530 0.49620
vt -0.96790 0.49620
vt 0.99990 0.07950
vt 1.99990 0.07950
vt 0.99990 -0.33720
vt 1.99990 -0.33720
vt 0.01530 -0.33720
vt -0.96790 -0.33720
vt 0.01530 0.07950
vt -0.96790 0.07950
vt 0.99800 0.35180
vt 0.00190 -1.99990
vt 0.99800 -1.99990
vt 0.00190 0.35180
vt 0.99800 0.99800
vt 0.00190 0.99800
vt 0.74990 0.00190
vt 0.99800 0.49780
vt 0.99800 0.00190
vt 0.74990 0.49780
vt 0.74990 1.90370
vt 0.99800 1.90370
vt 0.99800 2.37840
vt 0.74990 2.37840
vt 0.99800 3.00130
vt 0.74990 3.00130
vt 0.53040 -0.15380
vt 1.02840 -3.06330
vt 1.02840 -0.15380
vt 0.53040 -3.06330
vt 1.02840 0.50740
vt 0.53040 0.50740
vt 1.99990 -1.00010
vt 0.99990 -2.00000
vt 0.99990 -1.00010
vt 1.99990 -2.00000
vt 0.00000 -1.23290
vt 0.99990 -1.37510
vt 0.00000 -0.83960
vt 0.00000 -1.60000
vt 0.00000 -1.93320
vt 1.72790 -1.90000
vt 0.77410 -2.00000
vt 1.97650 -2.00000
vt 1.00020 -1.90000
vt -0.01590 -1.90010
vt -0.21160 -2.00000
vt -0.73870 -1.90020
vt -0.97650 -2.00000
vt 1.72790 -1.09990
vt 1.97650 -1.00010
vt -0.97650 -1.00010
vt -0.73870 -1.10010
vt 0.77410 -1.00010
vt 1.00020 -1.09990
vt -0.01590 -1.10000
vt -0.21160 -1.00010
vt 0.50090 -12.99910
vt 3.00370 -12.00100
vt 0.50090 -12.00100
vt 3.00370 -12.99910
vt 2.99240 -12.99910
vt 0.49900 -12.00100
vt 0.49900 -12.99910
vt 2.99240 -12.00100
vt -2.00170 -12.00100
vt -2.00170 -12.99910
vt -1.99440 -12.99910
vt -1.99440 -12.00100
vt -2.00190 -12.00000
vt 0.49990 -11.00200
vt 0.49990 -12.00000
vt -2.00190 -11.00200
vt -2.01130 -11.00010
vt 0.49990 -11.99810
vt -2.01130 -11.99810
vt 0.49990 -11.00010
vt 3.00190 -12.00000
vt 3.00190 -11.00200
vt 3.01130 -11.00010
vt 3.01130 -11.99810
vt -0.12730 -1.00000
vt 0.24760 -0.25440
vt 0.24760 -1.00000
vt -0.12730 -0.25440
vt -0.75430 -1.00000
vt -0.75430 -0.25440
vt 0.62250 -1.00000
vt 0.62250 -0.25440
vt 1.24950 -0.25440
vt 1.24950 -1.00000
vt 0.84870 -1.00000
vt 1.50020 -0.00010
vt 1.50020 -1.00000
vt 0.84870 -0.00010
vt 0.17170 -1.00000
vt 0.17170 -0.00010
vt -0.50020 -0.00010
vt -0.50020 -1.00000
vt 1.92780 -0.00010
vt 2.24030 -1.00000
vt 1.92780 -1.00000
vt 2.24030 -0.00010
vt 1.58680 -1.00000
vt 1.58680 -0.00010
vt 0.18030 -1.00000
vt 0.18030 -0.00010
vt -1.24030 -1.00000
vt -1.24030 -0.00010
vt -1.00590 -11.99370
vt 1.00330 -13.01720
vt 1.00330 -11.99370
vt -1.00590 -13.01720
vt -1.00590 -10.97010
vt 1.00330 -10.97010
vt 3.01250 -11.99370
vt 3.01250 -13.01720
vt 3.01250 -10.97010
vt -2.00610 -10.99990
vt 0.50000 -12.02160
vt 0.50000 -10.99990
vt -2.00610 -12.02160
vt 0.50000 -12.02840
vt -2.00610 -12.02840
vt -2.00610 -9.97820
vt 0.50000 -9.97820
vt -2.00610 -9.97140
vt 0.50000 -9.97140
vt 3.00610 -10.99990
vt 3.00610 -12.02160
vt 3.00610 -12.02840
vt 3.00610 -9.97820
vt 3.00610 -9.97140
vt 1.00750 -0.98950
vt 1.59180 -0.71400
vt 1.59180 -0.98950
vt 1.00750 -0.71400
vt 0.50400 -0.98950
vt 0.50400 -0.71400
vt 0.00040 -0.98950
vt 0.00040 -0.71400
vt -0.74520 -0.71400
vt -0.74520 -0.98950
vt -0.75340 -0.53510
vt -0.05020 0.00090
vt -0.75340 0.00090
vt -0.05020 -0.53510
vt 0.41520 -0.53510
vt 0.41520 0.00090
vt 1.00180 0.00090
vt 1.00180 -0.53510
vt 1.61970 -0.53510
vt 1.61970 0.00090
vt 1.00750 -0.00160
vt 1.59180 -0.50580
vt 1.00750 -0.50580
vt 1.59180 -0.00160
vt 0.50400 -0.50580
vt 0.50400 -0.00160
vt 0.00040 -0.50580
vt 0.00040 -0.00160
vt -0.74520 -0.50580
vt -0.74520 -0.00160
vt -0.05020 -1.00090
vt -0.75340 -0.68470
vt -0.75340 -1.00090
vt -0.05020 -0.68470
vt 0.41520 -1.00090
vt 0.41520 -0.68470
vt 1.00180 -1.00090
vt 1.00180 -0.68470
vt 1.61970 -1.00090
vt 1.61970 -0.68470
vt 0.66660 -0.99920
vt 0.99990 -0.44590
vt 0.99990 -1.22160
vt 0.66660 -0.75860
vt 0.66660 -0.00090
vt 0.99990 0.05930
vt 0.66660 -0.22950
vt 0.00000 -1.33590
vt 0.99990 -1.52830
vt 0.00000 0.51630
vt 0.99990 0.63650
vt 0.00000 -1.64860
vt 0.99990 -1.88910
vt 0.00000 0.75680
vt 0.99990 0.99740
vt 0.99990 -9.50010
vt 0.00000 -11.74020
vt 0.99990 -11.74020
vt 0.00000 -9.50010
vt 0.99990 -7.25990
vt 0.00000 -7.25990
vt -0.98430 -12.00200
vt 0.50000 -13.00000
vt -0.98430 -13.00000
vt 0.50000 -12.00200
vt -0.99700 -12.99810
vt 0.50000 -12.00010
vt 0.50000 -12.99810
vt -0.99700 -12.00010
vt 1.98430 -12.00200
vt 1.98430 -13.00000
vt 1.99700 -12.99810
vt 1.99700 -12.00010
vt -0.99630 -11.00200
vt -0.99630 -12.00000
vt -0.99630 -11.99810
vt -0.99630 -11.00010
vt 1.99630 -11.00200
vt 1.99630 -12.00000
vt 1.99630 -11.99810
vt 1.99630 -11.00010
vt 0.00000 -13.00000
vt 0.24990 -12.15290
vt 0.24990 -13.00000
vt 0.00000 -12.15290
vt 0.74990 -12.15290
vt 0.99990 -13.00000
vt 0.74990 -13.00000
vt 0.99990 -12.15290
vt 0.24990 -10.90010
vt 0.00000 -10.90010
vt 0.99990 -10.90010
vt 0.74990 -10.90010
vt 0.00000 -12.00010
vt 0.99990 -12.00010
vt 0.49990 -12.15290
vt 0.49990 -10.90010
vt 0.49990 -13.00000
vt 0.00000 -9.65170
vt 0.24990 -9.65170
vt 0.99990 -9.65170
vt 0.74990 -9.65170
vt 0.49990 -9.65170
vt 0.24990 -8.71090
vt 0.49990 -8.71090
vt 0.00000 -8.71090
vt 0.74990 -8.71090
vt 0.99990 -8.71090
vt 0.24990 -7.65870
vt 0.49990 -7.65870
vt 0.00000 -7.65870
vt 0.74990 -7.65870
vt 0.99990 -7.65870
vt 0.24990 -6.60650
vt 0.49990 -6.60650
vt 0.00000 -6.60650
vt 0.74990 -6.60650
vt 0.99990 -6.60650
vt 0.24990 -5.56320
vt 0.49990 -5.56320
vt 0.00000 -5.56320
vt 0.74990 -5.56320
vt 0.99990 -5.56320
vt 0.24990 -4.54670
vt 0.49990 -4.54670
vt 0.00000 -4.54670
vt 0.74990 -4.54670
vt 0.99990 -4.54670
vt 0.49990 -3.62370
vt 0.74990 -3.62370
vt 0.99990 -3.62370
vt 0.24990 -3.62370
vt 0.00000 -3.62370
vt 0.24990 -2.61160
vt 0.49990 -2.61160
vt 0.00000 -2.61160
vt 0.74990 -2.61160
vt 0.99990 -2.61160
vt 0.24990 -1.61740
vt 0.49990 -1.61740
vt 0.00000 -1.61740
vt 0.74990 -1.61740
vt 0.99990 -1.61740
vt 0.24990 -0.66770
vt 0.49990 -0.66770
vt 0.00000 -0.66770
vt 0.74990 -0.66770
vt 0.99990 -0.66770
vt 0.24990 -10.00000
vt 0.00000 -9.37550
vt 0.00000 -10.00000
vt 0.24990 -9.37550
vt 0.99990 -10.00000
vt 0.74990 -9.37550
vt 0.74990 -10.00000
vt 0.99990 -9.37550
vt 0.24990 -8.24390
vt 0.00000 -8.24390
vt 0.99990 -8.24390
vt 0.74990 -8.24390
vt 0.00000 -9.00010
vt 0.99990 -9.00010
vt 0.49990 -9.37550
vt 0.49990 -8.24390
vt 0.49990 -10.00000
vt 0.00000 -7.02930
vt 0.24990 -7.02930
vt 0.99990 -7.02930
vt 0.74990 -7.02930
vt 0.49990 -7.02930
vt 0.24990 -6.30790
vt 0.00000 -6.30790
vt 0.49990 -6.30790
vt 0.99990 -6.30790
vt 0.74990 -6.30790
vt 0.00000 -5.60500
vt 0.24990 -5.60500
vt 0.49990 -5.60500
vt 0.99990 -5.60500
vt 0.74990 -5.60500
vt 0.99990 -4.96200
vt 0.74990 -4.96200
vt 0.49990 -4.96200
vt 0.24990 -4.96200
vt 0.00000 -4.96200
vt 0.00000 -4.22680
vt 0.24990 -4.22680
vt 0.49990 -4.22680
vt 0.99990 -4.22680
vt 0.74990 -4.22680
vt 0.24990 -3.54230
vt 0.00000 -3.54230
vt 0.49990 -3.54230
vt 0.99990 -3.54230
vt 0.74990 -3.54230
vt 0.24990 -2.74260
vt 0.00000 -2.74260
vt 0.49990 -2.74260
vt 0.99990 -2.74260
vt 0.74990 -2.74260
vt 0.00000 -2.03050
vt 0.24990 -2.03050
vt 0.49990 -2.03050
vt 0.99990 -2.03050
vt 0.74990 -2.03050
vt 0.24990 -1.10170
vt 0.00000 -1.10170
vt 0.49990 -1.10170
vt 0.99990 -1.10170
vt 0.74990 -1.10170
vt 0.00000 -0.35730
vt 0.24990 -0.35730
vt 0.49990 -0.35730
vt 0.99990 -0.35730
vt 0.74990 -0.35730
vt 1.99990 -0.00010
vt 0.00000 -2.00000
vt 0.00000 -0.00010
vt 1.49990 -0.00200
vt 0.81860 -0.19630
vt 1.49990 -0.19630
vt 0.81860 -0.00200
vt 1.49990 -0.31760
vt 0.81860 -0.50000
vt 1.49990 -0.50000
vt 0.81860 -0.31760
vt -6.25020 -0.00200
vt -6.25020 -0.19630
vt -6.25020 -0.31760
vt -6.25020 -0.50000
vt 1.99990 -0.50010
vt 1.34330 -0.69740
vt 1.99990 -0.69740
vt 1.34330 -0.50010
vt 1.99990 -0.82180
vt 1.34330 -0.99810
vt 1.99990 -0.99810
vt 1.34330 -0.82180
vt 0.00190 -0.50010
vt 0.00190 -0.69740
vt 0.00190 -0.82180
vt 0.00190 -0.99810
vt 1.29040 -0.69670
vt 1.99990 -0.69670
vt 1.29040 -0.50010
vt 1.99990 -0.82100
vt 1.29040 -0.99810
vt 1.29040 -0.82100
vt 0.00190 -0.69670
vt 0.00190 -0.82100
vt 0.16650 2.49990
vt -0.16680 2.66660
vt 0.16650 2.66660
vt -0.16680 2.49990
vt 0.49990 2.49990
vt 0.49990 2.66660
vt 0.16650 2.83330
vt -0.16680 2.83330
vt 0.49990 2.83330
vt 0.37490 2.33330
vt 0.37490 2.66660
vt 0.49990 2.33330
vt 0.24990 2.33330
vt 0.24990 2.66660
vt 0.16650 1.96630
vt -0.16680 2.16660
vt 0.16650 2.16660
vt -0.16680 1.96630
vt 0.49990 1.96630
vt 0.49990 2.16660
vt -0.16680 1.90350
vt 0.16650 1.77180
vt -0.16680 1.77180
vt 0.16650 1.90350
vt 0.49990 1.77180
vt 0.49990 1.90350
vt -0.16680 1.59980
vt 0.16650 1.59980
vt 0.49990 1.59980
vt 0.37490 2.99990
vt 0.49990 2.99990
vt -0.16680 1.13490
vt 0.16650 1.13490
vt 0.24990 2.99990
vt 0.49990 1.13490
vt 0.16650 2.33330
vt -0.16680 2.33330
vt -0.16680 1.96110
vt 0.16650 1.96110
vt 0.49990 1.96110
vt 0.16650 2.99990
vt -0.16680 2.99990
vt 0.62490 2.66660
vt 0.62490 2.33330
vt 0.49990 2.00000
vt 0.37490 2.00000
vt -0.16680 0.44000
vt 0.16650 0.44000
vt 0.49990 0.44000
vt 0.24990 2.00000
vt 0.62490 2.99990
vt 0.62490 2.00000
vt 0.62490 2.49990
vt -0.50020 2.66660
vt -0.50020 2.49990
vt -0.50020 2.83330
vt -0.16680 -0.70940
vt 0.16650 -0.70940
vt 0.49990 -0.70940
vt 0.12490 2.66660
vt 0.12490 2.33330
vt 0.50940 2.00000
vt 0.99310 2.45980
vt 0.51610 2.45980
vt 0.99990 2.00680
vt 0.74990 2.00000
vt 0.74990 2.49990
vt 0.12490 2.99990
vt 0.83340 2.66660
vt 0.83340 2.49990
vt 0.83340 2.83330
vt 0.74990 2.99990
vt 0.12490 2.00000
vt 0.37490 2.49990
vt -0.50020 2.99990
vt 0.87490 2.49990
vt 0.87490 2.00000
vt 0.87490 2.99990
vt 0.83340 2.99990
vt -0.50020 2.33330
vt 0.14710 2.61030
vt 0.55840 2.72290
vt 0.26400 2.34630
vt 0.40250 2.81810
vt 0.24990 2.49990
vt 0.99990 2.49990
vt 0.99990 2.99990
vt 0.83340 2.33330
vt 0.12490 2.49990
vt -0.50020 0.44000
vt -0.50020 -0.70940
vt -0.50020 1.13490
vt -0.50020 1.59980
vt -0.50020 1.77180
vt -0.50020 1.90350
vt -0.50020 1.96630
vt -0.50020 2.16660
vt 0.83340 0.44000
vt 0.83340 -0.70940
vt 0.00000 2.99990
vt 0.00000 2.49990
vt 0.83340 1.13490
vt 0.83340 1.59980
vt 0.83340 1.77180
vt 0.99990 2.00000
vt 0.83340 1.90350
vt 0.83340 1.96630
vt 0.83340 2.16660
vt -0.50020 1.96110
vt 0.74990 2.33330
vt 0.00000 2.40320
vt 0.02590 2.19460
vt 0.83340 1.96110
vt 0.74990 2.66660
vt 0.00000 2.00000
vt 0.00000 2.33330
vt 1.50020 -0.70940
vt 1.16680 0.44000
vt 1.50020 0.44000
vt 1.16680 -0.70940
vt 0.00000 2.66660
vt 1.16680 2.99990
vt 1.50020 2.83330
vt 1.16680 2.83330
vt 1.50020 2.99990
vt 0.87490 2.33330
vt 0.99990 2.33330
vt 0.87490 2.66660
vt 1.50020 1.13490
vt 1.16680 1.13490
vt 0.99990 2.66660
vt 1.50020 2.33330
vt 1.16680 2.49990
vt 1.50020 2.49990
vt 1.16680 2.33330
vt 1.50020 2.66660
vt 1.16680 2.66660
vt 1.16680 1.59980
vt 1.50020 1.59980
vt 1.16680 2.16660
vt 1.50020 2.16660
vt 1.16680 1.77180
vt 1.50020 1.77180
vt 1.16680 1.90350
vt 1.50020 1.96110
vt 1.50020 1.90350
vt 1.16680 1.96110
vt 1.16680 1.96630
vt 1.50020 1.96630
vt 0.89610 2.25970
vt 0.86580 2.00000
vt 0.48050 2.00000
vt 1.75690 -0.83340
vt 1.57730 -1.00000
vt 1.75690 -1.00000
vt 1.57730 -0.83420
vt 0.91300 -0.83420
vt 0.50000 -1.00000
vt 0.91300 -1.00000
vt 0.50000 -0.83420
vt 0.08690 -1.00000
vt 0.08690 -0.83420
vt -0.57730 -1.00000
vt -0.57730 -0.83420
vt 1.75690 -0.16670
vt 1.57730 -0.00010
vt 1.57730 -0.16590
vt 1.75690 -0.00010
vt 0.91520 -0.16450
vt 0.58050 -0.00010
vt 0.58050 -0.16450
vt 0.91520 -0.00010
vt 0.24590 -0.00010
vt 0.24590 -0.16450
vt 0.08690 -0.16590
vt -0.57730 -0.00010
vt -0.57730 -0.16590
vt 0.08690 -0.00010
vt -0.75690 -1.00000
vt -0.75690 -0.83340
vt -0.75690 -0.16670
vt 0.91300 -0.00010
vt 0.91300 -0.16590
vt -0.75690 -0.00010
vt 0.78500 -0.83420
vt 1.35500 -1.00000
vt 0.78500 -1.00000
vt 1.35500 -0.83420
vt 0.21490 -0.83420
vt 0.21490 -1.00000
vt -0.49750 -0.83340
vt -0.35500 -1.00000
vt -0.49750 -1.00000
vt -0.35500 -0.83420
vt 0.78500 -0.16590
vt 1.35500 -0.00010
vt 1.35500 -0.16590
vt 0.78500 -0.00010
vt 0.21490 -0.16590
vt 0.21490 -0.00010
vt -0.49750 -0.16670
vt -0.35500 -0.00010
vt -0.35500 -0.16590
vt -0.49750 -0.00010
vt 1.49750 -1.00000
vt 1.49750 -0.83340
vt 1.49750 -0.16670
vt 1.49750 -0.00010
vt -0.89520 -0.83340
vt -0.99660 -1.00000
vt -0.89520 -1.00000
vt -0.99660 -0.83340
vt -0.99660 -0.16670
vt -0.89520 -0.16670
vt -0.89520 -0.00010
vt -0.99660 -0.00010
vt -0.73290 -1.00000
vt -0.73290 -0.83340
vt -0.73290 -0.16670
vt -0.73290 -0.00010
vt -0.50960 -1.00000
vt -0.50960 -0.83340
vt -0.50960 -0.00010
vt -0.50960 -0.16670
vt -0.26610 -1.00000
vt -0.26610 -0.83340
vt -0.26610 -0.16670
vt -0.26610 -0.00010
vt 0.73840 -0.83340
vt 0.73840 -1.00000
vt 0.73840 -0.16670
vt 0.73840 -0.00010
vt 1.75310 -0.83340
vt 1.75310 -1.00000
vt 1.75310 -0.16670
vt 1.75310 -0.00010
vt 1.89510 -0.83340
vt 1.89510 -1.00000
vt 1.89510 -0.16670
vt 1.89510 -0.00010
vt 1.99660 -1.00000
vt 1.99660 -0.83340
vt 1.99660 -0.16670
vt 1.99660 -0.00010
vt -1.65390 -0.87150
vt -0.79230 -0.99810
vt -1.65390 -0.99810
vt -0.79230 -0.87150
vt 1.79230 -0.87150
vt 2.65390 -0.99810
vt 1.79230 -0.99810
vt 2.65390 -0.87150
vt 0.06920 -0.87150
vt 0.06920 -0.99810
vt -2.51550 -0.87150
vt -2.51550 -0.99810
vt 0.93070 -0.99810
vt 0.93070 -0.87150
vt 3.51550 -0.99810
vt 3.51550 -0.87150
vt 0.12010 -0.00200
vt 0.00020 -0.99810
vt 0.00020 -0.00200
vt 0.12010 -0.99810
vt 0.12470 -0.00200
vt 0.12470 -0.99810
vt 3.53630 -0.99810
vt 2.65950 -0.87880
vt 3.53630 -0.87880
vt 2.65950 -0.99810
vt 2.32710 -0.99810
vt 2.32710 -0.87880
vt 3.86870 -0.99810
vt 3.86870 -0.87880
vt 1.99480 -0.87880
vt 1.99480 -0.99810
vt 4.20110 -0.99810
vt 4.20110 -0.87880
vt 0.24690 -0.99810
vt 0.24690 -0.87880
vt 5.49600 -0.99810
vt 5.49600 -0.87880
vt -0.99570 -0.87880
vt -0.99570 -0.99810
vt 7.25690 -0.87880
vt 7.25690 -0.99810
vt 1.70310 -0.87230
vt 2.37250 -0.99810
vt 1.70310 -0.99810
vt 2.37250 -0.87230
vt 1.32510 -0.87230
vt 1.32510 -0.99810
vt 2.75820 -0.87230
vt 2.75820 -0.99810
vt 0.93940 -0.87230
vt 0.93940 -0.99810
vt 3.15920 -0.99810
vt 3.15920 -0.87230
vt -0.51220 -0.99810
vt -0.51220 -0.87230
vt 4.74130 -0.99810
vt 4.74130 -0.87230
vt -1.99470 -0.99810
vt -1.99470 -0.87230
vt 6.74990 -0.99810
vt 6.74990 -0.87230
vt -0.46160 -0.00100
vt 0.02520 -0.11990
vt -0.46160 -0.11990
vt 0.02520 -0.00100
vt -1.24490 -0.11990
vt -1.24490 -0.00100
vt 0.51210 -0.11990
vt 0.51210 -0.00100
vt 1.29530 -0.11990
vt 1.29530 -0.00100
vt 0.12670 -0.25710
vt 0.00650 -1.02040
vt 0.00650 -0.25710
vt 0.12670 -1.02040
vt 0.00360 -1.00260
vt 0.11480 -0.28330
vt 0.11480 -1.00260
vt 0.00360 -0.28330
vt 0.06720 0.00540
vt -0.50470 -0.11730
vt -0.50470 0.00540
vt 0.06730 -0.11730
vt -1.42490 0.00540
vt -1.42490 -0.11730
vt 0.63930 0.00540
vt 0.63930 -0.11730
vt 1.55950 0.00540
vt 1.55950 -0.11730
vt 1.75360 -0.50010
vt 3.00730 -0.75000
vt 3.00730 -0.50010
vt 1.75360 -0.75010
vt 0.50000 -0.75010
vt -0.75360 -0.50010
vt -0.75360 -0.75010
vt -2.00730 -0.50010
vt -2.00730 -0.75000
vt 1.75360 -0.25010
vt 0.50000 -0.25010
vt -0.75360 -0.25010
vt -2.00730 -0.25010
vt 3.00730 -0.25010
vt -0.75360 -1.00000
vt 3.00730 -1.00000
vt 1.75360 -1.00000
vt -2.00730 -1.00000
vt -2.00730 -0.00010
vt -0.75360 -0.00010
vt 0.50000 -0.00010
vt 1.75360 -0.00010
vt 3.00730 -0.00010
vt 0.63390 0.99990
vt 0.36600 0.99990
vt 0.37200 0.97750
vt 0.62790 0.97750
vt 0.86600 0.86600
vt 0.13390 0.86600
vt 0.84950 0.84950
vt 0.15040 0.84950
vt 0.99990 0.63390
vt 0.00000 0.63390
vt 0.97750 0.62790
vt 0.02240 0.62790
vt 0.99990 0.36600
vt 0.00000 0.36600
vt 0.97750 0.37200
vt 0.02240 0.37200
vt 0.84950 0.15040
vt 0.15040 0.15040
vt 0.86600 0.13390
vt 0.13390 0.13390
vt 0.63390 0.00000
vt 0.36600 0.00000
vt 0.62790 0.02240
vt 0.37200 0.02240
vt 0.36360 0.00190
vt 0.63630 0.99800
vt 0.36360 0.99800
vt 0.63630 0.00190
vt 0.90910 0.99800
vt 0.90910 0.00190
vt 0.09080 0.00190
vt 0.09080 0.99800
vt -0.18190 0.00190
vt -0.18190 0.99800
vt 1.18190 0.99800
vt 1.18190 0.00190
vt 1.45460 0.99800
vt 1.45460 0.00190
vt -0.45460 0.00190
vt -0.45460 0.99800
vt 1.72740 0.99800
vt 1.72740 0.00190
vt -0.72740 0.00190
vt -0.72740 0.99800
vt -1.00010 0.99800
vt -1.00010 0.00190
vt 2.00010 0.99800
vt 2.00010 0.00190
vt 0.00190 -1.87480
vt 0.99800 -1.99130
vt 0.00190 -1.99130
vt 0.99800 -1.87480
vt 0.00190 -1.71200
vt 0.99800 -1.71200
vt 0.00190 -1.54410
vt 0.99800 -1.54410
vt 0.20110 -1.97190
vt 0.40030 -1.55310
vt 0.40030 -1.97190
vt 0.20110 -1.55310
vt 0.59960 -1.55310
vt 0.59960 -1.97190
vt 0.79880 -1.97190
vt 0.79880 -1.55310
vt 0.00190 -1.55310
vt 0.00190 -1.97190
vt 0.99800 -1.97190
vt 0.99800 -1.55310
vt 0.33390 -1.55310
vt 0.33390 -1.97190
vt 0.66600 -1.55310
vt 0.66600 -1.97190
vt 0.99990 0.99990
vt 0.00000 0.99990
vt 0.99990 0.00000
vt 0.99850 -0.30210
vt 0.49990 -0.22600
vt 0.99850 -0.22600
vt 0.49990 -0.30210
vt 0.49990 0.00220
vt 0.99850 -0.07380
vt 0.49990 -0.07380
vt 0.99850 0.00220
vt 0.00140 -0.22600
vt 0.00140 -0.30210
vt 0.00140 -0.07380
vt 0.00140 0.00220
vt 0.99850 -0.14990
vt 0.49990 -0.14990
vt 0.00140 -0.14990
vt 0.00010 -0.99810
vt -0.49970 -0.50010
vt -0.49970 -0.99810
vt 0.00010 -0.50010
vt 0.99980 -0.99810
vt 0.99980 -0.50010
vt 1.49970 -0.99810
vt 1.49970 -0.50010
vt 0.00010 -0.00200
vt -0.49970 -0.00200
vt 0.99980 -0.00200
vt 1.49970 -0.00200
vt -0.75200 -0.99810
vt -2.00400 -0.00200
vt -2.00400 -0.99810
vt -0.75200 -0.00200
vt 1.75200 -0.00200
vt 1.75200 -0.99810
vt 3.00400 -0.00200
vt 3.00400 -0.99810
vt 0.00530 -0.83570
vt 2.00270 -1.17130
vt 2.00270 -0.83570
vt 0.00530 -1.17130
vt 2.00270 -1.50700
vt 0.00530 -1.50700
vt 0.00530 -0.50010
vt 2.00270 -0.50010
vt 0.00530 0.50700
vt 2.00270 0.17130
vt 2.00270 0.50700
vt 0.00530 0.17130
vt 2.00270 -0.16440
vt 0.00530 -0.16440
vt 0.92850 -0.73350
vt 0.07130 -0.73350
vt 0.77420 -1.01480
vt 0.77420 -0.18940
vt 0.77420 -1.22120
vt 0.69080 -1.22120
vt 0.69080 -0.18940
vt 0.69080 -1.01480
vt 1.00040 -1.15730
vt 0.00000 -0.21570
vt 0.00000 -1.15730
vt 1.00040 -0.21570
vt 0.00000 0.72590
vt 1.00040 0.72590
vt 1.00040 -2.09890
vt 0.00000 -2.09890
vt 0.00000 1.66750
vt 1.00040 1.66750
vt 1.00040 -3.04050
vt 0.00000 -3.04050
vt 0.00000 2.60920
vt 1.00040 2.60920
vt 1.00040 -3.98220
vt 0.00000 -3.98220
vt 1.00040 -4.92380
vt 0.00000 -4.92380
vt 0.00000 3.55080
vt 1.00040 3.55080
vt 0.00000 4.49250
vt 1.00040 4.49250
vt 0.00000 -5.99990
vt 1.00040 -5.99990
vt 0.67980 -0.85970
vt 0.50000 -0.49990
vt 0.85960 -0.50010
vt 0.67980 -0.14030
vt 0.32020 -0.85970
vt 0.32020 -0.14030
vt 0.14030 -0.50010
vt 3.44860 -0.98510
vt 2.79870 -0.64840
vt 3.44860 -0.64950
vt 2.79870 -0.98510
vt 2.30560 -0.64840
vt 2.30560 -0.98510
vt 1.49900 -0.98400
vt 1.49900 -0.64840
vt -0.20720 -0.98400
vt -0.20720 -0.64840
vt -1.66370 -0.98510
vt -1.66370 -0.64840
vt -2.31360 -0.98510
vt -2.31360 -0.64840
vt 3.90810 -0.64950
vt -2.96340 -0.64840
vt -0.80600 -0.64840
vt 0.06730 -0.98400
vt 0.06730 -0.64840
vt -0.80600 -0.98400
vt 0.94070 -0.64840
vt 1.81420 -0.98400
vt 1.81420 -0.64840
vt 0.94070 -0.98400
vt -0.99700 -0.64840
vt 1.99700 -0.64840
vt -0.67000 -0.98400
vt -0.28310 -0.64840
vt -0.28310 -0.98400
vt -0.67000 -0.64840
vt 0.10380 -0.98400
vt 0.10380 -0.64840
vt 0.29440 -0.64840
vt 0.29440 -0.98400
vt 1.95410 -0.64840
vt 1.95410 -0.98400
vt 3.77490 -0.98400
vt 3.77490 -0.64840
vt 3.96550 -0.64840
vt 3.96550 -0.98400
vt -0.99710 -0.64840
vt 4.31090 -0.64840
vt 1.84840 -0.64840
vt 0.97640 -0.98400
vt 0.97640 -0.64840
vt 1.84840 -0.98400
vt 0.52160 -0.64840
vt 0.52160 -0.98400
vt 0.06680 -0.64840
vt -0.80500 -0.98400
vt -0.80500 -0.64840
vt 0.06680 -0.98400
vt 1.99740 -0.64840
vt -0.99740 -0.64840
vt 0.94930 -0.25010
vt 1.84810 -0.00010
vt 0.94930 -0.00010
vt 1.84810 -0.25010
vt 0.41010 -0.00010
vt 0.41010 -0.25010
vt 2.29750 -0.00010
vt 2.29750 -0.25010
vt 0.05060 -0.00010
vt 0.05060 -0.25010
vt 2.74690 -0.25010
vt 2.74690 -0.00010
vt -0.84810 -0.25010
vt -0.84810 -0.00010
vt -1.74690 -0.25010
vt -1.74690 -0.00010
vt 2.12740 -1.49310
vt 2.59230 -1.98960
vt 2.12740 -1.98960
vt 2.59230 -1.49310
vt 1.89490 -1.98960
vt 1.89490 -1.49310
vt 1.66240 -1.98960
vt 1.66240 -1.49310
vt 1.19740 -1.49310
vt 1.19740 -1.98960
vt 2.12740 -1.24480
vt 2.59230 -1.24480
vt 1.89490 -1.24480
vt 1.66240 -1.24480
vt 1.19740 -1.24480
vt 2.12740 -0.99650
vt 2.59230 -0.99650
vt 1.89490 -0.99650
vt 1.66240 -0.99650
vt 1.19740 -0.99650
vt 2.70860 -1.98960
vt 2.70860 -1.49310
vt 0.96490 -1.49310
vt 0.96490 -1.98960
vt 2.70860 -1.24480
vt 0.96490 -1.24480
vt 2.70860 -0.99650
vt 0.96490 -0.99650
vt 2.82480 -1.98960
vt 2.82480 -1.49310
vt 0.73240 -1.49310
vt 0.73240 -1.98960
vt 2.82480 -1.24480
vt 0.73240 -1.24480
vt 2.82480 -0.99650
vt 0.73240 -0.99650
vt 2.94110 -1.98960
vt 2.94110 -1.49310
vt 0.49990 -1.49310
vt 0.49990 -1.98960
vt 2.94110 -1.24480
vt 0.49990 -1.24480
vt 2.94110 -0.99650
vt 0.49990 -0.99650
vt 4.00540 -1.98960
vt 4.00540 -1.49310
vt -0.42990 -1.49310
vt -0.42990 -1.98960
vt 4.00540 -1.24480
vt -0.42990 -1.24480
vt 4.00540 -0.99650
vt -0.42990 -0.99650
vt 4.90040 -1.49310
vt 4.90040 -1.98960
vt -1.35990 -1.98960
vt -1.35990 -1.49310
vt 4.90040 -1.24480
vt -1.35990 -1.24480
vt 4.90040 -0.99650
vt -1.35990 -0.99650
vt 5.01660 -1.98960
vt 5.01660 -1.49310
vt -1.59230 -1.49310
vt -1.59230 -1.98960
vt 5.01660 -1.24480
vt -1.59230 -1.24480
vt 5.01660 -0.99650
vt -1.59230 -0.99650
vt -2.98730 -1.49310
vt -2.52230 -1.98960
vt -2.98730 -1.98960
vt -2.52230 -1.49310
vt -2.05730 -1.49310
vt -2.05730 -1.98960
vt -2.98730 -1.24480
vt -2.52230 -1.24480
vt -2.05730 -1.24480
vt -2.98730 -0.99650
vt -2.52230 -0.99650
vt -2.05730 -0.99650
vt 0.99990 0.00010
vt 0.00430 1.00070
vt 0.00860 0.00010
vt 0.99990 1.00070
vt 0.01300 -1.00040
vt 0.99990 -1.00040
vt 0.00860 -0.00800
vt 0.99990 0.98700
vt 0.99990 -0.00800
vt 0.00430 0.98700
vt 0.99990 -1.00280
vt 0.01300 -1.00280
vt 0.99900 -0.99810
vt 2.12180 -0.00200
vt 2.12180 -0.99810
vt 0.99900 -0.00200
vt 0.00190 -0.00200
vt -0.14340 0.99800
vt 0.45950 0.88310
vt -0.14340 0.88310
vt 0.45950 0.99800
vt 1.06250 0.88310
vt 1.06250 0.99800
vt -0.74640 0.99800
vt -0.74640 0.88310
vt 1.66540 0.88310
vt 1.66540 0.99800
vt 1.06520 -0.00200
vt 1.67530 -0.12140
vt 1.06520 -0.12140
vt 1.67530 -0.00200
vt -0.76530 -0.00200
vt -0.15510 -0.12140
vt -0.76530 -0.12140
vt -0.15510 -0.00200
vt 0.45500 -0.00200
vt 0.45500 -0.12140
vt 0.00190 -1.85620
vt 0.99800 -1.45690
vt 0.99800 -1.85620
vt 0.00190 -1.45690
vt 0.99800 -0.18540
vt 0.00190 0.21380
vt 0.99800 0.21380
vt 0.00190 -0.18540
vt 0.00190 0.20130
vt 0.99800 -0.09290
vt 0.99800 0.20130
vt 0.00190 -0.09290
vt 0.00190 -1.72380
vt 0.99800 -1.44580
vt 0.99800 -1.72380
vt 0.00190 -1.44580
vt 0.99800 -1.47710
vt 0.00190 -1.80100
vt 0.99800 -1.80100
vt 0.00190 -1.47710
vt 0.00190 0.04010
vt 0.99800 -0.28380
vt 0.99800 0.04010
vt 0.00190 -0.28380
vt 0.99800 -0.34480
vt 0.00190 -0.06680
vt 0.99800 -0.06680
vt 0.00190 -0.34480
vt 0.99800 -1.48640
vt 0.00190 -1.85090
vt 0.99800 -1.85090
vt 0.00190 -1.48640
vt 0.00190 0.13940
vt 0.99800 -0.22510
vt 0.99800 0.13940
vt 0.00190 -0.22510
vt 0.99800 -0.18310
vt 0.00190 0.08070
vt 0.99800 0.08070
vt 0.00190 -0.18310
vt 0.99800 -1.38140
vt 0.00190 -1.67570
vt 0.99800 -1.67570
vt 0.00190 -1.38140
vt 0.00190 -1.69340
vt 0.99800 -1.42960
vt 0.99800 -1.69340
vt 0.00190 -1.42960
vt 0.00000 -1.19760
vt 0.99990 -0.19770
vt 0.99990 -1.19760
vt 0.00000 -0.19770
vt 0.99990 -0.00010
vt 0.00000 -0.98030
vt 0.99990 0.01970
vt 0.99990 -0.98030
vt 0.00000 0.01970
vt 0.00000 0.11850
vt 0.99990 -0.88150
vt 0.99990 0.11850
vt 0.00000 -0.88150
vt 0.00000 0.18770
vt 0.99990 -0.81230
vt 0.99990 0.18770
vt 0.00000 -0.81230
vt 0.00000 -0.90120
vt 0.99990 0.09880
vt 0.99990 -0.90120
vt 0.00000 0.09880
vt 0.05730 -1.00000
vt 1.99990 -1.00000
vt 0.05730 -0.00010
vt 0.04140 -0.20460
vt 2.03960 0.38630
vt 2.03960 -0.20460
vt 0.04140 0.38630
vt 0.04140 -1.38630
vt 2.03960 -0.79550
vt 2.03960 -1.38630
vt 0.04140 -0.79550
vt 0.04140 2.15900
vt 2.03960 2.74990
vt 2.03960 2.15900
vt 0.04140 2.74990
vt 2.03960 -3.74990
vt 0.04140 -3.15900
vt 2.03960 -3.15900
vt 0.04140 -3.74990
vt 0.04140 1.56810
vt 2.03960 1.56810
vt 2.03960 -2.56810
vt 0.04140 -2.56810
vt 0.04140 0.97720
vt 2.03960 0.97720
vt 2.03960 -1.97720
vt 0.04140 -1.97720
vt 0.99800 -0.00010
vt 0.00190 -1.99810
vt 0.99800 -1.99810
vt 0.00190 -0.00010
vt 0.32010 -0.24930
vt -0.06100 -0.99510
vt -0.06100 -0.24930
vt 0.32010 -0.99510
vt 1.13010 -0.99510
vt 0.71660 -0.24930
vt 1.13010 -0.24930
vt 0.71660 -0.99510
vt -0.51130 -0.24930
vt -0.92010 -0.99510
vt -0.92010 -0.24930
vt -0.51130 -0.99510
vt 1.93290 -0.24930
vt 1.62200 -0.99510
vt 1.62200 -0.24930
vt 1.93290 -0.99510
vt -1.34900 -0.24930
vt -1.74400 -0.99510
vt -1.74400 -0.24930
vt -1.34900 -0.99510
vt 2.74400 -0.24930
vt 2.33300 -0.99510
vt 2.33300 -0.24930
vt 2.74400 -0.99510
vt 0.71660 -0.59610
vt 0.32010 -0.00130
vt 0.71660 -0.00130
vt 0.32010 -0.59610
vt -0.06100 -0.00130
vt -0.06100 -0.59610
vt 1.13010 -0.59610
vt 1.13010 -0.00130
vt -0.51130 -0.00130
vt -0.51130 -0.59610
vt 1.62200 -0.59610
vt 1.62200 -0.00130
vt -0.92010 -0.00130
vt -0.92010 -0.59610
vt 1.93290 -0.59610
vt 1.93290 -0.00130
vt -1.34900 -0.00130
vt -1.34900 -0.59610
vt 2.33300 -0.59610
vt 2.33300 -0.00130
vt -1.74400 -0.00130
vt -1.74400 -0.59610
vt 2.74400 -0.59610
vt 2.74400 -0.00130
vt 0.00080 -0.59490
vt 0.00080 -0.00090
vt 1.00080 -0.00090
vt 1.00080 -0.59490
vt 0.76480 -0.24830
vt 1.38220 -0.99590
vt 0.76480 -0.99590
vt 1.38220 -0.24830
vt 0.99800 -0.00200
vt 0.99800 -0.99810
vt 0.00000 -1.38020
vt 0.71860 0.76090
vt 0.71860 -1.76090
vt 0.00000 0.38020
vt 0.49530 -0.50010
vt 0.99800 -0.50010
vt 0.49530 -0.00200
vt 0.38460 -0.00200
vt 0.38460 -0.50010
vt -1.24800 -0.00200
vt -0.74070 -0.50010
vt -1.24800 -0.50010
vt -0.74070 -0.00200
vt 0.52300 -0.50010
vt 0.52300 -0.00200
vt -0.49620 -0.00200
vt -0.49620 -0.50010
vt -0.98980 -0.50010
vt -0.98980 -0.00200
vt 0.55520 -0.50010
vt 0.55520 -0.00200
vt -1.50630 -0.50010
vt -1.50630 -0.00200
vt -1.26640 -0.00200
vt -0.74530 -0.50010
vt -1.26640 -0.50010
vt -0.74530 -0.00200
vt 0.57830 -0.50010
vt 0.57830 -0.00200
vt -0.74990 -0.00200
vt -0.74990 -0.50010
vt -1.23880 -0.00200
vt -1.23880 -0.50010
vt -0.99430 -0.00200
vt -0.99430 -0.50010
vt 0.54140 -0.50010
vt -0.72690 -0.00200
vt 0.54140 -0.00200
vt -0.72690 -0.50010
vt -1.25260 -0.00200
vt -1.25260 -0.50010
vt 1.24560 -0.60650
vt 1.24560 -0.00010
vt 0.00000 -0.60650
vt 0.72600 -0.00200
vt 0.27390 -0.99810
vt 0.27390 -0.00200
vt 0.72600 -0.99810
vt -0.17800 -0.99810
vt -0.17800 -0.00200
vt 1.17800 -0.00200
vt 1.17800 -0.99810
vt -0.63000 -0.99810
vt -0.63000 -0.00200
vt 1.63000 -0.00200
vt 1.63000 -0.99810
vt -1.08200 -0.99810
vt -1.08200 -0.00200
vt 2.08200 -0.00200
vt 2.08200 -0.99810
vt -1.53410 -0.99810
vt -1.53410 -0.00200
vt 2.53410 -0.00200
vt 2.53410 -0.99810
vt -1.98610 -0.99810
vt -1.98610 -0.00200
vt 2.98610 -0.00200
vt 2.98610 -0.99810
vt 0.49990 -0.00010
vt 0.01070 -3.02700
vt 1.22630 -1.01300
vt 0.01070 -1.01300
vt 1.22630 -3.02700
vt -0.00790 -2.03860
vt 1.24510 -0.00440
vt -0.00790 -0.00440
vt 1.24510 -2.03860
vt 0.00500 -2.03090
vt 1.20240 -0.00450
vt 0.00500 -0.00450
vt 1.20240 -2.03090
vt 0.00890 -3.02660
vt 1.22820 -0.99840
vt 1.22820 -3.02660
vt 0.00890 -0.99840
vt 0.00590 -2.05410
vt 1.18180 -0.00510
vt 1.18180 -2.05410
vt 0.00590 -0.00510
vt 0.00100 -2.03480
vt 1.23100 -0.00100
vt 1.23100 -2.03480
vt 0.00100 -0.00100
vt 0.99800 -3.01300
vt 0.00190 -0.99990
vt 0.99800 -0.99990
vt 0.00190 -3.01300
vt 0.99800 -1.98810
vt 0.00190 0.00860
vt 0.99800 0.00860
vt 0.00190 -1.98810
vt 0.99800 -3.01020
vt 0.00190 -0.99720
vt 0.99800 -0.99720
vt 0.00190 -3.01020
vt 0.00190 -2.98760
vt 0.99800 -0.99250
vt 0.00190 -0.99250
vt 0.99800 -2.98760
vt 0.99800 -3.01180
vt 0.00190 -1.00690
vt 0.99800 -1.00690
vt 0.00190 -3.01180
vt 0.99800 -2.98840
vt 0.00190 -2.98840
vt 1.10750 -1.01480
vt 1.10750 -0.18940
vt 1.10750 -1.22120
vt 1.52420 -1.22120
vt 1.52420 -0.18940
vt 1.52420 -1.01480
vt 0.94080 -1.01480
vt 0.94080 -0.18940
vt 0.94080 -1.22120
vt 1.02420 -1.22120
vt 1.02420 -0.18940
vt 1.02420 -1.01480
vt 0.85750 -1.22120
vt 0.85750 -0.18940
vt 0.85750 -1.01480
vt 1.19080 -1.22120
vt 1.19080 -0.18940
vt 1.19080 -1.01480
vt 1.27420 -1.01480
vt 1.27420 -0.18940
vt 1.27420 -1.22120
vt 1.60750 -1.01480
vt 1.60750 -0.18940
vt 1.60750 -1.22120
vt 1.35750 -1.01480
vt 1.35750 -1.22120
vt 1.35750 -0.18940
vt 1.44080 -1.01480
vt 1.44080 -0.18940
vt 1.44080 -1.22120
vt 0.94470 -0.54250
vt 0.50750 -0.97760
vt 0.50750 -0.54250
vt 0.94470 -0.97760
vt 2.28820 -0.97760
vt 1.83720 -0.54250
vt 2.28820 -0.54250
vt 1.83720 -0.97760
vt 0.94810 -0.54250
vt 0.94810 -0.97760
vt 1.99090 -0.54250
vt 2.42880 -0.97760
vt 2.42880 -0.54250
vt 1.99090 -0.97760
vt 2.28430 -0.97760
vt 1.83950 -0.54250
vt 2.28430 -0.54250
vt 1.83950 -0.97760
vt 0.04810 -0.98100
vt 0.49900 -0.53910
vt 0.04810 -0.53910
vt 0.49900 -0.98100
vt 1.53120 -0.53910
vt 1.98200 -0.98100
vt 1.98200 -0.53910
vt 1.53120 -0.98100
vt 2.44250 -0.97760
vt 2.01010 -0.54250
vt 2.44250 -0.54250
vt 2.01010 -0.97760
vt 0.93990 -0.54250
vt 0.93990 -0.97760
vt 0.94280 -0.54250
vt 0.94280 -0.97760
vt 2.27550 -0.97760
vt 1.84040 -0.54250
vt 2.27550 -0.54250
vt 1.84040 -0.97760
vt 1.75910 -0.99810
vt 1.75910 -0.00200
vt 0.00000 -0.29400
vt 0.42670 -0.67220
vt 0.00000 -0.70610
vt 0.42670 -0.32790
vt 0.00000 -0.31040
vt 0.47580 -0.66170
vt 0.00000 -0.68970
vt 0.47580 -0.33840
vt 0.27240 -0.67440
vt 0.72750 -0.29760
vt 0.72750 -0.70250
vt 0.27240 -0.32570
vt 0.30700 -0.68130
vt 0.71860 -0.30340
vt 0.71170 -0.70450
vt 0.30010 -0.32650
vt 0.03370 -0.69430
vt 0.44200 -0.28710
vt 0.44200 -0.71300
vt 0.03370 -0.30580
vt 0.00000 -0.29220
vt 0.43480 -0.66570
vt 0.00000 -0.70790
vt 0.43480 -0.33440
vt 0.32460 -0.00010
vt 0.32460 -1.00000
vt 2.99950 -3.01380
vt 2.59510 -0.09390
vt 2.99950 2.01380
vt 2.59510 -1.32800
vt -1.59510 -0.09390
vt -1.99950 -3.01380
vt -1.99950 2.01380
vt -1.59510 -1.32800
vt 1.06130 1.59190
vt -0.06130 1.59190
vt 3.36630 -0.69640
vt 1.14370 -0.30370
vt 1.14370 -0.69640
vt 3.36630 -0.30370
vt -0.14370 -0.69640
vt -0.14370 -0.30370
vt -2.36630 -0.30370
vt -2.36630 -0.69640
vt 1.06130 -3.01380
vt 2.03380 -2.39670
vt -0.06130 -3.01380
vt -1.03380 -2.39670
vt 2.03370 0.97480
vt -1.03380 0.97480
vt -2.74500 -1.00010
vt -2.41100 -2.00000
vt -2.74500 -2.00000
vt -2.41100 -1.00010
vt 1.26290 -1.00010
vt 1.59690 -2.00000
vt 1.26290 -2.00000
vt 1.59690 -1.00010
vt 0.59490 -1.00010
vt 0.92890 -2.00000
vt 0.59490 -2.00000
vt 0.92890 -1.00010
vt -1.40900 -1.00010
vt -1.07500 -2.00000
vt -1.40900 -2.00000
vt -1.07500 -1.00010
vt -0.74100 -2.00000
vt -0.74100 -1.00010
vt 3.66620 -2.00000
vt 3.26690 -1.00010
vt 3.66620 -1.00010
vt 3.26690 -2.00000
vt 4.00020 -2.00000
vt 4.00020 -1.00010
vt 2.93290 -1.00010
vt 2.93290 -2.00000
vt 2.59890 -1.00010
vt 2.59890 -2.00000
vt -3.41300 -1.00010
vt -3.07900 -2.00000
vt -3.41300 -2.00000
vt -3.07900 -1.00010
vt 1.93090 -1.00010
vt 2.26490 -2.00000
vt 1.93090 -2.00000
vt 2.26490 -1.00010
vt -2.07700 -2.00000
vt -2.07700 -1.00010
vt 0.26090 -1.00010
vt 0.26090 -2.00000
vt -0.07300 -1.00010
vt -0.07300 -2.00000
vt -1.74300 -2.00000
vt -1.74300 -1.00010
vt -0.40700 -2.00000
vt -0.40700 -1.00010
vt -11.39870 5.19930
vt -8.42400 2.22460
vt -11.39870 2.22460
vt -8.42400 5.19930
vt -11.39870 -3.72460
vt -8.42400 -6.69930
vt -11.39870 -6.69930
vt -8.42400 -3.72460
vt -5.44930 5.19930
vt -5.44930 2.22460
vt -8.42400 -0.75010
vt -5.44930 -0.75010
vt -5.44930 -3.72460
vt -5.44930 -6.69930
vt 0.49990 2.22460
vt 0.49990 5.19930
vt 0.49990 -0.75010
vt 0.49990 -3.72460
vt 0.49990 -6.69930
vt 6.44930 2.22460
vt 6.44930 5.19930
vt 6.44930 -0.75010
vt 6.44930 -3.72460
vt 6.44930 -6.69930
vt 9.42400 2.22460
vt 9.42400 5.19930
vt 9.42400 -0.75010
vt 9.42400 -3.72460
vt 9.42400 -6.69930
vt 12.39870 5.19930
vt 12.39870 2.22460
vt 12.39870 -6.69930
vt 12.39870 -3.72460
# 3138 texture vertices

g Object_2
usemtl texture0
f 1/3 2/2 3/1
f 2/2 4/4 3/1
f 3/1 5/5 1/3
f 6/6 1/3 5/5
f 5/5 7/7 6/6
f 8/8 6/6 7/7
f 7/7 9/9 8/8
f 10/10 8/8 9/9
f 10/10 9/9 11/11
f 11/11 9/9 12/12
f 11/11 12/12 13/13
f 13/13 12/12 14/14
f 13/13 14/14 15/15
f 15/15 14/14 16/16
f 15/15 16/16 17/17
f 17/17 16/16 18/18
f 17/17 18/18 19/19
f 19/19 18/18 20/20
f 19/19 20/20 21/21
f 21/21 20/20 22/22
f 21/21 22/22 23/23
f 23/23 22/22 24/24
f 23/23 24/24 25/25
f 25/25 24/24 26/26
f 25/25 26/26 27/27
f 27/27 26/26 28/28
f 27/27 28/28 29/29
f 29/29 28/28 30/30
f 29/29 30/30 31/31
f 31/31 30/30 32/32
f 33/34 31/31 34/33
f 31/31 32/32 34/33
f 35/2 36/4 37/35
f 37/35 36/4 38/36
f 39/38 37/35 40/37
f 37/35 38/36 40/37
f 39/38 40/37 41/39
f 41/39 40/37 42/40
f 41/39 42/40 43/41
f 43/41 42/40 44/42
f 43/41 44/42 45/43
f 45/43 44/42 46/44
f 45/43 46/44 47/45
f 47/45 46/44 48/46
f 48/46 49/47 47/45
f 50/48 47/45 49/47
f 49/47 51/49 50/48
f 52/50 50/48 51/49
f 51/49 53/51 52/50
f 54/52 52/50 53/51
f 53/51 55/53 54/52
f 56/54 54/52 55/53
f 55/53 57/55 56/54
f 58/56 56/54 57/55
f 57/55 59/57 58/56
f 60/58 58/56 59/57
f 61/60 60/58 62/59
f 60/58 59/57 62/59
f 62/59 63/61 61/60
f 64/62 61/60 63/61
f 65/17 64/62 66/18
f 64/62 63/61 66/18
f 65/17 66/18 67/63
f 67/63 66/18 68/64
f 67/63 68/64 69/65
f 69/65 68/64 70/66
f 69/65 70/66 71/67
f 71/67 70/66 72/68
f 71/67 72/68 73/69
f 73/69 72/68 74/70
f 73/69 74/70 75/71
f 75/71 74/70 76/72
f 75/71 76/72 77/73
f 77/73 76/72 78/74
f 79/76 77/73 80/75
f 77/73 78/74 80/75
f 81/78 79/76 82/77
f 79/76 80/75 82/77
f 81/78 82/77 83/79
f 83/79 82/77 84/80
f 85/82 83/79 86/81
f 83/79 84/80 86/81
f 87/84 85/82 88/83
f 85/82 86/81 88/83
f 87/84 88/83 89/85
f 89/85 88/83 90/86
f 91/88 89/85 92/87
f 89/85 90/86 92/87
f 93/90 91/88 94/89
f 91/88 92/87 94/89
f 93/90 94/89 95/34
f 95/34 94/89 96/33
f 97/2 98/92 96/91
f 96/91 98/92 95/93
f 99/96 100/95 101/94
f 100/95 102/97 101/94
f 103/96 104/95 105/94
f 104/95 106/97 105/94
f 107/96 108/95 109/94
f 108/95 110/97 109/94
f 102/97 100/95 111/98
f 100/95 112/99 111/98
f 106/97 104/95 113/98
f 104/95 114/99 113/98
f 110/97 108/95 115/98
f 108/95 116/99 115/98
f 117/101 111/98 118/100
f 111/98 112/99 118/100
f 119/101 113/98 120/100
f 113/98 114/99 120/100
f 121/101 115/98 122/100
f 115/98 116/99 122/100
f 118/100 123/102 117/101
f 123/102 124/103 117/101
f 120/100 125/102 119/101
f 125/102 126/103 119/101
f 122/100 127/102 121/101
f 127/102 128/103 121/101
f 124/103 123/102 129/104
f 123/102 130/105 129/104
f 126/103 125/102 131/104
f 125/102 132/105 131/104
f 128/103 127/102 133/104
f 127/102 134/105 133/104
f 130/105 135/106 129/104
f 135/106 136/107 129/104
f 132/105 137/106 131/104
f 137/106 138/107 131/104
f 134/105 139/106 133/104
f 139/106 140/107 133/104
f 136/107 135/106 141/108
f 135/106 142/109 141/108
f 138/107 137/106 143/108
f 137/106 144/109 143/108
f 140/107 139/106 145/108
f 139/106 146/109 145/108
f 147/111 141/108 148/110
f 141/108 142/109 148/110
f 149/111 143/108 150/110
f 143/108 144/109 150/110
f 151/111 145/108 152/110
f 145/108 146/109 152/110
f 148/110 153/112 147/111
f 153/112 154/113 147/111
f 150/110 155/112 149/111
f 155/112 156/113 149/111
f 152/110 157/112 151/111
f 157/112 158/113 151/111
f 154/113 153/112 159/114
f 153/112 160/115 159/114
f 156/113 155/112 161/114
f 155/112 162/115 161/114
f 158/113 157/112 163/114
f 157/112 164/115 163/114
f 160/96 165/116 159/94
f 165/116 166/117 159/94
f 162/96 167/116 161/94
f 167/116 168/117 161/94
f 164/96 169/116 163/94
f 169/116 170/117 163/94
f 166/117 165/116 171/104
f 165/116 172/105 171/104
f 168/117 167/116 173/104
f 167/116 174/105 173/104
f 170/117 169/116 175/104
f 169/116 176/105 175/104
f 177/119 178/118 172/105
f 178/118 171/104 172/105
f 179/119 180/118 174/105
f 180/118 173/104 174/105
f 181/119 182/118 176/105
f 182/118 175/104 176/105
f 183/114 178/118 184/115
f 178/118 177/119 184/115
f 185/114 180/118 186/115
f 180/118 179/119 186/115
f 187/114 182/118 188/115
f 182/118 181/119 188/115
f 184/96 189/95 183/94
f 189/95 190/97 183/94
f 186/96 191/95 185/94
f 191/95 192/97 185/94
f 188/96 193/95 187/94
f 193/95 194/97 187/94
f 190/97 189/95 195/98
f 189/95 196/99 195/98
f 192/97 191/95 197/98
f 191/95 198/99 197/98
f 194/97 193/95 199/98
f 193/95 200/99 199/98
f 201/101 195/98 202/100
f 195/98 196/99 202/100
f 203/101 197/98 204/100
f 197/98 198/99 204/100
f 205/101 199/98 206/100
f 199/98 200/99 206/100
f 202/100 207/102 201/101
f 207/102 208/103 201/101
f 204/100 209/102 203/101
f 209/102 210/103 203/101
f 206/100 211/102 205/101
f 211/102 212/103 205/101
f 208/103 207/102 213/104
f 207/102 214/105 213/104
f 210/103 209/102 215/104
f 209/102 216/105 215/104
f 212/103 211/102 217/104
f 211/102 218/105 217/104
f 214/105 219/106 213/104
f 219/106 220/107 213/104
f 216/105 221/106 215/104
f 221/106 222/107 215/104
f 218/105 223/106 217/104
f 223/106 224/107 217/104
f 220/107 219/106 225/108
f 219/106 226/109 225/108
f 222/107 221/106 227/108
f 221/106 228/109 227/108
f 224/107 223/106 229/108
f 223/106 230/109 229/108
f 231/111 225/108 232/110
f 225/108 226/109 232/110
f 233/111 227/108 234/110
f 227/108 228/109 234/110
f 235/111 229/108 236/110
f 229/108 230/109 236/110
f 232/110 237/112 231/111
f 237/112 238/113 231/111
f 234/110 239/112 233/111
f 239/112 240/113 233/111
f 236/110 241/112 235/111
f 241/112 242/113 235/111
f 238/113 237/112 243/114
f 237/112 244/115 243/114
f 240/113 239/112 245/114
f 239/112 246/115 245/114
f 242/113 241/112 247/114
f 241/112 248/115 247/114
f 249/121 250/120 251/109
f 250/120 252/108 251/109
f 250/120 249/121 253/107
f 249/121 254/106 253/107
f 255/118 256/119 252/108
f 252/108 256/119 251/109
f 253/107 254/106 257/122
f 257/122 254/106 258/123
f 256/119 255/118 259/110
f 255/118 260/111 259/110
f 261/105 262/104 258/123
f 262/104 257/122 258/123
f 259/110 260/111 263/124
f 260/111 264/125 263/124
f 262/104 261/105 265/126
f 265/126 261/105 266/127
f 263/124 264/125 267/112
f 268/113 267/112 264/125
f 269/102 270/103 266/127
f 270/103 265/126 266/127
f 267/112 268/113 271/128
f 268/113 272/129 271/128
f 270/103 269/102 273/130
f 269/102 274/131 273/130
f 107/115 271/128 109/114
f 272/129 109/114 271/128
f 273/130 274/131 275/101
f 275/101 274/131 276/100
f 275/101 276/100 277/117
f 278/116 277/117 276/100
f 277/117 278/116 279/98
f 279/98 278/116 280/99
f 279/98 280/99 281/132
f 282/133 281/132 280/99
f 281/132 282/133 283/97
f 282/133 284/95 283/97
f 283/97 284/95 285/134
f 285/134 284/95 286/135
f 34/96 33/94 286/135
f 33/94 285/134 286/135
f 287/121 288/120 289/109
f 288/120 290/108 289/109
f 289/109 290/108 291/119
f 290/108 292/118 291/119
f 288/120 287/121 293/107
f 287/121 294/106 293/107
f 291/119 292/118 295/110
f 292/118 296/111 295/110
f 293/107 294/106 297/122
f 297/122 294/106 298/123
f 295/110 296/111 299/124
f 296/111 300/125 299/124
f 301/105 302/104 298/123
f 302/104 297/122 298/123
f 303/127 304/126 301/105
f 304/126 302/104 301/105
f 299/124 300/125 305/112
f 306/113 305/112 300/125
f 307/102 308/103 303/127
f 308/103 304/126 303/127
f 305/112 306/113 309/128
f 306/113 310/129 309/128
f 308/103 307/102 311/130
f 307/102 312/131 311/130
f 99/115 309/128 101/114
f 310/129 101/114 309/128
f 311/130 312/131 313/101
f 313/101 312/131 314/100
f 313/101 314/100 315/117
f 316/116 315/117 314/100
f 315/117 316/116 317/98
f 317/98 316/116 318/99
f 317/98 318/99 319/132
f 320/133 319/132 318/99
f 319/132 320/133 321/97
f 320/133 322/95 321/97
f 321/97 322/95 323/134
f 323/134 322/95 324/135
f 325/34 326/137 327/136
f 326/137 328/138 327/136
f 324/135 328/96 323/134
f 328/96 326/94 323/134
f 329/121 330/120 331/109
f 330/120 332/108 331/109
f 331/109 332/108 333/119
f 332/108 334/118 333/119
f 330/120 329/121 335/107
f 329/121 336/106 335/107
f 333/119 334/118 337/110
f 334/118 338/111 337/110
f 335/107 336/106 339/122
f 339/122 336/106 340/123
f 337/110 338/111 341/124
f 338/111 342/125 341/124
f 343/105 344/104 340/123
f 344/104 339/122 340/123
f 341/124 342/125 345/112
f 346/113 345/112 342/125
f 344/104 343/105 347/126
f 347/126 343/105 348/127
f 345/112 346/113 349/128
f 346/113 350/129 349/128
f 351/102 352/103 348/127
f 352/103 347/126 348/127
f 103/115 349/128 105/114
f 350/129 105/114 349/128
f 352/103 351/102 353/130
f 351/102 354/131 353/130
f 353/130 354/131 355/101
f 355/101 354/131 356/100
f 355/101 356/100 357/117
f 358/116 357/117 356/100
f 357/117 358/116 359/98
f 359/98 358/116 360/99
f 359/98 360/99 361/132
f 362/133 361/132 360/99
f 361/132 362/133 363/97
f 362/133 364/95 363/97
f 363/97 364/95 365/134
f 365/134 364/95 366/135
f 367/34 368/137 369/136
f 368/137 370/138 369/136
f 366/135 370/96 365/134
f 370/96 368/94 365/134
f 371/141 372/140 373/139
f 372/140 374/142 373/139
f 375/144 376/143 374/142
f 376/143 373/139 374/142
f 377/146 376/143 378/145
f 376/143 375/144 378/145
f 379/117 380/116 381/104
f 380/116 382/105 381/104
f 383/119 384/118 382/105
f 384/118 381/104 382/105
f 385/114 384/118 386/115
f 384/118 383/119 386/115
f 387/149 388/148 389/147
f 388/148 390/150 389/147
f 35/114 389/147 36/115
f 389/147 390/150 36/115
f 391/96 392/95 393/94
f 392/95 394/97 393/94
f 392/95 395/99 394/97
f 394/97 395/99 396/98
f 395/99 397/100 396/98
f 398/101 396/98 397/100
f 399/102 400/103 397/100
f 397/100 400/103 398/101
f 399/102 401/105 400/103
f 400/103 401/105 402/104
f 403/96 404/95 405/94
f 404/95 406/97 405/94
f 407/99 408/98 404/95
f 406/97 404/95 408/98
f 407/99 409/100 408/98
f 410/101 408/98 409/100
f 409/100 411/102 410/101
f 411/102 412/103 410/101
f 411/102 413/105 412/103
f 412/103 413/105 414/104
f 415/96 416/95 417/94
f 416/95 418/97 417/94
f 416/95 419/99 418/97
f 418/97 419/99 420/98
f 419/99 421/100 420/98
f 422/101 420/98 421/100
f 423/102 424/103 421/100
f 421/100 424/103 422/101
f 423/102 425/105 424/103
f 424/103 425/105 426/104
f 427/45 428/46 429/151
f 429/151 428/46 430/152
f 429/151 430/152 431/153
f 431/153 430/152 432/154
f 431/153 432/154 433/155
f 433/155 432/154 434/156
f 433/155 434/156 435/157
f 435/157 434/156 436/158
f 437/58 435/157 438/57
f 435/157 436/158 438/57
f 439/160 437/58 440/159
f 437/58 438/57 440/159
f 441/162 442/161 440/159
f 442/161 439/160 440/159
f 441/162 443/163 442/161
f 444/164 442/161 443/163
f 443/163 445/165 444/164
f 446/166 444/164 445/165
f 445/165 447/68 446/166
f 448/67 446/166 447/68
f 447/68 449/167 448/67
f 450/168 448/67 449/167
f 451/170 450/168 452/169
f 450/168 449/167 452/169
f 451/170 452/169 453/171
f 453/171 452/169 454/172
f 453/171 454/172 455/173
f 455/173 454/172 456/174
f 455/173 456/174 457/79
f 457/79 456/174 458/80
f 457/79 458/80 459/175
f 459/175 458/80 460/176
f 459/175 460/176 461/177
f 461/177 460/176 462/178
f 461/177 462/178 463/179
f 463/179 462/178 464/180
f 465/182 466/181 464/180
f 466/181 463/179 464/180
f 467/185 468/184 469/183
f 470/186 469/183 468/184
f 468/184 471/187 470/186
f 472/188 470/186 471/187
f 471/187 473/189 472/188
f 474/190 472/188 473/189
f 473/189 475/191 474/190
f 476/192 474/190 475/191
f 475/191 477/193 476/192
f 478/194 476/192 477/193
f 479/196 480/195 477/193
f 480/195 478/194 477/193
f 481/198 480/195 482/197
f 480/195 479/196 482/197
f 483/200 481/198 484/199
f 481/198 482/197 484/199
f 483/200 484/199 485/201
f 485/201 484/199 486/202
f 485/201 486/202 487/203
f 487/203 486/202 488/204
f 487/203 488/204 489/205
f 489/205 488/204 490/206
f 489/205 490/206 491/207
f 491/207 490/206 492/208
f 492/208 493/209 491/207
f 494/210 491/207 493/209
f 493/209 495/211 494/210
f 496/212 494/210 495/211
f 495/211 497/213 496/212
f 498/214 496/212 497/213
f 497/213 499/215 498/214
f 500/216 498/214 499/215
f 499/215 501/217 500/216
f 502/218 500/216 501/217
f 501/217 503/219 502/218
f 504/220 502/218 503/219
f 505/222 504/220 506/221
f 504/220 503/219 506/221
f 507/96 508/105 509/94
f 508/105 510/104 509/94
f 511/96 512/105 513/94
f 512/105 514/104 513/94
f 515/96 516/105 517/94
f 516/105 518/104 517/94
f 514/104 512/105 519/114
f 512/105 520/115 519/114
f 518/104 516/105 379/114
f 516/105 380/115 379/114
f 510/104 508/105 521/114
f 508/105 522/115 521/114
f 523/92 524/2 522/93
f 521/91 522/93 524/2
f 525/104 526/223 527/105
f 526/223 528/224 527/105
f 527/105 529/225 525/104
f 529/225 530/226 525/104
f 530/226 529/225 531/149
f 529/225 532/148 531/149
f 533/118 531/149 534/119
f 531/149 532/148 534/119
f 534/119 535/150 533/118
f 535/150 536/147 533/118
f 536/147 535/150 537/227
f 535/150 538/228 537/227
f 539/114 537/227 540/115
f 537/227 538/228 540/115
f 541/117 542/229 543/116
f 542/229 544/230 543/116
f 543/116 545/231 541/117
f 545/231 546/232 541/117
f 547/104 548/223 549/105
f 548/223 550/224 549/105
f 549/105 551/225 547/104
f 551/225 552/226 547/104
f 552/226 551/225 553/149
f 551/225 554/148 553/149
f 555/118 553/149 556/119
f 553/149 554/148 556/119
f 556/119 557/150 555/118
f 557/150 558/147 555/118
f 558/147 557/150 559/227
f 557/150 560/228 559/227
f 561/114 559/227 562/115
f 559/227 560/228 562/115
f 563/117 564/229 565/116
f 564/229 566/230 565/116
f 565/116 567/231 563/117
f 567/231 568/232 563/117
usemtl texture1
f 569/235 570/234 4/233
f 4/233 570/234 3/236
f 2/239 1/238 571/237
f 571/237 1/238 572/240
f 569/235 571/237 570/234
f 571/237 572/240 570/234
f 570/234 572/240 573/241
f 572/240 574/242 573/241
f 1/238 6/243 572/240
f 6/243 574/242 572/240
f 5/244 3/236 573/241
f 570/234 573/241 3/236
f 575/246 573/241 576/245
f 573/241 574/242 576/245
f 6/243 8/247 574/242
f 8/247 576/245 574/242
f 7/248 5/244 575/246
f 5/244 573/241 575/246
f 577/250 575/246 578/249
f 578/249 575/246 576/245
f 8/247 10/251 576/245
f 10/251 578/249 576/245
f 9/252 7/248 577/250
f 575/246 577/250 7/248
f 579/254 580/253 578/249
f 577/250 578/249 580/253
f 11/255 579/254 10/251
f 578/249 10/251 579/254
f 9/252 577/250 12/256
f 577/250 580/253 12/256
f 581/258 582/257 579/254
f 579/254 582/257 580/253
f 13/259 581/258 11/255
f 11/255 581/258 579/254
f 12/256 580/253 14/260
f 580/253 582/257 14/260
f 583/262 584/261 581/258
f 584/261 582/257 581/258
f 15/263 583/262 13/259
f 13/259 583/262 581/258
f 14/260 582/257 16/264
f 582/257 584/261 16/264
f 585/266 586/265 583/262
f 586/265 584/261 583/262
f 17/267 585/266 15/263
f 15/263 585/266 583/262
f 586/265 18/268 584/261
f 584/261 18/268 16/264
f 586/265 585/266 587/269
f 585/266 588/270 587/269
f 19/271 588/270 17/267
f 585/266 17/267 588/270
f 18/268 586/265 20/272
f 586/265 587/269 20/272
f 589/274 590/273 588/270
f 588/270 590/273 587/269
f 21/275 589/274 19/271
f 19/271 589/274 588/270
f 20/272 587/269 22/276
f 587/269 590/273 22/276
f 591/278 592/277 589/274
f 592/277 590/273 589/274
f 23/279 591/278 21/275
f 21/275 591/278 589/274
f 22/276 590/273 24/280
f 590/273 592/277 24/280
f 593/282 594/281 591/278
f 594/281 592/277 591/278
f 25/283 593/282 23/279
f 23/279 593/282 591/278
f 24/280 592/277 26/284
f 592/277 594/281 26/284
f 595/286 596/285 593/282
f 594/281 593/282 596/285
f 597/288 598/287 595/286
f 595/286 598/287 596/285
f 27/289 595/286 25/283
f 593/282 25/283 595/286
f 26/284 594/281 28/290
f 594/281 596/285 28/290
f 599/292 600/291 597/288
f 600/291 598/287 597/288
f 29/293 597/288 27/289
f 27/289 597/288 595/286
f 28/290 596/285 30/294
f 596/285 598/287 30/294
f 601/296 602/295 599/292
f 602/295 600/291 599/292
f 31/297 599/292 29/293
f 29/293 599/292 597/288
f 30/294 598/287 32/298
f 598/287 600/291 32/298
f 32/298 600/291 34/299
f 600/291 602/295 34/299
f 33/300 601/296 31/297
f 31/297 601/296 599/292
f 603/303 604/302 605/301
f 604/302 606/304 605/301
f 607/307 608/306 609/305
f 608/306 610/308 609/305
f 610/308 604/302 609/305
f 604/302 603/303 609/305
f 606/304 604/302 611/309
f 604/302 612/310 611/309
f 610/308 608/306 613/311
f 608/306 614/312 613/311
f 613/311 612/310 610/308
f 612/310 604/302 610/308
f 615/315 108/314 616/313
f 616/313 108/314 107/316
f 110/319 617/318 109/317
f 109/317 617/318 618/320
f 617/318 615/315 618/320
f 615/315 616/313 618/320
f 619/322 620/321 617/318
f 620/321 615/315 617/318
f 108/314 615/315 116/323
f 615/315 620/321 116/323
f 115/324 619/322 110/319
f 617/318 110/319 619/322
f 621/326 622/325 619/322
f 622/325 620/321 619/322
f 122/327 116/323 622/325
f 620/321 622/325 116/323
f 115/324 121/328 619/322
f 619/322 121/328 621/326
f 623/330 624/329 621/326
f 624/329 622/325 621/326
f 127/331 122/327 624/329
f 622/325 624/329 122/327
f 121/328 128/332 625/326
f 128/332 623/330 625/326
f 626/334 627/333 623/330
f 627/333 624/329 623/330
f 134/335 127/331 627/333
f 127/331 624/329 627/333
f 133/336 626/334 128/332
f 623/330 128/332 626/334
f 628/338 629/337 626/334
f 629/337 627/333 626/334
f 133/336 140/339 626/334
f 140/339 628/338 626/334
f 139/340 134/335 629/337
f 627/333 629/337 134/335
f 630/342 631/341 628/338
f 631/341 629/337 628/338
f 139/340 629/337 146/343
f 629/337 631/341 146/343
f 140/339 145/344 628/338
f 628/338 145/344 630/342
f 632/346 633/345 630/342
f 633/345 631/341 630/342
f 152/347 146/343 633/345
f 631/341 633/345 146/343
f 145/344 151/348 630/342
f 630/342 151/348 632/346
f 634/350 635/349 632/346
f 635/349 633/345 632/346
f 151/348 158/351 632/346
f 158/351 634/350 632/346
f 157/352 152/347 635/349
f 633/345 635/349 152/347
f 636/354 637/353 634/350
f 637/353 635/349 634/350
f 157/352 635/349 164/355
f 635/349 637/353 164/355
f 158/351 163/356 634/350
f 634/350 163/356 636/354
f 638/358 639/357 636/354
f 639/357 637/353 636/354
f 164/355 637/353 169/359
f 637/353 639/357 169/359
f 163/356 170/360 636/354
f 170/360 638/358 636/354
f 640/362 641/361 638/358
f 641/361 639/357 638/358
f 169/359 639/357 176/363
f 639/357 641/361 176/363
f 170/360 175/364 638/358
f 638/358 175/364 640/362
f 642/366 643/365 640/362
f 643/365 641/361 640/362
f 181/367 176/363 643/365
f 641/361 643/365 176/363
f 182/368 642/366 175/364
f 640/362 175/364 642/366
f 644/370 645/369 642/366
f 645/369 643/365 642/366
f 645/369 188/371 643/365
f 181/367 643/365 188/371
f 644/370 642/366 187/372
f 642/366 182/368 187/372
f 646/374 647/373 644/370
f 647/373 645/369 644/370
f 646/374 644/370 194/375
f 187/372 194/375 644/370
f 645/369 647/373 188/371
f 647/373 193/376 188/371
f 648/378 649/377 646/374
f 649/377 647/373 646/374
f 647/373 649/377 193/376
f 193/376 649/377 200/379
f 646/374 194/375 648/378
f 194/375 199/380 648/378
f 650/382 651/381 648/378
f 651/381 649/377 648/378
f 648/378 199/380 650/382
f 199/380 205/383 650/382
f 649/377 651/381 200/379
f 651/381 206/384 200/379
f 652/386 653/385 650/382
f 653/385 651/381 650/382
f 651/381 653/385 206/384
f 653/385 211/387 206/384
f 652/386 650/382 212/388
f 205/383 212/388 650/382
f 654/390 655/389 652/386
f 655/389 653/385 652/386
f 653/385 655/389 211/387
f 211/387 655/389 218/391
f 652/386 212/388 654/390
f 212/388 217/392 654/390
f 656/394 657/393 654/390
f 657/393 655/389 654/390
f 655/389 657/393 218/391
f 657/393 223/395 218/391
f 656/394 654/390 224/396
f 217/392 224/396 654/390
f 657/393 658/397 223/395
f 223/395 658/397 230/398
f 656/394 224/396 659/399
f 224/396 229/400 659/399
f 659/399 658/397 656/394
f 658/397 657/393 656/394
f 658/397 660/401 230/398
f 660/401 236/402 230/398
f 659/399 229/400 661/403
f 229/400 235/404 661/403
f 661/403 660/401 659/399
f 660/401 658/397 659/399
f 235/404 242/405 661/403
f 242/405 662/406 661/403
f 236/402 660/401 241/407
f 660/401 663/408 241/407
f 662/406 663/408 661/403
f 663/408 660/401 661/403
f 664/410 665/409 662/406
f 665/409 663/408 662/406
f 241/407 663/408 248/411
f 663/408 665/409 248/411
f 242/405 247/412 662/406
f 662/406 247/412 664/410
f 251/415 666/414 249/413
f 667/416 249/413 666/414
f 250/419 668/418 252/417
f 668/418 669/420 252/417
f 253/422 670/421 250/419
f 670/421 668/418 250/419
f 249/413 667/416 254/423
f 671/424 254/423 667/416
f 256/426 672/425 251/415
f 251/415 672/425 666/414
f 252/417 669/420 255/427
f 669/420 673/428 255/427
f 666/414 669/420 667/416
f 669/420 668/418 667/416
f 670/421 671/424 668/418
f 668/418 671/424 667/416
f 672/425 673/428 666/414
f 673/428 669/420 666/414
f 257/430 674/429 253/422
f 674/429 670/421 253/422
f 254/423 671/424 258/431
f 258/431 671/424 675/432
f 259/434 676/433 256/426
f 672/425 256/426 676/433
f 255/427 673/428 260/435
f 673/428 677/436 260/435
f 674/429 675/432 670/421
f 670/421 675/432 671/424
f 676/433 677/436 672/425
f 677/436 673/428 672/425
f 262/438 678/437 257/430
f 678/437 674/429 257/430
f 258/431 675/432 261/439
f 679/440 261/439 675/432
f 263/442 680/441 259/434
f 259/434 680/441 676/433
f 260/435 677/436 264/443
f 677/436 681/444 264/443
f 678/437 679/440 674/429
f 674/429 679/440 675/432
f 676/433 680/441 677/436
f 681/444 677/436 680/441
f 265/446 682/445 262/438
f 682/445 678/437 262/438
f 261/439 679/440 266/447
f 266/447 679/440 683/448
f 267/450 684/449 263/442
f 680/441 263/442 684/449
f 264/443 681/444 268/451
f 681/444 685/452 268/451
f 679/440 678/437 683/448
f 678/437 682/445 683/448
f 680/441 684/449 681/444
f 685/452 681/444 684/449
f 270/454 686/453 265/446
f 686/453 682/445 265/446
f 266/447 683/448 269/455
f 687/456 269/455 683/448
f 683/448 682/445 687/456
f 682/445 686/453 687/456
f 267/450 271/457 684/449
f 684/449 271/457 688/458
f 268/451 685/452 272/459
f 685/452 689/460 272/459
f 684/449 688/458 685/452
f 689/460 685/452 688/458
f 273/462 690/461 270/454
f 690/461 686/453 270/454
f 269/455 687/456 274/463
f 691/464 274/463 687/456
f 690/461 691/464 686/453
f 686/453 691/464 687/456
f 109/466 272/459 618/465
f 689/460 618/465 272/459
f 107/468 616/467 271/457
f 271/457 616/467 688/458
f 688/458 616/467 689/460
f 618/465 689/460 616/467
f 692/470 693/469 690/461
f 690/461 693/469 691/464
f 275/471 692/470 273/462
f 692/470 690/461 273/462
f 274/463 691/464 276/472
f 276/472 691/464 693/469
f 694/474 695/473 692/470
f 692/470 695/473 693/469
f 277/475 694/474 275/471
f 694/474 692/470 275/471
f 276/472 693/469 278/476
f 695/473 278/476 693/469
f 696/478 697/477 694/474
f 694/474 697/477 695/473
f 279/479 696/478 277/475
f 696/478 694/474 277/475
f 278/476 695/473 280/480
f 280/480 695/473 697/477
f 698/482 699/481 696/478
f 696/478 699/481 697/477
f 281/483 698/482 279/479
f 698/482 696/478 279/479
f 280/480 697/477 282/484
f 699/481 282/484 697/477
f 700/486 701/485 698/482
f 698/482 701/485 699/481
f 283/487 700/486 281/483
f 700/486 698/482 281/483
f 282/484 699/481 284/488
f 701/485 284/488 699/481
f 700/486 702/489 701/485
f 702/489 703/490 701/485
f 285/491 702/489 283/487
f 702/489 700/486 283/487
f 284/488 701/485 286/492
f 286/492 701/485 703/490
f 602/494 703/490 601/493
f 702/489 601/493 703/490
f 33/495 601/493 285/491
f 601/493 702/489 285/491
f 34/496 286/492 602/494
f 602/494 286/492 703/490
f 380/499 704/498 382/497
f 704/498 705/500 382/497
f 706/503 379/502 707/501
f 379/502 381/504 707/501
f 707/501 705/500 706/503
f 705/500 704/498 706/503
f 705/500 708/505 382/497
f 708/505 383/506 382/497
f 707/501 381/504 709/507
f 381/504 384/508 709/507
f 709/507 708/505 707/501
f 708/505 705/500 707/501
f 383/506 708/505 386/509
f 708/505 710/510 386/509
f 709/507 384/508 711/511
f 384/508 385/512 711/511
f 711/511 710/510 709/507
f 710/510 708/505 709/507
f 712/260 713/514 714/513
f 713/514 715/515 714/513
f 716/517 717/259 718/516
f 717/259 719/518 718/516
f 718/516 715/515 716/517
f 715/515 713/514 716/517
f 715/515 569/519 714/513
f 569/519 4/520 714/513
f 718/516 719/518 571/521
f 719/518 2/522 571/521
f 571/521 569/519 718/516
f 569/519 715/515 718/516
f 393/525 394/524 720/523
f 394/524 721/526 720/523
f 722/528 720/523 723/527
f 721/526 723/527 720/523
f 722/528 723/527 391/529
f 723/527 392/530 391/529
f 394/524 396/531 721/526
f 721/526 396/531 724/532
f 725/533 723/527 724/532
f 724/532 723/527 721/526
f 723/527 725/533 392/530
f 392/530 725/533 395/534
f 396/531 398/535 724/532
f 724/532 398/535 726/536
f 725/533 724/532 727/537
f 726/536 727/537 724/532
f 725/533 727/537 395/534
f 727/537 397/538 395/534
f 398/535 400/539 726/536
f 400/539 728/540 726/536
f 729/541 727/537 728/540
f 728/540 727/537 726/536
f 727/537 729/541 397/538
f 729/541 399/542 397/538
f 400/539 402/543 728/540
f 728/540 402/543 730/544
f 729/541 728/540 731/545
f 730/544 731/545 728/540
f 729/541 731/545 399/542
f 399/542 731/545 401/546
f 732/549 733/548 734/547
f 735/550 734/547 733/548
f 733/548 732/549 467/551
f 732/549 468/552 467/551
f 734/547 735/550 470/553
f 469/554 470/553 735/550
f 736/556 732/549 737/555
f 737/555 732/549 734/547
f 732/549 736/556 468/552
f 468/552 736/556 471/557
f 737/555 734/547 472/558
f 470/553 472/558 734/547
f 738/560 736/556 739/559
f 736/556 737/555 739/559
f 739/559 737/555 474/561
f 737/555 472/558 474/561
f 736/556 738/560 471/557
f 471/557 738/560 473/562
f 740/564 738/560 741/563
f 739/559 741/563 738/560
f 741/563 739/559 476/565
f 474/561 476/565 739/559
f 738/560 740/564 473/562
f 740/564 475/566 473/562
f 741/563 476/565 742/567
f 476/565 478/568 742/567
f 743/570 477/569 740/564
f 475/566 740/564 477/569
f 740/564 741/563 743/570
f 742/567 743/570 741/563
f 742/567 478/568 744/571
f 478/568 480/572 744/571
f 745/574 479/573 743/570
f 477/569 743/570 479/573
f 743/570 742/567 745/574
f 742/567 744/571 745/574
f 481/576 746/575 480/572
f 480/572 746/575 744/571
f 482/578 479/573 747/577
f 745/574 747/577 479/573
f 744/571 746/575 745/574
f 746/575 747/577 745/574
f 481/576 483/579 746/575
f 483/579 748/580 746/575
f 482/578 747/577 484/581
f 747/577 749/582 484/581
f 748/580 749/582 746/575
f 749/582 747/577 746/575
f 750/584 751/583 748/580
f 749/582 748/580 751/583
f 484/581 749/582 486/585
f 749/582 751/583 486/585
f 485/586 750/584 483/579
f 748/580 483/579 750/584
f 752/588 753/587 750/584
f 750/584 753/587 751/583
f 486/585 751/583 488/589
f 751/583 753/587 488/589
f 487/590 752/588 485/586
f 485/586 752/588 750/584
f 754/592 755/591 752/588
f 755/591 753/587 752/588
f 488/589 753/587 490/593
f 753/587 755/591 490/593
f 489/594 754/592 487/590
f 487/590 754/592 752/588
f 754/592 756/595 755/591
f 755/591 756/595 757/596
f 490/593 755/591 492/597
f 755/591 757/596 492/597
f 489/594 491/598 754/592
f 754/592 491/598 756/595
f 758/600 757/596 759/599
f 756/595 759/599 757/596
f 493/601 492/597 758/600
f 757/596 758/600 492/597
f 491/598 494/602 756/595
f 494/602 759/599 756/595
f 760/604 758/600 761/603
f 761/603 758/600 759/599
f 495/605 493/601 760/604
f 493/601 758/600 760/604
f 494/602 496/606 759/599
f 496/606 761/603 759/599
f 762/608 760/604 763/607
f 760/604 761/603 763/607
f 497/609 495/605 762/608
f 495/605 760/604 762/608
f 496/606 498/610 761/603
f 761/603 498/610 763/607
f 764/612 762/608 765/611
f 763/607 765/611 762/608
f 498/610 500/613 763/607
f 500/613 765/611 763/607
f 762/608 764/612 497/609
f 764/612 499/614 497/609
f 766/616 764/612 767/615
f 767/615 764/612 765/611
f 767/615 765/611 502/617
f 500/613 502/617 765/611
f 764/612 766/616 499/614
f 499/614 766/616 501/618
f 768/620 766/616 769/619
f 766/616 767/615 769/619
f 769/619 767/615 504/621
f 767/615 502/617 504/621
f 766/616 768/620 501/618
f 501/618 768/620 503/622
f 769/619 770/623 768/620
f 770/623 771/624 768/620
f 504/621 505/625 769/619
f 505/625 770/623 769/619
f 506/626 503/622 771/624
f 768/620 771/624 503/622
f 772/629 773/628 774/627
f 773/628 775/630 774/627
f 527/632 528/631 773/628
f 775/630 773/628 528/631
f 526/634 525/633 774/627
f 774/627 525/633 772/629
f 776/636 777/635 772/629
f 777/635 773/628 772/629
f 773/628 777/635 527/632
f 777/635 529/637 527/632
f 776/636 772/629 530/638
f 525/633 530/638 772/629
f 778/640 779/639 776/636
f 779/639 777/635 776/636
f 776/636 530/638 778/640
f 530/638 531/641 778/640
f 777/635 779/639 529/637
f 529/637 779/639 532/642
f 780/644 781/643 778/640
f 781/643 779/639 778/640
f 531/641 533/645 778/640
f 778/640 533/645 780/644
f 534/646 532/642 781/643
f 779/639 781/643 532/642
f 782/648 783/647 780/644
f 783/647 781/643 780/644
f 781/643 783/647 534/646
f 783/647 535/649 534/646
f 780/644 533/645 782/648
f 533/645 536/650 782/648
f 784/652 785/651 782/648
f 785/651 783/647 782/648
f 782/648 536/650 784/652
f 536/650 537/653 784/652
f 783/647 785/651 535/649
f 535/649 785/651 538/654
f 786/656 787/655 784/652
f 787/655 785/651 784/652
f 784/652 537/653 786/656
f 537/653 539/657 786/656
f 785/651 787/655 538/654
f 787/655 540/658 538/654
f 788/661 789/660 790/659
f 789/660 791/662 790/659
f 543/664 544/663 789/660
f 791/662 789/660 544/663
f 541/666 788/661 542/665
f 790/659 542/665 788/661
f 792/668 793/667 788/661
f 793/667 789/660 788/661
f 545/669 543/664 793/667
f 789/660 793/667 543/664
f 546/670 792/668 541/666
f 541/666 792/668 788/661
usemtl texture2
f 794/673 795/672 796/671
f 796/671 795/672 797/674
f 796/671 797/674 36/675
f 36/675 797/674 38/676
f 794/673 35/677 795/672
f 35/677 37/678 795/672
f 795/672 798/679 797/674
f 798/679 799/680 797/674
f 40/681 38/676 799/680
f 797/674 799/680 38/676
f 39/682 798/679 37/678
f 37/678 798/679 795/672
f 800/684 801/683 798/679
f 801/683 799/680 798/679
f 40/681 799/680 42/685
f 799/680 801/683 42/685
f 41/686 800/684 39/682
f 39/682 800/684 798/679
f 802/688 803/687 800/684
f 803/687 801/683 800/684
f 42/685 801/683 44/689
f 801/683 803/687 44/689
f 43/690 802/688 41/686
f 41/686 802/688 804/684
f 805/692 806/691 802/688
f 803/687 802/688 806/691
f 44/689 803/687 46/693
f 803/687 806/691 46/693
f 45/694 805/692 43/690
f 802/688 43/690 805/692
f 807/696 808/695 809/692
f 809/692 808/695 806/691
f 46/693 806/691 48/697
f 806/691 808/695 48/697
f 47/698 810/696 45/694
f 45/694 810/696 805/692
f 811/700 812/695 813/699
f 812/695 807/696 813/699
f 49/701 48/697 814/700
f 48/697 808/695 814/700
f 47/698 50/702 807/696
f 50/702 813/699 807/696
f 815/704 811/700 816/703
f 816/703 811/700 813/699
f 51/705 49/701 817/704
f 811/700 817/704 49/701
f 50/702 52/706 813/699
f 52/706 816/703 813/699
f 818/708 815/704 819/707
f 815/704 816/703 819/707
f 53/709 51/705 818/708
f 51/705 815/704 818/708
f 52/706 54/710 820/703
f 820/703 54/710 819/707
f 821/712 818/708 822/711
f 819/707 822/711 818/708
f 55/713 53/709 821/712
f 818/708 821/712 53/709
f 54/710 56/714 819/707
f 56/714 822/711 819/707
f 823/716 821/712 824/715
f 821/712 822/711 824/715
f 56/714 58/717 822/711
f 58/717 824/715 822/711
f 821/712 825/716 55/713
f 55/713 825/716 57/718
f 826/720 823/716 827/719
f 827/719 823/716 824/715
f 827/719 824/715 60/721
f 58/717 60/721 824/715
f 823/716 826/720 57/718
f 826/720 59/722 57/718
f 828/724 826/720 829/723
f 826/720 827/719 829/723
f 829/723 827/719 61/725
f 827/719 60/721 61/725
f 826/720 828/724 59/722
f 59/722 828/724 62/726
f 830/728 828/724 831/727
f 829/723 831/727 828/724
f 831/727 829/723 64/729
f 61/725 64/729 829/723
f 828/724 830/728 62/726
f 830/728 63/730 62/726
f 832/732 830/728 833/731
f 833/731 830/728 831/727
f 833/731 831/727 65/733
f 64/729 65/733 831/727
f 830/728 832/732 63/730
f 63/730 832/732 66/734
f 834/736 835/735 833/731
f 832/732 833/731 835/735
f 833/731 65/733 834/736
f 65/733 67/737 834/736
f 835/735 68/738 832/732
f 66/734 832/732 68/738
f 836/740 837/739 834/736
f 834/736 837/739 835/735
f 69/741 836/740 67/737
f 67/737 836/740 834/736
f 68/738 835/735 70/742
f 835/735 837/739 70/742
f 838/744 839/743 836/740
f 839/743 837/739 836/740
f 71/745 838/744 69/741
f 69/741 838/744 836/740
f 70/742 837/739 72/746
f 837/739 839/743 72/746
f 840/748 841/747 838/744
f 841/747 839/743 838/744
f 73/749 840/748 71/745
f 71/745 840/748 838/744
f 72/746 839/743 74/750
f 839/743 841/747 74/750
f 842/752 843/751 840/748
f 841/747 840/748 843/751
f 75/753 842/752 73/749
f 840/748 73/749 842/752
f 74/750 841/747 76/754
f 841/747 843/751 76/754
f 844/756 845/755 842/752
f 842/752 845/755 843/751
f 76/754 843/751 78/757
f 843/751 845/755 78/757
f 77/758 844/756 75/753
f 75/753 844/756 842/752
f 845/755 844/756 846/759
f 846/759 844/756 847/760
f 80/761 78/757 846/759
f 78/757 845/755 846/759
f 77/758 79/762 844/756
f 79/762 847/760 844/756
f 848/764 849/763 847/760
f 849/763 846/759 847/760
f 848/764 847/760 81/765
f 79/762 81/765 847/760
f 846/759 849/763 80/761
f 849/763 82/766 80/761
f 848/764 850/767 849/763
f 849/763 850/767 851/768
f 851/768 84/769 849/763
f 82/766 849/763 84/769
f 848/764 81/765 850/767
f 81/765 83/770 850/767
f 852/772 853/771 850/767
f 850/767 853/771 851/768
f 851/768 853/771 84/769
f 853/771 86/773 84/769
f 83/770 85/774 850/767
f 85/774 852/772 850/767
f 853/771 852/772 854/775
f 854/775 852/772 855/776
f 855/776 852/772 87/777
f 85/774 87/777 852/772
f 853/771 854/775 86/773
f 86/773 854/775 88/778
f 856/780 854/775 857/779
f 857/779 854/775 855/776
f 857/779 855/776 89/781
f 87/777 89/781 855/776
f 854/775 856/780 88/778
f 856/780 90/782 88/778
f 856/780 857/779 858/783
f 857/779 859/784 858/783
f 856/780 858/783 90/782
f 90/782 858/783 92/785
f 857/779 89/781 859/784
f 89/781 91/786 859/784
f 860/788 861/787 859/784
f 859/784 861/787 858/783
f 858/783 861/787 92/785
f 861/787 94/789 92/785
f 860/788 859/784 93/790
f 91/786 93/790 859/784
f 97/792 861/787 98/791
f 98/791 861/787 860/788
f 861/787 97/792 94/789
f 94/789 97/792 96/793
f 860/788 93/790 98/791
f 93/790 95/794 98/791
f 862/796 863/795 864/301
f 863/795 865/304 864/301
f 866/307 867/306 868/305
f 867/306 869/308 868/305
f 869/308 863/795 868/305
f 863/795 862/796 868/305
f 865/304 863/795 870/309
f 863/795 871/797 870/309
f 869/308 867/306 872/311
f 867/306 873/312 872/311
f 872/311 871/797 869/308
f 871/797 863/795 869/308
f 874/301 875/304 876/798
f 875/304 877/799 876/798
f 878/802 879/801 880/800
f 880/800 879/801 881/803
f 877/799 878/802 876/798
f 878/802 880/800 876/798
f 879/801 878/802 882/804
f 878/802 883/805 882/804
f 875/304 884/309 877/799
f 877/799 884/309 885/806
f 885/806 883/805 877/799
f 883/805 878/802 877/799
f 102/809 886/808 101/807
f 101/807 886/808 887/810
f 888/813 104/812 889/811
f 889/811 104/812 103/814
f 106/319 890/815 105/317
f 105/317 890/815 891/816
f 99/819 892/818 100/817
f 892/818 893/820 100/817
f 890/815 888/813 891/816
f 888/813 889/811 891/816
f 886/808 893/820 887/810
f 893/820 892/818 887/810
f 894/822 895/821 890/815
f 895/821 888/813 890/815
f 896/824 897/823 886/808
f 897/823 893/820 886/808
f 100/817 893/820 112/825
f 893/820 897/823 112/825
f 111/826 896/824 102/809
f 886/808 102/809 896/824
f 104/812 888/813 114/827
f 888/813 895/821 114/827
f 113/324 894/822 106/319
f 890/815 106/319 894/822
f 898/829 899/828 894/822
f 899/828 895/821 894/822
f 900/831 901/830 896/824
f 901/830 897/823 896/824
f 118/832 112/825 901/830
f 897/823 901/830 112/825
f 111/826 117/833 896/824
f 896/824 117/833 900/831
f 120/834 114/827 899/828
f 895/821 899/828 114/827
f 113/324 119/328 894/822
f 894/822 119/328 898/829
f 902/836 903/835 898/829
f 903/835 899/828 898/829
f 904/838 905/837 900/831
f 905/837 901/830 900/831
f 123/839 118/832 905/837
f 901/830 905/837 118/832
f 117/833 124/840 900/831
f 124/840 904/838 900/831
f 125/841 120/834 903/835
f 899/828 903/835 120/834
f 119/328 126/332 898/829
f 126/332 902/836 898/829
f 906/843 907/842 902/836
f 907/842 903/835 902/836
f 908/845 909/844 904/838
f 909/844 905/837 904/838
f 123/839 905/837 130/846
f 905/837 909/844 130/846
f 124/840 129/847 904/838
f 904/838 129/847 908/845
f 132/848 125/841 907/842
f 125/841 903/835 907/842
f 131/336 906/843 126/332
f 902/836 126/332 906/843
f 910/850 911/849 906/843
f 911/849 907/842 906/843
f 912/852 913/851 908/845
f 913/851 909/844 908/845
f 135/853 130/846 913/851
f 909/844 913/851 130/846
f 129/847 136/854 908/845
f 136/854 912/852 908/845
f 131/336 138/339 906/843
f 138/339 910/850 906/843
f 137/855 132/848 911/849
f 907/842 911/849 132/848
f 914/857 915/856 910/850
f 915/856 911/849 910/850
f 916/859 917/858 912/852
f 917/858 913/851 912/852
f 136/854 141/860 912/852
f 912/852 141/860 916/859
f 135/853 913/851 142/861
f 913/851 917/858 142/861
f 137/855 911/849 144/862
f 911/849 915/856 144/862
f 138/339 143/344 910/850
f 910/850 143/344 914/857
f 918/864 919/863 914/857
f 919/863 915/856 914/857
f 920/866 921/865 916/859
f 921/865 917/858 916/859
f 148/867 142/861 921/865
f 917/858 921/865 142/861
f 141/860 147/868 916/859
f 916/859 147/868 920/866
f 150/869 144/862 919/863
f 915/856 919/863 144/862
f 143/344 149/348 914/857
f 914/857 149/348 918/864
f 922/871 923/870 918/864
f 923/870 919/863 918/864
f 924/873 925/872 920/866
f 925/872 921/865 920/866
f 147/868 154/874 920/866
f 154/874 924/873 920/866
f 148/867 921/865 153/875
f 921/865 925/872 153/875
f 149/348 156/351 918/864
f 156/351 922/871 918/864
f 155/876 150/869 923/870
f 919/863 923/870 150/869
f 926/878 927/877 922/871
f 927/877 923/870 922/871
f 928/880 929/879 924/873
f 929/879 925/872 924/873
f 153/875 925/872 160/881
f 925/872 929/879 160/881
f 154/874 159/882 924/873
f 924/873 159/882 928/880
f 155/876 923/870 162/883
f 923/870 927/877 162/883
f 156/351 161/356 922/871
f 922/871 161/356 926/878
f 930/885 931/884 926/878
f 931/884 927/877 926/878
f 932/887 933/886 928/880
f 933/886 929/879 928/880
f 160/881 929/879 165/888
f 929/879 933/886 165/888
f 159/882 166/889 928/880
f 166/889 932/887 928/880
f 162/883 927/877 167/890
f 927/877 931/884 167/890
f 161/356 168/360 926/878
f 168/360 930/885 926/878
f 934/892 935/891 930/885
f 935/891 931/884 930/885
f 936/894 937/893 932/887
f 937/893 933/886 932/887
f 165/888 933/886 172/895
f 933/886 937/893 172/895
f 171/896 936/894 166/889
f 932/887 166/889 936/894
f 167/890 931/884 174/897
f 931/884 935/891 174/897
f 168/360 173/364 930/885
f 930/885 173/364 934/892
f 938/899 939/898 934/892
f 939/898 935/891 934/892
f 940/901 941/900 936/894
f 941/900 937/893 936/894
f 177/902 172/895 941/900
f 937/893 941/900 172/895
f 171/896 178/903 936/894
f 936/894 178/903 940/901
f 179/904 174/897 939/898
f 935/891 939/898 174/897
f 180/368 938/899 173/364
f 934/892 173/364 938/899
f 942/906 943/905 938/899
f 943/905 939/898 938/899
f 944/908 945/907 940/901
f 945/907 941/900 940/901
f 944/908 940/901 183/909
f 940/901 178/903 183/909
f 945/907 184/910 941/900
f 177/902 941/900 184/910
f 943/905 186/911 939/898
f 179/904 939/898 186/911
f 942/906 938/899 185/372
f 938/899 180/368 185/372
f 946/913 947/912 942/906
f 947/912 943/905 942/906
f 948/915 949/914 944/908
f 949/914 945/907 944/908
f 948/915 944/908 190/916
f 183/909 190/916 944/908
f 945/907 949/914 184/910
f 949/914 189/917 184/910
f 946/913 942/906 192/375
f 185/372 192/375 942/906
f 943/905 947/912 186/911
f 947/912 191/918 186/911
f 950/920 951/919 946/913
f 951/919 947/912 946/913
f 952/922 953/921 948/915
f 953/921 949/914 948/915
f 949/914 953/921 189/917
f 189/917 953/921 196/923
f 948/915 190/916 952/922
f 190/916 195/924 952/922
f 947/912 951/919 191/918
f 191/918 951/919 198/925
f 946/913 192/375 950/920
f 192/375 197/380 950/920
f 954/927 955/926 950/920
f 955/926 951/919 950/920
f 956/929 957/928 952/922
f 957/928 953/921 952/922
f 953/921 957/928 196/923
f 957/928 202/930 196/923
f 952/922 195/924 956/929
f 195/924 201/931 956/929
f 950/920 197/380 954/927
f 197/380 203/383 954/927
f 951/919 955/926 198/925
f 955/926 204/932 198/925
f 958/934 959/933 954/927
f 959/933 955/926 954/927
f 960/936 961/935 956/929
f 961/935 957/928 956/929
f 957/928 961/935 202/930
f 961/935 207/937 202/930
f 960/936 956/929 208/938
f 201/931 208/938 956/929
f 955/926 959/933 204/932
f 959/933 209/939 204/932
f 958/934 954/927 210/388
f 203/383 210/388 954/927
f 962/941 963/940 958/934
f 963/940 959/933 958/934
f 964/943 965/942 960/936
f 965/942 961/935 960/936
f 961/935 965/942 207/937
f 207/937 965/942 214/944
f 960/936 208/938 964/943
f 208/938 213/945 964/943
f 959/933 963/940 209/939
f 209/939 963/940 216/946
f 958/934 210/388 962/941
f 210/388 215/392 962/941
f 966/948 967/947 962/941
f 967/947 963/940 962/941
f 968/950 969/949 964/943
f 969/949 965/942 964/943
f 965/942 969/949 214/944
f 969/949 219/951 214/944
f 968/950 964/943 220/952
f 213/945 220/952 964/943
f 963/940 967/947 216/946
f 967/947 221/953 216/946
f 966/948 962/941 222/396
f 215/392 222/396 962/941
f 967/947 970/954 221/953
f 221/953 970/954 228/955
f 969/949 971/956 219/951
f 219/951 971/956 226/957
f 968/950 220/952 972/958
f 220/952 225/959 972/958
f 966/948 222/396 973/960
f 222/396 227/400 973/960
f 973/960 970/954 966/948
f 970/954 967/947 966/948
f 972/958 971/956 968/950
f 971/956 969/949 968/950
f 232/962 226/957 974/961
f 971/956 974/961 226/957
f 970/954 975/963 228/955
f 975/963 234/964 228/955
f 225/959 231/965 972/958
f 972/958 231/965 976/966
f 973/960 227/400 977/967
f 227/400 233/404 977/967
f 977/967 975/963 973/960
f 975/963 970/954 973/960
f 976/966 974/961 972/958
f 974/961 971/956 972/958
f 237/969 232/962 978/968
f 974/961 978/968 232/962
f 231/965 238/970 976/966
f 238/970 979/971 976/966
f 233/404 240/405 977/967
f 240/405 980/972 977/967
f 234/964 975/963 239/973
f 975/963 981/974 239/973
f 980/972 981/974 977/967
f 981/974 975/963 977/967
f 979/971 978/968 976/966
f 978/968 974/961 976/966
f 237/969 978/968 244/975
f 978/968 982/976 244/975
f 238/970 243/977 979/971
f 979/971 243/977 983/978
f 984/980 985/979 980/972
f 985/979 981/974 980/972
f 983/978 982/976 979/971
f 982/976 978/968 979/971
f 239/973 981/974 246/981
f 981/974 985/979 246/981
f 240/405 245/412 980/972
f 980/972 245/412 984/980
f 288/413 986/982 290/415
f 986/982 987/983 290/415
f 289/986 988/985 287/984
f 989/987 287/984 988/985
f 291/989 990/988 289/986
f 289/986 990/988 988/985
f 293/423 991/990 288/413
f 991/990 986/982 288/413
f 290/415 987/983 292/426
f 987/983 992/991 292/426
f 287/984 989/987 294/992
f 993/993 294/992 989/987
f 988/985 987/983 989/987
f 987/983 986/982 989/987
f 991/990 993/993 986/982
f 986/982 993/993 989/987
f 990/988 992/991 988/985
f 992/991 987/983 988/985
f 295/995 994/994 291/989
f 990/988 291/989 994/994
f 292/426 992/991 296/434
f 992/991 995/996 296/434
f 297/431 996/997 293/423
f 996/997 991/990 293/423
f 294/992 993/993 298/998
f 298/998 993/993 997/999
f 994/994 995/996 990/988
f 995/996 992/991 990/988
f 996/997 997/999 991/990
f 991/990 997/999 993/993
f 299/1001 998/1000 295/995
f 295/995 998/1000 994/994
f 296/434 995/996 300/442
f 995/996 999/1002 300/442
f 302/439 1000/1003 297/431
f 1000/1003 996/997 297/431
f 298/998 997/999 301/1004
f 1001/1005 301/1004 997/999
f 998/1000 999/1002 994/994
f 999/1002 995/996 994/994
f 1000/1003 1001/1005 996/997
f 996/997 1001/1005 997/999
f 304/447 1002/1006 302/439
f 1002/1006 1000/1003 302/439
f 301/1004 1001/1005 303/1007
f 303/1007 1001/1005 1003/1008
f 305/1010 1004/1009 299/1001
f 998/1000 299/1001 1004/1009
f 300/442 999/1002 306/450
f 999/1002 1005/1011 306/450
f 1001/1005 1000/1003 1003/1008
f 1000/1003 1002/1006 1003/1008
f 998/1000 1004/1009 999/1002
f 1005/1011 999/1002 1004/1009
f 308/455 1006/1012 304/447
f 1006/1012 1002/1006 304/447
f 303/1007 1003/1008 307/1013
f 1007/1014 307/1013 1003/1008
f 305/1010 309/1015 1004/1009
f 1004/1009 309/1015 1008/1016
f 306/450 1005/1011 310/457
f 1005/1011 1009/1017 310/457
f 1003/1008 1002/1006 1007/1014
f 1002/1006 1006/1012 1007/1014
f 1004/1009 1008/1016 1005/1011
f 1009/1017 1005/1011 1008/1016
f 311/463 1010/1018 308/455
f 1010/1018 1006/1012 308/455
f 307/1013 1007/1014 312/1019
f 1011/1020 312/1019 1007/1014
f 99/1022 892/1021 309/1015
f 309/1015 892/1021 1008/1016
f 101/468 310/457 887/1023
f 1009/1017 887/1023 310/457
f 1010/1018 1011/1020 1006/1012
f 1006/1012 1011/1020 1007/1014
f 1008/1016 892/1021 1009/1017
f 887/1023 1009/1017 892/1021
f 1012/1025 1013/1024 1010/1018
f 1010/1018 1013/1024 1011/1020
f 313/472 1012/1025 311/463
f 1012/1025 1010/1018 311/463
f 312/1019 1011/1020 314/1026
f 314/1026 1011/1020 1013/1024
f 1014/1028 1015/1027 1012/1025
f 1012/1025 1015/1027 1013/1024
f 315/476 1014/1028 313/472
f 1014/1028 1012/1025 313/472
f 314/1026 1013/1024 316/1029
f 1015/1027 316/1029 1013/1024
f 1016/1031 1017/1030 1014/1028
f 1014/1028 1017/1030 1015/1027
f 317/480 1016/1031 315/476
f 1016/1031 1014/1028 315/476
f 316/1029 1015/1027 318/1032
f 318/1032 1015/1027 1017/1030
f 1018/1034 1019/1033 1016/1031
f 1016/1031 1019/1033 1017/1030
f 319/484 1018/1034 317/480
f 1018/1034 1016/1031 317/480
f 318/1032 1017/1030 320/1035
f 1019/1033 320/1035 1017/1030
f 1020/1037 1021/1036 1018/1034
f 1018/1034 1021/1036 1019/1033
f 321/488 1020/1037 319/484
f 1020/1037 1018/1034 319/484
f 320/1035 1019/1033 322/1038
f 1021/1036 322/1038 1019/1033
f 1020/1037 1022/1039 1021/1036
f 1022/1039 1023/1040 1021/1036
f 323/492 1022/1039 321/488
f 1022/1039 1020/1037 321/488
f 322/1038 1021/1036 324/1041
f 324/1041 1021/1036 1023/1040
f 1023/1040 1022/1039 327/1042
f 1022/1039 325/1043 327/1042
f 324/1041 1023/1040 328/1044
f 327/1042 328/1044 1023/1040
f 323/492 326/496 1022/1039
f 326/496 325/1043 1022/1039
f 330/1047 1024/1046 332/1045
f 1024/1046 1025/1048 332/1045
f 331/1051 1026/1050 329/1049
f 1027/1052 329/1049 1026/1050
f 333/1054 1028/1053 331/1051
f 331/1051 1028/1053 1026/1050
f 332/1045 1025/1048 334/1055
f 1025/1048 1029/1056 334/1055
f 335/1058 1030/1057 330/1047
f 1030/1057 1024/1046 330/1047
f 329/1049 1027/1052 336/1059
f 1031/1060 336/1059 1027/1052
f 1026/1050 1025/1048 1027/1052
f 1025/1048 1024/1046 1027/1052
f 1028/1053 1029/1056 1026/1050
f 1029/1056 1025/1048 1026/1050
f 1030/1057 1031/1060 1024/1046
f 1024/1046 1031/1060 1027/1052
f 337/1062 1032/1061 333/1054
f 1028/1053 333/1054 1032/1061
f 334/1055 1029/1056 338/1063
f 1029/1056 1033/1064 338/1063
f 339/1066 1034/1065 335/1058
f 1034/1065 1030/1057 335/1058
f 336/1059 1031/1060 340/1067
f 340/1067 1031/1060 1035/1068
f 1032/1061 1033/1064 1028/1053
f 1033/1064 1029/1056 1028/1053
f 1034/1065 1035/1068 1030/1057
f 1030/1057 1035/1068 1031/1060
f 341/1070 1036/1069 337/1062
f 337/1062 1036/1069 1032/1061
f 338/1063 1033/1064 342/1071
f 1033/1064 1037/1072 342/1071
f 344/1074 1038/1073 339/1066
f 1038/1073 1034/1065 339/1066
f 340/1067 1035/1068 343/1075
f 1039/1076 343/1075 1035/1068
f 1036/1069 1037/1072 1032/1061
f 1037/1072 1033/1064 1032/1061
f 1038/1073 1039/1076 1034/1065
f 1034/1065 1039/1076 1035/1068
f 345/1078 1040/1077 341/1070
f 1036/1069 341/1070 1040/1077
f 346/1080 342/1071 1041/1079
f 1037/1072 1041/1079 342/1071
f 347/1082 1042/1081 344/1074
f 1042/1081 1038/1073 344/1074
f 343/1075 1039/1076 348/1083
f 348/1083 1039/1076 1043/1084
f 1036/1069 1040/1077 1037/1072
f 1041/1079 1037/1072 1040/1077
f 1039/1076 1038/1073 1043/1084
f 1038/1073 1042/1081 1043/1084
f 345/1078 349/1085 1040/1077
f 1040/1077 349/1085 1044/1086
f 346/1080 1041/1079 350/1087
f 1041/1079 1045/1088 350/1087
f 352/1090 1046/1089 347/1082
f 1046/1089 1042/1081 347/1082
f 348/1083 1043/1084 351/1091
f 1047/1092 351/1091 1043/1084
f 1040/1077 1044/1086 1041/1079
f 1045/1088 1041/1079 1044/1086
f 1043/1084 1042/1081 1047/1092
f 1042/1081 1046/1089 1047/1092
f 103/1094 889/1093 349/1085
f 349/1085 889/1093 1044/1086
f 105/1096 350/1087 891/1095
f 1045/1088 891/1095 350/1087
f 1044/1086 889/1093 1045/1088
f 891/1095 1045/1088 889/1093
f 353/1098 1048/1097 352/1090
f 1048/1097 1046/1089 352/1090
f 351/1091 1047/1092 354/1099
f 1049/1100 354/1099 1047/1092
f 1048/1097 1049/1100 1046/1089
f 1046/1089 1049/1100 1047/1092
f 1050/1102 1051/1101 1048/1097
f 1048/1097 1051/1101 1049/1100
f 355/1103 1050/1102 353/1098
f 1050/1102 1048/1097 353/1098
f 354/1099 1049/1100 356/1104
f 356/1104 1049/1100 1051/1101
f 1052/1106 1053/1105 1050/1102
f 1050/1102 1053/1105 1051/1101
f 357/1107 1052/1106 355/1103
f 1052/1106 1050/1102 355/1103
f 356/1104 1051/1101 358/1108
f 1053/1105 358/1108 1051/1101
f 1054/1110 1055/1109 1052/1106
f 1052/1106 1055/1109 1053/1105
f 359/1111 1054/1110 357/1107
f 1054/1110 1052/1106 357/1107
f 358/1108 1053/1105 360/1112
f 360/1112 1053/1105 1055/1109
f 1056/1114 1057/1113 1054/1110
f 1054/1110 1057/1113 1055/1109
f 361/1115 1056/1114 359/1111
f 1056/1114 1054/1110 359/1111
f 360/1112 1055/1109 362/1116
f 1057/1113 362/1116 1055/1109
f 1058/1118 1059/1117 1056/1114
f 1056/1114 1059/1117 1057/1113
f 363/1119 1058/1118 361/1115
f 1058/1118 1056/1114 361/1115
f 362/1116 1057/1113 364/1120
f 1059/1117 364/1120 1057/1113
f 1058/1118 1060/1121 1059/1117
f 1060/1121 1061/1122 1059/1117
f 365/1123 1060/1121 363/1119
f 1060/1121 1058/1118 363/1119
f 364/1120 1059/1117 366/1124
f 366/1124 1059/1117 1061/1122
f 1061/1122 1060/1121 369/1125
f 1060/1121 367/1126 369/1125
f 365/1123 368/1127 1060/1121
f 368/1127 367/1126 1060/1121
f 366/1124 1061/1122 370/1128
f 369/1125 370/1128 1061/1122
f 372/1131 1062/1130 374/1129
f 1062/1130 1063/1132 374/1129
f 1064/1135 371/1134 1065/1133
f 371/1134 373/1136 1065/1133
f 1065/1133 1063/1132 1064/1135
f 1063/1132 1062/1130 1064/1135
f 1063/1132 1066/1137 374/1129
f 1066/1137 375/1138 374/1129
f 1065/1133 373/1136 1067/1139
f 373/1136 376/1140 1067/1139
f 1067/1139 1066/1137 1065/1133
f 1066/1137 1063/1132 1065/1133
f 375/1138 1066/1137 378/1141
f 1066/1137 1068/1142 378/1141
f 1067/1139 376/1140 1069/1143
f 376/1140 377/1144 1069/1143
f 1069/1143 1068/1142 1067/1139
f 1068/1142 1066/1137 1067/1139
f 1070/1147 1071/1146 1072/1145
f 1071/1146 1073/1148 1072/1145
f 1074/1151 1075/1150 1076/1149
f 1076/1149 1075/1150 1077/1152
f 1077/1152 1073/1148 1076/1149
f 1073/1148 1071/1146 1076/1149
f 1075/1150 1078/1153 1077/1152
f 1077/1152 1078/1153 1079/1154
f 1080/1156 1081/1155 1073/1148
f 1073/1148 1081/1155 1072/1145
f 1079/1154 1080/1156 1077/1152
f 1080/1156 1073/1148 1077/1152
f 388/1159 1082/1158 390/1157
f 1082/1158 1083/1160 390/1157
f 387/1163 389/1162 1084/1161
f 1084/1161 389/1162 1085/1164
f 1085/1167 1083/1166 1084/1165
f 1083/1166 1082/1168 1084/1165
f 36/1170 390/1157 796/1169
f 1083/1160 796/1169 390/1157
f 35/1172 794/1171 389/1162
f 1085/1164 389/1162 794/1171
f 1086/1173 1083/1166 1085/1167
f 796/1174 1083/1166 1086/1173
f 794/1175 1086/1173 1085/1167
f 405/1178 406/1177 1087/1176
f 406/1177 1088/1179 1087/1176
f 1089/1181 1087/1176 1090/1180
f 1088/1179 1090/1180 1087/1176
f 1089/1181 1090/1180 403/1182
f 1090/1180 404/1183 403/1182
f 406/1177 408/1184 1088/1179
f 1088/1179 408/1184 1091/1185
f 1092/1186 1090/1180 1091/1185
f 1091/1185 1090/1180 1088/1179
f 1090/1180 1092/1186 404/1183
f 404/1183 1092/1186 407/1187
f 408/1184 410/1188 1091/1185
f 1091/1185 410/1188 1093/1189
f 1094/1190 1092/1186 1093/1189
f 1093/1189 1092/1186 1091/1185
f 1092/1186 1094/1190 407/1187
f 1094/1190 409/1191 407/1187
f 410/1188 412/1192 1093/1189
f 412/1192 1095/1193 1093/1189
f 1096/1194 1094/1190 1095/1193
f 1095/1193 1094/1190 1093/1189
f 1094/1190 1096/1194 409/1191
f 1096/1194 411/1195 409/1191
f 412/1192 414/1196 1095/1193
f 1095/1193 414/1196 1097/1197
f 1096/1194 1095/1193 1098/1198
f 1097/1197 1098/1198 1095/1193
f 1096/1194 1098/1198 411/1195
f 411/1195 1098/1198 413/1199
f 417/1202 418/1201 1099/1200
f 418/1201 1100/1203 1099/1200
f 1101/1205 1099/1200 1102/1204
f 1100/1203 1102/1204 1099/1200
f 1101/1205 1102/1204 415/1206
f 1102/1204 416/1207 415/1206
f 418/1201 420/1208 1100/1203
f 1100/1203 420/1208 1103/1209
f 1104/1210 1102/1204 1103/1209
f 1103/1209 1102/1204 1100/1203
f 1102/1204 1104/1210 416/1207
f 416/1207 1104/1210 419/1211
f 420/1208 422/1212 1103/1209
f 1103/1209 422/1212 1105/1213
f 1104/1210 1103/1209 1106/1214
f 1105/1213 1106/1214 1103/1209
f 1104/1210 1106/1214 419/1211
f 1106/1214 421/1215 419/1211
f 422/1212 424/1216 1105/1213
f 424/1216 1107/1217 1105/1213
f 1108/1218 1106/1214 1107/1217
f 1107/1217 1106/1214 1105/1213
f 1106/1214 1108/1218 421/1215
f 1108/1218 423/1219 421/1215
f 424/1216 426/1220 1107/1217
f 1107/1217 426/1220 1109/1221
f 1108/1218 1107/1217 1110/1222
f 1109/1221 1110/1222 1107/1217
f 1108/1218 1110/1222 423/1219
f 423/1219 1110/1222 425/1223
f 1111/1226 1112/1225 1113/1224
f 1112/1225 1114/1227 1113/1224
f 1115/1229 1112/1225 1116/1228
f 1112/1225 1111/1226 1116/1228
f 1117/1231 1118/1230 1114/1227
f 1118/1230 1113/1224 1114/1227
f 1119/1233 1120/1232 1113/1224
f 1120/1232 1111/1226 1113/1224
f 1119/1233 1113/1224 1121/1234
f 1118/1230 1121/1234 1113/1224
f 1111/1226 1120/1232 1116/1228
f 1120/1232 1122/1235 1116/1228
f 1120/1232 1119/1233 1123/1236
f 1119/1233 1124/1237 1123/1236
f 1125/1238 1122/1235 1123/1236
f 1122/1235 1120/1232 1123/1236
f 1126/1239 1124/1237 1121/1234
f 1119/1233 1121/1234 1124/1237
f 1124/1237 1127/1240 1123/1236
f 1127/1240 1128/1241 1123/1236
f 1125/1238 1123/1236 1129/1242
f 1123/1236 1128/1241 1129/1242
f 1126/1239 1130/1243 1124/1237
f 1130/1243 1127/1240 1124/1237
f 1131/1245 1132/1244 1127/1240
f 1132/1244 1128/1241 1127/1240
f 1129/1242 1128/1241 1133/1246
f 1128/1241 1132/1244 1133/1246
f 1130/1243 1134/1247 1127/1240
f 1134/1247 1131/1245 1127/1240
f 1132/1244 1131/1245 1135/1248
f 1131/1245 1136/1249 1135/1248
f 1135/1248 1137/1250 1132/1244
f 1133/1246 1132/1244 1137/1250
f 1136/1249 1131/1245 1138/1251
f 1131/1245 1134/1247 1138/1251
f 1136/1249 1139/1252 1135/1248
f 1139/1252 1140/1253 1135/1248
f 1135/1248 1140/1253 1137/1250
f 1140/1253 1141/1254 1137/1250
f 1139/1252 1136/1249 1142/1255
f 1138/1251 1142/1255 1136/1249
f 1143/1257 1144/1256 1139/1252
f 1144/1256 1140/1253 1139/1252
f 1145/1258 1143/1257 1142/1255
f 1142/1255 1143/1257 1146/1252
f 1147/1259 1141/1254 1144/1256
f 1141/1254 1140/1253 1144/1256
f 1144/1256 1143/1257 1148/1260
f 1143/1257 1149/1261 1148/1260
f 1147/1259 1144/1256 1150/1262
f 1144/1256 1148/1260 1150/1262
f 1145/1258 1151/1263 1143/1257
f 1143/1257 1151/1263 1149/1261
f 1149/1261 1152/1264 1148/1260
f 1152/1264 1153/1265 1148/1260
f 1151/1263 1154/1266 1149/1261
f 1154/1266 1152/1264 1149/1261
f 1155/1267 1150/1262 1153/1265
f 1148/1260 1153/1265 1150/1262
f 1156/1269 1157/1268 1152/1264
f 1157/1268 1153/1265 1152/1264
f 1155/1267 1153/1265 1158/1270
f 1153/1265 1157/1268 1158/1270
f 1154/1266 1159/1271 1152/1264
f 1159/1271 1156/1269 1152/1264
f 1157/1268 1156/1269 1160/1272
f 1156/1269 1161/1273 1160/1272
f 1157/1268 1160/1272 1158/1270
f 1158/1270 1160/1272 1162/1274
f 1156/1269 1159/1271 1161/1273
f 1159/1271 1163/1275 1161/1273
f 1161/1273 1164/1276 1160/1272
f 1164/1276 1165/1277 1160/1272
f 1160/1272 1165/1277 1162/1274
f 1165/1277 1166/1278 1162/1274
f 1164/1276 1161/1273 1167/1279
f 1163/1275 1167/1279 1161/1273
f 1168/1281 1169/1280 1164/1276
f 1169/1280 1165/1277 1164/1276
f 1166/1278 1165/1277 1170/1282
f 1165/1277 1169/1280 1170/1282
f 1167/1279 1171/1283 1164/1276
f 1171/1283 1168/1281 1164/1276
f 1169/1280 1168/1281 1172/1284
f 1168/1281 1173/1285 1172/1284
f 1170/1282 1169/1280 1174/1286
f 1169/1280 1172/1284 1174/1286
f 1175/1287 1173/1285 1171/1283
f 1168/1281 1171/1283 1173/1285
f 1173/1285 1176/1288 1172/1284
f 1176/1288 1177/1289 1172/1284
f 1172/1284 1177/1289 1174/1286
f 1177/1289 1178/1290 1174/1286
f 1176/1288 1173/1285 1179/1291
f 1175/1287 1179/1291 1173/1285
f 1180/1293 1181/1292 1176/1288
f 1181/1292 1177/1289 1176/1288
f 1181/1292 1182/1294 1177/1289
f 1178/1290 1177/1289 1182/1294
f 1180/1293 1176/1288 1183/1295
f 1179/1291 1183/1295 1176/1288
f 1181/1292 1180/1293 1184/1296
f 1180/1293 1185/1297 1184/1296
f 1181/1292 1184/1296 1182/1294
f 1182/1294 1184/1296 1186/1298
f 1180/1293 1183/1295 1185/1297
f 1183/1295 1187/1299 1185/1297
f 1185/1297 1188/1300 1184/1296
f 1188/1300 1189/1301 1184/1296
f 1184/1296 1189/1301 1186/1298
f 1189/1301 1190/1302 1186/1298
f 1188/1300 1185/1297 1191/1303
f 1187/1299 1191/1303 1185/1297
f 1192/1305 1193/1304 1188/1300
f 1193/1304 1189/1301 1188/1300
f 1192/1305 1188/1300 1194/1306
f 1191/1303 1194/1306 1188/1300
f 1189/1301 1193/1304 1190/1302
f 1190/1302 1193/1304 1195/1307
f 1193/1304 1192/1305 1196/1308
f 1192/1305 1197/1309 1196/1308
f 1193/1304 1196/1308 1195/1307
f 1195/1307 1196/1308 1198/1310
f 1192/1305 1194/1306 1197/1309
f 1194/1306 1199/1311 1197/1309
f 1197/1309 1200/1312 1196/1308
f 1200/1312 1201/1313 1196/1308
f 1196/1308 1201/1313 1198/1310
f 1201/1313 1202/1314 1198/1310
f 1200/1312 1197/1309 1203/1315
f 1199/1311 1203/1315 1197/1309
f 1204/1317 1205/1316 1200/1312
f 1205/1316 1201/1313 1200/1312
f 1201/1313 1205/1316 1202/1314
f 1202/1314 1205/1316 1206/1318
f 1200/1312 1203/1315 1204/1317
f 1203/1315 1207/1319 1204/1317
f 1208/1322 1209/1321 1210/1320
f 1210/1320 1209/1321 1211/1323
f 1210/1320 427/1324 1208/1322
f 427/1324 429/1325 1208/1322
f 1209/1321 430/1326 1211/1323
f 1211/1323 430/1326 428/1327
f 1212/1329 1213/1328 1208/1322
f 1213/1328 1209/1321 1208/1322
f 1208/1322 429/1325 1212/1329
f 429/1325 431/1330 1212/1329
f 1213/1328 432/1331 1209/1321
f 430/1326 1209/1321 432/1331
f 1214/1333 1215/1332 1212/1329
f 1213/1328 1212/1329 1215/1332
f 1215/1332 434/1334 1213/1328
f 432/1331 1213/1328 434/1334
f 1212/1329 431/1330 1214/1333
f 431/1330 433/1335 1214/1333
f 1214/1333 1216/1336 1215/1332
f 1216/1336 1217/1337 1215/1332
f 1217/1337 436/1338 1215/1332
f 1215/1332 436/1338 434/1334
f 1216/1336 1214/1333 435/1339
f 433/1335 435/1339 1214/1333
f 1217/1337 1218/1340 436/1338
f 436/1338 1218/1340 438/1341
f 1219/1343 1216/1336 437/1342
f 435/1339 437/1342 1216/1336
f 1216/1336 1219/1343 1217/1337
f 1219/1343 1218/1340 1217/1337
f 1218/1340 1220/1344 438/1341
f 438/1341 1220/1344 440/1345
f 1221/1347 1219/1343 439/1346
f 1219/1343 437/1342 439/1346
f 1219/1343 1221/1347 1218/1340
f 1218/1340 1221/1347 1220/1344
f 441/637 440/1345 1222/1348
f 1220/1344 1222/1348 440/1345
f 442/638 1223/1349 439/1346
f 439/1346 1223/1349 1221/1347
f 1222/1348 1220/1344 1223/1349
f 1221/1347 1223/1349 1220/1344
f 441/637 1222/1348 443/1350
f 1222/1348 1224/1351 443/1350
f 442/638 444/1352 1223/1349
f 444/1352 1225/1353 1223/1349
f 1224/1351 1222/1348 1225/1353
f 1225/1353 1222/1348 1223/1349
f 1226/1355 1224/1351 1227/1354
f 1224/1351 1225/1353 1227/1354
f 444/1352 446/1356 1225/1353
f 1225/1353 446/1356 1227/1354
f 445/1357 443/1350 1226/1355
f 443/1350 1224/1351 1226/1355
f 1228/1359 1226/1355 1229/1358
f 1227/1354 1229/1358 1226/1355
f 446/1356 448/1360 1227/1354
f 448/1360 1229/1358 1227/1354
f 447/1361 445/1357 1228/1359
f 1226/1355 1228/1359 445/1357
f 1230/1363 1228/1359 1231/1362
f 1231/1362 1228/1359 1229/1358
f 448/1360 450/1364 1229/1358
f 450/1364 1231/1362 1229/1358
f 449/1365 447/1361 1230/1363
f 447/1361 1228/1359 1230/1363
f 1230/1363 1231/1362 1232/1366
f 1231/1362 1233/1367 1232/1366
f 450/1364 451/1368 1231/1362
f 1231/1362 451/1368 1233/1367
f 449/1365 1230/1363 452/1369
f 1230/1363 1232/1366 452/1369
f 1234/1371 1235/1370 1233/1367
f 1233/1367 1235/1370 1232/1366
f 453/1372 1234/1371 451/1368
f 451/1368 1234/1371 1233/1367
f 452/1369 1232/1366 454/1373
f 1232/1366 1235/1370 454/1373
f 1236/1375 1237/1374 1234/1371
f 1237/1374 1235/1370 1234/1371
f 455/1376 1236/1375 453/1372
f 453/1372 1236/1375 1234/1371
f 454/1373 1235/1370 456/1377
f 1235/1370 1237/1374 456/1377
f 1238/1379 1239/1378 1236/1375
f 1237/1374 1236/1375 1239/1378
f 457/1380 1238/1379 455/1376
f 1236/1375 455/1376 1238/1379
f 456/1377 1237/1374 458/1381
f 1237/1374 1239/1378 458/1381
f 1240/1383 1241/1382 1238/1379
f 1238/1379 1241/1382 1239/1378
f 1241/1382 460/1384 1239/1378
f 1239/1378 460/1384 458/1381
f 459/1385 1240/1383 457/1380
f 457/1380 1240/1383 1238/1379
f 1242/1387 1243/1386 1240/1383
f 1243/1386 1241/1382 1240/1383
f 1243/1386 462/1388 1241/1382
f 460/1384 1241/1382 462/1388
f 1240/1383 459/1385 1242/1387
f 459/1385 461/1389 1242/1387
f 1244/1391 1245/1390 1242/1387
f 1243/1386 1242/1387 1245/1390
f 1245/1390 464/1392 1243/1386
f 462/1388 1243/1386 464/1392
f 1242/1387 461/1389 1244/1391
f 461/1389 463/1393 1244/1391
f 1245/1390 1244/1391 1246/1394
f 1244/1391 1247/1395 1246/1394
f 464/1392 1245/1390 465/1396
f 1245/1390 1246/1394 465/1396
f 466/1397 1247/1395 463/1393
f 463/1393 1247/1395 1244/1391
f 1248/1400 1249/1399 1250/1398
f 1249/1399 1251/1401 1250/1398
f 549/632 550/631 1249/1399
f 1251/1401 1249/1399 550/631
f 548/634 547/633 1250/1398
f 1250/1398 547/633 1248/1400
f 1252/1403 1253/1402 1248/1400
f 1253/1402 1249/1399 1248/1400
f 1249/1399 1253/1402 549/632
f 1253/1402 551/637 549/632
f 1252/1403 1248/1400 552/638
f 547/633 552/638 1248/1400
f 1254/1405 1255/1404 1252/1403
f 1255/1404 1253/1402 1252/1403
f 1252/1403 552/638 1254/1405
f 552/638 553/641 1254/1405
f 1253/1402 1255/1404 551/637
f 551/637 1255/1404 554/642
f 1256/1407 1257/1406 1254/1405
f 1257/1406 1255/1404 1254/1405
f 553/641 555/645 1254/1405
f 1254/1405 555/645 1256/1407
f 556/646 554/642 1257/1406
f 1255/1404 1257/1406 554/642
f 1258/1409 1259/1408 1256/1407
f 1259/1408 1257/1406 1256/1407
f 1257/1406 1259/1408 556/646
f 1259/1408 557/649 556/646
f 1256/1407 555/645 1258/1409
f 555/645 558/650 1258/1409
f 1260/1411 1261/1410 1258/1409
f 1261/1410 1259/1408 1258/1409
f 1258/1409 558/650 1260/1411
f 558/650 559/653 1260/1411
f 1259/1408 1261/1410 557/649
f 557/649 1261/1410 560/654
f 1262/1413 1263/1412 1260/1411
f 1263/1412 1261/1410 1260/1411
f 1260/1411 559/653 1262/1413
f 559/653 561/657 1262/1413
f 1261/1410 1263/1412 560/654
f 1263/1412 562/658 560/654
f 1264/1416 1265/1415 1266/1414
f 1265/1415 1267/1417 1266/1414
f 565/664 566/663 1265/1415
f 1267/1417 1265/1415 566/663
f 563/666 1264/1416 564/665
f 1266/1414 564/665 1264/1416
f 1268/1419 1269/1418 1264/1416
f 1269/1418 1265/1415 1264/1416
f 567/669 565/664 1269/1418
f 1265/1415 1269/1418 565/664
f 568/670 1268/1419 563/666
f 563/666 1268/1419 1264/1416
usemtl texture3
f 864/1420 865/1420 866/1420
f 865/1420 867/1420 866/1420
f 867/1420 865/1420 873/1420
f 865/1420 870/1420 873/1420
f 871/1420 872/1420 870/1420
f 872/1420 873/1420 870/1420
f 605/1420 606/1420 607/1420
f 606/1420 608/1420 607/1420
f 608/1420 606/1420 614/1420
f 606/1420 611/1420 614/1420
f 612/1420 613/1420 611/1420
f 613/1420 614/1420 611/1420
f 881/1420 879/1420 874/1420
f 879/1420 875/1420 874/1420
f 875/1420 879/1420 884/1420
f 879/1420 882/1420 884/1420
f 883/1420 885/1420 882/1420
f 885/1420 884/1420 882/1420
f 982/1420 983/1420 244/1420
f 983/1420 243/1420 244/1420
f 985/1420 984/1420 246/1420
f 984/1420 245/1420 246/1420
f 665/1420 664/1420 248/1420
f 664/1420 247/1420 248/1420
f 1069/1420 377/1420 1068/1420
f 377/1420 378/1420 1068/1420
f 711/1420 385/1420 710/1420
f 385/1420 386/1420 710/1420
f 716/1420 713/1420 717/1420
f 713/1420 712/1420 717/1420
f 717/1420 712/1420 719/1420
f 712/1420 714/1420 719/1420
f 2/1420 719/1420 4/1420
f 719/1420 714/1420 4/1420
f 1076/1420 1071/1420 1074/1420
f 1071/1420 1070/1420 1074/1420
f 1074/1420 1070/1420 1075/1420
f 1070/1420 1072/1420 1075/1420
f 1078/1420 1075/1420 1081/1420
f 1075/1420 1072/1420 1081/1420
f 1084/1420 1082/1420 387/1420
f 1082/1420 388/1420 387/1420
f 731/1420 730/1420 401/1420
f 401/1420 730/1420 402/1420
f 1098/1420 1097/1420 413/1420
f 413/1420 1097/1420 414/1420
f 1110/1420 1109/1420 425/1420
f 425/1420 1109/1420 426/1420
f 1114/1420 1112/1420 1117/1420
f 1112/1420 1115/1420 1117/1420
f 792/1420 546/1420 793/1420
f 546/1420 545/1420 793/1420
f 1269/1420 1268/1420 567/1420
f 568/1420 567/1420 1268/1420
usemtl texture4
f 1270/1423 1271/1422 1272/1421
f 1271/1422 1273/1424 1272/1421
f 1274/1426 1275/1425 1270/1423
f 1275/1425 1271/1422 1270/1423
f 1276/1428 1277/1427 1274/1426
f 1277/1427 1275/1425 1274/1426
f 1276/1428 1278/1429 1277/1427
f 1278/1429 1279/1430 1277/1427
f 1280/1432 1281/1431 1278/1429
f 1281/1431 1279/1430 1278/1429
f 1282/1434 1283/1433 1280/1432
f 1283/1433 1281/1431 1280/1432
f 1284/1437 1285/1436 1286/1435
f 1285/1436 1287/1438 1286/1435
f 1284/1437 1286/1435 1288/1439
f 1286/1435 1289/1440 1288/1439
f 1288/1439 1289/1440 1290/1441
f 1289/1440 1291/1442 1290/1441
f 1290/1441 1291/1442 1282/1434
f 1291/1442 1283/1433 1282/1434
f 1292/1445 1293/1444 1294/1443
f 1293/1444 1295/1446 1294/1443
f 1296/1448 1297/1447 1292/1445
f 1297/1447 1293/1444 1292/1445
f 1297/1447 1296/1448 1298/1449
f 1299/1450 1298/1449 1296/1448
f 1300/1452 1301/1451 1299/1450
f 1301/1451 1298/1449 1299/1450
f 1302/1454 1303/1453 1300/1452
f 1303/1453 1301/1451 1300/1452
f 1304/1457 1305/1456 1306/1455
f 1307/1458 1306/1455 1305/1456
f 1305/1456 1304/1457 1308/1459
f 1304/1457 1309/1460 1308/1459
f 1308/1459 1309/1460 1310/1461
f 1309/1460 1311/1462 1310/1461
f 1311/1462 1303/1453 1310/1461
f 1310/1461 1303/1453 1302/1454
f 1295/1465 1312/1464 1294/1463
f 1294/1463 1312/1464 1313/1466
f 1313/1466 1312/1464 1314/1467
f 1312/1464 1315/1468 1314/1467
f 1314/1467 1315/1468 1307/1469
f 1315/1468 1306/1470 1307/1469
f 1316/1473 1317/1472 1318/1471
f 1319/1474 1318/1471 1317/1472
f 1317/1477 1320/1476 1319/1475
f 1321/1478 1319/1475 1320/1476
f 1317/1477 1322/1479 1320/1476
f 1322/1479 1323/1480 1320/1476
f 1316/1473 1324/1481 1317/1472
f 1324/1481 1322/1482 1317/1472
f 1316/1473 1318/1471 1325/637
f 1318/1471 1326/1483 1325/637
f 1326/1483 1321/1478 1325/637
f 1321/1478 1320/1476 1325/637
f 1325/637 1320/1476 1327/1484
f 1323/1480 1327/1484 1320/1476
f 1316/1473 1325/637 1324/1481
f 1325/637 1327/1484 1324/1481
f 1328/1473 1329/1472 1330/1485
f 1331/1486 1330/1485 1329/1472
f 1329/1477 1332/1476 1331/1487
f 1333/1488 1331/1487 1332/1476
f 1329/1477 1334/1489 1332/1476
f 1334/1489 1335/1490 1332/1476
f 1328/1473 1336/1491 1329/1472
f 1336/1491 1334/1492 1329/1472
f 1328/1473 1330/1485 1337/637
f 1330/1485 1338/1493 1337/637
f 1338/1493 1333/1488 1337/637
f 1333/1488 1332/1476 1337/637
f 1337/637 1332/1476 1339/1494
f 1335/1490 1339/1494 1332/1476
f 1328/1473 1337/637 1336/1491
f 1337/637 1339/1494 1336/1491
f 1340/1473 1341/1472 1342/1471
f 1343/1474 1342/1471 1341/1472
f 1341/1477 1344/1476 1343/1475
f 1345/1478 1343/1475 1344/1476
f 1341/1477 1346/1479 1344/1476
f 1346/1479 1347/1480 1344/1476
f 1340/1473 1348/1481 1341/1472
f 1348/1481 1346/1482 1341/1472
f 1340/1473 1342/1471 1349/637
f 1342/1471 1350/1483 1349/637
f 1350/1483 1345/1478 1349/637
f 1345/1478 1344/1476 1349/637
f 1349/637 1344/1476 1351/1484
f 1347/1480 1351/1484 1344/1476
f 1340/1473 1349/637 1348/1481
f 1349/637 1351/1484 1348/1481
f 1352/1473 1353/1495 1354/1472
f 1353/1495 1355/1496 1354/1472
f 1352/1473 1356/637 1353/1495
f 1356/637 1357/1497 1353/1495
f 1352/1473 1354/1472 1358/1498
f 1359/1499 1358/1498 1354/1472
f 1352/1473 1358/1498 1356/637
f 1358/1498 1360/1500 1356/637
f 1354/1477 1355/1501 1361/1476
f 1355/1501 1362/1502 1361/1476
f 1356/637 1361/1476 1357/1497
f 1362/1502 1357/1497 1361/1476
f 1354/1477 1361/1476 1359/1503
f 1363/1504 1359/1503 1361/1476
f 1360/1500 1363/1504 1356/637
f 1363/1504 1361/1476 1356/637
f 1364/1473 1365/1505 1366/637
f 1365/1505 1367/1506 1366/637
f 1367/1506 1368/1507 1366/637
f 1368/1507 1369/1476 1366/637
f 1366/637 1369/1476 1370/1508
f 1371/1509 1370/1508 1369/1476
f 1364/1473 1366/637 1372/1510
f 1366/637 1370/1508 1372/1510
f 1364/1473 1373/1472 1365/1505
f 1374/1511 1365/1505 1373/1472
f 1373/1477 1369/1476 1374/1512
f 1368/1507 1374/1512 1369/1476
f 1373/1477 1375/1513 1369/1476
f 1375/1513 1371/1509 1369/1476
f 1364/1473 1372/1510 1373/1472
f 1372/1510 1375/1514 1373/1472
f 1376/1473 1377/1498 1378/637
f 1377/1498 1379/1500 1378/637
f 1379/1500 1380/1504 1378/637
f 1380/1504 1381/1476 1378/637
f 1378/637 1381/1476 1382/1497
f 1383/1502 1382/1497 1381/1476
f 1376/1473 1378/637 1384/1495
f 1378/637 1382/1497 1384/1495
f 1376/1473 1385/1472 1377/1498
f 1386/1499 1377/1498 1385/1472
f 1385/1477 1381/1476 1386/1503
f 1380/1504 1386/1503 1381/1476
f 1385/1477 1387/1501 1381/1476
f 1387/1501 1383/1502 1381/1476
f 1376/1473 1384/1495 1385/1472
f 1384/1495 1387/1496 1385/1472
f 1388/1473 1389/1515 1390/637
f 1389/1515 1391/1516 1390/637
f 1391/1516 1392/1517 1390/637
f 1392/1517 1393/1476 1390/637
f 1390/637 1393/1476 1394/1518
f 1395/1519 1394/1518 1393/1476
f 1388/1473 1390/637 1396/1520
f 1390/637 1394/1518 1396/1520
f 1388/1473 1397/1472 1389/1515
f 1398/1521 1389/1515 1397/1472
f 1397/1477 1393/1476 1398/1522
f 1392/1517 1398/1522 1393/1476
f 1397/1477 1399/1523 1393/1476
f 1399/1523 1395/1519 1393/1476
f 1388/1473 1396/1520 1397/1472
f 1396/1520 1399/1524 1397/1472
f 1400/1473 1401/1472 1402/1525
f 1403/1526 1402/1525 1401/1472
f 1401/1477 1404/1476 1403/1527
f 1405/1528 1403/1527 1404/1476
f 1401/1477 1406/1529 1404/1476
f 1406/1529 1407/1530 1404/1476
f 1400/1473 1408/1531 1401/1472
f 1408/1531 1406/1532 1401/1472
f 1400/1473 1402/1525 1409/637
f 1402/1525 1410/1533 1409/637
f 1410/1533 1405/1528 1409/637
f 1405/1528 1404/1476 1409/637
f 1409/637 1404/1476 1411/1534
f 1407/1530 1411/1534 1404/1476
f 1400/1473 1409/637 1408/1531
f 1409/637 1411/1534 1408/1531
f 1412/1473 1413/1485 1414/637
f 1413/1485 1415/1493 1414/637
f 1415/1493 1416/1488 1414/637
f 1416/1488 1417/1476 1414/637
f 1414/637 1417/1476 1418/1494
f 1419/1490 1418/1494 1417/1476
f 1412/1473 1414/637 1420/1491
f 1414/637 1418/1494 1420/1491
f 1412/1473 1421/1472 1413/1485
f 1422/1486 1413/1485 1421/1472
f 1421/1477 1417/1476 1422/1487
f 1416/1488 1422/1487 1417/1476
f 1421/1477 1423/1489 1417/1476
f 1423/1489 1419/1490 1417/1476
f 1412/1473 1420/1491 1421/1472
f 1420/1491 1423/1492 1421/1472
f 1424/1473 1425/1510 1426/1472
f 1425/1510 1427/1514 1426/1472
f 1424/1473 1428/637 1425/1510
f 1428/637 1429/1508 1425/1510
f 1424/1473 1426/1472 1430/1505
f 1431/1511 1430/1505 1426/1472
f 1424/1473 1430/1505 1428/637
f 1430/1505 1432/1506 1428/637
f 1426/1477 1427/1513 1433/1476
f 1427/1513 1434/1509 1433/1476
f 1428/637 1433/1476 1429/1508
f 1434/1509 1429/1508 1433/1476
f 1426/1477 1433/1476 1431/1512
f 1435/1507 1431/1512 1433/1476
f 1432/1506 1435/1507 1428/637
f 1435/1507 1433/1476 1428/637
f 1436/1537 1437/1536 1438/1535
f 1437/1536 1439/1538 1438/1535
f 1440/1541 1441/1540 1442/1539
f 1441/1540 1443/1542 1442/1539
f 1437/1536 1444/1543 1439/1538
f 1444/1543 1445/1544 1439/1538
f 1446/1546 1436/1537 1447/1545
f 1436/1537 1438/1535 1447/1545
f 1448/1548 1440/1541 1449/1547
f 1440/1541 1442/1539 1449/1547
f 1441/1540 1450/1549 1443/1542
f 1450/1549 1451/1550 1443/1542
f 1452/1553 1446/1552 1453/1551
f 1446/1552 1447/1554 1453/1551
f 1454/1557 1448/1556 1455/1555
f 1448/1556 1449/1558 1455/1555
f 1444/1543 1456/1559 1445/1544
f 1456/1559 1457/1560 1445/1544
f 1450/1549 1458/1561 1451/1550
f 1458/1561 1459/1562 1451/1550
f 1456/1559 1460/1563 1457/1560
f 1460/1563 1461/1564 1457/1560
f 1462/1566 1452/1553 1463/1565
f 1452/1553 1453/1551 1463/1565
f 1458/1561 1464/1567 1459/1562
f 1464/1567 1465/1568 1459/1562
f 1466/1570 1454/1557 1467/1569
f 1454/1557 1455/1555 1467/1569
f 1460/1563 1468/1571 1461/1564
f 1468/1571 1469/1572 1461/1564
f 1470/1574 1462/1566 1471/1573
f 1462/1566 1463/1565 1471/1573
f 1472/1576 1466/1570 1473/1575
f 1466/1570 1467/1569 1473/1575
f 1464/1567 1474/1577 1465/1568
f 1474/1577 1475/1578 1465/1568
f 1476/1580 1477/1579 1468/1571
f 1468/1571 1477/1579 1469/1572
f 1478/1582 1470/1574 1479/1581
f 1470/1574 1471/1573 1479/1581
f 1472/1576 1473/1575 1480/1583
f 1480/1583 1473/1575 1481/1584
f 1474/1577 1482/1585 1475/1578
f 1482/1585 1483/1586 1475/1578
f 1482/1585 1480/1583 1483/1586
f 1480/1583 1481/1584 1483/1586
f 1484/1589 1485/1588 1486/1587
f 1485/1588 1487/1590 1486/1587
f 1486/1587 1487/1590 1488/1591
f 1487/1590 1489/1592 1488/1591
f 1490/1595 1478/1594 1484/1593
f 1478/1594 1485/1596 1484/1593
f 1491/1598 1487/1597 1478/1594
f 1478/1594 1487/1597 1485/1596
f 1491/1598 1492/1599 1487/1597
f 1492/1599 1489/1600 1487/1597
f 1492/1599 1493/1601 1489/1600
f 1493/1601 1488/1602 1489/1600
f 1494/1605 1490/1604 1486/1603
f 1490/1604 1484/1606 1486/1603
f 1494/1605 1486/1603 1493/1607
f 1493/1607 1486/1603 1488/1608
f 1495/1611 1496/1610 1497/1609
f 1496/1610 1498/1612 1497/1609
f 1499/1615 1498/1614 1500/1613
f 1500/1613 1498/1614 1501/1616
f 1501/1616 1498/1614 1496/1617
f 1497/1614 1502/1615 1503/1613
f 1497/1614 1503/1613 1504/1616
f 1497/1614 1504/1616 1495/1617
f 1499/1620 1500/1619 1505/1618
f 1500/1619 1506/1621 1505/1618
f 1501/1623 1507/1622 1500/1619
f 1500/1619 1507/1622 1506/1621
f 1496/1625 1508/1624 1501/1623
f 1501/1623 1508/1624 1507/1622
f 1502/1627 1499/1620 1509/1626
f 1499/1620 1505/1618 1509/1626
f 1496/1625 1495/1628 1508/1624
f 1495/1628 1510/1629 1508/1624
f 1502/1627 1509/1626 1503/1630
f 1503/1630 1509/1626 1511/1631
f 1504/1633 1503/1630 1512/1632
f 1503/1630 1511/1631 1512/1632
f 1495/1628 1504/1633 1510/1629
f 1504/1633 1512/1632 1510/1629
usemtl texture5
f 1513/1636 1273/1635 1514/1634
f 1514/1634 1273/1635 1271/1637
f 1281/1640 1515/1639 1279/1638
f 1515/1639 1277/1641 1279/1638
f 1513/1636 1514/1634 1287/1642
f 1287/1642 1514/1634 1286/1643
f 1291/1645 1515/1639 1283/1644
f 1515/1639 1281/1640 1283/1644
f 1314/1648 1516/1647 1313/1646
f 1313/1646 1516/1647 1294/1649
f 1296/1652 1517/1651 1299/1650
f 1517/1651 1300/1653 1299/1650
f 1314/1648 1307/1654 1516/1647
f 1307/1654 1305/1655 1516/1647
f 1310/1657 1302/1656 1517/1651
f 1517/1651 1302/1656 1300/1653
f 1518/1660 1519/1659 1520/1658
f 1519/1659 1521/1661 1520/1658
f 1522/1663 1523/1662 1521/1661
f 1521/1661 1523/1662 1520/1658
f 1524/1665 1519/1659 1525/1664
f 1525/1664 1519/1659 1518/1660
f 1526/1667 1527/1666 1525/1664
f 1527/1666 1524/1665 1525/1664
f 1528/1670 1529/1669 1530/1668
f 1529/1669 1531/1671 1530/1668
f 1530/1668 1531/1671 1532/1672
f 1531/1671 1533/1673 1532/1672
f 1533/1673 1534/1674 1532/1672
f 1534/1674 1535/1675 1532/1672
f 1536/1678 1537/1677 1538/1676
f 1537/1677 1539/1679 1538/1676
f 1540/1677 1541/1678 1542/1679
f 1541/1678 1543/1676 1542/1679
f 1544/1681 1545/1680 1538/1676
f 1545/1680 1536/1678 1538/1676
f 1546/1680 1547/1681 1541/1678
f 1547/1681 1543/1676 1541/1678
f 1548/1683 1549/1682 1544/1681
f 1549/1682 1545/1680 1544/1681
f 1547/1681 1546/1680 1550/1683
f 1546/1680 1551/1682 1550/1683
f 1549/1682 1548/1683 1552/1684
f 1548/1683 1553/1685 1552/1684
f 1554/1684 1555/1685 1551/1682
f 1555/1685 1550/1683 1551/1682
usemtl texture6
f 1556/1688 1514/1687 1275/1686
f 1514/1687 1271/1689 1275/1686
f 1270/1689 1557/1687 1274/1686
f 1557/1687 1558/1688 1274/1686
f 1515/1691 1556/1688 1277/1690
f 1556/1688 1275/1686 1277/1690
f 1274/1686 1558/1688 1276/1690
f 1558/1688 1559/1691 1276/1690
f 1286/1693 1514/1687 1289/1692
f 1514/1687 1556/1688 1289/1692
f 1557/1687 1284/1693 1558/1688
f 1284/1693 1288/1692 1558/1688
f 1289/1692 1556/1688 1291/1694
f 1556/1688 1515/1691 1291/1694
f 1558/1688 1288/1692 1559/1691
f 1288/1692 1290/1694 1559/1691
f 1560/1697 1561/1696 1293/1695
f 1561/1696 1295/1698 1293/1695
f 1294/1700 1516/1699 1292/1695
f 1516/1699 1562/1697 1292/1695
f 1563/1702 1560/1697 1297/1701
f 1560/1697 1293/1695 1297/1701
f 1292/1695 1562/1697 1296/1703
f 1562/1697 1517/1704 1296/1703
f 1304/1706 1561/1696 1309/1705
f 1561/1696 1560/1697 1309/1705
f 1516/1699 1305/1707 1562/1697
f 1305/1707 1308/1705 1562/1697
f 1309/1705 1560/1697 1311/1708
f 1560/1697 1563/1702 1311/1708
f 1562/1697 1308/1705 1517/1704
f 1308/1705 1310/1709 1517/1704
f 1564/1712 1565/1711 1566/1710
f 1565/1711 1567/1713 1566/1710
f 1568/1715 1569/1714 1567/1713
f 1569/1714 1566/1710 1567/1713
f 1570/1717 1571/1716 1568/1715
f 1571/1716 1569/1714 1568/1715
f 1572/1719 1571/1716 1573/1718
f 1573/1718 1571/1716 1570/1717
f 1574/1722 1575/1721 1576/1720
f 1576/1720 1575/1721 1577/1723
f 1578/1725 1579/1724 1575/1721
f 1579/1724 1577/1723 1575/1721
f 1578/1725 1580/1726 1579/1724
f 1580/1726 1581/1727 1579/1724
f 1582/1729 1583/1728 1580/1726
f 1583/1728 1581/1727 1580/1726
f 1584/1732 1585/1731 1586/1730
f 1585/1731 1587/1733 1586/1730
f 1584/1732 1586/1730 1588/1734
f 1586/1730 1589/1735 1588/1734
f 1590/1737 1591/1736 1589/1735
f 1591/1736 1588/1734 1589/1735
f 1592/1739 1593/1738 1590/1737
f 1593/1738 1591/1736 1590/1737
f 1594/1742 1595/1741 1596/1740
f 1595/1741 1597/1743 1596/1740
f 1598/1745 1599/1744 1597/1743
f 1599/1744 1596/1740 1597/1743
f 1600/1747 1601/1746 1598/1745
f 1601/1746 1599/1744 1598/1745
f 1602/1749 1603/1748 1600/1747
f 1603/1748 1601/1746 1600/1747
f 1585/1731 1584/1732 1565/1711
f 1565/1711 1584/1732 1567/1713
f 1584/1732 1588/1734 1567/1713
f 1588/1734 1568/1715 1567/1713
f 1588/1734 1591/1736 1568/1715
f 1591/1736 1570/1717 1568/1715
f 1593/1738 1573/1718 1591/1736
f 1573/1718 1570/1717 1591/1736
f 1595/1741 1576/1720 1597/1743
f 1597/1743 1576/1720 1577/1723
f 1598/1745 1597/1743 1579/1724
f 1597/1743 1577/1723 1579/1724
f 1581/1727 1600/1747 1579/1724
f 1600/1747 1598/1745 1579/1724
f 1602/1749 1600/1747 1583/1728
f 1583/1728 1600/1747 1581/1727
f 1604/1752 1605/1751 1587/1750
f 1605/1751 1606/1753 1587/1750
f 1607/1752 1592/1750 1608/1751
f 1609/1753 1608/1751 1592/1750
f 1610/1755 1594/1754 1605/1751
f 1594/1754 1611/1756 1605/1751
f 1612/1755 1608/1751 1603/1754
f 1603/1754 1608/1751 1613/1756
f 1614/1758 1604/1752 1585/1757
f 1604/1752 1587/1750 1585/1757
f 1615/1758 1593/1757 1607/1752
f 1592/1750 1607/1752 1593/1757
f 1616/1760 1595/1759 1610/1755
f 1595/1759 1594/1754 1610/1755
f 1617/1760 1612/1755 1602/1759
f 1602/1759 1612/1755 1603/1754
f 1564/1762 1614/1758 1565/1761
f 1614/1758 1585/1757 1565/1761
f 1572/1762 1573/1761 1615/1758
f 1593/1757 1615/1758 1573/1761
f 1574/1764 1576/1763 1616/1760
f 1576/1763 1595/1759 1616/1760
f 1582/1764 1617/1760 1583/1763
f 1602/1759 1583/1763 1617/1760
f 1605/1751 1611/1756 1606/1753
f 1613/1756 1608/1751 1609/1753
usemtl texture7
f 1272/1767 1273/1766 1618/1765
f 1273/1766 1513/1768 1618/1765
f 1618/1765 1513/1768 1285/1769
f 1513/1768 1287/1770 1285/1769
usemtl texture8
f 1272/1773 1618/1772 1270/1771
f 1618/1772 1557/1774 1270/1771
f 1559/1777 1280/1776 1276/1775
f 1276/1775 1280/1776 1278/1778
f 1285/1780 1284/1779 1618/1772
f 1618/1772 1284/1779 1557/1774
f 1559/1777 1290/1781 1280/1776
f 1290/1781 1282/1782 1280/1776
f 1561/1647 1315/1648 1295/1783
f 1315/1648 1312/1784 1295/1783
f 1563/1651 1297/1785 1301/1653
f 1301/1653 1297/1785 1298/1786
f 1306/1788 1315/1648 1304/1787
f 1315/1648 1561/1647 1304/1787
f 1563/1651 1301/1653 1311/1789
f 1311/1789 1301/1653 1303/1790
usemtl texture9
f 1619/1793 1620/1792 1621/1791
f 1621/1791 1620/1792 1622/1794
f 1623/1797 1621/1796 1624/1795
f 1621/1796 1622/1798 1624/1795
f 1625/1800 1622/1794 1626/1799
f 1626/1799 1622/1794 1620/1792
f 1622/1798 1625/1801 1624/1795
f 1625/1801 1627/1802 1624/1795
f 1623/1791 1628/1796 1621/1803
f 1628/1796 1619/1804 1621/1803
f 1620/1792 1629/1805 1626/1799
f 1629/1805 1630/1806 1626/1799
f 1627/1802 1630/1806 1624/1795
f 1630/1806 1629/1805 1624/1795
f 1619/1793 1628/1807 1620/1792
f 1628/1807 1629/1805 1620/1792
f 1628/1807 1623/1797 1629/1805
f 1623/1797 1624/1795 1629/1805
f 1625/1800 1626/1799 1631/1808
f 1632/1809 1631/1808 1626/1799
f 1625/1801 1631/1810 1627/1802
f 1631/1810 1633/1811 1627/1802
f 1626/1799 1630/1806 1632/1809
f 1630/1806 1634/1812 1632/1809
f 1627/1802 1633/1811 1630/1806
f 1633/1811 1634/1812 1630/1806
f 1632/1809 1634/1812 1635/1813
f 1634/1812 1636/1814 1635/1813
f 1637/1815 1631/1808 1635/1813
f 1631/1808 1632/1809 1635/1813
f 1636/1814 1634/1812 1638/1816
f 1638/1816 1634/1812 1633/1811
f 1631/1810 1637/1817 1633/1811
f 1637/1817 1638/1816 1633/1811
f 1639/1819 1640/1818 1636/1814
f 1640/1818 1635/1813 1636/1814
f 1640/1818 1641/1820 1635/1813
f 1641/1820 1637/1815 1635/1813
f 1642/1821 1639/1819 1638/1816
f 1639/1819 1636/1814 1638/1816
f 1637/1817 1641/1822 1638/1816
f 1641/1822 1642/1821 1638/1816
f 1640/1818 1639/1819 1643/1823
f 1639/1819 1644/1824 1643/1823
f 1645/1825 1641/1820 1643/1823
f 1641/1820 1640/1818 1643/1823
f 1646/1826 1644/1824 1642/1821
f 1644/1824 1639/1819 1642/1821
f 1641/1822 1645/1827 1642/1821
f 1645/1827 1646/1826 1642/1821
f 1647/1829 1648/1828 1644/1824
f 1648/1828 1643/1823 1644/1824
f 1648/1828 1649/1830 1643/1823
f 1649/1830 1645/1825 1643/1823
f 1650/1831 1647/1829 1646/1826
f 1647/1829 1644/1824 1646/1826
f 1645/1827 1649/1832 1646/1826
f 1649/1832 1650/1831 1646/1826
f 1648/1828 1647/1829 1651/1833
f 1647/1829 1652/1834 1651/1833
f 1653/1835 1649/1830 1651/1833
f 1649/1830 1648/1828 1651/1833
f 1654/1836 1652/1834 1650/1831
f 1652/1834 1647/1829 1650/1831
f 1649/1832 1653/1837 1650/1831
f 1653/1837 1654/1836 1650/1831
f 1655/1839 1656/1838 1654/1836
f 1656/1838 1652/1834 1654/1836
f 1653/1837 1657/1840 1654/1836
f 1657/1840 1655/1839 1654/1836
f 1651/1833 1652/1834 1658/1841
f 1652/1834 1656/1838 1658/1841
f 1657/1842 1653/1835 1658/1841
f 1653/1835 1651/1833 1658/1841
f 1659/1844 1660/1843 1656/1838
f 1660/1843 1658/1841 1656/1838
f 1660/1843 1661/1845 1658/1841
f 1661/1845 1657/1842 1658/1841
f 1662/1846 1659/1844 1655/1839
f 1659/1844 1656/1838 1655/1839
f 1657/1840 1661/1847 1655/1839
f 1661/1847 1662/1846 1655/1839
f 1660/1843 1659/1844 1663/1848
f 1659/1844 1664/1849 1663/1848
f 1665/1850 1661/1845 1663/1848
f 1661/1845 1660/1843 1663/1848
f 1666/1851 1664/1849 1662/1846
f 1664/1849 1659/1844 1662/1846
f 1661/1847 1665/1852 1662/1846
f 1665/1852 1666/1851 1662/1846
f 1667/1854 1668/1853 1664/1849
f 1668/1853 1663/1848 1664/1849
f 1668/1853 1669/1855 1663/1848
f 1669/1855 1665/1850 1663/1848
f 1670/1856 1667/1854 1666/1851
f 1667/1854 1664/1849 1666/1851
f 1665/1852 1669/1857 1666/1851
f 1669/1857 1670/1856 1666/1851
f 1670/1791 1669/1796 1667/1803
f 1669/1796 1668/1804 1667/1803
f 1671/1860 1672/1859 1673/1858
f 1672/1859 1674/1861 1673/1858
f 1675/1864 1676/1863 1671/1862
f 1676/1863 1672/1865 1671/1862
f 1677/1867 1678/1866 1672/1859
f 1678/1866 1674/1861 1672/1859
f 1672/1865 1676/1863 1677/1868
f 1676/1863 1679/1869 1677/1868
f 1675/1860 1671/1862 1680/1870
f 1671/1862 1673/1871 1680/1870
f 1674/1861 1678/1866 1681/1872
f 1681/1872 1678/1866 1682/1873
f 1679/1869 1676/1863 1682/1873
f 1676/1863 1681/1872 1682/1873
f 1673/1858 1674/1861 1680/1874
f 1674/1861 1681/1872 1680/1874
f 1681/1872 1676/1863 1680/1874
f 1680/1874 1676/1863 1675/1864
f 1677/1867 1683/1875 1678/1866
f 1684/1876 1678/1866 1683/1875
f 1677/1868 1679/1869 1683/1877
f 1679/1869 1685/1878 1683/1877
f 1678/1866 1684/1876 1682/1873
f 1682/1873 1684/1876 1686/1879
f 1679/1869 1682/1873 1685/1878
f 1685/1878 1682/1873 1686/1879
f 1687/1881 1688/1880 1683/1875
f 1688/1880 1684/1876 1683/1875
f 1684/1876 1688/1880 1686/1879
f 1688/1880 1689/1882 1686/1879
f 1683/1877 1685/1878 1687/1883
f 1685/1878 1690/1884 1687/1883
f 1685/1878 1686/1879 1690/1884
f 1690/1884 1686/1879 1689/1882
f 1691/1886 1688/1880 1692/1885
f 1688/1880 1687/1881 1692/1885
f 1693/1887 1689/1882 1691/1886
f 1689/1882 1688/1880 1691/1886
f 1687/1883 1690/1884 1692/1888
f 1690/1884 1694/1889 1692/1888
f 1694/1889 1690/1884 1693/1887
f 1690/1884 1689/1882 1693/1887
f 1692/1888 1694/1889 1695/1890
f 1694/1889 1696/1891 1695/1890
f 1696/1891 1694/1889 1697/1892
f 1694/1889 1693/1887 1697/1892
f 1695/1894 1698/1893 1692/1885
f 1698/1893 1691/1886 1692/1885
f 1691/1886 1698/1893 1693/1887
f 1698/1893 1697/1892 1693/1887
f 1699/1896 1698/1893 1700/1895
f 1698/1893 1695/1894 1700/1895
f 1701/1897 1697/1892 1699/1896
f 1697/1892 1698/1893 1699/1896
f 1695/1890 1696/1891 1700/1898
f 1696/1891 1702/1899 1700/1898
f 1702/1899 1696/1891 1701/1897
f 1696/1891 1697/1892 1701/1897
f 1703/1901 1704/1900 1700/1895
f 1704/1900 1699/1896 1700/1895
f 1699/1896 1704/1900 1701/1897
f 1704/1900 1705/1902 1701/1897
f 1700/1898 1702/1899 1703/1903
f 1702/1899 1706/1904 1703/1903
f 1706/1904 1702/1899 1705/1902
f 1702/1899 1701/1897 1705/1902
f 1707/1906 1708/1905 1703/1901
f 1708/1905 1704/1900 1703/1901
f 1704/1900 1708/1905 1705/1902
f 1708/1905 1709/1907 1705/1902
f 1703/1903 1706/1904 1707/1908
f 1706/1904 1710/1909 1707/1908
f 1710/1909 1706/1904 1709/1907
f 1706/1904 1705/1902 1709/1907
f 1711/1911 1708/1905 1712/1910
f 1708/1905 1707/1906 1712/1910
f 1713/1912 1709/1907 1711/1911
f 1709/1907 1708/1905 1711/1911
f 1707/1908 1710/1909 1712/1913
f 1710/1909 1714/1914 1712/1913
f 1714/1914 1710/1909 1713/1912
f 1710/1909 1709/1907 1713/1912
f 1715/1916 1716/1915 1712/1910
f 1716/1915 1711/1911 1712/1910
f 1711/1911 1716/1915 1713/1912
f 1716/1915 1717/1917 1713/1912
f 1712/1913 1714/1914 1715/1918
f 1714/1914 1718/1919 1715/1918
f 1718/1919 1714/1914 1717/1917
f 1714/1914 1713/1912 1717/1917
f 1719/1921 1716/1915 1720/1920
f 1716/1915 1715/1916 1720/1920
f 1721/1922 1717/1917 1719/1921
f 1717/1917 1716/1915 1719/1921
f 1715/1918 1718/1919 1720/1923
f 1718/1919 1722/1924 1720/1923
f 1722/1924 1718/1919 1721/1922
f 1718/1919 1717/1917 1721/1922
f 1722/1860 1721/1862 1720/1870
f 1721/1862 1719/1871 1720/1870
usemtl texture10
f 1723/1927 1724/1926 1725/1925
f 1724/1926 1726/1612 1725/1925
usemtl texture11
f 1727/1930 1728/1929 507/1928
f 1728/1929 508/1931 507/1928
f 509/1934 510/1933 1729/1932
f 510/1933 1730/1935 1729/1932
f 1730/1935 1728/1929 1729/1932
f 1728/1929 1727/1930 1729/1932
f 508/1931 1728/1929 522/1936
f 1728/1929 523/1937 522/1936
f 521/1939 524/1938 510/1933
f 1730/1935 510/1933 524/1938
f 524/1938 523/1937 1730/1935
f 523/1937 1728/1929 1730/1935
f 1731/1942 1732/1941 511/1940
f 1732/1941 512/1943 511/1940
f 513/1946 514/1945 1733/1944
f 514/1945 1734/1947 1733/1944
f 1734/1947 1732/1941 1733/1944
f 1732/1941 1731/1942 1733/1944
f 512/1943 1732/1941 520/1948
f 1732/1941 1735/1949 520/1948
f 1734/1947 514/1945 1736/1950
f 514/1945 519/1951 1736/1950
f 1736/1950 1735/1949 1734/1947
f 1735/1949 1732/1941 1734/1947
usemtl texture12
f 1737/1953 1738/1952 515/1940
f 1738/1952 516/1954 515/1940
f 517/1946 518/1956 1739/1955
f 518/1956 1740/1957 1739/1955
f 1740/1957 1738/1952 1739/1955
f 1738/1952 1737/1953 1739/1955
f 516/1954 1738/1952 380/1948
f 1738/1952 704/1958 380/1948
f 1740/1957 518/1956 706/1959
f 518/1956 379/1951 706/1959
f 706/1959 704/1958 1740/1957
f 704/1958 1738/1952 1740/1957
usemtl texture13
f 1741/1962 1742/1961 1743/1960
f 1743/1960 1742/1961 1744/1963
f 1743/1960 1745/1964 1741/1962
f 1746/1965 1741/1962 1745/1964
f 1741/1962 1747/1966 1742/1961
f 1747/1966 1748/1967 1742/1961
f 1746/1965 1749/1968 1741/1962
f 1749/1968 1747/1966 1741/1962
f 1750/1970 1751/1969 1752/1965
f 1752/1965 1751/1969 1753/1971
f 1754/1973 1755/1972 1750/1970
f 1751/1969 1750/1970 1755/1972
f 1756/1976 1757/1975 1758/1974
f 1758/1974 1757/1975 1759/1977
f 1760/1979 1756/1976 1761/1978
f 1758/1974 1761/1978 1756/1976
f 1762/1982 1763/1981 1764/1980
f 1763/1981 1765/1983 1764/1980
f 1763/1981 1766/1984 1765/1983
f 1766/1984 1767/1985 1765/1983
f 1762/1982 1768/1986 1763/1981
f 1769/1987 1763/1981 1768/1986
f 1763/1981 1769/1987 1766/1984
f 1769/1987 1770/1988 1766/1984
f 1750/1970 1752/1965 1771/1989
f 1771/1989 1752/1965 1772/1990
f 1768/1986 1773/1991 1769/1987
f 1774/1992 1769/1987 1773/1991
f 1771/1989 1775/1993 1750/1970
f 1775/1993 1754/1973 1750/1970
f 1769/1987 1774/1992 1770/1988
f 1774/1992 1776/1994 1770/1988
f 1743/1960 1744/1963 1777/1995
f 1744/1963 1778/1996 1777/1995
f 1743/1960 1777/1995 1745/1964
f 1777/1995 1779/1971 1745/1964
f 1759/1977 1780/1997 1758/1974
f 1781/1998 1758/1974 1780/1997
f 1758/1974 1781/1998 1761/1978
f 1781/1998 1782/1999 1761/1978
f 1765/1983 1781/1998 1764/1980
f 1781/1998 1780/1997 1764/1980
f 1765/1983 1767/1985 1781/1998
f 1767/1985 1782/1999 1781/1998
f 1747/1966 1783/2000 1748/1967
f 1784/2001 1748/1967 1783/2000
f 1757/1975 1756/1976 1778/1996
f 1756/1976 1777/1995 1778/1996
f 1752/1965 1753/1971 1785/2002
f 1786/2003 1785/2002 1753/1971
f 1747/1966 1749/1968 1783/2000
f 1783/2000 1749/1968 1787/1990
f 1756/1976 1760/1979 1777/1995
f 1777/1995 1760/1979 1779/1971
f 1788/2005 1789/2004 1751/1969
f 1753/1971 1751/1969 1789/2004
f 1790/2007 1774/1992 1791/2006
f 1774/1992 1773/1991 1791/2006
f 1792/2008 1776/1994 1790/2007
f 1776/1994 1774/1992 1790/2007
f 1788/2005 1751/1969 1793/2009
f 1751/1969 1755/1972 1793/2009
f 1772/1990 1752/1965 1794/2010
f 1752/1965 1785/2002 1794/2010
f 1789/2004 1795/2011 1753/1971
f 1795/2011 1786/2003 1753/1971
f 1775/2004 1771/2011 1796/1964
f 1771/2011 1797/2012 1796/1964
f 1742/1961 1798/2013 1744/1963
f 1744/1963 1798/2013 1799/2014
f 1798/2013 1742/1961 1800/2015
f 1742/1961 1748/1967 1800/2015
f 1791/2006 1801/2016 1790/2007
f 1802/2017 1790/2007 1801/2016
f 1790/2007 1802/2017 1792/2008
f 1803/2018 1792/2008 1802/2017
f 1754/1973 1804/2019 1755/1972
f 1804/2019 1805/2020 1755/1972
f 1806/2023 1784/2022 1787/2021
f 1784/2022 1783/2024 1787/2021
f 1771/2011 1772/2025 1797/2012
f 1772/2025 1807/2026 1797/2012
f 1754/1973 1775/1993 1804/2019
f 1808/2027 1804/2019 1775/1993
f 1746/1965 1745/1964 1809/2028
f 1810/2029 1809/2028 1745/1964
f 1797/2012 1811/2010 1796/1964
f 1811/2010 1812/1990 1796/1964
f 1746/1965 1809/2028 1749/1968
f 1809/2028 1813/2030 1749/1968
f 1814/2031 1811/2010 1807/2026
f 1807/2026 1811/2010 1797/2012
f 1793/2009 1755/1972 1815/2032
f 1755/1972 1805/2020 1815/2032
f 1775/2004 1796/1964 1808/2005
f 1808/2005 1796/1964 1816/2033
f 1748/1967 1784/2001 1800/2015
f 1806/2034 1800/2015 1784/2001
f 1794/2036 1817/2035 1772/2025
f 1772/2025 1817/2035 1807/2026
f 1796/1964 1812/1990 1816/2033
f 1812/1990 1818/1989 1816/2033
f 1817/2035 1819/2037 1807/2026
f 1819/2037 1814/2031 1807/2026
f 1813/2030 1820/2038 1749/1968
f 1787/1990 1749/1968 1820/2038
f 1744/1963 1799/2014 1778/1996
f 1821/2039 1778/1996 1799/2014
f 1822/2042 1814/2041 1823/2040
f 1814/2041 1819/2043 1823/2040
f 1824/2044 1816/2033 1822/1993
f 1818/1989 1822/1993 1816/2033
f 1825/2046 1819/2037 1826/2045
f 1826/2045 1819/2037 1817/2035
f 1745/1964 1779/1971 1810/2029
f 1827/2047 1810/2029 1779/1971
f 1828/2048 1824/2044 1823/2027
f 1824/2044 1822/1993 1823/2027
f 1791/2006 1829/2049 1801/2016
f 1801/2016 1829/2049 1830/2050
f 1773/1991 1831/2051 1791/2006
f 1791/2006 1831/2051 1829/2049
f 1768/1986 1832/2052 1773/1991
f 1831/2051 1773/1991 1832/2052
f 1762/1982 1833/2053 1768/1986
f 1832/2052 1768/1986 1833/2053
f 1833/2053 1762/1982 1834/2054
f 1762/1982 1764/1980 1834/2054
f 1835/2056 1836/2055 1757/1975
f 1836/2055 1759/1977 1757/1975
f 1792/2008 1803/2018 1837/2057
f 1838/2058 1837/2057 1803/2018
f 1826/2060 1828/2048 1825/2059
f 1823/2027 1825/2059 1828/2048
f 1808/2005 1816/2033 1839/2009
f 1839/2009 1816/2033 1824/2044
f 1840/2061 1776/1994 1837/2057
f 1837/2057 1776/1994 1792/2008
f 1770/1988 1776/1994 1841/2062
f 1776/1994 1840/2061 1841/2062
f 1766/1984 1770/1988 1842/2063
f 1770/1988 1841/2062 1842/2063
f 1843/2064 1826/2045 1794/2036
f 1794/2036 1826/2045 1817/2035
f 1757/1975 1778/1996 1835/2056
f 1835/2056 1778/1996 1821/2039
f 1766/1984 1842/2063 1767/1985
f 1842/2063 1844/2065 1767/1985
f 1845/2067 1760/1979 1846/2066
f 1761/1978 1846/2066 1760/1979
f 1764/1980 1780/1997 1834/2054
f 1834/2054 1780/1997 1847/2068
f 1759/1977 1836/2055 1780/1997
f 1847/2068 1780/1997 1836/2055
f 1848/2025 1849/2069 1795/2011
f 1849/2069 1786/2003 1795/2011
f 1806/2023 1787/2021 1850/2070
f 1787/2021 1820/2071 1850/2070
f 1851/2032 1839/2009 1828/2048
f 1839/2009 1824/2044 1828/2048
f 1767/1985 1844/2065 1782/1999
f 1844/2065 1852/2072 1782/1999
f 1761/1978 1782/1999 1846/2066
f 1782/1999 1852/2072 1846/2066
f 1760/1979 1845/2067 1779/1971
f 1845/2067 1827/2047 1779/1971
f 1794/2010 1785/2002 1843/2031
f 1785/2002 1853/2073 1843/2031
f 1785/2002 1786/2003 1853/2073
f 1853/2073 1786/2003 1849/2069
f 1843/2074 1851/2032 1826/2060
f 1851/2032 1828/2048 1826/2060
f 1805/2020 1854/2075 1815/2032
f 1815/2032 1854/2075 1855/2074
f 1829/2078 1856/2077 1830/2076
f 1856/2077 1857/2079 1830/2076
f 1804/2019 1808/2027 1858/2080
f 1839/2059 1858/2080 1808/2027
f 1856/2077 1837/2057 1857/2079
f 1857/2079 1837/2057 1838/2058
f 1859/2083 1800/2082 1850/2081
f 1850/2081 1800/2082 1806/2084
f 1860/2036 1861/2085 1848/2025
f 1861/2085 1849/2069 1848/2025
f 1813/2030 1859/2083 1820/2038
f 1820/2038 1859/2083 1850/2081
f 1804/2019 1858/2080 1805/2020
f 1805/2020 1858/2080 1854/2075
f 1855/2064 1854/2086 1860/2036
f 1854/2086 1861/2085 1860/2036
f 1853/2073 1862/2087 1843/2031
f 1843/2031 1862/2087 1851/2037
f 1863/2089 1856/2077 1831/2088
f 1831/2088 1856/2077 1829/2078
f 1839/2046 1851/2037 1858/2090
f 1851/2037 1862/2087 1858/2090
f 1863/2089 1840/2061 1856/2077
f 1856/2077 1840/2061 1837/2057
f 1799/2093 1864/2092 1821/2091
f 1864/2092 1865/2094 1821/2091
f 1866/2096 1798/2095 1859/2083
f 1800/2082 1859/2083 1798/2095
f 1864/2092 1810/2029 1865/2094
f 1865/2094 1810/2029 1827/2047
f 1798/2095 1866/2096 1799/2093
f 1866/2096 1864/2092 1799/2093
f 1809/2028 1866/2096 1813/2030
f 1866/2096 1859/2083 1813/2030
f 1809/2028 1810/2029 1866/2096
f 1864/2092 1866/2096 1810/2029
f 1832/2098 1867/2097 1831/2088
f 1867/2097 1863/2089 1831/2088
f 1835/2100 1821/2091 1868/2099
f 1821/2091 1865/2094 1868/2099
f 1867/2097 1841/2062 1863/2089
f 1840/2061 1863/2089 1841/2062
f 1833/2102 1869/2101 1832/2098
f 1869/2101 1867/2097 1832/2098
f 1861/2085 1862/2087 1849/2069
f 1862/2087 1853/2073 1849/2069
f 1845/2067 1868/2099 1827/2047
f 1868/2099 1865/2094 1827/2047
f 1834/2105 1847/2104 1870/2103
f 1847/2104 1871/2106 1870/2103
f 1869/2101 1842/2063 1867/2097
f 1841/2062 1867/2097 1842/2063
f 1836/2108 1872/2107 1847/2104
f 1872/2107 1871/2106 1847/2104
f 1844/2065 1870/2103 1852/2072
f 1870/2103 1871/2106 1852/2072
f 1833/2102 1834/2105 1869/2101
f 1834/2105 1870/2103 1869/2101
f 1846/2066 1852/2072 1872/2107
f 1852/2072 1871/2106 1872/2107
f 1869/2101 1870/2103 1842/2063
f 1842/2063 1870/2103 1844/2065
f 1858/2090 1862/2087 1854/2086
f 1862/2087 1861/2085 1854/2086
f 1868/2099 1872/2107 1835/2100
f 1835/2100 1872/2107 1836/2108
f 1845/2067 1846/2066 1868/2099
f 1846/2066 1872/2107 1868/2099
f 1812/2110 1811/2109 1814/2041
f 1818/2111 1812/2110 1814/2041
f 1822/2042 1818/2111 1814/2041
f 1823/2040 1819/2043 1825/2059
usemtl texture14
f 1873/2114 1874/2113 1875/2112
f 1874/2113 1876/2115 1875/2112
f 1877/2118 1878/2117 1879/2116
f 1878/2117 1880/2119 1879/2116
f 1878/2117 1881/2120 1880/2119
f 1881/2120 1882/2121 1880/2119
f 1881/2120 1883/2122 1882/2121
f 1883/2122 1884/2123 1882/2121
f 1885/2126 1886/2125 1887/2124
f 1886/2125 1888/2127 1887/2124
f 1889/2130 1890/2129 1891/2128
f 1890/2129 1892/2131 1891/2128
f 1893/2133 1894/2132 1889/2130
f 1894/2132 1890/2129 1889/2130
f 1895/2136 1896/2135 1893/2134
f 1896/2135 1894/2137 1893/2134
f 1874/2113 1877/2118 1876/2115
f 1877/2118 1879/2116 1876/2115
f 1883/2122 1897/2138 1884/2123
f 1897/2138 1898/2139 1884/2123
f 1876/2115 1885/2126 1875/2112
f 1885/2126 1887/2124 1875/2112
f 1899/2140 1895/2136 1898/2139
f 1895/2136 1884/2123 1898/2139
f 1891/2142 1892/2141 1885/2126
f 1892/2141 1886/2125 1885/2126
f 1899/2140 1900/2143 1895/2136
f 1900/2143 1896/2135 1895/2136
f 1901/2146 1902/2145 1903/2144
f 1902/2145 1904/2147 1903/2144
f 1905/2149 1901/2146 1906/2148
f 1901/2146 1903/2144 1906/2148
f 1907/2152 1908/2151 1909/2150
f 1908/2151 1910/2153 1909/2150
f 1911/2156 1912/2155 1913/2154
f 1912/2155 1914/2157 1913/2154
f 1913/2154 1914/2157 1915/2158
f 1914/2157 1916/2159 1915/2158
f 1917/2162 1918/2161 1919/2160
f 1918/2161 1920/2163 1919/2160
f 1902/2145 1921/2164 1904/2147
f 1921/2164 1922/2165 1904/2147
f 1908/2151 1905/2149 1910/2153
f 1905/2149 1906/2148 1910/2153
f 1923/2166 1911/2156 1922/2165
f 1911/2156 1904/2147 1922/2165
f 1910/2153 1917/2162 1909/2150
f 1917/2162 1919/2160 1909/2150
f 1923/2166 1924/2167 1911/2156
f 1924/2167 1912/2155 1911/2156
f 1915/2158 1916/2159 1917/2162
f 1916/2159 1918/2161 1917/2162
f 1925/2170 1873/2169 1926/2168
f 1873/2169 1875/2171 1926/2168
f 1898/2171 1897/2169 1927/2168
f 1897/2169 1928/2170 1927/2168
f 1875/2171 1887/2172 1926/2168
f 1887/2172 1929/2173 1926/2168
f 1899/2172 1898/2171 1930/2173
f 1898/2171 1927/2168 1930/2173
f 1929/2173 1887/2172 1931/2174
f 1887/2172 1888/2175 1931/2174
f 1900/2175 1899/2172 1932/2174
f 1899/2172 1930/2173 1932/2174
f 1925/2170 1926/2168 1933/2176
f 1933/2176 1926/2168 1934/2177
f 1928/2170 1935/2176 1927/2168
f 1927/2168 1935/2176 1936/2177
f 1926/2168 1929/2173 1934/2177
f 1929/2173 1937/2178 1934/2177
f 1930/2173 1927/2168 1938/2178
f 1927/2168 1936/2177 1938/2178
f 1937/2178 1929/2173 1939/2179
f 1929/2173 1931/2174 1939/2179
f 1932/2174 1930/2173 1940/2179
f 1930/2173 1938/2178 1940/2179
f 1933/2176 1934/2177 1941/2180
f 1941/2180 1934/2177 1942/2181
f 1935/2176 1943/2180 1936/2177
f 1943/2180 1944/2181 1936/2177
f 1945/2183 1937/2178 1946/2182
f 1937/2178 1939/2179 1946/2182
f 1947/2183 1948/2182 1938/2178
f 1938/2178 1948/2182 1940/2179
f 1949/2185 1950/2184 1942/2181
f 1950/2184 1941/2180 1942/2181
f 1943/2180 1951/2184 1944/2181
f 1951/2184 1952/2185 1944/2181
f 1953/2187 1954/2186 1946/2182
f 1954/2186 1945/2183 1946/2182
f 1947/2183 1955/2186 1948/2182
f 1955/2186 1956/2187 1948/2182
f 1957/2189 1950/2184 1958/2188
f 1950/2184 1949/2185 1958/2188
f 1951/2184 1959/2189 1952/2185
f 1959/2189 1960/2188 1952/2185
f 1954/2186 1953/2187 1961/2190
f 1953/2187 1962/2191 1961/2190
f 1963/2190 1964/2191 1955/2186
f 1964/2191 1956/2187 1955/2186
f 1965/2193 1957/2189 1966/2192
f 1957/2189 1958/2188 1966/2192
f 1967/2193 1968/2192 1959/2189
f 1959/2189 1968/2192 1960/2188
f 1961/2190 1962/2191 1969/2194
f 1962/2191 1970/2195 1969/2194
f 1971/2195 1964/2191 1972/2194
f 1972/2194 1964/2191 1963/2190
f 1973/2197 1965/2193 1974/2196
f 1974/2196 1965/2193 1966/2192
f 1975/2197 1976/2196 1967/2193
f 1967/2193 1976/2196 1968/2192
f 1977/2198 1974/2196 1969/2194
f 1974/2196 1966/2192 1969/2194
f 1976/2196 1978/2198 1968/2192
f 1978/2198 1972/2194 1968/2192
f 1979/2199 1977/2198 1970/2195
f 1977/2198 1969/2194 1970/2195
f 1972/2194 1978/2198 1971/2195
f 1978/2198 1980/2199 1971/2195
f 1922/2201 1921/2200 1974/2196
f 1921/2200 1973/2197 1974/2196
f 1975/2197 1907/2200 1976/2196
f 1907/2200 1909/2201 1976/2196
f 1923/2202 1922/2201 1977/2198
f 1922/2201 1974/2196 1977/2198
f 1909/2201 1919/2202 1976/2196
f 1919/2202 1978/2198 1976/2196
f 1924/2203 1923/2202 1979/2199
f 1923/2202 1977/2198 1979/2199
f 1978/2198 1919/2202 1980/2199
f 1919/2202 1920/2203 1980/2199
usemtl texture15
f 1906/2206 1903/2205 1532/2204
f 1903/2205 1530/2207 1532/2204
f 1913/2210 1915/2209 1531/2208
f 1915/2209 1533/2211 1531/2208
f 1981/2213 1528/2212 1903/2205
f 1903/2205 1528/2212 1530/2207
f 1982/2215 1906/2206 1535/2214
f 1906/2206 1532/2204 1535/2214
f 1981/2213 1983/2216 1528/2212
f 1983/2216 1529/2217 1528/2212
f 1983/2216 1913/2210 1529/2217
f 1913/2210 1531/2208 1529/2217
f 1915/2209 1984/2218 1533/2211
f 1984/2218 1534/2219 1533/2211
f 1984/2222 1982/2221 1534/2220
f 1982/2221 1535/2223 1534/2220
f 1968/2222 1972/2221 1554/2224
f 1972/2221 1555/2225 1554/2224
f 1938/2228 1936/2227 1542/2226
f 1936/2227 1540/2229 1542/2226
f 1944/2231 1541/2230 1936/2227
f 1936/2227 1541/2230 1540/2229
f 1947/2233 1938/2228 1543/2232
f 1938/2228 1542/2226 1543/2232
f 1944/2231 1952/2234 1541/2230
f 1952/2234 1546/2235 1541/2230
f 1955/2237 1947/2233 1547/2236
f 1947/2233 1543/2232 1547/2236
f 1546/2235 1952/2234 1551/2238
f 1952/2234 1960/2239 1551/2238
f 1547/2236 1550/2240 1955/2237
f 1550/2240 1963/2241 1955/2237
f 1554/2243 1551/2238 1968/2242
f 1551/2238 1960/2239 1968/2242
f 1555/2245 1972/2244 1550/2240
f 1972/2244 1963/2241 1550/2240
f 1934/2248 1937/2247 1537/2246
f 1937/2247 1539/2249 1537/2246
f 1942/2251 1934/2248 1536/2250
f 1934/2248 1537/2246 1536/2250
f 1945/2253 1538/2252 1937/2247
f 1937/2247 1538/2252 1539/2249
f 1949/2255 1942/2251 1545/2254
f 1942/2251 1536/2250 1545/2254
f 1945/2253 1954/2256 1538/2252
f 1954/2256 1544/2257 1538/2252
f 1549/2259 1958/2258 1545/2254
f 1958/2258 1949/2255 1545/2254
f 1548/2261 1544/2257 1961/2260
f 1544/2257 1954/2256 1961/2260
f 1552/2263 1966/2262 1549/2259
f 1549/2259 1966/2262 1958/2258
f 1961/2260 1969/2264 1548/2261
f 1548/2261 1969/2264 1553/2265
f 1969/2225 1966/2224 1553/2221
f 1966/2224 1552/2222 1553/2221
f 1879/2268 1880/2267 1520/2266
f 1880/2267 1518/2269 1520/2266
f 1879/2268 1520/2266 1985/2270
f 1985/2270 1520/2266 1523/2271
f 1880/2267 1882/2272 1518/2269
f 1882/2272 1525/2273 1518/2269
f 1882/2272 1986/2274 1525/2273
f 1986/2274 1526/2275 1525/2273
f 1987/2278 1985/2277 1522/2276
f 1985/2277 1523/2279 1522/2276
f 1986/2282 1988/2281 1526/2280
f 1988/2281 1527/2283 1526/2280
f 1891/2286 1521/2285 1889/2284
f 1889/2284 1521/2285 1519/2287
f 1891/2286 1987/2288 1521/2285
f 1987/2288 1522/2289 1521/2285
f 1889/2284 1519/2287 1893/2290
f 1893/2290 1519/2287 1524/2291
f 1893/2290 1524/2291 1988/2292
f 1988/2292 1524/2291 1527/2293
usemtl texture16
f 1989/2296 1990/2295 1991/2294
f 1990/2295 1992/2297 1991/2294
f 1993/2300 1994/2299 1995/2298
f 1994/2299 1996/1075 1995/2298
f 1995/2298 1996/1075 1992/2297
f 1996/1075 1991/2294 1992/2297
f 1997/2302 1998/2301 1993/2300
f 1998/2301 1994/2299 1993/2300
f 1991/2294 1999/1075 2000/2303
f 1999/1075 2001/2304 2000/2303
f 2002/2306 2003/2305 1998/2301
f 1998/2301 2003/2305 1994/2299
f 1996/1075 1994/2299 2001/2304
f 2001/2304 1994/2299 2003/2305
f 2004/2307 1989/2296 2000/2303
f 1989/2296 1991/2294 2000/2303
f 2005/2117 2006/2308 1995/2298
f 2006/2308 1993/2300 1995/2298
f 1990/2295 2007/2309 1992/2297
f 2007/2309 2008/2310 1992/2297
f 2006/2308 2009/2311 2010/2300
f 2009/2311 1997/2302 2010/2300
f 2008/2310 2005/2117 2011/2297
f 2005/2117 2012/2298 2011/2297
f 2002/2306 2009/2312 2003/2305
f 2009/2312 2006/2313 2003/2305
f 2006/2313 2005/2314 2003/2305
f 2005/2314 2001/2304 2003/2305
f 2001/2304 2005/2314 2000/2303
f 2005/2314 2008/2315 2000/2303
f 2007/2316 2004/2307 2008/2315
f 2004/2307 2000/2303 2008/2315
f 2013/2296 2014/2295 2015/2294
f 2014/2295 2016/2297 2015/2294
f 2017/2302 2018/2301 2019/2300
f 2018/2301 2020/2299 2019/2300
f 2019/2300 2020/2299 2021/2298
f 2020/2299 2022/1075 2021/2298
f 2021/2298 2022/1075 2016/2297
f 2022/1075 2015/2294 2016/2297
f 2023/2306 2024/2305 2018/2301
f 2018/2301 2024/2305 2020/2299
f 2022/1075 2020/2299 2025/2304
f 2025/2304 2020/2299 2024/2305
f 2015/2294 2022/1075 2026/2303
f 2022/1075 2025/2304 2026/2303
f 2027/2307 2013/2296 2026/2303
f 2013/2296 2015/2294 2026/2303
f 2028/2308 2029/2311 2019/2300
f 2029/2311 2017/2302 2019/2300
f 2030/2117 2028/2308 2021/2298
f 2028/2308 2019/2300 2021/2298
f 2031/2310 2030/2117 2016/2297
f 2030/2117 2021/2298 2016/2297
f 2014/2295 2032/2309 2016/2297
f 2032/2309 2031/2310 2016/2297
f 2023/2306 2029/2312 2024/2305
f 2029/2312 2028/2313 2024/2305
f 2028/2313 2030/2314 2024/2305
f 2030/2314 2025/2304 2024/2305
f 2025/2304 2030/2314 2026/2303
f 2030/2314 2031/2315 2026/2303
f 2032/2316 2027/2307 2031/2315
f 2027/2307 2026/2303 2031/2315
f 2033/2296 2034/2295 2035/2294
f 2034/2295 2036/2297 2035/2294
f 2037/2302 2038/2301 2039/2300
f 2038/2301 2040/2299 2039/2300
f 2039/2300 2041/2299 2042/2298
f 2041/2299 2043/1075 2042/2298
f 2044/2298 2043/1075 2036/2297
f 2043/1075 2035/2294 2036/2297
f 2035/2294 2043/1075 2045/2303
f 2043/1075 2046/2304 2045/2303
f 2047/2306 2048/2305 2038/2301
f 2038/2301 2048/2305 2040/2299
f 2043/1075 2040/2299 2046/2304
f 2046/2304 2040/2299 2048/2305
f 2049/2307 2033/2296 2045/2303
f 2033/2296 2035/2294 2045/2303
f 2050/2117 2051/2308 2042/2298
f 2051/2308 2039/2300 2042/2298
f 2034/2295 2052/2309 2036/2297
f 2052/2309 2053/2310 2036/2297
f 2051/2308 2054/2311 2039/2300
f 2054/2311 2037/2302 2039/2300
f 2053/2310 2050/2117 2055/2297
f 2050/2117 2042/2298 2055/2297
f 2047/2306 2054/2312 2048/2305
f 2054/2312 2051/2313 2048/2305
f 2051/2313 2050/2314 2048/2305
f 2050/2314 2046/2304 2048/2305
f 2046/2304 2050/2314 2045/2303
f 2050/2314 2053/2315 2045/2303
f 2052/2316 2049/2307 2053/2315
f 2049/2307 2045/2303 2053/2315
f 2056/2296 2057/2295 2058/2294
f 2057/2295 2059/2297 2058/2294
f 2060/2302 2061/2301 2062/2300
f 2061/2301 2063/2299 2062/2300
f 2062/2300 2063/2299 2064/2298
f 2063/2299 2065/1075 2064/2298
f 2064/2298 2065/1075 2059/2297
f 2065/1075 2058/2294 2059/2297
f 2058/2294 2065/1075 2066/2303
f 2065/1075 2067/2304 2066/2303
f 2068/2306 2069/2305 2061/2301
f 2061/2301 2069/2305 2063/2299
f 2065/1075 2063/2299 2067/2304
f 2067/2304 2063/2299 2069/2305
f 2070/2307 2056/2296 2066/2303
f 2056/2296 2058/2294 2066/2303
f 2071/2308 2072/2311 2062/2300
f 2072/2311 2060/2302 2062/2300
f 2073/2117 2071/2308 2064/2298
f 2071/2308 2062/2300 2064/2298
f 2074/2310 2073/2117 2059/2297
f 2073/2117 2064/2298 2059/2297
f 2057/2295 2075/2309 2059/2297
f 2075/2309 2074/2310 2059/2297
f 2068/2306 2072/2312 2069/2305
f 2072/2312 2071/2313 2069/2305
f 2071/2313 2073/2314 2069/2305
f 2073/2314 2067/2304 2069/2305
f 2067/2304 2073/2314 2066/2303
f 2073/2314 2074/2315 2066/2303
f 2075/2316 2070/2307 2074/2315
f 2070/2307 2066/2303 2074/2315
f 2076/2296 2077/2295 2078/2294
f 2077/2295 2079/2297 2078/2294
f 2080/2302 2081/2301 2082/2300
f 2081/2301 2083/2299 2082/2300
f 2082/2300 2083/2299 2084/2298
f 2083/2299 2085/1075 2084/2298
f 2084/2298 2085/1075 2079/2297
f 2085/1075 2078/2294 2079/2297
f 2086/2306 2087/2305 2081/2301
f 2081/2301 2087/2305 2083/2299
f 2085/1075 2083/2299 2088/2304
f 2088/2304 2083/2299 2087/2305
f 2078/2294 2085/1075 2089/2303
f 2085/1075 2088/2304 2089/2303
f 2090/2307 2076/2296 2089/2303
f 2076/2296 2078/2294 2089/2303
f 2091/2308 2092/2311 2082/2300
f 2092/2311 2080/2302 2082/2300
f 2093/2117 2091/2308 2084/2298
f 2091/2308 2082/2300 2084/2298
f 2094/2310 2093/2117 2079/2297
f 2093/2117 2084/2298 2079/2297
f 2077/2295 2095/2309 2079/2297
f 2095/2309 2094/2310 2079/2297
f 2086/2306 2092/2312 2087/2305
f 2092/2312 2091/2313 2087/2305
f 2091/2313 2093/2314 2087/2305
f 2093/2314 2088/2304 2087/2305
f 2088/2304 2093/2314 2089/2303
f 2093/2314 2094/2315 2089/2303
f 2095/2316 2090/2307 2094/2315
f 2090/2307 2089/2303 2094/2315
usemtl texture17
f 1437/2318 1436/2317 2096/1508
f 1442/2320 1443/2319 2097/1508
f 1436/2317 1446/2321 2096/1508
f 1444/2322 1437/2318 2096/1508
f 1449/2323 1442/2320 2097/1508
f 1443/2319 1451/2324 2097/1508
f 1446/2321 1452/2325 2096/1508
f 1456/2326 1444/2322 2096/1508
f 1455/2327 1449/2323 2098/1508
f 1451/2324 1459/2328 2097/1508
f 1452/2325 1462/2329 2096/1508
f 1460/2330 1456/2326 2096/1508
f 1467/2331 1455/2327 2098/1508
f 1459/2328 1465/2332 2097/1508
f 1473/2333 1467/2331 2098/1508
f 1465/2332 1475/2334 2098/1508
f 1462/2329 1470/2335 2096/1508
f 1468/2336 1460/2330 2096/1508
f 1470/2335 1478/2337 2096/1508
f 1476/2338 1468/2336 2096/1508
f 1481/2339 1473/2333 2098/1508
f 1475/2334 1483/2340 2098/1508
f 1478/2337 1476/2338 2096/1508
f 1483/2340 1481/2339 2098/1508
usemtl texture18
f 1438/2343 1439/2342 1440/2341
f 1439/2342 1441/2344 1440/2341
f 1439/2342 1445/2345 1441/2344
f 1445/2345 1450/2346 1441/2344
f 1447/2348 1438/2343 1448/2347
f 1438/2343 1440/2341 1448/2347
f 1453/2350 1447/2348 1454/2349
f 1447/2348 1448/2347 1454/2349
f 1445/2345 1457/2351 1450/2346
f 1457/2351 1458/2352 1450/2346
f 1457/2351 1461/2353 1458/2352
f 1461/2353 1464/2354 1458/2352
f 1463/2356 1453/2350 1466/2355
f 1453/2350 1454/2349 1466/2355
f 1461/2353 1469/2357 1464/2354
f 1469/2357 1474/2358 1464/2354
f 1471/2360 1463/2356 1472/2359
f 1463/2356 1466/2355 1472/2359
f 1471/2360 1472/2359 1479/2361
f 1479/2361 1472/2359 1480/2362
f 1469/2357 1477/2363 1474/2358
f 1477/2363 1482/2364 1474/2358
usemtl texture19
f 2099/2367 2100/2366 2101/2365
f 2100/2366 2102/2368 2101/2365
f 2101/2365 2102/2368 2103/2369
f 2102/2368 2104/2370 2103/2369
f 2103/2369 2104/2370 2105/2371
f 2104/2370 2106/2372 2105/2371
f 1506/2375 2102/2374 1505/2373
f 1505/2373 2102/2374 2100/2376
f 1507/2378 2104/2377 1506/2375
f 1506/2375 2104/2377 2102/2374
f 1507/2378 1508/2379 2104/2377
f 1508/2379 2106/2380 2104/2377
f 1509/2382 1505/2373 2099/2381
f 1505/2373 2100/2376 2099/2381
f 1508/2379 1510/2383 2106/2380
f 1510/2383 2105/2384 2106/2380
f 1512/2386 2103/2385 1510/2382
f 1510/2382 2103/2385 2105/2381
f 1511/2388 1509/2383 2101/2387
f 1509/2383 2099/2384 2101/2387
f 1512/2386 1511/2388 2103/2385
f 1511/2388 2101/2387 2103/2385
f 2107/2390 2108/1420 2109/2389
f 2108/1420 2110/2391 2109/2389
f 2111/2390 2112/1420 2107/2389
f 2112/1420 2108/2391 2107/2389
f 2112/2394 2113/2393 2108/2392
f 2108/2392 2113/2393 2114/2395
f 2115/2398 2110/2397 2114/2396
f 2110/2397 2108/2399 2114/2396
f 2116/2401 2114/2395 2117/2400
f 2114/2395 2113/2393 2117/2400
f 2115/2398 2114/2396 2118/2402
f 2114/2396 2116/2403 2118/2402
f 2112/2394 2119/2404 2113/2393
f 2119/2404 2120/2405 2113/2393
f 2115/2398 2120/2405 2110/2397
f 2119/2404 2110/2397 2120/2405
f 2120/2405 2121/2406 2113/2393
f 2113/2393 2121/2406 2117/2400
f 2120/2405 2115/2398 2121/2406
f 2115/2398 2118/2402 2121/2406
f 2111/2389 2122/2390 2112/2391
f 2119/1420 2112/2391 2122/2390
f 2122/2389 2109/2390 2119/2391
f 2110/1420 2119/2391 2109/2390
f 1606/2409 1611/2408 2123/2407
f 1611/2408 2124/2410 2123/2407
f 2125/638 2123/2407 2126/637
f 2123/2407 2124/2410 2126/637
f 2125/638 2126/637 2127/2411
f 2126/637 2128/2412 2127/2411
f 1613/2414 1609/2413 2128/2412
f 1609/2413 2127/2411 2128/2412
f 1594/2416 1596/2415 1611/2408
f 1611/2408 1596/2415 2124/2410
f 1599/576 2126/637 1596/2415
f 2126/637 2124/2410 1596/2415
f 1601/2417 2128/2412 1599/576
f 2128/2412 2126/637 1599/576
f 1603/2418 1613/2414 1601/2417
f 1613/2414 2128/2412 1601/2417
usemtl texture20
f 1587/2421 1606/2420 1586/2419
f 1606/2420 2123/2422 1586/2419
f 2125/576 1589/638 2123/2422
f 1589/638 1586/2419 2123/2422
f 2125/576 2127/2423 1589/638
f 2127/2423 1590/2424 1589/638
f 1592/2426 1590/2424 1609/2425
f 1609/2425 1590/2424 2127/2423
g obj1
usemtl mat1
f 2129/2429 2130/2428 2131/2427
f 2130/2428 2132/2430 2131/2427
f 2130/2428 2133/2431 2132/2430
f 2133/2431 2134/2432 2132/2430
f 2135/2434 2129/2429 2136/2433
f 2129/2429 2131/2427 2136/2433
f 2133/2437 2137/2436 2134/2435
f 2137/2436 2138/2438 2134/2435
f 2135/2434 2136/2433 2139/2439
f 2139/2439 2136/2433 2140/2440
f 2139/2439 2140/2440 2137/2436
f 2137/2436 2140/2440 2138/2438
f 2141/2429 2142/2428 2143/2427
f 2142/2428 2144/2430 2143/2427
f 2142/2428 2145/2431 2144/2430
f 2145/2431 2146/2432 2144/2430
f 2147/2434 2141/2429 2148/2433
f 2141/2429 2143/2427 2148/2433
f 2145/2437 2149/2436 2146/2435
f 2149/2436 2150/2438 2146/2435
f 2147/2434 2148/2433 2151/2439
f 2151/2439 2148/2433 2152/2440
f 2151/2439 2152/2440 2149/2436
f 2149/2436 2152/2440 2150/2438
f 2153/2429 2154/2428 2155/2427
f 2154/2428 2156/2430 2155/2427
f 2154/2428 2157/2431 2156/2430
f 2157/2431 2158/2432 2156/2430
f 2159/2434 2153/2429 2160/2433
f 2153/2429 2155/2427 2160/2433
f 2157/2437 2161/2436 2158/2435
f 2161/2436 2162/2438 2158/2435
f 2159/2434 2160/2433 2163/2439
f 2163/2439 2160/2433 2164/2440
f 2163/2439 2164/2440 2161/2436
f 2161/2436 2164/2440 2162/2438
f 2165/2429 2166/2428 2167/2427
f 2166/2428 2168/2430 2167/2427
f 2166/2428 2169/2431 2168/2430
f 2169/2431 2170/2432 2168/2430
f 2171/2434 2165/2429 2172/2433
f 2165/2429 2167/2427 2172/2433
f 2169/2437 2173/2436 2170/2435
f 2173/2436 2174/2438 2170/2435
f 2171/2434 2172/2433 2175/2439
f 2175/2439 2172/2433 2176/2440
f 2175/2439 2176/2440 2173/2436
f 2173/2436 2176/2440 2174/2438
f 2177/2 2178/34 2179/2441
f 2180/2442 2179/2441 2178/34
f 2181/2445 2182/2444 2183/2443
f 2184/2448 2185/2447 2186/2446
f 2187/2451 2188/2450 2189/2449
f 2190/2452 2189/2449 2188/2450
f 2188/2450 2191/2453 2190/2452
f 2192/2454 2190/2452 2191/2453
f 2193/2456 2187/2451 2194/2455
f 2189/2449 2194/2455 2187/2451
f 2191/2453 2195/2457 2192/2454
f 2196/2458 2192/2454 2195/2457
f 2197/2460 2193/2456 2198/2459
f 2194/2455 2198/2459 2193/2456
f 2195/2457 2199/2461 2196/2458
f 2200/2462 2196/2458 2199/2461
f 2201/2464 2197/2460 2202/2463
f 2198/2459 2202/2463 2197/2460
f 2203/2466 2201/2464 2204/2465
f 2202/2463 2204/2465 2201/2464
f 2199/2461 2205/2467 2200/2462
f 2206/2468 2200/2462 2205/2467
f 2205/2467 2207/2469 2206/2468
f 2208/2470 2206/2468 2207/2469
f 2203/2466 2204/2465 2209/2471
f 2204/2465 2210/2472 2209/2471
f 2209/1514 2210/1513 2207/34
f 2210/1513 2208/2 2207/34
usemtl mat2
f 2132/2475 2211/2474 2131/2473
f 2129/2473 2212/2474 2130/2475
f 2134/2476 2211/2474 2132/2475
f 2130/2475 2212/2474 2133/2476
f 2211/2474 2136/2477 2131/2473
f 2129/2473 2135/2477 2212/2474
f 2134/2476 2138/2478 2211/2474
f 2137/2478 2133/2476 2212/2474
f 2211/2474 2140/2479 2136/2477
f 2139/2479 2212/2474 2135/2477
f 2137/2478 2212/2474 2139/2479
f 2138/2478 2140/2479 2211/2474
f 2144/2475 2213/2474 2143/2473
f 2141/2473 2214/2474 2142/2475
f 2146/2476 2213/2474 2144/2475
f 2142/2475 2214/2474 2145/2476
f 2213/2474 2148/2477 2143/2473
f 2141/2473 2147/2477 2214/2474
f 2146/2476 2150/2478 2213/2474
f 2149/2478 2145/2476 2214/2474
f 2213/2474 2152/2479 2148/2477
f 2151/2479 2214/2474 2147/2477
f 2149/2478 2214/2474 2151/2479
f 2150/2478 2152/2479 2213/2474
f 2156/2475 2215/2474 2155/2473
f 2153/2473 2216/2474 2154/2475
f 2158/2476 2215/2474 2156/2475
f 2154/2475 2216/2474 2157/2476
f 2215/2474 2160/2477 2155/2473
f 2153/2473 2159/2477 2216/2474
f 2158/2476 2162/2478 2215/2474
f 2161/2478 2157/2476 2216/2474
f 2215/2474 2164/2479 2160/2477
f 2163/2479 2216/2474 2159/2477
f 2161/2478 2216/2474 2163/2479
f 2162/2478 2164/2479 2215/2474
f 2168/2475 2217/2474 2167/2473
f 2165/2473 2218/2474 2166/2475
f 2170/2476 2217/2474 2168/2475
f 2166/2475 2218/2474 2169/2476
f 2217/2474 2172/2477 2167/2473
f 2165/2473 2171/2477 2218/2474
f 2170/2476 2174/2478 2217/2474
f 2173/2478 2169/2476 2218/2474
f 2217/2474 2176/2479 2172/2477
f 2175/2479 2218/2474 2171/2477
f 2173/2478 2218/2474 2175/2479
f 2174/2478 2176/2479 2217/2474
usemtl mat3
f 2219/2482 2220/2481 2221/2480
f 2221/2480 2220/2481 2222/2483
f 2220/2481 2223/2484 2222/2483
f 2223/2484 2224/2485 2222/2483
f 2224/2485 2223/2484 2225/2486
f 2223/2484 2226/2487 2225/2486
f 2227/2489 2228/2488 2226/2487
f 2228/2488 2225/2486 2226/2487
f 2229/2491 2230/2490 2227/2489
f 2230/2490 2228/2488 2227/2489
f 2230/2490 2229/2491 2231/2492
f 2229/2491 2232/2493 2231/2492
f 2221/2480 2233/2494 2219/2482
f 2231/2492 2232/2493 2234/2495
f 2235/2498 2236/2497 2237/2496
f 2236/2497 2231/2499 2237/2496
f 2238/2502 2239/2501 2240/2500
f 2239/2501 2241/2503 2240/2500
f 2240/2500 2241/2503 2235/2498
f 2241/2503 2236/2497 2235/2498
f 2237/2496 2231/2499 2234/2504
f 2242/2505 2239/2501 2238/2502
f 2243/2508 2244/2507 2245/2506
f 2244/2507 2246/2509 2245/2506
f 2247/2511 2244/2507 2248/2510
f 2244/2507 2243/2508 2248/2510
f 2249/2513 2250/2512 2248/2510
f 2250/2512 2247/2511 2248/2510
f 2250/2512 2249/2513 2251/2514
f 2249/2513 2252/2515 2251/2514
f 2252/2515 2253/2516 2251/2514
f 2251/2514 2253/2516 2254/2517
f 2239/2519 2255/2518 2253/2516
f 2255/2518 2254/2517 2253/2516
f 2245/2506 2246/2509 2256/2520
f 2239/2519 2242/2521 2255/2518
f 2257/2524 2258/2523 2259/2522
f 2258/2523 2245/2525 2259/2522
f 2260/2527 2258/2523 2261/2526
f 2261/2526 2258/2523 2257/2524
f 2262/2530 2221/2529 2263/2528
f 2221/2529 2264/2531 2263/2528
f 2263/2528 2264/2531 2261/2526
f 2264/2531 2260/2527 2261/2526
f 2259/2522 2245/2525 2256/2532
f 2233/2533 2221/2529 2262/2530
f 2265/2536 2266/2535 2267/2534
f 2268/2537 2267/2534 2266/2535
f 2265/2536 2267/2534 2269/2538
f 2267/2534 2270/2539 2269/2538
f 2266/2535 2271/2540 2268/2537
f 2272/2541 2268/2537 2271/2540
f 2269/2538 2270/2539 2273/2542
f 2273/2542 2270/2539 2274/2543
f 2275/2545 2276/2544 2271/2540
f 2276/2544 2272/2541 2271/2540
f 2277/2547 2273/2542 2278/2546
f 2274/2543 2278/2546 2273/2542
f 2275/2549 2277/2547 2276/2548
f 2278/2546 2276/2548 2277/2547
usemtl mat4
f 2279/2552 2268/2551 2280/2550
f 2268/2551 2281/2553 2280/2550
f 2282/2555 2283/2554 2280/2550
f 2283/2554 2279/2552 2280/2550
f 2284/2557 2285/2556 2282/2555
f 2285/2556 2283/2554 2282/2555
f 2267/2559 2285/2556 2286/2558
f 2285/2556 2284/2557 2286/2558
f 2280/2550 2281/2553 2287/2560
f 2281/2553 2288/2561 2287/2560
f 2289/2562 2282/2555 2287/2560
f 2282/2555 2280/2550 2287/2560
f 2290/2563 2284/2557 2289/2562
f 2284/2557 2282/2555 2289/2562
f 2286/2558 2284/2557 2291/2564
f 2284/2557 2290/2563 2291/2564
f 2287/2560 2288/2561 2292/2565
f 2288/2561 2293/2566 2292/2565
f 2294/2567 2289/2562 2292/2565
f 2289/2562 2287/2560 2292/2565
f 2295/2568 2290/2563 2294/2567
f 2290/2563 2289/2562 2294/2567
f 2291/2564 2290/2563 2296/2569
f 2290/2563 2295/2568 2296/2569
f 2268/2551 2297/2570 2281/2553
f 2297/2570 2298/2571 2281/2553
f 2299/2573 2267/2559 2300/2572
f 2267/2559 2286/2558 2300/2572
f 2281/2553 2298/2571 2288/2561
f 2298/2571 2301/2574 2288/2561
f 2300/2572 2286/2558 2302/2575
f 2286/2558 2291/2564 2302/2575
f 2288/2561 2301/2574 2293/2566
f 2301/2574 2303/2576 2293/2566
f 2302/2575 2291/2564 2304/2577
f 2291/2564 2296/2569 2304/2577
f 2297/2570 2305/2578 2298/2571
f 2305/2578 2306/2579 2298/2571
f 2307/2581 2299/2573 2308/2580
f 2299/2573 2300/2572 2308/2580
f 2298/2571 2306/2579 2301/2574
f 2306/2579 2309/2582 2301/2574
f 2308/2580 2300/2572 2310/2583
f 2300/2572 2302/2575 2310/2583
f 2301/2574 2309/2582 2303/2576
f 2309/2582 2311/2584 2303/2576
f 2310/2583 2302/2575 2312/2585
f 2302/2575 2304/2577 2312/2585
f 2305/2578 2313/2586 2306/2579
f 2313/2586 2314/2587 2306/2579
f 2315/2589 2307/2581 2316/2588
f 2307/2581 2308/2580 2316/2588
f 2306/2579 2314/2587 2309/2582
f 2314/2587 2317/2590 2309/2582
f 2316/2588 2308/2580 2318/2591
f 2308/2580 2310/2583 2318/2591
f 2309/2582 2317/2590 2311/2584
f 2317/2590 2319/2592 2311/2584
f 2318/2591 2310/2583 2320/2593
f 2310/2583 2312/2585 2320/2593
f 2313/2586 2321/2594 2314/2587
f 2321/2594 2322/2595 2314/2587
f 2323/2597 2315/2589 2324/2596
f 2315/2589 2316/2588 2324/2596
f 2314/2587 2322/2595 2317/2590
f 2322/2595 2325/2598 2317/2590
f 2324/2596 2316/2588 2326/2599
f 2316/2588 2318/2591 2326/2599
f 2317/2590 2325/2598 2319/2592
f 2325/2598 2327/2600 2319/2592
f 2326/2599 2318/2591 2328/2601
f 2318/2591 2320/2593 2328/2601
f 2322/2595 2321/2594 2329/2602
f 2321/2594 2330/2603 2329/2602
f 2331/2605 2332/2604 2324/2596
f 2332/2604 2323/2597 2324/2596
f 2325/2598 2322/2595 2333/2606
f 2322/2595 2329/2602 2333/2606
f 2334/2607 2331/2605 2326/2599
f 2331/2605 2324/2596 2326/2599
f 2327/2600 2325/2598 2335/2608
f 2325/2598 2333/2606 2335/2608
f 2230/2609 2334/2607 2328/2601
f 2334/2607 2326/2599 2328/2601
f 2330/2603 2276/2610 2329/2602
f 2276/2610 2336/2611 2329/2602
f 2278/2613 2332/2604 2337/2612
f 2332/2604 2331/2605 2337/2612
f 2329/2602 2336/2611 2333/2606
f 2336/2611 2338/2614 2333/2606
f 2337/2612 2331/2605 2339/2615
f 2331/2605 2334/2607 2339/2615
f 2333/2606 2338/2614 2335/2608
f 2338/2614 2340/2616 2335/2608
f 2339/2615 2334/2607 2341/2617
f 2334/2607 2230/2609 2341/2617
f 2276/2620 2342/2619 2336/2618
f 2342/2619 2343/2621 2336/2618
f 2343/2621 2342/2619 2344/2622
f 2342/2619 2345/2623 2344/2622
f 2345/2623 2278/2613 2344/2622
f 2278/2613 2337/2612 2344/2622
f 2336/2618 2343/2621 2338/2624
f 2343/2621 2346/2625 2338/2624
f 2346/2625 2343/2621 2347/2626
f 2343/2621 2344/2622 2347/2626
f 2344/2622 2337/2612 2347/2626
f 2337/2612 2339/2615 2347/2626
f 2338/2624 2346/2625 2340/2627
f 2346/2625 2348/2628 2340/2627
f 2348/2628 2346/2625 2349/2629
f 2346/2625 2347/2626 2349/2629
f 2347/2626 2339/2615 2349/2629
f 2339/2615 2341/2617 2349/2629
usemtl mat5
f 2350/2632 2351/2631 2352/2630
f 2351/2631 2353/2633 2352/2630
f 2350/2632 2352/2630 2354/2634
f 2354/2634 2352/2630 2355/2635
f 2356/2632 2357/2630 2358/2631
f 2357/2630 2359/2633 2358/2631
f 2360/2635 2357/2630 2361/2634
f 2361/2634 2357/2630 2356/2632
f 2362/2638 2363/2637 2294/2636
f 2294/2636 2363/2637 2364/2639
f 2365/2641 2366/2640 2294/2636
f 2366/2640 2362/2638 2294/2636
f 2367/2644 2368/2643 2369/2642
f 2369/2642 2368/2643 2370/2645
f 2371/1951 2369/2642 2372/2646
f 2369/2642 2370/2645 2372/2646
usemtl mat6
f 2351/2649 2350/2648 2358/2647
f 2350/2648 2356/2650 2358/2647
f 2350/2648 2354/2651 2356/2650
f 2354/2651 2361/2652 2356/2650
f 2353/2654 2351/2649 2359/2653
f 2351/2649 2358/2647 2359/2653
f 2354/2651 2355/2655 2361/2652
f 2355/2655 2360/2656 2361/2652
f 2368/2659 2367/2658 2363/2657
f 2367/2658 2364/2660 2363/2657
f 2371/2663 2372/2662 2365/2661
f 2372/2662 2366/2664 2365/2661
f 2370/2666 2368/2659 2362/2665
f 2368/2659 2363/2657 2362/2665
f 2372/2662 2370/2666 2366/2664
f 2370/2666 2362/2665 2366/2664
usemtl mat7
f 2373/2669 2187/2668 2374/2667
f 2187/2668 2375/2670 2374/2667
f 2376/2673 2377/2672 2193/2671
f 2193/2671 2377/2672 2378/2674
f 2379/2677 2191/2676 2380/2675
f 2191/2676 2381/2678 2380/2675
f 2382/2681 2197/2680 2383/2679
f 2197/2680 2384/2682 2383/2679
f 2182/2685 2385/2684 2195/2683
f 2195/2683 2385/2684 2386/2686
f 2185/2689 2199/2688 2387/2687
f 2199/2688 2388/2690 2387/2687
f 2389/2693 2390/2692 2201/2691
f 2201/2691 2390/2692 2391/2694
f 2392/2697 2393/2696 2205/2695
f 2205/2695 2393/2696 2394/2698
f 2395/2701 2207/2700 2396/2699
f 2207/2700 2397/2702 2396/2699
f 2398/2705 2399/2704 2209/2703
f 2209/2703 2399/2704 2400/2706
f 2401/2709 2402/2708 2188/2707
f 2188/2707 2402/2708 2403/2710
f 2404/2713 2203/2712 2405/2711
f 2203/2712 2406/2714 2405/2711
f 2187/2668 2193/2671 2375/2670
f 2378/2674 2375/2670 2193/2671
f 2197/2680 2201/2691 2384/2682
f 2391/2694 2384/2682 2201/2691
f 2199/2688 2195/2683 2388/2690
f 2386/2686 2388/2690 2195/2683
f 2207/2700 2205/2695 2397/2702
f 2394/2698 2397/2702 2205/2695
f 2191/2676 2188/2707 2381/2678
f 2403/2710 2381/2678 2188/2707
f 2203/2712 2209/2703 2406/2714
f 2400/2706 2406/2714 2209/2703
f 2376/2717 2373/2716 2377/2715
f 2377/2715 2373/2716 2374/2718
f 2182/2719 2185/2 2385/1927
f 2385/1927 2185/2 2387/34
f 2389/2722 2382/2721 2390/2720
f 2390/2720 2382/2721 2383/2723
f 2392/2726 2395/2725 2393/2724
f 2395/2725 2396/2727 2393/2724
f 2401/2730 2379/2729 2402/2728
f 2379/2729 2380/2731 2402/2728
f 2398/2734 2404/2733 2399/2732
f 2399/2732 2404/2733 2405/2735
usemtl mat8
f 2407/2737 2408/1925 2178/2736
f 2178/2736 2408/1925 2177/2738
f 2409/2741 2410/2740 2411/2739
f 2412/2742 2411/2739 2410/2740
f 2413/2745 2414/2744 2415/2743
f 2416/2746 2415/2743 2414/2744
f 2417/2749 2407/2748 2418/2747
f 2178/2750 2418/2747 2407/2748
f 2419/2753 2420/2752 2408/2751
f 2420/2752 2177/2754 2408/2751
f 2181/2756 2417/2749 2421/2755
f 2421/2755 2417/2749 2418/2747
f 2419/2753 2422/2757 2420/2752
f 2420/2752 2422/2757 2423/2758
f 2186/2760 2181/2756 2424/2759
f 2181/2756 2421/2755 2424/2759
f 2422/2757 2425/2761 2423/2758
f 2426/2762 2423/2758 2425/2761
f 2410/2740 2186/2760 2412/2742
f 2186/2760 2424/2759 2412/2742
f 2425/2761 2413/2745 2426/2762
f 2426/2762 2413/2745 2415/2743
f 2414/2744 2409/2741 2416/2746
f 2416/2746 2409/2741 2411/2739
f 2427/2 2428/2719 2429/34
f 2429/34 2428/2719 2430/1927
f 2431/2719 2432/1927 2433/2
f 2432/1927 2434/34 2433/2
f 2435/2 2436/2719 2437/34
f 2438/1927 2437/34 2436/2719
f 2439/2 2440/2719 2441/34
f 2442/1927 2441/34 2440/2719
f 2443/2 2444/2719 2445/34
f 2446/1927 2445/34 2444/2719
f 2447/2 2448/2719 2449/34
f 2450/1927 2449/34 2448/2719
f 2451/2765 2452/2764 2453/2763
f 2452/2764 2454/2766 2453/2763
f 2455/2764 2456/2765 2457/2766
f 2456/2765 2458/2763 2457/2766
f 2459/2764 2460/2765 2461/2766
f 2460/2765 2462/2763 2461/2766
f 2463/2765 2464/2764 2465/2763
f 2464/2764 2466/2766 2465/2763
f 2467/2764 2468/2765 2469/2766
f 2468/2765 2470/2763 2469/2766
usemtl mat9
f 2471/2769 2435/2768 2472/2767
f 2435/2768 2431/2770 2472/2767
f 2473/2773 2474/2772 2440/2771
f 2433/2774 2440/2771 2474/2772
f 2475/2777 2443/2776 2476/2775
f 2443/2776 2436/2778 2476/2775
f 2477/2781 2439/2780 2478/2779
f 2439/2780 2428/2782 2478/2779
f 2479/2785 2447/2784 2480/2783
f 2447/2784 2444/2786 2480/2783
f 2481/2789 2427/2788 2482/2787
f 2427/2788 2448/2790 2482/2787
f 2189/2793 2190/2792 2483/2791
f 2484/2794 2483/2791 2190/2792
f 2190/2792 2192/2795 2484/2794
f 2485/2796 2484/2794 2192/2795
f 2194/2798 2189/2793 2486/2797
f 2483/2791 2486/2797 2189/2793
f 2192/2795 2196/2799 2485/2796
f 2487/2800 2485/2796 2196/2799
f 2198/2802 2194/2798 2488/2801
f 2486/2797 2488/2801 2194/2798
f 2196/2799 2200/2803 2487/2800
f 2489/2804 2487/2800 2200/2803
f 2202/2806 2198/2802 2490/2805
f 2488/2801 2490/2805 2198/2802
f 2200/2803 2206/2807 2489/2804
f 2491/2808 2489/2804 2206/2807
f 2204/2810 2202/2806 2492/2809
f 2490/2805 2492/2809 2202/2806
f 2206/2807 2208/2811 2491/2808
f 2493/2812 2491/2808 2208/2811
f 2210/2814 2204/2810 2494/2813
f 2492/2809 2494/2813 2204/2810
f 2431/2770 2433/2774 2472/2767
f 2440/2771 2439/2780 2473/2773
f 2436/2778 2435/2768 2476/2775
f 2428/2782 2427/2788 2478/2779
f 2444/2786 2443/2776 2480/2783
f 2474/2772 2472/2767 2433/2774
f 2471/2769 2476/2775 2435/2768
f 2477/2781 2473/2773 2439/2780
f 2475/2777 2480/2783 2443/2776
f 2481/2789 2478/2779 2427/2788
f 2208/2817 2210/2816 2493/2815
f 2494/2818 2493/2815 2210/2816
f 2448/2821 2447/2820 2482/2819
f 2479/2822 2482/2819 2447/2820
usemtl mat10
f 2495/2824 2496/2823 2497/1951
f 2497/1951 2496/2823 2498/2646
f 2499/2824 2500/2823 2501/1951
f 2501/1951 2500/2823 2502/2646
f 2503/2 2504/2719 2505/34
f 2505/34 2504/2719 2506/1927
f 2507/2824 2508/2823 2509/1951
f 2509/1951 2508/2823 2510/2646
f 2511/2823 2512/2646 2513/2824
f 2514/1951 2513/2824 2512/2646
f 2515/2824 2516/2823 2517/1951
f 2517/1951 2516/2823 2518/2646
usemtl mat11
f 2519/2827 2520/2826 2521/2825
f 2521/2825 2520/2826 2522/2828
f 2523/2827 2524/2826 2525/2825
f 2525/2825 2524/2826 2526/2828
f 2527/2827 2528/2826 2529/2825
f 2530/2828 2529/2825 2528/2826
f 2531/2827 2532/2826 2533/2825
f 2533/2825 2532/2826 2534/2828
f 2535/2827 2536/2826 2537/2825
f 2537/2825 2536/2826 2538/2828
f 2539/2827 2540/2826 2541/2825
f 2541/2825 2540/2826 2542/2828
usemtl mat12
f 2412/2830 2523/2823 2466/2829
f 2466/2829 2523/2823 2525/2831
f 2415/2823 2457/2832 2528/2830
f 2457/2832 2530/2833 2528/2830
f 2418/2836 2453/2835 2520/2834
f 2453/2835 2522/2837 2520/2834
f 2521/2839 2522/2837 2454/2838
f 2522/2837 2453/2835 2454/2838
f 2421/2830 2519/2823 2454/2838
f 2454/2838 2519/2823 2521/2839
f 2525/2831 2526/2840 2466/2829
f 2526/2840 2465/2841 2466/2829
f 2530/2833 2457/2832 2529/2842
f 2457/2832 2458/2843 2529/2842
f 2178/2830 2531/2823 2180/2844
f 2180/2844 2531/2823 2533/2845
f 2426/2847 2527/2846 2458/2843
f 2458/2843 2527/2846 2529/2842
f 2177/2850 2179/2849 2532/2848
f 2179/2849 2534/2851 2532/2848
f 2533/2845 2534/2851 2180/2844
f 2534/2851 2179/2849 2180/2844
f 2420/2830 2535/2823 2462/2852
f 2462/2852 2535/2823 2537/2853
f 2537/2853 2538/2854 2462/2852
f 2538/2854 2461/2855 2462/2852
f 2423/2857 2461/2855 2536/2856
f 2461/2855 2538/2854 2536/2856
f 2424/2859 2465/2841 2524/2858
f 2465/2841 2526/2840 2524/2858
f 2541/2862 2542/2861 2470/2860
f 2542/2861 2469/2863 2470/2860
f 2416/2830 2539/2823 2470/2860
f 2470/2860 2539/2823 2541/2862
f 2411/2865 2469/2863 2540/2864
f 2469/2863 2542/2861 2540/2864
f 2528/1472 2527/1477 2415/1927
f 2527/1477 2426/2719 2415/1927
f 2531/1927 2178/1472 2532/2719
f 2178/1472 2177/1477 2532/2719
f 2421/1472 2418/1477 2519/1927
f 2519/1927 2418/1477 2520/2719
f 2412/2719 2424/1927 2523/1477
f 2523/1477 2424/1927 2524/1472
f 2539/1477 2416/2719 2540/1472
f 2416/2719 2411/1927 2540/1472
f 2420/2719 2423/1927 2535/1477
f 2535/1477 2423/1927 2536/1472
f 2401/2867 2188/2866 2373/1927
f 2188/2866 2187/2868 2373/1927
f 2182/2867 2195/2866 2379/1927
f 2195/2866 2191/2868 2379/1927
f 2376/1927 2193/2868 2382/2867
f 2193/2868 2197/2866 2382/2867
f 2199/2866 2185/2867 2205/2868
f 2205/2868 2185/2867 2392/1927
f 2404/1927 2389/2867 2203/2868
f 2389/2867 2201/2866 2203/2868
f 2209/2868 2207/2866 2398/1927
f 2207/2866 2395/2867 2398/1927
usemtl mat13
f 2484/2871 2472/2870 2483/2869
f 2472/2870 2474/2872 2483/2869
f 2485/2874 2471/2873 2484/2871
f 2471/2873 2472/2870 2484/2871
f 2483/2869 2474/2872 2486/2875
f 2474/2872 2473/2876 2486/2875
f 2487/2878 2476/2877 2485/2874
f 2476/2877 2471/2873 2485/2874
f 2486/2875 2473/2876 2488/2879
f 2473/2876 2477/2880 2488/2879
f 2489/2882 2475/2881 2487/2878
f 2475/2881 2476/2877 2487/2878
f 2488/2879 2477/2880 2490/2883
f 2477/2880 2478/2884 2490/2883
f 2491/2886 2543/2885 2489/2882
f 2543/2885 2475/2881 2489/2882
f 2490/2883 2478/2884 2492/2887
f 2478/2884 2481/2888 2492/2887
f 2493/2890 2479/2889 2491/2886
f 2479/2889 2543/2885 2491/2886
f 2492/2887 2481/2888 2494/2891
f 2481/2888 2482/2892 2494/2891
f 2494/2893 2482/17 2493/1927
f 2482/17 2479/34 2493/1927
usemtl mat14
f 2401/2896 2373/2895 2544/2894
f 2373/2895 2545/2897 2544/2894
f 2182/2900 2379/2899 2183/2898
f 2379/2899 2546/2901 2183/2898
f 2376/2904 2382/2903 2547/2902
f 2382/2903 2548/2905 2547/2902
f 2549/2908 2392/2907 2184/2906
f 2392/2907 2185/2909 2184/2906
f 2550/2912 2389/2911 2551/2910
f 2389/2911 2404/2913 2551/2910
f 2552/2916 2398/2915 2553/2914
f 2398/2915 2395/2917 2553/2914
f 2395/2920 2392/2919 2409/2918
f 2410/2921 2409/2918 2392/2919
f 2379/2924 2401/2923 2417/2922
f 2417/2922 2401/2923 2407/2925
f 2373/2928 2376/2927 2408/2926
f 2408/2926 2376/2927 2419/2929
f 2185/2932 2182/2931 2186/2930
f 2186/2930 2182/2931 2181/2933
f 2382/2936 2389/2935 2422/2934
f 2422/2934 2389/2935 2425/2937
f 2404/2920 2398/2919 2413/2938
f 2414/2939 2413/2938 2398/2919
f 2419/2942 2376/2941 2547/2940
f 2553/2945 2395/2944 2409/2943
f 2407/2948 2401/2947 2544/2946
f 2545/2951 2373/2950 2408/2949
f 2546/2954 2379/2953 2417/2952
f 2548/2957 2382/2956 2422/2955
f 2425/2960 2389/2959 2550/2958
f 2410/2963 2392/2962 2549/2961
f 2404/2966 2413/2965 2551/2964
f 2414/2969 2398/2968 2552/2967
usemtl mat15
f 2496/2972 2435/2971 2498/2970
f 2435/2971 2437/2973 2498/2970
f 2495/2976 2497/2975 2436/2974
f 2436/2974 2497/2975 2438/2977
f 2511/2972 2513/2978 2428/2971
f 2428/2971 2513/2978 2430/2979
f 2512/2982 2427/2981 2514/2980
f 2427/2981 2429/2983 2514/2980
f 2499/2986 2501/2985 2444/2984
f 2444/2984 2501/2985 2446/2987
f 2503/2990 2505/2989 2431/2988
f 2431/2988 2505/2989 2432/2991
f 2504/2994 2433/2993 2506/2992
f 2433/2993 2434/2995 2506/2992
f 2507/2998 2509/2997 2440/2996
f 2440/2996 2509/2997 2442/2999
f 2508/2972 2439/2971 2510/3000
f 2439/2971 2441/3001 2510/3000
f 2500/2972 2443/2971 2502/3002
f 2443/2971 2445/3003 2502/3002
f 2516/2972 2447/2971 2518/3000
f 2447/2971 2449/3001 2518/3000
f 2515/3006 2517/3005 2448/3004
f 2448/3004 2517/3005 2450/3007
f 2429/2983 2430/2979 2514/2980
f 2514/2980 2430/2979 2513/2978
f 2434/2995 2432/2991 2506/2992
f 2505/2989 2506/2992 2432/2991
f 2441/3001 2442/2999 2510/3000
f 2509/2997 2510/3000 2442/2999
f 2437/2973 2438/2977 2498/2970
f 2497/2975 2498/2970 2438/2977
f 2445/3003 2446/2987 2502/3002
f 2501/2985 2502/3002 2446/2987
f 2449/3001 2450/3007 2518/3000
f 2517/3005 2518/3000 2450/3007
usemtl mat16
f 2431/3009 2433/2646 2503/3008
f 2503/3008 2433/2646 2504/1951
usemtl mat17
f 2548/3012 2422/3011 2547/3010
f 2422/3011 2419/3013 2547/3010
f 2553/3016 2409/3015 2552/3014
f 2409/3015 2414/3017 2552/3014
f 2544/3020 2545/3019 2407/3018
f 2545/3019 2408/3021 2407/3018
f 2183/3024 2546/3023 2181/3022
f 2546/3023 2417/3025 2181/3022
f 2549/3028 2184/3027 2410/3026
f 2184/3027 2186/3029 2410/3026
f 2551/3032 2413/3031 2550/3030
f 2413/3031 2425/3033 2550/3030
usemtl mat18
f 2378/1927 2377/2719 2375/34
f 2377/2719 2374/2 2375/34
f 2390/2719 2383/2 2391/1927
f 2391/1927 2383/2 2384/34
f 2385/2719 2387/2 2386/1927
f 2386/1927 2387/2 2388/34
f 2393/2719 2396/2 2394/1927
f 2394/1927 2396/2 2397/34
f 2403/1927 2402/2719 2381/34
f 2402/2719 2380/2 2381/34
f 2399/2 2405/2719 2400/34
f 2400/34 2405/2719 2406/1927
usemtl mat19
f 2554/3035 2555/3034 2459/34
f 2555/3034 2460/1927 2459/34
f 2556/3035 2557/3034 2451/34
f 2557/3034 2452/1927 2451/34
f 2558/3038 2559/3037 2560/3036
f 2560/3036 2559/3037 2557/3039
f 2561/3042 2562/3041 2563/3040
f 2562/3041 2554/3043 2563/3040
f 2564/3035 2563/3034 2455/34
f 2563/3034 2456/1927 2455/34
f 2559/3035 2565/3034 2463/34
f 2565/3034 2464/1927 2463/34
f 2566/3035 2567/3034 2467/34
f 2567/3034 2468/1927 2467/34
f 2558/3038 2561/3042 2566/3044
f 2561/3042 2567/3045 2566/3044
f 2568/3048 2431/3047 2560/3046
f 2431/3047 2569/3049 2560/3046
f 2568/3048 2570/3050 2431/3047
f 2570/3050 2433/3051 2431/3047
f 2433/3051 2570/3050 2571/3052
f 2570/3050 2562/3053 2571/3052
f 2560/3036 2569/3036 2558/3038
f 2569/3036 2572/3038 2558/3038
f 2561/3042 2573/3042 2562/3041
f 2573/3042 2571/3041 2562/3041
f 2558/3038 2572/3038 2561/3042
f 2572/3038 2573/3042 2561/3042
f 2573/3042 2428/3040 2571/3041
f 2428/3040 2574/3043 2571/3041
f 2428/3034 2575/3035 2511/1927
f 2575/3035 2512/34 2511/1927
f 2572/3038 2447/3044 2573/3042
f 2447/3044 2448/3045 2573/3042
f 2440/3034 2574/3035 2507/1927
f 2574/3035 2508/34 2507/1927
f 2436/3034 2576/3035 2495/1927
f 2576/3035 2496/34 2495/1927
f 2572/3038 2569/3036 2577/3037
f 2569/3036 2436/3039 2577/3037
f 2444/3034 2577/3035 2499/1927
f 2577/3035 2500/34 2499/1927
f 2448/3034 2447/3035 2515/1927
f 2447/3035 2516/34 2515/1927
f 2560/3036 2556/3055 2568/3054
f 2555/3057 2562/3041 2570/3056
f 2560/3036 2557/3039 2556/3055
f 2554/3043 2562/3041 2555/3057
f 2559/3037 2558/3038 2565/3058
f 2561/3042 2563/3040 2564/3059
f 2558/3038 2566/3044 2565/3058
f 2567/3045 2561/3042 2564/3059
f 2572/3038 2577/3037 2444/3058
f 2573/3042 2575/3059 2428/3040
f 2572/3038 2444/3058 2447/3044
f 2573/3042 2448/3045 2575/3059
f 2569/3036 2431/3054 2576/3055
f 2571/3041 2440/3057 2433/3056
f 2569/3036 2576/3055 2436/3039
f 2571/3041 2574/3043 2440/3057
usemtl mat20
f 2452/3062 2557/3061 2454/3060
f 2557/3061 2421/3063 2454/3060
f 2456/3066 2563/3065 2458/3064
f 2563/3065 2426/3067 2458/3064
f 2564/3070 2455/3069 2415/3068
f 2455/3069 2457/3071 2415/3068
f 2464/3074 2565/3073 2466/3072
f 2565/3073 2412/3075 2466/3072
f 2565/3073 2566/3076 2412/3075
f 2566/3076 2411/3077 2412/3075
f 2178/3080 2177/3079 2568/3078
f 2177/3079 2570/3081 2568/3078
f 2568/3078 2556/3082 2178/3080
f 2556/3082 2418/3083 2178/3080
f 2555/3085 2570/3081 2420/3084
f 2570/3081 2177/3079 2420/3084
f 2460/3087 2555/3085 2462/3086
f 2555/3085 2420/3084 2462/3086
f 2556/3090 2451/3089 2418/3088
f 2451/3089 2453/3091 2418/3088
f 2554/3094 2459/3093 2423/3092
f 2459/3093 2461/3095 2423/3092
f 2557/3061 2559/3096 2421/3063
f 2559/3096 2424/3097 2421/3063
f 2563/3065 2554/3094 2426/3067
f 2554/3094 2423/3092 2426/3067
f 2567/3099 2564/3070 2416/3098
f 2564/3070 2415/3068 2416/3098
f 2468/3101 2567/3099 2470/3100
f 2567/3099 2416/3098 2470/3100
f 2559/3096 2463/3102 2424/3097
f 2463/3102 2465/3103 2424/3097
f 2566/3076 2467/3104 2411/3077
f 2467/3104 2469/3105 2411/3077
g obj2
usemtl mat21
f 2578/3108 2579/3107 2580/3106
f 2579/3107 2581/3109 2580/3106
f 2582/3112 2583/3111 2584/3110
f 2583/3111 2585/3113 2584/3110
f 2581/3109 2579/3107 2586/3114
f 2579/3107 2587/3115 2586/3114
f 2579/3107 2588/3116 2587/3115
f 2588/3116 2589/3117 2587/3115
f 2588/3116 2585/3113 2589/3117
f 2585/3113 2590/3118 2589/3117
f 2583/3111 2591/3119 2585/3113
f 2591/3119 2590/3118 2585/3113
f 2587/3115 2592/3120 2586/3114
f 2592/3120 2593/3121 2586/3114
f 2589/3117 2594/3122 2587/3115
f 2594/3122 2592/3120 2587/3115
f 2590/3118 2595/3123 2589/3117
f 2595/3123 2594/3122 2589/3117
f 2591/3119 2596/3124 2590/3118
f 2596/3124 2595/3123 2590/3118
f 2592/3120 2597/3125 2593/3121
f 2597/3125 2598/3126 2593/3121
f 2594/3122 2599/3127 2592/3120
f 2599/3127 2597/3125 2592/3120
f 2595/3123 2600/3128 2594/3122
f 2600/3128 2599/3127 2594/3122
f 2596/3124 2601/3129 2595/3123
f 2601/3129 2600/3128 2595/3123
f 2597/3125 2602/3130 2598/3126
f 2602/3130 2603/3131 2598/3126
f 2599/3127 2604/3132 2597/3125
f 2604/3132 2602/3130 2597/3125
f 2600/3128 2605/3133 2599/3127
f 2605/3133 2604/3132 2599/3127
f 2601/3129 2606/3134 2600/3128
f 2606/3134 2605/3133 2600/3128
f 2603/3131 2602/3130 2607/3135
f 2602/3130 2608/3136 2607/3135
f 2606/3134 2609/3137 2605/3133
f 2609/3137 2610/3138 2605/3133
# 4569 elements

