# Created by Metasequoia

mtllib Pinball_match_player1.mtl

v -6600.000000 129.017105 908.663635
v -6600.000000 287.232239 1066.878784
v -6585.000000 133.436523 913.083069
v -6585.000000 289.000000 1068.646484
v -6561.209961 98.449738 878.096252
v -6575.713867 94.648117 874.294617
v -6600.000000 292.535553 1072.182007
v -6572.500000 90.126312 869.772827
v -6640.000000 -737.188843 42.457790
v -6640.000000 -527.708435 251.938202
v -6625.000000 -731.885498 47.761089
v -6625.000000 -525.056763 254.589844
v -6485.000000 -830.880493 -51.233849
v -6500.000000 -836.183777 -56.537159
v -6485.000000 -856.513062 -76.866470
v -6500.000000 -854.745300 -75.098709
v -6640.000000 -522.405090 257.241486
v -6500.000000 -860.048645 -80.402008
v -6375.000000 113.991013 893.637634
v -6375.000000 288.999847 1068.646484
v -6360.000000 118.410431 898.057007
v -6360.000000 287.232086 1066.878662
v -6370.541016 -446.871796 332.774811
v -6328.731934 -416.292969 363.353638
v -6358.083008 -453.038483 326.608124
v -6316.231934 -423.364044 356.282562
v -6315.000000 50.351410 829.997986
v -6300.000000 54.770821 834.417419
v -6305.084961 -410.461823 369.184784
v -6319.214844 -405.668121 373.978455
v -6300.943359 -394.323456 385.323151
v -6315.934570 -392.367096 387.279510
v -6300.000000 -379.215973 400.430603
v -6315.000000 -379.215973 400.430603
v -6360.000000 292.535461 1072.182129
v -6363.335938 -456.823914 322.822693
v -6475.000000 -830.880432 -51.233849
v -6460.000000 -836.183716 -56.537159
v -6475.000000 -856.513062 -76.866478
v -6460.000000 -854.745300 -75.098709
v -6335.000000 -731.885498 47.761089
v -6320.000000 -737.188782 42.457790
v -6320.000000 -483.514221 296.132355
v -6335.000000 -481.746460 297.900146
v -6460.000000 -860.048584 -80.402008
v -6320.000000 -478.210907 301.435669
v -6720.000000 -411.035797 368.610809
v -6720.000000 60.957951 840.604553
v -6705.000000 -411.035797 368.610809
v -6705.000000 60.957951 840.604553
v -6717.304199 76.742348 856.388977
v -6702.862305 74.226952 853.873596
v -6716.962891 -435.784546 343.862091
v -6702.500000 -434.900665 344.745972
v -6710.448730 90.110481 869.757080
v -6697.706055 85.897537 865.544128
v -6711.341309 -452.203766 327.442841
v -6697.500000 -449.042786 330.603821
v -6703.215820 -464.185059 315.461548
v -6689.737793 -459.034637 320.612000
v -6702.002930 101.337440 880.984070
v -6691.199219 94.912888 874.559509
v -6691.573730 -474.437958 305.208649
v -6679.300293 -468.123566 311.523041
v -6689.100098 110.919594 890.566223
v -6681.250000 102.500473 882.147095
v -6675.210938 116.943733 896.590332
v -6671.250000 106.919891 886.566528
v -6660.000000 119.294258 898.940857
v -6660.000000 108.181801 887.828430
v -6633.843750 -500.308746 279.337891
v -6646.244141 -506.532898 273.113708
v -6643.958984 116.928360 896.574951
v -6648.750000 106.919891 886.566528
v -6630.412598 110.969009 890.615601
v -6638.750000 102.500473 882.147095
v -6616.603516 99.815163 879.461792
v -6628.551758 93.125053 872.771667
v -6600.694824 77.015800 856.662415
v -6612.933105 70.629791 850.276428
v -6640.956543 -510.293945 269.352692
v -6597.500000 72.448441 852.095032
v -6595.000000 -673.549194 106.097389
v -6580.000000 -673.549194 106.097389
v -6595.000000 -708.904541 70.742050
v -6580.000000 -708.904541 70.742050
v -6540.000000 -734.537170 45.109428
v -6587.500000 -717.743347 61.903221
v -6540.000000 -723.046631 56.599991
v -6571.250000 -663.826477 115.820107
v -6526.250000 -717.743286 61.903290
v -6587.500000 -663.826477 115.820107
v -6526.250000 -728.349976 51.296619
v -6388.750000 -663.826477 115.820107
v -6380.000000 -673.549194 106.097389
v -6433.750000 -717.743286 61.903290
v -6420.000000 -723.046631 56.599991
v -6420.000000 -734.537170 45.109428
v -6372.500000 -717.743347 61.903221
v -6380.000000 -708.904541 70.742050
v -6365.000000 -673.549194 106.097389
v -6365.000000 -708.904541 70.742050
v -6433.750000 -728.349976 51.296619
v -6372.500000 -663.826477 115.820107
v -6615.000000 -49.527458 730.119141
v -6600.000000 -49.527458 730.119141
v -6615.000000 -84.882797 694.763794
v -6600.000000 -84.882797 694.763855
v -6560.000000 -110.515419 669.131165
v -6607.500000 -93.721626 685.924927
v -6560.000000 -99.024857 680.621704
v -6591.250000 -39.804741 739.841858
v -6546.250000 -93.721558 685.924988
v -6607.500000 -39.804741 739.841858
v -6546.250000 -104.328232 675.318359
v -6368.750000 -83.998909 695.647705
v -6360.000000 -93.721626 685.924988
v -6413.750000 -137.915726 641.730835
v -6400.000000 -143.219025 636.427551
v -6400.000000 -154.709579 624.937012
v -6352.500000 -137.915802 641.730774
v -6360.000000 -129.076965 650.569641
v -6345.000000 -93.721626 685.924988
v -6345.000000 -129.076965 650.569641
v -6413.750000 -148.522400 631.124207
v -6352.500000 -83.998909 695.647705
v -6595.000000 -185.645523 487.935059
v -6580.000000 -185.645523 487.935059
v -6595.000000 -221.000854 452.579712
v -6580.000000 -221.000854 452.579712
v -6540.000000 -246.633469 426.947113
v -6587.500000 -229.839691 443.740875
v -6540.000000 -235.142914 438.437653
v -6571.250000 -175.922791 497.657776
v -6526.250000 -229.839615 443.740967
v -6587.500000 -175.922791 497.657776
v -6526.250000 -240.446289 433.134277
v -6620.000000 -12.404380 661.176208
v -6620.000000 150.230179 823.810730
v -6605.000000 -8.868850 664.711731
v -6605.000000 150.230179 823.810730
v -6618.750000 174.978912 848.559509
v -6603.057129 174.095032 847.675598
v -6610.985352 196.456284 870.036865
v -6596.784668 193.540466 867.121033
v -6585.000000 -37.153099 636.427490
v -6600.000000 -40.688629 632.891968
v -6599.793945 215.595428 889.176025
v -6586.935547 210.855347 884.435913
v -6585.000000 -168.851730 504.728851
v -6600.000000 -167.083969 506.496613
v -6585.620605 231.103912 904.684509
v -6573.844238 224.917938 898.498535
v -6566.263184 245.637497 919.218079
v -6557.570313 236.710052 910.290649
v -6542.020020 254.601364 928.181946
v -6537.792969 244.145859 917.726440
v -6527.500000 -266.078918 407.501648
v -6527.500000 -338.557373 335.023224
v -6540.000000 -267.846680 405.733887
v -6540.000000 -336.789581 336.790985
v -6520.000000 256.119568 930.053589
v -6518.750000 245.689590 919.270142
v -6500.000000 245.689590 919.270142
v -6501.250000 256.296204 929.876770
v -6460.000000 245.689590 919.270142
v -6458.750000 256.296204 929.876770
v -6441.250000 245.689590 919.270142
v -6440.000000 256.296204 929.876770
v -6417.979980 254.601364 928.181946
v -6422.207031 244.145859 917.726440
v -6432.500000 -266.078918 407.501648
v -6420.000000 -267.846680 405.733887
v -6432.500000 -338.557373 335.023224
v -6420.000000 -336.789581 336.790985
v -6393.736816 245.637497 919.218079
v -6402.429688 236.710052 910.290649
v -6374.379395 231.103912 904.684509
v -6386.155762 224.917938 898.498535
v -6360.206055 215.595428 889.176025
v -6373.064453 210.855347 884.435913
v -6375.000000 -37.153099 636.427490
v -6360.000000 -40.688629 632.891968
v -6375.000000 -168.851730 504.728851
v -6360.000000 -167.083969 506.496613
v -6349.014648 196.456284 870.036865
v -6363.215332 193.540466 867.121033
v -6355.000000 -8.868850 664.711731
v -6340.000000 -12.404380 661.176208
v -6341.250000 174.978912 848.559509
v -6356.942871 174.095032 847.675598
v -6340.000000 150.230179 823.810730
v -6355.000000 150.230179 823.810730
v -6600.000000 -172.387268 501.193298
v -6540.000000 -342.092896 331.487671
v -6540.000000 -262.543396 411.037201
v -6495.000000 256.296204 929.876770
v -6465.000000 256.296204 929.876770
v -6420.000000 -341.294861 332.285736
v -6420.000000 -262.543396 411.037201
v -6360.000000 -172.387268 501.193298
v -6388.750000 -175.922791 497.657776
v -6380.000000 -185.645523 487.935059
v -6433.750000 -229.839615 443.740967
v -6420.000000 -235.142914 438.437653
v -6420.000000 -246.633469 426.947113
v -6372.500000 -229.839691 443.740875
v -6380.000000 -221.000854 452.579712
v -6365.000000 -185.645523 487.935059
v -6365.000000 -221.000854 452.579712
v -6433.750000 -240.446289 433.134277
v -6372.500000 -175.922791 497.657776
v -6540.000000 -235.319672 438.614288
v -6550.000000 -222.945313 450.988678
v -6540.565430 -229.149460 444.784515
v -6540.000000 -252.997360 420.936615
v -6550.000000 -249.461807 424.472168
v -6530.842285 -227.046051 446.887939
v -6533.311035 -237.694077 436.239899
v -6529.739746 -231.237061 442.696869
v -6529.908691 -203.789719 470.144257
v -6540.859863 -194.854645 479.079315
v -6527.141113 -199.416550 474.517426
v -6519.832031 -195.484116 478.449860
v -6522.351074 -226.081207 447.852783
v -6522.624512 -205.484940 468.449005
v -6524.822266 -216.642517 457.291412
v -6518.738770 -217.551010 456.383026
v -6514.687012 -202.870285 471.063690
v -6498.097168 -208.426361 465.507629
v -6497.191895 -213.220108 460.713837
v -6495.010254 -195.625168 478.308807
v -6499.871582 -187.359741 486.574219
v -6491.870605 -186.071793 487.862152
v -6495.078613 -172.220581 501.713379
v -6486.651855 -172.393967 501.540009
v -6486.289551 -201.465561 472.468475
v -6481.238770 -159.568253 514.365723
v -6475.989746 -177.428055 496.505890
v -6483.093750 -181.819077 492.114899
v -6457.331543 -185.251389 488.682617
v -6462.934082 -191.688324 482.245636
v -6445.441895 -198.898178 475.035797
v -6451.003906 -204.518753 469.415253
v -6443.000488 -211.584442 462.349518
v -6447.101074 -217.245407 456.688568
v -6434.716797 -215.243423 458.690521
v -6432.275391 -206.048294 467.885651
v -6427.115723 -208.429398 465.504578
v -6429.719727 -196.166275 477.767700
v -6419.405762 -209.427780 464.506226
v -6425.656250 -216.777084 457.156891
v -6421.250000 -223.829193 450.104797
v -6426.515137 -227.112289 446.821747
v -6422.815430 -231.524216 442.409760
v -6420.000000 -235.319672 438.614288
v -6427.031738 -239.843613 434.090363
v -6417.375488 -226.813187 447.120789
v -6420.000000 -252.997345 420.936615
v -6410.000000 -249.461807 424.472168
v -6410.664063 -223.829193 450.104797
v -6483.261230 122.393272 903.277039
v -6524.072266 120.910004 901.793762
v -6523.863281 123.573174 904.456848
v -6500.350098 93.408836 874.292603
v -6503.397949 94.920937 875.804688
v -6464.419434 92.795990 873.679749
v -6460.242188 146.073669 926.957397
v -6501.264160 144.886154 925.769897
v -6497.915527 146.070465 926.954224
v -6461.070313 93.980263 874.864014
v -6457.103027 144.594757 925.478516
v -6440.576172 114.420021 895.303772
v -6440.094727 117.309036 898.192810
v -6550.000000 275.565582 1055.565552
v -6543.709473 268.462433 1048.462402
v -6550.101074 262.796875 1042.796875
v -6547.407227 287.939972 1067.939941
v -6542.253418 273.934357 1053.934448
v -6542.341797 287.940338 1067.940308
v -6534.595215 270.660736 1050.660767
v -6536.092285 280.597778 1060.597778
v -6527.351563 275.229431 1055.229370
v -6528.481934 287.940247 1067.940186
v -6521.862793 251.354721 1031.354614
v -6537.106934 245.028275 1025.028320
v -6528.116211 251.512939 1031.512939
v -6518.093750 276.444824 1056.444824
v -6523.875000 262.987854 1042.987915
v -6513.364746 247.225037 1027.225098
v -6517.278320 267.075470 1047.075317
v -6506.160156 257.090576 1037.090698
v -6490.234863 261.402466 1041.402466
v -6487.426270 266.744629 1046.744629
v -6482.024902 256.882416 1036.882446
v -6489.541504 252.412155 1032.412109
v -6474.556152 249.254776 1029.254761
v -6478.646484 244.649826 1024.649780
v -6477.535156 229.331345 1009.331360
v -6470.797852 239.697235 1019.697266
v -6462.146484 239.591965 1019.591980
v -6466.384766 248.833755 1028.833862
v -6454.068848 264.160095 1044.160156
v -6463.359863 262.735504 1042.735474
v -6446.959473 273.054871 1053.054932
v -6448.744629 280.098114 1060.098022
v -6439.054688 276.927338 1056.927368
v -6436.438965 266.593903 1046.593872
v -6427.500000 265.632446 1045.632446
v -6431.510742 253.447784 1033.447754
v -6420.000000 265.842377 1045.842407
v -6425.804688 281.535980 1061.536011
v -6420.000000 276.135101 1056.135132
v -6420.654785 287.939453 1067.939453
v -6411.824707 287.939453 1067.939453
v -6713.004395 68.944542 848.944580
v -6719.588379 60.764858 840.764893
v -6719.014160 75.640907 855.640930
v -6700.954590 73.793877 853.793884
v -6696.497559 81.659943 861.659973
v -6697.372559 59.136261 839.136292
v -6691.077637 61.842770 841.842773
v -6681.765137 50.806461 830.806458
v -6686.515137 46.431320 826.431335
v -6663.562012 44.484570 824.484558
v -6666.650879 38.991199 818.991211
v -6656.489746 37.616150 817.616211
v -6657.632813 25.029449 805.029480
v -6661.734863 74.152870 854.152893
v -6656.694824 67.658096 847.658142
v -6661.187988 57.506168 837.506287
v -6655.262207 59.228191 839.228210
v -6656.309082 49.553329 829.553284
v -6648.038574 68.099983 848.100037
v -6650.667969 34.100990 814.101013
v -6647.009277 47.531921 827.531982
v -6642.349121 61.673779 841.673828
v -6633.659668 66.110023 846.110046
v -6645.442871 91.123993 871.124023
v -6634.727051 86.645103 866.645142
v -6640.524414 79.596947 859.596985
v -6633.028809 78.314537 858.314636
v -6640.523926 79.596947 859.596985
v -6633.973145 71.519333 851.519348
v -6627.034180 92.763062 872.763062
v -6626.429199 61.840710 841.840759
v -6624.408691 88.421288 868.421326
v -6617.249512 68.509933 848.509949
v -6633.973633 71.519333 851.519348
v -6623.155273 67.261414 847.261414
v -6623.398438 99.946358 879.946350
v -6639.019531 121.168762 901.168762
v -6616.313965 104.037613 884.037659
v -6615.503906 91.094238 871.094238
v -6613.107910 57.991161 837.991211
v -6607.552246 86.684570 866.684631
v -6583.176270 116.975761 896.975769
v -6595.625000 127.515617 907.515625
v -6580.528320 122.513672 902.513672
v -6577.737793 127.911949 907.911926
v -6568.894043 122.837677 902.837708
v -6563.059082 114.473381 894.473511
v -6565.767578 108.296242 888.296265
v -6576.250000 94.811836 874.811890
v -6564.088867 102.743027 882.743042
v -6560.442871 98.362717 878.362732
v -6553.884277 130.690308 910.690308
v -6568.262207 151.467010 931.467041
v -6558.915039 143.630997 923.630981
v -6567.982422 140.544205 920.544250
v -6564.702148 162.321808 942.321838
v -6556.615723 109.905968 889.906067
v -6552.795410 104.863457 884.863464
v -6549.187988 125.756462 905.756409
v -6549.731934 133.907013 913.907043
v -6551.695313 163.967026 943.967041
v -6543.617188 155.013290 935.013245
v -6543.750000 101.440559 881.440613
v -6549.375000 97.463211 877.463257
v -6538.475098 161.281586 941.281616
v -6526.349609 152.438644 932.438660
v -6526.718262 144.112473 924.112488
v -6515.965332 154.407883 934.407837
v -6519.635742 159.148865 939.148926
v -6508.248047 165.558731 945.558777
v -6507.990723 154.130615 934.130615
v -6514.202637 146.270752 926.270813
v -6503.256348 147.834885 927.834900
v -6509.715332 141.743515 921.743530
v -6388.685059 114.919983 894.919983
v -6397.181641 113.577606 893.577576
v -6397.373047 118.494766 898.494751
v -6405.070313 115.584297 895.584412
v -6439.972168 136.924301 916.924316
v -6445.197754 133.011230 913.011230
v -6448.553223 138.339294 918.339294
v -6442.122559 143.005981 923.006042
v -6435.660645 144.748520 924.748474
v -6432.789063 155.779999 935.779968
v -6430.489746 147.590439 927.590454
v -6423.590820 137.090454 917.090454
v -6424.159668 132.458267 912.458191
v -6414.614258 136.521530 916.521545
v -6411.898438 150.633255 930.633240
v -6400.957031 154.410339 934.410339
v -6406.069824 162.719818 942.719849
v -6401.301270 130.428818 910.428772
v -6400.000000 82.877930 862.877930
v -6405.000000 86.413597 866.413574
v -6396.211426 91.495506 871.495544
v -6392.207031 151.555328 931.555359
v -6392.128906 134.732330 914.732239
v -6397.874023 143.821915 923.821899
v -6388.016113 89.129967 869.129944
v -6387.762207 104.702507 884.702576
v -6390.646484 98.839951 878.839966
v -6395.343262 97.531357 877.531311
v -6381.154785 125.985207 905.985168
v -6379.089355 93.910767 873.910706
v -6375.834473 109.789627 889.789612
v -6380.090332 118.616226 898.616211
v -6384.810059 111.649742 891.649719
v -6373.054688 119.002892 899.002869
v -6367.604004 95.690422 875.690430
v -6369.287598 91.338310 871.338318
v -6364.722168 127.613121 907.613098
v -6559.214844 -90.453247 689.546692
v -6567.839355 -89.622887 690.377075
v -6564.987793 -78.952591 701.047363
v -6560.001953 -99.199387 680.800598
v -6548.407715 -90.230217 689.769775
v -6547.706543 -96.847260 683.152710
v -6533.245605 -79.815758 700.184143
v -6540.032715 -76.270027 703.729919
v -6512.125488 -71.548820 708.451172
v -6513.728027 -65.356667 714.643311
v -6486.906738 -69.562538 710.437439
v -6507.696777 -98.111633 681.888367
v -6498.987793 -84.382088 695.617859
v -6501.436523 -94.454430 685.545532
v -6492.967285 -86.932404 693.067566
v -6481.445801 -96.643204 683.356873
v -6500.227051 -146.286377 633.713562
v -6480.705566 -146.936859 633.063110
v -6505.019531 -151.357971 628.642029
v -6482.928223 -62.888870 717.111084
v -6483.719238 -75.881737 704.118225
v -6488.388672 -92.221024 687.778931
v -6484.219727 -118.599548 661.400391
v -6492.637695 -129.253677 650.746277
v -6487.907715 -113.534180 666.465759
v -6480.888672 -140.860764 639.139221
v -6482.270996 -126.750183 653.249756
v -6480.278809 -133.166580 646.833374
v -6473.579590 -78.507538 701.492432
v -6475.608887 -101.566711 678.433167
v -6475.282715 -64.650208 715.349792
v -6469.645996 -128.747330 651.252625
v -6461.214355 -94.641350 685.358643
v -6467.099121 -48.236771 731.763184
v -6464.375000 -103.188438 676.811523
v -6461.516113 -133.330582 646.669373
v -6468.772949 -133.381332 646.618652
v -6467.104492 -65.059914 714.940063
v -6465.011230 -99.629066 680.370911
v -6455.799316 -124.484154 655.515808
v -6450.159180 -101.231590 678.768372
v -6484.140137 -221.717300 558.282715
v -6493.800781 -223.193283 556.806763
v -6482.726074 -199.702194 580.297852
v -6493.548340 -259.768280 520.231750
v -6484.286621 -242.848145 537.151917
v -6477.534180 -248.395309 531.604736
v -6474.815918 -238.287643 541.712402
v -6476.250488 -185.849869 594.150085
v -6495.658691 -184.517487 595.482544
v -6475.290039 -180.638596 599.361450
v -6477.041504 -200.742325 579.257751
v -6470.930176 -253.402771 526.597290
v -6468.655762 -191.237762 588.762268
v -6464.675781 -172.921219 607.078796
v -6464.949707 -235.433350 544.566711
v -6462.075195 -188.364792 591.635254
v -6463.504395 -177.408737 602.591309
v -6458.131836 -241.161545 538.838501
v -6457.064941 -224.891373 555.108643
v -6461.177734 -220.326157 559.673889
v -6447.374512 -216.415924 563.584106
v -6443.023438 -209.393433 570.606628
v -6441.656738 -223.620621 556.379395
v -6446.128418 -227.328201 552.671814
v -6435.475098 -232.343063 547.656982
v -6435.984375 -241.819443 538.180603
v -6432.553711 -238.312897 541.687134
v -6424.783691 -249.352112 530.647949
v -6426.232910 -238.507629 541.492432
v -6429.535645 -226.289261 553.710754
v -6423.714844 -230.859695 549.140320
v -6419.776367 -214.433701 565.566345
v -6405.325195 -213.514160 566.485901
v -6408.347656 -208.058502 571.941528
v -6397.043945 -211.941360 568.058655
v -6398.919434 -216.385941 563.614075
v -6390.664063 -220.451950 559.548096
v -6397.219727 -232.157593 547.842468
v -6383.852051 -223.086258 556.913757
v -6393.550781 -196.923676 583.076355
v -6389.665527 -195.088181 584.911865
v -6381.385254 -209.128342 570.871704
v -6388.353027 -209.434448 570.565613
v -6537.500000 -675.493835 104.506264
v -6537.500000 -657.380005 122.620064
v -6532.449707 -667.510559 112.489487
v -6529.577637 -663.476379 116.523682
v -6525.000000 -684.332703 95.667419
v -6515.822754 -666.173096 113.826981
v -6512.230957 -669.997375 110.002663
v -6517.659668 -651.355103 128.644974
v -6510.594238 -652.833557 127.166481
v -6508.488770 -665.303467 114.696571
v -6503.945801 -640.364807 139.635254
v -6511.756348 -637.109497 142.890549
v -6488.292480 -632.430603 147.569473
v -6485.005371 -622.705994 157.294052
v -6475.663086 -626.321472 153.678589
v -6478.684570 -643.752991 136.247086
v -6485.687988 -646.255310 133.744858
v -6479.955078 -631.809448 148.190598
v -6476.353027 -656.168091 123.831970
v -6477.987305 -661.279968 118.720016
v -6463.624023 -619.882568 160.117523
v -6467.377441 -654.221985 125.778069
v -6463.546875 -643.860840 136.139252
v -6454.359375 -647.272034 132.728012
v -6448.096191 -641.144287 138.855804
v -6453.931152 -660.719971 119.280128
v -6451.890137 -651.267395 128.732651
v -6448.428223 -658.263550 121.736542
v -6448.852051 -670.618652 109.381401
v -6446.876465 -667.075867 112.924210
v -6444.027344 -645.045959 134.954056
v -6434.859863 -668.188110 111.811928
v -6436.810547 -645.932373 134.067703
v -6436.810547 -633.264343 146.735733
v -6435.458984 -664.425659 115.574387
v -6426.862793 -663.832458 116.167580
v -6435.000000 -684.332520 95.667572
v -6428.956543 -672.773621 107.226418
v -6422.500000 -675.493652 104.506401
v -6422.500000 -656.503906 123.496178
v -6530.000000 -252.997345 420.936615
v -6526.189453 -239.468765 434.465210
v -6515.352051 -227.999847 445.934143
v -6517.103516 -207.302994 466.630951
v -6513.789551 -216.615082 457.318909
v -6506.467773 -213.152954 460.781036
v -6499.132324 -220.336517 453.597473
v -6481.430176 -209.728638 464.205322
v -6482.996582 -192.204971 481.729004
v -6479.969727 -200.945023 472.988953
v -6469.445313 -198.784042 475.149933
v -6460.305176 -207.567764 466.366180
v -6452.692871 -224.199081 449.734894
v -6444.648438 -227.999832 445.934174
v -6431.886719 -219.737167 454.196808
v -6433.811035 -239.468765 434.465210
v -6430.000000 -252.997345 420.936615
v -6586.023438 -456.718933 324.164825
v -6599.077148 -479.715179 301.168579
v -6599.161621 -477.690887 303.192902
v -6583.073730 -495.656830 285.226929
v -6565.946777 -473.822968 307.060822
v -6583.605957 -455.584381 325.299377
v -6580.500488 -496.571198 284.312561
v -6534.711914 -472.956177 307.927582
v -6534.556152 -475.005005 305.878754
v -6554.627441 -455.624420 325.259338
v -6552.859375 -496.135895 284.747864
v -6552.053711 -456.538696 324.345062
v -6550.511719 -494.975891 285.907867
v -6613.599121 22.578671 803.462402
v -6606.445313 -0.031050 780.852661
v -6608.193848 1.443060 782.326782
v -6584.929199 17.756411 798.640137
v -6612.690918 24.391790 805.275574
v -6580.371582 -5.427770 775.455994
v -6562.210449 30.846470 811.730225
v -6590.941406 35.903599 816.787354
v -6577.714844 -5.088070 775.795654
v -6588.284180 36.243301 817.127014
v -6560.461426 29.373051 810.256775
v -6555.964844 6.423710 787.307434
v -6555.056641 8.237440 789.121155
v -6520.000000 287.940247 1067.940186
v -6513.266602 259.095154 1039.095215
v -6509.758301 280.290558 1060.290527
v -6510.106445 267.899445 1047.899414
v -6497.246582 266.919922 1046.919922
v -6485.925781 276.150238 1056.150269
v -6479.361328 272.118042 1052.118042
v -6477.115723 261.415466 1041.415527
v -6470.957520 253.171829 1033.171753
v -6469.916992 264.145203 1044.145142
v -6459.757813 277.280243 1057.280273
v -6452.500000 287.939606 1067.939575
v -6443.004883 284.324463 1064.324463
v -6432.155762 275.925018 1055.925049
v -6430.000000 287.939453 1067.939453
v -6707.392578 99.411346 879.411377
v -6708.487305 83.792572 863.792603
v -6690.779297 91.012627 871.012634
v -6685.366699 70.577179 850.577209
v -6676.100098 57.485020 837.485046
v -6662.860840 51.602810 831.602844
v -6669.947754 61.999538 841.999573
v -6669.900879 74.410332 854.410339
v -6666.348145 82.575630 862.575684
v -6656.052246 77.071671 857.071655
v -6649.258301 82.703911 862.704041
v -6651.653320 96.488388 876.488403
v -6642.124512 72.929932 852.929993
v -6627.585938 97.352707 877.352600
v -6639.427246 110.374207 890.374207
v -6641.349121 107.322388 887.322449
v -6562.153320 119.655128 899.655151
v -6553.921875 152.763138 932.763184
v -6547.781738 113.761253 893.761292
v -6548.994629 139.873001 919.873047
v -6542.781738 121.952377 901.952209
v -6543.082520 129.139847 909.139832
v -6541.653320 145.173050 925.173035
v -6536.250000 106.743767 886.743774
v -6524.562500 138.492569 918.492615
v -6518.419922 145.849335 925.849426
v -6514.365723 137.357819 917.357849
v -6440.860840 126.123520 906.123535
v -6433.787598 137.691071 917.691101
v -6431.929199 130.394806 910.394775
v -6427.250000 126.438766 906.438904
v -6412.831055 132.911255 912.911255
v -6404.021484 142.085831 922.085876
v -6414.069824 110.349800 890.349670
v -6412.291504 118.625214 898.625244
v -6406.468750 128.133545 908.133728
v -6412.500000 91.716904 871.716919
v -6404.866699 94.250969 874.250977
v -6401.624512 108.065353 888.065308
v -6401.061035 100.599022 880.599060
v -6391.593262 109.288383 889.288391
v -6540.000000 -95.763252 684.236694
v -6527.679688 -85.892616 694.107361
v -6479.942383 -136.767670 643.232300
v -6493.901855 -133.747620 646.252319
v -6558.125000 -98.312737 681.687256
v -6511.576660 -77.417183 702.582764
v -6514.072754 -101.999161 678.000793
v -6511.562500 -87.755432 692.244568
v -6495.631348 -75.415154 704.584900
v -6496.298828 -103.299744 676.700256
v -6496.242676 -142.069977 637.929993
v -6496.242676 -116.437492 663.562500
v -6483.434570 -101.368141 678.631836
v -6457.417480 -188.564682 591.435364
v -6469.526855 -203.543961 576.456055
v -6409.491699 -202.196716 577.803345
v -6392.863770 -210.123032 569.877014
v -6472.937500 -215.857941 564.142090
v -6472.352051 -227.089554 552.910461
v -6461.803223 -183.923721 596.076294
v -6464.701660 -216.431900 563.568115
v -6448.930176 -206.321823 573.678223
v -6437.315430 -201.239227 578.760803
v -6436.599609 -210.634552 569.365479
v -6433.846191 -222.095413 557.904602
v -6428.255371 -212.926865 567.073181
v -6413.536133 -202.765442 577.234619
v -6396.925781 -198.518494 581.481567
v -6510.000000 -673.726074 106.274017
v -6504.106934 -668.691467 111.308563
v -6526.228516 -671.828552 108.171532
v -6520.000000 -680.797119 99.202950
v -6502.081543 -658.383728 121.616333
v -6497.875977 -645.938232 134.061844
v -6492.108887 -640.434814 139.565247
v -6491.583984 -648.616760 131.383240
v -6487.706055 -660.692139 119.307907
v -6479.191895 -668.406921 111.593086
v -6466.784180 -661.903931 118.096153
v -6460.535645 -655.008484 124.991570
v -6458.537598 -664.952576 115.047508
v -6450.000000 -673.725891 106.274170
v -6432.866699 -670.513245 109.486816
v -6440.000000 -680.796936 99.203102
v -6460.867676 -220.336517 453.597473
v -6480.000000 -217.645554 456.288422
v -6396.025879 -475.112213 305.771515
v -6425.236816 -477.869537 303.014221
v -6425.307129 -475.946564 304.937164
v -6407.107422 -497.168335 283.715393
v -6409.486816 -496.234802 284.648956
v -6381.442871 -457.137573 323.746155
v -6410.830078 -459.690948 321.192780
v -6380.029785 -495.604980 285.278748
v -6408.520996 -458.700989 322.182739
v -6379.063965 -458.070526 322.813202
v -6377.721191 -494.615082 286.268707
v -6363.243164 -478.359192 302.524536
v -6363.313965 -476.435883 304.447845
v -6568.721191 -18.418819 762.464966
v -6584.594238 -40.510551 740.373230
v -6584.425781 -38.488838 742.394958
v -6570.643066 -57.388840 723.494934
v -6550.858887 -36.709202 744.174561
v -6568.193848 -58.460251 722.423523
v -6566.171387 -17.439550 763.444153
v -6519.737305 -39.845951 741.037842
v -6519.636719 -37.795422 743.088379
v -6540.606934 -59.751980 721.131775
v -6537.311035 -19.288240 761.595520
v -6538.123535 -58.743019 722.140747
v -6534.861328 -20.359650 760.524109
v -6700.029297 93.924767 873.924805
v -6686.115234 89.544243 869.544250
v -6670.889648 89.262398 869.262451
v -6656.670410 93.121933 873.121887
v -6645.622070 100.535507 880.535522
v -6529.770020 122.831161 902.831177
v -6523.954590 115.436951 895.436951
v -6434.000000 115.228348 895.228333
v -6438.943359 110.422363 890.422363
v -6521.875488 -98.312607 681.687378
v -6506.509766 -105.572456 674.427490
v -6451.994629 -194.303543 585.696472
v -6420.000000 -203.674637 576.325378
v -6402.684570 -201.239288 578.760742
v -6480.000000 -673.725952 106.274094
v -6495.000000 -684.332642 95.667419
v -6465.000000 -684.332520 95.667572
v -6599.999023 15.703280 689.637268
v -6620.000000 -12.580990 661.352966
v -6620.000000 15.703280 689.637268
v -6557.500000 -44.400799 629.533203
v -6600.000000 -40.865261 633.068726
v -6573.571289 -59.556351 614.377625
v -6402.500000 -44.400799 629.533203
v -6360.000000 -40.865261 633.068726
v -6386.427734 -59.557350 614.376648
v -6340.000000 -12.580990 661.352966
v -6360.000977 15.703280 689.637268
v -6340.000000 15.703280 689.637268
v -6570.000000 68.736359 742.670349
v -6585.000000 54.594219 728.528198
v -6585.000000 79.342957 753.276978
v -6585.000000 100.556160 774.490173
v -6570.000000 89.949562 763.883545
v -6585.000000 121.769363 795.703369
v -6570.000000 111.162666 785.096680
v -6570.000000 132.375885 806.309814
v -6585.000000 142.982574 816.916565
v -6570.000000 22.774420 696.708435
v -6580.000000 15.703180 689.637207
v -6580.000000 29.845310 703.779297
v -6574.375000 163.753662 837.687683
v -6570.000000 153.589172 827.523193
v -6570.000000 43.987621 717.921631
v -6555.000000 12.167820 686.101807
v -6555.000488 150.053467 823.987488
v -6555.000000 54.594200 728.528198
v -6557.500000 -16.116631 657.817383
v -6555.000000 79.342934 753.276978
v -6555.000000 142.982574 816.916565
v -6540.000000 22.774420 696.708435
v -6555.000000 33.381020 707.315002
v -6570.000000 89.949432 763.883423
v -6540.000000 89.949432 763.883423
v -6555.000488 100.556160 774.490173
v -6540.000000 132.375885 806.309814
v -6555.000977 121.769279 795.703308
v -6555.000000 142.982437 816.916443
v -6540.000000 153.589142 827.523193
v -6525.000000 54.594181 728.528198
v -6540.000000 160.660065 834.594055
v -6510.000000 -19.651991 654.282043
v -6540.000000 43.987530 717.921570
v -6525.000000 150.053467 823.987488
v -6525.000000 -30.258591 643.675415
v -6510.000000 47.523159 721.457153
v -6525.000000 142.982574 816.916565
v -6480.000000 -70.917397 603.016602
v -6510.000000 153.589172 827.523193
v -6510.000000 43.987621 717.921631
v -6510.000000 160.660065 834.594055
v -6495.000000 54.594219 728.528198
v -6495.000000 150.053467 823.987488
v -6495.000000 58.129669 732.063660
v -6495.000000 142.982574 816.916565
v -6480.000000 -62.078400 611.855591
v -6480.000000 47.523159 721.457153
v -6480.000000 153.589172 827.523193
v -6480.000000 43.987621 717.921631
v -6480.000000 160.660065 834.594055
v -6465.000000 54.594051 728.528076
v -6465.000000 150.053467 823.987488
v -6465.000000 58.129581 732.063599
v -6465.000000 142.982574 816.916565
v -6435.000000 -30.258591 643.675415
v -6450.000000 47.523159 721.457153
v -6450.000000 153.589172 827.523193
v -6450.000000 43.987621 717.921631
v -6450.000000 160.660065 834.594055
v -6435.000000 54.594051 728.528076
v -6435.000000 150.053467 823.987488
v -6435.000000 58.129581 732.063599
v -6435.000000 142.982574 816.916565
v -6402.500000 -16.116631 657.817383
v -6420.000000 47.523159 721.457153
v -6420.000000 153.589172 827.523193
v -6450.000000 -19.651991 654.282043
v -6420.000000 43.987621 717.921631
v -6420.000488 160.660110 834.594116
v -6405.000000 12.167820 686.101807
v -6405.000977 150.053543 823.987549
v -6405.000000 54.594219 728.528198
v -6405.000000 58.129669 732.063660
v -6420.000000 68.736359 742.670349
v -6405.000000 79.342957 753.276978
v -6405.000000 100.556160 774.490173
v -6420.000000 89.949562 763.883545
v -6420.000488 132.375793 806.309814
v -6405.000000 142.982452 816.916504
v -6405.000488 121.769241 795.703247
v -6405.000000 150.053467 823.987488
v -6420.000000 22.774420 696.708435
v -6390.000000 22.774420 696.708435
v -6405.000000 33.381020 707.315002
v -6390.000000 89.949562 763.883545
v -6390.000488 132.375793 806.309814
v -6405.000488 142.982574 816.916565
v -6390.000000 153.589172 827.523193
v -6380.000000 51.058510 724.992493
v -6380.000000 15.703180 689.637207
v -6385.625000 163.753662 837.687683
v -6390.000000 43.987450 717.921448
v -6375.000000 142.982574 816.916565
v -6380.000000 29.845310 703.779297
v -6380.000000 97.020447 770.954468
v -6508.072266 -107.562241 566.371765
v -6507.500000 -136.324738 537.609253
v -6528.125000 -121.740646 552.193359
v -6497.220703 -112.689407 561.244568
v -6480.000000 -155.770172 518.163818
v -6480.000000 -115.111526 558.822449
v -6462.779297 -112.689407 561.244568
v -6452.500000 -136.324738 537.609253
v -6451.927246 -107.562172 566.371826
v -6431.875000 -121.740646 552.193359
v -6700.000000 -334.314606 445.685394
v -6700.000000 -355.527802 424.472168
v -6720.000000 -348.456726 431.543243
v -6720.000000 -369.669952 410.330048
v -6720.000000 -334.314606 445.685394
v -6720.000000 -313.101410 466.898590
v -6700.000000 -320.172455 459.827515
v -6700.000000 -298.959259 481.040710
v -6720.000000 -298.959259 481.040710
v -6720.000000 -277.746063 502.253937
v -6700.000000 -284.817139 495.182861
v -6700.000000 -263.603912 516.396057
v -6720.000000 -263.603912 516.396057
v -6720.000000 -242.390717 537.609253
v -6700.000000 -249.461792 530.538208
v -6700.000000 -228.248581 551.751404
v -6720.000000 -228.248581 551.751404
v -6720.000000 -207.035385 572.964600
v -6700.000000 -214.106445 565.893555
v -6700.000000 -192.893250 587.106750
v -6720.000000 -192.893250 587.106750
v -6720.000000 -171.679962 608.320007
v -6700.000000 -178.751022 601.248962
v -6700.000000 -157.537827 622.462158
v -6720.000000 -157.537903 622.462097
v -6720.000000 -136.324615 643.675354
v -6700.000000 -143.395767 636.604187
v -6700.000000 -122.182480 657.817505
v -6720.000000 -122.182480 657.817505
v -6720.000000 -100.969276 679.030701
v -6700.000000 -108.040337 671.959656
v -6700.000000 -86.827232 693.172729
v -6720.000000 -86.827141 693.172852
v -6720.000000 -65.613937 714.386047
v -6700.000000 -72.685013 707.315002
v -6700.000000 -51.471809 728.528198
v -6720.000000 -51.471809 728.528198
v -6720.000000 -30.258600 749.741394
v -6700.000000 -37.329670 742.670288
v -6700.000000 -16.116550 763.883423
v -6720.000000 -404.141388 375.858582
v -6720.000000 -383.812073 396.187897
v -6684.750000 -379.215881 400.784119
v -6700.000000 -369.669952 410.330048
v -6639.999512 -561.914734 218.085205
v -6609.999512 -588.872986 191.126938
v -6639.999512 -603.015137 176.984787
v -6619.999512 -603.015137 176.984787
v -6606.045410 -539.049805 240.950119
v -6587.630371 -592.685608 187.314316
v -6599.999512 -603.015137 176.984787
v -6579.999512 -532.304504 247.695419
v -6596.874512 -528.769104 251.230835
v -6595.847168 -521.101868 258.898041
v -6545.563965 -567.779480 212.220459
v -6539.527832 -633.377991 146.621841
v -6599.999512 -610.086182 169.913727
v -6540.527832 -555.269104 224.730728
v -6584.999512 -641.906006 138.093918
v -6569.999512 -631.299377 148.700516
v -6569.999512 -652.512573 127.487328
v -6539.999512 -652.512573 127.487328
v -6554.999512 -663.119202 116.880707
v -6529.999512 -532.304504 247.695419
v -6554.999512 -514.626831 265.373108
v -6535.341309 -576.266296 203.733612
v -6528.039551 -661.992310 118.007591
v -6520.226563 -651.248596 128.751343
v -6513.974609 -635.978210 144.021683
v -6518.619141 -664.002319 115.997566
v -6497.500488 -608.299866 171.700043
v -6480.000000 -528.769043 251.230881
v -6502.500000 -512.859070 267.140869
v -6486.394043 -548.483643 231.516281
v -6486.277832 -621.074524 158.925385
v -6473.160156 -600.605164 179.394760
v -6502.136230 -604.324341 175.675583
v -6483.747070 -558.862610 221.137314
v -6479.746094 -543.353577 236.646317
v -6458.750000 -617.157410 162.842484
v -6474.847168 -651.580994 128.418884
v -6475.998535 -643.916809 136.083130
v -6464.695313 -642.260498 137.739410
v -6430.000000 -532.304443 247.695450
v -6438.770508 -602.551025 177.448868
v -6473.857422 -598.003845 181.996078
v -6450.024902 -639.686462 140.313461
v -6457.500000 -512.859070 267.140869
v -6434.310059 -628.844910 151.154984
v -6425.646973 -550.025696 229.974197
v -6444.972168 -664.783875 115.216011
v -6445.954102 -658.761047 121.238853
v -6436.323730 -662.761536 117.238373
v -6434.310059 -646.522705 133.477219
v -6417.473145 -610.476501 169.523422
v -6437.546387 -598.530029 181.469849
v -6420.000000 -652.512573 127.487320
v -6411.875977 -544.735840 235.264038
v -6427.505859 -557.921753 222.078125
v -6390.000000 -631.299377 148.700516
v -6380.000000 -532.304443 247.695465
v -6405.000000 -514.626831 265.373108
v -6405.000000 -663.119202 116.880707
v -6375.000000 -641.906006 138.093918
v -6360.000000 -610.086182 169.913727
v -6417.473633 -610.476501 169.523422
v -6369.338379 -569.770203 210.229736
v -6360.000000 -603.015137 176.984787
v -6350.000000 -549.982117 230.017807
v -6350.000000 -528.768921 251.231003
v -6350.000000 -588.872986 191.126923
v -6347.500000 -509.323456 270.676453
v -6350.000000 -571.195313 208.804596
v -6335.000000 -560.588684 219.411194
v -6335.000000 -539.375488 240.624405
v -6335.000000 -518.162292 261.837616
v -6320.000000 -592.408508 187.591385
v -6340.000000 -603.015137 176.984787
v -6320.000000 -603.015137 176.984787
v -6375.000000 -735.597717 44.402271
v -6375.316895 -748.524780 31.475220
v -6390.904297 -741.201904 38.798092
v -6389.000000 -747.972107 32.027901
v -6352.000000 -734.537048 45.462929
v -6340.000000 -723.223389 56.776642
v -6320.000000 -737.365479 42.634510
v -6320.000000 -723.223389 56.776642
v -6640.000000 -737.365479 42.634510
v -6640.000000 -723.223450 56.776550
v -6620.000000 -723.223450 56.776550
v -6592.149902 -744.423035 35.577011
v -6605.000000 -762.114258 17.885771
v -6581.216309 -736.935730 43.064320
v -6571.000000 -747.972107 32.027920
v -6579.216797 -750.804810 29.195190
v -6574.728027 -761.001099 18.998890
v -6569.099121 -741.213013 38.786980
v -6568.295410 -757.586243 22.413731
v -6540.000000 -716.152283 63.847710
v -6542.259277 -720.705078 59.294930
v -6555.000000 -705.545776 74.454224
v -6530.000000 -718.980713 61.019279
v -6525.000000 -705.545776 74.454224
v -6514.310059 -721.187622 58.812401
v -6501.009277 -727.472107 52.527908
v -6480.000000 -737.365601 42.634499
v -6492.121094 -736.877502 43.122471
v -6489.413574 -746.502502 33.497471
v -6477.426270 -741.363831 38.636162
v -6477.537598 -750.259521 29.740490
v -6482.029785 -752.404236 27.595751
v -6474.255859 -760.231873 19.768141
v -6479.902344 -764.185730 15.814300
v -6475.353516 -767.254395 12.745580
v -6471.000000 -747.972107 32.027901
v -6467.878906 -736.877502 43.122478
v -6469.425781 -753.568909 26.431080
v -6458.990723 -727.472107 52.527908
v -6435.000000 -705.545776 74.454224
v -6445.689941 -721.187561 58.812462
v -6430.000000 -718.980713 61.019279
v -6420.000000 -716.152283 63.847710
v -6417.924316 -720.679199 59.320801
v -6405.000000 -705.545776 74.454224
v -6381.416992 -755.322266 24.677731
v -6391.546875 -757.026917 22.973101
v -6356.565430 -748.372131 31.627890
v -6343.125000 -753.717346 26.282660
v -6600.000000 153.589005 933.588989
v -6600.000000 165.963364 945.963379
v -6585.000000 164.195602 944.195618
v -6585.000000 176.569977 956.569946
v -6600.000000 180.105499 960.105530
v -6600.000000 192.479874 972.479858
v -6585.000000 190.712112 970.712097
v -6585.000000 203.086472 983.086487
v -6600.000000 206.622009 986.622009
v -6600.000000 218.996368 998.996399
v -6585.000000 217.228607 997.228638
v -6585.000000 229.602982 1009.602966
v -6570.000000 153.589005 933.588989
v -6570.000000 165.963364 945.963379
v -6570.000000 180.105499 960.105530
v -6570.000000 192.479874 972.479858
v -6570.000000 206.622009 986.622009
v -6570.000000 218.996368 998.996399
v -6390.000000 153.589005 933.588989
v -6390.000000 165.963364 945.963379
v -6375.000000 164.195602 944.195618
v -6375.000000 176.569977 956.569946
v -6390.000000 180.105499 960.105530
v -6390.000000 192.479874 972.479858
v -6375.000000 190.712112 970.712097
v -6375.000000 203.086472 983.086487
v -6390.000000 206.622009 986.622009
v -6390.000000 218.996368 998.996399
v -6375.000000 217.228607 997.228638
v -6375.000000 229.602982 1009.602966
v -6360.000000 153.589005 933.588989
v -6360.000000 165.963364 945.963379
v -6360.000000 180.105499 960.105530
v -6360.000000 192.479874 972.479858
v -6360.000000 206.622009 986.622009
v -6360.000000 218.996368 998.996399
v -6500.000000 197.783356 977.783325
v -6480.000000 183.641220 963.641235
v -6500.000000 185.408981 965.408997
v -6480.000000 171.266846 951.266846
v -6500.000000 224.299850 1004.299866
v -6480.000000 210.157715 990.157715
v -6500.000000 211.925491 991.925476
v -6480.000000 197.783356 977.783325
v -6460.000000 197.783356 977.783325
v -6460.000000 185.408981 965.408997
v -6460.000000 224.299850 1004.299866
v -6460.000000 211.925491 991.925476
v -6500.000000 253.090073 1033.090088
v -6491.956543 251.633224 1031.633179
v -6500.000000 238.441971 1018.442078
v -6492.168945 257.968445 1037.968506
v -6481.377441 243.829941 1023.829956
v -6480.000000 224.299850 1004.299866
v -6600.000000 234.906281 1014.906311
v -6600.000000 287.939301 1067.939331
v -6552.500000 268.493835 1048.493896
v -6552.500000 275.564911 1055.564941
v -6560.000000 287.939301 1067.939331
v -6550.000000 287.939301 1067.939331
v -6400.000000 287.939301 1067.939331
v -6417.500000 275.564911 1055.564941
v -6408.750000 287.939301 1067.939331
v -6360.000000 234.906281 1014.906311
v -6360.000000 287.939301 1067.939331
v -6613.750000 -372.321655 407.678345
v -6590.000000 -355.527863 424.472137
v -6600.000000 -366.134430 413.865570
v -6585.000000 -355.527863 424.472137
v -6600.000000 -344.921265 435.078735
v -6605.000000 -344.921265 435.078735
v -6590.000000 -334.314667 445.685333
v -6585.000000 -334.314667 445.685333
v -6600.000000 -323.708069 456.291931
v -6605.000000 -323.708069 456.291931
v -6590.000000 -313.101471 466.898529
v -6585.000000 -313.101471 466.898529
v -6600.000000 -387.347687 392.652313
v -6592.500000 -403.257568 376.742432
v -6584.217773 -140.432327 639.567688
v -6583.757324 -142.069839 637.930176
v -6620.000000 -164.609039 615.390930
v -6585.000000 -376.741089 403.258911
v -6605.000000 -302.494873 477.505127
v -6590.000000 -291.888275 488.111725
v -6605.000000 -281.281677 498.718323
v -6590.000000 -270.675049 509.324951
v -6605.000000 -260.068451 519.931519
v -6590.000000 -249.461868 530.538147
v -6590.000000 -228.248657 551.751343
v -6605.000000 -238.855301 541.144714
v -6590.000000 -207.035446 572.964539
v -6605.000000 -217.642059 562.357971
v -6590.000000 -185.822250 594.177734
v -6605.000000 -196.428848 583.571167
v -6585.000000 -397.954285 382.045715
v -6573.490234 -152.934875 627.065125
v -6558.125000 -160.194717 619.805298
v -6580.000000 -281.281677 498.718353
v -6580.000000 -238.855255 541.144714
v -6580.000000 -196.428848 583.571167
v -6555.000000 -263.604004 516.395996
v -6555.000000 -214.106522 565.893494
v -6555.000000 -298.959320 481.040680
v -6555.000000 -178.751175 601.248840
v -6555.000000 -313.101471 466.898529
v -6570.000000 -323.708069 456.291931
v -6530.000000 -256.532928 523.467102
v -6530.000000 -221.177582 558.822388
v -6540.000000 -162.744003 617.255981
v -6525.000000 -313.101471 466.898529
v -6540.000000 -323.708069 456.291931
v -6521.875000 -160.194717 619.805298
v -6510.000000 -302.494873 477.505127
v -6505.000000 -281.281708 498.718292
v -6505.000000 -196.428848 583.571167
v -6501.250000 -184.496445 595.503601
v -6497.547363 -262.472137 517.527893
v -6505.000000 -238.855255 541.144714
v -6495.828125 -223.360748 556.639221
v -6510.000000 -323.708069 456.291931
v -6495.000000 -313.101471 466.898529
v -6506.500488 -152.941437 627.058533
v -6495.000000 -291.888275 488.111725
v -6484.475098 -198.882492 581.117493
v -6486.396484 -242.709564 537.290466
v -6476.250000 -179.635071 600.364929
v -6465.000000 -291.888275 488.111725
v -6472.813965 -191.649582 588.350403
v -6472.500000 -176.983414 603.016602
v -6480.000000 -302.494873 477.505127
v -6435.000000 -270.675049 509.324951
v -6449.985840 -281.271271 498.728729
v -6469.731934 -254.525497 525.474487
v -6464.676758 -249.693268 530.306702
v -6435.000000 -291.888275 488.111725
v -6450.000000 -302.494873 477.505127
v -6320.000000 -100.969383 679.030579
v -6300.000000 -115.111427 664.888550
v -6320.000000 -122.182503 657.817505
v -6300.000000 -136.324631 643.675354
v -6300.000000 -100.969292 679.030701
v -6320.000000 -86.827164 693.172852
v -6300.000000 -79.756088 700.243896
v -6320.000000 -65.613953 714.386047
v -6300.000000 -65.613953 714.386047
v -6320.000000 -51.471821 728.528137
v -6300.000000 -44.400749 735.599243
v -6320.000000 -30.258699 749.741272
v -6330.000000 -164.608994 615.390991
v -6330.000000 -185.822113 594.177856
v -6366.666992 -159.894974 620.104980
v -6320.000000 -143.395706 636.604309
v -6315.000000 -175.215591 604.784363
v -6300.000000 -348.456757 431.543243
v -6345.000000 -316.636932 463.363037
v -6320.000000 -298.959290 481.040680
v -6305.000000 -146.931229 633.068726
v -6320.000000 -136.324631 643.675354
v -6300.000000 -251.229568 528.770386
v -6320.000000 -251.229568 528.770386
v -6599.375000 -766.091736 13.908280
v -6603.125000 -763.440063 16.559931
v -6586.414551 -751.804260 28.195660
v -6590.636719 -745.322998 34.676998
v -6582.676270 -739.785095 40.214909
v -6581.143066 -751.333740 28.666229
v -6583.966797 -761.631836 18.368139
v -6575.678711 -763.298523 16.701490
v -6576.105957 -769.383850 10.615990
v -6558.991211 -768.472107 11.527870
v -6567.878906 -759.066589 20.933380
v -6545.689941 -774.756592 5.243390
v -6529.569824 -786.018127 -6.018200
v -6548.593262 -781.371277 -1.371310
v -6543.659180 -790.698486 -10.698470
v -6530.000000 -776.963501 3.036510
v -6522.274902 -775.876892 4.123120
v -6514.310059 -774.756592 5.243390
v -6513.892578 -785.491638 -5.491620
v -6502.594238 -785.612732 -5.612600
v -6507.970215 -797.589600 -17.589581
v -6501.009277 -768.471985 11.527940
v -6492.121094 -759.066589 20.933380
v -6489.000000 -747.972107 32.027889
v -6483.774902 -752.493469 27.506439
v -6481.544922 -765.006287 14.993690
v -6483.469238 -774.439392 5.560600
v -6480.347656 -744.065918 35.934090
v -6473.947266 -769.914551 10.085450
v -6468.904297 -786.997131 -6.997120
v -6469.012695 -755.036621 24.963400
v -6472.400391 -760.334534 19.665470
v -6475.260742 -752.494629 27.505369
v -6467.878906 -759.066589 20.933380
v -6462.198730 -772.146423 7.853610
v -6463.021484 -780.208862 -0.208890
v -6458.990723 -768.472107 11.527870
v -6451.590332 -777.812561 2.187420
v -6445.689941 -774.756592 5.243390
v -6432.824707 -784.459045 -4.459170
v -6430.000000 -776.963562 3.036510
v -6411.812012 -782.841858 -2.841880
v -6414.310059 -774.756592 5.243390
v -6380.078125 -756.986450 23.013550
v -6401.008789 -768.472046 11.527940
v -6392.121094 -759.066589 20.933380
v -6372.718262 -769.003479 10.996490
v -6368.217285 -761.137512 18.862480
v -6372.891113 -749.268127 30.731840
v -6365.629395 -752.136780 27.863180
v -6372.779297 -739.253662 40.746311
v -6358.248047 -749.788635 30.211330
v -6345.000000 -755.043152 24.956820
v -6353.750000 -761.230347 18.769640
v -6590.000000 -772.720825 7.279150
v -6566.365723 -775.922424 4.077580
v -6555.958496 -772.619385 7.380620
v -6559.070801 -785.745911 -5.745900
v -6551.250000 -800.121216 -20.121229
v -6534.668457 -796.577698 -16.577709
v -6521.867676 -789.563538 -9.563630
v -6520.920410 -797.213135 -17.213120
v -6507.577637 -812.724182 -32.724281
v -6497.735840 -805.479736 -25.479759
v -6492.593750 -777.911377 2.088640
v -6492.405273 -789.341003 -9.341040
v -6481.957031 -788.163635 -8.163640
v -6475.817871 -797.732544 -17.732559
v -6460.202637 -803.276794 -23.276770
v -6452.615723 -786.489014 -6.488990
v -6454.579102 -793.690002 -13.690030
v -6437.543457 -797.349182 -17.349239
v -6415.258301 -789.165344 -9.165330
v -6424.860352 -798.885864 -18.885851
v -6400.000000 -793.934021 -13.934050
v -6399.883301 -772.118713 7.881260
v -6398.008301 -778.991089 1.008880
v -6376.250000 -777.140259 2.859740
v -6543.750000 -805.424500 -25.424540
v -6500.000000 -836.360535 -56.360458
v -6460.000000 -836.360413 -56.360470
v -6500.000000 -846.966980 -66.966988
v -6460.000000 -846.966980 -66.966988
v -6416.250000 -805.424500 -25.424540
v -6995.752930 13.985820 592.118591
v -6987.811035 -28.354540 574.044983
v -6992.024414 -22.780560 565.492371
v -6991.333008 7.829610 600.091064
v -6991.024414 50.902210 618.706116
v -6991.333496 7.829610 600.091064
v -6986.529785 44.064739 626.013306
v -6978.506348 -27.568270 575.159912
v -6982.069336 7.454830 600.035461
v -6977.593262 42.432850 624.702332
v -6976.570313 -63.392181 548.610168
v -6980.480957 -58.286228 539.585449
v -6978.083008 86.595070 644.467651
v -6973.687988 79.020798 651.076416
v -6973.416016 -21.208090 567.722168
v -6977.226074 13.236000 592.007141
v -6967.471680 -61.566719 550.769043
v -6978.506836 -27.568270 575.159912
v -6973.151367 47.638371 616.084167
v -6965.394043 76.078903 648.493164
v -6962.283691 -54.635639 543.903076
v -6959.653809 -96.883270 524.239563
v -6963.201660 -92.163177 514.827332
v -6961.494629 80.711372 639.301270
v -6956.232422 119.224243 668.352295
v -6952.189941 110.905037 674.291260
v -6950.933105 -94.127213 527.320374
v -6944.931641 106.646896 670.501892
v -6945.760742 -86.651169 520.988892
v -6941.715820 110.707680 660.773376
v -6938.371094 -128.800430 501.195343
v -6941.522461 -124.424744 491.452820
v -6930.143066 -125.201027 505.081421
v -6924.530273 145.883453 688.399231
v -6921.169434 136.881256 693.768555
v -6925.067871 -117.226082 499.224945
v -6930.143555 -125.201027 505.081421
v -6915.414551 131.406097 688.955994
v -6913.020508 134.933151 678.773926
v -6913.130859 -158.416183 480.634857
v -6915.893066 -154.387848 470.606720
v -6905.417969 -154.107086 485.137787
v -6900.467773 -145.769669 479.612671
v -6884.881348 164.612701 702.608643
v -6882.449219 155.053345 707.518799
v -6886.306152 -182.146225 452.925598
v -6883.888184 -185.840408 463.161407
v -6878.536133 148.646240 701.939453
v -6877.055176 151.798233 691.449646
v -6876.523926 -181.134125 467.962463
v -6871.578125 -172.733521 462.527802
v -6840.894531 175.719788 710.413574
v -6839.475586 165.758942 714.936829
v -6837.520996 158.844131 708.842651
v -6836.985352 161.890045 698.225037
v -6822.975098 -240.076950 431.069794
v -6824.805664 -236.968597 420.549774
v -6883.887695 -185.840424 463.161407
v -6815.849121 -235.129440 436.031708
v -6810.553223 -227.073639 430.473572
v -6795.217285 180.162704 712.100891
v -6794.807617 169.963821 716.314392
v -6794.809082 162.966553 709.951538
v -6795.220215 166.168182 699.375183
v -6753.065430 -304.453186 398.277283
v -6754.445313 -301.788239 387.555725
v -6745.984863 -299.459595 403.270203
v -6740.285156 -291.801178 397.541504
v -6752.125488 160.972992 705.391602
v -6753.473145 164.486343 694.994446
v -6750.186523 167.713089 711.723145
v -6749.595215 177.966949 707.657654
v -6711.294434 152.559692 695.083801
v -6713.550781 156.440262 684.976563
v -6707.460449 158.782455 701.026001
v -6705.176270 -355.389526 369.554413
v -6703.910645 -357.952911 380.336426
v -6705.883301 168.885895 696.861145
v -6696.830078 -352.959778 385.329834
v -6691.014648 -345.403503 379.541046
v -6677.357910 142.077576 669.402161
v -6674.256836 137.830765 679.147156
v -6668.671387 143.377426 684.410095
v -6676.745605 -387.974854 361.805664
v -6675.031250 -390.952148 372.365356
v -6666.186523 153.170853 679.927917
v -6667.950684 -385.959625 377.358734
v -6662.583496 -377.989807 371.792389
v -6647.019531 -417.095337 348.762665
v -6643.480469 -421.668549 358.331451
v -6646.784180 121.917343 648.616821
v -6642.952148 117.331177 657.975952
v -6636.403320 -416.673065 363.326935
v -6635.909668 122.166473 662.434204
v -6632.699219 131.587967 657.533142
v -6632.864746 -407.104309 358.753693
v -6618.598633 92.559120 632.905823
v -6623.082031 97.555069 624.014709
v -6610.333984 96.548599 636.406372
v -6606.553711 105.533943 631.015930
v -6566.543457 16.549629 556.612305
v -6570.974609 21.923429 547.872009
v -6557.695801 19.840019 559.849365
v -6553.278809 28.504259 554.346069
v -6561.337891 8.948640 548.982910
v -6565.763672 14.360410 540.257751
v -6552.432129 12.169160 552.193665
v -6547.951172 20.801371 546.679199
v -6353.158203 -1.836490 523.089905
v -6369.162598 -13.054690 527.182800
v -6352.427246 -12.399170 526.673523
v -6369.898926 -2.491210 523.595398
v -6369.189453 -20.174500 520.160889
v -6353.056641 -16.040710 509.052612
v -6352.376953 -19.501280 519.654907
v -6369.951660 -16.730770 509.551514
v -6337.433594 -359.578125 409.414917
v -6358.963379 -380.674316 385.183502
v -6354.485352 -389.317993 390.682007
v -6342.869629 -352.544495 402.760620
v -6345.529297 -392.463287 387.536713
v -6328.468262 -362.704712 406.289917
v -6341.051270 -386.964783 378.893005
v -6324.939453 -358.797791 396.510681
v -6321.629883 -327.429321 422.204773
v -6327.484863 -321.275696 415.014221
v -6312.597656 -330.425171 419.212097
v -6309.420898 -327.267517 409.028809
v -6306.600586 -295.240112 433.281189
v -6312.540039 -289.572998 425.728271
v -6297.384766 -297.873230 430.652710
v -6294.108398 -294.839172 420.471313
v -6293.836426 -263.515198 445.296082
v -6299.558594 -257.932129 437.498291
v -6284.314941 -265.468384 443.341492
v -6286.876465 -232.706177 461.611206
v -6292.291992 -226.854126 453.796204
v -6280.515625 -261.838501 433.589111
v -6285.059082 -203.820984 482.422974
v -6290.266602 -197.568726 474.778076
v -6289.927246 -170.156616 498.649902
v -6284.807617 -176.755188 506.066223
v -6289.834473 -37.540100 629.464417
v -6284.762695 -44.556702 636.537903
v -6289.777344 -11.016910 655.747498
v -6284.738281 -18.003300 662.873291
v -6284.006348 7.976990 687.533875
v -6289.013184 14.958130 680.383606
v -6277.089355 -233.828003 460.458374
v -6281.484375 36.680302 712.314026
v -6286.495117 43.774109 705.288879
v -6275.131836 -204.254883 481.911926
v -6279.130371 73.938171 728.741516
v -6274.123535 66.601807 735.475220
v -6274.823730 -176.817322 505.885620
v -6274.764648 -44.553768 636.442017
v -6274.749512 -18.122990 662.710388
v -6274.133301 7.425480 687.036621
v -6272.716797 -229.097595 451.490417
v -6271.954590 35.216980 711.024414
v -6270.412598 -198.436523 473.756104
v -6265.264160 63.995480 733.156128
v -6269.959473 -170.280701 498.288574
v -6269.837891 -37.534420 629.272705
v -6269.799316 -11.256230 655.421570
v -6269.266113 13.855100 679.388977
v -6267.436035 40.847408 702.709717
v -6185.750000 4.710330 518.035522
v -6185.073242 -5.843690 521.580627
v -6263.097168 103.480713 748.159424
v -6258.160156 95.758476 754.420288
v -6184.250488 -12.768680 514.594788
v -6184.104980 -9.139770 504.064026
v -6261.411133 68.725594 724.103516
v -6250.447266 91.937622 750.986572
v -6247.670898 95.838928 741.292114
v -6237.319824 129.994019 761.201416
v -6232.570801 121.759583 766.833130
v -6226.506348 116.803528 762.342407
v -6225.190430 120.081909 752.219910
v -6205.202148 151.889404 767.428894
v -6200.839355 143.098145 772.391785
v -6196.750977 137.242554 767.057617
v -6197.025391 140.178467 756.760498
v -6169.522461 168.323853 766.811218
v -6165.816406 158.995239 771.159729
v -6163.897461 152.588013 765.309082
v -6165.685547 155.509155 755.110107
v -6150.009277 8.057130 518.796326
v -6148.766602 -2.389530 522.431213
v -6146.818848 -9.037780 515.692383
v -6146.114258 -5.239620 505.318726
v -6132.397461 178.553467 759.300598
v -6129.652344 168.764404 763.164429
v -6129.991211 162.229126 757.202515
v -6133.074707 165.483154 747.376709
v -6114.989258 13.528080 522.313477
v -6113.125488 3.235410 526.035217
v -6109.784668 -2.904300 519.680908
v -6108.307617 1.248780 509.604675
v -6096.885254 165.792236 743.378113
v -6101.004883 169.642700 734.125488
v -6095.887695 182.140747 745.474976
v -6094.326660 172.041260 749.052795
v -6082.085938 23.182920 530.609009
v -6079.553711 13.143130 534.503418
v -6074.729492 7.789920 528.799377
v -6072.437012 12.476620 519.201111
v -6066.478027 162.778442 724.455017
v -6071.343750 167.391846 715.890320
v -6061.869141 168.344116 729.457275
v -6062.125977 178.523071 725.895203
v -6050.925781 28.722231 549.386902
v -6054.144531 38.375980 545.176514
v -6044.692871 24.462589 544.683289
v -6041.678711 29.856871 535.769287
v -6041.003906 152.829468 701.309204
v -6046.288574 158.273560 693.460815
v -6034.669434 157.343140 705.278870
v -6033.620117 167.301025 701.400330
v -6029.367188 48.812382 569.747192
v -6033.236816 57.960999 565.087891
v -6021.967285 45.877930 566.330017
v -6022.113281 137.040527 675.328125
v -6027.512695 143.321045 668.182129
v -6018.436523 52.091919 558.253479
v -6014.490234 140.222656 677.988525
v -6019.432129 79.817200 588.511414
v -6014.980957 71.269234 593.711609
v -6012.266602 149.685059 673.502808
v -6010.880859 117.097229 647.836975
v -6016.146484 124.192497 641.373474
v -6006.752441 69.802803 591.752930
v -6013.340332 102.435966 614.322571
v -6008.408203 94.575378 620.131470
v -6002.975098 76.884521 584.594116
v -6002.476074 118.772217 649.009094
v -5999.800293 94.666809 619.729492
v -5999.336426 127.542358 643.717590
v -5996.124023 102.618767 613.518616
v -6492.587891 -893.293152 -139.511124
v -6487.773926 -894.897156 -139.511063
v -6490.985840 -888.602234 -139.511139
v -6490.487793 -897.756470 -139.511139
v -6503.270020 -896.994202 -139.511063
v -6508.875000 -889.444092 -139.511063
v -6508.875000 -897.004578 -139.511063
v -6504.174316 -888.894226 -139.511063
v -6496.849609 -894.073364 -139.511063
v -6497.713867 -900.353333 -139.511063
v -6495.067871 -889.549316 -139.511063
v -6495.025879 -884.814636 -139.511063
v -6485.707520 -901.740173 -139.511063
v -6479.902344 -895.208435 -139.511063
v -6484.204590 -892.306458 -139.511139
v -6482.843750 -888.654968 -139.511063
v -6479.288574 -891.691467 -139.511124
v -6479.015137 -886.182434 -139.511063
v -6475.968750 -887.635559 -139.511063
v -6477.691406 -881.175476 -139.511063
v -6472.193848 -886.077332 -139.511063
v -6473.204102 -894.566528 -139.511124
v -6468.487793 -891.964355 -139.511063
v -6466.012207 -901.112732 -139.511124
v -6464.201660 -896.294434 -139.511139
v -6459.931641 -896.823303 -139.511124
v -6457.196777 -890.605469 -139.511139
v -6453.940918 -893.898499 -139.511124
v -6451.125488 -889.444092 -139.511063
v -6454.129883 -900.927002 -139.511139
v -6451.125488 -902.708496 -139.511139
v -6539.675293 -373.849121 274.375000
v -6535.317871 -376.023407 274.375061
v -6538.072754 -369.158173 274.375000
v -6537.575195 -378.312378 274.375000
v -6526.375488 -372.247375 274.375000
v -6531.519531 -373.090607 274.375061
v -6526.989746 -375.764313 274.375031
v -6529.931152 -369.210785 274.375000
v -6526.102539 -366.738312 274.375000
v -6523.056152 -368.191498 274.375061
v -6513.099121 -381.668610 274.375000
v -6516.421875 -373.366791 274.375061
v -6520.292480 -375.122528 274.375000
v -6512.029785 -374.839752 274.375000
v -6543.937012 -374.629272 274.375061
v -6548.875000 -369.999969 274.375061
v -6548.875000 -381.053741 274.375061
v -6543.660645 -381.251434 274.375000
v -6542.154785 -370.105194 274.375061
v -6542.113281 -365.370544 274.375061
v -6534.050293 -382.181915 274.375000
v -6535.317383 -376.023407 274.375061
v -6537.575684 -378.312378 274.375000
v -6525.120605 -362.529816 274.375061
v -6519.810059 -366.633087 274.375000
v -6507.125000 -377.561279 274.375000
v -6507.125000 -369.999969 274.375061
v -6443.925293 -373.849121 274.375000
v -6439.567871 -376.023407 274.375061
v -6442.322754 -369.158173 274.375000
v -6441.825195 -378.312378 274.375000
v -6430.625488 -372.247375 274.375000
v -6435.769531 -373.090607 274.375061
v -6431.239746 -375.764313 274.375031
v -6434.181152 -369.210785 274.375000
v -6430.352539 -366.738312 274.375000
v -6427.306152 -368.191498 274.375061
v -6417.349121 -381.668610 274.375000
v -6420.671875 -373.366791 274.375061
v -6424.542480 -375.122528 274.375000
v -6416.279785 -374.839752 274.375000
v -6448.187012 -374.629272 274.375061
v -6453.125000 -369.999969 274.375061
v -6453.125000 -381.053741 274.375061
v -6447.910645 -381.251434 274.375000
v -6446.404785 -370.105194 274.375061
v -6446.363281 -365.370544 274.375061
v -6438.300293 -382.181915 274.375000
v -6439.567383 -376.023407 274.375061
v -6441.825684 -378.312378 274.375000
v -6429.370605 -362.529816 274.375061
v -6424.060059 -366.633087 274.375000
v -6411.375000 -377.561279 274.375000
v -6411.375000 -369.999969 274.375061
v -6490.926270 -903.924011 -139.511139
v -6492.918457 -899.802917 -139.511063
v -6456.329102 -905.663025 -139.511063
v -6451.125488 -910.625793 -139.511139
v -6508.875000 -901.748596 -139.511063
v -6504.340332 -903.355957 -139.511063
v -6497.003418 -906.806030 -139.511063
v -6501.282715 -910.158997 -139.511063
v -6484.798828 -908.202759 -139.511124
v -6477.933594 -900.272278 -139.511124
v -6477.223145 -894.951660 -139.511139
v -6472.375977 -899.742798 -139.511139
v -6470.165527 -904.892700 -139.511063
v -6464.760742 -909.797424 -139.511124
v -6460.287109 -902.281433 -139.511139
v -6456.900879 -899.652649 -139.511139
v -6538.583984 -383.909576 274.375061
v -6540.005859 -379.446289 274.375000
v -6548.875000 -388.526733 274.375061
v -6543.207520 -385.998047 274.375122
v -6531.886230 -388.758759 274.375000
v -6525.020996 -380.828125 274.375000
v -6524.310547 -375.507568 274.375000
v -6519.463379 -380.298645 274.375000
v -6517.252930 -385.448578 274.375061
v -6511.961426 -389.440826 274.375000
v -6507.125000 -386.048981 274.375122
v -6442.833984 -383.909576 274.375061
v -6444.255859 -379.446289 274.375000
v -6453.125000 -388.526733 274.375061
v -6447.457520 -385.998047 274.375122
v -6436.136230 -388.758759 274.375000
v -6429.270996 -380.828125 274.375000
v -6428.560547 -375.507568 274.375000
v -6423.713379 -380.298645 274.375000
v -6421.502930 -385.448578 274.375061
v -6416.211426 -389.440826 274.375000
v -6411.375000 -386.048981 274.375122
v -6502.500000 -934.374939 -139.511063
v -6508.875000 -939.443848 -139.511063
v -6491.250000 -934.374878 -139.511063
v -6496.948242 -939.374939 -139.511139
v -6485.598633 -939.374939 -139.511139
v -6480.000488 -934.374817 -139.511063
v -6474.352051 -939.374939 -139.511139
v -6468.750488 -934.375000 -139.511139
v -6463.291504 -939.374939 -139.511139
v -6457.500488 -934.375000 -139.511139
v -6451.125488 -939.443970 -139.511139
v -6543.443359 -414.999847 274.375061
v -6548.875000 -419.999786 274.375061
v -6533.271973 -414.999817 274.375061
v -6538.443359 -419.999847 274.375000
v -6523.014648 -414.999908 274.375000
v -6528.014648 -419.999847 274.375000
v -6517.585938 -419.999847 274.375000
v -6512.500000 -414.999908 274.375000
v -6507.125000 -419.999847 274.375000
v -6447.693359 -414.999847 274.375061
v -6453.125000 -419.999786 274.375061
v -6437.521973 -414.999817 274.375061
v -6442.693359 -419.999847 274.375000
v -6427.264648 -414.999908 274.375000
v -6432.264648 -419.999847 274.375000
v -6421.835938 -419.999847 274.375000
v -6416.750000 -414.999908 274.375000
v -6411.375000 -419.999847 274.375000
v -6380.783691 -2.214720 521.801819
v -6381.564941 -10.859500 515.843994
v -6383.907227 -8.839600 514.131409
v -6378.398926 -4.983280 521.815918
v -6383.907715 -8.839600 514.131409
v -6378.062500 -1.236390 518.495117
v -6381.259766 -7.000790 512.678894
v -6379.465820 -15.458130 508.369629
v -6378.006348 -15.442630 511.530701
v -6378.025391 -11.895690 507.921814
v -6378.917480 -9.020810 514.391602
v -6376.319336 -4.400820 518.801575
v -6376.467285 -12.030090 511.010925
v -6370.273438 1.010620 520.046204
v -6370.079590 1.039670 523.576294
v -6369.898926 -2.491210 523.595398
v -6370.326172 -13.228880 506.002319
v -6370.145508 -16.759830 506.021423
v -6369.951660 -16.730770 509.551514
v -6370.132324 -13.199890 509.532379
v -6370.092773 -2.520200 520.065308
v -6361.202637 -378.120209 384.202057
v -6343.346191 -349.809387 398.652283
v -6345.349121 -350.395325 401.487671
v -6358.963379 -377.138794 381.648041
v -6358.963379 -380.674316 385.183502
v -6342.869629 -352.544495 402.760620
v -6356.724609 -379.692871 382.629486
v -6340.866699 -351.958618 399.925171
v -6330.077637 -319.362793 413.590576
v -6328.154297 -318.947876 410.670715
v -6327.484863 -321.275696 415.014221
v -6325.561523 -320.860779 412.094177
v -6343.290527 -384.410797 377.911591
v -6325.416016 -356.062683 392.402283
v -6327.418945 -356.648499 395.237671
v -6341.051270 -383.429321 375.357513
v -6341.051270 -386.964752 378.892975
v -6324.939453 -358.797791 396.510681
v -6338.812012 -385.983398 376.338989
v -6322.936523 -358.211914 393.675171
v -6315.176758 -287.827087 424.168579
v -6313.206055 -287.397827 421.294678
v -6312.540039 -289.572998 425.728271
v -6310.568848 -289.143677 422.854309
v -6312.013672 -325.354614 407.605225
v -6310.090332 -324.939697 404.685303
v -6309.420898 -327.267517 409.028809
v -6307.497559 -326.852600 406.108826
v -6302.179199 -256.292175 435.793213
v -6300.039063 -255.628784 433.110718
v -6299.558594 -257.932129 437.498291
v -6297.418457 -257.268799 434.815918
v -6296.745605 -293.093384 418.911621
v -6294.774414 -292.664001 416.037720
v -6294.108398 -294.839172 420.471313
v -6292.137695 -294.409912 417.597412
v -6294.869141 -225.250793 451.986511
v -6292.552246 -224.208496 449.600403
v -6292.291992 -226.854126 453.796204
v -6289.975098 -225.811707 451.410004
v -6292.809570 -195.951416 472.930908
v -6290.388672 -194.551025 470.828003
v -6290.266602 -197.568726 474.778076
v -6292.455078 -168.499084 496.818420
v -6289.990723 -166.872681 494.896606
v -6289.927246 -170.156616 498.649902
v -6292.352539 -35.786320 627.708130
v -6289.871094 -34.031132 625.903809
v -6289.834473 -37.540100 629.464417
v -6292.285645 -9.255370 653.986389
v -6289.799316 -7.553590 652.143921
v -6289.777344 -11.016910 655.747498
v -6289.048340 18.310789 676.684021
v -6291.498535 16.772280 678.658081
v -6289.013184 14.958130 680.383606
v -6291.499023 16.772280 678.658081
v -6287.846191 -196.168274 472.675415
v -6286.618164 46.955078 701.453918
v -6288.938965 45.730412 703.693909
v -6286.494629 43.774109 705.288879
v -6287.462891 -168.530212 496.728027
v -6283.136230 -260.198486 431.883972
v -6280.996094 -259.535217 429.201599
v -6287.353027 -35.784908 627.660095
v -6280.515625 -261.838501 433.589111
v -6287.291016 -9.315190 653.904907
v -6286.562500 16.496580 678.409424
v -6284.174316 44.998718 703.049011
v -6278.375488 -261.175171 430.906677
v -6286.495117 43.774109 705.288879
v -6279.418945 76.954903 724.794922
v -6281.489258 76.098213 727.348022
v -6279.130371 73.938171 728.741516
v -6277.059570 74.794983 726.188477
v -6279.419434 76.954903 724.794922
v -6275.293945 -227.494385 449.680725
v -6272.978027 -226.452026 447.294586
v -6186.021973 8.214480 518.022400
v -6185.882813 8.256100 514.516479
v -6185.610840 4.752010 514.529602
v -6185.750000 4.710330 518.035522
v -6272.716797 -229.097595 451.490387
v -6184.237793 -5.593990 500.544983
v -6184.376953 -5.635620 504.050903
v -6183.966309 -9.098080 500.558105
v -6184.104980 -9.139770 504.064026
v -6270.400391 -228.055298 449.104340
v -6272.955566 -196.819214 471.908813
v -6270.534668 -195.418884 469.806030
v -6270.412598 -198.436523 473.756104
v -6263.637207 106.386467 744.170471
v -6265.295410 105.888924 747.023376
v -6263.097168 103.480713 748.159424
v -6272.487305 -168.623230 496.457214
v -6270.023438 -166.996887 494.535400
v -6269.959473 -170.280701 498.288574
v -6272.355957 -35.780579 627.516296
v -6269.874512 -34.025391 625.711975
v -6269.837891 -37.534420 629.272705
v -6272.307617 -9.494630 653.660522
v -6269.821777 -7.792910 651.817993
v -6269.799316 -11.256230 655.421570
v -6269.301270 17.207821 675.689514
v -6271.751953 15.669310 677.663513
v -6269.266113 13.855100 679.388977
v -6272.977539 -226.452026 447.294617
v -6267.992188 -197.036194 471.653320
v -6261.438965 103.978394 745.306580
v -6267.559082 44.028500 698.874695
v -6269.880371 42.803768 701.114563
v -6267.436035 40.847408 702.709717
v -6267.495117 -168.654297 496.366821
v -6267.356934 -35.779171 627.468323
v -6267.313477 -9.554380 653.579102
v -6267.313965 -9.554380 653.579102
v -6267.356445 -35.779171 627.468323
v -6266.815430 15.393620 677.414917
v -6265.114746 42.072201 700.469727
v -6269.879883 42.803768 701.114624
v -6261.699707 71.742188 720.156921
v -6263.770996 70.885498 722.710022
v -6263.770508 70.885498 722.710022
v -6261.411133 68.725594 724.103516
v -6259.341309 69.582283 721.550476
v -6261.411621 68.725594 724.103516
v -6248.210938 98.744812 737.303223
v -6249.869141 98.247070 740.156067
v -6247.670898 95.838928 741.292114
v -6246.012695 96.336670 738.439270
v -6259.340820 69.582283 721.550415
v -6238.177734 132.872070 757.262878
v -6239.265137 132.672119 760.354919
v -6237.319824 129.994019 761.201416
v -6236.232910 130.193970 758.109375
v -6226.048828 122.960022 748.281311
v -6227.135254 122.760010 751.373291
v -6225.190430 120.081909 752.219910
v -6224.103516 120.281921 749.127930
v -6206.361328 154.821167 763.613953
v -6206.803711 154.819214 766.854919
v -6205.201660 151.889404 767.428894
v -6204.759766 151.891357 764.187805
v -6227.135742 122.760010 751.373291
v -6198.184570 143.110352 752.945496
v -6198.626953 143.108154 756.186523
v -6197.025391 140.178467 756.760498
v -6196.583008 140.180542 753.519409
v -6170.896484 171.386353 763.174316
v -6170.688965 171.456909 766.455383
v -6205.202148 151.889404 767.428894
v -6169.521973 168.323853 766.811218
v -6169.729980 168.253174 763.530212
v -6167.060059 158.571655 751.473206
v -6166.852051 158.642212 754.754272
v -6165.685547 155.509155 755.110107
v -6165.893066 155.438477 751.829102
v -6150.144043 11.618410 515.294189
v -6150.563965 11.499820 518.729919
v -6150.009277 8.057130 518.796326
v -6149.589844 8.175720 515.360474
v -6146.249023 -1.678410 501.816589
v -6146.668457 -1.796880 505.252350
v -6146.114258 -5.239620 505.318726
v -6145.694824 -5.121090 501.882904
v -6183.965820 -9.098080 500.558105
v -6146.114746 -5.239620 505.318726
v -6133.854004 181.814453 755.878174
v -6133.041504 181.817749 759.079895
v -6133.210938 178.550049 756.098877
v -6169.522461 168.323853 766.811218
v -6132.397461 178.553467 759.300598
v -6132.396973 178.553467 759.300598
v -6134.531738 168.743774 743.954285
v -6133.718750 168.747314 747.156006
v -6167.059570 158.571655 751.473206
v -6133.887695 165.479736 744.174988
v -6133.074707 165.483154 747.376709
v -6133.888184 165.479736 744.174988
v -6115.085938 17.139530 518.864075
v -6150.563477 11.499820 518.729919
v -6115.872559 16.868710 522.177429
v -6114.989746 13.528080 522.313477
v -6114.202148 13.798890 519.000305
v -6108.404297 4.860290 506.155273
v -6109.190918 4.589420 509.468628
v -6108.307617 1.248780 509.604675
v -6107.520508 1.519710 506.291504
v -6102.354004 169.824219 731.103027
v -6102.424805 173.130249 730.917908
v -6101.075195 172.948730 733.940430
v -6101.005371 169.642700 734.125488
v -6097.237305 182.322144 742.452515
v -6097.307617 185.628052 742.267395
v -6095.958008 185.446655 745.289917
v -6133.854492 181.814453 755.878174
v -6095.887695 182.140747 745.474976
v -6082.145996 26.864620 527.235901
v -6083.322266 26.362120 530.348389
v -6082.085938 23.182920 530.609009
v -6080.910156 23.685419 527.496399
v -6114.989258 13.528080 522.313477
v -6072.497070 16.158199 515.827881
v -6073.673340 15.655700 518.940491
v -6072.437012 12.476620 519.201111
v -6071.261230 12.979130 516.088501
v -6073.136230 167.849365 713.123901
v -6072.624512 171.089966 712.858704
v -6102.354492 169.824219 731.103027
v -6071.343750 167.391846 715.890320
v -6101.004883 169.642700 734.125488
v -6070.831543 170.632324 715.625122
v -6063.918457 178.980957 723.128723
v -6063.406250 182.221436 722.863525
v -6062.125977 178.523071 725.895203
v -6061.613770 181.763672 725.629883
v -6054.195313 42.138119 541.895508
v -6055.728027 41.322021 544.711914
v -6054.144531 38.375980 545.176514
v -6052.611816 39.192081 542.360107
v -6048.401367 159.070435 691.002380
v -6047.347656 162.124146 690.528992
v -6046.288574 158.273560 693.460815
v -6045.234375 161.327148 692.987305
v -6041.729492 33.618900 532.488220
v -6043.262207 32.802799 535.304688
v -6041.678711 29.856871 535.769287
v -6040.145996 30.672970 532.952881
v -6035.733398 168.097656 698.942017
v -6034.679199 171.151367 698.468628
v -6033.619629 167.301025 701.400330
v -6032.565918 170.354614 700.926880
v -6033.620117 167.301025 701.400330
v -6033.321289 61.801571 561.903870
v -6035.128906 60.614929 564.350220
v -6033.236816 57.960999 565.087891
v -6031.429199 59.147709 562.641602
v -6033.321777 61.801571 561.903870
v -6029.815430 144.493164 666.063110
v -6028.306641 147.256714 665.274170
v -6027.513184 143.321045 668.182129
v -6026.003906 146.084351 667.393188
v -6018.520996 55.932499 555.069519
v -6020.328613 54.745911 557.515808
v -6018.436035 52.091919 558.253479
v -6016.628906 53.278629 555.807190
v -6019.600586 83.724670 585.421570
v -6021.573730 82.137512 587.456116
v -6019.432129 79.817200 588.511414
v -6017.459473 81.404419 586.476807
v -6014.569336 150.857544 671.383789
v -6013.060547 153.620850 670.594910
v -6012.266602 149.685059 673.502808
v -6018.513672 125.756958 639.611084
v -6016.678223 128.158813 638.434814
v -6016.146484 124.192497 641.373474
v -6027.512695 143.321045 668.182129
v -6010.757813 152.448364 672.713989
v -6012.267090 149.685059 673.502808
v -6014.311035 126.594360 640.197205
v -6013.654297 106.389221 611.317688
v -6015.649414 104.389771 612.920715
v -6013.340332 102.435966 614.322571
v -6011.345215 104.435417 612.719604
v -6003.143066 80.791870 581.504272
v -6005.116699 79.204773 583.538879
v -6018.436523 52.091919 558.253479
v -6002.975098 76.884521 584.594116
v -6001.002441 78.471619 582.559570
v -6003.143555 80.791870 581.504272
v -6001.703613 129.106934 641.955200
v -5999.868164 131.508667 640.778870
v -5999.336426 127.542358 643.717590
v -5997.500977 129.944458 642.541321
v -5996.437988 106.571899 610.513611
v -5998.433105 104.572510 612.116577
v -5996.123535 102.618767 613.518616
v -5996.124023 102.618767 613.518616
v -5994.128906 104.618233 611.915588
v -6998.015625 15.571820 590.132446
v -6992.024414 -22.780560 565.492371
v -6994.240723 -21.485411 563.214966
v -6995.752930 13.985820 592.118591
v -6995.646973 16.970190 588.118408
v -6991.804688 -19.797010 561.494934
v -6993.265625 52.815578 617.043213
v -6991.024414 50.902210 618.706116
v -6991.038086 53.912930 614.724670
v -6989.588379 -21.092159 563.772400
v -6993.384277 15.384260 590.104553
v -6988.796875 51.999569 616.387695
v -6980.480957 -58.286228 539.585449
v -6982.595703 -57.237949 537.059387
v -6980.161621 -55.277050 535.612610
v -6978.207031 89.646927 640.517578
v -6980.218750 88.856461 643.138489
v -6978.083008 86.595070 644.467651
v -6978.046387 -56.325241 538.138733
v -6976.071777 87.385536 641.846741
v -6979.488770 14.822080 590.021057
v -6973.416016 -21.208090 567.722168
v -6975.632324 -19.912970 565.444580
v -6977.226074 13.236000 592.007141
v -6977.120117 16.220530 588.007019
v -6973.196777 -18.224560 563.724609
v -6975.392090 49.551651 614.421204
v -6973.151367 47.638371 616.084167
v -6973.164551 50.649021 612.102844
v -6970.980469 -19.519871 566.002014
v -6974.856934 14.634440 589.993103
v -6970.923828 48.735729 613.765808
v -6963.201660 -92.163177 514.827332
v -6965.178711 -91.327660 512.089111
v -6962.795410 -89.114197 510.891357
v -6960.818359 -89.949707 513.629578
v -6962.283691 -54.635639 543.903076
v -6964.398438 -53.587219 541.377075
v -6961.964355 -51.626148 539.930481
v -6961.618652 83.763153 635.351135
v -6963.630371 82.972740 637.971924
v -6961.494629 80.711372 639.301270
v -6956.438965 122.319099 664.435364
v -6958.149902 121.836189 667.341187
v -6956.232422 119.224243 668.352295
v -6959.849121 -52.674480 542.456543
v -6954.520996 119.707153 665.446472
v -6959.483398 81.501839 636.680359
v -6945.760742 -86.651169 520.988892
v -6947.737793 -85.815613 518.250732
v -6945.354492 -83.602119 517.052856
v -6941.522461 -124.424744 491.452820
v -6943.338867 -123.780739 488.531433
v -6941.041504 -121.336983 487.553070
v -6943.377441 -84.437508 519.791138
v -6941.922363 113.802696 656.856445
v -6943.633789 113.319618 659.762085
v -6941.715820 110.707680 660.773376
v -6939.225098 -121.981018 490.474426
v -6940.004395 111.190514 657.867493
v -6924.771484 149.015732 684.511353
v -6926.089355 148.818390 687.658508
v -6924.530273 145.883453 688.399231
v -6923.212402 146.080719 685.252014
v -6925.067871 -117.226082 499.224945
v -6926.884277 -116.582123 496.303497
v -6924.586914 -114.138451 495.325073
v -6922.770508 -114.782463 498.246460
v -6915.893066 -154.387848 470.606720
v -6917.547852 -153.919342 467.536865
v -6915.346191 -151.296326 466.718384
v -6913.262207 138.065414 674.886047
v -6914.580078 137.868073 678.033142
v -6913.020508 134.933151 678.773926
v -6913.691406 -151.764801 469.788269
v -6911.702637 135.130402 675.626709
v -6900.467773 -145.769669 479.612671
v -6902.122559 -145.301193 476.542786
v -6899.920898 -142.678253 475.724365
v -6898.266113 -143.146729 478.794250
v -6885.119141 167.790558 698.758728
v -6885.978516 167.803314 702.078491
v -6884.881348 164.612701 702.608643
v -6884.021973 164.599762 699.288696
v -6886.306152 -182.146225 452.925598
v -6887.831543 -181.810867 449.766571
v -6885.674805 -179.122391 449.008057
v -6884.149414 -179.457703 452.167114
v -6877.292480 154.976105 687.599731
v -6878.152344 154.989029 690.919678
v -6877.055176 151.798233 691.449646
v -6876.195313 151.785477 688.129944
v -6871.578125 -172.733521 462.527802
v -6873.103516 -172.398300 459.368652
v -6870.946289 -169.709869 458.610077
v -6869.421387 -170.045135 461.769196
v -6841.115234 178.971558 706.628357
v -6841.493652 179.074448 710.044617
v -6840.894531 175.719788 710.413574
v -6840.516113 175.616989 706.997375
v -6837.205566 165.141830 694.439819
v -6837.583984 165.244629 697.855957
v -6836.985352 161.890045 698.225037
v -6836.606934 161.787170 694.808777
v -6824.805664 -236.968597 420.549774
v -6826.153809 -236.809921 417.299500
v -6823.938965 -234.177505 416.530151
v -6822.590820 -234.336182 419.780426
v -6810.553223 -227.073654 430.473541
v -6811.901855 -226.914963 427.223297
v -6809.687012 -224.282562 426.453949
v -6808.338867 -224.441238 429.704224
v -6795.422363 183.512817 708.403381
v -6795.319336 183.587067 711.842773
v -6795.217285 180.162704 712.100891
v -6795.320313 180.088440 708.661377
v -6795.425293 169.518127 695.677551
v -6795.322266 169.592468 699.117188
v -6795.220215 166.168182 699.375183
v -6795.323242 166.093826 695.935608
v -6754.445313 -301.788239 387.555725
v -6755.675781 -301.746155 384.251190
v -6753.365234 -299.207428 383.443207
v -6752.135254 -299.249451 386.747650
v -6740.285156 -291.801178 397.541504
v -6741.515137 -291.759216 394.237000
v -6739.205078 -289.220337 393.429016
v -6754.052734 164.522263 691.603760
v -6753.662109 167.928268 691.378906
v -6753.473145 164.486343 694.994446
v -6753.083008 167.892395 694.769531
v -6737.975098 -289.262512 396.733459
v -6750.174805 178.002869 704.266968
v -6749.784180 181.408752 704.041809
v -6749.595215 177.966949 707.657654
v -6749.205078 181.372910 707.432617
v -6714.594238 156.632584 681.707031
v -6713.720703 159.936264 681.408569
v -6713.550781 156.440262 684.976563
v -6712.677246 159.744095 684.678223
v -6706.377441 -355.372925 366.234619
v -6705.176270 -355.389526 369.554413
v -6704.038574 -352.859650 365.411621
v -6702.837402 -352.876373 368.731323
v -6706.926758 169.078308 693.591553
v -6706.052734 172.381973 693.293091
v -6705.883301 168.885895 696.861145
v -6705.009766 172.189636 696.562622
v -6692.216309 -345.386810 376.221436
v -6691.014648 -345.403503 379.541046
v -6689.877441 -342.873627 375.398346
v -6688.675781 -342.890289 378.718109
v -6678.831543 142.446075 666.308105
v -6677.512207 145.587662 665.845276
v -6677.357910 142.077576 669.402161
v -6676.038574 145.219238 668.939453
v -6676.745605 -387.974854 361.805664
v -6678.059570 -387.854614 358.541565
v -6675.832520 -385.238098 357.774139
v -6674.519043 -385.358368 361.038239
v -6667.660156 153.539200 676.833679
v -6666.340820 156.680862 676.370972
v -6666.186523 153.170853 679.927917
v -6664.867676 156.312531 679.465210
v -6662.583496 -377.989807 371.792389
v -6663.897461 -377.869537 368.528320
v -6661.670410 -375.253052 367.760895
v -6660.356934 -375.373230 371.025055
v -6646.939453 125.419312 645.051819
v -6648.622559 122.459587 645.719849
v -6646.784180 121.917343 648.616821
v -6647.019531 -417.095337 348.762665
v -6648.788574 -416.576416 345.746063
v -6647.019531 -413.559814 345.227142
v -6645.101563 124.877129 647.948730
v -6645.250000 -414.078705 348.243774
v -6632.854492 135.089859 653.968079
v -6634.537598 132.130066 654.636169
v -6632.699219 131.587967 657.533142
v -6631.016113 134.547699 656.865112
v -6632.864746 -407.104340 358.753693
v -6634.634277 -406.585419 355.737061
v -6632.864746 -403.568756 355.218170
v -6631.095215 -404.087616 358.234833
v -6625.236328 98.305389 621.354370
v -6623.257813 101.050293 620.444214
v -6623.082031 97.555069 624.014709
v -6621.104004 100.300041 623.104675
v -6608.707520 106.284180 628.355530
v -6606.729492 109.029243 627.445557
v -6606.553711 105.533943 631.015930
v -6604.575195 108.278923 630.105896
v -6567.983398 15.310780 537.675171
v -6565.750000 17.871290 536.697876
v -6565.763672 14.360410 540.257751
v -6563.530273 16.921009 539.280579
v -6550.170898 21.751740 544.096619
v -6547.937500 24.312321 543.119263
v -6547.951172 20.801371 546.679199
v -6545.717773 23.362040 545.701965
v -6559.712402 8.938970 531.698303
v -6559.781738 9.357670 535.143188
v -6558.921875 12.527870 531.374939
v -6558.689941 12.844950 535.196594
v -6550.389160 9.224390 535.052002
v -6551.722168 12.946470 535.248169
v -6549.676758 12.473880 531.968933
v -6548.473145 8.909240 532.074341
v -6548.698730 16.374359 539.281372
v -6546.287109 14.267810 540.277893
v -6546.024414 17.843140 536.813538
v -6543.643066 15.484380 538.742981
v -6640.000000 -40.865250 618.926636
v -6620.000000 157.124649 816.916504
v -6640.000000 241.977448 901.769409
v -6620.000000 -5.509910 654.281921
v -6600.000000 -33.794182 625.997681
v -6620.000000 -55.007381 604.784485
v -6600.000000 -224.712936 435.078918
v -6620.000000 -245.926132 413.865723
v -6560.000000 -267.139343 392.652527
v -6545.000000 -244.158371 415.633484
v -6540.000000 -373.205292 286.586578
v -6540.000000 -260.068268 399.723572
v -6560.000000 -373.205292 286.586578
v -6520.000000 284.403870 944.195679
v -6500.000000 277.332794 937.124634
v -6520.000000 298.545990 958.337830
v -6500.000000 263.190674 922.982544
v -6520.000000 -373.205292 286.586578
v -6440.000000 -323.707825 336.084045
v -6520.000000 -323.707825 336.084045
v -6440.000000 -373.205292 286.586578
v -6440.000000 284.403870 944.195679
v -6460.000000 277.332794 937.124634
v -6460.000000 263.190674 922.982544
v -6440.000000 298.545990 958.337830
v -6420.000000 -373.205292 286.586578
v -6400.000000 -267.139343 392.652527
v -6420.000000 -260.068268 399.723572
v -6400.000000 -373.205292 286.586578
v -6360.000000 -224.712936 435.078918
v -6340.000000 -245.926132 413.865723
v -6415.000000 -244.158371 415.633484
v -6340.000000 -55.007381 604.784485
v -6360.000000 -33.794182 625.997681
v -6320.000000 -40.865250 618.926636
v -6340.000000 -5.509910 654.281921
v -6340.000000 157.124649 816.916504
v -6320.000000 241.977448 901.769409
v -6618.769043 173.716965 833.508850
v -6615.105469 189.900879 849.692749
v -6609.100586 205.277603 865.069458
v -6600.901855 219.468857 879.260742
v -6590.710938 232.124802 891.916687
v -6580.000000 284.403870 944.195679
v -6578.778320 242.933899 902.725769
v -6565.398926 251.630264 911.422119
v -6550.901855 257.999573 917.791443
v -6545.000000 -258.300507 401.491333
v -6535.643555 261.884857 921.676697
v -6520.000000 263.190674 922.982544
v -6497.320313 284.403870 944.195740
v -6490.000000 289.580322 949.372253
v -6500.000000 312.688141 972.479980
v -6480.000000 291.474945 951.266785
v -6480.000000 -309.565674 350.226166
v -6460.000000 312.688141 972.479980
v -6470.000000 289.580322 949.372253
v -6462.679688 284.403870 944.195740
v -6440.000000 263.190674 922.982544
v -6424.356445 261.884857 921.676697
v -6409.099121 257.999573 917.791443
v -6415.000000 -258.300507 401.491333
v -6380.000000 284.403870 944.195679
v -6394.601074 251.630264 911.422119
v -6381.221680 242.933899 902.725769
v -6369.289551 232.124802 891.916687
v -6359.098145 219.468857 879.260742
v -6350.899414 205.277603 865.069458
v -6344.894531 189.900879 849.692749
v -6341.231445 173.717102 833.508972
v -6640.000000 -730.294495 35.563480
v -6660.000000 -525.233582 240.624435
v -6660.000000 -751.507751 14.350280
v -6640.000000 -519.488342 246.369675
v -6600.000000 379.863098 1145.721069
v -6620.000000 231.370636 997.228638
v -6600.000000 135.911255 901.769409
v -6620.000000 379.863098 1145.721069
v -6500.000000 -829.289490 -63.431461
v -6520.000000 -850.502686 -84.644661
v -6500.000000 -892.929016 -127.070999
v -6520.000000 -892.929016 -127.070999
v -6380.000000 365.720947 1131.578979
v -6580.000000 309.152405 1075.010376
v -6380.000000 309.152405 1075.010376
v -6580.000000 365.720947 1131.578979
v -6460.000000 -892.929016 -127.070999
v -6440.000000 -850.502686 -84.644661
v -6460.000000 -829.289490 -63.431461
v -6440.000000 -892.929016 -127.070999
v -6300.000000 -751.507751 14.350280
v -6320.000000 -730.294495 35.563480
v -6400.000000 -235.319794 530.538208
v -6320.000000 -291.888336 473.969666
v -6320.000000 -235.319794 530.538208
v -6400.000000 -291.888336 473.969666
v -6340.000000 146.517868 912.375854
v -6360.000000 379.863098 1145.721069
v -6360.000000 125.304657 891.162659
v -6340.000000 379.863098 1145.721069
v -6300.000000 61.665051 827.523132
v -6260.000000 61.665051 827.523071
v -6300.000000 -475.736084 290.121918
v -6320.000000 -475.736084 290.121918
v -6260.000000 -447.451843 318.406219
v -6360.000000 -447.451813 318.406189
v -6760.000000 -168.144653 597.713379
v -6760.000000 -454.522919 311.335114
v -6720.000000 -397.070465 368.787506
v -6760.000000 82.878242 848.736267
v -6720.000000 61.665051 827.523132
v -6720.000000 -168.144653 597.713379
v -6719.261230 71.620560 837.478577
v -6718.750000 -413.864258 351.993744
v -6717.063477 81.330849 847.188843
v -6716.500000 -430.127716 335.730286
v -6713.460449 90.556900 856.414917
v -6711.250000 -445.242126 320.615875
v -6708.541016 99.071533 864.929565
v -6703.000000 -457.174530 308.683472
v -6702.426270 106.665161 872.523193
v -6695.267090 113.150658 879.008606
v -6690.625000 -468.223053 297.634918
v -6680.000000 -182.286789 583.571228
v -6660.178223 -86.827370 679.030640
v -6680.000000 -9.045630 756.812317
v -6670.000000 -1.974560 763.883423
v -6660.000000 -9.045630 756.812378
v -6687.239258 118.368423 884.226440
v -6640.000000 -237.087570 528.770447
v -6680.000000 -355.527954 410.330048
v -6645.000000 -500.484833 265.373169
v -6678.541016 122.189919 888.047913
v -6640.000000 -93.898438 671.959595
v -6669.386230 124.521248 890.379272
v -6640.000000 -380.276672 385.581329
v -6645.000000 -517.720581 248.137451
v -6660.000000 125.304832 891.162842
v -6650.613770 124.521248 890.379211
v -6641.458984 122.189919 888.047913
v -6632.760742 118.368423 884.226440
v -6600.000000 -426.238617 339.619385
v -6620.000000 -393.004608 372.853394
v -6640.000000 -400.782776 365.075226
v -6619.261230 -182.937866 582.920105
v -6620.000000 -86.827377 679.030701
v -6620.000000 -192.893387 572.964600
v -6624.732910 113.150658 879.008667
v -6617.063477 -173.227585 592.630432
v -6613.460449 -164.001541 601.856445
v -6617.573730 106.665161 872.523193
v -6608.541016 -155.486908 610.371094
v -6602.426270 -147.893280 617.964722
v -6611.458984 99.071617 864.929626
v -6580.000000 -412.096497 353.761505
v -6620.000000 -355.527954 410.330048
v -6595.267090 -141.407776 624.450195
v -6600.000000 82.878250 848.736267
v -6587.239258 -136.190018 629.667969
v -6578.541016 -132.368347 633.489685
v -6575.000000 100.555923 866.413940
v -6569.386230 -130.037277 635.820740
v -6560.000000 -129.253784 636.604248
v -6540.000000 -115.111641 650.746338
v -6553.500000 -129.253784 636.604248
v -6520.000000 208.389709 974.247681
v -6552.500000 218.996307 984.854309
v -6552.500000 185.408737 951.266724
v -6520.000000 218.996307 984.854309
v -6440.000000 218.996307 984.854309
v -6440.000000 208.389709 974.247681
v -6407.500000 218.996307 984.854309
v -6407.500000 185.408737 951.266724
v -6360.000000 -320.172607 445.685394
v -6317.573730 -417.485077 348.372925
v -6311.458984 -409.891449 355.966553
v -6306.539551 -401.376709 364.481293
v -6302.936523 -392.150665 373.707336
v -6300.738770 -382.440430 383.417572
v -6300.000000 -372.484985 393.373016
v -6300.000000 -168.144653 597.713379
v -6260.000000 -168.144653 597.713379
v -6440.000000 -382.044220 295.425171
v -6520.000000 -371.437683 306.031708
v -6440.000000 -371.437683 306.031708
v -6520.000000 -382.044220 295.425171
v -6580.000000 275.565002 953.034363
v -6520.000000 275.565002 953.034363
v -6640.000000 233.138565 910.607971
v -6560.000000 -275.978271 401.491150
v -6540.000000 -371.437714 306.031708
v -6560.000000 -382.044220 295.425171
v -6497.320313 261.422852 938.892273
v -6540.000000 -382.044220 295.425171
v -6490.000000 256.246429 933.715820
v -6480.000000 254.351791 931.821106
v -6504.404297 -304.262543 373.206879
v -6640.000000 -49.704102 627.765259
v -6340.000000 -63.846230 613.623169
v -6620.000000 -63.846230 613.623169
v -6320.000000 -49.704102 627.765259
v -6620.000000 -254.765076 422.704315
v -6501.134766 -295.634277 381.835114
v -6492.202148 -289.317902 388.151459
v -6492.201660 -319.207184 358.262207
v -6501.134766 -312.890808 364.578583
v -6520.000000 289.707123 967.176514
v -6497.320313 275.565002 953.034363
v -6480.000000 -287.006042 390.463348
v -6340.000000 -254.765076 422.704315
v -6500.000000 268.493927 945.963318
v -6500.000000 303.849274 981.318665
v -6490.000000 280.741364 958.210754
v -6480.000000 -321.519073 355.950317
v -6480.000000 282.636047 960.105469
v -6400.000000 -275.978271 401.491150
v -6320.000000 233.138565 910.607971
v -6460.000000 303.849274 981.318665
v -6470.000000 280.741364 958.210754
v -6467.798340 -319.207184 358.262207
v -6462.679688 275.565002 953.034363
v -6440.000000 289.707123 967.176514
v -6460.000000 268.493927 945.963318
v -6440.000000 275.565002 953.034363
v -6462.679688 261.422852 938.892273
v -6467.797852 -289.317902 388.151459
v -6458.865234 -312.890808 364.578583
v -6420.000000 -371.437683 306.031708
v -6458.865234 -295.634277 381.835114
v -6455.595703 -304.262543 373.206848
v -6470.000000 256.246582 933.715942
v -6420.000000 -382.044220 295.425171
v -6400.000000 -382.044220 295.425171
v -6380.000000 275.565002 953.034363
v -6440.000000 -859.341370 -75.805969
v -6500.000000 -891.161194 -107.625771
v -6520.000000 -859.341370 -75.805969
v -6460.000000 -891.161194 -107.625771
v -6620.000000 222.531982 1006.067383
v -6400.000000 360.417816 1143.953247
v -6340.000000 137.679169 921.214539
v -6560.000000 360.417816 1143.953247
v -6560.000000 371.024414 1154.559814
v -6400.000000 371.024414 1154.559814
v -6620.000000 371.024414 1154.559814
v -6600.000000 360.417816 1143.953247
v -6600.000000 371.024414 1154.559814
v -6760.000000 74.039558 857.574951
v -6260.000000 52.826351 836.361755
v -6760.000000 -463.361572 320.173798
v -6660.000000 -534.072266 249.463135
v -6300.000000 -484.574799 298.960602
v -6660.000000 -760.346436 23.188971
v -6520.000000 -901.767700 -118.232307
v -6500.000000 -901.767700 -118.232307
v -6300.000000 -760.346436 23.188971
v -6460.000000 -901.767700 -118.232307
v -6440.000000 -901.767700 -118.232307
v -6260.000000 -456.290527 327.244873
v -6360.000000 360.417816 1143.953247
v -6360.000000 371.024414 1154.559814
v -6340.000000 371.024414 1154.559814
v -6393.750000 158.008377 927.401855
v -6440.000000 185.408920 965.408752
v -6393.750000 152.705231 932.705017
v -6440.000000 190.712067 960.105591
v -6390.000000 229.602921 998.996399
v -6390.000000 150.053635 930.053467
v -6390.000000 224.299759 1004.299561
v -6390.000000 155.356796 924.750305
v -6400.000000 -293.656006 475.737549
v -6400.000000 -242.390625 537.609253
v -6400.000000 -298.959167 481.040710
v -6400.000000 -237.087463 532.306091
v -6360.000000 -321.940277 447.453278
v -6360.000000 -327.243439 452.756439
v -6320.000000 -298.959167 481.040710
v -6320.000000 -293.655945 475.737488
v -6320.000000 -237.087387 532.306030
v -6320.000000 -242.390625 537.609253
v -6700.000000 -3.742320 765.651245
v -6700.000000 -369.669922 410.330109
v -6700.000000 -364.366669 405.026855
v -6700.000000 -9.045550 770.954468
v -6670.000000 17.470890 786.864441
v -6670.000000 12.167660 792.167664
v -6640.000000 -3.742320 765.651245
v -6640.000000 -9.045550 770.954468
v -6604.999512 -424.824402 344.569153
v -6604.999512 -430.127625 349.872375
v -6640.000000 -81.524063 687.869507
v -6640.000000 -86.827293 693.172729
v -6620.000000 -199.964355 580.035645
v -6620.000000 -357.295685 412.097870
v -6620.000000 -362.598907 417.401093
v -6620.000000 -194.661118 574.732422
v -6580.000000 -419.167450 360.832550
v -6580.000000 -413.864227 355.529327
v -6540.000000 -122.182632 657.817383
v -6540.000000 -116.879402 652.514160
v -6570.000000 150.053635 930.053467
v -6570.000000 229.602921 998.996399
v -6570.000000 224.299759 1004.299561
v -6570.000000 155.356796 924.750305
v -6520.000000 185.408920 965.408752
v -6566.250000 158.008377 927.401855
v -6566.250000 152.705231 932.705017
v -6520.000000 190.712067 960.105591
v -6340.000000 -131.021439 638.372070
v -6420.000000 -164.608795 615.391052
v -6420.000000 -159.305649 610.087891
v -6340.000000 -136.324600 643.675232
v -6320.000000 -138.092438 631.301086
v -6410.000000 -175.215408 604.784424
v -6320.000000 -143.395599 636.604248
v -6410.000000 -169.912247 599.481262
v -6340.000000 -24.955500 744.437988
v -6340.000000 -30.258730 749.741272
v -6330.000000 -10.813370 758.580139
v -6330.000000 -16.116600 763.883362
v -6320.000000 -30.258730 749.741272
v -6320.000000 -24.955500 744.437988
v -6620.000000 -717.919983 51.473530
v -6620.000000 -603.015198 176.984772
v -6620.000000 -723.223145 56.776691
v -6620.000000 -597.711975 171.681534
v -6610.000000 -583.569885 185.823669
v -6610.000000 -588.873108 191.126907
v -6600.000000 -603.015198 176.984772
v -6600.000000 -597.711975 171.681534
v -6600.000000 -716.152161 63.847691
v -6600.000000 -710.848999 58.544529
v -6540.000000 -751.507507 28.492420
v -6540.000000 -746.204285 23.189260
v -6530.000000 -740.900818 39.099018
v -6530.000000 -735.597656 33.795860
v -6360.000000 -710.848999 58.544529
v -6430.000000 -740.900818 39.099018
v -6430.000000 -735.597656 33.795860
v -6360.000000 -716.152161 63.847691
v -6340.000000 -717.919983 51.473530
v -6420.000000 -751.507507 28.492420
v -6340.000000 -723.223145 56.776691
v -6420.000000 -746.204285 23.189260
v -6360.000000 -597.711975 171.681534
v -6360.000000 -603.015198 176.984772
v -6350.000000 -583.569885 185.823669
v -6350.000000 -588.873108 191.126907
v -6340.000000 -603.015198 176.984772
v -6340.000000 -597.711975 171.681534
v -6520.000000 -374.970215 288.357178
v -6520.000000 -330.776062 343.157928
v -6520.000000 -380.273529 293.660461
v -6520.000000 -325.472748 337.854645
v -6480.000000 -316.633911 357.300079
v -6480.000000 -311.330627 351.996765
v -6440.000000 -330.776062 343.157928
v -6440.000000 -325.472748 337.854645
v -6440.000000 -380.273529 293.660461
v -6440.000000 -374.970215 288.357178
v -6427.485840 212.648499 886.582458
v -6440.000488 218.996323 882.323853
v -6427.485840 217.951721 881.279236
v -6440.000488 213.692749 887.627380
v -6430.614746 196.999542 860.327026
v -6421.459473 189.365234 863.299194
v -6421.459473 194.668472 857.995972
v -6430.614746 191.696304 865.630249
v -6415.279785 214.843277 878.170776
v -6415.279785 209.540054 883.473999
v -6412.761719 185.543701 859.477661
v -6412.761719 190.846924 854.174438
v -6403.681641 209.748001 873.075500
v -6403.681641 204.444778 878.378723
v -6404.733887 180.325806 854.259766
v -6404.733887 185.629044 848.956543
v -6397.574707 173.840317 847.774292
v -6397.574707 179.143539 842.471069
v -6420.000488 -40.865669 633.068970
v -6380.000977 21.006451 684.333923
v -6380.000977 15.703220 689.637207
v -6420.000488 -35.562092 627.765442
v -6392.977539 202.790878 866.118347
v -6392.977539 197.487640 871.421631
v -6391.459961 166.246689 840.180664
v -6391.459961 171.549911 834.877441
v -6386.540527 157.732101 831.666077
v -6386.540527 163.035324 826.362854
v -6383.432129 194.143661 857.471191
v -6383.432129 188.840302 862.774292
v -6382.937012 148.506088 822.440063
v -6382.937012 153.809311 817.136841
v -6380.739258 138.795807 812.729736
v -6380.739258 144.099030 807.426514
v -6402.300781 -38.814850 624.512634
v -6360.000977 15.703220 689.637207
v -6360.000977 21.006451 684.333923
v -6402.300781 -44.118080 629.815857
v -6380.000488 128.840286 802.774231
v -6380.000488 134.143509 797.471008
v -6375.279297 184.018890 847.346375
v -6375.279297 178.715652 852.649597
v -6368.720215 172.665939 835.993469
v -6368.720215 167.362717 841.296692
v -6363.916016 160.364517 823.692017
v -6363.916016 155.061279 828.995239
v -6360.985352 147.417557 810.745056
v -6360.985352 142.114334 816.048279
v -6360.000488 134.143509 797.471008
v -6360.000488 128.840286 802.774231
v -6599.999023 15.703220 689.637207
v -6599.999512 134.143509 797.471008
v -6599.999512 128.840286 802.774231
v -6599.999023 21.006451 684.333923
v -6599.014648 142.114334 816.048279
v -6599.014648 147.417557 810.745056
v -6596.083984 155.061279 828.995239
v -6596.083984 160.364517 823.692017
v -6591.279785 167.362717 841.296692
v -6591.279785 172.665939 835.993469
v -6584.720703 178.715652 852.649597
v -6584.720703 184.018890 847.346375
v -6576.567871 188.840302 862.774292
v -6576.567871 194.143661 857.471191
v -6579.999512 128.840286 802.774231
v -6579.999023 21.006451 684.333923
v -6579.999023 15.703220 689.637207
v -6579.999512 134.143509 797.471008
v -6579.260742 144.099030 807.426514
v -6579.260742 138.795807 812.729736
v -6557.699219 -38.814850 624.512634
v -6557.699219 -44.118080 629.815857
v -6577.062988 153.809311 817.136841
v -6577.062988 148.506088 822.440063
v -6573.459473 163.035324 826.362854
v -6573.459473 157.732101 831.666077
v -6567.022461 197.487640 871.421631
v -6567.022461 202.790878 866.118347
v -6568.540039 171.549911 834.877441
v -6568.540039 166.246689 840.180664
v -6562.425293 179.143539 842.471069
v -6562.425293 173.840317 847.774292
v -6556.318359 204.444778 878.378723
v -6556.318359 209.748001 873.075500
v -6539.999512 -40.865669 633.068970
v -6539.999512 -35.562092 627.765442
v -6555.266113 185.629044 848.956543
v -6555.266113 180.325806 854.259766
v -6547.238281 190.846924 854.174438
v -6547.238281 185.543701 859.477661
v -6544.720215 209.540054 883.473999
v -6544.720215 214.843277 878.170776
v -6538.540527 194.668472 857.995972
v -6538.540527 189.365234 863.299194
v -6532.514160 212.648499 886.582458
v -6532.514160 217.951721 881.279236
v -6529.385254 196.999542 860.327026
v -6529.385254 191.696304 865.630249
v -6519.999512 218.996323 882.323853
v -6519.999512 213.692749 887.627380
v -6460.000000 229.602921 998.996399
v -6460.000000 224.299759 1004.299561
v -6599.999512 -433.309601 346.690399
v -6599.999512 -428.006378 341.387177
v -6600.000000 77.574951 854.039551
v -6575.000000 95.252617 871.717224
v -6360.000000 -452.755127 323.709473
v -6320.000000 -481.039398 295.425201
v -6513.250000 -915.867004 -137.463135
v -6517.250000 -905.867065 -141.213150
v -6517.250000 -905.867004 -137.463211
v -6513.250000 -915.867004 -141.213226
v -6513.250000 -895.867065 -141.213242
v -6513.250000 -895.867004 -137.463211
v -6509.250000 -905.867004 -137.463211
v -6509.250000 -905.867065 -141.213150
v -6508.875000 -940.242004 -138.088165
v -6511.375000 -905.867004 -140.588211
v -6511.375000 -905.867004 -138.088150
v -6508.875000 -940.242004 -140.588196
v -6508.875000 -888.992004 -140.588196
v -6508.875000 -888.992004 -138.088242
v -6451.125000 -888.992004 -138.088242
v -6451.125000 -940.242004 -140.588196
v -6451.125000 -888.992004 -140.588196
v -6451.125000 -940.242004 -138.088165
v -6448.625000 -905.867004 -140.588211
v -6448.625000 -905.867004 -138.088150
v -6446.750000 -915.867004 -141.213226
v -6450.750000 -905.867004 -137.463211
v -6446.750000 -915.867004 -137.463135
v -6450.750000 -905.867065 -141.213150
v -6446.750000 -895.867004 -137.463211
v -6446.750000 -895.867065 -141.213242
v -6442.750000 -905.867065 -141.213150
v -6442.750000 -905.867004 -137.463211
v -6500.000000 229.602921 998.996399
v -6500.000000 224.299759 1004.299561
v -6520.000000 257.887360 928.285828
v -6500.000000 257.887360 928.285828
v -6500.000000 272.029510 942.427979
v -6497.320313 279.100555 949.499023
v -6490.000000 284.277039 954.675476
v -6480.000000 286.171631 956.570068
v -6470.000000 284.277039 954.675476
v -6462.679688 279.100555 949.499023
v -6460.000000 272.029510 942.427979
v -6460.000000 257.887360 928.285828
v -6440.000000 257.887360 928.285828
v -6405.000977 -47.936390 625.997559
v -6405.000977 -42.633160 620.694336
v -6554.999023 -47.936390 625.997559
v -6554.999023 -42.633160 620.694336
v -6527.112793 251.028061 924.962036
v -6534.506348 255.376129 929.310120
v -6532.088867 248.996613 922.930603
v -6529.299316 256.798187 930.732178
v -6507.200684 236.948074 910.882019
v -6510.073730 233.429382 907.363342
v -6480.000000 231.794403 905.728333
v -6480.000000 227.731369 901.665344
v -6452.799316 236.948074 910.882019
v -6449.926270 233.429382 907.363342
v -6432.887207 251.028061 924.962036
v -6427.911133 248.996613 922.930603
v -6425.493652 255.376129 929.310120
v -6430.700684 256.798187 930.732178
v -6525.000000 -252.997391 420.936615
v -6526.189453 -239.468811 434.465179
v -6530.000000 -252.997391 420.936615
v -6521.574707 -240.820450 433.113556
v -6515.351563 -227.999878 445.934113
v -6511.819824 -230.497391 443.436584
v -6499.132324 -220.336548 453.597443
v -6497.220703 -223.599716 450.334290
v -6480.000000 -217.645584 456.288391
v -6480.000000 -221.177582 452.756409
v -6460.867676 -220.336548 453.597443
v -6462.779297 -223.599716 450.334290
v -6444.648438 -227.999878 445.934113
v -6448.180176 -230.497391 443.436584
v -6438.425293 -240.820450 433.113556
v -6433.810547 -239.468811 434.465179
v -6430.000000 -252.997391 420.936615
v -6435.000000 -252.997391 420.936615
v -6507.125000 -369.375092 275.624969
v -6507.125000 -420.625092 273.125031
v -6507.125000 -369.375122 273.125031
v -6507.125000 -420.625122 275.625031
v -6504.625000 -386.250092 273.125000
v -6504.625000 -386.250092 275.625061
v -6502.750000 -396.250061 272.499969
v -6506.750000 -386.250092 276.250000
v -6502.750000 -396.250092 276.250061
v -6506.750000 -386.250092 272.500061
v -6502.750000 -376.250031 276.250000
v -6502.750000 -376.250122 272.499969
v -6498.750000 -386.250092 272.500061
v -6498.750000 -386.250092 276.250000
v -6553.250000 -396.250092 276.250061
v -6557.250000 -386.250092 272.500061
v -6557.250000 -386.250092 276.250000
v -6553.250000 -396.250061 272.499969
v -6553.250000 -376.250122 272.499969
v -6553.250000 -376.250031 276.250000
v -6549.250000 -386.250092 276.250000
v -6549.250000 -386.250092 272.500061
v -6548.875000 -420.625122 275.625031
v -6551.375000 -386.250092 273.125000
v -6551.375000 -386.250092 275.625061
v -6548.875000 -420.625092 273.125031
v -6548.875000 -369.375122 273.125031
v -6548.875000 -369.375092 275.624969
v -6411.375000 -369.375092 275.624969
v -6411.375000 -420.625092 273.125031
v -6411.375000 -369.375122 273.125031
v -6411.375000 -420.625122 275.625031
v -6408.875000 -386.250092 273.125000
v -6408.875000 -386.250092 275.625061
v -6407.000000 -396.250061 272.499969
v -6411.000000 -386.250092 276.250000
v -6407.000000 -396.250092 276.250061
v -6411.000000 -386.250092 272.500061
v -6407.000000 -376.250031 276.250000
v -6407.000000 -376.250122 272.499969
v -6403.000000 -386.250092 272.500061
v -6403.000000 -386.250092 276.250000
v -6457.500000 -396.250092 276.250061
v -6461.500000 -386.250092 272.500061
v -6461.500000 -386.250092 276.250000
v -6457.500000 -396.250061 272.499969
v -6457.500000 -376.250122 272.499969
v -6457.500000 -376.250031 276.250000
v -6453.500000 -386.250092 276.250000
v -6453.500000 -386.250092 272.500061
v -6453.125000 -420.625122 275.625031
v -6455.625000 -386.250092 273.125000
v -6455.625000 -386.250092 275.625061
v -6453.125000 -420.625092 273.125031
v -6453.125000 -369.375122 273.125031
v -6453.125000 -369.375092 275.624969
v -6460.000000 221.824753 991.218262
v -6460.000000 192.479843 958.337830
v -6460.000000 231.370682 997.228699
v -6460.000000 190.712067 960.105591
v -6448.000000 190.712067 960.105591
v -6440.000000 192.479843 958.337830
v -6390.000000 231.370697 997.228638
v -6390.000000 157.124573 922.982605
v -6400.000000 -291.888245 473.969788
v -6400.000000 -235.319702 530.538330
v -6360.000000 -320.172516 445.685516
v -6320.000000 -235.319702 530.538330
v -6320.000000 -291.888245 473.969788
v -6700.000000 -1.974550 763.883484
v -6700.000000 -362.598907 403.259094
v -6670.000000 19.238649 785.096680
v -6640.000000 -1.974550 763.883484
v -6599.999512 -426.238617 339.619415
v -6640.000000 -79.756287 686.101746
v -6619.261230 -184.705627 584.687927
v -6617.063477 -174.995346 594.398193
v -6613.460449 -165.769333 603.624207
v -6608.540527 -155.486938 610.371094
v -6608.540527 -157.254700 612.138855
v -6602.426270 -149.661072 619.732483
v -6595.266602 -141.407776 624.450256
v -6595.266602 -143.175537 626.218018
v -6587.239258 -137.957733 631.435791
v -6578.541016 -134.136276 635.257263
v -6569.385742 -130.037140 635.820862
v -6569.385742 -131.804901 637.588623
v -6560.000000 -131.021530 638.372009
v -6553.500000 -131.021530 638.372009
v -6551.004395 -126.639267 639.218750
v -6551.004395 -128.407043 640.986511
v -6600.000000 295.010284 1060.868286
v -6370.000000 293.242523 1062.636108
v -6360.000000 295.010284 1060.868286
v -6590.000000 293.242523 1062.636108
v -6600.000000 293.242523 1062.636108
v -6360.000000 293.242523 1062.636108
v -6570.000000 231.370697 997.228638
v -6570.000000 157.124573 922.982605
v -6520.000000 192.479843 958.337830
v -6500.000000 231.370682 997.228699
v -6512.000000 190.712067 960.105591
v -6500.000000 192.479843 958.337830
v -6500.000000 190.712067 960.105591
v -6500.000000 221.824753 991.218262
v -6560.000000 362.185455 1142.185547
v -6600.000000 358.649963 1138.650024
v -6560.000000 358.649963 1138.650024
v -6600.000000 362.185455 1142.185547
v -6360.000000 362.185455 1142.185547
v -6400.000000 358.649963 1138.650024
v -6360.000000 358.649963 1138.650024
v -6400.000000 362.185455 1142.185547
v -6555.000000 -298.959290 481.040710
v -6575.625000 -281.281616 498.718384
v -6580.000000 -281.281616 498.718384
v -6554.375000 -296.307648 483.692352
v -6555.000000 -263.603973 516.396057
v -6554.375000 -266.255646 513.744385
v -6511.250000 -281.281616 498.718384
v -6505.000000 -281.281616 498.718384
v -6530.000000 -256.532898 523.467102
v -6573.750000 -238.855240 541.144775
v -6580.000000 -238.855240 541.144775
v -6530.625000 -253.881256 526.118774
v -6530.000000 -221.177597 558.822449
v -6530.625000 -223.829239 556.170776
v -6509.375000 -238.855240 541.144775
v -6505.000000 -238.855240 541.144775
v -6555.000000 -214.106522 565.893494
v -6575.625000 -196.428848 583.571167
v -6580.000000 -196.428848 583.571167
v -6554.375000 -211.454865 568.545166
v -6555.000000 -178.751205 601.248840
v -6554.375000 -181.402847 598.597168
v -6511.250000 -196.428848 583.571167
v -6505.000000 -196.428848 583.571167
v -6480.000000 -362.598907 417.401031
v -6505.000000 -348.456757 431.543182
v -6480.000000 -366.134430 413.865509
v -6500.000000 -348.456757 431.543182
v -6480.000000 -330.779083 449.220856
v -6480.000000 -334.314636 445.685333
v -6455.000000 -348.456757 431.543182
v -6460.000000 -348.456757 431.543182
v -6485.000000 -496.949188 283.050812
v -6500.000000 -511.091309 268.908661
v -6480.000000 -496.949188 283.050812
v -6505.000000 -511.091309 268.908661
v -6500.000000 -482.807037 297.192932
v -6505.000000 -482.807037 297.192932
v -6480.000000 -525.233459 254.766525
v -6480.000000 -528.768982 251.230988
v -6480.000000 -465.129364 314.870605
v -6480.000000 -468.664917 311.335083
v -6460.000000 -511.091309 268.908661
v -6455.000000 -511.091309 268.908661
v -6460.000000 -482.807037 297.192932
v -6455.000000 -482.807037 297.192932
v -6475.000000 -496.949188 283.050812
v -6700.000000 -16.116600 763.883362
v -6720.000000 -23.187670 756.812317
v -6720.000000 -30.258739 749.741211
v -6645.000000 -509.323639 256.534363
v -6645.000000 -519.488281 249.905228
v -6645.000000 -511.091400 258.302124
v -6645.000000 -502.252563 267.140961
v -6640.000000 -521.256042 248.137466
v -6545.463379 -120.834511 645.023499
v -6551.004395 -128.406921 640.986633
v -6545.463379 -122.602280 646.791260
v -6551.004395 -126.639153 639.218872
v -6540.000000 -115.111481 650.746521
v -6540.000000 -116.879242 652.514282
v -6590.636719 -745.322998 34.676991
v -6605.000000 -762.114258 17.885750
v -6603.125000 -763.440125 16.559931
v -6592.149414 -744.423035 35.577000
v -6582.676270 -739.785095 40.214901
v -6581.215820 -736.935669 43.064339
v -6579.216797 -750.804871 29.195141
v -6581.143066 -751.333801 28.666229
v -6574.728516 -761.001160 18.998871
v -6575.679199 -763.298523 16.701490
v -6567.878906 -759.066589 20.933451
v -6568.295410 -757.586304 22.413710
v -6489.413574 -746.502563 33.497471
v -6480.347656 -744.065918 35.934078
v -6477.426758 -741.363892 38.636150
v -6489.000000 -747.972107 32.027889
v -6479.902344 -764.185730 15.814280
v -6483.774414 -752.493591 27.506430
v -6481.544922 -765.006348 14.993680
v -6482.030273 -752.404297 27.595739
v -6475.353516 -767.254456 12.745580
v -6473.947266 -769.914551 10.085440
v -6474.255859 -760.231873 19.768141
v -6475.260742 -752.494629 27.505369
v -6477.537598 -750.259583 29.740471
v -6472.400391 -760.334534 19.665470
v -6469.425781 -753.568970 26.431061
v -6469.012695 -755.036621 24.963390
v -6380.078125 -756.986450 23.013550
v -6391.547363 -757.026917 22.973101
v -6392.121094 -759.066589 20.933451
v -6381.416992 -755.322327 24.677719
v -6372.891113 -749.268188 30.731831
v -6375.316895 -748.524841 31.475210
v -6372.779297 -739.253723 40.746300
v -6375.000000 -735.597717 44.402321
v -6356.565430 -748.372070 31.627951
v -6358.248047 -749.788696 30.211330
v -6345.000000 -755.043213 24.956820
v -6343.125000 -753.717407 26.282640
v -6415.000000 -164.608948 604.784546
v -6420.000000 -157.537872 608.320129
v -6415.000000 -162.841171 603.016785
v -6410.000000 -168.144485 597.713501
v -6340.000000 -129.253677 636.604309
v -6320.000000 -136.324677 629.533325
v -6340.000000 -23.187740 742.670227
v -6330.000000 -9.045600 756.812378
v -6320.000000 -23.187740 742.670227
v -6620.000000 -716.152222 49.705761
v -6620.000000 -595.944214 169.913773
v -6610.000000 -581.802063 184.055908
v -6600.000000 -595.944214 169.913773
v -6600.000000 -709.081238 56.776760
v -6540.000000 -744.436523 21.421490
v -6530.000000 -733.829895 32.028099
v -6535.000000 -739.133179 26.724791
v -6535.000000 -740.901001 28.492559
v -6425.000000 -740.901001 28.492559
v -6430.000000 -733.829895 32.028099
v -6425.000000 -739.133179 26.724791
v -6420.000000 -744.436523 21.421490
v -6360.000000 -709.081238 56.776760
v -6340.000000 -716.152222 49.705761
v -6360.000000 -595.944214 169.913773
v -6350.000000 -581.802063 184.055908
v -6340.000000 -595.944214 169.913773
v -6585.000000 229.602997 1009.602966
v -6600.000000 224.299698 1004.299683
v -6600.000000 218.996399 998.996338
v -6585.000000 234.906296 1014.906250
v -6570.000000 224.299698 1004.299683
v -6570.000000 218.996399 998.996338
v -6375.000000 229.602997 1009.602966
v -6390.000000 224.299698 1004.299683
v -6390.000000 218.996399 998.996338
v -6375.000000 234.906296 1014.906250
v -6360.000000 224.299698 1004.299683
v -6360.000000 218.996399 998.996338
v -6480.000000 171.266876 951.266846
v -6507.500000 185.409012 965.408936
v -6480.000000 165.963577 945.963501
v -6500.000000 185.409012 965.408936
v -6460.000000 185.409012 965.408936
v -6452.500000 185.409012 965.408936
v -6300.000000 -37.329842 742.670166
v -6300.000000 -44.400909 735.599121
v -6520.000000 -373.202454 286.589386
v -6520.000000 -323.704987 336.086884
v -6480.000000 -309.562836 350.229004
v -6440.000000 -323.704987 336.086884
v -6440.000000 -373.202454 286.589386
v -6440.000488 212.632370 875.959839
v -6440.000488 199.550888 859.342834
v -6440.000488 220.764114 880.556030
v -6440.000488 197.783127 861.110596
v -6430.614746 198.767303 858.559265
v -6427.485840 219.719482 879.511475
v -6421.459473 196.436234 856.228210
v -6415.279785 216.611176 876.403137
v -6412.761719 192.614700 852.406677
v -6405.000977 -40.865391 618.926575
v -6420.000488 -33.794319 625.997620
v -6403.681641 211.515778 871.307739
v -6404.733887 187.396805 847.188782
v -6397.574707 180.911301 840.703247
v -6380.000977 22.774220 682.566162
v -6392.977539 204.558640 864.350586
v -6391.459961 173.317673 833.109619
v -6386.540527 164.803101 824.595032
v -6383.432129 195.911438 855.703369
v -6382.937012 155.577087 815.369080
v -6380.739258 145.866791 805.658752
v -6360.000977 22.774220 682.566162
v -6380.000488 135.911285 795.703247
v -6375.279297 185.786652 845.578613
v -6368.720215 174.433716 834.225647
v -6363.916016 162.132278 821.924255
v -6360.985352 149.185333 808.977295
v -6360.000488 135.911285 795.703247
v -6599.999512 135.911285 795.703247
v -6599.999023 22.774220 682.566162
v -6599.014648 149.185333 808.977295
v -6596.083984 162.132278 821.924255
v -6591.279785 174.433716 834.225647
v -6584.720703 185.786652 845.578613
v -6576.567871 195.911438 855.703369
v -6579.999023 22.774220 682.566162
v -6579.999512 135.911285 795.703247
v -6579.260742 145.866791 805.658752
v -6554.999023 -40.865391 618.926575
v -6577.062988 155.577087 815.369080
v -6573.459473 164.803101 824.595032
v -6567.022461 204.558640 864.350586
v -6568.540039 173.317673 833.109619
v -6562.425293 180.911301 840.703247
v -6556.318359 211.515778 871.307739
v -6539.999512 -33.794319 625.997620
v -6555.266113 187.396805 847.188782
v -6547.238281 192.614700 852.406677
v -6544.720215 216.611176 876.403137
v -6538.540527 196.436234 856.228210
v -6532.514160 219.719482 879.511475
v -6529.385254 198.767303 858.559265
v -6519.999512 220.764114 880.556030
v -6519.999512 199.550888 859.342834
v -6519.999512 197.783127 861.110596
v -6519.999512 212.632370 875.959839
v -6527.500000 -256.532928 417.401093
v -6497.034668 -252.997360 420.936615
v -6540.000000 -252.997360 420.936615
v -6496.055664 -256.532898 417.401062
v -6488.922363 -259.306580 414.627411
v -6495.738281 -257.606995 416.326996
v -6492.045410 -261.514740 412.419250
v -6491.657715 -256.411896 417.522095
v -6484.828613 -261.240753 412.693237
v -6486.519043 -264.125885 409.808105
v -6480.000000 -261.919922 412.014069
v -6480.000000 -265.042847 408.891144
v -6475.171387 -261.240753 412.693237
v -6473.480957 -264.125885 409.808105
v -6471.077637 -259.306580 414.627411
v -6467.954590 -261.514740 412.419250
v -6468.342285 -256.411835 417.522125
v -6464.261719 -257.606995 416.326996
v -6462.965332 -252.997360 420.936615
v -6432.500000 -256.532928 417.401093
v -6420.000000 -252.997360 420.936615
v -6463.951660 -256.532898 417.401062
v -6535.000000 -256.532898 417.401093
v -6492.618164 -252.997360 420.936615
v -6467.381836 -252.997360 420.936615
v -6425.000000 -256.532898 417.401093
v -6545.000000 -252.997437 406.794556
v -6545.000000 -260.068512 403.259033
v -6545.000000 -254.765213 408.562317
v -6545.000000 -258.300751 401.491241
v -6545.000000 -244.158600 415.633392
v -6545.000000 -245.926376 417.401154
v -6540.000000 -261.836273 401.491241
v -6540.000000 -260.068512 399.723480
v -6420.000000 -261.836273 401.491241
v -6415.000000 -258.300751 401.491241
v -6415.000000 -260.068512 403.259033
v -6420.000000 -260.068512 399.723480
v -6415.000000 -252.997437 406.794556
v -6415.000000 -254.765213 408.562317
v -6415.000000 -244.158600 415.633392
v -6415.000000 -245.926376 417.401154
v -6573.571289 -59.556358 614.377625
v -6555.000000 -47.936401 625.997559
v -6557.500000 -44.400860 629.533142
v -6570.000000 -62.078529 611.855469
v -6511.820313 -105.791656 568.142334
v -6528.125000 -121.740669 552.193298
v -6508.072754 -107.562187 566.371765
v -6531.250000 -119.530968 554.403015
v -6431.875488 -121.740669 552.193298
v -6448.180664 -105.791656 568.142334
v -6451.927734 -107.562187 566.371765
v -6428.750488 -119.530968 554.403015
v -6405.000488 -47.936401 625.997559
v -6386.428223 -59.557308 614.376648
v -6402.500488 -44.400860 629.533142
v -6390.000488 -62.078529 611.855469
v -6460.000000 216.521591 996.521423
v -6460.000000 185.408920 965.408752
v -6448.000000 185.408920 965.408752
v -6617.063477 -180.298569 599.701416
v -6619.261230 -190.008865 589.991150
v -6613.460449 -171.072571 608.927429
v -6608.540527 -162.557938 617.442078
v -6602.426270 -154.964310 625.035706
v -6595.266602 -148.478775 631.521240
v -6587.239258 -143.260971 636.739014
v -6578.541016 -139.439499 640.560486
v -6569.385742 -137.108139 642.891846
v -6560.000000 -136.324768 643.675232
v -6370.000000 287.939301 1067.939331
v -6590.000000 287.939301 1067.939331
v -6512.000000 185.408920 965.408752
v -6500.000000 185.408920 965.408752
v -6500.000000 216.521591 996.521423
v -6440.000488 192.479538 866.414185
v -6440.000488 207.328781 881.263428
v -6497.320313 -323.707855 378.510284
v -6501.134766 -312.890656 364.578705
v -6500.000000 -316.636841 385.581268
v -6497.320313 -309.565765 392.652344
v -6490.000000 -328.884216 373.333893
v -6492.202148 -319.207031 358.262360
v -6492.202148 -289.317841 388.151550
v -6490.000000 -304.389404 397.828705
v -6480.000000 -330.778900 371.439209
v -6480.000000 -321.518921 355.950470
v -6480.000000 -287.005951 390.463409
v -6480.000000 -302.494720 399.723419
v -6470.000000 -328.884216 373.333893
v -6467.797852 -319.207031 358.262360
v -6467.797852 -289.317841 388.151550
v -6470.000000 -304.389404 397.828705
v -6462.679688 -323.707855 378.510284
v -6458.865234 -312.890656 364.578705
v -6462.679688 -309.565765 392.652344
v -6460.000000 -316.636841 385.581268
v -6504.404297 268.494019 945.963379
v -6497.320313 249.048660 951.266724
v -6501.134766 259.865845 937.335205
v -6500.000000 256.119659 958.337769
v -6501.134766 277.122284 954.591614
v -6497.320313 263.190735 965.408813
v -6490.000000 243.872284 946.090393
v -6492.202148 253.549469 931.018799
v -6492.202148 283.438660 960.908020
v -6490.000000 268.367096 970.585205
v -6480.000000 241.977585 944.195679
v -6480.000000 251.237579 928.706909
v -6480.000000 285.750549 963.219910
v -6480.000000 270.261780 972.479858
v -6470.000000 243.872284 946.090393
v -6467.797852 253.549469 931.018799
v -6467.797852 283.438660 960.908020
v -6470.000000 268.367096 970.585205
v -6462.679688 249.048660 951.266724
v -6458.865234 259.865845 937.335205
v -6458.865234 277.122284 954.591614
v -6462.679688 263.190735 965.408813
v -6460.000000 256.119659 958.337769
v -6455.595703 268.494019 945.963379
v -6519.999512 192.479538 866.414185
v -6519.999512 207.328781 881.263428
v -6553.500000 -136.324768 643.675232
v -6551.004395 -133.710144 646.289856
v -6600.000000 287.939301 1067.939331
v -6360.000000 287.939301 1067.939331
v -6513.250000 -907.367126 -137.463242
v -6515.250000 -905.617004 -130.213104
v -6513.250000 -907.366943 -128.463165
v -6515.250000 -905.617004 -137.463211
v -6513.250000 -903.867004 -131.963120
v -6513.250000 -903.867065 -137.463226
v -6513.250000 -899.367004 -120.463226
v -6515.250000 -897.617065 -122.213188
v -6513.250000 -895.867065 -123.963203
v -6511.250000 -905.617004 -130.213104
v -6511.250000 -905.617004 -137.463211
v -6511.250000 -897.617065 -122.213188
v -6446.750000 -907.367126 -137.463242
v -6448.750000 -905.617004 -130.213104
v -6446.750000 -907.366943 -128.463165
v -6448.750000 -905.617004 -137.463211
v -6446.750000 -903.867004 -131.963120
v -6446.750000 -903.867065 -137.463226
v -6448.750000 -897.617065 -122.213188
v -6446.750000 -899.367004 -120.463226
v -6446.750000 -895.867065 -123.963203
v -6444.750000 -905.617004 -130.213104
v -6444.750000 -905.617004 -137.463211
v -6444.750000 -897.617065 -122.213188
v -6502.750000 -387.750183 276.249969
v -6504.750000 -386.000061 283.500092
v -6502.750000 -387.750000 285.250061
v -6504.750000 -386.000031 276.250000
v -6502.750000 -384.250031 281.750092
v -6502.750000 -384.250122 276.249969
v -6504.750000 -378.000122 291.500031
v -6502.750000 -379.750092 293.249969
v -6502.750000 -376.250122 289.750000
v -6500.750000 -386.000061 283.500092
v -6500.750000 -386.000031 276.250000
v -6500.750000 -378.000122 291.500031
v -6553.250000 -387.750183 276.249969
v -6555.250000 -386.000061 283.500092
v -6553.250000 -387.750000 285.250061
v -6555.250000 -386.000031 276.250000
v -6553.250000 -384.250031 281.750092
v -6553.250000 -384.250122 276.249969
v -6553.250000 -379.750092 293.249969
v -6555.250000 -378.000122 291.500031
v -6553.250000 -376.250122 289.750000
v -6551.250000 -386.000061 283.500092
v -6551.250000 -386.000031 276.250000
v -6551.250000 -378.000122 291.500031
v -6407.000000 -387.750183 276.249969
v -6409.000000 -386.000061 283.500092
v -6407.000000 -387.750000 285.250061
v -6409.000000 -386.000031 276.250000
v -6407.000000 -384.250031 281.750092
v -6407.000000 -384.250122 276.249969
v -6409.000000 -378.000122 291.500031
v -6407.000000 -379.750092 293.249969
v -6407.000000 -376.250122 289.750000
v -6405.000000 -386.000061 283.500092
v -6405.000000 -386.000031 276.250000
v -6405.000000 -378.000122 291.500031
v -6457.500000 -387.750183 276.249969
v -6459.500000 -386.000061 283.500092
v -6457.500000 -387.750000 285.250061
v -6459.500000 -386.000031 276.250000
v -6457.500000 -384.250031 281.750092
v -6457.500000 -384.250122 276.249969
v -6457.500000 -379.750092 293.249969
v -6459.500000 -378.000122 291.500031
v -6457.500000 -376.250122 289.750000
v -6455.500000 -386.000061 283.500092
v -6455.500000 -386.000031 276.250000
v -6455.500000 -378.000122 291.500031
v -6720.000000 -402.373779 374.090851
v -6720.000000 56.361752 832.826355
v -6719.261230 66.317261 842.781860
v -6718.750000 -419.167542 357.297058
v -6717.063477 76.027550 852.492188
v -6716.500000 -435.431000 341.033600
v -6713.460449 85.253601 861.718201
v -6711.250000 -450.545410 325.919189
v -6708.541016 93.768227 870.232849
v -6703.000000 -462.477844 313.986755
v -6702.426270 101.361862 877.826477
v -6695.267090 107.847359 884.311951
v -6690.625000 -473.526398 302.938232
v -6687.239258 113.065117 889.529724
v -6678.541016 116.886620 893.351196
v -6669.386230 119.217949 895.682556
v -6645.000000 -505.788147 270.676483
v -6660.000000 120.001534 896.466125
v -6650.613770 119.217949 895.682556
v -6641.458984 116.886620 893.351196
v -6640.000000 -735.597839 40.866791
v -6640.000000 -524.791626 251.672974
v -6632.760742 113.065117 889.529724
v -6624.732910 107.847359 884.311951
v -6617.573730 101.361862 877.826477
v -6611.458984 93.768318 870.232910
v -6600.000000 135.911255 901.769287
v -6600.111328 289.805328 1066.048218
v -6600.111328 365.819305 1131.455566
v -6600.000000 130.607956 907.072571
v -6500.000000 -834.592773 -58.128159
v -6500.000000 -854.038208 -77.573593
v -6500.000000 -848.734924 -82.876892
v -6500.000000 -898.232300 -121.767693
v -6460.000000 -854.038208 -77.573593
v -6460.000000 -898.232300 -121.767693
v -6460.000000 -848.734924 -82.876892
v -6460.000000 -834.592773 -58.128159
v -6320.000000 -735.597839 40.866791
v -6360.000000 289.706970 1066.171631
v -6360.000000 120.001358 896.465942
v -6317.573730 -422.788361 353.676239
v -6300.000000 56.361752 832.826355
v -6311.458984 -415.194733 361.269867
v -6306.539551 -406.680023 369.784576
v -6302.936523 -397.453979 379.010620
v -6300.738770 -387.743713 388.720886
v -6300.000000 -377.788300 398.676300
v -6580.000000 -671.958191 104.506401
v -6580.000000 -702.010254 63.847759
v -6580.000000 -666.654907 99.203102
v -6580.000000 -707.313538 69.151062
v -6540.000000 -716.152405 49.705620
v -6540.000000 -721.455688 55.008930
v -6380.000000 -707.313538 69.151062
v -6420.000000 -716.152405 49.705620
v -6420.000000 -721.455688 55.008930
v -6380.000000 -702.010254 63.847759
v -6380.000000 -671.958191 104.506401
v -6380.000000 -666.654907 99.203102
v -6600.000000 -47.936470 728.528137
v -6600.000000 -77.988503 687.869446
v -6600.000000 -42.633171 723.224854
v -6600.000000 -83.291809 693.172791
v -6560.000000 -92.130638 673.727356
v -6560.000000 -97.433937 679.030640
v -6360.000000 -127.485977 648.978638
v -6400.000000 -136.324814 629.533203
v -6400.000000 -141.628113 634.836487
v -6360.000000 -122.182671 643.675354
v -6360.000000 -92.130638 684.333984
v -6360.000000 -86.827339 679.030701
v -6677.500000 116.466072 896.466248
v -6690.786621 111.683983 891.684021
v -6686.157227 107.804298 887.804321
v -6680.810547 106.121033 886.121094
v -6674.959961 106.012711 886.012756
v -6669.496094 107.495712 887.495728
v -6665.250488 110.344513 890.344543
v -6662.870117 114.125214 894.125244
v -6662.719238 118.272453 898.272461
v -6444.204590 -752.132507 27.867491
v -6430.000000 -747.971924 32.027889
v -6445.375000 -747.972107 32.027882
v -6444.204590 -743.811646 36.188358
v -6440.871582 -755.659607 24.340429
v -6440.871582 -740.284607 39.715408
v -6435.883789 -737.927856 42.072128
v -6435.883789 -758.016296 21.983721
v -6430.000000 -758.843872 21.156120
v -6430.000000 -737.100342 42.899651
v -6424.116211 -758.016296 21.983721
v -6424.116211 -737.927856 42.072128
v -6419.128418 -740.284607 39.715408
v -6419.128418 -755.659607 24.340429
v -6415.795410 -752.132507 27.867491
v -6415.795410 -743.811646 36.188358
v -6414.625000 -747.972107 32.027882
v -6544.204590 -752.132507 27.867491
v -6530.000000 -747.971924 32.027889
v -6545.375000 -747.972107 32.027882
v -6544.204590 -743.811646 36.188358
v -6540.871582 -755.659607 24.340429
v -6540.871582 -740.284607 39.715408
v -6535.883789 -737.927856 42.072128
v -6535.883789 -758.016296 21.983721
v -6530.000000 -758.843872 21.156120
v -6530.000000 -737.100342 42.899651
v -6524.116211 -758.016296 21.983721
v -6524.116211 -737.927856 42.072128
v -6519.128418 -740.284607 39.715408
v -6519.128418 -755.659607 24.340429
v -6515.795410 -752.132507 27.867491
v -6515.795410 -743.811646 36.188358
v -6514.625000 -747.972107 32.027882
v -6652.110352 -512.725220 267.274750
v -6640.000000 -519.046326 260.953735
v -6646.972656 -509.655304 270.344666
v -6641.359375 -508.483276 271.516693
v -6635.539551 -508.919464 271.080475
v -6630.398438 -510.897400 269.102570
v -6626.719238 -514.115845 265.884094
v -6625.678711 -522.200378 257.799591
v -6628.475586 -525.835632 254.164307
v -6625.061523 -518.085022 261.914978
v -6420.000000 -171.680099 608.319946
v -6435.000000 -171.680069 608.319946
v -6433.858398 -175.738998 604.260986
v -6433.858398 -167.621063 612.378967
v -6430.606934 -179.179993 600.820007
v -6430.606934 -164.180069 615.819946
v -6425.740234 -181.479218 598.520813
v -6425.740234 -161.880844 618.119141
v -6420.000000 -182.286667 597.713318
v -6420.000000 -161.073456 618.926514
v -6414.259766 -181.479218 598.520813
v -6414.259766 -161.880844 618.119141
v -6409.393555 -179.179993 600.820007
v -6409.393555 -164.180069 615.819946
v -6406.141602 -175.738998 604.260986
v -6406.141602 -167.621063 612.378967
v -6405.000000 -171.680069 608.319946
v -6540.000000 -129.253677 650.746155
v -6555.787598 -129.253677 650.746338
v -6554.585938 -133.525726 646.474304
v -6554.585938 -124.981621 655.018372
v -6551.163574 -137.147400 642.852600
v -6551.163574 -121.359894 658.640076
v -6546.041504 -139.567307 640.432678
v -6546.041504 -118.940033 661.059998
v -6540.000000 -140.417130 639.582886
v -6540.000000 -118.090157 661.909851
v -6533.958496 -139.567307 640.432678
v -6533.958496 -118.940033 661.059998
v -6528.836426 -137.147400 642.852600
v -6528.836426 -121.359894 658.640076
v -6525.414063 -133.525726 646.474304
v -6525.414063 -124.981552 655.018433
v -6524.212402 -129.253677 650.746338
v -6620.000000 -10.813210 659.585266
v -6620.000000 151.821350 822.219788
v -6618.769043 168.413666 838.812134
v -6615.105469 184.597580 854.996033
v -6609.100586 199.974304 870.372742
v -6600.000000 -39.097481 631.300964
v -6600.901855 214.165558 884.564026
v -6600.000000 -166.376770 504.021698
v -6600.000000 -224.710129 435.081757
v -6590.710938 226.821487 897.219971
v -6578.778320 237.630600 908.029053
v -6545.000000 -249.458847 420.939606
v -6600.000000 -230.013412 440.385040
v -6545.000000 -244.155548 415.636322
v -6565.398926 246.326965 916.725403
v -6550.901855 252.696274 923.094727
v -6535.643555 256.581573 926.980042
v -6424.356445 256.581573 926.980042
v -6409.098633 257.999573 917.791443
v -6409.098633 252.696274 923.094727
v -6394.601074 246.326965 916.725403
v -6381.221680 237.630600 908.029053
v -6415.000000 -244.155548 415.636322
v -6360.000000 -230.013412 440.385040
v -6415.000000 -249.458847 420.939606
v -6360.000000 -224.710129 435.081757
v -6369.289551 226.821487 897.219971
v -6359.098145 214.165558 884.564026
v -6360.000000 -166.376770 504.021698
v -6360.000000 -39.097481 631.300964
v -6350.899414 199.974304 870.372742
v -6340.000000 -10.813210 659.585266
v -6344.894531 184.597580 854.996033
v -6341.231445 168.413803 838.812256
v -6340.000000 151.821350 822.219788
v -6540.000000 -373.202454 286.589386
v -6540.000000 -378.505768 291.892700
v -6540.000000 -336.079498 334.318970
v -6540.000000 -260.065460 399.726410
v -6540.000000 -265.368744 405.029724
v -6420.000000 -373.202454 286.589386
v -6420.000000 -336.079498 334.318970
v -6420.000000 -378.505768 291.892700
v -6420.000000 -260.065460 399.726410
v -6420.000000 -265.368744 405.029724
v -6500.000000 -302.494781 371.439209
v -6497.320313 -309.565765 364.368225
v -6497.320313 -295.423706 378.510284
v -6490.000000 -314.742157 359.191833
v -6490.000000 -290.247345 383.686646
v -6480.000000 -316.636841 357.297150
v -6480.000000 -288.352661 385.581329
v -6470.000000 -314.742157 359.191833
v -6470.000000 -290.247345 383.686646
v -6462.679688 -309.565765 364.368225
v -6462.679688 -295.423706 378.510284
v -6460.000000 -302.494781 371.439209
v -6500.000000 270.261719 944.195618
v -6497.320313 263.190735 937.124695
v -6497.320313 277.332794 951.266724
v -6490.000000 258.014343 931.948303
v -6490.000000 282.509155 956.443115
v -6480.000000 256.119659 930.053589
v -6480.000000 284.403839 958.337830
v -6470.000000 258.014343 931.948303
v -6470.000000 282.509155 956.443115
v -6462.679688 263.190735 937.124695
v -6462.679688 277.332794 951.266724
v -6460.000000 270.261719 944.195618
v -6580.000000 -184.054520 486.344086
v -6580.000000 -214.106567 445.685425
v -6580.000000 -178.751221 481.040771
v -6580.000000 -219.409866 450.988739
v -6540.000000 -228.248703 431.543304
v -6540.000000 -233.552002 436.846588
v -6380.000000 -219.409866 450.988739
v -6420.000000 -228.248703 431.543304
v -6420.000000 -233.552002 436.846588
v -6380.000000 -214.106567 445.685425
v -6380.000000 -184.054520 486.344086
v -6380.000000 -178.751221 481.040771
v -6492.618164 -83.291733 590.642273
v -6491.657715 -86.706200 587.227783
v -6480.000000 -83.291740 590.642151
v -6491.657715 -79.877167 594.056824
v -6488.922363 -89.600960 584.333008
v -6488.922363 -76.982407 596.951599
v -6484.828613 -91.535019 582.398926
v -6480.000000 -92.214287 581.719666
v -6475.170898 -91.535103 582.398865
v -6471.077637 -89.600960 584.333008
v -6468.342285 -86.706253 587.227722
v -6471.077637 -76.982407 596.951599
v -6468.342285 -79.877167 594.056824
v -6467.381836 -83.291733 590.642273
v -6720.000000 -404.141479 375.858521
v -6720.000000 54.594051 834.594055
v -6719.261230 64.549568 844.549561
v -6718.750000 -420.935242 359.064758
v -6717.063477 74.259857 854.259827
v -6716.500000 -437.198700 342.801300
v -6713.460449 83.485909 863.485901
v -6711.250000 -452.313110 327.686890
v -6708.541016 92.000526 872.000549
v -6703.000000 -464.245544 315.754456
v -6702.426270 99.594162 879.594177
v -6695.267090 106.079659 886.079651
v -6690.625000 -475.294098 304.705902
v -6687.239258 111.297417 891.297424
v -6678.541016 115.118919 895.118896
v -6669.386230 117.450249 897.450256
v -6645.000000 -507.555817 272.444183
v -6660.000000 118.233833 898.233826
v -6650.613770 117.450249 897.450256
v -6641.458984 115.118919 895.118896
v -6640.000000 -737.365540 42.634480
v -6640.000000 -526.559326 253.440674
v -6632.760742 111.297417 891.297424
v -6624.732910 106.079659 886.079651
v -6617.573730 99.594162 879.594177
v -6611.458984 92.000618 872.000610
v -6600.000000 75.807259 855.807251
v -6600.000000 128.840256 908.840271
v -6575.000000 93.484917 873.484924
v -6500.000000 -836.360474 -56.360458
v -6500.000000 -900.000000 -120.000000
v -6500.000000 -855.805908 -75.805901
v -6460.000000 -855.805908 -75.805901
v -6460.000000 -900.000000 -120.000000
v -6460.000000 -836.360474 -56.360458
v -6320.000000 -737.365540 42.634480
v -6360.000000 118.233658 898.233643
v -6360.000000 -454.522827 325.477173
v -6320.000000 -482.807098 297.192902
v -6317.573730 -424.556061 355.443939
v -6300.000000 54.594051 834.594055
v -6311.458984 -416.962433 363.037567
v -6306.539551 -408.447723 371.552277
v -6302.936523 -399.221680 380.778320
v -6300.738770 -389.511414 390.488586
v -6300.000000 -379.556000 400.444000
v -6505.000000 249.970963 1029.970947
v -6500.000000 224.299591 1004.299622
v -6500.000000 253.089767 1033.089844
v -6505.000000 224.299591 1004.299622
v -6460.000000 238.441727 1018.441772
v -6455.000000 224.299606 1004.299622
v -6455.002441 253.700027 1033.700073
v -6460.000000 224.299591 1004.299622
v -6390.000000 174.802170 940.660156
v -6405.000000 167.731110 933.589050
v -6390.000000 157.124496 922.982483
v -6555.000000 167.731110 933.589050
v -6570.000000 174.802170 940.660156
v -6570.000000 157.124496 922.982483
v -6495.000000 -355.527863 424.472137
v -6588.750000 -407.676971 372.323029
v -6581.875000 -416.957733 363.042267
v -6387.500000 -396.186493 383.813507
v -6465.000000 -355.527863 424.472137
v -6395.000000 -405.025330 374.974670
v -6363.750000 -405.025330 374.974670
v -6351.250000 -396.186493 383.813507
v -6351.250000 -421.819092 358.180908
v -6363.750000 -427.122406 352.877594
v -6342.500000 -442.148438 337.851563
v -6332.500000 -435.077362 344.922638
v -6592.500000 -403.257538 376.742401
v -6480.000000 -323.708008 456.291931
v -6377.500000 -396.186462 383.813477
v -6580.000000 -709.081238 70.918747
v -6580.000000 -673.725891 106.274094
v -6540.000000 -723.223389 56.776619
v -6420.000000 -723.223389 56.776619
v -6380.000000 -709.081238 70.918747
v -6380.000000 -673.725891 106.274094
v -6600.000000 -85.059502 694.940491
v -6600.000000 -49.704170 730.295837
v -6560.000000 -99.201637 680.798340
v -6400.000000 -143.395813 636.604187
v -6360.000000 -129.253677 650.746338
v -6360.000000 -93.898331 686.101685
v -6700.000000 -369.669983 410.329987
v -6720.000000 -369.669983 410.329987
v -6720.000000 -383.812103 396.187866
v -6700.000000 -355.527832 424.472137
v -6700.000000 -334.314636 445.685333
v -6720.000000 -334.314636 445.685333
v -6720.000000 -348.456757 431.543213
v -6700.000000 -320.172485 459.827484
v -6700.000000 -298.959290 481.040680
v -6720.000000 -298.959290 481.040680
v -6720.000000 -313.101410 466.898560
v -6700.000000 -284.817139 495.182831
v -6700.000000 -263.603943 516.395996
v -6720.000000 -263.603943 516.395996
v -6720.000000 -277.746094 502.253876
v -6700.000000 -249.461807 530.538147
v -6700.000000 -228.248611 551.751343
v -6720.000000 -228.248611 551.751343
v -6720.000000 -242.390747 537.609253
v -6700.000000 -214.106476 565.893494
v -6700.000000 -192.893265 587.106689
v -6720.000000 -192.893265 587.106689
v -6720.000000 -207.035400 572.964539
v -6700.000000 -178.751129 601.248840
v -6700.000000 -157.537949 622.462036
v -6720.000000 -157.537949 622.462036
v -6720.000000 -171.680069 608.319885
v -6700.000000 -143.395813 636.604126
v -6700.000000 -122.182617 657.817383
v -6720.000000 -122.182617 657.817383
v -6720.000000 -136.324753 643.675232
v -6700.000000 -108.040482 671.959473
v -6700.000000 -86.827278 693.172668
v -6720.000000 -86.827278 693.172668
v -6720.000000 -100.969414 679.030579
v -6700.000000 -72.685143 707.314819
v -6700.000000 -51.471939 728.528015
v -6720.000000 -51.471939 728.528015
v -6720.000000 -65.614067 714.385925
v -6700.000000 -37.329800 742.670166
v -6597.500000 -431.541687 348.458313
v -6626.250000 -448.806671 331.193329
v -6626.250000 -451.871002 328.128998
v -6600.000000 -429.773987 350.226013
v -6400.000000 -284.817139 495.182861
v -6464.676758 -249.693237 530.306763
v -6400.000000 -295.423737 484.576263
v -6458.301270 -243.599258 536.400757
v -6523.954590 115.436523 895.436462
v -6670.000000 12.167740 792.167725
v -6662.500000 6.864440 786.864380
v -6518.600586 108.629204 888.629150
v -6472.500000 -176.983398 603.016602
v -6494.541016 -150.791382 629.208618
v -6506.500488 -152.941330 627.058655
v -6465.000000 -171.680084 608.319885
v -6438.942871 110.422562 890.422607
v -6445.253418 104.287277 884.287354
v -6322.500000 17.470970 797.471008
v -6315.000000 22.774269 802.774292
v -6636.250000 -445.683960 334.316040
v -6675.000000 -486.342438 293.657562
v -6626.250000 -451.871124 328.128876
v -6684.375000 -479.713318 300.286682
v -6626.250000 -429.774048 350.225952
v -6636.250000 -422.702972 357.297028
v -6616.625000 -422.702972 357.297028
v -6605.500000 -429.774048 350.225952
v -6585.000000 150.053482 930.053467
v -6600.000000 153.589020 933.588989
v -6600.000000 139.446884 919.446838
v -6585.000000 164.195618 944.195618
v -6600.000000 180.105515 960.105469
v -6585.000000 176.569992 956.569946
v -6585.000000 190.712128 970.712097
v -6600.000000 165.963379 945.963379
v -6585.000000 203.086487 983.086487
v -6600.000000 206.622025 986.622009
v -6600.000000 192.479889 972.479858
v -6585.000000 217.228622 997.228577
v -6570.000000 153.589020 933.588989
v -6570.000000 139.446884 919.446838
v -6570.000000 180.105515 960.105469
v -6570.000000 165.963379 945.963379
v -6570.000000 206.622025 986.622009
v -6570.000000 192.479889 972.479858
v -6375.000000 150.053482 930.053467
v -6390.000000 153.589020 933.588989
v -6390.000000 139.446884 919.446838
v -6375.000000 164.195618 944.195618
v -6390.000000 180.105515 960.105469
v -6375.000000 176.569992 956.569946
v -6375.000000 190.712128 970.712097
v -6390.000000 165.963379 945.963379
v -6375.000000 203.086487 983.086487
v -6390.000000 206.622025 986.622009
v -6390.000000 192.479889 972.479858
v -6375.000000 217.228622 997.228577
v -6360.000000 153.589020 933.588989
v -6360.000000 139.446884 919.446838
v -6360.000000 180.105515 960.105469
v -6360.000000 165.963379 945.963379
v -6360.000000 206.622025 986.622009
v -6360.000000 192.479889 972.479858
v -6363.750000 -424.028809 355.971191
v -6390.625000 -405.025299 374.974701
v -6320.000000 -100.969452 679.030579
v -6300.000000 -100.969452 679.030579
v -6320.000000 -86.827316 693.172729
v -6300.000000 -115.111588 664.888428
v -6300.000000 -65.614113 714.385925
v -6320.000000 -65.614113 714.385925
v -6300.000000 -79.756248 700.243774
v -6320.000000 -51.471981 728.528076
v -6320.000000 -122.182663 657.817383
v -6320.000000 -136.324783 643.675232
v -6300.000000 -136.324783 643.675232
v -6300.000000 -143.395859 636.604187
v -6305.000000 -146.931396 633.068665
v -6620.000000 -12.580980 661.353027
v -6620.000000 150.053589 823.987549
v -6618.769043 166.645905 840.579895
v -6615.105469 182.829819 856.763794
v -6609.100586 198.206543 872.140503
v -6600.000000 -40.865250 633.068726
v -6600.901855 212.397797 886.331787
v -6600.000000 -231.781174 442.152802
v -6600.000000 -168.144547 505.789459
v -6590.710938 225.053726 898.987732
v -6578.778320 235.862823 909.796814
v -6545.000000 -251.226608 422.707367
v -6565.398926 244.559189 918.493164
v -6550.901855 250.928513 924.862488
v -6535.643555 254.813797 928.747803
v -6540.000000 -380.273529 293.660461
v -6540.000000 -337.847260 336.086731
v -6540.000000 -267.136505 406.797485
v -6520.000000 256.119598 930.053589
v -6500.000000 256.119598 930.053589
v -6500.000000 270.261719 944.195740
v -6490.000000 282.509247 956.443237
v -6470.000000 282.509247 956.443237
v -6460.000000 270.261719 944.195740
v -6460.000000 256.119598 930.053589
v -6440.000000 256.119598 930.053589
v -6424.356445 254.813797 928.747803
v -6420.000000 -337.847260 336.086731
v -6420.000000 -380.273529 293.660461
v -6420.000000 -267.136505 406.797485
v -6409.098633 250.928513 924.862488
v -6394.601074 244.559189 918.493164
v -6381.221680 235.862823 909.796814
v -6360.000000 -231.781174 442.152802
v -6415.000000 -251.226608 422.707367
v -6369.289551 225.053726 898.987732
v -6359.098145 212.397797 886.331787
v -6360.000000 -168.144547 505.789459
v -6360.000000 -40.865250 633.068726
v -6350.899414 198.206543 872.140503
v -6340.000000 -12.580980 661.353027
v -6344.894531 182.829819 856.763794
v -6341.231445 166.646027 840.580017
v -6340.000000 150.053589 823.987549
v -6493.750000 -285.701050 388.232941
v -6487.791504 -284.611481 389.322510
v -6466.250000 -285.701050 388.232941
v -6472.197754 -284.613373 389.320618
v -6580.000000 -221.177567 452.756439
v -6580.000000 -185.822220 488.111755
v -6540.000000 -235.319702 438.614288
v -6420.000000 -235.319702 438.614288
v -6380.000000 -221.177567 452.756439
v -6380.000000 -185.822220 488.111755
v -6480.000000 -155.770203 518.163818
v -6585.000000 -93.898361 580.035645
v -6487.681152 -162.709686 511.224304
v -6576.250000 -87.711182 586.222839
v -6375.000000 -93.898361 580.035645
v -6476.855957 -165.929810 508.004181
v -6383.750000 -87.711182 586.222839
v -6540.000000 -40.865318 633.068665
v -6480.000000 -70.917358 603.016602
v -6557.500000 -16.116590 657.817383
v -6480.000000 -83.291733 590.642273
v -6420.000000 -40.865318 633.068665
v -6402.500000 -16.116590 657.817383
v -6492.500000 206.622147 880.556152
v -6467.500000 206.622147 880.556152
v -6480.000000 215.460983 889.395020
v -6540.000000 -380.276581 293.657379
v -6540.000000 -369.670013 304.263977
v -6540.000000 -382.044281 295.425079
v -6520.000000 -369.670013 304.263977
v -6520.000000 -367.018341 306.915649
v -6540.000000 -367.018341 306.915649
v -6520.000000 -330.779083 343.154877
v -6540.000000 -337.850159 336.083801
v -6520.000000 -337.850159 336.083801
v -6540.000000 -330.779083 343.154877
v -6520.000000 -382.044281 295.425079
v -6520.000000 -380.276581 293.657379
v -6440.000000 -380.276428 293.657532
v -6440.000000 -371.437531 306.031830
v -6440.000000 -369.669830 304.264130
v -6440.000000 -382.044128 295.425232
v -6420.000000 -369.669830 304.264130
v -6420.000000 -371.437531 306.031830
v -6420.000000 -367.018188 306.915802
v -6440.000000 -367.018188 306.915802
v -6420.000000 -330.778961 343.154999
v -6440.000000 -337.850037 336.083923
v -6420.000000 -337.850037 336.083923
v -6440.000000 -330.778961 343.154999
v -6420.000000 -382.044128 295.425232
v -6420.000000 -380.276428 293.657532
v -6500.000000 -899.999878 -119.999908
v -6500.000000 -891.160950 -107.625610
v -6500.000000 -889.393250 -109.393303
v -6500.000000 -901.767578 -118.232208
v -6460.000000 -889.393250 -109.393303
v -6460.000000 -891.160950 -107.625610
v -6460.000000 -885.857910 -105.857933
v -6500.000000 -885.857910 -105.857933
v -6460.000000 -846.966980 -66.967041
v -6500.000000 -846.966980 -66.967041
v -6460.000000 -901.767578 -118.232208
v -6460.000000 -899.999878 -119.999908
v -6513.250000 -905.867004 -143.713181
v -6446.750000 -905.867004 -143.713181
v -6580.000000 309.152435 1075.010498
v -6600.084473 379.863098 1145.721191
v -6600.000000 295.010315 1060.868408
v -6360.000000 379.863098 1145.721191
v -6380.000000 309.152435 1075.010498
v -6360.000000 295.010315 1060.868408
v -6600.000000 372.792084 1152.792114
v -6560.000000 372.792084 1152.792114
v -6400.000000 372.792084 1152.792114
v -6360.000000 372.792084 1152.792114
v -6680.000000 -355.527740 410.330261
v -6700.000000 -1.974380 763.883667
v -6700.000000 -362.598816 403.259186
v -6680.000000 -9.045450 756.812561
v -6670.000000 -1.974380 763.883667
v -6670.000000 19.238819 785.096863
v -6640.000000 -380.276489 385.581543
v -6640.000000 -400.782593 365.075439
v -6640.000000 -1.974380 763.883667
v -6660.000000 -9.045450 756.812561
v -6640.000000 -79.756126 686.101868
v -6660.178223 -86.827202 679.030823
v -6640.000000 -93.898270 671.959778
v -6620.000000 -86.827202 679.030823
v -6620.000000 -393.004425 372.853607
v -6405.000000 -159.305649 606.552368
v -6330.000000 -132.789139 633.068848
v -6330.000000 -29.374920 736.483093
v -6610.000000 -602.131409 163.726593
v -6610.000000 -712.616699 53.241299
v -6545.000000 -735.597656 30.260330
v -6415.000000 -735.597656 30.260330
v -6350.000000 -712.616699 53.241299
v -6350.000000 -602.131409 163.726593
v -6410.000977 203.086426 862.878418
v -6422.500488 208.389740 868.181702
v -6398.855469 195.977768 855.769714
v -6390.503418 188.411407 848.203369
v -6407.188965 -29.816839 629.975098
v -6370.000488 22.774220 682.566162
v -6383.369141 179.552246 839.344238
v -6377.629883 169.618439 829.410400
v -6373.426270 158.854660 818.646606
v -6370.862305 147.526016 807.317993
v -6370.000488 135.911285 795.703247
v -6589.999512 22.774220 682.566162
v -6589.999512 135.911285 795.703247
v -6589.137695 147.526016 807.317993
v -6586.573730 158.854660 818.646606
v -6582.370117 169.618439 829.410400
v -6576.630859 179.552246 839.344238
v -6569.496582 188.411407 848.203369
v -6552.811035 -29.816839 629.975098
v -6561.144531 195.977768 855.769714
v -6549.999023 203.086426 862.878418
v -6537.499512 208.389740 868.181702
v -6502.750000 -386.250061 270.000031
v -6553.250000 -386.250061 270.000031
v -6407.000000 -386.250061 270.000031
v -6457.500000 -386.250061 270.000031
v -6543.703125 242.861908 1022.861938
v -6585.000000 234.906189 1014.906189
v -6570.000000 224.299591 1004.299622
v -6552.500000 257.887177 1037.887207
v -6530.142090 252.529053 1032.529053
v -6542.390625 267.069183 1047.069214
v -6526.199219 262.912781 1042.912842
v -6533.629883 269.347168 1049.347168
v -6528.652832 272.440674 1052.440674
v -6512.354004 245.410507 1025.410522
v -6432.500000 249.048325 1029.048340
v -6451.803223 263.466583 1043.466553
v -6438.404785 265.568237 1045.568237
v -6446.235840 270.568115 1050.568115
v -6390.000000 224.299591 1004.299622
v -6375.000000 234.906189 1014.906189
v -6417.500000 264.958130 1044.958130
v -6392.500000 -304.262634 475.737366
v -6405.000000 -313.101440 466.898560
v -6390.000000 -323.708069 456.291931
v -6390.000000 -344.921265 435.078705
v -6405.000000 -355.527863 424.472137
v -6390.000000 -366.134460 413.865540
v -6405.000000 -334.314667 445.685333
v -6405.000000 -376.741058 403.258942
v -6370.000000 -396.186493 383.813507
v -6316.250000 -358.179535 421.820465
v -6300.000000 -412.096405 367.903595
v -6351.250000 -408.560852 371.439148
v -6298.125000 -370.995819 409.004181
v -6540.000000 -694.939148 85.060913
v -6570.000000 -694.939148 85.060913
v -6555.000000 -705.545776 74.454300
v -6555.000000 -684.332581 95.667503
v -6570.000000 -673.726013 106.274109
v -6540.000000 -673.725952 106.274109
v -6555.000000 -663.119324 116.880707
v -6525.000000 -705.545715 74.454300
v -6525.000000 -684.332581 95.667503
v -6510.000000 -694.939148 85.060913
v -6495.000000 -726.758972 53.241100
v -6495.000000 -705.545776 74.454300
v -6510.000000 -716.152344 63.847698
v -6480.000000 -716.152344 63.847698
v -6495.000000 -684.332581 95.667503
v -6480.000000 -694.939148 85.060913
v -6465.000000 -726.758972 53.241100
v -6465.000000 -705.545776 74.454300
v -6450.000000 -716.152344 63.847698
v -6465.000000 -684.332581 95.667503
v -6450.000000 -694.939148 85.060913
v -6420.000000 -694.939148 85.060913
v -6435.000000 -684.332581 95.667503
v -6435.000000 -705.545715 74.454300
v -6390.000000 -694.939148 85.060913
v -6405.000000 -684.332581 95.667503
v -6405.000000 -705.545776 74.454300
v -6405.000000 -663.119324 116.880707
v -6390.000000 -673.725952 106.274109
v -6420.000000 -673.725952 106.274109
v -6585.000000 -663.119324 116.880707
v -6600.000000 -673.725952 106.274109
v -6577.500000 -679.029236 100.970810
v -6382.500000 -679.029236 100.970810
v -6375.000000 -663.119324 116.880707
v -6360.000000 -673.725952 106.274109
v -6448.087402 -227.704239 552.295776
v -6455.158691 -225.329773 554.670227
v -6456.347656 -241.731888 538.268127
v -6449.199707 -220.116974 559.883057
v -6437.566895 -242.660873 537.339111
v -6422.389160 -252.439804 527.560181
v -6422.389648 -252.439804 527.560181
v -6400.000000 -242.390778 537.609253
v -6424.378906 -238.614105 541.385925
v -6421.938965 -231.306580 548.693420
v -6398.845215 -234.957001 545.042969
v -6404.793945 -215.261475 564.738525
v -6400.755371 -217.063248 562.936768
v -6300.000000 -242.390701 537.609314
v -6388.005371 -194.303818 585.696228
v -6379.419922 -209.019913 570.980103
v -6330.000000 -207.035370 572.964661
v -6378.197266 -183.924011 596.075989
v -6382.141113 -223.781815 556.218201
v -6375.623047 -174.774445 605.225586
v -6300.000000 -228.248566 551.751465
v -6630.727539 79.259171 859.259216
v -6624.643555 86.655930 866.655945
v -6631.956055 85.259331 865.259399
v -6615.045898 69.532494 849.532532
v -6701.624512 -10.041430 769.958618
v -6722.556152 54.312370 834.312439
v -6720.534180 -23.347679 756.652344
v -6699.815430 58.569141 838.569153
v -6711.253418 67.543404 847.543457
v -6702.873047 71.189743 851.189758
v -6688.250000 44.936581 824.936584
v -6657.500000 21.006550 801.006592
v -6657.499512 21.006439 801.006470
v -6668.477051 37.574589 817.574646
v -6653.679199 64.386597 844.386658
v -6652.725098 59.872002 839.872070
v -6642.880371 59.918900 839.918945
v -6644.388672 47.957550 827.957642
v -6609.375000 55.036079 835.036133
v -6648.236328 33.760460 813.760498
v -6627.767090 60.082512 840.082581
v -6627.766602 60.082432 840.082458
v -6605.461914 84.477722 864.477783
v -6600.832031 78.034431 858.034485
v -6615.046387 69.532562 849.532593
v -6575.000000 93.484947 873.485046
v -6600.000000 139.446884 919.446960
v -6577.231445 96.615463 876.615479
v -6584.432129 115.957512 895.957581
v -6570.000000 139.446884 919.446960
v -6577.848145 129.144989 909.145020
v -6551.250000 96.136597 876.136658
v -6568.180176 107.875504 887.875549
v -6558.298340 131.693329 911.693359
v -6560.103027 96.989937 876.989990
v -6560.000000 165.963394 945.963440
v -6554.375000 165.963394 945.963440
v -6520.000000 194.247681 974.247742
v -6537.222656 162.408997 942.409058
v -6526.527344 154.629333 934.629395
v -6520.855957 160.317291 940.317322
v -6506.600098 168.133575 948.133606
v -6480.000000 165.963394 945.963440
v -6505.825195 154.569016 934.569031
v -6501.868652 149.142685 929.142700
v -6455.357910 149.146286 929.146301
v -6431.918945 159.609482 939.609436
v -6452.000000 185.762390 965.762451
v -6449.434570 139.739777 919.739807
v -6443.763672 143.923874 923.923889
v -6440.750000 186.292709 966.292786
v -6407.620117 164.062561 944.062622
v -6428.789063 148.088226 928.088257
v -6413.732910 151.377701 931.377747
v -6423.334473 140.097153 920.097168
v -6393.960449 122.026123 902.026184
v -6381.976563 127.492378 907.492432
v -6390.000000 134.143585 914.143616
v -6390.000000 139.446884 919.446960
v -6359.960938 129.537750 909.537842
v -6374.107910 109.268494 889.268555
v -6386.927734 99.658348 879.658386
v -6367.392578 96.835297 876.835327
v -6398.717773 81.976791 861.976807
v -6330.000000 33.380878 813.380920
v -6387.317871 87.755409 867.755432
v -6371.083008 118.274773 898.274841
v -6370.000000 89.949417 869.949463
v -6340.000000 58.129620 838.129639
v -6360.000000 139.446884 919.446960
v -6330.000000 86.413887 866.413940
v -6715.000000 -453.638855 326.361176
v -6685.625000 -480.597351 299.402649
v -6718.750000 -423.586823 356.413208
v -6636.250000 -435.961182 344.038849
v -6686.250000 -400.605927 379.394104
v -6555.000000 -376.741028 403.258942
v -6585.000000 -376.741028 403.258942
v -6570.000000 -387.347626 392.652344
v -6570.000000 -366.134430 413.865540
v -6585.000000 -355.527832 424.472076
v -6555.000000 -355.527832 424.472137
v -6570.000000 -344.921234 435.078735
v -6585.000000 -334.314636 445.685394
v -6555.000000 -334.314636 445.685333
v -6570.000000 -323.708038 456.291901
v -6540.000000 -387.347626 392.652344
v -6540.000000 -408.560852 371.439117
v -6525.000000 -397.954254 382.045715
v -6555.000000 -397.954254 382.045715
v -6540.000000 -344.921234 435.078735
v -6540.000000 -366.134430 413.865540
v -6525.000000 -355.527832 424.472137
v -6540.000000 -323.708038 456.291901
v -6525.000000 -334.314636 445.685333
v -6525.000000 -440.380646 339.619324
v -6495.000000 -440.380646 339.619324
v -6510.000000 -429.774048 350.225922
v -6510.000000 -450.987244 329.012726
v -6510.000000 -408.560852 371.439117
v -6525.000000 -419.167450 360.832520
v -6495.000000 -419.167450 360.832520
v -6510.000000 -387.347626 392.652344
v -6495.000000 -397.954254 382.045715
v -6510.000000 -366.134430 413.865570
v -6525.000000 -376.741028 403.258942
v -6495.000000 -376.741028 403.258942
v -6510.000000 -323.708038 456.291901
v -6510.000000 -344.921234 435.078735
v -6495.000000 -334.314636 445.685333
v -6465.000000 -440.380646 339.619324
v -6480.000000 -429.774048 350.225922
v -6480.000000 -450.987244 329.012726
v -6480.000000 -408.560852 371.439117
v -6465.000000 -419.167450 360.832520
v -6480.000000 -387.347626 392.652344
v -6465.000000 -397.954254 382.045715
v -6465.000000 -376.741028 403.258942
v -6495.000000 -313.101440 466.898529
v -6465.000000 -313.101440 466.898529
v -6480.000000 -302.494812 477.505157
v -6450.000000 -450.987244 329.012726
v -6450.000000 -429.774048 350.225922
v -6435.000000 -440.380646 339.619324
v -6435.000000 -419.167450 360.832520
v -6450.000000 -408.560852 371.439117
v -6435.000000 -397.954254 382.045746
v -6450.000000 -387.347626 392.652344
v -6435.000000 -376.741028 403.258942
v -6450.000000 -366.134430 413.865570
v -6435.000000 -334.314636 445.685333
v -6465.000000 -334.314636 445.685333
v -6450.000000 -344.921234 435.078735
v -6450.000000 -323.708038 456.291931
v -6435.000000 -313.101440 466.898529
v -6450.000000 -302.494812 477.505157
v -6405.000000 -419.167450 360.832520
v -6420.000000 -429.774048 350.225922
v -6420.000000 -408.560883 371.439117
v -6420.000000 -387.347626 392.652344
v -6405.000000 -397.954254 382.045715
v -6420.000000 -344.921234 435.078735
v -6420.000000 -366.134430 413.865540
v -6435.000000 -355.527832 424.472137
v -6420.000000 -323.708038 456.291931
v -6420.000000 -302.494812 477.505188
v -6375.000000 -419.167450 360.832520
v -6390.000000 -429.774048 350.225922
v -6390.000000 -408.560852 371.439117
v -6585.000000 -419.167450 360.832520
v -6570.000000 -429.774048 350.225922
v -6570.000000 -408.560883 371.439117
v -6555.000000 -419.167450 360.832520
v -6540.000000 -429.774048 350.225922
v -6420.000000 -281.281616 498.718353
v -6435.000000 -291.888214 488.111755
v -6405.000000 -291.888214 488.111755
v -6520.000000 -330.779083 343.155029
v -6540.000000 -295.423767 378.510376
v -6540.000000 -330.779114 343.155029
v -6510.000000 -274.210571 399.723572
v -6507.306152 -302.494843 371.439301
v -6503.647949 -312.148956 361.785156
v -6503.647949 -292.840698 381.093414
v -6493.653320 -319.216278 354.717834
v -6493.750000 -285.701050 388.233093
v -6489.479980 -320.007050 353.927094
v -6470.502441 -320.003632 353.930481
v -6440.000000 -330.779175 343.154999
v -6466.347168 -319.216339 354.717773
v -6456.352539 -292.840759 381.093353
v -6450.000000 -274.210632 399.723480
v -6456.352539 -312.149017 361.785095
v -6452.693848 -302.494904 371.439240
v -6420.000000 -295.423828 378.510284
v -6420.000000 -330.779175 343.154968
v -6600.000000 174.802444 848.736450
v -6620.000000 174.802567 848.736511
v -6620.000000 128.840500 802.774475
v -6600.000000 128.840347 802.774292
v -6602.500000 217.228928 891.162842
v -6585.000000 213.693253 887.627136
v -6585.000000 174.802505 848.736511
v -6560.000000 234.906372 908.840332
v -6565.000000 247.280884 921.214844
v -6555.000000 204.854324 878.788269
v -6532.088867 248.996536 922.930481
v -6520.000000 213.693130 887.627014
v -6520.000000 206.622101 880.556030
v -6500.000000 206.622101 880.556030
v -6480.000000 220.712265 894.646240
v -6440.000000 213.693130 887.627014
v -6460.000000 206.622101 880.556030
v -6440.000000 206.622101 880.556030
v -6427.911133 248.996475 922.930420
v -6400.000000 234.906296 908.840271
v -6395.000000 247.280716 921.214661
v -6405.000000 204.854324 878.788269
v -6375.000000 213.693100 887.627014
v -6375.000000 174.802078 848.736023
v -6357.500000 217.228409 891.162354
v -6360.000000 174.802231 848.736206
v -6360.000000 128.840073 802.774048
v -6340.000000 174.802002 848.736023
v -6340.000000 128.840073 802.774048
v -6442.687012 -197.987305 475.946655
v -6434.705078 -204.841888 469.092072
v -6431.087891 -190.362045 483.571930
v -6440.766602 -207.776581 466.157410
v -6600.000000 -185.822174 488.111816
v -6570.000000 -146.931305 527.002686
v -6570.000000 -125.718140 548.215820
v -6585.000000 -136.324738 537.609253
v -6585.000000 -115.111542 558.822449
v -6570.000000 -104.504936 569.429016
v -6570.000000 -83.291733 590.642212
v -6585.000000 -72.685127 601.248840
v -6546.384766 -193.003342 480.930634
v -6560.000000 -217.641937 456.292053
v -6521.574707 -95.468613 578.465393
v -6521.574707 -71.114861 602.819092
v -6520.000488 -139.860275 534.073669
v -6532.108398 -204.631668 469.302307
v -6532.392090 -224.444336 449.489624
v -6527.337402 -216.123840 457.810150
v -6525.000488 -83.291733 590.642212
v -6511.820313 -60.791641 613.142334
v -6497.274902 -171.377197 502.556793
v -6518.939453 -193.848297 480.085693
v -6497.432129 -195.779160 478.154816
v -6502.661133 -187.648285 486.285675
v -6499.714355 -204.922562 469.011414
v -6476.856445 -165.929794 508.004181
v -6473.733398 -176.020996 497.912994
v -6440.000488 -139.860275 534.073669
v -6454.992676 -183.954056 489.979889
v -6438.425781 -95.468613 578.465393
v -6448.180664 -60.791641 613.142334
v -6438.425781 -71.114861 602.819092
v -6420.000488 -40.865330 633.068665
v -6390.000488 -83.291733 590.642212
v -6435.000488 -83.291733 590.642212
v -6380.000488 -185.822159 488.111816
v -6383.750488 -87.711151 586.222839
v -6409.158691 -222.061401 451.872589
v -6416.654785 -209.034500 464.899445
v -6418.469238 -222.061401 451.872589
v -6390.000488 -146.931305 527.002686
v -6390.000488 -125.718140 548.215820
v -6390.000488 -104.504936 569.429016
v -6375.000488 -136.324738 537.609253
v -6375.000488 -115.111542 558.822449
v -6375.000488 -72.685127 601.248840
v -6360.000488 -168.144501 505.789459
v -6360.000488 -185.822174 488.111816
v -6570.000000 43.987480 717.921631
v -6585.000000 54.594158 728.528137
v -6585.000000 33.380951 707.314941
v -6555.000000 54.594158 728.528137
v -6555.000000 33.380951 707.314941
v -6570.000000 111.162582 785.096680
v -6555.000000 100.556023 774.490112
v -6555.000000 121.769241 795.703308
v -6540.000000 43.987480 717.921631
v -6540.000000 111.162697 785.096680
v -6525.000000 12.167680 686.101807
v -6540.000000 1.561150 675.495117
v -6525.000000 -9.045520 664.888611
v -6540.000000 22.774281 696.708435
v -6525.000000 33.380951 707.314941
v -6525.000000 54.594158 728.528137
v -6540.000000 68.736221 742.670349
v -6525.000000 58.129688 732.063660
v -6525.000000 79.342827 753.276917
v -6525.000000 100.556030 774.490173
v -6540.000000 89.949493 763.883484
v -6525.000000 121.769234 795.703369
v -6540.000000 132.375900 806.309875
v -6525.000000 142.982437 816.916565
v -6510.000000 1.561150 675.495117
v -6510.000000 22.774281 696.708435
v -6510.000000 43.987480 717.921631
v -6510.000000 68.736214 742.670349
v -6510.000000 89.949493 763.883484
v -6510.000000 111.162697 785.096680
v -6510.000000 132.375900 806.309875
v -6510.000000 -40.865261 633.068726
v -6495.000000 -51.471931 622.462219
v -6495.000000 -30.258730 643.675354
v -6510.000000 -19.652050 654.281921
v -6495.000000 -9.045520 664.888611
v -6495.000000 12.167680 686.101807
v -6495.000000 33.380951 707.314941
v -6495.000000 54.594158 728.528137
v -6495.000000 58.129688 732.063660
v -6495.000000 79.342827 753.276917
v -6495.000000 100.556030 774.490173
v -6495.000000 121.769234 795.703369
v -6495.000000 142.982437 816.916565
v -6480.000000 -40.865261 633.068787
v -6480.000000 -19.652050 654.281921
v -6480.000000 1.561150 675.495117
v -6480.000000 22.774281 696.708435
v -6480.000000 43.987480 717.921631
v -6480.000000 68.736214 742.670349
v -6480.000000 89.949493 763.883484
v -6480.000000 111.162697 785.096680
v -6480.000000 132.375900 806.309875
v -6465.000000 -51.471931 622.462219
v -6465.000000 -30.258730 643.675354
v -6465.000000 -9.045520 664.888611
v -6465.000000 12.167680 686.101807
v -6465.000000 33.380951 707.314941
v -6465.000000 54.594158 728.528137
v -6465.000000 58.129688 732.063660
v -6465.000000 79.342827 753.276917
v -6465.000000 100.556030 774.490173
v -6465.000000 121.769234 795.703369
v -6465.000000 142.982437 816.916565
v -6450.000000 -40.865261 633.068726
v -6450.000000 -19.652050 654.281921
v -6450.000000 1.561150 675.495117
v -6450.000000 22.774281 696.708435
v -6450.000000 43.987480 717.921631
v -6450.000000 68.736214 742.670349
v -6450.000000 89.949493 763.883484
v -6450.000000 111.162697 785.096680
v -6450.000000 132.375900 806.309875
v -6435.000000 12.167680 686.101807
v -6435.000000 -9.045520 664.888611
v -6435.000000 33.380951 707.314941
v -6435.000000 54.594158 728.528137
v -6435.000000 58.129688 732.063660
v -6435.000000 79.342827 753.276917
v -6435.000000 100.556030 774.490173
v -6435.000000 121.769234 795.703369
v -6435.000000 142.982437 816.916565
v -6420.000000 1.561150 675.495117
v -6420.000000 22.774281 696.708435
v -6420.000000 43.987480 717.921631
v -6420.000000 68.736221 742.670349
v -6420.000000 89.949493 763.883484
v -6420.000000 111.162697 785.096680
v -6420.000000 132.375900 806.309875
v -6405.000000 54.594158 728.528137
v -6405.000000 33.380951 707.314941
v -6405.000000 100.556030 774.490173
v -6405.000000 121.769234 795.703369
v -6390.000000 43.987480 717.921631
v -6390.000000 111.162697 785.096680
v -6375.000000 54.594158 728.528137
v -6375.000000 33.380951 707.314941
v -6375.000000 121.769234 795.703369
v -6375.000000 100.556030 774.490173
v -6375.000000 142.982437 816.916565
v -6390.000000 132.375900 806.309875
v -6551.250000 -281.281616 498.718384
v -6533.750000 -238.855240 541.144775
v -6551.250000 -196.428848 583.571167
v -6570.644043 -57.388771 723.494934
v -6589.208496 -39.447361 740.552551
v -6571.902344 -60.320999 719.678955
v -6584.594727 -40.510502 740.373230
v -6584.426270 -38.488789 742.394897
v -6569.654785 -14.742430 765.257507
v -6568.721680 -18.418770 762.464966
v -6537.761230 -61.951931 718.048035
v -6568.194824 -58.460171 722.423523
v -6540.607422 -59.751930 721.131775
v -6566.171875 -17.439590 763.444153
v -6534.024902 -17.025120 762.974854
v -6537.311035 -19.288151 761.595581
v -6519.737793 -39.845951 741.037781
v -6515.228027 -38.551220 741.448730
v -6538.124023 -58.742950 722.140747
v -6519.637207 -37.795410 743.088318
v -6534.861816 -20.359550 760.524170
v -6608.193848 1.443030 782.326782
v -6617.118652 24.860439 804.860535
v -6610.368652 -1.302540 778.697510
v -6613.599121 22.578590 803.462341
v -6612.690918 24.391760 805.275513
v -6590.267090 39.072399 819.072449
v -6590.941406 35.903568 816.787354
v -6580.371582 -5.427800 775.455994
v -6578.255859 -7.895110 772.104919
v -6606.445313 -0.031080 780.852661
v -6562.210449 30.846491 811.730286
v -6558.076660 32.409790 812.409851
v -6588.284180 36.243351 817.127136
v -6555.964844 6.423680 787.307434
v -6551.403809 6.317050 786.317078
v -6577.714844 -5.088100 775.795654
v -6555.056641 8.237460 789.121216
v -6560.461426 29.373020 810.256775
v -6702.872070 105.146347 885.146362
v -6694.814453 99.142517 879.142578
v -6684.121094 95.775932 875.775940
v -6672.419434 95.559250 875.559265
v -6661.491699 98.525436 878.525452
v -6653.000977 104.222954 884.222961
v -6648.239746 111.784317 891.784363
v -6647.949707 120.077423 900.077454
v -6458.409180 -756.293030 23.707010
v -6460.750000 -747.972107 32.027882
v -6458.409180 -739.651245 40.348759
v -6451.743652 -732.597107 47.402939
v -6451.743652 -763.347107 16.652910
v -6441.767578 -768.060486 11.939550
v -6441.767578 -727.883728 52.116291
v -6430.000000 -769.715637 10.284350
v -6430.000000 -726.228577 53.771420
v -6418.232422 -768.060486 11.939550
v -6418.232422 -727.883728 52.116291
v -6408.256348 -763.347107 16.652910
v -6408.256348 -732.597107 47.402939
v -6401.590820 -739.651184 40.348839
v -6401.590820 -756.292908 23.707081
v -6399.250000 -747.972107 32.027882
v -6558.409180 -756.293030 23.707010
v -6560.750000 -747.972107 32.027882
v -6558.409180 -739.651245 40.348759
v -6551.743652 -732.597107 47.402939
v -6551.743652 -763.347107 16.652910
v -6541.767578 -768.060486 11.939550
v -6541.767578 -727.883728 52.116291
v -6530.000000 -769.715637 10.284350
v -6530.000000 -726.228577 53.771420
v -6518.232422 -768.060486 11.939550
v -6518.232422 -727.883728 52.116291
v -6508.256348 -763.347107 16.652910
v -6508.256348 -732.597107 47.402939
v -6501.590820 -739.651184 40.348839
v -6501.590820 -756.292908 23.707081
v -6499.250000 -747.972107 32.027882
v -6425.307617 -475.946533 304.937195
v -6411.581543 -456.532257 323.467743
v -6429.454590 -476.600739 303.399231
v -6410.830078 -459.690948 321.192810
v -6409.486816 -496.234863 284.648865
v -6410.010254 -499.273590 280.726410
v -6425.237305 -477.869537 303.014191
v -6381.443359 -457.137604 323.746124
v -6378.151855 -454.601898 325.398102
v -6408.521484 -458.701019 322.182709
v -6380.030273 -495.604950 285.278778
v -6376.581543 -497.343597 282.656403
v -6407.107910 -497.168304 283.715424
v -6363.313965 -476.435852 304.447876
v -6358.707520 -477.274750 302.725281
v -6379.064453 -458.070557 322.813171
v -6363.243652 -478.359222 302.524506
v -6377.721680 -494.615021 286.268707
v -6599.161621 -477.690887 303.192902
v -6587.356934 -453.113434 326.886566
v -6603.750000 -478.942413 301.057617
v -6586.023438 -456.718933 324.164825
v -6583.073730 -495.656830 285.226929
v -6583.906250 -498.654419 281.345612
v -6599.077148 -479.715179 301.168579
v -6583.605957 -455.584381 325.299377
v -6551.580566 -453.163239 326.836761
v -6554.627441 -455.624420 325.259338
v -6549.693848 -498.147980 281.852051
v -6580.500488 -496.571198 284.312561
v -6552.859375 -496.135895 284.747864
v -6534.711914 -472.956177 307.927582
v -6530.170410 -473.432220 306.567810
v -6552.053711 -456.538696 324.345062
v -6534.556152 -475.005005 305.878754
v -6550.511719 -494.975891 285.907867
v -6653.945313 -500.264221 279.735748
v -6642.719238 -497.920380 282.079590
v -6631.078613 -498.792725 281.207245
v -6620.796875 -502.748505 277.251465
v -6613.438477 -509.185425 270.814545
v -6611.357422 -525.354553 254.645416
v -6616.951660 -532.625061 247.374939
v -6610.123535 -517.123657 262.876282
v -6663.048340 -505.467438 274.532501
v -6503.397949 94.920937 875.804688
v -6529.769531 122.830566 902.830566
v -6504.472168 90.666054 870.666077
v -6524.072266 120.910004 901.793762
v -6523.863281 123.573174 904.456909
v -6501.264160 144.886154 925.769897
v -6464.418945 92.795990 873.679749
v -6460.000000 89.949547 869.949524
v -6500.350098 93.408836 874.292603
v -6460.242188 146.073669 926.957397
v -6497.915527 146.070465 926.954224
v -6434.000000 115.228523 895.228516
v -6461.070313 93.980263 874.864014
v -6440.576172 114.420021 895.303772
v -6440.094727 117.309036 898.192810
v -6457.103027 144.594757 925.478516
v -6450.000000 -171.680069 608.319946
v -6447.716309 -179.798004 600.202026
v -6447.716309 -163.562119 616.437866
v -6441.212891 -186.679993 593.320007
v -6441.212891 -156.680069 623.319946
v -6431.480469 -191.278519 588.721497
v -6431.480469 -152.081604 627.918396
v -6420.000000 -192.893265 587.106750
v -6420.000000 -150.466858 629.533142
v -6408.519531 -191.278458 588.721558
v -6408.519531 -152.081604 627.918396
v -6398.786621 -186.679993 593.320007
v -6398.786621 -156.680069 623.319946
v -6392.283691 -179.798004 600.202026
v -6392.283691 -163.562119 616.437866
v -6390.000000 -171.680069 608.319946
v -6571.574707 -129.253677 650.746338
v -6569.171387 -137.797806 642.202209
v -6569.171387 -120.709503 659.290527
v -6562.326660 -145.041107 634.958862
v -6562.326660 -113.466164 666.533813
v -6552.083496 -149.881042 630.118958
v -6552.083496 -108.626320 671.373657
v -6540.000000 -151.580582 628.419434
v -6540.000000 -106.926788 673.073242
v -6527.916992 -149.880981 630.119019
v -6527.916992 -108.626320 671.373657
v -6517.673340 -145.041107 634.958862
v -6517.673340 -113.466164 666.533813
v -6510.828613 -137.797806 642.202209
v -6510.828613 -120.709503 659.290527
v -6508.424805 -129.253677 650.746338
v -6493.652832 253.540344 927.474304
v -6503.647461 260.607666 934.541626
v -6480.000000 250.953537 924.887512
v -6466.347168 253.540344 927.474304
v -6456.352539 260.607666 934.541626
v -6492.618652 -252.997391 420.936615
v -6507.716309 -244.879440 429.054535
v -6510.000000 -252.997391 420.936615
v -6491.658203 -249.582840 424.351135
v -6501.212891 -237.997391 435.936615
v -6488.922852 -246.688171 427.245819
v -6491.480469 -233.398926 440.535065
v -6484.829102 -244.753998 429.179993
v -6480.000000 -231.784180 442.149811
v -6480.000000 -244.074753 429.859222
v -6468.519531 -233.398926 440.535065
v -6475.171387 -244.753998 429.179993
v -6458.786621 -237.997391 435.936615
v -6471.077637 -246.688171 427.245819
v -6452.283691 -244.879440 429.054535
v -6468.342285 -249.582840 424.351135
v -6450.000000 -252.997391 420.936615
v -6467.381348 -252.997391 420.936615
v -6510.000000 -83.291733 590.642273
v -6507.716309 -91.409599 582.524353
v -6507.716309 -75.173767 598.760193
v -6501.212891 -98.291634 575.642334
v -6501.212891 -68.291733 605.642212
v -6491.480469 -102.890083 571.043884
v -6480.000000 -104.504929 569.429016
v -6468.519531 -102.890083 571.043884
v -6458.786621 -98.291733 575.642273
v -6452.283691 -91.409653 582.524353
v -6452.283691 -75.173767 598.760193
v -6458.787109 -68.291733 605.642212
v -6450.000000 -83.291733 590.642273
v -6711.253418 67.543533 847.543518
v -6719.588379 60.764919 840.764893
v -6722.555664 54.312439 834.312439
v -6713.003906 68.944603 848.944580
v -6700.954102 73.793854 853.793823
v -6697.372559 59.136311 839.136292
v -6686.515137 46.431309 826.431274
v -6688.250000 44.936699 824.936646
v -6668.477539 37.574780 817.574768
v -6666.650879 38.991261 818.991211
v -6657.632813 25.029510 805.029480
v -6657.478027 21.102961 801.102905
v -6655.262207 59.228241 839.228210
v -6653.679199 64.386726 844.386719
v -6656.694336 67.658150 847.658142
v -6652.724609 59.872120 839.872070
v -6650.667480 34.101051 814.101013
v -6647.008789 47.531979 827.531921
v -6644.388184 47.957581 827.957581
v -6642.348633 61.673840 841.673828
v -6642.879883 59.919010 839.919006
v -6627.766602 60.082561 840.082520
v -6626.429199 61.840790 841.840759
v -6633.027832 78.314598 858.314575
v -6634.727051 86.645157 866.645142
v -6630.728027 79.259293 859.259277
v -6624.409180 88.421341 868.421326
v -6624.643555 86.656059 866.656006
v -6617.249512 68.509933 848.509888
v -6613.107910 57.991150 837.991150
v -6607.551758 86.684563 866.684509
v -6605.461914 84.477898 864.477844
v -6550.100586 262.796356 1042.796509
v -6552.499512 275.565063 1055.565186
v -6552.499512 257.887390 1037.887451
v -6549.999512 275.565063 1055.565186
v -6549.999512 287.939423 1067.939575
v -6547.406738 287.939423 1067.939575
v -6542.390625 267.069397 1047.069458
v -6543.709961 268.461914 1048.462036
v -6534.595215 270.660156 1050.660278
v -6533.629395 269.347565 1049.347656
v -6537.106934 245.027740 1025.027832
v -6530.142090 252.529419 1032.529541
v -6543.702637 242.862289 1022.862427
v -6528.116211 251.512329 1031.512451
v -6528.652344 272.440979 1052.441162
v -6527.351074 275.228973 1055.229126
v -6523.874512 262.987274 1042.987427
v -6526.199219 262.912994 1042.913086
v -6512.354004 245.410782 1025.410889
v -6513.364258 247.224503 1027.224609
v -6492.168457 257.968445 1037.968506
v -6490.234375 261.402130 1041.402222
v -6489.541016 252.411835 1032.411987
v -6491.956055 251.633240 1031.633423
v -6481.377441 243.829910 1023.830017
v -6478.646484 244.649506 1024.649658
v -6477.535156 229.330963 1009.331055
v -6479.999512 224.299820 1004.299927
v -6459.999512 238.441956 1018.442078
v -6462.146484 239.591644 1019.591797
v -6451.803223 263.466888 1043.467041
v -6454.068359 264.159851 1044.159912
v -6446.235352 270.568512 1050.568604
v -6446.958984 273.054565 1053.054688
v -6436.438477 266.593781 1046.593872
v -6438.404297 265.568573 1045.568726
v -6431.510742 253.447678 1033.447754
v -6432.499512 249.048553 1029.048706
v -6417.499512 264.958374 1044.958496
v -6419.999512 265.842346 1045.842407
v -6417.499512 275.565063 1055.565186
v -6419.999512 276.135132 1056.135254
v -6411.824707 287.939423 1067.939575
v -6408.749512 287.939423 1067.939575
v -6492.500488 -29.374861 750.625183
v -6489.257324 20.469601 800.469604
v -6492.500000 24.542110 804.542175
v -6489.257324 -25.492420 754.507568
v -6448.750488 -29.374861 750.625122
v -6486.757324 -27.260189 752.739807
v -6444.120117 -27.249100 752.750916
v -6486.757324 22.237289 802.237305
v -6436.250488 24.542030 804.542053
v -6441.757324 22.237289 802.237305
v -6454.548340 -43.062538 736.937439
v -6459.498535 -45.383560 734.616455
v -6436.250000 -9.487400 770.512573
v -6439.257324 20.469521 800.469543
v -6439.251465 -19.866039 760.133972
v -6420.477051 -58.222481 721.777527
v -6453.339355 -45.411758 734.588257
v -6415.104980 -58.025421 721.974609
v -6427.078125 -1.406900 778.593079
v -6427.349121 3.494550 783.494568
v -6434.537598 -67.646950 712.353027
v -6440.939453 -67.832428 712.167664
v -6408.750488 -100.969421 679.030579
v -6435.151855 -70.108963 709.891052
v -6409.340820 -96.174179 683.825806
v -6382.972168 -13.999480 766.000549
v -6376.581543 -13.853390 766.146667
v -6423.755859 -0.551850 779.448181
v -6381.292969 -41.284241 738.715759
v -6398.429199 -46.734539 733.265442
v -6406.667480 -53.847839 726.152161
v -6378.480957 -36.855911 743.144104
v -6381.762695 -16.348669 763.651306
v -6352.614258 -70.245644 709.754333
v -6346.002441 -69.789268 710.210754
v -6405.858887 -96.608353 683.391663
v -6377.811035 -41.718330 738.281677
v -6352.000000 -67.783630 712.216370
v -6587.630371 -592.685669 187.314346
v -6547.874023 -571.305298 208.694702
v -6545.563965 -567.779541 212.220505
v -6582.346191 -591.758728 188.241257
v -6540.873047 -629.458069 150.541946
v -6539.528809 -633.378113 146.621902
v -6582.654297 -594.249146 185.750854
v -6535.341309 -576.266357 203.733643
v -6544.352051 -571.523254 208.476761
v -6531.200684 -582.605591 197.394424
v -6537.209961 -558.409302 221.590683
v -6540.528809 -555.269226 224.730759
v -6502.878906 -609.222534 170.777435
v -6497.501465 -608.299927 171.700089
v -6537.351074 -629.675903 150.324081
v -6490.865723 -550.835999 229.164032
v -6486.394531 -548.483704 231.516296
v -6535.182129 -556.361450 223.638550
v -6502.136230 -604.324341 175.675644
v -6502.570801 -606.732056 173.267944
v -6506.930664 -603.058167 176.941864
v -6478.710449 -599.581482 180.418549
v -6473.160645 -600.605164 179.394821
v -6483.747070 -558.862671 221.137314
v -6487.969727 -552.269897 227.730087
v -6483.762695 -569.140686 210.859314
v -6478.207031 -547.190674 232.809311
v -6479.746582 -543.353638 236.646347
v -6473.857422 -598.003906 181.996109
v -6476.682617 -597.533569 182.466415
v -6477.111816 -595.810852 184.189117
v -6443.149902 -600.027710 179.972305
v -6438.770996 -602.551086 177.448929
v -6430.994629 -551.282166 228.717865
v -6425.647949 -550.025757 229.974243
v -6475.311035 -545.756775 234.243256
v -6437.546387 -598.530090 181.469879
v -6440.253906 -598.593750 181.406250
v -6439.394531 -595.148315 184.851685
v -6420.034180 -606.632751 173.367218
v -6417.474609 -610.476563 169.523453
v -6427.505859 -557.921814 222.078156
v -6428.966797 -553.330078 226.669907
v -6431.674805 -564.189453 215.810532
v -6413.032715 -548.480042 231.519958
v -6411.876465 -544.735901 235.264084
v -6374.730469 -571.205933 208.794052
v -6369.338379 -569.770264 210.229782
v -6416.511719 -606.414856 173.585159
v -6409.510742 -548.262085 231.737915
v -6375.038574 -568.715454 211.284546
v -6600.000000 -58.543011 721.457031
v -6640.000000 -49.704170 730.295837
v -6640.000000 -58.543011 721.457031
v -6340.000000 -102.737167 677.262878
v -6360.000000 -102.737167 677.262878
v -6340.000000 -93.898354 686.101685
v -6640.000000 -723.223328 56.776649
v -6620.000000 -714.384521 65.615479
v -6640.000000 -714.384521 65.615479
v -6620.000000 -723.223328 56.776649
v -6640.000000 -603.015198 176.984802
v -6620.000000 -611.854004 168.145966
v -6640.000000 -611.854004 168.145966
v -6340.000000 -723.223328 56.776649
v -6320.000000 -714.384521 65.615479
v -6340.000000 -714.384521 65.615479
v -6320.000000 -723.223328 56.776649
v -6320.000000 -611.854004 168.145966
v -6320.000000 -603.015198 176.984802
v -6340.000000 -611.854004 168.145966
v -6552.500000 257.887299 1037.887329
v -6600.000000 234.906326 1014.906311
v -6552.500000 268.493896 1048.493896
v -6580.000000 -528.768921 251.231064
v -6595.847168 -521.101868 258.898163
v -6580.000000 -532.304565 247.695450
v -6595.414063 -517.868103 262.131897
v -6555.000000 -514.626892 265.373138
v -6555.000000 -511.091339 268.908661
v -6530.000000 -528.768921 251.231064
v -6530.000000 -532.304565 247.695450
v -6502.500000 -512.859131 267.140900
v -6430.000000 -528.768921 251.231064
v -6457.500000 -512.859131 267.140900
v -6430.000000 -532.304565 247.695450
v -6405.000000 -514.626892 265.373138
v -6405.000000 -511.091339 268.908661
v -6380.000000 -528.768921 251.231064
v -6380.000000 -532.304565 247.695450
v -6347.500000 -509.323578 270.676422
v -6350.000000 -507.555756 272.444275
v -6442.122559 143.006195 923.006226
v -6449.435059 139.739777 919.739807
v -6448.553223 138.339417 918.339417
v -6432.789063 155.780136 935.780151
v -6431.920410 159.609482 939.609497
v -6430.489746 147.590561 927.590576
v -6423.590820 137.090820 917.090820
v -6411.898438 150.633591 930.633606
v -6413.733887 151.377747 931.377747
v -6406.069824 162.720306 942.720337
v -6400.000000 82.878418 862.878418
v -6388.016113 89.130524 869.130493
v -6398.718262 81.976784 861.976807
v -6393.960938 122.026169 902.026184
v -6392.128906 134.732880 914.732910
v -6397.373047 118.495171 898.495178
v -6390.000000 150.053558 930.053589
v -6392.207031 151.555801 931.555786
v -6381.154785 125.985847 905.985840
v -6381.977051 127.492393 907.492432
v -6375.834961 109.790337 889.790344
v -6390.646484 98.840500 878.840515
v -6374.108887 109.268494 889.268494
v -6369.396973 91.318367 871.318359
v -6367.966309 95.685669 875.685669
v -6367.565918 96.754402 876.754395
v -6373.054688 119.003578 899.003601
v -6364.722168 127.613876 907.613892
v -6359.961426 129.537781 909.537781
v -6595.624512 127.514473 907.514526
v -6599.999512 128.840302 908.840332
v -6583.601074 117.273323 897.273376
v -6578.026367 129.208984 909.208984
v -6577.766602 127.968987 907.969055
v -6568.179688 107.875580 887.875610
v -6565.765625 108.310997 888.311035
v -6576.249512 94.810783 874.810791
v -6577.226563 96.578552 876.578613
v -6569.977539 149.987534 929.987549
v -6567.981934 140.543488 920.543518
v -6568.261719 151.466156 931.466187
v -6569.999512 139.446899 919.446960
v -6574.999512 93.484962 873.484985
v -6560.442383 98.361877 878.361938
v -6560.103027 96.990028 876.990051
v -6558.297852 131.693344 911.693359
v -6553.884277 130.689743 910.689758
v -6551.249512 96.136612 876.136658
v -6549.374512 97.462433 877.462463
v -6538.474609 161.281021 941.281067
v -6549.229004 164.897095 944.897095
v -6551.694824 163.966339 943.966370
v -6526.526855 154.629410 934.629456
v -6526.349121 152.438095 932.438110
v -6519.635254 159.148453 939.148499
v -6508.247559 165.558456 945.558472
v -6506.599609 168.133575 948.133606
v -6505.843750 154.742828 934.742859
v -6507.990234 154.130325 934.130371
v -6503.255859 147.834595 927.834656
v -6417.500000 264.958344 1044.958374
v -6360.000000 234.906326 1014.906311
v -6417.500000 275.564941 1055.564941
v -6300.000000 -251.229614 528.770386
v -6320.000000 -242.390778 537.609253
v -6320.000000 -251.229614 528.770386
v -6580.000000 -682.564697 97.435257
v -6600.000000 -682.564697 97.435257
v -6360.000000 -682.564697 97.435257
v -6380.000000 -682.564697 97.435257
v -6569.165039 -87.739594 692.260376
v -6564.987793 -78.952591 701.047363
v -6566.301270 -76.167503 703.832458
v -6567.757324 -89.718788 690.281189
v -6549.015137 -87.945930 692.054016
v -6548.407715 -90.230171 689.769775
v -6540.032715 -76.269951 703.730042
v -6541.618164 -75.251244 704.748718
v -6514.307129 -64.073219 715.926758
v -6513.727539 -65.356621 714.643372
v -6483.816895 -61.591572 718.408386
v -6482.928711 -62.888741 717.111206
v -6496.691895 -92.320587 687.679382
v -6492.967773 -86.932358 693.067627
v -6501.436523 -94.454338 685.545654
v -6491.898926 -88.040878 691.959106
v -6488.388672 -92.220940 687.779053
v -6488.606445 -90.935677 689.064270
v -6479.579590 -148.112579 631.887390
v -6505.019531 -151.357925 628.642029
v -6506.509766 -152.934891 627.065063
v -6480.705566 -146.936737 633.063232
v -6473.579590 -78.507446 701.492493
v -6472.097168 -79.483177 700.516785
v -6480.539063 -125.568077 654.431885
v -6484.219727 -118.599548 661.400391
v -6482.270996 -126.750183 653.249756
v -6482.388672 -119.180939 660.819031
v -6469.645508 -128.747253 651.252747
v -6469.943848 -127.374168 652.625793
v -6467.099121 -48.236691 731.763306
v -6465.240234 -44.262192 735.737793
v -6461.214355 -94.641350 685.358643
v -6460.509766 -93.370903 686.629089
v -6463.569336 -104.440109 675.559875
v -6464.375000 -103.188301 676.811646
v -6459.878418 -134.181488 645.818481
v -6461.516113 -133.330582 646.669373
v -6465.240234 -65.281960 714.718018
v -6467.104492 -65.059822 714.940125
v -6455.799316 -124.484016 655.515930
v -6451.664551 -121.631767 658.368225
v -6450.159180 -101.231537 678.768433
v -6445.509766 -101.995491 678.004456
v -6493.548340 -259.768494 520.231567
v -6486.396484 -242.709396 537.290649
v -6497.547363 -262.472046 517.528015
v -6484.286621 -242.848282 537.151733
v -6493.801270 -223.193466 556.806580
v -6495.828125 -223.360703 556.639343
v -6484.475098 -198.882370 581.117676
v -6482.726074 -199.702316 580.297729
v -6495.658691 -184.517624 595.482422
v -6476.250000 -179.634918 600.365112
v -6501.250000 -184.496277 595.503784
v -6475.290039 -180.638733 599.361328
v -6472.813965 -191.649429 588.350586
v -6468.655762 -191.237976 588.762085
v -6469.731445 -254.525436 525.474609
v -6470.930176 -253.402908 526.597107
v -6464.675781 -172.921371 607.078674
v -6465.000000 -171.679962 608.320068
v -6458.131836 -241.161682 538.838379
v -6455.158691 -225.329575 554.670471
v -6457.065430 -224.891586 555.108459
v -6449.199219 -220.116852 559.883179
v -6447.374512 -216.416077 563.583984
v -6446.128418 -227.328415 552.671631
v -6448.086426 -227.704117 552.295898
v -6437.566895 -242.660828 537.339233
v -6435.984375 -241.819580 538.180481
v -6424.783691 -249.352249 530.647766
v -6422.389160 -252.439758 527.560303
v -6426.233398 -238.507843 541.492188
v -6423.714844 -230.859848 549.140198
v -6421.938477 -231.306534 548.693481
v -6404.793457 -215.261353 564.738708
v -6405.325195 -213.514374 566.485657
v -6398.919434 -216.386078 563.613953
v -6400.754883 -217.063126 562.936890
v -6397.219727 -232.157745 547.842285
v -6398.844727 -234.956894 545.043152
v -6382.140625 -223.781784 556.218262
v -6383.852051 -223.086411 556.913635
v -6388.004883 -194.303711 585.696350
v -6381.385742 -209.128555 570.871460
v -6389.665527 -195.088318 584.911743
v -6540.000000 -673.726074 106.273933
v -6537.500000 -657.380005 122.619957
v -6540.000000 -652.512878 127.487129
v -6537.500000 -675.493835 104.506157
v -6528.039551 -661.992432 118.007591
v -6529.578125 -663.476440 116.523590
v -6518.619141 -664.002441 115.997551
v -6515.822754 -666.173096 113.826881
v -6517.659668 -651.355103 128.644882
v -6520.226563 -651.248535 128.751434
v -6511.756836 -637.109558 142.890457
v -6513.974609 -635.978333 144.021683
v -6486.277832 -621.074646 158.925369
v -6485.004883 -622.706055 157.293945
v -6474.847168 -651.581116 128.418884
v -6478.684570 -643.753113 136.246902
v -6476.353027 -656.168152 123.831879
v -6475.999023 -643.916870 136.083130
v -6463.624023 -619.882629 160.117340
v -6458.750000 -617.157532 162.842468
v -6463.546875 -643.861084 136.138947
v -6464.695313 -642.260620 137.739395
v -6450.025391 -639.686523 140.313477
v -6448.096191 -641.144409 138.855560
v -6444.972168 -664.783936 115.216057
v -6448.428223 -658.263672 121.736298
v -6446.876465 -667.075989 112.923988
v -6445.954102 -658.761230 121.238770
v -6436.810547 -633.264526 146.735489
v -6434.310547 -628.845093 151.154907
v -6436.810547 -645.932556 134.067474
v -6434.310547 -646.522766 133.477234
v -6435.458984 -664.425842 115.574150
v -6436.323730 -662.761597 117.238403
v -6422.500000 -656.504089 123.495934
v -6420.000000 -652.512878 127.487129
v -6420.000000 -673.725830 106.274147
v -6422.500000 -675.493835 104.506157
v -6520.000000 196.015488 869.949463
v -6440.000000 196.015579 869.949524
v -6480.000000 206.622101 880.556030
v -6557.103516 -221.351135 452.582855
v -6532.392578 -224.444382 449.489594
v -6560.000488 -217.641998 456.291992
v -6530.842285 -227.046036 446.887939
v -6540.860352 -194.854645 479.079346
v -6529.909180 -203.789719 470.144257
v -6519.832031 -195.484100 478.449890
v -6524.822266 -216.642578 457.291412
v -6498.097656 -208.426437 465.507538
v -6499.871582 -187.359802 486.574188
v -6495.010742 -195.625198 478.308807
v -6502.661133 -187.648376 486.285614
v -6497.274902 -171.377289 502.556702
v -6495.079102 -172.220581 501.713409
v -6481.239258 -159.568314 514.365662
v -6480.000488 -155.770157 518.163818
v -6475.989258 -177.428162 496.505829
v -6457.331543 -185.251358 488.682617
v -6454.992676 -183.954178 489.979828
v -6442.687500 -197.987335 475.946655
v -6445.441895 -198.898178 475.035828
v -6443.000977 -211.584442 462.349548
v -6432.275391 -206.048279 467.885712
v -6429.719727 -196.166275 477.767731
v -6416.655273 -209.034546 464.899445
v -6419.406250 -209.427689 464.506287
v -6421.250488 -223.829193 450.104797
v -6410.664551 -223.829193 450.104797
v -6409.159180 -222.061417 451.872559
v -6580.000000 -194.661072 479.272919
v -6600.000000 -194.661072 479.272919
v -6550.000000 -249.461853 424.472137
v -6551.250000 -231.342239 442.591766
v -6561.250000 -245.484375 428.449615
v -6398.750000 -245.484299 428.449707
v -6408.750000 -231.342163 442.591827
v -6410.000000 -249.461777 424.472229
v -6360.000000 -194.660995 479.272980
v -6360.000000 -185.822159 488.111816
v -6380.000000 -194.660995 479.272980
v -6620.000000 15.703220 689.637268
v -6600.000000 24.542049 698.476074
v -6620.000000 24.542049 698.476074
v -6620.000000 128.840302 802.774353
v -6600.000000 120.001457 793.935486
v -6620.000000 120.001457 793.935486
v -6360.000000 24.542049 698.476074
v -6340.000000 15.703220 689.637268
v -6340.000000 24.542049 698.476074
v -6360.000000 128.840302 802.774353
v -6340.000000 120.001457 793.935486
v -6340.000000 128.840302 802.774353
v -6360.000000 120.001457 793.935486
v -6646.738281 -515.529175 264.470795
v -6640.000000 -561.914612 218.085358
v -6606.046387 -539.049683 240.950302
v -6330.000000 86.413879 866.413818
v -6300.000000 -185.822220 594.177734
v -6330.000000 -207.035416 572.964539
v -6300.000000 -228.248611 551.751343
v -6330.000000 -164.609009 615.390930
v -6300.000000 12.167690 792.167664
v -6330.000000 -9.045510 770.954468
v -6300.000000 -30.258720 749.741272
v -6590.000000 -355.527863 424.472137
v -6620.000000 -334.314636 445.685364
v -6620.000000 -376.741058 403.258942
v -6590.000000 -313.101440 466.898560
v -6620.000000 -291.888245 488.111755
v -6590.000000 -270.675018 509.324982
v -6620.000000 -249.461823 530.538208
v -6620.000000 -207.035416 572.964600
v -6590.000000 -228.248627 551.751404
v -6620.000000 -164.609009 615.390991
v -6590.000000 -185.822220 594.177795
v -6600.000000 -652.512695 127.487297
v -6570.000000 -631.299500 148.700500
v -6600.000000 -610.086304 169.913712
v -6360.000000 -610.086304 169.913712
v -6390.000000 -631.299500 148.700500
v -6360.000000 -652.512695 127.487297
v -6320.000000 -463.361664 316.638336
v -6351.250000 -485.458740 294.541260
v -6320.000000 -507.555817 272.444183
v -6320.000000 -549.982239 230.017792
v -6350.000000 -571.195435 208.804581
v -6320.000000 -592.408630 187.591385
v -6350.000000 -528.769043 251.230972
v -6547.500000 -250.345718 423.588257
v -6540.000000 -295.423767 378.510223
v -6510.000000 -274.210571 399.723419
v -6412.500000 -250.345718 423.588257
v -6480.000000 220.764282 894.698303
v -6500.000000 206.622147 880.556152
v -6460.000000 206.622147 880.556152
v -6600.000000 -125.718147 548.215820
v -6600.000000 -83.291740 590.642212
v -6600.000000 -40.865341 633.068665
v -6360.000000 -125.718147 548.215820
v -6390.000000 -146.931351 527.002625
v -6360.000000 -83.291740 590.642212
v -6390.000000 -104.504936 569.429016
v -6360.000000 -40.865341 633.068665
v -6390.000000 -62.078541 611.855408
v -6435.151367 -70.108948 709.891052
v -6409.340332 -96.174171 683.825806
v -6434.537109 -67.646873 712.353088
v -6405.857910 -96.608337 683.391663
v -6381.292480 -41.284229 738.715759
v -6352.613770 -70.245628 709.754333
v -6377.810547 -41.718330 738.281677
v -6453.338867 -45.411709 734.588257
v -6382.971680 -13.999430 766.000549
v -6439.250977 -19.866030 760.133972
v -6489.256836 20.469540 800.469543
v -6489.256836 -25.492399 754.507629
v -6486.756836 -27.260160 752.739807
v -6486.756348 22.237310 802.237305
v -6439.256836 20.469540 800.469543
v -6441.756836 22.237310 802.237305
v -6420.033691 -606.632751 173.367233
v -6409.510742 -548.262146 231.737823
v -6483.762207 -569.140747 210.859299
v -6531.201172 -582.605591 197.394409
v -6506.931152 -603.058105 176.941910
v -6477.112793 -595.810974 184.189072
v -6487.969727 -552.270020 227.729996
v -6476.682617 -597.533752 182.466263
v -6478.710449 -599.581604 180.418396
v -6439.395020 -595.148254 184.851730
v -6478.207520 -547.190796 232.809219
v -6475.311523 -545.756714 234.243286
v -6440.254395 -598.593811 181.406204
v -6443.150391 -600.027771 179.972229
v -6330.000000 -185.822205 594.177795
v -6315.000000 -175.215607 604.784363
v -6315.000000 -196.428818 583.571167
v -6330.000000 12.167690 792.167664
v -6315.000000 1.561090 781.561096
v -6590.000000 -334.314636 445.685364
v -6605.000000 -344.921234 435.078766
v -6605.000000 -323.708038 456.291962
v -6590.000000 -291.888245 488.111755
v -6605.000000 -302.494843 477.505157
v -6605.000000 -281.281616 498.718384
v -6590.000000 -249.461823 530.538208
v -6605.000000 -260.068420 519.931580
v -6605.000000 -238.855225 541.144775
v -6605.000000 -217.642014 562.357971
v -6605.000000 -196.428818 583.571167
v -6590.000000 -207.035416 572.964600
v -6570.000000 -652.512695 127.487297
v -6585.000000 -641.906067 138.093903
v -6390.000000 -652.512695 127.487297
v -6375.000000 -641.906067 138.093903
v -6350.000000 -549.982239 230.017792
v -6335.000000 -560.588806 219.411179
v -6335.000000 -539.375610 240.624390
v -6350.000000 -507.555817 272.444183
v -6335.000000 -518.162415 261.837555
v -6335.000000 -496.949219 283.050781
v -6484.829102 -261.240692 412.693298
v -6491.658203 -256.411865 417.522125
v -6390.000000 -125.718140 548.215820
v -6375.000000 -115.111542 558.822449
v -6375.000000 -136.324738 537.609192
v -6390.000000 -83.291740 590.642212
v -6375.000000 -72.685143 601.248840
v -6645.000000 -524.791504 255.208450
v -6540.000000 -122.182404 657.817444
v -6545.000000 -265.371735 408.562256
v -6540.000000 -267.139496 406.794495
v -6415.000000 -265.371735 408.562256
v -6420.000000 -267.139496 406.794495
v -6545.000000 -251.229599 422.704376
v -6415.000000 -251.229599 422.704376
v -6710.513672 101.736961 881.737000
v -6700.029297 93.924782 873.924805
v -6686.115234 89.544250 869.544250
v -6670.889648 89.262413 869.262451
v -6656.669922 93.122017 873.122070
v -6645.622070 100.535522 880.535522
v -6639.426758 110.374268 890.374329
v -6639.019531 121.168762 901.168762
v -6570.000000 -429.773895 350.226105
v -6592.500000 -428.006134 351.993866
v -6570.000000 -443.916046 336.083954
v -6582.500000 -420.935059 359.064941
v -6555.000000 -433.309448 346.690552
v -6555.000000 -419.167297 360.832703
v -6510.000000 -450.987122 329.012878
v -6510.000000 -465.129242 314.870758
v -6495.000000 -454.522644 325.477356
v -6495.000000 -440.380524 339.619476
v -6480.000000 -450.987122 329.012878
v -6480.000000 -465.129242 314.870758
v -6465.000000 -454.522644 325.477356
v -6465.000000 -440.380524 339.619476
v -6450.000000 -450.987122 329.012878
v -6450.000000 -465.129242 314.870758
v -6405.000000 -433.309448 346.690552
v -6405.000000 -419.167297 360.832703
v -6390.000000 -429.773895 350.226105
v -6390.000000 -443.916046 336.083954
v -6375.000000 -433.309448 346.690552
v -6375.000000 -419.167297 360.832703
v -6342.500000 -442.148285 337.851715
v -6352.500000 -449.219330 330.780670
v -6492.500000 24.542040 804.542053
v -6580.000000 65.200684 845.200684
v -6492.500000 3.328840 783.328857
v -6565.000000 75.807281 855.807312
v -6467.878906 -759.066589 20.933451
v -6471.000000 -747.972107 32.027882
v -6467.878906 -736.877563 43.122459
v -6458.991211 -768.472168 11.527870
v -6458.991211 -727.472107 52.527901
v -6445.689941 -774.756592 5.243390
v -6445.689941 -721.187561 58.812450
v -6430.000000 -776.963501 3.036510
v -6430.000000 -718.980774 61.019260
v -6414.310059 -774.756592 5.243390
v -6414.310059 -721.187561 58.812450
v -6401.008789 -768.472046 11.527940
v -6401.008789 -727.472046 52.527969
v -6392.121094 -736.877563 43.122459
v -6389.000000 -747.972107 32.027882
v -6571.000000 -747.972107 32.027882
v -6567.878906 -736.877563 43.122459
v -6558.991211 -768.472168 11.527870
v -6558.991211 -727.472107 52.527901
v -6545.689941 -774.756592 5.243390
v -6545.689941 -721.187561 58.812450
v -6530.000000 -776.963501 3.036510
v -6530.000000 -718.980774 61.019260
v -6514.310059 -774.756592 5.243390
v -6514.310059 -721.187561 58.812450
v -6501.008789 -768.472046 11.527940
v -6501.008789 -727.472046 52.527969
v -6492.121094 -759.066589 20.933451
v -6492.121094 -736.877563 43.122459
v -6669.625000 -388.850250 391.149750
v -6684.750000 -379.215912 400.784088
v -6300.000000 -348.456787 431.543213
v -6360.000000 -327.243561 452.756439
v -6300.000000 -369.669983 410.330017
v -6345.000000 -316.636963 463.363037
v -6370.000000 51.058552 831.058533
v -6436.250000 24.542049 804.542053
v -6436.250000 4.212730 784.212708
v -6385.000000 61.665150 841.665161
v -6374.752441 -171.680084 608.319885
v -6366.666992 -159.895020 620.104980
v -6377.037109 -163.557831 616.442200
v -6507.306152 -302.494781 371.439209
v -6503.647461 -312.148834 361.785156
v -6503.647461 -292.840668 381.093323
v -6493.652832 -319.216156 354.717834
v -6480.000000 -283.186523 390.747467
v -6480.000000 -321.802979 352.131012
v -6466.347168 -319.216156 354.717834
v -6456.352539 -312.148834 361.785156
v -6452.693848 -302.494781 371.439209
v -6555.000000 164.195648 838.129639
v -6574.375000 163.753708 837.687683
v -6555.000000 150.053497 823.987488
v -6566.250000 172.150589 846.084595
v -6540.000000 160.660110 834.594116
v -6540.000000 174.802246 848.736267
v -6525.000000 164.195648 838.129639
v -6525.000000 150.053497 823.987488
v -6510.000000 160.660110 834.594116
v -6510.000000 174.802246 848.736267
v -6495.000000 164.195648 838.129639
v -6495.000000 150.053497 823.987488
v -6480.000000 160.660110 834.594116
v -6480.000000 174.802246 848.736267
v -6465.000000 164.195648 838.129639
v -6465.000000 150.053497 823.987488
v -6450.000000 160.660110 834.594116
v -6450.000000 174.802246 848.736267
v -6435.000000 164.195648 838.129639
v -6435.000000 150.053497 823.987488
v -6420.000000 160.660110 834.594116
v -6420.000000 174.802246 848.736267
v -6405.000000 164.195648 838.129639
v -6405.000000 150.053497 823.987488
v -6385.625000 163.753708 837.687683
v -6393.750000 172.150589 846.084595
v -6640.000488 -9.045500 770.954529
v -6662.500488 6.864400 786.864441
v -6640.000488 -49.704140 730.295898
v -6600.000488 -49.704140 730.295898
v -6580.000488 65.200706 845.200745
v -6589.208496 -39.447460 740.552612
v -6590.267090 39.072289 819.072327
v -6578.256348 -7.895150 772.104919
v -6571.902832 -60.321011 719.679016
v -6566.301758 -76.167557 703.832520
v -6569.654785 -14.742400 765.257629
v -6551.404297 6.316980 786.317017
v -6541.618164 -75.251221 704.748840
v -6549.015137 -87.945908 692.054138
v -6534.024414 -17.025141 762.974915
v -6537.761230 -61.952049 718.048035
v -6492.500488 3.328870 783.328918
v -6514.307617 -64.073196 715.926819
v -6515.228516 -38.551239 741.448792
v -6488.606934 -90.935661 689.064392
v -6472.097168 -79.483147 700.516907
v -6465.240723 -44.262299 735.737732
v -6494.541504 -150.791397 629.208618
v -6461.803223 -159.436279 620.563782
v -6479.579590 -148.112564 631.887512
v -6480.539551 -125.568176 654.431885
v -6469.943848 -127.374283 652.625793
v -6482.389160 -119.181000 660.819031
v -6465.000488 -171.680054 608.320007
v -6460.509766 -93.370827 686.629211
v -6463.569824 -104.440086 675.559937
v -6448.750488 -29.374821 750.625244
v -6451.994629 -149.056442 630.943604
v -6459.878418 -134.181473 645.818604
v -6465.240723 -65.281982 714.718079
v -6451.664551 -121.631882 658.368164
v -6440.939941 -67.832382 712.167664
v -6445.509766 -101.995598 678.004456
v -6437.315918 -142.120804 637.879272
v -6408.750488 -100.969368 679.030701
v -6420.477051 -58.222561 721.777466
v -6436.250488 4.212750 784.212830
v -6436.250488 -9.487440 770.512634
v -6427.349609 3.494430 783.494446
v -6420.000488 -139.685287 640.314758
v -6370.000488 51.058578 831.058594
v -6402.685059 -142.120804 637.879272
v -6360.000488 -93.898308 686.101746
v -6400.000488 -143.395782 636.604248
v -6378.480957 -36.855888 743.144226
v -6398.429688 -46.734501 733.265564
v -6330.000488 12.167710 792.167725
v -6346.002930 -69.789352 710.210693
v -6340.000488 -30.258699 749.741333
v -6330.000488 -16.116570 763.883484
v -6340.000488 -93.898308 686.101746
v -6330.000488 -9.045500 770.954529
v -6322.500488 17.471010 797.471069
v -6315.000488 1.561020 781.561035
v -6300.000488 -37.329769 742.670288
v -6300.000488 -30.258699 749.741333
v -6565.000000 75.807137 855.807129
v -6436.250000 24.542191 804.542175
v -6385.000000 61.665371 841.665405
v -6540.000000 -716.152344 63.847698
v -6510.000000 -673.725952 106.274109
v -6480.000000 -737.365540 42.634499
v -6480.000000 -673.725952 106.274109
v -6450.000000 -673.725952 106.274109
v -6420.000000 -716.152344 63.847698
v -6540.000000 -652.512756 127.487312
v -6420.000000 -652.512756 127.487312
v -6340.000000 -136.324753 643.675293
v -6615.000000 -95.666107 684.333923
v -6576.870117 -109.149361 670.850647
v -6573.490234 -105.572456 674.427551
v -6388.005371 -149.056274 630.943726
v -6384.978027 -152.259888 627.740112
v -6660.917969 -490.873199 289.126831
v -6675.000000 -486.342529 293.657471
v -6665.195801 -493.318451 286.681580
v -6644.078613 -487.357452 292.642548
v -6626.618652 -488.666016 291.333984
v -6592.500000 -428.006287 351.993713
v -6611.194824 -494.599640 285.400360
v -6603.750488 -478.942383 301.057617
v -6600.157227 -504.255127 275.744904
v -6595.185059 -516.162354 263.837646
v -6570.000000 -443.916168 336.083801
v -6549.694824 -498.147980 281.852051
v -6555.000000 -433.309601 346.690430
v -6510.000000 -465.129395 314.870636
v -6530.171387 -473.432159 306.567841
v -6495.000000 -454.522797 325.477203
v -6450.000000 -465.129395 314.870636
v -6465.000000 -454.522797 325.477203
v -6411.581055 -456.532196 323.467834
v -6405.000000 -433.309601 346.690430
v -6390.000000 -443.916168 336.083801
v -6376.581055 -497.343658 282.656372
v -6378.151367 -454.601929 325.398071
v -6375.000000 -433.309601 346.690430
v -6358.707031 -477.274750 302.725281
v -6352.500000 -449.219513 330.780518
v -6351.250000 -485.458649 294.541351
v -6333.750000 -473.084381 306.915649
v -6669.375000 -388.673462 391.326477
v -6636.250000 -435.961212 344.038727
v -6616.250000 -422.702972 357.296967
v -6480.000000 197.783386 977.783325
v -6500.000000 197.783386 977.783325
v -6480.000000 183.641251 963.641174
v -6500.000000 211.925522 991.925476
v -6500.000000 224.299881 1004.299805
v -6480.000000 224.299881 1004.299805
v -6500.000000 238.442017 1018.441956
v -6480.000000 210.157745 990.157715
v -6460.000000 197.783386 977.783325
v -6460.000000 211.925522 991.925476
v -6460.000000 224.299881 1004.299805
v -6460.000000 238.442017 1018.441956
v -6600.000000 -387.347626 392.652344
v -6585.000000 -397.954254 382.045715
v -6555.000000 -313.101440 466.898529
v -6525.000000 -313.101440 466.898529
v -6510.000000 -302.494812 477.505157
v -6495.000000 -291.888214 488.111755
v -6465.000000 -291.888214 488.111755
v -6390.000000 -302.494812 477.505157
v -6600.000000 -366.134430 413.865540
v -6600.000000 -344.921234 435.078735
v -6600.000000 -323.708038 456.291931
v -6585.000000 -313.101440 466.898529
v -6450.000000 -281.281616 498.718353
v -6435.000000 -270.675018 509.324951
v -6351.250488 -396.186401 383.813599
v -6316.250488 -358.179504 421.820496
v -6370.000488 -396.186401 383.813599
v -6298.125488 -370.995819 409.004181
v -6351.250488 -408.560791 371.439209
v -6600.000000 -716.152283 63.847698
v -6360.000000 -716.152283 63.847698
v -6558.990723 -727.471985 52.527901
v -6561.273438 -729.887207 50.112782
v -6401.009277 -727.471985 52.527969
v -6398.751953 -729.860229 50.139721
v -6520.000000 192.479965 866.413940
v -6440.000000 192.480042 866.413940
v -6540.000000 192.479965 866.413940
v -6420.000000 174.802155 848.736145
v -6435.000000 164.195770 838.129761
v -6420.000000 192.479889 866.413879
v -6393.750000 172.150421 846.084412
v -6405.000000 164.195465 838.129456
v -6600.000000 -231.784180 442.149811
v -6360.000000 -231.784103 442.149902
v -6585.000977 79.342827 753.276978
v -6570.000977 68.736252 742.670288
v -6570.000000 89.949463 763.883545
v -6570.000000 22.774281 696.708435
v -6585.000000 100.556030 774.490173
v -6585.000488 121.769142 795.703247
v -6570.000000 132.375778 806.309814
v -6584.999512 142.982422 816.916382
v -6570.000000 153.588989 827.523071
v -6555.000000 79.342857 753.276978
v -6555.000000 142.982391 816.916504
v -6555.000000 12.167680 686.101807
v -6540.000000 153.589111 827.523071
v -6525.000000 -30.258730 643.675415
v -6510.000000 47.523022 721.457153
v -6510.000000 153.589111 827.523071
v -6480.000000 -62.078461 611.855530
v -6480.000000 47.523022 721.457153
v -6480.000000 153.589111 827.523071
v -6450.000000 47.523022 721.457153
v -6450.000000 153.589111 827.523071
v -6435.000000 -30.258730 643.675415
v -6420.000000 47.523022 721.457153
v -6420.000000 153.589111 827.523071
v -6405.000000 12.167680 686.101807
v -6405.000000 58.129688 732.063660
v -6405.000000 79.342827 753.276978
v -6405.000000 142.982437 816.916565
v -6390.000000 22.774281 696.708435
v -6390.000000 89.949493 763.883484
v -6390.000000 153.589111 827.523071
v -6674.572754 -498.678040 281.321930
v -6626.618164 -488.665955 291.334015
v -6596.875000 -528.768982 251.231003
v -6461.803223 -159.436157 620.563843
v -6461.803223 -183.923981 596.075989
v -6451.994629 -194.303818 585.696167
v -6437.315430 -142.120682 637.879333
v -6451.994629 -149.056335 630.943665
v -6437.315430 -201.239410 578.760620
v -6420.000000 -203.674805 576.325195
v -6402.684570 -142.120682 637.879333
v -6420.000000 -139.685257 640.314758
v -6402.684570 -201.239410 578.760620
v -6378.196777 -159.436157 620.563843
v -6378.196777 -183.923904 596.076111
v -6583.757324 -116.437447 663.562561
v -6587.362305 -129.253677 650.746338
v -6583.757324 -142.069855 637.930176
v -6573.490234 -152.934891 627.065125
v -6558.125000 -98.312592 681.687378
v -6558.125000 -160.194687 619.805298
v -6540.000000 -162.743942 617.256042
v -6521.875488 -98.312592 681.687378
v -6540.000000 -95.763344 684.236694
v -6521.875000 -160.194687 619.805298
v -6496.242676 -116.437447 663.562561
v -6506.509766 -105.572388 674.427612
v -6496.242676 -142.069855 637.930176
v -6492.637695 -129.253677 650.746338
v -6521.574707 -71.114761 602.819214
v -6525.000000 -83.291733 590.642273
v -6511.819824 -105.791687 568.142273
v -6497.220703 -112.689308 561.244690
v -6480.000000 -115.111526 558.822449
v -6462.779297 -112.689308 561.244690
v -6448.180176 -105.791687 568.142273
v -6438.425293 -71.114761 602.819214
v -6448.180176 -60.791710 613.142273
v -6438.425293 -95.468613 578.465393
v -6435.000000 -83.291733 590.642273
v -6511.819824 -60.791630 613.142334
v -6506.250000 -892.929016 -127.070999
v -6506.250000 -901.767700 -118.232307
v -6453.750000 -901.767700 -118.232307
v -6453.750000 -892.929016 -127.070999
v -6449.750000 -373.202454 286.589386
v -6510.000000 -382.041229 295.428162
v -6449.750000 -382.041229 295.428162
v -6510.000000 -373.202454 286.589386
v -6640.000000 -40.865410 618.926575
v -6640.000000 241.977280 901.769287
v -6620.000000 -55.007542 604.784485
v -6620.000000 -245.926376 413.865631
v -6580.000000 284.403687 944.195679
v -6560.000000 -267.139587 392.652405
v -6560.000000 -373.205536 286.586487
v -6546.250000 -373.205536 286.586487
v -6546.250000 -382.044220 295.425171
v -6520.000000 284.403687 944.195679
v -6520.000000 298.545807 958.337830
v -6500.000000 312.687958 972.479980
v -6460.000000 312.687958 972.479980
v -6440.000000 298.545807 958.337830
v -6440.000000 284.403687 944.195679
v -6380.000000 284.403687 944.195679
v -6400.000000 -373.205536 286.586487
v -6413.750000 -382.044220 295.425171
v -6413.750000 -373.205536 286.586487
v -6400.000000 -267.139587 392.652405
v -6340.000000 -245.926376 413.865631
v -6320.000000 241.977280 901.769287
v -6340.000000 -55.007542 604.784485
v -6320.000000 -40.865410 618.926575
v -6520.000000 -382.041229 295.428162
v -6440.000000 -382.041229 295.428162
v -6540.000000 -373.205536 286.586487
v -6420.000000 -373.205536 286.586487
v -6538.000000 -501.999817 -608.000000
v -6538.000000 -519.999878 -402.000000
v -6538.000000 -519.999878 -608.000000
v -6538.000000 -501.999786 -402.000000
v -6422.000000 -519.999878 -402.000000
v -6422.000000 -501.999786 -402.000000
v -6422.000000 -501.999817 -608.000000
v -6422.000000 -519.999878 -608.000000
v -6420.000000 -529.999878 -610.000000
v -6540.000000 -530.000000 -400.000000
v -6420.000000 -530.000000 -400.000000
v -6540.000000 -529.999878 -610.000000
v -6540.000000 -521.999878 -610.000000
v -6540.000000 -521.999878 -400.000000
v -6540.000000 -489.999908 -610.000000
v -6540.000000 -499.999908 -400.000000
v -6540.000000 -499.999908 -610.000000
v -6540.000000 -489.999908 -400.000000
v -6532.000000 -489.999908 -602.000000
v -6532.000000 -489.999908 -400.000000
v -6530.000000 -499.999908 -400.000000
v -6530.000000 -499.999908 -600.000000
v -6480.000000 -489.999908 -610.000000
v -6480.000000 -499.999908 -610.000000
v -6480.000000 -489.999908 -602.000000
v -6480.000000 -499.999908 -600.000000
v -6420.000000 -521.999878 -400.000000
v -6420.000000 -521.999878 -610.000000
v -6420.000000 -499.999908 -400.000000
v -6430.000000 -499.999908 -600.000000
v -6428.000000 -489.999908 -602.000000
v -6420.000000 -489.999908 -610.000000
v -6420.000000 -499.999908 -610.000000
v -6428.000000 -489.999908 -400.000000
v -6430.000000 -499.999908 -400.000000
v -6420.000000 -489.999908 -400.000000
v -6480.000000 -500.000000 -552.500122
v -6530.100098 -500.000000 -600.000000
v -6480.000000 -500.000000 -600.000000
v -6530.100098 -500.000000 -552.500122
v -6480.000000 -500.000000 -505.000092
v -6530.100098 -500.000000 -505.000092
v -6480.000000 -500.000000 -457.500122
v -6530.100098 -500.000000 -457.500122
v -6480.000000 -500.000000 -410.000122
v -6530.100098 -500.000000 -410.000122
v -6429.899902 -500.000000 -600.000000
v -6429.899902 -500.000000 -410.000122
v -6480.000000 -500.000000 -400.000122
v -6530.100098 -500.000000 -400.000122
v -6429.899902 -500.000000 -400.000122
v -6417.060547 -484.034912 295.965057
v -6413.280273 -477.473633 302.526337
v -6422.072266 -478.074310 301.925659
v -6408.495605 -483.265778 296.734192
v -6414.880371 -474.895905 305.104065
v -6408.491211 -458.659424 321.340546
v -6423.753418 -475.374054 304.625916
v -6401.180664 -458.318573 321.681427
v -6403.841797 -488.301422 289.984833
v -6407.966309 -494.695923 283.590332
v -6399.141113 -494.141663 284.144562
v -6412.608398 -488.855774 289.430450
v -6400.743652 -482.586273 297.413727
v -6397.287109 -475.963959 304.036041
v -6405.912598 -476.450928 303.549072
v -6392.417480 -481.984467 298.015533
v -6391.622070 -457.709259 322.290710
v -6397.263184 -473.983856 306.016144
v -6382.467773 -457.122864 322.877106
v -6406.458496 -474.415222 305.584778
v -6390.835938 -494.304321 285.695648
v -6386.660645 -487.923615 292.076355
v -6395.477539 -488.399261 291.600708
v -6382.319336 -493.882385 286.117615
v -6373.323242 -466.176147 313.823822
v -6383.566406 -464.834869 315.165100
v -6377.879395 -470.929138 309.070831
v -6378.830078 -460.098724 319.901276
v -6373.061035 -486.972839 293.027161
v -6383.096191 -485.851959 294.148010
v -6377.721191 -491.799316 288.200653
v -6378.671875 -481.115936 298.884033
v -6512.727539 133.273773 913.273743
v -6509.179688 125.380966 905.380981
v -6500.307617 133.621964 913.621948
v -6521.291992 125.382530 905.382507
v -6492.011719 112.242577 892.242554
v -6498.955078 102.328598 882.328613
v -6483.826660 101.744667 881.744629
v -6507.237793 112.484703 892.484680
v -6478.613281 145.106354 925.106323
v -6472.834473 137.711868 917.711853
v -6465.157715 145.218155 925.218140
v -6486.429688 138.033676 918.033630
v -6452.900879 118.013206 898.013184
v -6467.528320 119.731979 899.731934
v -6461.208496 110.404961 890.404968
v -6458.921875 127.332382 907.332397
v -6452.766602 103.830833 883.830811
v -6466.708008 104.955223 884.955200
v -6460.713867 95.799667 875.799683
v -6458.286133 112.778778 892.778748
v -6466.621094 134.444534 914.444519
v -6452.548828 133.385559 913.385559
v -6457.920898 142.556671 922.556641
v -6460.430664 126.165100 906.165100
v -6579.208008 -474.442505 305.557495
v -6591.045410 -475.979218 304.020782
v -6584.591309 -482.841400 297.158600
v -6586.004883 -467.695160 312.304810
v -6570.410645 -455.734406 324.265594
v -6575.657715 -460.913300 319.086670
v -6564.391113 -460.986908 319.013092
v -6581.230957 -455.633606 324.366364
v -6568.477539 -495.417847 284.582153
v -6573.914063 -488.824341 291.175659
v -6579.135742 -495.650543 284.349426
v -6563.218262 -488.894226 291.105774
v -6556.177246 -488.831848 291.168152
v -6561.411621 -481.665802 298.334198
v -6566.632813 -488.712982 291.286987
v -6550.825684 -481.918671 298.081329
v -6544.395508 -465.156342 314.843658
v -6548.181152 -471.078094 308.921906
v -6538.105469 -470.969025 309.030945
v -6554.158203 -465.004822 314.995178
v -6548.169922 -475.289764 304.710236
v -6542.615723 -481.910431 298.089569
v -6537.094238 -475.348022 304.651978
v -6552.537598 -481.798340 298.201660
v -6601.833008 6.257410 786.257446
v -6594.985840 12.799190 792.799255
v -6603.801758 14.395920 794.395996
v -6593.214844 4.933790 784.933838
v -6585.242188 36.316879 816.316956
v -6592.653809 30.656010 810.656067
v -6583.822754 31.751020 811.751099
v -6593.773438 35.362000 815.362061
v -6591.575684 25.382099 805.382141
v -6582.004395 26.598900 806.598938
v -6580.284180 21.143080 801.143127
v -6590.634277 19.778151 799.778198
v -6573.803223 14.227770 794.227844
v -6582.969238 17.935080 797.935120
v -6580.971680 10.683260 790.683350
v -6576.020996 21.364830 801.364868
v -6569.248047 0.557830 780.557922
v -6579.077148 4.438940 784.439026
v -6576.992676 -3.440400 776.559631
v -6571.604980 8.191430 788.191467
v -6573.699707 14.628150 794.628235
v -6564.323730 11.410520 791.410583
v -6566.140137 18.355659 798.355713
v -6571.777832 7.773960 787.774048
v -6568.291016 24.708780 804.708862
v -6559.556152 21.371090 801.371155
v -6561.350586 28.443920 808.443970
v -6566.480469 18.060579 798.060669
v -6564.665527 11.236850 791.236938
v -6555.786621 7.522690 787.522766
v -6557.553223 14.721630 794.721680
v -6562.757324 4.224400 784.224487
v -6564.164063 -36.202129 743.797913
v -6576.146973 -36.993950 743.006104
v -6570.575195 -44.232170 735.767883
v -6570.091797 -29.056959 750.943054
v -6556.094238 -57.765369 722.234680
v -6560.686035 -50.858280 729.141724
v -6566.739746 -57.331909 722.668152
v -6550.041016 -51.595421 728.404602
v -6553.065430 -18.116140 761.883911
v -6558.938477 -22.947371 757.052673
v -6547.725098 -23.723961 756.276062
v -6563.831055 -17.340410 762.659607
v -6543.019531 -51.972801 728.027222
v -6547.338867 -44.508049 735.492004
v -6553.419434 -51.201859 728.798157
v -6536.825684 -45.420631 734.579407
v -6533.353027 -38.983429 741.016602
v -6528.646973 -45.924850 734.075195
v -6522.328125 -39.732738 740.267273
v -6538.515625 -45.193920 734.806091
v -6528.328125 -29.125059 750.875000
v -6532.838867 -34.787529 745.212524
v -6522.788086 -35.307800 744.692261
v -6538.034180 -28.364780 751.635254
v -6416.580078 -557.570557 222.075882
v -6442.291992 -579.237610 200.408875
v -6411.649902 -597.418335 182.228088
v -6385.938477 -575.751343 203.895096
v -6475.217773 -555.165161 224.481277
v -6482.163574 -583.019714 196.626709
v -6442.771484 -587.931213 191.715195
v -6435.825195 -560.076660 219.569763
v -6529.719727 -565.465698 214.180756
v -6522.773926 -593.320251 186.326187
v -6483.381836 -588.408752 191.237701
v -6490.327637 -560.554138 219.092270
v -6570.394043 -598.690063 180.956390
v -6544.682617 -620.356995 159.289429
v -6514.041016 -602.176208 177.470215
v -6539.752441 -580.509277 199.137161
v -6421.483398 -65.715271 713.931213
v -6398.540527 -88.884392 690.762085
v -6388.717285 -49.492081 730.154358
v -6365.774414 -72.661186 706.985229
v -6444.389648 -35.685089 743.961365
v -6408.137207 -47.638420 732.007996
v -6427.484863 -10.050750 769.595703
v -6391.232422 -22.004280 757.642151
v -6484.286133 -15.734790 763.911621
v -6444.286133 -15.734860 763.911560
v -6484.286133 12.549410 792.195862
v -6444.286133 12.549480 792.195923
# 5692 vertices

vt -4.50580 -0.01000
vt 0.00670 -0.99010
vt -4.50580 -0.99010
vt -0.02440 -0.01000
vt -6.00700 -0.99010
vt -5.98040 -0.01000
vt 0.02240 -0.01000
vt -6.03290 -0.01000
vt 0.00460 -0.01000
vt 6.99980 -0.99010
vt 0.00460 -0.99010
vt 6.97600 -0.01000
vt -4.00460 -0.99010
vt -3.99440 -0.01000
vt -4.97660 -0.01000
vt -4.99650 -0.99010
vt 7.02290 -0.01000
vt -5.01510 -0.01000
vt 5.50520 -0.99010
vt 9.98080 -0.01000
vt 5.50870 -0.01000
vt 10.00460 -0.99010
vt -13.99790 -0.99010
vt -12.32870 -0.01000
vt -13.96310 -0.01000
vt -12.32190 -0.99010
vt 2.99790 -0.01000
vt 3.00620 -0.99010
vt -11.48860 -0.99010
vt -11.51210 -0.01000
vt -10.66190 -0.99010
vt -10.66140 -0.01000
vt -9.99530 -0.99010
vt -9.99530 -0.01000
vt 10.02770 -0.01000
vt -14.01930 -0.01000
vt -9.98200 -0.01000
vt -9.00990 -0.99010
vt -8.99970 -0.01000
vt -10.00190 -0.99010
vt -3.99950 -0.01000
vt -3.99950 -0.99010
vt 4.00000 -0.99010
vt 3.97610 -0.01000
vt -10.02050 -0.01000
vt 4.02300 -0.01000
vt -14.98700 -0.01000
vt -0.00170 -0.99010
vt -14.99800 -0.99010
vt -0.00170 -0.01000
vt 0.71440 -0.99010
vt 0.71440 -0.01000
vt -15.76330 -0.99010
vt -15.75200 -0.01000
vt 1.49040 -0.99010
vt 1.49040 -0.01000
vt -16.55640 -0.99010
vt -16.54490 -0.01000
vt -17.31730 -0.99010
vt -17.30520 -0.01000
vt 2.48690 -0.01000
vt 2.48690 -0.99010
vt -17.97090 -0.99010
vt -17.95810 -0.01000
vt 3.24630 -0.01000
vt 3.24630 -0.99010
vt 3.99540 -0.01000
vt 3.99540 -0.99010
vt 4.70150 -0.01000
vt 4.70150 -0.99010
vt -19.99750 -0.99010
vt -19.98370 -0.01000
vt 5.50250 -0.99010
vt 5.50250 -0.01000
vt 6.20190 -0.99010
vt 6.20190 -0.01000
vt 6.99780 -0.99010
vt 6.99590 -0.01000
vt 7.99970 -0.99010
vt 7.98410 -0.01000
vt -20.03850 -0.01000
vt 8.01530 -0.01000
vt -2.29290 -0.01000
vt -1.49990 -0.99010
vt -1.60930 -0.01000
vt -2.42470 -0.99010
vt -3.49990 -0.99010
vt -2.57210 -0.01000
vt -3.49990 -0.01000
vt -1.26560 -0.01000
vt -3.79680 -0.01000
vt 1.50680 1.99000
vt -2.50180 1.00990
vt 1.50680 1.00990
vt -2.50180 1.99000
vt -3.31370 1.00990
vt -3.31370 1.99000
vt -3.99940 1.00990
vt -3.99940 1.99000
vt 2.49480 1.00990
vt 2.49480 1.99000
vt -4.63770 1.00990
vt -4.63770 1.99000
vt 5.98970 1.99000
vt 6.00200 1.00990
vt -5.31130 1.00990
vt -5.31130 1.99000
vt -5.99800 1.99000
vt -5.99800 1.00990
vt -6.71870 1.99000
vt -6.71870 1.00990
vt -6.40170 -1.99010
vt -9.97950 -1.01000
vt -6.00220 -1.01000
vt -9.99690 -1.99010
vt -7.29680 1.00990
vt -7.29680 1.99000
vt -7.99990 1.00990
vt -7.98430 1.99000
vt -7.29680 0.99000
vt -7.98910 0.00990
vt -7.97470 0.99000
vt -7.29680 0.00990
vt -6.71870 0.99000
vt -6.71870 0.00990
vt 2.23260 -3.00990
vt 0.00430 -3.99000
vt 0.02910 -3.00990
vt 2.23260 -3.99000
vt -5.99990 0.00990
vt -5.99990 0.99000
vt -5.31240 0.00990
vt -5.31240 0.99000
vt -4.62490 0.00990
vt -4.62490 0.99000
vt 5.99330 0.99000
vt 2.49920 0.00990
vt 2.49920 0.99000
vt 6.00360 0.00990
vt -3.99990 0.99000
vt -3.99990 0.00990
vt 1.50020 0.99000
vt 1.50020 0.00990
vt -3.31240 0.99000
vt -3.31240 0.00990
vt -2.49990 0.00990
vt -2.49990 0.99000
vt 6.01430 1.99000
vt -10.02230 -1.01000
vt -6.00220 -1.99010
vt -8.01560 1.99000
vt -8.01530 0.99000
vt 2.26220 -3.00990
vt -0.02300 -3.00990
vt 6.01890 0.99000
vt 2.99490 -2.71160
vt 4.60430 -2.76990
vt 2.17360 -3.43290
vt 1.28980 -6.08450
vt -0.03600 -5.64260
vt 2.39840 -1.58920
vt 1.28560 -3.13840
vt 1.77710 -2.01560
vt 5.52490 2.19160
vt 7.30780 1.54930
vt 5.22290 1.40030
vt 5.37050 3.32920
vt 1.76850 -0.71810
vt 4.36710 1.83230
vt 3.16670 0.24330
vt 2.51550 0.66750
vt 3.99240 2.86070
vt 1.83160 3.63250
vt 1.15230 3.11330
vt 4.07550 6.97710
vt 4.62170 6.10890
vt 3.15890 5.50540
vt 5.32400 9.14820
vt 6.09050 8.42500
vt 1.65800 5.54620
vt 6.44880 11.22980
vt 3.83140 8.28450
vt 3.75230 9.46130
vt 1.12520 10.13250
vt 0.81580 8.83270
vt -1.63140 9.47760
vt -1.84240 8.28340
vt -3.77820 7.03750
vt -3.43300 8.10760
vt -4.62260 8.38240
vt -3.68900 9.74760
vt -4.44270 9.90600
vt -2.67960 11.20870
vt -5.24890 10.46270
vt -6.83120 7.62380
vt -6.88610 8.49950
vt -5.61510 8.99150
vt -8.37690 5.98670
vt -8.43290 7.17360
vt -7.70960 7.39920
vt -7.60150 8.46890
vt -11.08450 6.28980
vt -10.64260 4.96400
vt -7.82170 9.43510
vt 0.21170 -4.01040
vt -0.17560 -4.01040
vt 0.00000 0.00000
vt -3.76870 -4.01040
vt -3.99290 -3.85420
vt -3.99290 -0.19200
vt 4.01130 3.77020
vt 4.01130 0.17840
vt 0.20660 4.00290
vt 3.80300 4.00290
vt -3.99290 0.16100
vt -0.16990 4.00290
vt -3.99290 3.75060
vt -3.80520 3.99720
vt 9.14220 0.23550
vt 8.34340 1.23710
vt 9.12960 2.49270
vt 8.16130 2.20440
vt 8.80550 4.68020
vt 8.17230 4.68030
vt 7.20400 1.62570
vt 7.39110 3.38230
vt 6.29850 2.43330
vt 6.43980 4.68030
vt 6.39410 -1.75910
vt 7.51800 -2.90550
vt 5.61240 -1.78710
vt 5.14130 2.64820
vt 5.86390 0.26930
vt 4.55010 -2.51710
vt 5.03950 0.99190
vt 3.64960 -0.77320
vt 1.65890 -0.01100
vt 1.30800 0.93340
vt 1.57230 -1.60010
vt 0.63270 -0.81000
vt -0.30080 -2.15830
vt 0.21040 -2.97230
vt -0.77060 -3.84780
vt 0.07150 -5.68030
vt -1.85200 -3.86650
vt -1.32220 -2.23270
vt -1.70020 0.22470
vt -2.86170 0.47650
vt -3.75040 2.04890
vt -3.52730 3.29400
vt -4.73850 2.73350
vt -5.06550 0.90680
vt -6.18280 0.73680
vt -5.68150 -1.41700
vt -7.12030 0.77390
vt -7.12030 2.59340
vt -6.39470 3.54820
vt -8.14220 4.68020
vt -7.03850 4.68020
vt 7.43040 -0.05070
vt 7.50220 -2.68040
vt 6.67920 -1.23440
vt 5.17300 -0.37720
vt 4.61580 1.01330
vt 3.93830 -2.48980
vt 4.72520 -2.96830
vt 2.77430 -4.44080
vt 3.36810 -5.21420
vt 0.49890 -5.55830
vt 0.88500 -6.52940
vt -0.38500 -6.77250
vt -0.24210 -8.99750
vt 0.20210 -3.25640
vt -0.35940 -1.46180
vt 0.27050 -0.31380
vt -0.53840 -2.95200
vt -0.40750 -4.66230
vt -1.44150 -1.38370
vt -1.11280 -7.39390
vt -1.57010 -5.01960
vt -2.15270 -2.51970
vt -3.23880 -1.73550
vt -2.38070 0.64860
vt -3.10530 1.89460
vt -1.76590 2.68630
vt -3.31770 0.42190
vt -3.19960 -0.77930
vt -4.06690 2.97610
vt -4.14260 -2.49020
vt -4.39510 2.20860
vt -5.29000 -1.31120
vt -4.55180 -1.53190
vt -5.40700 4.96920
vt -2.56880 7.99750
vt -4.52150 4.24590
vt -5.50830 2.68110
vt -5.80770 -3.17070
vt -6.50220 1.90150
vt 4.38590 -1.85610
vt 6.27300 -0.97200
vt 4.71690 -2.83510
vt 4.03710 -0.90200
vt 2.93160 -1.79890
vt 2.20230 -3.27750
vt 2.54080 -4.36940
vt 2.33100 -5.35110
vt 3.85110 -6.75320
vt 1.87520 -6.12550
vt 1.05550 -0.41080
vt 2.81770 1.33110
vt 1.68430 1.87680
vt 2.85260 3.26210
vt 2.40760 5.18090
vt 1.39680 -4.08490
vt 0.91930 -4.97630
vt 0.46840 -1.28290
vt 0.53630 0.15790
vt -0.22790 3.88900
vt 0.78180 5.47180
vt -0.21130 -5.58140
vt 0.49180 -6.28450
vt -0.87070 4.99710
vt -2.38630 3.43380
vt -2.34030 1.96200
vt -3.68440 3.78190
vt -3.22550 4.62010
vt -4.64900 5.75320
vt -3.90470 2.34350
vt -4.68120 3.73300
vt -4.46560 1.54320
vt -5.27300 2.62000
vt -0.65800 -1.26080
vt -0.68190 -2.13000
vt -1.74400 -1.89270
vt 0.30410 -1.77530
vt 5.73940 2.24710
vt 5.32000 1.30520
vt 4.66670 1.99700
vt 4.93560 3.07210
vt 4.12780 3.38010
vt 3.76890 5.33020
vt 3.48150 3.88250
vt 2.61910 2.02640
vt 2.69020 1.20750
vt 1.49710 1.92580
vt 1.15760 4.42040
vt -0.21000 5.08810
vt 0.42900 6.55700
vt -0.16700 0.84880
vt -0.80320 -6.03360
vt 0.29530 -6.93200
vt -0.32960 -7.55700
vt -1.30370 4.58340
vt -0.59540 3.21630
vt -1.31350 1.60950
vt -1.82760 -6.45180
vt -0.91180 -4.96660
vt -1.49880 -4.73530
vt -1.85930 -3.69900
vt -2.68530 0.06320
vt -2.94350 -5.60670
vt -3.35030 -2.79960
vt -2.81840 -1.23930
vt -2.22840 -2.47080
vt -3.69780 -1.17100
vt -4.37910 -5.29210
vt -4.16870 -6.06140
vt -4.73940 0.35100
vt 7.49850 3.18480
vt 7.85500 1.29860
vt 6.77690 1.15180
vt 6.87530 -0.39430
vt 5.42600 1.19120
vt 5.33840 0.02150
vt 3.53070 3.03220
vt 4.37910 3.65900
vt 0.89080 4.49360
vt 1.09100 5.58830
vt -2.26150 4.84480
vt -0.44530 0.44450
vt -0.75140 2.22500
vt 0.33710 -0.20200
vt -1.50390 1.77420
vt -2.94410 0.05750
vt 0.00250 -9.61470
vt -3.03670 -8.83310
vt -0.59650 -8.71810
vt -2.75880 6.02450
vt -2.66000 3.72770
vt -2.07630 0.83930
vt -2.13640 -2.92830
vt -1.54520 -5.70710
vt -2.59740 -3.82370
vt -3.01370 -7.75900
vt -2.84100 -5.26460
vt -3.09000 -6.39880
vt -3.92740 3.26350
vt -3.67370 -0.81280
vt -3.71450 5.71310
vt -4.41920 -5.61760
vt -5.47310 0.41140
vt -4.73750 8.61470
vt -5.07800 -1.09940
vt -5.43540 -6.42780
vt -4.52820 -6.43680
vt -4.73680 5.64070
vt -4.99850 -0.47030
vt -6.14990 -4.86400
vt -6.85500 -0.75360
vt 6.02540 2.44200
vt 7.40980 -1.71060
vt 6.20210 -1.44970
vt 5.37640 -6.16580
vt 6.22050 -5.18510
vt 7.37820 -8.17620
vt 5.03660 -4.37890
vt 5.09590 5.81200
vt 7.64200 5.12630
vt 5.21610 4.89070
vt 5.31480 2.25810
vt 4.55100 -7.05090
vt 4.26660 3.93830
vt 3.76910 7.17620
vt 3.80340 -3.87440
vt 3.44410 4.44620
vt 3.62270 6.38290
vt 2.95120 -4.88700
vt 3.33190 -1.20380
vt 2.81780 -2.01080
vt 1.60650 -0.51260
vt 1.06260 0.72880
vt 1.45070 -2.44160
vt 0.89170 -1.78620
vt 0.11910 -3.32810
vt 0.18270 -5.00330
vt -0.24600 -4.38340
vt -1.21730 -6.33490
vt -0.62320 -2.25790
vt -1.03600 -4.41780
vt -1.35090 -3.06590
vt -1.84330 -0.16220
vt -3.64960 0.00030
vt -3.27180 0.96480
vt -4.68470 0.27840
vt -4.45030 -0.50730
vt -4.66270 -3.29530
vt -5.48220 -1.22600
vt -6.33370 -1.69170
vt -6.64200 0.77560
vt -5.60700 3.25760
vt -5.12140 2.93310
vt -5.77110 0.72150
vt 7.05630 -3.22280
vt 7.68740 -1.43200
vt 7.68740 -4.63410
vt 6.69720 -2.50970
vt 6.12490 -6.19660
vt 4.97780 -2.98640
vt 4.52880 -3.66240
vt 4.32430 -0.62840
vt 5.20740 -0.36700
vt 4.06110 -2.83270
vt 4.46960 2.15130
vt 3.49320 1.57580
vt 1.53650 2.97840
vt 1.12560 4.69750
vt -0.04200 4.05830
vt 0.49430 3.08820
vt 1.21100 0.53450
vt 0.33560 0.97690
vt 0.04410 -1.21770
vt 0.24820 -2.12140
vt -1.54690 5.19660
vt -1.07780 -0.87380
vt -1.55660 0.95780
vt -2.70500 0.35480
vt -3.48790 1.43800
vt -3.44640 -1.58820
vt -3.01370 -0.35150
vt -2.75850 -2.02240
vt -3.64040 -3.14600
vt -3.39340 -3.77230
vt -3.99650 0.74830
vt -5.14250 -3.34260
vt -4.89860 0.59160
vt -4.89860 2.83100
vt -5.06760 -2.67750
vt -6.14210 -2.57260
vt -6.68740 -4.63410
vt -5.88040 -4.15320
vt -5.12490 -6.19660
vt -6.68740 -1.27710
vt -0.91980 -4.75870
vt 0.43430 -2.73080
vt 0.91000 -0.33930
vt 3.65190 2.09300
vt 2.19500 1.22190
vt 1.98060 2.30180
vt 0.43430 2.05230
vt 0.19560 4.94290
vt 2.52460 6.99480
vt 1.16450 6.16990
vt 0.50440 7.37020
vt -1.40140 7.08010
vt -4.15310 5.67410
vt -5.33930 5.91000
vt -5.43440 8.07080
vt -7.73080 5.43430
vt -9.75870 4.08020
vt -2.85690 -2.00460
vt -3.00430 -1.87130
vt -0.11380 -2.00460
vt -3.00430 0.85510
vt 0.13850 -2.00460
vt 0.00670 0.98010
vt -3.00430 1.10500
vt 0.13140 3.99920
vt 3.00670 1.10500
vt -0.10950 3.99920
vt 3.00670 3.85480
vt -3.00430 3.83180
vt 2.87670 3.99920
vt -2.85560 3.99350
vt 5.37960 4.68030
vt 4.53790 -0.41880
vt 4.09950 3.32800
vt 4.14290 1.13750
vt 2.53550 0.96440
vt 1.12030 2.59610
vt 0.29970 1.88330
vt 0.01910 -0.00870
vt -0.75050 -1.46580
vt -0.88070 0.47390
vt -2.15060 2.79590
vt -3.05780 4.68020
vt -4.24470 4.04110
vt -5.60080 2.55630
vt -5.87030 4.68020
vt 6.11460 1.39030
vt 5.97780 4.15130
vt 3.90110 2.66660
vt 3.22450 -0.94590
vt 2.06620 -3.26020
vt 0.41130 -4.30000
vt 1.29130 -0.26830
vt 1.29710 -2.46210
vt 0.84730 1.17520
vt -0.43970 0.20220
vt -0.98960 3.63460
vt -1.28880 1.19790
vt -2.18070 -0.53000
vt -3.99800 3.78740
vt -2.27760 5.54980
vt -2.51780 6.08930
vt 2.08900 -2.36140
vt 1.06010 3.49120
vt 0.29270 -3.40330
vt 0.44420 1.21250
vt -0.33220 -1.95530
vt -0.29470 -0.68490
vt -0.47340 2.14940
vt -1.14880 -4.64390
vt -2.60970 0.96850
vt -3.37750 2.26900
vt -3.88430 0.76790
vt 4.77790 0.08760
vt 3.89370 2.13250
vt 3.66140 0.84270
vt 3.07650 0.14340
vt 1.27410 1.28760
vt 0.17290 2.90940
vt 1.20670 -1.23780
vt 1.42890 -2.70070
vt 0.47880 0.44300
vt 0.27850 -5.54660
vt 1.23280 -5.99450
vt -0.12660 -3.10450
vt -0.19700 -4.42440
vt -1.38060 -2.88830
vt 4.37510 0.21310
vt 2.83500 1.95800
vt -1.38710 -6.50160
vt -3.13200 -7.03540
vt 6.64070 -0.23760
vt 0.82210 3.45620
vt 0.82040 1.62870
vt 1.13410 -0.88930
vt -1.17090 3.81020
vt -1.08750 -1.11910
vt -1.09450 -7.97280
vt -1.09450 -3.44150
vt -2.69560 -0.77770
vt 4.37550 1.76280
vt 2.86190 4.41080
vt -5.20720 0.59980
vt -3.12870 2.00100
vt 4.80190 -0.41400
vt 4.72870 -2.39940
vt 3.41010 5.23120
vt 3.77240 -0.51550
vt 1.80100 1.27180
vt 0.34910 2.17030
vt 0.25960 0.50940
vt -0.08440 -1.51650
vt -0.78330 0.10420
vt -2.62320 1.90050
vt -4.69950 2.65120
vt 3.51340 -3.43160
vt 4.25000 -4.32160
vt 6.27860 -3.98610
vt 5.49990 -5.57160
vt 3.26020 -1.60940
vt 2.73450 0.59060
vt 2.01350 1.56340
vt 1.94800 0.11700
vt 1.46320 -2.01750
vt 0.39900 -3.38130
vt -1.15190 -2.23170
vt -1.93290 -1.01280
vt -2.18270 -2.77060
vt -3.24990 -4.32160
vt -5.39170 -3.75360
vt -4.49990 -5.57160
vt -0.92030 4.07970
vt -2.94770 5.43430
vt 5.05730 3.18140
vt 3.31810 2.40710
vt 1.41490 2.35720
vt -0.36250 3.03950
vt -1.74350 4.35010
vt -1.95880 -1.80000
vt -2.68570 -3.10710
vt 3.92030 -1.83830
vt 4.53820 -2.68780
vt 2.10950 -0.23760
vt 0.18880 -1.52090
vt 2.18400 3.39630
vt -1.81530 1.73970
vt -3.97970 2.17020
vt 0.50000 -4.32160
vt 2.37500 -6.19660
vt -1.37490 -6.19660
vt -2.36930 4.69830
vt 0.82510 2.29110
vt -3.57300 3.10100
vt 2.81600 -1.71330
vt 0.65760 -5.40850
vt 3.33650 -5.41480
vt -3.33660 -5.41480
vt -2.81600 -1.71330
vt -0.65760 -5.40840
vt -0.82500 2.29110
vt 3.57310 3.10100
vt 2.36940 4.69840
vt 10.99990 4.15620
vt 10.99990 0.65620
vt 9.49990 2.65620
vt 9.49990 5.65620
vt 10.99990 7.15620
vt 9.49990 8.65620
vt 10.99990 10.15620
vt 10.99990 13.15620
vt 9.49990 11.65620
vt 10.49990 -2.84370
vt 10.49990 -4.84370
vt 9.49990 -3.84370
vt 9.49990 14.65620
vt 9.93740 16.09370
vt 9.49990 -0.84380
vt 7.99990 -5.34370
vt 7.99990 14.15620
vt 7.99990 0.65620
vt 8.24990 -9.34370
vt 7.99990 4.15620
vt 7.99990 13.15620
vt 6.49990 -3.84370
vt 7.99990 -2.34370
vt 6.49990 5.65620
vt 7.99990 7.15620
vt 7.99990 10.15620
vt 6.49990 11.65620
vt 6.49990 14.65620
vt 4.99990 0.65620
vt 6.49990 15.65620
vt 3.49990 -9.84370
vt 6.49990 -0.84380
vt 4.99990 14.15620
vt 4.99990 -11.34370
vt 3.49990 -0.34380
vt 4.99990 13.15620
vt 0.49990 -17.09370
vt 3.49990 14.65620
vt 3.49990 -0.84380
vt 3.49990 15.65620
vt 1.99990 0.65620
vt 1.99990 14.15620
vt 1.99990 1.15620
vt 1.99990 13.15620
vt 0.50000 -15.84370
vt 0.50000 -0.34380
vt 0.50000 14.65620
vt 0.50000 -0.84380
vt 0.49990 15.65620
vt -0.99990 0.65620
vt -1.00000 14.15620
vt -0.99990 1.15620
vt -0.99990 13.15620
vt -3.99990 -11.34370
vt -2.49990 -0.34380
vt -2.49990 14.65620
vt -2.49990 -0.84380
vt -2.50000 15.65620
vt -3.99990 0.65620
vt -4.00000 14.15620
vt -3.99990 1.15620
vt -3.99990 13.15620
vt -7.25000 -9.34370
vt -5.49990 -0.34380
vt -5.49990 14.65620
vt -2.49990 -9.84370
vt -5.50000 -0.84380
vt -5.50000 15.65620
vt -7.00000 -5.34370
vt -6.99990 14.15620
vt -7.00000 0.65620
vt -6.99990 1.15620
vt -6.99990 4.15620
vt -5.49990 2.65620
vt -5.49990 5.65620
vt -6.99990 7.15620
vt -6.99990 10.15620
vt -6.99990 13.15620
vt -5.49990 11.65620
vt -8.50000 -3.84370
vt -5.50000 -3.84370
vt -7.00000 -2.34370
vt -8.49990 5.65620
vt -8.49990 11.65620
vt -8.49990 14.65620
vt -9.50000 0.15620
vt -9.50000 -4.84370
vt -8.93740 16.09370
vt -8.50000 -0.84380
vt -9.99990 13.15620
vt -9.50000 -2.84370
vt -9.50000 6.65620
vt 4.81240 -99.43760
vt 2.74990 -101.50010
vt 2.80720 -97.43240
vt 1.72200 -98.15750
vt 0.00000 -104.25010
vt 0.00000 -98.50010
vt -1.72200 -98.15750
vt -2.74990 -101.50010
vt -2.80720 -97.43240
vt -4.81240 -99.43760
vt 38.18370 31.87520
vt 38.89080 33.99650
vt 41.01210 31.87520
vt 36.06240 33.99650
vt 42.42640 30.46090
vt 41.71930 28.33960
vt 39.59790 30.46090
vt 44.54770 28.33960
vt 45.96190 26.92540
vt 45.25480 24.80410
vt 43.13350 26.92540
vt 48.08320 24.80410
vt 49.49740 23.38990
vt 48.79030 21.26860
vt 46.66900 23.38990
vt 51.61870 21.26860
vt 53.03300 19.85430
vt 52.32590 17.73300
vt 50.20450 19.85430
vt 55.15430 17.73300
vt 56.56850 16.31880
vt 55.86140 14.19750
vt 53.74010 16.31880
vt 58.68980 14.19750
vt 60.10400 12.78330
vt 59.39690 10.66190
vt 57.27560 12.78330
vt 62.22540 10.66190
vt 63.63960 9.24770
vt 62.93250 7.12640
vt 60.81110 9.24770
vt 65.76090 7.12640
vt 67.17510 5.71220
vt 66.46800 3.59090
vt 64.34670 5.71220
vt 69.29640 3.59090
vt 70.71060 2.17670
vt 70.00350 0.05530
vt 67.88220 2.17670
vt 72.83200 0.05530
vt 37.60040 37.44360
vt 34.64820 35.41070
vt 32.61520 37.44360
vt 37.47660 35.41070
vt 16.49990 -2.75720
vt 13.49990 -0.75730
vt 16.49990 3.05510
vt 14.49990 -2.75720
vt 13.10460 6.28870
vt 12.49990 -2.75720
vt 11.26300 -1.29640
vt 10.49990 7.24270
vt 12.18740 7.74260
vt 12.08470 8.82700
vt 7.05630 2.22570
vt 12.49990 -3.75720
vt 6.45280 -7.05120
vt 6.55280 3.99500
vt 9.49990 -9.75720
vt 9.49990 -6.75720
vt 10.99990 -8.25720
vt 7.99990 -11.25720
vt 6.49990 -9.75720
vt 7.99990 9.74270
vt 5.49990 7.24270
vt 6.03410 1.02550
vt 5.30390 -11.09790
vt 4.52260 -9.57850
vt 3.89740 -7.41890
vt 4.36190 -11.38210
vt 2.25000 -3.50460
vt 0.49990 7.74260
vt 2.74990 9.99270
vt 1.13940 4.95460
vt 1.12770 -5.31120
vt 2.71360 -2.94240
vt -0.18390 -2.41640
vt 0.47460 5.68010
vt 0.87470 3.48680
vt -1.62500 -4.75730
vt -1.03040 -8.30740
vt 0.09980 -8.54160
vt -0.01520 -9.62550
vt -4.50000 7.24270
vt -0.11420 -2.04850
vt -3.62290 -2.69160
vt -2.49740 -7.94330
vt -1.75000 9.99270
vt -4.06890 -6.41010
vt -4.93520 4.73650
vt -3.86760 -11.20670
vt -2.90450 -10.64090
vt -3.00270 -11.49270
vt -4.06890 -8.91010
vt -5.75250 -3.81240
vt -3.74530 -2.12300
vt -5.49990 -9.75720
vt -6.31230 5.48460
vt -4.74940 3.61980
vt -8.50000 -6.75720
vt -9.50000 7.24270
vt -6.99990 9.74270
vt -10.00000 -8.25720
vt -6.99990 -11.25720
vt -11.50000 -3.75720
vt -11.49990 -2.75720
vt -10.56610 1.94420
vt -12.49990 4.74270
vt -12.49990 7.74270
vt -12.49990 -0.75730
vt -12.74990 10.49270
vt -12.49990 1.74270
vt -14.00000 3.24270
vt -13.99990 6.24270
vt -13.99990 9.24270
vt -15.49990 -1.25720
vt -13.49990 -2.75720
vt -15.49990 -2.75720
vt 0.03870 -1.31990
vt -1.79570 -0.95000
vt -0.52540 0.36510
vt -0.77290 -1.86230
vt -4.59130 4.07730
vt -1.76280 4.07730
vt -2.04570 2.09740
vt -3.17710 5.49160
vt 2.50850 4.33170
vt 3.92270 5.74590
vt 5.33690 4.33170
vt 2.65910 0.24250
vt 5.33690 -0.61790
vt 1.13730 0.21810
vt 2.38280 -1.31010
vt 1.51850 -1.60790
vt 3.08510 -2.64720
vt 0.70820 -1.06640
vt 2.28870 -2.76050
vt 8.00000 5.23840
vt 6.72590 3.09460
vt 6.50000 3.73840
vt 5.50000 3.33840
vt 5.00000 5.23840
vt 3.93100 3.02630
vt 2.60080 2.13760
vt 0.50000 0.73850
vt 1.71200 0.80750
vt 1.44130 -0.55370
vt 0.24260 0.17310
vt 0.70300 -1.38830
vt 0.25370 -1.08500
vt 0.49020 -3.05440
vt -0.07440 -2.49530
vt 0.03530 -3.48840
vt -0.39990 -0.76150
vt -0.71200 0.80750
vt -0.55740 -1.55300
vt -1.60080 2.13750
vt -3.99990 5.23840
vt -2.93090 3.02630
vt -4.49990 3.33840
vt -5.49990 3.73840
vt -5.70750 3.09820
vt -6.99990 5.23840
vt -1.49830 -2.94780
vt -2.04410 -2.06110
vt -3.10640 0.39120
vt -4.59130 0.80710
vt 10.99990 -4.37490
vt 12.49990 -4.12490
vt 12.49990 -5.87490
vt 10.99990 -2.62490
vt 10.99990 -0.62500
vt 12.49990 -0.37500
vt 12.49990 -2.12490
vt 10.99990 1.12500
vt 10.99990 3.12500
vt 12.49990 3.37500
vt 12.49990 1.62500
vt 10.99990 4.87500
vt 9.49990 -4.12490
vt 9.49990 -5.87490
vt 9.49990 -0.37500
vt 9.49990 -2.12490
vt 9.50000 3.37500
vt 9.49990 1.62500
vt -9.99990 -4.37490
vt -8.49990 -4.12490
vt -8.49990 -5.87490
vt -9.99990 -2.62490
vt -9.99990 -0.62500
vt -8.49990 -0.37500
vt -8.49990 -2.12490
vt -9.99990 1.12500
vt -9.99990 3.12500
vt -8.49990 3.37500
vt -8.49990 1.62500
vt -9.99990 4.87500
vt -11.49990 -4.12490
vt -11.49990 -5.87490
vt -11.49990 -0.37500
vt -11.49990 -2.12490
vt -11.49990 3.37500
vt -11.49990 1.62500
vt -1.49990 3.63070
vt 0.50000 3.88070
vt -1.49990 1.88070
vt 0.50000 5.63070
vt -1.49990 -0.11930
vt 0.50000 0.13070
vt -1.50000 -1.86920
vt 0.50000 1.88070
vt 2.50000 3.63070
vt 2.50000 1.88070
vt 2.49990 -0.11930
vt 2.49990 -1.86920
vt -1.49990 -3.86920
vt -0.69560 -5.73470
vt -1.50000 -5.94080
vt -0.71680 -6.63070
vt 0.36220 -4.63120
vt 0.49990 -1.86920
vt 7.74990 5.50010
vt 12.49990 8.25010
vt 12.49990 0.75010
vt 8.49990 8.25010
vt 7.75000 6.50010
vt 7.49990 8.25010
vt -6.62490 8.25010
vt -5.75000 6.50010
vt -7.49990 8.25010
vt -11.49990 0.75010
vt -11.49990 8.25010
vt -1.54850 -8.86740
vt -1.19490 -7.09960
vt -1.19490 -10.45840
vt -1.54850 -6.74610
vt 0.57270 -6.74610
vt 0.92630 -7.09960
vt 0.92630 -4.97830
vt 0.57270 -4.62470
vt 2.69410 -4.62470
vt 3.04760 -4.97830
vt 3.04760 -2.85700
vt 2.69410 -2.50340
vt -3.66980 -10.98870
vt -6.49820 -12.22610
vt 20.01820 9.87080
vt 19.70930 14.68750
vt 19.90570 14.81870
vt -3.66980 -8.86740
vt 5.16890 -0.73570
vt 5.16890 -2.85700
vt 7.29030 1.38570
vt 7.29030 -0.73570
vt 9.41160 3.50700
vt 9.41160 1.38570
vt 11.53290 3.50700
vt 11.53290 5.62830
vt 13.65420 5.62830
vt 13.65420 7.74950
vt 15.77550 7.74950
vt 15.77550 9.87080
vt -5.79110 -10.98870
vt 17.89690 14.32700
vt 16.08440 14.68750
vt 5.52250 1.03210
vt 9.76510 5.27480
vt 14.00780 9.51730
vt 5.52250 4.56760
vt 10.47220 9.51730
vt 1.98700 1.03210
vt 14.00780 13.05280
vt 0.57270 -2.50340
vt 0.57270 -0.38210
vt 4.46180 7.04240
vt 7.99740 10.57800
vt 14.54780 15.71420
vt -1.54850 1.73920
vt -1.54850 -0.38210
vt 13.52110 17.25080
vt -1.54850 3.86050
vt 0.21920 6.33540
vt 8.70450 14.82060
vt 9.63250 16.27900
vt 1.57320 8.74320
vt 4.46180 10.57800
vt 5.36270 12.77590
vt -3.66980 3.86050
vt -3.66980 1.73920
vt 13.15930 19.06320
vt -1.54850 5.98190
vt 7.00780 16.02660
vt 2.76090 11.50800
vt 8.35090 18.53290
vt -3.66980 8.10310
vt 6.90650 17.57440
vt 8.35090 19.06320
vt -3.66980 5.98190
vt -3.66980 12.34570
vt -3.66980 10.22650
vt 0.40100 11.50480
vt 0.52670 12.34540
vt -5.79110 8.10310
vt -5.79110 10.22440
vt 6.27470 4.16030
vt 5.56750 6.28160
vt 8.39600 6.28160
vt 3.44620 4.16030
vt 9.10310 9.81710
vt 9.81020 7.69580
vt 6.98180 7.69580
vt 11.93150 9.81710
vt 12.63860 13.35270
vt 13.34570 11.23140
vt 10.51730 11.23140
vt 15.46700 13.35270
vt 5.80330 -2.91080
vt 0.61780 -2.91080
vt 2.73910 -0.78950
vt 4.15330 2.03900
vt 0.61780 -0.78950
vt -11.40290 -13.51730
vt -11.40290 -17.05280
vt -17.76690 -17.05280
vt 2.73910 2.74610
vt 4.86040 2.74610
vt -6.63000 -8.74430
vt -8.04420 -7.33010
vt 11.73520 5.34150
vt 13.40620 3.69600
vt 13.03120 3.32100
vt 12.15740 6.25810
vt 11.36140 7.04130
vt 11.20800 5.40810
vt 10.66160 3.71600
vt 11.49040 3.95170
vt 10.70430 2.85540
vt 8.99280 2.98430
vt 9.88160 4.31450
vt 7.95300 1.16010
vt 6.05060 0.50290
vt 7.66270 2.09560
vt 7.45960 -0.15900
vt 6.09370 1.78350
vt 5.32120 1.93710
vt 4.48300 0.57740
vt 4.52470 2.09560
vt 3.35320 0.56030
vt 3.89070 -1.13340
vt 3.19460 2.98430
vt 1.47110 5.24400
vt 1.99370 5.88350
vt 2.30580 4.31450
vt 1.24820 3.47450
vt 1.44070 2.14040
vt 1.12850 6.43590
vt 0.48840 2.78030
vt -0.01580 0.36450
vt 0.61970 5.24390
vt 0.33380 4.13510
vt -0.00490 4.88440
vt -0.11830 4.31450
vt -0.68640 2.46470
vt -0.60400 1.32450
vt -1.00710 2.98430
vt -1.74710 1.66340
vt -2.33720 2.09560
vt -3.62370 0.72340
vt -3.90620 1.78350
vt -5.72500 0.95210
vt -5.47520 2.09560
vt -7.69410 4.31450
vt -6.80530 2.98430
vt -8.89840 4.60860
vt -9.63440 2.90920
vt -10.08450 4.02160
vt -10.34320 5.29450
vt -9.61710 5.70020
vt -9.62830 7.11640
vt -11.08140 5.62660
vt -12.40620 4.88350
vt -11.53120 4.00850
vt 12.09370 2.38350
vt 9.73030 1.93070
vt 8.68960 2.39780
vt 9.00080 0.54140
vt 8.21870 -1.49140
vt 6.56070 -0.99040
vt 5.28050 0.00150
vt 5.18570 -1.08020
vt 3.85140 -3.27380
vt 2.86730 -2.24920
vt 2.35310 1.64940
vt 2.33420 0.03300
vt 1.28940 0.19950
vt 0.67550 -1.15360
vt -0.88600 -1.93770
vt -1.64460 0.43630
vt -1.44830 -0.58200
vt -3.15180 -1.09940
vt -5.38040 0.05790
vt -4.42020 -1.31670
vt -6.90620 -0.61650
vt -6.91790 2.46860
vt -7.10540 1.49670
vt -9.28120 1.75850
vt 7.46870 -2.24140
vt 3.09370 -6.61640
vt -0.90620 -6.61640
vt 3.09370 -8.11640
vt -0.90620 -8.11640
vt -5.28120 -2.24140
vt 1.49990 -7.50010
vt 0.99990 -8.00010
vt 1.49990 -8.00010
vt 0.99990 -7.50010
vt 1.49990 -7.00010
vt 0.99990 -7.00010
vt 0.00000 -8.00010
vt 0.00000 -7.50010
vt 0.00000 -7.00010
vt 0.99990 -8.50010
vt 1.49990 -8.50010
vt 1.49990 -6.50010
vt 0.99990 -6.50010
vt -0.49990 -8.00010
vt -0.49990 -7.50010
vt 0.00000 -8.50010
vt -0.49990 -7.00010
vt 0.00000 -6.50010
vt -0.49990 -8.50010
vt 0.99990 -9.00010
vt 1.49990 -9.00010
vt -0.49990 -6.50010
vt 1.49990 -6.00010
vt 0.99990 -6.00010
vt 0.00000 -9.00010
vt 0.00000 -6.00010
vt -0.49990 -9.00010
vt -0.49990 -6.00010
vt 0.99990 -9.50010
vt 1.49990 -9.50010
vt 0.00000 -9.50010
vt 1.49990 -5.50010
vt 0.99990 -5.50010
vt -0.49990 -9.50010
vt 0.00000 -5.50010
vt -0.49990 -5.50010
vt 0.99990 -10.00010
vt 1.49990 -10.00010
vt 0.00000 -10.00010
vt -0.49990 -10.00010
vt 1.49990 -5.00010
vt 0.99990 -5.00010
vt 1.49990 -10.50010
vt 0.99990 -10.50010
vt 0.00000 -5.00010
vt -0.49990 -5.00010
vt 0.00000 -10.50010
vt -0.49990 -10.50010
vt 1.49990 -4.50010
vt 0.99990 -4.50010
vt 0.00000 -4.50010
vt -0.49990 -4.50010
vt 0.99990 -11.70010
vt 1.49990 -11.70010
vt 0.00000 -11.70010
vt -0.49990 -11.70010
vt 1.49990 -4.00010
vt 0.99990 -4.00010
vt 0.00000 -4.00010
vt -0.49990 -4.00010
vt 0.99990 -13.00010
vt 1.49990 -13.00010
vt 0.00000 -13.00010
vt -0.49990 -13.00010
vt 0.00000 -3.50010
vt -0.49990 -3.50010
vt 0.99990 -3.50010
vt 1.49990 -3.50010
vt 0.00000 -3.00010
vt -0.49990 -3.00010
vt 0.99990 -3.00010
vt 1.49990 -14.00010
vt 0.99990 -14.00010
vt 1.49990 -3.00010
vt 0.00000 -14.00010
vt -0.49990 -14.00010
vt -0.49990 -2.50010
vt 0.00000 -2.50010
vt 0.99990 -2.50010
vt 1.49990 -14.50010
vt 0.99990 -14.50010
vt 1.49990 -2.50010
vt 0.00000 -14.50010
vt -0.49990 -14.50010
vt 1.49990 -15.00000
vt 0.99990 -15.00000
vt -0.49990 -2.00010
vt 0.00000 -2.00010
vt 0.00000 -15.00000
vt 0.99990 -2.00010
vt 1.49990 -2.00010
vt -0.49990 -15.00000
vt 0.00000 -1.50010
vt -0.49990 -1.50010
vt 0.99990 -1.50010
vt 1.49990 -1.50010
vt 0.00000 -0.13640
vt -0.49990 -0.13640
vt 0.99990 -0.13640
vt 1.49990 -0.13640
vt 0.00000 -0.00010
vt -0.49990 -0.00010
vt 0.99990 -0.00010
vt 1.49990 -0.00010
vt -0.49990 -0.75010
vt 0.00000 -0.50010
vt 0.00000 -0.75010
vt -0.49990 -0.50010
vt 0.99990 -0.50010
vt 1.49990 -0.75010
vt 0.99990 -0.75010
vt 1.49990 -0.50010
vt 0.99990 -19.50010
vt 1.49990 -20.00000
vt 0.99990 -20.00000
vt 1.49990 -19.50010
vt 0.00000 -20.00000
vt 0.00000 -19.50010
vt -0.49990 -20.00000
vt -0.49990 -19.50010
vt 0.99990 -19.00010
vt 1.49990 -19.00010
vt 0.00000 -19.00010
vt -0.50000 -19.00010
vt 0.99990 -18.50010
vt 1.49990 -18.50010
vt 0.00000 -18.50010
vt -0.50000 -18.50010
vt 0.99990 -18.00010
vt 1.49990 -18.00010
vt 0.00000 -18.00010
vt 0.99990 -17.50010
vt 1.49990 -17.50010
vt -0.50000 -18.00010
vt 0.99990 -17.00010
vt 1.49990 -17.00010
vt 1.49990 -16.50010
vt 0.99990 -16.50010
vt 0.99990 -13.50010
vt 1.49990 -13.50010
vt 0.00000 -17.50010
vt 0.00000 -17.00010
vt 1.49990 -12.50010
vt 0.99990 -12.50010
vt 0.00000 -16.50010
vt 0.00000 -13.50010
vt -0.49990 -17.50010
vt -0.49990 -17.00010
vt 0.00000 -12.50010
vt -0.49990 -16.50010
vt -0.49990 -13.50010
vt 1.49990 -12.00010
vt 0.99990 -12.00010
vt 1.50000 -3.50010
vt -0.49990 -12.50010
vt 0.00000 -12.00010
vt -0.50000 -12.00010
vt 1.49990 -11.50010
vt 0.99990 -11.50010
vt 0.00000 -11.50010
vt -0.49990 -11.50010
vt 1.49990 -11.00010
vt 0.99990 -11.00010
vt 0.00000 -11.00010
vt -0.49990 -11.00010
vt 2.07340 1.62700
vt 1.47160 1.42650
vt 1.87320 2.21340
vt 1.81090 1.06910
vt 3.40870 1.16440
vt 4.10930 2.10820
vt 4.10930 1.16310
vt 3.52170 2.17690
vt 2.60610 1.52950
vt 2.71410 0.74450
vt 2.38340 2.09500
vt 2.37820 2.68680
vt 1.21340 0.57120
vt 0.48770 1.38760
vt 1.02540 1.75040
vt 0.85540 2.20680
vt 0.41090 1.82720
vt 0.37680 2.51590
vt -0.00390 2.33420
vt 0.21130 3.14170
vt -0.47580 2.52900
vt -0.34940 1.46780
vt -0.93900 1.79310
vt -1.24840 0.64960
vt -1.47480 1.25190
vt -2.00850 1.18580
vt -2.35040 1.96300
vt -2.75740 1.55140
vt -3.10930 2.10820
vt -2.73380 0.67280
vt -3.10930 0.45010
vt 1.95940 1.67690
vt 1.41460 1.40510
vt 1.75910 2.26330
vt 1.69690 1.11900
vt 0.29690 1.87710
vt 0.93990 1.77170
vt 0.37370 1.43750
vt 0.74130 2.25670
vt 0.26280 2.56580
vt -0.11790 2.38410
vt -1.36250 0.69950
vt -0.94720 1.73720
vt -0.46350 1.51770
vt -1.49620 1.55310
vt 2.49210 1.57940
vt 3.10930 2.15810
vt 3.10930 0.77630
vt 2.45750 0.75160
vt 2.26940 2.14490
vt 2.26410 2.73670
vt 1.25620 0.63530
vt 0.14000 3.09180
vt -0.52370 2.57890
vt -2.10930 1.21290
vt -2.10930 2.15810
vt 1.86570 0.29820
vt 2.11470 0.81330
vt -2.45880 0.08080
vt -3.10930 -0.53960
vt 4.10930 0.57010
vt 3.54250 0.36920
vt 2.62540 -0.06210
vt 3.16020 -0.48120
vt 1.09980 -0.23670
vt 0.24160 0.75460
vt 0.15280 1.41970
vt -0.45300 0.82080
vt -0.72930 0.17710
vt -1.40500 -0.43600
vt -1.96410 0.50350
vt -2.38740 0.83210
vt 1.82290 0.41940
vt 2.00070 0.97730
vt 3.10930 -0.15780
vt 2.40090 0.15830
vt 0.98570 -0.18680
vt 0.12760 0.80450
vt 0.03880 1.46960
vt -0.56700 0.87070
vt -0.84330 0.22700
vt -1.50470 -0.27210
vt -2.10930 0.15190
vt 3.31240 -3.50810
vt 4.10930 -4.14170
vt 1.90620 -3.50810
vt 2.61850 -4.13310
vt 1.19980 -4.13310
vt 0.49990 -3.50810
vt -0.20600 -4.13310
vt -0.90620 -3.50810
vt -1.58860 -4.13310
vt -2.31240 -3.50810
vt -3.10930 -4.14170
vt 2.43040 -3.46680
vt 3.10930 -4.09180
vt 1.15890 -3.46680
vt 1.80540 -4.09180
vt -0.12310 -3.46680
vt 0.50180 -4.09180
vt -0.80170 -4.09180
vt -1.43750 -3.46680
vt -2.10930 -4.09180
vt 18.37490 -2.75010
vt 18.24990 -2.96880
vt 18.24990 -2.75010
vt 18.37490 -2.96880
vt 18.37490 -2.03130
vt 18.24990 -2.03130
vt 18.12490 -2.75010
vt 18.12490 -2.96880
vt 18.12490 -2.03130
vt 18.49990 -2.03130
vt 18.49990 -2.75010
vt 18.49990 -2.96880
vt 17.99990 -2.03130
vt 17.99990 -2.75010
vt 17.99990 -2.96880
vt 0.00000 -2.75010
vt 0.49990 -2.03130
vt 0.49990 -2.75010
vt 0.00000 -2.03130
vt 0.00000 -2.96880
vt 0.49990 -2.96880
vt 0.99990 -2.75010
vt 0.99990 -2.03130
vt 0.99990 -2.96880
vt 1.49990 -2.75010
vt 1.50000 -2.03130
vt 1.49990 -2.96880
vt 1.50000 -2.75010
vt 1.99990 -2.75010
vt 1.99990 -2.03130
vt 1.99990 -2.96880
vt 1.49990 -2.03130
vt 2.49990 -2.75010
vt 2.49990 -2.03130
vt 2.49990 -2.96880
vt 2.99990 -2.75010
vt 2.99990 -2.03130
vt 2.99990 -2.96880
vt 3.49990 -2.75010
vt 3.49990 -2.03130
vt 3.49990 -2.96880
vt 5.49990 -2.75010
vt 5.49990 -2.03130
vt 5.49990 -2.96880
vt 5.99990 -2.75010
vt 5.99990 -2.03130
vt 5.99990 -2.96880
vt 6.49990 -2.03130
vt 6.49990 -2.75010
vt 6.49990 -2.96880
vt 6.99990 -2.03130
vt 6.99990 -2.75010
vt 6.99990 -2.96880
vt 7.49990 -2.03130
vt 7.49990 -2.75010
vt 7.49990 -2.96880
vt 16.49990 -2.75010
vt 16.49990 -2.03130
vt 16.49990 -2.96880
vt 7.99990 -2.03130
vt 7.99990 -2.75010
vt 7.99990 -2.96880
vt 8.49990 -2.03130
vt 8.49990 -2.75010
vt 8.49990 -2.96880
vt 8.99990 -2.03130
vt 8.99990 -2.75010
vt 8.99990 -2.96880
vt 9.49990 -2.03130
vt 9.49990 -2.75010
vt 9.49990 -2.96880
vt 15.99990 -2.03130
vt 15.99990 -2.75010
vt 15.99990 -2.96880
vt 9.99990 -2.03130
vt 9.99990 -2.75010
vt 9.99990 -2.96880
vt 15.49990 -2.03130
vt 15.49990 -2.75010
vt 15.49990 -2.96880
vt 10.49990 -2.75010
vt 10.49990 -2.03130
vt 10.49990 -2.96880
vt 14.99990 -2.03130
vt 14.99990 -2.75010
vt 14.99990 -2.96880
vt 10.99990 -2.75010
vt 10.99990 -2.03130
vt 10.99990 -2.96880
vt 14.49990 -2.03130
vt 14.49990 -2.75010
vt 14.49990 -2.96880
vt 11.49990 -2.75010
vt 11.49990 -2.03130
vt 11.49990 -2.96880
vt 13.99990 -2.03130
vt 13.99990 -2.75010
vt 13.99990 -2.96880
vt 11.99990 -2.75010
vt 11.99990 -2.03130
vt 11.99990 -2.96880
vt 13.49990 -2.03130
vt 13.49990 -2.75010
vt 13.49990 -2.96880
vt 12.49990 -2.75010
vt 12.49990 -2.03130
vt 12.49990 -2.96880
vt 12.99990 -2.03130
vt 12.99990 -2.75010
vt 12.99990 -2.96880
vt 4.99990 -2.96880
vt 4.99990 -2.75010
vt 4.99990 -2.03130
vt 4.49990 -2.96880
vt 4.49990 -2.75010
vt 4.49990 -2.03130
vt 3.29990 -2.96880
vt 3.29990 -2.75010
vt 3.29990 -2.03130
vt 15.74990 -2.75010
vt 15.74990 -2.96880
vt 15.74990 -2.03130
vt 15.24990 -2.75010
vt 15.24990 -2.96880
vt 15.24990 -2.03130
vt 0.06240 -0.06260
vt 0.93740 -0.93760
vt 0.93740 -0.06260
vt 0.06240 -0.93760
vt 7.99990 -57.50010
vt 6.99990 -43.50010
vt 7.99990 -37.50010
vt 6.99990 -55.00010
vt 5.99990 -57.00010
vt 6.99990 -58.50010
vt 5.99990 -70.50010
vt 6.99990 -72.00010
vt 3.99990 -73.50010
vt 3.24990 -71.87510
vt 2.99990 -81.00010
vt 2.99990 -73.00010
vt 3.99990 -81.00010
vt 1.99990 -34.50010
vt 0.99990 -35.00010
vt 1.99990 -33.50010
vt 1.00000 -36.00010
vt 1.99990 -81.00010
vt -1.99990 -77.50010
vt 1.99990 -77.50010
vt -1.99990 -81.00010
vt -1.99990 -34.50010
vt -0.99990 -35.00010
vt -0.99990 -36.00010
vt -1.99990 -33.50010
vt -2.99990 -81.00010
vt -3.99990 -73.50010
vt -2.99990 -73.00010
vt -3.99990 -81.00010
vt -5.99990 -70.50010
vt -6.99990 -72.00010
vt -3.24990 -71.87510
vt -6.99990 -58.50010
vt -5.99990 -57.00010
vt -7.99990 -57.50010
vt -6.99990 -55.00010
vt -7.00000 -43.50010
vt -7.99990 -37.50010
vt 6.93840 -42.32680
vt 6.75520 -41.18240
vt 6.45500 -40.09510
vt 6.04500 -39.09170
vt 5.53550 -38.19670
vt 4.99990 -34.50010
vt 4.93890 -37.43240
vt 4.26990 -36.81750
vt 3.54500 -36.36710
vt 3.24990 -72.87510
vt 2.78210 -36.09240
vt 2.00000 -36.00010
vt 0.86600 -34.50010
vt 0.49990 -34.13400
vt 0.99990 -32.50010
vt 0.00000 -34.00010
vt 0.00000 -76.50010
vt -0.99990 -32.50010
vt -0.49990 -34.13400
vt -0.86600 -34.50010
vt -1.99990 -36.00010
vt -2.78210 -36.09240
vt -3.54500 -36.36710
vt -3.24990 -72.87510
vt -4.99990 -34.50010
vt -4.26990 -36.81750
vt -4.93890 -37.43240
vt -5.53550 -38.19670
vt -6.04500 -39.09170
vt -6.45500 -40.09510
vt -6.75520 -41.18240
vt -6.93840 -42.32680
vt 7.99990 -78.50010
vt 9.00000 -64.00010
vt 9.00000 -80.00010
vt 7.99990 -63.59380
vt 5.99990 -0.00010
vt 6.99990 -10.50010
vt 5.99990 -17.25010
vt 6.99990 -0.00010
vt 0.99990 -85.50010
vt 2.00000 -87.00010
vt 0.99990 -90.00000
vt 2.00000 -90.00000
vt -4.49990 -1.00010
vt 4.99990 -5.00010
vt -4.49990 -5.00010
vt 4.99990 -1.00010
vt -0.99990 -90.00000
vt -1.99990 -87.00010
vt -0.99990 -85.50010
vt -1.99990 -90.00000
vt -8.99990 -80.00010
vt -7.99990 -78.50010
vt -3.99990 -43.50010
vt -7.99990 -47.50010
vt -7.99990 -43.50010
vt -3.99990 -47.50010
vt -6.99990 -16.50010
vt -5.99990 -0.00010
vt -5.99990 -18.00010
vt -6.99990 -0.00010
vt -8.99990 -22.50010
vt -10.99990 -22.50010
vt -8.99990 -60.50010
vt -7.99990 -60.50010
vt -10.99990 -58.50010
vt -5.99990 -58.50010
vt 13.99990 -38.75010
vt 13.99990 -59.00010
vt 11.99990 -54.93760
vt 13.99990 -21.00010
vt 11.99990 -22.50010
vt 11.99990 -38.75010
vt 11.96300 -21.79610
vt 11.93740 -56.12510
vt 11.85310 -21.10950
vt 11.82490 -57.27500
vt 11.67300 -20.45710
vt 11.56240 -58.34380
vt 11.42700 -19.85500
vt 11.15000 -59.18760
vt 11.12130 -19.31810
vt 10.76330 -18.85950
vt 10.53120 -59.96880
vt 9.99990 -39.75010
vt 9.00890 -33.00010
vt 9.99990 -27.50010
vt 9.49990 -27.00010
vt 8.99990 -27.50010
vt 10.36190 -18.49050
vt 7.99990 -43.62510
vt 9.99990 -52.00010
vt 8.24990 -62.25010
vt 9.92700 -18.22030
vt 7.99990 -33.50010
vt 9.46930 -18.05540
vt 7.99990 -53.75010
vt 8.24990 -63.46880
vt 9.00000 -18.00000
vt 8.53060 -18.05540
vt 8.07290 -18.22030
vt 7.63800 -18.49050
vt 6.99990 -54.65000
vt 7.99990 -55.20010
vt 6.96300 -39.79610
vt 6.99990 -33.00010
vt 6.99990 -40.50010
vt 7.23660 -18.85950
vt 6.85310 -39.10950
vt 6.67300 -38.45710
vt 6.87860 -19.31810
vt 6.42700 -37.85500
vt 6.12130 -37.31810
vt 6.57290 -19.85500
vt 4.99990 -56.00010
vt 6.99990 -52.00010
vt 5.76330 -36.85950
vt 5.99990 -21.00010
vt 5.36190 -36.49050
vt 4.92700 -36.22030
vt 4.74990 -19.75010
vt 4.46930 -36.05550
vt 3.99990 -36.00010
vt 2.99990 -35.00010
vt 3.67490 -36.00010
vt 1.99990 -12.12510
vt 3.62490 -11.37510
vt 3.62490 -13.75010
vt 1.99990 -11.37510
vt -1.99990 -11.37510
vt -1.99990 -12.12510
vt -3.62490 -11.37510
vt -3.62490 -13.75010
vt -5.99990 -49.50010
vt -8.12130 -56.38110
vt -8.42700 -55.84410
vt -8.67300 -55.24210
vt -8.85310 -54.58970
vt -8.96300 -53.90310
vt -9.00000 -53.19910
vt -8.99990 -38.75010
vt -10.99990 -38.75010
vt -0.49990 -12.62490
vt 1.49990 -12.24990
vt -0.49990 -12.24990
vt 1.49990 -12.62490
vt 2.99990 10.62500
vt 1.49990 10.62500
vt 4.49990 9.12500
vt 2.49990 -8.87490
vt 1.99990 -12.24990
vt 2.49990 -12.62490
vt 0.93300 10.12500
vt 1.99990 -12.62490
vt 0.74990 9.94190
vt 0.50000 9.87500
vt 1.11010 -9.87490
vt 4.49990 -0.87500
vt -2.99990 -1.37490
vt 3.99990 -1.37490
vt -3.49990 -0.87500
vt 3.99990 -8.12490
vt 1.02830 -9.56990
vt 0.80500 -9.34660
vt 0.80500 -10.40330
vt 1.02830 -10.18000
vt 1.49990 11.12500
vt 0.93300 10.62500
vt 0.50000 -9.26480
vt -2.99990 -8.12490
vt 0.99990 10.37500
vt 0.99990 11.62500
vt 0.74990 10.80800
vt 0.49990 -10.48510
vt 0.50000 10.87500
vt -1.49990 -8.87490
vt -3.49990 9.12500
vt 0.00000 11.62500
vt 0.25000 10.80800
vt 0.19490 -10.40330
vt 0.06690 10.62500
vt -0.49990 11.12500
vt 0.00000 10.37500
vt -0.49990 10.62500
vt 0.06690 10.12500
vt 0.19490 -9.34660
vt -0.02830 -10.18000
vt -0.99990 -12.24990
vt -0.02830 -9.56990
vt -0.11010 -9.87490
vt 0.24990 9.94190
vt -0.99990 -12.62490
vt -1.49990 -12.62490
vt -1.99990 10.62500
vt -0.28430 -34.24510
vt 0.89210 -35.12750
vt 1.28430 -34.24510
vt 0.10780 -35.12750
vt 3.24500 -4.24510
vt -1.06860 -0.42160
vt -2.24500 -6.59810
vt 2.06860 -0.42160
vt 2.06860 -0.12750
vt -1.06860 -0.12750
vt 3.24500 -0.12750
vt 2.85290 -0.42160
vt 2.85290 -0.12750
vt 5.99010 -8.36280
vt -3.81370 -8.95100
vt 5.99010 -23.29020
vt 4.02940 -25.26080
vt -3.02940 -23.85300
vt 4.02940 -31.50010
vt 1.28430 -35.42160
vt 0.89210 -35.42160
vt -3.02940 -31.50010
vt 0.10780 -35.42160
vt -0.28430 -35.42160
vt -3.81370 -23.06870
vt -1.85290 -0.42160
vt -1.85290 -0.12750
vt -2.24500 -0.12750
vt 0.49990 0.99990
vt 3.99990 0.01560
vt 0.49990 0.01560
vt 3.99990 0.99990
vt -0.49990 0.01560
vt -0.49990 0.99990
vt 2.99990 -0.98440
vt -0.49990 -0.98440
vt 2.99990 -0.00010
vt -3.50000 -0.00010
vt -3.50000 -0.98440
vt -3.49990 -0.00010
vt -3.49990 -0.98440
vt 9.99990 -0.00010
vt 9.99990 -0.98440
vt 11.99990 -0.00010
vt 11.99990 -0.98440
vt 5.99990 -0.98440
vt 3.99990 -0.00010
vt 3.99990 -0.98440
vt -8.49990 -0.00010
vt -8.49990 -0.98440
vt 4.99990 -0.98440
vt -2.49990 -0.00010
vt -2.49990 -0.98440
vt 4.99990 -0.00010
vt -5.49990 -0.98440
vt -5.49990 -0.00010
vt -4.49990 -0.98440
vt -4.49990 -0.00010
vt -3.50720 -0.00010
vt -0.00490 -0.98440
vt -0.00490 -0.00010
vt -3.50720 -0.98440
vt 2.98770 -0.00010
vt -1.49990 -0.98440
vt 2.98770 -0.98440
vt -1.49990 -0.00010
vt -8.50340 -0.00010
vt -8.50340 -0.98440
vt -9.49990 -0.00010
vt -9.49990 -0.98440
vt 9.49990 -0.00010
vt 8.49990 -0.98440
vt 9.49990 -0.98440
vt 8.49990 -0.00010
vt 0.49850 -0.98440
vt 0.49850 -0.00010
vt -0.50140 -0.00010
vt -0.50140 -0.98440
vt -6.50230 -0.98440
vt -7.49990 -0.00010
vt -6.50230 -0.00010
vt -7.49990 -0.98440
vt -1.50050 -0.98440
vt -1.50050 -0.00010
vt 2.00250 -0.98440
vt 2.00250 -0.00010
vt -3.99990 -1.00010
vt 0.00000 -1.98440
vt -3.99990 -1.98440
vt 0.00000 -1.00010
vt 2.49990 -1.98440
vt 2.49990 -1.00010
vt -9.38010 0.01570
vt -9.99990 1.00010
vt -9.38010 1.00010
vt -9.99990 0.01570
vt 7.00300 2.99990
vt 6.62300 2.01560
vt 6.62300 2.99990
vt 7.00300 2.01560
vt -8.75200 1.00010
vt -8.75200 0.01570
vt 6.22310 2.01560
vt 6.22310 2.99990
vt -8.09100 1.00010
vt -8.09100 0.01570
vt 5.79730 2.01560
vt 5.79730 2.99990
vt 5.34290 2.01560
vt 5.34290 2.99990
vt -5.49990 2.01560
vt -2.00420 2.99990
vt -2.00420 2.01560
vt -5.49990 2.99990
vt -7.38710 1.00010
vt -7.38710 0.01570
vt 4.86030 2.01560
vt 4.86030 2.99990
vt 4.35230 2.01560
vt 4.35230 2.99990
vt -6.63600 1.00010
vt -6.63600 0.01570
vt 3.82370 2.01560
vt 3.82370 2.99990
vt 3.28060 2.01560
vt 3.28060 2.99990
vt 7.99990 1.00010
vt 3.99990 0.01570
vt 3.99990 1.00010
vt 7.99990 0.01570
vt 2.73000 2.01560
vt 2.73000 2.99990
vt -5.83830 1.00010
vt -5.83830 0.01570
vt -4.99860 1.00010
vt -4.99860 0.01570
vt -4.12480 1.00010
vt -4.12480 0.01570
vt -3.22710 1.00010
vt -3.22710 0.01570
vt -2.31700 1.00010
vt -2.31700 0.01570
vt 0.00000 0.95310
vt 4.99990 -0.04680
vt 0.00000 -0.04680
vt 4.99990 0.95310
vt 0.00000 -0.04690
vt 4.99990 -1.04680
vt 0.00000 -1.04680
vt 4.99990 -0.04690
vt 1.99990 -1.04680
vt 1.99990 -0.04690
vt 0.00000 -1.00000
vt 2.99990 -0.00500
vt 0.00000 -0.00500
vt 2.99990 -1.00000
vt 3.99990 -1.00000
vt 3.99990 -0.00500
vt -0.49990 -0.03130
vt -0.99990 -0.82820
vt -0.49990 -0.82820
vt -0.99990 -0.03130
vt 0.79680 -0.84380
vt 0.21870 -0.23440
vt 0.79680 -0.23440
vt 0.21870 -0.84380
vt 0.95310 -0.85940
vt 0.04680 -1.00000
vt 0.04680 -0.85940
vt 0.95310 -1.00000
vt -0.03120 -0.82820
vt -0.96870 -0.82820
vt 0.96870 -0.85940
vt 0.03120 -0.85940
vt 0.49990 -0.12510
vt 3.00540 -1.00500
vt 4.99430 -2.00000
vt 3.00540 -2.00000
vt 4.99430 -1.00500
vt 1.99700 -1.00500
vt 1.99700 -2.00000
vt 1.37960 -1.00500
vt 1.37960 -2.00000
vt 0.65190 -1.00500
vt 0.65190 -2.00000
vt -0.00070 -1.00500
vt -0.00070 -2.00000
vt -0.65340 -1.00500
vt -0.65340 -2.00000
vt -1.34980 -1.00500
vt -1.34980 -2.00000
vt -1.99630 -2.00000
vt -1.99630 -1.00500
vt -2.99570 -1.00500
vt -2.99570 -2.00000
vt -4.99570 -1.00500
vt -4.99570 -2.00000
vt -2.99990 1.95320
vt -1.99990 2.95310
vt -1.99990 1.95320
vt -2.99990 2.95310
vt 0.68740 -0.04690
vt 0.96870 -0.04690
vt 0.68740 -0.85940
vt 0.03120 -0.04690
vt 0.96870 -1.00000
vt 0.03120 -0.21880
vt 0.96870 -0.21880
vt 0.03120 -1.00000
vt 9.30000 0.76560
vt 6.49990 0.98430
vt 9.99990 0.98430
vt 6.49990 0.76560
vt 5.45930 0.76560
vt 4.76560 0.98430
vt -9.99990 0.76560
vt -5.49990 0.98430
vt -5.49990 0.76560
vt -9.99990 0.98430
vt 0.37490 0.76560
vt 0.00000 0.98430
vt 4.76560 0.76560
vt 0.00000 0.76560
vt 9.99990 0.76560
vt 7.49990 0.02500
vt 11.99990 -0.23440
vt 7.49990 -0.23440
vt 11.99990 0.02490
vt 3.76560 0.02490
vt 3.76560 -0.23440
vt -9.99990 0.02490
vt -4.49990 -0.23440
vt -9.99990 -0.23440
vt -4.49990 0.02490
vt 0.00000 0.02490
vt 0.00000 -0.23440
vt 9.99990 0.02500
vt -19.99990 -0.23440
vt -19.99990 0.02490
vt 9.99990 -0.23440
vt 12.99990 0.02500
vt 12.99990 -0.23440
vt 15.99990 -0.23440
vt 15.99990 0.02500
vt -29.49990 -0.23440
vt -29.99990 0.02490
vt 22.99990 -0.23440
vt 22.99990 0.02500
vt 1.80720 0.02500
vt 1.80720 -0.23440
vt 2.72910 0.02500
vt 2.72910 -0.23440
vt 3.63860 0.02500
vt 3.63860 -0.23440
vt 4.52380 0.02500
vt 4.52380 -0.23440
vt 5.37450 0.02500
vt 5.37450 -0.23440
vt 6.18260 0.02500
vt 6.18260 -0.23440
vt -14.99990 -0.23440
vt -14.99990 0.02490
vt 6.94350 0.02500
vt 6.94350 -0.23440
vt 7.65660 0.02490
vt 7.65660 -0.23440
vt -17.49990 -0.23440
vt -17.49990 0.02490
vt 29.49990 -0.23440
vt 29.49990 0.02490
vt 8.32630 -0.23440
vt 8.32630 0.02490
vt 8.96260 0.02490
vt 8.96260 -0.23440
vt 9.58070 0.02490
vt 9.58070 -0.23440
vt 9.99990 0.02490
vt 10.48430 0.02490
vt 10.48430 -0.23440
vt -29.99990 -0.23440
vt -11.99990 -0.01570
vt 5.25310 -0.23440
vt 5.99250 -0.01570
vt -11.26100 -0.23440
vt -5.99990 -0.23440
vt 5.99250 -0.23440
vt 1.49990 -0.95320
vt 0.00000 -0.95320
vt 0.99990 -0.65630
vt 0.00000 -0.96880
vt 0.00000 -0.65630
vt 0.99990 -0.96880
vt 0.99990 -0.51570
vt 0.00000 -0.51570
vt 0.99990 -0.95320
vt 4.00190 -0.51570
vt 0.00360 -0.95790
vt 0.00360 -0.51570
vt 4.00190 -0.95790
vt 0.98430 -0.28130
vt 0.18740 -0.50010
vt 0.98430 -0.50010
vt 0.18740 -0.28130
vt 0.01560 -0.28130
vt 0.01560 -0.50010
vt 0.49990 -0.28130
vt 0.49990 -0.50010
vt 0.98430 -0.24100
vt 0.01560 -0.24100
vt -4.59950 -0.95320
vt -4.75720 -0.51570
vt -4.75720 -0.95320
vt -4.65210 -0.51570
vt -4.49440 -0.95320
vt -4.54700 -0.51570
vt -4.23150 -0.51570
vt -4.23150 -0.95320
vt -3.70580 -0.51570
vt -3.70580 -0.95320
vt -3.18010 -0.95320
vt -3.18010 -0.51570
vt -0.55140 -0.51570
vt -0.02570 -0.95320
vt -0.02570 -0.51570
vt -0.55140 -0.95320
vt 1.02570 -0.51570
vt 0.50000 -0.95320
vt 1.02570 -0.95320
vt 0.50000 -0.51570
vt 1.55140 -0.51570
vt 1.55140 -0.95320
vt 2.07710 -0.51570
vt 2.60290 -0.95320
vt 2.60290 -0.51570
vt 2.07710 -0.95320
vt 3.12860 -0.51570
vt 3.12860 -0.95320
vt 4.86350 -0.95320
vt 4.70580 -0.51570
vt 4.70580 -0.95320
vt 4.91610 -0.51570
vt 5.23150 -0.95320
vt 5.23150 -0.51570
vt 5.44180 -0.95320
vt 5.44180 -0.51570
vt 5.63110 -0.51570
vt 5.63110 -0.95320
vt 5.75720 -0.95320
vt 5.75720 -0.51570
vt 0.98430 -0.48440
vt 0.01560 -0.26570
vt 0.01560 -0.48440
vt 0.98430 -0.26570
vt 8.99990 -0.23440
vt 14.99990 -0.01570
vt 8.99990 -0.01570
vt 14.99990 -0.23440
vt -16.99990 -0.01570
vt -23.99990 -0.23440
vt -16.99990 -0.23440
vt -23.99990 -0.01570
vt -0.49990 -0.01570
vt -0.49990 -0.23440
vt -2.73430 -0.01570
vt -2.73430 -0.23440
vt -4.99990 -0.23440
vt -4.99990 -0.01570
vt 2.00240 -0.51570
vt 2.01990 -0.95790
vt 2.00240 1.48430
vt 4.00190 1.04210
vt 2.01990 1.04210
vt 4.00190 1.48430
vt 0.00360 1.48430
vt 0.00360 1.04210
vt 8.99990 -0.97510
vt 3.76560 -1.23440
vt 8.99990 -1.23440
vt 3.76560 -0.97500
vt 0.00540 -1.23440
vt 0.00540 -0.97510
vt -3.73430 -1.23440
vt -3.73430 -0.97510
vt -8.99990 -1.23440
vt -8.99990 -0.97510
vt 11.39990 5.76560
vt 9.99990 5.98430
vt 11.99990 5.98430
vt 9.99990 5.76560
vt 9.40860 5.76560
vt 9.40860 5.98430
vt 9.99990 4.98430
vt 9.28380 4.76560
vt 9.99990 4.76560
vt 9.28380 4.98430
vt 8.79350 5.76560
vt 8.79350 5.98430
vt 8.54650 4.76560
vt 8.54650 4.98430
vt 8.14620 5.76560
vt 8.14620 5.98430
vt -11.49990 4.98430
vt -12.99990 4.76560
vt -11.49990 4.76560
vt -12.99990 4.98430
vt 7.77070 4.98430
vt 7.77070 4.76560
vt 7.45700 5.76560
vt 7.45700 5.98430
vt 6.72150 5.76560
vt 6.72150 5.98430
vt -9.99990 5.98430
vt -4.99990 5.76560
vt -9.99990 5.76560
vt -4.99990 5.98430
vt 6.94450 4.76560
vt 6.94450 4.98430
vt 5.94040 5.76560
vt 5.94040 5.98430
vt 5.11820 5.76560
vt 5.11820 5.98430
vt 6.06300 4.76560
vt 6.06300 4.98430
vt 4.26260 5.76560
vt 4.26260 5.98430
vt 3.38360 5.76560
vt 3.38360 5.98430
vt -11.20000 4.76560
vt -6.49990 4.98430
vt -6.49990 4.76560
vt 2.49990 5.76560
vt 2.49990 5.98430
vt 5.12670 4.76560
vt 5.12670 4.98430
vt 4.14120 4.76560
vt 4.14120 4.98430
vt 3.11570 4.76560
vt 3.11570 4.98430
vt 2.06200 4.76560
vt 2.06200 4.98430
vt 0.99990 4.76560
vt 0.99990 4.98430
vt 11.99990 5.76560
vt 1.91420 -5.51570
vt 0.98140 -5.95320
vt 2.45410 -5.95320
vt 0.94500 -5.51570
vt 1.32610 -5.95320
vt 1.63920 -5.51570
vt 1.08680 -5.51570
vt 1.82810 -5.95320
vt 0.67220 -5.95320
vt 0.74860 -5.51570
vt 0.11170 -5.95320
vt 0.26540 -5.51570
vt -0.56790 -5.95320
vt -0.46320 -5.51570
vt -1.24760 -5.95320
vt -0.94900 -5.51570
vt -1.73430 -5.95320
vt -1.68740 -5.51570
vt -0.73660 -5.93760
vt -1.96270 -5.50010
vt -2.45470 -5.93760
vt -0.79960 -5.50010
vt 2.39290 -5.51570
vt 0.68690 -5.95320
vt 1.99990 -5.51570
vt 1.99990 -5.95320
vt -1.99990 -5.95320
vt -1.99990 -5.51570
vt -0.51570 -5.93760
vt -2.39350 -5.50010
vt 0.98430 -0.24220
vt 0.49990 -0.24220
vt 0.01560 -0.24220
vt 0.97650 -0.24220
vt 0.18740 -0.24220
vt 0.99990 -13.96880
vt 0.00000 -13.51570
vt 0.00000 -13.96880
vt 0.99990 -13.51570
vt 1.49990 0.99500
vt 3.99990 0.00000
vt 1.49990 0.00000
vt 3.99990 0.99500
vt 0.00000 0.99500
vt -2.99990 -1.00000
vt -3.99990 -0.00500
vt -3.99990 -1.00000
vt -2.99990 -0.00500
vt -1.98430 -1.00000
vt -1.98430 -0.00500
vt -0.98430 -1.00000
vt -0.98430 -0.00500
vt 0.91390 -1.00000
vt 0.91390 -0.00500
vt 1.74940 -1.00000
vt 1.74940 -0.00500
vt 2.53410 -1.00000
vt 2.53410 -0.00500
vt 3.27970 -1.00000
vt 3.27970 -0.00500
vt 15.99990 -0.00500
vt 15.99990 -1.00000
vt -1.99990 2.00000
vt 0.00000 2.99990
vt 0.00000 2.00000
vt -1.99990 2.99990
vt -1.00220 1.03950
vt -1.92850 -0.00460
vt -2.00220 1.03950
vt -1.07600 -0.00460
vt 0.99800 0.99500
vt 0.03120 0.00130
vt 0.99800 0.00130
vt 0.03120 0.99500
vt 0.99800 0.99360
vt 0.03120 0.00000
vt 0.03120 0.99360
vt 0.99800 0.00000
vt 0.01560 0.00130
vt 0.49990 0.99500
vt 0.01560 0.99500
vt 0.49990 0.00130
vt 0.99800 -0.99870
vt 0.03120 -0.00500
vt 0.03120 -0.99870
vt 0.99800 -0.00500
vt 0.01560 -0.00500
vt 0.49990 -0.99870
vt 0.01560 -0.99870
vt 0.49990 -0.00510
vt 0.48430 -0.99870
vt 0.99790 -0.00500
vt 0.48430 -0.00500
vt 0.03120 -0.95320
vt 0.24990 -0.46880
vt 0.03120 -0.46880
vt 0.24990 -0.95320
vt 0.49850 -0.46880
vt 0.49850 -0.95320
vt 0.03120 -0.01340
vt 0.26560 -0.81260
vt 0.26560 -0.01340
vt 0.03120 -0.81260
vt 0.49850 -0.81260
vt 0.49850 -0.01340
vt 0.26560 -0.46880
vt 0.49990 -0.98080
vt 0.49990 -0.46880
vt 0.26560 -0.98080
vt 0.03120 -0.98080
vt 0.49990 -0.81260
vt 0.49990 -0.01340
vt -0.98430 2.00000
vt -0.98430 2.99990
vt -0.49990 2.00000
vt -0.49990 2.99990
vt 9.99990 -0.00500
vt -10.99990 -1.00000
vt 9.99990 -1.00000
vt -10.99990 -0.00500
vt 10.48570 -0.00500
vt 10.48570 -1.00000
vt -11.81520 -1.00000
vt -11.81520 -0.00500
vt 10.95190 -0.00500
vt 10.95190 -1.00000
vt -12.56040 -1.00000
vt -12.56040 -0.00500
vt 11.40560 -0.00500
vt 11.40560 -1.00000
vt -13.27020 -1.00000
vt -13.27020 -0.00500
vt 11.84160 -0.00500
vt 11.84160 -1.00000
vt -13.87600 -1.00000
vt -13.87600 -0.00500
vt 12.25580 -0.00500
vt 12.25580 -1.00000
vt 12.64590 -0.00500
vt 12.64590 -1.00000
vt -14.49990 -1.00000
vt -14.49990 -0.00500
vt 13.01130 -0.00500
vt 13.01130 -1.00000
vt 13.35460 -0.00500
vt 13.35460 -1.00000
vt 13.68080 -0.00500
vt 13.68080 -1.00000
vt -16.49990 -1.00000
vt -16.49990 -0.00500
vt 13.99760 -0.00500
vt 13.99760 -1.00000
vt 14.31440 -0.00500
vt 14.31440 -1.00000
vt 14.64050 -0.00500
vt 14.64050 -1.00000
vt 14.98380 -0.00500
vt 14.98380 -1.00000
vt 15.34930 -0.00500
vt 15.34930 -1.00000
vt 15.73930 -0.00500
vt 15.73930 -1.00000
vt 16.15350 -0.00500
vt 16.15350 -1.00000
vt 16.99990 -1.00000
vt 16.99990 -0.00500
vt 1.99990 -0.00500
vt -3.51560 -1.00000
vt -5.99990 -0.00500
vt 1.99990 -1.00000
vt -4.98430 -1.00000
vt -4.98430 -0.00500
vt -7.99990 -0.00500
vt -5.99990 -1.00000
vt -7.99990 -1.00000
vt -9.99990 -0.00500
vt -9.99990 -1.00000
vt -6.99990 -0.00500
vt -6.99990 -1.00000
vt -2.00000 -1.00000
vt -1.99990 -0.00500
vt 5.99990 -0.00500
vt 11.99990 -1.00000
vt 5.99990 -1.00000
vt 11.99990 -0.00500
vt -14.99990 -0.00500
vt -13.31670 -1.00000
vt -14.99990 -1.00000
vt -13.31670 -0.00500
vt 7.99990 -1.00000
vt 7.99990 -0.00500
vt -12.96240 -1.00000
vt -12.96240 -0.00500
vt -12.61400 -1.00000
vt -12.61400 -0.00500
vt -12.25140 -1.00000
vt -12.25140 -0.00500
vt -11.87880 -1.00000
vt -11.87880 -0.00500
vt -11.49990 -1.00000
vt -11.49990 -0.00500
vt -1.99990 -2.00000
vt 0.00000 -1.00500
vt -1.99990 -1.00500
vt 0.00000 -2.00000
vt -6.99990 -2.00000
vt -4.99990 -1.00500
vt -6.99990 -1.00500
vt -4.99990 -2.00000
vt 0.74990 -0.00010
vt 0.53120 -0.99510
vt 0.96870 -0.99510
vt 0.96870 0.00490
vt 0.74990 0.99990
vt 0.53120 0.00490
vt 5.99870 2.99490
vt 0.49990 1.99990
vt 5.99870 1.99990
vt 0.49990 2.99490
vt 6.59180 2.99490
vt 6.59180 1.99990
vt 7.17690 2.99490
vt 7.17690 1.99990
vt 7.74630 2.99490
vt 7.74630 1.99990
vt -0.99990 1.99990
vt -0.99990 2.99490
vt 8.29350 2.99490
vt 8.29350 1.99990
vt -5.98000 1.99990
vt -8.49990 2.99490
vt 8.81340 2.99490
vt 8.81340 1.99990
vt 9.30290 2.99490
vt 9.30290 1.99990
vt -9.99990 1.99990
vt -8.49990 1.99990
vt -9.99990 2.99490
vt 9.76160 2.99490
vt 9.76160 1.99990
vt 10.19240 2.99490
vt 10.19240 1.99990
vt 10.60170 2.99490
vt 10.60170 1.99990
vt 10.99990 2.99490
vt 10.99990 1.99990
vt -2.49990 -1.00500
vt -2.49990 -2.00000
vt -0.24590 -2.00000
vt 3.49990 -1.00500
vt 3.49990 -2.00000
vt 1.99990 1.95310
vt 2.49990 0.96880
vt 1.99990 0.96880
vt 2.49990 1.95310
vt 0.54680 -1.00000
vt 0.75460 -0.04690
vt 9.99900 -0.75010
vt -13.99990 -1.00000
vt 9.99900 -1.00000
vt -13.99990 -0.75010
vt 10.51160 -0.75010
vt 10.51160 -1.00000
vt -14.94600 -1.00000
vt -14.94600 -0.75010
vt 10.99850 -0.75010
vt 10.99850 -1.00000
vt -15.85860 -1.00000
vt -15.85860 -0.75010
vt 11.49910 -0.75010
vt 11.49910 -1.00000
vt -16.72770 -1.00000
vt -16.72770 -0.75010
vt 11.99720 -0.75010
vt 11.99720 -1.00000
vt -17.46950 -1.00000
vt -17.46950 -0.75010
vt 12.49780 -0.75010
vt 12.49780 -1.00000
vt 12.99980 -0.75010
vt 12.99980 -1.00000
vt -17.99990 -1.00000
vt -17.99990 -0.75010
vt 13.49250 -0.75010
vt 13.49250 -1.00000
vt 13.99550 -0.75010
vt 13.99550 -1.00000
vt 14.50330 -0.75010
vt 14.50330 -1.00000
vt -19.99990 -1.00000
vt -19.99990 -0.75010
vt 15.00510 -0.75010
vt 15.00510 -1.00000
vt 15.50350 -0.75010
vt 15.50350 -1.00000
vt 16.00350 -0.75010
vt 16.00350 -1.00000
vt 1.99990 -0.75010
vt -9.99990 -0.75010
vt 16.49880 -0.75010
vt 16.49880 -1.00000
vt 16.99460 -0.75010
vt 16.99460 -1.00000
vt 17.50070 -0.75010
vt 17.50070 -1.00000
vt 18.00180 -0.75010
vt 18.00180 -1.00000
vt 18.99990 -1.00000
vt 18.99990 -0.75010
vt -6.99990 -0.75010
vt -2.00000 -0.75010
vt -1.99990 -0.50010
vt 2.99210 -1.00000
vt 2.99210 -0.75010
vt -2.99990 -0.75010
vt -2.99990 -0.50010
vt 15.99990 -0.75010
vt 22.99990 -1.00000
vt 22.99990 -0.75010
vt 1.99990 -0.50010
vt -15.99910 -0.75010
vt -13.18870 -1.00000
vt -15.99910 -1.00000
vt -13.18870 -0.75010
vt 11.99990 -0.75010
vt 3.99990 -0.75010
vt -12.60840 -1.00000
vt -12.60840 -0.75010
vt -11.99760 -1.00000
vt -11.99760 -0.75010
vt -11.36190 -1.00000
vt -11.36190 -0.75010
vt -10.70880 -1.00000
vt -10.70880 -0.75010
vt 1.06370 -56.75790
vt 0.00000 -56.57040
vt 1.18870 -56.57040
vt 0.00000 -56.75790
vt 0.57540 -56.57040
vt 0.00000 -56.75010
vt 1.21500 -56.75010
vt 2.00780 -1.45320
vt 0.99210 -1.45320
vt 1.49990 -1.00790
vt -0.00780 -0.50010
vt 5.01560 -0.00790
vt 5.01560 -0.50010
vt -0.00780 -0.00790
vt 0.99990 -0.00790
vt 5.00780 -0.50010
vt 5.00780 -0.00790
vt -0.36970 -0.50010
vt -0.44400 -0.00790
vt 1.64920 -0.50010
vt 2.99990 -0.00790
vt 1.57030 -0.00790
vt 2.99990 -0.50010
vt 4.56240 -0.50010
vt 4.40620 -0.00790
vt 2.27920 -0.56260
vt -1.70370 -0.75010
vt -1.88890 -0.56260
vt 2.32550 -0.75010
vt 2.06700 -0.56260
vt 1.89420 -0.75010
vt 1.99990 -2.00000
vt -0.99990 -1.75010
vt -0.99990 -2.00000
vt 1.99990 -1.75010
vt 4.99990 -2.00000
vt 4.99990 -1.75010
vt -4.99990 -1.75010
vt -2.95310 -0.50010
vt -1.49990 -0.00790
vt -0.92960 -0.50010
vt -3.51560 -0.00790
vt 0.00000 -0.67970
vt 0.99990 -0.45320
vt 0.99990 -0.67970
vt 0.00000 -0.45320
vt -2.07030 -0.50010
vt 9.13000 -0.00790
vt 0.00000 -0.00790
vt 8.99100 -0.50010
vt -0.99990 -0.50010
vt 1.18790 -0.00790
vt 1.53000 -0.50010
vt -0.99990 -0.00790
vt 9.08760 -0.00790
vt 9.00170 -0.50010
vt 6.01560 -0.50010
vt 6.01560 -0.00790
vt 1.64750 -0.50010
vt 1.57310 -0.00790
vt 2.49990 -0.00790
vt 2.56240 -0.50010
vt -2.49990 -0.50000
vt -1.49990 -0.50010
vt -2.49990 -0.00790
vt -1.50000 -0.00790
vt -2.49990 -0.50010
vt -1.50000 -0.50010
vt -3.49990 -0.00790
vt -3.49990 -0.50000
vt -3.49990 -0.50010
vt -1.21460 -0.25410
vt -1.43390 -0.50010
vt 9.99990 -3.74990
vt 1.99990 -3.99990
vt 9.99990 -3.99990
vt 1.99990 -3.75000
vt 10.74760 -3.74990
vt 10.74760 -3.99990
vt 11.49150 -3.74990
vt 11.49150 -3.99990
vt 12.21540 -3.74990
vt 12.21540 -3.99990
vt 0.00000 -3.99990
vt 0.00000 -3.75000
vt 12.91110 -3.74990
vt 12.91110 -3.99990
vt -6.99990 -3.49990
vt -9.99990 -3.74990
vt -6.99990 -3.74990
vt -9.99990 -3.49990
vt -5.99990 -3.99990
vt -5.99990 -3.75000
vt 13.57210 -3.75000
vt 13.57210 -3.99990
vt 14.19440 -3.74990
vt 14.19440 -3.99990
vt -12.99990 -3.74990
vt -12.99990 -3.49990
vt 14.77760 -3.74990
vt 14.77760 -3.99990
vt 15.32530 -3.74990
vt 15.32530 -3.99990
vt 15.84580 -3.74990
vt 15.84580 -3.99990
vt 2.99990 -1.75010
vt 0.00000 -1.75010
vt 2.99990 -1.50010
vt 3.99990 -2.00000
vt 3.99990 -1.75010
vt 16.35130 -3.74990
vt 16.35130 -3.99990
vt 16.99990 -3.74990
vt 16.99990 -3.99990
vt 1.99990 -1.50010
vt 1.34020 -1.50010
vt 1.34020 -1.75010
vt 0.67010 -1.50010
vt 0.67010 -1.75010
vt -0.67010 -1.50010
vt -0.67010 -1.75010
vt -1.34030 -1.50010
vt -1.34030 -1.75010
vt -1.99990 -1.50010
vt -1.99990 -1.75010
vt -2.99990 -1.50010
vt -2.99990 -1.75010
vt 16.35430 -4.74990
vt 16.99990 -4.99990
vt 16.35430 -4.99990
vt 16.99990 -4.74990
vt 15.84850 -4.74990
vt 15.84850 -4.99990
vt 15.32780 -4.74990
vt 15.32780 -4.99990
vt 14.77980 -4.74990
vt 14.77980 -4.99990
vt 14.19630 -4.74990
vt 14.19630 -4.99990
vt -12.99990 -4.49990
vt -9.99990 -4.74990
vt -12.99990 -4.74990
vt -9.99990 -4.49990
vt 13.57370 -4.74990
vt 13.57370 -4.99990
vt 12.91240 -4.74990
vt 12.91240 -4.99990
vt -6.99990 -4.74990
vt -6.99990 -4.49990
vt 0.00000 -4.99990
vt -5.99990 -4.74990
vt 0.00000 -4.74990
vt -5.99990 -4.99990
vt 12.21640 -4.74990
vt 12.21640 -4.99990
vt 1.99990 -4.99990
vt 1.99990 -4.74990
vt 11.49200 -4.74990
vt 11.49200 -4.99990
vt 10.74780 -4.74990
vt 10.74780 -4.99990
vt 9.99990 -4.74990
vt 9.99990 -4.99990
vt -0.20860 -6.49990
vt -3.65330 -6.74990
vt -3.97370 -6.49990
vt -0.00550 -6.74990
vt -0.05450 -0.00790
vt -6.00780 -0.50010
vt 0.01530 -0.50010
vt -6.00780 -0.00790
vt -0.23990 -0.00790
vt 0.05460 -0.50010
vt -4.10850 -0.50010
vt 0.00090 -0.00790
vt -6.01850 -0.00790
vt 0.53210 -0.50010
vt 0.96870 -0.44540
vt 0.02340 -0.44540
vt 0.49990 -0.03130
vt 0.00000 -1.76570
vt 0.74200 -1.56260
vt 0.74200 -1.76570
vt 0.00000 -1.56260
vt 2.25790 -1.56260
vt 2.25790 -1.76570
vt 1.75540 -1.93760
vt 0.23950 -1.76570
vt 1.75540 -1.76570
vt 0.23950 -1.93760
vt -0.00780 -1.50010
vt 1.00780 -1.00790
vt -0.00780 -1.00790
vt 1.00780 -1.50010
vt 2.99990 -1.56260
vt 2.99990 -1.76570
vt 0.79060 -1.56260
vt 0.79060 -1.76570
vt 2.20930 -1.76570
vt 2.20930 -1.56260
vt 1.73190 -1.93760
vt 0.31320 -1.76570
vt 1.73190 -1.76570
vt 0.31320 -1.93760
vt 1.99990 -1.00790
vt 0.49990 -0.52260
vt 0.49990 -0.00010
vt 0.28120 -0.96010
vt 1.10200 -1.98440
vt -0.37490 -1.98440
vt 0.68740 -0.96010
vt 0.00000 -0.96010
vt -0.41450 -1.98440
vt 0.04590 -0.96010
vt 0.99990 -1.98440
vt -0.51650 -1.98440
vt 1.44140 -0.96010
vt -0.78120 -1.98440
vt -0.43740 -0.96010
vt 0.45310 -1.98440
vt 0.45310 -0.96010
vt 0.34370 -0.96010
vt 0.57650 -1.98440
vt 0.11090 -1.98440
vt -0.49890 -0.96010
vt 1.07020 -1.98440
vt -0.81300 -1.98440
vt 0.74890 -0.96010
vt -0.42050 -0.96010
vt 2.41850 -1.98440
vt -0.71370 -1.98440
vt 2.16800 -0.96010
vt -0.74990 -0.50010
vt 0.00000 -0.73440
vt -0.74990 -0.73440
vt 1.99990 -0.73440
vt 2.74990 -0.73440
vt 2.74990 -0.50010
vt 3.82810 -0.96010
vt -0.04680 -1.93650
vt 3.99990 -1.93650
vt 0.17180 -0.96010
vt 1.34370 -1.93650
vt 0.71870 -0.96010
vt 0.49990 -1.93650
vt 1.12490 -0.96010
vt 0.93740 -0.96010
vt 0.68740 -1.93650
vt 3.03340 -1.93650
vt 3.07540 -0.96010
vt 2.93910 -0.96010
vt 2.95400 -1.93650
vt 0.11970 -1.93650
vt 1.49990 -0.25010
vt -1.24990 -0.98440
vt 1.67180 -0.98440
vt -1.24990 -0.25010
vt 1.89060 -0.98440
vt 0.49990 -0.98440
vt 4.49990 -0.25010
vt 4.59360 -0.98440
vt 0.49990 -0.25010
vt 4.82800 -0.98440
vt 0.06240 -0.98440
vt 0.90620 -0.98440
vt 0.84310 -0.98440
vt 0.84310 -0.25010
vt 0.11160 -0.98440
vt -0.82120 -0.98440
vt 1.99310 -0.98440
vt -0.82120 -0.25010
vt 1.69050 -0.98440
vt 0.49440 -0.98440
vt 0.75550 -0.98440
vt 0.21310 -0.98440
vt 2.95310 -3.98430
vt 2.81240 -3.24990
vt 3.24990 -3.24990
vt 2.67180 -3.98430
vt 2.81240 -2.98430
vt 3.24990 -2.24990
vt 2.81240 -2.24990
vt 3.24990 -2.98430
vt 2.37490 -3.24990
vt 2.32810 -3.98430
vt 2.37490 -2.98430
vt 2.37490 -2.24990
vt 1.98430 -3.24990
vt 1.93740 -3.98430
vt 1.99990 -1.24990
vt 0.00000 -1.98430
vt 2.14060 -1.98430
vt 0.00000 -1.24990
vt 1.98430 -2.98430
vt 1.98430 -2.24990
vt 1.62490 -3.24990
vt 1.56240 -3.98430
vt 2.40620 -1.98430
vt 1.23430 -3.24990
vt 1.18740 -3.98430
vt 1.62490 -2.98430
vt 1.62490 -2.24990
vt 0.81240 -3.24990
vt 0.79680 -3.98430
vt 0.40620 -3.24990
vt 0.37490 -3.98430
vt 1.23430 -2.98430
vt 1.23430 -2.24990
vt 0.00000 -3.24990
vt 0.00000 -3.98430
vt 3.99990 -1.24990
vt 0.04680 -1.98430
vt 0.04680 -1.24990
vt 3.99990 -1.98430
vt 0.81240 -2.98430
vt 0.81240 -2.24990
vt 0.40620 -2.98430
vt 0.40620 -2.24990
vt 0.00000 -2.98430
vt 0.00000 -2.24990
vt 1.41280 -1.98430
vt 0.99990 -1.24990
vt 0.72780 -1.98430
vt 3.23430 -3.98430
vt 3.48430 -3.98430
vt 3.87840 -2.98430
vt 3.59370 -2.98430
vt 0.04680 -1.37490
vt 0.40620 -2.37490
vt 0.00000 -2.37490
vt 0.81240 -2.37490
vt 1.23430 -2.37490
vt 0.00000 -3.37490
vt 0.40620 -3.37490
vt 1.62490 -2.37490
vt 0.81240 -3.37490
vt 1.23430 -3.37490
vt 1.98430 -2.37490
vt 1.62490 -3.37490
vt 1.99990 -1.37490
vt 0.00000 -1.37490
vt 1.98430 -3.37490
vt 2.37490 -2.37490
vt 2.37490 -3.37490
vt 2.81240 -2.37490
vt 2.81240 -3.37490
vt 3.24990 -2.37490
vt 3.24990 -3.37490
vt 0.99990 -1.37490
vt 55.97470 -5.26490
vt 56.97450 -7.01340
vt 55.97620 -7.01340
vt 56.97450 -4.85050
vt 55.97830 -4.35870
vt 57.07020 -4.08200
vt 53.81330 -4.85050
vt 56.33580 -3.73880
vt 56.88580 -3.68330
vt 56.86580 -3.37210
vt 55.05140 -4.10180
vt 55.02130 -3.64240
vt 52.56210 -1.27670
vt 53.56040 -1.77580
vt 52.14620 -3.19010
vt 53.88290 -1.24050
vt 53.53600 -0.69580
vt 54.03190 -0.72110
vt 49.98320 -1.02710
vt 49.98320 -0.02890
vt 52.81170 -0.02890
vt 24.99660 -26.18020
vt 24.99660 -27.01210
vt 23.99830 -27.01210
vt 23.00010 -28.01030
vt 23.00010 -29.00860
vt 22.00180 -29.00860
vt 23.99830 -28.01030
vt 22.00180 -30.00690
vt 20.17160 -30.00690
vt 19.92210 -29.75730
vt 19.92210 -26.18020
vt 16.84410 -28.17670
vt 18.71580 -29.71570
vt 18.09190 -30.33960
vt 16.84410 -30.33960
vt 18.71580 -26.18020
vt -0.00790 -0.99150
vt 0.99170 -1.99160
vt -0.00790 -1.99160
vt 0.99170 -0.99150
vt 0.67180 -1.67150
vt 0.99170 -1.49150
vt 0.33390 -1.66610
vt 0.00190 -1.99810
vt 0.00190 -1.50010
vt 0.99800 -1.99810
vt 0.99800 -1.00200
vt -30.31590 5.88140
vt -30.66300 6.00500
vt -29.93070 6.81640
vt -30.71000 5.56140
vt -29.90780 6.96930
vt -29.26200 6.23520
vt -28.29680 6.19030
vt -26.02810 6.96890
vt -28.02470 4.97240
vt -29.01360 5.60590
vt -29.27630 5.18080
vt -28.33610 4.58420
vt -29.46080 3.85520
vt -29.24170 3.80570
vt -24.69710 1.64480
vt -29.88840 2.31040
vt -28.91020 2.71720
vt -27.35920 0.97930
vt -30.05050 1.49550
vt -28.30610 3.50240
vt -30.39550 0.97930
vt -25.36260 0.97930
vt 49.84050 -14.20570
vt 49.98610 -13.65510
vt 50.16370 -13.96420
vt 48.86090 -14.14160
vt 47.99720 -20.76720
vt 51.72210 -18.43530
vt 48.00030 -22.02260
vt 51.16580 -17.47830
vt 51.96870 -17.43660
vt 51.86140 -16.98610
vt 50.13940 -17.73500
vt 47.99000 -17.83780
vt 49.13500 -17.42340
vt 49.90430 -15.66930
vt 49.66010 -15.85000
vt 49.33470 -15.52020
vt 48.82200 -16.13330
vt 47.99000 -14.63510
vt 48.28200 -16.92940
vt 48.83950 -15.00960
vt 49.24530 -13.11940
vt 48.78800 -13.26850
vt 48.65550 -11.68190
vt 1.50280 -52.50870
vt 1.99360 -51.00300
vt 2.00050 -52.01100
vt -0.77120 -53.26760
vt 0.37860 -52.59700
vt 1.00920 -51.00450
vt 0.78000 -51.75730
vt 47.99000 -10.76680
vt -0.54250 -52.43650
vt 0.24940 -50.98680
vt 48.32480 -11.02120
vt 46.33610 -13.37800
vt 46.17030 -13.21220
vt 46.33610 -11.02100
vt 45.51690 -12.85500
vt 44.87760 -12.86400
vt 44.94750 -12.45990
vt 44.85320 -11.71420
vt 43.97900 -11.02100
vt 44.26520 -12.25660
vt 43.92250 -12.36610
vt 42.55230 -10.99560
vt 42.29770 -9.86910
vt 43.97900 -9.37100
vt 41.98590 -11.21310
vt 41.99310 -10.87160
vt 43.66970 -9.01750
vt 41.76730 -8.96760
vt 41.72540 -10.25690
vt 41.41890 -9.67630
vt 41.23180 -10.42920
vt 45.29550 -3.95850
vt 45.15400 -3.30250
vt 45.74660 -3.21980
vt 45.99820 -2.97650
vt 44.51770 -2.47370
vt 44.03460 -3.89830
vt 44.00890 -4.77710
vt 43.22600 -4.25990
vt 45.98700 -2.01220
vt 43.56910 -6.00150
vt 38.99560 -6.00170
vt 43.46170 -5.35020
vt 44.35770 -3.37380
vt 43.98700 -3.00690
vt 42.98870 -4.67070
vt 40.49300 -5.16980
vt 44.99620 -1.99630
vt 41.49130 -3.50600
vt 38.99560 -4.00520
vt 10.74280 -32.08340
vt 9.34400 -33.89890
vt 10.92140 -30.05960
vt 6.99280 -30.90730
vt 9.37080 -28.50900
vt 6.99280 -31.54770
vt 0.99990 -2.00000
vt 0.99990 -1.00010
vt -0.33040 -1.99810
vt 1.99990 -0.99990
vt 0.33500 -2.66360
vt 1.99990 0.99990
vt 0.57810 -0.24470
vt 0.00210 -0.57730
vt 0.91070 0.33130
vt -0.66300 -0.57730
vt 0.91730 0.99990
vt -0.83900 -0.47560
vt -1.47040 0.15590
vt -2.99990 0.66400
vt -1.57160 0.33130
vt 0.00000 1.91170
vt -0.66300 1.90500
vt -1.57160 0.99640
vt -1.23900 1.57250
vt -3.65620 1.34370
vt 49.36190 -9.03270
vt 49.97810 -9.64890
vt 47.97540 -11.65160
vt 47.35920 -11.03540
vt 51.28750 -7.26110
vt 50.59430 -6.87600
vt 48.89970 -8.57060
vt 50.74830 -5.18140
vt 51.44160 -4.79620
vt 49.28480 -6.33680
vt 50.50230 -3.70750
vt 48.59160 -4.87330
vt 50.85480 -3.50400
vt 49.14570 -3.70750
vt 48.28350 -5.18140
vt 47.66730 -4.56520
vt 47.97080 -3.02920
vt 47.66500 -3.33500
vt 46.12670 -2.40840
vt 46.43480 -3.33270
vt 47.29250 -1.85430
vt 45.81860 -2.71650
vt 47.29250 -0.49770
vt 45.81860 -0.25170
vt 46.20380 0.44160
vt 47.49600 -0.14520
vt 44.66320 -1.71520
vt 44.12400 -0.40570
vt 42.42940 -2.10030
vt 43.73890 0.28750
vt 41.96730 -1.63810
vt 39.96460 -3.64090
vt 41.35110 -1.02190
vt 39.34840 -3.02460
vt 12.32800 0.81120
vt 11.73980 0.75430
vt 12.30090 1.55600
vt 11.80340 0.41450
vt 18.96710 -3.01910
vt 18.13520 -3.85100
vt 17.46960 -3.18550
vt 18.96710 -1.02260
vt 19.96530 -0.02430
vt 19.96530 -1.02260
vt 20.96360 -0.02430
vt 20.96360 0.97400
vt -0.01030 -19.98470
vt 0.98790 -18.98650
vt 0.98790 -19.98470
vt 16.01310 -2.40480
vt 15.30670 -4.01740
vt -0.01030 -20.40070
vt -2.18760 -18.96840
vt -1.03400 -17.81480
vt 17.63600 0.97400
vt 1.15430 -17.82180
vt 14.99090 -2.47700
vt -3.00510 -20.40070
vt 14.06790 -3.41880
vt 14.29130 -2.85900
vt -1.49610 -18.50640
vt 0.98790 -16.98990
vt -0.87170 -16.99990
vt -2.99990 -19.13070
vt 15.39670 0.24700
vt 15.06010 -1.53130
vt 14.25360 -0.90650
vt 14.81020 -0.69790
vt 13.89920 -1.41280
vt 15.48530 0.97410
vt 14.97360 1.18280
vt 14.39480 0.81190
vt 14.97400 3.63600
vt 13.39780 1.06210
vt -6.41580 -16.98990
vt -4.90940 -16.20230
vt -5.06670 -16.99990
vt -3.83700 -12.83060
vt -2.99990 -14.92840
vt -3.79270 -15.08560
vt -3.00510 -12.99700
vt -5.99990 -13.99520
vt -4.46210 -15.53290
vt 10.81450 3.46960
vt -6.41580 -13.99520
vt 10.07940 0.79400
vt 10.94190 1.15760
vt 10.38920 0.48420
vt -5.00160 -12.99700
vt 12.97740 4.96710
vt 13.97570 5.96530
vt 14.97400 6.96360
vt 12.97740 5.96530
vt 13.97570 6.96360
vt -5.99990 -12.99700
vt 10.98090 4.96710
vt 10.14900 4.13520
vt 0.49990 -1.00000
vt 1.99990 -0.00010
vt -0.67880 -0.98440
vt 1.96600 -1.18760
vt -0.96600 -1.18760
vt 1.67880 -0.98440
vt -0.67880 -1.37510
vt 1.96600 -1.59380
vt -0.96600 -1.59380
vt 1.67880 -1.37510
vt -0.67880 -1.78130
vt 1.96600 -2.00000
vt -0.96600 -2.00000
vt 1.67880 -1.78130
vt 0.20210 -1.00000
vt 0.99990 -0.00600
vt 0.00000 -0.00600
vt 0.79780 -1.00000
vt 0.99990 0.99400
vt 0.20210 0.00000
vt 0.00000 0.99400
vt 0.79780 0.00000
vt 0.86230 -0.00010
vt -0.16520 -1.00000
vt 1.16520 -1.00000
vt 0.13760 -0.00010
vt 0.94990 -1.00000
vt 0.55000 -1.00000
vt 0.99990 -1.00000
vt 0.71830 -1.00000
vt 0.28160 -1.00000
vt 0.99990 0.33650
vt 0.75780 1.17710
vt 0.99990 1.70840
vt 0.75780 0.29740
vt 0.75780 0.94520
vt 0.99990 0.24010
vt 0.75780 0.01320
vt 0.99990 0.90600
vt 0.99990 1.32570
vt 0.75780 -0.11880
vt 0.75780 1.42690
vt 0.99990 -0.14520
vt 0.75780 2.24060
vt 0.99990 -0.01760
vt 0.99990 2.30480
vt 0.75780 -0.01760
vt 0.75780 -0.02810
vt 0.99990 1.55920
vt 0.75780 1.58580
vt 0.99990 -0.06180
vt 0.75780 1.39360
vt 0.99990 -0.07920
vt 0.99990 1.64520
vt 0.75780 -0.14770
vt 0.75780 -0.08950
vt 0.99990 0.62490
vt 0.75780 0.89360
vt 0.99990 -0.02790
vt 0.99990 -0.17010
vt 0.75780 1.11060
vt 0.99990 1.39550
vt 0.75780 -0.14500
vt 0.99990 -0.06710
vt 0.75780 1.30940
vt 0.99990 1.35260
vt 0.75780 -0.11750
vt 0.99990 0.51300
vt 0.75780 -0.28090
vt 0.75780 0.87680
vt 0.99990 -0.28090
vt 0.75780 -0.11150
vt 0.99990 1.21940
vt 0.99990 -0.11150
vt 0.75780 1.19420
vt 0.99990 -1.84440
vt 0.75780 -1.81990
vt 0.75780 -1.69540
vt 0.99990 -2.34820
vt 0.75780 -2.49200
vt 0.99990 -1.69540
vt 0.99990 -0.58150
vt 0.75780 -0.05550
vt 0.75780 -0.71610
vt 0.99990 -0.05300
vt 0.75780 -0.01410
vt 0.99990 -0.01410
vt 0.75780 1.09870
vt 0.99990 0.04720
vt 0.99990 1.40640
vt 0.75780 0.04720
vt 0.75780 1.14720
vt 0.99990 1.40440
vt 0.75780 0.99990
vt 0.99990 1.26530
vt 0.75780 0.60050
vt 0.99990 1.86420
vt 0.99990 0.17450
vt 0.75780 1.86610
vt 0.99990 3.19690
vt 0.75780 3.19920
vt 0.99990 -0.15800
vt 0.75780 0.61290
vt 0.99990 1.07690
vt 0.75780 -0.16170
vt 0.75780 -0.96040
vt 0.99990 -0.96240
vt 0.75780 -1.68210
vt 0.99990 -0.72040
vt 0.99990 -2.18780
vt 0.75780 -0.72040
vt 0.99990 -1.62390
vt 0.75780 -1.91220
vt 0.75780 0.57660
vt 0.99990 0.58120
vt 0.99990 -0.49210
vt 0.75780 0.98320
vt 0.75780 -0.49210
vt 0.99990 1.63100
vt 0.75780 1.84490
vt 0.99990 -1.95490
vt 0.75780 -2.24990
vt 0.99990 0.54370
vt 0.75780 0.03610
vt 0.75780 0.85010
vt 0.99990 0.01640
vt 0.75780 -0.14190
vt 0.99990 0.93430
vt 0.75780 0.99840
vt 0.99990 -0.16380
vt 0.75780 -0.34790
vt 0.99990 1.17670
vt 0.99990 -0.88850
vt 0.75780 1.22780
vt 0.99990 0.38580
vt 0.75780 1.91220
vt 0.99990 2.42830
vt 0.75780 0.38030
vt 0.99990 -2.33670
vt 0.75780 -2.33470
vt 0.99990 -3.32800
vt 0.75780 -3.56280
vt 0.99990 2.18610
vt 0.75780 1.27010
vt 0.75780 2.41330
vt 0.99990 1.28460
vt 0.75780 -0.12940
vt 0.99990 -0.49730
vt 0.99990 -0.00350
vt 0.75780 -1.18950
vt 0.99990 -1.43410
vt 0.75780 0.01850
vt 0.99990 0.85200
vt 0.75780 0.83380
vt 0.75780 1.97410
vt 0.99990 2.05100
vt 0.74990 -3.11840
vt 0.56240 -0.12550
vt 0.74990 0.12180
vt 0.56240 -2.88670
vt 0.74990 -1.41340
vt 0.56240 -3.35050
vt 0.74990 -3.66860
vt 0.56240 -1.11910
vt 0.56240 -0.60600
vt 0.74990 -2.60450
vt 0.74990 -0.37630
vt 0.56240 -2.38670
vt 0.56240 -2.83360
vt 0.74990 -3.15160
vt 0.74990 -0.12270
vt 0.56240 -1.87010
vt 0.56240 0.56200
vt 0.74990 -2.15390
vt 0.74990 -1.28940
vt 0.56240 -3.37920
vt 0.74990 -3.67020
vt 0.56240 -1.09170
vt 0.56240 -0.88850
vt 0.74990 -1.15450
vt 0.56240 -2.37520
vt 0.74990 -2.64120
vt 0.56240 -0.88670
vt 0.74990 -0.04510
vt 0.56240 0.51010
vt 0.74990 -1.15260
vt 0.56240 -1.90160
vt 0.74990 -2.13330
vt 0.74990 -0.11840
vt 0.56240 -3.11810
vt 0.56240 0.13140
vt 0.74990 -2.87760
vt 0.56240 -1.34510
vt 0.74990 -3.88740
vt 0.56240 -4.12660
vt 0.74990 -1.59870
vt 0.56240 -0.16810
vt 0.74990 -3.62340
vt 0.74990 0.16200
vt 0.56240 -3.36180
vt 0.74990 -2.02390
vt 0.56240 -2.88810
vt 0.56240 -1.38260
vt 0.74990 -3.16200
vt 0.56240 -3.82100
vt 0.74990 -4.16320
vt 0.74990 -3.63910
vt 0.56240 -1.12030
vt 0.74990 -0.88690
vt 0.56240 -3.37320
vt 0.74990 -2.75570
vt 0.56240 -2.90020
vt 0.74990 -3.16610
vt 0.56240 -2.52500
vt 0.56240 -3.89270
vt 0.74990 -4.15850
vt 0.74990 -2.43440
vt 0.56240 -2.94310
vt 0.56240 -1.89840
vt 0.74990 -3.08730
vt 0.56240 -3.44760
vt 0.74990 -3.57080
vt 0.74990 -2.45820
vt 0.56240 -2.38030
vt 0.74990 -2.67520
vt 0.56240 -2.22050
vt 0.74990 -4.13260
vt 0.56240 -1.64470
vt 0.74990 -1.41010
vt 0.56240 -3.86680
vt 0.74990 -2.28910
vt 0.56240 -2.36410
vt 0.74990 -2.72460
vt 0.56240 -2.01280
vt 0.56240 -3.33530
vt 0.74990 -3.68920
vt 0.74990 -1.59960
vt 0.56240 -2.25720
vt 0.56240 -0.83980
vt 0.74990 -2.72400
vt 0.56240 -2.97960
vt 0.74990 -3.04490
vt 0.56240 -0.49970
vt 0.74990 -4.15750
vt 0.74990 -0.49970
vt 0.56240 -3.89590
vt 0.56240 -3.36750
vt 0.74990 -0.88600
vt 0.74990 -3.63350
vt 0.56240 -1.12050
vt 0.00780 -6.99890
vt 0.56240 -5.00010
vt 0.00780 -5.00010
vt 0.56240 -6.99890
vt 0.00780 -6.00000
vt 0.56240 -6.00000
vt 0.00780 -8.00000
vt 0.56240 -7.00010
vt 0.56240 -8.00000
vt 0.00780 -7.00010
vt 0.56240 -3.84280
vt 0.00780 -0.45810
vt 0.56240 0.18170
vt 0.00780 -4.47540
vt 0.56240 -26.36750
vt 0.74990 -25.11880
vt 0.74990 -26.63350
vt 0.56240 -24.88430
vt 0.56250 -24.12050
vt 0.74990 -26.37180
vt 0.56240 -26.62550
vt 0.74990 -23.88600
vt 0.74990 -23.62600
vt 0.56240 -25.87300
vt 0.56240 -23.39150
vt 0.74990 -26.13900
vt 0.74990 -26.50010
vt 0.56240 -24.12050
vt 0.56240 -26.50010
vt 0.56240 -25.86680
vt 0.74990 -23.49930
vt 0.74990 -26.13280
vt 0.56240 -23.49930
vt 0.74990 -24.12050
vt 0.56240 -23.88600
vt 0.74990 -23.62040
vt 0.56240 -25.86740
vt 0.56240 -23.38590
vt 0.74990 -26.13340
vt 0.75780 1.23690
vt 0.99990 1.92350
vt 0.75780 1.98370
vt 0.99990 1.22770
vt 0.75780 -0.44680
vt 0.99990 -0.78310
vt 0.75780 -0.01250
vt 0.99990 -0.94890
vt 0.99990 0.35220
vt 0.75780 -0.93390
vt 0.99990 -2.00080
vt 0.75780 -2.33380
vt 0.75780 0.63650
vt 0.99990 -0.65000
vt 0.75780 -0.85430
vt 0.99990 0.63550
vt 0.75780 1.96370
vt 0.99990 2.09260
vt 0.75780 -3.30800
vt 0.99990 -1.99180
vt 0.75780 -1.99280
vt 0.99990 -3.30800
vt 0.99990 0.03140
vt 0.75780 1.22860
vt 0.75780 -0.38470
vt 0.99990 1.22630
vt 0.99990 2.87930
vt 0.75780 3.01450
vt 0.75780 -1.73470
vt 0.99990 -0.75630
vt 0.75780 -0.37000
vt 0.99990 -1.74520
vt 0.99990 -0.68250
vt 0.75780 0.87450
vt 0.75780 -0.86860
vt 0.99990 0.89650
vt 0.99990 -0.46190
vt 0.75780 -0.41420
vt 0.75780 -0.00360
vt 0.99990 1.50890
vt 0.75780 1.66510
vt 0.99990 -0.00360
vt 0.99990 2.02390
vt 0.75780 2.02630
vt 0.99990 0.96280
vt 0.75780 2.38400
vt 0.99990 2.77960
vt 0.75780 0.94080
vt 0.75780 3.29710
vt 0.99990 3.76010
vt 0.00000 -1.44580
vt -0.23430 0.04360
vt 0.00000 0.35030
vt -0.23430 -1.42130
vt -0.23430 0.17130
vt 0.00000 1.63400
vt 0.00000 -0.15280
vt -0.23430 1.63860
vt 0.00000 -2.73650
vt -0.23430 -2.87170
vt 0.00000 -1.39070
vt -0.23430 -2.91210
vt -0.23430 -1.27530
vt 0.00000 -2.79180
vt 0.00000 4.62910
vt -0.23430 3.37320
vt -0.23430 4.69910
vt 0.00000 3.37490
vt 0.00000 -3.81230
vt -0.23430 -5.09840
vt -0.23430 -3.75470
vt 0.00000 -5.11700
vt 0.00000 3.17720
vt -0.23430 3.46520
vt 0.00000 2.01960
vt -0.23430 1.73330
vt 0.00000 -5.95740
vt -0.23430 -6.10540
vt 0.75780 -0.03230
vt 0.99990 -1.02600
vt 0.75780 -1.19860
vt 0.99990 0.05710
vt 0.99990 -0.42200
vt 0.75780 -1.96040
vt 0.75780 -0.25330
vt 0.99990 -1.96110
vt 0.75780 0.28370
vt 0.99990 1.21650
vt 0.75780 1.40460
vt 0.99990 0.27480
vt 0.75780 -0.89130
vt 0.99990 -1.20350
vt 0.75780 -1.20810
vt 0.99990 -2.42850
vt 0.99990 -0.93070
vt 0.75780 -2.51040
vt 0.99990 -3.30230
vt 0.75780 -2.39070
vt 0.75780 -3.31350
vt 0.99990 -2.48520
vt 0.56240 -4.84280
vt 0.00780 -0.45980
vt 0.56240 0.18000
vt 0.00780 -5.47540
vt 0.56240 -0.00010
vt 0.00780 -1.00000
vt 0.56240 -1.00000
vt 0.00780 -0.00010
vt 0.00780 -7.00000
vt 0.56240 -6.00010
vt 0.00780 -6.00010
vt 0.56240 -7.00000
vt 0.99990 -0.99920
vt 0.76560 0.08190
vt 0.99990 0.32460
vt 0.76560 -1.09100
vt 0.76560 -0.58160
vt 0.99990 -2.03930
vt 0.99990 -0.31930
vt 0.76560 -2.19670
vt 0.76560 -0.86230
vt 0.76560 -2.14420
vt 0.99990 -0.82300
vt 0.76560 -2.13770
vt 0.99990 -0.08200
vt 0.99990 -2.13770
vt 0.76560 -0.14100
vt 0.76560 -2.07210
vt 0.76560 -0.00990
vt 0.99990 -2.11140
vt 0.99990 0.17160
vt 0.76560 -0.35110
vt 0.76560 0.55460
vt 0.99990 -0.35920
vt 0.76560 -2.07470
vt 0.99990 -1.48350
vt 0.76560 -1.06300
vt 0.99990 -2.05830
vt 0.99990 -0.71220
vt 0.76560 -2.26340
vt 0.99990 -2.36210
vt 0.76560 -0.74230
vt 0.76560 -2.04880
vt 0.99990 -2.07330
vt 0.99990 -1.70680
vt 0.76560 -1.00010
vt 0.76560 -1.81290
vt 0.99990 -1.05930
vt 0.76560 -1.83470
vt 0.99990 -1.05620
vt 0.76560 -0.96570
vt 0.99990 -1.76610
vt 0.99990 -1.94760
vt 0.76560 -0.25250
vt 0.99990 0.09960
vt 0.76560 -2.01340
vt 0.76560 -3.73180
vt 0.99990 -3.73180
vt 0.76560 -2.00000
vt 0.99990 0.03900
vt 0.76560 0.10930
vt 0.99990 -1.96470
vt 0.99990 -0.30970
vt 0.76560 -0.30970
vt 0.99990 -0.71480
vt 0.76560 -2.01620
vt 0.99990 -2.04070
vt 0.76560 -0.79630
vt 0.76560 -0.57630
vt 0.99990 -2.11400
vt 0.99990 -0.28290
vt 0.76560 -2.08960
vt 0.99990 -0.61320
vt 0.76560 0.59720
vt 0.99990 1.09730
vt 0.99990 -1.93760
vt 0.99990 -0.71880
vt 0.76560 -1.93760
vt 0.99990 -1.79760
vt 0.76560 -0.87650
vt 0.99990 -0.58740
vt 0.76560 -1.79760
vt 0.75780 0.39360
vt 0.99990 -1.07920
vt 0.99990 0.64520
vt 0.75780 -1.14770
vt 0.75780 -1.02810
vt 0.99990 0.55920
vt 0.75780 0.58580
vt 0.99990 -1.06180
vt 0.75780 1.24060
vt 0.99990 -1.10910
vt 0.99990 1.30480
vt 0.75780 -1.10910
vt 0.75780 1.75450
vt 0.99990 0.19080
vt 0.99990 2.08320
vt 0.75780 0.16630
vt 0.99990 -0.96510
vt 0.75780 0.72280
vt 0.99990 1.03370
vt 0.75780 -1.19200
vt 0.99990 -1.17010
vt 0.75780 0.11060
vt 0.99990 0.39550
vt 0.75780 -1.14500
vt 0.99990 0.18150
vt 0.75780 -0.98580
vt 0.75780 0.42690
vt 0.99990 -1.01210
vt 0.75780 -1.00000
vt 0.99990 -1.04690
vt 0.99990 -1.11150
vt 0.75780 0.19420
vt 0.99990 0.21940
vt 0.75780 -1.11150
vt 0.99990 -1.06710
vt 0.75780 0.30940
vt 0.99990 0.35260
vt 0.75780 -1.11750
vt 0.75780 -1.08950
vt 0.99990 -0.37510
vt 0.75780 -0.10640
vt 0.99990 -1.02790
vt 0.99990 -0.48700
vt 0.75780 -1.28090
vt 0.75780 -0.12320
vt 0.99990 -1.28090
vt 0.99990 -2.84440
vt 0.75780 -2.81990
vt 0.75780 0.09870
vt 0.99990 -0.95280
vt 0.99990 0.40640
vt 0.75780 -0.95280
vt 0.99990 -1.01410
vt 0.75780 -0.00010
vt 0.99990 0.26530
vt 0.75780 -1.01410
vt 0.75780 -1.72770
vt 0.99990 -1.72770
vt 0.99990 -3.62650
vt 0.75780 -3.67070
vt 0.99990 -0.74440
vt 0.75780 -0.29830
vt 0.99990 -0.41010
vt 0.75780 0.38950
vt 0.99990 0.64660
vt 0.75780 -1.05620
vt 0.99990 -1.11160
vt 0.75780 0.16580
vt 0.99990 0.40580
vt 0.75780 -1.11160
vt 0.99990 -2.45410
vt 0.75780 -2.45410
vt 0.99990 -0.99150
vt 0.75780 0.48500
vt 0.99990 0.53050
vt 0.75780 -0.93470
vt 0.99990 -0.44940
vt 0.75780 0.73300
vt 0.99990 1.06170
vt 0.75780 -0.54820
vt 0.75780 0.01560
vt 0.99990 -0.66350
vt 0.99990 0.40690
vt 0.75780 -0.70260
vt 0.99990 -0.75990
vt 0.75780 -0.05480
vt 0.75780 -0.98680
vt 0.99990 -0.09400
vt 0.75780 -0.98300
vt 0.99990 0.20060
vt 0.99990 -1.00940
vt 0.99990 -0.70430
vt 0.75780 0.84540
vt 0.99990 0.90960
vt 0.75780 -0.70430
vt 0.99990 0.92400
vt 0.75780 0.95270
vt 0.99990 -2.98910
vt 0.75780 -2.32970
vt 0.75780 -3.34320
vt 0.99990 -2.32770
vt 0.75780 2.14330
vt 0.99990 2.39480
vt 0.75780 -1.06770
vt 0.99990 -0.09180
vt 0.75780 0.27210
vt 0.99990 -1.06770
vt 0.75780 0.07400
vt 0.99990 -2.05940
vt 0.75780 -2.20460
vt 0.99990 -2.94510
vt 0.75780 -2.40910
vt 0.75780 -3.11040
vt 0.99990 -2.40910
vt 0.75780 -0.83250
vt 0.99990 -0.83250
vt 0.75780 -0.46040
vt 0.99990 -1.00330
vt 0.75780 -1.20710
vt 0.99990 -0.45590
vt 0.75780 0.38360
vt 0.99990 0.71960
vt 0.75780 0.46070
vt 0.99990 0.71780
vt 0.75780 0.05580
vt 0.99990 -1.33820
vt 0.99990 0.37990
vt 0.75780 -1.45470
vt 1.00780 -51.24990
vt 1.00780 -51.99990
vt 1.56240 -51.99990
vt 1.56240 -49.00010
vt 1.00780 -50.50010
vt 1.00780 -49.75010
vt 1.00780 -49.00010
vt 0.75780 -0.02300
vt 0.99990 -1.47010
vt 0.99990 0.40270
vt 0.75780 -1.56330
vt 0.99990 -1.28330
vt 0.75780 -0.03280
vt 0.99990 0.40080
vt 0.75780 -1.34680
vt 0.75780 1.05240
vt 0.99990 -0.47800
vt 0.99990 1.36020
vt 0.75780 -0.40540
vt 0.75780 -0.36580
vt 0.99990 -1.27550
vt 0.75780 -1.44050
vt 0.99990 -0.39050
vt 0.75780 -0.29240
vt 0.99990 -1.67210
vt 0.75780 -1.70600
vt 0.99990 -0.35600
vt 0.99990 -2.29930
vt 0.75780 -0.48790
vt 0.75780 -2.59740
vt 0.99990 -0.48790
vt 0.75780 -0.17510
vt 0.99990 -1.02880
vt 0.75780 -1.11410
vt 0.99990 -0.10760
vt 0.75780 -0.07780
vt 0.99990 -1.65730
vt 0.99990 -0.01120
vt 0.75780 -1.61430
vt 0.75780 -1.33400
vt 0.99990 -0.45490
vt 0.75780 -0.18620
vt 0.99990 -1.27240
vt 0.99990 -0.75180
vt 0.75780 0.93940
vt 0.99990 1.41100
vt 0.75780 -0.69570
vt 0.75780 0.65090
vt 0.99990 -1.28810
vt 0.99990 1.10310
vt 0.75780 -1.37960
vt 0.99990 0.65850
vt 0.75780 -1.68360
vt 0.99990 -1.71740
vt 0.75780 0.68520
vt 0.75780 0.23230
vt 0.99990 -1.33440
vt 0.99990 0.29650
vt 0.75780 -1.38020
vt 0.99990 -2.34910
vt 0.75780 -2.75440
vt 0.75780 -0.65160
vt 0.99990 -1.32990
vt 0.75780 -1.66470
vt 0.99990 -0.76630
vt 0.99990 -1.74300
vt 0.75780 -0.73730
vt 0.99990 -0.29470
vt 0.75780 -1.76070
vt 0.75780 -2.04470
vt 0.99990 0.00020
vt 0.99990 -2.49930
vt 0.75780 -0.01580
vt 0.99990 1.23870
vt 0.75780 0.56610
vt 0.75780 1.41900
vt 0.99990 0.54410
vt 0.75780 0.74910
vt 0.99990 -0.01210
vt 0.75780 -0.27780
vt 0.99990 1.04690
vt 0.56240 -3.00000
vt 0.00780 -2.00010
vt 0.56240 -2.00010
vt 0.00780 -3.00000
vt 0.03120 -1.96880
vt 0.96870 -1.96880
vt 0.49000 -0.98010
vt 0.03120 -2.96880
vt 0.49000 -1.98010
vt 0.96870 -2.96880
vt 0.49000 -2.98010
vt 0.03120 -3.96880
vt 0.96870 -3.96880
vt 0.99500 -0.03910
vt 0.99500 -0.99510
vt 0.03900 -0.99510
vt 0.00000 -0.61720
vt 0.36710 -0.23440
vt 0.00780 -0.00790
vt 0.25390 -0.00790
vt 0.23430 -0.23440
vt 0.23430 -0.36720
vt 0.00780 -0.25400
vt 3.74990 0.46560
vt -3.74990 0.46560
vt 4.16660 0.89660
vt -4.16660 0.89660
vt 4.16660 12.10350
vt -4.16660 12.10350
vt 3.74990 12.53450
vt -3.74990 12.53450
vt -4.16660 2.04960
vt -3.28420 0.46560
vt -4.16660 2.26980
vt -3.35850 0.46560
vt 4.16660 7.10320
vt 0.46110 0.46560
vt -4.16660 7.92640
vt 4.16660 6.11740
vt 1.01670 0.46560
vt -4.16660 1.32310
vt 1.99240 0.46560
vt -4.16660 1.74970
vt 4.16660 6.64180
vt -4.16660 9.42770
vt 0.35980 -0.89400
vt 0.08480 -0.50940
vt 0.52360 -0.92130
vt 0.12230 -0.67110
vt 0.11210 -0.34560
vt 0.68530 -0.88370
vt 0.19990 -0.20470
vt 0.82040 -0.78720
vt 0.33500 -0.10820
vt 0.90820 -0.64630
vt 0.49670 -0.07070
vt 0.93540 -0.48250
vt 0.66050 -0.09790
vt 0.89790 -0.32080
vt 0.21890 -0.80620
vt 0.80140 -0.18570
vt 0.99990 -0.98440
vt 0.70000 -0.00010
vt 0.70000 -0.98440
vt 0.87490 -0.98440
vt 0.57810 -0.00010
vt 0.87490 -0.00010
vt 0.00000 -0.98440
vt 0.12780 -1.00000
vt 0.97940 -0.00010
vt 0.02050 -0.00010
vt 0.87210 -1.00000
vt -2.98570 0.99990
vt -4.50890 -0.10930
vt -2.98570 -0.10930
vt -3.84330 0.99990
vt -1.99310 -0.10930
vt -1.99310 0.99990
vt 0.99990 0.99990
vt 0.99990 -0.10930
vt -3.97750 -0.10930
vt -2.97750 0.99990
vt -2.97750 -0.10930
vt -3.97750 0.99990
vt 0.00000 0.99990
vt 0.00000 -0.10930
vt 4.00190 -0.10930
vt 4.00190 0.99990
vt 5.00180 0.99990
vt 5.00180 -0.10930
vt 5.99990 -0.10930
vt 5.99990 0.99990
vt 7.99990 0.99990
vt 7.50510 -0.10930
vt -4.88390 0.99990
vt -5.88390 -0.10930
vt -2.99990 -0.10930
vt -0.59370 0.99990
vt 0.23430 -0.10930
vt -2.99990 0.99990
vt -3.12790 0.99990
vt -4.17260 -0.10930
vt -3.99990 -0.10930
vt -0.11600 0.99990
vt 0.88390 -0.10930
vt -3.99990 0.99990
vt -0.29680 0.08530
vt 0.20310 0.42940
vt -0.40620 -0.10930
vt 0.22400 1.99990
vt 0.90500 0.92190
vt 0.09490 0.92190
vt 0.77590 1.99990
vt 0.90500 1.00000
vt 0.09490 1.00000
vt 1.42220 -0.07810
vt 0.00000 -0.07810
vt 0.81680 0.99990
vt 0.99990 -0.07810
vt 16.37490 5.75000
vt 14.08680 10.54500
vt 18.62490 8.00000
vt 16.37490 0.00000
vt 12.37490 0.00000
vt 13.41180 6.84500
vt 10.37490 16.25000
vt 11.29580 1.45050
vt 11.40160 12.55480
vt 10.20050 5.91260
vt 9.56520 -1.50140
vt 9.00510 -3.74240
vt 9.34040 4.94430
vt 9.29140 -5.37900
vt 8.18260 11.61260
vt 7.51530 7.92250
vt 6.53680 -3.61290
vt 7.27640 -5.40820
vt 5.77740 4.62150
vt 6.15100 -1.73210
vt 1.62490 7.50000
vt 3.80570 -2.03200
vt 3.89770 1.57720
vt 1.62490 2.87500
vt 0.75660 -1.68110
vt 2.04410 -6.02680
vt 1.23560 -5.83100
vt 1.56480 -5.42160
vt -0.41530 -4.21130
vt -1.10090 0.76960
vt 1.82910 -14.29580
vt -1.44460 -15.51840
vt 0.33290 -13.91700
vt 0.42890 -10.72870
vt -0.63060 -10.98420
vt 0.61380 -9.82550
vt -1.12490 -17.24990
vt -1.57400 -6.17540
vt -1.26800 -7.74080
vt -2.74990 2.87500
vt -2.42550 -14.05050
vt -1.63720 -11.94680
vt -1.10090 -2.20300
vt -1.67510 0.61100
vt -2.45850 -10.17210
vt -3.53100 -2.56370
vt -3.07400 -7.39510
vt -3.89340 -13.06960
vt -6.74990 -7.24990
vt -5.57730 -1.20460
vt -3.99990 7.62500
vt -3.99990 5.68750
vt -4.89000 7.52340
vt -5.62500 -12.72520
vt -10.62490 14.25000
vt -7.35650 -13.06960
vt -11.62490 -6.24990
vt -7.62490 -13.24990
vt -9.77690 1.81700
vt -9.96680 5.07000
vt -7.78200 0.41990
vt -14.62490 8.75000
vt -13.02470 -2.84040
vt -13.62490 2.75000
vt -14.62490 4.75000
vt -13.62490 -6.24990
vt -14.62490 5.75000
vt -15.37490 9.50000
vt -16.12490 7.24990
vt -17.62490 1.75000
vt -17.62490 2.75000
vt 4.84040 -72.13300
vt 1.62080 -71.01530
vt 2.37230 -69.66400
vt 0.98400 -75.98940
vt -0.74460 -71.06920
vt -2.00790 -75.98940
vt -1.52900 -69.99070
vt -4.73400 -73.19690
vt -0.00790 -1.49150
vt 0.99280 -2.03130
vt -0.00870 0.00630
vt -0.00870 -2.15630
vt 0.99280 0.00630
vt 0.99280 -3.03800
vt -0.00870 -3.85300
vt -0.00900 -2.53130
vt 0.99280 -2.97270
vt -0.00900 -2.97270
vt -0.00870 -5.68070
vt 0.28160 -5.59220
vt 0.99280 -5.76850
vt 0.99280 -6.98510
vt 0.25400 -6.54210
vt 0.99280 -3.94400
vt -0.00870 -6.52530
vt -0.00870 -3.11780
vt 0.99350 -7.99220
vt -0.00970 -0.99160
vt -0.00970 -7.99220
vt 0.99350 -0.99160
vt 25.79890 -13.22150
vt 26.48070 -13.47680
vt 25.82620 -13.47890
vt 25.40400 -12.49570
vt 25.12800 -8.99670
vt 24.76140 -11.97620
vt 26.48070 -7.98640
vt 23.96900 -11.74230
vt 24.45800 -10.75770
vt 22.87010 -11.02500
vt 23.14730 -11.82930
vt 22.42150 -12.22420
vt 21.32300 -12.31220
vt 22.34880 -12.31210
vt 24.98330 -7.98640
vt 21.32300 -10.64840
vt 23.93520 -7.80860
vt 21.75550 -9.86280
vt 24.98330 -6.98810
vt 21.98850 -6.98810
vt 19.65920 -8.98460
vt 22.26900 -8.05000
vt 19.65920 -10.64840
vt 20.99020 -7.65360
vt 19.65920 -7.65360
vt 20.99020 -5.98980
vt 21.98850 -5.98980
vt 19.99190 -4.99160
vt 20.99020 -4.99160
vt 19.32640 -7.32090
vt 17.99540 -7.32090
vt 19.32640 -5.98980
vt 18.76840 -4.84770
vt 17.05450 -5.26770
vt 19.11810 -3.30860
vt 16.33160 -7.32090
vt 16.33160 -5.65710
vt 19.99190 -1.99680
vt 18.99370 -1.99680
vt 16.03290 -4.06450
vt 18.09650 -2.10530
vt 18.99370 -0.99850
vt 14.66780 -3.66050
vt 14.66780 -5.65710
vt 17.49630 -1.49760
vt 16.38260 -2.52530
vt 17.49630 -0.99850
vt 15.74930 -2.66230
vt 15.74930 -1.49760
vt 14.66780 -2.66230
vt 2.99170 -1.99310
vt -1.00400 -1.45200
vt 2.99170 -0.99220
vt -1.91930 -1.99310
vt -1.97880 -0.99220
vt -1.00890 -0.99130
vt -2.00700 0.00580
vt -2.00700 -0.99130
vt -1.00890 0.00580
vt 0.69180 -0.99150
vt -0.00790 -1.69150
vt -1.01560 -1.50010
vt -1.87490 -1.99310
vt -1.81240 -0.99220
vt 0.99280 -4.00750
vt -0.00870 -0.99370
vt -0.00870 -4.79800
vt 0.99280 -0.99370
vt 0.99280 -2.91950
vt -0.00870 -1.96320
vt 0.15620 -4.98350
vt -0.00870 -4.93940
vt 0.99280 -5.52970
vt 0.99280 -6.99360
vt 0.27690 -6.44420
vt 0.99280 -3.96140
vt -0.00870 -6.42180
vt -0.00870 -2.98560
vt 4.47240 -3.99110
vt 2.90350 -2.56550
vt 2.99010 -2.50880
vt 2.46890 -2.65190
vt 0.72860 -3.99120
vt 2.03430 -2.56550
vt 0.45630 -3.52890
vt 1.66590 -2.31930
vt 1.41970 -1.95090
vt -0.00650 -3.25620
vt 1.33330 -1.51630
vt -0.00590 0.48720
vt 1.41970 -1.08170
vt 1.47670 -0.99540
vt 50.15630 -3.49250
vt 47.65620 -0.65630
vt 50.31240 -3.32820
vt 47.49420 -0.83040
vt 50.73860 -5.98810
vt 49.98990 -5.98810
vt 49.98990 -4.98990
vt 50.82180 -4.15800
vt 48.99160 -3.99160
vt 48.99160 -4.98990
vt 47.99340 -2.99330
vt 47.99340 -3.99160
vt 46.99510 -2.99330
vt 46.99510 -1.99510
vt 45.99680 -0.99680
vt 45.99680 -1.99510
vt 46.82870 -0.16490
vt 44.99860 -0.24810
vt 44.99860 -0.99680
vt -0.00750 -0.85940
vt 0.99430 -2.99360
vt 0.99430 -0.00010
vt -0.00750 -2.99360
vt -0.00750 -0.77120
vt 2.99450 -0.99570
vt 1.99100 -6.99240
vt 1.99100 -0.99570
vt 2.99450 -6.99240
vt -0.00790 -1.99250
vt 0.99990 0.99000
vt 0.00000 0.00990
vt 0.00000 0.99000
vt 0.99990 0.00990
vt 0.00000 -0.99010
vt 0.99990 -0.01000
vt 0.00000 -0.01000
vt 0.99990 -0.99010
vt -0.10150 0.00000
vt 0.40620 0.49990
vt 0.51560 0.00000
vt -0.00780 0.49990
vt -0.09370 0.49990
vt 0.39840 0.99990
vt 0.52140 0.49990
vt -0.00780 0.99990
vt 0.51560 -0.49990
vt 0.99990 0.00000
vt 0.40620 0.00000
vt 0.89840 -0.49990
vt 0.99990 0.49990
vt 0.89840 0.00000
vt 0.89840 0.49990
vt 0.40620 0.99990
vt 0.51560 0.49990
vt 0.39840 -0.00010
vt -0.09370 -0.50010
vt 0.52140 -0.50010
vt -0.00780 -0.00010
vt 0.40620 -0.50010
vt -0.10150 -1.00000
vt 0.51560 -1.00000
vt 0.89840 -0.50010
vt 0.40620 -0.00010
vt 0.51560 -0.50010
vt 0.89840 -1.00000
vt 20.99920 -1.00000
vt 20.99920 -0.00010
vt 27.00230 -1.00000
vt 27.00230 -0.00010
vt 31.99990 -1.00000
vt 31.99990 -0.00010
vt -10.99990 -0.00010
vt -12.99990 -0.00010
vt -12.99990 -1.00000
vt -13.99990 -0.00010
vt 0.00000 -0.04240
vt 5.99990 -0.04240
vt -0.99990 -1.00000
vt -0.99990 -0.00010
vt -15.99990 -1.00000
vt -15.99990 -0.00010
vt -8.99990 -0.00010
vt -8.99990 -1.00000
vt 21.99990 -1.00000
vt 28.99990 -0.00010
vt 21.99990 -0.00010
vt 28.99990 -1.00000
vt 18.00160 -1.00000
vt 18.00160 -0.00010
vt -3.99990 -2.00000
vt 13.49990 -1.00000
vt 13.49990 -0.00010
vt -9.99990 -0.00010
vt -14.99990 -0.00010
vt 15.99990 -0.00010
vt 16.99990 -0.00010
vt 18.49990 -1.00000
vt 18.49990 -0.00010
vt 20.49990 -1.00000
vt 20.49990 -0.00010
vt 21.99710 -1.00000
vt 21.99710 -0.00010
vt 23.00240 -1.00000
vt 23.00240 -0.00010
vt 25.49990 -1.00000
vt 25.49990 -0.00010
vt -0.49990 -1.00000
vt 1.49990 -1.00000
vt 0.49990 -2.00000
vt 0.49990 -1.00010
vt -0.49990 -1.00010
vt -0.49990 -2.00000
vt 4.99990 -0.99990
vt 0.00000 -1.99990
vt 4.99990 -1.99990
vt 0.00000 -0.99990
vt 2.99990 -1.99990
vt 2.99990 -0.99990
vt 7.99990 -0.99990
vt 7.99990 -1.99990
vt 1.45820 1.18970
vt -0.45820 -0.18970
vt 1.45820 -0.18970
vt -0.45820 1.18970
vt 4.99990 0.01170
vt 1.99990 0.11710
vt 4.99990 0.11710
vt 1.99990 0.01170
vt 4.99990 0.17180
vt 1.99990 0.17180
vt 4.97650 0.03120
vt 2.02730 0.03120
vt 1.09990 -0.87100
vt 3.99990 -0.75390
vt 0.99990 -0.75390
vt 3.99990 -0.87100
vt 2.20000 0.17180
vt 2.20000 0.01170
vt 3.99990 0.17180
vt 3.99990 0.01170
vt 1.99990 -0.75390
vt 1.99990 -0.87100
vt 4.96090 0.01170
vt 3.99410 0.01170
vt 0.00000 0.11710
vt 0.00000 0.01170
vt 2.99990 0.11710
vt 2.99990 0.01170
vt 2.99990 0.03120
vt 1.96480 0.03120
vt 0.03510 0.03120
vt 3.02730 0.01170
vt 2.99990 0.17180
vt 2.90000 -0.87100
vt 2.99990 -0.75390
vt -0.20000 0.17180
vt -0.20000 0.01170
vt 0.00000 0.17180
vt 0.00000 -0.75390
vt 0.00000 -0.87100
vt 0.02340 0.03120
vt 0.37490 -0.63380
vt 0.74990 -1.01170
vt 0.37490 -1.01170
vt 0.74990 -0.63380
vt 0.37490 -0.25590
vt 0.74990 -0.25590
vt 0.37490 0.12200
vt 0.74990 0.12200
vt 0.37490 0.49990
vt 0.74990 0.49990
vt 0.00000 -1.01170
vt 0.00000 0.49990
vt 0.23430 -1.50780
vt 0.99990 -1.62100
vt 0.23430 -1.62100
vt 0.99990 -1.50780
vt 0.00000 -1.38280
vt 0.76560 -1.49600
vt 0.00000 -1.49600
vt 0.76560 -1.38280
vt 0.99990 1.00000
vt 0.00000 1.99990
vt 0.99990 1.99990
vt 0.00000 1.00000
vt 0.99990 -0.99990
vt 0.00000 0.00010
vt 0.99990 0.00010
vt 0.99600 -0.00790
vt 0.99600 -0.99610
vt 0.00390 -0.99610
vt 0.00390 -0.00790
# 4374 texture vertices

g Object_2
usemtl texture0
f 1/3 2/2 3/1
f 3/1 2/2 4/4
f 5/6 6/5 3/1
f 3/1 6/5 1/3
f 4/4 2/2 7/7
f 8/8 6/5 5/6
f 9/11 10/10 11/9
f 12/12 11/9 10/10
f 13/14 14/13 11/9
f 14/13 9/11 11/9
f 13/14 15/15 14/13
f 15/15 16/16 14/13
f 12/12 10/10 17/17
f 18/18 16/16 15/15
f 19/21 20/20 21/19
f 20/20 22/22 21/19
f 23/25 24/24 25/23
f 26/26 25/23 24/24
f 19/21 21/19 27/27
f 21/19 28/28 27/27
f 26/26 24/24 29/29
f 24/24 30/30 29/29
f 29/29 30/30 31/31
f 30/30 32/32 31/31
f 31/31 32/32 33/33
f 32/32 34/34 33/33
f 28/28 33/33 27/27
f 27/27 33/33 34/34
f 20/20 35/35 22/22
f 36/36 23/25 25/23
f 37/39 38/38 39/37
f 39/37 38/38 40/40
f 37/39 41/41 38/38
f 41/41 42/42 38/38
f 42/42 41/41 43/43
f 44/44 43/43 41/41
f 45/45 39/37 40/40
f 44/44 46/46 43/43
f 47/49 48/48 49/47
f 48/48 50/50 49/47
f 48/48 51/51 50/50
f 51/51 52/52 50/50
f 47/49 49/47 53/53
f 53/53 49/47 54/54
f 51/51 55/55 52/52
f 55/55 56/56 52/52
f 53/53 54/54 57/57
f 57/57 54/54 58/58
f 57/57 58/58 59/59
f 59/59 58/58 60/60
f 61/62 62/61 55/55
f 55/55 62/61 56/56
f 59/59 60/60 63/63
f 63/63 60/60 64/64
f 65/66 66/65 61/62
f 61/62 66/65 62/61
f 67/68 68/67 65/66
f 65/66 68/67 66/65
f 69/70 70/69 67/68
f 67/68 70/69 68/67
f 71/72 72/71 64/64
f 72/71 63/63 64/64
f 69/70 73/73 70/69
f 73/73 74/74 70/69
f 73/73 75/75 74/74
f 75/75 76/76 74/74
f 75/75 77/77 76/76
f 77/77 78/78 76/76
f 77/77 79/79 78/78
f 79/79 80/80 78/78
f 81/81 72/71 71/72
f 80/80 79/79 82/82
f 83/85 84/84 85/83
f 84/84 86/86 85/83
f 87/89 88/88 89/87
f 88/88 86/86 89/87
f 90/85 91/89 84/84
f 91/89 89/87 84/84
f 85/83 86/86 88/88
f 92/90 84/84 83/85
f 90/85 84/84 92/90
f 87/89 89/87 93/91
f 93/91 89/87 91/89
f 94/85 95/84 96/89
f 96/89 95/84 97/87
f 98/89 97/87 99/88
f 99/88 97/87 100/86
f 101/85 102/83 95/84
f 102/83 100/86 95/84
f 103/91 96/89 97/87
f 98/89 103/91 97/87
f 94/85 104/90 95/84
f 102/83 99/88 100/86
f 104/90 101/85 95/84
f 105/85 106/84 107/83
f 106/84 108/86 107/83
f 109/89 110/88 111/87
f 110/88 108/86 111/87
f 112/85 113/89 106/84
f 113/89 111/87 106/84
f 107/83 108/86 110/88
f 114/90 106/84 105/85
f 112/85 106/84 114/90
f 109/89 111/87 115/91
f 115/91 111/87 113/89
f 116/85 117/84 118/89
f 118/89 117/84 119/87
f 120/89 119/87 121/88
f 121/88 119/87 122/86
f 123/85 124/83 117/84
f 124/83 122/86 117/84
f 125/91 118/89 119/87
f 120/89 125/91 119/87
f 116/85 126/90 117/84
f 124/83 121/88 122/86
f 126/90 123/85 117/84
f 127/85 128/84 129/83
f 128/84 130/86 129/83
f 131/89 132/88 133/87
f 132/88 130/86 133/87
f 134/85 135/89 128/84
f 135/89 133/87 128/84
f 129/83 130/86 132/88
f 136/90 128/84 127/85
f 134/85 128/84 136/90
f 131/89 133/87 137/91
f 137/91 133/87 135/89
f 138/94 139/93 140/92
f 141/95 140/92 139/93
f 139/93 142/96 141/95
f 143/97 141/95 142/96
f 142/96 144/98 143/97
f 145/99 143/97 144/98
f 146/101 147/100 140/92
f 140/92 147/100 138/94
f 144/98 148/102 145/99
f 149/103 145/99 148/102
f 146/101 150/104 147/100
f 150/104 151/105 147/100
f 148/102 152/106 149/103
f 153/107 149/103 152/106
f 154/109 155/108 152/106
f 155/108 153/107 152/106
f 156/111 157/110 154/109
f 157/110 155/108 154/109
f 158/114 159/113 160/112
f 159/113 161/115 160/112
f 156/111 162/116 157/110
f 163/117 157/110 162/116
f 164/119 163/117 165/118
f 163/117 162/116 165/118
f 166/122 167/121 168/120
f 167/121 169/123 168/120
f 170/125 171/124 169/123
f 168/120 169/123 171/124
f 172/128 173/127 174/126
f 173/127 175/129 174/126
f 170/125 176/130 171/124
f 171/124 176/130 177/131
f 176/130 178/132 177/131
f 177/131 178/132 179/133
f 178/132 180/134 179/133
f 179/133 180/134 181/135
f 182/138 183/137 184/136
f 183/137 185/139 184/136
f 186/141 187/140 180/134
f 181/135 180/134 187/140
f 182/138 188/142 183/137
f 188/142 189/143 183/137
f 190/145 191/144 186/141
f 187/140 186/141 191/144
f 190/145 192/146 191/144
f 191/144 192/146 193/147
f 189/143 188/142 192/146
f 193/147 192/146 188/142
f 151/105 150/104 194/148
f 159/113 195/149 161/115
f 158/114 160/112 196/150
f 164/119 165/118 197/151
f 166/122 198/152 167/121
f 174/126 175/129 199/153
f 172/128 200/154 173/127
f 184/136 185/139 201/155
f 202/85 203/84 204/89
f 204/89 203/84 205/87
f 206/89 205/87 207/88
f 207/88 205/87 208/86
f 209/85 210/83 203/84
f 210/83 208/86 203/84
f 211/91 204/89 205/87
f 206/89 211/91 205/87
f 202/85 212/90 203/84
f 210/83 207/88 208/86
f 212/90 209/85 203/84
usemtl texture1
f 213/158 214/157 215/156
f 213/158 216/160 217/159
f 214/157 218/161 215/156
f 219/162 213/158 215/156
f 213/158 219/162 216/160
f 220/163 215/156 218/161
f 221/166 222/165 223/164
f 223/164 222/165 224/167
f 225/168 220/163 218/161
f 226/169 221/166 223/164
f 226/169 227/170 221/166
f 218/161 227/170 228/171
f 225/168 218/161 228/171
f 228/171 227/170 226/169
f 229/172 223/164 224/167
f 230/173 229/172 224/167
f 230/173 231/174 229/172
f 232/177 233/176 234/175
f 235/179 236/178 233/176
f 231/174 230/173 237/180
f 230/173 232/177 237/180
f 236/178 234/175 233/176
f 232/177 234/175 237/180
f 235/179 238/181 236/178
f 239/183 240/182 236/178
f 238/181 239/183 236/178
f 239/183 241/184 240/182
f 241/184 242/185 240/182
f 242/185 241/184 243/186
f 242/185 243/186 244/187
f 245/189 246/188 244/187
f 243/186 245/189 244/187
f 245/189 247/190 246/188
f 247/190 245/189 248/191
f 247/190 248/191 249/192
f 249/192 248/191 250/193
f 251/194 249/192 250/193
f 252/197 253/196 254/195
f 252/197 249/192 251/194
f 255/200 256/199 257/198
f 252/197 251/194 253/196
f 253/196 258/201 254/195
f 256/199 255/200 258/201
f 259/203 257/198 260/202
f 260/202 257/198 256/199
f 258/201 253/196 261/204
f 256/199 258/201 261/204
f 262/207 263/206 264/205
f 263/206 265/209 266/208
f 263/206 267/210 265/209
f 268/213 264/212 269/211
f 262/207 267/210 263/206
f 262/207 264/212 268/213
f 268/213 269/211 270/214
f 267/210 262/207 271/215
f 262/207 272/216 271/215
f 262/207 268/213 272/216
f 271/215 272/216 273/217
f 273/217 272/216 274/218
f 275/221 276/220 277/219
f 278/223 279/222 275/221
f 275/221 279/222 276/220
f 280/224 279/222 278/223
f 276/220 279/222 281/225
f 279/222 282/226 281/225
f 281/225 282/226 283/227
f 283/227 282/226 284/228
f 285/231 286/230 287/229
f 288/232 283/227 284/228
f 289/233 285/231 287/229
f 285/231 290/234 286/230
f 289/233 283/227 291/235
f 291/235 285/231 289/233
f 291/235 283/227 288/232
f 292/236 290/234 285/231
f 293/237 290/234 292/236
f 293/237 292/236 294/238
f 293/237 295/240 296/239
f 294/238 295/240 293/237
f 296/239 295/240 297/241
f 296/239 297/241 298/242
f 299/244 298/242 300/243
f 300/243 298/242 297/241
f 299/244 300/243 301/245
f 300/243 302/246 301/245
f 303/248 302/246 304/247
f 301/245 302/246 303/248
f 303/248 304/247 305/249
f 305/249 304/247 306/250
f 305/249 306/250 307/251
f 307/251 308/252 305/249
f 307/251 309/253 308/252
f 309/253 310/254 308/252
f 311/255 310/254 309/253
f 312/257 313/256 309/253
f 309/253 313/256 311/255
f 312/257 314/259 315/258
f 312/257 315/258 313/256
f 316/262 317/261 318/260
f 319/263 316/262 318/260
f 319/263 318/260 320/264
f 321/266 319/263 322/265
f 319/263 320/264 322/265
f 323/267 321/266 322/265
f 323/267 324/268 321/266
f 324/268 323/267 325/269
f 326/270 324/268 325/269
f 326/270 325/269 327/271
f 328/272 326/270 327/271
f 329/275 330/274 331/273
f 330/274 332/276 331/273
f 332/276 333/277 331/273
f 329/275 334/278 330/274
f 335/279 328/272 327/271
f 336/280 327/271 333/277
f 332/276 336/280 333/277
f 335/279 327/271 336/280
f 334/278 337/281 330/274
f 337/281 334/278 338/282
f 339/285 340/284 341/283
f 340/284 342/286 341/283
f 343/283 342/286 344/287
f 345/288 340/284 339/285
f 346/289 337/281 338/282
f 345/288 347/290 340/284
f 342/286 348/291 349/287
f 346/289 338/282 350/292
f 351/295 352/294 353/293
f 348/291 350/292 349/287
f 354/296 347/290 345/288
f 355/297 346/289 350/292
f 351/295 353/293 354/296
f 348/291 355/297 350/292
f 354/296 356/298 347/290
f 353/293 356/298 354/296
f 357/301 358/300 359/299
f 359/299 358/300 360/302
f 359/299 360/302 361/303
f 357/301 359/299 362/304
f 357/301 362/304 363/305
f 364/307 363/305 365/306
f 364/307 365/306 366/308
f 360/302 367/309 361/303
f 368/312 369/311 370/310
f 371/313 369/311 368/312
f 365/306 363/305 372/314
f 372/314 363/305 362/304
f 370/310 369/311 367/309
f 366/308 365/306 373/315
f 361/303 367/309 374/316
f 375/317 367/309 369/311
f 376/319 377/318 371/313
f 378/320 366/308 373/315
f 379/321 366/308 378/320
f 374/316 367/309 375/317
f 380/322 377/318 376/319
f 377/318 380/322 381/323
f 377/318 381/323 382/324
f 382/324 381/323 383/325
f 383/325 381/323 384/326
f 385/327 383/325 384/326
f 386/329 387/328 383/325
f 386/329 383/325 385/327
f 388/331 389/330 387/328
f 388/331 387/328 386/329
f 390/334 391/333 392/332
f 391/333 393/335 392/332
f 394/338 395/337 396/336
f 394/338 396/336 397/339
f 394/338 397/339 398/340
f 397/339 399/341 398/340
f 398/340 399/341 400/342
f 398/340 400/342 401/343
f 402/344 398/340 401/343
f 403/345 402/344 401/343
f 403/345 401/343 404/346
f 405/347 403/345 404/346
f 405/347 404/346 406/348
f 393/335 407/349 392/332
f 408/352 409/351 410/350
f 411/353 405/347 406/348
f 412/355 407/349 413/354
f 411/353 413/354 405/347
f 407/349 412/355 392/332
f 408/352 410/350 414/356
f 412/355 413/354 411/353
f 415/359 416/358 417/357
f 390/334 392/332 418/360
f 417/357 416/358 419/361
f 414/356 410/350 419/361
f 420/362 416/358 415/359
f 390/334 418/360 421/363
f 420/362 415/359 422/364
f 422/364 421/363 423/365
f 424/366 419/361 416/358
f 414/356 419/361 425/367
f 423/365 420/362 422/364
f 421/363 418/360 426/368
f 423/365 421/363 426/368
f 425/367 419/361 424/366
f 427/371 428/370 429/369
f 427/371 430/372 428/370
f 427/371 429/369 431/373
f 431/373 432/374 427/371
f 431/373 433/375 432/374
f 434/376 433/375 431/373
f 435/377 433/375 434/376
f 435/377 434/376 436/378
f 436/378 437/379 435/377
f 438/382 439/381 440/380
f 440/380 439/381 441/383
f 440/380 442/384 438/382
f 443/387 444/386 445/385
f 446/388 437/379 436/378
f 441/383 439/381 447/389
f 440/380 448/390 442/384
f 449/393 450/392 451/391
f 443/387 452/394 444/386
f 453/395 450/392 449/393
f 454/396 450/392 453/395
f 441/383 447/389 455/397
f 451/391 456/398 449/393
f 446/388 457/399 437/379
f 457/399 455/397 447/389
f 454/396 453/395 458/400
f 459/401 442/384 448/390
f 460/402 457/399 446/388
f 449/393 456/398 461/403
f 452/394 462/404 444/386
f 463/405 454/396 458/400
f 464/406 455/397 457/399
f 452/394 463/405 462/404
f 464/406 457/399 460/402
f 459/401 465/407 442/384
f 461/403 456/398 465/407
f 463/405 458/400 466/408
f 462/404 463/405 466/408
f 461/403 465/407 467/409
f 467/409 465/407 459/401
f 468/412 469/411 470/410
f 471/415 472/414 473/413
f 472/414 469/411 474/416
f 469/411 468/412 474/416
f 475/419 476/418 477/417
f 468/412 470/410 478/420
f 479/421 471/415 473/413
f 475/419 480/422 476/418
f 472/414 474/416 473/413
f 470/410 480/422 478/420
f 475/419 477/417 481/423
f 473/413 482/424 479/421
f 480/422 483/425 478/420
f 483/425 480/422 475/419
f 475/419 481/423 484/426
f 485/427 479/421 482/424
f 486/429 482/424 487/428
f 486/429 485/427 482/424
f 488/430 486/429 487/428
f 489/431 488/430 487/428
f 490/433 491/432 488/430
f 489/431 490/433 488/430
f 491/432 490/433 492/434
f 493/435 491/432 492/434
f 493/435 492/434 494/436
f 495/437 493/435 494/436
f 496/439 494/436 497/438
f 496/439 495/437 494/436
f 498/440 496/439 497/438
f 499/441 498/440 497/438
f 500/442 498/440 499/441
f 501/443 500/442 499/441
f 502/444 500/442 501/443
f 502/444 503/445 500/442
f 504/447 505/446 503/445
f 504/447 503/445 502/444
f 506/448 505/446 504/447
f 507/451 508/450 509/449
f 507/451 509/449 510/452
f 510/452 506/448 504/447
f 510/452 509/449 506/448
f 511/455 512/454 513/453
f 514/456 513/453 512/454
f 511/455 513/453 515/457
f 516/458 513/453 514/456
f 516/458 517/459 513/453
f 518/461 519/460 516/458
f 516/458 520/462 517/459
f 516/458 519/460 520/462
f 521/464 518/461 522/463
f 521/464 519/460 518/461
f 522/463 523/465 521/464
f 524/466 523/465 522/463
f 524/466 525/467 523/465
f 526/470 527/469 528/468
f 529/471 527/469 526/470
f 530/472 527/469 529/471
f 525/467 526/470 528/468
f 531/473 525/467 524/466
f 530/472 529/471 532/474
f 525/467 531/473 526/470
f 532/474 529/471 533/475
f 533/475 534/476 532/474
f 535/477 534/476 533/475
f 536/480 537/479 538/478
f 539/482 536/480 540/481
f 540/481 536/480 538/478
f 535/477 541/483 534/476
f 537/479 541/483 538/478
f 542/484 539/482 540/481
f 538/478 541/483 543/485
f 544/486 541/483 535/477
f 543/485 541/483 544/486
f 542/484 540/481 545/487
f 546/488 542/484 545/487
f 547/491 548/490 549/489
f 546/488 545/487 550/492
f 548/490 546/488 549/489
f 549/489 546/488 550/492
usemtl texture2
f 219/162 215/156 220/163
f 216/160 219/162 551/493
f 551/493 219/162 552/494
f 219/162 220/163 552/494
f 220/163 225/168 552/494
f 226/169 223/164 229/172
f 553/495 552/494 225/168
f 228/171 226/169 554/496
f 553/495 225/168 228/171
f 554/496 226/169 229/172
f 228/171 554/496 555/497
f 553/495 228/171 555/497
f 554/496 229/172 231/174
f 556/498 554/496 231/174
f 231/174 557/499 556/498
f 558/500 557/499 231/174
f 237/180 558/500 231/174
f 236/178 240/182 234/175
f 234/175 559/501 237/180
f 234/175 240/182 559/501
f 237/180 559/501 560/502
f 560/502 558/500 237/180
f 240/182 242/185 559/501
f 561/503 559/501 242/185
f 561/503 242/185 562/504
f 242/185 244/187 562/504
f 562/504 244/187 563/505
f 244/187 246/188 563/505
f 564/506 563/505 246/188
f 564/506 246/188 565/507
f 246/188 247/190 565/507
f 252/197 565/507 247/190
f 566/508 565/507 254/195
f 567/509 566/508 257/198
f 249/192 252/197 247/190
f 257/198 566/508 254/195
f 254/195 565/507 252/197
f 567/509 257/198 259/203
f 254/195 255/200 257/198
f 258/201 255/200 254/195
f 568/512 569/511 570/510
f 568/512 571/513 569/511
f 572/515 568/512 573/514
f 572/515 571/513 568/512
f 571/513 572/515 574/516
f 572/515 573/518 575/517
f 572/515 576/519 574/516
f 575/517 573/518 577/520
f 574/516 576/519 578/521
f 575/517 577/520 579/522
f 578/521 576/519 580/523
f 572/515 575/517 576/519
f 581/512 582/511 583/510
f 584/515 581/512 585/514
f 581/512 586/513 582/511
f 584/515 586/513 581/512
f 587/517 585/518 588/520
f 584/515 585/518 587/517
f 586/513 584/515 589/516
f 587/517 588/520 590/522
f 584/515 591/519 589/516
f 584/515 587/517 591/519
f 589/516 591/519 592/521
f 592/521 591/519 593/523
f 280/224 282/226 279/222
f 280/224 284/228 282/226
f 284/228 594/524 288/232
f 595/525 285/231 291/235
f 288/232 594/524 596/526
f 596/526 291/235 288/232
f 595/525 292/236 285/231
f 291/235 597/527 595/525
f 596/526 597/527 291/235
f 595/525 598/528 292/236
f 292/236 598/528 294/238
f 294/238 598/528 599/529
f 600/530 294/238 599/529
f 294/238 601/531 295/240
f 294/238 600/530 601/531
f 295/240 601/531 602/532
f 297/241 295/240 602/532
f 297/241 602/532 302/246
f 300/243 297/241 302/246
f 603/533 304/247 602/532
f 302/246 602/532 304/247
f 604/534 304/247 603/533
f 604/534 306/250 304/247
f 306/250 604/534 605/535
f 606/536 306/250 605/535
f 306/250 606/536 307/251
f 607/537 307/251 606/536
f 607/537 309/253 307/251
f 312/257 607/537 608/538
f 312/257 309/253 607/537
f 608/538 314/259 312/257
f 318/260 609/540 610/539
f 318/260 610/539 320/264
f 320/264 610/539 611/541
f 322/265 320/264 612/542
f 612/542 320/264 611/541
f 612/542 613/543 322/265
f 322/265 613/543 323/267
f 613/543 614/544 323/267
f 325/269 323/267 614/544
f 329/275 615/546 616/545
f 616/545 617/547 329/275
f 331/273 614/544 615/546
f 329/275 331/273 615/546
f 329/275 617/547 618/548
f 333/277 325/269 614/544
f 333/277 614/544 331/273
f 327/271 325/269 333/277
f 334/278 329/275 618/548
f 339/285 619/550 620/549
f 621/551 334/278 618/548
f 619/550 339/285 341/283
f 341/283 621/551 619/550
f 620/549 622/552 339/285
f 338/282 334/278 621/551
f 341/283 349/287 621/551
f 349/287 338/282 621/551
f 623/554 351/295 624/553
f 623/554 352/294 351/295
f 339/285 622/552 345/288
f 624/553 351/295 622/552
f 349/287 350/292 338/282
f 354/296 345/288 622/552
f 351/295 354/296 622/552
f 361/303 362/304 359/299
f 361/303 625/555 362/304
f 374/316 625/555 361/303
f 371/313 626/556 369/311
f 373/315 365/306 372/314
f 362/304 625/555 627/557
f 627/557 372/314 362/304
f 377/318 626/556 371/313
f 628/558 369/311 626/556
f 375/317 369/311 628/558
f 373/315 372/314 627/557
f 625/555 374/316 629/559
f 630/560 374/316 375/317
f 630/560 375/317 628/558
f 626/556 377/318 631/561
f 627/557 632/562 373/315
f 629/559 374/316 630/560
f 373/315 632/562 378/320
f 377/318 382/324 631/561
f 631/561 382/324 633/563
f 633/563 382/324 634/564
f 382/324 383/325 634/564
f 634/564 383/325 387/328
f 387/328 635/565 634/564
f 389/330 635/565 387/328
f 394/338 636/566 395/337
f 394/338 637/567 636/566
f 394/338 398/340 637/567
f 398/340 402/344 637/567
f 637/567 402/344 638/568
f 402/344 639/569 638/568
f 402/344 403/345 639/569
f 403/345 640/570 639/569
f 403/345 641/571 640/570
f 393/335 642/573 643/572
f 393/335 643/572 644/574
f 409/351 645/576 646/575
f 393/335 647/577 642/573
f 641/571 403/345 405/347
f 407/349 393/335 644/574
f 407/349 644/574 641/571
f 410/350 409/351 646/575
f 393/335 391/333 647/577
f 407/349 641/571 413/354
f 413/354 641/571 405/347
f 417/357 646/575 648/578
f 410/350 646/575 417/357
f 391/333 649/579 647/577
f 417/357 648/578 415/359
f 648/578 649/579 415/359
f 391/333 390/334 649/579
f 410/350 417/357 419/361
f 649/579 390/334 422/364
f 649/579 422/364 415/359
f 422/364 390/334 421/363
f 432/374 433/375 650/580
f 433/375 651/581 650/580
f 652/583 653/582 454/396
f 653/582 450/392 454/396
f 654/584 430/372 427/371
f 432/374 654/584 427/371
f 651/581 433/375 655/585
f 433/375 435/377 655/585
f 438/382 656/587 657/586
f 655/585 435/377 658/588
f 438/382 657/586 439/381
f 656/587 438/382 659/589
f 439/381 657/586 658/588
f 437/379 658/588 435/377
f 438/382 442/384 659/589
f 447/389 439/381 658/588
f 443/387 660/590 452/394
f 450/392 661/591 451/391
f 451/391 661/591 662/592
f 447/389 658/588 437/379
f 659/589 442/384 662/592
f 660/590 652/583 452/394
f 451/391 662/592 456/398
f 457/399 447/389 437/379
f 456/398 662/592 442/384
f 463/405 452/394 652/583
f 463/405 652/583 454/396
f 456/398 442/384 465/407
f 663/594 664/593 483/425
f 483/425 664/593 478/420
f 665/596 666/595 501/443
f 666/595 502/444 501/443
f 478/420 667/597 468/412
f 474/416 468/412 668/598
f 667/597 668/598 468/412
f 664/593 667/597 478/420
f 473/413 474/416 482/424
f 482/424 474/416 668/598
f 669/599 475/419 484/426
f 483/425 475/419 669/599
f 482/424 668/598 487/428
f 487/428 668/598 670/600
f 663/594 483/425 669/599
f 489/431 487/428 670/600
f 489/431 670/600 671/601
f 671/601 672/602 489/431
f 490/433 489/431 673/603
f 489/431 672/602 673/603
f 674/604 490/433 673/603
f 492/434 490/433 674/604
f 497/438 492/434 674/604
f 497/438 494/436 492/434
f 499/441 497/438 674/604
f 499/441 674/604 675/605
f 676/606 499/441 675/605
f 676/606 501/443 499/441
f 676/606 665/596 501/443
f 677/607 507/451 666/595
f 504/447 502/444 666/595
f 507/451 510/452 666/595
f 510/452 504/447 666/595
f 678/609 517/459 679/608
f 679/608 517/459 520/462
f 513/453 680/610 515/457
f 680/610 681/611 515/457
f 513/453 517/459 680/610
f 517/459 678/609 680/610
f 520/462 519/460 682/612
f 682/612 679/608 520/462
f 519/460 521/464 683/613
f 682/612 519/460 683/613
f 683/613 521/464 684/614
f 523/465 684/614 521/464
f 527/469 685/615 684/614
f 528/468 684/614 523/465
f 528/468 527/469 684/614
f 530/472 686/616 685/615
f 530/472 685/615 527/469
f 686/616 530/472 687/617
f 525/467 528/468 523/465
f 530/472 688/618 687/617
f 532/474 688/618 530/472
f 689/619 688/618 532/474
f 534/476 689/619 532/474
f 536/480 690/620 689/619
f 537/479 689/619 534/476
f 536/480 689/619 537/479
f 539/482 690/620 536/480
f 539/482 691/621 690/620
f 537/479 534/476 541/483
f 691/621 539/482 692/622
f 539/482 542/484 692/622
f 693/623 692/622 547/491
f 547/491 692/622 548/490
f 546/488 692/622 542/484
f 548/490 692/622 546/488
usemtl texture3
f 694/625 695/624 562/504
f 695/624 558/500 562/504
f 554/496 556/498 555/497
f 553/495 555/497 557/499
f 555/497 556/498 557/499
f 695/624 557/499 558/500
f 559/501 561/503 560/502
f 558/500 560/502 562/504
f 562/504 560/502 561/503
f 563/505 694/625 562/504
f 566/508 564/506 565/507
f 696/515 697/512 698/514
f 697/512 699/511 700/510
f 701/517 698/518 702/520
f 697/512 703/513 699/511
f 696/515 698/518 701/517
f 696/515 703/513 697/512
f 701/517 702/520 704/522
f 696/515 701/517 705/519
f 703/513 696/515 706/516
f 696/515 705/519 706/516
f 706/516 705/519 707/521
f 707/521 705/519 708/523
f 709/512 710/511 711/510
f 709/512 712/513 710/511
f 713/515 712/513 709/512
f 712/513 713/515 714/516
f 713/515 709/512 715/514
f 713/515 716/519 714/516
f 713/515 715/518 717/517
f 714/516 716/519 718/521
f 717/517 715/518 719/520
f 718/521 716/519 720/523
f 717/517 719/520 721/522
f 713/515 717/517 716/519
f 595/525 597/527 598/528
f 596/526 598/528 597/527
f 599/529 598/528 596/526
f 605/535 596/526 594/524
f 599/529 596/526 605/535
f 601/531 600/530 603/533
f 599/529 604/534 600/530
f 602/532 601/531 603/533
f 603/533 600/530 604/534
f 599/529 605/535 604/534
f 608/538 606/536 605/535
f 608/538 607/537 606/536
f 610/539 609/540 722/626
f 610/539 722/626 611/541
f 723/627 612/542 611/541
f 723/627 616/545 612/542
f 612/542 615/546 613/543
f 616/545 615/546 612/542
f 723/627 724/628 617/547
f 723/627 617/547 616/545
f 614/544 613/543 615/546
f 724/628 725/629 617/547
f 617/547 725/629 619/550
f 619/550 618/548 617/547
f 620/549 619/550 725/629
f 621/551 618/548 619/550
f 726/630 622/552 620/549
f 624/553 622/552 726/630
f 629/559 627/557 625/555
f 628/558 626/556 631/561
f 629/559 632/562 627/557
f 630/560 628/558 633/563
f 727/631 629/559 630/560
f 633/563 628/558 631/561
f 632/562 629/559 728/632
f 727/631 630/560 633/563
f 728/632 629/559 727/631
f 727/631 633/563 635/565
f 633/563 634/564 635/565
f 636/566 637/567 638/568
f 636/566 639/569 729/633
f 636/566 638/568 639/569
f 730/634 729/633 642/573
f 644/574 729/633 639/569
f 643/572 642/573 729/633
f 646/575 730/634 642/573
f 645/576 730/634 646/575
f 644/574 643/572 729/633
f 644/574 639/569 640/570
f 644/574 640/570 641/571
f 646/575 642/573 648/578
f 648/578 642/573 647/577
f 647/577 649/579 648/578
f 651/581 731/635 650/580
f 657/586 731/635 651/581
f 657/586 651/581 655/585
f 656/587 731/635 657/586
f 658/588 657/586 655/585
f 659/589 732/636 656/587
f 659/589 661/591 732/636
f 662/592 661/591 659/589
f 660/590 653/582 652/583
f 668/598 667/597 670/600
f 664/593 670/600 667/597
f 671/601 670/600 664/593
f 663/594 733/637 664/593
f 733/637 671/601 664/593
f 733/637 672/602 671/601
f 675/605 673/603 672/602
f 674/604 673/603 675/605
f 675/605 672/602 734/638
f 734/638 676/606 675/605
f 735/639 666/595 665/596
f 677/607 666/595 735/639
f 680/610 678/609 681/611
f 736/640 678/609 679/608
f 686/616 679/608 682/612
f 682/612 683/613 685/615
f 736/640 737/641 678/609
f 684/614 685/615 683/613
f 686/616 682/612 685/615
f 687/617 679/608 686/616
f 736/640 679/608 687/617
f 736/640 687/617 691/621
f 690/620 687/617 688/618
f 736/640 691/621 738/642
f 691/621 687/617 690/620
f 689/619 690/620 688/618
f 693/623 691/621 692/622
usemtl texture4
f 739/645 740/644 741/643
f 742/647 743/646 740/644
f 742/647 740/644 739/645
f 742/647 744/648 743/646
f 745/651 746/650 747/649
f 745/651 748/652 746/650
f 749/653 748/652 745/651
f 749/653 750/654 748/652
f 751/657 752/656 753/655
f 753/655 754/659 755/658
f 754/659 756/661 757/660
f 758/663 756/661 759/662
f 760/666 761/665 762/664
f 763/668 764/667 759/662
f 765/669 752/656 751/657
f 760/666 766/670 761/665
f 767/671 764/667 763/668
f 768/672 765/669 751/657
f 769/673 761/665 766/670
f 770/674 768/672 751/657
f 771/675 764/667 767/671
f 772/676 766/670 760/666
f 773/677 772/676 760/666
f 774/658 775/678 770/674
f 774/658 776/679 775/678
f 777/681 778/680 758/663
f 779/675 777/681 758/663
f 780/682 779/675 767/671
f 770/674 781/683 768/672
f 780/682 767/671 782/684
f 769/673 766/670 783/685
f 781/683 784/686 768/672
f 785/687 780/682 782/684
f 769/673 783/685 786/688
f 770/674 787/689 781/683
f 788/690 780/682 785/687
f 769/673 786/688 789/691
f 785/687 790/692 788/690
f 787/689 791/693 781/683
f 792/694 790/692 785/687
f 787/689 793/695 791/693
f 794/696 790/692 792/694
f 795/697 793/695 787/689
f 794/696 796/698 790/692
f 786/688 797/699 789/691
f 798/700 793/695 795/697
f 794/696 799/701 796/698
f 798/700 800/702 793/695
f 801/703 799/701 794/696
f 798/700 802/704 800/702
f 803/705 799/701 801/703
f 804/706 802/704 798/700
f 803/705 805/707 799/701
f 789/691 797/699 806/708
f 807/709 802/704 804/706
f 803/705 808/710 805/707
f 807/709 809/711 802/704
f 810/712 808/710 803/705
f 807/709 811/713 809/711
f 812/714 808/710 810/712
f 813/715 811/713 807/709
f 812/714 814/716 808/710
f 815/717 789/691 806/708
f 816/718 811/713 813/715
f 812/714 817/719 814/716
f 806/708 818/720 815/717
f 816/718 819/721 811/713
f 820/722 817/719 812/714
f 815/717 818/720 821/723
f 822/724 817/719 820/722
f 819/721 816/718 823/725
f 823/725 816/718 824/726
f 825/728 826/727 824/726
f 827/730 826/727 828/729
f 829/733 830/732 831/731
f 832/724 830/732 817/719
f 833/735 834/734 821/723
f 835/736 834/734 833/735
f 836/737 826/727 827/730
f 830/732 837/738 831/731
f 838/732 832/724 839/739
f 823/725 824/726 840/740
f 824/726 826/727 840/740
f 841/741 815/717 821/723
f 839/739 832/724 842/742
f 821/723 834/734 841/741
f 843/743 823/725 840/740
f 840/740 826/727 836/737
f 839/739 842/742 844/744
f 841/741 834/734 845/745
f 840/740 836/737 846/746
f 847/749 848/748 849/747
f 850/750 848/748 847/749
f 850/750 851/751 848/748
f 850/750 852/752 851/751
f 853/753 851/751 852/752
f 853/753 854/754 851/751
f 855/755 854/754 853/753
f 855/755 856/756 854/754
f 857/759 858/758 859/757
f 859/757 858/758 860/760
f 861/763 862/762 863/761
f 863/761 862/762 864/764
f 865/767 866/766 867/765
f 866/766 868/768 867/765
f 869/771 870/770 871/769
f 870/770 872/772 871/769
f 873/775 874/774 875/773
f 875/773 874/774 876/776
f 877/779 878/778 879/777
f 878/778 880/780 879/777
f 881/783 882/782 883/781
f 882/782 884/784 883/781
f 885/787 886/786 887/785
f 887/785 886/786 888/788
f 889/791 890/790 891/789
f 890/790 892/792 891/789
f 893/795 894/794 895/793
f 894/794 896/796 895/793
f 897/799 898/798 899/797
f 899/797 898/798 900/800
f 901/803 902/802 903/801
f 903/801 902/802 904/804
f 901/803 905/805 902/802
f 902/802 906/807 907/806
f 905/805 908/808 902/802
f 905/805 909/809 908/808
f 908/808 909/809 910/810
f 906/807 902/802 911/811
f 907/806 912/813 913/812
f 902/802 908/808 914/814
f 906/807 912/813 907/806
f 915/817 916/816 917/815
f 913/812 912/813 916/816
f 902/802 914/814 911/811
f 917/815 916/816 912/813
f 917/815 918/819 919/818
f 920/821 908/808 921/820
f 914/814 908/808 920/821
f 912/813 918/819 917/815
f 922/822 911/811 914/814
f 923/823 918/819 912/813
f 912/813 924/824 923/823
f 925/825 924/824 912/813
f 924/824 926/826 923/823
f 927/827 925/825 912/813
f 914/814 920/821 928/828
f 928/828 920/821 929/829
f 914/814 928/828 930/830
f 931/831 925/825 927/827
f 932/833 927/827 933/832
f 932/833 931/831 927/827
f 934/835 930/830 935/834
f 930/830 928/828 935/834
f 932/833 936/836 931/831
f 937/839 938/838 939/837
f 939/837 938/838 936/836
f 935/834 928/828 940/840
f 941/842 932/833 942/841
f 939/837 936/836 943/843
f 941/842 936/836 932/833
f 940/840 928/828 944/844
f 943/843 936/836 945/845
f 935/834 940/840 946/846
f 947/849 948/848 949/847
f 949/847 948/848 950/850
f 951/851 936/836 941/842
f 945/845 936/836 951/851
f 951/851 941/842 952/852
f 949/847 950/850 953/853
f 953/853 950/850 945/845
f 946/846 940/840 954/854
f 955/855 946/846 954/854
f 953/853 945/845 956/856
f 956/856 945/845 951/851
f 954/854 940/840 957/857
f 957/857 940/840 958/858
f 959/860 953/853 960/859
f 960/859 953/853 956/856
f 956/856 951/851 961/861
f 962/851 963/863 964/862
f 954/854 957/857 965/864
f 961/861 951/851 964/862
f 954/854 965/864 963/863
f 965/864 957/857 966/865
f 964/862 963/863 967/866
f 966/865 957/857 968/867
f 963/863 969/868 967/866
f 963/863 965/864 969/868
f 969/868 965/864 970/869
f 965/864 966/865 971/870
f 966/865 968/867 972/871
f 967/866 969/868 973/872
f 967/866 973/872 974/873
f 974/873 973/872 975/874
f 976/877 977/876 978/875
f 978/875 977/876 979/878
f 980/881 981/880 982/879
f 981/880 983/882 982/879
f 984/885 985/884 986/883
f 984/885 986/883 987/886
f 984/885 987/886 988/887
f 987/886 986/883 989/888
f 989/888 990/890 991/889
f 991/889 990/890 992/891
f 993/892 990/890 989/888
f 992/891 990/890 994/893
f 995/896 996/895 997/894
f 995/896 998/897 996/895
f 999/898 998/897 995/896
f 999/898 1000/899 998/897
f 999/898 1001/900 1000/899
f 1002/901 1001/900 999/898
f 1002/901 1003/902 1001/900
f 1002/901 1004/903 1003/902
f 1002/901 1005/904 1004/903
f 1005/904 1006/906 1007/905
f 1007/905 1008/908 1009/907
f 1007/905 1006/906 1008/908
f 1009/907 1008/908 1010/909
f 1011/910 1006/906 1005/904
f 1002/901 1012/911 1005/904
f 1013/912 1006/906 1011/910
f 1005/904 1012/911 1011/910
f 1002/901 1014/913 1012/911
f 1015/914 1014/913 1002/901
f 1015/914 1016/915 1014/913
f 1015/914 1017/916 1016/915
f 1015/914 1018/917 1017/916
f 1017/916 1018/917 1019/918
f 1020/919 1019/918 1018/917
f 979/878 1021/921 1022/920
f 979/878 977/876 1021/921
f 976/877 980/881 1023/922
f 980/881 976/877 981/880
f 1023/922 980/881 1024/923
f 1024/923 980/881 982/879
f 1025/926 1026/925 1027/924
f 1026/925 1028/927 1027/924
f 1029/930 1030/929 1031/928
f 1030/929 1032/931 1031/928
f 1033/934 1034/933 1035/932
f 1034/933 1036/935 1035/932
f 1037/937 1027/924 1038/936
f 1027/924 1028/927 1038/936
f 1039/939 1031/928 1040/938
f 1031/928 1032/931 1040/938
f 1041/941 1035/932 1042/940
f 1035/932 1036/935 1042/940
f 1043/944 1044/943 1045/942
f 1044/943 1046/945 1045/942
f 1047/948 1048/947 1049/946
f 1048/947 1050/949 1049/946
f 1051/952 1052/951 1053/950
f 1052/951 1054/953 1053/950
f 1055/955 1045/942 1056/954
f 1045/942 1046/945 1056/954
f 1057/957 1049/946 1058/956
f 1049/946 1050/949 1058/956
f 1059/959 1053/950 1060/958
f 1053/950 1054/953 1060/958
f 1061/962 1062/961 1063/960
f 1062/961 1064/963 1063/960
f 1065/966 1066/965 1067/964
f 1066/965 1068/967 1067/964
f 1069/969 1070/968 1062/961
f 1070/968 1064/963 1062/961
f 1071/971 1072/970 1066/965
f 1072/970 1068/967 1066/965
f 1073/974 1074/973 1075/972
f 1073/974 1076/975 1074/973
f 1075/972 1074/973 1077/976
f 1075/972 1077/976 1078/977
f 1079/980 1080/979 1081/978
f 1082/982 1080/979 1083/981
f 1081/978 1080/979 1082/982
f 1083/981 1084/983 1082/982
f 1085/986 1086/985 1087/984
f 1088/987 1086/985 1085/986
f 1088/987 1085/986 1089/988
f 1090/991 1091/990 1092/989
f 1092/989 1091/990 1093/992
f 1093/992 1091/990 1094/993
f 1091/990 1095/994 1094/993
f 1095/994 1096/995 1094/993
f 1094/993 1096/995 1097/996
f 1097/996 1096/995 1098/997
f 1096/995 1099/998 1098/997
f 1099/998 1100/999 1098/997
f 1098/997 1100/999 1101/1000
f 1102/1001 1090/991 1092/989
f 1102/1001 1103/1002 1090/991
f 1104/1005 1105/1004 1106/1003
f 1102/1001 1092/989 1107/1006
f 1100/999 1108/1008 1109/1007
f 1109/1007 1110/1010 1111/1009
f 1111/1009 1112/1012 1113/1011
f 1114/1014 1113/1011 1115/1013
f 1116/1016 1114/1014 1117/1015
f 1118/1018 1116/1016 1119/1017
f 1120/1019 1103/1002 1102/1001
f 1105/1004 1121/1020 1106/1003
f 1106/1003 1122/1021 1118/1018
f 1100/999 1109/1007 1101/1000
f 1109/1007 1111/1009 1123/1022
f 1124/1023 1113/1011 1114/1014
f 1125/1024 1116/1016 1118/1018
f 1121/1020 1122/1021 1106/1003
f 1126/1025 1111/1009 1113/1011
f 1127/1026 1114/1014 1116/1016
f 1101/1000 1109/1007 1128/1027
f 1128/1027 1109/1007 1123/1022
f 1123/1022 1111/1009 1126/1025
f 1126/1025 1113/1011 1124/1023
f 1124/1023 1114/1014 1127/1026
f 1127/1026 1116/1016 1125/1024
f 1129/1028 1125/1024 1118/1018
f 1101/1000 1130/1030 1131/1029
f 1118/1018 1122/1021 1129/1028
f 1128/1027 1130/1030 1101/1000
f 1126/1025 1124/1023 1132/1031
f 1124/1023 1127/1026 1133/1032
f 1129/1028 1122/1021 1134/1033
f 1130/1030 1128/1027 1135/1034
f 1130/1030 1135/1034 1136/1035
f 1129/1028 1134/1033 1137/1036
f 1128/1027 1138/1037 1135/1034
f 1132/1031 1139/1038 1126/1025
f 1133/1032 1127/1026 1140/1039
f 1137/1036 1141/1040 1129/1028
f 1139/1038 1138/1037 1128/1027
f 1140/1039 1129/1028 1141/1040
f 1142/1041 1139/1038 1132/1031
f 1142/1041 1132/1031 1143/1042
f 1133/1032 1144/1043 1143/1042
f 1140/1039 1144/1043 1133/1032
f 1145/1045 1135/1034 1146/1044
f 1146/1044 1135/1034 1138/1037
f 1147/1046 1141/1040 1137/1036
f 1139/1038 1148/1047 1138/1037
f 1140/1039 1141/1040 1149/1048
f 1143/1042 1150/1049 1142/1041
f 1144/1043 1150/1049 1143/1042
f 1149/1048 1144/1043 1140/1039
f 1141/1040 1147/1046 1151/1050
f 1148/1047 1139/1038 1152/1051
f 1149/1048 1141/1040 1153/1052
f 1151/1050 1147/1046 1154/1053
f 1148/1047 1152/1051 1155/1054
f 1156/1055 1139/1038 1142/1041
f 1152/1051 1139/1038 1157/1056
f 1156/1055 1142/1041 1158/1057
f 1157/1056 1139/1038 1156/1055
f 1156/1055 1158/1057 1159/1058
f 1152/1051 1160/1060 1161/1059
f 1152/1051 1157/1056 1160/1060
f 1162/1063 1163/1062 1164/1061
f 1164/1061 1163/1062 1165/1064
f 1166/1067 1167/1066 1168/1065
f 1167/1066 1169/1068 1168/1065
f 1170/1071 1171/1070 1172/1069
f 1171/1070 1173/1072 1172/1069
f 1174/1075 1175/1074 1176/1073
f 1174/1075 1176/1073 1177/1076
f 1174/1075 1178/1077 1175/1074
f 1179/1080 1180/1079 1181/1078
f 1174/1075 1177/1076 1182/1081
f 1182/1081 1177/1076 1183/1082
f 1184/1084 1181/1078 1185/1083
f 1179/1080 1181/1078 1184/1084
usemtl texture5
f 1186/1087 1187/1086 1188/1085
f 1188/1085 1187/1086 1189/1088
f 1190/1089 1188/1085 1189/1088
f 1191/1090 1188/1085 1190/1089
f 1192/1092 1188/1085 1193/1091
f 1188/1085 1191/1090 1193/1091
f 1194/1093 1192/1092 1193/1091
f 1194/1093 1193/1091 1195/1094
f 1195/1094 1193/1091 1196/1095
f 1197/1098 1198/1097 1199/1096
f 1199/1096 1198/1097 1200/1099
f 1197/1098 1201/1100 1198/1097
f 1198/1097 1201/1100 1202/1101
f 1203/1103 1204/1102 1202/1101
f 1205/1104 1204/1102 1203/1103
f 1206/1105 1204/1102 1205/1104
f 1205/1104 1203/1103 1207/1106
f 1208/1109 1209/1108 1210/1107
f 1211/1110 1208/1109 1210/1107
f 1208/1109 1211/1110 1212/1111
f 1210/1107 1209/1108 1213/1112
f 1212/1111 1211/1110 1214/1113
f 1215/1114 1212/1111 1214/1113
f 1216/1117 1217/1116 1218/1115
f 1219/1118 1217/1116 1216/1117
f 1220/1119 1214/1113 1217/1116
f 1221/1120 1215/1114 1214/1113
f 1220/1119 1217/1116 1219/1118
f 1221/1120 1214/1113 1220/1119
f 1222/1121 1220/1119 1219/1118
f 1222/1121 1223/1122 1220/1119
f 1224/1123 1223/1122 1222/1121
f 1224/1123 1225/1124 1223/1122
f 1224/1123 1226/1125 1225/1124
f 1225/1124 1226/1125 1227/1126
f 1227/1126 1226/1125 1228/1127
f 1229/1130 1230/1129 1231/1128
f 1232/1131 1230/1129 1229/1130
f 1232/1131 1229/1130 1233/1132
f 1234/1134 1235/1133 1229/1130
f 1235/1133 1233/1132 1229/1130
f 1234/1134 1236/1135 1235/1133
f 1235/1133 1236/1135 1237/1136
f 1238/1137 1235/1133 1237/1136
f 1238/1137 1239/1138 1235/1133
usemtl texture6
f 1186/1087 1188/1085 1192/1092
f 1186/1087 1194/1093 1240/1139
f 1186/1087 1192/1092 1194/1093
f 1240/1139 1194/1093 1241/1140
f 1241/1140 1194/1093 1242/1141
f 1242/1141 1194/1093 1195/1094
f 1199/1096 1243/1142 1242/1141
f 1197/1098 1242/1141 1195/1094
f 1244/1143 1243/1142 1200/1099
f 1200/1099 1243/1142 1199/1096
f 1199/1096 1242/1141 1197/1098
f 1200/1099 1245/1144 1244/1143
f 1198/1097 1245/1144 1200/1099
f 1198/1097 1246/1145 1245/1144
f 1198/1097 1202/1101 1246/1145
f 1246/1145 1202/1101 1204/1102
f 1246/1145 1206/1105 1247/1146
f 1246/1145 1204/1102 1206/1105
f 1247/1146 1206/1105 1248/1147
f 1206/1105 1249/1148 1248/1147
f 1205/1104 1249/1148 1206/1105
f 1250/1149 1205/1104 1207/1106
f 1249/1148 1205/1104 1251/1150
f 1251/1150 1205/1104 1250/1149
f 1207/1106 1208/1109 1250/1149
f 1208/1109 1212/1111 1250/1149
f 1252/1151 1250/1149 1212/1111
f 1215/1114 1252/1151 1212/1111
f 1253/1152 1252/1151 1215/1114
f 1253/1152 1215/1114 1254/1153
f 1255/1154 1215/1114 1221/1120
f 1215/1114 1256/1155 1254/1153
f 1223/1122 1221/1120 1220/1119
f 1256/1155 1215/1114 1255/1154
f 1255/1154 1221/1120 1223/1122
f 1223/1122 1225/1124 1255/1154
f 1255/1154 1225/1124 1257/1156
f 1257/1156 1225/1124 1258/1157
f 1259/1158 1257/1156 1258/1157
f 1258/1157 1225/1124 1227/1126
f 1260/1159 1258/1157 1227/1126
f 1227/1126 1228/1127 1261/1160
f 1261/1160 1228/1127 1230/1129
f 1227/1126 1262/1161 1260/1159
f 1227/1126 1261/1160 1262/1161
f 1232/1131 1261/1160 1230/1129
f 1263/1162 1261/1160 1232/1131
f 1239/1138 1263/1162 1232/1131
f 1239/1138 1232/1131 1233/1132
f 1239/1138 1233/1132 1235/1133
usemtl texture7
f 1240/1139 1241/1140 1243/1142
f 1240/1139 1243/1142 1244/1143
f 1243/1142 1241/1140 1242/1141
f 1264/1163 1244/1143 1245/1144
f 1248/1147 1264/1163 1245/1144
f 1246/1145 1247/1146 1245/1144
f 1248/1147 1245/1144 1247/1146
f 1265/1164 1264/1163 1248/1147
f 1266/1165 1265/1164 1248/1147
f 1251/1150 1250/1149 1252/1151
f 1251/1150 1253/1152 1249/1148
f 1248/1147 1249/1148 1254/1153
f 1266/1165 1267/1166 1265/1164
f 1251/1150 1252/1151 1253/1152
f 1254/1153 1249/1148 1253/1152
f 1254/1153 1266/1165 1248/1147
f 1266/1165 1268/1167 1267/1166
f 1266/1165 1254/1153 1257/1156
f 1257/1156 1254/1153 1256/1155
f 1255/1154 1257/1156 1256/1155
f 1259/1158 1266/1165 1257/1156
f 1269/1168 1266/1165 1259/1158
f 1259/1158 1258/1157 1269/1168
f 1269/1168 1258/1157 1260/1159
f 1260/1159 1262/1161 1263/1162
f 1262/1161 1261/1160 1263/1162
g obj1
usemtl mat1
f 1272/1171 1271/1170 1270/1169
f 1273/1172 1270/1169 1271/1170
f 1270/1169 1275/1172 1274/1173
f 1275/1172 1276/1174 1274/1173
f 1271/1170 1277/1175 1275/1172
f 1278/1176 1275/1172 1277/1175
f 1275/1172 1278/1176 1276/1174
f 1276/1174 1278/1176 1279/1177
f 1281/1179 1280/1178 1272/1171
f 1280/1178 1271/1170 1272/1171
f 1274/1173 1276/1174 1282/1180
f 1276/1174 1283/1181 1282/1180
f 1277/1175 1284/1182 1278/1176
f 1285/1183 1278/1176 1284/1182
f 1280/1178 1286/1184 1271/1170
f 1271/1170 1286/1184 1287/1175
f 1278/1176 1285/1183 1279/1177
f 1285/1183 1288/1185 1279/1177
f 1276/1174 1279/1177 1283/1181
f 1283/1181 1279/1177 1289/1186
f 1286/1184 1290/1187 1277/1175
f 1277/1175 1290/1187 1284/1182
f 1292/1189 1291/1188 1281/1179
f 1291/1188 1280/1178 1281/1179
f 1279/1177 1288/1185 1289/1186
f 1289/1186 1288/1185 1293/1190
f 1282/1180 1283/1181 1294/1191
f 1283/1181 1295/1192 1294/1191
f 1291/1188 1296/1193 1280/1178
f 1280/1178 1296/1193 1286/1184
f 1283/1181 1289/1186 1295/1192
f 1297/1194 1295/1192 1289/1186
f 1296/1193 1298/1195 1286/1184
f 1290/1187 1286/1184 1298/1195
f 1289/1186 1293/1190 1297/1194
f 1299/1196 1297/1194 1293/1190
f 1301/1198 1300/1197 1292/1189
f 1300/1197 1291/1188 1292/1189
f 1300/1197 1302/1199 1291/1188
f 1291/1188 1302/1199 1296/1193
f 1294/1191 1295/1192 1303/1200
f 1295/1192 1304/1201 1303/1200
f 1306/1199 1305/1202 1296/1193
f 1305/1202 1298/1195 1296/1193
f 1295/1192 1297/1194 1304/1201
f 1304/1201 1297/1194 1307/1203
f 1307/1203 1297/1194 1308/1204
f 1297/1194 1299/1196 1308/1204
f 1310/1206 1309/1205 1301/1198
f 1309/1205 1300/1197 1301/1198
f 1309/1205 1311/1207 1300/1197
f 1302/1199 1300/1197 1311/1207
f 1311/1207 1312/1208 1302/1199
f 1305/1202 1302/1199 1312/1208
f 1303/1200 1304/1201 1313/1209
f 1304/1201 1314/1210 1313/1209
f 1310/1206 1315/1211 1309/1205
f 1316/1212 1309/1205 1315/1211
f 1304/1201 1307/1203 1314/1210
f 1314/1210 1307/1203 1317/1213
f 1307/1203 1308/1204 1317/1213
f 1318/1214 1317/1213 1308/1204
f 1309/1205 1316/1212 1311/1207
f 1316/1212 1319/1215 1311/1207
f 1311/1207 1319/1215 1312/1208
f 1319/1215 1320/1216 1312/1208
f 1313/1209 1314/1210 1321/1217
f 1314/1210 1322/1218 1321/1217
f 1314/1210 1317/1213 1322/1218
f 1322/1218 1317/1213 1323/1219
f 1317/1213 1318/1214 1323/1219
f 1323/1219 1318/1214 1324/1220
f 1326/1222 1325/1221 1315/1211
f 1325/1221 1327/1212 1315/1211
f 1316/1212 1325/1221 1319/1215
f 1325/1221 1328/1223 1319/1215
f 1329/1224 1320/1216 1328/1223
f 1328/1223 1320/1216 1319/1215
f 1321/1217 1322/1218 1330/1225
f 1331/1226 1330/1225 1322/1218
f 1322/1218 1323/1219 1331/1226
f 1332/1227 1331/1226 1323/1219
f 1323/1219 1324/1220 1332/1227
f 1333/1228 1332/1227 1324/1220
f 1335/1230 1334/1229 1326/1222
f 1334/1229 1325/1221 1326/1222
f 1325/1221 1334/1229 1328/1223
f 1328/1223 1334/1229 1336/1231
f 1337/1232 1329/1224 1336/1231
f 1329/1224 1328/1223 1336/1231
f 1332/1227 1333/1228 1338/1233
f 1333/1228 1339/1234 1338/1233
f 1331/1226 1332/1227 1340/1235
f 1340/1235 1332/1227 1338/1233
f 1330/1225 1331/1226 1341/1236
f 1331/1226 1340/1235 1341/1236
f 1338/1233 1339/1234 1342/1237
f 1343/1238 1342/1237 1339/1234
f 1340/1235 1338/1233 1344/1239
f 1344/1239 1338/1233 1342/1237
f 1346/1241 1334/1229 1345/1240
f 1334/1229 1335/1230 1345/1240
f 1341/1236 1340/1235 1347/1242
f 1340/1235 1344/1239 1347/1242
f 1346/1241 1348/1243 1334/1229
f 1334/1229 1348/1243 1336/1231
f 1337/1232 1336/1231 1349/1244
f 1336/1231 1348/1243 1349/1244
f 1351/1246 1342/1237 1350/1245
f 1342/1237 1343/1238 1350/1245
f 1344/1239 1342/1237 1352/1247
f 1352/1247 1342/1237 1351/1246
f 1354/1249 1346/1241 1353/1248
f 1346/1241 1345/1240 1353/1248
f 1355/1250 1347/1242 1352/1247
f 1344/1239 1352/1247 1347/1242
f 1354/1249 1356/1251 1346/1241
f 1346/1241 1356/1251 1348/1243
f 1356/1251 1357/1252 1348/1243
f 1349/1244 1348/1243 1357/1252
f 1359/1254 1354/1249 1358/1253
f 1354/1249 1353/1248 1358/1253
f 1361/1256 1351/1246 1360/1255
f 1360/1255 1351/1246 1350/1245
f 1359/1254 1362/1257 1354/1249
f 1354/1249 1362/1257 1356/1251
f 1352/1247 1351/1246 1363/1258
f 1361/1256 1363/1258 1351/1246
f 1355/1250 1352/1247 1364/1259
f 1352/1247 1363/1258 1364/1259
f 1362/1257 1365/1260 1356/1251
f 1365/1260 1357/1252 1356/1251
f 1361/1256 1360/1255 1366/1261
f 1360/1255 1367/1262 1366/1261
f 1363/1258 1361/1256 1368/1263
f 1368/1263 1361/1256 1366/1261
f 1364/1259 1363/1258 1369/1264
f 1363/1258 1368/1263 1369/1264
f 1366/1261 1367/1262 1370/1265
f 1371/1266 1370/1265 1367/1262
f 1368/1263 1366/1261 1372/1267
f 1370/1265 1372/1267 1366/1261
f 1369/1264 1368/1263 1373/1268
f 1368/1263 1372/1267 1373/1268
f 1375/1270 1374/1269 1371/1266
f 1374/1269 1370/1265 1371/1266
f 1372/1267 1370/1265 1376/1271
f 1376/1271 1370/1265 1374/1269
f 1376/1271 1377/1272 1372/1267
f 1372/1267 1377/1272 1373/1268
f 1380/1275 1379/1274 1378/1273
f 1378/1273 1379/1274 1381/1276
f 1384/1279 1383/1278 1382/1277
f 1383/1278 1385/1280 1382/1277
f 1380/1275 1384/1279 1379/1274
f 1379/1274 1384/1279 1382/1277
f 1388/1283 1387/1282 1386/1281
f 1387/1282 1389/1284 1386/1281
f 1391/1286 1390/1285 1386/1281
f 1390/1285 1388/1283 1386/1281
f 1390/1285 1391/1286 1392/1287
f 1391/1286 1393/1288 1392/1287
f 1386/1281 1389/1284 1394/1289
f 1395/1290 1394/1289 1389/1284
f 1391/1286 1386/1281 1396/1291
f 1396/1291 1386/1281 1394/1289
f 1391/1286 1396/1291 1393/1288
f 1396/1291 1397/1292 1393/1288
f 1394/1289 1395/1290 1398/1293
f 1395/1290 1399/1294 1398/1293
f 1396/1291 1394/1289 1400/1295
f 1400/1295 1394/1289 1398/1293
f 1400/1295 1401/1296 1396/1291
f 1396/1291 1401/1296 1397/1292
f 1398/1293 1399/1294 1402/1297
f 1402/1297 1399/1294 1403/1298
f 1400/1295 1398/1293 1404/1299
f 1404/1299 1398/1293 1402/1297
f 1406/1301 1405/1300 1403/1298
f 1405/1300 1402/1297 1403/1298
f 1401/1296 1400/1295 1407/1302
f 1400/1295 1404/1299 1407/1302
f 1409/1304 1408/1303 1406/1301
f 1405/1300 1406/1301 1408/1303
f 1409/1304 1410/1305 1408/1303
f 1410/1305 1411/1306 1408/1303
f 1410/1305 1412/1248 1411/1306
f 1411/1306 1412/1248 1413/1249
f 1415/1241 1413/1249 1414/1240
f 1413/1249 1412/1248 1414/1240
f 1417/1308 1416/1307 1414/1240
f 1416/1307 1415/1241 1414/1240
f 1404/1299 1402/1297 1418/1309
f 1405/1300 1418/1309 1402/1297
f 1420/1230 1419/1229 1417/1308
f 1416/1307 1417/1308 1419/1229
f 1418/1309 1405/1300 1421/1310
f 1421/1310 1405/1300 1408/1303
f 1420/1230 1422/1311 1419/1229
f 1422/1311 1423/1312 1419/1229
f 1421/1310 1408/1303 1424/1313
f 1424/1313 1408/1303 1411/1306
f 1424/1313 1411/1306 1425/1251
f 1425/1251 1411/1306 1413/1249
f 1425/1251 1413/1249 1426/1243
f 1426/1243 1413/1249 1415/1241
f 1416/1307 1427/1314 1415/1241
f 1427/1314 1426/1243 1415/1241
f 1407/1302 1404/1299 1428/1315
f 1404/1299 1418/1309 1428/1315
f 1416/1307 1419/1229 1427/1314
f 1429/1231 1427/1314 1419/1229
f 1428/1315 1418/1309 1430/1316
f 1418/1309 1421/1310 1430/1316
f 1419/1229 1423/1312 1429/1231
f 1431/1317 1429/1231 1423/1312
f 1430/1316 1421/1310 1432/1318
f 1421/1310 1424/1313 1432/1318
f 1432/1318 1424/1313 1433/1252
f 1424/1313 1425/1251 1433/1252
f 1426/1243 1434/1244 1425/1251
f 1425/1251 1434/1244 1433/1252
f 1427/1314 1435/1319 1426/1243
f 1426/1243 1435/1319 1434/1244
f 1427/1314 1429/1231 1435/1319
f 1435/1319 1429/1231 1436/1232
f 1438/1233 1380/1275 1437/1234
f 1437/1234 1380/1275 1378/1273
f 1422/1311 1439/1320 1423/1312
f 1423/1312 1439/1320 1440/1321
f 1441/1235 1384/1279 1438/1233
f 1380/1275 1438/1233 1384/1279
f 1442/1322 1383/1278 1441/1235
f 1441/1235 1383/1278 1384/1279
f 1429/1231 1431/1317 1436/1232
f 1431/1317 1443/1323 1436/1232
f 1423/1312 1440/1321 1431/1317
f 1444/1324 1431/1317 1440/1321
f 1431/1317 1444/1324 1443/1323
f 1443/1323 1444/1324 1445/1325
f 1439/1320 1446/1326 1440/1321
f 1447/1327 1440/1321 1446/1326
f 1440/1321 1447/1327 1444/1324
f 1448/1328 1444/1324 1447/1327
f 1444/1324 1448/1328 1445/1325
f 1445/1325 1448/1328 1449/1329
f 1446/1326 1450/1330 1447/1327
f 1450/1330 1451/1331 1447/1327
f 1447/1327 1451/1331 1448/1328
f 1451/1331 1452/1332 1448/1328
f 1448/1328 1452/1332 1449/1329
f 1452/1332 1453/1333 1449/1329
f 1450/1330 1454/1211 1451/1331
f 1451/1331 1454/1211 1455/1212
f 1451/1331 1455/1212 1452/1332
f 1456/1215 1452/1332 1455/1212
f 1452/1332 1456/1215 1453/1333
f 1453/1333 1456/1215 1457/1216
f 1459/1227 1438/1233 1458/1228
f 1438/1233 1437/1234 1458/1228
f 1460/1226 1441/1235 1459/1227
f 1441/1235 1438/1233 1459/1227
f 1461/1225 1442/1322 1460/1226
f 1442/1322 1441/1235 1460/1226
f 1454/1211 1462/1206 1455/1212
f 1462/1206 1463/1205 1455/1212
f 1456/1215 1464/1207 1457/1216
f 1464/1207 1465/1208 1457/1216
f 1455/1212 1463/1205 1456/1215
f 1464/1207 1456/1215 1463/1205
f 1467/1219 1459/1227 1466/1220
f 1459/1227 1458/1228 1466/1220
f 1468/1218 1460/1226 1467/1219
f 1459/1227 1467/1219 1460/1226
f 1469/1217 1461/1225 1468/1218
f 1460/1226 1468/1218 1461/1225
f 1464/1207 1470/1199 1465/1208
f 1465/1208 1470/1199 1471/1202
f 1462/1206 1472/1198 1463/1205
f 1463/1205 1472/1198 1473/1197
f 1463/1205 1473/1197 1464/1207
f 1470/1199 1464/1207 1473/1197
f 1475/1213 1467/1219 1474/1214
f 1474/1214 1467/1219 1466/1220
f 1476/1210 1468/1218 1475/1213
f 1467/1219 1475/1213 1468/1218
f 1477/1209 1469/1217 1476/1210
f 1476/1210 1469/1217 1468/1218
f 1470/1199 1478/1193 1471/1202
f 1478/1193 1479/1195 1471/1202
f 1473/1197 1480/1188 1470/1199
f 1478/1193 1470/1199 1480/1188
f 1472/1198 1481/1189 1473/1197
f 1480/1188 1473/1197 1481/1189
f 1475/1213 1474/1214 1482/1203
f 1482/1203 1474/1214 1483/1204
f 1484/1201 1476/1210 1482/1203
f 1475/1213 1482/1203 1476/1210
f 1485/1200 1477/1209 1484/1201
f 1477/1209 1476/1210 1484/1201
f 1478/1193 1486/1184 1479/1195
f 1486/1184 1487/1187 1479/1195
f 1480/1188 1488/1178 1478/1193
f 1488/1178 1486/1184 1478/1193
f 1481/1189 1489/1179 1480/1188
f 1489/1179 1488/1178 1480/1188
f 1482/1203 1483/1204 1490/1194
f 1491/1196 1490/1194 1483/1204
f 1492/1192 1484/1201 1490/1194
f 1482/1203 1490/1194 1484/1201
f 1486/1184 1493/1175 1487/1187
f 1487/1187 1493/1175 1494/1182
f 1495/1191 1485/1200 1492/1192
f 1492/1192 1485/1200 1484/1201
f 1488/1178 1496/1170 1486/1184
f 1493/1175 1486/1184 1496/1170
f 1498/1186 1490/1194 1497/1190
f 1490/1194 1491/1196 1497/1190
f 1489/1179 1499/1171 1488/1178
f 1488/1178 1499/1171 1496/1170
f 1493/1175 1500/1176 1494/1182
f 1500/1176 1501/1183 1494/1182
f 1502/1181 1492/1192 1498/1186
f 1492/1192 1490/1194 1498/1186
f 1504/1177 1498/1186 1503/1185
f 1503/1185 1498/1186 1497/1190
f 1505/1180 1495/1191 1502/1181
f 1495/1191 1492/1192 1502/1181
f 1496/1170 1506/1172 1493/1175
f 1500/1176 1493/1175 1506/1172
f 1500/1176 1504/1177 1501/1183
f 1501/1183 1504/1177 1503/1185
f 1507/1174 1502/1181 1504/1177
f 1498/1186 1504/1177 1502/1181
f 1499/1171 1508/1169 1496/1170
f 1508/1169 1506/1172 1496/1170
f 1506/1172 1507/1174 1500/1176
f 1504/1177 1500/1176 1507/1174
f 1509/1173 1505/1180 1507/1174
f 1502/1181 1507/1174 1505/1180
f 1508/1169 1509/1173 1506/1172
f 1506/1172 1509/1173 1507/1174
usemtl mat2
f 1512/1336 1511/1335 1510/1334
f 1510/1334 1511/1335 1513/1337
f 1516/1340 1515/1339 1514/1338
f 1514/1338 1515/1339 1517/1341
f 1514/1338 1517/1341 1518/1342
f 1514/1338 1518/1342 1519/1343
f 1519/1343 1518/1342 1510/1334
f 1510/1334 1518/1342 1520/1344
f 1512/1336 1520/1344 1521/1345
f 1510/1334 1520/1344 1512/1336
f 1513/1337 1511/1335 1522/1346
f 1522/1346 1511/1335 1523/1347
f 1523/1347 1511/1335 1524/1348
f 1526/1350 1524/1348 1525/1349
f 1523/1347 1524/1348 1526/1350
f 1526/1350 1525/1349 1527/1351
f 1526/1350 1527/1351 1528/1352
f 1528/1352 1527/1351 1529/1353
f 1528/1352 1529/1353 1530/1354
f 1528/1352 1530/1354 1531/1355
f 1531/1355 1530/1354 1532/1356
f 1531/1355 1532/1356 1533/1357
f 1533/1357 1532/1356 1534/1358
f 1534/1358 1535/1359 1533/1357
f 1536/1360 1535/1359 1534/1358
f 1536/1360 1537/1361 1535/1359
f 1538/1362 1537/1361 1536/1360
f 1540/1364 1539/1363 1537/1361
f 1540/1364 1537/1361 1538/1362
f 1543/1367 1542/1366 1541/1365
f 1541/1365 1542/1366 1544/1368
f 1547/1371 1546/1370 1545/1369
f 1546/1370 1548/1372 1545/1369
f 1548/1372 1549/1373 1545/1369
f 1545/1369 1549/1373 1550/1374
f 1553/1377 1552/1376 1551/1375
f 1552/1376 1554/1378 1551/1375
f 1557/1381 1556/1380 1555/1379
f 1557/1381 1555/1379 1558/1382
f 1558/1382 1555/1379 1541/1365
f 1541/1365 1555/1379 1559/1383
f 1543/1367 1559/1383 1560/1384
f 1541/1365 1559/1383 1543/1367
f 1563/1368 1562/1366 1561/1385
f 1561/1385 1542/1366 1547/1371
f 1547/1371 1542/1366 1546/1370
f 1550/1374 1549/1373 1564/1386
f 1550/1374 1564/1386 1565/1387
f 1550/1374 1565/1387 1553/1377
f 1553/1377 1565/1387 1552/1376
f 1551/1375 1554/1378 1566/1388
f 1566/1388 1554/1378 1567/1389
f 1570/1367 1569/1366 1568/1365
f 1568/1365 1569/1366 1571/1368
f 1574/1371 1573/1370 1572/1369
f 1573/1370 1575/1372 1572/1369
f 1575/1372 1576/1373 1572/1369
f 1572/1369 1576/1373 1577/1374
f 1580/1377 1579/1376 1578/1375
f 1579/1376 1581/1378 1578/1375
f 1584/1381 1583/1380 1582/1379
f 1584/1381 1582/1379 1585/1382
f 1585/1382 1582/1379 1568/1365
f 1568/1365 1582/1379 1586/1383
f 1570/1367 1586/1383 1587/1384
f 1568/1365 1586/1383 1570/1367
f 1590/1368 1589/1366 1588/1385
f 1588/1385 1569/1366 1574/1371
f 1574/1371 1569/1366 1573/1370
f 1577/1374 1576/1373 1591/1386
f 1577/1374 1591/1386 1592/1387
f 1577/1374 1592/1387 1580/1377
f 1580/1377 1592/1387 1579/1376
f 1578/1375 1581/1378 1593/1388
f 1593/1388 1581/1378 1594/1389
usemtl mat3
f 1522/1346 1595/1390 1513/1337
f 1596/1391 1513/1337 1595/1390
f 1598/1393 1597/1392 1540/1364
f 1597/1392 1539/1363 1540/1364
f 1599/1394 1516/1340 1514/1338
f 1599/1394 1514/1338 1600/1395
f 1600/1395 1514/1338 1601/1396
f 1600/1395 1601/1396 1602/1397
f 1601/1396 1514/1338 1519/1343
f 1601/1396 1519/1343 1596/1391
f 1596/1391 1519/1343 1510/1334
f 1596/1391 1510/1334 1513/1337
f 1595/1390 1522/1346 1603/1398
f 1603/1398 1522/1346 1604/1399
f 1604/1399 1522/1346 1523/1347
f 1526/1350 1605/1400 1523/1347
f 1604/1399 1523/1347 1605/1400
f 1531/1355 1605/1400 1526/1350
f 1531/1355 1526/1350 1528/1352
f 1606/1401 1605/1400 1531/1355
f 1606/1401 1531/1355 1533/1357
f 1606/1401 1533/1357 1607/1402
f 1607/1402 1533/1357 1608/1403
f 1533/1357 1609/1404 1608/1403
f 1535/1359 1609/1404 1533/1357
f 1535/1359 1610/1405 1609/1404
f 1537/1361 1610/1405 1535/1359
f 1539/1363 1597/1392 1610/1405
f 1539/1363 1610/1405 1537/1361
f 1561/1385 1611/1406 1563/1368
f 1612/1407 1563/1368 1611/1406
f 1613/1408 1557/1381 1558/1382
f 1613/1408 1558/1382 1614/1409
f 1614/1409 1558/1382 1612/1407
f 1612/1407 1558/1382 1541/1365
f 1612/1407 1541/1365 1563/1368
f 1611/1406 1561/1385 1615/1410
f 1615/1410 1561/1385 1616/1411
f 1616/1411 1561/1385 1547/1371
f 1545/1369 1617/1412 1547/1371
f 1616/1411 1547/1371 1617/1412
f 1553/1377 1617/1412 1545/1369
f 1553/1377 1545/1369 1550/1374
f 1618/1413 1617/1412 1553/1377
f 1618/1413 1553/1377 1551/1375
f 1618/1413 1551/1375 1619/1414
f 1619/1414 1551/1375 1620/1415
f 1620/1415 1551/1375 1621/1416
f 1621/1416 1551/1375 1566/1388
f 1588/1385 1622/1406 1590/1368
f 1623/1407 1590/1368 1622/1406
f 1624/1408 1584/1381 1585/1382
f 1624/1408 1585/1382 1625/1409
f 1625/1409 1585/1382 1623/1407
f 1623/1407 1585/1382 1568/1365
f 1623/1407 1568/1365 1590/1368
f 1622/1406 1588/1385 1626/1410
f 1626/1410 1588/1385 1627/1411
f 1627/1411 1588/1385 1574/1371
f 1572/1369 1628/1412 1574/1371
f 1627/1411 1574/1371 1628/1412
f 1580/1377 1628/1412 1572/1369
f 1580/1377 1572/1369 1577/1374
f 1629/1413 1628/1412 1580/1377
f 1629/1413 1580/1377 1578/1375
f 1629/1413 1578/1375 1630/1414
f 1630/1414 1578/1375 1631/1415
f 1631/1415 1578/1375 1632/1416
f 1632/1416 1578/1375 1593/1388
usemtl mat4
f 1634/1418 1599/1394 1633/1417
f 1633/1417 1599/1394 1600/1395
f 1633/1417 1600/1395 1602/1397
f 1633/1417 1602/1397 1601/1396
f 1633/1417 1601/1396 1635/1419
f 1633/1417 1635/1419 1636/1420
f 1595/1390 1601/1396 1596/1391
f 1635/1419 1601/1396 1603/1398
f 1603/1398 1601/1396 1595/1390
f 1635/1419 1638/1422 1637/1421
f 1635/1419 1603/1398 1638/1422
f 1604/1399 1607/1402 1603/1398
f 1608/1403 1638/1422 1603/1398
f 1604/1399 1605/1400 1606/1401
f 1638/1422 1640/1424 1639/1423
f 1606/1401 1607/1402 1604/1399
f 1603/1398 1607/1402 1608/1403
f 1608/1403 1640/1424 1638/1422
f 1597/1392 1640/1424 1608/1403
f 1640/1424 1642/1426 1641/1425
f 1640/1424 1597/1392 1642/1426
f 1597/1392 1608/1403 1609/1404
f 1597/1392 1609/1404 1610/1405
f 1642/1426 1597/1392 1598/1393
f 1643/1427 1642/1426 1598/1393
f 1645/1429 1613/1408 1644/1428
f 1644/1428 1613/1408 1614/1409
f 1611/1406 1614/1409 1612/1407
f 1644/1428 1614/1409 1646/1430
f 1644/1428 1646/1430 1647/1431
f 1615/1410 1614/1409 1611/1406
f 1646/1430 1614/1409 1615/1410
f 1646/1430 1615/1410 1648/1432
f 1646/1430 1648/1432 1649/1433
f 1616/1411 1619/1414 1615/1410
f 1616/1411 1617/1412 1618/1413
f 1620/1415 1648/1432 1615/1410
f 1618/1413 1619/1414 1616/1411
f 1615/1410 1619/1414 1620/1415
f 1648/1432 1651/1435 1650/1434
f 1620/1415 1651/1435 1648/1432
f 1621/1416 1651/1435 1620/1415
f 1652/1436 1651/1435 1621/1416
f 1654/1429 1624/1408 1653/1428
f 1653/1428 1624/1408 1625/1409
f 1622/1406 1625/1409 1623/1407
f 1653/1428 1625/1409 1655/1430
f 1653/1428 1655/1430 1656/1431
f 1626/1410 1625/1409 1622/1406
f 1655/1430 1625/1409 1626/1410
f 1655/1430 1626/1410 1657/1432
f 1655/1430 1657/1432 1658/1433
f 1627/1411 1630/1414 1626/1410
f 1627/1411 1628/1412 1629/1413
f 1631/1415 1657/1432 1626/1410
f 1629/1413 1630/1414 1627/1411
f 1626/1410 1630/1414 1631/1415
f 1657/1432 1660/1435 1659/1434
f 1631/1415 1660/1435 1657/1432
f 1632/1416 1660/1435 1631/1415
f 1661/1436 1660/1435 1632/1416
g obj2
usemtl mat5
f 1664/1439 1663/1438 1662/1437
f 1663/1438 1665/1440 1662/1437
f 1662/1437 1667/1441 1666/1439
f 1667/1441 1668/1442 1666/1439
f 1666/1439 1669/1443 1663/1438
f 1670/1444 1663/1438 1669/1443
f 1669/1443 1666/1439 1671/1445
f 1666/1439 1668/1442 1671/1445
f 1663/1438 1672/1439 1665/1440
f 1672/1439 1673/1437 1665/1440
f 1663/1438 1670/1444 1672/1439
f 1674/1443 1672/1439 1670/1444
f 1671/1445 1668/1442 1674/1443
f 1672/1439 1674/1443 1668/1442
f 1667/1441 1673/1437 1668/1442
f 1673/1437 1672/1439 1668/1442
f 1676/1447 1675/1446 1662/1437
f 1675/1446 1667/1441 1662/1437
f 1662/1437 1665/1440 1676/1447
f 1665/1440 1677/1448 1676/1447
f 1679/1450 1669/1443 1678/1449
f 1669/1443 1671/1445 1678/1449
f 1669/1443 1679/1450 1670/1444
f 1680/1451 1670/1444 1679/1450
f 1678/1449 1671/1445 1681/1450
f 1674/1443 1681/1450 1671/1445
f 1675/1446 1682/1447 1667/1441
f 1682/1447 1673/1437 1667/1441
f 1665/1440 1673/1437 1677/1448
f 1673/1437 1682/1447 1677/1448
f 1670/1444 1680/1451 1674/1443
f 1681/1450 1674/1443 1680/1451
f 1685/1454 1684/1453 1683/1452
f 1684/1453 1686/1455 1683/1452
f 1688/1457 1685/1454 1687/1456
f 1687/1456 1685/1454 1683/1452
f 1690/1454 1689/1452 1684/1453
f 1689/1452 1686/1455 1684/1453
f 1688/1457 1687/1456 1690/1454
f 1687/1456 1689/1452 1690/1454
f 1685/1454 1691/1458 1684/1453
f 1692/1459 1684/1453 1691/1458
f 1688/1457 1693/1460 1685/1454
f 1685/1454 1693/1460 1691/1458
f 1694/1458 1690/1454 1692/1459
f 1690/1454 1684/1453 1692/1459
f 1697/1454 1696/1453 1695/1452
f 1695/1452 1696/1453 1698/1455
f 1693/1460 1688/1457 1694/1458
f 1688/1457 1690/1454 1694/1458
f 1700/1457 1697/1454 1699/1456
f 1697/1454 1695/1452 1699/1456
f 1702/1454 1701/1452 1696/1453
f 1696/1453 1701/1452 1698/1455
f 1700/1457 1699/1456 1702/1454
f 1699/1456 1701/1452 1702/1454
f 1704/1462 1692/1459 1703/1461
f 1692/1459 1691/1458 1703/1461
f 1693/1460 1705/1463 1691/1458
f 1705/1463 1703/1461 1691/1458
f 1706/1464 1694/1458 1704/1462
f 1694/1458 1692/1459 1704/1462
f 1694/1458 1706/1464 1693/1460
f 1693/1460 1706/1464 1705/1463
f 1697/1454 1707/1458 1696/1453
f 1708/1459 1696/1453 1707/1458
f 1700/1457 1709/1460 1697/1454
f 1707/1458 1697/1454 1709/1460
f 1710/1458 1702/1454 1708/1459
f 1702/1454 1696/1453 1708/1459
f 1709/1460 1700/1457 1710/1458
f 1700/1457 1702/1454 1710/1458
f 1712/1466 1704/1462 1711/1465
f 1711/1465 1704/1462 1703/1461
f 1705/1463 1713/1467 1703/1461
f 1713/1467 1711/1465 1703/1461
f 1714/1465 1706/1464 1712/1466
f 1706/1464 1704/1462 1712/1466
f 1706/1464 1714/1465 1705/1463
f 1705/1463 1714/1465 1713/1467
f 1707/1458 1715/1461 1708/1459
f 1715/1461 1716/1468 1708/1459
f 1709/1460 1717/1463 1707/1458
f 1717/1463 1715/1461 1707/1458
f 1718/1461 1710/1458 1716/1468
f 1710/1458 1708/1459 1716/1468
f 1717/1463 1709/1460 1718/1461
f 1709/1460 1710/1458 1718/1461
f 1720/1470 1712/1466 1719/1469
f 1712/1466 1711/1465 1719/1469
f 1713/1467 1721/1471 1711/1465
f 1719/1469 1711/1465 1721/1471
f 1722/1469 1714/1465 1720/1470
f 1714/1465 1712/1466 1720/1470
f 1714/1465 1722/1469 1713/1467
f 1713/1467 1722/1469 1721/1471
f 1724/1473 1720/1470 1723/1472
f 1723/1472 1720/1470 1719/1469
f 1721/1471 1725/1474 1719/1469
f 1725/1474 1723/1472 1719/1469
f 1727/1476 1724/1473 1726/1475
f 1724/1473 1723/1472 1726/1475
f 1726/1475 1723/1472 1728/1477
f 1723/1472 1725/1474 1728/1477
f 1730/1479 1727/1476 1729/1478
f 1727/1476 1726/1475 1729/1478
f 1729/1478 1726/1475 1731/1480
f 1728/1477 1731/1480 1726/1475
f 1733/1482 1730/1479 1732/1481
f 1732/1481 1730/1479 1729/1478
f 1731/1480 1734/1483 1729/1478
f 1734/1483 1732/1481 1729/1478
f 1736/1485 1735/1484 1732/1481
f 1735/1484 1733/1482 1732/1481
f 1738/1485 1732/1481 1737/1486
f 1732/1481 1734/1483 1737/1486
f 1739/1472 1722/1469 1724/1473
f 1722/1469 1720/1470 1724/1473
f 1722/1469 1739/1472 1721/1471
f 1721/1471 1739/1472 1725/1474
f 1741/1488 1740/1487 1736/1485
f 1740/1487 1735/1484 1736/1485
f 1736/1485 1737/1486 1741/1488
f 1737/1486 1742/1489 1741/1488
f 1724/1473 1727/1476 1739/1472
f 1743/1475 1739/1472 1727/1476
f 1745/1466 1716/1468 1744/1465
f 1715/1461 1744/1465 1716/1468
f 1739/1472 1743/1475 1725/1474
f 1725/1474 1743/1475 1728/1477
f 1727/1476 1730/1479 1743/1475
f 1746/1478 1743/1475 1730/1479
f 1743/1475 1746/1478 1728/1477
f 1728/1477 1746/1478 1731/1480
f 1717/1463 1747/1467 1715/1461
f 1747/1467 1744/1465 1715/1461
f 1748/1481 1746/1478 1733/1482
f 1746/1478 1730/1479 1733/1482
f 1746/1478 1748/1481 1731/1480
f 1731/1480 1748/1481 1734/1483
f 1748/1481 1733/1482 1749/1485
f 1749/1485 1733/1482 1735/1484
f 1737/1486 1734/1483 1749/1485
f 1734/1483 1748/1481 1749/1485
f 1740/1487 1750/1488 1735/1484
f 1750/1488 1749/1485 1735/1484
f 1751/1465 1718/1461 1745/1466
f 1745/1466 1718/1461 1716/1468
f 1737/1486 1749/1485 1752/1489
f 1749/1485 1750/1488 1752/1489
f 1718/1461 1751/1465 1717/1463
f 1747/1467 1717/1463 1751/1465
f 1754/1491 1753/1490 1741/1488
f 1753/1490 1740/1487 1741/1488
f 1741/1488 1742/1489 1754/1491
f 1742/1489 1755/1492 1754/1491
f 1757/1490 1756/1491 1740/1487
f 1756/1491 1750/1488 1740/1487
f 1742/1489 1750/1488 1755/1492
f 1750/1488 1756/1491 1755/1492
f 1759/1470 1745/1466 1758/1469
f 1745/1466 1744/1465 1758/1469
f 1761/1494 1675/1449 1760/1493
f 1675/1449 1676/1450 1760/1493
f 1762/1493 1682/1450 1761/1494
f 1682/1450 1675/1449 1761/1494
f 1677/1451 1763/1495 1676/1450
f 1760/1493 1676/1450 1763/1495
f 1758/1469 1744/1465 1764/1471
f 1744/1465 1747/1467 1764/1471
f 1762/1493 1763/1495 1682/1450
f 1677/1451 1682/1450 1763/1495
f 1678/1449 1681/1450 1765/1494
f 1681/1450 1766/1493 1765/1494
f 1679/1450 1678/1449 1767/1493
f 1678/1449 1765/1494 1767/1493
f 1768/1495 1766/1493 1680/1451
f 1766/1493 1681/1450 1680/1451
f 1767/1493 1768/1495 1679/1450
f 1768/1495 1680/1451 1679/1450
f 1769/1469 1751/1465 1759/1470
f 1751/1465 1745/1466 1759/1470
f 1751/1465 1769/1469 1747/1467
f 1764/1471 1747/1467 1769/1469
f 1771/1473 1759/1470 1770/1472
f 1758/1469 1770/1472 1759/1470
f 1770/1472 1758/1469 1772/1474
f 1772/1474 1758/1469 1764/1471
f 1774/1497 1773/1496 1754/1491
f 1773/1496 1757/1490 1754/1491
f 1754/1491 1755/1492 1774/1497
f 1755/1492 1775/1498 1774/1497
f 1777/1476 1771/1473 1776/1475
f 1770/1472 1776/1475 1771/1473
f 1776/1475 1770/1472 1778/1477
f 1778/1477 1770/1472 1772/1474
f 1780/1479 1777/1476 1779/1478
f 1776/1475 1779/1478 1777/1476
f 1779/1478 1776/1475 1781/1480
f 1781/1480 1776/1475 1778/1477
f 1779/1478 1782/1481 1780/1479
f 1782/1481 1783/1482 1780/1479
f 1782/1481 1779/1478 1784/1483
f 1784/1483 1779/1478 1781/1480
f 1786/1485 1785/1484 1782/1481
f 1782/1481 1785/1484 1783/1482
f 1787/1486 1786/1485 1784/1483
f 1786/1485 1782/1481 1784/1483
f 1788/1470 1771/1473 1769/1469
f 1771/1473 1789/1472 1769/1469
f 1773/1496 1790/1497 1757/1490
f 1790/1497 1756/1491 1757/1490
f 1769/1469 1789/1472 1764/1471
f 1789/1472 1772/1474 1764/1471
f 1755/1492 1756/1491 1775/1498
f 1756/1491 1790/1497 1775/1498
f 1792/1488 1791/1487 1786/1485
f 1786/1485 1791/1487 1785/1484
f 1786/1485 1787/1486 1792/1488
f 1793/1489 1792/1488 1787/1486
f 1771/1473 1777/1476 1789/1472
f 1789/1472 1777/1476 1794/1475
f 1789/1472 1794/1475 1772/1474
f 1778/1477 1772/1474 1794/1475
f 1777/1476 1780/1479 1794/1475
f 1780/1479 1795/1478 1794/1475
f 1794/1475 1795/1478 1778/1477
f 1795/1478 1781/1480 1778/1477
f 1796/1481 1795/1478 1783/1482
f 1783/1482 1795/1478 1780/1479
f 1784/1483 1781/1480 1797/1481
f 1781/1480 1798/1478 1797/1481
f 1797/1481 1783/1482 1799/1485
f 1799/1485 1783/1482 1785/1484
f 1784/1483 1797/1481 1787/1486
f 1787/1486 1797/1481 1799/1485
f 1791/1487 1800/1488 1785/1484
f 1785/1484 1800/1488 1799/1485
f 1787/1486 1799/1485 1793/1489
f 1799/1485 1800/1488 1793/1489
f 1803/1491 1802/1490 1801/1488
f 1801/1488 1802/1490 1791/1487
f 1792/1488 1793/1489 1804/1491
f 1805/1492 1804/1491 1793/1489
f 1802/1490 1806/1491 1791/1487
f 1800/1488 1791/1487 1806/1491
f 1793/1489 1800/1488 1807/1492
f 1807/1492 1800/1488 1806/1491
f 1809/1497 1808/1496 1803/1491
f 1803/1491 1808/1496 1802/1490
f 1803/1491 1807/1492 1809/1497
f 1810/1498 1809/1497 1807/1492
f 1808/1496 1811/1497 1802/1490
f 1811/1497 1806/1491 1802/1490
f 1807/1492 1812/1491 1810/1498
f 1812/1491 1811/1497 1810/1498
f 1814/1500 1813/1499 1774/1497
f 1813/1499 1773/1496 1774/1497
f 1774/1497 1775/1498 1814/1500
f 1775/1498 1815/1501 1814/1500
f 1813/1499 1816/1500 1773/1496
f 1816/1500 1790/1497 1773/1496
f 1775/1498 1790/1497 1815/1501
f 1790/1497 1816/1500 1815/1501
f 1818/1500 1817/1499 1809/1497
f 1809/1497 1817/1499 1808/1496
f 1809/1497 1810/1498 1818/1500
f 1819/1501 1818/1500 1810/1498
f 1817/1499 1820/1500 1808/1496
f 1820/1500 1811/1497 1808/1496
f 1810/1498 1811/1497 1819/1501
f 1820/1500 1819/1501 1811/1497
f 1822/1503 1821/1502 1814/1500
f 1821/1502 1813/1499 1814/1500
f 1814/1500 1815/1501 1822/1503
f 1822/1503 1815/1501 1823/1504
f 1821/1502 1824/1503 1813/1499
f 1824/1503 1816/1500 1813/1499
f 1815/1501 1816/1500 1823/1504
f 1816/1500 1824/1503 1823/1504
f 1827/1503 1826/1502 1825/1500
f 1826/1502 1817/1499 1825/1500
f 1818/1500 1819/1501 1827/1503
f 1827/1503 1819/1501 1828/1504
f 1826/1502 1829/1503 1817/1499
f 1829/1503 1820/1500 1817/1499
f 1819/1501 1820/1500 1828/1504
f 1828/1504 1820/1500 1829/1503
f 1831/1506 1830/1505 1822/1503
f 1830/1505 1821/1502 1822/1503
f 1822/1503 1832/1504 1831/1506
f 1832/1504 1833/1507 1831/1506
f 1830/1505 1834/1506 1821/1502
f 1834/1506 1824/1503 1821/1502
f 1823/1504 1824/1503 1833/1507
f 1824/1503 1834/1506 1833/1507
f 1836/1506 1835/1505 1827/1503
f 1827/1503 1835/1505 1826/1502
f 1827/1503 1828/1504 1836/1506
f 1837/1507 1836/1506 1828/1504
f 1835/1505 1838/1506 1826/1502
f 1826/1502 1838/1506 1829/1503
f 1828/1504 1829/1503 1837/1507
f 1829/1503 1838/1506 1837/1507
f 1761/1494 1760/1493 1839/1508
f 1760/1493 1840/1509 1839/1508
f 1841/1510 1840/1509 1763/1495
f 1763/1495 1840/1509 1760/1493
f 1762/1493 1761/1494 1842/1509
f 1842/1509 1761/1494 1839/1508
f 1842/1509 1841/1510 1762/1493
f 1763/1495 1762/1493 1841/1510
f 1765/1494 1766/1493 1843/1508
f 1766/1493 1844/1509 1843/1508
f 1845/1510 1844/1509 1768/1495
f 1844/1509 1766/1493 1768/1495
f 1767/1493 1765/1494 1846/1509
f 1765/1494 1843/1508 1846/1509
f 1846/1509 1848/1510 1847/1493
f 1847/1493 1848/1510 1768/1495
f 1850/1512 1849/1511 1831/1506
f 1849/1511 1830/1505 1831/1506
f 1849/1511 1851/1512 1830/1505
f 1851/1512 1834/1506 1830/1505
f 1831/1506 1852/1507 1850/1512
f 1852/1507 1853/1513 1850/1512
f 1833/1507 1834/1506 1854/1513
f 1834/1506 1851/1512 1854/1513
f 1856/1512 1855/1511 1836/1506
f 1836/1506 1855/1511 1835/1505
f 1855/1511 1858/1512 1857/1505
f 1838/1506 1857/1505 1858/1512
f 1836/1506 1837/1507 1856/1512
f 1859/1513 1856/1512 1837/1507
f 1837/1507 1838/1506 1859/1513
f 1859/1513 1838/1506 1860/1512
f 1839/1508 1862/1509 1861/1514
f 1862/1509 1863/1515 1861/1514
f 1864/1516 1863/1515 1841/1510
f 1841/1510 1863/1515 1840/1509
f 1842/1509 1839/1508 1865/1515
f 1865/1515 1839/1508 1861/1514
f 1865/1515 1864/1516 1842/1509
f 1841/1510 1842/1509 1864/1516
f 1843/1508 1844/1509 1866/1514
f 1844/1509 1867/1515 1866/1514
f 1868/1516 1867/1515 1848/1510
f 1867/1515 1844/1509 1848/1510
f 1846/1509 1843/1508 1869/1515
f 1843/1508 1866/1514 1869/1515
f 1869/1515 1868/1516 1846/1509
f 1868/1516 1848/1510 1846/1509
f 1871/1518 1870/1517 1855/1511
f 1855/1511 1870/1517 1860/1512
f 1872/1517 1871/1518 1856/1512
f 1856/1512 1871/1518 1855/1511
f 1859/1513 1860/1512 1873/1519
f 1860/1512 1870/1517 1873/1519
f 1856/1512 1859/1513 1872/1517
f 1873/1519 1872/1517 1859/1513
f 1875/1518 1874/1517 1849/1511
f 1874/1517 1851/1512 1849/1511
f 1876/1517 1875/1518 1850/1512
f 1875/1518 1877/1511 1850/1512
f 1854/1513 1851/1512 1878/1519
f 1851/1512 1874/1517 1878/1519
f 1850/1512 1854/1513 1876/1517
f 1854/1513 1878/1519 1876/1517
f 1861/1514 1863/1515 1879/1520
f 1879/1520 1863/1515 1880/1521
f 1881/1522 1880/1521 1864/1516
f 1880/1521 1863/1515 1864/1516
f 1865/1515 1861/1514 1882/1521
f 1882/1521 1861/1514 1879/1520
f 1882/1521 1881/1522 1865/1515
f 1883/1516 1865/1515 1881/1522
f 1866/1514 1867/1515 1884/1520
f 1867/1515 1885/1521 1884/1520
f 1886/1522 1885/1521 1868/1516
f 1885/1521 1867/1515 1868/1516
f 1869/1515 1866/1514 1887/1521
f 1866/1514 1884/1520 1887/1521
f 1887/1521 1886/1522 1869/1515
f 1886/1522 1868/1516 1869/1515
f 1889/1524 1888/1523 1871/1518
f 1888/1523 1890/1517 1871/1518
f 1892/1519 1870/1517 1891/1525
f 1891/1525 1870/1517 1888/1523
f 1893/1523 1889/1524 1872/1517
f 1872/1517 1889/1524 1871/1518
f 1872/1517 1873/1519 1893/1523
f 1891/1525 1893/1523 1873/1519
f 1895/1524 1894/1523 1875/1518
f 1894/1523 1874/1517 1875/1518
f 1878/1519 1874/1517 1896/1525
f 1874/1517 1894/1523 1896/1525
f 1897/1523 1895/1524 1876/1517
f 1895/1524 1875/1518 1876/1517
f 1876/1517 1878/1519 1897/1523
f 1878/1519 1896/1525 1897/1523
f 1879/1520 1880/1521 1898/1526
f 1899/1527 1898/1526 1880/1521
f 1900/1528 1899/1527 1881/1522
f 1881/1522 1899/1527 1880/1521
f 1882/1521 1879/1520 1901/1527
f 1901/1527 1879/1520 1898/1526
f 1901/1527 1900/1528 1882/1521
f 1881/1522 1882/1521 1900/1528
f 1903/1530 1902/1529 1889/1524
f 1902/1529 1888/1523 1889/1524
f 1891/1525 1888/1523 1904/1531
f 1904/1531 1888/1523 1902/1529
f 1905/1529 1903/1530 1893/1523
f 1893/1523 1903/1530 1889/1524
f 1893/1523 1891/1525 1905/1529
f 1904/1531 1905/1529 1891/1525
f 1884/1520 1885/1521 1906/1526
f 1885/1521 1907/1527 1906/1526
f 1908/1528 1907/1527 1886/1522
f 1907/1527 1885/1521 1886/1522
f 1887/1521 1884/1520 1909/1527
f 1884/1520 1906/1526 1909/1527
f 1909/1527 1908/1528 1887/1521
f 1908/1528 1886/1522 1887/1521
f 1911/1530 1910/1529 1895/1524
f 1910/1529 1894/1523 1895/1524
f 1896/1525 1894/1523 1912/1531
f 1894/1523 1910/1529 1912/1531
f 1913/1529 1911/1530 1897/1523
f 1911/1530 1895/1524 1897/1523
f 1897/1523 1896/1525 1913/1529
f 1913/1529 1896/1525 1914/1531
f 1898/1526 1899/1527 1915/1532
f 1915/1532 1899/1527 1916/1533
f 1917/1534 1916/1533 1900/1528
f 1916/1533 1899/1527 1900/1528
f 1901/1527 1898/1526 1918/1533
f 1918/1533 1898/1526 1919/1532
f 1918/1533 1917/1534 1901/1527
f 1900/1528 1901/1527 1917/1534
f 1921/1536 1920/1535 1903/1530
f 1903/1530 1920/1535 1902/1529
f 1904/1531 1902/1529 1922/1537
f 1902/1529 1920/1535 1922/1537
f 1923/1535 1921/1536 1905/1529
f 1905/1529 1921/1536 1903/1530
f 1905/1529 1904/1531 1923/1535
f 1922/1537 1923/1535 1904/1531
f 1906/1526 1907/1527 1924/1532
f 1907/1527 1925/1533 1924/1532
f 1926/1534 1925/1533 1908/1528
f 1925/1533 1907/1527 1908/1528
f 1909/1527 1906/1526 1927/1533
f 1906/1526 1924/1532 1927/1533
f 1927/1533 1926/1534 1909/1527
f 1926/1534 1908/1528 1909/1527
f 1919/1532 1916/1533 1928/1538
f 1916/1533 1929/1539 1928/1538
f 1930/1540 1929/1539 1917/1534
f 1917/1534 1929/1539 1916/1533
f 1918/1533 1919/1532 1931/1539
f 1919/1532 1928/1538 1931/1539
f 1931/1539 1930/1540 1918/1533
f 1918/1533 1930/1540 1917/1534
f 1933/1536 1932/1535 1911/1530
f 1932/1535 1910/1529 1911/1530
f 1912/1531 1910/1529 1934/1537
f 1910/1529 1932/1535 1934/1537
f 1936/1542 1935/1541 1921/1536
f 1920/1535 1921/1536 1935/1541
f 1938/1537 1920/1535 1937/1543
f 1937/1543 1920/1535 1935/1541
f 1939/1535 1933/1536 1913/1529
f 1933/1536 1911/1530 1913/1529
f 1913/1529 1912/1531 1939/1535
f 1912/1531 1940/1537 1939/1535
f 1941/1541 1936/1542 1923/1535
f 1923/1535 1936/1542 1921/1536
f 1923/1535 1922/1537 1941/1541
f 1937/1543 1941/1541 1922/1537
f 1928/1538 1929/1539 1942/1544
f 1929/1539 1943/1545 1942/1544
f 1944/1546 1943/1545 1930/1540
f 1929/1539 1930/1540 1943/1545
f 1942/1544 1943/1545 1936/1542
f 1943/1545 1935/1541 1936/1542
f 1937/1543 1935/1541 1944/1546
f 1935/1541 1943/1545 1944/1546
f 1931/1539 1928/1538 1945/1545
f 1945/1545 1928/1538 1942/1544
f 1945/1545 1944/1546 1931/1539
f 1930/1540 1931/1539 1944/1546
f 1945/1545 1942/1544 1941/1541
f 1941/1541 1942/1544 1936/1542
f 1941/1541 1937/1543 1945/1545
f 1944/1546 1945/1545 1937/1543
f 1924/1532 1925/1533 1946/1538
f 1925/1533 1947/1539 1946/1538
f 1949/1540 1947/1539 1948/1534
f 1947/1539 1925/1533 1948/1534
f 1927/1533 1924/1532 1950/1539
f 1924/1532 1951/1538 1950/1539
f 1950/1539 1949/1540 1927/1533
f 1927/1533 1949/1540 1926/1534
f 1953/1542 1952/1541 1933/1536
f 1952/1541 1932/1535 1933/1536
f 1940/1537 1932/1535 1954/1543
f 1932/1535 1952/1541 1954/1543
f 1955/1541 1953/1542 1939/1535
f 1953/1542 1933/1536 1939/1535
f 1939/1535 1940/1537 1955/1541
f 1940/1537 1954/1543 1955/1541
f 1946/1538 1947/1539 1956/1544
f 1947/1539 1957/1545 1956/1544
f 1958/1546 1957/1545 1949/1540
f 1957/1545 1947/1539 1949/1540
f 1956/1544 1957/1545 1953/1542
f 1957/1545 1952/1541 1953/1542
f 1954/1543 1952/1541 1959/1546
f 1952/1541 1957/1545 1959/1546
f 1950/1539 1946/1538 1960/1545
f 1946/1538 1956/1544 1960/1545
f 1960/1545 1958/1546 1950/1539
f 1958/1546 1949/1540 1950/1539
f 1960/1545 1956/1544 1955/1541
f 1956/1544 1953/1542 1955/1541
f 1955/1541 1954/1543 1960/1545
f 1954/1543 1958/1546 1960/1545
f 1963/1488 1962/1489 1961/1491
f 1964/1492 1961/1491 1962/1489
f 1961/1491 1965/1490 1963/1488
f 1965/1490 1966/1487 1963/1488
f 1961/1491 1964/1492 1967/1497
f 1964/1492 1968/1498 1967/1497
f 1967/1497 1969/1496 1961/1491
f 1965/1490 1961/1491 1969/1496
f 1962/1489 1970/1488 1964/1492
f 1971/1491 1964/1492 1970/1488
f 1965/1490 1971/1491 1966/1487
f 1971/1491 1970/1488 1966/1487
f 1964/1492 1971/1491 1968/1498
f 1968/1498 1971/1491 1972/1497
f 1969/1496 1972/1497 1965/1490
f 1971/1491 1965/1490 1972/1497
f 1974/1485 1973/1486 1963/1488
f 1963/1488 1973/1486 1962/1489
f 1963/1488 1966/1487 1974/1485
f 1966/1487 1975/1484 1974/1485
f 1977/1500 1976/1499 1967/1497
f 1976/1499 1969/1496 1967/1497
f 1967/1497 1968/1498 1977/1500
f 1978/1501 1977/1500 1968/1498
f 1973/1486 1979/1485 1962/1489
f 1962/1489 1979/1485 1970/1488
f 1966/1487 1970/1488 1975/1484
f 1979/1485 1975/1484 1970/1488
f 1976/1499 1980/1500 1969/1496
f 1972/1497 1969/1496 1980/1500
f 1968/1498 1972/1497 1978/1501
f 1978/1501 1972/1497 1980/1500
f 1983/1488 1982/1489 1981/1491
f 1982/1489 1984/1492 1981/1491
f 1981/1491 1985/1490 1983/1488
f 1985/1490 1986/1487 1983/1488
f 1981/1491 1984/1492 1987/1497
f 1984/1492 1988/1498 1987/1497
f 1987/1497 1989/1496 1981/1491
f 1989/1496 1985/1490 1981/1491
f 1982/1489 1990/1488 1984/1492
f 1991/1491 1984/1492 1990/1488
f 1984/1492 1991/1491 1988/1498
f 1991/1491 1992/1497 1988/1498
f 1985/1490 1991/1491 1986/1487
f 1991/1491 1990/1488 1986/1487
f 1989/1496 1992/1497 1985/1490
f 1992/1497 1991/1491 1985/1490
f 1994/1481 1993/1483 1974/1485
f 1973/1486 1974/1485 1993/1483
f 1974/1485 1975/1484 1994/1481
f 1975/1484 1995/1482 1994/1481
f 1993/1483 1996/1481 1973/1486
f 1973/1486 1996/1481 1979/1485
f 1975/1484 1979/1485 1995/1482
f 1996/1481 1995/1482 1979/1485
f 1998/1485 1997/1486 1983/1488
f 1997/1486 1982/1489 1983/1488
f 1983/1488 1986/1487 1998/1485
f 1986/1487 1999/1484 1998/1485
f 2001/1500 2000/1499 1987/1497
f 2000/1499 1989/1496 1987/1497
f 1987/1497 1988/1498 2001/1500
f 1988/1498 2002/1501 2001/1500
f 2004/1503 2003/1502 1977/1500
f 2003/1502 1976/1499 1977/1500
f 1977/1500 1978/1501 2004/1503
f 2005/1504 2004/1503 1978/1501
f 1997/1486 2006/1485 1982/1489
f 2006/1485 1990/1488 1982/1489
f 1986/1487 1990/1488 1999/1484
f 1990/1488 2006/1485 1999/1484
f 2003/1502 2007/1503 1976/1499
f 1980/1500 1976/1499 2007/1503
f 2000/1499 2008/1500 1989/1496
f 2008/1500 1992/1497 1989/1496
f 1988/1498 1992/1497 2002/1501
f 1992/1497 2008/1500 2002/1501
f 1978/1501 1980/1500 2005/1504
f 2005/1504 1980/1500 2007/1503
f 2010/1481 2009/1483 1998/1485
f 2009/1483 1997/1486 1998/1485
f 1998/1485 1999/1484 2010/1481
f 1999/1484 2011/1482 2010/1481
f 2013/1478 2012/1480 1994/1481
f 2012/1480 1993/1483 1994/1481
f 1994/1481 1995/1482 2013/1478
f 1995/1482 2014/1479 2013/1478
f 2009/1483 2015/1481 1997/1486
f 2015/1481 2006/1485 1997/1486
f 2017/1503 2016/1502 2001/1500
f 2016/1502 2000/1499 2001/1500
f 1999/1484 2006/1485 2011/1482
f 2006/1485 2015/1481 2011/1482
f 2001/1500 2002/1501 2017/1503
f 2002/1501 2018/1504 2017/1503
f 2012/1480 2019/1478 1993/1483
f 1993/1483 2019/1478 1996/1481
f 1995/1482 1996/1481 2014/1479
f 2019/1478 2014/1479 1996/1481
f 2016/1502 2020/1503 2000/1499
f 2020/1503 2008/1500 2000/1499
f 2002/1501 2008/1500 2018/1504
f 2020/1503 2018/1504 2008/1500
f 2022/1506 2021/1505 2004/1503
f 2021/1505 2003/1502 2004/1503
f 2004/1503 2005/1504 2022/1506
f 2005/1504 2023/1507 2022/1506
f 2021/1505 2024/1506 2003/1502
f 2007/1503 2003/1502 2024/1506
f 2005/1504 2007/1503 2023/1507
f 2023/1507 2007/1503 2024/1506
f 2026/1478 2025/1480 2010/1481
f 2025/1480 2009/1483 2010/1481
f 2010/1481 2011/1482 2026/1478
f 2011/1482 2027/1479 2026/1478
f 2025/1480 2028/1478 2009/1483
f 2028/1478 2015/1481 2009/1483
f 2011/1482 2015/1481 2027/1479
f 2015/1481 2028/1478 2027/1479
f 2030/1548 2029/1547 2013/1478
f 2012/1480 2013/1478 2029/1547
f 2013/1478 2014/1479 2030/1548
f 2014/1479 2031/1549 2030/1548
f 2033/1506 2032/1505 2017/1503
f 2032/1505 2016/1502 2017/1503
f 2017/1503 2018/1504 2033/1506
f 2018/1504 2034/1507 2033/1506
f 2029/1547 2035/1548 2012/1480
f 2012/1480 2035/1548 2019/1478
f 2014/1479 2019/1478 2031/1549
f 2035/1548 2031/1549 2019/1478
f 2032/1505 2036/1506 2016/1502
f 2036/1506 2020/1503 2016/1502
f 2018/1504 2020/1503 2034/1507
f 2020/1503 2036/1506 2034/1507
f 2038/1548 2037/1547 2026/1478
f 2037/1547 2025/1480 2026/1478
f 2026/1478 2027/1479 2038/1548
f 2027/1479 2039/1549 2038/1548
f 2037/1547 2040/1548 2025/1480
f 2028/1478 2025/1480 2040/1548
f 2027/1479 2028/1478 2039/1549
f 2028/1478 2040/1548 2039/1549
f 2042/1512 2041/1511 2022/1506
f 2041/1511 2021/1505 2022/1506
f 2022/1506 2023/1507 2042/1512
f 2043/1513 2042/1512 2023/1507
f 2041/1511 2044/1512 2021/1505
f 2024/1506 2021/1505 2044/1512
f 2023/1507 2024/1506 2043/1513
f 2043/1513 2024/1506 2044/1512
f 2046/1551 2045/1550 2030/1548
f 2029/1547 2030/1548 2045/1550
f 2030/1548 2031/1549 2046/1551
f 2031/1549 2047/1552 2046/1551
f 2045/1550 2048/1551 2029/1547
f 2029/1547 2048/1551 2035/1548
f 2031/1549 2035/1548 2047/1552
f 2048/1551 2047/1552 2035/1548
f 2050/1512 2049/1511 2033/1506
f 2049/1511 2032/1505 2033/1506
f 2033/1506 2034/1507 2050/1512
f 2034/1507 2051/1513 2050/1512
f 2049/1511 2052/1512 2032/1505
f 2052/1512 2036/1506 2032/1505
f 2034/1507 2036/1506 2051/1513
f 2036/1506 2052/1512 2051/1513
f 2054/1551 2053/1550 2038/1548
f 2053/1550 2037/1547 2038/1548
f 2038/1548 2039/1549 2054/1551
f 2039/1549 2055/1552 2054/1551
f 2053/1550 2056/1551 2037/1547
f 2056/1551 2040/1548 2037/1547
f 2039/1549 2040/1548 2055/1552
f 2040/1548 2056/1551 2055/1552
f 2058/1517 2057/1518 2042/1512
f 2057/1518 2041/1511 2042/1512
f 2042/1512 2043/1513 2058/1517
f 2058/1517 2043/1513 2059/1519
f 2057/1518 2060/1517 2041/1511
f 2044/1512 2041/1511 2060/1517
f 2043/1513 2044/1512 2059/1519
f 2059/1519 2044/1512 2060/1517
f 2062/1517 2061/1518 2050/1512
f 2061/1518 2049/1511 2050/1512
f 2050/1512 2051/1513 2062/1517
f 2051/1513 2063/1519 2062/1517
f 2061/1518 2064/1517 2049/1511
f 2064/1517 2052/1512 2049/1511
f 2051/1513 2052/1512 2063/1519
f 2052/1512 2064/1517 2063/1519
f 2066/1554 2065/1553 2046/1551
f 2065/1553 2045/1550 2046/1551
f 2067/1555 2066/1554 2047/1552
f 2066/1554 2046/1551 2047/1552
f 2065/1553 2068/1554 2045/1550
f 2045/1550 2068/1554 2048/1551
f 2047/1552 2048/1551 2067/1555
f 2068/1554 2067/1555 2048/1551
f 2070/1554 2069/1553 2054/1551
f 2069/1553 2053/1550 2054/1551
f 2054/1551 2055/1552 2070/1554
f 2055/1552 2071/1555 2070/1554
f 2069/1553 2072/1554 2053/1550
f 2072/1554 2056/1551 2053/1550
f 2055/1552 2056/1551 2071/1555
f 2056/1551 2072/1554 2071/1555
f 2074/1523 2073/1524 2058/1517
f 2073/1524 2057/1518 2058/1517
f 2058/1517 2059/1519 2074/1523
f 2075/1525 2074/1523 2059/1519
f 2073/1524 2076/1523 2057/1518
f 2076/1523 2060/1517 2057/1518
f 2059/1519 2060/1517 2075/1525
f 2076/1523 2075/1525 2060/1517
f 2078/1523 2077/1524 2062/1517
f 2077/1524 2061/1518 2062/1517
f 2062/1517 2063/1519 2078/1523
f 2063/1519 2079/1525 2078/1523
f 2077/1524 2080/1523 2061/1518
f 2080/1523 2064/1517 2061/1518
f 2063/1519 2064/1517 2079/1525
f 2080/1523 2079/1525 2064/1517
f 2082/1465 2081/1467 2066/1554
f 2065/1553 2066/1554 2081/1467
f 2083/1466 2082/1465 2067/1555
f 2066/1554 2067/1555 2082/1465
f 2084/1465 2068/1554 2081/1467
f 2068/1554 2065/1553 2081/1467
f 2083/1466 2067/1555 2084/1465
f 2067/1555 2068/1554 2084/1465
f 2086/1465 2085/1467 2070/1554
f 2085/1467 2069/1553 2070/1554
f 2087/1466 2086/1465 2071/1555
f 2070/1554 2071/1555 2086/1465
f 2089/1530 2088/1529 2077/1524
f 2088/1529 2080/1523 2077/1524
f 2079/1525 2080/1523 2090/1531
f 2080/1523 2088/1529 2090/1531
f 2091/1529 2089/1530 2078/1523
f 2089/1530 2077/1524 2078/1523
f 2092/1465 2072/1554 2085/1467
f 2072/1554 2069/1553 2085/1467
f 2078/1523 2079/1525 2091/1529
f 2079/1525 2090/1531 2091/1529
f 2087/1466 2071/1555 2092/1465
f 2071/1555 2072/1554 2092/1465
f 2094/1530 2093/1529 2073/1524
f 2076/1523 2073/1524 2093/1529
f 2075/1525 2076/1523 2095/1531
f 2095/1531 2076/1523 2093/1529
f 2096/1529 2094/1530 2074/1523
f 2073/1524 2074/1523 2094/1530
f 2074/1523 2075/1525 2096/1529
f 2075/1525 2095/1531 2096/1529
f 2098/1536 2097/1535 2089/1530
f 2097/1535 2088/1529 2089/1530
f 2090/1531 2088/1529 2099/1537
f 2088/1529 2097/1535 2099/1537
f 2100/1535 2098/1536 2091/1529
f 2098/1536 2089/1530 2091/1529
f 2091/1529 2090/1531 2100/1535
f 2090/1531 2099/1537 2100/1535
f 2082/1465 2101/1458 2081/1467
f 2081/1467 2101/1458 2102/1460
f 2083/1466 2103/1459 2082/1465
f 2103/1459 2101/1458 2082/1465
f 2102/1460 2104/1458 2081/1467
f 2081/1467 2104/1458 2084/1465
f 2106/1536 2105/1535 2094/1530
f 2093/1529 2094/1530 2105/1535
f 2095/1531 2093/1529 2107/1537
f 2107/1537 2093/1529 2105/1535
f 2104/1458 2103/1459 2084/1465
f 2103/1459 2083/1466 2084/1465
f 2108/1535 2106/1536 2096/1529
f 2096/1529 2106/1536 2094/1530
f 2096/1529 2095/1531 2108/1535
f 2107/1537 2108/1535 2095/1531
f 2110/1460 2085/1467 2109/1458
f 2085/1467 2086/1465 2109/1458
f 2087/1466 2111/1459 2086/1465
f 2086/1465 2111/1459 2109/1458
f 2110/1460 2112/1458 2085/1467
f 2112/1458 2092/1465 2085/1467
f 2112/1458 2111/1459 2092/1465
f 2092/1465 2111/1459 2087/1466
f 2114/1542 2113/1541 2098/1536
f 2113/1541 2097/1535 2098/1536
f 2099/1537 2097/1535 2115/1543
f 2097/1535 2113/1541 2115/1543
f 2116/1541 2114/1542 2100/1535
f 2114/1542 2098/1536 2100/1535
f 2100/1535 2099/1537 2116/1541
f 2099/1537 2115/1543 2116/1541
f 2102/1460 2101/1458 2117/1457
f 2101/1458 2118/1454 2117/1457
f 2101/1458 2103/1459 2118/1454
f 2103/1459 2119/1453 2118/1454
f 2117/1457 2120/1454 2102/1460
f 2102/1460 2120/1454 2104/1458
f 2120/1454 2119/1453 2104/1458
f 2119/1453 2103/1459 2104/1458
f 2122/1542 2121/1541 2106/1536
f 2105/1535 2106/1536 2121/1541
f 2107/1537 2105/1535 2123/1543
f 2123/1543 2105/1535 2121/1541
f 2124/1541 2122/1542 2108/1535
f 2122/1542 2106/1536 2108/1535
f 2108/1535 2107/1537 2124/1541
f 2123/1543 2124/1541 2107/1537
f 2110/1460 2109/1458 2125/1457
f 2125/1457 2109/1458 2126/1454
f 2109/1458 2111/1459 2126/1454
f 2111/1459 2127/1453 2126/1454
f 2125/1457 2128/1454 2110/1460
f 2128/1454 2112/1458 2110/1460
f 2128/1454 2127/1453 2112/1458
f 2111/1459 2112/1458 2127/1453
f 2114/1542 2129/1544 2113/1541
f 2129/1544 2130/1545 2113/1541
f 2131/1546 2115/1543 2130/1545
f 2130/1545 2115/1543 2113/1541
f 2117/1457 2118/1454 2132/1456
f 2118/1454 2133/1452 2132/1456
f 2118/1454 2119/1453 2133/1452
f 2119/1453 2134/1455 2133/1452
f 2116/1541 2135/1545 2114/1542
f 2135/1545 2129/1544 2114/1542
f 2135/1545 2116/1541 2131/1546
f 2115/1543 2131/1546 2116/1541
f 2117/1457 2132/1456 2120/1454
f 2132/1456 2136/1452 2120/1454
f 2120/1454 2136/1452 2119/1453
f 2136/1452 2134/1455 2119/1453
f 2122/1542 2137/1544 2121/1541
f 2121/1541 2137/1544 2138/1545
f 2139/1546 2123/1543 2138/1545
f 2123/1543 2121/1541 2138/1545
f 2124/1541 2140/1545 2122/1542
f 2140/1545 2137/1544 2122/1542
f 2140/1545 2124/1541 2139/1546
f 2139/1546 2124/1541 2123/1543
f 2125/1457 2126/1454 2141/1456
f 2141/1456 2126/1454 2142/1452
f 2126/1454 2127/1453 2142/1452
f 2127/1453 2143/1455 2142/1452
f 2125/1457 2141/1456 2128/1454
f 2141/1456 2144/1452 2128/1454
f 2128/1454 2144/1452 2127/1453
f 2144/1452 2143/1455 2127/1453
f 2146/1538 2145/1539 2129/1544
f 2145/1539 2130/1545 2129/1544
f 2131/1546 2130/1545 2147/1540
f 2130/1545 2145/1539 2147/1540
f 2148/1539 2146/1538 2135/1545
f 2146/1538 2129/1544 2135/1545
f 2135/1545 2131/1546 2148/1539
f 2131/1546 2147/1540 2148/1539
f 2150/1538 2149/1539 2137/1544
f 2138/1545 2137/1544 2149/1539
f 2139/1546 2138/1545 2151/1540
f 2151/1540 2138/1545 2149/1539
f 2152/1539 2150/1538 2140/1545
f 2150/1538 2137/1544 2140/1545
f 2140/1545 2139/1546 2152/1539
f 2139/1546 2151/1540 2152/1539
f 2154/1520 2153/1521 2146/1538
f 2153/1521 2145/1539 2146/1538
f 2147/1540 2145/1539 2155/1522
f 2145/1539 2153/1521 2155/1522
f 2156/1521 2154/1520 2148/1539
f 2154/1520 2146/1538 2148/1539
f 2148/1539 2147/1540 2156/1521
f 2147/1540 2155/1522 2156/1521
f 2158/1520 2157/1521 2150/1538
f 2149/1539 2150/1538 2157/1521
f 2151/1540 2149/1539 2159/1522
f 2159/1522 2149/1539 2157/1521
f 2160/1521 2158/1520 2152/1539
f 2158/1520 2150/1538 2152/1539
f 2152/1539 2151/1540 2160/1521
f 2159/1522 2160/1521 2151/1540
f 2153/1509 2161/1556 2155/1510
f 2155/1510 2161/1556 2162/1557
f 2161/1556 2153/1509 2163/1558
f 2154/1508 2163/1558 2153/1509
f 2155/1510 2162/1557 2156/1509
f 2162/1557 2164/1556 2156/1509
f 2163/1558 2154/1508 2164/1556
f 2164/1556 2154/1508 2156/1509
f 2162/1557 2165/1516 2164/1556
f 2165/1516 2166/1515 2164/1556
f 2167/1514 2163/1558 2166/1515
f 2166/1515 2163/1558 2164/1556
f 2161/1556 2168/1515 2162/1557
f 2162/1557 2168/1515 2165/1516
f 2168/1515 2161/1556 2167/1514
f 2161/1556 2163/1558 2167/1514
f 2170/1560 2169/1559 2165/1516
f 2165/1516 2169/1559 2166/1515
f 2167/1514 2166/1515 2171/1561
f 2169/1559 2171/1561 2166/1515
f 2159/1522 2157/1521 2170/1560
f 2170/1560 2157/1521 2169/1559
f 2171/1561 2169/1559 2158/1520
f 2157/1521 2158/1520 2169/1559
f 2172/1559 2170/1560 2168/1515
f 2165/1516 2168/1515 2170/1560
f 2168/1515 2167/1514 2172/1559
f 2167/1514 2171/1561 2172/1559
f 2160/1521 2159/1522 2172/1559
f 2170/1560 2172/1559 2159/1522
f 2172/1559 2171/1561 2160/1521
f 2171/1561 2158/1520 2160/1521
usemtl mat6
f 1686/1564 1689/1563 1683/1562
f 1683/1562 1689/1563 1687/1565
f 1698/1564 1701/1563 1695/1562
f 1695/1562 1701/1563 1699/1565
f 2132/1565 2133/1563 2136/1562
f 2133/1563 2134/1564 2136/1562
f 2141/1565 2142/1563 2144/1562
f 2142/1563 2143/1564 2144/1562
usemtl mat7
f 2175/1568 2174/1567 2173/1566
f 2176/1569 2173/1566 2174/1567
f 2176/1569 2177/1570 2173/1566
f 2177/1570 2178/1571 2173/1566
f 2180/1573 2178/1571 2179/1572
f 2179/1572 2178/1571 2177/1570
f 2180/1573 2179/1572 2181/1574
f 2182/1575 2181/1574 2179/1572
f 2184/1577 2183/1576 2181/1574
f 2183/1576 2185/1578 2181/1574
f 2188/1581 2187/1580 2186/1579
f 2187/1580 2189/1582 2186/1579
f 2192/1585 2191/1584 2190/1583
f 2191/1584 2193/1586 2190/1583
f 2196/1589 2195/1588 2194/1587
f 2195/1588 2197/1590 2194/1587
f 2200/1593 2199/1592 2198/1591
f 2201/1594 2198/1591 2199/1592
f 2203/1596 2199/1592 2202/1595
f 2199/1592 2204/1597 2202/1595
f 2203/1596 2202/1595 2205/1598
f 2202/1595 2206/1599 2205/1598
f 2208/1601 2207/1600 2206/1599
f 2205/1598 2206/1599 2207/1600
f 2210/1603 2207/1600 2209/1602
f 2207/1600 2208/1601 2209/1602
f 2174/1567 2175/1568 2211/1604
f 2211/1604 2175/1568 2212/1605
f 2212/1605 2175/1568 2213/1606
f 2213/1606 2175/1568 2214/1607
f 2214/1607 2175/1568 2215/1608
f 2215/1608 2175/1568 2216/1609
f 2215/1608 2216/1609 2217/1610
f 2217/1610 2216/1609 2218/1611
f 2218/1611 2216/1609 2219/1612
f 2219/1612 2216/1609 2186/1579
f 2220/1613 2181/1574 2182/1575
f 2184/1577 2181/1574 2220/1613
f 2219/1612 2186/1579 2221/1614
f 2221/1614 2186/1579 2222/1615
f 2222/1615 2186/1579 2189/1582
f 2188/1581 2223/1616 2187/1580
f 2225/1618 2224/1617 2188/1581
f 2188/1581 2224/1617 2223/1616
f 2226/1619 2224/1617 2225/1618
f 2227/1620 2191/1584 2192/1585
f 2228/1621 2226/1619 2225/1618
f 2229/1622 2226/1619 2228/1621
f 2230/1623 2229/1622 2197/1590
f 2229/1622 2228/1621 2197/1590
f 2195/1588 2230/1623 2197/1590
f 2194/1587 2231/1624 2196/1589
f 2194/1587 2232/1625 2231/1624
f 2194/1587 2233/1626 2232/1625
f 2199/1592 2200/1593 2234/1627
f 2199/1592 2234/1627 2204/1597
f 2235/1628 2233/1626 2194/1587
f 2235/1628 2236/1629 2233/1626
f 2235/1628 2237/1630 2236/1629
f 2235/1628 2238/1631 2237/1630
f 2210/1603 2238/1631 2235/1628
f 2210/1603 2239/1632 2238/1631
f 2210/1603 2240/1633 2239/1632
f 2210/1603 2241/1634 2240/1633
f 2210/1603 2242/1635 2241/1634
f 2210/1603 2209/1602 2242/1635
f 2245/1638 2244/1637 2243/1636
f 2243/1636 2244/1637 2246/1639
f 2249/1642 2248/1641 2247/1640
f 2248/1641 2250/1643 2247/1640
f 2252/1645 2245/1638 2251/1644
f 2251/1644 2245/1638 2243/1636
f 2251/1644 2253/1646 2252/1645
f 2253/1646 2254/1647 2252/1645
f 2257/1650 2256/1649 2255/1648
f 2256/1649 2258/1651 2255/1648
f 2261/1654 2260/1653 2259/1652
f 2262/1655 2259/1652 2260/1653
f 2260/1653 2261/1654 2263/1656
f 2261/1654 2264/1657 2263/1656
f 2267/1660 2266/1659 2265/1658
f 2266/1659 2268/1661 2265/1658
f 2271/1664 2270/1663 2269/1662
f 2269/1662 2270/1663 2272/1665
f 2274/1667 2273/1666 2269/1662
f 2273/1666 2271/1664 2269/1662
f 2263/1656 2264/1657 2275/1668
f 2264/1657 2276/1669 2275/1668
f 2278/1671 2277/1670 2276/1669
f 2275/1668 2276/1669 2277/1670
f 2281/1674 2280/1673 2279/1672
f 2283/1676 2279/1672 2282/1675
f 2281/1674 2279/1672 2284/1677
f 2284/1677 2279/1672 2283/1676
f 2282/1675 2285/1678 2283/1676
f 2286/1679 2280/1673 2281/1674
f 2282/1675 2287/1680 2285/1678
f 2288/1681 2280/1673 2286/1679
f 2282/1675 2289/1682 2287/1680
f 2290/1683 2280/1673 2288/1681
f 2282/1675 2291/1684 2289/1682
f 2292/1685 2280/1673 2290/1683
f 2282/1675 2293/1686 2291/1684
f 2282/1675 2294/1687 2293/1686
f 2295/1688 2280/1673 2292/1685
f 2295/1688 2244/1637 2280/1673
f 2282/1675 2248/1641 2294/1687
f 2298/1691 2297/1690 2296/1689
f 2300/1693 2298/1691 2299/1692
f 2294/1687 2248/1641 2301/1694
f 2297/1690 2298/1691 2300/1693
f 2303/1696 2296/1689 2302/1695
f 2304/1697 2244/1637 2295/1688
f 2301/1694 2248/1641 2305/1698
f 2296/1689 2297/1690 2306/1699
f 2305/1698 2248/1641 2307/1700
f 2303/1696 2302/1695 2308/1701
f 2296/1689 2306/1699 2302/1695
f 2244/1637 2304/1697 2309/1702
f 2307/1700 2248/1641 2310/1703
f 2246/1639 2244/1637 2309/1702
f 2310/1703 2248/1641 2311/1704
f 2311/1704 2249/1642 2312/1705
f 2312/1705 2249/1642 2313/1706
f 2248/1641 2249/1642 2311/1704
f 2316/1708 2315/1707 2314/1570
f 2319/1711 2318/1710 2317/1709
f 2313/1706 2249/1642 2320/1712
f 2317/1709 2318/1710 2321/1713
f 2321/1713 2318/1710 2322/1714
f 2320/1712 2249/1642 2323/1715
f 2322/1714 2318/1710 2324/1716
f 2324/1716 2318/1710 2325/1717
f 2326/1718 2323/1715 2249/1642
f 2315/1707 2328/1720 2327/1719
f 2325/1717 2318/1710 2329/1721
f 2326/1718 2249/1642 2330/1722
f 2329/1721 2318/1710 2331/1723
f 2315/1707 2327/1719 2314/1570
f 2331/1723 2318/1710 2332/1724
f 2330/1722 2249/1642 2333/1725
f 2332/1724 2318/1710 2334/1726
f 2334/1726 2318/1710 2335/1727
f 2335/1727 2318/1710 2336/1728
f 2335/1727 2336/1728 2337/1729
f 2340/1732 2339/1731 2338/1730
f 2338/1730 2339/1731 2341/1733
f 2344/1736 2343/1735 2342/1734
f 2344/1736 2345/1737 2343/1735
f 2268/1661 2266/1659 2346/1738
f 2277/1670 2278/1671 2347/1739
f 2277/1670 2347/1739 2348/1740
f 2277/1670 2348/1740 2349/1741
f 2277/1670 2349/1741 2350/1742
f 2277/1670 2350/1742 2351/1743
f 2277/1670 2351/1743 2352/1744
f 2354/1746 2352/1744 2353/1745
f 2354/1746 2353/1745 2273/1666
f 2277/1670 2352/1744 2354/1746
f 2354/1746 2273/1666 2274/1667
usemtl mat8
f 2357/1749 2356/1748 2355/1747
f 2356/1748 2358/1750 2355/1747
f 2361/1753 2360/1752 2359/1751
f 2364/1756 2363/1755 2362/1754
f 2361/1753 2365/1757 2360/1752
f 2364/1756 2366/1758 2363/1755
f 2361/1753 2367/1759 2365/1757
f 2361/1753 2368/1760 2367/1759
f 2363/1755 2369/1761 2362/1754
f 2372/1764 2371/1763 2370/1762
f 2370/1762 2373/1765 2361/1753
f 2374/1766 2371/1763 2372/1764
f 2362/1754 2369/1761 2375/1767
f 2362/1754 2375/1767 2376/1768
f 2377/1769 2363/1755 2356/1748
f 2363/1755 2378/1770 2369/1761
f 2360/1752 2380/1772 2379/1771
f 2378/1770 2363/1755 2377/1769
f 2362/1754 2376/1768 2381/1773
f 2362/1754 2382/1774 2374/1766
f 2360/1752 2365/1757 2383/1775
f 2360/1752 2383/1775 2380/1772
f 2385/1777 2384/1776 2379/1771
f 2379/1771 2380/1772 2385/1777
f 2356/1748 2386/1778 2377/1769
f 2387/1779 2384/1776 2385/1777
f 2386/1778 2356/1748 2357/1749
f 2362/1754 2381/1773 2388/1780
f 2361/1753 2389/1781 2368/1760
f 2387/1779 2390/1782 2384/1776
f 2391/1783 2390/1782 2387/1779
f 2357/1749 2392/1784 2386/1778
f 2394/1786 2391/1783 2393/1785
f 2394/1786 2390/1782 2391/1783
f 2397/1789 2396/1788 2395/1787
f 2395/1787 2396/1788 2393/1785
f 2381/1773 2398/1790 2388/1780
f 2400/1792 2399/1791 2392/1784
f 2394/1786 2393/1785 2396/1788
f 2400/1792 2392/1784 2357/1749
f 2388/1780 2398/1790 2401/1793
f 2402/1794 2399/1791 2388/1780
f 2388/1780 2401/1793 2402/1794
f 2362/1754 2388/1780 2382/1774
f 2374/1766 2382/1774 2371/1763
f 2370/1762 2371/1763 2373/1765
f 2361/1753 2373/1765 2389/1781
f 2388/1780 2399/1791 2400/1792
f 2368/1760 2389/1781 2403/1795
f 2403/1795 2389/1781 2397/1789
f 2405/1797 2400/1792 2404/1796
f 2397/1789 2389/1781 2396/1788
f 2388/1780 2400/1792 2405/1797
f 2396/1788 2389/1781 2406/1798
f 2409/1801 2408/1800 2407/1799
f 2408/1800 2410/1802 2407/1799
f 2413/1805 2412/1804 2411/1803
f 2411/1803 2412/1804 2414/1806
f 2414/1806 2412/1804 2415/1807
f 2412/1804 2416/1808 2415/1807
f 2411/1803 2418/1810 2417/1809
f 2417/1809 2418/1810 2419/1811
f 2422/1814 2421/1813 2420/1812
f 2411/1803 2414/1806 2418/1810
f 2424/1816 2422/1814 2423/1815
f 2420/1812 2413/1805 2411/1803
f 2424/1816 2423/1815 2425/1817
f 2426/1818 2408/1800 2409/1801
f 2426/1818 2427/1819 2408/1800
f 2409/1801 2428/1820 2425/1817
f 2430/1822 2410/1802 2429/1821
f 2420/1812 2421/1813 2413/1805
f 2407/1799 2410/1802 2430/1822
f 2422/1814 2424/1816 2431/1823
f 2422/1814 2431/1823 2421/1813
f 2409/1801 2407/1799 2428/1820
f 2425/1817 2428/1820 2424/1816
f 2412/1804 2413/1805 2432/1824
f 2432/1824 2434/1826 2433/1825
f 2432/1824 2413/1805 2434/1826
usemtl mat9
f 2437/1829 2436/1828 2435/1827
f 2436/1828 2438/1830 2435/1827
f 2441/1828 2440/1831 2439/1830
f 2440/1831 2442/1832 2439/1830
f 2445/1834 2444/1833 2443/1270
f 2444/1833 2446/1835 2443/1270
f 2443/1270 2447/1836 2445/1834
f 2447/1836 2448/1837 2445/1834
f 2448/1839 2447/1838 2449/1834
f 2447/1838 2450/1270 2449/1834
f 2452/1833 2449/1834 2451/1835
f 2449/1834 2450/1270 2451/1835
f 2455/1838 2454/1839 2453/1840
f 2454/1839 2456/1841 2453/1840
f 2453/1840 2456/1841 2457/1842
f 2456/1841 2458/1843 2457/1842
f 2460/1846 2459/1845 2458/1844
f 2459/1845 2457/1640 2458/1844
f 2455/1838 2461/1847 2454/1839
f 2461/1847 2462/1848 2454/1839
f 2464/1834 2463/1270 2460/1846
f 2463/1270 2459/1845 2460/1846
f 2467/1851 2466/1850 2465/1849
f 2466/1850 2468/1852 2465/1849
f 2467/1851 2469/1853 2466/1850
f 2469/1853 2470/1854 2466/1850
f 2472/1856 2463/1270 2471/1855
f 2463/1270 2464/1834 2471/1855
f 2475/1828 2474/1830 2473/1831
f 2474/1830 2476/1832 2473/1831
f 2479/1829 2478/1827 2477/1828
f 2478/1827 2480/1830 2477/1828
f 2483/1859 2482/1858 2481/1857
f 2482/1858 2484/1860 2481/1857
f 2487/1863 2486/1862 2485/1861
f 2486/1862 2488/1864 2485/1861
f 2490/1866 2489/1865 2484/1860
f 2489/1865 2481/1857 2484/1860
f 2489/1865 2490/1866 2491/1867
f 2490/1866 2492/1868 2491/1867
f 2492/1871 2493/1870 2491/1869
f 2493/1870 2494/1872 2491/1869
f 2487/1863 2485/1861 2493/1870
f 2485/1861 2494/1872 2493/1870
f 2497/1844 2496/1873 2495/1640
f 2496/1873 2498/1874 2495/1640
f 2500/1876 2499/1875 2496/1873
f 2499/1875 2498/1874 2496/1873
f 2502/1879 2499/1878 2501/1877
f 2499/1878 2500/1880 2501/1877
f 2501/1877 2503/1881 2502/1879
f 2503/1881 2504/1882 2502/1879
f 2497/1844 2495/1640 2505/1841
f 2495/1640 2506/1840 2505/1841
f 2508/1884 2504/1882 2507/1883
f 2504/1882 2503/1881 2507/1883
f 2511/1884 2510/1883 2509/1882
f 2510/1883 2512/1881 2509/1882
f 2515/1844 2514/1841 2513/1640
f 2514/1841 2516/1840 2513/1640
f 2518/1877 2517/1879 2512/1881
f 2517/1879 2509/1882 2512/1881
f 2517/1879 2518/1877 2519/1878
f 2518/1877 2520/1880 2519/1878
f 2520/1876 2521/1873 2519/1875
f 2521/1873 2522/1874 2519/1875
f 2515/1844 2513/1640 2521/1873
f 2513/1640 2522/1874 2521/1873
f 2525/1887 2524/1886 2523/1885
f 2524/1886 2526/1888 2523/1885
f 2524/1886 2527/1889 2526/1888
f 2527/1889 2528/1890 2526/1888
f 2527/1889 2529/1886 2528/1890
f 2529/1886 2530/1888 2528/1890
f 2529/1886 2531/1887 2530/1888
f 2531/1887 2532/1885 2530/1888
f 2535/1893 2534/1892 2533/1891
f 2533/1891 2534/1892 2536/1894
f 2539/1897 2538/1896 2537/1895
f 2538/1896 2540/1898 2537/1895
f 2542/1900 2541/1899 2533/1891
f 2541/1899 2535/1893 2533/1891
f 2544/1902 2543/1901 2539/1897
f 2543/1901 2538/1896 2539/1897
f 2546/1904 2545/1903 2542/1900
f 2545/1903 2541/1899 2542/1900
f 2548/1906 2547/1905 2544/1902
f 2547/1905 2543/1901 2544/1902
f 2550/1908 2549/1907 2548/1906
f 2549/1907 2547/1905 2548/1906
f 2553/1911 2552/1910 2551/1909
f 2552/1910 2554/1912 2551/1909
f 2556/1914 2555/1913 2546/1904
f 2555/1913 2545/1903 2546/1904
f 2558/1916 2557/1915 2550/1908
f 2557/1915 2549/1907 2550/1908
f 2560/1918 2559/1917 2558/1916
f 2559/1917 2557/1915 2558/1916
f 2562/1920 2561/1919 2556/1914
f 2561/1919 2555/1913 2556/1914
f 2564/1922 2563/1921 2560/1918
f 2563/1921 2559/1917 2560/1918
f 2566/1924 2565/1923 2564/1922
f 2565/1923 2563/1921 2564/1922
f 2569/1927 2568/1926 2567/1925
f 2568/1926 2570/1928 2567/1925
f 2572/1930 2571/1929 2566/1924
f 2571/1929 2565/1923 2566/1924
f 2553/1911 2571/1929 2552/1910
f 2571/1929 2572/1930 2552/1910
f 2574/1932 2573/1931 2562/1920
f 2573/1931 2561/1919 2562/1920
f 2576/1934 2575/1933 2574/1932
f 2575/1933 2573/1931 2574/1932
f 2578/1936 2577/1935 2576/1934
f 2577/1935 2575/1933 2576/1934
f 2580/1938 2579/1937 2578/1936
f 2579/1937 2577/1935 2578/1936
f 2582/1940 2581/1939 2580/1938
f 2581/1939 2579/1937 2580/1938
f 2582/1940 2568/1926 2581/1939
f 2568/1926 2569/1927 2581/1939
f 2585/1940 2584/1939 2583/1926
f 2584/1939 2586/1927 2583/1926
f 2585/1940 2587/1938 2584/1939
f 2587/1938 2588/1937 2584/1939
f 2587/1938 2589/1936 2588/1937
f 2589/1936 2590/1935 2588/1937
f 2589/1936 2591/1934 2590/1935
f 2591/1934 2592/1933 2590/1935
f 2591/1934 2593/1932 2592/1933
f 2593/1932 2594/1931 2592/1933
f 2593/1932 2595/1920 2594/1931
f 2595/1920 2596/1919 2594/1931
f 2599/1911 2598/1910 2597/1929
f 2598/1910 2600/1930 2597/1929
f 2600/1930 2601/1924 2597/1929
f 2601/1924 2602/1923 2597/1929
f 2586/1927 2603/1925 2583/1926
f 2603/1925 2604/1928 2583/1926
f 2601/1924 2605/1922 2602/1923
f 2605/1922 2606/1921 2602/1923
f 2605/1922 2607/1918 2606/1921
f 2607/1918 2608/1917 2606/1921
f 2595/1920 2609/1914 2596/1919
f 2609/1914 2610/1913 2596/1919
f 2607/1918 2611/1916 2608/1917
f 2611/1916 2612/1915 2608/1917
f 2611/1916 2613/1908 2612/1915
f 2613/1908 2614/1907 2612/1915
f 2609/1914 2615/1904 2610/1913
f 2615/1904 2616/1903 2610/1913
f 2599/1911 2617/1909 2598/1910
f 2617/1909 2618/1912 2598/1910
f 2613/1908 2619/1906 2614/1907
f 2619/1906 2620/1905 2614/1907
f 2619/1906 2621/1902 2620/1905
f 2621/1902 2622/1901 2620/1905
f 2615/1904 2623/1900 2616/1903
f 2623/1900 2624/1899 2616/1903
f 2621/1902 2625/1897 2622/1901
f 2625/1897 2626/1896 2622/1901
f 2623/1900 2627/1891 2624/1899
f 2627/1891 2628/1893 2624/1899
f 2625/1897 2629/1895 2626/1896
f 2629/1895 2630/1898 2626/1896
f 2632/1894 2631/1892 2627/1891
f 2627/1891 2631/1892 2628/1893
usemtl mat10
f 2634/1943 2441/1942 2633/1941
f 2441/1942 2439/1944 2633/1941
f 2444/1947 2452/1946 2446/1945
f 2452/1946 2451/1948 2446/1945
f 2469/1947 2635/1949 2470/1945
f 2635/1949 2636/1950 2470/1945
f 2330/1953 2333/1952 2637/1951
f 2333/1952 2638/1954 2637/1951
f 2640/1951 2639/1955 2276/1953
f 2639/1955 2278/1956 2276/1953
f 2643/1959 2642/1958 2641/1957
f 2642/1958 2644/1960 2641/1957
f 2646/1957 2645/1960 2643/1959
f 2645/1960 2642/1958 2643/1959
f 2641/1957 2644/1960 2647/1959
f 2644/1960 2648/1958 2647/1959
f 2647/1959 2648/1958 2646/1957
f 2648/1958 2645/1960 2646/1957
f 2651/1963 2650/1962 2649/1961
f 2650/1962 2652/1964 2649/1961
f 2654/1961 2653/1964 2651/1963
f 2653/1964 2650/1962 2651/1963
f 2653/1967 2654/1966 2652/1965
f 2654/1966 2649/1968 2652/1965
f 2641/1957 2647/1970 2643/1969
f 2646/1957 2643/1970 2647/1969
f 2650/1973 2653/1972 2652/1971
f 2649/1971 2654/1972 2651/1973
f 2657/1967 2656/1965 2655/1966
f 2656/1965 2658/1968 2655/1966
f 2660/1963 2658/1961 2659/1962
f 2658/1961 2656/1964 2659/1962
f 2655/1961 2660/1963 2657/1964
f 2660/1963 2659/1962 2657/1964
f 2663/1957 2662/1959 2661/1960
f 2662/1959 2664/1958 2661/1960
f 2662/1959 2665/1957 2664/1958
f 2665/1957 2666/1960 2664/1958
f 2668/1959 2663/1957 2667/1958
f 2663/1957 2661/1960 2667/1958
f 2665/1957 2668/1959 2666/1960
f 2668/1959 2667/1958 2666/1960
f 2659/1973 2656/1971 2657/1972
f 2658/1971 2660/1973 2655/1972
f 2663/1957 2668/1969 2662/1970
f 2665/1957 2662/1969 2668/1970
f 2670/1943 2669/1941 2475/1942
f 2669/1941 2474/1944 2475/1942
f 2672/1976 2671/1975 2189/1974
f 2671/1975 2222/1977 2189/1974
f 2673/1979 2672/1976 2187/1978
f 2672/1976 2189/1974 2187/1978
f 2674/1981 2673/1979 2223/1980
f 2673/1979 2187/1978 2223/1980
f 2675/1983 2674/1981 2224/1982
f 2674/1981 2223/1980 2224/1982
f 2676/1985 2675/1983 2226/1984
f 2675/1983 2224/1982 2226/1984
f 2677/1987 2676/1985 2229/1986
f 2676/1985 2226/1984 2229/1986
f 2678/1989 2677/1987 2230/1988
f 2677/1987 2229/1986 2230/1988
f 2678/1989 2230/1988 2679/1990
f 2230/1988 2195/1991 2679/1990
f 2680/1993 2679/1990 2196/1992
f 2679/1990 2195/1991 2196/1992
f 2681/1995 2680/1993 2231/1994
f 2680/1993 2196/1992 2231/1994
f 2551/1998 2554/1997 2682/1996
f 2682/1996 2554/1997 2683/1999
f 2685/1999 2618/1997 2684/1996
f 2684/1996 2618/1997 2617/1998
f 2688/2001 2687/2000 2686/1971
f 2687/2000 2689/2002 2686/1971
f 2691/2001 2688/2003 2690/1971
f 2686/1972 2690/1971 2688/2003
f 2693/2001 2691/2003 2692/1971
f 2690/1972 2692/1971 2691/2003
f 2695/2001 2693/2003 2694/1971
f 2692/1972 2694/1971 2693/2003
f 2697/2003 2695/2001 2696/1972
f 2695/2001 2694/1971 2696/1972
f 2697/2001 2696/1971 2698/2000
f 2699/2002 2698/2000 2696/1971
f 2702/2006 2701/2005 2700/2004
f 2703/2007 2700/2004 2701/2005
f 2701/2006 2704/2005 2703/2004
f 2705/2007 2703/2004 2704/2005
f 2704/2006 2706/2005 2705/2004
f 2707/2007 2705/2004 2706/2005
f 2706/2006 2708/2005 2707/2004
f 2709/2007 2707/2004 2708/2005
f 2708/2006 2710/2005 2709/2004
f 2711/2007 2709/2004 2710/2005
f 2710/2006 2712/2005 2711/2004
f 2713/2007 2711/2004 2712/2005
f 2715/2005 2714/2007 2712/2006
f 2714/2007 2713/2004 2712/2006
f 2715/2006 2716/2005 2714/2004
f 2717/2007 2714/2004 2716/2005
f 2720/1967 2719/1965 2718/1966
f 2719/1965 2721/1968 2718/1966
f 2723/1963 2721/1961 2722/1962
f 2721/1961 2719/1964 2722/1962
f 2718/1961 2723/1963 2720/1964
f 2723/1963 2722/1962 2720/1964
f 2726/1957 2725/1959 2724/1960
f 2725/1959 2727/1958 2724/1960
f 2725/1959 2728/1957 2727/1958
f 2728/1957 2729/1960 2727/1958
f 2731/1959 2726/1957 2730/1958
f 2726/1957 2724/1960 2730/1958
f 2728/1957 2731/1959 2729/1960
f 2731/1959 2730/1958 2729/1960
f 2721/1971 2723/1973 2718/1972
f 2722/1973 2719/1971 2720/1972
f 2726/1957 2731/1969 2725/1970
f 2728/1957 2725/1969 2731/1970
f 2734/1959 2733/1958 2732/1957
f 2733/1958 2735/1960 2732/1957
f 2737/1957 2736/1960 2734/1959
f 2736/1960 2733/1958 2734/1959
f 2732/1957 2735/1960 2738/1959
f 2735/1960 2739/1958 2738/1959
f 2738/1959 2739/1958 2737/1957
f 2739/1958 2736/1960 2737/1957
f 2742/1963 2741/1962 2740/1961
f 2741/1962 2743/1964 2740/1961
f 2745/1961 2744/1964 2742/1963
f 2744/1964 2741/1962 2742/1963
f 2744/1967 2745/1966 2743/1965
f 2745/1966 2740/1968 2743/1965
f 2732/1957 2738/1970 2734/1969
f 2737/1957 2734/1970 2738/1969
f 2741/1973 2744/1972 2743/1971
f 2740/1971 2745/1972 2742/1973
f 2748/1967 2747/1965 2746/1966
f 2747/1965 2749/1968 2746/1966
f 2751/1963 2749/1961 2750/1962
f 2749/1961 2747/1964 2750/1962
f 2746/1961 2751/1963 2748/1964
f 2751/1963 2750/1962 2748/1964
f 2754/1957 2753/1959 2752/1960
f 2753/1959 2755/1958 2752/1960
f 2753/1959 2756/1957 2755/1958
f 2756/1957 2757/1960 2755/1958
f 2759/1959 2754/1957 2758/1958
f 2754/1957 2752/1960 2758/1958
f 2756/1957 2759/1959 2757/1960
f 2759/1959 2758/1958 2757/1960
f 2749/1971 2751/1973 2746/1972
f 2750/1973 2747/1971 2748/1972
f 2754/1957 2759/1969 2753/1970
f 2756/1957 2753/1969 2759/1970
f 2762/1959 2761/1958 2760/1957
f 2761/1958 2763/1960 2760/1957
f 2765/1957 2764/1960 2762/1959
f 2764/1960 2761/1958 2762/1959
f 2760/1957 2763/1960 2766/1959
f 2763/1960 2767/1958 2766/1959
f 2766/1959 2767/1958 2765/1957
f 2767/1958 2764/1960 2765/1957
f 2770/1963 2769/1962 2768/1961
f 2769/1962 2771/1964 2768/1961
f 2773/1961 2772/1964 2770/1963
f 2772/1964 2769/1962 2770/1963
f 2772/1967 2773/1966 2771/1965
f 2773/1966 2768/1968 2771/1965
f 2760/1957 2766/1970 2762/1969
f 2765/1957 2762/1970 2766/1969
f 2769/1973 2772/1972 2771/1971
f 2768/1971 2773/1972 2770/1973
usemtl mat11
f 2776/2010 2775/2009 2774/2008
f 2777/2011 2774/2008 2775/2009
f 2779/2013 2778/2012 2775/2009
f 2778/2012 2777/2011 2775/2009
f 2439/2016 2780/2015 2633/2014
f 2780/2015 2776/2017 2633/2014
f 2781/2019 2435/2018 2779/2013
f 2435/2018 2438/2020 2779/2013
f 2439/2016 2442/2021 2780/2015
f 2442/2021 2781/2019 2780/2015
f 2776/2010 2774/2008 2633/2022
f 2779/2013 2438/2020 2778/2012
f 2442/2021 2435/2018 2781/2019
f 2443/2025 2446/2024 2782/2023
f 2446/2024 2783/2026 2782/2023
f 2782/2023 2784/2027 2443/2025
f 2784/2027 2447/2028 2443/2025
f 2446/2031 2451/2030 2783/2029
f 2451/2030 2785/2032 2783/2029
f 2450/2034 2447/2028 2786/2033
f 2447/2028 2784/2027 2786/2033
f 2451/2030 2450/2034 2785/2032
f 2450/2034 2786/2033 2785/2032
f 2788/2037 2455/2036 2787/2035
f 2455/2036 2453/2038 2787/2035
f 2787/2035 2453/2038 2789/2039
f 2453/2038 2457/2040 2789/2039
f 2457/2040 2459/2041 2789/2039
f 2459/2041 2790/2042 2789/2039
f 2791/2044 2461/2043 2788/2037
f 2461/2043 2455/2036 2788/2037
f 2459/2041 2463/2045 2790/2042
f 2463/2045 2792/2046 2790/2042
f 2468/2048 2466/2031 2319/2047
f 2466/2031 2328/2029 2319/2047
f 2793/2050 2468/2048 2317/2049
f 2468/2048 2319/2047 2317/2049
f 2794/2052 2793/2050 2321/2051
f 2793/2050 2317/2049 2321/2051
f 2795/2054 2794/2052 2322/2053
f 2794/2052 2321/2051 2322/2053
f 2797/2056 2795/2054 2796/2055
f 2795/2054 2322/2053 2796/2055
f 2798/2058 2797/2056 2325/2057
f 2797/2056 2796/2055 2325/2057
f 2466/2031 2470/2059 2328/2029
f 2470/2059 2327/2060 2328/2029
f 2800/2062 2798/2058 2799/2061
f 2798/2058 2325/2057 2799/2061
f 2801/2064 2800/2062 2331/2063
f 2800/2062 2799/2061 2331/2063
f 2470/2059 2636/2065 2327/2060
f 2636/2065 2791/2066 2327/2060
f 2336/2068 2792/2046 2472/2067
f 2792/2046 2463/2045 2472/2067
f 2801/2064 2331/2063 2802/2069
f 2802/2069 2331/2063 2332/2070
f 2804/2072 2802/2069 2803/2071
f 2802/2069 2332/2070 2803/2071
f 2805/2074 2804/2072 2335/2073
f 2804/2072 2803/2071 2335/2073
f 2806/2038 2805/2074 2337/2075
f 2805/2074 2335/2073 2337/2075
f 2808/2077 2806/2038 2807/2076
f 2806/2038 2337/2075 2807/2076
f 2636/2078 2461/2043 2791/2044
f 2811/2081 2810/2080 2809/2079
f 2810/2080 2812/2082 2809/2079
f 2809/2079 2812/2082 2813/2083
f 2814/2084 2810/2080 2811/2081
f 2474/2016 2815/2015 2476/2021
f 2815/2015 2816/2019 2476/2021
f 2816/2019 2817/2013 2478/2018
f 2817/2013 2480/2020 2478/2018
f 2474/2016 2669/2014 2815/2015
f 2669/2014 2818/2017 2815/2015
f 2817/2013 2820/2009 2819/2012
f 2820/2009 2821/2011 2819/2012
f 2818/2010 2822/2008 2820/2009
f 2821/2011 2820/2009 2822/2008
f 2476/2021 2816/2019 2478/2018
f 2817/2013 2819/2012 2480/2020
f 2818/2010 2669/2022 2822/2008
f 2825/2086 2824/2085 2823/1274
f 2824/2085 2826/1280 2823/1274
f 2829/2086 2828/2085 2827/1274
f 2828/2085 2830/1280 2827/1274
f 2833/2089 2832/2088 2831/2087
f 2832/2088 2834/2090 2831/2087
f 2833/2087 2835/2089 2832/2090
f 2835/2089 2836/2088 2832/2090
f 2838/2087 2831/2089 2837/2090
f 2831/2089 2834/2088 2837/2090
f 2838/2089 2837/2088 2835/2087
f 2837/2088 2836/2090 2835/2087
f 2841/2089 2840/2088 2839/2087
f 2840/2088 2842/2090 2839/2087
f 2841/2087 2843/2089 2840/2090
f 2843/2089 2844/2088 2840/2090
f 2846/2087 2839/2089 2845/2090
f 2839/2089 2842/2088 2845/2090
f 2846/2089 2845/2088 2843/2087
f 2845/2088 2844/2090 2843/2087
f 2849/2089 2848/2088 2847/2087
f 2848/2088 2850/2090 2847/2087
f 2849/2087 2851/2089 2848/2090
f 2851/2089 2852/2088 2848/2090
f 2854/2087 2847/2089 2853/2090
f 2847/2089 2850/2088 2853/2090
f 2854/2089 2853/2088 2851/2087
f 2853/2088 2852/2090 2851/2087
f 2857/2092 2856/2091 2855/2086
f 2855/2086 2856/2091 2858/2093
f 2856/2091 2859/2092 2858/2093
f 2860/2086 2858/2093 2859/2092
f 2857/2092 2855/2086 2861/2091
f 2855/2086 2862/2093 2861/2091
f 2861/2092 2862/2086 2859/2091
f 2862/2086 2860/2093 2859/2091
f 2865/2086 2864/2093 2863/2092
f 2864/2093 2866/2091 2863/2092
f 2865/2086 2863/2092 2867/2093
f 2863/2092 2868/2091 2867/2093
f 2870/2091 2866/2092 2869/2093
f 2864/2086 2869/2093 2866/2092
f 2868/2091 2871/2092 2867/2093
f 2872/2086 2867/2093 2871/2092
f 2874/2091 2870/2092 2873/2093
f 2869/2086 2873/2093 2870/2092
f 2876/2092 2875/2086 2871/2091
f 2875/2086 2872/2093 2871/2091
f 2865/2093 2877/2091 2873/2086
f 2873/2086 2877/2091 2874/2092
f 2865/2086 2875/2093 2877/2092
f 2877/2092 2875/2093 2876/2091
f 2880/2096 2879/2095 2878/2094
f 2879/2095 2456/2097 2878/2094
f 2883/2100 2882/2099 2881/2098
f 2882/2099 2309/2101 2881/2098
f 2884/2103 2883/2100 2304/2102
f 2883/2100 2881/2098 2304/2102
f 2882/2105 2885/2103 2309/2104
f 2885/2103 2246/2102 2309/2104
f 2888/2100 2887/2103 2886/2106
f 2887/2103 2889/2107 2886/2106
f 2891/2103 2888/2100 2890/2107
f 2888/2100 2886/2106 2890/2107
f 2894/2110 2893/2109 2892/2108
f 2893/2109 2895/2111 2892/2108
f 2897/2113 2896/2112 2895/2111
f 2892/2108 2895/2111 2896/2112
f 2897/2113 2898/2114 2896/2112
f 2896/2112 2898/2114 2899/2115
f 2901/2117 2899/2115 2900/2116
f 2899/2115 2898/2114 2900/2116
f 2901/2117 2900/2116 2902/2118
f 2900/2116 2903/2119 2902/2118
f 2906/2122 2905/2121 2904/2120
f 2905/2121 2907/2123 2904/2120
f 2910/2126 2909/2125 2908/2124
f 2909/2125 2911/2127 2908/2124
f 2906/2122 2911/2127 2905/2121
f 2909/2125 2905/2121 2911/2127
f 2913/2129 2910/2126 2912/2128
f 2910/2126 2908/2124 2912/2128
f 2916/2132 2915/2131 2914/2130
f 2915/2131 2917/2133 2914/2130
f 2913/2129 2912/2128 2917/2133
f 2917/2133 2912/2128 2914/2130
f 2916/2132 2918/2134 2915/2131
f 2919/2135 2915/2131 2918/2134
f 2922/2138 2921/2137 2920/2136
f 2921/2137 2923/2139 2920/2136
f 2920/2136 2923/2139 2924/2140
f 2923/2139 2925/2141 2924/2140
f 2927/2143 2926/2142 2925/2141
f 2925/2141 2926/2142 2924/2140
f 2927/2143 2928/2144 2926/2142
f 2928/2144 2929/2145 2926/2142
f 2931/2147 2930/2146 2928/2144
f 2928/2144 2930/2146 2929/2145
f 2483/2150 2933/2149 2932/2148
f 2933/2149 2934/2151 2932/2148
f 2932/2148 2934/2151 2488/2150
f 2934/2151 2935/2149 2488/2150
f 2936/2154 2933/2153 2481/2152
f 2933/2153 2483/2155 2481/2152
f 2485/2158 2488/2157 2937/2156
f 2488/2157 2935/2159 2937/2156
f 2489/2161 2938/2160 2481/2152
f 2938/2160 2936/2154 2481/2152
f 2938/2160 2489/2161 2939/2162
f 2489/2161 2491/2163 2939/2162
f 2491/2163 2494/2164 2939/2162
f 2494/2164 2940/2165 2939/2162
f 2485/2158 2937/2156 2494/2164
f 2937/2156 2940/2165 2494/2164
f 2495/2158 2498/2164 2941/2156
f 2498/2164 2942/2165 2941/2156
f 2499/2163 2943/2162 2498/2164
f 2943/2162 2942/2165 2498/2164
f 2944/2160 2943/2162 2502/2161
f 2943/2162 2499/2163 2502/2161
f 2502/2161 2504/2152 2944/2160
f 2504/2152 2945/2154 2944/2160
f 2495/2158 2941/2156 2506/2157
f 2941/2156 2946/2159 2506/2157
f 2945/2154 2504/2152 2947/2153
f 2504/2152 2508/2155 2947/2153
f 2949/2148 2506/2150 2948/2151
f 2506/2150 2946/2149 2948/2151
f 2508/2150 2949/2148 2947/2149
f 2949/2148 2948/2151 2947/2149
f 2511/2150 2951/2149 2950/2148
f 2951/2149 2952/2151 2950/2148
f 2950/2148 2952/2151 2516/2150
f 2952/2151 2953/2149 2516/2150
f 2954/2154 2951/2153 2509/2152
f 2951/2153 2511/2155 2509/2152
f 2513/2158 2516/2157 2955/2156
f 2516/2157 2953/2159 2955/2156
f 2517/2161 2956/2160 2509/2152
f 2956/2160 2954/2154 2509/2152
f 2956/2160 2517/2161 2957/2162
f 2517/2161 2519/2163 2957/2162
f 2519/2163 2522/2164 2957/2162
f 2522/2164 2958/2165 2957/2162
f 2513/2158 2955/2156 2522/2164
f 2955/2156 2958/2165 2522/2164
f 2961/2096 2960/2095 2959/2166
f 2960/2095 2962/2167 2959/2166
f 2962/2167 2963/2097 2959/2166
f 2959/2166 2963/2097 2964/2094
f 2967/2096 2966/2095 2965/2166
f 2966/2095 2968/2167 2965/2166
f 2968/2167 2969/2097 2965/2166
f 2965/2166 2969/2097 2970/2094
f 2973/2170 2972/2169 2971/2168
f 2971/2168 2972/2169 2974/2171
f 2976/2173 2973/2170 2975/2172
f 2975/2172 2973/2170 2971/2168
f 2492/2095 2977/2097 2493/2096
f 2493/2096 2977/2097 2978/2094
f 2523/2176 2526/2175 2979/2174
f 2526/2175 2980/2177 2979/2174
f 2526/2175 2528/2178 2980/2177
f 2528/2178 2981/2179 2980/2177
f 2528/2178 2530/2180 2981/2179
f 2530/2180 2982/2181 2981/2179
f 2530/2180 2532/2182 2982/2181
f 2532/2182 2983/2183 2982/2181
f 2986/2186 2985/2185 2984/2184
f 2985/2185 2987/2187 2984/2184
f 2988/2189 2537/2188 2985/2185
f 2537/2188 2987/2187 2985/2185
f 2534/2192 2535/2191 2986/2190
f 2535/2191 2989/2193 2986/2190
f 2990/2195 2539/2194 2988/2189
f 2539/2194 2537/2188 2988/2189
f 2535/2191 2541/2196 2989/2193
f 2541/2196 2991/2197 2989/2193
f 2992/2199 2544/2198 2990/2195
f 2544/2198 2539/2194 2990/2195
f 2683/2202 2554/2201 2993/2200
f 2554/2201 2994/2203 2993/2200
f 2545/2205 2995/2204 2541/2196
f 2541/2196 2995/2204 2991/2197
f 2996/2207 2548/2206 2992/2199
f 2548/2206 2544/2198 2992/2199
f 2997/2209 2550/2208 2996/2207
f 2550/2208 2548/2206 2996/2207
f 2554/2212 2552/2211 2994/2210
f 2552/2211 2998/2213 2994/2210
f 2545/2205 2555/2214 2995/2204
f 2555/2214 2999/2215 2995/2204
f 3000/2217 2558/2216 2997/2209
f 2558/2216 2550/2208 2997/2209
f 3001/2219 2560/2218 3000/2217
f 2560/2218 2558/2216 3000/2217
f 2555/2214 2561/2220 2999/2215
f 2561/2220 3002/2221 2999/2215
f 3003/2223 2564/2222 3001/2219
f 2564/2222 2560/2218 3001/2219
f 3004/2225 2566/2224 3003/2223
f 2566/2224 2564/2222 3003/2223
f 2993/2200 3005/2227 2567/2226
f 3005/2227 2569/2228 2567/2226
f 3006/2230 2572/2229 3004/2225
f 2572/2229 2566/2224 3004/2225
f 2552/2211 2572/2229 2998/2213
f 2572/2229 3006/2230 2998/2213
f 2561/2220 2573/2231 3002/2221
f 2573/2231 3007/2232 3002/2221
f 2573/2231 2575/2233 3007/2232
f 2575/2233 3008/2234 3007/2232
f 2575/2233 2577/2235 3008/2234
f 2577/2235 3009/2236 3008/2234
f 2577/2235 2579/2237 3009/2236
f 2579/2237 3010/2238 3009/2236
f 2579/2237 2581/2239 3010/2238
f 2581/2239 3011/2240 3010/2238
f 2581/2239 2569/2228 3011/2240
f 2569/2228 3005/2227 3011/2240
f 2986/2186 2984/2184 2534/2241
f 2993/2200 2567/2226 2683/2202
f 2584/2239 3012/2240 2586/2228
f 3012/2240 3013/2227 2586/2228
f 2588/2237 3014/2238 2584/2239
f 3014/2238 3012/2240 2584/2239
f 2590/2235 3015/2236 2588/2237
f 3015/2236 3014/2238 2588/2237
f 2592/2233 3016/2234 2590/2235
f 3016/2234 3015/2236 2590/2235
f 2594/2231 3017/2232 2592/2233
f 3017/2232 3016/2234 2592/2233
f 2596/2220 3018/2221 2594/2231
f 3018/2221 3017/2232 2594/2231
f 2598/2211 3019/2213 2600/2229
f 3019/2213 3020/2230 2600/2229
f 3020/2230 3021/2225 2600/2229
f 3021/2225 2601/2224 2600/2229
f 3022/2200 2603/2226 3013/2227
f 3013/2227 2603/2226 2586/2228
f 3021/2225 3023/2223 2601/2224
f 3023/2223 2605/2222 2601/2224
f 3023/2223 3024/2219 2605/2222
f 3024/2219 2607/2218 2605/2222
f 2610/2214 3025/2215 2596/2220
f 3025/2215 3018/2221 2596/2220
f 3024/2219 3026/2217 2607/2218
f 3026/2217 2611/2216 2607/2218
f 3026/2217 3027/2209 2611/2216
f 3027/2209 2613/2208 2611/2216
f 2616/2205 3028/2204 2610/2214
f 3028/2204 3025/2215 2610/2214
f 2618/2212 3029/2210 2598/2211
f 3029/2210 3019/2213 2598/2211
f 3027/2209 3030/2207 2613/2208
f 3030/2207 2619/2206 2613/2208
f 3030/2207 3031/2199 2619/2206
f 3031/2199 2621/2198 2619/2206
f 3032/2197 3028/2204 2624/2196
f 2624/2196 3028/2204 2616/2205
f 2685/2202 3022/2200 2618/2201
f 3022/2200 3029/2203 2618/2201
f 3031/2199 3033/2195 2621/2198
f 3033/2195 2625/2194 2621/2198
f 2628/2191 3034/2193 2624/2196
f 3034/2193 3032/2197 2624/2196
f 3033/2195 3035/2189 2625/2194
f 3035/2189 2629/2188 2625/2194
f 2631/2192 3036/2190 2628/2191
f 3036/2190 3034/2193 2628/2191
f 3035/2189 3037/2185 2629/2188
f 3037/2185 3038/2187 2629/2188
f 3036/2186 3039/2184 3037/2185
f 3039/2184 3038/2187 3037/2185
f 3022/2200 2685/2202 2603/2226
f 3036/2186 2631/2241 3039/2184
f 3042/2244 3041/2243 3040/2242
f 3041/2243 3043/2245 3040/2242
f 3046/2248 3045/2247 3044/2246
f 3044/2246 3045/2247 3047/2249
f 3049/2251 3046/2248 3048/2250
f 3048/2250 3046/2248 3044/2246
f 3051/2253 3049/2251 3050/2252
f 3050/2252 3049/2251 3048/2250
f 3053/2255 3051/2253 3052/2254
f 3051/2253 3050/2252 3052/2254
f 3055/2257 3053/2255 3054/2256
f 3053/2255 3052/2254 3054/2256
f 3057/2259 3055/2257 3056/2258
f 3055/2257 3054/2256 3056/2258
f 3060/2262 3059/2261 3058/2260
f 3059/2261 3061/2263 3058/2260
f 3040/2242 3062/2264 3042/2244
f 3063/2265 3043/2245 3041/2243
f 3047/2249 3045/2247 3043/2266
f 3047/2249 3043/2266 3063/2267
f 3061/2269 3056/2258 3064/2268
f 3061/2269 3057/2259 3056/2258
f 3061/2263 3064/2270 3058/2260
f 3065/2271 3059/2261 3060/2262
f 3068/2100 3067/2105 3066/2272
f 3067/2105 3069/2273 3066/2272
f 3071/2103 3068/2100 3070/2274
f 3068/2100 3066/2275 3070/2274
f 3067/2105 3072/2103 3069/2273
f 3072/2103 3073/2274 3069/2273
f 3076/2105 3075/2273 3074/2103
f 3075/2273 3077/2274 3074/2103
f 3079/2100 3078/2272 3076/2099
f 3078/2272 3075/2276 3076/2099
f 3081/2103 3080/2274 3079/2100
f 3080/2274 3078/2272 3079/2100
f 3084/2279 3083/2278 3082/2277
f 3083/2278 3085/2280 3082/2277
f 3088/2277 3087/2279 3086/2280
f 3089/2278 3086/2280 3087/2279
f 3092/2279 3091/2278 3090/2277
f 3091/2278 3093/2280 3090/2277
f 3096/2277 3095/2279 3094/2280
f 3095/2279 3097/2278 3094/2280
usemtl mat12
f 3099/2283 3098/2282 2777/2281
f 3098/2282 2774/2284 2777/2281
f 2778/2285 3100/207 2777/2281
f 3100/207 3099/2283 2777/2281
f 3102/2288 2793/2287 3101/2286
f 2793/2287 2794/2289 3101/2286
f 3101/2286 2794/2289 3103/2290
f 2794/2289 2795/2291 3103/2290
f 3103/2290 2795/2291 3104/2292
f 2795/2291 2797/2293 3104/2292
f 3104/2292 2797/2293 3105/1951
f 2797/2293 2798/1953 3105/1951
f 3105/1951 2798/1953 3106/2294
f 2798/1953 2800/2295 3106/2294
f 3106/2294 2800/2295 3107/2296
f 2800/2295 2801/2297 3107/2296
f 3107/2296 2801/2297 3108/2298
f 2801/2297 2802/2299 3108/2298
f 3108/2298 2802/2299 3109/2300
f 2802/2299 2804/2301 3109/2300
f 3109/2300 2804/2301 3110/1955
f 2804/2301 2805/1956 3110/1955
f 2810/1953 3111/1951 2812/2302
f 3111/1951 3112/2303 2812/2302
f 2819/2285 2821/2281 3113/207
f 2821/2281 3114/2283 3113/207
f 3114/2283 2821/2281 3115/2282
f 2821/2281 2822/2284 3115/2282
f 3117/2306 2984/2305 3116/2304
f 2984/2305 2987/2307 3116/2304
f 3119/2310 3118/2309 2369/2308
f 3118/2309 3120/2311 2369/2308
f 2369/2310 3120/2309 2375/2308
f 3120/2309 3121/2311 2375/2308
f 3123/2310 3122/2309 3119/2308
f 3122/2309 3118/2311 3119/2308
f 2375/2310 3121/2309 3124/2308
f 3121/2309 3125/2311 3124/2308
f 3127/2310 3126/2309 3123/2308
f 3126/2309 3122/2311 3123/2308
f 3124/2310 3125/2309 3128/2308
f 3125/2309 3129/2311 3128/2308
f 3131/2310 3130/2309 3127/2308
f 3130/2309 3126/2311 3127/2308
f 3128/2310 3129/2309 3132/2308
f 3129/2309 3133/2311 3132/2308
f 3135/2310 3134/2309 3131/2308
f 3134/2309 3130/2311 3131/2308
f 3132/2310 3133/2309 2401/2308
f 3133/2309 3136/2311 2401/2308
f 2402/2310 3137/2309 3135/2308
f 3137/2309 3134/2311 3135/2308
f 2401/2310 3136/2309 2402/2308
f 3136/2309 3137/2311 2402/2308
f 3140/2310 3139/2309 3138/2308
f 3139/2309 3141/2311 3138/2308
f 3138/2310 3141/2309 3142/2308
f 3141/2309 3143/2311 3142/2308
f 3145/2310 3144/2309 3140/2308
f 3144/2309 3139/2311 3140/2308
f 3142/2310 3143/2309 3146/2308
f 3143/2309 3147/2311 3146/2308
f 3149/2310 3148/2309 3145/2308
f 3148/2309 3144/2311 3145/2308
f 3146/2310 3147/2309 3150/2308
f 3147/2309 3151/2311 3150/2308
f 3153/2310 3152/2309 3149/2308
f 3152/2309 3148/2311 3149/2308
f 3150/2310 3151/2309 3154/2308
f 3151/2309 3155/2311 3154/2308
f 3157/2310 3156/2309 3153/2308
f 3156/2309 3152/2311 3153/2308
f 3154/2310 3155/2309 3158/2308
f 3155/2309 3159/2311 3158/2308
f 3161/2310 3160/2309 3157/2308
f 3160/2309 3156/2311 3157/2308
f 3158/2310 3159/2309 3161/2308
f 3159/2309 3160/2311 3161/2308
f 3163/2306 3162/2304 3039/2305
f 3162/2304 3038/2307 3039/2305
usemtl texture8
f 3098/2314 2634/2313 2774/2312
f 2634/2313 2633/2315 2774/2312
f 2438/2318 2436/2317 2778/2316
f 2436/2317 3100/2319 2778/2316
f 2440/2322 2437/2321 2442/2320
f 2437/2321 2435/2323 2442/2320
f 2465/2326 2468/2325 3102/2324
f 2468/2325 2793/2327 3102/2324
f 2635/2330 2462/2329 2636/2328
f 2462/2329 2461/2331 2636/2328
f 3110/2324 2805/2333 3164/2332
f 2805/2333 2806/2334 3164/2332
f 3164/2332 2806/2334 3165/2330
f 2806/2334 2808/2328 3165/2330
f 3112/2324 3166/2326 2812/2327
f 3166/2326 2813/2325 2812/2327
f 3167/2326 3111/2324 2814/2325
f 3111/2324 2810/2327 2814/2325
f 3170/2337 3169/2336 3168/2335
f 3169/2336 3171/2338 3168/2335
f 3169/2336 3172/2339 3171/2338
f 3172/2339 3173/2340 3171/2338
f 3175/2343 3169/2342 3174/2341
f 3169/2342 3170/2344 3174/2341
f 3176/2346 3172/2345 3175/2343
f 3172/2345 3169/2342 3175/2343
f 3170/2349 3168/2348 3177/2347
f 3168/2348 3178/2350 3177/2347
f 3177/2347 3178/2350 3172/2337
f 3178/2350 3173/2351 3172/2337
f 3174/2353 3170/2352 3179/2343
f 3170/2352 3177/2342 3179/2343
f 3179/2343 3177/2342 3176/2341
f 3177/2342 3172/2344 3176/2341
f 3182/2349 3181/2347 3180/2348
f 3181/2347 3183/2350 3180/2348
f 3181/2347 3184/2337 3183/2350
f 3184/2337 3185/2351 3183/2350
f 3187/2353 3186/2343 3182/2352
f 3186/2343 3181/2342 3182/2352
f 3186/2343 3188/2341 3181/2342
f 3188/2341 3184/2344 3181/2342
f 3182/2337 3180/2335 3189/2336
f 3189/2336 3180/2335 3190/2338
f 3189/2336 3190/2338 3184/2339
f 3184/2339 3190/2338 3185/2340
f 3191/2343 3187/2341 3189/2342
f 3187/2341 3182/2344 3189/2342
f 3188/2346 3191/2343 3184/2345
f 3191/2343 3189/2342 3184/2345
f 2473/2322 2476/2320 2479/2321
f 2476/2320 2478/2323 2479/2321
f 2480/2318 2819/2316 2477/2317
f 2819/2316 3113/2319 2477/2317
f 3115/2314 2822/2312 2670/2313
f 2822/2312 2669/2315 2670/2313
f 2534/2355 2984/2305 2536/2354
f 2984/2305 3117/2306 2536/2354
f 2537/2355 2540/2354 2987/2305
f 2540/2354 3116/2306 2987/2305
f 2567/2357 2570/2356 2683/2355
f 2570/2356 2682/2354 2683/2355
f 2603/2357 2685/2355 2604/2356
f 2685/2355 2684/2354 2604/2356
f 2629/2355 3038/2305 2630/2354
f 3038/2305 3162/2306 2630/2354
f 2631/2355 2632/2354 3039/2305
f 2632/2354 3163/2306 3039/2305
f 3194/2349 3193/2347 3192/2348
f 3193/2347 3195/2350 3192/2348
f 3193/2347 3196/2337 3195/2350
f 3196/2337 3197/2351 3195/2350
f 3199/2353 3198/2343 3194/2352
f 3198/2343 3193/2342 3194/2352
f 3198/2343 3200/2341 3193/2342
f 3200/2341 3196/2344 3193/2342
f 3194/2337 3192/2335 3201/2336
f 3201/2336 3192/2335 3202/2338
f 3201/2336 3202/2338 3196/2339
f 3196/2339 3202/2338 3197/2340
f 3203/2343 3199/2341 3201/2342
f 3199/2341 3194/2344 3201/2342
f 3200/2346 3203/2343 3196/2345
f 3203/2343 3201/2342 3196/2345
f 3206/2337 3205/2336 3204/2335
f 3205/2336 3207/2338 3204/2335
f 3205/2336 3208/2339 3207/2338
f 3208/2339 3209/2340 3207/2338
f 3211/2343 3205/2342 3210/2341
f 3205/2342 3206/2344 3210/2341
f 3212/2346 3208/2345 3211/2343
f 3208/2345 3205/2342 3211/2343
f 3206/2349 3204/2348 3213/2347
f 3204/2348 3214/2350 3213/2347
f 3213/2347 3214/2350 3208/2337
f 3214/2350 3209/2351 3208/2337
f 3210/2353 3206/2352 3215/2343
f 3206/2352 3213/2342 3215/2343
f 3215/2343 3213/2342 3212/2341
f 3213/2342 3208/2344 3212/2341
f 3218/2349 3217/2347 3216/2348
f 3217/2347 3219/2350 3216/2348
f 3217/2347 3220/2337 3219/2350
f 3220/2337 3221/2351 3219/2350
f 3223/2353 3222/2343 3218/2352
f 3222/2343 3217/2342 3218/2352
f 3222/2343 3224/2341 3217/2342
f 3224/2341 3220/2344 3217/2342
f 3218/2337 3216/2335 3225/2336
f 3225/2336 3216/2335 3226/2338
f 3225/2336 3226/2338 3220/2339
f 3220/2339 3226/2338 3221/2340
f 3227/2343 3223/2341 3225/2342
f 3223/2341 3218/2344 3225/2342
f 3224/2346 3227/2343 3220/2345
f 3227/2343 3225/2342 3220/2345
f 3230/2337 3229/2336 3228/2335
f 3229/2336 3231/2338 3228/2335
f 3229/2336 3232/2339 3231/2338
f 3232/2339 3233/2340 3231/2338
f 3235/2343 3229/2342 3234/2341
f 3229/2342 3230/2344 3234/2341
f 3236/2346 3232/2345 3235/2343
f 3232/2345 3229/2342 3235/2343
f 3230/2349 3228/2348 3237/2347
f 3228/2348 3238/2350 3237/2347
f 3237/2347 3238/2350 3232/2337
f 3238/2350 3233/2351 3232/2337
f 3234/2353 3230/2352 3239/2343
f 3230/2352 3237/2342 3239/2343
f 3239/2343 3237/2342 3236/2341
f 3237/2342 3232/2344 3236/2341
usemtl texture9
f 3241/2360 3240/2359 2283/2358
f 3240/2359 2281/2361 2283/2358
f 3242/2363 3241/2360 2285/2362
f 3241/2360 2283/2358 2285/2362
f 3240/2359 3243/2364 2281/2361
f 3243/2364 2286/2365 2281/2361
f 3244/2367 3242/2363 2287/2366
f 3242/2363 2285/2362 2287/2366
f 3243/2364 3245/2368 2286/2365
f 3245/2368 2288/2369 2286/2365
f 3246/2371 3244/2367 2289/2370
f 3244/2367 2287/2366 2289/2370
f 3245/2368 3247/2372 2288/2369
f 3247/2372 2290/2373 2288/2369
f 3248/2375 3246/2371 2291/2374
f 3246/2371 2289/2370 2291/2374
f 3247/2372 3249/2376 2290/2373
f 3249/2376 2292/2377 2290/2373
f 3250/2379 3248/2375 2293/2378
f 3248/2375 2291/2374 2293/2378
f 3251/2381 3250/2379 2294/2380
f 3250/2379 2293/2378 2294/2380
f 3249/2376 3252/2382 2292/2377
f 3252/2382 2295/2383 2292/2377
f 3253/2385 3251/2381 2301/2384
f 3251/2381 2294/2380 2301/2384
f 3254/2387 3253/2385 2305/2386
f 3253/2385 2301/2384 2305/2386
f 3255/2389 3254/2387 2307/2388
f 3254/2387 2305/2386 2307/2388
f 3252/2382 3256/2390 2295/2383
f 3256/2390 2304/2391 2295/2383
f 3257/2393 3255/2389 2310/2392
f 3255/2389 2307/2388 2310/2392
f 3258/2395 3257/2393 2311/2394
f 3257/2393 2310/2392 2311/2394
f 3259/2397 3258/2395 2312/2396
f 3258/2395 2311/2394 2312/2396
f 3261/2360 3260/1951 2246/2358
f 3260/1951 2243/1953 2246/2358
f 3262/2399 3259/2397 2313/2398
f 3259/2397 2312/2396 2313/2398
f 3263/2401 3262/2399 2320/2400
f 3262/2399 2313/2398 2320/2400
f 3264/2403 3263/2401 2323/2402
f 3263/2401 2320/2400 2323/2402
f 3265/2405 3264/2403 2326/2404
f 3264/2403 2323/2402 2326/2404
f 3265/2405 2326/2404 2637/2406
f 2326/2404 2330/2407 2637/2406
f 3268/2410 3267/2409 3266/2408
f 3266/2408 3267/2409 3269/2411
f 3266/2408 3269/2411 2333/1956
f 3269/2411 2638/1955 2333/1956
f 3260/1951 3270/2412 2243/1953
f 3270/2412 2251/2413 2243/1953
f 3272/2410 3271/2415 2253/2414
f 3271/2415 3273/2416 2253/2414
f 3270/2412 3271/2415 2251/2413
f 3271/2415 3272/2410 2251/2413
f 3275/2418 3274/2416 2259/2417
f 3274/2416 3276/2414 2259/2417
f 3276/2414 3274/2416 2261/2419
f 3274/2416 3277/2420 2261/2419
f 3277/2420 3278/2421 2261/2419
f 3278/2421 2264/2422 2261/2419
f 3280/2425 3279/2424 2271/2423
f 3279/2424 2811/2426 2271/2423
f 2639/2429 3281/2428 2278/2427
f 3281/2428 2347/2430 2278/2427
f 3282/1954 3280/2425 2273/1952
f 3280/2425 2271/2423 2273/1952
f 3278/2421 2640/2431 2264/2422
f 2640/2431 2276/2432 2264/2422
f 3281/2428 3283/2433 2347/2430
f 3283/2433 2348/2434 2347/2430
f 3283/2433 3284/2435 2348/2434
f 3284/2435 2349/2436 2348/2434
f 3284/2435 3285/2437 2349/2436
f 3285/2437 2350/2438 2349/2436
f 3285/2437 3286/2439 2350/2438
f 3286/2439 2351/2440 2350/2438
f 3286/2439 3287/2441 2351/2440
f 3287/2441 2352/2442 2351/2440
f 3287/2441 3282/1954 2352/2442
f 3282/1954 2273/1952 2352/2442
f 3290/2445 3289/2444 3288/2443
f 3288/2443 3289/2444 3291/2446
f 3289/2449 3292/2448 3291/2447
f 3291/2447 3292/2448 3293/2450
f 3293/2450 3292/2448 3288/2443
f 3292/2448 3290/2445 3288/2443
f 3296/2450 3295/2448 3294/2447
f 3294/2447 3295/2448 3297/2449
f 3296/2450 3298/2443 3295/2448
f 3298/2443 3299/2445 3295/2448
f 3294/2446 3297/2444 3298/2443
f 3298/2443 3297/2444 3299/2445
f 3302/2445 3301/2444 3300/2443
f 3300/2443 3301/2444 3303/2446
f 3301/2449 3304/2448 3303/2447
f 3303/2447 3304/2448 3305/2450
f 3305/2450 3304/2448 3300/2443
f 3304/2448 3302/2445 3300/2443
f 3308/2450 3307/2448 3306/2447
f 3306/2447 3307/2448 3309/2449
f 3308/2450 3310/2443 3307/2448
f 3310/2443 3311/2445 3307/2448
f 3306/2446 3309/2444 3310/2443
f 3310/2443 3309/2444 3311/2445
f 3314/2453 3313/2452 3312/2451
f 3315/2452 3314/2453 3312/2451
f 3316/2453 3315/2452 3312/2451
f 3317/2452 3316/2453 3312/2451
f 3318/2453 3317/2452 3312/2451
f 3319/2452 3318/2453 3312/2451
f 3320/2453 3319/2452 3312/2451
f 3323/2452 3322/2451 3321/2453
f 3324/2453 3322/2451 3323/2452
f 3321/2453 3322/2451 3325/2452
f 3326/2452 3322/2451 3324/2453
f 3327/2453 3322/2451 3326/2452
f 3325/2452 3322/2451 3328/2453
f 3328/2453 3322/2451 3329/2452
f 3330/2452 3322/2451 3327/2453
f 3329/2452 3322/2451 3331/2453
f 3332/2453 3322/2451 3330/2452
f 3333/2452 3322/2451 3332/2453
f 3331/2453 3322/2451 3334/2452
f 3334/2452 3322/2451 3335/2453
f 3336/2453 3322/2451 3333/2452
f 3335/2453 3322/2451 3337/2452
f 3337/2452 3322/2451 3336/2453
f 3340/2452 3339/2451 3338/2453
f 3341/2453 3339/2451 3340/2452
f 3338/2453 3339/2451 3342/2452
f 3343/2452 3339/2451 3341/2453
f 3344/2453 3339/2451 3343/2452
f 3342/2452 3339/2451 3345/2453
f 3345/2453 3339/2451 3346/2452
f 3347/2452 3339/2451 3344/2453
f 3346/2452 3339/2451 3348/2453
f 3349/2453 3339/2451 3347/2452
f 3350/2452 3339/2451 3349/2453
f 3348/2453 3339/2451 3351/2452
f 3351/2452 3339/2451 3352/2453
f 3353/2453 3339/2451 3350/2452
f 3352/2453 3339/2451 3354/2452
f 3354/2452 3339/2451 3353/2453
f 3357/2456 3356/2455 3355/2454
f 3358/2454 3356/2455 3357/2456
f 3359/2456 3356/2455 3358/2454
f 3360/2454 3356/2455 3359/2456
f 3361/2456 3356/2455 3360/2454
f 3363/2454 3356/2455 3362/2456
f 3364/2454 3356/2455 3361/2456
f 3362/2456 3356/2455 3364/2454
f 3367/2454 3366/2456 3365/2455
f 3366/2456 3368/2454 3365/2455
f 3369/2456 3367/2454 3365/2455
f 3368/2454 3370/2456 3365/2455
f 3371/2454 3369/2456 3365/2455
f 3370/2456 3372/2454 3365/2455
f 3373/2456 3371/2454 3365/2455
f 3372/2454 3374/2456 3365/2455
f 3375/2454 3373/2456 3365/2455
f 3374/2456 3376/2454 3365/2455
f 3377/2456 3375/2454 3365/2455
f 3376/2454 3378/2456 3365/2455
f 3379/2454 3377/2456 3365/2455
f 3378/2456 3380/2454 3365/2455
f 3381/2456 3379/2454 3365/2455
f 3380/2454 3381/2456 3365/2455
f 3384/2454 3383/2456 3382/2455
f 3383/2456 3385/2454 3382/2455
f 3386/2456 3384/2454 3382/2455
f 3385/2454 3387/2456 3382/2455
f 3388/2454 3386/2456 3382/2455
f 3387/2456 3389/2454 3382/2455
f 3390/2456 3388/2454 3382/2455
f 3389/2454 3391/2456 3382/2455
f 3392/2454 3390/2456 3382/2455
f 3391/2456 3393/2454 3382/2455
f 3394/2456 3392/2454 3382/2455
f 3393/2454 3395/2456 3382/2455
f 3396/2454 3394/2456 3382/2455
f 3395/2456 3397/2454 3382/2455
f 3398/2456 3396/2454 3382/2455
f 3397/2454 3398/2456 3382/2455
f 3400/2459 3399/2458 2174/2457
f 3399/2458 2176/2460 2174/2457
f 3401/2462 3400/2459 2211/2461
f 3400/2459 2174/2457 2211/2461
f 3402/2464 3401/2462 2212/2463
f 3401/2462 2211/2461 2212/2463
f 3403/2466 3402/2464 2213/2465
f 3402/2464 2212/2463 2213/2465
f 3399/2458 3404/2467 2176/2460
f 3404/2467 2177/2468 2176/2460
f 3405/2470 3403/2466 2214/2469
f 3403/2466 2213/2465 2214/2469
f 3407/2472 2177/2468 3406/2471
f 3404/2467 3406/2471 2177/2468
f 3408/2474 3405/2470 2215/2473
f 3405/2470 2214/2469 2215/2473
f 3409/2476 3408/2474 2217/2475
f 3408/2474 2215/2473 2217/2475
f 3411/2478 3410/2477 3407/2472
f 3410/2477 3412/2479 3407/2472
f 3413/2481 3409/2476 2218/2480
f 3409/2476 2217/2475 2218/2480
f 3414/2483 3413/2481 2219/2482
f 3413/2481 2218/2480 2219/2482
f 3415/2485 3414/2483 2221/2484
f 3414/2483 2219/2482 2221/2484
f 2671/2487 3415/2485 2222/2486
f 3415/2485 2221/2484 2222/2486
f 3416/2485 2681/2487 2232/2484
f 2681/2487 2231/2486 2232/2484
f 3418/2483 3416/2485 3417/2482
f 3416/2485 2232/2484 3417/2482
f 3419/2481 3418/2483 2236/2480
f 3418/2483 3417/2482 2236/2480
f 3420/2476 3419/2481 2237/2475
f 3419/2481 2236/2480 2237/2475
f 3423/2477 3422/2478 3421/2479
f 3422/2478 3424/2472 3421/2479
f 3425/2474 3420/2476 2238/2473
f 3420/2476 2237/2475 2238/2473
f 3426/2470 3425/2474 2239/2469
f 3425/2474 2238/2473 2239/2469
f 3424/2472 3427/2471 2206/2468
f 3427/2471 3428/2467 2206/2468
f 3429/2466 3426/2470 2240/2465
f 3426/2470 2239/2469 2240/2465
f 3428/2467 3430/2458 2206/2468
f 3430/2458 2208/2460 2206/2468
f 3431/2464 3429/2466 2241/2463
f 3429/2466 2240/2465 2241/2463
f 3432/2462 3431/2464 2242/2461
f 3431/2464 2241/2463 2242/2461
f 3433/2459 3432/2462 2209/2457
f 3432/2462 2242/2461 2209/2457
f 3430/2458 3433/2459 2208/2460
f 3433/2459 2209/2457 2208/2460
f 3407/2472 3406/2471 3411/2478
f 3436/2490 3435/2489 3434/2488
f 3434/2488 3437/2491 3436/2490
f 3438/2492 3436/2490 3437/2491
f 3441/2489 3440/2490 3439/2488
f 3440/2490 3442/2491 3439/2488
f 3440/2490 3443/2492 3442/2491
f 3422/2478 3427/2471 3424/2472
f 3120/2495 3118/2494 3444/2493
f 3118/2494 3445/2496 3444/2493
f 3121/2495 3120/2494 3446/2493
f 3120/2494 3444/2496 3446/2493
f 3118/2495 3122/2494 3445/2493
f 3122/2494 3447/2496 3445/2493
f 3125/2495 3121/2494 3448/2493
f 3121/2494 3446/2496 3448/2493
f 3122/2495 3126/2494 3447/2493
f 3126/2494 3449/2496 3447/2493
f 3129/2495 3125/2494 3450/2493
f 3125/2494 3448/2496 3450/2493
f 3130/2494 3451/2496 3126/2495
f 3451/2496 3449/2493 3126/2495
f 3133/2495 3129/2494 3452/2493
f 3129/2494 3450/2496 3452/2493
f 3130/2495 3134/2494 3451/2493
f 3134/2494 3453/2496 3451/2493
f 3136/2495 3133/2494 3454/2493
f 3133/2494 3452/2496 3454/2493
f 3134/2495 3137/2494 3453/2493
f 3137/2494 3455/2496 3453/2493
f 3137/2495 3136/2494 3455/2493
f 3136/2494 3454/2496 3455/2493
f 3141/2495 3139/2494 3456/2493
f 3139/2494 3457/2496 3456/2493
f 3143/2495 3141/2494 3458/2493
f 3141/2494 3456/2496 3458/2493
f 3139/2495 3144/2494 3457/2493
f 3144/2494 3459/2496 3457/2493
f 3147/2495 3143/2494 3460/2493
f 3143/2494 3458/2496 3460/2493
f 3144/2495 3148/2494 3459/2493
f 3148/2494 3461/2496 3459/2493
f 3151/2495 3147/2494 3462/2493
f 3147/2494 3460/2496 3462/2493
f 3152/2494 3463/2496 3148/2495
f 3463/2496 3461/2493 3148/2495
f 3155/2495 3151/2494 3464/2493
f 3151/2494 3462/2496 3464/2493
f 3152/2495 3156/2494 3463/2493
f 3156/2494 3465/2496 3463/2493
f 3159/2495 3155/2494 3466/2493
f 3155/2494 3464/2496 3466/2493
f 3156/2495 3160/2494 3465/2493
f 3160/2494 3467/2496 3465/2493
f 3160/2495 3159/2494 3467/2493
f 3159/2494 3466/2496 3467/2493
f 3470/2445 3469/2444 3468/2443
f 3468/2443 3469/2444 3471/2446
f 3469/2449 3472/2448 3471/2447
f 3471/2447 3472/2448 3473/2450
f 3473/2450 3472/2448 3468/2443
f 3472/2448 3470/2445 3468/2443
f 3476/2450 3475/2448 3474/2447
f 3474/2447 3475/2448 3477/2449
f 3476/2450 3478/2443 3475/2448
f 3478/2443 3479/2445 3475/2448
f 3474/2446 3477/2444 3478/2443
f 3478/2443 3477/2444 3479/2445
f 3482/2498 3481/2497 3480/2004
f 3482/2498 3480/2004 3483/2497
f 3482/2498 3484/2004 3481/2497
f 3482/2498 3483/2497 3485/2004
f 3482/2498 3486/2497 3484/2004
f 3482/2498 3487/2004 3486/2497
f 3488/2497 3487/2004 3482/2498
f 3488/2497 3482/2498 3489/2004
f 3482/2498 3490/2497 3489/2004
f 3492/2497 3482/2498 3491/2004
f 3482/2498 3493/2004 3490/2497
f 3492/2497 3493/2004 3482/2498
usemtl texture10
f 3495/2501 3494/2500 3241/2499
f 3494/2500 3240/2502 3241/2499
f 3496/2504 3495/2501 3242/2503
f 3495/2501 3241/2499 3242/2503
f 3494/2500 3497/2505 3240/2502
f 3497/2505 3243/2506 3240/2502
f 3498/2508 3496/2504 3244/2507
f 3496/2504 3242/2503 3244/2507
f 3497/2505 3499/2509 3243/2506
f 3499/2509 3245/2510 3243/2506
f 3500/2512 3498/2508 3246/2511
f 3498/2508 3244/2507 3246/2511
f 3499/2509 3501/2513 3245/2510
f 3501/2513 3247/2514 3245/2510
f 3502/2516 3500/2512 3248/2515
f 3500/2512 3246/2511 3248/2515
f 3501/2513 3503/2517 3247/2514
f 3503/2517 3249/2518 3247/2514
f 3504/2520 3502/2516 3250/2519
f 3502/2516 3248/2515 3250/2519
f 3505/2522 3504/2520 3251/2521
f 3504/2520 3250/2519 3251/2521
f 3503/2517 3506/2523 3249/2518
f 3506/2523 3252/2524 3249/2518
f 3507/2526 3505/2522 3253/2525
f 3505/2522 3251/2521 3253/2525
f 3508/2528 3507/2526 3254/2527
f 3507/2526 3253/2525 3254/2527
f 3509/2530 3508/2528 3255/2529
f 3508/2528 3254/2527 3255/2529
f 3506/2523 3510/2531 3252/2524
f 3510/2531 3256/2532 3252/2524
f 3511/2534 3509/2530 3257/2533
f 3509/2530 3255/2529 3257/2533
f 3512/2536 3511/2534 3258/2535
f 3511/2534 3257/2533 3258/2535
f 3513/2538 3512/2536 3259/2537
f 3512/2536 3258/2535 3259/2537
f 3515/2411 3514/2418 3261/2539
f 3514/2418 3260/2540 3261/2539
f 3516/2542 3513/2538 3262/2541
f 3513/2538 3259/2537 3262/2541
f 3517/2544 3516/2542 3263/2543
f 3516/2542 3262/2541 3263/2543
f 3518/2546 3517/2544 3264/2545
f 3517/2544 3263/2543 3264/2545
f 3519/2548 3518/2546 3265/2547
f 3518/2546 3264/2545 3265/2547
f 3519/2548 3265/2547 3520/2549
f 3265/2547 2637/2550 3520/2549
f 3166/2420 3521/1951 3267/2551
f 3521/1951 3269/1275 3267/2551
f 2637/1275 2638/2552 3520/1274
f 2638/2552 3522/2553 3520/1274
f 2638/2555 3269/1275 3522/2554
f 3269/1275 3521/1951 3522/2554
f 3514/2418 3523/2523 3260/2540
f 3523/2523 3270/2524 3260/2540
f 3525/1275 3524/2556 3271/1274
f 3524/2556 3273/2557 3271/1274
f 3523/2523 3525/2531 3270/2524
f 3525/2531 3271/2532 3270/2524
f 3527/1275 3526/2556 3275/1274
f 3526/2556 3274/2557 3275/1274
f 3526/2531 3528/2523 3274/2532
f 3528/2523 3277/2524 3274/2532
f 3528/2523 3529/2418 3277/2524
f 3529/2418 3278/2540 3277/2524
f 3530/2303 3167/2559 3280/2558
f 3167/2559 3279/2560 3280/2558
f 3532/2539 3531/1275 2640/2561
f 3531/1275 2639/1274 2640/2561
f 3531/2564 3533/2563 2639/2562
f 3533/2563 3281/2565 2639/2562
f 3534/2424 3530/2303 3282/2566
f 3530/2303 3280/2558 3282/2566
f 3529/2418 3532/1955 3278/2540
f 3532/1955 2640/2567 3278/2540
f 3533/2563 3535/2568 3281/2565
f 3535/2568 3283/2569 3281/2565
f 3535/2568 3536/2570 3283/2569
f 3536/2570 3284/2571 3283/2569
f 3536/2570 3537/2572 3284/2571
f 3537/2572 3285/2573 3284/2571
f 3537/2572 3538/2574 3285/2573
f 3538/2574 3286/2575 3285/2573
f 3538/2574 3539/2418 3286/2575
f 3539/2418 3287/2540 3286/2575
f 3539/2418 3534/2424 3287/2540
f 3534/2424 3282/2566 3287/2540
f 3542/2578 3541/2577 3540/2576
f 3541/2577 3543/2579 3540/2576
f 3546/2582 3545/2581 3544/2580
f 3547/2577 3544/2580 3545/2581
f 3550/2585 3549/2584 3548/2583
f 3553/2585 3552/2583 3551/2584
f 3556/2588 3555/2587 3554/2586
f 3554/2586 3555/2587 2856/2589
f 3559/1277 3558/2591 3557/2590
f 3558/2591 2861/2592 3557/2590
f 3561/2594 3560/2593 3557/2590
f 3560/2593 3559/1277 3557/2590
f 3561/2597 3562/2596 3560/2595
f 3563/2598 3560/2595 3562/2596
f 3563/2598 3562/2596 3564/2599
f 3564/2599 3562/2596 3565/2600
f 3567/2603 2859/2602 3566/2601
f 2859/2602 3555/2604 3566/2601
f 3567/2603 3568/2605 2859/2602
f 3557/2606 2859/2602 3568/2605
f 3570/2609 3288/2608 3569/2607
f 3288/2608 3291/2610 3569/2607
f 3569/2607 3291/2610 3571/2611
f 3291/2610 3293/2612 3571/2611
f 3571/2450 3293/2613 3570/2609
f 3293/2613 3288/2608 3570/2609
f 3573/2607 3572/2611 3294/2610
f 3572/2611 3296/2612 3294/2610
f 3572/2450 3574/2609 3296/2613
f 3574/2609 3298/2608 3296/2613
f 3574/2609 3573/2607 3298/2608
f 3573/2607 3294/2610 3298/2608
f 3576/2609 3300/2608 3575/2607
f 3300/2608 3303/2610 3575/2607
f 3575/2607 3303/2610 3577/2611
f 3303/2610 3305/2612 3577/2611
f 3577/2450 3305/2613 3576/2609
f 3305/2613 3300/2608 3576/2609
f 3579/2607 3578/2611 3306/2610
f 3578/2611 3308/2612 3306/2610
f 3578/2450 3580/2609 3308/2613
f 3580/2609 3310/2608 3308/2613
f 3580/2609 3579/2607 3310/2608
f 3579/2607 3306/2610 3310/2608
f 3583/2616 3582/2615 3581/2614
f 3582/2615 3584/2617 3581/2614
f 3587/2616 3586/2615 3585/2614
f 3586/2615 3588/2617 3585/2614
f 3591/2616 3590/2615 3589/2614
f 3590/2615 3592/2617 3589/2614
f 3595/2616 3594/2615 3593/2614
f 3594/2615 3596/2617 3593/2614
f 3599/2616 3598/2615 3597/2614
f 3598/2615 3600/2617 3597/2614
f 3603/2616 3602/2615 3601/2614
f 3602/2615 3604/2617 3601/2614
f 3607/2616 3606/2615 3605/2614
f 3605/2614 3606/2615 3608/2617
f 3611/2616 3610/2615 3609/2614
f 3609/2614 3610/2615 3612/2617
f 3615/2616 3614/2615 3613/2614
f 3614/2615 3616/2617 3613/2614
f 3619/2616 3618/2615 3617/2614
f 3617/2614 3618/2615 3620/2617
f 3623/2620 3622/2619 3621/2618
f 3621/2618 3622/2619 3624/2621
f 3627/2622 3626/2598 3625/2615
f 3628/2596 3625/2615 3626/2598
f 3631/1274 3630/2624 3629/2623
f 3631/1274 3629/2623 3632/2625
f 3635/2628 3634/2627 3633/2626
f 3634/2627 3636/2629 3633/2626
f 3639/1274 3638/2631 3637/2630
f 3639/1274 3637/2630 3640/2624
f 3643/2598 3642/2632 3641/2596
f 3642/2632 3644/2633 3641/2596
f 3646/2635 3645/2634 3641/2596
f 3645/2634 3643/2598 3641/2596
f 3648/2637 3645/2595 3647/2636
f 3645/2595 3646/2597 3647/2636
f 3651/2639 3650/2615 3649/2638
f 3650/2615 3652/2640 3649/2638
f 3655/2640 3654/2642 3653/2641
f 3654/2642 3656/2643 3653/2641
f 3659/2639 3658/2615 3657/2642
f 3657/2642 3658/2615 3660/2640
f 3662/2645 3649/2638 3661/2644
f 3661/2644 3649/2638 3652/2640
f 3664/2645 3654/2642 3663/2644
f 3663/2644 3654/2642 3655/2640
f 3660/2640 3665/2644 3657/2642
f 3657/2642 3665/2644 3666/2646
f 3669/2639 3668/2615 3667/2642
f 3668/2615 3670/2640 3667/2642
f 3673/2640 3672/2642 3671/2615
f 3672/2642 3674/2639 3671/2615
f 3677/2639 3676/2615 3675/2642
f 3675/2642 3676/2615 3678/2640
f 3680/2646 3667/2642 3679/2644
f 3679/2644 3667/2642 3670/2640
f 3682/2646 3672/2642 3681/2644
f 3681/2644 3672/2642 3673/2640
f 3678/2640 3683/2644 3675/2642
f 3675/2642 3683/2644 3684/2646
f 3563/2618 3559/2620 3685/2621
f 3559/2620 3686/2619 3685/2621
f 3689/2617 3688/2615 3687/2614
f 3687/2614 3688/2615 3690/2616
f 3693/2616 3692/2614 3691/2615
f 3692/2614 3694/2617 3691/2615
f 3697/2615 3696/2614 3695/2617
f 3699/2648 3696/2614 3698/2647
f 3698/2647 3696/2614 3697/2615
f 3701/2651 3700/2650 3400/2649
f 3700/2650 3399/2652 3400/2649
f 3702/2654 3701/2651 3401/2653
f 3701/2651 3400/2649 3401/2653
f 3703/2656 3702/2654 3402/2655
f 3702/2654 3401/2653 3402/2655
f 3704/2658 3703/2656 3403/2657
f 3703/2656 3402/2655 3403/2657
f 3700/2650 3705/2659 3399/2652
f 3705/2659 3404/2660 3399/2652
f 3706/2662 3704/2658 3405/2661
f 3704/2658 3403/2657 3405/2661
f 3708/2665 3707/2664 3406/2663
f 3707/2664 3411/2666 3406/2663
f 3705/2659 3708/2667 3404/2660
f 3708/2667 3406/2668 3404/2660
f 3709/2670 3706/2662 3408/2669
f 3706/2662 3405/2661 3408/2669
f 3710/2672 3709/2670 3409/2671
f 3709/2670 3408/2669 3409/2671
f 3707/2664 3711/2673 3411/2666
f 3711/2673 3410/2674 3411/2666
f 3712/2676 3710/2672 3413/2675
f 3710/2672 3409/2671 3413/2675
f 3713/2678 3712/2676 3414/2677
f 3712/2676 3413/2675 3414/2677
f 3714/2680 3713/2678 3415/2679
f 3713/2678 3414/2677 3415/2679
f 3716/2682 3715/2681 3436/1261
f 3715/2681 3435/2683 3436/1261
f 3717/2446 3716/2684 3438/2682
f 3716/2684 3436/2685 3438/2682
f 3718/2687 3714/2680 2671/2686
f 3714/2680 3415/2679 2671/2686
f 3719/2689 3718/2687 2672/2688
f 3718/2687 2671/2686 2672/2688
f 3720/2610 3719/2681 2673/2690
f 3719/2681 2672/2683 2673/2690
f 3458/2692 3720/2610 2674/2691
f 3720/2610 2673/2690 2674/2691
f 3721/2694 3458/2692 2675/2693
f 3458/2692 2674/2691 2675/2693
f 3462/2682 3721/2694 2676/1261
f 3721/2694 2675/2693 2676/1261
f 3722/2696 3462/2682 2677/2695
f 3462/2682 2676/1261 2677/2695
f 3466/2698 3722/2696 2678/2697
f 3722/2696 2677/2695 2678/2697
f 2678/2697 2679/2699 3466/2698
f 2679/2699 3723/2700 3466/2698
f 3724/2702 3723/2700 2680/2701
f 3723/2700 2679/2699 2680/2701
f 3725/2705 3724/2704 2681/2703
f 3724/2704 2680/2706 2681/2703
f 3726/2708 3725/2705 3416/2707
f 3725/2705 2681/2703 3416/2707
f 3728/2682 3727/2681 3441/1261
f 3727/2681 3440/2683 3441/1261
f 3727/2446 3729/2684 3440/2682
f 3729/2684 3443/2685 3440/2682
f 3730/2710 3726/2708 3418/2709
f 3726/2708 3416/2707 3418/2709
f 3731/2712 3730/2710 3419/2711
f 3730/2710 3418/2709 3419/2711
f 3732/2714 3731/2712 3420/2713
f 3731/2712 3419/2711 3420/2713
f 3734/2717 3733/2716 3423/2715
f 3733/2716 3422/2718 3423/2715
f 3735/2720 3732/2714 3425/2719
f 3732/2714 3420/2713 3425/2719
f 3736/2722 3735/2720 3426/2721
f 3735/2720 3425/2719 3426/2721
f 3733/2716 3737/2723 3422/2718
f 3737/2723 3427/2724 3422/2718
f 3428/2727 3427/2726 3738/2725
f 3427/2726 3737/2728 3738/2725
f 3739/2730 3736/2722 3429/2729
f 3736/2722 3426/2721 3429/2729
f 3738/2725 3740/2731 3428/2727
f 3740/2731 3430/2732 3428/2727
f 3741/2734 3739/2730 3431/2733
f 3739/2730 3429/2729 3431/2733
f 3742/2736 3741/2734 3432/2735
f 3741/2734 3431/2733 3432/2735
f 3743/2738 3742/2736 3433/2737
f 3742/2736 3432/2735 3433/2737
f 3740/2731 3743/2738 3430/2732
f 3743/2738 3433/2737 3430/2732
f 3062/2741 3040/2740 3744/2739
f 3745/2742 3744/2739 3040/2740
f 3065/2741 3746/2739 3059/2740
f 3747/2742 3059/2740 3746/2739
f 3749/2609 3468/2608 3748/2607
f 3468/2608 3471/2610 3748/2607
f 3748/2607 3471/2610 3750/2611
f 3471/2610 3473/2612 3750/2611
f 3750/2450 3473/2613 3749/2609
f 3473/2613 3468/2608 3749/2609
f 3752/2607 3751/2611 3474/2610
f 3751/2611 3476/2612 3474/2610
f 3751/2450 3753/2609 3476/2613
f 3753/2609 3478/2608 3476/2613
f 3753/2609 3752/2607 3478/2608
f 3752/2607 3474/2610 3478/2608
f 3756/2745 3755/2744 3754/2743
f 3754/2743 3755/2744 3757/2746
f 3759/2748 3754/2747 3758/2744
f 3754/2747 3760/2746 3758/2744
f 3763/2751 3762/2750 3761/2749
f 3764/2752 3761/2749 3762/2750
f 3766/2751 3765/2749 3762/2750
f 3765/2749 3764/2752 3762/2750
f 3769/2755 3768/2754 3767/2753
f 3771/2758 2363/2757 3770/2756
f 2363/2757 3772/2759 3770/2756
f 3773/2761 2356/2760 3771/2758
f 2356/2760 2363/2757 3771/2758
f 3773/2764 3771/2763 3774/2762
f 3771/2763 3775/2765 3774/2762
f 3778/2768 3777/2767 3776/2766
f 3777/2767 3779/2769 3776/2766
f 3781/2771 3780/2770 3773/2761
f 3780/2770 2356/2760 3773/2761
f 3784/2773 3783/2772 3782/2756
f 3783/2772 3785/2759 3782/2756
f 3784/2773 3786/2774 3783/2772
f 3786/2774 3787/2775 3783/2772
f 3786/2778 3784/2777 3788/2776
f 3784/2777 3789/2779 3788/2776
f 3792/2768 3791/2767 3790/2766
f 3791/2767 3793/2769 3790/2766
f 3787/2775 3786/2774 3794/2770
f 3786/2774 3795/2771 3794/2770
f 3798/2773 3797/2772 3796/2756
f 3797/2772 3799/2759 3796/2756
f 3798/2773 3800/2774 3797/2772
f 3800/2774 3801/2775 3797/2772
f 3800/2778 3798/2777 3802/2776
f 3798/2777 3803/2779 3802/2776
f 3526/2768 3525/2780 3804/2766
f 3525/2780 3805/2690 3804/2766
f 3801/2775 3800/2774 3806/2770
f 3800/2774 3807/2771 3806/2770
usemtl texture11
f 2642/2782 3808/2781 2644/1271
f 2645/1269 3808/2781 2642/2782
f 2644/1271 3808/2781 2648/2782
f 2648/2782 3808/2781 2645/1269
f 2661/1271 2664/2782 3809/2781
f 2664/2782 2666/1269 3809/2781
f 2667/2782 2661/1271 3809/2781
f 2666/1269 2667/2782 3809/2781
f 2775/2785 2776/2784 2343/2783
f 2342/2786 2343/2783 2776/2784
f 2776/2788 2780/2784 2342/2787
f 2780/2784 2344/2786 2342/2787
f 3549/2791 2779/2790 2345/2789
f 2779/2790 2343/2792 2345/2789
f 2780/2784 3548/2793 2344/2786
f 3548/2793 2345/2794 2344/2786
f 2343/2796 2779/2795 2775/2784
f 3548/2799 3549/2798 2345/2797
f 2815/2784 2339/2786 3552/2793
f 3552/2793 2339/2786 2340/2794
f 3551/2791 2340/2789 2817/2790
f 2817/2790 2340/2789 2338/2792
f 2818/2788 2341/2787 2815/2784
f 2341/2787 2339/2786 2815/2784
f 2820/2785 2338/2783 2818/2784
f 2341/2786 2818/2784 2338/2783
f 3552/2799 2340/2797 3551/2798
f 2338/2796 2820/2784 2817/2795
f 3812/2802 3811/2801 3810/2800
f 2258/2803 3810/2800 3811/2801
f 3811/2806 3813/2805 2258/2804
f 3813/2805 2255/2807 2258/2804
f 3815/2806 3812/2805 3814/2804
f 3812/2805 3810/2807 3814/2804
f 3815/2802 3814/2800 3813/2801
f 3814/2800 2255/2803 3813/2801
f 2418/1274 2826/2809 2419/2808
f 2826/2809 3816/2810 2419/2808
f 2823/2811 2826/2809 2414/2561
f 2826/2809 2418/1274 2414/2561
f 2823/2811 2414/2561 3817/2812
f 2414/2561 2415/2813 3817/2812
f 2412/1274 2830/2809 2416/2808
f 2830/2809 3818/2810 2416/2808
f 2827/2811 2830/2809 2432/2561
f 2830/2809 2412/1274 2432/2561
f 2827/2811 2432/2561 3819/2812
f 2432/2561 2433/2813 3819/2812
f 3822/2816 3821/2815 3820/2814
f 3823/2817 3820/2814 3821/2815
f 3825/2820 3824/2819 3821/2818
f 3823/2821 3821/2818 3824/2819
f 3827/2823 3822/2823 3826/2822
f 3820/2822 3826/2822 3822/2823
f 3825/2820 3828/2818 3824/2819
f 3829/2821 3824/2819 3828/2818
f 3831/2825 3829/2814 3830/2824
f 3830/2824 3829/2814 3828/2816
f 3833/2827 3832/2826 3830/2824
f 3832/2826 3831/2825 3830/2824
f 3834/2828 3826/2817 3833/2827
f 3826/2817 3832/2826 3833/2827
f 3826/2817 3834/2828 3827/2815
f 2933/2831 2936/2830 3835/2829
f 3836/2832 3835/2829 2936/2830
f 2935/2833 3835/2829 2937/2830
f 2937/2830 3835/2829 3836/2832
f 2938/2836 3837/2835 2936/2834
f 3836/2837 2936/2834 3837/2835
f 2940/2838 2937/2834 3837/2835
f 2937/2834 3836/2837 3837/2835
f 2934/2834 2933/2839 3835/2837
f 2935/2840 2934/2834 3835/2837
f 2939/2843 3837/2842 2938/2841
f 2939/2843 2940/2841 3837/2842
f 2942/2838 3838/2835 2941/2834
f 3838/2835 3839/2837 2941/2834
f 2944/2836 2945/2834 3838/2835
f 3839/2837 3838/2835 2945/2834
f 2946/2845 2941/2844 3840/2829
f 2941/2844 3839/2846 3840/2829
f 2947/2847 3840/2829 2945/2844
f 3839/2846 2945/2844 3840/2829
f 2943/2843 3838/2842 2942/2841
f 2943/2843 2944/2841 3838/2842
f 2946/2849 3840/2837 2948/2848
f 2948/2848 3840/2837 2947/2850
f 2951/2847 2954/2844 3841/2829
f 3842/2846 3841/2829 2954/2844
f 2953/2845 3841/2829 2955/2844
f 2955/2844 3841/2829 3842/2846
f 2956/2836 3843/2835 2954/2834
f 3842/2837 2954/2834 3843/2835
f 2958/2838 2955/2834 3843/2835
f 2955/2834 3842/2837 3843/2835
f 2952/2848 2951/2850 3841/2837
f 2953/2849 2952/2848 3841/2837
f 2957/2843 3843/2842 2956/2841
f 2957/2843 2958/2841 3843/2842
f 3845/2853 3844/2852 2990/2851
f 3844/2852 2992/2854 2990/2851
f 3844/2857 3845/2856 2995/2855
f 2991/2858 2995/2855 3845/2856
f 3844/2852 3846/2859 2992/2854
f 3846/2859 2996/2860 2992/2854
f 3846/2862 3844/2857 2999/2861
f 2999/2861 3844/2857 2995/2855
f 3846/2859 3847/2863 2996/2860
f 3847/2863 2997/2864 2996/2860
f 2994/2867 2998/2866 3848/2865
f 2998/2866 3849/2868 3848/2865
f 2999/2861 3002/2869 3846/2862
f 3002/2869 3847/2870 3846/2862
f 3847/2863 3850/2871 2997/2864
f 3850/2871 3000/2872 2997/2864
f 2993/2873 3848/2865 3005/2866
f 3848/2865 3849/2868 3005/2866
f 3850/2871 3851/2874 3000/2872
f 3851/2874 3001/2875 3000/2872
f 3002/2869 3007/2876 3847/2870
f 3007/2876 3850/2877 3847/2870
f 3851/2874 3852/2878 3001/2875
f 3852/2878 3003/2879 3001/2875
f 3852/2878 3853/2880 3003/2879
f 3853/2880 3004/2881 3003/2879
f 3007/2876 3008/2882 3850/2877
f 3008/2882 3851/2883 3850/2877
f 3853/2880 3854/2884 3004/2881
f 3854/2884 3006/2885 3004/2881
f 3849/2888 2998/2887 3854/2886
f 2998/2887 3006/2889 3854/2886
f 3008/2882 3009/2890 3851/2883
f 3009/2890 3852/2891 3851/2883
f 3009/2890 3010/2892 3852/2891
f 3010/2892 3853/2893 3852/2891
f 3010/2892 3011/2894 3853/2893
f 3011/2894 3854/2895 3853/2893
f 3005/2887 3849/2888 3011/2889
f 3849/2888 3854/2886 3011/2889
f 2986/2898 3845/2897 2985/2896
f 2985/2900 3845/2853 2988/2899
f 2989/2902 3845/2856 2986/2901
f 3845/2853 2990/2851 2988/2899
f 2991/2858 3845/2856 2989/2902
f 2993/2896 2994/2898 3848/2897
f 3013/2887 3012/2889 3855/2903
f 3012/2889 3856/1764 3855/2903
f 3014/2892 3857/2904 3012/2894
f 3012/2894 3857/2904 3856/2905
f 3015/2890 3858/2906 3014/2892
f 3014/2892 3858/2906 3857/2904
f 3016/2882 3859/2907 3015/2890
f 3015/2890 3859/2907 3858/2906
f 3855/2903 3856/1764 3019/2887
f 3856/1764 3020/2889 3019/2887
f 3857/2909 3021/2881 3856/2908
f 3856/2908 3021/2881 3020/2885
f 3017/2876 3860/2910 3016/2882
f 3016/2882 3860/2910 3859/2907
f 3858/2911 3023/2879 3857/2909
f 3023/2879 3021/2881 3857/2909
f 3859/2912 3024/2875 3858/2911
f 3024/2875 3023/2879 3858/2911
f 3018/2869 3861/2913 3017/2876
f 3017/2876 3861/2913 3860/2910
f 3860/2914 3026/2872 3859/2912
f 3026/2872 3024/2875 3859/2912
f 3022/2873 3013/2866 3862/2915
f 3862/2915 3013/2866 3855/2916
f 3861/2917 3027/2864 3860/2914
f 3027/2864 3026/2872 3860/2914
f 3025/2861 3863/2918 3018/2869
f 3018/2869 3863/2918 3861/2913
f 3029/2867 3862/2915 3019/2866
f 3862/2915 3855/2916 3019/2866
f 3863/2919 3030/2860 3861/2917
f 3030/2860 3027/2864 3861/2917
f 3028/2855 3864/2920 3025/2861
f 3025/2861 3864/2920 3863/2918
f 3864/2921 3031/2854 3863/2919
f 3031/2854 3030/2860 3863/2919
f 3864/2920 3028/2855 3865/2922
f 3032/2858 3865/2922 3028/2855
f 3865/2923 3033/2851 3864/2921
f 3864/2921 3033/2851 3031/2854
f 3022/2896 3862/2924 3029/2898
f 3032/2858 3034/2902 3865/2922
f 3865/2923 3035/2899 3033/2851
f 3034/2902 3036/2901 3865/2922
f 3037/2900 3035/2899 3865/2923
f 3036/2898 3037/2896 3865/2924
f 2724/1271 2727/2782 3866/2781
f 2727/2782 2729/1269 3866/2781
f 2730/2782 2724/1271 3866/2781
f 2729/1269 2730/2782 3866/2781
f 2733/2782 3867/2781 2735/1271
f 2736/1269 3867/2781 2733/2782
f 2735/1271 3867/2781 2739/2782
f 2739/2782 3867/2781 2736/1269
f 2752/1271 2755/2782 3868/2781
f 2755/2782 2757/1269 3868/2781
f 2758/2782 2752/1271 3868/2781
f 2757/1269 2758/2782 3868/2781
f 2761/2782 3869/2781 2763/1271
f 2764/1269 3869/2781 2761/2782
f 2763/1271 3869/2781 2767/2782
f 2767/2782 3869/2781 2764/1269
usemtl texture12
f 3872/2927 3871/2926 3870/2925
f 3870/2925 3871/2926 3873/2928
f 3870/2925 3873/2928 3874/2929
f 3874/2929 3873/2928 3875/2930
f 3543/2931 3872/2927 3870/2925
f 3875/2930 3877/2933 3876/2932
f 3875/2930 3876/2932 3874/2929
f 3876/2932 3877/2933 3878/2934
f 3543/2931 3870/2925 3879/2935
f 3543/2931 3879/2935 3540/2936
f 3545/2939 3546/2938 3880/2937
f 3880/2937 3546/2938 3881/2940
f 3881/2940 3883/2942 3882/2941
f 3880/2937 3881/2940 3882/2941
f 3545/2939 3880/2937 3884/2943
f 3880/2937 3886/2945 3885/2944
f 3884/2943 3880/2937 3885/2944
f 3889/2948 3888/2947 3887/2946
f 3892/2951 3891/2950 3890/2949
f 3890/2949 3893/2952 3889/2948
f 3568/2954 3894/2953 3892/2951
f 3895/2955 3892/2951 3890/2949
f 3568/2954 3892/2951 3895/2955
f 3896/2956 3889/2948 3887/2946
f 3896/2956 3890/2949 3889/2948
f 3895/2955 3890/2949 3896/2956
f 3562/2959 3898/2958 3897/2957
f 3897/2957 3565/2960 3562/2959
f 3897/2957 3898/2958 3899/2961
f 3902/2964 3901/2963 3900/2962
f 3901/2963 3903/2965 3900/2962
f 3906/2962 3905/2964 3904/2965
f 3905/2964 3903/2963 3904/2965
f 3900/2964 3908/2963 3907/2962
f 3908/2963 3909/2965 3907/2962
f 3912/2965 3911/2962 3910/2963
f 3911/2962 3913/2964 3910/2963
f 3909/2963 3914/2965 3911/2964
f 3914/2965 3915/2962 3911/2964
f 3913/2962 3917/2964 3916/2965
f 3917/2964 3918/2963 3916/2965
f 3915/2964 3919/2963 3917/2962
f 3919/2963 3920/2965 3917/2962
f 3922/2965 3921/2962 3920/2963
f 3921/2962 3923/2964 3920/2963
f 3925/2963 3924/2965 3921/2964
f 3924/2965 3926/2962 3921/2964
f 3928/2963 3925/2965 3927/2964
f 3925/2965 3929/2962 3927/2964
f 3570/2966 3931/2962 3930/2964
f 3904/2963 3570/2966 3930/2964
f 3932/2967 3570/2966 3904/2963
f 3933/2970 3928/2969 3574/2968
f 3574/2968 3928/2969 3934/2971
f 3935/2972 3574/2968 3934/2971
f 3938/2975 3937/2974 3936/2973
f 3939/2976 3936/2973 3937/2974
f 3940/2978 3628/2977 3938/2975
f 3938/2975 3936/2973 3940/2978
f 3941/2979 3628/2977 3940/2978
f 3941/2979 3625/2980 3628/2977
f 3944/2982 3943/2981 3942/2979
f 3945/2983 3943/2981 3944/2982
f 3947/2985 3946/2984 3945/2983
f 3941/2979 3943/2981 3625/2980
f 3945/2983 3946/2984 3943/2981
f 3948/2986 3946/2984 3947/2985
f 3946/2984 3949/2987 3943/2981
f 3952/2990 3951/2989 3950/2988
f 3952/2990 3950/2988 3953/2991
f 3952/2990 3954/2992 3951/2989
f 3952/2990 3953/2991 3955/2993
f 3954/2992 3949/2987 3946/2984
f 3952/2990 3956/2994 3954/2992
f 3954/2992 3956/2994 3949/2987
f 3959/2997 3958/2996 3957/2995
f 3958/2996 3960/2998 3957/2995
f 3963/3001 3962/3000 3961/2999
f 3965/3003 3964/3002 3962/3000
f 3962/3000 3964/3002 3961/2999
f 3966/3004 3964/3002 3965/3003
f 3961/2999 3964/3002 3967/3005
f 3967/3005 3968/3006 3961/2999
f 3967/3005 3970/3007 3969/3006
f 3973/3010 3972/3009 3971/3008
f 3973/3010 3974/3011 3972/3009
f 3976/3013 3975/3012 3968/3006
f 3977/3014 3974/3011 3973/3010
f 3974/3011 3975/3012 3976/3013
f 3978/3014 3975/3012 3974/3011
f 3958/2996 3979/3015 3960/2998
f 3981/2998 3980/3016 3975/3012
f 3960/2998 3979/3015 3980/3016
f 3975/3012 3980/3016 3982/3017
f 3983/3020 3649/3019 3521/3018
f 3521/3018 3985/3022 3984/3021
f 3521/3018 3649/3019 3986/3023
f 3521/3018 3986/3023 3987/3024
f 3975/3012 3982/3017 3988/3025
f 3984/3021 3985/3022 3989/3026
f 3986/3023 3990/3027 3987/3024
f 3988/3025 3982/3017 3991/3028
f 3994/3031 3993/3030 3992/3029
f 3994/3031 3995/3032 3993/3030
f 3995/3032 3997/3034 3996/3033
f 3995/3032 3998/3035 3997/3034
f 3994/3031 3998/3035 3995/3032
f 3999/3036 3998/3035 3994/3031
f 3999/3036 4000/3037 3998/3035
f 3999/3036 4001/3038 4000/3037
f 4002/3039 4001/3038 3999/3036
f 3999/3036 4003/3040 4002/3039
f 4004/3041 4003/3040 3999/3036
f 4002/3039 4006/3043 4005/3042
f 4002/3039 4003/3040 4006/3043
f 4007/3044 4003/3040 4004/3041
f 4008/3045 4003/3040 4007/3044
f 4003/3040 4010/3047 4009/3046
f 4009/3046 4010/3047 4011/3048
f 4008/3045 4010/3047 4003/3040
f 4014/3051 4013/3050 4012/3049
f 4015/3052 4013/3050 4014/3051
f 4013/3050 4015/3052 4016/3053
f 4019/3056 4018/3055 4017/3054
f 4016/3053 4015/3052 3667/3057
f 4022/3060 4021/3059 4020/3058
f 3530/3062 4017/3054 4023/3061
f 3530/3062 4019/3056 4017/3054
f 4025/3064 4022/3060 4024/3063
f 4026/3065 4016/3053 3667/3057
f 3530/3062 4023/3061 4016/3053
f 4025/3064 4021/3059 4022/3060
f 4025/3064 4024/3063 4027/3066
f 4021/3059 4025/3064 3534/3067
f 4030/3070 4029/3069 4028/3068
f 4032/3072 4031/3071 4030/3070
f 3641/3073 4029/3069 4030/3070
f 4030/3070 4031/3071 3641/3073
f 4035/2964 4034/2963 4033/2962
f 4034/2963 4036/2965 4033/2962
f 4039/2962 4038/2964 4037/2965
f 4038/2964 4036/2963 4037/2965
f 4042/2965 4041/2962 4040/2963
f 4041/2962 4039/2964 4040/2963
f 4045/2963 4044/2965 4043/2964
f 4044/2965 4046/2962 4043/2964
f 4049/2963 4048/2965 4047/2964
f 4048/2965 4038/2962 4047/2964
f 4041/2964 4050/2963 4047/2962
f 4050/2963 4051/2965 4047/2962
f 4054/2962 4053/2964 4052/2965
f 4053/2964 4055/2963 4052/2965
f 4057/2963 4056/2965 4054/2964
f 4056/2965 4058/2962 4054/2964
f 4045/2965 4059/2962 4056/2963
f 4059/2962 4060/2964 4056/2963
f 4062/2963 4061/2965 4059/2964
f 4061/2965 4063/2962 4059/2964
f 4066/2962 4065/2964 4064/2965
f 4065/2964 4051/2963 4064/2965
f 4068/2964 4067/2963 4053/2962
f 4067/2963 4069/2965 4053/2962
f 4071/2965 4068/2962 4070/2963
f 4068/2962 4058/2964 4070/2963
f 4060/2962 4072/2964 4070/2965
f 4072/2964 4073/2963 4070/2965
f 4074/3075 4072/1888 2857/3074
f 4072/1888 4063/2446 2857/3074
f 4077/2964 4076/2963 4075/2962
f 4076/2963 3567/2965 4075/2962
f 4067/2964 4079/2963 4078/2962
f 4079/2963 4080/2965 4078/2962
f 4079/2964 4071/2963 4081/2962
f 4071/2963 4082/2965 4081/2962
f 4084/2962 4083/2964 4073/2965
f 4083/2964 4082/2963 4073/2965
f 4086/2965 4085/2962 4074/2963
f 4085/2962 4084/2964 4074/2963
f 4089/2964 4088/2963 4087/2962
f 4088/2963 4090/2965 4087/2962
f 4092/2962 4091/2964 4076/2965
f 4091/2964 4090/2963 4076/2965
f 4094/2963 4081/2965 4093/2964
f 4081/2965 4095/2962 4093/2964
f 4097/2965 4095/2962 4096/2963
f 4095/2962 4083/2964 4096/2963
f 3891/2963 4099/2965 4098/2964
f 4099/2965 4100/2962 4098/2964
f 4087/2964 4101/2963 4098/2962
f 4101/2963 3893/2965 4098/2962
f 3888/2963 4101/2965 4102/2964
f 4101/2965 4091/2962 4102/2964
f 4104/2964 4093/2963 4103/2962
f 4093/2963 4105/2965 4103/2962
f 4108/2965 4107/2964 4106/2963
f 4108/2965 4109/2962 4107/2964
f 4044/2963 4110/2962 4109/2964
f 4044/2963 4057/2965 4110/2962
f 4112/2964 4111/2963 4102/2962
f 4102/2962 4111/2963 4113/2965
f 4116/3078 4115/3077 4114/3076
f 4115/3077 4117/3079 4114/3076
f 4114/3076 4117/3079 4118/3080
f 4114/3076 4118/3080 4119/3081
f 4118/3080 4117/3079 4120/3082
f 4114/3076 4119/3081 4121/3083
f 4122/3084 4120/3082 4117/3079
f 4114/3076 4121/3083 4123/3085
f 4126/3088 4125/3087 4124/3086
f 4128/2305 4127/3090 3746/3089
f 4129/3091 4125/3087 4126/3088
f 4128/2305 4130/3092 4127/3090
f 4129/3091 4130/3092 4125/3087
f 4125/3087 4130/3092 4128/2305
f 4125/3087 4128/2305 4131/2307
f 4125/3087 4131/2307 4132/3093
f 4135/3096 4134/3095 4133/3094
f 4135/3096 4133/3094 4136/3097
f 4138/3099 4134/3095 4137/3098
f 4133/3094 4134/3095 4138/3099
f 4136/3097 4133/3094 4139/3100
f 4139/3100 4133/3094 4138/3099
f 4140/3101 4138/3099 4137/3098
f 4140/3101 4137/3098 4141/3102
f 4139/3100 4138/3099 4142/3103
f 4142/3103 4138/3099 4140/3101
f 4143/3104 4140/3101 4141/3102
f 4140/3101 4144/3105 4142/3103
f 4143/3104 4141/3102 2687/3106
f 4143/3104 4144/3105 4140/3101
f 2691/3107 4144/3105 4143/3104
f 4144/3105 4146/3109 4145/3108
f 2693/3110 4144/3105 2691/3107
f 4147/3111 4146/3109 4144/3105
f 4147/3111 4144/3105 2693/3110
f 4148/3112 4147/3111 2693/3110
f 4148/3112 4149/3113 4147/3111
f 2693/3110 2695/3114 4148/3112
f 4148/3112 4150/3115 4149/3113
f 2695/3114 4151/3116 4148/3112
f 4152/3117 4148/3112 4151/3116
f 4151/3116 2698/3119 4153/3118
f 4154/3120 4148/3112 4152/3117
f 4151/3116 4153/3118 4152/3117
f 4152/3117 4155/3121 4154/3120
f 4156/3122 4154/3120 4155/3121
f 4157/3123 4152/3117 4153/3118
f 4157/3123 4155/3121 4152/3117
f 4156/3122 4155/3121 4158/3124
f 4158/3124 4159/3125 4156/3122
f 4158/3124 4155/3121 4160/3126
f 4160/3126 4155/3121 4157/3123
f 4158/3124 4161/3127 4159/3125
f 4160/3126 4161/3127 4158/3124
f 4164/3130 4163/3129 4162/3128
f 4162/3128 4163/3129 4165/3131
f 3749/3134 4166/3133 3708/3132
f 3708/3132 4167/3135 3749/3134
f 4167/3135 4169/3137 4168/3136
f 4171/3139 4168/3136 4170/3138
f 4173/3142 3085/3141 4172/3140
f 4174/3143 3749/3134 4167/3135
f 4174/3143 4175/3144 3749/3134
f 4176/3146 3757/3145 4172/3140
f 4172/3140 3085/3141 4177/3147
f 4178/3148 4167/3135 4168/3136
f 4178/3148 4168/3136 4171/3139
f 3085/3141 3083/3149 4177/3147
f 4174/3143 4179/3150 4175/3144
f 4178/3148 4174/3143 4167/3135
f 4176/3146 3089/3151 3757/3145
f 4181/3153 4180/3152 4175/3144
f 4179/3150 4181/3153 4175/3144
f 4176/3146 4172/3140 4182/3154
f 4172/3140 4177/3147 4182/3154
f 4183/3156 3083/3149 3761/3155
f 4183/3156 4177/3147 3083/3149
f 3086/3157 3089/3151 4176/3146
f 4184/3158 4174/3143 4178/3148
f 4184/3158 4185/3159 4174/3143
f 4187/3161 4186/3160 4185/3159
f 4184/3158 4187/3161 4185/3159
f 4186/3160 4188/3162 4185/3159
f 3756/3163 4184/3158 4178/3148
f 4191/3166 4190/3165 4189/3164
f 4191/3166 4192/3167 4190/3165
f 4192/3167 4164/3130 4162/3128
f 4191/3166 4164/3130 4192/3167
f 3091/3170 4193/3169 3093/3168
f 4195/3173 4194/3172 3094/3171
f 3094/3171 4194/3172 4196/3174
f 4193/3169 4198/3176 4197/3175
f 4195/3173 4197/3175 4198/3176
f 4191/3166 4199/3177 4164/3130
f 3093/3168 4193/3169 4200/3178
f 4203/3181 4202/3180 4201/3179
f 3094/3171 3097/3182 4195/3173
f 4199/3177 4202/3180 4164/3130
f 4205/3184 4204/3183 4191/3166
f 4206/3185 4205/3184 4191/3166
f 3097/3182 4197/3175 4195/3173
f 4193/3169 4197/3175 4200/3178
f 4191/3166 4204/3183 4199/3177
f 4201/3179 4202/3180 4199/3177
f 4207/3186 4204/3183 4205/3184
f 4206/3185 4208/3187 4205/3184
f 4209/3188 4197/3175 3097/3182
f 4199/3177 4204/3183 4210/3189
f 4211/3190 4199/3177 4210/3189
f 4214/2446 4213/3075 4212/1888
f 4216/2446 4212/3074 4215/3075
f 4219/3075 4218/2446 4217/3074
f 4216/2446 4215/3075 4220/1888
f 4219/3075 4221/1888 4218/2446
f 4224/3074 4223/3075 4222/1888
f 4226/1888 4222/3074 4225/3075
f 4226/3074 4220/3075 4227/1888
f 4230/2446 4229/3075 4228/1888
f 4232/3075 4231/1888 4230/3074
f 4233/3075 4231/2446 4221/3074
f 4235/3075 4233/2446 4234/3074
f 4224/3074 4222/1888 4236/2446
f 4226/1888 4237/2446 4222/3074
f 4226/3074 4227/1888 4238/2446
f 4230/2446 4239/3074 4229/3075
f 4230/3074 4231/1888 4240/2446
f 4233/3075 4241/1888 4231/2446
f 4235/3075 4242/1888 4233/2446
f 4245/1888 4244/3074 4243/3075
f 4247/3075 4245/2446 4246/3074
f 4248/1888 4247/3074 4236/3075
f 4248/2446 4237/3074 4249/3075
f 4249/2446 4238/3074 4250/3075
f 4252/1888 4251/3074 4239/3075
f 4253/3075 4252/2446 4240/3074
f 4254/1888 4253/3074 4241/3075
f 4254/2446 4242/3074 4255/3075
f 4245/1888 4256/2446 4244/3074
f 4247/3075 4257/1888 4245/2446
f 4248/1888 4258/2446 4247/3074
f 4248/2446 4249/3075 4259/1888
f 4249/2446 4250/3075 4260/1888
f 4252/1888 4261/2446 4251/3074
f 4253/3075 4262/1888 4252/2446
f 4254/1888 4263/2446 4253/3074
f 4254/2446 4255/3075 4264/1888
f 4266/2446 4265/3075 4256/1888
f 4267/3074 4266/1888 4257/2446
f 4268/2446 4267/3075 4258/1888
f 4259/2446 4269/3074 4268/1888
f 4269/2446 4260/3074 4270/3075
f 4272/2446 4271/3075 4261/1888
f 4273/3074 4272/1888 4262/2446
f 4274/2446 4273/3075 4263/1888
f 4264/3074 4275/3075 4274/2446
f 4266/2446 4276/3074 4265/3075
f 4267/3074 4277/3075 4266/1888
f 4278/3074 4267/3075 4268/2446
f 4268/1888 4269/3074 4279/3075
f 4269/2446 4270/3075 4280/1888
f 4272/2446 4281/3074 4271/3075
f 4273/3074 4282/3075 4272/1888
f 4283/3074 4273/3075 4274/2446
f 4274/2446 4275/3075 4284/1888
f 4286/1888 4278/2446 4285/3074
f 4285/1888 4279/2446 4287/3074
f 4287/1888 4280/2446 4288/3074
f 4290/1888 4289/3074 4281/3075
f 4282/3074 4291/3075 4290/2446
f 4283/3075 4292/1888 4291/3074
f 4284/3074 4293/3075 4292/2446
f 4286/1888 4285/3074 4294/3075
f 4285/1888 4287/3074 4295/3075
f 4287/1888 4288/3074 4296/3075
f 4290/1888 4297/2446 4289/3074
f 4290/2446 4291/3075 4298/1888
f 4291/3074 4292/1888 4299/2446
f 4292/2446 4293/3075 4300/1888
f 4302/2446 4296/3074 4301/3075
f 4299/1888 4304/2446 4303/3075
f 4302/2446 4301/3075 4305/1888
f 4303/3075 4304/2446 4306/3074
f 4308/2446 4305/3074 4307/3075
f 4310/2446 4306/3074 4309/3075
f 4309/1888 4312/2446 4311/3074
usemtl texture13
f 2832/1272 4313/3191 2834/1269
f 2836/1269 4313/3191 2832/1272
f 2834/1269 4313/3191 2837/3192
f 2837/3192 4313/3191 2836/1269
f 2840/3192 4314/3191 2842/1269
f 2844/1269 4314/3191 2840/3192
f 2842/1269 4314/3191 2845/1272
f 2845/1272 4314/3191 2844/1269
f 2848/1272 4315/3191 2850/1269
f 2852/1269 4315/3191 2848/1272
f 2850/1269 4315/3191 2853/3192
f 2853/3192 4315/3191 2852/1269
f 4318/3195 4317/3194 4316/3193
f 4317/3194 4319/3196 4316/3193
f 4317/3199 4321/3198 4320/3197
f 4321/3198 4322/3200 4320/3197
f 4318/3194 4324/3196 4323/3195
f 4323/3195 4324/3196 4325/3193
f 4321/3199 4327/3198 4326/3197
f 4327/3198 4328/3200 4326/3197
f 4330/3203 4323/3202 4329/3201
f 4323/3202 4331/3204 4329/3201
f 4330/3203 4332/3201 4327/3202
f 4332/3201 4333/3204 4327/3202
f 4336/3199 4335/3198 4334/3197
f 4335/3198 4337/3200 4334/3197
f 4335/3199 4339/3198 4338/3197
f 4339/3198 4340/3200 4338/3197
f 4342/3195 4336/3194 4341/3193
f 4336/3194 4343/3196 4341/3193
f 4345/3203 4344/3201 4339/3202
f 4344/3201 4346/3204 4339/3202
f 4348/3195 4342/3194 4347/3193
f 4342/3194 4349/3196 4347/3193
f 4348/3202 4350/3204 4345/3203
f 4345/3203 4350/3204 4351/3201
f 4353/3207 4352/3206 3314/3205
f 4352/3206 3313/3208 3314/3205
f 4354/3206 4353/3207 3315/3208
f 4353/3207 3314/3205 3315/3208
f 4355/3207 4354/3206 3316/3205
f 4354/3206 3315/3208 3316/3205
f 4356/3206 4355/3207 3317/3208
f 4355/3207 3316/3205 3317/3208
f 4357/3207 4356/3206 3318/3205
f 4356/3206 3317/3208 3318/3205
f 4358/3206 4357/3207 3319/3208
f 4357/3207 3318/3205 3319/3208
f 4359/3207 4358/3206 3320/3205
f 4358/3206 3319/3208 3320/3205
f 4361/3206 3323/3208 4360/3207
f 3323/3208 3321/3205 4360/3207
f 4362/3207 3324/3205 4361/3206
f 3324/3205 3323/3208 4361/3206
f 4363/3206 3326/3208 4362/3207
f 3326/3208 3324/3205 4362/3207
f 4360/3207 3321/3205 4364/3206
f 3321/3205 3325/3208 4364/3206
f 4364/3206 3325/3208 4365/3207
f 3325/3208 3328/3205 4365/3207
f 4366/3207 3327/3205 4363/3206
f 3327/3205 3326/3208 4363/3206
f 4365/3207 3328/3205 4367/3206
f 3328/3205 3329/3208 4367/3206
f 4368/3206 3330/3208 4366/3207
f 3330/3208 3327/3205 4366/3207
f 4367/3206 3329/3208 4369/3207
f 3329/3208 3331/3205 4369/3207
f 4370/3207 3332/3205 4368/3206
f 3332/3205 3330/3208 4368/3206
f 4369/3207 3331/3205 4371/3206
f 3331/3205 3334/3208 4371/3206
f 4372/3206 3333/3208 4370/3207
f 3333/3208 3332/3205 4370/3207
f 4373/3207 3336/3205 4372/3206
f 3336/3205 3333/3208 4372/3206
f 4371/3206 3334/3208 4374/3207
f 3334/3208 3335/3205 4374/3207
f 4374/3207 3335/3205 4375/3206
f 3335/3205 3337/3208 4375/3206
f 4375/3206 3337/3208 4373/3207
f 3337/3208 3336/3205 4373/3207
f 4377/3206 3340/3208 4376/3207
f 3340/3208 3338/3205 4376/3207
f 4378/3207 3341/3205 4377/3206
f 3341/3205 3340/3208 4377/3206
f 4379/3206 3343/3208 4378/3207
f 3343/3208 3341/3205 4378/3207
f 4376/3207 3338/3205 4380/3206
f 3338/3205 3342/3208 4380/3206
f 4380/3206 3342/3208 4381/3207
f 3342/3208 3345/3205 4381/3207
f 4382/3207 3344/3205 4379/3206
f 3344/3205 3343/3208 4379/3206
f 4381/3207 3345/3205 4383/3206
f 3345/3205 3346/3208 4383/3206
f 4384/3206 3347/3208 4382/3207
f 3347/3208 3344/3205 4382/3207
f 4383/3206 3346/3208 4385/3207
f 3346/3208 3348/3205 4385/3207
f 4386/3207 3349/3205 4384/3206
f 3349/3205 3347/3208 4384/3206
f 4385/3207 3348/3205 4387/3206
f 3348/3205 3351/3208 4387/3206
f 4388/3206 3350/3208 4386/3207
f 3350/3208 3349/3205 4386/3207
f 4389/3207 3353/3205 4388/3206
f 3353/3205 3350/3208 4388/3206
f 4387/3206 3351/3208 4390/3207
f 3351/3208 3352/3205 4390/3207
f 4390/3207 3352/3205 4391/3206
f 3352/3205 3354/3208 4391/3206
f 4391/3206 3354/3208 4389/3207
f 3354/3208 3353/3205 4389/3207
f 4394/3203 4393/3202 4392/3201
f 4393/3202 4395/3204 4392/3201
f 4397/3203 4394/3202 4396/3201
f 4394/3202 4398/3204 4396/3201
f 4400/3195 4399/3193 4393/3194
f 4399/3193 4401/3196 4393/3194
f 4403/3199 4397/3198 4402/3197
f 4397/3198 4404/3200 4402/3197
f 4406/3194 4405/3196 4400/3195
f 4400/3195 4405/3196 4407/3193
f 4406/3199 4403/3198 4408/3197
f 4403/3198 4409/3200 4408/3197
f 4412/3199 4411/3198 4410/3197
f 4411/3198 4413/3200 4410/3197
f 4415/3195 4412/3194 4414/3193
f 4412/3194 4416/3196 4414/3193
f 4411/3199 4418/3198 4417/3197
f 4418/3198 4419/3200 4417/3197
f 4415/3194 4421/3196 4420/3195
f 4420/3195 4421/3196 4422/3193
f 4424/3203 4423/3201 4418/3202
f 4423/3201 4425/3204 4418/3202
f 4424/3203 4420/3202 4426/3201
f 4420/3202 4427/3204 4426/3201
f 4429/3211 3358/3210 4428/3209
f 3358/3210 3357/3212 4428/3209
f 4430/3209 3359/3212 4429/3211
f 3359/3212 3358/3210 4429/3211
f 4431/3211 3360/3210 4430/3209
f 3360/3210 3359/3212 4430/3209
f 4432/3209 3361/3212 4431/3211
f 3361/3212 3360/3210 4431/3211
f 4434/3211 3363/3210 4433/3209
f 3363/3210 3362/3212 4433/3209
f 4435/3211 3364/3210 4432/3209
f 3364/3210 3361/3212 4432/3209
f 4433/3209 3362/3212 4435/3211
f 3362/3212 3364/3210 4435/3211
f 4428/3209 3357/3212 4436/3211
f 4439/3199 4438/3198 4437/3197
f 4438/3198 4440/3200 4437/3197
f 4438/3199 4001/3198 4441/3197
f 4001/3198 4442/3200 4441/3197
f 4444/3195 4439/3194 4443/3193
f 4439/3194 4445/3196 4443/3193
f 4002/3203 4446/3201 4001/3202
f 4446/3201 4447/3204 4001/3202
f 4444/3194 4449/3196 4448/3195
f 4448/3195 4449/3196 4450/3193
f 4448/3202 4451/3204 4002/3203
f 4002/3203 4451/3204 4452/3201
f 4454/3211 4453/3209 3367/3210
f 4453/3209 3366/3212 3367/3210
f 4453/3209 4455/3211 3366/3212
f 4455/3211 3368/3210 3366/3212
f 4456/3209 4454/3211 3369/3212
f 4454/3211 3367/3210 3369/3212
f 4455/3211 4457/3209 3368/3210
f 4457/3209 3370/3212 3368/3210
f 4458/3211 4456/3209 3371/3210
f 4456/3209 3369/3212 3371/3210
f 4457/3209 4459/3211 3370/3212
f 4459/3211 3372/3210 3370/3212
f 4460/3209 4458/3211 3373/3212
f 4458/3211 3371/3210 3373/3212
f 4459/3211 4461/3209 3372/3210
f 4461/3209 3374/3212 3372/3210
f 4462/3211 4460/3209 3375/3210
f 4460/3209 3373/3212 3375/3210
f 4461/3209 4463/3211 3374/3212
f 4463/3211 3376/3210 3374/3212
f 4464/3209 4462/3211 3377/3212
f 4462/3211 3375/3210 3377/3212
f 4463/3211 4465/3209 3376/3210
f 4465/3209 3378/3212 3376/3210
f 4466/3211 4464/3209 3379/3210
f 4464/3209 3377/3212 3379/3210
f 4465/3209 4467/3211 3378/3212
f 4467/3211 3380/3210 3378/3212
f 4468/3209 4466/3211 3381/3212
f 4466/3211 3379/3210 3381/3212
f 4467/3211 4468/3209 3380/3210
f 4468/3209 3381/3212 3380/3210
f 4470/3211 4469/3209 3384/3210
f 4469/3209 3383/3212 3384/3210
f 4469/3209 4471/3211 3383/3212
f 4471/3211 3385/3210 3383/3212
f 4472/3209 4470/3211 3386/3212
f 4470/3211 3384/3210 3386/3212
f 4471/3211 4473/3209 3385/3210
f 4473/3209 3387/3212 3385/3210
f 4474/3211 4472/3209 3388/3210
f 4472/3209 3386/3212 3388/3210
f 4473/3209 4475/3211 3387/3212
f 4475/3211 3389/3210 3387/3212
f 4476/3209 4474/3211 3390/3212
f 4474/3211 3388/3210 3390/3212
f 4475/3211 4477/3209 3389/3210
f 4477/3209 3391/3212 3389/3210
f 4478/3211 4476/3209 3392/3210
f 4476/3209 3390/3212 3392/3210
f 4477/3209 4479/3211 3391/3212
f 4479/3211 3393/3210 3391/3212
f 4480/3209 4478/3211 3394/3212
f 4478/3211 3392/3210 3394/3212
f 4479/3211 4481/3209 3393/3210
f 4481/3209 3395/3212 3393/3210
f 4482/3211 4480/3209 3396/3210
f 4480/3209 3394/3212 3396/3210
f 4481/3209 4483/3211 3395/3212
f 4483/3211 3397/3210 3395/3212
f 4484/3209 4482/3211 3398/3212
f 4482/3211 3396/3210 3398/3212
f 4483/3211 4484/3209 3397/3210
f 4484/3209 3398/3212 3397/3210
f 2690/3215 2686/3214 4485/3213
f 4486/3216 4485/3213 2686/3214
f 2692/3215 2690/3214 4487/3213
f 4485/3216 4487/3213 2690/3214
f 2694/3215 2692/3214 4488/3213
f 4487/3216 4488/3213 2692/3214
f 2696/3215 2694/3214 4489/3213
f 4488/3216 4489/3213 2694/3214
f 2689/3191 4486/2782 2686/3217
f 4489/1271 2699/3219 2696/3218
f 4492/3206 4491/3207 4490/3220
f 4491/3207 4493/3221 4490/3220
f 4491/3207 4494/3206 4493/3221
f 4494/3206 4495/3220 4493/3221
f 4494/3206 4496/3207 4495/3220
f 4496/3207 4497/3221 4495/3220
f 4496/3207 4498/3206 4497/3221
f 4498/3206 4499/3220 4497/3221
f 4498/3206 4500/3207 4499/3220
f 4500/3207 4501/3221 4499/3220
f 4500/3207 4502/3206 4501/3221
f 4502/3206 4503/3220 4501/3221
f 4502/3206 4504/3207 4503/3220
f 4504/3207 4505/3221 4503/3220
f 4504/3207 4506/3206 4505/3221
f 4506/3206 4507/3220 4505/3221
f 4509/3207 4508/3206 3481/3221
f 4508/3206 3480/3220 3481/3221
f 4508/3206 4510/3207 3480/3220
f 4510/3207 3483/3221 3480/3220
f 4511/3206 4509/3207 3484/3220
f 4509/3207 3481/3221 3484/3220
f 4510/3207 4512/3206 3483/3221
f 4512/3206 3485/3220 3483/3221
f 4513/3207 4511/3206 3486/3221
f 4511/3206 3484/3220 3486/3221
f 4514/3206 4513/3207 3487/3220
f 4513/3207 3486/3221 3487/3220
f 4515/3207 4514/3206 3488/3221
f 4514/3206 3487/3220 3488/3221
f 4516/3206 4515/3207 3489/3220
f 4515/3207 3488/3221 3489/3220
f 4517/3207 4516/3206 3490/3221
f 4516/3206 3489/3220 3490/3221
f 4519/3206 4518/3207 3491/3220
f 4518/3207 3492/3221 3491/3220
f 4520/3206 4517/3207 3493/3220
f 4517/3207 3490/3221 3493/3220
f 4518/3207 4520/3206 3492/3221
f 4520/3206 3493/3220 3492/3221
f 3774/2446 3775/3074 3778/1269
f 3775/3074 3777/1271 3778/1269
f 3788/2446 3789/3074 3792/1269
f 3789/3074 3791/1271 3792/1269
f 3802/2446 3803/2607 3526/1269
f 3803/2607 3525/3192 3526/1269
usemtl texture14
f 4523/3224 4522/3223 4521/3222
f 4524/3225 4521/3222 4522/3223
f 4525/3228 3966/3227 4524/3226
f 3966/3227 4521/3229 4524/3226
f 4525/3232 4526/3231 3966/3230
f 4526/3231 3964/3233 3966/3230
f 4528/3236 3964/3235 4527/3234
f 4527/3234 3964/3235 4526/3237
f 4530/3240 4529/3239 4527/3238
f 4529/3239 4528/3241 4527/3238
f 4532/3244 4529/3243 4531/3242
f 4529/3243 4530/3245 4531/3242
f 4535/3248 4534/3247 4533/3246
f 4534/3247 4536/3249 4533/3246
f 4532/3252 4531/3251 3976/3250
f 3976/3250 4531/3251 4537/3253
f 4539/3256 4538/3255 4536/3254
f 4538/3255 4533/3257 4536/3254
f 4535/3260 4540/3259 4534/3258
f 4541/3261 4534/3258 4540/3259
f 4539/3264 3976/3263 4538/3262
f 3976/3263 4537/3265 4538/3262
f 4543/3267 4542/3266 4540/3259
f 4542/3266 4541/3261 4540/3259
f 4545/3270 3959/3269 4544/3268
f 4544/3268 3959/3269 4546/3271
f 4545/3274 4547/3273 3959/3272
f 4547/3273 4548/3275 3959/3272
f 4544/3268 4546/3271 4549/3276
f 4546/3271 3960/3277 4549/3276
f 3975/3280 4542/3279 4550/3278
f 4542/3279 4543/3281 4550/3278
f 4552/3283 4548/3275 4551/3282
f 4551/3282 4548/3275 4547/3273
f 3975/3285 4550/3284 3960/3277
f 3960/3277 4550/3284 4549/3276
f 4555/3288 4554/3287 4553/3286
f 4553/3286 4554/3287 4556/3289
f 4554/3287 4557/3290 4556/3289
f 4556/3289 4557/3290 4558/3291
f 4555/3294 4553/3293 4559/3292
f 4560/3295 4559/3292 4553/3293
f 4560/3295 4561/3296 4559/3292
f 4561/3296 4562/3297 4559/3292
f 4565/3300 4564/3299 4563/3298
f 4564/3299 4566/3301 4563/3298
f 4568/3303 4567/3302 4561/3296
f 4567/3302 4562/3297 4561/3296
f 4566/3301 4564/3299 4569/3304
f 4570/3305 4569/3304 4564/3299
f 4565/3280 4563/3307 4571/3306
f 4571/3306 4563/3307 4572/3308
f 4568/3310 4569/3304 4567/3309
f 4569/3304 4570/3305 4567/3309
f 4574/3312 4573/3311 4572/3308
f 4571/3306 4572/3308 4573/3311
f 4574/3315 4575/3314 4573/3313
f 4573/3313 4575/3314 4576/3316
f 4578/3319 4577/3318 4575/3317
f 4577/3318 4576/3320 4575/3317
f 4580/3323 4577/3322 4579/3321
f 4577/3322 4578/3324 4579/3321
f 4580/3327 4579/3326 4581/3325
f 4579/3326 4582/3328 4581/3325
f 4581/3325 4582/3328 4583/3329
f 4583/3329 4582/3328 4584/3330
f 4586/3332 4585/3331 4584/3330
f 4584/3330 4585/3331 4583/3329
f 4586/3335 4587/3334 4585/3333
f 4587/3334 4588/3336 4585/3333
f 4590/3338 4588/3336 4589/3337
f 4587/3334 4589/3337 4588/3336
f 4590/3341 4589/3340 4591/3339
f 4589/3340 4592/3342 4591/3339
f 4591/3339 4592/3342 4593/3343
f 4592/3342 4594/3344 4593/3343
f 4596/3346 4593/3343 4595/3345
f 4594/3344 4595/3345 4593/3343
f 4599/3349 4598/3348 4597/3347
f 4598/3348 4600/3350 4597/3347
f 4597/3353 4602/3352 4601/3351
f 4601/3351 4602/3352 4603/3354
f 4599/3357 4605/3356 4604/3355
f 4605/3356 4606/3358 4604/3355
f 4603/3354 4607/3359 4601/3351
f 4601/3351 4607/3359 4608/3360
f 4611/3363 4610/3362 4609/3361
f 4605/3364 4609/3361 4610/3362
f 4608/3367 4613/3366 4612/3365
f 4612/3365 4613/3366 4614/3368
f 4611/3363 4609/3361 4615/3369
f 4609/3361 4616/3370 4615/3369
f 4614/3368 4617/3371 4612/3365
f 4612/3365 4617/3371 4618/3372
f 4618/3357 4620/3355 4619/3356
f 4619/3356 4620/3355 4621/3358
f 4623/3356 4622/3358 4616/3357
f 4616/3357 4622/3358 4624/3355
f 4627/3375 4626/3374 4625/3373
f 4626/3374 4628/3376 4625/3373
f 4627/3375 4629/3377 4626/3374
f 4623/3378 4626/3374 4629/3377
f 4631/3381 4619/3380 4630/3379
f 4630/3379 4619/3380 4632/3382
f 4628/3356 4631/3357 4633/3358
f 4631/3357 4634/3355 4633/3358
f 4637/3385 4636/3384 4635/3383
f 4636/3384 4638/3386 4635/3383
f 4640/3389 4635/3388 4639/3387
f 4641/3390 4639/3387 4635/3388
f 4644/3393 4643/3392 4642/3391
f 4642/3391 4643/3392 4637/3394
f 4644/3393 4642/3391 4645/3395
f 4646/3396 4645/3395 4642/3391
f 4648/3385 4640/3383 4647/3384
f 4640/3383 4649/3386 4647/3384
f 4651/3399 4650/3398 4646/3397
f 4650/3398 4652/3400 4646/3397
f 4648/3403 4654/3402 4653/3401
f 4653/3401 4654/3402 4655/3404
f 4657/3406 4653/3401 4656/3405
f 4653/3401 4655/3404 4656/3405
f 4660/3409 4659/3408 4658/3407
f 4658/3407 4659/3408 4651/3410
f 4660/3409 4658/3407 4661/3411
f 4662/3412 4661/3411 4658/3407
f 4657/3415 4664/3414 4663/3413
f 4663/3413 4664/3414 4665/3416
f 4667/3406 4663/3413 4666/3405
f 4663/3413 4665/3416 4666/3405
f 4669/3419 4668/3418 4662/3417
f 4668/3418 4670/3420 4662/3417
f 4667/3423 4672/3422 4671/3421
f 4672/3422 4673/3424 4671/3421
f 4675/3426 4671/3421 4674/3425
f 4671/3421 4673/3424 4674/3425
f 4678/3429 4677/3428 4676/3427
f 4669/3430 4676/3427 4677/3428
f 4678/3429 4676/3427 4679/3431
f 4676/3427 4680/3432 4679/3431
f 4682/3435 4675/3434 4681/3433
f 4675/3434 4683/3436 4681/3433
f 4680/3439 4682/3438 4684/3437
f 4682/3438 4685/3440 4684/3437
f 4688/3443 4687/3442 4686/3441
f 4687/3442 3576/3444 4686/3441
f 4690/3443 3580/3442 4689/3445
f 3580/3442 4691/3446 4689/3445
f 4694/3449 4693/3448 4692/3447
f 4693/3448 4695/3450 4692/3447
f 2496/3448 4697/3450 4696/3449
f 4697/3450 4698/3447 4696/3449
f 4701/3449 4700/3448 4699/3447
f 4700/3448 4702/3450 4699/3447
f 4704/3449 4703/3447 2521/3448
f 4703/3447 4705/3450 2521/3448
f 2960/3453 4707/3452 4706/3451
f 4707/3452 4708/3454 4706/3451
f 4711/3457 4710/3456 4709/3455
f 4710/3456 4712/3458 4709/3455
f 4714/3461 4713/3460 4709/3459
f 4709/3459 4713/3460 4711/3462
f 4714/3465 4715/3464 4713/3463
f 4713/3463 4715/3464 4716/3466
f 4716/3462 4715/3468 4717/3467
f 4715/3468 2866/3469 4717/3467
f 4720/3472 4719/3471 4718/3470
f 4718/3470 4719/3471 2874/3473
f 4720/3457 4718/3455 4721/3474
f 4721/3474 4718/3455 4722/3475
f 4722/3478 4723/3477 4721/3476
f 4721/3476 4723/3477 4724/3479
f 4724/3462 4723/3468 4725/3467
f 4723/3468 4726/3469 4725/3467
f 4729/3482 4728/3481 4727/3480
f 4728/3481 4006/3483 4727/3480
f 4731/3485 4730/3484 4006/3483
f 4727/3480 4006/3483 4730/3484
f 4731/3488 4009/3487 4730/3486
f 4730/3486 4009/3487 4732/3489
f 4733/3491 4732/3489 4011/3490
f 4732/3489 4009/3487 4011/3490
f 4733/3494 4011/3493 4734/3492
f 4011/3493 4735/3495 4734/3492
f 4008/3497 4736/3496 4735/3495
f 4736/3496 4734/3492 4735/3495
f 4738/3500 4022/3499 4737/3498
f 4737/3498 4022/3499 4739/3501
f 4742/3504 4741/3503 4740/3502
f 4741/3503 4014/3505 4740/3502
f 4744/3507 4743/3506 4741/3503
f 4741/3503 4743/3506 4014/3505
f 4742/3510 4740/3509 4745/3508
f 4745/3508 4740/3509 4746/3511
f 4748/3514 4747/3513 4018/3512
f 4747/3513 4749/3515 4018/3512
f 4750/3517 4024/3516 4738/3500
f 4738/3500 4024/3516 4022/3499
f 4748/3520 4018/3519 4751/3518
f 4751/3518 4018/3519 4752/3521
f 4753/3523 4023/3522 4747/3513
f 4747/3513 4023/3522 4749/3515
f 4755/3526 4754/3525 4746/3524
f 4745/3527 4746/3524 4754/3525
f 4755/3529 4023/3522 4754/3528
f 4753/3523 4754/3528 4023/3522
f 4757/3532 4756/3531 3985/3530
f 4758/3533 3985/3530 4756/3531
f 4757/3536 4759/3535 4756/3534
f 4756/3534 4759/3535 4760/3537
f 4762/3539 4761/3538 4758/3533
f 4761/3538 3985/3530 4758/3533
f 4762/3542 4763/3541 4761/3540
f 4763/3541 4764/3543 4761/3540
f 4767/3546 4766/3545 4765/3544
f 4766/3545 4768/3547 4765/3544
f 4763/3550 4770/3549 4769/3548
f 4770/3549 4771/3551 4769/3548
f 4773/3553 4760/3537 4772/3552
f 4759/3535 4772/3552 4760/3537
f 4773/3555 4772/3554 4766/3545
f 4772/3554 4768/3547 4766/3545
f 4775/3557 4774/3556 4770/3549
f 4774/3556 4771/3551 4770/3549
f 4778/3560 4777/3559 4776/3558
f 4777/3559 3995/3561 4776/3558
f 4780/3564 4776/3563 4779/3562
f 4776/3563 3995/3565 4779/3562
f 4780/3568 4779/3567 4781/3566
f 4781/3566 4779/3567 3997/3569
f 4783/3571 4782/3570 3997/3569
f 4782/3570 4781/3566 3997/3569
f 4783/3574 4784/3573 4782/3572
f 4785/3575 4782/3572 4784/3573
f 4786/3578 4785/3577 4001/3576
f 4784/3579 4001/3576 4785/3577
f 2969/3582 4788/3581 4787/3580
f 4788/3581 4789/3583 4787/3580
f 4792/3586 4791/3585 4790/3584
f 4791/3585 3949/3587 4790/3584
f 4794/3590 3931/3589 4793/3588
f 3931/3589 3570/3591 4793/3588
f 4796/3590 3574/3589 4795/3588
f 3574/3589 3935/3591 4795/3588
f 4799/3594 4798/3593 4797/3592
f 4798/3593 4800/3595 4797/3592
f 4799/3598 4801/3597 4798/3596
f 4802/3599 4798/3596 4801/3597
f 4802/3601 4801/3074 4803/3600
f 4803/3600 4801/3074 4804/3602
f 4804/3605 4805/3604 4803/3603
f 4806/3606 4803/3603 4805/3604
f 4808/3608 4806/3607 4807/3604
f 4807/3604 4806/3607 4805/3609
f 4811/3612 4810/3611 4809/3610
f 4809/3610 4810/3611 4812/3613
f 4811/3616 4809/3615 4813/3614
f 4814/3617 4813/3614 4809/3615
f 4817/3620 4816/3619 4815/3618
f 4816/3619 4818/3621 4815/3618
f 4820/3623 4812/3613 4819/3622
f 4812/3613 4810/3611 4819/3622
f 4823/3626 4822/3625 4821/3624
f 4822/3625 4824/3627 4821/3624
f 4823/3630 4821/3629 4825/3628
f 4821/3629 4826/3631 4825/3628
f 4828/3634 4827/3633 4807/3632
f 4827/3633 4808/3635 4807/3632
f 4830/3637 4829/3636 4814/3617
f 4829/3636 4813/3614 4814/3617
f 4832/3640 4831/3639 4822/3638
f 4831/3639 4824/3641 4822/3638
f 4815/3074 4818/3638 4833/3642
f 4818/3638 4834/3643 4833/3642
f 4820/3646 4819/3645 4835/3644
f 4819/3645 4836/3647 4835/3644
f 4828/3650 4835/3649 4827/3648
f 4835/3649 4836/3651 4827/3648
f 4838/3652 4837/3625 4826/3074
f 4837/3625 4825/3638 4826/3074
f 4838/3654 4833/3642 4837/3653
f 4834/3643 4837/3653 4833/3642
f 4840/3656 4831/3655 4839/3625
f 4831/3655 4832/3657 4839/3625
f 4840/3660 4839/3659 4830/3658
f 4839/3659 4829/3661 4830/3658
f 4843/3664 4842/3663 4841/3662
f 4842/3663 4844/3665 4841/3662
f 4844/3668 4842/3667 4845/3666
f 4842/3667 4846/3669 4845/3666
f 4846/3672 4847/3671 4845/3670
f 4845/3670 4847/3671 4848/3673
f 4851/3676 4850/3675 4849/3674
f 4849/3674 4850/3675 4852/3677
f 4851/3680 4849/3679 4853/3678
f 4849/3679 4854/3681 4853/3678
f 4843/3684 4841/3683 4855/3682
f 4855/3682 4841/3683 4856/3685
f 4854/3688 4848/3687 4853/3686
f 4848/3687 4847/3689 4853/3686
f 4858/3691 4857/3690 4850/3675
f 4852/3677 4850/3675 4857/3690
f 4855/3694 4856/3693 3938/3692
f 3938/3692 4856/3693 4859/3695
f 3938/3698 4859/3697 4860/3696
f 4859/3697 4861/3699 4860/3696
f 4863/3702 4862/3701 4861/3700
f 4862/3701 4860/3703 4861/3700
f 4863/3706 4864/3705 4862/3704
f 4865/3707 4862/3704 4864/3705
f 4865/3707 4864/3705 4866/3708
f 4866/3708 4864/3705 4867/3709
f 4869/3712 4866/3711 4868/3710
f 4866/3711 4867/3713 4868/3710
f 4869/3716 4868/3715 3944/3714
f 3944/3714 4868/3715 4870/3717
f 4870/3717 4871/3718 3944/3714
f 4872/3719 3944/3714 4871/3718
f 4874/3721 4873/3720 4871/3718
f 4871/3718 4873/3720 4872/3719
f 4874/3690 4875/3723 4873/3722
f 4875/3723 4876/3724 4873/3722
f 4878/3726 4876/3219 4877/3725
f 4877/3725 4876/3219 4875/3727
f 4878/3730 4877/3729 4879/3728
f 4880/3731 4879/3728 4877/3729
f 3951/3219 4882/3690 4881/3732
f 4883/3733 4881/3732 4882/3690
f 4879/3736 4880/3735 3951/3734
f 4882/3737 3951/3734 4880/3735
f 4886/3740 4885/3739 4884/3738
f 4885/3739 4887/3741 4884/3738
f 4886/3744 4888/3743 4885/3742
f 4889/3745 4885/3742 4888/3743
f 4891/3748 4889/3747 4890/3746
f 4889/3747 4888/3749 4890/3746
f 4891/3662 4890/3751 4892/3750
f 4892/3750 4890/3751 4893/3752
f 4895/3755 4894/3754 4893/3753
f 4894/3754 4892/3756 4893/3753
f 4895/3669 4896/3757 4894/3666
f 4896/3757 4897/3758 4894/3666
f 4900/3761 4899/3760 4898/3759
f 4898/3759 4899/3760 4901/3762
f 4903/3764 4902/3763 4896/3757
f 4902/3763 4897/3758 4896/3757
f 4900/3767 4898/3766 4904/3765
f 4905/3768 4904/3765 4898/3766
f 4903/3684 4901/3762 4902/3769
f 4901/3762 4899/3760 4902/3769
f 4907/3771 4904/3765 4906/3770
f 4906/3770 4904/3765 4905/3768
f 4910/3774 4909/3773 4908/3772
f 4909/3773 4911/3775 4908/3772
f 4913/3712 4912/3710 4906/3711
f 4912/3710 4907/3713 4906/3711
f 4909/3773 4914/3776 4911/3775
f 4911/3775 4914/3776 4915/3777
f 4910/3780 4908/3779 4916/3778
f 4908/3779 4917/3781 4916/3778
f 4913/3783 4915/3777 4912/3782
f 4915/3777 4914/3776 4912/3782
f 4919/3785 4918/3784 4917/3781
f 4918/3784 4916/3778 4917/3781
f 4919/3788 4920/3787 4918/3786
f 4921/3789 4918/3786 4920/3787
f 4922/3792 4145/3791 4146/3790
f 4922/3792 4146/3790 4923/3793
f 4146/3790 4924/3794 4923/3793
f 4924/3794 4149/3795 4923/3793
f 4923/3793 4149/3795 4150/3796
f 4927/3799 4926/3798 4925/3797
f 4928/3800 4925/3797 4926/3798
f 4174/3803 4929/3802 4179/3801
f 4179/3801 4929/3802 4930/3804
f 4174/3807 4185/3806 4929/3805
f 4185/3806 4931/3808 4929/3805
f 4928/3811 4926/3810 4932/3809
f 4932/3809 4926/3810 4181/3812
f 4932/3815 4181/3814 4930/3813
f 4181/3814 4179/3816 4930/3813
f 4933/3819 4931/3818 4188/3817
f 4185/3820 4188/3817 4931/3818
f 4935/3823 4186/3822 4934/3821
f 4936/3824 4934/3821 4186/3822
f 4936/3827 4937/3826 4934/3825
f 4937/3826 4938/3828 4934/3825
f 4933/3831 4188/3830 4935/3829
f 4188/3830 4186/3832 4935/3829
f 4940/3835 4939/3834 4937/3833
f 4937/3833 4939/3834 4938/3836
f 4940/3839 4190/3838 4939/3837
f 4190/3838 4941/3840 4939/3837
f 4943/3843 4942/3842 4190/3841
f 4190/3841 4942/3842 4941/3844
f 4943/3847 4944/3846 4942/3845
f 4942/3845 4944/3846 4945/3848
f 4946/3850 4945/3848 4165/3849
f 4945/3848 4944/3846 4165/3849
f 4946/3853 4165/3852 4947/3851
f 4165/3852 4163/3854 4947/3851
f 4164/3857 4948/3856 4163/3855
f 4947/3858 4163/3855 4948/3856
f 4164/3861 4949/3860 4948/3859
f 4948/3859 4949/3860 4950/3862
f 4951/3865 4950/3864 4203/3863
f 4950/3864 4949/3866 4203/3863
f 4951/3869 4203/3868 4952/3867
f 4203/3868 4953/3870 4952/3867
f 3749/3873 4954/3872 4166/3871
f 4954/3872 4955/3874 4166/3871
f 4958/3871 4957/3873 4956/3874
f 4957/3873 3750/3872 4956/3874
f 4960/3871 4959/3873 3751/3874
f 4959/3873 4961/3872 3751/3874
f 4963/3871 4962/3874 3753/3873
f 4962/3874 4964/3872 3753/3873
f 4967/3591 4966/3589 4965/3588
f 4966/3589 2583/3590 4965/3588
f 4136/3589 4969/3590 4968/3591
f 4969/3590 4970/3588 4968/3591
f 4973/3589 4972/3590 4971/3591
f 4971/3591 4972/3590 2568/3588
f 4976/3591 4975/3588 4974/3589
f 4975/3588 4977/3590 4974/3589
usemtl texture15
f 4317/3877 4320/3876 4319/3875
f 4324/3876 4318/3877 4316/3875
f 4322/3876 4321/3877 4326/3875
f 4331/3876 4323/3877 4325/3875
f 4328/3876 4327/3877 4333/3875
f 4332/3876 4330/3877 4329/3875
f 4337/3876 4335/3877 4338/3875
f 4336/3877 4334/3876 4343/3875
f 4340/3876 4339/3877 4346/3875
f 4349/3876 4342/3877 4341/3875
f 4344/3876 4345/3877 4351/3875
f 4350/3876 4348/3877 4347/3875
f 4602/3880 4597/3879 4600/3878
f 4598/3880 4599/3879 4604/3878
f 4608/3879 4607/3880 4613/3878
f 4605/3879 4610/3880 4606/3878
f 4620/3880 4618/3879 4617/3878
f 4616/3879 4624/3880 4615/3878
f 4632/3880 4619/3879 4621/3878
f 4623/3879 4629/3880 4622/3878
f 4628/3879 4633/3880 4625/3878
f 4634/3880 4631/3879 4630/3878
f 4638/3883 4641/3882 4635/3881
f 4637/3881 4643/3882 4636/3883
f 4649/3882 4640/3881 4639/3883
f 4646/3881 4652/3882 4645/3883
f 4647/3883 4654/3882 4648/3881
f 4651/3881 4659/3882 4650/3883
f 4662/3881 4670/3882 4661/3883
f 4657/3881 4656/3882 4664/3883
f 4666/3883 4672/3882 4667/3881
f 4677/3883 4668/3882 4669/3881
f 4674/3883 4683/3882 4675/3881
f 4680/3881 4684/3882 4679/3883
f 4682/3881 4681/3882 4685/3883
f 4398/3876 4394/3877 4392/3875
f 4395/3876 4393/3877 4401/3875
f 4397/3877 4396/3876 4404/3875
f 4399/3876 4400/3877 4407/3875
f 4409/3876 4403/3877 4402/3875
f 4405/3876 4406/3877 4408/3875
f 4412/3877 4410/3876 4416/3875
f 4413/3876 4411/3877 4417/3875
f 4421/3876 4415/3877 4414/3875
f 4419/3876 4418/3877 4425/3875
f 4427/3876 4420/3877 4422/3875
f 4423/3876 4424/3877 4426/3875
f 4440/3876 4438/3877 4441/3875
f 4439/3877 4437/3876 4445/3875
f 4442/3876 4001/3877 4447/3875
f 4449/3876 4444/3877 4443/3875
f 4446/3876 4002/3877 4452/3875
f 4451/3876 4448/3877 4450/3875
usemtl texture16
f 3292/3886 3289/3885 3290/3884
f 3295/3886 3299/3884 3297/3885
f 3304/3886 3301/3885 3302/3884
f 3307/3886 3311/3884 3309/3885
f 4979/1271 4978/3887 3356/1951
f 4979/1271 3356/1951 4980/1269
f 3624/1951 3622/1271 3645/1269
f 4981/1951 4024/1269 3530/1271
f 3534/1951 4025/1269 4981/1271
f 4984/1951 4983/1269 4982/1271
f 4982/1951 4985/1269 3698/1271
f 4988/1951 4987/1269 4986/1271
f 4986/1951 4021/1269 3534/1271
f 4991/1951 4990/1271 4989/1269
f 4990/1951 4993/1271 4992/1269
f 4993/1951 4995/1271 4994/1269
f 4997/1269 4995/1951 4996/1271
f 4999/1269 4996/1951 4998/1271
f 3685/1951 3686/1271 3560/1269
f 5002/1951 5001/1269 5000/1271
f 5005/1951 5004/1269 5003/1271
f 5008/1271 5007/1269 5006/1951
f 5011/1951 5010/1269 5009/1271
f 5009/1951 5012/1269 5008/1271
f 3042/1951 5014/1271 5013/3887
f 3042/1951 5015/1269 5014/1271
f 4131/1271 4128/1269 3060/1951
f 4131/1271 3060/1951 5016/3887
f 3472/3886 3469/3885 3470/3884
f 3475/3886 3479/3884 3477/3885
f 5018/3890 5017/3889 3767/3888
f 5017/3889 3769/3891 3767/3888
f 5019/3893 3768/3892 5017/3889
f 3768/3892 3769/3891 5017/3889
f 5020/1951 4167/1269 3708/1271
f 5021/1951 4171/1269 5020/1271
f 5022/1951 3085/1269 5021/1271
f 3737/1951 5024/1269 5023/1271
f 5023/1951 5026/1269 5025/1271
f 5025/1951 5028/1269 5027/1271
usemtl texture17
f 5031/3896 5030/3895 5029/3894
f 5031/3896 5032/3897 5030/3895
f 5031/3896 5033/3898 5032/3897
f 5032/3897 5033/3898 5034/3899
f 5034/3899 5033/3898 5035/3900
f 5034/3899 5035/3900 4634/3901
f 4607/3896 4627/3902 5036/3894
f 4615/3898 4627/3902 4607/3896
f 5036/3894 4627/3902 4614/3903
f 4615/3898 4624/3900 4627/3902
f 4629/3899 4627/3902 4624/3900
f 4629/3899 4624/3900 5037/3901
f 5040/3896 5039/3898 5038/3904
f 5040/3896 5038/3904 5041/3894
f 5042/3900 5038/3904 5039/3898
f 5041/3894 5038/3904 4603/3905
f 5044/3901 5043/3899 5042/3900
f 5042/3900 5043/3899 5038/3904
f 4673/3907 4678/3906 4683/3897
f 4673/3907 4683/3897 5045/3895
f 4678/3906 4679/3898 4683/3897
f 4683/3897 4679/3898 4681/3899
f 4681/3899 4679/3898 5046/3900
f 4681/3899 5046/3900 4685/3901
f 4643/3899 4641/3898 4638/3900
f 4643/3899 4638/3900 4636/3901
f 4654/3897 4641/3898 4643/3899
f 4639/3896 4641/3898 4654/3897
f 4639/3896 4647/3895 4649/3894
f 4639/3896 4654/3897 4647/3895
f 4652/3900 5047/3908 4645/3898
f 4645/3898 5047/3908 5048/3909
f 5048/3909 5050/3911 5049/3910
f 4652/3900 4650/3901 5051/3899
f 4652/3900 5051/3899 5047/3908
f 5048/3909 5047/3908 5050/3911
f 5053/3895 5049/3910 5052/3897
f 5049/3910 5050/3911 5052/3897
f 5047/3914 5054/3913 5050/3912
f 5047/3914 5055/3898 4678/3915
f 4668/3901 5055/3898 5056/3900
f 5058/3895 5050/3912 5057/3897
f 5050/3912 5054/3913 5057/3897
f 5047/3914 4678/3915 5054/3913
f 4678/3915 5055/3898 4668/3901
f 4678/3915 4668/3901 4677/3899
usemtl texture18
f 2855/1951 2858/3219 2862/1269
f 2858/3219 2860/1271 2862/1269
f 2864/3219 2865/1271 2869/1951
f 2865/1271 2873/1269 2869/1951
f 2865/1951 2867/3219 2875/1269
f 2867/3219 2872/1271 2875/1269
f 5060/1271 4982/1269 5059/3219
f 4982/1269 5061/1951 5059/3219
f 5063/1951 5062/3219 4986/1269
f 5062/3219 3640/1271 4986/1269
f 5065/1951 4990/1269 5064/3219
f 4990/1269 5066/1271 5064/3219
f 5068/1951 4993/1269 5067/3219
f 4993/1269 5069/1271 5067/3219
f 5071/1951 4995/1269 5070/3219
f 4995/1269 5072/1271 5070/3219
f 4996/1269 5074/1271 5073/1951
f 5074/1271 5075/3219 5073/1951
f 3930/1951 5000/1269 5076/3219
f 5000/1269 5077/1271 5076/3219
f 3934/1951 5078/3219 5005/1269
f 5078/3219 5079/1271 5005/1269
f 5081/1951 5080/3219 5009/1269
f 5080/3219 5082/1271 5009/1269
f 5084/1951 5083/3219 5008/1269
f 5083/3219 5085/1271 5008/1269
f 3044/3918 3054/3917 5086/3916
f 3052/3919 5086/3916 3054/3917
f 5087/3921 3056/3920 3044/3918
f 3054/3917 3044/3918 3056/3920
f 4490/3923 4507/3922 5087/3921
f 3056/3920 5087/3921 4507/3922
f 4507/3922 4490/3923 4505/3924
f 4505/3924 4490/3923 4493/3925
f 4505/3924 4493/3925 4503/3926
f 4493/3925 4495/3927 4503/3926
f 4503/3926 4495/3927 4501/3928
f 4495/3927 4497/3929 4501/3928
f 3052/3919 3050/3930 5086/3916
f 4501/3928 4497/3929 4499/3931
f 4169/1951 5020/3219 4168/1269
f 5020/3219 4170/1271 4168/1269
f 3755/1951 5021/3219 4172/1269
f 5021/3219 4173/1271 4172/1269
f 5089/1271 5023/1269 5088/3219
f 5023/1269 5090/1951 5088/3219
f 3758/1951 5091/3219 5025/1269
f 5091/3219 5092/1271 5025/1269
usemtl texture19
f 2885/1271 2882/3933 3515/3932
f 3515/3932 2882/3933 5093/3934
f 2882/3937 2883/3936 5093/3935
f 3510/3938 5093/3935 2883/3936
f 3510/3938 2883/3936 2884/1269
f 2888/2782 3165/3938 2887/1269
f 5094/3932 3165/3938 2888/2782
f 5094/3932 2888/2782 2891/1271
f 2482/3932 2483/1271 2932/2782
f 2482/3932 2932/2782 2486/3938
f 2932/2782 2488/1269 2486/3938
f 2949/2782 2505/3938 2506/1269
f 2507/3932 2505/3938 2949/2782
f 2507/3932 2949/2782 2508/1271
f 2510/3932 2511/1271 2950/2782
f 2510/3932 2950/2782 2514/3938
f 2950/2782 2516/1269 2514/3938
f 5096/3932 3072/1271 5095/3934
f 3072/1271 3067/3933 5095/3934
f 5098/3932 5097/3934 3074/1271
f 5097/3934 3076/3933 3074/1271
f 3067/3937 3068/3584 5095/3935
f 5099/3938 5095/3935 3068/3584
f 5099/3938 3068/3584 3071/1269
f 3076/3937 5097/3935 3079/3936
f 5100/3938 3079/3936 5097/3935
f 5100/3938 3081/1269 3079/3936
usemtl texture20
f 5102/3941 5101/3940 4353/3939
f 5101/3940 4352/3942 4353/3939
f 5103/3940 5102/3941 4354/3942
f 5102/3941 4353/3939 4354/3942
f 5104/3941 5103/3940 4355/3939
f 5103/3940 4354/3942 4355/3939
f 5105/3940 5104/3941 4356/3942
f 5104/3941 4355/3939 4356/3942
f 5106/3941 5105/3940 4357/3939
f 5105/3940 4356/3942 4357/3939
f 5107/3940 5106/3941 4358/3942
f 5106/3941 4357/3939 4358/3942
f 5108/3941 5107/3940 4359/3939
f 5107/3940 4358/3942 4359/3939
f 5111/3945 5110/3944 5109/3943
f 5112/3946 5109/3943 5110/3944
f 5111/3945 5109/3943 5113/3947
f 5113/3947 5109/3943 5114/3948
f 5114/3948 5115/3949 5113/3947
f 5115/3949 5116/3950 5113/3947
f 5116/3953 5115/3952 5117/3951
f 5117/3951 5115/3952 5118/3954
f 5120/3956 5117/3950 5119/3955
f 5117/3950 5118/3949 5119/3955
f 5120/3950 5119/3949 5121/3956
f 5121/3956 5119/3949 5122/3955
f 5124/3950 5121/3956 5123/3949
f 5121/3956 5122/3955 5123/3949
f 5126/3958 5125/3957 5123/3949
f 5123/3949 5125/3957 5124/3950
f 5128/3960 5125/3957 5127/3959
f 5125/3957 5126/3958 5127/3959
f 5130/3962 5129/3961 5127/3959
f 5127/3959 5129/3961 5128/3960
f 5130/3962 5131/3963 5129/3961
f 5132/3964 5129/3961 5131/3963
f 5135/3966 5134/3956 5133/3965
f 5134/3956 5136/3955 5133/3965
f 5138/3941 4361/3939 5137/3940
f 4361/3939 4360/3942 5137/3940
f 5139/3940 4362/3942 5138/3941
f 4362/3942 4361/3939 5138/3941
f 5137/3940 4360/3942 5140/3941
f 4360/3942 4364/3939 5140/3941
f 5141/3941 4363/3939 5139/3940
f 4363/3939 4362/3942 5139/3940
f 5140/3941 4364/3939 5142/3940
f 4364/3939 4365/3942 5142/3940
f 5143/3940 4366/3942 5141/3941
f 4366/3942 4363/3939 5141/3941
f 5142/3940 4365/3942 5144/3941
f 4365/3942 4367/3939 5144/3941
f 5145/3941 4368/3939 5143/3940
f 4368/3939 4366/3942 5143/3940
f 5144/3941 4367/3939 5146/3940
f 4367/3939 4369/3942 5146/3940
f 5147/3940 4370/3942 5145/3941
f 4370/3942 4368/3939 5145/3941
f 5146/3940 4369/3942 5148/3941
f 4369/3942 4371/3939 5148/3941
f 5149/3941 4372/3939 5147/3940
f 4372/3939 4370/3942 5147/3940
f 5148/3941 4371/3939 2922/3940
f 4371/3939 4374/3942 2922/3940
f 5150/3940 4373/3942 5149/3941
f 4373/3942 4372/3939 5149/3941
f 2922/3940 4374/3942 5151/3941
f 4374/3942 4375/3939 5151/3941
f 5151/3941 4375/3939 5150/3940
f 4375/3939 4373/3942 5150/3940
f 5152/3941 4377/3939 2902/3940
f 4377/3939 4376/3942 2902/3940
f 5153/3940 4378/3942 5152/3941
f 4378/3942 4377/3939 5152/3941
f 2902/3940 4376/3942 5154/3941
f 4376/3942 4380/3939 5154/3941
f 5155/3941 4379/3939 5153/3940
f 4379/3939 4378/3942 5153/3940
f 5154/3941 4380/3939 5156/3940
f 4380/3939 4381/3942 5156/3940
f 5157/3940 4382/3942 5155/3941
f 4382/3942 4379/3939 5155/3941
f 5156/3940 4381/3942 5158/3941
f 4381/3942 4383/3939 5158/3941
f 5159/3941 4384/3939 5157/3940
f 4384/3939 4382/3942 5157/3940
f 5158/3941 4383/3939 5160/3940
f 4383/3939 4385/3942 5160/3940
f 5161/3940 4386/3942 5159/3941
f 4386/3942 4384/3939 5159/3941
f 5160/3940 4385/3942 5162/3941
f 4385/3942 4387/3939 5162/3941
f 5163/3941 4388/3939 5161/3940
f 4388/3939 4386/3942 5161/3940
f 5162/3941 4387/3939 5164/3940
f 4387/3939 4390/3942 5164/3940
f 5165/3940 4389/3942 5163/3941
f 4389/3942 4388/3939 5163/3941
f 5164/3940 4390/3942 2907/3941
f 4390/3942 4391/3939 2907/3941
f 2907/3941 4391/3939 5165/3940
f 4391/3939 4389/3942 5165/3940
f 4030/3969 3494/3968 5166/3967
f 3494/3968 5167/3970 5166/3967
f 5170/3972 5169/3956 5168/3971
f 5169/3956 5171/3955 5168/3971
f 5174/3975 5173/3974 5172/3973
f 5173/3974 5175/3976 5172/3973
f 5178/3978 5177/3955 5176/3977
f 4983/3973 3955/3979 5176/3977
f 5061/3976 5176/3977 5177/3955
f 4983/3973 5176/3977 5061/3976
f 5180/3982 5179/3981 3445/3980
f 3444/3983 3445/3980 5179/3981
f 5179/3982 5181/3981 3444/3980
f 3446/3983 3444/3980 5181/3981
f 3744/3981 3448/3983 5181/3982
f 3448/3983 3446/3980 5181/3982
f 5182/3982 5180/3981 3447/3980
f 3445/3983 3447/3980 5180/3981
f 3744/3982 5183/3981 3448/3980
f 3450/3983 3448/3980 5183/3981
f 5184/3982 5182/3981 3449/3980
f 3447/3983 3449/3980 5182/3981
f 5185/3982 5184/3981 3451/3980
f 3449/3983 3451/3980 5184/3981
f 5183/3982 3746/3981 3450/3980
f 3452/3983 3450/3980 3746/3981
f 5186/3982 5185/3981 3453/3980
f 3451/3983 3453/3980 5185/3981
f 3746/3982 4127/3981 3452/3980
f 3454/3983 3452/3980 4127/3981
f 5187/3982 5186/3981 3455/3980
f 3453/3983 3455/3980 5186/3981
f 4127/3982 5187/3981 3454/3980
f 3455/3983 3454/3980 5187/3981
f 4485/3985 4486/3984 3459/3980
f 3457/3983 3459/3980 4486/3984
f 4487/3985 4485/3984 3461/3980
f 3459/3983 3461/3980 4485/3984
f 4488/3985 4487/3984 3463/3980
f 3461/3983 3463/3980 4487/3984
f 4489/3985 4488/3984 3465/3980
f 3463/3983 3465/3980 4488/3984
f 3456/3983 3457/3980 4486/3985
f 3465/3983 3467/3980 4489/3984
f 5190/3987 5189/3986 5188/3955
f 5189/3986 5191/3988 5188/3955
f 5193/3949 5192/3989 5188/3955
f 5188/3955 5192/3989 5190/3987
f 5193/3955 5194/3949 5192/3987
f 5194/3949 5195/3989 5192/3987
f 5197/3949 5196/3989 5194/3955
f 5194/3955 5196/3989 5195/3987
f 5197/3955 5198/3949 5196/3987
f 5198/3949 5199/3989 5196/3987
f 5201/3949 5200/3989 5198/3955
f 5198/3955 5200/3989 5199/3987
f 5201/3955 5202/3949 5200/3987
f 5202/3949 5203/3989 5200/3987
f 5205/3949 5204/3989 5202/3955
f 5202/3955 5204/3989 5203/3987
f 5205/3955 5206/3949 5204/3987
f 5206/3949 5207/3989 5204/3987
f 5209/3949 5208/3989 5206/3955
f 5206/3955 5208/3989 5207/3987
f 5209/3955 5210/3949 5208/3987
f 5210/3949 5211/3989 5208/3987
f 5211/3987 5210/3955 5212/3986
f 5210/3955 5213/3988 5212/3986
usemtl texture21
f 5215/3992 4335/3991 5214/3990
f 5214/3990 5217/3994 5216/3993
f 5214/3990 4335/3991 4336/3995
f 5218/3996 4335/3991 5215/3992
f 4336/3995 5217/3994 5214/3990
f 5219/3997 5217/3994 4336/3995
f 5218/3996 5220/3998 4335/3991
f 5221/3999 5219/3997 4336/3995
f 5222/4000 5217/3994 5219/3997
f 5217/3994 5222/4000 5223/4001
f 5224/4002 5219/3997 5221/3999
f 5217/3994 5223/4001 4797/4003
f 5218/3996 4345/4004 5220/3998
f 5224/4002 5221/3999 5225/4005
f 5223/4001 5222/4000 5226/4006
f 5223/4001 5226/4006 5227/4007
f 5225/4005 5228/4008 5224/4002
f 5226/4006 5222/4000 5229/4009
f 5230/4010 4345/4004 5218/3996
f 5230/4010 5225/4005 4345/4004
f 5226/4006 5229/4009 5231/4011
f 5230/4010 5228/4008 5225/4005
f 5231/4011 5229/4009 5232/4012
f 4597/4013 5232/4012 5228/4008
f 5231/4011 5232/4012 4597/4013
f 4597/4013 5228/4008 5230/4010
f 5231/4011 4597/4013 4807/4014
f 4812/4017 5233/4016 4809/4015
f 5234/4018 5233/4016 4812/4017
f 4807/4014 4597/4013 5235/4019
f 5238/4022 5237/4021 5236/4020
f 5241/4025 5240/4024 5239/4023
f 5236/4020 5237/4021 5242/4026
f 5234/4018 5243/4027 5233/4016
f 5244/4028 5240/4024 5241/4025
f 5235/4019 4597/4013 5245/4029
f 5238/4022 5246/4030 5237/4021
f 5247/4031 5246/4030 5238/4022
f 5235/4019 4608/4033 5248/4032
f 5244/4028 5249/4034 5240/4024
f 5248/4032 5250/4035 5234/4018
f 5235/4019 5245/4029 4608/4033
f 5248/4032 4608/4033 5250/4035
f 5251/4036 5249/4034 5244/4028
f 5247/4031 5252/4037 5246/4030
f 5249/4034 5252/4037 5247/4031
f 5234/4018 5253/4038 5243/4027
f 5234/4018 5250/4035 5253/4038
f 5250/4035 4608/4033 5254/4039
f 5243/4027 5253/4038 5251/4036
f 5251/4036 5253/4038 5249/4034
f 5257/4042 5256/4041 5255/4040
f 5249/4034 5253/4038 5252/4037
f 5252/4037 5253/4038 5258/4043
f 5257/4042 5255/4040 5259/4044
f 5258/4043 5253/4038 5260/4045
f 5261/4046 5260/4045 5253/4038
f 5261/4046 5262/4047 5260/4045
f 5264/4050 4623/4049 5263/4048
f 5257/4042 5265/4051 4623/4049
f 5257/4042 5259/4044 5265/4051
f 5253/4038 5266/4052 5261/4046
f 5263/4048 4623/4049 5267/4053
f 5267/4053 5266/4052 5263/4048
f 5267/4053 4623/4049 5268/4054
f 5261/4046 5266/4052 5269/4055
f 5268/4054 4623/4049 5270/4056
f 5270/4056 4623/4049 5265/4051
f 5267/4053 5269/4055 5266/4052
f 5265/4051 5259/4044 5271/4057
f 5270/4056 5265/4051 5272/4058
f 5268/4054 5270/4056 5273/4059
f 5273/4059 5270/4056 5274/4060
usemtl texture22
f 3632/4063 4439/4062 5275/4061
f 5275/4061 4439/4062 5133/4064
f 5133/4064 4439/4062 4444/4065
f 5133/4064 4444/4065 5276/4066
f 5277/4068 4444/4065 3638/4067
f 5276/4066 4444/4065 5277/4068
f 5278/2964 3902/2963 3907/2962
f 3902/2963 3900/2965 3907/2962
f 3903/2964 3905/2963 3900/2962
f 3905/2963 3908/2965 3900/2962
f 3907/2964 3909/2963 3912/2962
f 3909/2963 3911/2965 3912/2962
f 3908/2964 5279/2963 3909/2962
f 5279/2963 3914/2965 3909/2962
f 3910/2964 3913/2963 5280/2962
f 3913/2963 3916/2965 5280/2962
f 3911/2964 3915/2963 3913/2962
f 3915/2963 3917/2965 3913/2962
f 3914/2964 5281/2963 3915/2962
f 5281/2963 3919/2965 3915/2962
f 3923/2964 3918/2963 3920/2962
f 3918/2963 3917/2965 3920/2962
f 3919/2964 5282/2963 3920/2962
f 5282/2963 3922/2965 3920/2962
f 3921/2964 3926/2963 3923/2962
f 3926/2963 5283/2965 3923/2962
f 3929/2964 3925/2963 3922/2962
f 3925/2963 3921/2965 3922/2962
f 3924/2962 3925/2964 3933/2967
f 3925/2964 3928/2963 3933/2967
f 3927/2964 5078/2963 3928/2962
f 5078/2963 3934/2965 3928/2962
f 5000/2964 3930/2963 3931/2965
f 5076/2964 3904/2965 3930/2962
f 3904/2964 3901/2965 3932/4069
f 3904/2964 3903/2963 3901/2965
f 5076/2964 3906/2963 3904/2965
f 3906/2964 5284/2963 3905/2962
f 3929/2964 5285/2965 3927/2962
f 3934/2964 5005/2963 3935/2962
f 2464/4072 4688/4071 3575/4070
f 4688/4071 4686/4073 3575/4070
f 5286/4075 3579/4074 4689/4071
f 4690/4073 4689/4071 3579/4074
f 2464/4072 3575/4070 5287/4076
f 5288/4079 5287/4078 3575/4077
f 5288/4079 3575/4077 5289/4080
f 5289/4080 3575/4077 3577/4081
f 3579/4084 5290/4083 3578/4082
f 5290/4083 5286/4086 5291/4085
f 3579/4084 5286/4086 5290/4083
f 4694/4089 4698/4088 4693/4087
f 4698/4088 4697/4090 4693/4087
f 4701/4087 4705/4090 4700/4089
f 4705/4090 4703/4088 4700/4089
f 5294/4093 5293/4092 5292/4091
f 5293/4092 5295/4094 5292/4091
f 4411/4095 5295/4094 5293/4092
f 4411/4095 5296/4096 5295/4094
f 4411/4095 5293/4092 5297/4097
f 5296/4096 5299/4099 5298/4098
f 5299/4099 5296/4096 4411/4095
f 5298/4098 5299/4099 4415/4100
f 5298/4098 4415/4100 5300/4101
f 5301/4102 5300/4101 4415/4100
f 4712/4104 5301/4102 4709/4103
f 4411/4095 5297/4097 5302/4105
f 5301/4102 4415/4100 4714/4106
f 5301/4102 4714/4106 4709/4103
f 4411/4095 5302/4105 4418/4107
f 5303/4108 4714/4106 4415/4100
f 4418/4107 5302/4105 5304/4109
f 5304/4109 5305/4110 4418/4107
f 2866/4111 4714/4106 5303/4108
f 5305/4110 5306/4112 4418/4107
f 4715/4113 4714/4106 2866/4111
f 2868/4114 5303/4108 5306/4112
f 2868/4114 2866/4111 5303/4108
f 2868/4114 5306/4112 5305/4110
f 2863/4115 2866/4111 2868/4114
f 2868/4114 5305/4110 2871/4116
f 5305/4110 5307/4117 2871/4116
f 2871/4116 5309/4119 5308/4118
f 2876/4122 2874/4121 2877/4120
f 2871/4116 5308/4118 2876/4122
f 2876/4122 5308/4118 4394/4123
f 4397/4124 2874/4121 2876/4122
f 2876/4122 4394/4123 4397/4124
f 4394/4123 5308/4118 5310/4125
f 4722/4127 4718/4126 2874/4121
f 4722/4127 2874/4121 4397/4124
f 5310/4125 5308/4118 5311/4128
f 5312/4129 5310/4125 5311/4128
f 5313/4130 4722/4127 4397/4124
f 5314/4131 5310/4125 5312/4129
f 5315/4132 5314/4131 5312/4129
f 4723/4134 4722/4127 4726/4133
f 4726/4133 4722/4127 5313/4130
f 5314/4131 5315/4132 3531/4135
f 5316/4136 5314/4131 3531/4135
f 3531/4135 5315/4132 5317/4137
f 5313/4130 5316/4136 5318/4138
f 5313/4130 5318/4138 4726/4133
f 5319/4139 5316/4136 3531/4135
f 5318/4138 5316/4136 5319/4139
f 4726/4133 5318/4138 5085/4140
f 5320/4143 3646/4142 4032/4141
f 5321/4144 4032/4141 3646/4142
f 5322/4145 3646/4142 5320/4143
f 5325/4148 5324/4147 5323/4146
f 5323/4146 5324/4147 5326/4149
f 5329/4149 5328/4146 5327/4147
f 5327/4147 5328/4146 5330/4148
f 5332/4146 5331/4148 5323/4149
f 5323/4149 5331/4148 5325/4147
f 5330/4147 5328/4149 5333/4148
f 5328/4149 5334/4146 5333/4148
f 5336/2964 5335/2963 4035/2962
f 5335/2963 4034/2965 4035/2962
f 4046/2964 4044/2963 4108/2962
f 4044/2963 4109/2965 4108/2962
f 4036/2964 4038/2963 4033/2962
f 4038/2963 4048/2965 4033/2962
f 4039/2964 4041/2963 4038/2962
f 4041/2963 4047/2965 4038/2962
f 4050/2964 4041/2963 5337/2962
f 4041/2963 4042/2965 5337/2962
f 4057/2964 4054/2963 4110/2962
f 4054/2963 4052/2965 4110/2962
f 4044/2964 4045/2963 4057/2962
f 4045/2963 4056/2965 4057/2962
f 4043/2964 4062/2963 4045/2962
f 4062/2963 4059/2965 4045/2962
f 4051/2964 4065/2963 4047/2962
f 4065/2963 4049/2965 4047/2962
f 4050/2964 5338/2963 4051/2962
f 5338/2963 4064/2965 4051/2962
f 4053/2964 4054/2963 4068/2962
f 4054/2963 4058/2965 4068/2962
f 4056/2964 4060/2963 4058/2962
f 4060/2963 4070/2965 4058/2962
f 4059/2964 4063/2963 4060/2962
f 4063/2963 4072/2965 4060/2962
f 4075/2964 3567/2963 4064/2962
f 3567/2963 4066/2965 4064/2962
f 5340/2964 4077/2963 5339/2962
f 4077/2963 4075/2965 5339/2962
f 4068/2964 4071/2963 4067/2962
f 4071/2963 4079/2965 4067/2962
f 4071/2964 4070/2963 4082/2962
f 4070/2963 4073/2965 4082/2962
f 4084/2964 4073/2963 4074/2962
f 4073/2963 4072/2965 4074/2962
f 4090/2964 4088/2963 4076/2962
f 4088/2963 3567/2965 4076/2962
f 5341/2964 4092/2963 4077/2962
f 4092/2963 4076/2965 4077/2962
f 4079/2964 4081/2963 4080/2962
f 4081/2963 4094/2965 4080/2962
f 4083/2964 4095/2963 4082/2962
f 4095/2963 4081/2965 4082/2962
f 4085/2964 4096/2963 4084/2962
f 4096/2963 4083/2965 4084/2962
f 4100/2964 4089/2963 4098/2962
f 4089/2963 4087/2965 4098/2962
f 4090/2964 4091/2963 4087/2962
f 4091/2963 4101/2965 4087/2962
f 4092/2964 4112/2963 4091/2962
f 4112/2963 4102/2965 4091/2962
f 4097/2964 4105/2963 4095/2962
f 4105/2963 4093/2965 4095/2962
f 4099/2964 3891/2963 3894/2962
f 3891/2963 3892/2965 3894/2962
f 4098/2964 3893/2963 3891/2962
f 3893/2963 3890/2965 3891/2962
f 4101/2964 3888/2963 3893/2962
f 3888/2963 3889/2965 3893/2962
f 4113/2964 5342/2963 4102/2962
f 5342/2963 3888/2965 4102/2962
f 4037/2964 4034/2965 5343/2962
f 4040/2964 4037/2965 5344/2962
f 5346/2962 4040/2963 5345/2965
f 4037/2964 4036/2963 4034/2965
f 4040/2964 4039/2963 4037/2965
f 4042/2964 4040/2963 5346/2962
f 4061/2964 2857/4150 4063/2962
f 4061/2964 3554/2963 2857/4150
f 2857/4151 4086/2965 4074/2962
f 2857/4151 3558/2963 4086/2965
f 5348/2962 4112/2963 5347/2965
f 4111/2964 4112/2963 5348/2962
f 5351/4153 5350/4141 5349/4152
f 5353/4154 5349/4152 5352/4143
f 5352/4143 5349/4152 5350/4141
f 5354/4157 4794/4156 3569/4155
f 4794/4156 4793/4158 3569/4155
f 5355/4157 3573/4155 4795/4156
f 4796/4158 4795/4156 3573/4155
f 5356/4161 5354/4160 3569/4159
f 5357/4162 5354/4160 5356/4161
f 5356/4161 3569/4159 5157/4163
f 3573/4166 5358/4165 5147/4164
f 5358/4165 5355/4168 5359/4167
f 3573/4166 5355/4168 5358/4165
f 3043/4171 3045/4170 3040/4169
f 3040/4169 3045/4170 3046/4172
f 3046/4172 3745/4173 3040/4169
f 3049/4174 3745/4173 3046/4172
f 3745/4173 3049/4174 5183/4175
f 5183/4175 3049/4174 3051/4176
f 3053/4177 5183/4175 3051/4176
f 3747/4178 5183/4175 3053/4177
f 3747/4178 3053/4177 3055/4179
f 3747/4178 3055/4179 3059/4180
f 3059/4180 3055/4179 3057/4181
f 3059/4180 3057/4181 3061/4182
f 4922/4185 4923/4184 5360/4183
f 4923/4184 5361/4186 5360/4183
f 5193/4189 5188/4188 5191/4187
f 5362/4190 5193/4189 5191/4187
f 5360/4183 5193/4189 5362/4190
f 5194/4192 5193/4189 5197/4191
f 5360/4183 5197/4191 5193/4189
f 5201/4193 5197/4191 5360/4183
f 5198/4194 5197/4191 5201/4193
f 5361/4186 5201/4193 5360/4183
f 5205/4196 5202/4195 5201/4193
f 5361/4186 5205/4196 5201/4193
f 5361/4186 5363/4197 5205/4196
f 5364/4198 5205/4196 5363/4197
f 5365/4199 5363/4197 5361/4186
f 5366/4200 5363/4197 5365/4199
f 5367/4201 5363/4197 5366/4200
f 5368/4204 4955/4203 3748/4202
f 4955/4203 4954/4205 3748/4202
f 5368/4204 3748/4206 4958/4203
f 3748/4206 4957/4205 4958/4203
f 5369/4204 4959/4203 3752/4206
f 4959/4203 4960/4205 3752/4206
f 5369/4204 3752/4202 4962/4203
f 3752/4202 4964/4205 4962/4203
f 4967/4209 4970/4208 4966/4207
f 4970/4208 4969/4210 4966/4207
f 4971/4207 4977/4210 4973/4209
f 4977/4210 4975/4208 4973/4209
f 5372/2962 5371/2963 5370/2965
f 4214/2964 4212/2963 5373/2962
f 4217/2964 5372/2965 5374/2962
f 5376/2962 4217/2963 5375/2965
f 5378/2962 5376/2963 5377/2965
f 5373/2962 4212/2963 4216/2965
f 5379/2964 5371/2963 5372/2962
f 4217/2964 4218/2963 5372/2965
f 4219/2964 4217/2963 5376/2962
f 5380/2964 5376/2963 5378/2962
f 5381/2964 4225/2963 4223/2962
f 4216/2964 4220/2963 4225/2962
f 4232/4211 4228/2965 5379/2962
f 4221/2962 4232/2963 4218/2965
f 4234/2964 4221/2965 4219/2962
f 5382/2962 4234/2963 5380/2965
f 4223/2962 4225/2963 4222/2965
f 4225/2962 4220/2963 4226/2965
f 4232/4211 4230/2963 4228/2965
f 4231/2964 4232/2963 4221/2962
f 4234/2964 4233/2963 4221/2965
f 4235/2964 4234/2963 5382/2962
f 4246/2964 4243/2965 5383/2962
f 4236/2964 4246/2965 4224/2962
f 4236/2964 4222/2963 4237/2965
f 4238/2964 4237/2965 4226/2962
f 4239/2964 5384/2965 4229/2962
f 4240/2964 4239/2965 4230/2962
f 4241/2964 4240/2965 4231/2962
f 4241/2964 4233/2963 4242/2965
f 5385/2964 4242/2965 4235/2962
f 4246/2964 4245/2963 4243/2965
f 4236/2964 4247/2963 4246/2965
f 4236/2964 4237/2965 4248/2962
f 4238/2964 4249/2963 4237/2965
f 4239/2964 4251/2963 5384/2965
f 4240/2964 4252/2963 4239/2965
f 4241/2964 4253/2963 4240/2965
f 4241/2964 4242/2965 4254/2962
f 5385/2964 4255/2963 4242/2965
f 4256/2964 5386/2965 4244/2962
f 4257/2964 4256/2965 4245/2962
f 4258/2964 4257/2965 4247/2962
f 4258/2964 4248/2963 4259/2965
f 4249/2964 4260/2963 4259/2962
f 4261/2964 5387/2965 4251/2962
f 4262/2964 4261/2965 4252/2962
f 4263/2964 4262/2965 4253/2962
f 4263/2964 4254/2963 4264/2965
f 5388/2964 4264/2965 4255/2962
f 4256/2964 4265/2963 5386/2965
f 4257/2964 4266/2963 4256/2965
f 4258/2964 4267/2963 4257/2965
f 4258/2964 4259/2965 4268/2962
f 4259/2962 4260/2963 4269/2965
f 4261/2964 4271/2963 5387/2965
f 4262/2964 4272/2963 4261/2965
f 4263/2964 4273/2963 4262/2965
f 4263/2964 4264/2965 4274/2962
f 5388/2964 4275/2963 4264/2965
f 4277/2964 4276/2965 4266/2962
f 4267/2964 4278/2963 4277/2962
f 4268/2964 4279/2963 4278/2962
f 4269/2964 4280/2963 4279/2962
f 4281/2964 5389/2965 4271/2962
f 4282/2964 4281/2965 4272/2962
f 4273/2964 4283/2963 4282/2962
f 4274/2964 4284/2963 4283/2962
f 5390/2964 4284/2965 4275/2962
f 4277/2964 5391/2963 4276/2965
f 4277/2962 4278/2963 4286/2965
f 4278/2962 4279/2963 4285/2965
f 4279/2962 4280/2963 4287/2965
f 4281/2964 4289/2963 5389/2965
f 4282/2964 4290/2963 4281/2965
f 4282/2962 4283/2963 4291/2965
f 4283/2962 4284/2963 4292/2965
f 5390/2964 4293/2963 4284/2965
f 4294/2964 4285/2963 4295/2965
f 4296/2964 4295/2965 4287/2962
f 4289/2964 4297/2963 5392/2962
f 4297/2964 4290/2963 4298/2965
f 4299/2962 4298/2963 4291/2965
f 4292/2964 4300/2963 4299/2962
f 4293/2964 5393/2963 4300/2962
f 4294/2964 4295/2965 5394/2962
f 4296/2964 4302/2963 4295/2965
f 5392/2962 4297/2963 5395/2965
f 4297/2964 4298/2965 5396/2962
f 4303/2964 4298/2963 4299/2962
f 4299/2962 4300/2963 4304/2965
f 4300/2962 5393/2963 5397/2965
f 4302/2964 4305/2963 5398/2962
f 5399/2964 4303/2963 4306/2965
f 4312/2962 4306/2963 4304/2965
f 5400/2964 4312/2965 5397/2962
f 5398/2962 4305/2963 4308/2965
f 5399/2964 4306/2965 4310/2962
f 4309/2964 4306/2963 4312/2962
f 5400/2964 4311/2963 4312/2965
usemtl texture23
f 5292/4214 4428/4213 5401/4212
f 4428/4213 4436/4215 5401/4212
f 5402/4214 4430/4213 5295/4212
f 4430/4213 4429/4215 5295/4212
f 5300/4214 4432/4213 5298/4212
f 4432/4213 4431/4215 5298/4212
f 5403/4214 4433/4213 5301/4212
f 4433/4213 4435/4215 5301/4212
f 5404/4212 4455/4215 3636/4214
f 3636/4214 4455/4215 4453/4213
f 5406/4214 5405/4212 4456/4213
f 5405/4212 4454/4215 4456/4213
f 5408/4214 5407/4212 4457/4213
f 5407/4212 4459/4215 4457/4213
f 5410/4214 5409/4212 4460/4213
f 5409/4212 4458/4215 4460/4213
f 5412/4214 5411/4212 4461/4213
f 5411/4212 4463/4215 4461/4213
f 3950/4214 5413/4212 4464/4213
f 5413/4212 4462/4215 4464/4213
f 5290/4214 5414/4212 4465/4213
f 5414/4212 4467/4215 4465/4213
f 5176/4214 5415/4212 4468/4213
f 5415/4212 4466/4215 4468/4213
f 5417/4214 5416/4212 4469/4213
f 5416/4212 4471/4215 4469/4213
f 5419/4214 5418/4212 4472/4213
f 5418/4212 4470/4215 4472/4213
f 5289/4214 5420/4212 4473/4213
f 5420/4212 4475/4215 4473/4213
f 5422/4214 5421/4212 4476/4213
f 5421/4212 4474/4215 4476/4213
f 5424/4214 5423/4212 4477/4213
f 5423/4212 4479/4215 4477/4213
f 4817/4214 5425/4212 4480/4213
f 5425/4212 4478/4215 4480/4213
f 5427/4214 5426/4212 4481/4213
f 5426/4212 4483/4215 4481/4213
f 5429/4214 5428/4212 4484/4213
f 5428/4212 4482/4215 4484/4213
f 2700/4218 2703/4217 4492/4216
f 2703/4217 4491/4219 4492/4216
f 2705/4218 2707/4217 4494/4216
f 2707/4217 4496/4219 4494/4216
f 2709/4218 2711/4217 4498/4216
f 2711/4217 4500/4219 4498/4216
f 2713/4218 2714/4217 4502/4216
f 2714/4217 4504/4219 4502/4216
f 5431/4218 5430/4217 4508/4216
f 5430/4217 4510/4219 4508/4216
f 5432/4218 4176/4217 4511/4216
f 4176/4217 4509/4219 4511/4216
f 5434/4218 5433/4217 4514/4216
f 5433/4217 4513/4219 4514/4216
f 5436/4218 5435/4217 4516/4216
f 5435/4217 4515/4219 4516/4216
f 5438/4218 5437/4217 4519/4216
f 5437/4217 4518/4219 4519/4216
f 5440/4218 5439/4217 4520/4216
f 5439/4217 4517/4219 4520/4216
usemtl texture24
f 5295/4222 4429/4221 5292/4220
f 4429/4221 4428/4223 5292/4220
f 5298/4226 4431/4225 5402/4224
f 4431/4225 4430/4227 5402/4224
f 5403/4230 4980/4229 4433/4228
f 4980/4229 4434/4231 4433/4228
f 5301/4221 4435/4222 5300/4232
f 4435/4222 4432/4233 5300/4232
f 5405/4221 3636/4232 4454/4222
f 3636/4232 4453/4233 4454/4222
f 5404/4226 5408/4224 4455/4225
f 5408/4224 4457/4227 4455/4225
f 5409/4229 5406/4230 4458/4231
f 5406/4230 4456/4228 4458/4231
f 5407/4222 5412/4220 4459/4221
f 5412/4220 4461/4223 4459/4221
f 5413/4222 5410/4220 4462/4221
f 5410/4220 4460/4223 4462/4221
f 5411/3949 5290/4235 4463/4234
f 5290/4235 4465/4236 4463/4234
f 5415/4226 3950/4224 4466/4225
f 3950/4224 4464/4227 4466/4225
f 5414/4232 5176/4221 4467/4233
f 5176/4221 4468/4222 4467/4233
f 5418/4221 5417/4232 4470/4222
f 5417/4232 4469/4233 4470/4222
f 5416/4226 5289/4224 4471/4225
f 5289/4224 4473/4227 4471/4225
f 5421/4229 5419/4230 4474/4231
f 5419/4230 4472/4228 4474/4231
f 5420/4222 5424/4220 4475/4221
f 5424/4220 4477/4223 4475/4221
f 5425/4222 5422/4220 4478/4221
f 5422/4220 4476/4223 4478/4221
f 5423/3949 5427/4235 4479/4234
f 5427/4235 4481/4236 4479/4234
f 5428/4226 4817/4224 4482/4225
f 4817/4224 4480/4227 4482/4225
f 5426/4232 5429/4221 4483/4233
f 5429/4221 4484/4222 4483/4233
f 2703/4239 2705/4238 4491/4237
f 2705/4238 4494/4240 4491/4237
f 2707/4243 2709/4242 4496/4241
f 2709/4242 4498/2586 4496/4241
f 2711/1271 2713/4245 4500/4244
f 2713/4245 4502/4246 4500/4244
f 2714/1277 2717/4241 4504/4247
f 2717/4241 4506/4243 4504/4247
f 4176/1271 5431/4245 4509/4244
f 5431/4245 4508/4246 4509/4244
f 5430/1277 5441/4241 4510/4247
f 5441/4241 4512/4243 4510/4247
f 5433/4243 5432/4242 4513/4241
f 5432/4242 4511/2586 4513/4241
f 5435/4239 5434/4238 4515/4237
f 5434/4238 4514/4240 4515/4237
f 5439/1277 5436/4241 4517/4247
f 5436/4241 4516/4243 4517/4247
f 5437/1271 5440/4245 4518/4244
f 5440/4245 4520/4246 4518/4244
usemtl texture25
f 2282/4249 2280/1640 2420/4248
f 2280/1640 2422/2425 2420/4248
f 2280/1640 2244/3192 2422/2425
f 2244/3192 2423/2411 2422/2425
f 2248/4251 2282/4249 2411/4250
f 2282/4249 2420/4248 2411/4250
f 2244/3192 2245/1663 2423/2411
f 2245/1663 2425/2415 2423/2411
f 2250/4253 2248/4251 2417/4252
f 2248/4251 2411/4250 2417/4252
f 2409/2359 2425/2415 2252/4254
f 2425/2415 2245/1663 2252/4254
f 2426/4256 2409/2359 2254/4255
f 2409/2359 2252/4254 2254/4255
f 5443/2500 2426/4256 5442/4257
f 2426/4256 2254/4255 5442/4257
f 2272/4259 2250/4258 2434/2425
f 2250/4258 2417/1951 2434/2425
f 2430/1951 5444/4260 2262/1269
f 5444/4260 5445/4261 2262/1269
f 2407/2500 2430/4262 2260/4257
f 2430/4262 2262/4263 2260/4257
f 2428/4265 2407/2500 2263/4264
f 2407/2500 2260/4257 2263/4264
f 2269/4268 2272/4267 2413/4266
f 2272/4267 2434/4269 2413/4266
f 2263/4264 2275/1269 2428/4265
f 2275/1269 2424/1951 2428/4265
f 2274/4271 2269/4268 2421/4270
f 2269/4268 2413/4266 2421/4270
f 2275/1269 2277/3192 2424/1951
f 2277/3192 2431/2411 2424/1951
f 2277/3192 2274/4271 2431/2411
f 2274/4271 2421/4270 2431/2411
f 5448/4272 5447/2446 5446/1885
f 5447/2446 5449/1888 5446/1885
f 5451/1840 5450/1271 2361/2360
f 5450/1271 2370/3219 2361/2360
f 5450/1271 5452/1269 2370/3219
f 5452/1269 2372/1951 2370/3219
f 5452/1269 5453/1665 2372/1951
f 5453/1665 2374/2420 2372/1951
f 5454/4274 5451/1840 2359/4273
f 5451/1840 2361/2360 2359/4273
f 2362/2418 2374/2420 5455/4275
f 2374/2420 5453/1665 5455/4275
f 2364/2500 2362/2418 5456/4257
f 2362/2418 5455/4275 5456/4257
f 5458/2429 2364/2500 5457/4276
f 2364/2500 5456/4257 5457/4276
f 5459/4277 5454/4274 2360/2303
f 5454/4274 2359/4273 2360/2303
f 5460/4278 5459/4277 2379/2406
f 5459/4277 2360/2303 2379/2406
f 5461/4280 5460/4278 2384/4279
f 5460/4278 2379/2406 2384/4279
f 5462/4282 5461/4280 2390/4281
f 5461/4280 2384/4279 2390/4281
f 5463/4284 5462/4282 2394/4283
f 5462/4282 2390/4281 2394/4283
f 5464/4286 5463/4284 2396/4285
f 5463/4284 2394/4283 2396/4285
f 5465/4288 5464/4286 2406/4287
f 5464/4286 2396/4285 2406/4287
f 2405/2429 5467/2500 5466/4276
f 5467/2500 5468/4257 5466/4276
f 2388/2418 2405/2500 5469/4275
f 2405/2500 5466/4257 5469/4275
f 2382/2420 2388/2418 5470/1665
f 2388/2418 5469/4275 5470/1665
f 5471/1840 5465/4274 2389/2360
f 5465/4274 2406/4273 2389/2360
f 5470/1665 5472/1269 2382/2420
f 5472/1269 2371/1951 2382/2420
f 5472/1269 5473/1271 2371/1951
f 5473/1271 2373/3219 2371/1951
f 5473/1271 5471/1840 2373/3219
f 5471/1840 2389/2360 2373/3219
usemtl texture26
f 2427/4289 5443/1951 2253/1270
f 5443/1951 5442/1269 2253/1270
f 5444/3219 2429/4290 5445/1271
f 2429/4290 2259/1272 5445/1271
f 5447/2446 5474/4291 5449/1888
f 5474/4291 2979/4292 5449/1888
f 5475/4294 5448/2446 2983/4293
f 5448/2446 5446/1888 2983/4293
f 2366/4289 5458/1951 5476/1270
f 5458/1951 5457/1269 5476/1270
f 5467/3219 2404/4290 5468/1271
f 2404/4290 5477/1272 5468/1271
usemtl texture27
f 5480/4297 5479/4296 5478/4295
f 5479/4296 5481/4298 5478/4295
f 5483/4300 5481/4298 5482/4299
f 5481/4298 5479/4296 5482/4299
f 5485/4302 5480/4297 5484/4301
f 5480/4297 5478/4295 5484/4301
f 5482/4299 5485/4302 5483/4300
f 5485/4302 5484/4301 5483/4300
usemtl texture28
f 5488/4305 5487/4304 5486/4303
f 5487/4304 5489/4306 5486/4303
usemtl texture29
f 5489/4309 5487/4308 5490/4307
f 5487/4308 5491/4310 5490/4307
f 5494/4307 5493/4310 5492/4311
f 5493/4310 5495/4312 5492/4311
f 5490/4307 5491/4310 5480/4313
f 5491/4310 5479/4314 5480/4313
f 5493/4310 5494/4307 5481/4314
f 5494/4307 5478/4313 5481/4314
f 5492/4317 5495/4316 5496/4315
f 5496/4315 5495/4316 5497/4318
f 5498/4320 5497/4319 5493/4310
f 5493/4310 5497/4319 5495/4312
f 5496/4311 5497/4319 5499/4307
f 5498/4320 5499/4307 5497/4319
f 5501/4322 5494/4307 5500/4321
f 5494/4307 5492/4311 5500/4321
f 5492/4317 5496/4315 5500/4323
f 5500/4323 5496/4315 5502/4324
f 5496/4311 5499/4325 5502/4321
f 5499/4325 5503/4326 5502/4321
f 5504/4328 5491/4310 5488/4327
f 5491/4310 5487/4308 5488/4327
f 5489/4309 5490/4307 5486/4329
f 5486/4329 5490/4307 5505/4330
f 5505/4330 5490/4307 5485/4331
f 5490/4307 5480/4313 5485/4331
f 5491/4310 5504/4328 5479/4332
f 5504/4328 5482/4333 5479/4332
f 5506/4328 5493/4310 5483/4333
f 5493/4310 5481/4332 5483/4333
f 5508/4335 5502/4321 5507/4334
f 5503/4326 5507/4334 5502/4321
f 5509/4337 5500/4323 5508/4336
f 5500/4323 5502/4324 5508/4336
f 5510/4330 5501/4322 5509/4335
f 5501/4322 5500/4321 5509/4335
f 5508/4335 5507/4330 5511/4338
f 5507/4330 5512/4339 5511/4338
f 5512/4339 5506/4328 5511/4338
f 5506/4328 5513/4340 5511/4338
f 5509/4337 5508/4336 5513/4341
f 5508/4336 5511/4342 5513/4341
f 5504/4328 5505/4330 5482/4343
f 5505/4330 5485/4331 5482/4343
f 5510/4330 5506/4328 5484/4331
f 5506/4328 5483/4343 5484/4331
f 5488/4327 5486/4329 5504/4328
f 5486/4329 5505/4330 5504/4328
f 5506/4328 5510/4330 5513/4340
f 5510/4330 5509/4335 5513/4340
f 5494/4307 5501/4322 5478/4313
f 5478/4313 5501/4322 5484/4331
f 5484/4331 5501/4322 5510/4330
g obj3
usemtl mat13
f 5516/4346 5515/4345 5514/4344
f 5515/4345 5517/4347 5514/4344
f 5514/4344 5517/4347 5518/4348
f 5517/4347 5519/4349 5518/4348
f 5518/4348 5519/4349 5520/4350
f 5519/4349 5521/4351 5520/4350
f 5520/4350 5521/4351 5522/4352
f 5521/4351 5523/4353 5522/4352
f 5525/4355 5524/4354 5518/4348
f 5524/4354 5514/4344 5518/4348
f 5524/4354 5516/4346 5514/4344
f 5525/4355 5518/4348 5520/4350
f 5525/4355 5520/4350 5522/4352
usemtl mat14
f 5522/4358 5523/4357 5526/4356
f 5523/4357 5527/4359 5526/4356
f 5525/4362 5522/4361 5528/4360
f 5522/4361 5526/4363 5528/4360
g obj4
usemtl mat15
f 5531/4366 5530/4365 5529/4364
f 5532/4367 5529/4364 5530/4365
f 5535/4368 5534/4366 5533/4298
f 5533/4298 5534/4366 5536/4365
f 5539/4367 5538/4364 5537/4365
f 5538/4364 5540/4366 5537/4365
f 5543/4366 5542/4365 5541/4364
f 5544/4367 5541/4364 5542/4365
f 5547/4365 5546/4298 5545/4366
f 5546/4298 5548/4368 5545/4366
f 5551/4366 5550/4365 5549/4364
f 5552/4367 5549/4364 5550/4365
f 5555/4364 5554/4366 5553/4367
f 5553/4367 5554/4366 5556/4365
f 5559/4364 5558/4366 5557/4367
f 5557/4367 5558/4366 5560/4365
f 5563/3219 5562/1271 5561/1951
f 5561/1951 5562/1271 5564/1269
f 5567/3219 5566/1271 5565/1951
f 5565/1951 5566/1271 5568/1269
f 5571/3219 5570/1271 5569/1951
f 5569/1951 5570/1271 5572/1269
f 5575/3219 5574/1271 5573/1951
f 5573/1951 5574/1271 5576/1269
f 5579/3219 5578/1271 5577/1951
f 5577/1951 5578/1271 5580/1269
f 5583/1269 5582/1951 5581/1271
f 5582/1951 5584/3219 5581/1271
f 5587/3219 5586/1271 5585/1951
f 5585/1951 5586/1271 5588/1269
f 5591/3219 5590/1271 5589/1951
f 5589/1951 5590/1271 5592/1269
f 5595/3219 5594/1271 5593/1951
f 5593/1951 5594/1271 5596/1269
f 5599/3219 5598/1271 5597/1951
f 5597/1951 5598/1271 5600/1269
f 5603/3219 5602/1271 5601/1951
f 5601/1951 5602/1271 5604/1269
f 5607/1269 5606/1951 5605/1271
f 5606/1951 5608/3219 5605/1271
f 5611/4367 5610/4364 5609/4365
f 5612/4366 5609/4365 5610/4364
f 5615/4370 5614/4369 5613/4368
f 5614/4369 5616/4298 5613/4368
f 5618/4364 5617/4367 5615/4370
f 5614/4369 5615/4370 5617/4367
f 5620/4365 5617/4367 5619/4366
f 5617/4367 5618/4364 5619/4366
f 5623/4364 5622/4366 5621/4367
f 5621/4367 5622/4366 5624/4365
f 5627/4364 5626/4366 5625/4367
f 5625/4367 5626/4366 5628/4365
f 5631/4365 5630/4367 5629/4366
f 5630/4367 5632/4364 5629/4366
f 5635/4365 5634/4367 5633/4366
f 5634/4367 5636/4364 5633/4366
f 5639/4365 5638/4367 5637/4366
f 5638/4367 5640/4364 5637/4366
f 5643/3219 5642/1271 5641/1951
f 5641/1951 5642/1271 5644/1269
f 5647/3219 5646/1271 5645/1951
f 5645/1951 5646/1271 5648/1269
f 5651/3219 5650/1271 5649/1951
f 5649/1951 5650/1271 5652/1269
f 5655/3219 5654/1271 5653/1951
f 5653/1951 5654/1271 5656/1269
f 5659/1269 5658/1951 5657/1271
f 5658/1951 5660/3219 5657/1271
f 5663/3219 5662/1271 5661/1951
f 5661/1951 5662/1271 5664/1269
usemtl mat16
f 5667/4373 5666/4372 5665/4371
f 5667/4373 5665/4371 5668/4374
f 5671/4373 5670/4372 5669/4371
f 5671/4373 5669/4371 5672/4374
f 5675/4373 5674/4372 5673/4371
f 5675/4373 5673/4371 5676/4374
f 5679/4373 5678/4372 5677/4371
f 5679/4373 5677/4371 5680/4374
f 5683/4373 5682/4371 5681/4374
f 5683/4373 5684/4372 5682/4371
f 5687/4373 5686/4371 5685/4374
f 5687/4373 5688/4372 5686/4371
f 5691/4373 5690/4371 5689/4374
f 5691/4373 5692/4372 5690/4371
# 7249 elements

