# Created by Metasequoia

mtllib Mad_express6.mtl

v -2968.483398 31.999901 -3908.213623
v -2916.928223 31.999901 -3944.421875
v -2966.759521 31.999901 -3905.758057
v -2915.204346 31.999901 -3941.966553
v -2968.483398 104.999901 -3908.213623
v -2916.928223 104.999901 -3944.421875
v -2966.759521 104.999901 -3905.758057
v -2915.204346 104.999901 -3941.966553
v -2966.759521 68.880096 -3905.758057
v -2968.483398 68.880096 -3908.213379
v -2907.020996 68.880096 -3947.713867
v -2908.744873 68.880096 -3950.169189
v -2860.375488 31.999901 -3980.473877
v -2862.099365 31.999901 -3982.928955
v -2860.375488 104.999901 -3980.473877
v -2862.099365 104.999901 -3982.928955
v -2843.189941 68.880096 -3992.542969
v -2844.914307 68.880096 -3994.997803
v -2781.083984 68.880096 -4039.827148
v -2779.359619 68.880096 -4037.372070
v -2762.174316 31.999901 -4049.441650
v -2763.898682 31.999901 -4051.896729
v -2762.174316 104.999901 -4049.441650
v -2763.898682 104.999901 -4051.896729
v -2717.253418 68.880096 -4084.656494
v -2715.529053 68.880096 -4082.201416
v -2725.436768 31.999901 -4078.909180
v -2723.712402 31.999901 -4076.454102
v -2725.436768 104.999901 -4078.909180
v -2723.712402 104.999901 -4076.454102
v -2655.790039 31.999901 -4124.157227
v -2657.514404 31.999901 -4126.611816
v -2655.790039 104.999901 -4124.157227
v -2657.514404 104.999901 -4126.611816
v -2657.514404 68.880096 -4126.611816
v -2655.790039 68.880096 -4124.157227
v -2969.803711 35.999901 -4019.708496
v -2971.527588 35.999901 -4022.163818
v -3021.359375 35.999901 -3983.500732
v -3023.083252 35.999901 -3985.955811
v -2969.803711 108.999901 -4019.708496
v -2971.527588 108.999901 -4022.163818
v -3021.359375 108.999901 -3983.500732
v -3023.083252 108.999901 -3985.955811
v -2963.344238 72.880096 -4027.911133
v -3023.083252 72.880096 -3985.955566
v -2961.620361 72.880096 -4025.455811
v -3021.359375 72.880096 -3983.500488
v -2916.698730 35.999901 -4060.670898
v -2914.974854 35.999901 -4058.215820
v -2916.698730 108.999901 -4060.670898
v -2914.974854 108.999901 -4058.215820
v -2915.204346 35.999901 -3941.966553
v -2916.928223 35.999901 -3944.421875
v -2966.759521 35.999901 -3905.758057
v -2968.483398 35.999901 -3908.213623
v -2915.204346 108.999901 -3941.966553
v -2916.928223 108.999901 -3944.421875
v -2966.759521 108.999901 -3905.758057
v -2968.483398 108.999901 -3908.213623
v -2908.744873 72.880096 -3950.169189
v -2968.483398 72.880096 -3908.213379
v -2907.020996 72.880096 -3947.713867
v -2966.759521 72.880096 -3905.758057
v -2897.789795 72.880096 -4070.285400
v -2899.514160 72.880096 -4072.740234
v -2862.099365 35.999901 -3982.928955
v -2860.375488 35.999901 -3980.473877
v -2862.099365 108.999901 -3982.928955
v -2860.375488 108.999901 -3980.473877
v -2843.189941 72.880096 -3992.542969
v -2844.914307 72.880096 -3994.997803
v -2833.959229 72.880096 -4115.114746
v -2835.683594 72.880096 -4117.569336
v -2816.774170 35.999901 -4127.184082
v -2818.498535 35.999901 -4129.639160
v -2816.774170 108.999901 -4127.184082
v -2818.498535 108.999901 -4129.639160
v -2762.174316 35.999901 -4049.441650
v -2763.898682 35.999901 -4051.896729
v -2762.174316 108.999901 -4049.441650
v -2763.898682 108.999901 -4051.896729
v -2779.359619 72.880096 -4037.372070
v -2781.083984 72.880096 -4039.827148
v -2770.128662 72.880096 -4159.943848
v -2771.853027 72.880096 -4162.398926
v -2778.312256 35.999901 -4154.196777
v -2780.036377 35.999901 -4156.651367
v -2778.312256 108.999901 -4154.196777
v -2780.036377 108.999901 -4156.651367
v -2715.529053 72.880096 -4082.201416
v -2717.253418 72.880096 -4084.656494
v -2712.114014 35.999901 -4204.354492
v -2710.389648 35.999901 -4201.899414
v -2712.114014 108.999901 -4204.354492
v -2710.389648 108.999901 -4201.899414
v -2723.712402 35.999901 -4076.454102
v -2725.436768 35.999901 -4078.909180
v -2723.712402 108.999901 -4076.454102
v -2725.436768 108.999901 -4078.909180
v -2710.389648 72.880096 -4201.899414
v -2712.114014 72.880096 -4204.354492
v -2657.514404 35.999901 -4126.611816
v -2655.790039 35.999901 -4124.157227
v -2657.514404 108.999901 -4126.611816
v -2655.790039 108.999901 -4124.157227
v -2655.790039 72.880096 -4124.157227
v -2657.514404 72.880096 -4126.611816
v -3021.359375 31.999901 -3983.500732
v -3023.083252 31.999901 -3985.955811
v -3021.359375 104.999901 -3983.500732
v -3023.083252 104.999901 -3985.955811
v -2710.389648 31.999901 -4201.899414
v -2712.114014 31.999901 -4204.354492
v -2710.389648 104.999901 -4201.899414
v -2712.114014 104.999901 -4204.354492
v -2971.527588 31.999901 -4022.163818
v -2971.527588 104.999901 -4022.163818
v -2969.803711 31.999901 -4019.708496
v -2969.803711 104.999901 -4019.708496
v -2963.344238 68.880096 -4027.911133
v -3023.083252 68.880096 -3985.955566
v -3021.359375 68.880096 -3983.500488
v -2961.620361 68.880096 -4025.455811
v -2916.698730 31.999901 -4060.670898
v -2916.698730 104.999901 -4060.670898
v -2914.974854 31.999901 -4058.215820
v -2914.974854 104.999901 -4058.215820
v -2899.514160 68.880096 -4072.740234
v -2897.789795 68.880096 -4070.285400
v -2835.683594 68.880096 -4117.569336
v -2818.498535 31.999901 -4129.639160
v -2818.498535 104.999901 -4129.639160
v -2816.774170 31.999901 -4127.184082
v -2833.959229 68.880096 -4115.114746
v -2816.774170 104.999901 -4127.184082
v -2771.853027 68.880096 -4162.398926
v -2770.128662 68.880096 -4159.943848
v -2780.036377 31.999901 -4156.651367
v -2780.036377 104.999901 -4156.651367
v -2778.312256 31.999901 -4154.196777
v -2778.312256 104.999901 -4154.196777
v -2712.114014 68.880096 -4204.354492
v -2710.389648 68.880096 -4201.899414
v -3020.784424 109.999901 -3982.682373
v -3023.658203 109.999901 -3986.774170
v -3024.876221 109.999901 -3979.808594
v -3027.750000 109.999901 -3983.900391
v -2966.184814 109.999901 -3904.939697
v -2969.058350 109.999901 -3909.031494
v -2970.276611 109.999901 -3902.066162
v -2973.150146 109.999901 -3906.157959
v -2863.253906 109.999901 -4093.318359
v -2866.127686 109.999901 -4097.410156
v -2867.345703 109.999901 -4090.444580
v -2870.219482 109.999901 -4094.536377
v -2808.654053 109.999901 -4015.575928
v -2811.528076 109.999901 -4019.667236
v -2812.745850 109.999901 -4012.702393
v -2815.619385 109.999901 -4016.794189
v -2705.723389 109.999901 -4203.955078
v -2708.596924 109.999901 -4208.046387
v -2709.814941 109.999901 -4201.081055
v -2712.688721 109.999901 -4205.172852
v -2651.123535 109.999901 -4126.212402
v -2653.997559 109.999901 -4130.304199
v -2655.215088 109.999901 -4123.338867
v -2658.089111 109.999901 -4127.430176
v -3024.876465 49.999901 -3979.808594
v -3027.750000 49.999901 -3983.900391
v -3024.876465 29.999901 -3979.808594
v -3027.750000 29.999901 -3983.900391
v -3024.876465 69.999901 -3979.808594
v -3027.750000 69.999901 -3983.900391
v -3024.876465 89.999901 -3979.808594
v -3027.750000 89.999901 -3983.900391
v -3023.658203 29.999901 -3986.773926
v -3023.658203 49.999901 -3986.773926
v -3023.658203 69.999901 -3986.773926
v -3023.658203 89.999901 -3986.773926
v -3020.784668 29.999901 -3982.682129
v -3020.784668 49.999901 -3982.682129
v -3020.784668 69.999901 -3982.682129
v -3020.784668 89.999901 -3982.682129
v -2970.276611 49.999901 -3902.066162
v -2973.150146 49.999901 -3906.157959
v -2970.276611 29.999901 -3902.066162
v -2973.150146 29.999901 -3906.157959
v -2970.276611 69.999901 -3902.066162
v -2973.150146 69.999901 -3906.157959
v -2970.276611 89.999901 -3902.066162
v -2973.150146 89.999901 -3906.157959
v -2969.058350 29.999901 -3909.031494
v -2969.058350 49.999901 -3909.031494
v -2969.058350 69.999901 -3909.031494
v -2969.058350 89.999901 -3909.031494
v -2966.184814 29.999901 -3904.939697
v -2966.184814 49.999901 -3904.939697
v -2966.184814 69.999901 -3904.939697
v -2966.184814 89.999901 -3904.939697
v -2867.345703 49.999901 -4090.444824
v -2870.219482 49.999901 -4094.536621
v -2867.345703 29.999901 -4090.444824
v -2870.219482 29.999901 -4094.536621
v -2867.345703 69.999901 -4090.444824
v -2870.219482 69.999901 -4094.536621
v -2867.345703 89.999901 -4090.444824
v -2870.219482 89.999901 -4094.536621
v -2866.127686 29.999901 -4097.410156
v -2866.127686 49.999901 -4097.410156
v -2866.127686 69.999901 -4097.410156
v -2866.127686 89.999901 -4097.410156
v -2863.253906 29.999901 -4093.318359
v -2863.253906 49.999901 -4093.318359
v -2863.253906 69.999901 -4093.318359
v -2863.253906 89.999901 -4093.318359
v -2812.745850 49.999901 -4012.702637
v -2815.619385 49.999901 -4016.794434
v -2812.745850 29.999901 -4012.702637
v -2815.619385 29.999901 -4016.794434
v -2812.745850 69.999901 -4012.702637
v -2815.619385 69.999901 -4016.794434
v -2812.745850 89.999901 -4012.702637
v -2815.619385 89.999901 -4016.794434
v -2811.528076 29.999901 -4019.667480
v -2811.528076 49.999901 -4019.667480
v -2811.528076 69.999901 -4019.667480
v -2811.528076 89.999901 -4019.667480
v -2808.654053 29.999901 -4015.575928
v -2808.654053 49.999901 -4015.575928
v -2808.654053 69.999901 -4015.575928
v -2808.654053 89.999901 -4015.575928
v -2709.814941 49.999901 -4201.081055
v -2712.688721 49.999901 -4205.172852
v -2709.814941 29.999901 -4201.081055
v -2712.688721 29.999901 -4205.172852
v -2709.814941 69.999901 -4201.081055
v -2712.688721 69.999901 -4205.172852
v -2709.814941 89.999901 -4201.081055
v -2712.688721 89.999901 -4205.172852
v -2708.596924 29.999901 -4208.046387
v -2708.596924 49.999901 -4208.046387
v -2708.596924 69.999901 -4208.046387
v -2708.596924 89.999901 -4208.046387
v -2705.723389 29.999901 -4203.955078
v -2705.723389 49.999901 -4203.955078
v -2705.723389 69.999901 -4203.955078
v -2705.723389 89.999901 -4203.955078
v -2655.215088 49.999901 -4123.338867
v -2658.089111 49.999901 -4127.430176
v -2655.215088 29.999901 -4123.338867
v -2658.089111 29.999901 -4127.430176
v -2655.215088 69.999901 -4123.338867
v -2658.089111 69.999901 -4127.430176
v -2655.215088 89.999901 -4123.338867
v -2658.089111 89.999901 -4127.430176
v -2653.997559 29.999901 -4130.304199
v -2653.997559 49.999901 -4130.304199
v -2653.997559 69.999901 -4130.304199
v -2653.997559 89.999901 -4130.304199
v -2651.123535 29.999901 -4126.212402
v -2651.123535 49.999901 -4126.212402
v -2651.123535 69.999901 -4126.212402
v -2651.123535 89.999901 -4126.212402
v -2587.564209 24.049700 -4182.064941
v -2621.897949 24.049700 -4240.875488
v -2589.903809 54.072201 -4186.072754
v -2619.558350 54.072201 -4236.868652
v -2604.750244 13.999900 -4211.459473
v -2624.916992 13.999900 -4246.003418
v -2623.697021 21.537300 -4243.946777
v -2604.731201 66.557503 -4211.470703
v -2614.634277 64.079597 -4228.434082
v -2594.827881 64.079597 -4194.507324
v -2585.774658 21.537300 -4178.988770
v -2584.583252 13.999900 -4176.915527
v -2543.141602 56.928600 -4282.191406
v -2528.004883 56.928600 -4256.263672
v -2529.159912 65.794769 -4283.378906
v -2517.060059 65.794746 -4262.652832
v -2543.141113 56.928501 -4282.190918
v -2513.197266 56.922451 -4299.672852
v -2510.160889 65.794724 -4294.471680
v -2512.867676 56.928501 -4230.334961
v -2504.959961 65.794731 -4241.926270
v -2484.133545 56.928398 -4316.640625
v -2492.041748 65.794731 -4305.049316
v -2482.923828 56.922501 -4247.816895
v -2485.960449 65.794800 -4253.018066
v -2484.133545 56.928600 -4316.640625
v -2468.997070 56.928600 -4290.712891
v -2479.941895 65.794800 -4284.323242
v -2453.859863 56.928631 -4264.783691
v -2467.841309 65.794830 -4263.596191
v -2482.923828 56.922699 -4247.816406
v -2474.053223 56.928398 -4322.525391
v -2458.916016 56.928398 -4296.597168
v -2460.071777 65.794769 -4323.713379
v -2447.971680 65.794746 -4302.986328
v -2474.053223 56.928600 -4322.525391
v -2444.109131 56.922600 -4340.006836
v -2441.072754 65.794800 -4334.805176
v -2443.779785 56.928699 -4270.668945
v -2435.871826 65.794899 -4282.259766
v -2458.916748 56.928600 -4296.597656
v -2415.045410 56.928200 -4356.974121
v -2444.109131 56.921902 -4340.006348
v -2422.953125 65.794098 -4345.382324
v -2441.072510 65.794098 -4334.804688
v -2413.835693 56.922829 -4288.150391
v -2416.872559 65.794983 -4293.352539
v -2422.953369 65.794746 -4345.382813
v -2399.908691 56.928501 -4331.046387
v -2410.853027 65.794746 -4324.656250
v -2384.771729 56.928699 -4305.117676
v -2398.752930 65.794930 -4303.929688
v -2399.908936 56.928600 -4331.046387
v -2409.420654 26.049999 -4364.920410
v -2375.086670 26.049999 -4306.109375
v -2407.081055 56.072399 -4360.912598
v -2377.426514 56.072399 -4310.116699
v -2411.210205 23.537500 -4367.996094
v -2412.401611 16.000200 -4370.069824
v -2392.234863 16.000200 -4335.525879
v -2392.253662 68.557701 -4335.514648
v -2402.156982 66.079903 -4352.478027
v -2382.350342 66.079903 -4318.551270
v -2373.287842 23.537500 -4303.038574
v -2372.067871 16.000200 -4300.981445
v -2612.229736 56.928398 -4241.857910
v -2597.092773 56.928398 -4215.930176
v -2598.248291 65.794800 -4243.045410
v -2586.147949 65.794701 -4222.318848
v -2612.229980 56.928699 -4241.858398
v -2582.286133 56.922901 -4259.339844
v -2579.249023 65.794952 -4254.138184
v -2581.956055 56.928600 -4190.001465
v -2574.047852 65.794731 -4201.592285
v -2597.093018 56.928600 -4215.930176
v -2553.221924 56.928730 -4276.307129
v -2561.129639 65.794930 -4264.715332
v -2581.955811 56.928398 -4190.001465
v -2552.011719 56.922401 -4207.482910
v -2555.048584 65.794853 -4212.684570
v -2538.084961 56.928600 -4250.378418
v -2549.029785 65.794800 -4243.988770
v -2522.948242 56.928730 -4224.449707
v -2536.929443 65.794930 -4223.261719
v -2552.011719 56.923000 -4207.482910
v -2676.235596 13.999900 -4195.863281
v -2671.776855 21.537300 -4196.110840
v -2672.274902 13.999900 -4218.355957
v -2667.898438 21.537300 -4218.141602
v -2668.606689 13.999900 -4174.179688
v -2666.043213 21.537300 -4175.676758
v -2667.596680 24.049700 -4196.515625
v -2663.110352 24.049700 -4216.816406
v -2662.933105 24.049700 -4177.491699
v -2653.475098 13.999900 -4156.876953
v -2651.067383 21.537300 -4160.637695
v -2648.659668 24.049700 -4164.078125
v -2631.941162 13.999900 -4149.267578
v -2629.976074 21.537300 -4153.184082
v -2628.776367 24.049700 -4158.005371
v -2545.570801 16.000200 -4280.747070
v -2545.570801 26.000200 -4280.747070
v -2542.139893 16.000200 -4294.329590
v -2542.139893 26.000200 -4294.329590
v -2515.320557 26.000200 -4228.930176
v -2515.320557 16.000200 -4228.930176
v -2495.195557 16.000200 -4321.734863
v -2495.195557 26.000200 -4321.734863
v -2501.806396 26.000200 -4225.241211
v -2501.806396 16.000200 -4225.241211
v -2481.664307 16.000200 -4318.055176
v -2481.664307 26.000200 -4318.055176
v -2454.861816 16.000200 -4252.646973
v -2454.861816 26.000200 -4252.646973
v -2451.414307 16.000200 -4266.239258
v -2451.414307 26.000200 -4266.239258
v -2476.482910 16.000200 -4321.080078
v -2476.482910 26.000200 -4321.080078
v -2473.051758 16.000200 -4334.662598
v -2473.051758 26.000200 -4334.662598
v -2446.232422 26.000200 -4269.264160
v -2446.232422 16.000200 -4269.264160
v -2426.107178 16.000200 -4362.068359
v -2426.107178 26.000200 -4362.068359
v -2432.717773 26.000200 -4265.574219
v -2432.717773 16.000200 -4265.574219
v -2412.575928 16.000200 -4358.388672
v -2412.575928 26.000200 -4358.388672
v -2385.773438 16.000200 -4292.980469
v -2385.773438 26.000200 -4292.980469
v -2382.325928 16.000200 -4306.572754
v -2382.325928 26.000200 -4306.572754
v -2367.008789 23.537500 -4393.801270
v -2368.208252 26.049999 -4388.979492
v -2365.043701 16.000200 -4397.717773
v -2345.917725 23.537500 -4386.347656
v -2348.324951 26.049999 -4382.906738
v -2343.509766 16.000200 -4390.108887
v -2329.086670 23.537500 -4328.843750
v -2333.874512 26.049999 -4330.168945
v -2324.709961 16.000200 -4328.629395
v -2330.941650 23.537500 -4371.308594
v -2334.051514 26.049999 -4369.493164
v -2328.378174 16.000200 -4372.805664
v -2325.208252 23.537500 -4350.874512
v -2329.387939 26.049999 -4350.469238
v -2320.749268 16.000200 -4351.122070
v -2614.659180 16.000200 -4240.412598
v -2614.659180 26.000200 -4240.412598
v -2611.228027 16.000200 -4253.995605
v -2611.228027 26.000200 -4253.995605
v -2584.409180 26.000200 -4188.597168
v -2584.409180 16.000200 -4188.597168
v -2564.283447 16.000200 -4281.400879
v -2564.283447 26.000200 -4281.400879
v -2570.894531 26.000200 -4184.907227
v -2570.894531 16.000200 -4184.907227
v -2550.752441 16.000200 -4277.721191
v -2550.752441 26.000200 -4277.721191
v -2523.949951 16.000200 -4212.313477
v -2523.949951 26.000200 -4212.313477
v -2520.502197 16.000200 -4225.905762
v -2520.502197 26.000200 -4225.905762
v -2655.675537 54.072201 -4204.889160
v -2653.900146 54.072201 -4213.645508
v -2650.518799 54.072201 -4184.739258
v -2635.507568 54.072201 -4170.343262
v -2643.552002 64.079597 -4211.551758
v -2643.713135 64.792198 -4188.712891
v -2623.745605 64.079597 -4177.625000
v -2627.009277 54.072201 -4167.583984
v -2369.975342 56.072399 -4379.400879
v -2373.239258 66.079903 -4369.360352
v -2353.271729 66.792397 -4358.272461
v -2353.432861 66.079903 -4335.433594
v -2343.084961 56.072399 -4333.339844
v -2361.477051 56.072399 -4376.642090
v -2346.465820 56.072399 -4362.245605
v -2341.309326 56.072399 -4342.096191
v -2636.177734 59.075901 -4220.717773
v -2641.801025 63.086700 -4233.871094
v -2647.598145 54.072201 -4217.721191
v -2646.967773 60.812691 -4233.139648
v -2632.393311 54.072201 -4228.978027
v -2638.624023 60.812691 -4238.010742
v -2612.138184 59.075901 -4179.540039
v -2620.362305 54.072201 -4171.068848
v -2603.448486 63.086700 -4168.176758
v -2606.625977 60.812691 -4164.037598
v -2603.084229 54.072201 -4178.774414
v -2598.282227 60.812691 -4168.908691
v -2656.755859 80.890602 -4235.112793
v -2645.779541 53.990799 -4240.687012
v -2650.232666 42.813702 -4219.297363
v -2642.794678 39.060902 -4225.907227
v -2633.582031 42.813702 -4230.594727
v -2620.284912 42.813702 -4167.999512
v -2610.872070 39.060902 -4171.226074
v -2599.469727 53.990799 -4161.361328
v -2609.719482 80.890602 -4154.543457
v -2602.260986 42.813702 -4176.944824
v -2520.106689 56.928600 -4295.640137
v -2518.629150 61.011799 -4293.108887
v -2522.040039 63.186501 -4305.644043
v -2515.285889 69.621887 -4303.250000
v -2520.237061 78.546402 -4311.730957
v -2514.049072 63.186501 -4310.308105
v -2513.197510 50.635502 -4299.672852
v -2504.811768 61.011799 -4301.176270
v -2506.288574 56.928600 -4303.706055
v -2482.072266 63.186501 -4237.182129
v -2491.309814 61.011799 -4246.313965
v -2489.832764 56.928600 -4243.783203
v -2480.835693 69.621887 -4244.239746
v -2482.923828 50.635502 -4247.816406
v -2477.491943 61.011799 -4254.379883
v -2474.081787 63.186501 -4241.847168
v -2475.884521 78.546402 -4235.759766
v -2476.015137 56.928600 -4251.850098
v -2451.018066 56.928600 -4335.973145
v -2449.541260 61.011799 -4333.442871
v -2452.951416 63.186501 -4345.977051
v -2446.197510 69.621887 -4343.583496
v -2451.148438 78.546402 -4352.064453
v -2444.960693 63.186501 -4350.641113
v -2444.109375 50.635502 -4340.006836
v -2435.723633 61.011799 -4341.510254
v -2437.200439 56.928600 -4344.040039
v -2412.984131 63.186501 -4277.515625
v -2422.221924 61.011799 -4286.647949
v -2420.744385 56.928600 -4284.116699
v -2411.747314 69.621887 -4284.573730
v -2413.835693 50.635502 -4288.150391
v -2408.403809 61.011799 -4294.713867
v -2404.993896 63.186501 -4282.180176
v -2406.796387 78.546402 -4276.092773
v -2406.927002 56.928600 -4292.184082
v -2384.846436 61.076099 -4367.444824
v -2393.536377 65.086899 -4378.808594
v -2393.900635 56.072399 -4368.210938
v -2398.702881 62.812901 -4378.076660
v -2376.622559 56.072399 -4375.916504
v -2390.358887 62.812901 -4382.947754
v -2360.807129 61.076099 -4326.267578
v -2364.591797 56.072399 -4318.007324
v -2355.183838 65.086899 -4313.114258
v -2358.360840 62.812901 -4308.974609
v -2349.386719 56.072399 -4329.264160
v -2350.017090 62.812901 -4313.845703
v -2397.515381 55.991001 -4385.624512
v -2394.723877 44.813999 -4370.040527
v -2387.265381 82.890800 -4392.441895
v -2386.112305 41.061199 -4375.758789
v -2376.699951 44.813999 -4378.985840
v -2363.402832 44.813999 -4316.390625
v -2351.205078 55.991001 -4306.298828
v -2354.189941 41.061199 -4321.078613
v -2340.229004 82.890800 -4311.872559
v -2346.752197 44.813999 -4327.687988
v -2589.194580 56.928600 -4255.305664
v -2587.717529 61.011799 -4252.775391
v -2591.128174 63.186501 -4265.309082
v -2584.374023 69.621887 -4262.916016
v -2589.325439 78.546402 -4271.397461
v -2583.136963 63.186501 -4269.973145
v -2582.285889 50.635502 -4259.339355
v -2573.899902 61.011799 -4260.842773
v -2575.376953 56.928600 -4263.372559
v -2551.160400 63.186501 -4196.848145
v -2560.397705 61.011799 -4205.979492
v -2558.920898 56.928600 -4203.449219
v -2549.923828 69.621887 -4203.905762
v -2552.011963 50.635502 -4207.482910
v -2546.580322 61.011799 -4214.046387
v -2543.169922 63.186501 -4201.513672
v -2544.972656 78.546402 -4195.425781
v -2545.103271 56.928600 -4211.516602
v -2528.004883 31.402000 -4256.263672
v -2543.141357 31.402000 -4282.191406
v -2512.867676 31.402000 -4230.334961
v -2543.150635 31.402100 -4282.207031
v -2543.150391 56.928699 -4282.207031
v -2513.206543 31.402100 -4299.688477
v -2513.206543 56.922699 -4299.688477
v -2512.867920 56.928600 -4230.334961
v -2484.133789 31.402000 -4316.640625
v -2484.159424 31.402201 -4316.685059
v -2513.222656 31.402201 -4299.716309
v -2484.159424 56.928799 -4316.685059
v -2513.222656 56.922798 -4299.716309
v -2512.871338 31.401699 -4230.342285
v -2482.927490 31.401699 -4247.822754
v -2512.871338 56.928200 -4230.341797
v -2482.927246 56.922298 -4247.822754
v -2453.859863 31.402000 -4264.783691
v -2468.997070 31.402000 -4290.712891
v -2453.854492 31.402100 -4264.774902
v -2453.854492 56.928699 -4264.774902
v -2482.918701 31.402100 -4247.807617
v -2482.918701 56.922699 -4247.807617
v -2458.916504 31.402000 -4296.597656
v -2474.053467 31.402000 -4322.525879
v -2443.779785 31.402000 -4270.668945
v -2474.054199 56.928501 -4322.526855
v -2444.110352 31.402000 -4340.008301
v -2444.110352 56.922501 -4340.008301
v -2415.045654 31.402000 -4356.974609
v -2415.039795 31.402000 -4356.964355
v -2444.103760 31.402000 -4339.997070
v -2415.039795 56.928501 -4356.964355
v -2444.103760 56.922600 -4339.997070
v -2443.785400 31.402100 -4270.679199
v -2413.841309 31.402100 -4288.160645
v -2443.785400 56.928600 -4270.679199
v -2413.841309 56.922699 -4288.160645
v -2384.771729 31.402000 -4305.117676
v -2399.908691 31.402000 -4331.046387
v -2415.045654 56.928600 -4356.974609
v -2413.835938 31.402000 -4288.150879
v -2597.093018 31.402000 -4215.929688
v -2612.229736 31.402000 -4241.857910
v -2581.956055 31.402000 -4190.001465
v -2612.234375 31.402000 -4241.865234
v -2612.234375 56.928600 -4241.865234
v -2582.290527 31.402000 -4259.346680
v -2582.290527 56.922600 -4259.346680
v -2553.222168 31.402000 -4276.306641
v -2553.219238 31.402000 -4276.302246
v -2582.283203 31.402000 -4259.334961
v -2553.219238 56.928501 -4276.302246
v -2582.283203 56.922600 -4259.334961
v -2581.953613 31.402000 -4189.997559
v -2552.009766 31.402000 -4207.479492
v -2581.953613 56.928501 -4189.997559
v -2552.009521 56.922501 -4207.479004
v -2522.948242 31.402000 -4224.450195
v -2538.084961 31.402000 -4250.378906
v -2522.946289 31.402000 -4224.446777
v -2522.946289 56.928600 -4224.446777
v -2552.010010 56.922600 -4207.479492
v -2788.220947 36.998001 -4149.704102
v -2865.456787 37.459702 -4095.297607
v -2788.074951 70.877602 -4149.784180
v -2865.310791 71.339302 -4095.377930
v -2787.927979 104.997299 -4149.864746
v -2865.163330 105.458702 -4095.458252
v -2711.762451 36.541199 -4203.563477
v -2711.616211 70.420799 -4203.643066
v -2711.469482 104.540199 -4203.723633
v -2945.634033 36.998001 -4039.482422
v -3022.869873 37.459702 -3985.075928
v -2945.488037 70.877602 -4039.562500
v -3022.723877 71.339302 -3985.156006
v -2945.341064 104.997299 -4039.642822
v -3022.576416 105.458702 -3985.236572
v -2869.175781 36.541199 -4093.341797
v -2869.029541 70.420799 -4093.421387
v -2868.882813 104.540199 -4093.502197
v -2890.362793 36.998001 -3960.546875
v -2967.598389 37.459702 -3906.140381
v -2890.216309 70.877602 -3960.626465
v -2967.452148 71.339302 -3906.219971
v -2890.069336 104.997299 -3960.706787
v -2967.304688 105.458702 -3906.300537
v -2813.904053 36.541199 -4014.405762
v -2813.758057 70.420799 -4014.485840
v -2813.611084 104.540199 -4014.566162
v -2732.795654 36.998001 -4070.876465
v -2810.031250 37.459702 -4016.469971
v -2732.649170 70.877602 -4070.956299
v -2809.885010 71.339302 -4016.549561
v -2732.502197 104.997299 -4071.036621
v -2809.737549 105.458702 -4016.630127
v -2656.336914 36.541199 -4124.735352
v -2656.190918 70.420799 -4124.815430
v -2656.043945 104.540199 -4124.895508
v -3254.837891 30.000010 -3730.934570
v -3280.527588 30.000010 -3761.594727
v -3327.656006 30.000010 -3669.922119
v -3353.345947 30.000010 -3700.582031
v -3229.148193 30.000010 -3700.274414
v -3301.966064 30.000010 -3639.261963
v -3182.020020 30.000010 -3791.947266
v -3207.709473 30.000010 -3822.607422
v -3156.330322 30.000010 -3761.287109
v -3109.201904 30.000010 -3852.959961
v -3134.891357 30.000010 -3883.619873
v -3083.512451 30.000010 -3822.299805
v -3036.384033 30.000010 -3913.972412
v -3062.073242 30.000010 -3944.632568
v -3010.694580 30.000010 -3883.312256
v -3383.852051 30.999901 -3656.562012
v -3361.962891 30.999901 -3632.674316
v -3365.788818 30.999901 -3673.113770
v -3343.899658 30.999901 -3649.226074
v -3347.725586 30.999901 -3689.665771
v -3325.836426 30.999901 -3665.778076
v -3340.614258 30.999901 -3609.376221
v -3322.551025 30.999901 -3625.927979
v -3304.487793 30.999901 -3642.479980
v -3052.285156 30.999901 -3937.569824
v -3032.561279 30.999901 -3911.865234
v -3032.847900 30.999901 -3952.484375
v -3013.124268 30.999901 -3926.780029
v -3013.410889 30.999901 -3967.398926
v -2993.687012 30.999901 -3941.694336
v -3013.324219 30.999901 -3886.795166
v -3013.124268 30.999901 -3926.779785
v -2993.887207 30.999901 -3901.709717
v -2974.450195 30.999901 -3916.624268
v -3389.134766 29.999901 -3657.146484
v -3386.432617 29.999901 -3654.197266
v -3386.554443 30.999901 -3659.510986
v -3367.753906 29.999901 -3676.738525
v -3368.491455 30.999901 -3676.062988
v -3364.543457 29.999901 -3630.309570
v -3365.173584 27.999901 -3679.103027
v -3367.753906 20.999901 -3676.738525
v -3365.173584 20.999901 -3679.103027
v -3350.427979 30.999901 -3692.614502
v -3363.698975 29.999901 -3680.454346
v -3347.847412 29.999901 -3694.979492
v -3343.194824 29.999901 -3607.011719
v -3345.145020 29.999901 -3692.030273
v -3340.492432 29.999901 -3604.062500
v -3337.911865 30.999901 -3606.427002
v -3323.256104 29.999901 -3668.142578
v -3319.848389 30.999901 -3622.979004
v -3319.111572 29.999901 -3623.654541
v -3319.111572 20.999901 -3623.654541
v -3316.531006 27.999901 -3626.019043
v -3316.531006 20.999901 -3626.019043
v -3315.056396 29.999901 -3627.370361
v -3301.907227 29.999901 -3644.844482
v -3301.785400 30.999901 -3639.530518
v -3299.205078 29.999901 -3641.895508
v -3057.496826 29.999901 -3938.612549
v -3055.061768 29.999901 -3935.438965
v -3054.719971 30.999901 -3940.743164
v -3034.489746 29.999901 -3956.266357
v -3035.282959 30.999901 -3955.657715
v -3035.337891 29.999901 -3909.734375
v -3031.712891 27.999901 -3958.396973
v -3034.489746 20.999901 -3956.266357
v -3031.712891 20.999901 -3958.396973
v -3015.845947 30.999901 -3970.572266
v -3016.101074 29.999901 -3884.664551
v -3030.126221 29.999901 -3959.614502
v -3013.069092 29.999901 -3972.702881
v -3013.666016 29.999901 -3881.490967
v -3010.889404 30.999901 -3883.621826
v -3010.634033 29.999901 -3969.529541
v -2991.452148 30.999901 -3898.536377
v -2990.910400 29.999901 -3943.824951
v -2990.658936 29.999901 -3899.145264
v -2990.658936 20.999901 -3899.145020
v -2987.882080 27.999901 -3901.275635
v -2987.882080 20.999901 -3901.275635
v -2986.295410 29.999901 -3902.493164
v -2972.014893 30.999901 -3913.450928
v -2971.673340 29.999901 -3918.754883
v -2969.238281 29.999901 -3915.581543
v -3023.657959 14.999900 -3986.773682
v -3017.910400 14.999900 -3978.590332
v -3031.841064 14.999900 -3981.026367
v -3026.093994 14.999900 -3972.843018
v -2994.921143 14.999900 -3945.856689
v -3003.104492 14.999900 -3940.109375
v -2971.931885 14.999900 -3913.122803
v -2980.115479 14.999900 -3907.375488
v -2974.367920 14.999900 -3899.192139
v -2966.184570 14.999900 -3904.939453
v -2698.757813 14.999900 -4202.736328
v -2706.941162 14.999900 -4196.988770
v -2704.505127 14.999900 -4210.919922
v -2712.688477 14.999900 -4205.172363
v -2675.768311 14.999900 -4170.002930
v -2683.951660 14.999900 -4164.255371
v -2652.779053 14.999900 -4137.269043
v -2660.962402 14.999900 -4131.521973
v -2655.215332 14.999900 -4123.338379
v -2647.031982 14.999900 -4129.085449
v -3003.104492 19.999901 -3940.109375
v -3026.093994 19.999901 -3972.843018
v -3017.910400 19.999901 -3978.590332
v -2994.921143 19.999901 -3945.856689
v -2980.115479 19.999901 -3907.375488
v -2971.931885 19.999901 -3913.122803
v -2683.951660 19.999901 -4164.255371
v -2706.941162 19.999901 -4196.988770
v -2698.757813 19.999901 -4202.736328
v -2675.768311 19.999901 -4170.002930
v -2660.962402 19.999901 -4131.521973
v -2652.779053 19.999901 -4137.269043
v -3023.657959 19.999901 -3986.773926
v -2966.184570 19.999901 -3904.939453
v -2712.688477 19.999901 -4205.172363
v -2655.215332 19.999901 -4123.338379
v -2944.260010 29.999901 -4030.316650
v -2950.007324 29.999901 -4038.500000
v -3017.910400 29.999901 -3978.590332
v -3023.657959 29.999901 -3986.773682
v -2892.533936 29.999901 -3956.665771
v -2898.281494 29.999901 -3964.849121
v -2966.184570 29.999901 -3904.939453
v -2971.931885 29.999901 -3913.122803
v -2780.591797 29.999901 -4145.262695
v -2786.339111 29.999901 -4153.446289
v -2728.865723 29.999901 -4071.612549
v -2734.613281 29.999901 -4079.795898
v -2706.941162 29.999901 -4196.988770
v -2712.688477 29.999901 -4205.172363
v -2655.215332 29.999901 -4123.338379
v -2660.962402 29.999901 -4131.521973
v -3026.093994 29.999901 -3972.843018
v -3003.104492 29.999901 -3940.109375
v -2994.921143 29.999901 -3945.856689
v -2980.115479 29.999901 -3907.375488
v -2683.951660 29.999901 -4164.255371
v -2698.757813 29.999901 -4202.736328
v -2675.768311 29.999901 -4170.002930
v -2652.779053 29.999901 -4137.269043
v -3031.841309 19.999901 -3981.026367
v -3031.841064 29.999901 -3981.026367
v -2974.367920 19.999901 -3899.192139
v -2974.367920 29.999901 -3899.192139
v -2704.505127 19.999901 -4210.919922
v -2704.505127 29.999901 -4210.919922
v -2647.031982 19.999901 -4129.085449
v -2647.031982 29.999901 -4129.085449
v -2950.007324 19.999901 -4038.500000
v -2944.260010 19.999901 -4030.316650
v -2921.270752 19.999901 -3997.582764
v -2921.270752 29.999901 -3997.582764
v -2898.281494 19.999901 -3964.849121
v -2892.533936 19.999901 -3956.665771
v -2786.339111 19.999901 -4153.446289
v -2780.591797 19.999901 -4145.262695
v -2757.602539 19.999901 -4112.529785
v -2757.602539 29.999901 -4112.529785
v -2734.613281 19.999901 -4079.795898
v -2728.865723 19.999901 -4071.612549
v -3313.062744 39.999901 -3673.864502
v -3327.243652 39.999901 -3687.967773
v -3322.715088 39.999901 -3671.250000
v -3329.805664 39.999901 -3678.301758
v -3310.501221 39.999901 -3683.530518
v -3317.591797 39.999901 -3690.582764
v -3329.805664 29.999901 -3678.301758
v -3327.243652 29.999901 -3687.967773
v -3322.715088 29.999901 -3671.250000
v -3317.591797 29.999901 -3690.582520
v -3310.501221 29.999901 -3683.530762
v -3313.062744 29.999901 -3673.864502
v -3317.317139 49.999901 -3678.095459
v -3322.989502 49.999901 -3683.736816
v -3321.178467 49.999901 -3677.049805
v -3324.014404 49.999901 -3679.870361
v -3316.292725 49.999901 -3681.962158
v -3319.128662 49.999901 -3684.782959
v -3324.014160 39.999901 -3679.870361
v -3322.989502 39.999901 -3683.736816
v -3319.128662 39.999901 -3684.782959
v -3316.292725 39.999901 -3681.962158
v -3317.317139 39.999901 -3678.095459
v -3321.178223 39.999901 -3677.049805
v -3290.782959 40.000000 -3766.048584
v -3359.768066 40.000000 -3708.246826
v -3290.782959 80.000000 -3766.048584
v -3359.768066 80.000000 -3708.246826
v -3290.782959 90.000000 -3766.048584
v -3359.768066 90.000000 -3708.246826
v -3290.782959 130.000000 -3766.048584
v -3359.768066 130.000000 -3708.246826
v -3353.346191 40.000000 -3700.582031
v -3284.360352 40.000000 -3758.383789
v -3353.346191 80.000000 -3700.582031
v -3284.360352 80.000000 -3758.383789
v -3353.346191 90.000000 -3700.582031
v -3284.360352 90.000000 -3758.383789
v -3353.346191 130.000000 -3700.582031
v -3284.360352 130.000000 -3758.383789
v -3232.981445 40.000000 -3697.063232
v -3301.966064 40.000000 -3639.261719
v -3232.981445 80.000000 -3697.063232
v -3301.966064 80.000000 -3639.261719
v -3232.981445 90.000000 -3697.063232
v -3301.966064 90.000000 -3639.261719
v -3232.981445 130.000000 -3697.063232
v -3301.966064 130.000000 -3639.261719
v -3295.543457 40.000000 -3631.596924
v -3226.558838 40.000000 -3689.398438
v -3295.543457 80.000000 -3631.596924
v -3226.558838 80.000000 -3689.398438
v -3295.543457 90.000000 -3631.596924
v -3226.559082 90.000000 -3689.398193
v -3295.543457 130.000000 -3631.596924
v -3226.559570 130.000000 -3689.398193
v -3137.482178 40.000000 -3894.496826
v -3137.482178 80.000000 -3894.496826
v -3137.482178 90.000000 -3894.496826
v -3137.482178 130.000000 -3894.496826
v -3131.058350 40.000000 -3886.831055
v -3131.058350 80.000000 -3886.831787
v -3131.058350 90.000000 -3886.831787
v -3131.058350 130.000000 -3886.831787
v -3079.679932 90.000000 -3825.511475
v -3079.680664 130.000000 -3825.511475
v -3079.679932 40.000000 -3825.511475
v -3079.679932 80.000000 -3825.511475
v -3073.259033 90.000000 -3817.844482
v -3073.259521 130.000000 -3817.843506
v -3073.257813 40.000000 -3817.844727
v -3073.258301 80.000000 -3817.844482
v -3068.496094 40.000000 -3952.297363
v -3068.496094 80.000000 -3952.297363
v -3068.496094 90.000000 -3952.297363
v -3068.496094 130.000000 -3952.297363
v -3062.072510 40.000000 -3944.633057
v -3062.072021 80.000000 -3944.634033
v -3062.072021 90.000000 -3944.634033
v -3062.072021 130.000000 -3944.634033
v -3010.694580 90.000000 -3883.312012
v -3010.695068 130.000000 -3883.311035
v -3010.694580 40.000000 -3883.312012
v -3010.694580 80.000000 -3883.312012
v -3004.273438 90.000000 -3875.645752
v -3004.273438 130.000000 -3875.645752
v -3004.272461 40.000000 -3875.646240
v -3004.273438 80.000000 -3875.645752
v -3284.360352 140.000000 -3758.383789
v -3290.782959 140.000000 -3766.048584
v -3353.346436 140.000000 -3700.582031
v -3359.768311 140.000000 -3708.246826
v -3232.981445 140.000000 -3697.063232
v -3301.966064 140.000000 -3639.261719
v -3226.560059 140.000000 -3689.397217
v -3295.544189 140.000000 -3631.595459
v -3131.058350 140.000000 -3886.831787
v -3137.482178 140.000000 -3894.496826
v -3079.680664 140.000000 -3825.511475
v -3073.259521 140.000000 -3817.843506
v -3062.072021 140.000000 -3944.634033
v -3068.496094 140.000000 -3952.297607
v -3004.273438 140.000000 -3875.645752
v -3010.695068 140.000000 -3883.311279
v -3367.433105 20.000000 -3701.824951
v -3367.432861 15.000000 -3701.824951
v -3361.010742 20.000000 -3694.160156
v -3361.010742 15.000000 -3694.160156
v -3361.010742 30.000000 -3694.160156
v -3367.432861 30.000000 -3701.824951
v -3335.321045 20.000000 -3663.499268
v -3335.321045 15.000000 -3663.499268
v -3335.321045 30.000000 -3663.499268
v -3327.656738 20.000000 -3669.922119
v -3327.656738 15.000000 -3669.922119
v -3353.346191 20.000000 -3700.582031
v -3353.346191 15.000000 -3700.582031
v -3353.345947 30.000000 -3700.582031
v -3327.656738 30.000000 -3669.922119
v -3309.631836 20.000000 -3632.839355
v -3309.631836 15.000000 -3632.839355
v -3309.631836 30.000000 -3632.839355
v -3301.966064 20.000000 -3639.261719
v -3301.966064 15.000000 -3639.261719
v -3301.966064 30.000000 -3639.261719
v -3303.209961 20.000000 -3625.174561
v -3303.209961 15.000000 -3625.174561
v -3303.209961 30.000000 -3625.174561
v -3060.831787 20.000000 -3958.720459
v -3054.408447 20.000000 -3951.055664
v -3060.831787 15.000000 -3958.720459
v -3054.408447 15.000000 -3951.055664
v -3054.408447 30.000000 -3951.055664
v -3060.831787 30.000000 -3958.720459
v -3036.384277 20.000000 -3913.972656
v -3062.073486 20.000000 -3944.632324
v -3036.384277 15.000000 -3913.972656
v -3062.073486 15.000000 -3944.632568
v -3062.073486 30.000000 -3944.632568
v -3036.384277 30.000000 -3913.972656
v -3028.718994 20.000000 -3920.394775
v -3028.718994 15.000000 -3920.394775
v -3028.718994 30.000000 -3920.394775
v -3010.694580 20.000000 -3883.312012
v -3010.694580 15.000000 -3883.312012
v -3010.694580 30.000000 -3883.312256
v -3003.029541 20.000000 -3889.735352
v -3003.029541 15.000000 -3889.735352
v -3003.029541 30.000000 -3889.735352
v -2996.607178 20.000000 -3882.069824
v -2996.607178 15.000000 -3882.069580
v -2996.607178 30.000000 -3882.069580
v -3359.768066 20.000000 -3708.246826
v -3359.768311 15.000000 -3708.246826
v -3359.768066 30.000000 -3708.246826
v -3295.543457 20.000000 -3631.596924
v -3295.543701 15.000000 -3631.596924
v -3295.543457 30.000000 -3631.596924
v -3068.496094 20.000000 -3952.297363
v -3068.496094 15.000000 -3952.297607
v -3068.496094 30.000000 -3952.297363
v -3004.271973 20.000000 -3875.647217
v -3004.272217 15.000000 -3875.647217
v -3004.271973 30.000000 -3875.647217
v -3290.782959 30.000000 -3766.048584
v -3290.782959 20.000000 -3766.048584
v -3284.360352 30.000000 -3758.383789
v -3284.360352 20.000000 -3758.383789
v -3232.981445 30.000000 -3697.063232
v -3232.981445 20.000000 -3697.063232
v -3226.558838 20.000000 -3689.398438
v -3226.558838 30.000000 -3689.398438
v -3137.482178 30.000000 -3894.496826
v -3137.482178 20.000000 -3894.496826
v -3131.058594 30.000000 -3886.830811
v -3131.058594 20.000000 -3886.830811
v -3079.679932 30.000000 -3825.511475
v -3079.679932 20.000000 -3825.511475
v -3073.257324 20.000000 -3817.845459
v -3073.257324 30.000000 -3817.845459
# 986 vertices

vt 10.20790 -1.00780
vt 6.99980 -0.00010
vt 10.20790 -0.00010
vt 6.99980 -1.00780
vt 7.78860 -1.00780
vt 5.35640 -0.00010
vt 7.78860 -0.00010
vt 5.35640 -1.00780
vt 7.58950 -1.00000
vt 12.29940 -0.00010
vt 12.29940 -1.00000
vt 7.58950 -0.00010
vt 3.58800 -1.00780
vt 3.58800 -0.00010
vt 2.76980 -1.00780
vt 2.76980 -0.00010
vt 2.55700 -1.00000
vt 2.55700 -0.00010
vt -2.47530 -0.00010
vt -2.47530 -1.00000
vt -2.52250 -1.00780
vt -2.52250 -0.00010
vt -1.86300 -1.00780
vt -1.86300 -0.00010
vt -7.50780 -0.00010
vt -7.50780 -1.00000
vt -4.91580 -0.00010
vt -4.91580 -1.00780
vt -3.67750 -0.00010
vt -3.67750 -1.00780
vt -9.14230 -1.00780
vt -9.14230 -0.00010
vt -6.88190 -1.00780
vt -6.88190 -0.00010
vt -12.21770 -0.00010
vt -12.21770 -1.00000
vt -7.26730 -0.00010
vt -4.73130 -0.25010
vt -4.73130 -0.00010
vt -7.26730 -0.25010
vt -6.33510 -0.00010
vt -4.14900 -0.24820
vt -4.14900 -0.00010
vt -6.33510 -0.24820
vt -4.04960 -0.00010
vt -6.66050 -0.25010
vt -4.04960 -0.25010
vt -6.66050 -0.00010
vt -2.03430 -0.00010
vt -2.03430 -0.25010
vt -1.82410 -0.00010
vt -1.82410 -0.24820
vt -7.26580 -0.25090
vt -4.68950 -0.00010
vt -4.68950 -0.25090
vt -7.26580 -0.00010
vt -9.25460 -0.24960
vt -6.10630 -0.00010
vt -6.10630 -0.24960
vt -9.25460 -0.00010
vt -5.05890 -0.25170
vt -8.22250 -0.00010
vt -5.05890 -0.00010
vt -8.22250 -0.25170
vt -1.25990 -0.25010
vt -1.25990 -0.00010
vt -1.94970 -0.25090
vt -1.94970 -0.00010
vt -2.75810 -0.24960
vt -2.75810 -0.00010
vt -1.67850 -0.00010
vt -1.67850 -0.25170
vt 1.52970 -0.25010
vt 1.52970 -0.00010
vt 2.79600 -0.25010
vt 2.79600 -0.00010
vt 2.33990 -0.24820
vt 2.33990 -0.00010
vt 2.95740 -0.00010
vt 2.95740 -0.25090
vt 3.23860 -0.00010
vt 3.23860 -0.24960
vt 1.70170 -0.00010
vt 1.70170 -0.25170
vt 4.31940 -0.25010
vt 4.31940 -0.00010
vt 4.68800 -0.25010
vt 4.68800 -0.00010
vt 3.97080 -0.24820
vt 3.97080 -0.00010
vt 5.08200 -0.00010
vt 5.08200 -0.25170
vt 8.02900 -0.00010
vt 8.02900 -0.25000
vt 6.85090 -0.00010
vt 6.85090 -0.24820
vt 4.87940 -0.00010
vt 4.87940 -0.25090
vt 5.58740 -0.00010
vt 5.58740 -0.24960
vt 6.93030 -0.25000
vt 6.93030 -0.00010
vt 8.27350 -0.25090
vt 8.27350 -0.00010
vt 9.73520 -0.24960
vt 9.73520 -0.00010
vt 8.24560 -0.00010
vt 8.24560 -0.25170
vt 1.67990 -1.54820
vt 1.69560 -1.56920
vt 1.67990 -1.56920
vt 1.69560 -1.54820
vt 1.73410 -1.94140
vt 1.74990 -1.96230
vt 1.73410 -1.96230
vt 1.74990 -1.94140
vt 1.62570 -1.54820
vt 1.64140 -1.56920
vt 1.62570 -1.56920
vt 1.64140 -1.54820
vt 1.57150 -1.54820
vt 1.58720 -1.56920
vt 1.57150 -1.56920
vt 1.58720 -1.54820
vt 1.70700 -1.94140
vt 1.72280 -1.96230
vt 1.70700 -1.96230
vt 1.72280 -1.94140
vt 1.76130 -1.94140
vt 1.77700 -1.96230
vt 1.76130 -1.96230
vt 1.77700 -1.94140
vt 1.65280 -1.54820
vt 1.66850 -1.56920
vt 1.65280 -1.56920
vt 1.66850 -1.54820
vt 1.59860 -1.54820
vt 1.61430 -1.56920
vt 1.59860 -1.56920
vt 1.61430 -1.54820
vt 2.03220 -0.00010
vt 2.83300 -0.10060
vt 2.03220 -0.10060
vt 2.83300 -0.00010
vt 3.18980 -0.00010
vt 4.60610 -0.09780
vt 3.18980 -0.09780
vt 4.60610 -0.00010
vt -1.91770 -0.00010
vt -1.11700 -0.10060
vt -1.91770 -0.10060
vt -1.11700 -0.00010
vt -3.93680 -0.00010
vt -2.52040 -0.09780
vt -3.93680 -0.09780
vt -2.52040 -0.00010
vt 2.89070 -0.00010
vt 4.60780 -0.09570
vt 2.89070 -0.09570
vt 4.60780 -0.00010
vt -4.18450 -0.00010
vt -2.46730 -0.09570
vt -4.18450 -0.09570
vt -2.46730 -0.00010
vt 1.18070 -0.00010
vt 1.18070 -0.10060
vt 1.68350 -0.00010
vt 1.68350 -0.09780
vt 2.47980 -0.00010
vt 3.44560 -0.09910
vt 2.47980 -0.09910
vt 3.44560 -0.00010
vt 6.03790 -0.00010
vt 8.47010 -0.09840
vt 6.03790 -0.09840
vt 8.47010 -0.00010
vt -0.26540 -0.10060
vt -0.26540 -0.00010
vt -1.01420 -0.09780
vt -1.01420 -0.00010
vt -2.28440 -0.00010
vt -1.31860 -0.09910
vt -2.28440 -0.09910
vt -1.31860 -0.00010
vt -6.40970 -0.00010
vt -3.97750 -0.09840
vt -6.40970 -0.09840
vt -3.97750 -0.00010
vt 1.04840 -0.00010
vt 1.64630 -0.09780
vt 1.04840 -0.09780
vt 1.64630 -0.00010
vt -1.41510 -0.00010
vt -0.81720 -0.09780
vt -1.41510 -0.09780
vt -0.81720 -0.00010
vt 1.05600 -0.00010
vt 1.05600 -0.09570
vt -0.63260 -0.09570
vt -0.63260 -0.00010
vt 1.45280 -0.00010
vt 1.45280 -0.09910
vt 3.45120 -0.00010
vt 3.45120 -0.09840
vt -0.29150 -0.09910
vt -0.29150 -0.00010
vt -1.39080 -0.09840
vt -1.39080 -0.00010
vt 0.40960 -0.00010
vt 0.40960 -0.09780
vt -0.17840 -0.09780
vt -0.17840 -0.00010
vt -0.77870 -0.00010
vt -0.77870 -0.09570
vt -0.34440 -0.00010
vt -0.34440 -0.10060
vt 1.25960 -0.10060
vt 1.25960 -0.00010
vt 1.20200 -0.09570
vt 1.20200 -0.00010
vt -0.38670 -0.00010
vt -0.38670 -0.09910
vt -0.22920 -0.00010
vt -0.22920 -0.09780
vt -1.18150 -0.00010
vt -1.18150 -0.09840
vt 1.54800 -0.09910
vt 1.54800 -0.00010
vt 0.46040 -0.09780
vt 0.46040 -0.00010
vt 3.24190 -0.09840
vt 3.24190 -0.00010
vt -2.61340 -0.00010
vt -2.61340 -0.09570
vt 3.03680 -0.09570
vt 3.03680 -0.00010
vt -0.94170 -0.00010
vt -0.94170 -0.10060
vt -2.07080 -0.00010
vt -2.07080 -0.09780
vt 1.85700 -0.10060
vt 1.85700 -0.00010
vt 2.74010 -0.09780
vt 2.74010 -0.00010
vt -0.86810 -0.00010
vt -0.86810 -0.09780
vt 1.09930 -0.09780
vt 1.09930 -0.00010
vt -1.99660 -0.00010
vt -1.99660 -0.10060
vt -1.10720 -0.00010
vt -1.10720 -0.09910
vt -2.99600 -0.00010
vt -2.99600 -0.09840
vt 2.91190 -0.10060
vt 2.91190 -0.00010
vt 2.26840 -0.09910
vt 2.26840 -0.00010
vt 5.05640 -0.09840
vt 5.05640 -0.00010
vt -4.33050 -0.00010
vt -4.33050 -0.09570
vt 4.75390 -0.09570
vt 4.75390 -0.00010
vt -2.37960 -0.00010
vt -2.37960 -0.09910
vt -6.20040 -0.00010
vt -6.20040 -0.09840
vt 3.54080 -0.09910
vt 3.54080 -0.00010
vt 8.26080 -0.09840
vt 8.26080 -0.00010
vt -1.46600 -0.00010
vt -1.46600 -0.09780
vt 1.69720 -0.09780
vt 1.69720 -0.00010
vt -0.00320 0.00320
vt 0.33430 -0.34090
vt -0.00320 -0.34090
vt 0.33430 0.00320
vt 0.99800 0.49720
vt 0.00190 -0.00140
vt 0.99800 -0.00140
vt 0.00190 0.49720
vt 0.00190 -0.50000
vt 0.99800 -0.50000
vt 0.00190 -0.99870
vt 0.99800 -0.99870
vt 0.00190 -1.49720
vt 0.99800 -1.49720
vt 0.00190 -0.50550
vt 0.99800 -1.00540
vt 0.00190 -1.00540
vt 0.99800 -0.50550
vt 0.00190 -0.00560
vt 0.99800 -0.00560
vt 0.00190 0.49430
vt 0.99800 0.49430
vt 0.00190 0.99420
vt 0.99800 0.99420
vt 0.99800 -1.51340
vt 0.00190 -2.01720
vt 0.99800 -2.01720
vt 0.00190 -1.51340
vt 0.99800 -1.00970
vt 0.00190 -1.00970
vt 0.99800 -0.50600
vt 0.00190 -0.50600
vt 0.99800 -0.00230
vt 0.00190 -0.00230
vt 0.99800 -0.99990
vt 0.00190 -1.49970
vt 0.99800 -1.49970
vt 0.00190 -0.99990
vt 0.99800 -0.00020
vt 0.00190 -0.00020
vt 0.99800 0.49970
vt 0.00190 0.49970
vt 0.00190 -1.00110
vt 0.99800 -1.50220
vt 0.00190 -1.50220
vt 0.99800 -1.00110
vt 0.00190 -0.50010
vt 0.99800 -0.50010
vt 0.00190 0.00110
vt 0.99800 0.00110
vt 0.00190 0.50220
vt 0.99800 0.50220
vt 0.00190 -0.50170
vt 0.99800 -1.00280
vt 0.00190 -1.00280
vt 0.99800 -0.50170
vt 0.00190 -0.00050
vt 0.99800 -0.00050
vt 0.00190 0.50070
vt 0.99800 0.50070
vt 0.00190 1.00190
vt 0.99800 1.00190
vt 0.00190 -1.00000
vt 0.99800 -1.49980
vt 0.00190 -1.49980
vt 0.99800 -1.00000
vt 0.00190 -0.00010
vt 0.99800 -0.00010
vt 0.00190 0.49980
vt 0.99800 0.49980
vt 0.00190 0.49460
vt 0.99800 -0.00270
vt 0.00190 -0.00270
vt 0.99800 0.49460
vt 0.99800 -0.99740
vt 0.00190 -0.99740
vt 0.99800 -1.49460
vt 0.00190 -1.49460
vt 0.00190 -0.99610
vt 0.99800 -1.49200
vt 0.00190 -1.49200
vt 0.99800 -0.99610
vt 0.00190 -0.00400
vt 0.99800 -0.00400
vt 0.00190 0.49200
vt 0.99800 0.49200
vt 0.99800 -1.00120
vt 0.00190 -1.50250
vt 0.99800 -1.50250
vt 0.00190 -1.00120
vt 0.99800 0.00120
vt 0.00190 0.00120
vt 0.99800 0.50250
vt 0.00190 0.50250
vt 0.99800 -2.00350
vt 0.00190 -1.25170
vt 0.99800 -1.25170
vt 0.00190 -2.00350
vt 0.00190 0.25170
vt 0.99800 0.25170
vt 0.00190 1.00350
vt 0.99800 1.00350
vt 0.99800 0.25290
vt 0.00190 1.00590
vt 0.99800 1.00590
vt 0.00190 0.25290
vt 0.99800 -1.25290
vt 0.00190 -1.25290
vt 0.99800 -2.00590
vt 0.00190 -2.00590
vt 0.99800 0.25230
vt 0.00190 1.00470
vt 0.99800 1.00470
vt 0.00190 0.25230
vt 0.99800 -1.25230
vt 0.00190 -1.25230
vt 0.99800 -2.00470
vt 0.00190 -2.00470
vt 0.99800 0.24980
vt 0.00190 0.99960
vt 0.99800 0.99960
vt 0.00190 0.24980
vt 0.99800 -1.24980
vt 0.00190 -1.24980
vt 0.99800 -1.99960
vt 0.00190 -1.99960
vt 0.99800 -2.00330
vt 0.00190 -1.25160
vt 0.99800 -1.25160
vt 0.00190 -2.00330
vt 0.00190 0.25160
vt 0.99800 0.25160
vt 0.00190 1.00330
vt 0.99800 1.00330
vt 0.99800 0.25180
vt 0.00190 1.00360
vt 0.99800 1.00360
vt 0.00190 0.25180
vt 0.99800 -1.25180
vt 0.00190 -1.25180
vt 0.99800 -2.00360
vt 0.00190 -2.00360
vt 0.99800 0.25280
vt 0.00190 1.00560
vt 0.99800 1.00560
vt 0.00190 0.25280
vt 0.99800 -1.25280
vt 0.00190 -1.25280
vt 0.99800 -2.00560
vt 0.00190 -2.00560
vt 0.99800 0.25020
vt 0.00190 1.00050
vt 0.99800 1.00050
vt 0.00190 0.25020
vt 0.99800 -1.25020
vt 0.00190 -1.25020
vt 0.99800 -2.00050
vt 0.00190 -2.00050
vt 13.09520 -1.00780
vt 8.88900 -0.00010
vt 13.09520 -0.00010
vt 8.88900 -1.00780
vt 13.19700 -1.00780
vt 8.91630 -0.00010
vt 13.19700 -0.00010
vt 8.91630 -1.00780
vt 7.99920 -1.00780
vt 12.88790 -0.00010
vt 12.88790 -1.00780
vt 7.99920 -0.00010
vt 4.41570 -1.00780
vt 4.41570 -0.00010
vt 4.36370 -1.00780
vt 4.36370 -0.00010
vt 2.77560 -1.00780
vt 2.77560 -0.00010
vt -3.59610 -1.00780
vt -3.59610 -0.00010
vt -2.44790 -0.00010
vt -2.44790 -1.00780
vt -3.79010 -1.00780
vt -3.79010 -0.00010
vt -7.67150 -0.00010
vt -7.67150 -1.00780
vt -6.73410 -0.00010
vt -6.73410 -1.00780
vt -6.98360 -0.00010
vt -6.98360 -1.00780
vt -12.27560 -1.00780
vt -12.27560 -0.00010
vt -12.62340 -1.00780
vt -12.62340 -0.00010
vt -12.56020 -0.00010
vt -12.56020 -1.00780
vt -0.60680 0.29010
vt 1.78140 -1.42970
vt -0.78140 -1.42970
vt 1.60680 0.29010
vt 1.91540 -1.57360
vt 2.00540 -2.00540
vt 0.50000 -2.00540
vt 1.23920 0.86340
vt 0.49990 1.00540
vt -0.23920 0.86340
vt -0.91540 -1.57360
vt -1.00540 -2.00540
vt 9.21090 2.49990
vt 9.99680 2.00450
vt 8.99990 2.00450
vt 9.99680 2.49990
vt 9.99970 2.50350
vt 9.32080 2.99990
vt 8.99990 2.50350
vt 9.99990 2.99990
vt -0.23670 1.99990
vt -2.29730 2.72150
vt -2.24960 1.99990
vt -0.14230 2.72150
vt -3.99960 2.72150
vt -3.99960 1.99990
vt -2.24960 2.99990
vt 0.21700 2.99990
vt -3.99960 2.99990
vt 4.25110 1.99990
vt 4.25110 2.72150
vt 4.25110 2.99990
vt 0.99990 -9.02030
vt 1.99990 -8.01180
vt 1.99990 -9.02030
vt 0.99990 -8.01180
vt 6.99990 -8.01180
vt 6.99990 -9.02030
vt -3.99990 -8.01180
vt -3.99990 -9.02030
vt 7.99990 -9.02030
vt 7.99990 -8.01180
vt -4.99990 -8.01180
vt -4.99990 -9.02030
vt 12.99990 -9.02030
vt 12.99990 -8.01180
vt 13.99990 -9.02030
vt 18.99990 -8.01180
vt 18.99990 -9.02030
vt 13.99990 -8.01180
vt 0.62490 -2.99820
vt 0.34030 -2.54260
vt 0.34760 -2.99820
vt 0.65230 -2.52680
vt 0.00540 -2.54500
vt 0.00540 -2.99820
vt 0.00540 -2.37800
vt 0.34000 -2.32110
vt 0.99800 -1.99990
vt 0.56040 -2.47010
vt 0.99800 -2.47010
vt 0.56040 -1.99990
vt 0.46510 -2.52610
vt 0.34410 -2.00140
vt 0.45350 -2.57050
vt 0.46160 -2.00140
vt 0.00540 -2.00140
vt -0.99990 -3.99990
vt -0.49990 -2.99990
vt -0.49990 -3.99990
vt -1.00000 -2.99990
vt -0.99990 -2.99990
vt 0.49990 -3.99990
vt 0.49170 -3.99990
vt 0.74320 -2.99990
vt 1.00870 -3.99990
vt 0.48500 -3.99990
vt 0.49120 -3.99990
vt 9.49990 0.49990
vt 9.49750 1.00000
vt 8.99750 1.00000
vt 9.74990 0.99990
vt 2.99470 -6.99680
vt 2.00520 -6.00010
vt 2.00520 -6.99680
vt 2.99470 -6.00010
vt 0.00000 -8.98750
vt 1.99990 -8.73830
vt 0.00000 -8.73830
vt 1.99990 -8.98750
vt 0.24990 -9.99620
vt 1.94840 -9.73750
vt 0.05150 -9.73750
vt 1.74990 -9.99620
vt 1.99990 -8.98740
vt 0.00000 -8.73810
vt 1.99990 -8.73810
vt 0.00000 -8.98740
vt 0.00090 -9.99960
vt 1.99900 -9.99960
vt 0.99990 -6.00010
vt 0.00000 -7.00000
vt 0.00000 -6.00010
vt 0.99990 -7.00000
vt 1.89430 1.99330
vt 5.89850 0.09320
vt 1.89430 0.09320
vt 5.89850 1.99330
vt 1.89430 3.90690
vt 5.89850 3.90690
vt -2.06950 1.99330
vt -2.06950 0.09320
vt -2.06950 3.90690
vt -1.27840 -4.55760
vt 2.70610 -1.65890
vt 2.70490 -4.56260
vt -1.27720 -1.65390
vt -1.27960 -7.46130
vt 2.70380 -7.46620
vt 6.68960 -1.66380
vt 6.68840 -4.56750
vt 6.68720 -7.47120
vt 10.67310 -1.66880
vt 10.67190 -4.57250
vt 10.67070 -7.47610
vt 14.65650 -1.67370
vt 14.65530 -4.57740
vt 14.65410 -7.48110
vt 0.50310 -2.00000
vt 0.99990 -0.99850
vt 0.99990 -2.00000
vt 0.50310 -0.99850
vt 0.00010 -2.00000
vt 0.00010 -0.99850
vt 0.99990 0.00330
vt 0.50310 0.00330
vt 0.00010 0.00330
vt -2.07810 -3.02050
vt -1.72510 -3.25630
vt -2.07810 -3.25630
vt -1.72510 -3.02050
vt 2.05720 -1.19080
vt -0.72400 -1.08440
vt -0.82700 -1.19080
vt 1.79970 -1.08440
vt -2.07810 -1.00520
vt -1.72510 -1.00520
vt 1.13480 -3.25630
vt 1.13480 -3.02050
vt 2.05720 -1.61650
vt 2.26320 -1.40370
vt 2.26320 -1.61650
vt -2.07810 1.01010
vt -1.72510 1.01010
vt 2.46920 -1.19080
vt 4.32340 -1.08440
vt 4.32340 -1.19080
vt 3.92410 -3.25630
vt 3.92410 -3.02050
vt -0.99100 -2.25440
vt -0.57940 -2.03840
vt -0.99100 -2.03840
vt -0.57940 -2.25440
vt 4.27720 -3.02050
vt 4.27720 -3.25630
vt 1.67330 -2.03840
vt 1.67330 -2.25440
vt 3.92410 -1.00520
vt 4.27720 -1.00520
vt -0.76000 -1.20500
vt 1.62810 -1.08340
vt 1.86220 -1.20500
vt -0.66640 -1.08340
vt 2.04950 -1.44810
vt 1.86220 -1.69120
vt 2.04950 -1.69120
vt 2.23680 -1.20500
vt 3.87040 -2.03840
vt 3.87040 -2.25440
vt 4.27720 1.01010
vt 3.92410 1.01010
vt 3.92260 -1.08340
vt 3.92260 -1.20500
vt 4.28200 -2.03840
vt 4.28200 -2.25440
vt 0.92940 -1.00700
vt 0.85420 -0.87790
vt 0.92940 -0.87790
vt 0.85420 -1.00700
vt 0.49210 -1.00700
vt 0.49210 -0.87790
vt 0.13000 -1.00700
vt 0.13000 -0.87790
vt 0.05480 -0.87790
vt 0.05480 -1.00700
vt 0.02460 -0.11230
vt 0.13430 -0.00200
vt 0.13430 -0.11230
vt 0.02460 -0.00200
vt 0.51520 -0.11230
vt 0.51520 -0.00200
vt 0.89610 -0.11230
vt 0.89610 -0.00200
vt 1.00580 -0.11230
vt 1.00580 -0.00200
vt 0.45250 -0.88380
vt 0.95050 -0.99810
vt 0.45250 -0.99810
vt 0.95050 -0.88380
vt -0.06000 -0.89060
vt 0.46600 -0.99810
vt -0.06000 -0.99810
vt 0.46600 -0.89060
vt -0.04540 -0.88380
vt -0.04540 -0.99810
vt 0.99220 -0.99810
vt 0.99220 -0.89060
vt 0.46380 -0.88380
vt 1.00900 -0.99810
vt 0.46380 -0.99810
vt 1.00900 -0.88380
vt -0.09090 -0.89280
vt -0.09090 -0.99810
vt 0.46600 -0.89280
vt -0.08130 -0.88380
vt -0.08130 -0.99810
vt 1.02310 -0.99810
vt 1.02310 -0.89280
vt 0.24620 -1.00210
vt 0.75370 0.00210
vt 0.75370 -1.00210
vt 0.24620 0.00210
vt 0.25010 -1.00000
vt 0.74980 -0.00010
vt 0.74980 -1.00000
vt 0.25010 -0.00010
vt 0.25150 -1.00000
vt 0.74840 -0.00010
vt 0.74840 -1.00000
vt 0.25150 -0.00010
vt 0.24880 -1.00000
vt 0.75110 -0.00010
vt 0.75110 -1.00000
vt 0.24880 -0.00010
vt 2.49530 -0.50010
vt 1.48200 -0.32820
vt 1.48200 -0.50010
vt 2.49530 -0.32820
vt 2.49530 -0.17600
vt 1.48200 -0.00200
vt 1.48200 -0.17600
vt 2.49530 -0.00200
vt -0.48200 -0.32820
vt -0.48200 -0.50010
vt -0.48200 -0.00200
vt -0.48200 -0.17600
vt -1.49530 -0.50010
vt -1.49530 -0.32820
vt -1.49530 -0.17600
vt -1.49530 -0.00200
vt -0.51570 -0.00200
vt 0.24090 -0.18170
vt -0.51570 -0.18170
vt 0.24090 -0.00200
vt 0.99800 -0.18170
vt 0.99800 -0.00200
vt -0.49990 -0.33290
vt 0.24090 -0.50010
vt -0.49990 -0.50010
vt 0.24090 -0.33290
vt 0.99800 -0.33290
vt 0.74470 -0.00520
vt -0.24730 0.98440
vt 0.74470 0.98440
vt -0.23280 -0.00520
vt 1.24120 0.97700
vt 1.24120 -0.00520
vt 0.74470 -0.99470
vt 1.24730 -1.00200
vt -0.21820 -0.98850
vt -0.24540 -0.00890
vt 0.22350 0.98450
vt 0.22540 -0.00890
vt -0.25090 0.97820
vt 1.24380 0.98450
vt 1.24930 -0.00890
vt -0.23960 -1.00840
vt 0.22740 -1.00210
vt 1.24730 -1.00210
vt 1.23880 0.98520
vt 0.67320 -0.00890
vt 0.66700 0.97890
vt 1.24500 -0.00880
vt -0.23260 -0.00890
vt -0.23880 0.96630
vt 0.67940 -0.99660
vt 1.24390 -0.99030
vt -0.23880 -1.00390
vt -0.26620 -0.00150
vt 0.34130 0.99630
vt 0.34130 -0.00150
vt -0.26620 0.99630
vt 1.26620 0.99630
vt 1.26620 -0.00150
vt -0.26620 -0.99930
vt 0.34130 -0.99930
vt 1.26620 -0.99930
vt 0.00000 -0.00010
vt 0.99990 -1.00000
vt 0.99990 -0.00010
vt 0.00000 -1.00000
vt 0.99700 -1.97340
vt 0.89680 -1.26510
vt 0.99700 -1.26510
vt 0.89680 -1.97340
vt 0.49580 -1.26510
vt 0.49580 -1.97340
vt 0.99300 -2.04020
vt 1.50170 -2.98610
vt 0.99300 -2.98610
vt 1.50170 -2.04020
vt 0.09470 -1.26510
vt 0.09470 -1.97340
vt 2.01040 -2.98610
vt 2.01040 -2.04020
vt -0.00540 -1.26510
vt -0.00540 -1.97340
vt 0.89680 0.30880
vt 0.99700 0.30880
vt 0.49580 0.30880
vt 1.50170 0.06180
vt 0.99300 0.06180
vt 0.09470 0.30880
vt 2.01040 0.06180
vt -0.00540 0.30880
vt 0.89680 1.01710
vt 0.99700 1.01710
vt 0.49580 1.01710
vt 0.99300 1.00770
vt 1.50170 1.00770
vt 0.09470 1.01710
vt 2.01040 1.00770
vt -0.00540 1.01710
vt 1.74400 -0.45080
vt 0.60470 -0.00010
vt 0.60470 -0.45080
vt 1.74400 -0.00010
vt -0.53460 -0.45080
vt -0.53460 -0.00010
vt -0.51350 -0.45910
vt 0.61640 -0.00200
vt -0.51350 -0.00200
vt 0.61640 -0.45910
vt 1.74650 -0.00200
vt 1.74650 -0.45910
vt -1.74390 -0.00200
vt -0.48690 -0.46260
vt -1.74390 -0.46260
vt -0.48690 -0.00200
vt 3.00040 -0.45910
vt 1.64940 -0.00010
vt 1.64940 -0.45910
vt 3.00040 -0.00010
vt 1.75910 -0.00200
vt 1.75910 -0.46260
vt -1.38160 -0.45910
vt -1.38160 -0.00010
vt 3.01610 -0.46260
vt 3.01610 -0.00200
vt -2.73260 -0.00010
vt -2.73260 -0.45910
vt 1.02600 0.77920
vt 0.50590 -0.05870
vt 0.50590 1.05840
vt 1.02600 0.22060
vt -0.01410 0.77920
vt -0.01410 0.22060
vt 0.99960 1.00190
vt 1.99880 1.99800
vt 1.99880 1.00190
vt 0.99960 1.99800
vt 2.99800 1.00190
vt 2.99800 1.99800
vt 0.00030 1.99800
vt 0.00030 1.00190
vt -0.99880 1.99800
vt -0.99880 1.00190
vt -1.99800 1.00190
vt -1.99800 1.99800
vt 0.00190 1.99800
vt 0.99800 1.99800
vt 0.66360 -0.40150
vt 0.50430 -0.66370
vt 0.50430 -0.31400
vt 0.66360 -0.57630
vt 0.34500 -0.40150
vt 0.34500 -0.57630
vt 0.75090 0.30970
vt 1.00180 0.49990
vt 1.00180 0.30970
vt 0.75090 0.49990
vt 0.50000 0.49990
vt 0.50000 0.30970
vt 0.24900 0.49990
vt 0.24900 0.30970
vt -0.00180 0.30970
vt -0.00180 0.49990
vt -0.00090 0.50120
vt 0.25040 0.31410
vt -0.00090 0.31410
vt 0.25040 0.50120
vt 0.50170 0.31410
vt 0.50170 0.50120
vt 10.49810 0.99800
vt 12.09920 0.00190
vt 10.49810 0.00190
vt 12.09920 0.99800
vt 12.09920 0.00000
vt 10.49810 0.00000
vt -1.53220 0.99800
vt 0.00710 0.00190
vt -1.53220 0.00190
vt 0.00710 0.99800
vt 0.00710 0.00000
vt -1.53220 0.00000
vt 7.44310 0.99800
vt 7.44310 0.00190
vt 7.44310 0.00000
vt 3.00100 0.00190
vt 3.00100 0.99800
vt 3.00100 0.00000
vt 5.34770 0.99800
vt 5.34770 0.00190
vt 5.34770 0.00000
vt 5.01150 0.00190
vt 5.01150 0.99800
vt 5.01150 0.00000
vt 0.00000 0.99990
vt 0.33630 0.00000
vt 0.00000 0.00000
vt 0.33630 0.99990
vt -0.74360 0.20220
vt -0.10290 0.81500
vt -0.10290 0.20220
vt -0.74360 0.81500
vt -0.10290 0.21380
vt -0.74360 0.81240
vt -0.10290 0.81240
vt -0.74360 0.21380
vt 1.10290 0.81500
vt 1.10290 0.20220
vt 1.10290 0.21380
vt 1.10290 0.81240
vt 1.74360 0.20220
vt 1.74360 0.81500
vt 1.74360 0.81240
vt 1.74360 0.21380
vt 22.50140 0.99800
vt 25.46580 0.00190
vt 22.50140 0.00190
vt 25.46580 0.99800
vt 0.00190 0.99800
vt 2.24520 0.00190
vt 0.00190 0.00190
vt 2.24520 0.99800
vt 15.72650 0.99800
vt 15.72650 0.00190
vt 7.48740 0.00190
vt 7.48740 0.99800
vt 10.48370 0.99800
vt 10.48370 0.00190
vt 9.99330 0.00190
vt 9.99330 0.99800
vt 0.51560 0.00000
vt 0.51560 0.99990
vt -0.72130 0.47310
vt -1.09530 -0.03730
vt -1.09530 0.47310
vt -0.72130 -0.03720
vt -1.09550 0.99800
vt -0.72130 0.99800
vt 0.63330 -0.03720
vt 0.63330 0.47320
vt 0.63330 0.99800
vt 0.63330 -0.03730
vt 0.63330 0.47310
vt -1.09500 -0.03730
vt -1.09500 0.99800
vt 1.98810 -0.03720
vt 1.98810 0.47320
vt 1.98810 0.99810
vt 2.36200 0.47310
vt 2.36200 -0.03730
vt 2.36200 0.99800
vt 2.36200 -0.03710
vt 2.36200 0.47320
vt -0.73170 0.47310
vt -0.73170 -0.03730
vt -1.09530 0.99800
vt -0.73170 0.99800
vt 0.63380 -0.03730
vt 0.63380 0.47310
vt 2.36080 -0.03730
vt 0.63380 0.99800
vt 2.36080 0.99800
vt 0.61260 0.47310
vt 0.61260 -0.03730
vt 0.61260 0.99800
vt -1.09430 0.47310
vt 1.99990 0.47610
vt 1.99990 0.00000
vt 1.99990 0.99990
vt 2.37490 0.00000
vt 2.37490 0.47610
vt 2.37490 0.99990
vt 0.99800 -0.03730
vt 0.38850 0.46720
vt 0.99800 0.46720
vt 0.38850 -0.03730
vt 0.38850 0.99800
vt 0.99800 0.99800
vt 0.38850 0.47700
vt 0.99800 -0.03400
vt 0.99800 0.47700
vt 0.38850 -0.03400
vt 0.01500 0.47700
vt 0.65730 -0.03070
vt 0.65730 0.47700
vt 0.01500 -0.03070
vt 0.01500 0.99800
vt 0.65730 0.99800
vt 0.38190 0.47050
vt 0.99800 0.47050
vt 0.38190 -0.03400
vt 0.38190 0.99800
vt 2.98760 0.42650
vt 1.99260 0.79840
vt 2.98760 0.79840
vt 1.99260 0.42650
vt 1.91520 0.79840
vt 2.91020 0.42650
vt 2.91020 0.79840
vt 1.91520 0.42650
vt 2.29090 0.42650
vt 1.29590 0.79840
vt 2.29090 0.79840
vt 1.29590 0.42650
vt 2.21340 0.42650
vt 1.21840 0.79840
vt 1.21840 0.42650
vt 2.21340 0.79840
vt -0.21840 0.42650
vt -0.21840 0.79840
vt -0.29590 0.42650
vt -0.29590 0.79840
vt -0.91520 0.79840
vt -0.91520 0.42650
vt -0.99260 0.42650
vt -0.99260 0.79840
vt -1.21350 0.42650
vt -1.21350 0.79840
vt -1.29090 0.42650
vt -1.29090 0.79840
vt -1.91020 0.42650
vt -1.91020 0.79840
vt -1.98760 0.42650
vt -1.98760 0.79840
vt -0.67670 0.03310
vt -0.52720 0.14620
vt -0.67670 0.14620
vt -0.52720 0.03310
vt 1.71640 0.03800
vt 2.01200 0.41820
vt 1.71640 0.41820
vt 2.01200 0.03800
vt 0.09580 0.14620
vt 0.09580 0.03310
vt 0.49990 0.03800
vt 0.49990 0.41820
vt 0.71890 0.03310
vt 0.71890 0.14620
vt -0.71640 0.41820
vt -0.71640 0.03800
vt 0.86840 0.14620
vt 0.86840 0.03310
vt -1.01200 0.41820
vt -1.01200 0.03800
vt -0.15080 0.02130
vt 0.04610 0.14420
vt 0.04610 0.02130
vt -0.15080 0.14420
vt -0.42830 0.02950
vt -0.60970 0.41120
vt -0.60970 0.02950
vt -0.42830 0.41120
vt 0.62250 0.02130
vt 0.62250 0.14420
vt 0.37740 0.02950
vt 0.37740 0.41120
vt 1.19890 0.02130
vt 1.19890 0.14420
vt 1.18320 0.41120
vt 1.18320 0.02950
vt 1.39590 0.02130
vt 1.39590 0.14420
vt 1.36460 0.41120
vt 1.36460 0.02950
vt 0.51560 0.16890
vt 0.00000 0.16890
vt 8.62210 0.16690
vt 7.37420 0.00190
vt 8.62210 0.00190
vt 7.37420 0.16690
vt 19.09380 0.16690
vt 18.14950 0.00190
vt 19.09380 0.00190
vt 18.14950 0.16690
vt 17.80940 0.16690
vt 19.02640 0.00190
vt 17.80940 0.00190
vt 19.02640 0.16690
vt 7.50690 0.00190
vt 8.42780 0.16690
vt 8.42780 0.00190
vt 7.50690 0.16690
vt 12.47440 0.16690
vt 12.47440 0.00190
vt 15.94280 0.00190
vt 15.94280 0.16690
vt 13.96250 0.16690
vt 13.96250 0.00190
vt 10.58000 0.00190
vt 10.58000 0.16690
vt 14.68140 0.00190
vt 14.68140 0.16690
vt 14.88790 0.00190
vt 14.88790 0.16690
vt 11.81010 0.16690
vt 11.81010 0.00190
vt 11.60880 0.00190
vt 11.60880 0.16690
vt 1.44300 -0.67740
vt 1.40760 -0.99650
vt 1.40760 -0.67740
vt 1.44300 -0.99650
vt 1.54440 -0.99650
vt 1.50890 -0.67740
vt 1.54440 -0.67740
vt 1.50890 -0.99650
vt 1.44300 0.03150
vt 1.40760 0.03150
vt 1.54440 0.03150
vt 1.50890 0.03150
vt 1.40760 0.35060
vt 1.44300 0.35060
vt 1.54440 0.35060
vt 1.50890 0.35060
vt 3.90000 -0.00030
vt 1.21900 0.99990
vt 1.21900 -0.00030
vt 3.90000 0.99990
vt 24.24880 0.99990
vt 22.22000 -0.00030
vt 24.24880 -0.00030
vt 22.22000 0.99990
vt 10.02730 0.99990
vt 10.02730 -0.00030
vt 17.47890 -0.00030
vt 17.47890 0.99990
vt 14.76900 0.99990
vt 14.76900 -0.00030
vt 15.21250 0.99990
vt 15.21250 -0.00030
vt 0.36650 -0.02510
vt 0.99990 0.46450
vt 0.36650 0.46450
vt 0.99990 -0.02510
# 1147 texture vertices

g Object_2
usemtl texture0
f 1/3 2/2 3/1
f 3/1 2/2 4/4
f 5/7 6/6 7/5
f 7/5 6/6 8/8
f 9/11 10/10 11/9
f 10/10 12/12 11/9
f 4/4 2/2 13/13
f 2/2 14/14 13/13
f 8/8 6/6 15/15
f 6/6 16/16 15/15
f 11/9 12/12 17/17
f 12/12 18/18 17/17
f 18/18 19/19 17/17
f 17/17 19/19 20/20
f 13/13 14/14 21/21
f 14/14 22/22 21/21
f 15/15 16/16 23/23
f 16/16 24/24 23/23
f 19/19 25/25 20/20
f 20/20 25/25 26/26
f 22/22 27/27 21/21
f 21/21 27/27 28/28
f 24/24 29/29 23/23
f 23/23 29/29 30/30
f 28/28 27/27 31/31
f 27/27 32/32 31/31
f 30/30 29/29 33/33
f 29/29 34/34 33/33
f 25/25 35/35 26/26
f 26/26 35/35 36/36
usemtl texture1
f 37/39 38/38 39/37
f 38/38 40/40 39/37
f 41/43 42/42 43/41
f 42/42 44/44 43/41
f 45/47 46/46 47/45
f 47/45 46/46 48/48
f 49/50 38/38 50/49
f 50/49 38/38 37/39
f 51/52 42/42 52/51
f 52/51 42/42 41/43
f 53/55 54/54 55/53
f 54/54 56/56 55/53
f 57/59 58/58 59/57
f 58/58 60/60 59/57
f 61/63 62/62 63/61
f 63/61 62/62 64/64
f 65/66 66/65 47/45
f 66/65 45/47 47/45
f 67/68 54/54 68/67
f 68/67 54/54 53/55
f 69/70 58/58 70/69
f 70/69 58/58 57/59
f 71/72 72/71 63/61
f 72/71 61/63 63/61
f 73/74 74/73 65/66
f 74/73 66/65 65/66
f 75/76 76/75 50/49
f 76/75 49/50 50/49
f 77/78 78/77 52/51
f 78/77 51/52 52/51
f 79/80 80/79 68/67
f 80/79 67/68 68/67
f 81/82 82/81 70/69
f 82/81 69/70 70/69
f 83/84 84/83 71/72
f 84/83 72/71 71/72
f 85/86 86/85 73/74
f 86/85 74/73 73/74
f 87/88 88/87 75/76
f 88/87 76/75 75/76
f 89/90 90/89 77/78
f 90/89 78/77 77/78
f 91/92 92/91 83/84
f 92/91 84/83 83/84
f 93/94 88/87 94/93
f 94/93 88/87 87/88
f 95/96 90/89 96/95
f 96/95 90/89 89/90
f 97/98 98/97 79/80
f 98/97 80/79 79/80
f 99/100 100/99 81/82
f 100/99 82/81 81/82
f 101/102 102/101 85/86
f 102/101 86/85 85/86
f 103/104 98/97 104/103
f 104/103 98/97 97/98
f 105/106 100/99 106/105
f 106/105 100/99 99/100
f 107/108 108/107 91/92
f 108/107 92/91 91/92
usemtl texture2
f 39/111 40/110 109/109
f 40/110 110/112 109/109
f 43/115 44/114 111/113
f 44/114 112/116 111/113
f 55/119 56/118 3/117
f 56/118 1/120 3/117
f 59/123 60/122 7/121
f 60/122 5/124 7/121
f 113/127 114/126 94/125
f 114/126 93/128 94/125
f 115/131 116/130 96/129
f 116/130 95/132 96/129
f 31/135 32/134 104/133
f 32/134 103/136 104/133
f 33/139 34/138 106/137
f 34/138 105/140 106/137
usemtl texture3
f 117/143 110/142 38/141
f 110/142 40/144 38/141
f 118/147 112/146 42/145
f 112/146 44/148 42/145
f 109/151 119/150 39/149
f 119/150 37/152 39/149
f 111/155 120/154 43/153
f 120/154 41/156 43/153
f 121/159 122/158 45/157
f 122/158 46/160 45/157
f 123/163 124/162 48/161
f 124/162 47/164 48/161
f 125/166 117/143 49/165
f 117/143 38/141 49/165
f 126/168 118/147 51/167
f 118/147 42/145 51/167
f 2/171 1/170 54/169
f 1/170 56/172 54/169
f 6/175 5/174 58/173
f 5/174 60/176 58/173
f 119/150 127/177 37/152
f 127/177 50/178 37/152
f 120/154 128/179 41/156
f 128/179 52/180 41/156
f 3/183 4/182 55/181
f 4/182 53/184 55/181
f 7/187 8/186 59/185
f 8/186 57/188 59/185
f 12/191 10/190 61/189
f 10/190 62/192 61/189
f 9/195 11/194 64/193
f 11/194 63/196 64/193
f 129/198 121/159 66/197
f 121/159 45/157 66/197
f 124/162 130/199 47/164
f 130/199 65/200 47/164
f 14/202 2/171 67/201
f 2/171 54/169 67/201
f 16/204 6/175 69/203
f 6/175 58/173 69/203
f 4/182 13/205 53/184
f 13/205 68/206 53/184
f 8/186 15/207 57/188
f 15/207 70/208 57/188
f 18/210 12/191 72/209
f 12/191 61/189 72/209
f 11/194 17/211 63/196
f 17/211 71/212 63/196
f 131/214 129/198 74/213
f 129/198 66/197 74/213
f 132/216 125/166 76/215
f 125/166 49/165 76/215
f 133/179 126/168 78/180
f 126/168 51/167 78/180
f 127/177 134/217 50/178
f 134/217 75/218 50/178
f 130/199 135/219 65/200
f 135/219 73/220 65/200
f 128/179 136/168 52/180
f 136/168 77/167 52/180
f 22/222 14/202 80/221
f 14/202 67/201 80/221
f 19/224 18/210 84/223
f 18/210 72/209 84/223
f 24/226 16/204 82/225
f 16/204 69/203 82/225
f 13/205 21/227 68/206
f 21/227 79/228 68/206
f 17/211 20/229 71/212
f 20/229 83/230 71/212
f 15/207 23/231 70/208
f 23/231 81/232 70/208
f 137/234 131/214 86/233
f 131/214 74/213 86/233
f 135/219 138/235 73/220
f 138/235 85/236 73/220
f 139/238 132/216 88/237
f 132/216 76/215 88/237
f 140/240 133/179 90/239
f 133/179 78/180 90/239
f 134/217 141/241 75/218
f 141/241 87/242 75/218
f 136/168 142/243 77/167
f 142/243 89/244 77/167
f 25/246 19/224 92/245
f 19/224 84/223 92/245
f 20/229 26/247 83/230
f 26/247 91/248 83/230
f 114/250 139/238 93/249
f 139/238 88/237 93/249
f 116/155 140/240 95/153
f 140/240 90/239 95/153
f 27/252 22/222 98/251
f 22/222 80/221 98/251
f 29/254 24/226 100/253
f 24/226 82/225 100/253
f 141/241 113/255 87/242
f 113/255 94/256 87/242
f 142/243 115/146 89/244
f 115/146 96/148 89/244
f 21/227 28/257 79/228
f 28/257 97/258 79/228
f 23/231 30/259 81/232
f 30/259 99/260 81/232
f 143/262 137/234 102/261
f 137/234 86/233 102/261
f 138/235 144/263 85/236
f 144/263 101/264 85/236
f 32/266 27/252 103/265
f 27/252 98/251 103/265
f 34/268 29/254 105/267
f 29/254 100/253 105/267
f 28/257 31/269 97/258
f 31/269 104/270 97/258
f 30/259 33/271 99/260
f 33/271 106/272 99/260
f 35/274 25/246 108/273
f 25/246 92/245 108/273
f 26/247 36/275 91/248
f 36/275 107/276 91/248
usemtl texture4
f 145/279 146/278 147/277
f 146/278 148/280 147/277
f 149/279 150/278 151/277
f 150/278 152/280 151/277
f 153/279 154/278 155/277
f 154/278 156/280 155/277
f 157/279 158/278 159/277
f 158/278 160/280 159/277
f 161/279 162/278 163/277
f 162/278 164/280 163/277
f 165/279 166/278 167/277
f 166/278 168/280 167/277
usemtl texture5
f 169/283 170/282 171/281
f 170/282 172/284 171/281
f 173/286 174/285 169/283
f 174/285 170/282 169/283
f 175/288 176/287 173/286
f 176/287 174/285 173/286
f 147/290 148/289 175/288
f 148/289 176/287 175/288
f 177/293 172/292 178/291
f 172/292 170/294 178/291
f 178/291 170/294 179/295
f 170/294 174/296 179/295
f 179/295 174/296 180/297
f 174/296 176/298 180/297
f 180/297 176/298 146/299
f 176/298 148/300 146/299
f 171/303 181/302 169/301
f 181/302 182/304 169/301
f 169/301 182/304 173/305
f 182/304 183/306 173/305
f 173/305 183/306 175/307
f 183/306 184/308 175/307
f 175/307 184/308 147/309
f 184/308 145/310 147/309
f 181/313 177/312 182/311
f 177/312 178/314 182/311
f 182/311 178/314 183/286
f 178/314 179/285 183/286
f 183/286 179/285 184/315
f 179/285 180/316 184/315
f 184/315 180/316 145/317
f 180/316 146/318 145/317
f 185/315 186/316 187/317
f 186/316 188/318 187/317
f 189/286 190/285 185/315
f 190/285 186/316 185/315
f 191/311 192/314 189/286
f 192/314 190/285 189/286
f 151/313 152/312 191/311
f 152/312 192/314 191/311
f 193/321 188/320 194/319
f 188/320 186/322 194/319
f 194/319 186/322 195/323
f 186/322 190/324 195/323
f 195/323 190/324 196/325
f 190/324 192/326 196/325
f 196/325 192/326 150/327
f 192/326 152/328 150/327
f 187/331 197/330 185/329
f 197/330 198/332 185/329
f 185/329 198/332 189/333
f 198/332 199/334 189/333
f 189/333 199/334 191/335
f 199/334 200/336 191/335
f 191/335 200/336 151/337
f 200/336 149/338 151/337
f 197/341 193/340 198/339
f 193/340 194/342 198/339
f 198/339 194/342 199/285
f 194/342 195/286 199/285
f 199/285 195/286 200/343
f 195/286 196/344 200/343
f 200/343 196/344 149/345
f 196/344 150/346 149/345
f 201/349 202/348 203/347
f 202/348 204/350 203/347
f 205/285 206/286 201/349
f 206/286 202/348 201/349
f 207/352 208/351 205/285
f 208/351 206/286 205/285
f 155/354 156/353 207/352
f 156/353 208/351 207/352
f 209/341 204/340 210/339
f 204/340 202/342 210/339
f 210/339 202/342 211/323
f 202/342 206/324 211/323
f 211/323 206/324 212/343
f 206/324 208/344 212/343
f 212/343 208/344 154/345
f 208/344 156/346 154/345
f 203/357 213/356 201/355
f 213/356 214/358 201/355
f 201/355 214/358 205/285
f 214/358 215/286 205/285
f 205/285 215/286 207/359
f 215/286 216/360 207/359
f 207/359 216/360 155/361
f 216/360 153/362 155/361
f 213/341 209/340 214/339
f 209/340 210/342 214/339
f 214/339 210/342 215/285
f 210/342 211/286 215/285
f 215/285 211/286 216/343
f 211/286 212/344 216/343
f 216/343 212/344 153/345
f 212/344 154/346 153/345
f 217/282 218/283 219/284
f 218/283 220/281 219/284
f 221/285 222/286 217/282
f 222/286 218/283 217/282
f 223/287 224/288 221/285
f 224/288 222/286 221/285
f 159/289 160/290 223/287
f 160/290 224/288 223/287
f 225/312 220/313 226/314
f 220/313 218/311 226/314
f 226/314 218/311 227/323
f 218/311 222/324 227/323
f 227/323 222/324 228/316
f 222/324 224/315 228/316
f 228/316 224/315 158/318
f 224/315 160/317 158/318
f 219/289 229/290 217/287
f 229/290 230/288 217/287
f 217/287 230/288 221/285
f 230/288 231/286 221/285
f 221/285 231/286 223/282
f 231/286 232/283 223/282
f 223/282 232/283 159/284
f 232/283 157/281 159/284
f 229/365 225/364 230/363
f 225/364 226/366 230/363
f 230/363 226/366 231/286
f 226/366 227/285 231/286
f 231/286 227/285 232/367
f 227/285 228/368 232/367
f 232/367 228/368 157/369
f 228/368 158/370 157/369
f 233/373 234/372 235/371
f 234/372 236/374 235/371
f 237/324 238/323 233/373
f 238/323 234/372 233/373
f 239/376 240/375 237/324
f 240/375 238/323 237/324
f 163/378 164/377 239/376
f 164/377 240/375 239/376
f 241/381 236/380 242/379
f 236/380 234/382 242/379
f 242/379 234/382 243/286
f 234/382 238/285 243/286
f 243/286 238/285 244/383
f 238/285 240/384 244/383
f 244/383 240/384 162/385
f 240/384 164/386 162/385
f 235/389 245/388 233/387
f 245/388 246/390 233/387
f 233/387 246/390 237/324
f 246/390 247/323 237/324
f 237/324 247/323 239/391
f 247/323 248/392 239/391
f 239/391 248/392 163/393
f 248/392 161/394 163/393
f 245/397 241/396 246/395
f 241/396 242/398 246/395
f 246/395 242/398 247/324
f 242/398 243/323 247/324
f 247/324 243/323 248/399
f 243/323 244/400 248/399
f 248/399 244/400 161/401
f 244/400 162/402 161/401
f 249/405 250/404 251/403
f 250/404 252/406 251/403
f 253/324 254/323 249/405
f 254/323 250/404 249/405
f 255/408 256/407 253/324
f 256/407 254/323 253/324
f 167/410 168/409 255/408
f 168/409 256/407 255/408
f 257/413 252/412 258/411
f 252/412 250/414 258/411
f 258/411 250/414 259/286
f 250/414 254/285 259/286
f 259/286 254/285 260/415
f 254/285 256/416 260/415
f 260/415 256/416 166/417
f 256/416 168/418 166/417
f 251/421 261/420 249/419
f 261/420 262/422 249/419
f 249/419 262/422 253/324
f 262/422 263/323 253/324
f 253/324 263/323 255/423
f 263/323 264/424 255/423
f 255/423 264/424 167/425
f 264/424 165/426 167/425
f 261/429 257/428 262/427
f 257/428 258/430 262/427
f 262/427 258/430 263/324
f 258/430 259/323 263/324
f 263/324 259/323 264/431
f 259/323 260/432 264/431
f 264/431 260/432 165/433
f 260/432 166/434 165/433
usemtl texture6
f 110/437 117/436 109/435
f 109/435 117/436 119/438
f 112/441 118/440 111/439
f 111/439 118/440 120/442
f 123/445 122/444 124/443
f 122/444 121/446 124/443
f 119/438 117/436 127/447
f 117/436 125/448 127/447
f 120/442 118/440 128/449
f 118/440 126/450 128/449
f 124/443 121/446 130/451
f 121/446 129/452 130/451
f 127/447 125/448 134/453
f 125/448 132/454 134/453
f 129/452 131/455 130/451
f 130/451 131/455 135/456
f 128/449 126/450 136/457
f 126/450 133/458 136/457
f 131/455 137/459 135/456
f 135/456 137/459 138/460
f 132/454 139/461 134/453
f 134/453 139/461 141/462
f 133/458 140/463 136/457
f 136/457 140/463 142/464
f 141/462 139/461 113/465
f 139/461 114/466 113/465
f 142/464 140/463 115/467
f 140/463 116/468 115/467
f 137/459 143/469 138/460
f 138/460 143/469 144/470
usemtl texture7
f 265/473 266/472 267/471
f 266/472 268/474 267/471
f 269/477 270/476 271/475
f 266/472 269/477 271/475
f 272/479 268/474 273/478
f 269/477 266/472 265/473
f 267/471 268/474 272/479
f 267/471 272/479 274/480
f 269/477 265/473 275/481
f 275/481 276/482 269/477
f 277/485 278/484 279/483
f 280/486 279/483 278/484
f 281/489 279/488 282/487
f 279/488 283/490 282/487
f 284/485 285/483 278/484
f 285/483 280/486 278/484
f 286/489 282/487 287/488
f 282/487 283/490 287/488
f 284/489 288/487 285/488
f 288/487 289/490 285/488
f 290/485 287/483 291/484
f 287/483 292/486 291/484
f 293/489 294/488 295/487
f 294/488 289/490 295/487
f 293/485 291/484 294/483
f 292/486 294/483 291/484
f 296/485 297/484 298/483
f 299/486 298/483 297/484
f 300/489 298/488 301/487
f 298/488 302/490 301/487
f 303/485 304/483 305/484
f 304/483 299/486 305/484
f 306/489 307/487 308/488
f 307/487 309/490 308/488
f 303/489 310/487 304/488
f 310/487 311/490 304/488
f 306/485 312/483 313/484
f 312/483 314/486 313/484
f 315/489 316/488 310/487
f 316/488 311/490 310/487
f 315/485 317/484 316/483
f 314/486 316/483 317/484
f 318/473 319/472 320/471
f 319/472 321/474 320/471
f 322/481 323/482 324/477
f 324/477 318/473 322/481
f 320/471 325/479 326/480
f 320/471 321/474 325/479
f 324/477 319/472 318/473
f 325/479 321/474 327/478
f 319/472 324/477 328/475
f 324/477 329/476 328/475
f 330/485 331/484 332/483
f 333/486 332/483 331/484
f 334/489 332/488 335/487
f 332/488 336/490 335/487
f 337/485 338/483 339/484
f 338/483 333/486 339/484
f 340/489 335/487 341/488
f 335/487 336/490 341/488
f 342/489 343/487 338/488
f 343/487 344/490 338/488
f 340/485 341/483 345/484
f 341/483 346/486 345/484
f 347/489 348/488 349/487
f 348/488 344/490 349/487
f 347/485 345/484 348/483
f 346/486 348/483 345/484
usemtl texture8
f 350/493 351/492 352/491
f 351/492 353/494 352/491
f 354/496 355/495 350/493
f 350/493 355/495 351/492
f 351/492 356/497 353/494
f 356/497 357/498 353/494
f 355/495 358/499 351/492
f 351/492 358/499 356/497
f 354/496 359/493 355/495
f 359/493 360/492 355/495
f 355/495 360/492 358/499
f 360/492 361/497 358/499
f 352/491 353/494 270/500
f 353/494 271/501 270/500
f 353/494 357/498 271/501
f 357/498 266/502 271/501
f 359/493 362/491 360/492
f 362/491 363/494 360/492
f 360/492 363/494 361/497
f 363/494 364/498 361/497
f 362/491 276/500 363/494
f 363/494 276/500 275/501
f 363/494 275/501 364/498
f 364/498 275/501 265/502
f 365/505 366/504 367/503
f 366/504 368/506 367/503
f 366/504 365/505 369/507
f 365/505 370/508 369/507
f 371/510 367/503 372/509
f 367/503 368/506 372/509
f 373/512 369/507 374/511
f 369/507 370/508 374/511
f 375/514 371/510 376/513
f 371/510 372/509 376/513
f 374/511 377/515 373/512
f 377/515 378/516 373/512
f 375/519 376/518 379/517
f 376/518 380/520 379/517
f 377/515 379/517 378/516
f 379/517 380/520 378/516
f 381/505 382/504 383/503
f 382/504 384/506 383/503
f 382/504 381/505 385/507
f 381/505 386/508 385/507
f 387/510 383/503 388/509
f 383/503 384/506 388/509
f 389/512 385/507 390/511
f 385/507 386/508 390/511
f 391/514 387/510 392/513
f 387/510 388/509 392/513
f 390/511 393/515 389/512
f 393/515 394/516 389/512
f 391/519 392/518 395/517
f 392/518 396/520 395/517
f 393/515 395/517 394/516
f 395/517 396/520 394/516
f 397/494 322/501 398/498
f 398/498 322/501 318/502
f 399/491 323/500 397/494
f 397/494 323/500 322/501
f 400/492 397/494 401/497
f 397/494 398/498 401/497
f 402/493 399/491 400/492
f 399/491 397/494 400/492
f 403/494 404/498 328/501
f 404/498 319/502 328/501
f 405/491 403/494 329/500
f 403/494 328/501 329/500
f 406/495 400/492 407/499
f 400/492 401/497 407/499
f 408/496 402/493 406/495
f 402/493 400/492 406/495
f 406/495 407/499 409/492
f 409/492 407/499 410/497
f 409/492 410/497 403/494
f 410/497 404/498 403/494
f 408/496 406/495 411/493
f 411/493 406/495 409/492
f 411/493 409/492 405/491
f 409/492 403/494 405/491
f 412/505 413/504 414/503
f 413/504 415/506 414/503
f 413/504 412/505 416/507
f 412/505 417/508 416/507
f 418/510 414/503 419/509
f 414/503 415/506 419/509
f 420/512 416/507 421/511
f 416/507 417/508 421/511
f 422/514 418/510 423/513
f 418/510 419/509 423/513
f 421/511 424/515 420/512
f 424/515 425/516 420/512
f 422/519 423/518 426/517
f 423/518 427/520 426/517
f 424/515 426/517 425/516
f 426/517 427/520 425/516
usemtl texture9
f 356/523 428/522 357/521
f 357/521 428/522 429/524
f 428/522 356/523 430/525
f 430/525 356/523 358/526
f 431/522 430/525 361/523
f 430/525 358/526 361/523
f 432/528 428/522 433/527
f 433/527 428/522 430/525
f 266/531 357/530 268/529
f 429/532 268/529 357/530
f 434/528 433/527 431/522
f 433/527 430/525 431/522
f 361/523 364/521 431/522
f 364/521 435/533 431/522
f 268/536 429/535 273/534
f 273/534 429/535 432/528
f 272/537 273/534 433/527
f 433/527 273/534 432/528
f 272/537 433/527 274/534
f 433/527 434/528 274/534
f 267/536 274/534 435/535
f 274/534 434/528 435/535
f 265/531 267/529 364/530
f 435/532 364/530 267/529
f 428/522 432/528 429/535
f 434/528 431/522 435/535
f 318/531 320/529 398/530
f 436/532 398/530 320/529
f 320/536 326/534 436/535
f 326/534 437/528 436/535
f 325/537 438/527 326/534
f 438/527 437/528 326/534
f 325/537 327/534 438/527
f 438/527 327/534 439/528
f 321/536 440/535 327/534
f 327/534 440/535 439/528
f 401/523 398/521 441/522
f 398/521 436/533 441/522
f 437/528 438/527 441/522
f 438/527 442/525 441/522
f 319/531 404/530 321/529
f 440/532 321/529 404/530
f 439/528 443/522 438/527
f 438/527 443/522 442/525
f 441/522 442/525 401/523
f 442/525 407/526 401/523
f 443/522 410/523 442/525
f 442/525 410/523 407/526
f 410/523 443/522 404/521
f 404/521 443/522 440/524
f 437/528 441/522 436/535
f 443/522 439/528 440/535
usemtl texture10
f 444/540 445/539 446/538
f 446/538 445/539 447/541
f 444/540 448/538 445/539
f 448/538 449/542 445/539
f 450/540 451/538 452/539
f 451/538 453/541 452/539
f 450/540 452/539 454/538
f 452/539 455/542 454/538
f 456/545 457/544 447/543
f 447/547 445/546 456/545
f 458/540 446/538 447/542
f 457/542 458/540 447/542
f 456/545 449/548 457/544
f 459/538 458/540 457/542
f 445/546 449/548 456/545
f 460/540 459/538 457/542
f 449/542 460/540 457/542
f 448/538 460/540 449/542
f 461/540 453/542 451/538
f 462/538 463/542 461/540
f 453/542 461/540 463/542
f 453/547 464/545 452/546
f 464/545 453/543 463/544
f 465/540 463/542 462/538
f 452/546 464/545 455/548
f 464/545 463/544 455/548
f 454/538 455/542 465/540
f 463/542 465/540 455/542
f 466/551 467/550 468/549
f 468/549 469/549 470/552
f 471/549 468/549 470/552
f 468/549 467/550 469/549
f 466/551 468/549 472/550
f 469/549 471/549 470/552
f 471/549 472/550 468/549
f 467/550 283/551 469/549
f 469/549 473/550 471/549
f 471/549 474/551 472/550
f 473/550 469/549 283/551
f 471/549 473/550 474/551
f 475/549 476/550 477/551
f 476/550 478/549 289/551
f 479/550 475/549 477/551
f 478/549 476/550 475/549
f 289/551 478/549 480/550
f 475/549 479/550 481/549
f 478/549 475/549 482/552
f 483/551 481/549 479/550
f 481/549 480/550 478/549
f 482/552 475/549 481/549
f 481/549 478/549 482/552
f 480/550 481/549 483/551
f 484/551 485/550 486/549
f 486/549 487/549 488/552
f 489/549 486/549 488/552
f 486/549 485/550 487/549
f 484/551 486/549 490/550
f 487/549 489/549 488/552
f 489/549 490/550 486/549
f 485/550 302/551 487/549
f 487/549 491/550 489/549
f 489/549 492/551 490/550
f 491/550 487/549 302/551
f 489/549 491/550 492/551
f 493/549 494/550 495/551
f 494/550 496/549 311/551
f 497/550 493/549 495/551
f 496/549 494/550 493/549
f 311/551 496/549 498/550
f 493/549 497/550 499/549
f 496/549 493/549 500/552
f 501/551 499/549 497/550
f 499/549 498/550 496/549
f 500/552 493/549 499/549
f 499/549 496/549 500/552
f 498/550 499/549 501/551
f 502/540 503/539 504/538
f 503/539 505/542 504/538
f 502/540 506/538 503/539
f 506/538 507/541 503/539
f 508/540 509/538 510/539
f 509/538 511/542 510/539
f 508/540 510/539 512/538
f 512/538 510/539 513/541
f 514/542 515/540 505/542
f 504/538 505/542 515/540
f 516/545 514/544 505/548
f 503/546 516/545 505/548
f 515/540 514/542 517/538
f 516/545 507/543 514/544
f 507/547 516/545 503/546
f 507/542 518/540 514/542
f 517/538 514/542 518/540
f 518/540 507/542 506/538
f 509/538 519/540 511/542
f 511/542 519/540 520/542
f 519/540 521/538 520/542
f 510/546 511/548 522/545
f 521/538 523/540 520/542
f 522/545 511/548 520/544
f 520/542 523/540 513/542
f 523/540 512/538 513/542
f 513/547 510/546 522/545
f 522/545 520/544 513/543
f 524/551 525/550 526/549
f 526/549 527/549 528/552
f 529/549 526/549 528/552
f 526/549 525/550 527/549
f 524/551 526/549 530/550
f 527/549 529/549 528/552
f 529/549 530/550 526/549
f 525/550 336/551 527/549
f 527/549 531/550 529/549
f 529/549 532/551 530/550
f 531/550 527/549 336/551
f 529/549 531/550 532/551
f 533/549 534/550 535/551
f 534/550 536/549 344/551
f 537/550 533/549 535/551
f 536/549 534/550 533/549
f 344/551 536/549 538/550
f 533/549 537/550 539/549
f 536/549 533/549 540/552
f 541/551 539/549 537/550
f 539/549 538/550 536/549
f 540/552 533/549 539/549
f 539/549 536/549 540/552
f 538/550 539/549 541/551
usemtl texture11
f 542/555 278/554 543/553
f 278/554 277/556 543/553
f 544/559 543/558 369/557
f 369/557 543/558 366/560
f 545/553 546/556 547/555
f 546/556 548/554 547/555
f 549/556 278/554 544/553
f 278/554 542/555 544/553
f 543/563 550/562 368/561
f 368/561 550/562 372/564
f 551/553 552/555 553/556
f 552/555 554/554 553/556
f 555/553 556/555 557/556
f 556/555 558/554 557/556
f 559/562 544/563 378/564
f 378/564 544/563 373/561
f 560/555 550/553 291/554
f 550/553 290/556 291/554
f 561/553 562/556 563/555
f 562/556 564/554 563/555
f 550/567 559/566 376/565
f 376/565 559/566 380/568
f 559/553 560/555 293/556
f 560/555 291/554 293/556
f 366/569 543/563 368/561
f 544/563 369/569 373/561
f 376/570 372/564 550/562
f 378/564 380/570 559/562
f 565/555 305/554 566/553
f 305/554 300/556 566/553
f 567/559 566/558 385/557
f 385/557 566/558 382/560
f 566/553 568/556 569/555
f 568/556 570/554 569/555
f 303/556 305/554 567/553
f 305/554 565/555 567/553
f 566/563 571/562 384/561
f 384/561 571/562 388/564
f 572/553 573/555 574/556
f 573/555 575/554 574/556
f 576/553 577/555 578/556
f 577/555 579/554 578/556
f 580/562 567/563 394/564
f 394/564 567/563 389/561
f 581/555 571/553 317/554
f 571/553 582/556 317/554
f 580/553 315/556 583/555
f 315/556 310/554 583/555
f 571/567 580/566 392/565
f 392/565 580/566 396/568
f 580/553 581/555 315/556
f 581/555 317/554 315/556
f 382/569 566/563 384/561
f 567/563 385/569 389/561
f 392/570 388/564 571/562
f 394/564 396/570 580/562
f 584/555 339/554 585/553
f 339/554 334/556 585/553
f 586/559 585/558 416/557
f 416/557 585/558 413/560
f 587/553 588/556 589/555
f 588/556 590/554 589/555
f 337/556 339/554 586/553
f 339/554 584/555 586/553
f 585/563 591/562 415/561
f 415/561 591/562 419/564
f 592/553 593/555 594/556
f 593/555 595/554 594/556
f 596/553 597/555 598/556
f 597/555 599/554 598/556
f 600/562 586/563 425/564
f 425/564 586/563 420/561
f 601/555 591/553 345/554
f 591/553 340/556 345/554
f 602/553 603/556 597/555
f 603/556 604/554 597/555
f 591/567 600/566 423/565
f 423/565 600/566 427/568
f 600/553 601/555 347/556
f 601/555 345/554 347/556
f 413/569 585/563 415/561
f 586/563 416/569 420/561
f 423/570 419/564 591/562
f 425/564 427/570 600/562
usemtl texture12
f 287/573 279/572 294/571
f 279/572 285/574 294/571
f 312/573 298/572 316/571
f 298/572 304/574 316/571
f 341/573 332/572 348/571
f 332/572 338/574 348/571
g obj1
usemtl mat1
f 605/577 606/576 607/575
f 606/576 608/578 607/575
f 607/575 608/578 609/579
f 608/578 610/580 609/579
f 611/582 605/577 612/581
f 605/577 607/575 612/581
f 612/581 607/575 613/583
f 607/575 609/579 613/583
f 614/577 615/576 616/575
f 615/576 617/578 616/575
f 616/575 617/578 618/579
f 617/578 619/580 618/579
f 620/582 614/577 621/581
f 614/577 616/575 621/581
f 621/581 616/575 622/583
f 616/575 618/579 622/583
f 623/577 624/576 625/575
f 624/576 626/578 625/575
f 625/575 626/578 627/579
f 626/578 628/580 627/579
f 629/582 623/577 630/581
f 623/577 625/575 630/581
f 630/581 625/575 631/583
f 625/575 627/579 631/583
f 632/577 633/576 634/575
f 633/576 635/578 634/575
f 634/575 635/578 636/579
f 635/578 637/580 636/579
f 638/582 632/577 639/581
f 632/577 634/575 639/581
f 639/581 634/575 640/583
f 634/575 636/579 640/583
f 641/586 642/585 643/584
f 643/584 642/585 644/587
f 645/589 641/586 646/588
f 646/588 641/586 643/584
f 647/591 648/590 641/586
f 641/586 648/590 642/585
f 649/592 647/591 645/589
f 645/589 647/591 641/586
f 650/594 651/593 647/591
f 647/591 651/593 648/590
f 652/595 650/594 649/592
f 649/592 650/594 647/591
f 653/597 654/596 650/594
f 650/594 654/596 651/593
f 655/598 653/597 652/595
f 652/595 653/597 650/594
g obj2
usemtl mat2
f 656/601 657/600 658/599
f 657/600 659/602 658/599
f 658/599 659/602 660/603
f 659/602 661/604 660/603
f 657/600 662/605 659/602
f 662/605 663/606 659/602
f 659/602 663/606 661/604
f 663/606 664/607 661/604
f 665/601 666/600 667/599
f 666/600 668/602 667/599
f 667/599 668/602 669/603
f 668/602 670/604 669/603
f 666/600 671/605 672/602
f 671/605 673/606 672/602
f 668/602 673/606 670/604
f 673/606 674/607 670/604
usemtl mat3
f 675/610 676/609 677/608
f 676/609 656/611 677/608
f 675/614 677/613 678/612
f 679/615 678/612 677/613
f 677/608 656/611 679/616
f 656/611 658/617 679/616
f 676/609 680/618 656/611
f 680/618 657/619 656/611
f 678/612 681/621 682/620
f 681/621 683/622 682/620
f 679/616 658/617 684/623
f 658/617 660/624 684/623
f 679/615 684/626 685/625
f 684/626 686/627 685/625
f 680/618 687/628 657/619
f 687/628 662/629 657/619
f 684/632 660/631 686/630
f 660/631 688/633 686/630
f 689/635 690/634 687/628
f 687/628 690/634 662/629
f 660/631 661/636 688/633
f 661/636 691/637 688/633
f 662/629 690/634 663/638
f 690/634 692/639 663/638
f 693/642 692/641 689/640
f 689/640 692/641 690/643
f 693/642 694/645 695/644
f 694/645 696/646 695/644
f 692/641 693/642 697/647
f 693/642 695/644 697/647
f 661/636 664/648 691/637
f 664/648 698/649 691/637
f 692/639 699/650 663/638
f 663/638 699/650 664/651
f 692/641 697/647 699/652
f 697/647 700/653 699/652
f 664/648 699/654 698/649
f 699/654 700/655 698/649
f 679/615 685/625 678/612
f 685/625 681/621 678/612
f 701/610 702/609 703/608
f 702/609 665/611 703/608
f 701/614 703/613 704/612
f 705/615 704/612 703/613
f 702/609 706/618 665/611
f 706/618 666/619 665/611
f 703/608 665/611 705/616
f 665/611 667/617 705/616
f 704/612 707/621 708/620
f 707/621 709/622 708/620
f 705/616 667/617 710/623
f 667/617 669/624 710/623
f 706/618 711/628 666/619
f 711/628 671/629 666/619
f 705/615 710/626 712/625
f 710/626 713/627 712/625
f 714/635 715/634 711/628
f 711/628 715/634 671/629
f 710/632 669/631 713/630
f 669/631 716/633 713/630
f 671/629 715/634 673/638
f 715/634 717/639 673/638
f 669/631 670/636 716/633
f 670/636 718/637 716/633
f 719/642 717/641 714/640
f 714/640 717/641 715/643
f 719/642 720/645 721/644
f 720/645 722/646 721/644
f 717/641 719/642 723/647
f 719/642 721/644 723/647
f 717/639 724/650 673/638
f 673/638 724/650 674/651
f 670/636 674/648 718/637
f 674/648 725/649 718/637
f 717/641 723/647 724/652
f 723/647 726/653 724/652
f 674/648 724/654 725/649
f 724/654 726/655 725/649
f 705/615 712/625 704/612
f 712/625 707/621 704/612
usemtl mat4
f 727/658 728/657 729/656
f 728/657 730/659 729/656
f 731/661 732/660 728/657
f 732/660 730/659 728/657
f 733/663 734/662 731/661
f 734/662 732/660 731/661
f 735/665 734/662 736/664
f 734/662 733/663 736/664
f 737/668 738/667 739/666
f 738/667 740/669 739/666
f 737/668 741/670 738/667
f 741/670 742/671 738/667
f 741/670 743/672 742/671
f 743/672 744/673 742/671
f 745/675 744/673 746/674
f 744/673 743/672 746/674
f 747/678 748/677 732/676
f 748/677 730/679 732/676
f 749/682 750/681 728/680
f 750/681 731/683 728/680
f 751/685 747/678 734/684
f 747/678 732/676 734/684
f 750/681 752/686 731/683
f 752/686 733/687 731/683
f 753/690 754/689 742/688
f 754/689 738/691 742/688
f 755/693 756/681 737/692
f 756/681 741/694 737/692
f 757/696 753/690 744/695
f 753/690 742/688 744/695
f 756/681 758/697 741/694
f 758/697 743/698 741/694
usemtl mat5
f 759/701 749/700 727/699
f 749/700 728/702 727/699
f 752/705 760/704 733/703
f 760/704 736/706 733/703
f 754/709 761/708 738/707
f 761/708 740/710 738/707
f 762/713 757/712 745/711
f 757/712 744/714 745/711
usemtl mat6
f 763/717 764/716 765/715
f 764/716 766/718 765/715
f 767/721 768/720 769/719
f 768/720 770/722 769/719
f 771/724 772/723 763/717
f 772/723 764/716 763/717
f 773/726 774/725 767/721
f 774/725 768/720 767/721
f 771/724 775/727 772/723
f 775/727 776/728 772/723
f 773/726 777/729 774/725
f 777/729 778/730 774/725
f 779/733 780/732 765/731
f 780/732 781/734 765/731
f 780/732 782/735 781/734
f 782/735 770/736 781/734
f 775/739 783/738 784/737
f 783/738 785/740 784/737
f 783/738 778/324 785/740
f 778/324 786/741 785/740
usemtl mat7
f 748/744 779/743 787/742
f 779/743 788/745 787/742
f 748/744 787/742 730/746
f 787/742 729/747 730/746
f 787/742 759/748 729/747
f 759/748 727/749 729/747
f 766/750 759/748 788/745
f 759/748 787/742 788/745
f 789/753 751/752 735/751
f 751/752 734/754 735/751
f 790/756 782/755 789/753
f 782/755 751/752 789/753
f 760/758 789/753 736/757
f 789/753 735/751 736/757
f 789/753 760/758 790/756
f 760/758 769/759 790/756
f 761/762 791/761 740/760
f 791/761 739/763 740/760
f 791/761 761/762 792/764
f 761/762 776/765 792/764
f 791/761 755/766 739/763
f 755/766 737/767 739/763
f 784/768 755/766 792/764
f 755/766 791/761 792/764
f 793/771 762/770 746/769
f 762/770 745/772 746/769
f 762/770 793/771 777/773
f 793/771 794/774 777/773
f 758/776 793/771 743/775
f 793/771 746/769 743/775
f 793/771 758/776 794/774
f 758/776 786/777 794/774
f 765/780 766/779 779/778
f 766/779 788/781 779/778
f 769/779 770/780 790/781
f 770/780 782/778 790/781
f 784/779 792/780 775/781
f 792/780 776/778 775/781
f 786/780 778/778 794/779
f 794/779 778/778 777/781
usemtl mat8
f 795/784 796/783 759/782
f 796/783 749/785 759/782
f 796/783 797/786 749/785
f 797/786 750/787 749/785
f 765/790 781/789 763/788
f 781/789 798/791 763/788
f 797/786 799/792 750/787
f 799/792 752/793 750/787
f 781/789 770/794 798/791
f 770/794 768/795 798/791
f 799/792 800/796 752/793
f 800/796 760/797 752/793
f 801/799 802/798 795/784
f 802/798 796/783 795/784
f 803/800 797/786 802/798
f 797/786 796/783 802/798
f 798/791 804/801 763/788
f 804/801 771/802 763/788
f 805/803 799/792 803/800
f 799/792 797/786 803/800
f 768/795 774/804 798/791
f 774/804 804/801 798/791
f 800/796 799/792 806/805
f 799/792 805/803 806/805
f 761/807 754/806 801/799
f 754/806 802/798 801/799
f 753/808 803/800 754/806
f 803/800 802/798 754/806
f 771/802 804/801 775/809
f 804/801 783/810 775/809
f 757/811 805/803 753/808
f 805/803 803/800 753/808
f 804/801 774/804 783/810
f 774/804 778/812 783/810
f 757/811 762/813 805/803
f 762/813 806/805 805/803
usemtl mat9
f 747/816 780/815 748/814
f 780/815 779/817 748/814
f 747/816 751/818 780/815
f 751/818 782/819 780/815
f 784/822 785/821 755/820
f 785/821 756/823 755/820
f 785/821 786/824 756/823
f 786/824 758/825 756/823
f 766/828 764/827 759/826
f 764/827 795/829 759/826
f 800/832 767/831 760/830
f 767/831 769/833 760/830
f 772/835 801/834 764/827
f 801/834 795/829 764/827
f 800/832 806/836 767/831
f 806/836 773/837 767/831
f 772/835 776/838 801/834
f 776/838 761/839 801/834
f 762/841 777/840 806/836
f 777/840 773/837 806/836
usemtl mat10
f 807/844 808/843 809/842
f 808/843 810/845 809/842
f 807/844 811/846 808/843
f 811/846 812/847 808/843
usemtl mat11
f 813/850 810/849 814/848
f 814/848 810/849 808/851
f 813/850 815/852 810/849
f 815/852 809/853 810/849
f 816/855 814/848 812/854
f 814/848 808/851 812/854
f 817/857 816/855 811/856
f 816/855 812/854 811/856
f 817/857 811/856 818/858
f 818/858 811/856 807/859
f 815/337 818/338 809/860
f 818/338 807/861 809/860
usemtl mat12
f 819/864 820/863 821/862
f 820/863 822/865 821/862
f 819/864 823/866 820/863
f 823/866 824/867 820/863
usemtl mat13
f 825/870 822/869 826/868
f 826/868 822/869 820/871
f 827/873 826/868 824/872
f 826/868 820/871 824/872
f 828/875 827/873 823/874
f 827/873 824/872 823/874
f 828/875 823/874 829/876
f 829/876 823/874 819/877
f 825/880 830/879 822/878
f 830/879 821/881 822/878
f 830/879 829/882 821/881
f 829/882 819/883 821/881
usemtl mat14
f 831/886 832/885 833/884
f 832/885 834/887 833/884
f 835/889 836/888 837/884
f 836/888 838/887 837/884
f 839/892 840/891 841/890
f 840/891 842/893 841/890
f 843/895 844/894 845/890
f 844/894 846/893 845/890
f 847/886 848/885 849/884
f 848/885 850/887 849/884
f 851/886 852/885 853/884
f 852/885 854/887 853/884
f 855/892 856/891 857/890
f 856/891 858/893 857/890
f 859/892 860/891 861/890
f 860/891 862/893 861/890
f 863/897 831/886 864/896
f 831/886 833/884 864/896
f 865/898 835/889 866/896
f 835/889 837/884 866/896
f 840/891 867/899 842/893
f 867/899 868/900 842/893
f 844/894 869/901 846/893
f 869/901 870/900 846/893
f 871/897 851/886 872/896
f 851/886 853/884 872/896
f 873/897 847/886 874/896
f 847/886 849/884 874/896
f 860/891 875/899 862/893
f 875/899 876/900 862/893
f 856/891 877/899 858/893
f 877/899 878/900 858/893
f 879/903 863/897 880/902
f 863/897 864/896 880/902
f 881/904 865/898 882/902
f 865/898 866/896 882/902
f 867/899 883/905 868/900
f 883/905 884/906 868/900
f 869/901 885/907 870/900
f 885/907 886/906 870/900
f 883/905 879/903 884/906
f 879/903 880/902 884/906
f 885/907 881/904 886/906
f 881/904 882/902 886/906
f 887/903 871/897 888/902
f 871/897 872/896 888/902
f 889/903 873/897 890/902
f 873/897 874/896 890/902
f 891/905 892/906 875/899
f 875/899 892/906 876/900
f 877/899 893/905 878/900
f 893/905 894/906 878/900
f 891/905 887/903 892/906
f 887/903 888/902 892/906
f 889/903 890/902 893/905
f 893/905 890/902 894/906
f 832/910 839/909 834/908
f 839/909 841/911 834/908
f 836/910 843/909 838/908
f 843/909 845/911 838/908
f 848/910 855/909 850/908
f 855/909 857/911 850/908
f 859/909 861/911 852/910
f 852/910 861/911 854/908
usemtl texture13
f 895/914 896/913 897/912
f 896/913 898/915 897/912
f 899/918 900/917 901/916
f 901/916 900/917 902/919
f 903/921 904/920 895/914
f 904/920 896/913 895/914
f 905/923 899/918 906/922
f 906/922 899/918 901/916
f 903/921 907/924 904/920
f 907/924 908/925 904/920
f 909/927 910/926 906/922
f 906/922 910/926 905/923
usemtl texture14
f 833/930 834/929 835/928
f 834/929 836/931 835/928
f 841/934 842/933 843/932
f 842/933 844/935 843/932
f 849/930 850/929 851/928
f 850/929 852/931 851/928
f 858/933 860/935 857/934
f 857/934 860/935 859/932
f 864/937 833/930 865/936
f 833/930 835/928 865/936
f 842/933 868/938 844/935
f 868/938 869/939 844/935
f 874/937 849/930 871/936
f 849/930 851/928 871/936
f 878/938 875/939 858/933
f 858/933 875/939 860/935
f 880/941 864/937 881/940
f 864/937 865/936 881/940
f 868/938 884/942 869/939
f 884/942 885/943 869/939
f 884/942 880/941 885/943
f 880/941 881/940 885/943
f 890/941 874/937 887/940
f 874/937 871/936 887/940
f 894/942 891/943 878/938
f 878/938 891/943 875/939
f 894/942 890/941 891/943
f 890/941 887/940 891/943
f 834/910 841/944 836/908
f 841/944 843/945 836/908
f 850/910 857/944 852/908
f 857/944 859/945 852/908
usemtl texture15
f 911/948 912/947 913/946
f 913/946 912/947 914/949
f 915/951 916/950 913/946
f 913/946 916/950 911/948
f 917/953 913/946 918/952
f 913/946 914/949 918/952
f 917/953 919/954 913/946
f 919/954 915/951 913/946
f 920/956 921/955 922/948
f 922/948 921/955 923/957
f 924/958 925/954 922/948
f 925/954 920/956 922/948
f 926/960 917/953 927/959
f 917/953 918/952 927/959
f 917/953 926/960 919/954
f 926/960 928/961 919/954
f 920/956 929/962 921/955
f 929/962 930/963 921/955
f 931/964 929/962 925/954
f 925/954 929/962 920/956
f 932/966 926/960 933/965
f 926/960 927/959 933/965
f 928/961 926/960 934/964
f 934/964 926/960 932/966
f 935/948 936/967 937/947
f 936/967 938/968 937/947
f 939/970 936/967 940/969
f 936/967 935/948 940/969
f 941/972 942/962 943/971
f 942/962 944/973 943/971
f 945/975 942/962 946/974
f 946/974 942/962 941/972
f 936/967 947/976 938/968
f 947/976 948/977 938/968
f 939/970 949/978 936/967
f 949/978 947/976 936/967
f 941/972 943/971 950/979
f 950/979 943/971 951/947
f 952/969 946/974 950/979
f 946/974 941/972 950/979
f 947/976 953/980 948/977
f 953/980 954/981 948/977
f 949/978 955/982 947/976
f 955/982 953/980 947/976
f 956/984 957/983 953/980
f 953/980 957/983 954/981
f 956/984 953/980 958/985
f 953/980 955/982 958/985
f 911/988 959/987 912/986
f 959/987 960/989 912/986
f 959/987 911/988 961/990
f 961/990 911/988 916/991
f 932/994 933/993 962/992
f 962/992 933/993 963/995
f 962/992 964/990 932/994
f 932/994 964/990 934/991
f 935/998 937/997 965/996
f 965/996 937/997 966/999
f 965/996 967/1000 935/998
f 935/998 967/1000 940/1001
f 956/1003 968/1002 957/993
f 968/1002 969/1004 957/993
f 968/1002 956/1003 970/1005
f 956/1003 958/991 970/1005
usemtl texture16
f 961/1008 971/1007 959/1006
f 971/1007 972/1009 959/1006
f 924/1012 922/1011 973/1010
f 973/1010 922/1011 974/1013
f 931/1016 975/1015 929/1014
f 975/1015 976/1017 929/1014
f 977/1020 978/1019 962/1018
f 978/1019 964/1021 962/1018
f 979/1023 980/1022 971/1007
f 980/1022 972/1009 971/1007
f 981/1025 973/1010 982/1024
f 973/1010 974/1013 982/1024
f 975/1015 983/1026 976/1017
f 983/1026 984/1027 976/1017
f 977/1020 985/1028 978/1019
f 985/1028 986/1029 978/1019
f 980/1022 979/1023 965/1030
f 979/1023 967/1031 965/1030
f 982/1024 942/1032 981/1025
f 945/1033 981/1025 942/1032
f 952/1035 950/1034 983/1026
f 983/1026 950/1034 984/1027
f 985/1028 968/1036 986/1029
f 968/1036 970/1037 986/1029
usemtl texture17
f 960/1040 923/1039 912/1038
f 923/1039 914/1041 912/1038
f 924/1044 961/1043 915/1042
f 961/1043 916/1045 915/1042
f 918/1047 914/1041 921/1046
f 921/1046 914/1041 923/1039
f 915/1042 919/1048 924/1044
f 919/1048 925/1049 924/1044
f 930/1051 927/1050 921/1046
f 927/1050 918/1047 921/1046
f 925/1049 919/1048 931/1052
f 919/1048 928/1053 931/1052
f 933/1055 927/1050 963/1054
f 927/1050 930/1051 963/1054
f 931/1052 928/1053 964/1056
f 964/1056 928/1053 934/1057
f 938/1060 944/1059 937/1058
f 944/1059 966/1061 937/1058
f 940/1064 967/1063 939/1062
f 939/1062 967/1063 945/1065
f 938/1060 948/1066 944/1059
f 948/1066 943/1067 944/1059
f 939/1062 945/1065 949/1068
f 945/1065 946/1069 949/1068
f 951/1071 943/1067 954/1070
f 948/1066 954/1070 943/1067
f 946/1069 952/1072 949/1068
f 952/1072 955/1073 949/1068
f 969/1075 951/1071 957/1074
f 951/1071 954/1070 957/1074
f 958/1077 955/1073 970/1076
f 955/1073 952/1072 970/1076
usemtl texture18
f 924/944 839/1078 961/910
f 961/910 839/1078 832/1079
f 971/1082 961/1081 831/1080
f 961/1081 832/1083 831/1080
f 924/1086 973/1085 839/1084
f 973/1085 840/1087 839/1084
f 931/910 964/944 848/1079
f 964/944 855/1078 848/1079
f 975/1090 931/1089 847/1088
f 931/1089 848/1091 847/1088
f 978/1094 856/1093 964/1092
f 964/1092 856/1093 855/1095
f 979/1097 971/1082 863/1096
f 971/1082 831/1080 863/1096
f 973/1085 981/1098 840/1087
f 981/1098 867/1099 840/1087
f 983/1101 975/1090 873/1100
f 975/1090 847/1088 873/1100
f 978/1094 986/1102 856/1093
f 986/1102 877/1103 856/1093
f 979/1097 863/1096 967/1104
f 967/1104 863/1096 879/1105
f 981/1098 945/1106 867/1099
f 945/1106 883/1107 867/1099
f 879/1105 883/1107 967/1104
f 945/1106 967/1104 883/1107
f 952/1109 983/1101 889/1108
f 983/1101 873/1100 889/1108
f 986/1102 970/1110 877/1103
f 970/1110 893/1111 877/1103
f 952/1109 889/1108 970/1110
f 970/1110 889/1108 893/1111
usemtl texture19
f 974/1114 922/1113 972/1112
f 972/1112 922/1113 959/1115
f 976/1118 977/1117 929/1116
f 977/1117 962/1119 929/1116
f 982/1121 974/1114 980/1120
f 980/1120 974/1114 972/1112
f 976/1118 984/1122 977/1117
f 977/1117 984/1122 985/1123
f 965/1125 942/1124 980/1120
f 942/1124 982/1121 980/1120
f 968/1127 985/1123 950/1126
f 950/1126 985/1123 984/1122
usemtl texture20
f 838/910 845/944 898/908
f 845/944 897/945 898/908
f 838/1130 898/1129 837/1128
f 837/1128 898/1129 896/1131
f 845/1134 846/1133 897/1132
f 846/1133 895/1135 897/1132
f 900/908 854/910 902/945
f 854/910 861/944 902/945
f 854/1130 900/1129 853/1128
f 853/1128 900/1129 899/1131
f 861/1134 862/1133 902/1132
f 862/1133 901/1135 902/1132
f 866/1137 837/1128 904/1136
f 837/1128 896/1131 904/1136
f 846/1133 870/1138 895/1135
f 870/1138 903/1139 895/1135
f 872/1137 853/1128 905/1136
f 853/1128 899/1131 905/1136
f 876/1138 906/1139 862/1133
f 862/1133 906/1139 901/1135
f 882/1141 866/1137 908/1140
f 866/1137 904/1136 908/1140
f 886/1143 907/1142 870/1138
f 870/1138 907/1142 903/1139
f 886/1143 882/1141 907/1142
f 882/1141 908/1140 907/1142
f 888/1141 872/1137 910/1140
f 872/1137 905/1136 910/1140
f 906/1139 876/1138 909/1142
f 876/1138 892/1143 909/1142
f 892/1143 888/1141 909/1142
f 888/1141 910/1140 909/1142
usemtl texture21
f 959/1146 922/1145 960/1144
f 922/1145 923/1147 960/1144
f 962/1145 963/1147 929/1146
f 929/1146 963/1147 930/1144
f 965/1145 966/1147 942/1146
f 942/1146 966/1147 944/1144
f 968/1146 950/1145 969/1144
f 950/1145 951/1147 969/1144
# 1538 elements

