# Created by Metasequoia

mtllib City_Course3.mtl

v 1505.554932 2473.128174 324.215057
v 1505.555054 2473.128174 75.324257
v 1505.462524 2420.516357 324.032104
v 1505.555054 2420.589844 75.324257
v 1530.765991 2472.918945 100.765984
v 1530.765991 2472.918945 299.234009
v 1553.986450 2381.896973 275.532043
v 1553.986450 2381.896973 123.504562
v 1754.077393 2420.516357 324.032104
v 1754.445313 2473.128174 324.215057
v 1706.013916 2381.896973 275.532043
v 1729.234375 2472.918945 299.234009
v 1754.445313 2420.589844 75.324257
v 1706.013916 2381.896973 123.504562
v 1754.445313 2473.128174 75.324257
v 1729.234375 2472.918945 100.765984
v 1605.844604 -1472.895996 -1510.594604
v 2460.581055 -1472.895996 -199.478516
v 1966.072388 -1232.895996 -1508.679443
v 2713.826172 -1232.895996 -362.141602
v 2483.259277 -1472.895996 -2824.710938
v 2733.536865 -1232.895996 -2657.518066
v 2324.702637 -1472.895874 -1505.588989
v 2967.081543 -1472.895752 -524.813049
v 2983.825195 -1472.895996 -2490.317139
v 6726.691406 -1578.393677 -1491.157104
v 6368.061035 -1818.393555 -1494.247559
v 5959.227051 -1578.393677 -342.318604
v 5708.938477 -1818.393677 -509.519348
v 5967.151367 -1578.393677 -2673.713379
v 5713.895996 -1818.393433 -2511.041748
v 6209.504883 -1818.393677 -175.125732
v 7086.919434 -1818.393677 -1489.241821
v 6220.396484 -1818.393677 -2836.376465
v 1061.327637 -1499.992065 -2030.537354
v 1322.000610 -1259.992188 -1880.037842
v 1892.908203 -1499.991943 -3470.876709
v 2153.581299 -1259.992065 -3320.377930
v 1582.661865 -1499.992188 -1729.545654
v 2414.241943 -1499.992188 -3169.884766
v 654.892212 -1499.992065 156.520142
v 955.891357 -1259.992188 156.520020
v 654.892456 -1499.991943 -1506.640625
v 955.891235 -1259.992065 -1506.641357
v 1256.876709 -1499.992188 156.519409
v 1256.876709 -1499.992188 -1506.640747
v 4799.876465 -1259.992188 2566.587158
v 5315.304688 -1259.992065 1677.306763
v 4539.203613 -1499.992065 2416.087646
v 5054.631348 -1499.991821 1526.808105
v 5060.537598 -1499.992188 2717.079102
v 5575.965332 -1499.992188 1827.800049
v 4869.958008 900.092285 965.438232
v 4980.141602 900.092285 774.580566
v 4819.930664 844.088135 892.085022
v 4891.602539 844.088135 767.933777
v 5440.770020 900.092773 1529.997192
v 5171.414551 900.092773 1529.997437
v 5390.766113 830.092773 1629.995483
v 5221.414063 830.092773 1629.997192
v 5619.798340 900.092285 753.376221
v 5754.478027 900.092285 986.641602
v 5731.399902 830.092285 746.677734
v 5816.075684 830.092285 893.338684
v 5052.066895 900.090576 650.003906
v 4798.039551 900.090820 1089.995850
v 5114.406738 1035.854248 757.977539
v 4922.715332 1035.854492 1089.995850
v 5052.066895 900.090820 1529.987549
v 5114.406738 1035.854492 1422.014038
v 5131.832520 1035.854248 788.161133
v 4957.566895 1035.854492 1089.995850
v 5131.832520 1035.854492 1391.830444
v 5560.125000 900.090820 1529.987549
v 5497.789063 1035.854492 1422.014038
v 5480.359375 1035.854492 1391.830200
v 5560.125488 900.090576 650.003662
v 5497.789551 1035.854248 757.977295
v 5480.359863 1035.854248 788.161133
v 5689.477051 1035.854492 1089.995605
v 5654.625488 1035.854492 1089.995605
v 5814.156738 900.090820 1089.995605
v 6433.856934 1600.092285 1425.438232
v 6544.040527 1600.092285 1234.580566
v 6383.829590 1544.088257 1352.085083
v 6455.501465 1544.088257 1227.933838
v 7004.669434 1600.092773 1989.997192
v 6735.313965 1600.092773 1989.997437
v 6954.665039 1530.092773 2089.995361
v 6785.312988 1530.092773 2089.997070
v 7318.376465 1600.092285 1446.641602
v 7379.974121 1530.092285 1353.338745
v 7183.697266 1600.092285 1213.376221
v 7295.298828 1530.092285 1206.677734
v 6615.965820 1600.090576 1110.003906
v 6361.938477 1600.090820 1549.995850
v 6678.305664 1735.854248 1217.977539
v 6486.614258 1735.854492 1549.995850
v 6615.965820 1600.090820 1989.987549
v 6678.305664 1735.854492 1882.014038
v 6695.731445 1735.854248 1248.161133
v 6521.465820 1735.854492 1549.995850
v 6695.731445 1735.854492 1851.830444
v 7124.024414 1600.090576 1110.003662
v 7061.688477 1735.854248 1217.977295
v 7124.023926 1600.090820 1989.987549
v 7061.687988 1735.854492 1882.014038
v 7044.258789 1735.854248 1248.161133
v 7044.258301 1735.854492 1851.830200
v 7253.376465 1735.854492 1549.995605
v 7218.524414 1735.854492 1549.995605
v 7378.055664 1600.090820 1549.995605
v 1553.986450 2200.042969 275.532043
v 1553.986450 2200.042969 123.504562
v 1706.013916 2200.042969 123.504562
v 1706.013916 2200.042969 275.532043
v 1530.765991 2632.865723 100.765984
v 1530.765991 2632.865723 299.234009
v 1604.927368 2873.777100 225.073013
v 1604.927368 2873.777100 174.926987
v 1535.549927 2614.827881 294.450012
v 1535.550049 2614.827881 105.549980
v 1655.072998 2873.777100 225.073013
v 1724.450317 2614.827881 294.450012
v 1729.234375 2632.865723 100.765984
v 1729.234375 2632.865723 299.234009
v 1655.072998 2873.777100 174.926987
v 1724.450317 2614.827881 105.549980
v 2846.498779 750.007813 -4481.025391
v 2346.498535 750.007813 -3615.000000
v 2846.498535 1250.008057 -3615.000000
v 2846.498535 750.007813 -2748.974609
v 5846.499023 750.007813 -4481.025391
v 5846.498535 1250.008057 -3615.000000
v 6346.498535 750.007813 -3615.000000
v 5846.498535 750.007813 -2748.974609
v 2646.157959 -2250.000000 49.997700
v 2820.751465 -2250.000000 352.398102
v 2646.166260 74.500488 49.998001
v 2820.748047 74.500488 352.397797
v 2820.751953 -2250.000000 -252.402100
v 2820.760498 74.500488 -252.402405
v 4374.181641 -2250.000000 49.997501
v 4199.591797 -2250.000000 -252.402191
v 4374.189453 74.500488 49.997799
v 4199.600098 74.500488 -252.402512
v 4199.591309 -2250.000000 352.398102
v 4199.599609 74.500488 352.397614
v 2727.279541 210.263672 49.997799
v 2861.314453 210.263672 282.154205
v 2861.314697 210.263672 -182.158905
v 2751.647217 210.263672 49.997799
v 2873.498047 210.263672 261.048920
v 2873.498535 210.263672 -161.053696
v 4159.044922 210.263672 282.154205
v 4146.861328 210.263672 261.048889
v 4159.045410 210.263672 -182.158997
v 4146.861816 210.263672 -161.053696
v 4293.080078 210.263672 49.997799
v 4268.708984 210.263672 49.997799
v 1257.910522 -1409.770264 -986.693237
v 1257.910522 -1409.770996 350.002594
v 1414.570679 -1000.427734 -809.798035
v 1414.570679 -1000.428894 173.107193
v 1879.801270 -1409.770264 -986.693726
v 1855.348145 -1000.427734 -809.798340
v 2502.348145 -1000.428894 173.106995
v 2759.684082 -1409.770996 350.002197
v 2983.824951 -2249.999756 -2490.316406
v 2324.702637 -2249.999756 -1505.588501
v 2967.081299 -2249.999756 -524.812988
v 2808.402344 -2250.000000 -214.899780
v 4123.330078 -2250.000000 -252.402344
v 2854.683350 -2250.000732 -2750.000000
v 4132.349609 -2250.000488 -2750.000000
v 5713.895996 -2249.999756 -2511.041748
v 5837.075195 -2250.000488 -2750.000000
v 5708.938965 -2249.999756 -509.520111
v 5862.017578 -2250.000000 -251.145752
v 6368.061523 -2249.999756 -1494.248047
v 2808.402100 -1472.895996 -214.899902
v 2830.746582 -1472.895996 -2803.034424
v 5862.017578 -1818.393677 -196.802124
v 5872.575684 -1818.393677 -2820.955078
v 7093.331543 -2250.147705 -861.300415
v 7446.134277 -2250.147705 -545.187378
v 8091.435547 -2249.999756 -1369.178833
v 7761.477539 -2249.999756 -2013.092041
v 4988.561523 -2249.997803 760.010071
v 4545.200195 -2250.000244 649.804016
v 4798.040527 -2249.997314 1090.003540
v 5052.068359 -2249.998047 650.012329
v 4201.055176 -2250.000000 350.001282
v 4372.999512 -2249.999756 144.999695
v 4972.999512 -2249.999756 144.999695
v 5049.999023 -2249.999756 194.999695
v 4972.999023 -2249.999756 -255.000427
v 5799.986816 -2249.992676 350.000885
v 5049.999023 -2249.999756 -255.000427
v 5799.999023 -2249.999756 194.999603
v 5799.999512 -2249.999756 -255.000427
v 5799.999512 -2249.999756 194.999588
v 6340.808105 -2250.000000 -82.985474
v 6341.650879 -2249.996338 350.142487
v 6340.808105 -2250.000000 -373.648926
v 7076.296387 -2250.000000 350.284088
v 6495.994141 -2249.998047 -607.111328
v 6646.756836 -2249.997314 -522.552979
v 1234.500732 -1499.992065 -1728.484009
v 2241.080811 -1499.992065 -3471.931885
v 955.891235 -1499.992065 331.519409
v 955.891235 -1499.992065 -1681.640625
v 4712.376953 -1499.992065 2718.140869
v 5402.804199 -1499.992065 1525.752930
v 2267.798828 1529.999512 2384.747559
v 3479.998047 1529.999512 2384.747559
v 2562.634766 1529.999512 1888.547485
v 3179.310547 1529.999023 1888.547241
v 3992.521729 210.263672 49.997799
v 1203.020996 3299.999023 3271.996826
v 1202.599609 3299.999023 2384.747559
v 953.607178 3299.999023 2839.996582
v 4544.408203 3299.999268 2382.996094
v 4544.407715 3299.999023 3271.996094
v 4793.825684 3299.999023 2839.996094
v 427.907867 -1274.916016 856.478577
v 427.908295 -1274.916992 1453.321411
v 993.403870 -1274.916016 856.478210
v 664.888672 -1274.916992 1453.320923
v 2492.367676 -2250.000244 1933.747559
v 2492.367676 1320.000000 1933.747559
v 2547.280762 -2250.000244 1838.547485
v 2547.280762 1320.000000 1838.547485
v 2640.587646 -2250.000244 1838.547485
v 2640.587646 1320.000000 1838.547485
v 3200.428711 -2250.000488 1838.547241
v 3107.121826 -2250.000488 1838.547241
v 3200.428711 1319.999512 1838.547241
v 3107.121826 1319.999512 1838.547241
v 3255.357178 1319.999512 1933.747192
v 3255.357178 -2250.000488 1933.747192
v 6340.808105 -2250.000000 -74.350616
v 6340.808105 -269.999390 -373.649384
v 6340.808594 -269.999390 -74.351173
v 6427.742188 -2250.000000 -24.160749
v 6427.742188 -269.999390 -24.161190
v 6600.007324 -2250.000000 -523.298340
v 6600.007324 -269.999390 -523.298828
v 6989.366699 -2250.000000 300.093597
v 7076.295898 -2250.000000 350.284058
v 6989.366699 -269.999390 300.093597
v 7076.296387 -269.999390 350.283600
v 7335.499023 -2250.000000 200.634659
v 7335.499023 -269.999390 200.634186
v 1118.390381 1904.999878 2612.500244
v 1241.071045 1904.999878 2387.500244
v 1996.220703 1904.999878 2612.500244
v 2057.621094 1904.999878 2387.500244
v 2874.050781 1904.999878 2612.500244
v 2874.170898 1904.999878 2387.500244
v 3751.881104 1904.999878 2612.500244
v 3690.720947 1904.999878 2387.500244
v 4629.711426 1904.999878 2612.500244
v 4507.270996 1904.999878 2387.500244
v 2217.798584 1529.999512 2384.747559
v 2547.279541 1529.999512 1838.547485
v 3200.427734 1529.999023 1838.547241
v 3529.998047 1529.999023 2384.747559
v 4544.408203 2999.999023 2382.996094
v 1202.599609 2999.999023 2384.747559
v 4793.825684 2999.999023 2839.996094
v 4544.407715 2999.999023 3271.996094
v 2217.798584 1319.999756 2384.747559
v 2547.279297 1319.999756 1838.547485
v 3200.427734 1319.999023 1838.547241
v 3529.998047 1319.999268 2384.747559
v 1494.342041 -2581.812500 1903.876831
v 1710.200195 -2581.812500 1529.999878
v 1278.484375 -2581.812500 1529.999878
v 1494.342529 -2581.812500 1156.123047
v 1926.057739 -2581.812500 1903.876831
v 1926.058350 -2581.812500 1156.123047
v 2141.916016 -2581.812500 1530.000000
v 1202.599976 -2250.000244 649.803772
v 695.000183 -2250.000244 1529.999878
v 1202.600464 -2250.000244 2409.747559
v 2217.800537 -2250.000244 2409.747559
v 2217.800781 -2250.000244 649.804016
v 3605.884766 -2581.812500 1529.999878
v 4037.599854 -2581.812500 1529.999878
v 3821.742432 -2581.812500 1156.123047
v 3821.742432 -2581.812500 1903.876831
v 2725.400391 -2250.000244 1530.000000
v 4253.458008 -2581.812500 1156.123047
v 4253.458008 -2581.812500 1903.876831
v 4469.316406 -2581.812500 1530.000000
v 3530.000000 -2250.000244 649.803772
v 3022.400391 -2250.000244 1529.999756
v 3530.000488 -2250.000244 2409.747559
v 4545.200195 -2250.000244 2409.747559
v 5052.799805 -2250.000244 1530.000000
v 5712.677246 -2581.812500 2210.000000
v 6036.464355 -2581.812500 2210.000000
v 5874.570801 -2581.812500 1929.592285
v 5874.570313 -2581.812500 2490.407715
v 6198.357910 -2581.812500 1929.592285
v 6198.357422 -2581.812500 2490.407715
v 6360.250977 -2581.812500 2210.000000
v 5655.764160 -2250.000244 1549.852783
v 5275.063965 -2250.000244 2210.000000
v 5655.764160 -2250.000244 2869.810791
v 6417.164551 -2250.000244 2869.810791
v 6417.164551 -2250.000244 1549.853027
v 6797.864258 -2250.000244 2210.000000
v 2547.280762 -2250.000244 1838.547363
v 3200.428223 -2250.000488 1838.547119
v 1257.910522 -2249.997803 -986.692627
v 1257.910522 -2249.999512 350.002899
v 1879.801147 -2249.998779 -986.693115
v 2759.683838 -2250.000488 350.002411
v 2324.702637 -2249.999756 -1505.588623
v 1605.844604 -2250.000000 -1510.594604
v 2460.581055 -2250.000000 -199.478516
v 2483.259277 -2250.000000 -2824.710938
v 2808.402100 -2250.000000 -214.899902
v 2830.746582 -2250.000000 -2803.034424
v 5862.017578 -2250.000000 -196.802124
v 5872.575195 -2250.000000 -2820.955078
v 6209.504883 -2250.000000 -175.125732
v 6368.061523 -2249.999756 -1494.247925
v 7086.919434 -2250.000000 -1489.241943
v 348.966614 -2249.997559 758.540894
v 348.970795 -2249.999512 1530.002441
v 348.966492 -1553.737427 758.540222
v 348.970795 -1553.737915 1530.002197
v 695.216797 -1553.737915 1530.001709
v 695.216919 -2250.000488 1530.001953
v 1140.939087 -1553.737427 758.539978
v 1140.939087 -2249.998535 758.540527
v 12816.301758 -1749.999878 1745.867798
v 13380.117188 -1749.999878 1540.655640
v 12611.088867 -1750.000000 1182.052246
v 13174.904297 -1749.999878 976.840088
v 12611.088867 -2250.000000 1182.052124
v 13174.904297 -2250.000000 976.839966
v 4372.999512 -2249.999756 -255.000397
v 4372.999512 -1409.999878 -255.000305
v 4372.999512 -1409.999756 144.999695
v 4972.999512 -1409.999634 -255.000305
v 4972.999512 -2249.999756 -255.000397
v 4972.999512 -1409.999756 144.999603
v 5049.999512 -2249.999756 -255.000397
v 5049.999512 -2249.999756 194.999603
v 5049.999512 -1888.890137 -255.000305
v 5049.999512 -1888.890137 194.999695
v 5799.999512 -1888.890137 -255.000412
v 5799.999023 -2249.999756 -255.000504
v 5799.999512 -1888.890137 194.999588
v 1061.328003 -2249.991943 -2030.537964
v 1234.500732 -2249.992188 -1728.484009
v 1582.661865 -2249.992188 -1729.545654
v 1892.908203 -2249.991943 -3470.876709
v 2414.241943 -2249.992188 -3169.884766
v 2241.080811 -2249.992188 -3471.931885
v 654.892456 -2249.991943 -1506.640625
v 654.892212 -2249.991943 156.519409
v 955.891235 -2249.992188 331.519409
v 955.891235 -2249.992188 -1681.640625
v 1256.876709 -2249.992188 -1506.640747
v 1256.876709 -2249.992188 156.519409
v 5054.631836 -2249.991943 1526.807983
v 4539.203613 -2249.991943 2416.086914
v 5060.537598 -2249.992188 2717.079102
v 4712.376953 -2249.992188 2718.140869
v 5575.965332 -2249.992188 1827.800049
v 5402.804199 -2249.992188 1525.752930
v 3131.498535 1750.007813 -2748.974365
v 2996.498779 1250.008057 -3615.000000
v 2996.498535 1750.007813 -2748.974365
v 3131.498535 1250.008057 -3615.000000
v 3361.498535 1750.007813 -2748.974365
v 3496.498779 1250.008057 -3615.000000
v 3361.498535 1250.008057 -3615.000000
v 3496.498535 1750.007813 -2748.974365
v 4231.498535 1750.007813 -2748.974365
v 4096.498535 1250.008057 -3615.000000
v 4096.498535 1750.007813 -2748.974365
v 4231.498535 1250.008057 -3615.000000
v 4461.498535 1750.007813 -2748.974365
v 4596.498535 1250.008057 -3615.000000
v 4461.498535 1250.008057 -3615.000000
v 4596.498535 1750.007813 -2748.974365
v 5331.498535 1750.007813 -2748.974365
v 5196.498535 1250.008057 -3615.000000
v 5196.498535 1750.007813 -2748.974365
v 5331.498535 1250.008057 -3615.000000
v 3131.498535 -249.992310 -2748.974854
v 3131.498779 250.007813 -1882.949341
v 2996.498535 -249.992310 -2748.974854
v 2996.498779 250.007813 -1882.949341
v 3131.498779 1250.007813 -1882.949341
v 2996.498779 1250.007813 -1882.949341
v 5561.498535 1750.007813 -2748.974365
v 5696.498535 1250.008057 -3615.000000
v 5561.498535 1250.008057 -3615.000000
v 3186.686279 272.257324 -1921.486938
v 3186.686035 -205.493042 -2748.974854
v 3186.686035 1227.758301 -3576.462646
v 3186.686035 1705.508789 -2748.974365
v 3186.686279 1227.758301 -1921.486938
v 5696.498535 1750.007813 -2748.974365
v 3361.498535 -249.992310 -2748.974854
v 3361.498779 250.007813 -1882.949341
v 3306.311035 -205.493042 -2748.974854
v 3306.311279 272.257324 -1921.486938
v 3306.311035 1227.758301 -3576.462646
v 3306.311035 1705.508789 -2748.974365
v 3361.498779 1250.007813 -1882.949341
v 3306.311279 1227.758301 -1921.486938
v 3496.498779 250.007813 -1882.949341
v 3496.498535 -249.992310 -2748.974854
v 3496.498779 1250.007813 -1882.949341
v 4231.498535 -249.992310 -2748.974854
v 4231.498535 250.007813 -1882.949341
v 4096.498535 -249.992310 -2748.974854
v 4096.498535 250.007813 -1882.949341
v 4231.498535 1250.007813 -1882.949341
v 4096.498535 1250.007813 -1882.949341
v 4286.686035 272.257324 -1921.486938
v 4286.686035 -205.493042 -2748.974854
v 4286.686035 1227.758301 -1921.486938
v 4286.686035 1705.508789 -2748.974365
v 4286.686035 1227.758301 -3576.462646
v 4461.498535 -249.992310 -2748.974854
v 4461.498535 250.007813 -1882.949341
v 4406.311035 -205.493042 -2748.974854
v 4406.311035 272.257324 -1921.486938
v 4461.498535 1250.007813 -1882.949341
v 4406.311035 1227.758301 -1921.486938
v 4406.311035 1705.508789 -2748.974365
v 4406.311035 1227.758301 -3576.462646
v 4596.498535 250.007813 -1882.949341
v 4596.498535 -249.992310 -2748.974854
v 4596.498535 1250.007813 -1882.949341
v 5331.498535 -249.992310 -2748.974854
v 5331.498535 250.007813 -1882.949341
v 5196.498535 -249.992310 -2748.974854
v 5196.498535 250.007813 -1882.949341
v 5331.498535 1250.007813 -1882.949341
v 5196.498535 1250.007813 -1882.949341
v 5386.686035 272.257324 -1921.486938
v 5386.686035 -205.493042 -2748.974854
v 5386.686035 1227.758301 -1921.486938
v 5386.686035 1705.508789 -2748.974365
v 5386.686035 1227.758301 -3576.462646
v 5561.498535 -249.992310 -2748.974854
v 5561.498535 250.007813 -1882.949341
v 5506.311035 -205.493042 -2748.974854
v 5506.311035 272.257324 -1921.486938
v 5561.498535 1250.007813 -1882.949341
v 5506.311035 1227.758301 -1921.486938
v 5506.311035 1705.508789 -2748.974365
v 5506.311035 1227.758301 -3576.462646
v 5696.498535 250.007813 -1882.949341
v 5696.498535 -249.992310 -2748.974854
v 5696.498535 1250.007813 -1882.949341
v 2846.498535 0.007810 -2748.974609
v 2846.498535 375.007813 -2099.455566
v 2846.498535 1125.007813 -2099.455566
v 2846.498535 1500.007813 -2748.974365
v 2846.498535 1125.008057 -3398.493652
v 3179.647461 4119.132324 -3653.596436
v 3179.647461 4119.132324 -3576.403564
v 3246.498291 4119.132324 -3692.192871
v 3246.498535 4119.132324 -3537.806885
v 3313.349609 4119.132324 -3576.403564
v 3313.349609 4119.132324 -3653.596436
v 3426.032715 1713.923462 -3511.345703
v 3459.291748 1179.075684 -3737.856201
v 3426.033203 1713.923340 -3718.654297
v 3459.291504 1276.458008 -3492.143799
v 3646.498779 375.007813 -2099.455566
v 3646.498535 0.007810 -2748.974609
v 3646.498535 750.007813 -2748.974609
v 3646.498779 1125.007813 -2099.455566
v 3646.498535 1500.007813 -2748.974609
v 3646.498535 1125.008057 -3398.493652
v 3946.498535 0.007810 -2748.974609
v 3946.498535 375.007813 -2099.455566
v 3946.498535 750.007813 -2748.974609
v 3946.498535 1125.007813 -2099.455566
v 3946.498535 1500.007813 -2748.974609
v 3946.498535 1125.008057 -3398.493652
v 4279.647461 4119.132324 -3653.596436
v 4279.647461 4119.132324 -3576.403564
v 4346.498535 4119.132324 -3692.192871
v 4346.498535 4119.132324 -3537.806885
v 4413.349609 4119.132324 -3576.403564
v 4413.349609 4119.132324 -3653.596436
v 4526.033203 1713.923462 -3511.345703
v 4559.291504 1179.075684 -3737.856201
v 4526.033203 1713.923340 -3718.654297
v 4559.291504 1276.458008 -3492.143799
v 4746.498535 375.007813 -2099.455566
v 4746.498535 0.007810 -2748.974609
v 4746.498535 750.007813 -2748.974609
v 4746.498535 1125.007813 -2099.455566
v 4746.498535 1500.007813 -2748.974609
v 4746.498535 1125.008057 -3398.493652
v 5046.498535 0.007810 -2748.974609
v 5046.498535 375.007813 -2099.455566
v 5046.498535 750.007813 -2748.974609
v 5046.498535 1125.007813 -2099.455566
v 5046.498535 1500.007813 -2748.974609
v 5046.498535 1125.008057 -3398.493652
v 5379.647461 4119.132324 -3653.596436
v 5379.647461 4119.132324 -3576.403564
v 5446.498535 4119.132324 -3692.193115
v 3033.705566 1179.075684 -3737.856201
v 3033.705566 1276.458008 -3492.143799
v 3066.963867 1713.923340 -3718.654297
v 3066.963867 1713.923340 -3511.345703
v 5446.498535 4119.132324 -3537.806885
v 5513.349609 4119.132324 -3576.403564
v 5513.349609 4119.132324 -3653.596436
v 3135.116455 1941.466797 -3679.306396
v 3135.116699 1941.466797 -3550.693604
v 3246.498535 1108.010742 -3860.712158
v 3246.498535 1713.923340 -3822.308594
v 3246.498535 1347.389160 -3369.287842
v 3246.498535 1713.923340 -3407.691406
v 5626.033203 1713.923462 -3511.345703
v 5659.291504 1179.075684 -3737.856201
v 5626.033203 1713.923340 -3718.654297
v 3246.498535 1941.466797 -3743.612793
v 3135.116699 1941.466797 -3679.306396
v 3246.498535 1941.466797 -3486.387207
v 5659.291504 1276.458008 -3492.143799
v 5846.498535 375.007813 -2099.455566
v 5846.498535 0.007810 -2748.974609
v 5846.498535 1125.007813 -2099.455566
v 5846.498535 1500.007813 -2748.974609
v 5846.498535 1125.008057 -3398.493652
v 3357.880615 1941.466797 -3679.306396
v 3246.498291 4119.132324 -3692.193115
v 3357.880615 1941.466797 -3550.693604
v 4133.705566 1179.075684 -3737.856201
v 4133.705566 1276.458008 -3492.143799
v 4166.963867 1713.923340 -3718.654297
v 4166.963867 1713.923340 -3511.345703
v 4235.116699 1941.466797 -3679.306396
v 4235.116699 1941.466797 -3550.693604
v 4346.498535 1108.010742 -3860.712158
v 4346.498535 1713.923340 -3822.308594
v 4346.498535 1347.389160 -3369.287842
v 4346.498535 1713.923340 -3407.691406
v 4346.498535 1941.466797 -3743.612793
v 4346.498535 1941.466797 -3486.387207
v 4457.880371 1941.466797 -3679.306396
v 4346.498535 4119.132324 -3692.193115
v 4457.880371 1941.466797 -3550.693604
v 5233.705566 1179.075684 -3737.856201
v 5233.705566 1276.458008 -3492.143799
v 5266.963867 1713.923340 -3718.654297
v 5266.963867 1713.923340 -3511.345703
v 5335.116699 1941.466797 -3679.306396
v 5335.116699 1941.466797 -3550.693604
v 5446.498535 1108.010742 -3860.712158
v 5446.498535 1713.923340 -3822.308594
v 5446.498535 1347.389160 -3369.287842
v 5446.498535 1713.923340 -3407.691406
v 5446.498535 1941.466797 -3743.612793
v 5446.498535 1941.466797 -3486.387207
v 5557.880371 1941.466797 -3679.306396
v 5557.880371 1941.466797 -3550.693604
v 5306.098145 1147.202148 1089.995972
v 5208.284180 1122.138672 920.578186
v 5110.469727 1122.139160 1089.995850
v 5208.284180 1122.139160 1259.413330
v 5403.909668 1122.139160 1259.413208
v 5403.910156 1122.138916 920.578186
v 5501.724121 1122.139160 1089.995728
v 5501.723633 1122.139160 1089.995728
v 6869.996582 1847.202148 1549.995972
v 6772.183105 1822.138672 1380.578247
v 6674.369141 1822.139160 1549.995728
v 6772.183105 1822.139160 1719.413330
v 6967.809082 1822.139038 1380.578247
v 6967.808594 1822.139160 1719.413208
v 7065.623047 1822.139160 1549.995728
v 6674.369141 1822.139160 1549.995850
v 6967.809082 1822.138916 1380.578247
v 7136.171387 -1654.630371 -641.351624
v 6703.158691 -1654.630371 -891.351501
v 6528.159180 -1654.630371 -588.242554
v 6961.171875 -1654.630371 -338.242706
v 6703.158691 -2249.999756 -891.351379
v 6528.159180 -2249.999756 -588.242432
v 6961.171387 -2249.999756 -338.242615
v 6850.000000 1380.000000 2400.000244
v 5850.000000 1380.000000 2400.000244
v 6850.000000 1380.000000 2385.000244
v 5850.000000 1380.000000 2385.000244
v 6850.000000 1380.000000 2615.000244
v 5850.000000 1380.000000 2615.000000
v 6850.000000 1380.000000 2600.000244
v 5850.000000 1380.000000 2600.000000
v 5850.000000 1384.999878 2385.000244
v 6850.000000 1384.999878 2385.000244
v 5850.000000 1384.999878 2400.000244
v 6850.000000 1384.999878 2400.000244
v 6850.000000 1384.999878 2600.000244
v 5850.000000 1384.999878 2600.000000
v 6850.000000 1384.999878 2615.000244
v 5850.000000 1384.999878 2615.000000
v 6936.744629 1383.444336 2380.738281
v 6850.000000 1379.999878 2385.000244
v 6936.744629 1378.444336 2380.738281
v 6938.215332 1378.499878 2395.666016
v 6850.000000 1379.999878 2399.999756
v 6850.000000 1384.999878 2399.999756
v 6938.215332 1383.499878 2395.666016
v 6936.745117 1383.444336 2380.738281
v 6957.818848 1385.499878 2594.702881
v 6957.818848 1380.499878 2594.702881
v 6850.000000 1384.999878 2599.999756
v 6850.000000 1379.999878 2599.999756
v 6959.289063 1380.578491 2609.630615
v 6850.000000 1379.999878 2615.000244
v 6959.289063 1385.034668 2609.630615
v 6959.289063 1380.578369 2609.630615
v 7022.654785 1378.932007 2367.994873
v 6936.745117 1378.444336 2380.738281
v 7022.654785 1373.932007 2367.994873
v 7025.581055 1374.999878 2382.706543
v 7025.581055 1379.999878 2382.706543
v 7064.599121 1376.377197 2578.863525
v 7064.599121 1381.377319 2578.863525
v 7067.525391 1377.929321 2593.575195
v 7067.525391 1382.929321 2593.575195
v 7064.599121 1381.377197 2578.863525
v 7106.901855 1364.793579 2346.892090
v 7106.901855 1359.793579 2346.892090
v 7111.256348 1361.999878 2361.246094
v 7111.256348 1366.999878 2361.246094
v 7169.312988 1369.245483 2552.634033
v 7169.312988 1374.245483 2552.634033
v 7173.667480 1372.124878 2566.988281
v 7173.667480 1377.124878 2566.988281
v 7188.674805 1342.612061 2317.633301
v 7188.674805 1337.612061 2317.633301
v 7194.415039 1339.999878 2331.491455
v 7194.415039 1344.999878 2331.491455
v 7270.951660 1358.143677 2516.267334
v 7270.951660 1363.143677 2516.267334
v 7276.691895 1361.643677 2530.125488
v 7276.691895 1366.643677 2530.125488
v 7267.186035 1316.999878 2280.500244
v 7267.186035 1311.999878 2280.500244
v 7274.256836 1314.999878 2293.729004
v 7274.256836 1319.999878 2293.729004
v 7341.679688 1286.999878 2235.850586
v 7341.679688 1281.999878 2235.850586
v 7350.013184 1284.999878 2248.322510
v 7350.013184 1289.999878 2248.322510
v 7368.536133 1342.551392 2470.113281
v 7368.536133 1347.551392 2470.113281
v 7375.606934 1346.051392 2483.342041
v 7375.606934 1351.051392 2483.342041
v 7411.437988 1256.999878 2184.114258
v 7411.437988 1251.999878 2184.114258
v 7420.953613 1254.999878 2195.709229
v 7420.953613 1259.999878 2195.709229
v 7461.126953 1320.969604 2414.616455
v 7461.126953 1325.969604 2414.616455
v 7469.460449 1324.469604 2427.088379
v 7469.460449 1329.469604 2427.088379
v 7475.789063 1226.999878 2125.789307
v 7475.789063 1221.999878 2125.789307
v 7486.395996 1224.999878 2136.395996
v 7486.395996 1229.999878 2136.395996
v 7547.832520 1297.517090 2350.311523
v 7547.832520 1302.517090 2350.311523
v 7534.113770 1196.999878 2061.437988
v 7534.113770 1191.999878 2061.437988
v 7557.348145 1301.017090 2361.906494
v 7557.348145 1306.017090 2361.906494
v 7545.708984 1194.999878 2070.953857
v 7545.708984 1199.999878 2070.953857
v 7585.850586 1166.999878 1991.679565
v 7585.850098 1161.999878 1991.679565
v 7598.322266 1164.999878 2000.013184
v 7598.322266 1169.999878 2000.013184
v 7627.817383 1271.258545 2277.817383
v 7627.817383 1276.258545 2277.817383
v 7638.423828 1274.758545 2288.423828
v 7638.423828 1279.758545 2288.423828
v 7630.500000 1136.999878 1917.186035
v 7585.850586 1161.999878 1991.679565
v 7630.500000 1131.999878 1917.186035
v 7643.729004 1134.999878 1924.257080
v 7643.729004 1139.999878 1924.257202
v 7667.633301 1106.999878 1838.674805
v 7667.633301 1101.999878 1838.674805
v 7681.491211 1104.999878 1844.415039
v 7681.491211 1109.999878 1844.415039
v 7643.729004 1139.999878 1924.257080
v 7700.311035 1244.999878 2197.832520
v 7700.311035 1249.999878 2197.832520
v 7711.906250 1248.499878 2207.348389
v 7711.906250 1253.499878 2207.348389
v 7696.892090 1076.999878 1756.901855
v 7696.892090 1071.999878 1756.901855
v 7711.246094 1074.999878 1761.256226
v 7711.246094 1079.999878 1761.256226
v 7717.994629 1046.999878 1672.655029
v 7717.994629 1041.999878 1672.655029
v 7732.706543 1044.999878 1675.581299
v 7732.706543 1049.999878 1675.581421
v 7730.738281 1016.999878 1586.745117
v 7730.738281 1011.999878 1586.745361
v 7745.666016 1014.999878 1588.215332
v 7732.706543 1049.999878 1675.581299
v 7745.666016 1019.999817 1588.215332
v 7764.616211 1214.999878 2111.127197
v 7764.616211 1219.999878 2111.127197
v 7735.000000 986.999878 1500.000122
v 7735.000000 982.000000 1500.000122
v 7777.088379 1218.499878 2119.460693
v 7777.088379 1223.499878 2119.460693
v 7749.999512 985.000000 1500.000122
v 7749.999512 989.999878 1500.000122
v 7820.113281 1184.999878 2018.536377
v 7820.113281 1189.999878 2018.536377
v 7833.341797 1188.499878 2025.607300
v 7833.341797 1193.499878 2025.607300
v 7866.267090 1154.999878 1920.951782
v 7866.267090 1159.999878 1920.951782
v 7880.125488 1158.499878 1926.692017
v 7880.125488 1163.499878 1926.692017
v 7902.634277 1124.999878 1819.313232
v 7902.634277 1129.999878 1819.313232
v 7916.988281 1128.499878 1823.667480
v 7916.988281 1133.499878 1823.667480
v 7928.863281 1094.999878 1714.599365
v 7928.863281 1099.999878 1714.599365
v 7943.575195 1098.499878 1717.525879
v 7943.575195 1103.499878 1717.525635
v 7928.863281 1099.999878 1714.599243
v 7943.575684 1098.499878 1717.525879
v 7944.703125 1064.999878 1607.818848
v 7944.703125 1069.999878 1607.818848
v 7959.630859 1073.499878 1609.289185
v 7959.630859 1068.499878 1609.289185
v 7949.999512 1034.999878 1500.000122
v 7950.000000 1039.999878 1500.000122
v 7964.999512 1038.499878 1500.000244
v 7964.999512 1043.499878 1500.000122
v 6936.744629 536.999878 619.261719
v 6850.000000 506.999908 615.000244
v 6936.744629 531.999878 619.261719
v 6850.000000 502.000000 615.000244
v 6938.215332 534.999878 604.333984
v 6850.000000 505.000000 600.000305
v 6938.215332 539.999878 604.333984
v 6850.000000 509.999908 600.000305
v 6936.745117 536.999878 619.261719
v 6850.000000 554.999878 400.000305
v 6957.818848 584.999878 405.296997
v 6850.000000 559.999878 400.000183
v 6957.818848 589.999878 405.296997
v 6959.289063 588.499878 390.369324
v 6850.000000 558.499878 385.000305
v 6959.289063 593.499878 390.369324
v 6850.000000 563.499878 385.000305
v 7022.655273 566.999878 632.005188
v 7022.655273 561.999878 632.005188
v 7025.581055 564.999878 617.293457
v 6936.745117 531.999878 619.261719
v 7025.581055 569.999878 617.293457
v 7064.599609 614.999878 421.136475
v 7064.599609 619.999878 421.136475
v 7067.525879 618.499878 406.424683
v 7067.525879 623.499878 406.424683
v 7106.901855 596.999878 653.108032
v 7106.901855 591.999878 653.108032
v 7111.256348 594.999878 638.754028
v 7111.256348 599.999878 638.754028
v 7169.312988 644.999878 447.365906
v 7169.312988 649.999878 447.365875
v 7173.667480 648.499878 433.011780
v 7173.667480 653.499878 433.011780
v 7188.674316 626.999878 682.366943
v 7188.674316 621.999878 682.366943
v 7194.415039 624.999878 668.508667
v 7194.415039 629.999878 668.508667
v 7188.674805 626.999878 682.366943
v 7270.951660 674.999878 483.732727
v 7270.951660 679.999878 483.732788
v 7276.691895 678.499878 469.874573
v 7276.691895 683.499878 469.874573
v 7267.186035 656.999878 719.499878
v 7267.186035 651.999878 719.499878
v 7274.256836 654.999878 706.271118
v 7188.674805 621.999878 682.366943
v 7274.256836 659.999878 706.271118
v 7274.256348 659.999878 706.271179
v 7341.679688 686.999878 764.149597
v 7341.679688 681.999878 764.149597
v 7350.013184 689.999878 751.677612
v 7350.013184 684.999878 751.677612
v 7368.536621 704.999878 529.886902
v 7368.536621 709.999878 529.886902
v 7375.607422 708.499878 516.658081
v 7375.607422 713.499878 516.658081
v 7411.437988 716.999878 815.885986
v 7411.437988 711.999878 815.885986
v 7420.954102 714.999878 804.290771
v 7420.954590 719.999817 804.290771
v 7420.954102 719.999878 804.290771
v 7461.126953 734.999878 585.383667
v 7461.126953 739.999878 585.383667
v 7469.460938 738.499817 572.911743
v 7469.460938 743.499878 572.911743
v 7475.789551 746.999817 874.210693
v 7475.789551 741.999878 874.210693
v 7486.395996 744.999878 863.604126
v 7486.395996 749.999878 863.604126
v 7547.832520 764.999878 649.688843
v 7547.832520 769.999878 649.688843
v 7534.114258 776.999878 938.562195
v 7534.114258 771.999878 938.562195
v 7557.348633 768.499878 638.093628
v 7557.349121 773.499817 638.093628
v 7545.709473 774.999878 929.046326
v 7545.709473 779.999878 929.046326
v 7534.114746 776.999817 938.562195
v 7557.348633 773.499878 638.093628
v 7557.349121 768.499817 638.093628
v 7585.850586 806.999878 1008.320374
v 7585.850586 801.999878 1008.320374
v 7598.322754 804.999878 999.987000
v 7598.322754 809.999878 999.987000
v 7627.817383 794.999878 722.182800
v 7627.817383 799.999878 722.182800
v 7638.423828 798.499878 711.576172
v 7638.423828 803.499878 711.576172
v 7630.500000 836.999817 1082.813965
v 7630.500000 831.999817 1082.813965
v 7643.729004 834.999878 1075.743164
v 7643.729004 839.999878 1075.743164
v 7667.633301 866.999878 1161.325195
v 7667.633301 861.999878 1161.325195
v 7681.491699 864.999878 1155.584961
v 7681.491699 869.999878 1155.584961
v 7700.311523 824.999878 802.167725
v 7700.311035 829.999817 802.167725
v 7711.906250 833.499817 792.651672
v 7700.311523 829.999878 802.167725
v 7711.906250 828.499817 792.651672
v 7696.892090 896.999878 1243.098145
v 7696.892090 891.999878 1243.098145
v 7711.246094 894.999878 1238.743774
v 7711.246094 899.999878 1238.743774
v 7717.995117 926.999878 1327.345093
v 7717.994629 921.999817 1327.345093
v 7732.706543 924.999878 1324.418823
v 7717.995117 921.999878 1327.345093
v 7732.706543 929.999878 1324.418823
v 7717.994629 926.999817 1327.345093
v 7730.738281 956.999878 1413.254883
v 7730.738281 951.999878 1413.254883
v 7745.666016 954.999878 1411.784668
v 7745.666016 959.999878 1411.784668
v 7764.616211 854.999878 888.872986
v 7764.615723 859.999817 888.872986
v 7735.000000 986.999878 1500.000000
v 7735.000000 981.999878 1500.000000
v 7777.088379 863.499817 880.539368
v 7764.616211 859.999878 888.872986
v 7777.088379 858.499878 880.539429
v 7750.000000 984.999878 1500.000000
v 7750.000000 989.999878 1500.000000
v 7820.113281 884.999878 981.463928
v 7820.113281 889.999878 981.463928
v 7833.342285 893.499878 974.392883
v 7833.342285 888.499878 974.392883
v 7866.267090 914.999878 1079.048340
v 7866.267090 919.999878 1079.048340
v 7880.125488 918.499817 1073.308105
v 7880.125488 923.499878 1073.308105
v 7902.634277 944.999878 1180.687012
v 7902.634277 949.999817 1180.687012
v 7916.988281 948.499878 1176.332764
v 7916.988281 953.499878 1176.332764
v 7928.863281 974.999878 1285.400635
v 7928.863281 979.999878 1285.400635
v 7943.575195 978.499878 1282.474365
v 7943.575195 983.499878 1282.474365
v 7944.702637 1004.999878 1392.181152
v 7944.702637 1009.999817 1392.181152
v 7959.630859 1013.499878 1390.710938
v 7959.630859 1009.999817 1390.710938
v 7949.999512 1034.999878 1500.000000
v 7949.999512 1039.999878 1500.000000
v 7964.999512 1038.499878 1500.000000
v 7964.999512 1043.499878 1500.000000
v 6850.000000 -453.000092 2384.999756
v 6936.745117 -483.000092 2380.738281
v 6850.000000 -458.000092 2384.999756
v 6936.745117 -488.000092 2380.738281
v 6850.000000 -455.000092 2399.999756
v 6938.215332 -485.000092 2395.666016
v 6850.000000 -450.000092 2399.999756
v 6938.215332 -480.000092 2395.666016
v 6957.818848 -435.000092 2594.702881
v 6850.000000 -405.000122 2599.999756
v 6957.818848 -430.000092 2594.702881
v 6850.000000 -400.000122 2599.999756
v 6850.000000 -401.500122 2614.999756
v 6959.289063 -430.000092 2609.630615
v 6850.000000 -396.500122 2614.999756
v 6959.289063 -426.500092 2609.630615
v 7022.654785 -513.000122 2367.994873
v 7022.654785 -518.000122 2367.994873
v 7025.581055 -515.000122 2382.706543
v 7025.581055 -510.000092 2382.706543
v 7064.599121 -465.000092 2578.863525
v 7064.599121 -460.000092 2578.863525
v 7067.525391 -461.500092 2593.575195
v 7067.525391 -456.500092 2593.575195
v 7106.901855 -543.000122 2346.892090
v 7106.901855 -548.000122 2346.892090
v 7111.256348 -545.000122 2361.246094
v 7111.256348 -540.000122 2361.246094
v 7169.312988 -495.000092 2552.634033
v 7169.312988 -490.000092 2552.634033
v 7173.667480 -491.500092 2566.988281
v 7173.667480 -486.500092 2566.988281
v 7188.674805 -573.000122 2317.633301
v 7188.674805 -578.000122 2317.633301
v 7194.415039 -575.000122 2331.491455
v 7194.415039 -570.000122 2331.491455
v 7270.951660 -525.000122 2516.267334
v 7270.951660 -520.000122 2516.267334
v 7276.691895 -521.500122 2530.125488
v 7276.691895 -516.500122 2530.125488
v 7267.186035 -603.000122 2280.500244
v 7267.186035 -608.000122 2280.500244
v 7274.256836 -605.000122 2293.729004
v 7274.256836 -600.000122 2293.729004
v 7341.679688 -633.000122 2235.850586
v 7341.679688 -638.000122 2235.850586
v 7350.013184 -635.000122 2248.322510
v 7350.013184 -630.000122 2248.322510
v 7368.536133 -555.000122 2470.113281
v 7368.536133 -550.000122 2470.113281
v 7375.606934 -551.500122 2483.342041
v 7375.606934 -546.500122 2483.342041
v 7411.437988 -663.000122 2184.114258
v 7411.437988 -668.000122 2184.114258
v 7420.953613 -665.000122 2195.709229
v 7420.953613 -660.000122 2195.709229
v 7461.126953 -585.000122 2414.616455
v 7461.126953 -580.000122 2414.616455
v 7469.460449 -581.500122 2427.088379
v 7469.460449 -576.500122 2427.088379
v 7475.789063 -693.000122 2125.789307
v 7475.789063 -698.000122 2125.789307
v 7486.395996 -695.000122 2136.395996
v 7486.395996 -690.000122 2136.395996
v 7547.832520 -615.000122 2350.311523
v 7547.832520 -610.000122 2350.311523
v 7534.113770 -723.000122 2061.437988
v 7534.113770 -728.000122 2061.437988
v 7557.348145 -611.500122 2361.906494
v 7557.348145 -606.500122 2361.906494
v 7545.708984 -725.000122 2070.953857
v 7545.708984 -720.000122 2070.953857
v 7585.850586 -753.000122 1991.679565
v 7585.850586 -758.000122 1991.679565
v 7598.322266 -755.000122 2000.013184
v 7598.322266 -750.000122 2000.013184
v 7627.817383 -645.000122 2277.817383
v 7627.817383 -640.000122 2277.817383
v 7638.423828 -641.500122 2288.423828
v 7638.423828 -636.500122 2288.423828
v 7630.500000 -783.000122 1917.186035
v 7630.500000 -788.000122 1917.186035
v 7643.729004 -785.000122 1924.257080
v 7643.729004 -780.000122 1924.257080
v 7667.633301 -813.000122 1838.674805
v 7667.633301 -818.000122 1838.674805
v 7681.491211 -815.000122 1844.415039
v 7681.491211 -810.000122 1844.415039
v 7700.311035 -675.000122 2197.832520
v 7700.311035 -670.000122 2197.832520
v 7711.906250 -671.500122 2207.348389
v 7711.906250 -666.500122 2207.348389
v 7696.892090 -843.000122 1756.901855
v 7696.892090 -848.000122 1756.901855
v 7711.246094 -845.000122 1761.256226
v 7711.246094 -840.000122 1761.256226
v 7717.994629 -873.000122 1672.655029
v 7717.994629 -878.000122 1672.655029
v 7732.706543 -875.000122 1675.581299
v 7732.706543 -870.000122 1675.581299
v 7730.738281 -903.000122 1586.745117
v 7730.738281 -908.000122 1586.745361
v 7745.666016 -905.000122 1588.215332
v 7745.666016 -900.000122 1588.215332
v 7764.616211 -705.000122 2111.127197
v 7764.616211 -700.000122 2111.127197
v 7735.000000 -933.000122 1500.000122
v 7735.000000 -938.000000 1500.000122
v 7777.088379 -701.500122 2119.460693
v 7777.088379 -696.500122 2119.460693
v 7749.999512 -935.000000 1500.000122
v 7749.999512 -930.000122 1500.000122
v 7820.113281 -735.000122 2018.536377
v 7820.113281 -730.000122 2018.536377
v 7833.341797 -731.500122 2025.607300
v 7833.341797 -726.500122 2025.607300
v 7866.267090 -765.000122 1920.951782
v 7866.267090 -760.000122 1920.951782
v 7880.125488 -761.500122 1926.692017
v 7880.125488 -756.500122 1926.692017
v 7902.634277 -795.000122 1819.313232
v 7902.634277 -790.000122 1819.313232
v 7916.988281 -791.500122 1823.667480
v 7916.988281 -786.500122 1823.667480
v 7928.863281 -825.000122 1714.599365
v 7928.863281 -820.000122 1714.599365
v 7943.575195 -821.500122 1717.525879
v 7943.575195 -816.500122 1717.525635
v 7944.703125 -855.000122 1607.818848
v 7944.703125 -850.000122 1607.818848
v 7959.630859 -846.500122 1609.289185
v 7959.630859 -851.500122 1609.289185
v 7949.999512 -885.000122 1500.000122
v 7950.000000 -880.000122 1500.000122
v 7964.999512 -881.500122 1500.000244
v 7964.999512 -876.500122 1500.000122
v 6936.745117 -1293.920044 619.261719
v 6850.000000 -1295.000122 614.999878
v 6936.745117 -1298.920044 619.261719
v 6850.000000 -1300.000000 614.999878
v 6938.215332 -1298.500122 604.333984
v 6850.000000 -1300.000000 600.000305
v 6938.215332 -1293.500122 604.333984
v 6850.000000 -1295.000122 600.000305
v 6850.000000 -1300.000000 399.999878
v 6957.818848 -1295.578247 405.296997
v 6850.000000 -1295.000122 399.999878
v 6957.818848 -1290.578247 405.296997
v 6850.000000 -1300.000000 384.999878
v 6959.289063 -1294.624512 390.369324
v 6959.289063 -1289.624512 390.369324
v 6850.000000 -1295.000122 384.999878
v 7022.655273 -1291.143433 632.005188
v 7022.655273 -1296.143433 632.005188
v 7025.581055 -1295.000122 617.293457
v 7025.581055 -1290.000122 617.293457
v 7064.599609 -1285.985718 421.136475
v 7064.599609 -1280.985718 421.136475
v 7067.525879 -1284.721436 406.424683
v 7067.525879 -1279.721436 406.424683
v 7106.901855 -1284.874023 653.108032
v 7106.901855 -1289.874023 653.108032
v 7111.256348 -1288.000122 638.754028
v 7111.256348 -1283.000122 638.754028
v 7169.312988 -1270.550171 447.365906
v 7169.312988 -1265.550171 447.365906
v 7173.667480 -1267.587891 433.011780
v 7173.667480 -1262.587891 433.011780
v 7188.674805 -1272.044067 682.366943
v 7188.674805 -1277.044067 682.366943
v 7194.415039 -1275.000122 668.508667
v 7194.415039 -1270.000122 668.508667
v 7270.951660 -1248.335083 483.732727
v 7270.951660 -1243.335083 483.732788
v 7276.691895 -1245.411743 469.874573
v 7276.691895 -1240.411743 469.874573
v 7267.186035 -1253.000122 719.499878
v 7267.186035 -1258.000122 719.499878
v 7274.256836 -1255.000122 706.271118
v 7274.256836 -1250.000122 706.271118
v 7341.679688 -1228.000122 764.149597
v 7341.679688 -1233.000122 764.149597
v 7350.013184 -1225.000122 751.677612
v 7350.013184 -1230.000122 751.677612
v 7368.536621 -1219.111572 529.886902
v 7368.536621 -1214.111572 529.886902
v 7375.607422 -1215.611572 516.658081
v 7375.607422 -1210.611572 516.658081
v 7411.437988 -1201.500122 815.885986
v 7411.437988 -1206.500122 815.885986
v 7420.954102 -1203.500122 804.290771
v 7420.954102 -1198.500122 804.290771
v 7461.126953 -1188.173218 585.383667
v 7461.126953 -1183.173218 585.383667
v 7469.460938 -1184.673218 572.911743
v 7469.460938 -1179.673218 572.911743
v 7475.789551 -1173.000122 874.210693
v 7475.789551 -1178.000122 874.210693
v 7486.395996 -1170.000122 863.604126
v 7486.395996 -1175.000122 863.604126
v 7547.832520 -1157.248047 649.688843
v 7547.832520 -1152.248047 649.688843
v 7534.114258 -1143.000122 938.562195
v 7534.114746 -1148.000122 938.562195
v 7557.349121 -1153.748047 638.093628
v 7557.348633 -1148.748047 638.093628
v 7545.709473 -1145.000122 929.046326
v 7545.709473 -1140.000122 929.046326
v 7585.850586 -1113.000122 1008.320374
v 7585.850586 -1118.000122 1008.320374
v 7534.114258 -1148.000122 938.562195
v 7598.322754 -1110.000122 999.987000
v 7598.322754 -1115.000122 999.987000
v 7627.817383 -1125.000122 722.182800
v 7627.817383 -1120.000122 722.182800
v 7638.423828 -1121.500122 711.576172
v 7638.423828 -1116.500122 711.576172
v 7557.348633 -1153.748047 638.093628
v 7630.500000 -1083.000122 1082.813965
v 7630.500000 -1088.000122 1082.813965
v 7643.729004 -1085.000122 1075.743164
v 7643.729004 -1080.000122 1075.743164
v 7667.633301 -1053.000122 1161.325195
v 7667.633301 -1058.000122 1161.325195
v 7681.491699 -1055.000122 1155.584961
v 7681.491699 -1050.000122 1155.584961
v 7700.311523 -1095.000122 802.167725
v 7700.311523 -1090.000122 802.167725
v 7711.906250 -1086.500122 792.651733
v 7711.906250 -1091.500122 792.651672
v 7696.892090 -1023.000122 1243.098145
v 7696.892090 -1028.000122 1243.098145
v 7711.246094 -1025.000122 1238.743774
v 7711.246094 -1020.000122 1238.743774
v 7717.995117 -993.000122 1327.345093
v 7717.995117 -998.000122 1327.345093
v 7732.706543 -995.000122 1324.418823
v 7732.706543 -990.000122 1324.418823
v 7730.738281 -963.000122 1413.254883
v 7730.738281 -968.000183 1413.254883
v 7745.666016 -965.000122 1411.784668
v 7745.666016 -960.000122 1411.784668
v 7764.616211 -1065.000122 888.872986
v 7764.616211 -1060.000122 888.872986
v 7735.000000 -933.000122 1500.000000
v 7735.000000 -938.000122 1500.000000
v 7777.088379 -1061.500122 880.539429
v 7777.088379 -1056.500122 880.539429
v 7750.000000 -935.000122 1500.000000
v 7750.000000 -930.000122 1500.000000
v 7820.113281 -1035.000122 981.463928
v 7820.113281 -1030.000122 981.463928
v 7833.342285 -1031.500122 974.392883
v 7833.342285 -1026.500122 974.392883
v 7866.267090 -1005.000122 1079.048340
v 7866.267090 -1000.000122 1079.048340
v 7880.125488 -1001.500183 1073.308105
v 7880.125488 -996.500122 1073.308105
v 7902.634277 -975.000122 1180.687012
v 7902.634277 -970.000122 1180.687012
v 7916.988281 -971.500122 1176.332764
v 7916.988281 -966.500122 1176.332764
v 7928.863281 -945.000122 1285.400635
v 7928.863281 -940.000122 1285.400635
v 7943.575195 -941.500122 1282.474365
v 7943.575195 -936.500122 1282.474365
v 7944.702637 -915.000122 1392.181152
v 7944.702637 -910.000122 1392.181152
v 7959.630859 -906.500122 1390.710938
v 7959.630859 -910.000183 1390.710938
v 7949.999512 -885.000122 1500.000000
v 7949.999512 -880.000122 1500.000000
v 7964.999512 -881.500122 1500.000000
v 7964.999512 -876.500122 1500.000000
v 5740.369141 49.999908 1609.289063
v 5740.369141 53.499908 1609.289063
v 5735.000488 78.499878 1500.000000
v 5735.000488 83.499878 1500.000000
v 5750.000488 74.999878 1500.000000
v 5755.297363 44.999908 1607.818848
v 5750.000488 79.999878 1500.000000
v 5755.297363 49.999908 1607.818848
v 5756.424805 18.499910 1717.525635
v 5756.424805 23.499910 1717.525635
v 5771.136719 14.999910 1714.599365
v 5771.136719 19.999910 1714.599365
v 5783.011719 -11.500090 1823.667236
v 5783.011719 -6.500090 1823.667236
v 5797.365723 -15.000090 1819.312988
v 5797.365723 -10.000090 1819.312988
v 5819.874512 -41.500092 1926.691895
v 5819.874512 -36.500092 1926.691895
v 5833.732910 -45.000092 1920.951660
v 5833.732910 -40.000092 1920.951660
v 5866.657715 -71.500092 2025.607056
v 5866.657715 -66.500092 2025.607056
v 5879.886719 -75.000092 2018.536133
v 5879.886719 -70.000092 2018.536133
v 5922.911621 -101.500092 2119.460693
v 5922.911621 -96.500092 2119.460693
v 5935.383789 -105.000092 2111.126953
v 5935.383789 -100.000092 2111.126953
v 5954.333984 -5.000090 1588.215332
v 5954.333984 -0.000090 1588.215332
v 5950.000000 24.999910 1500.000000
v 5950.000000 29.999910 1500.000000
v 5988.093750 -131.500092 2207.348389
v 5988.093750 -126.500092 2207.348389
v 5965.000000 21.999910 1500.000000
v 5969.261719 -8.000090 1586.745117
v 5965.000000 26.999910 1500.000000
v 5969.261719 -3.000090 1586.745117
v 5967.293457 -30.000090 1675.581177
v 5967.293457 -35.000092 1675.581177
v 5999.688477 -135.000092 2197.832275
v 5999.688477 -130.000092 2197.832275
v 5982.004883 -38.000092 1672.654907
v 5982.004883 -33.000092 1672.654907
v 5988.753906 -60.000092 1761.256226
v 5988.753906 -65.000092 1761.256226
v 6003.107910 -68.000092 1756.901855
v 6003.107910 -63.000092 1756.901855
v 6018.508301 -90.000092 1844.415039
v 6018.508301 -95.000092 1844.415039
v 6032.366699 -98.000092 1838.674805
v 6032.366699 -93.000092 1838.674805
v 6061.576172 -161.500092 2288.423828
v 6061.576172 -156.500092 2288.423828
v 6072.182617 -165.000092 2277.817139
v 6072.182617 -160.000092 2277.817139
v 6056.270996 -125.000092 1924.256836
v 6056.270996 -120.000092 1924.256836
v 6069.500000 -128.000092 1917.186035
v 6069.500000 -123.000092 1917.186035
v 6101.677246 -150.000092 2000.012939
v 6101.677246 -155.000092 2000.012939
v 6114.149414 -153.000092 1991.679565
v 6114.149414 -158.000092 1991.679565
v 6142.651367 -186.500092 2361.906494
v 6142.651367 -191.500092 2361.906494
v 6152.167480 -195.000092 2350.311279
v 6152.167480 -190.000092 2350.311279
v 6154.290527 -185.000092 2070.953613
v 6154.290527 -180.000092 2070.953613
v 6165.885742 -188.000092 2061.437744
v 6165.885742 -183.000092 2061.437744
v 6213.604004 -210.000107 2136.395996
v 6213.604004 -215.000107 2136.395996
v 6230.539063 -216.500107 2427.088379
v 6230.539063 -221.500107 2427.088379
v 6224.210449 -218.000107 2125.789307
v 6224.210449 -213.000107 2125.789307
v 6238.873047 -225.000107 2414.616211
v 6238.873047 -220.000107 2414.616211
v 6279.045898 -245.000107 2195.709229
v 6279.045898 -240.000107 2195.709229
v 6288.562012 -248.000107 2184.114014
v 6288.562012 -243.000107 2184.114014
v 6324.392578 -246.500107 2483.341797
v 6324.392578 -251.500107 2483.341797
v 6331.463379 -255.000107 2470.113037
v 6331.463379 -250.000107 2470.113037
v 6349.986816 -270.000122 2248.322510
v 6349.986816 -275.000122 2248.322510
v 6358.320313 -278.000122 2235.850342
v 6358.320313 -273.000122 2235.850342
v 6423.308105 -276.500122 2530.125488
v 6423.308105 -281.500122 2530.125488
v 6429.048340 -285.000122 2516.267334
v 6429.048340 -280.000122 2516.267090
v 6425.743164 -300.000122 2293.729004
v 6425.743164 -305.000122 2293.729004
v 6432.813965 -308.000122 2280.500000
v 6432.813965 -303.000122 2280.500000
v 6505.584961 -330.000092 2331.491211
v 6505.584961 -335.000092 2331.491211
v 6511.325195 -333.000092 2317.633057
v 6511.325195 -338.000092 2317.633057
v 6526.332520 -306.500122 2566.988281
v 6526.332520 -311.500122 2566.988281
v 6530.687012 -310.000122 2552.634033
v 6530.687012 -315.000122 2552.634033
v 6588.743652 -360.000092 2361.246094
v 6588.743652 -365.000092 2361.246094
v 6593.098145 -368.000092 2346.892090
v 6593.098145 -363.000092 2346.892090
v 6632.474121 -336.500092 2593.575195
v 6632.474121 -341.500092 2593.575195
v 6635.400391 -345.000092 2578.863525
v 6635.400391 -340.000092 2578.863525
v 6674.418945 -390.000092 2382.706543
v 6674.418945 -395.000092 2382.706543
v 6677.344727 -398.000092 2367.994873
v 6677.344727 -393.000092 2367.994873
v 6740.710938 -366.500092 2609.630615
v 6740.710938 -371.500092 2609.630615
v 6742.181152 -375.000092 2594.702881
v 6742.181152 -370.000092 2594.702881
v 6761.784668 -420.000092 2395.666016
v 6761.784668 -425.000092 2395.666016
v 6763.254883 -428.000092 2380.738281
v 6763.254883 -423.000092 2380.738281
v 5740.369141 113.499901 1390.710815
v 5740.369141 108.499901 1390.710815
v 5735.000488 83.499901 1499.999878
v 5735.000488 78.499901 1499.999756
v 5755.296875 104.999901 1392.181152
v 5750.000488 74.999901 1499.999878
v 5755.296875 109.999901 1392.181152
v 5750.000000 79.999901 1499.999878
v 5756.424805 143.499908 1282.474365
v 5756.424805 138.499908 1282.474121
v 5771.136719 134.999908 1285.400635
v 5771.136719 139.999908 1285.400635
v 5783.011719 173.499893 1176.332520
v 5783.011719 168.499893 1176.332520
v 5797.365723 169.999893 1180.686768
v 5797.365723 164.999893 1180.686768
v 5819.874512 203.499893 1073.307983
v 5819.874512 198.499893 1073.307983
v 5833.732910 194.999893 1079.048218
v 5833.732910 199.999893 1079.048218
v 5866.658203 233.499893 974.392700
v 5866.658203 228.499893 974.392700
v 5879.886719 224.999893 981.463562
v 5879.886719 229.999893 981.463562
v 5922.911621 263.499878 880.539307
v 5922.911621 258.499878 880.539307
v 5935.383789 254.999893 888.872803
v 5935.383789 259.999878 888.872803
v 5954.333984 59.999901 1411.784668
v 5954.333984 54.999901 1411.784668
v 5950.000488 29.999901 1499.999878
v 5950.000488 25.000000 1499.999878
v 5988.093750 293.499908 792.651611
v 5988.093750 288.499908 792.651611
v 5969.261719 51.999901 1413.254639
v 5965.000000 22.000000 1499.999878
v 5969.261719 56.999901 1413.254883
v 5965.000000 26.999901 1499.999878
v 5967.293457 89.999901 1324.418701
v 5967.293457 84.999901 1324.418701
v 5999.688965 284.999908 802.167480
v 5999.688965 289.999908 802.167480
v 5982.005371 81.999901 1327.344971
v 5982.005371 86.999901 1327.344971
v 5988.753906 119.999901 1238.743774
v 5988.753906 114.999901 1238.743774
v 6003.107910 111.999901 1243.098145
v 6003.107910 116.999901 1243.098145
v 6018.508789 149.999908 1155.584961
v 6018.508789 144.999908 1155.584961
v 6032.366699 141.999908 1161.325195
v 6032.366699 146.999908 1161.325195
v 6061.576172 323.499908 711.576111
v 6061.576172 318.499908 711.576111
v 6072.182617 314.999908 722.182617
v 6072.182617 319.999908 722.182617
v 6056.270996 179.999893 1075.742920
v 6056.270996 174.999893 1075.742920
v 6069.500000 171.999893 1082.813965
v 6069.500000 176.999893 1082.813965
v 6101.677734 209.999893 999.986816
v 6101.677734 204.999893 999.986816
v 6114.149414 206.999893 1008.320435
v 6114.149414 201.999893 1008.320435
v 6142.651855 348.499908 638.093506
v 6142.651855 353.499908 638.093506
v 6152.167480 344.999908 649.688599
v 6152.167480 349.999908 649.688599
v 6154.291016 239.999893 929.046143
v 6154.291016 234.999893 929.046143
v 6165.886230 236.999893 938.562012
v 6165.886230 231.999893 938.562012
v 6213.604004 264.999878 863.604004
v 6213.604004 269.999878 863.604004
v 6230.539551 378.499908 572.911499
v 6230.539551 383.499908 572.911499
v 6224.210938 261.999878 874.210571
v 6224.210938 266.999878 874.210571
v 6238.873047 379.999908 585.383606
v 6238.873047 374.999908 585.383606
v 6279.046387 299.999908 804.290710
v 6279.046387 294.999908 804.290710
v 6288.562012 291.999908 815.885803
v 6288.562012 296.999908 815.885803
v 6324.393066 408.499908 516.657898
v 6324.393066 413.499908 516.657898
v 6331.463867 409.999908 529.886719
v 6331.463867 404.999908 529.886719
v 6349.986816 324.999908 751.677368
v 6349.986816 329.999908 751.677368
v 6358.320313 321.999908 764.149536
v 6358.320313 326.999908 764.149536
v 6423.308105 438.499908 469.874603
v 6423.308105 443.499908 469.874603
v 6429.048340 434.999908 483.732697
v 6429.048340 439.999908 483.732697
v 6425.743164 359.999908 706.270874
v 6425.743164 354.999908 706.270874
v 6432.813965 351.999908 719.499817
v 6432.813965 356.999908 719.499817
v 6505.584961 384.999908 668.508484
v 6505.584961 389.999908 668.508484
v 6511.325195 381.999908 682.366699
v 6511.325195 386.999908 682.366699
v 6526.332520 468.499908 433.011810
v 6526.332520 473.499908 433.011810
v 6530.687012 469.999908 447.365906
v 6530.687012 464.999908 447.365906
v 6588.743652 419.999908 638.753784
v 6588.743652 414.999908 638.753784
v 6593.098145 416.999908 653.107910
v 6593.098145 411.999908 653.107910
v 6632.474609 498.499908 406.424713
v 6632.474609 503.499908 406.424713
v 6635.400879 494.999908 421.136505
v 6635.400879 499.999908 421.136505
v 6674.418945 449.999908 617.293396
v 6674.418945 444.999908 617.293396
v 6677.345215 441.999908 632.005127
v 6677.345215 446.999908 632.005127
v 6740.710938 529.999878 390.369293
v 6740.710938 533.499878 390.369293
v 6742.181152 524.999878 405.297211
v 6742.181152 529.999878 405.297211
v 6761.784668 479.999908 604.333923
v 6761.784668 474.999908 604.333923
v 6763.254883 476.999908 619.261719
v 6763.254883 471.999908 619.261719
v 6850.000000 559.999878 400.000305
v 6850.000000 504.999908 600.000183
v 6850.000000 509.999908 600.000183
v 6850.000000 501.999908 615.000183
v 5600.000000 -1300.000000 384.999817
v 5600.000000 -1300.000000 399.999817
v 5600.000000 -1300.000000 599.999695
v 6850.000000 -1300.000000 599.999817
v 5600.000000 -1300.000000 614.999695
v 5600.000000 -1295.000122 384.999817
v 5600.000000 -1295.000122 399.999817
v 6850.000000 -1295.000122 599.999817
v 5600.000000 -1295.000122 599.999695
v 5600.000000 -1295.000122 614.999695
v 3835.000000 -1500.000000 384.999817
v 4835.000000 -1500.000000 384.999908
v 3835.000000 -1500.000000 399.999817
v 4835.000000 -1500.000000 399.999908
v 3835.000000 -1500.000000 599.999695
v 4835.000000 -1500.000000 599.999817
v 3835.000000 -1500.000000 614.999695
v 4835.000000 -1500.000000 614.999817
v 3835.000000 -1495.000122 384.999817
v 4835.000000 -1495.000122 384.999908
v 3835.000000 -1495.000122 399.999817
v 4835.000000 -1495.000122 399.999908
v 4835.000000 -1495.000122 599.999817
v 3835.000000 -1495.000122 599.999695
v 4835.000000 -1495.000122 614.999817
v 3835.000000 -1495.000122 614.999695
v 1346.410400 2415.000244 599.999817
v 3488.589844 -1300.000244 599.999817
v 1346.410400 2415.000244 614.999817
v 3488.589844 -1300.000244 614.999817
v 1346.410522 2415.000244 384.999908
v 3488.590088 -1300.000122 384.999908
v 1346.410522 2415.000244 399.999908
v 3488.590088 -1300.000122 399.999908
v 1350.740601 2417.500244 614.999878
v 3492.919678 -1297.499878 614.999878
v 1350.740601 2417.500244 385.000092
v 3492.919678 -1297.499878 385.000092
v 3492.919678 -1297.499878 400.000092
v 1350.740601 2417.500244 400.000092
v 3492.919678 -1297.499878 599.999878
v 1350.740601 2417.500244 599.999878
v 3511.393066 -1335.114624 614.999817
v 3511.393066 -1335.114624 599.999817
v 3511.393066 -1335.114624 399.999908
v 3511.393066 -1335.114624 384.999908
v 3515.438232 -1332.175293 614.999878
v 3515.437988 -1332.174927 385.000092
v 3515.438232 -1332.175293 400.000092
v 3515.438232 -1332.175293 599.999878
v 3537.741943 -1367.652466 399.999908
v 3537.741943 -1367.652466 384.999908
v 3537.741943 -1367.652466 614.999817
v 3537.741943 -1367.652466 599.999817
v 3541.457764 -1364.306763 400.000092
v 3541.457764 -1364.306763 599.999878
v 3541.457764 -1364.306763 614.999878
v 3541.457520 -1364.306396 385.000092
v 3567.347412 -1397.257935 399.999908
v 3567.347412 -1397.257935 384.999908
v 3567.347412 -1397.257935 614.999817
v 3567.347412 -1397.257935 599.999817
v 3570.693359 -1393.542358 400.000092
v 3570.693359 -1393.542358 385.000092
v 3570.693115 -1393.541870 599.999878
v 3570.693359 -1393.542358 614.999878
v 3599.885986 -1423.607178 399.999908
v 3599.885986 -1423.607178 384.999908
v 3599.885986 -1423.607178 614.999817
v 3599.885986 -1423.607178 599.999817
v 3602.824707 -1419.561768 385.000092
v 3602.824707 -1419.561768 614.999878
v 3602.824951 -1419.562134 599.999878
v 3602.824707 -1419.561768 400.000092
v 3634.999756 -1446.410034 399.999908
v 3634.999756 -1446.410034 384.999908
v 3634.999756 -1446.410034 614.999817
v 3634.999756 -1446.410034 599.999817
v 3637.500000 -1442.080322 385.000092
v 3637.499756 -1442.079956 400.000092
v 3637.500000 -1442.080322 599.999878
v 3637.500000 -1442.080322 614.999878
v 3672.305420 -1465.418579 399.999908
v 3672.305420 -1465.418579 384.999908
v 3672.305420 -1465.418579 614.999817
v 3672.305420 -1465.418579 599.999817
v 3674.339111 -1460.850830 599.999878
v 3674.338867 -1460.850342 400.000092
v 3674.339111 -1460.850830 385.000092
v 3674.338867 -1460.850342 614.999878
v 3711.393311 -1480.422974 399.999908
v 3711.393311 -1480.422974 384.999908
v 3711.393311 -1480.422974 614.999817
v 3711.393311 -1480.422974 599.999817
v 3712.937988 -1475.667236 385.000092
v 3712.938232 -1475.667603 599.999878
v 3712.937988 -1475.667236 400.000092
v 3712.938232 -1475.667603 614.999878
v 3751.835205 -1491.259155 399.999908
v 3751.835205 -1491.259155 384.999908
v 3751.835205 -1491.259155 614.999817
v 3751.835205 -1491.259155 599.999817
v 3752.874756 -1486.368408 385.000092
v 3752.874756 -1486.368408 614.999878
v 3752.874756 -1486.368408 400.000092
v 3752.874756 -1486.368408 599.999878
v 3793.188965 -1497.809082 399.999908
v 3793.188965 -1497.809082 384.999908
v 3793.188965 -1497.809082 614.999817
v 3793.188965 -1497.809082 599.999817
v 3793.711182 -1492.836304 385.000092
v 3793.711182 -1492.836304 400.000092
v 3793.711182 -1492.836304 614.999878
v 3793.711182 -1492.836304 599.999878
v 3834.999756 -1499.999756 399.999786
v 3834.999756 -1499.999756 384.999786
v 3834.999756 -1499.999878 614.999695
v 3834.999756 -1499.999878 599.999695
v 3835.000000 -1495.000244 599.999878
v 3834.999756 -1494.999878 385.000092
v 3834.999756 -1494.999878 400.000092
v 3834.999756 -1494.999878 614.999878
v 500.000000 2800.000000 599.999695
v 541.811584 2797.809082 599.999695
v 500.000000 2800.000000 614.999695
v 541.811584 2797.809082 614.999695
v 500.000000 2800.000000 384.999817
v 541.811707 2797.809082 384.999817
v 500.000000 2800.000000 399.999817
v 541.811707 2797.809082 399.999817
v 542.333984 2802.781738 614.999878
v 500.000000 2805.000244 614.999878
v 500.000000 2805.000244 599.999878
v 542.333984 2802.781738 599.999878
v 500.000000 2805.000000 384.999817
v 542.333984 2802.781738 385.000092
v 542.333984 2802.781738 400.000092
v 500.000000 2805.000244 400.000092
v 583.164673 2791.259521 399.999817
v 583.164673 2791.259521 384.999817
v 583.164673 2791.259521 614.999695
v 583.164673 2791.259521 599.999695
v 584.204224 2796.150146 614.999878
v 584.204224 2796.150146 400.000092
v 584.204224 2796.150146 599.999878
v 584.204224 2796.150146 385.000092
v 623.606934 2780.423096 399.999817
v 623.606934 2780.423096 384.999817
v 623.606934 2780.423096 614.999695
v 623.606934 2780.423096 599.999695
v 625.151917 2785.178223 385.000092
v 625.151917 2785.178223 599.999878
v 625.151917 2785.178223 614.999878
v 625.151917 2785.178223 400.000092
v 1123.606934 2595.423096 399.999908
v 1123.606934 2595.423096 384.999908
v 1123.606934 2595.423096 614.999817
v 1123.606934 2595.423096 599.999817
v 1125.151855 2600.178223 385.000092
v 1125.151855 2600.178223 400.000092
v 1125.151978 2600.178223 599.999878
v 1125.151855 2600.178223 614.999878
v 1162.694824 2580.418701 399.999908
v 1162.694824 2580.418701 384.999908
v 1162.694824 2580.418701 614.999817
v 1162.694824 2580.418701 599.999817
v 1164.728516 2584.986328 400.000092
v 1164.728516 2584.986328 599.999878
v 1164.728516 2584.986328 385.000092
v 1164.728516 2584.986328 614.999878
v 1200.000122 2561.410400 399.999908
v 1200.000122 2561.410400 384.999908
v 1200.000122 2561.410400 614.999817
v 1200.000122 2561.410400 599.999817
v 1202.500122 2565.740723 614.999878
v 1202.500122 2565.740723 385.000092
v 1202.500122 2565.740723 400.000092
v 1202.500122 2565.740723 599.999878
v 1235.113892 2538.606689 399.999908
v 1235.113892 2538.606689 384.999908
v 1235.113892 2538.606689 614.999817
v 1235.113892 2538.606689 599.999817
v 1238.053223 2542.652344 614.999878
v 1238.053223 2542.652344 385.000092
v 1238.053223 2542.652344 400.000092
v 1238.053223 2542.652344 599.999878
v 1267.786377 2512.036133 399.999908
v 1267.786377 2512.036133 384.999908
v 1267.786377 2512.036133 614.999817
v 1267.786377 2512.036133 599.999817
v 1270.998047 2515.974121 385.000092
v 1270.998047 2515.974121 400.000092
v 1270.998047 2515.974121 614.999878
v 1270.998047 2515.974121 599.999878
v 1297.291504 2482.508057 399.999908
v 1297.291504 2482.508057 384.999908
v 1297.291504 2482.508057 614.999817
v 1297.291504 2482.508057 599.999817
v 1300.973877 2485.998291 385.000092
v 1300.973877 2485.998291 400.000092
v 1300.973877 2485.998291 599.999878
v 1300.973877 2485.998291 614.999878
v 1323.607178 2450.114502 399.999908
v 1323.607178 2450.114502 384.999908
v 1323.607178 2450.114502 614.999817
v 1323.607178 2450.114502 599.999817
v 1327.652222 2453.053467 385.000092
v 1327.652222 2453.053467 614.999878
v 1327.652222 2453.053467 400.000092
v 1327.652222 2453.053467 599.999878
v 1346.410645 2415.000244 399.999908
v 1346.410645 2415.000244 384.999908
v 1346.410522 2415.000244 614.999817
v 1346.410522 2415.000244 599.999817
v 4857.711914 760.092285 986.644592
v 4798.032227 900.092285 1090.006348
v 4857.711914 900.092285 986.644531
v 5052.063965 900.092285 650.012207
v 4992.383789 760.092285 753.374268
v 4992.383789 900.092285 753.374268
v 5052.062988 900.092773 1529.997192
v 5171.414551 760.092773 1529.997437
v 5440.770020 760.092773 1529.997192
v 5560.121582 900.092773 1529.995972
v 5619.798340 760.092285 753.376221
v 5560.122559 900.092285 650.013977
v 5814.157715 900.092285 1090.006714
v 5754.477539 760.092285 986.641541
v 4829.794922 -2249.997314 1145.002686
v 4829.785645 900.092285 1145.005127
v 4798.041016 -2249.997314 1090.003418
v 4796.110352 830.092285 893.343201
v 4796.110352 690.092285 893.343201
v 4857.712891 -2249.997803 986.639709
v 4796.111328 -2249.997803 893.338501
v 4880.782227 690.092285 746.675293
v 4880.782227 830.092285 746.675232
v 4992.393066 -2249.997803 753.374390
v 4880.791504 -2249.997803 746.675537
v 5052.068848 -2249.998047 650.012268
v 5020.313965 -2249.997314 1474.998047
v 5052.063965 -2249.997314 1529.996948
v 5020.309082 900.092773 1474.998413
v 5115.556152 -2249.998047 650.012512
v 5115.571289 900.092285 650.012512
v 5171.415527 -2249.997314 1529.997192
v 5221.414551 690.092773 1629.997070
v 5221.415527 -2249.997314 1629.996948
v 5390.766113 690.092773 1629.995483
v 5440.774902 -2249.997314 1529.995239
v 5390.770996 -2249.997314 1629.995483
v 5560.126465 -2249.997314 1529.995728
v 5496.615723 -2249.997803 650.013489
v 5496.614746 900.092285 650.013733
v 5560.127441 -2249.997803 650.013672
v 5591.880371 -2249.997314 1474.997192
v 5591.875488 900.092773 1474.997559
v 5619.803223 -2249.997803 753.375977
v 5731.399902 690.092285 746.677734
v 5731.408691 -2249.997803 746.677551
v 5816.075684 690.092285 893.338684
v 5814.162109 -2249.997314 1090.006470
v 5754.482422 -2249.997314 986.641541
v 5816.080566 -2249.997803 893.338623
v 5782.408203 -2249.997314 1145.005371
v 5782.403320 900.092285 1145.005493
v 6421.610840 1460.092285 1446.644531
v 6361.931152 1600.092285 1550.006348
v 6421.610840 1600.092285 1446.644531
v 6615.962891 1600.092285 1110.012207
v 6556.282715 1460.092285 1213.374268
v 6556.282715 1600.092285 1213.374268
v 6615.961914 1600.092773 1989.997192
v 6735.313965 1460.092773 1989.997437
v 7004.669434 1460.092773 1989.997192
v 7124.020508 1600.092773 1989.995972
v 7183.697266 1460.092285 1213.376221
v 7124.021484 1600.092285 1110.013916
v 6393.693848 -2249.997314 1605.002686
v 6393.684570 1600.092285 1605.005127
v 6361.939941 -2249.997314 1550.003418
v 6360.009277 1530.092285 1353.343262
v 6360.009277 1390.092285 1353.343262
v 6421.611816 -2249.997803 1446.639648
v 6360.010254 -2249.997803 1353.338501
v 6444.681152 1390.092285 1206.675293
v 6444.681152 1530.092285 1206.675293
v 6556.291992 -2249.997803 1213.374268
v 6444.690430 -2249.997803 1206.675537
v 6615.967773 -2249.998047 1110.012207
v 6584.212891 -2249.997314 1934.998047
v 6615.962891 -2249.997314 1989.996948
v 6584.208008 1600.092773 1934.998413
v 6679.455078 -2249.998047 1110.012573
v 6679.470215 1600.092285 1110.012573
v 6785.313477 1390.092773 2089.997070
v 6735.314453 -2249.997314 1989.997192
v 6785.314453 -2249.997314 2089.997070
v 6954.665039 1390.092773 2089.995361
v 7124.025391 -2249.997314 1989.995728
v 7004.673828 -2249.997314 1989.995239
v 7060.514648 -2249.997803 1110.013428
v 7060.513672 1600.092285 1110.013794
v 7124.026367 -2249.997803 1110.013672
v 7183.702148 -2249.997803 1213.375977
v 7295.298828 1390.092285 1206.677734
v 7295.307617 -2249.997803 1206.677490
v 7379.974121 1390.092285 1353.338745
v -332.340332 2732.340332 478.571503
v -2000.000000 1078.743774 478.571503
v -332.340332 2732.340332 450.000092
v -2000.000000 1078.743774 450.000000
v -332.340088 2732.339844 549.999878
v -2000.000000 1078.743774 549.999878
v -332.340088 2732.340332 521.428528
v -2000.000000 1078.743774 521.428528
v -2000.000122 1003.445007 599.999817
v -1999.999634 1036.543945 599.999878
v -294.627930 2694.627441 599.999878
v -311.126953 2711.126953 599.999878
v -2000.000122 1003.445007 399.999908
v -294.627930 2694.627441 400.000092
v -1999.999634 1036.543945 400.000000
v -311.126953 2711.126953 400.000092
v -298.164795 2763.314941 450.000092
v -298.164795 2763.314941 478.571503
v -298.164795 2763.314941 521.428528
v -298.164795 2763.314941 549.999878
v -279.133057 2740.124512 400.000092
v -264.330566 2722.087646 400.000092
v -279.133057 2740.124512 599.999878
v -264.330566 2722.087646 599.999878
v -261.118042 2790.790527 450.000092
v -261.118042 2790.790527 478.571503
v -261.117798 2790.790527 521.428528
v -261.118042 2790.790527 549.999878
v -244.451050 2765.846680 400.000092
v -231.487671 2746.445557 400.000092
v -244.450928 2765.846680 599.999878
v -231.487549 2746.445557 599.999878
v -221.556396 2814.502930 450.000092
v -221.556396 2814.502930 478.571503
v -221.556396 2814.502930 521.428528
v -221.556641 2814.502930 549.999878
v -207.414551 2788.045410 400.000092
v -196.415527 2767.467041 400.000092
v -207.414551 2788.045410 599.999878
v -196.415283 2767.467041 599.999878
v -179.861328 2834.223145 450.000092
v -179.861450 2834.223145 478.571503
v -179.861084 2834.223145 521.428528
v -179.861328 2834.223145 549.999878
v -168.380737 2806.506836 400.000092
v -159.451538 2784.949707 400.000092
v -168.380859 2806.506836 599.999878
v -159.451538 2784.949707 599.999878
v -136.433960 2849.761719 450.000092
v -136.433960 2849.761719 478.571503
v -136.433960 2849.761719 521.428528
v -136.433838 2849.761719 549.999878
v -127.725342 2821.053711 599.999878
v -120.952148 2798.725098 599.999878
v -127.725342 2821.053711 400.000092
v -120.952026 2798.725098 400.000092
v -91.692383 2860.968750 521.428528
v -91.692627 2860.968750 549.999878
v -91.692383 2860.968750 450.000092
v -91.692383 2860.968750 478.571503
v -85.839844 2831.545410 599.999878
v -81.287598 2808.660156 599.999878
v -85.839844 2831.545410 400.000092
v -81.287598 2808.660400 400.000092
v -46.067871 2867.736816 521.428528
v -46.068119 2867.736816 549.999878
v -46.067871 2867.736816 450.000092
v -46.067871 2867.736816 478.571503
v -43.127441 2837.881348 400.000092
v -40.840328 2814.660156 400.000092
v -43.127441 2837.881348 599.999878
v -40.840328 2814.660156 599.999878
v 0.000000 2870.000000 521.428528
v 0.000000 2870.000000 549.999878
v 0.000000 2870.000000 450.000092
v 0.000000 2870.000000 478.571503
v 0.000000 2840.000000 400.000092
v 0.000000 2816.666504 400.000092
v 0.000000 2840.000000 599.999878
v 0.000000 2816.666504 599.999878
v 499.999512 2816.666260 400.000000
v 499.999756 2839.999512 400.000214
v 499.999756 2839.999512 600.000122
v 500.000000 2816.666260 599.999878
v 500.000000 2869.999512 450.000214
v 500.000000 2869.999512 478.571594
v 500.000000 2869.999512 521.428589
v 500.000000 2869.999512 550.000122
v -2000.000000 986.893799 399.999817
v -286.378174 2686.377930 400.000092
v -2000.000000 986.893799 599.999817
v -286.378174 2686.377930 599.999878
v -256.929199 2713.069336 400.000092
v -256.929199 2713.069336 599.999878
v -225.005859 2736.745117 400.000092
v -225.005981 2736.745117 599.999878
v -190.915649 2757.177734 400.000092
v -190.915649 2757.177734 599.999878
v -154.986938 2774.171143 400.000092
v -154.986694 2774.171143 599.999878
v -117.565430 2787.560547 599.999878
v -117.565193 2787.560547 400.000092
v -79.011597 2797.217773 599.999878
v -79.011597 2797.218018 400.000092
v -39.696781 2803.049805 400.000092
v -39.696781 2803.049805 599.999878
v 0.000000 2805.000000 599.999878
v 0.000000 2805.000000 400.000092
v 499.999756 2805.000000 399.999908
v 500.000000 2805.000000 599.999817
v -2000.000244 979.851624 599.999695
v -282.842651 2682.842773 599.999817
v -2000.000122 979.851501 399.999817
v -282.842651 2682.842773 399.999817
v -253.757446 2709.204102 399.999817
v -253.757324 2709.204102 599.999817
v -222.228149 2732.587891 399.999817
v -222.228149 2732.587891 599.999817
v -188.558838 2752.768555 599.999817
v -188.558594 2752.768555 399.999817
v -153.073364 2769.551758 399.999817
v -153.073364 2769.551758 599.999817
v -116.113647 2782.775879 399.999908
v -116.113647 2782.776123 599.999817
v -78.036247 2792.313965 599.999817
v -78.036247 2792.313965 399.999908
v -39.207031 2798.073730 399.999908
v -39.207031 2798.073730 599.999817
v 0.000000 2800.000000 399.999908
v 0.000000 2800.000000 599.999817
v 499.999756 2800.000000 599.999817
v 1538.998535 -1049.965454 290.999847
v 1538.998535 2159.869141 290.999847
v 1538.998535 -1049.965454 108.999863
v 1538.998535 2159.869141 108.999863
v 1720.998413 -1049.965454 108.999863
v 1720.998413 2159.869141 108.999863
v 1720.998413 -1049.965454 290.999847
v 1720.998413 2159.869141 290.999847
v 2820.751465 -2250.000000 352.398102
v 4199.591309 -2250.000000 352.398102
v 2820.748047 74.500488 352.397797
v 4199.599609 74.500488 352.397614
v 4199.591797 -2250.000000 -252.402191
v 2820.751953 -2250.000000 -252.402100
v 4199.600098 74.500488 -252.402496
v 2820.760254 74.500488 -252.402405
v 1553.985718 2200.061523 275.531952
v 1553.985718 2200.061523 123.504417
v 1706.013184 2200.061523 123.504417
v 1706.013184 2200.061523 275.531952
v 2346.498535 750.007813 -3615.000000
v 2846.498535 -749.992310 -2748.974854
v 2846.498535 -499.992310 -2748.974854
v 2846.498535 -249.992310 -2748.974854
v 2846.498535 750.007813 -2748.974609
v 2346.498535 -2249.992188 -3615.000000
v 2846.498535 -2249.992188 -2748.974609
v 5846.498535 -749.992310 -2748.974854
v 6346.498535 750.007813 -3615.000000
v 5846.498535 -499.992310 -2748.974854
v 5846.498535 -249.992310 -2748.974854
v 5846.498535 750.007813 -2748.974609
v 6346.498535 -2249.992188 -3615.000000
v 5846.498535 -2249.992188 -2748.974609
v 2217.800781 -2250.000000 2384.747559
v 2217.800781 1320.000000 2384.747559
v 2492.367676 -2250.000244 1933.747559
v 2492.367676 1320.000000 1933.747559
v 3107.121826 -2250.000488 1838.547241
v 2640.587646 -2250.000244 1838.547485
v 3107.121826 1319.999512 1838.547241
v 2640.587646 1320.000000 1838.547485
v 3530.000000 1319.999512 2384.747559
v 3530.000000 -2250.000488 2384.747559
v 3255.357178 1319.999512 1933.747192
v 3255.357178 -2250.000488 1933.747192
v 1347.626953 2999.999512 2384.747559
v 2072.771484 2999.999512 2384.747559
v 1347.626465 -2250.000244 2384.747559
v 2072.770996 -2250.000244 2384.747559
v 4670.255859 1540.000977 2613.590088
v 4585.981934 -2250.000244 2459.184082
v 4585.981934 1540.000000 2459.184082
v 4585.982422 2999.999268 2459.184082
v 4670.256348 1748.572266 2613.590088
v 4585.982422 1748.571289 2459.184082
v 4754.529785 -2250.000244 2767.996094
v 4754.530273 2999.999268 2767.996094
v 4754.530273 1540.002197 2767.996094
v 4754.530273 1748.573242 2767.996094
v 3529.998047 1529.999023 2384.747559
v 2217.798584 1529.999512 2384.747559
v 3529.998047 2999.999023 2384.747559
v 2217.798828 2999.999512 2384.747559
v 3674.915527 -2250.000732 2384.497559
v 3674.916016 2999.999023 2384.497559
v 4399.493652 -2250.000244 2383.246094
v 4399.494141 2999.999512 2383.246094
v 4585.981445 -2250.000244 3199.996094
v 4752.258789 -2250.000244 2911.996094
v 4585.981934 2999.999512 3199.996094
v 4752.259277 2999.999512 2911.996094
v 6427.742188 -2250.000000 -24.160749
v 6989.366699 -2250.000000 300.093597
v 6427.742188 -269.999390 -24.161190
v 6989.366699 -269.999390 300.093597
v 1202.599365 1539.842285 2384.747559
v 1202.599121 -2250.000244 2384.747559
v 1202.599365 1748.436279 2384.747559
v 1202.599609 2999.999512 2384.747559
v 2217.798340 -2250.000244 2384.747559
v 4544.412109 1540.000000 2382.996094
v 4544.411621 -2250.000244 2382.996094
v 4544.412109 1748.571655 2382.996094
v 4544.412109 2999.999512 2382.996094
v 4793.829102 -2250.000244 2839.996094
v 4793.829590 2999.999512 2839.996094
v 3529.997559 -2250.000732 2384.747559
v 4392.528320 -2250.000244 3271.996094
v 4544.411133 -2250.000244 3271.996094
v 4392.528809 2999.999512 3271.996094
v 4544.411621 2999.999512 3271.996094
v -75.213928 2328.825684 -1313.334229
v 423.618225 2328.825684 -1313.333862
v -33.643478 2416.354736 -1385.332886
v 382.051849 2416.354736 -1385.332764
v 1420.519897 2328.824707 -3040.023682
v 1337.379517 2416.354004 -3040.022705
v 1171.101929 2328.824707 -3472.022217
v 1129.531738 2416.354004 -3400.023682
v 6340.795410 -269.999512 -74.355667
v 6730.140625 -219.999466 100.549156
v 6383.996094 -219.999481 -99.297440
v 6946.139160 -219.999466 -273.573792
v 6599.996094 -269.999512 -523.303528
v 6599.995117 -219.999481 -473.420349
v 7076.285156 -269.999512 350.278534
v 7335.484863 -269.999512 -98.668922
v 7076.285156 -219.999481 300.395813
v 7292.284180 -219.999481 -73.727112
v 6340.796875 -269.999512 -373.653748
v 6383.996582 -219.999496 -348.712341
v 7335.483887 -269.999512 200.629288
v 7292.284180 -219.999496 175.687912
v -75.221367 -2249.998535 -1313.334717
v 423.610626 -2249.998535 -1313.337646
v 1420.508545 -2249.998535 -3040.024414
v 1171.090454 -2249.998535 -3472.024658
v -241.491379 2416.354736 -1745.333740
v 713.840149 2416.354004 -3400.022217
v 5037.055176 1981.819702 2927.052734
v 4870.775879 1981.819702 3215.055908
v 5037.055664 1981.819702 3503.053467
v 6565.587402 1981.820313 2927.048096
v 6565.589355 1981.820313 3503.051514
v 6731.865234 1981.820313 3215.050049
v 6491.996094 -219.999496 -286.358856
v 7184.284668 -219.999496 113.334373
v 6838.139648 -219.999481 -86.512283
v 6838.140137 -219.999496 -86.512291
v 6946.139648 -219.999481 -273.573792
v 5003.800293 -2249.998535 2869.460938
v 4804.270996 -2249.998535 3215.061768
v 5003.795410 1813.119873 2869.453125
v 4804.266602 1813.119873 3215.053955
v 5003.802246 -2249.998535 3560.660156
v 5003.799316 1813.119873 3560.655029
v 6598.844727 1813.120483 2869.449219
v 6798.377930 1813.120483 3215.050293
v 6598.845215 1813.120483 3560.653076
v 6798.377441 -2249.998535 3215.057373
v 6598.844727 -2249.998535 2869.456543
v 6598.844727 -2249.998535 3560.660156
v 6567.793457 444.516388 -241.085800
v 6499.324219 428.223083 -280.616791
v 6499.324219 428.223053 -201.554810
v 6567.794434 428.223053 -320.147797
v 6567.793945 428.223083 -162.023804
v 6636.263672 428.223083 -280.616791
v 6636.263672 428.223053 -201.554810
v 6429.229980 -220.000000 -321.085815
v 6429.229980 -220.000000 -161.085892
v 6429.229980 271.381989 -321.085815
v 6429.229980 271.381989 -161.085892
v 6463.871094 -220.000000 -301.085815
v 6463.871094 -220.000000 -181.085892
v 6463.871094 362.318787 -301.085815
v 6463.871094 362.318787 -181.085892
v 6567.794434 -220.000000 -401.085815
v 6567.793945 271.381989 -401.085815
v 6567.793945 -220.000000 -81.085907
v 6567.794434 271.381989 -81.085907
v 6567.793945 -220.000000 -361.085815
v 6567.794434 362.318756 -361.085815
v 6567.793945 -220.000000 -121.085899
v 6567.793945 362.318787 -121.085899
v 6567.793945 428.223083 -320.147797
v 6671.716797 362.318787 -181.085800
v 6671.716797 362.318756 -301.085693
v 6671.716797 -220.000000 -181.085800
v 6671.716797 -220.000000 -301.085693
v 6567.793945 362.318787 -361.085815
v 6706.357910 -220.000000 -321.085693
v 6706.357910 271.381989 -321.085693
v 6567.793945 271.381989 -81.085907
v 6706.357910 -220.000000 -161.085800
v 6706.357910 271.381989 -161.085800
v 6567.793945 -220.000000 -401.085815
v 10142.053711 1076.772461 1116.046997
v 10056.191406 1076.772461 1264.763916
v 10156.747070 1567.027222 1141.496460
v 10085.578125 1567.027222 1264.763916
v 10142.053711 1076.772461 1413.480835
v 10156.747070 1567.027222 1388.031250
v 10313.776367 1076.772461 1116.046997
v 10299.083008 1567.027222 1141.496460
v 10313.776367 1076.772461 1413.480835
v 10299.083008 1567.027222 1388.031250
v 10399.638672 1076.772461 1264.763916
v 10370.251953 1567.027222 1264.763916
v 7106.517090 444.516388 66.128304
v 7038.047363 428.223083 26.597309
v 7038.047363 428.223053 105.659302
v 7106.517090 428.223053 -12.933690
v 7106.517090 428.223083 145.190308
v 7174.986816 428.223083 26.597309
v 7174.986816 428.223053 105.659302
v 6967.953125 -220.000000 -13.871700
v 6967.953125 -220.000000 146.128204
v 6967.953125 271.381989 -13.871700
v 6967.953125 271.381989 146.128204
v 7002.594238 -220.000000 6.128300
v 7002.594238 -220.000000 126.128197
v 7002.594238 362.318787 6.128300
v 7002.594238 362.318787 126.128197
v 7106.517090 -220.000000 -93.871696
v 7106.517090 271.381989 -93.871696
v 7106.517090 -220.000000 226.128204
v 7106.517090 271.381989 226.128220
v 7106.517090 -220.000000 -53.871700
v 7106.517090 362.318756 -53.871689
v 7106.517090 -220.000000 186.128204
v 7106.517090 362.318787 186.128204
v 7210.439941 362.318756 6.128400
v 7210.439941 362.318787 126.128304
v 7210.439941 -220.000000 6.128400
v 7210.439941 -220.000000 126.128304
v 7245.081055 -220.000000 -13.871600
v 7245.081055 271.381989 -13.871600
v 7245.080566 -220.000000 146.128296
v 7245.081055 271.381989 146.128296
v 7245.081055 -220.000000 146.128296
v 10163.518555 1076.772461 1153.226196
v 10099.122070 1076.772461 1264.763916
v 10174.539063 1567.017334 1172.313477
v 10121.162109 1567.017334 1264.763916
v 10163.518555 1076.772461 1376.301514
v 10174.539063 1567.017334 1357.214355
v 10292.311523 1076.772461 1153.226318
v 10281.291016 1567.017334 1172.313477
v 10292.311523 1076.772461 1376.301514
v 10281.291016 1567.017334 1357.214355
v 10356.708008 1076.772461 1264.763916
v 10334.667969 1567.017334 1264.763916
v 4835.000000 -1500.999878 399.999908
v 4835.000000 -1500.999878 599.999817
v 4805.000000 -1500.499878 399.999908
v 4805.000000 -1500.499878 599.999817
v 4805.000000 -1499.699951 399.999908
v 4805.000000 -1499.699951 599.999817
v 4835.000000 -1499.000000 399.999908
v 4835.000000 -1499.000000 599.999817
v 5600.000000 -1298.000000 600.000122
v 5600.000000 -1298.000000 400.000183
v 5600.000000 -1300.999878 600.000122
v 5600.000000 -1300.999878 400.000183
v 5630.000000 -1300.499878 600.000122
v 5630.000000 -1300.499878 400.000183
v 5630.000000 -1299.699951 600.000122
v 5630.000000 -1299.699951 400.000183
v 4372.999512 -2249.999756 144.999603
v 4972.999512 -2249.999756 144.999603
v 4372.999512 -1409.999756 144.999695
v 4972.999512 -1409.999756 144.999603
v 4880.791504 -2249.997803 746.675537
v 4796.111328 -2249.997803 893.338501
v 4880.782227 690.092285 746.675293
v 4796.110352 690.092285 893.343201
v 4829.794922 -2249.997314 1145.002686
v 5020.313965 -2249.997314 1474.998047
v 4829.785645 900.092285 1145.005127
v 5020.309082 900.092773 1474.998413
v 5496.615723 -2249.997803 650.013489
v 5115.556152 -2249.998047 650.012512
v 5496.614746 900.092285 650.013733
v 5115.571289 900.092285 650.012512
v 5221.415527 -2249.997314 1629.996948
v 5390.770996 -2249.997314 1629.995483
v 5221.414551 690.092773 1629.997070
v 5390.766113 690.092773 1629.995483
v 5591.880371 -2249.997314 1474.997192
v 5782.408203 -2249.997314 1145.005371
v 5591.875488 900.092773 1474.997559
v 5782.403320 900.092285 1145.005493
v 5816.080566 -2249.997803 893.338623
v 5731.408691 -2249.997803 746.677551
v 5816.075195 690.092285 893.338745
v 5731.399902 690.092285 746.677734
v 6444.690430 -2249.997803 1206.675537
v 6360.010254 -2249.997803 1353.338501
v 6444.681152 1390.092285 1206.675293
v 6360.009277 1390.092285 1353.343262
v 6393.693848 -2249.997314 1605.002686
v 6584.212891 -2249.997314 1934.998047
v 6393.684570 1600.092285 1605.005127
v 6584.208008 1600.092773 1934.998413
v 7060.514648 -2249.997803 1110.013428
v 6679.455078 -2249.998047 1110.012573
v 7060.513672 1600.092285 1110.013794
v 6679.470215 1600.092285 1110.012573
v 7379.979492 -2249.997803 1353.338623
v 7295.307617 -2249.997803 1206.677490
v 7379.974121 1390.092285 1353.338745
v 7295.298828 1390.092285 1206.677734
v 1235.113892 2538.606689 412.499908
v 1267.786377 2512.036133 412.499908
v 1235.113892 2538.606689 587.499817
v 1267.786377 2512.036133 587.499817
v 1297.291504 2482.508057 412.499908
v 1297.291504 2482.508057 587.499817
v 1323.607178 2450.114502 412.499908
v 1323.607178 2450.114502 587.499817
v 1346.410645 2415.000244 412.499908
v 1346.410522 2415.000244 587.499817
v 1346.410522 2415.000244 412.499908
v 3488.590088 -1300.000122 412.499908
v 1346.410400 2415.000244 587.499817
v 3488.589844 -1300.000244 587.499817
v 5600.000000 -1300.000000 412.499817
v 6850.000000 -1300.000000 412.499908
v 5600.000000 -1300.000000 587.499695
v 6850.000000 -1300.000000 587.499817
v 1235.113892 2538.606689 399.999908
v 1267.786377 2512.036133 399.999908
v 1235.113892 2538.606689 599.999817
v 1267.786377 2512.036133 599.999817
v 1297.291504 2482.508057 399.999908
v 1297.291504 2482.508057 599.999817
v 1323.607178 2450.114502 399.999908
v 1323.607178 2450.114502 599.999817
v 1346.410522 2415.000244 599.999817
v 1346.410645 2415.000244 399.999908
v 1346.410400 2415.000244 599.999817
v 3488.589844 -1300.000244 599.999817
v 1346.410522 2415.000244 399.999908
v 3488.590088 -1300.000122 399.999908
v 5600.000000 -1300.000000 399.999817
v 6850.000000 -1300.000000 399.999908
v 5600.000000 -1300.000000 599.999695
v 6850.000000 -1300.000000 599.999817
v 500.000000 2800.000000 412.499817
v 500.000000 2800.000000 587.499695
v 541.811707 2797.809082 412.499817
v 541.811584 2797.809082 587.499695
v 583.164673 2791.259521 412.499817
v 583.164612 2791.259521 587.499695
v 623.606934 2780.423096 412.499817
v 623.606934 2780.423096 587.499695
v 1123.606934 2595.423096 412.499908
v 1123.606934 2595.423096 587.499817
v 1162.694824 2580.418701 412.499908
v 1162.694824 2580.418701 587.499817
v 1200.000122 2561.410400 412.499908
v 1200.000122 2561.410400 587.499817
v 1235.113892 2538.606689 412.499908
v 1235.113892 2538.606689 587.499817
v 1267.786377 2512.036133 412.499908
v 1267.786377 2512.036133 587.499817
v 1297.291504 2482.508057 412.499908
v 1297.291504 2482.508057 587.499817
v 1323.607178 2450.114502 412.499908
v 1323.607178 2450.114502 587.499817
v 1346.410645 2415.000244 412.499908
v 1346.410522 2415.000244 587.499817
v 1346.410522 2415.000244 412.499908
v 1346.410400 2415.000244 587.499817
v 3488.590088 -1300.000122 412.499908
v 3488.589844 -1300.000244 587.499817
v 3511.393066 -1335.114624 412.499908
v 3511.393066 -1335.114624 587.499817
v 3537.741943 -1367.652466 412.499908
v 3537.741943 -1367.652466 587.499817
v 3567.347412 -1397.257935 412.499908
v 3567.347412 -1397.257935 587.499817
v 3599.885986 -1423.607178 412.499908
v 3599.885986 -1423.607178 587.499817
v 3634.999756 -1446.410034 412.499908
v 3634.999756 -1446.410034 587.499817
v 3672.305420 -1465.418579 412.499908
v 3672.305176 -1465.418701 587.499817
v 3711.393311 -1480.422974 412.499908
v 3711.393311 -1480.422974 587.499817
v 3751.835205 -1491.259155 412.499908
v 3751.835205 -1491.259155 587.499817
v 3793.188965 -1497.809082 412.499908
v 3793.188965 -1497.809082 587.499817
v 3834.999756 -1499.999756 412.499786
v 3834.999756 -1499.999878 587.499695
v 3835.000000 -1500.000000 412.499817
v 3835.000000 -1500.000000 587.499695
v 4835.000000 -1500.000000 412.499908
v 4835.000000 -1500.000000 587.499817
v 5600.000000 -1300.000000 412.499817
v 5600.000000 -1300.000000 587.499695
v 6850.000000 -1300.000000 412.499908
v 6850.000000 -1300.000000 587.499817
v 500.000000 2800.000000 599.999695
v 541.811584 2797.809082 599.999695
v 500.000000 2800.000000 399.999817
v 541.811707 2797.809082 399.999817
v 583.164673 2791.259521 599.999695
v 583.164673 2791.259521 399.999817
v 623.606934 2780.423096 399.999817
v 623.606934 2780.423096 599.999695
v 1123.606934 2595.423096 399.999908
v 1123.606934 2595.423096 599.999817
v 1162.694824 2580.418701 399.999908
v 1162.694824 2580.418701 599.999817
v 1200.000122 2561.410400 399.999908
v 1200.000122 2561.410400 599.999817
v 1235.113892 2538.606689 399.999908
v 1235.113892 2538.606689 599.999817
v 1267.786377 2512.036133 399.999908
v 1267.786377 2512.036133 599.999817
v 1297.291504 2482.508057 399.999908
v 1297.291504 2482.508057 599.999817
v 1323.607178 2450.114502 399.999908
v 1323.607178 2450.114502 599.999817
v 1346.410645 2415.000244 399.999908
v 1346.410522 2415.000244 599.999817
v 1346.410400 2415.000244 599.999817
v 3488.589844 -1300.000244 599.999817
v 1346.410522 2415.000244 399.999908
v 3488.590088 -1300.000122 399.999908
v 3511.393066 -1335.114624 599.999817
v 3511.393066 -1335.114624 399.999908
v 3537.741943 -1367.652466 399.999908
v 3537.741943 -1367.652466 599.999817
v 3567.347412 -1397.257935 399.999908
v 3567.347412 -1397.257935 599.999817
v 3599.885986 -1423.607178 399.999908
v 3599.885986 -1423.607178 599.999817
v 3634.999756 -1446.410034 399.999908
v 3634.999756 -1446.410034 599.999817
v 3672.305420 -1465.418579 599.999817
v 3672.305420 -1465.418579 399.999908
v 3711.393311 -1480.422974 399.999908
v 3711.393311 -1480.422974 599.999817
v 3751.835205 -1491.259155 399.999908
v 3751.835205 -1491.259155 599.999817
v 3793.188965 -1497.809082 399.999908
v 3793.188965 -1497.809082 599.999817
v 3834.999756 -1499.999756 399.999786
v 3834.999756 -1499.999878 599.999695
v 3835.000000 -1500.000000 399.999817
v 4835.000000 -1500.000000 399.999908
v 3835.000000 -1500.000000 599.999695
v 4835.000000 -1500.000000 599.999817
v 5600.000000 -1300.000000 399.999817
v 6850.000000 -1300.000000 399.999908
v 5600.000000 -1300.000000 599.999695
v 6850.000000 -1300.000000 599.999817
v 500.000000 2800.000244 399.999908
v 500.000000 2800.000244 599.999695
v 500.919098 2800.322510 399.999908
v 500.919006 2800.322510 599.999695
v 519.734009 2799.400879 399.999908
v 519.734009 2799.400879 599.999695
v 6956.593750 581.874878 417.736877
v 6850.000000 551.874878 412.500305
v 6939.440430 538.124878 591.894165
v 6850.000000 508.125000 587.500305
v 7062.160645 611.874878 433.396423
v 7028.020020 568.124878 605.033691
v 7165.684570 641.874878 459.327698
v 7114.884766 598.124878 626.792236
v 7266.168457 671.874878 495.281189
v 7199.198730 628.124878 656.960083
v 7362.644043 701.874878 540.910889
v 7280.149414 658.124878 695.247070
v 7454.182617 731.874878 595.777100
v 7356.958008 688.124878 741.284180
v 7539.902344 761.874878 659.351440
v 7428.883789 718.124878 794.628174
v 7618.978516 791.874878 731.021606
v 7495.234863 748.124878 854.765320
v 7690.648926 821.874878 810.097595
v 7555.372070 778.124878 921.116333
v 7754.223145 851.874878 895.817627
v 7608.715820 808.124878 993.042419
v 7809.089355 881.874878 987.356323
v 7654.752930 838.124878 1069.850586
v 7854.718750 911.874878 1083.831909
v 7693.040039 868.124878 1150.801514
v 7890.672363 941.874878 1184.315552
v 7723.208008 898.124878 1235.115234
v 7916.603516 971.874878 1287.839355
v 7744.966309 928.124878 1321.980103
v 7932.263184 1001.874878 1393.406372
v 7758.105957 958.124878 1410.559326
v 7937.499512 1031.874878 1500.000000
v 7762.500000 988.124878 1500.000000
v 5767.736816 101.874901 1393.406250
v 5762.500488 71.874901 1499.999878
v 5941.894043 58.124901 1410.559326
v 5937.500488 28.125000 1499.999878
v 5783.396484 131.874908 1287.839355
v 5955.033691 88.124901 1321.980103
v 5809.327637 161.874893 1184.315430
v 5976.791992 118.124901 1235.115234
v 5845.281250 191.874893 1083.831787
v 6006.959961 148.124908 1150.801270
v 5890.911133 221.874893 987.356079
v 6045.247070 178.124893 1069.850586
v 5945.777344 251.874893 895.817505
v 6091.284180 208.124893 993.042236
v 6009.351563 281.874908 810.097412
v 6144.628418 238.124893 921.116211
v 6081.021484 311.874908 731.021484
v 6204.765137 268.124878 854.765137
v 6160.097656 341.874908 659.351196
v 6271.116211 298.124908 794.627991
v 6245.817383 371.874908 595.776917
v 6343.042480 328.124908 741.284119
v 6337.356445 401.874908 540.910706
v 6419.850586 358.124908 695.246887
v 6433.832031 431.874908 495.281189
v 6500.801270 388.124908 656.960022
v 6534.315430 461.874908 459.327606
v 6585.115234 418.124908 626.791992
v 6637.839355 491.874908 433.396301
v 6671.979980 448.124908 605.033630
v 6743.406250 521.874878 417.737000
v 6760.559570 478.124908 591.894104
v 6850.000000 508.124908 587.500183
v 5762.500488 71.874878 1500.000000
v 5767.736816 41.874908 1606.593628
v 5937.500000 28.124910 1500.000000
v 5941.894043 -1.875090 1589.440674
v 5783.396484 11.874910 1712.160645
v 5955.033691 -31.875090 1678.019897
v 5809.327637 -18.125090 1815.684448
v 5976.791992 -61.875092 1764.884766
v 5845.281250 -48.125092 1916.168091
v 6006.959961 -91.875092 1849.198486
v 5890.910645 -78.125092 2012.643677
v 6045.247070 -121.875092 1930.149414
v 5945.776855 -108.125092 2104.182373
v 6091.284180 -151.875092 2006.957642
v 6009.351074 -138.125092 2189.902344
v 6144.627930 -181.875092 2078.883789
v 6081.021484 -168.125092 2268.978516
v 6204.765137 -211.875107 2145.234619
v 6160.097656 -198.125092 2340.648682
v 6271.116211 -241.875107 2205.371826
v 6245.817383 -228.125107 2404.222900
v 6343.041992 -271.875122 2258.715820
v 6337.355957 -258.125122 2459.089111
v 6419.850586 -301.875122 2304.752930
v 6433.831543 -288.125122 2504.718750
v 6500.801270 -331.875092 2343.039795
v 6534.315430 -318.125122 2540.672363
v 6585.115234 -361.875092 2373.207764
v 6637.839355 -348.125092 2566.603516
v 6671.979980 -391.875092 2394.966309
v 6743.406250 -378.125092 2582.263184
v 6760.559570 -421.875092 2408.105713
v 6850.000000 -408.125092 2587.499756
v 6850.000000 -451.875000 2412.499756
v 6956.593750 -438.125092 2582.262939
v 6939.440430 -481.875092 2408.105957
v 7062.160645 -468.125092 2566.603760
v 7028.020020 -511.875092 2394.966309
v 7165.684570 -498.125092 2540.672363
v 7114.884766 -541.875122 2373.208008
v 7266.167969 -528.125122 2504.718750
v 7199.198730 -571.875122 2343.040039
v 7362.643555 -558.125122 2459.089355
v 7280.149414 -601.875122 2304.753174
v 7454.182617 -588.125122 2404.223145
v 7356.957520 -631.875122 2258.715820
v 7539.902344 -618.125122 2340.648926
v 7428.883789 -661.875122 2205.372070
v 7618.978516 -648.125122 2268.978516
v 7495.234863 -691.875122 2145.234863
v 7690.648438 -678.125122 2189.902588
v 7555.371582 -721.875122 2078.883789
v 7754.222656 -708.125122 2104.182617
v 7608.715820 -751.875122 2006.957764
v 7809.088867 -738.125122 2012.643921
v 7654.752930 -781.875122 1930.149414
v 7854.718750 -768.125122 1916.168213
v 7693.040039 -811.875122 1849.198730
v 7890.672363 -798.125122 1815.684570
v 7723.208008 -841.875122 1764.884766
v 7916.603516 -828.125122 1712.160645
v 7744.966309 -871.875122 1678.019897
v 7932.263184 -858.125122 1606.593750
v 7758.105957 -901.875122 1589.440674
v 7937.499512 -888.125122 1500.000122
v 7762.499512 -931.875000 1500.000122
v 6850.000000 1380.000000 2587.500244
v 6850.000000 1380.000000 2412.500244
v 5850.000000 1380.000000 2587.500000
v 5850.000000 1380.000000 2412.500244
v 6850.000000 1379.999878 2587.499756
v 6956.593750 1380.374878 2582.262939
v 6850.000000 1379.999878 2412.499756
v 6939.440918 1378.624878 2408.105713
v 7062.160645 1376.291138 2566.603760
v 7028.020020 1375.085938 2394.966553
v 7165.684082 1368.792847 2540.672119
v 7114.884277 1362.452759 2373.208008
v 7266.167969 1357.009766 2504.718750
v 7199.198730 1341.133911 2343.040039
v 7362.644043 1340.829224 2459.089600
v 7280.148926 1316.721802 2304.753174
v 7454.183105 1318.721558 2404.222900
v 7356.957520 1287.248047 2258.715820
v 7539.902344 1294.859863 2340.648682
v 7428.883301 1257.657227 2205.372070
v 7618.978027 1268.367310 2268.978516
v 7495.234863 1227.891113 2145.234619
v 7690.648438 1241.874878 2189.902588
v 7555.371582 1198.124878 2078.883789
v 7754.222656 1211.874878 2104.182617
v 7608.715332 1168.124878 2006.957886
v 7809.089355 1181.874878 2012.643921
v 7654.753418 1138.124878 1930.149414
v 7854.718750 1151.874878 1916.168091
v 7693.039551 1108.124878 1849.198853
v 7890.672363 1121.874878 1815.684570
v 7723.207520 1078.124878 1764.884766
v 7916.603027 1091.874878 1712.160522
v 7744.966309 1048.124878 1678.019897
v 7932.263184 1061.874878 1606.593750
v 7758.105957 1018.124939 1589.440552
v 7937.499512 1031.874878 1500.000122
v 7762.499512 988.125000 1500.000122
v 6956.593750 -1295.760742 417.736877
v 6850.000000 -1300.000000 412.499878
v 6939.440430 -1298.317383 591.894165
v 6850.000000 -1300.000000 587.500244
v 7062.160645 -1286.549072 433.396423
v 7028.020020 -1294.436646 605.033691
v 7165.684570 -1271.640747 459.327698
v 7114.884766 -1286.909424 626.792236
v 7266.168457 -1250.001587 495.281189
v 7199.198730 -1273.333496 656.960083
v 7362.644043 -1221.354614 540.910889
v 7280.149414 -1252.756958 695.247070
v 7454.182617 -1190.787354 595.777100
v 7356.958008 -1227.385864 741.284180
v 7539.902344 -1160.138916 659.351440
v 7428.883789 -1200.609253 794.628174
v 7618.978516 -1128.125122 731.021606
v 7495.234863 -1171.875122 854.765320
v 7690.648926 -1098.125122 810.097595
v 7555.372070 -1141.875122 921.116333
v 7754.223145 -1068.125122 895.817627
v 7608.715820 -1111.875122 993.042419
v 7809.089355 -1038.125122 987.356323
v 7654.752930 -1081.875122 1069.850586
v 7854.718750 -1008.125122 1083.831909
v 7693.040039 -1051.875122 1150.801514
v 7890.672363 -978.125122 1184.315552
v 7723.208008 -1021.875122 1235.115234
v 7916.603516 -948.125122 1287.839355
v 7744.966309 -991.875122 1321.980103
v 7932.263184 -918.125122 1393.406372
v 7758.105957 -961.875122 1410.559326
v 7937.499512 -888.125122 1500.000000
v 7762.500000 -931.875122 1500.000000
v 6938.215332 534.999878 604.333984
v 6850.000000 505.000000 600.000305
v 6957.818848 584.999878 405.296997
v 6850.000000 554.999878 400.000305
v 7025.581055 564.999878 617.293457
v 7064.599609 614.999878 421.136475
v 7111.256348 594.999878 638.754028
v 7169.312988 644.999878 447.365906
v 7194.415039 624.999878 668.508667
v 7270.951660 674.999878 483.732727
v 7274.256836 654.999878 706.271118
v 7350.013184 684.999878 751.677612
v 7368.536621 704.999878 529.886902
v 7420.954102 714.999878 804.290771
v 7461.126953 734.999878 585.383667
v 7486.395996 744.999878 863.604126
v 7547.832520 764.999878 649.688843
v 7545.709473 774.999878 929.046326
v 7598.322754 804.999878 999.987000
v 7627.817383 794.999878 722.182800
v 7643.729004 834.999878 1075.743164
v 7700.311523 824.999878 802.167725
v 7681.491699 864.999878 1155.584961
v 7711.246094 894.999878 1238.743774
v 7764.616211 854.999878 888.872986
v 7732.706543 924.999878 1324.418823
v 7745.666016 954.999878 1411.784668
v 7750.000000 984.999878 1500.000000
v 7820.113281 884.999878 981.463928
v 7866.267090 914.999878 1079.048340
v 7902.634277 944.999878 1180.687012
v 7928.863281 974.999878 1285.400635
v 7944.702637 1004.999878 1392.181152
v 7949.999512 1034.999878 1500.000000
v 5755.296875 104.999901 1392.181152
v 5750.000488 74.999901 1499.999878
v 5771.136719 134.999908 1285.400635
v 5797.365723 164.999893 1180.686768
v 5833.732910 194.999893 1079.048218
v 5879.886719 224.999893 981.463562
v 5935.383789 254.999893 888.872803
v 5954.333984 54.999901 1411.784668
v 5950.000488 25.000000 1499.999878
v 5967.293457 84.999901 1324.418701
v 5988.753906 114.999901 1238.743774
v 5999.688965 284.999908 802.167480
v 6018.508789 144.999908 1155.584961
v 6056.270996 174.999893 1075.742920
v 6072.182617 314.999908 722.182617
v 6101.677734 204.999893 999.986816
v 6152.167480 344.999908 649.688599
v 6154.291016 234.999893 929.046143
v 6213.604004 264.999878 863.604004
v 6238.873047 374.999908 585.383606
v 6279.046387 294.999908 804.290710
v 6331.463867 404.999908 529.886719
v 6349.986816 324.999908 751.677368
v 6429.048340 434.999908 483.732697
v 6425.743164 354.999908 706.270874
v 6505.584961 384.999908 668.508484
v 6530.687012 464.999908 447.365906
v 6588.743652 414.999908 638.753784
v 6635.400879 494.999908 421.136505
v 6674.418945 444.999908 617.293396
v 6742.181152 524.999878 405.297211
v 6761.784668 474.999908 604.333923
v 6850.000000 504.999908 600.000183
v 5750.000488 74.999878 1500.000000
v 5755.297363 44.999908 1607.818848
v 5771.136719 14.999910 1714.599365
v 5797.365723 -15.000090 1819.312988
v 5833.732910 -45.000092 1920.951660
v 5879.886719 -75.000092 2018.536133
v 5935.383789 -105.000092 2111.126953
v 5950.000000 24.999910 1500.000000
v 5954.333984 -5.000090 1588.215332
v 5967.293457 -35.000092 1675.581177
v 5988.753906 -65.000092 1761.256226
v 5999.688477 -135.000092 2197.832275
v 6018.508301 -95.000092 1844.415039
v 6056.270996 -125.000092 1924.256836
v 6072.182617 -165.000092 2277.817139
v 6101.677246 -155.000092 2000.012939
v 6152.167480 -195.000092 2350.311279
v 6154.290527 -185.000092 2070.953613
v 6213.604004 -215.000107 2136.395996
v 6238.873047 -225.000107 2414.616211
v 6279.045898 -245.000107 2195.709229
v 6331.463379 -255.000107 2470.113037
v 6349.986816 -275.000122 2248.322510
v 6429.048340 -285.000122 2516.267334
v 6425.743164 -305.000122 2293.729004
v 6505.584961 -335.000092 2331.491211
v 6530.687012 -315.000122 2552.634033
v 6588.743652 -365.000092 2361.246094
v 6635.400391 -345.000092 2578.863525
v 6674.418945 -395.000092 2382.706543
v 6742.181152 -375.000092 2594.702881
v 6761.784668 -425.000092 2395.666016
v 6850.000000 -405.000092 2599.999756
v 6850.000000 -455.000000 2399.999756
v 6938.215332 -485.000092 2395.666016
v 6957.818848 -435.000092 2594.702881
v 7025.581055 -515.000122 2382.706543
v 7064.599121 -465.000092 2578.863525
v 7111.256348 -545.000122 2361.246094
v 7169.312988 -495.000092 2552.634033
v 7194.415039 -575.000122 2331.491455
v 7270.951660 -525.000122 2516.267334
v 7274.256836 -605.000122 2293.729004
v 7350.013184 -635.000122 2248.322510
v 7368.536133 -555.000122 2470.113281
v 7420.953613 -665.000122 2195.709229
v 7461.126953 -585.000122 2414.616455
v 7486.395996 -695.000122 2136.395996
v 7547.832520 -615.000122 2350.311523
v 7545.708984 -725.000122 2070.953857
v 7598.322266 -755.000122 2000.013184
v 7627.817383 -645.000122 2277.817383
v 7643.729004 -785.000122 1924.257080
v 7700.311035 -675.000122 2197.832520
v 7681.491211 -815.000122 1844.415039
v 7711.246094 -845.000122 1761.256226
v 7764.616211 -705.000122 2111.127197
v 7732.706543 -875.000122 1675.581299
v 7745.666016 -905.000122 1588.215332
v 7749.999512 -935.000000 1500.000122
v 7820.113281 -735.000122 2018.536377
v 7866.267090 -765.000122 1920.951782
v 7902.634277 -795.000122 1819.313232
v 7928.863281 -825.000122 1714.599365
v 7944.703125 -855.000122 1607.818848
v 7949.999512 -885.000122 1500.000122
v 6850.000000 1380.000000 2400.000244
v 5850.000000 1380.000000 2400.000244
v 6850.000000 1380.000000 2600.000244
v 5850.000000 1380.000000 2600.000000
v 6850.000000 1379.999878 2399.999756
v 6938.215332 1378.499878 2395.666016
v 6850.000000 1379.999878 2599.999756
v 6957.818848 1380.499878 2594.702881
v 7025.581055 1374.999878 2382.706543
v 7064.599121 1376.377197 2578.863525
v 7111.256348 1361.999878 2361.246094
v 7169.312988 1369.245483 2552.634033
v 7194.415039 1339.999878 2331.491455
v 7270.951660 1358.143677 2516.267334
v 7274.256836 1314.999878 2293.729004
v 7350.013184 1284.999878 2248.322510
v 7368.536133 1342.551392 2470.113281
v 7420.953613 1254.999878 2195.709229
v 7461.126953 1320.969604 2414.616455
v 7486.395996 1224.999878 2136.395996
v 7547.832520 1297.517090 2350.311523
v 7545.708984 1194.999878 2070.953857
v 7598.322266 1164.999878 2000.013184
v 7627.817383 1271.258545 2277.817383
v 7643.729004 1134.999878 1924.257080
v 7700.311035 1244.999878 2197.832520
v 7681.491211 1104.999878 1844.415039
v 7711.246094 1074.999878 1761.256226
v 7764.616211 1214.999878 2111.127197
v 7732.706543 1044.999878 1675.581299
v 7745.666016 1014.999878 1588.215332
v 7749.999512 985.000000 1500.000122
v 7820.113281 1184.999878 2018.536377
v 7866.267090 1154.999878 1920.951782
v 7902.634277 1124.999878 1819.313232
v 7928.863281 1094.999878 1714.599365
v 7944.703125 1064.999878 1607.818848
v 7949.999512 1034.999878 1500.000122
v 6938.215332 -1298.500122 604.333984
v 6850.000000 -1300.000000 600.000305
v 6957.818848 -1295.578247 405.296997
v 6850.000000 -1300.000000 399.999878
v 7025.581055 -1295.000122 617.293457
v 7064.599609 -1285.985718 421.136475
v 7111.256348 -1288.000122 638.754028
v 7169.312988 -1270.550171 447.365906
v 7194.415039 -1275.000122 668.508667
v 7270.951660 -1248.335083 483.732727
v 7274.256836 -1255.000122 706.271118
v 7350.013184 -1230.000122 751.677612
v 7368.536621 -1219.111572 529.886902
v 7420.954102 -1203.500122 804.290771
v 7461.126953 -1188.173218 585.383667
v 7486.395996 -1175.000122 863.604126
v 7547.832520 -1157.248047 649.688843
v 7545.709473 -1145.000122 929.046326
v 7598.322754 -1115.000122 999.987000
v 7627.817383 -1125.000122 722.182800
v 7643.729004 -1085.000122 1075.743164
v 7700.311523 -1095.000122 802.167725
v 7681.491699 -1055.000122 1155.584961
v 7711.246094 -1025.000122 1238.743774
v 7764.616211 -1065.000122 888.872986
v 7732.706543 -995.000122 1324.418823
v 7745.666016 -965.000122 1411.784668
v 7750.000000 -935.000122 1500.000000
v 7820.113281 -1035.000122 981.463928
v 7866.267090 -1005.000122 1079.048340
v 7902.634277 -975.000122 1180.687012
v 7928.863281 -945.000122 1285.400635
v 7944.702637 -915.000122 1392.181152
v 7949.999512 -885.000122 1500.000000
v -282.842590 2682.842773 412.499817
v -282.842590 2682.842773 587.499695
v -253.757202 2709.204102 412.499817
v -253.757202 2709.204102 587.499695
v -222.227997 2732.587891 412.499817
v -222.228104 2732.587891 587.499695
v -188.558594 2752.768311 412.499817
v -188.558701 2752.768311 587.499695
v -153.073303 2769.551758 412.499817
v -153.073303 2769.551758 587.499695
v -116.113602 2782.776123 412.499908
v -116.113701 2782.776123 587.499817
v -78.036102 2792.314209 412.499908
v -78.036102 2792.314209 587.499817
v -39.206902 2798.073975 412.499908
v -39.206902 2798.073975 587.499817
v 0.000000 2800.000000 412.499908
v 0.000000 2800.000000 587.499817
v 499.999908 2800.000000 412.499908
v 499.999908 2800.000000 587.499817
v -2000.912476 978.946716 412.499786
v -2000.912476 978.946472 587.499695
v -282.842590 2682.842529 412.499695
v -282.842590 2682.842773 587.499817
v -282.842590 2682.842773 399.999817
v -253.757202 2709.204102 399.999817
v -282.842590 2682.842773 599.999695
v -253.757202 2709.204102 599.999695
v -222.228104 2732.587891 599.999695
v -222.227997 2732.587891 399.999817
v -188.558701 2752.768311 599.999695
v -188.558594 2752.768311 399.999817
v -153.073303 2769.551758 599.999695
v -153.073303 2769.551758 399.999817
v -116.113701 2782.776123 599.999817
v -116.113602 2782.776123 399.999908
v -78.036102 2792.314209 599.999817
v -78.036102 2792.314209 399.999908
v -39.206902 2798.073975 399.999908
v -39.206902 2798.073975 599.999817
v 0.000000 2800.000000 399.999908
v 0.000000 2800.000000 599.999817
v 499.999908 2800.000000 399.999908
v 499.999908 2800.000000 599.999817
v -2000.912476 978.946716 399.999786
v -282.842590 2682.842529 399.999695
v -2000.912476 978.946472 599.999695
v -282.842590 2682.842773 599.999817
# 2786 vertices

vt 0.49990 2.11720
vt 0.00000 2.25010
vt 0.49990 2.25010
vt 0.00000 2.11720
vt 0.03510 2.31260
vt 0.46480 2.31260
vt 0.40230 2.00010
vt 0.09760 2.00010
vt 2.83980 -1.00400
vt 2.00390 -1.24610
vt 2.95310 -1.24610
vt 2.00390 -1.00400
vt 2.99600 -1.24610
vt 2.24600 -1.00400
vt 2.15230 -1.24610
vt 2.99600 -1.00400
vt 2.73040 -1.24610
vt 2.33980 -1.24610
vt 2.24210 -1.24610
vt 2.24210 -1.00400
vt 2.91010 -23.99610
vt 2.50390 -23.68760
vt 2.99600 -23.68760
vt 2.58980 -23.99610
vt 0.87890 -0.25390
vt 0.00000 -0.49990
vt 0.99990 -0.49990
vt 0.12100 -0.25390
vt 0.87100 -0.28120
vt 0.12890 -0.28120
vt 2.91010 -28.99610
vt 2.50390 -28.68760
vt 2.99600 -28.68760
vt 2.58980 -28.99610
vt 0.99990 -0.99990
vt 0.00000 2.00010
vt 0.00000 -0.99990
vt 0.99990 2.00010
vt 0.99990 3.54680
vt 0.00000 3.00000
vt 0.99990 3.00000
vt 0.00000 3.54680
vt 0.05460 3.51560
vt 0.59370 3.99990
vt 0.35150 3.99990
vt 0.92180 3.51560
vt -12.99990 -0.00010
vt -12.99990 -1.92190
vt -15.28120 -1.92190
vt 4.99990 -1.92190
vt 0.00000 -0.00010
vt 0.00000 -1.92190
vt 4.99990 -0.00010
vt 0.00000 1.99990
vt 2.99990 -18.00000
vt 0.00000 -18.00000
vt 2.99990 1.99990
vt 1.84370 -18.99990
vt -0.10930 -19.99990
vt 2.12490 -19.99990
vt 0.10930 -18.99990
vt 1.76560 -19.35930
vt 0.14060 -19.35930
vt 2.99990 -18.99990
vt 7.10930 -19.99990
vt 2.90620 -19.99990
vt 6.98430 -18.99990
vt 3.10930 -19.35930
vt 6.93740 -19.35930
vt 3.74800 -17.37700
vt 3.63670 -17.37700
vt 3.74800 -17.48830
vt -0.46670 -0.56260
vt -0.25000 -0.62510
vt -0.50000 -0.62510
vt -0.27920 -0.56260
vt -0.24990 -0.62510
vt -0.25190 -1.87310
vt -0.50000 -1.62510
vt -0.25190 -1.62510
vt -0.35740 -1.87310
vt -0.49990 -0.62510
vt 0.44330 -0.75790
vt 0.24990 -0.88480
vt 0.05660 -0.75790
vt 0.49020 -0.50200
vt 0.49800 -0.78130
vt 0.00190 -0.50200
vt 0.00190 -0.78330
vt 0.00190 -0.64260
vt 0.05070 -0.66410
vt 0.00190 -0.99810
vt 0.49020 -0.63870
vt 0.49020 -0.99810
vt 0.44720 -0.66410
vt 0.25190 -0.53520
vt 1.62300 -1.49810
vt 1.74800 -1.49810
vt 1.62300 -1.37510
vt 1.50190 -1.49810
vt 0.53120 -0.99810
vt 0.74800 -0.99810
vt 0.74800 -0.87700
vt 0.49410 -0.87700
vt 0.66990 -1.50200
vt 0.74800 -1.50200
vt 0.72850 -1.54450
vt 0.74800 -1.55860
vt 0.05270 -0.43760
vt 0.00190 -0.37700
vt 0.00190 -0.43760
vt 0.23820 -0.43760
vt 0.26170 -0.43170
vt 0.23820 -0.37700
vt 0.49210 -0.37700
vt 0.26170 -0.37700
vt 0.49800 -0.43170
vt 0.64060 -0.76180
vt 0.70950 -0.62700
vt 0.60150 -0.62700
vt 0.74600 -0.76180
vt 0.74600 -0.62700
vt 0.58200 -0.76370
vt 0.74600 -0.87110
vt 3.95310 -2.99610
vt 3.74990 -2.81840
vt 3.99990 -2.81840
vt 3.78900 -2.99610
vt 0.99990 -17.00000
vt 0.00000 -17.00000
vt 0.49990 -17.87880
vt 0.99990 -18.00000
vt 0.50000 -1.00000
vt 0.00200 -0.93520
vt 1.00000 -0.93510
vt 0.00000 -0.06500
vt 0.99990 -0.06500
vt 0.50000 0.00000
vt 0.99990 0.00010
vt 0.57440 0.00010
vt 0.49990 -25.00000
vt 0.99990 -0.00010
vt 0.99990 -25.00000
vt 0.49990 -0.00010
vt 0.00000 -25.00000
vt 3.99990 -0.00010
vt 0.99990 -14.00000
vt 3.99990 -14.00000
vt 0.00000 -14.00000
vt 6.99990 -0.00010
vt 6.99990 -14.00000
vt 18.99990 -0.00010
vt 17.99990 -14.00000
vt 18.99990 -14.00000
vt 17.99990 -0.00010
vt 14.99990 -14.00000
vt 14.99990 -0.00010
vt 0.00000 -1.81840
vt 1.99990 -0.00010
vt 0.00000 0.34370
vt 1.99990 -2.00010
vt 0.00000 -3.98050
vt 1.99990 -4.00010
vt 1.99990 -6.00010
vt 0.00000 -6.14260
vt 1.99990 -8.00000
vt 0.00000 -8.30460
vt 2.89060 -1.00010
vt 2.99990 -2.00010
vt 1.99990 -1.00010
vt 1.03900 -0.99220
vt 0.99990 -2.00010
vt 1.97650 -1.00010
vt 0.08590 -1.00010
vt 0.00000 -2.00010
vt 0.99990 -1.00010
vt 1.99990 0.00000
vt 5.99990 -1.00000
vt 1.99990 -1.00000
vt 5.99990 0.00000
vt 0.00000 -1.00000
vt 0.99990 0.00000
vt 0.99990 -1.00000
vt 0.00000 0.00000
vt 1.99990 -3.00000
vt 2.99990 -3.00000
vt 0.99990 -3.00000
vt 0.00000 -3.00000
vt 1.26560 -1.99220
vt 0.99990 -1.06260
vt 0.73430 -1.99220
vt 0.29680 -1.99220
vt 0.99990 -1.00790
vt 0.00000 -1.00790
vt 0.70310 -1.99220
vt 1.58590 -1.99220
vt 1.30460 -1.67970
vt 1.69530 -1.68760
vt 1.41400 -1.99220
vt 0.38280 -1.99220
vt -0.08590 -1.00790
vt 0.08590 -1.00790
vt -0.38280 -1.99220
vt 0.00000 -2.00000
vt 1.99990 -2.00000
vt 0.00000 -1.00010
vt 2.99990 -0.01670
vt 2.99990 -0.76570
vt 4.99990 -0.76570
vt 4.99990 -0.01670
vt 0.99990 -0.01670
vt 0.99990 -0.76570
vt 5.99990 -0.76570
vt 5.99990 -0.01670
vt 0.00000 -0.76570
vt 0.00000 -0.01670
vt 1.99990 1.70310
vt 2.99990 1.00000
vt 1.99990 1.00000
vt 2.99990 1.70310
vt 1.99990 1.99990
vt 0.00000 1.00000
vt -0.29680 1.70310
vt 0.00000 1.70310
vt -0.29680 1.00000
vt -0.29680 1.99990
vt 0.99990 1.70310
vt 0.99990 1.99990
vt 0.99990 1.00000
vt 0.07810 1.99990
vt 0.89060 1.99990
vt 0.00000 -0.62510
vt 0.46870 -0.00010
vt 0.46870 -0.62510
vt 0.46870 -1.00000
vt 0.00000 -0.64070
vt 0.99990 -0.64070
vt 0.00000 -0.36720
vt 0.49990 -0.49220
vt 0.00000 -0.49220
vt 0.49990 -0.36720
vt 0.00000 -0.98440
vt 0.99990 -0.98440
vt 3.99990 -0.01670
vt 3.99990 -0.98440
vt 4.99990 -0.98440
vt 8.99990 -38.99990
vt 11.99990 -38.99990
vt 8.99990 -39.81240
vt 11.99990 -39.81240
vt 0.00000 -38.99990
vt 2.99990 -39.81240
vt 0.00000 -39.81240
vt 2.99990 -38.99990
vt 5.99990 -39.81240
vt 5.99990 -38.99990
vt 2.99990 -39.99210
vt 0.16590 -39.99210
vt 11.99990 -39.99210
vt 8.99990 -39.99210
vt 5.99990 -39.99210
vt 2.99990 -36.00000
vt 1.99990 -26.00010
vt 1.99990 -36.00000
vt 2.99990 -26.00010
vt 2.99990 -6.00010
vt 1.99990 3.99990
vt 2.99990 3.99990
vt 1.99990 -16.00010
vt 2.99990 -16.00010
vt 0.62490 -35.00010
vt 0.99990 -36.00000
vt 0.24990 -36.00000
vt 0.00390 -35.00010
vt 0.17960 -35.00010
vt 0.08590 -35.00010
vt 0.24600 -35.00010
vt 0.24600 -35.81650
vt 0.24600 -35.97810
vt 0.17960 -35.81650
vt 0.17960 -35.95610
vt 0.08590 -35.81650
vt 0.08590 -35.97810
vt 0.08590 -35.75010
vt 0.17960 -35.75010
vt 0.00390 -35.81650
vt 0.00390 -36.00000
vt 0.24600 -35.93430
vt 0.00390 -35.75010
vt 0.24600 -35.75010
vt 0.08590 -36.00000
vt 0.17960 -35.97810
vt 0.41010 1.42570
vt 0.84370 1.42570
vt 0.62490 1.99600
vt 0.24990 1.00780
vt 0.99990 1.00780
vt 0.37000 -37.00780
vt 2.99990 -37.99210
vt 0.00000 -37.99210
vt 2.63000 -37.00780
vt 0.49990 -0.75010
vt 0.49990 -0.50790
vt 0.99990 -0.50790
vt 0.99990 -0.75010
vt 0.49990 -1.00000
vt -1.60930 -6.00000
vt -1.74990 -0.00010
vt -1.74990 -6.00000
vt -1.60930 -0.00010
vt -1.49990 -6.00000
vt -1.49990 -0.00010
vt -1.33200 -0.00010
vt -1.25000 -6.00000
vt -1.25000 -0.00010
vt -1.33200 -6.00000
vt -1.24990 -0.00010
vt -1.24990 -6.00000
vt -1.60930 -8.00000
vt -1.49990 -7.50010
vt -1.49990 -8.00000
vt -1.60930 -7.50010
vt -1.74990 -8.00000
vt -1.74990 -7.50010
vt -1.33200 -7.50010
vt -1.33200 -8.00000
vt -1.24990 -8.00000
vt -1.24990 -7.50010
vt -1.25000 -7.50010
vt -1.25000 -8.00000
vt -1.49990 -7.00010
vt -1.60930 -7.00010
vt -1.74990 -7.00010
vt -1.33200 -7.00010
vt -1.24990 -7.00010
vt -1.25000 -7.00010
vt -1.49990 -6.50010
vt -1.60930 -6.50010
vt -1.74990 -6.50010
vt -1.33200 -6.50010
vt -1.24990 -6.50010
vt -1.25000 -6.50010
vt -1.49990 -6.00010
vt -1.60930 -6.00010
vt -1.74990 -6.00010
vt -1.33200 -6.00010
vt -1.24990 -6.00010
vt -1.25000 -6.00010
vt -1.49990 -5.50010
vt -1.60930 -5.50010
vt -1.74990 -5.50010
vt -1.33200 -5.50010
vt -1.24990 -5.50010
vt -1.49990 -5.00010
vt -1.60930 -5.00010
vt -1.74990 -5.00010
vt -1.33200 -5.00010
vt -1.24990 -5.00010
vt -1.25000 -5.50010
vt -1.49990 -4.50010
vt -1.60930 -4.50010
vt -1.74990 -4.50010
vt -1.33200 -4.50010
vt -1.24990 -4.50010
vt -1.25000 -5.00010
vt -1.49990 -4.00010
vt -1.60930 -4.00010
vt -1.74990 -4.00010
vt -1.33200 -4.00010
vt -1.24990 -4.00010
vt -1.25000 -4.50010
vt -1.49990 -3.50010
vt -1.60930 -3.50010
vt -1.74990 -3.50010
vt -1.33200 -3.50010
vt -1.24990 -3.50010
vt -1.49990 -3.00010
vt -1.60930 -3.00010
vt -1.74990 -3.00010
vt -1.33200 -3.00010
vt -1.24990 -3.00010
vt -1.25000 -4.00010
vt -1.49990 -2.50010
vt -1.60930 -2.50010
vt -1.74990 -2.50010
vt -1.33200 -2.50010
vt -1.24990 -2.50010
vt -1.49990 -2.00010
vt -1.60930 -2.00010
vt -1.74990 -2.00010
vt -1.33200 -2.00010
vt -1.24990 -2.00010
vt -1.25000 -3.50010
vt -1.49990 -1.50010
vt -1.60930 -1.50010
vt -1.74990 -1.50010
vt -1.33200 -1.50010
vt -1.24990 -1.50010
vt -1.49990 -1.00010
vt -1.60930 -1.00010
vt -1.74990 -1.00010
vt -1.33200 -1.00010
vt -1.24990 -1.00010
vt -1.49990 -0.50010
vt -1.60930 -0.50010
vt -1.74990 -0.50010
vt -1.33200 -0.50010
vt -1.25000 -3.00010
vt -1.24990 -0.50010
vt -1.25000 -2.50010
vt -1.25000 -2.00010
vt -1.25000 -1.50010
vt -1.25000 -1.00010
vt -1.25000 -0.50010
vt -1.74990 -7.00000
vt -1.60930 -7.00000
vt -1.49990 -7.00000
vt -1.33200 -7.00000
vt -1.24990 -7.00000
vt -1.25000 -7.00000
vt -1.60930 -16.00000
vt -1.74990 -16.00000
vt -1.49990 -16.00000
vt -1.24990 -16.00000
vt -1.33200 -16.00000
vt -1.25000 -16.00000
vt -1.60930 -1.80010
vt -1.74990 -1.80010
vt -1.49990 -1.80010
vt -1.24990 -1.80010
vt -1.33200 -1.80010
vt -1.25000 -1.80010
vt -1.74990 -1.60010
vt -1.60930 -1.60010
vt -1.24990 -1.60010
vt -1.33200 -1.60010
vt -1.25000 -1.60010
vt -1.49990 -1.60010
vt -1.74990 -1.40000
vt -1.60930 -1.40000
vt -1.24990 -1.40000
vt -1.33200 -1.40000
vt -1.49990 -1.40000
vt -1.25000 -1.40000
vt -1.74990 -1.20000
vt -1.60930 -1.20000
vt -1.49990 -1.20000
vt -1.33200 -1.20000
vt -1.25000 -1.20000
vt -1.24990 -1.20000
vt -1.74990 -0.80010
vt -1.60930 -0.80010
vt -1.33200 -0.80010
vt -1.25000 -0.80010
vt -1.24990 -0.80010
vt -1.49990 -0.80010
vt -1.74990 -0.60010
vt -1.60930 -0.60010
vt -1.49990 -0.60010
vt -1.33200 -0.60010
vt -1.25000 -0.60010
vt -1.24990 -0.60010
vt -1.74990 -0.40000
vt -1.60930 -0.40000
vt -1.49990 -0.40000
vt -1.24990 -0.40000
vt -1.33200 -0.40000
vt -1.25000 -0.40000
vt -1.74990 -0.20000
vt -1.60930 -0.20000
vt -1.49990 -0.20000
vt -1.24990 -0.20000
vt -1.33200 -0.20000
vt -1.25000 -0.20000
vt -1.60930 -5.00000
vt -1.74990 -4.80000
vt -1.74990 -5.00000
vt -1.60930 -4.80000
vt -1.49990 -5.00000
vt -1.49990 -4.80000
vt -1.25000 -5.00000
vt -1.33200 -4.80000
vt -1.33200 -5.00000
vt -1.25000 -4.80000
vt -1.24990 -4.80000
vt -1.24990 -5.00000
vt -1.74990 -4.60000
vt -1.60930 -4.60000
vt -1.49990 -4.60000
vt -1.24990 -4.60000
vt -1.33200 -4.60000
vt -1.25000 -4.60000
vt -1.74990 -4.40000
vt -1.60930 -4.40000
vt -1.49990 -4.40000
vt -1.33200 -4.40000
vt -1.25000 -4.40000
vt -1.24990 -4.40000
vt -1.74990 -1.40010
vt -1.60930 -1.40010
vt -1.49990 -1.40010
vt -1.33200 -1.40010
vt -1.24990 -1.40010
vt -1.25000 -1.40010
vt -1.74990 -1.20010
vt -1.60930 -1.20010
vt -1.24990 -1.20010
vt -1.33200 -1.20010
vt -1.25000 -1.20010
vt -1.49990 -1.20010
vt -1.74990 -0.60000
vt -1.60930 -0.60000
vt -1.49990 -0.60000
vt -1.33200 -0.60000
vt -1.24990 -0.60000
vt -1.25000 -0.60000
vt -1.74990 -0.40010
vt -1.60930 -0.40010
vt -1.49990 -0.40010
vt -1.33200 -0.40010
vt -1.24990 -0.40010
vt -1.25000 -0.40010
vt -1.33200 -1.00000
vt -1.24990 -1.00000
vt -5.99990 -1.00010
vt -6.99990 -1.00010
vt -5.99990 -2.00010
vt -2.99990 -1.00010
vt -2.99990 -2.00010
vt -1.99990 -1.00010
vt -6.99990 -23.50010
vt -7.99990 -1.00010
vt -7.99990 -23.50010
vt -4.99990 -1.00010
vt -4.99990 -2.00010
vt -5.99990 -23.50010
vt -4.99990 -2.50010
vt -4.99990 -23.50010
vt -5.03900 -1.00010
vt -5.99990 -0.50010
vt -5.23430 -0.50010
vt -3.99990 -1.00010
vt -3.99990 -2.00010
vt -4.11710 -0.50010
vt -4.96090 -1.00010
vt -4.03900 -1.00010
vt -4.89060 -0.50010
vt -2.99990 -0.50010
vt -3.96090 -1.00010
vt -3.78900 -0.50010
vt -3.99990 -2.50010
vt -2.99990 -23.50010
vt -3.99990 -23.50010
vt -1.99990 -23.50010
vt -0.99990 -1.00010
vt -0.99990 -23.50010
vt -6.99990 -28.50010
vt -7.99990 -28.50010
vt -5.99990 -28.50010
vt -4.99990 -28.50010
vt -2.99990 -28.50010
vt -3.99990 -28.50010
vt -1.99990 -28.50010
vt -0.99990 -28.50010
vt 26.99990 -11.50010
vt 0.75550 -10.50010
vt 26.99990 -10.50010
vt 0.75550 -11.50010
vt 26.99990 -14.50010
vt 0.43930 -13.50010
vt 0.19290 -14.50010
vt 26.99990 -13.50010
vt 27.49990 -11.50010
vt 27.49990 -10.50010
vt 27.49990 -14.50010
vt 27.49990 -13.50010
vt 27.99990 -11.50010
vt 27.99990 -10.50010
vt 27.99990 -14.50010
vt 27.99990 -13.50010
vt 28.49990 -11.50010
vt 28.49990 -10.50010
vt 28.49990 -14.50010
vt 28.49990 -13.50010
vt 28.99990 -11.50010
vt 28.99990 -10.50010
vt 28.99990 -14.50010
vt 28.99990 -13.50010
vt 29.49990 -11.50010
vt 29.49990 -10.50010
vt 29.49990 -13.50010
vt 29.49990 -14.50010
vt 29.99990 -10.50010
vt 29.99990 -11.50010
vt 29.99990 -13.50010
vt 29.99990 -14.50010
vt 30.49990 -10.50010
vt 30.49990 -11.50010
vt 30.49990 -14.50010
vt 30.49990 -13.50010
vt 30.99990 -10.50010
vt 30.99990 -11.50010
vt 30.99990 -14.50010
vt 30.99990 -13.50010
vt 36.99990 -14.50010
vt 36.99990 -13.50010
vt 36.99990 -11.50010
vt 36.99990 -10.50010
vt 0.38590 -15.99990
vt 53.99990 -16.99990
vt 0.13980 -16.99990
vt 53.99990 -15.99990
vt 54.99990 -16.99990
vt 54.99990 -15.99990
vt 55.99990 -16.99990
vt 55.99990 -15.99990
vt 56.99990 -16.99990
vt 56.99990 -15.99990
vt 57.99990 -16.99990
vt 57.99990 -15.99990
vt 58.99990 -15.99990
vt 58.99990 -16.99990
vt 59.99990 -15.99990
vt 59.99990 -16.99990
vt 60.99990 -16.99990
vt 60.99990 -15.99990
vt 61.99990 -15.99990
vt 61.99990 -16.99990
vt 73.99990 -16.99990
vt 73.99990 -15.99990
vt 26.99990 -18.99990
vt 0.75550 -17.99990
vt 26.99990 -17.99990
vt 0.75550 -18.99990
vt 27.49990 -18.99990
vt 27.49990 -17.99990
vt 27.99990 -18.99990
vt 27.99990 -17.99990
vt 28.49990 -18.99990
vt 28.49990 -17.99990
vt 28.99990 -18.99990
vt 28.99990 -17.99990
vt 29.49990 -18.99990
vt 29.49990 -17.99990
vt 29.99990 -18.99990
vt 29.99990 -17.99990
vt 30.49990 -18.99990
vt 30.49990 -17.99990
vt 30.99990 -18.99990
vt 30.99990 -17.99990
vt 36.99990 -18.99990
vt 36.99990 -17.99990
vt 0.74990 -1.50010
vt 0.66790 -14.96510
vt 0.74990 -14.99290
vt 0.66790 -1.50010
vt 0.66790 -1.20000
vt 0.74990 -1.20000
vt 0.66790 -0.90000
vt 0.74990 -0.90000
vt 0.74990 -0.60010
vt 0.66790 -0.60010
vt 0.66790 -0.30010
vt 0.74990 -0.30010
vt 0.66790 -0.00010
vt 0.74990 -0.00010
vt 0.74990 0.30000
vt 0.66790 0.30000
vt 0.66790 0.60000
vt 0.74990 0.60000
vt 0.66790 0.89990
vt 0.74990 0.89990
vt 0.66790 3.99990
vt 0.74990 3.99990
vt 0.99990 -29.18740
vt 2.14060 1.99990
vt 2.14060 -29.18740
vt -1.99990 1.99990
vt -0.85150 -29.18740
vt -1.99990 -29.18740
vt -0.85150 1.99990
vt 3.14060 -0.00010
vt -4.99990 -20.00000
vt 3.14060 -20.00000
vt -4.99990 -0.00010
vt -0.10930 -30.99990
vt 1.95310 -29.99990
vt 2.14060 -30.99990
vt 0.04680 -29.99990
vt -0.99990 -5.00010
vt -0.99990 -6.00010
vt -2.99990 -0.00010
vt -0.99990 -4.00010
vt -0.99990 -0.00010
vt -2.99990 -12.00000
vt -0.99990 -12.00000
vt -11.99990 -4.00010
vt -3.99990 -5.00010
vt -11.99990 -5.00010
vt -3.99990 -4.00010
vt -11.99990 -0.00010
vt -3.99990 -0.00010
vt -11.99990 -6.00010
vt -3.99990 -12.00000
vt -11.99990 -12.00000
vt -3.99990 -6.00010
vt 0.00000 -47.00000
vt 0.99990 -47.00000
vt 1.49990 -69.00000
vt 0.00000 5.99990
vt 1.49990 5.99990
vt 0.00000 -69.00000
vt 0.99990 -14.85670
vt 0.99990 -69.00000
vt 0.49990 -14.85690
vt 0.99990 -11.87710
vt 0.49990 -11.87740
vt 0.99990 5.99990
vt 0.00000 -14.85720
vt 0.00000 -11.87760
vt 0.00000 -54.00010
vt 1.99990 -74.99990
vt 0.00000 -74.99990
vt 1.99990 -54.00010
vt 3.99990 -0.48440
vt 0.00000 -29.00000
vt 3.99990 -29.00000
vt 0.00000 -0.48440
vt -1.49990 -69.00000
vt -0.99990 -69.00000
vt -1.49990 -43.73440
vt -0.99990 -34.00010
vt -1.49990 -42.34380
vt -1.49990 -34.00010
vt -1.99990 -34.00010
vt -1.99990 -69.00000
vt -1.99990 -43.73340
vt -1.99990 -42.34290
vt -0.99990 -43.73310
vt -0.99990 -42.34270
vt 0.26000 -34.99990
vt 2.99990 -35.99990
vt 0.03900 -35.99990
vt 2.73990 -34.99990
vt 9.99990 -35.99990
vt 4.13000 -34.99990
vt 3.99990 -35.99990
vt 9.86990 -34.99990
vt 14.77340 0.00010
vt 9.99600 0.00010
vt 14.99990 -0.99990
vt 4.99990 -0.99990
vt 5.21870 0.00010
vt 0.03900 -0.99990
vt 3.63280 0.00010
vt 3.95310 -0.99990
vt 0.36710 0.00010
vt 2.07030 15.25780
vt -0.07810 -49.99990
vt 2.07030 -49.99990
vt -0.07810 15.25780
vt 7.07030 -49.99990
vt 7.07030 15.25780
vt 4.92180 15.25780
vt 4.92180 -49.99990
vt -0.25190 -33.37700
vt -0.25190 -33.48640
vt -0.36130 -33.37700
vt -0.25190 -51.48640
vt -0.25190 -51.37700
vt -0.36130 -51.37700
vt 1.74800 1.62300
vt 1.69330 1.56830
vt 1.63860 1.62300
vt 1.74800 1.51360
vt 0.00000 -33.00000
vt 0.99990 -33.00000
vt 0.99990 -34.00000
vt 0.00000 -34.00000
vt 0.99990 -52.00000
vt 0.00000 -52.00000
vt 0.00000 -51.00000
vt 0.99990 -51.00000
vt 0.49990 1.99990
vt 0.49990 1.49990
vt 0.00000 1.49990
vt 0.99990 1.49990
vt 0.49990 1.00000
vt 7.07030 -25.00010
vt 4.92180 -52.00000
vt 7.07030 -52.00000
vt 4.92180 -25.00010
vt 0.03900 -53.99990
vt 2.73990 -52.99990
vt 2.99990 -53.99990
vt 0.26000 -52.99990
vt 9.99990 -53.99990
vt 4.13000 -52.99990
vt 3.99990 -53.99990
vt 9.86990 -52.99990
vt 2.07030 -25.00010
vt -0.07810 -52.00000
vt 2.07030 -52.00000
vt -0.07810 -25.00010
vt 8.24210 1.99990
vt 8.24210 -52.00000
vt 8.29680 -0.62510
vt 2.99990 -13.00000
vt 8.29680 -13.00000
vt 2.99990 -0.62510
vt 0.00000 -3.00010
vt 0.99990 -45.00000
vt 0.00000 -45.00000
vt 0.99990 -3.00010
vt 1.99990 -45.00000
vt 0.99990 -55.00000
vt 0.00000 -55.00000
vt 1.99990 -55.00000
vt 0.70310 -0.03910
vt 0.55460 -0.03910
vt 0.62490 -0.13290
vt 0.00780 -0.00010
vt 0.49210 -1.00000
vt 0.00780 -1.00000
vt 0.49210 -0.00010
vt 0.50780 -0.14850
vt 0.74210 -1.00000
vt 0.50780 -1.00000
vt 0.74210 -0.14850
vt 0.49210 -2.00010
vt 0.00780 -3.00000
vt 0.49210 -3.00000
vt 0.00780 -2.00010
vt -0.30000 -0.01570
vt 8.23000 -0.64070
vt -0.29990 -0.64070
vt 8.22990 -0.01570
vt -0.29990 -0.98440
vt 8.23000 -0.98440
vt 3.87490 -9.60010
vt 0.12490 -9.20000
vt 0.12490 -9.60010
vt 3.87490 -9.20000
vt 0.12490 -8.80010
vt 3.87490 -8.80010
vt 0.12490 -8.40000
vt 3.87490 -8.40000
vt 0.12490 -8.00010
vt 3.87490 -8.00010
vt 3.87490 -28.00000
vt 0.12490 -0.00010
vt 0.12490 -28.00000
vt 3.87490 -0.00010
vt 3.87490 -14.00000
vt 0.12490 -14.00000
vt -1.00780 -9.60010
vt -1.49210 -9.20000
vt -1.49210 -9.60010
vt -1.00780 -9.20000
vt -1.50780 -9.60010
vt -1.99210 -9.20000
vt -1.99210 -9.60010
vt -1.50780 -9.20000
vt -1.49210 -8.80010
vt -1.00780 -8.80010
vt -1.99210 -8.80010
vt -1.50780 -8.80010
vt -1.49210 -8.40000
vt -1.00780 -8.40000
vt -1.99210 -8.40000
vt -1.50780 -8.40000
vt -1.99210 -8.00010
vt -1.50780 -8.00010
vt -1.49210 -8.00010
vt -1.00780 -8.00010
vt -1.50780 -28.00000
vt -1.99210 -0.00010
vt -1.99210 -28.00000
vt -1.50780 -0.00010
vt -1.00780 -28.00000
vt -1.49210 -0.00010
vt -1.49210 -28.00000
vt -1.00780 -0.00010
vt -1.00780 -14.00000
vt -1.49210 -14.00000
vt -1.50780 -14.00000
vt -1.99210 -14.00000
vt 0.12490 -9.60000
vt 3.87490 -10.00000
vt 0.12490 -10.00000
vt 3.87490 -9.60000
vt 0.12490 -8.80000
vt 3.87490 -8.80000
vt 0.12490 -2.80010
vt 3.87490 -2.80010
vt 0.12490 -2.40010
vt 3.87490 -2.40010
vt 0.12490 -2.00010
vt 3.87490 -2.00010
vt 0.12490 -1.60010
vt 3.87490 -1.60010
vt 0.12490 -1.20000
vt 3.87490 -1.20000
vt 0.12490 -0.80010
vt 3.87490 -0.80010
vt 0.12490 -0.40000
vt 3.87490 -0.40000
vt 0.12490 -4.00010
vt 3.87490 -32.00000
vt 0.12490 -32.00000
vt 3.87490 -4.00010
vt 0.12490 -3.60010
vt 3.87490 -3.60010
vt 0.12490 -3.20010
vt 3.87490 -3.20010
vt 0.12490 -2.80000
vt 3.87490 -2.80000
vt 0.12490 -2.40000
vt 3.87490 -2.40000
vt 0.12490 -1.20010
vt 3.87490 -1.20010
vt 0.12490 -0.80000
vt 3.87490 -0.80000
vt 3.87490 -12.00000
vt 0.12490 -12.00000
vt -1.99210 -9.60000
vt -1.50780 -10.00000
vt -1.99210 -10.00000
vt -1.50780 -9.60000
vt -1.49210 -9.60000
vt -1.00780 -10.00000
vt -1.49210 -10.00000
vt -1.00780 -9.60000
vt -1.49210 -8.80000
vt -1.00780 -8.80000
vt -1.99210 -8.80000
vt -1.50780 -8.80000
vt -1.49210 -2.80010
vt -1.00780 -2.80010
vt -1.99210 -2.80010
vt -1.50780 -2.80010
vt -1.49210 -2.40010
vt -1.00780 -2.40010
vt -1.99210 -2.40010
vt -1.50780 -2.40010
vt -1.49210 -2.00010
vt -1.00780 -2.00010
vt -1.99210 -2.00010
vt -1.50780 -2.00010
vt -1.49210 -1.60010
vt -1.00780 -1.60010
vt -1.99210 -1.60010
vt -1.50780 -1.60010
vt -1.49210 -1.20000
vt -1.00780 -1.20000
vt -1.99210 -1.20000
vt -1.50780 -1.20000
vt -1.49210 -0.80010
vt -1.00780 -0.80010
vt -1.99210 -0.80010
vt -1.50780 -0.80010
vt -1.49210 -0.40000
vt -1.00780 -0.40000
vt -1.99210 -0.40000
vt -1.50780 -0.40000
vt -1.99210 -4.00010
vt -1.50780 -32.00000
vt -1.99210 -32.00000
vt -1.50780 -4.00010
vt -1.49210 -4.00010
vt -1.00780 -32.00000
vt -1.49210 -32.00000
vt -1.00780 -4.00010
vt -1.99210 -3.60010
vt -1.50780 -3.60010
vt -1.49210 -3.60010
vt -1.00780 -3.60010
vt -1.49210 -3.20010
vt -1.00780 -3.20010
vt -1.99210 -3.20010
vt -1.50780 -3.20010
vt -1.49210 -2.80000
vt -1.00780 -2.80000
vt -1.99210 -2.80000
vt -1.50780 -2.80000
vt -1.49210 -2.40000
vt -1.00780 -2.40000
vt -1.99210 -2.40000
vt -1.50780 -2.40000
vt -1.49210 -1.20010
vt -1.00780 -1.20010
vt -1.99210 -1.20010
vt -1.50780 -1.20010
vt -1.49210 -0.80000
vt -1.00780 -0.80000
vt -1.99210 -0.80000
vt -1.50780 -0.80000
vt -1.00780 -12.00000
vt -1.49210 -12.00000
vt -1.50780 -12.00000
vt -1.99210 -12.00000
vt -0.30000 -0.62510
vt 8.22990 -0.71880
vt -0.30000 -0.71880
vt 8.22990 -0.62510
vt 3.87490 -1.00010
vt 0.12490 -1.00010
vt 3.87490 -3.00010
vt 0.12490 -3.00010
vt 3.87490 -5.00010
vt 0.12490 -5.00010
vt 3.87490 -6.00010
vt 0.12490 -6.00010
vt 3.87490 -7.00010
vt 0.12490 -7.00010
vt 3.87490 -9.00010
vt 0.12490 -9.00010
vt 3.87490 -10.00010
vt 0.12490 -10.00010
vt 3.87490 -11.00010
vt 0.12490 -11.00010
vt 3.87490 -12.00010
vt 0.12490 -12.00010
vt 3.87490 -13.00010
vt 0.12490 -13.00010
vt 3.87490 -14.00010
vt 0.12490 -14.00010
vt 3.87490 -15.00010
vt 0.12490 -15.00010
vt 3.87490 -16.00000
vt 0.12490 -16.00000
vt -1.49210 -1.00010
vt -1.99210 -1.00010
vt -1.00780 -1.00010
vt -1.50780 -1.00010
vt -1.49210 -3.00010
vt -1.99210 -3.00010
vt -1.00780 -3.00010
vt -1.50780 -3.00010
vt -1.49210 -5.00010
vt -1.99210 -5.00010
vt -1.49210 -6.00010
vt -1.99210 -6.00010
vt -1.00780 -5.00010
vt -1.50780 -5.00010
vt -1.49210 -7.00010
vt -1.99210 -7.00010
vt -1.00780 -6.00010
vt -1.50780 -6.00010
vt -1.00780 -7.00010
vt -1.50780 -7.00010
vt -1.49210 -9.00010
vt -1.99210 -9.00010
vt -1.49210 -10.00010
vt -1.99210 -10.00010
vt -1.49210 -11.00010
vt -1.99210 -11.00010
vt -1.00780 -9.00010
vt -1.50780 -9.00010
vt -1.49210 -12.00010
vt -1.99210 -12.00010
vt -1.49210 -13.00010
vt -1.99210 -13.00010
vt -1.00780 -10.00010
vt -1.50780 -10.00010
vt -1.49210 -14.00010
vt -1.99210 -14.00010
vt -1.49210 -15.00010
vt -1.99210 -15.00010
vt -1.49210 -16.00000
vt -1.99210 -16.00000
vt -1.00780 -11.00010
vt -1.50780 -11.00010
vt -1.00780 -12.00010
vt -1.50780 -12.00010
vt -1.00780 -13.00010
vt -1.50780 -13.00010
vt -1.00780 -14.00010
vt -1.50780 -14.00010
vt -1.00780 -15.00010
vt -1.50780 -15.00010
vt -1.00780 -16.00000
vt -1.50780 -16.00000
vt -0.50780 -15.00010
vt -0.99210 -16.00000
vt -0.99210 -15.00010
vt -0.50780 -16.00000
vt -0.00780 -15.00010
vt -0.49210 -16.00000
vt -0.49210 -15.00010
vt -0.00780 -16.00000
vt -0.50780 -14.00010
vt -0.99210 -14.00010
vt -0.00780 -14.00010
vt -0.49210 -14.00010
vt -0.50780 -13.00010
vt -0.99210 -13.00010
vt -0.00780 -13.00010
vt -0.49210 -13.00010
vt -0.50780 -12.00010
vt -0.99210 -12.00010
vt -0.00780 -12.00010
vt -0.49210 -12.00010
vt -0.50780 -11.00010
vt -0.99210 -11.00010
vt -0.50780 -10.00010
vt -0.99210 -10.00010
vt -0.00780 -11.00010
vt -0.49210 -11.00010
vt -0.50780 -9.00010
vt -0.99210 -9.00010
vt -0.00780 -10.00010
vt -0.49210 -10.00010
vt -0.50780 -8.00010
vt -0.99210 -8.00010
vt -0.00780 -9.00010
vt -0.49210 -9.00010
vt -0.50780 -7.00010
vt -0.99210 -7.00010
vt -0.50780 -6.00010
vt -0.99210 -6.00010
vt -0.00780 -8.00010
vt -0.49210 -8.00010
vt -0.50780 -5.00010
vt -0.99210 -5.00010
vt -0.00780 -7.00010
vt -0.49210 -7.00010
vt -0.50780 -4.00010
vt -0.99210 -4.00010
vt -0.50780 -3.00010
vt -0.99210 -3.00010
vt -0.00780 -6.00010
vt -0.49210 -6.00010
vt -0.50780 -2.00010
vt -0.99210 -2.00010
vt -0.50780 -1.00010
vt -0.99210 -1.00010
vt -0.50780 -0.00010
vt -0.99210 -0.00010
vt -0.00780 -5.00010
vt -0.49210 -5.00010
vt -0.00780 -4.00010
vt -0.49210 -4.00010
vt -0.00780 -3.00010
vt -0.49210 -3.00010
vt -0.00780 -2.00010
vt -0.49210 -2.00010
vt -0.00780 -1.00010
vt -0.49210 -1.00010
vt -0.00780 -0.00010
vt -0.49210 -0.00010
vt 0.03120 -4.19990
vt 3.96870 -4.49990
vt 0.03120 -4.49990
vt 3.96870 -4.19990
vt 0.03120 -3.90000
vt 3.96870 -3.90000
vt 0.03120 -3.60010
vt 3.96870 -3.60010
vt 0.03120 -3.30010
vt 3.96870 -3.30010
vt 0.03120 -3.00010
vt 3.96870 -3.00010
vt 0.03120 -2.70010
vt 3.96870 -2.70010
vt 0.03120 -2.40000
vt 3.96870 -2.40000
vt 0.03120 -2.10010
vt 3.96870 -2.10010
vt 0.03120 0.99990
vt 3.96870 0.99990
vt 0.03120 -0.50010
vt 3.96870 -14.00000
vt 0.03120 -14.00000
vt 3.96870 -0.50010
vt -1.24990 -4.19990
vt -1.00390 -4.49990
vt -1.24990 -4.49990
vt -1.00390 -4.19990
vt -1.25000 -4.49990
vt -1.25000 -4.19990
vt -1.00390 -3.90000
vt -1.25000 -3.90000
vt -1.24990 -3.90000
vt -1.00390 -3.60010
vt -1.25000 -3.60010
vt -1.24990 -3.60010
vt -1.00390 -3.30010
vt -1.25000 -3.30010
vt -1.24990 -3.30010
vt -1.00390 -3.00010
vt -1.00390 -2.70010
vt -1.25000 -2.70010
vt -1.24990 -2.70010
vt -1.24990 -2.40000
vt -1.00390 -2.40000
vt -1.25000 -2.40000
vt -1.24990 -2.10010
vt -1.00390 -2.10010
vt -1.25000 -2.10010
vt -1.24990 0.99990
vt -1.00390 0.99990
vt -1.25000 0.99990
vt -1.00390 -14.00000
vt -1.24990 -14.00000
vt -1.00390 -0.50010
vt -1.25000 -14.00000
# 1207 texture vertices

g Object_2
usemtl texture0
f 1/3 2/2 3/1
f 4/4 3/1 2/2
f 2/2 1/3 5/5
f 1/3 6/6 5/5
f 3/1 4/4 7/7
f 8/8 7/7 4/4
f 3/4 9/1 1/2
f 9/1 10/3 1/2
f 9/1 3/4 11/7
f 7/8 11/7 3/4
f 1/2 10/3 6/5
f 10/3 12/6 6/5
f 4/1 13/4 8/7
f 14/8 8/7 13/4
f 13/4 4/1 15/2
f 4/1 2/3 15/2
f 15/2 2/3 16/5
f 2/3 5/6 16/5
f 13/1 9/4 14/7
f 9/4 11/8 14/7
f 10/2 15/3 12/5
f 16/6 12/5 15/3
f 15/3 10/2 13/1
f 10/2 9/4 13/1
f 17/11 18/10 19/9
f 19/9 18/10 20/12
f 17/15 19/14 21/13
f 22/16 21/13 19/14
f 19/9 20/12 23/17
f 23/17 20/12 24/10
f 19/14 23/18 22/16
f 25/13 22/16 23/18
f 26/14 27/18 28/16
f 29/13 28/16 27/18
f 26/9 30/12 27/17
f 27/17 30/12 31/10
f 32/13 33/15 28/16
f 28/16 33/15 26/14
f 33/11 34/10 26/9
f 26/9 34/10 30/12
f 35/13 36/16 37/19
f 36/16 38/20 37/19
f 36/16 39/13 38/20
f 39/13 40/19 38/20
f 41/13 42/16 43/19
f 42/16 44/20 43/19
f 42/16 45/13 44/20
f 45/13 46/19 44/20
f 47/16 48/20 49/13
f 49/13 48/20 50/19
f 47/16 51/13 48/20
f 51/13 52/19 48/20
f 53/23 54/22 55/21
f 54/22 56/24 55/21
f 57/23 58/22 59/21
f 58/22 60/24 59/21
f 61/23 62/22 63/21
f 62/22 64/24 63/21
f 65/27 66/26 67/25
f 66/26 68/28 67/25
f 66/26 69/27 68/28
f 69/27 70/25 68/28
f 67/25 68/28 71/29
f 68/28 72/30 71/29
f 68/28 70/25 72/30
f 70/25 73/29 72/30
f 69/27 74/26 70/25
f 74/26 75/28 70/25
f 75/28 76/30 70/25
f 70/25 76/30 73/29
f 77/26 65/27 78/28
f 65/27 67/25 78/28
f 78/28 67/25 79/30
f 67/25 71/29 79/30
f 80/25 81/29 75/28
f 75/28 81/29 76/30
f 80/25 78/28 81/29
f 78/28 79/30 81/29
f 74/26 82/27 75/28
f 82/27 80/25 75/28
f 82/27 77/26 80/25
f 77/26 78/28 80/25
f 83/33 84/32 85/31
f 84/32 86/34 85/31
f 87/33 88/32 89/31
f 88/32 90/34 89/31
f 91/32 92/34 93/33
f 93/33 92/34 94/31
f 95/27 96/26 97/25
f 96/26 98/28 97/25
f 96/26 99/27 98/28
f 99/27 100/25 98/28
f 97/25 98/28 101/29
f 98/28 102/30 101/29
f 98/28 100/25 102/30
f 100/25 103/29 102/30
f 104/26 95/27 105/28
f 95/27 97/25 105/28
f 99/27 106/26 100/25
f 106/26 107/28 100/25
f 105/28 97/25 108/30
f 97/25 101/29 108/30
f 100/25 107/28 103/29
f 107/28 109/30 103/29
f 105/28 108/30 110/25
f 110/25 108/30 111/29
f 110/25 111/29 107/28
f 107/28 111/29 109/30
f 112/27 104/26 110/25
f 104/26 105/28 110/25
usemtl texture1
f 113/37 7/36 114/35
f 114/35 7/36 8/38
f 115/37 114/35 14/36
f 114/35 8/38 14/36
f 113/37 116/35 7/36
f 116/35 11/38 7/36
f 14/36 11/38 115/37
f 11/38 116/35 115/37
usemtl texture2
f 5/41 6/40 117/39
f 6/40 118/42 117/39
f 119/45 120/44 121/43
f 122/46 121/43 120/44
f 123/44 119/45 124/46
f 121/43 124/46 119/45
f 16/40 5/41 125/42
f 5/41 117/39 125/42
f 6/40 12/41 118/42
f 12/41 126/39 118/42
f 120/44 127/45 122/46
f 128/43 122/46 127/45
f 127/45 123/44 128/43
f 123/44 124/46 128/43
f 126/39 12/41 125/42
f 125/42 12/41 16/40
usemtl texture3
f 129/49 130/48 131/47
f 132/49 131/47 130/48
f 133/49 134/47 135/48
f 135/48 134/47 136/49
f 136/52 134/51 132/50
f 134/51 131/53 132/50
f 129/50 131/53 133/52
f 131/53 134/51 133/52
usemtl texture4
f 137/56 138/55 139/54
f 138/55 140/57 139/54
f 137/56 139/54 141/55
f 141/55 139/54 142/57
f 143/55 144/56 145/57
f 144/56 146/54 145/57
f 143/55 145/57 147/56
f 147/56 145/57 148/54
usemtl texture5
f 139/60 140/59 149/58
f 140/59 150/61 149/58
f 139/60 149/58 142/59
f 142/59 149/58 151/61
f 149/58 150/61 152/62
f 150/61 153/63 152/62
f 151/61 149/58 154/63
f 149/58 152/62 154/63
f 140/66 148/65 150/64
f 148/65 155/67 150/64
f 150/64 155/67 153/68
f 155/67 156/69 153/68
f 146/65 142/66 157/67
f 142/66 151/64 157/67
f 157/67 151/64 158/69
f 151/64 154/68 158/69
f 159/58 157/61 160/62
f 157/61 158/63 160/62
f 155/61 159/58 156/63
f 159/58 160/62 156/63
f 145/60 146/59 159/58
f 146/59 157/61 159/58
f 145/60 159/58 148/59
f 148/59 159/58 155/61
usemtl texture6
f 153/72 154/71 152/70
f 156/72 160/70 158/71
f 161/75 162/74 163/73
f 162/74 164/76 163/73
f 165/77 161/75 166/76
f 161/75 163/73 166/76
f 164/80 167/79 163/78
f 166/81 163/78 167/79
f 162/74 168/82 164/76
f 168/82 167/73 164/76
f 165/77 166/76 168/82
f 168/82 166/76 167/73
f 169/85 170/84 171/83
f 171/83 172/87 173/86
f 174/89 169/85 175/88
f 175/92 176/91 177/90
f 178/95 173/94 179/93
f 176/91 178/95 180/96
f 175/88 169/85 173/86
f 169/85 171/83 173/86
f 173/94 178/95 175/92
f 175/92 178/95 176/91
f 20/99 18/98 181/97
f 182/97 21/98 22/99
f 24/100 20/99 181/97
f 182/97 22/99 25/100
f 183/97 28/99 29/100
f 31/100 30/99 184/97
f 183/97 32/98 28/99
f 30/99 34/98 184/97
f 185/103 186/102 187/101
f 185/103 187/101 188/104
f 189/107 190/106 191/105
f 192/108 190/106 189/107
f 143/111 193/110 194/109
f 193/110 195/112 194/109
f 196/113 195/112 193/110
f 196/113 197/114 195/112
f 196/113 193/110 198/115
f 199/116 197/114 196/113
f 196/113 198/115 200/117
f 201/120 202/119 203/118
f 202/119 198/122 204/121
f 201/120 203/118 205/123
f 202/119 204/121 203/118
f 203/118 204/121 206/124
f 207/108 205/106 208/105
f 209/97 36/99 35/100
f 209/97 39/98 36/99
f 37/100 38/99 210/97
f 38/99 40/98 210/97
f 211/97 42/99 41/100
f 43/100 44/99 212/97
f 44/99 46/98 212/97
f 211/97 45/98 42/99
f 213/97 47/99 49/100
f 213/97 51/98 47/99
f 50/100 48/99 214/97
f 48/99 52/98 214/97
f 215/127 216/126 217/125
f 216/126 218/128 217/125
usemtl texture7
f 219/131 154/130 153/129
f 153/129 156/132 219/131
f 158/56 154/130 219/131
f 219/131 156/132 158/56
f 220/135 221/134 222/133
f 223/136 221/134 220/135
f 220/135 224/137 223/136
f 224/137 225/138 223/136
f 226/35 227/139 228/37
f 228/37 227/139 229/140
usemtl texture8
f 230/143 231/142 232/141
f 231/142 233/144 232/141
f 234/145 232/141 235/51
f 232/141 233/144 235/51
f 236/141 237/143 238/144
f 237/143 239/142 238/144
f 240/51 241/145 238/144
f 241/145 236/141 238/144
f 205/148 242/147 243/146
f 242/147 244/142 243/146
f 242/147 245/149 244/142
f 245/149 246/51 244/142
f 247/151 205/148 248/150
f 205/148 243/146 248/150
f 249/154 250/153 251/152
f 250/153 252/155 251/152
f 250/153 253/156 252/155
f 253/156 254/157 252/155
f 255/160 256/159 257/158
f 256/159 258/161 257/158
f 257/158 258/161 259/162
f 258/161 260/163 259/162
f 261/165 259/162 262/164
f 259/162 260/163 262/164
f 263/167 261/165 264/166
f 261/165 262/164 264/166
f 265/169 215/168 266/161
f 215/168 217/170 266/161
f 267/172 266/161 218/171
f 217/173 218/171 266/161
f 268/175 267/172 216/174
f 216/174 267/172 218/176
usemtl texture9
f 269/179 270/178 223/177
f 270/178 221/180 223/177
f 271/183 225/182 272/181
f 272/181 225/182 224/184
f 271/183 269/179 225/182
f 269/179 223/177 225/182
f 273/186 265/169 274/185
f 265/169 266/161 274/185
f 275/187 274/185 267/172
f 274/185 266/161 267/172
f 276/188 275/187 268/175
f 268/175 275/187 267/172
usemtl texture10
f 277/191 278/190 279/189
f 279/189 278/190 280/191
f 278/190 277/191 281/189
f 280/191 278/190 282/189
f 278/190 281/189 283/191
f 282/189 278/190 283/191
f 284/194 285/193 280/192
f 285/193 279/195 280/192
f 285/193 286/194 279/195
f 286/194 277/192 279/195
f 286/194 287/193 277/192
f 287/193 281/195 277/192
f 288/193 284/194 282/195
f 284/194 280/192 282/195
f 289/189 290/190 291/191
f 292/191 290/190 289/189
f 287/193 293/194 281/195
f 293/194 283/192 281/195
f 293/194 288/193 283/192
f 288/193 282/195 283/192
f 291/191 290/190 294/189
f 290/190 292/191 295/189
f 294/189 290/190 296/191
f 290/190 295/189 296/191
f 297/194 298/193 291/192
f 298/193 289/195 291/192
f 298/193 299/194 289/195
f 299/194 292/192 289/195
f 190/193 297/194 294/195
f 297/194 291/192 294/195
f 299/194 300/193 292/192
f 300/193 295/195 292/192
f 301/194 190/193 296/192
f 190/193 294/195 296/192
f 300/193 301/194 295/195
f 301/194 296/192 295/195
f 302/189 303/190 304/191
f 305/191 303/190 302/189
f 304/191 303/190 306/189
f 303/190 305/191 307/189
f 306/189 303/190 308/191
f 303/190 307/189 308/191
f 309/194 310/193 304/192
f 310/193 302/195 304/192
f 310/193 311/194 302/195
f 311/194 305/192 302/195
f 311/194 312/193 305/192
f 312/193 307/195 305/192
f 313/193 309/194 306/195
f 309/194 304/192 306/195
f 314/194 313/193 308/192
f 313/193 306/195 308/192
f 312/193 314/194 307/195
f 314/194 308/192 307/195
usemtl texture11
f 315/198 316/197 293/196
f 298/199 293/196 316/197
f 293/202 298/201 288/200
f 297/203 288/200 298/201
usemtl texture12
f 317/205 318/204 161/179
f 318/204 162/206 161/179
f 319/204 317/205 165/181
f 317/205 161/179 165/181
f 168/170 162/206 320/205
f 162/206 318/204 320/205
f 320/205 319/204 168/170
f 319/204 165/181 168/170
usemtl texture13
f 171/209 321/208 23/207
f 171/209 23/207 24/210
f 322/208 323/209 17/207
f 323/209 18/210 17/207
f 324/212 322/208 21/211
f 322/208 17/207 21/211
f 323/209 325/213 18/210
f 325/213 181/214 18/210
f 169/212 25/211 321/208
f 321/208 25/211 23/207
f 324/212 21/211 326/215
f 326/215 21/211 182/216
f 171/209 24/210 325/213
f 325/213 24/210 181/214
f 169/212 326/215 25/211
f 326/215 182/216 25/211
f 178/212 327/215 29/211
f 327/215 183/216 29/211
f 176/209 31/210 328/213
f 328/213 31/210 184/214
f 329/212 32/211 327/215
f 327/215 32/211 183/216
f 178/212 29/211 330/208
f 330/208 29/211 27/207
f 176/209 330/208 31/210
f 330/208 27/207 31/210
f 329/212 331/208 32/211
f 331/208 33/207 32/211
f 332/219 333/218 334/217
f 333/218 335/220 334/217
f 335/220 227/57 334/217
f 334/217 227/57 226/221
f 336/224 335/223 337/222
f 335/223 333/225 337/222
f 336/224 229/54 335/223
f 335/223 229/54 227/226
f 334/217 226/221 338/227
f 338/227 226/221 228/228
f 339/229 332/219 338/227
f 332/219 334/217 338/227
f 336/224 338/227 229/230
f 338/227 228/231 229/230
f 337/222 339/229 336/224
f 339/229 338/227 336/224
usemtl texture14
f 340/51 341/233 342/232
f 342/232 341/233 343/234
f 342/232 343/234 344/181
f 343/234 345/235 344/181
f 346/181 194/183 347/236
f 194/183 348/237 347/236
f 347/236 349/237 346/181
f 349/237 350/183 346/181
f 348/51 351/142 347/236
f 351/142 349/237 347/236
f 350/183 349/237 195/181
f 195/181 349/237 351/236
usemtl texture15
f 352/240 353/239 354/238
f 353/239 355/241 354/238
f 354/238 356/241 352/240
f 356/241 357/239 352/240
f 353/239 200/240 355/241
f 200/240 358/238 355/241
f 355/51 358/144 354/238
f 358/144 356/241 354/238
f 200/240 357/239 358/238
f 357/239 356/241 358/238
usemtl texture16
f 359/243 360/242 35/211
f 360/242 209/216 35/211
f 361/243 39/211 360/242
f 360/242 39/211 209/216
f 362/245 359/243 37/244
f 359/243 35/211 37/244
f 361/243 363/245 39/211
f 363/245 40/244 39/211
f 362/245 37/244 364/246
f 364/246 37/244 210/210
f 363/245 364/246 40/244
f 364/246 210/210 40/244
f 365/245 366/243 43/244
f 366/243 41/211 43/244
f 366/243 367/242 41/211
f 367/242 211/216 41/211
f 365/245 43/244 368/246
f 368/246 43/244 212/210
f 369/245 368/246 46/244
f 368/246 212/210 46/244
f 370/243 45/211 367/242
f 367/242 45/211 211/216
f 370/243 369/245 45/211
f 369/245 46/244 45/211
f 371/245 372/243 50/244
f 372/243 49/211 50/244
f 373/243 51/211 374/242
f 374/242 51/211 213/216
f 373/243 375/245 51/211
f 375/245 52/244 51/211
f 375/245 376/246 52/244
f 376/246 214/210 52/244
usemtl texture17
f 377/249 378/248 379/247
f 377/249 380/250 378/248
f 381/249 382/248 383/250
f 384/247 382/248 381/249
f 385/249 386/248 387/247
f 385/249 388/250 386/248
f 389/249 390/248 391/250
f 392/247 390/248 389/249
f 393/249 394/248 395/247
f 393/249 396/250 394/248
f 397/253 398/252 399/251
f 398/252 400/254 399/251
f 398/252 401/255 400/254
f 401/255 402/256 400/254
f 377/249 379/247 401/255
f 401/255 379/247 402/256
f 403/249 404/248 405/250
f 398/252 397/253 406/257
f 407/258 406/257 397/253
f 380/250 377/249 408/259
f 409/260 408/259 377/249
f 401/255 398/252 410/261
f 406/257 410/261 398/252
f 377/249 401/255 409/260
f 410/261 409/260 401/255
f 411/247 404/248 403/249
f 412/253 413/252 414/258
f 413/252 415/257 414/258
f 383/250 416/259 381/249
f 381/249 416/259 417/260
f 413/252 418/255 415/257
f 418/255 419/261 415/257
f 381/249 417/260 418/255
f 418/255 417/260 419/261
f 420/254 413/252 421/251
f 421/251 413/252 412/253
f 420/254 422/256 413/252
f 422/256 418/255 413/252
f 422/256 384/247 418/255
f 384/247 381/249 418/255
f 423/253 424/252 425/251
f 424/252 426/254 425/251
f 424/252 427/255 426/254
f 427/255 428/256 426/254
f 385/249 387/247 427/255
f 427/255 387/247 428/256
f 424/252 423/253 429/257
f 430/258 429/257 423/253
f 427/255 424/252 431/261
f 429/257 431/261 424/252
f 385/249 427/255 432/260
f 431/261 432/260 427/255
f 388/250 385/249 433/259
f 432/260 433/259 385/249
f 434/253 435/252 436/258
f 435/252 437/257 436/258
f 435/252 438/255 437/257
f 438/255 439/261 437/257
f 389/249 440/260 438/255
f 438/255 440/260 439/261
f 391/250 441/259 389/249
f 389/249 441/259 440/260
f 442/254 435/252 443/251
f 443/251 435/252 434/253
f 442/254 444/256 435/252
f 444/256 438/255 435/252
f 444/256 392/247 438/255
f 392/247 389/249 438/255
f 445/253 446/252 447/251
f 446/252 448/254 447/251
f 446/252 449/255 448/254
f 449/255 450/256 448/254
f 393/249 395/247 449/255
f 449/255 395/247 450/256
f 446/252 445/253 451/257
f 452/258 451/257 445/253
f 449/255 446/252 453/261
f 451/257 453/261 446/252
f 393/249 449/255 454/260
f 453/261 454/260 449/255
f 396/250 393/249 455/259
f 454/260 455/259 393/249
f 456/253 457/252 458/258
f 457/252 459/257 458/258
f 457/252 460/255 459/257
f 460/255 461/261 459/257
f 403/249 462/260 460/255
f 460/255 462/260 461/261
f 405/250 463/259 403/249
f 403/249 463/259 462/260
f 464/254 457/252 465/251
f 465/251 457/252 456/253
f 464/254 466/256 457/252
f 466/256 460/255 457/252
f 466/256 411/247 460/255
f 411/247 403/249 460/255
usemtl texture18
f 414/264 415/263 407/262
f 415/263 406/265 407/262
f 417/164 416/267 409/266
f 416/267 408/268 409/266
f 415/263 419/269 406/265
f 419/269 410/270 406/265
f 419/269 417/164 410/270
f 417/164 409/266 410/270
f 436/264 437/263 430/262
f 437/263 429/265 430/262
f 437/263 439/269 429/265
f 439/269 431/270 429/265
f 440/164 441/267 432/266
f 441/267 433/268 432/266
f 439/269 440/164 431/270
f 440/164 432/266 431/270
f 458/264 459/263 452/262
f 459/263 451/265 452/262
f 459/263 461/269 451/265
f 461/269 453/270 451/265
f 462/164 463/267 454/266
f 463/267 455/268 454/266
f 461/269 462/164 453/270
f 462/164 454/266 453/270
usemtl texture19
f 467/273 468/272 132/271
f 468/272 469/273 132/271
f 469/273 470/272 132/271
f 470/272 471/273 132/271
f 472/276 473/275 474/274
f 473/275 475/277 474/274
f 475/277 476/275 474/274
f 476/275 477/277 474/274
f 478/280 479/279 480/278
f 481/281 479/279 478/280
f 482/272 483/273 484/271
f 485/273 482/272 484/271
f 486/272 485/273 484/271
f 487/273 486/272 484/271
f 488/273 489/272 490/271
f 489/272 491/273 490/271
f 491/273 492/272 490/271
f 492/272 493/273 490/271
f 494/276 495/275 496/274
f 495/275 497/277 496/274
f 497/277 498/275 496/274
f 498/275 499/277 496/274
f 500/280 501/279 502/278
f 503/281 501/279 500/280
f 504/272 505/273 506/271
f 507/273 504/272 506/271
f 508/272 507/273 506/271
f 509/273 508/272 506/271
f 510/273 511/272 512/271
f 511/272 513/273 512/271
f 513/273 514/272 512/271
f 514/272 515/273 512/271
f 516/276 517/275 518/274
f 519/283 520/281 521/282
f 520/281 522/280 521/282
f 517/275 523/277 518/274
f 523/277 524/275 518/274
f 524/275 525/277 518/274
f 521/282 522/280 526/284
f 522/280 527/285 526/284
f 528/287 519/283 529/286
f 519/283 521/282 529/286
f 520/281 530/288 522/280
f 530/288 531/278 522/280
f 526/284 527/285 472/276
f 527/285 473/275 472/276
f 532/280 533/279 534/278
f 529/286 521/282 535/289
f 521/282 536/284 535/289
f 522/280 531/278 527/285
f 531/278 537/290 527/285
f 538/281 533/279 532/280
f 526/284 472/276 535/289
f 535/289 472/276 474/274
f 527/285 537/290 473/275
f 537/290 475/277 473/275
f 539/272 540/273 136/271
f 541/273 539/272 136/271
f 542/272 541/273 136/271
f 543/273 542/272 136/271
f 544/285 535/284 477/275
f 535/284 545/276 477/275
f 537/290 546/285 475/277
f 546/285 476/275 475/277
f 478/280 546/285 531/278
f 531/278 546/285 537/290
f 480/280 529/282 544/285
f 529/282 535/284 544/285
f 544/290 477/277 546/285
f 546/285 477/277 476/275
f 478/280 531/278 481/281
f 530/288 481/281 531/278
f 529/282 480/280 528/291
f 479/292 528/291 480/280
f 480/278 544/290 478/280
f 478/280 544/290 546/285
f 547/283 548/281 549/282
f 548/281 550/280 549/282
f 549/282 550/280 551/284
f 550/280 552/285 551/284
f 553/287 547/283 554/286
f 547/283 549/282 554/286
f 548/281 555/288 550/280
f 555/288 556/278 550/280
f 551/284 552/285 494/276
f 552/285 495/275 494/276
f 554/286 549/282 557/289
f 549/282 551/284 557/289
f 550/280 556/278 552/285
f 556/278 558/290 552/285
f 551/284 494/276 557/289
f 557/289 494/276 496/274
f 552/285 558/290 495/275
f 558/290 497/277 495/275
f 559/285 557/284 499/275
f 557/284 560/276 499/275
f 558/290 561/285 497/277
f 561/285 498/275 497/277
f 502/280 554/282 559/285
f 554/282 557/284 559/285
f 500/280 561/285 556/278
f 556/278 561/285 558/290
f 559/290 499/277 561/285
f 561/285 499/277 498/275
f 554/282 502/280 553/291
f 501/292 553/291 502/280
f 500/280 556/278 503/281
f 555/288 503/281 556/278
f 502/278 559/290 500/280
f 500/280 559/290 561/285
f 562/283 563/281 564/282
f 563/281 565/280 564/282
f 564/282 565/280 566/284
f 565/280 567/285 566/284
f 568/287 562/283 569/286
f 562/283 564/282 569/286
f 563/281 570/288 565/280
f 570/288 571/278 565/280
f 566/284 567/285 516/276
f 567/285 517/275 516/276
f 569/286 564/282 572/289
f 564/282 566/284 572/289
f 565/280 571/278 567/285
f 571/278 573/290 567/285
f 566/284 516/276 572/289
f 572/289 516/276 518/274
f 567/285 573/290 517/275
f 573/290 523/277 517/275
f 574/285 572/284 525/275
f 572/284 518/276 525/275
f 573/290 575/285 523/277
f 575/285 524/275 523/277
f 534/280 569/282 574/285
f 569/282 572/284 574/285
f 532/280 575/285 571/278
f 571/278 575/285 573/290
f 574/290 525/277 575/285
f 575/285 525/277 524/275
f 569/282 534/280 568/291
f 533/292 568/291 534/280
f 532/280 571/278 538/281
f 570/288 538/281 571/278
f 534/278 574/290 532/280
f 532/280 574/290 575/285
f 576/295 577/294 578/293
f 576/295 578/293 579/294
f 580/293 576/295 579/294
f 581/293 577/294 576/295
f 581/293 576/295 582/294
f 583/294 576/295 580/293
f 71/297 72/296 577/294
f 577/294 72/296 578/293
f 72/296 73/297 578/293
f 579/294 578/293 73/297
f 79/296 71/297 581/293
f 71/297 577/294 581/293
f 76/296 580/293 73/297
f 580/293 579/294 73/297
f 79/296 581/293 81/297
f 581/293 582/294 81/297
f 81/297 582/294 76/296
f 582/294 580/293 76/296
f 584/295 585/294 586/293
f 584/295 586/293 587/294
f 588/293 585/294 584/295
f 589/293 584/295 587/294
f 590/294 584/295 589/293
f 588/293 584/295 590/294
f 101/297 102/296 585/294
f 585/294 102/296 586/293
f 102/296 103/297 591/293
f 587/294 591/293 103/297
f 109/296 589/293 103/297
f 589/293 587/294 103/297
f 108/296 101/297 588/293
f 101/297 585/294 588/293
f 108/296 592/293 111/297
f 592/293 590/294 111/297
f 111/297 590/294 109/296
f 590/294 589/293 109/296
usemtl texture20
f 399/300 400/299 467/298
f 400/299 468/301 467/298
f 400/300 402/299 468/298
f 402/299 469/301 468/298
f 402/300 379/299 469/298
f 379/299 470/301 469/298
f 378/299 471/301 379/300
f 379/300 471/301 470/298
f 421/300 483/298 420/299
f 483/298 482/301 420/299
f 382/299 384/300 487/301
f 486/298 487/301 384/300
f 422/299 420/300 485/301
f 482/298 485/301 420/300
f 384/299 422/300 486/301
f 485/298 486/301 422/300
f 425/300 426/299 488/298
f 426/299 489/301 488/298
f 426/300 428/299 489/298
f 428/299 491/301 489/298
f 428/300 387/299 491/298
f 387/299 492/301 491/298
f 386/299 493/301 387/300
f 387/300 493/301 492/298
f 443/300 505/298 442/299
f 505/298 504/301 442/299
f 444/299 442/300 507/301
f 504/298 507/301 442/300
f 392/299 444/300 508/301
f 507/298 508/301 444/300
f 390/299 392/300 509/301
f 508/298 509/301 392/300
f 447/300 448/299 510/298
f 448/299 511/301 510/298
f 448/300 450/299 511/298
f 450/299 513/301 511/298
f 450/300 395/299 513/298
f 395/299 514/301 513/298
f 394/299 515/301 395/300
f 395/300 515/301 514/298
f 465/300 540/298 464/299
f 540/298 539/301 464/299
f 466/299 464/300 541/301
f 539/298 541/301 464/300
f 411/299 466/300 542/301
f 541/298 542/301 466/300
f 404/299 411/300 543/301
f 542/298 543/301 411/300
usemtl texture21
f 593/304 594/303 595/302
f 593/304 595/302 596/305
f 597/183 598/306 594/305
f 598/306 595/302 594/305
f 595/302 598/306 596/305
f 596/305 598/306 599/183
usemtl texture22
f 600/309 601/308 602/307
f 601/308 603/310 602/307
f 604/307 605/310 606/309
f 605/310 607/308 606/309
f 608/312 609/311 603/310
f 609/311 602/307 603/310
f 601/315 600/314 610/313
f 600/314 611/316 610/313
f 606/318 607/317 612/316
f 607/317 613/313 612/316
f 614/311 615/312 604/307
f 615/312 605/310 604/307
f 610/313 611/316 608/312
f 611/316 609/311 608/312
f 612/316 613/313 614/311
f 613/313 615/312 614/311
f 609/321 616/320 617/319
f 616/320 618/322 617/319
f 619/324 620/323 618/322
f 617/319 618/322 620/323
f 621/326 622/325 609/321
f 622/325 623/320 609/321
f 619/328 622/325 620/327
f 620/327 622/325 621/326
f 624/325 625/329 626/326
f 625/329 627/330 626/326
f 628/322 629/319 625/324
f 625/324 629/319 627/323
f 630/320 624/325 614/321
f 624/325 626/326 614/321
f 630/320 614/321 631/322
f 631/322 614/321 629/319
f 616/320 632/331 633/322
f 633/322 632/331 634/332
f 619/324 618/322 635/333
f 618/322 634/332 635/333
f 622/325 636/334 616/320
f 616/320 636/334 632/331
f 622/325 619/328 636/334
f 619/328 635/335 636/334
f 637/336 625/329 638/334
f 638/334 625/329 624/325
f 639/332 628/322 637/333
f 637/333 628/322 625/324
f 640/331 641/334 630/320
f 641/334 624/325 630/320
f 639/332 640/331 628/322
f 640/331 630/320 628/322
f 632/331 642/337 634/332
f 634/332 642/337 643/338
f 635/333 634/332 644/339
f 634/332 643/338 644/339
f 636/334 645/340 632/331
f 632/331 645/340 642/337
f 636/334 635/335 645/340
f 635/335 644/341 645/340
f 646/342 637/336 647/340
f 647/340 637/336 638/334
f 648/338 639/332 646/339
f 646/339 639/332 637/333
f 649/337 647/340 640/331
f 647/340 638/334 640/331
f 648/338 649/337 639/332
f 649/337 640/331 639/332
f 642/337 650/343 643/338
f 643/338 650/343 651/344
f 644/339 643/338 652/345
f 643/338 651/344 652/345
f 645/340 653/346 642/337
f 642/337 653/346 650/343
f 645/340 644/341 653/346
f 644/341 652/347 653/346
f 654/348 646/342 655/346
f 655/346 646/342 647/340
f 648/338 646/339 656/344
f 654/345 656/344 646/339
f 649/337 657/343 647/340
f 657/343 655/346 647/340
f 656/344 657/343 648/338
f 657/343 649/337 648/338
f 650/343 658/349 651/344
f 651/344 658/349 659/350
f 652/345 651/344 660/351
f 651/344 659/350 660/351
f 653/346 661/352 650/343
f 661/352 658/349 650/343
f 660/353 661/352 652/347
f 652/347 661/352 653/346
f 658/349 662/354 659/350
f 659/350 662/354 663/355
f 660/351 659/350 664/356
f 659/350 663/355 664/356
f 661/352 665/357 658/349
f 658/349 665/357 662/354
f 661/352 660/353 665/357
f 660/353 664/358 665/357
f 666/359 654/348 667/352
f 667/352 654/348 655/346
f 656/344 654/345 668/350
f 666/351 668/350 654/345
f 657/343 669/349 655/346
f 669/349 667/352 655/346
f 668/350 669/349 656/344
f 669/349 657/343 656/344
f 662/354 670/360 663/355
f 663/355 670/360 671/361
f 664/356 663/355 672/362
f 663/355 671/361 672/362
f 665/357 673/363 662/354
f 662/354 673/363 670/360
f 672/364 673/363 664/358
f 664/358 673/363 665/357
f 674/365 666/359 675/357
f 675/357 666/359 667/352
f 668/350 666/351 676/355
f 674/356 676/355 666/351
f 669/349 677/354 667/352
f 677/354 675/357 667/352
f 676/355 677/354 668/350
f 677/354 669/349 668/350
f 670/360 678/366 671/361
f 671/361 678/366 679/367
f 672/362 671/361 680/368
f 671/361 679/367 680/368
f 673/363 681/369 670/360
f 670/360 681/369 678/366
f 673/363 672/364 681/369
f 672/364 680/370 681/369
f 682/371 674/365 683/363
f 683/363 674/365 675/357
f 678/366 684/372 679/367
f 679/367 684/372 685/373
f 676/355 674/356 686/361
f 682/362 686/361 674/356
f 677/354 687/360 675/357
f 687/360 683/363 675/357
f 680/368 679/367 688/374
f 679/367 685/373 688/374
f 681/369 689/375 678/366
f 689/375 684/372 678/366
f 686/361 687/360 676/355
f 687/360 677/354 676/355
f 688/376 689/375 680/370
f 680/370 689/375 681/369
f 684/372 690/377 685/373
f 685/373 690/377 691/378
f 688/374 685/373 692/379
f 685/373 691/378 692/379
f 689/375 693/380 684/372
f 684/372 693/380 690/377
f 689/375 688/376 693/380
f 688/376 692/381 693/380
f 694/382 682/371 695/369
f 695/369 682/371 683/363
f 686/361 682/362 696/367
f 694/368 696/367 682/362
f 687/360 697/366 683/363
f 697/366 695/369 683/363
f 696/367 697/366 686/361
f 697/366 687/360 686/361
f 690/377 698/383 699/378
f 699/378 698/383 700/384
f 692/379 691/378 701/385
f 691/378 700/384 701/385
f 693/380 702/386 690/377
f 690/377 702/386 698/383
f 693/380 692/381 702/386
f 692/381 701/387 702/386
f 698/383 703/388 700/384
f 700/384 703/388 704/389
f 701/385 700/384 705/390
f 700/384 704/389 705/390
f 702/386 706/391 698/383
f 698/383 706/391 703/388
f 707/386 701/387 706/391
f 701/387 705/392 706/391
f 708/393 694/382 709/375
f 694/382 695/369 709/375
f 696/367 694/368 710/373
f 710/373 694/368 708/374
f 697/366 711/372 695/369
f 709/375 695/369 711/372
f 697/366 696/367 711/372
f 711/372 696/367 710/373
f 703/388 712/394 704/389
f 704/389 712/394 713/395
f 705/390 704/389 714/396
f 704/389 713/395 714/396
f 706/391 715/397 703/388
f 703/388 715/397 712/394
f 706/391 705/392 715/397
f 705/392 714/398 715/397
f 712/394 716/399 713/395
f 713/395 716/399 717/400
f 714/396 713/395 718/401
f 713/395 717/400 718/401
f 715/397 719/402 712/394
f 712/394 719/402 716/399
f 715/397 714/398 719/402
f 714/398 718/403 719/402
f 716/399 720/404 717/400
f 717/400 720/404 721/405
f 718/401 717/400 722/406
f 717/400 721/405 722/406
f 723/402 724/407 716/399
f 716/399 724/407 720/404
f 725/408 708/393 726/380
f 708/393 709/375 726/380
f 720/404 727/312 721/405
f 721/405 727/312 728/310
f 710/373 708/374 729/378
f 729/378 708/374 725/379
f 711/372 730/377 709/375
f 726/380 709/375 730/377
f 719/402 718/403 724/407
f 718/403 722/409 724/407
f 722/406 721/405 731/308
f 721/405 728/310 731/308
f 724/407 732/313 720/404
f 720/404 732/313 727/312
f 711/372 710/373 730/377
f 730/377 710/373 729/378
f 724/407 722/409 732/313
f 722/409 731/317 732/313
f 733/410 725/408 734/386
f 725/408 726/380 734/386
f 729/378 725/379 735/384
f 735/384 725/379 733/385
f 730/377 736/383 726/380
f 734/386 726/380 736/383
f 730/377 729/378 736/383
f 736/383 729/378 735/384
f 737/411 733/410 738/391
f 733/410 734/386 738/391
f 735/384 733/385 739/389
f 739/389 733/385 737/390
f 736/383 740/388 734/386
f 738/391 734/386 740/388
f 736/383 735/384 740/388
f 740/388 735/384 739/389
f 741/412 737/411 742/397
f 737/411 738/391 742/397
f 739/389 737/390 743/395
f 743/395 737/390 741/396
f 740/388 744/394 738/391
f 742/397 738/391 744/394
f 740/388 739/389 744/394
f 744/394 739/389 743/395
f 745/413 741/412 746/402
f 741/412 742/397 746/402
f 743/395 741/396 747/400
f 747/400 741/396 745/401
f 744/394 748/399 742/397
f 749/402 742/397 748/399
f 744/394 743/395 748/399
f 748/399 743/395 750/400
f 751/414 745/413 752/407
f 745/413 749/402 752/407
f 748/399 753/404 749/402
f 752/407 749/402 753/404
f 750/400 745/401 754/405
f 754/405 745/401 751/406
f 755/315 751/414 756/313
f 751/414 752/407 756/313
f 748/399 750/400 753/404
f 753/404 750/400 754/405
f 754/405 751/406 757/310
f 757/310 751/406 755/308
f 753/404 758/312 752/407
f 756/313 752/407 758/312
f 753/404 754/405 758/312
f 758/312 754/405 757/310
f 759/404 760/312 761/405
f 761/405 760/312 762/310
f 763/406 761/405 764/308
f 761/405 762/310 764/308
f 765/407 766/313 767/404
f 767/404 766/313 760/312
f 765/407 763/409 766/313
f 763/409 764/317 766/313
f 768/315 769/414 770/313
f 769/414 771/407 770/313
f 772/405 769/406 773/310
f 773/310 769/406 768/308
f 774/404 775/312 771/407
f 770/313 771/407 775/312
f 774/404 772/405 775/312
f 775/312 772/405 773/310
f 776/399 759/404 777/400
f 777/400 759/404 761/405
f 778/401 777/400 763/406
f 777/400 779/405 763/406
f 780/402 765/407 776/399
f 776/399 765/407 759/404
f 780/402 778/403 765/407
f 778/403 763/409 765/407
f 769/414 781/413 771/407
f 781/413 782/402 771/407
f 783/400 781/401 772/405
f 772/405 781/401 769/406
f 784/399 774/404 782/402
f 771/407 782/402 774/404
f 784/399 783/400 774/404
f 774/404 783/400 772/405
f 785/394 776/399 786/395
f 786/395 776/399 777/400
f 787/396 786/395 778/401
f 786/395 777/400 778/401
f 788/397 780/402 785/394
f 785/394 780/402 776/399
f 788/397 787/398 780/402
f 787/398 778/403 780/402
f 781/413 789/412 782/402
f 789/412 790/397 782/402
f 791/395 789/396 783/400
f 783/400 789/396 781/401
f 792/394 784/399 790/397
f 782/402 790/397 784/399
f 792/394 791/395 784/399
f 784/399 791/395 783/400
f 793/388 785/394 794/389
f 794/389 785/394 786/395
f 795/390 794/389 787/396
f 794/389 786/395 787/396
f 796/391 788/397 797/388
f 797/388 788/397 785/394
f 796/391 795/392 788/397
f 795/392 787/398 788/397
f 789/412 798/411 790/397
f 798/411 799/391 790/397
f 800/389 798/390 791/395
f 791/395 798/390 789/396
f 801/388 792/394 799/391
f 790/397 799/391 792/394
f 801/388 800/389 792/394
f 792/394 800/389 791/395
f 802/383 793/388 803/384
f 803/384 793/388 794/389
f 804/385 803/384 795/390
f 803/384 805/389 795/390
f 806/386 796/391 802/383
f 802/383 796/391 793/388
f 807/386 804/387 796/391
f 804/387 795/392 796/391
f 808/377 802/383 809/378
f 809/378 802/383 803/384
f 810/380 807/386 808/377
f 808/377 807/386 802/383
f 811/379 809/378 804/385
f 809/378 803/384 804/385
f 810/380 811/381 807/386
f 811/381 804/387 807/386
f 798/411 812/410 799/391
f 812/410 813/386 799/391
f 814/384 812/385 800/389
f 800/389 812/385 798/390
f 815/383 801/388 813/386
f 799/391 813/386 801/388
f 815/383 814/384 801/388
f 801/388 814/384 800/389
f 816/372 808/377 817/373
f 817/373 808/377 809/378
f 818/374 817/373 811/379
f 817/373 809/378 811/379
f 819/375 810/380 816/372
f 816/372 810/380 808/377
f 820/375 818/376 810/380
f 818/376 811/381 810/380
f 812/410 821/408 813/386
f 821/408 822/380 813/386
f 823/378 821/379 814/384
f 814/384 821/379 812/385
f 824/377 815/383 822/380
f 813/386 822/380 815/383
f 824/377 823/378 815/383
f 815/383 823/378 814/384
f 825/366 816/372 826/367
f 826/367 816/372 817/373
f 827/368 826/367 818/374
f 826/367 817/373 818/374
f 828/369 819/375 825/366
f 819/375 816/372 825/366
f 818/376 819/375 827/370
f 827/370 819/375 828/369
f 821/408 829/393 822/380
f 829/393 830/375 822/380
f 831/360 825/366 832/361
f 832/361 825/366 826/367
f 833/373 829/374 823/378
f 823/378 829/374 821/379
f 834/372 824/377 830/375
f 822/380 830/375 824/377
f 835/362 832/361 827/368
f 832/361 826/367 827/368
f 836/363 828/369 837/360
f 837/360 828/369 825/366
f 838/372 839/373 824/377
f 824/377 839/373 823/378
f 836/363 835/364 828/369
f 835/364 827/370 828/369
f 840/354 837/360 841/355
f 841/355 837/360 832/361
f 842/356 841/355 835/362
f 841/355 832/361 835/362
f 843/357 836/363 840/354
f 840/354 836/363 837/360
f 835/364 836/363 842/358
f 842/358 836/363 843/357
f 829/393 844/382 830/375
f 844/382 845/369 830/375
f 846/367 844/368 839/373
f 839/373 844/368 829/374
f 847/366 834/372 845/369
f 830/375 845/369 834/372
f 847/366 846/367 834/372
f 834/372 846/367 839/373
f 848/349 840/354 849/350
f 849/350 840/354 841/355
f 850/351 849/350 842/356
f 849/350 841/355 842/356
f 851/352 843/357 848/349
f 848/349 843/357 840/354
f 851/352 850/353 843/357
f 850/353 842/358 843/357
f 852/343 848/349 853/344
f 853/344 848/349 849/350
f 854/345 853/344 850/351
f 853/344 849/350 850/351
f 855/346 851/352 852/343
f 851/352 848/349 852/343
f 850/353 851/352 854/347
f 854/347 851/352 855/346
f 844/382 856/371 845/369
f 845/369 856/371 857/363
f 858/360 847/366 859/363
f 847/366 845/369 859/363
f 860/361 856/362 846/367
f 844/368 846/367 856/362
f 846/367 847/366 860/361
f 847/366 858/360 860/361
f 861/337 852/343 862/338
f 862/338 852/343 853/344
f 863/339 862/338 854/345
f 862/338 853/344 854/345
f 864/340 855/346 861/337
f 861/337 855/346 852/343
f 864/340 863/341 855/346
f 863/341 854/347 855/346
f 865/331 861/337 866/332
f 866/332 861/337 862/338
f 867/333 868/332 863/339
f 868/332 862/338 863/339
f 869/334 864/340 870/331
f 870/331 864/340 861/337
f 869/334 867/335 864/340
f 867/335 863/341 864/340
f 871/320 870/331 872/322
f 872/322 870/331 866/332
f 873/324 872/322 867/333
f 872/322 866/332 867/333
f 874/325 869/334 871/320
f 871/320 869/334 870/331
f 856/371 875/365 857/363
f 857/363 875/365 876/357
f 877/321 871/320 878/319
f 871/320 872/322 878/319
f 879/354 858/360 880/357
f 858/360 857/363 880/357
f 881/355 875/356 860/361
f 856/362 860/361 875/356
f 874/325 873/328 869/334
f 873/328 867/335 869/334
f 882/323 878/319 873/324
f 878/319 872/322 873/324
f 883/326 874/325 877/321
f 874/325 871/320 877/321
f 860/361 858/360 881/355
f 858/360 879/354 881/355
f 873/328 874/325 882/327
f 882/327 874/325 883/326
f 875/365 884/359 876/357
f 876/357 884/359 885/352
f 886/349 879/354 885/352
f 879/354 876/357 885/352
f 887/350 884/351 881/355
f 875/356 881/355 884/351
f 881/355 879/354 887/350
f 879/354 886/349 887/350
f 884/359 888/348 885/352
f 885/352 888/348 889/346
f 890/344 888/345 887/350
f 884/351 887/350 888/345
f 891/343 886/349 889/346
f 886/349 885/352 889/346
f 887/350 886/349 890/344
f 886/349 891/343 890/344
f 888/348 892/342 889/346
f 889/346 892/342 893/340
f 894/338 892/339 890/344
f 888/345 890/344 892/339
f 895/337 891/343 893/340
f 891/343 889/346 893/340
f 890/344 891/343 894/338
f 891/343 895/337 894/338
f 892/342 896/336 893/340
f 893/340 896/336 897/334
f 898/332 896/333 894/338
f 892/339 894/338 896/333
f 899/331 895/337 897/334
f 895/337 893/340 897/334
f 894/338 895/337 898/332
f 895/337 899/331 898/332
f 896/336 900/329 897/334
f 897/334 900/329 901/325
f 902/320 899/331 901/325
f 899/331 897/334 901/325
f 903/322 900/324 898/332
f 896/333 898/332 900/324
f 900/329 904/330 901/325
f 901/325 904/330 905/326
f 898/332 899/331 903/322
f 899/331 902/320 903/322
f 906/319 904/323 903/322
f 900/324 903/322 904/323
f 907/321 902/320 905/326
f 902/320 901/325 905/326
f 903/322 902/320 906/319
f 902/320 907/321 906/319
f 908/321 909/320 910/319
f 909/320 911/322 910/319
f 912/323 910/319 913/324
f 910/319 911/322 913/324
f 914/326 915/325 908/321
f 915/325 909/320 908/321
f 913/328 915/325 912/327
f 912/327 915/325 914/326
f 916/329 917/330 918/325
f 918/325 917/330 919/326
f 920/319 917/323 921/322
f 916/324 921/322 917/323
f 922/321 923/320 919/326
f 923/320 918/325 919/326
f 921/322 923/320 920/319
f 923/320 922/321 920/319
f 909/320 924/331 911/322
f 911/322 924/331 925/332
f 913/324 911/322 926/333
f 911/322 925/332 926/333
f 915/325 927/334 909/320
f 909/320 927/334 924/331
f 915/325 913/328 927/334
f 913/328 926/335 927/334
f 928/336 916/329 929/334
f 929/334 916/329 918/325
f 921/322 916/324 930/332
f 928/333 930/332 916/324
f 923/320 931/331 918/325
f 931/331 929/334 918/325
f 930/332 931/331 921/322
f 931/331 923/320 921/322
f 924/331 932/337 925/332
f 925/332 932/337 933/338
f 926/333 925/332 934/339
f 925/332 933/338 934/339
f 927/334 935/340 924/331
f 924/331 935/340 932/337
f 927/334 926/335 935/340
f 926/335 934/341 935/340
f 936/342 928/336 937/340
f 937/340 928/336 929/334
f 930/332 928/333 938/338
f 936/339 938/338 928/333
f 931/331 939/337 929/334
f 939/337 937/340 929/334
f 938/338 939/337 930/332
f 939/337 931/331 930/332
f 932/337 940/343 933/338
f 933/338 940/343 941/344
f 934/339 933/338 942/345
f 933/338 941/344 942/345
f 935/340 943/346 932/337
f 932/337 943/346 940/343
f 935/340 934/341 943/346
f 934/341 942/347 943/346
f 944/348 936/342 945/346
f 945/346 936/342 937/340
f 938/338 936/339 946/344
f 944/345 946/344 936/339
f 939/337 947/343 937/340
f 947/343 945/346 937/340
f 946/344 947/343 938/338
f 947/343 939/337 938/338
f 940/343 948/349 941/344
f 941/344 948/349 949/350
f 942/345 941/344 950/351
f 941/344 949/350 950/351
f 943/346 951/352 940/343
f 951/352 948/349 940/343
f 950/353 951/352 942/347
f 942/347 951/352 943/346
f 948/349 952/354 949/350
f 949/350 952/354 953/355
f 950/351 949/350 954/356
f 949/350 953/355 954/356
f 951/352 955/357 948/349
f 948/349 955/357 952/354
f 951/352 950/353 955/357
f 950/353 954/358 955/357
f 956/359 944/348 957/352
f 957/352 944/348 945/346
f 946/344 944/345 958/350
f 956/351 958/350 944/345
f 947/343 959/349 945/346
f 959/349 957/352 945/346
f 958/350 959/349 946/344
f 959/349 947/343 946/344
f 952/354 960/360 953/355
f 953/355 960/360 961/361
f 954/356 953/355 962/362
f 953/355 961/361 962/362
f 955/357 963/363 952/354
f 952/354 963/363 960/360
f 962/364 963/363 954/358
f 954/358 963/363 955/357
f 964/365 956/359 965/357
f 965/357 956/359 957/352
f 958/350 956/351 966/355
f 964/356 966/355 956/351
f 959/349 967/354 957/352
f 967/354 965/357 957/352
f 966/355 967/354 958/350
f 967/354 959/349 958/350
f 960/360 968/366 961/361
f 961/361 968/366 969/367
f 962/362 961/361 970/368
f 961/361 969/367 970/368
f 963/363 971/369 960/360
f 960/360 971/369 968/366
f 963/363 962/364 971/369
f 962/364 970/370 971/369
f 972/371 964/365 973/363
f 973/363 964/365 965/357
f 968/366 974/372 969/367
f 969/367 974/372 975/373
f 966/355 964/356 976/361
f 972/362 976/361 964/356
f 967/354 977/360 965/357
f 977/360 973/363 965/357
f 970/368 969/367 978/374
f 969/367 975/373 978/374
f 971/369 979/375 968/366
f 979/375 974/372 968/366
f 976/361 977/360 966/355
f 977/360 967/354 966/355
f 978/376 979/375 970/370
f 970/370 979/375 971/369
f 974/372 980/377 975/373
f 975/373 980/377 981/378
f 978/374 975/373 982/379
f 975/373 981/378 982/379
f 979/375 983/380 974/372
f 974/372 983/380 980/377
f 979/375 978/376 983/380
f 978/376 982/381 983/380
f 984/382 972/371 985/369
f 985/369 972/371 973/363
f 976/361 972/362 986/367
f 984/368 986/367 972/362
f 977/360 987/366 973/363
f 987/366 985/369 973/363
f 986/367 987/366 976/361
f 987/366 977/360 976/361
f 980/377 988/383 981/378
f 981/378 988/383 989/384
f 982/379 981/378 990/385
f 981/378 989/384 990/385
f 983/380 991/386 980/377
f 980/377 991/386 988/383
f 983/380 982/381 991/386
f 982/381 990/387 991/386
f 988/383 992/388 989/384
f 989/384 992/388 993/389
f 990/385 989/384 994/390
f 989/384 993/389 994/390
f 991/386 995/391 988/383
f 988/383 995/391 992/388
f 991/386 990/387 995/391
f 990/387 994/392 995/391
f 996/393 984/382 997/375
f 984/382 985/369 997/375
f 986/367 984/368 998/373
f 998/373 984/368 996/374
f 987/366 999/372 985/369
f 997/375 985/369 999/372
f 987/366 986/367 999/372
f 999/372 986/367 998/373
f 992/388 1000/394 993/389
f 993/389 1000/394 1001/395
f 994/390 993/389 1002/396
f 993/389 1001/395 1002/396
f 995/391 1003/397 992/388
f 992/388 1003/397 1000/394
f 995/391 994/392 1003/397
f 994/392 1002/398 1003/397
f 1000/394 1004/399 1001/395
f 1001/395 1004/399 1005/400
f 1002/396 1001/395 1006/401
f 1001/395 1005/400 1006/401
f 1003/397 1007/402 1000/394
f 1000/394 1007/402 1004/399
f 1003/397 1002/398 1007/402
f 1002/398 1006/403 1007/402
f 1004/399 1008/404 1005/400
f 1005/400 1008/404 1009/405
f 1006/401 1005/400 1010/406
f 1005/400 1009/405 1010/406
f 1007/402 1011/407 1004/399
f 1004/399 1011/407 1008/404
f 1012/408 996/393 1013/380
f 996/393 997/375 1013/380
f 1008/404 1014/312 1009/405
f 1009/405 1014/312 1015/310
f 998/373 996/374 1016/378
f 1016/378 996/374 1012/379
f 999/372 1017/377 997/375
f 1013/380 997/375 1017/377
f 1007/402 1006/403 1011/407
f 1006/403 1010/409 1011/407
f 1010/406 1009/405 1018/308
f 1009/405 1015/310 1018/308
f 1011/407 1019/313 1008/404
f 1008/404 1019/313 1014/312
f 999/372 998/373 1017/377
f 1017/377 998/373 1016/378
f 1011/407 1010/409 1019/313
f 1010/409 1018/317 1019/313
f 1020/410 1012/408 1021/386
f 1012/408 1013/380 1021/386
f 1016/378 1012/379 1022/384
f 1022/384 1012/379 1020/385
f 1017/377 1023/383 1013/380
f 1021/386 1013/380 1023/383
f 1017/377 1016/378 1023/383
f 1023/383 1016/378 1022/384
f 1024/411 1020/410 1025/391
f 1020/410 1021/386 1025/391
f 1022/384 1020/385 1026/389
f 1026/389 1020/385 1024/390
f 1023/383 1027/388 1021/386
f 1025/391 1021/386 1027/388
f 1023/383 1022/384 1027/388
f 1027/388 1022/384 1026/389
f 1028/412 1024/411 1029/397
f 1024/411 1025/391 1029/397
f 1026/389 1024/390 1030/395
f 1030/395 1024/390 1028/396
f 1027/388 1031/394 1025/391
f 1029/397 1025/391 1031/394
f 1027/388 1026/389 1031/394
f 1031/394 1026/389 1030/395
f 1032/413 1028/412 1033/402
f 1028/412 1029/397 1033/402
f 1030/395 1028/396 1034/400
f 1034/400 1028/396 1032/401
f 1031/394 1035/399 1029/397
f 1033/402 1029/397 1035/399
f 1031/394 1030/395 1035/399
f 1035/399 1030/395 1034/400
f 1036/414 1032/413 1037/407
f 1032/413 1033/402 1037/407
f 1035/399 1038/404 1033/402
f 1037/407 1033/402 1038/404
f 1034/400 1032/401 1039/405
f 1039/405 1032/401 1036/406
f 1040/315 1036/414 1041/313
f 1036/414 1037/407 1041/313
f 1035/399 1034/400 1038/404
f 1038/404 1034/400 1039/405
f 1039/405 1036/406 1042/310
f 1042/310 1036/406 1040/308
f 1038/404 1043/312 1037/407
f 1041/313 1037/407 1043/312
f 1038/404 1039/405 1043/312
f 1043/312 1039/405 1042/310
f 1044/320 1045/321 1046/322
f 1046/322 1045/321 1047/319
f 1048/324 1046/322 1049/323
f 1046/322 1047/319 1049/323
f 1050/325 1051/326 1044/320
f 1044/320 1051/326 1045/321
f 1050/325 1048/328 1051/326
f 1048/328 1049/327 1051/326
f 1052/330 1053/329 1054/326
f 1053/329 1055/325 1054/326
f 1056/319 1057/322 1052/323
f 1057/322 1053/324 1052/323
f 1058/320 1059/321 1055/325
f 1054/326 1055/325 1059/321
f 1058/320 1057/322 1059/321
f 1059/321 1057/322 1056/319
f 1060/331 1044/320 1061/332
f 1061/332 1044/320 1046/322
f 1062/333 1061/332 1048/324
f 1061/332 1046/322 1048/324
f 1063/334 1050/325 1060/331
f 1060/331 1050/325 1044/320
f 1063/334 1062/335 1050/325
f 1062/335 1048/328 1050/325
f 1053/329 1064/336 1055/325
f 1064/336 1065/334 1055/325
f 1057/322 1066/332 1053/324
f 1066/332 1064/333 1053/324
f 1067/331 1058/320 1065/334
f 1055/325 1065/334 1058/320
f 1067/331 1066/332 1058/320
f 1058/320 1066/332 1057/322
f 1068/337 1060/331 1069/338
f 1069/338 1060/331 1061/332
f 1070/339 1069/338 1062/333
f 1069/338 1061/332 1062/333
f 1071/340 1063/334 1068/337
f 1068/337 1063/334 1060/331
f 1071/340 1070/341 1063/334
f 1070/341 1062/335 1063/334
f 1064/336 1072/342 1065/334
f 1072/342 1073/340 1065/334
f 1074/338 1072/339 1066/332
f 1066/332 1072/339 1064/333
f 1075/337 1067/331 1073/340
f 1065/334 1073/340 1067/331
f 1075/337 1074/338 1067/331
f 1067/331 1074/338 1066/332
f 1076/343 1068/337 1077/344
f 1077/344 1068/337 1069/338
f 1078/345 1077/344 1070/339
f 1077/344 1069/338 1070/339
f 1079/346 1071/340 1076/343
f 1076/343 1071/340 1068/337
f 1079/346 1078/347 1071/340
f 1078/347 1070/341 1071/340
f 1072/342 1080/348 1073/340
f 1080/348 1081/346 1073/340
f 1082/344 1080/345 1074/338
f 1074/338 1080/345 1072/339
f 1083/343 1075/337 1081/346
f 1073/340 1081/346 1075/337
f 1083/343 1082/344 1075/337
f 1075/337 1082/344 1074/338
f 1084/349 1076/343 1085/350
f 1085/350 1076/343 1077/344
f 1086/351 1085/350 1078/345
f 1085/350 1077/344 1078/345
f 1087/352 1079/346 1084/349
f 1084/349 1079/346 1076/343
f 1087/352 1086/353 1079/346
f 1086/353 1078/347 1079/346
f 1088/354 1084/349 1089/355
f 1089/355 1084/349 1085/350
f 1090/357 1087/352 1088/354
f 1088/354 1087/352 1084/349
f 1091/356 1089/355 1086/351
f 1089/355 1085/350 1086/351
f 1090/357 1091/358 1087/352
f 1091/358 1086/353 1087/352
f 1080/348 1092/359 1081/346
f 1092/359 1093/352 1081/346
f 1094/350 1092/351 1082/344
f 1082/344 1092/351 1080/345
f 1095/349 1083/343 1093/352
f 1081/346 1093/352 1083/343
f 1095/349 1094/350 1083/343
f 1083/343 1094/350 1082/344
f 1096/360 1088/354 1097/361
f 1097/361 1088/354 1089/355
f 1098/362 1097/361 1091/356
f 1097/361 1089/355 1091/356
f 1099/363 1090/357 1096/360
f 1096/360 1090/357 1088/354
f 1099/363 1098/364 1090/357
f 1098/364 1091/358 1090/357
f 1092/359 1100/365 1093/352
f 1100/365 1101/357 1093/352
f 1102/355 1100/356 1094/350
f 1094/350 1100/356 1092/351
f 1103/354 1095/349 1101/357
f 1093/352 1101/357 1095/349
f 1103/354 1102/355 1095/349
f 1095/349 1102/355 1094/350
f 1104/366 1096/360 1105/367
f 1105/367 1096/360 1097/361
f 1106/369 1099/363 1104/366
f 1099/363 1096/360 1104/366
f 1107/368 1105/367 1098/362
f 1105/367 1097/361 1098/362
f 1098/364 1099/363 1107/370
f 1107/370 1099/363 1106/369
f 1100/365 1108/371 1101/357
f 1108/371 1109/363 1101/357
f 1110/372 1104/366 1111/373
f 1111/373 1104/366 1105/367
f 1112/361 1108/362 1102/355
f 1102/355 1108/362 1100/356
f 1113/360 1103/354 1109/363
f 1101/357 1109/363 1103/354
f 1114/374 1111/373 1107/368
f 1111/373 1105/367 1107/368
f 1115/375 1106/369 1110/372
f 1110/372 1106/369 1104/366
f 1113/360 1112/361 1103/354
f 1103/354 1112/361 1102/355
f 1115/375 1114/376 1106/369
f 1114/376 1107/370 1106/369
f 1116/377 1110/372 1117/378
f 1117/378 1110/372 1118/373
f 1119/380 1115/375 1116/377
f 1116/377 1115/375 1110/372
f 1120/379 1117/378 1114/374
f 1117/378 1111/373 1114/374
f 1114/376 1115/375 1120/381
f 1120/381 1115/375 1119/380
f 1108/371 1121/382 1109/363
f 1121/382 1122/369 1109/363
f 1123/367 1121/368 1112/361
f 1112/361 1121/368 1108/362
f 1124/366 1113/360 1122/369
f 1109/363 1122/369 1113/360
f 1124/366 1123/367 1113/360
f 1113/360 1123/367 1125/361
f 1126/383 1116/377 1127/384
f 1127/384 1116/377 1117/378
f 1128/385 1127/384 1120/379
f 1127/384 1117/378 1120/379
f 1129/386 1119/380 1126/383
f 1126/383 1119/380 1116/377
f 1129/386 1128/387 1119/380
f 1128/387 1120/381 1119/380
f 1130/388 1126/383 1131/389
f 1131/389 1126/383 1127/384
f 1132/390 1131/389 1128/385
f 1131/389 1127/384 1128/385
f 1133/391 1129/386 1130/388
f 1129/386 1126/383 1130/388
f 1128/387 1129/386 1132/392
f 1132/392 1129/386 1133/391
f 1121/382 1134/393 1122/369
f 1122/369 1134/393 1135/375
f 1136/372 1124/366 1135/375
f 1124/366 1122/369 1135/375
f 1137/373 1134/374 1123/367
f 1121/368 1123/367 1134/374
f 1123/367 1124/366 1137/373
f 1124/366 1136/372 1137/373
f 1138/394 1130/388 1139/395
f 1139/395 1130/388 1131/389
f 1140/396 1139/395 1132/390
f 1139/395 1131/389 1132/390
f 1141/397 1133/391 1138/394
f 1138/394 1133/391 1130/388
f 1141/397 1140/398 1133/391
f 1140/398 1132/392 1133/391
f 1142/399 1138/394 1143/400
f 1143/400 1138/394 1139/395
f 1144/401 1143/400 1140/396
f 1143/400 1139/395 1140/396
f 1145/402 1141/397 1142/399
f 1142/399 1141/397 1138/394
f 1145/402 1144/403 1141/397
f 1144/403 1140/398 1141/397
f 1146/404 1142/399 1147/405
f 1147/405 1142/399 1143/400
f 1148/406 1147/405 1144/401
f 1147/405 1143/400 1144/401
f 1149/407 1145/402 1146/404
f 1146/404 1145/402 1142/399
f 1134/393 1150/408 1135/375
f 1135/375 1150/408 1151/380
f 1152/312 1146/404 1153/310
f 1146/404 1147/405 1153/310
f 1154/378 1150/379 1137/373
f 1134/374 1137/373 1150/379
f 1155/377 1136/372 1151/380
f 1136/372 1135/375 1151/380
f 1149/407 1148/409 1145/402
f 1148/409 1144/403 1145/402
f 1156/308 1153/310 1148/406
f 1153/310 1147/405 1148/406
f 1157/313 1149/407 1152/312
f 1149/407 1146/404 1152/312
f 1137/373 1136/372 1154/378
f 1136/372 1155/377 1154/378
f 1148/409 1149/407 1156/317
f 1156/317 1149/407 1157/313
f 1150/408 1158/410 1151/380
f 1151/380 1158/410 1159/386
f 1160/384 1158/385 1154/378
f 1150/379 1154/378 1158/385
f 1161/383 1155/377 1159/386
f 1155/377 1151/380 1159/386
f 1154/378 1155/377 1160/384
f 1155/377 1161/383 1160/384
f 1158/410 1162/411 1159/386
f 1159/386 1162/411 1163/391
f 1164/389 1162/390 1160/384
f 1158/385 1160/384 1162/390
f 1165/388 1161/383 1163/391
f 1161/383 1159/386 1163/391
f 1160/384 1161/383 1164/389
f 1161/383 1165/388 1164/389
f 1162/411 1166/412 1163/391
f 1163/391 1166/412 1167/397
f 1168/395 1166/396 1164/389
f 1162/390 1164/389 1166/396
f 1169/394 1165/388 1167/397
f 1165/388 1163/391 1167/397
f 1164/389 1165/388 1168/395
f 1165/388 1169/394 1168/395
f 1166/412 1170/413 1167/397
f 1167/397 1170/413 1171/402
f 1172/400 1170/401 1168/395
f 1166/396 1168/395 1170/401
f 1173/399 1169/394 1171/402
f 1169/394 1167/397 1171/402
f 1168/395 1169/394 1172/400
f 1169/394 1173/399 1172/400
f 1170/413 1174/414 1171/402
f 1171/402 1174/414 1175/407
f 1176/404 1173/399 1175/407
f 1173/399 1171/402 1175/407
f 1177/405 1174/406 1172/400
f 1170/401 1172/400 1174/406
f 1174/414 1178/315 1175/407
f 1175/407 1178/315 1179/313
f 1172/400 1173/399 1177/405
f 1173/399 1176/404 1177/405
f 1180/310 1178/308 1177/405
f 1174/406 1177/405 1178/308
f 1181/312 1176/404 1179/313
f 1176/404 1175/407 1179/313
f 1177/405 1176/404 1180/310
f 1176/404 1181/312 1180/310
f 1182/322 1183/320 1184/319
f 1183/320 1185/321 1184/319
f 1184/319 1186/323 1182/322
f 1187/324 1182/322 1186/323
f 1185/321 1183/320 1188/326
f 1183/320 1189/325 1188/326
f 1190/332 1191/331 1182/322
f 1191/331 1183/320 1182/322
f 1187/329 1186/330 1189/325
f 1189/325 1186/330 1188/326
f 1182/322 1187/324 1190/332
f 1192/333 1190/332 1187/324
f 1183/320 1191/331 1189/325
f 1191/331 1193/334 1189/325
f 1192/336 1187/329 1193/334
f 1193/334 1187/329 1189/325
f 1194/338 1195/337 1190/332
f 1195/337 1191/331 1190/332
f 1190/332 1192/333 1194/338
f 1196/339 1194/338 1192/333
f 1191/331 1195/337 1193/334
f 1195/337 1197/340 1193/334
f 1196/342 1192/336 1197/340
f 1197/340 1192/336 1193/334
f 1198/344 1199/343 1194/338
f 1199/343 1195/337 1194/338
f 1194/338 1196/339 1198/344
f 1200/345 1198/344 1196/339
f 1195/337 1199/343 1197/340
f 1199/343 1201/346 1197/340
f 1200/348 1196/342 1201/346
f 1201/346 1196/342 1197/340
f 1202/350 1203/349 1198/344
f 1203/349 1199/343 1198/344
f 1198/344 1200/345 1202/350
f 1204/351 1202/350 1200/345
f 1199/343 1203/349 1201/346
f 1203/349 1205/352 1201/346
f 1204/359 1200/348 1205/352
f 1205/352 1200/348 1201/346
f 1206/355 1207/354 1202/350
f 1207/354 1203/349 1202/350
f 1202/350 1204/351 1206/355
f 1208/356 1206/355 1204/351
f 1203/349 1207/354 1205/352
f 1207/354 1209/357 1205/352
f 1208/365 1204/359 1209/357
f 1209/357 1204/359 1205/352
f 1210/328 1211/325 1212/327
f 1212/327 1211/325 1213/326
f 1214/361 1215/360 1206/355
f 1215/360 1207/354 1206/355
f 1212/323 1216/319 1210/324
f 1216/319 1217/322 1210/324
f 1213/326 1211/325 1218/321
f 1211/325 1219/320 1218/321
f 1211/325 1210/328 1220/334
f 1210/328 1221/335 1220/334
f 1206/355 1208/356 1214/361
f 1222/362 1214/361 1208/356
f 1207/354 1215/360 1209/357
f 1215/360 1223/363 1209/357
f 1218/321 1219/320 1216/319
f 1219/320 1217/322 1216/319
f 1222/371 1208/365 1223/363
f 1223/363 1208/365 1209/357
f 1210/324 1217/322 1221/333
f 1217/322 1224/332 1221/333
f 1211/325 1220/334 1219/320
f 1219/320 1220/334 1225/331
f 1219/320 1225/331 1217/322
f 1217/322 1225/331 1224/332
f 1220/334 1221/335 1226/340
f 1221/335 1227/341 1226/340
f 1221/333 1224/332 1227/339
f 1224/332 1228/338 1227/339
f 1220/334 1226/340 1225/331
f 1225/331 1226/340 1229/337
f 1225/331 1229/337 1224/332
f 1224/332 1229/337 1228/338
f 1226/340 1227/341 1230/346
f 1227/341 1231/347 1230/346
f 1227/339 1228/338 1231/345
f 1228/338 1232/344 1231/345
f 1226/340 1230/346 1229/337
f 1229/337 1230/346 1233/343
f 1229/337 1233/343 1228/338
f 1228/338 1233/343 1232/344
f 1234/367 1235/366 1214/361
f 1235/366 1215/360 1214/361
f 1214/361 1222/362 1234/367
f 1236/368 1234/367 1222/362
f 1215/360 1235/366 1223/363
f 1235/366 1237/369 1223/363
f 1236/382 1222/371 1237/369
f 1237/369 1222/371 1223/363
f 1238/353 1239/352 1231/347
f 1231/347 1239/352 1230/346
f 1231/345 1232/344 1238/351
f 1232/344 1240/350 1238/351
f 1230/346 1239/352 1233/343
f 1239/352 1241/349 1233/343
f 1233/343 1241/349 1232/344
f 1232/344 1241/349 1240/350
f 1239/352 1238/353 1242/357
f 1238/353 1243/358 1242/357
f 1239/352 1242/357 1241/349
f 1241/349 1242/357 1244/354
f 1238/351 1240/350 1243/356
f 1240/350 1245/355 1243/356
f 1241/349 1244/354 1240/350
f 1240/350 1244/354 1245/355
f 1235/366 1234/367 1246/372
f 1246/372 1234/367 1247/373
f 1234/367 1236/368 1247/373
f 1247/373 1236/368 1248/374
f 1235/366 1246/372 1237/369
f 1249/375 1237/369 1246/372
f 1248/393 1236/382 1249/375
f 1236/382 1237/369 1249/375
f 1250/364 1251/363 1243/358
f 1243/358 1251/363 1242/357
f 1243/356 1245/355 1250/362
f 1245/355 1252/361 1250/362
f 1242/357 1251/363 1244/354
f 1244/354 1251/363 1253/360
f 1244/354 1253/360 1245/355
f 1245/355 1253/360 1252/361
f 1251/363 1250/364 1254/369
f 1250/364 1255/370 1254/369
f 1246/372 1247/373 1256/377
f 1256/377 1247/373 1257/378
f 1250/362 1252/361 1255/368
f 1252/361 1258/367 1255/368
f 1251/363 1254/369 1253/360
f 1253/360 1254/369 1259/366
f 1247/373 1248/374 1257/378
f 1257/378 1248/374 1260/379
f 1246/372 1256/377 1249/375
f 1261/380 1249/375 1256/377
f 1253/360 1259/366 1252/361
f 1252/361 1259/366 1258/367
f 1260/408 1248/393 1261/380
f 1248/393 1249/375 1261/380
f 1262/376 1263/375 1255/370
f 1255/370 1263/375 1254/369
f 1255/368 1258/367 1262/374
f 1258/367 1264/373 1262/374
f 1254/369 1263/375 1259/366
f 1263/375 1265/372 1259/366
f 1259/366 1265/372 1258/367
f 1258/367 1265/372 1264/373
f 1256/377 1257/378 1266/383
f 1266/383 1257/378 1267/384
f 1257/378 1260/379 1267/384
f 1267/384 1260/379 1268/385
f 1256/377 1266/383 1261/380
f 1269/386 1261/380 1266/383
f 1268/410 1260/408 1269/386
f 1260/408 1261/380 1269/386
f 1263/375 1262/376 1270/380
f 1262/376 1271/381 1270/380
f 1262/374 1264/373 1271/379
f 1264/373 1272/378 1271/379
f 1263/375 1270/380 1265/372
f 1265/372 1270/380 1273/377
f 1265/372 1273/377 1264/373
f 1264/373 1273/377 1272/378
f 1266/383 1267/384 1274/388
f 1274/388 1267/384 1275/389
f 1267/384 1268/385 1275/389
f 1275/389 1268/385 1276/390
f 1266/383 1274/388 1269/386
f 1277/391 1269/386 1274/388
f 1276/411 1268/410 1277/391
f 1268/410 1269/386 1277/391
f 1270/380 1271/381 1278/386
f 1271/381 1279/387 1278/386
f 1271/379 1272/378 1279/385
f 1272/378 1280/384 1279/385
f 1270/380 1278/386 1273/377
f 1273/377 1278/386 1281/383
f 1273/377 1281/383 1272/378
f 1272/378 1281/383 1280/384
f 1278/386 1279/387 1282/391
f 1279/387 1283/392 1282/391
f 1278/386 1282/391 1281/383
f 1281/383 1282/391 1284/388
f 1279/385 1280/384 1283/390
f 1280/384 1285/389 1283/390
f 1281/383 1284/388 1280/384
f 1280/384 1284/388 1285/389
f 1274/388 1275/389 1286/394
f 1286/394 1275/389 1287/395
f 1274/388 1286/394 1277/391
f 1288/397 1277/391 1286/394
f 1275/389 1276/390 1287/395
f 1287/395 1276/390 1289/396
f 1289/412 1276/411 1288/397
f 1276/411 1277/391 1288/397
f 1282/391 1283/392 1290/397
f 1283/392 1291/398 1290/397
f 1283/390 1285/389 1291/396
f 1285/389 1292/395 1291/396
f 1282/391 1290/397 1284/388
f 1284/388 1290/397 1293/394
f 1284/388 1293/394 1285/389
f 1285/389 1293/394 1292/395
f 1286/394 1287/395 1294/399
f 1294/399 1287/395 1295/400
f 1287/395 1289/396 1295/400
f 1295/400 1289/396 1296/401
f 1286/394 1294/399 1288/397
f 1297/402 1288/397 1294/399
f 1296/413 1289/412 1297/402
f 1289/412 1288/397 1297/402
f 1290/397 1291/398 1298/402
f 1291/398 1299/403 1298/402
f 1291/396 1292/395 1299/401
f 1292/395 1300/400 1299/401
f 1290/397 1298/402 1293/394
f 1293/394 1298/402 1301/399
f 1293/394 1301/399 1292/395
f 1292/395 1301/399 1300/400
f 1294/399 1295/400 1302/404
f 1302/404 1295/400 1303/405
f 1295/400 1296/401 1303/405
f 1303/405 1296/401 1304/406
f 1294/399 1302/404 1297/402
f 1305/407 1297/402 1302/404
f 1304/414 1296/413 1305/407
f 1296/413 1297/402 1305/407
f 1298/402 1299/403 1306/407
f 1299/403 1307/409 1306/407
f 1299/401 1300/400 1307/406
f 1300/400 1308/405 1307/406
f 1298/402 1306/407 1301/399
f 1301/399 1306/407 1309/404
f 1301/399 1309/404 1300/400
f 1300/400 1309/404 1308/405
f 1302/404 1303/405 922/312
f 922/312 1303/405 920/310
f 1303/405 1304/406 920/310
f 920/310 1304/406 917/308
f 1302/404 922/312 1305/407
f 919/313 1305/407 922/312
f 917/315 1304/414 919/313
f 1304/414 1305/407 919/313
f 1306/407 1307/409 914/313
f 1307/409 912/317 914/313
f 1307/406 1308/405 912/308
f 1308/405 910/310 912/308
f 1306/407 914/313 1309/404
f 1309/404 914/313 908/312
f 1309/404 908/312 1308/405
f 1308/405 908/312 910/310
f 1310/404 1311/405 1312/312
f 1312/312 1311/405 1313/310
f 1311/405 1314/406 1313/310
f 1313/310 1314/406 1315/308
f 1310/404 1312/312 1316/407
f 1317/313 1316/407 1312/312
f 1318/399 1319/400 1310/404
f 1310/404 1319/400 1311/405
f 1315/315 1314/414 1317/313
f 1314/414 1316/407 1317/313
f 1319/400 1320/401 1311/405
f 1311/405 1320/401 1314/406
f 1318/399 1310/404 1321/402
f 1316/407 1321/402 1310/404
f 1314/414 1320/413 1316/407
f 1320/413 1321/402 1316/407
f 1322/394 1323/395 1318/399
f 1318/399 1323/395 1319/400
f 1322/394 1318/399 1324/397
f 1321/402 1324/397 1318/399
f 1323/395 1325/396 1319/400
f 1319/400 1325/396 1320/401
f 1320/413 1325/412 1321/402
f 1325/412 1324/397 1321/402
f 1326/388 1327/389 1322/394
f 1322/394 1327/389 1323/395
f 1327/389 1328/390 1323/395
f 1323/395 1328/390 1325/396
f 1326/388 1322/394 1329/391
f 1324/397 1329/391 1322/394
f 1325/412 1328/411 1324/397
f 1328/411 1329/391 1324/397
f 1330/383 1331/384 1326/388
f 1326/388 1331/384 1327/389
f 1331/384 1332/385 1327/389
f 1327/389 1332/385 1328/390
f 1330/383 1326/388 1333/386
f 1329/391 1333/386 1326/388
f 1328/411 1332/410 1329/391
f 1332/410 1333/386 1329/391
f 1334/377 1335/378 1330/383
f 1330/383 1335/378 1331/384
f 1335/378 1336/379 1331/384
f 1331/384 1336/379 1332/385
f 1334/377 1330/383 1337/380
f 1333/386 1337/380 1330/383
f 1332/410 1336/408 1333/386
f 1336/408 1337/380 1333/386
f 1338/407 1339/409 1340/313
f 1339/409 1341/317 1340/313
f 1342/372 1343/373 1334/377
f 1334/377 1343/373 1335/378
f 1339/406 1344/405 1341/308
f 1344/405 1345/310 1341/308
f 1338/407 1340/313 1346/404
f 1346/404 1340/313 1347/312
f 1348/402 1349/403 1338/407
f 1349/403 1339/409 1338/407
f 1343/373 1350/374 1335/378
f 1335/378 1350/374 1336/379
f 1342/372 1334/377 1351/375
f 1337/380 1351/375 1334/377
f 1346/404 1347/312 1344/405
f 1344/405 1347/312 1345/310
f 1336/408 1350/393 1337/380
f 1350/393 1351/375 1337/380
f 1349/401 1352/400 1339/406
f 1352/400 1344/405 1339/406
f 1348/402 1338/407 1353/399
f 1353/399 1338/407 1346/404
f 1353/399 1346/404 1352/400
f 1352/400 1346/404 1344/405
f 1354/397 1355/398 1348/402
f 1355/398 1349/403 1348/402
f 1355/396 1356/395 1349/401
f 1356/395 1352/400 1349/401
f 1354/397 1348/402 1357/394
f 1357/394 1348/402 1353/399
f 1357/394 1353/399 1356/395
f 1356/395 1353/399 1352/400
f 1358/391 1359/392 1354/397
f 1359/392 1355/398 1354/397
f 1359/390 1360/389 1355/396
f 1360/389 1356/395 1355/396
f 1358/391 1354/397 1361/388
f 1361/388 1354/397 1357/394
f 1361/388 1357/394 1360/389
f 1360/389 1357/394 1356/395
f 1362/366 1363/367 1342/372
f 1342/372 1363/367 1343/373
f 1363/367 1364/368 1343/373
f 1343/373 1364/368 1350/374
f 1362/366 1342/372 1365/369
f 1351/375 1365/369 1342/372
f 1350/393 1364/382 1351/375
f 1364/382 1365/369 1351/375
f 1366/386 1367/387 1358/391
f 1367/387 1359/392 1358/391
f 1367/385 1368/384 1359/390
f 1368/384 1360/389 1359/390
f 1366/386 1358/391 1369/383
f 1369/383 1358/391 1361/388
f 1369/383 1361/388 1368/384
f 1368/384 1361/388 1360/389
f 1370/380 1371/381 1366/386
f 1371/381 1367/387 1366/386
f 1370/380 1366/386 1372/377
f 1372/377 1366/386 1369/383
f 1371/379 1373/378 1367/385
f 1373/378 1368/384 1367/385
f 1372/377 1369/383 1373/378
f 1373/378 1369/383 1368/384
f 1363/367 1362/366 1374/361
f 1362/366 1375/360 1374/361
f 1374/361 1376/362 1363/367
f 1364/368 1363/367 1376/362
f 1375/360 1362/366 1377/363
f 1362/366 1365/369 1377/363
f 1364/382 1376/371 1365/369
f 1365/369 1376/371 1377/363
f 1378/375 1379/376 1370/380
f 1379/376 1371/381 1370/380
f 1378/375 1370/380 1380/372
f 1380/372 1370/380 1372/377
f 1379/374 1381/373 1371/379
f 1381/373 1373/378 1371/379
f 1380/372 1372/377 1381/373
f 1381/373 1372/377 1373/378
f 1379/376 1378/375 1382/370
f 1382/370 1378/375 1383/369
f 1374/361 1375/360 1384/355
f 1375/360 1385/354 1384/355
f 1382/368 1386/367 1379/374
f 1386/367 1381/373 1379/374
f 1383/369 1378/375 1387/366
f 1378/375 1380/372 1387/366
f 1385/354 1375/360 1388/357
f 1375/360 1377/363 1388/357
f 1384/355 1389/356 1374/361
f 1376/362 1374/361 1389/356
f 1387/366 1380/372 1386/367
f 1386/367 1380/372 1381/373
f 1376/371 1389/365 1377/363
f 1377/363 1389/365 1388/357
f 1390/363 1391/364 1383/369
f 1391/364 1382/370 1383/369
f 1391/362 1392/361 1382/368
f 1392/361 1386/367 1382/368
f 1390/363 1383/369 1393/360
f 1393/360 1383/369 1387/366
f 1393/360 1387/366 1392/361
f 1392/361 1387/366 1386/367
f 1384/355 1385/354 1394/350
f 1385/354 1395/349 1394/350
f 1395/349 1385/354 1396/352
f 1385/354 1388/357 1396/352
f 1394/350 1397/351 1384/355
f 1389/356 1384/355 1397/351
f 1389/365 1397/359 1388/357
f 1388/357 1397/359 1396/352
f 1391/364 1390/363 1398/358
f 1398/358 1390/363 1399/357
f 1398/356 1400/355 1391/362
f 1400/355 1392/361 1391/362
f 1399/357 1390/363 1401/354
f 1401/354 1390/363 1393/360
f 1401/354 1393/360 1400/355
f 1400/355 1393/360 1392/361
f 1394/350 1395/349 1402/344
f 1395/349 1403/343 1402/344
f 1402/344 1404/345 1394/350
f 1397/351 1394/350 1404/345
f 1403/343 1395/349 1405/346
f 1395/349 1396/352 1405/346
f 1397/359 1404/348 1396/352
f 1396/352 1404/348 1405/346
f 1406/352 1407/353 1399/357
f 1407/353 1398/358 1399/357
f 1407/351 1408/350 1398/356
f 1408/350 1400/355 1398/356
f 1406/352 1399/357 1409/349
f 1409/349 1399/357 1401/354
f 1409/349 1401/354 1408/350
f 1408/350 1401/354 1400/355
f 1407/353 1406/352 1410/347
f 1410/347 1406/352 1411/346
f 1410/345 1412/344 1407/351
f 1412/344 1408/350 1407/351
f 1411/346 1406/352 1413/343
f 1406/352 1409/349 1413/343
f 1413/343 1409/349 1412/344
f 1412/344 1409/349 1408/350
f 1402/344 1403/343 1414/338
f 1403/343 1415/337 1414/338
f 1415/337 1403/343 1416/340
f 1403/343 1405/346 1416/340
f 1414/338 1417/339 1402/344
f 1404/345 1402/344 1417/339
f 1404/348 1417/342 1405/346
f 1405/346 1417/342 1416/340
f 1418/340 1419/341 1411/346
f 1419/341 1410/347 1411/346
f 1418/340 1411/346 1420/337
f 1420/337 1411/346 1413/343
f 1419/339 1421/338 1410/345
f 1421/338 1412/344 1410/345
f 1420/337 1413/343 1421/338
f 1421/338 1413/343 1412/344
f 1414/338 1415/337 1422/332
f 1415/337 1423/331 1422/332
f 1422/332 1424/333 1414/338
f 1417/339 1414/338 1424/333
f 1423/331 1415/337 1425/334
f 1415/337 1416/340 1425/334
f 1417/342 1424/336 1416/340
f 1416/340 1424/336 1425/334
f 1426/334 1427/335 1418/340
f 1427/335 1419/341 1418/340
f 1427/333 1428/332 1419/339
f 1428/332 1421/338 1419/339
f 1426/334 1418/340 1429/331
f 1429/331 1418/340 1420/337
f 1429/331 1420/337 1428/332
f 1428/332 1420/337 1421/338
f 1422/332 1423/331 1430/322
f 1423/331 1431/320 1430/322
f 1430/322 1432/324 1422/332
f 1424/333 1422/332 1432/324
f 1431/320 1423/331 1433/325
f 1423/331 1425/334 1433/325
f 1424/336 1432/329 1425/334
f 1425/334 1432/329 1433/325
f 1434/325 1435/328 1426/334
f 1435/328 1427/335 1426/334
f 1434/325 1426/334 1436/320
f 1436/320 1426/334 1429/331
f 1435/324 1437/322 1427/333
f 1437/322 1428/332 1427/333
f 1436/320 1429/331 1437/322
f 1437/322 1429/331 1428/332
f 1430/322 1431/320 773/319
f 1431/320 775/321 773/319
f 773/319 768/323 1430/322
f 1432/324 1430/322 768/323
f 775/321 1431/320 1438/326
f 1431/320 1433/325 1438/326
f 1432/329 768/330 1433/325
f 1433/325 768/330 1438/326
f 1435/328 1434/325 1439/327
f 1439/327 1434/325 1440/326
f 1439/323 1441/319 1435/324
f 1441/319 1437/322 1435/324
f 1440/326 1434/325 760/321
f 1434/325 1436/320 760/321
f 760/321 1436/320 1441/319
f 1436/320 1437/322 1441/319
f 1442/416 1056/310 1443/415
f 1056/310 1052/308 1443/415
f 1444/415 1445/308 1446/416
f 1445/308 1047/310 1446/416
f 1447/417 1059/312 1442/416
f 1059/312 1056/310 1442/416
f 1443/419 1052/317 1448/418
f 1052/317 1054/313 1448/418
f 1445/315 1444/420 1449/313
f 1444/420 1450/418 1449/313
f 1045/312 1451/417 1047/310
f 1451/417 1446/416 1047/310
f 1448/418 1054/313 1447/417
f 1054/313 1059/312 1447/417
f 1449/313 1450/418 1045/312
f 1450/418 1451/417 1045/312
f 1452/307 1453/310 1454/309
f 1453/310 1455/308 1454/309
f 1456/309 1457/308 1458/307
f 1457/308 1459/310 1458/307
f 1460/311 1461/312 1452/307
f 1461/312 1453/310 1452/307
f 1454/318 1455/317 1462/316
f 1455/317 1463/313 1462/316
f 1457/315 1456/314 1464/313
f 1456/314 1465/316 1464/313
f 1466/312 1467/311 1459/310
f 1467/311 1458/307 1459/310
f 1462/316 1463/313 1460/311
f 1463/313 1461/312 1460/311
f 1464/313 1465/316 1466/312
f 1465/316 1467/311 1466/312
f 1468/422 1469/390 1470/421
f 1469/390 1471/389 1470/421
f 1472/421 1473/389 1474/422
f 1473/389 1475/390 1474/422
f 1476/423 1470/421 1477/388
f 1477/388 1470/421 1471/389
f 1478/423 1479/388 1472/421
f 1479/388 1473/389 1472/421
f 1475/392 1480/391 1474/424
f 1474/424 1480/391 1481/425
f 1469/411 1468/426 1482/391
f 1468/426 1483/425 1482/391
f 1482/391 1483/425 1477/388
f 1483/425 1476/423 1477/388
f 1481/425 1480/391 1478/423
f 1480/391 1479/388 1478/423
f 1471/389 1469/390 1484/427
f 1469/390 1485/428 1484/427
f 1475/390 1473/389 1486/428
f 1473/389 1487/427 1486/428
f 1471/389 1484/427 1477/388
f 1488/429 1477/388 1484/427
f 1473/389 1479/388 1487/427
f 1479/388 1489/429 1487/427
f 1475/392 1486/430 1480/391
f 1480/391 1486/430 1490/431
f 1485/432 1469/411 1491/431
f 1469/411 1482/391 1491/431
f 1491/431 1482/391 1488/429
f 1482/391 1477/388 1488/429
f 1480/391 1490/431 1479/388
f 1490/431 1489/429 1479/388
f 1486/428 1487/427 1492/433
f 1487/427 1493/434 1492/433
f 1484/427 1485/428 1494/434
f 1485/428 1495/433 1494/434
f 1486/430 1492/435 1490/431
f 1490/431 1492/435 1496/436
f 1495/437 1485/432 1497/436
f 1485/432 1491/431 1497/436
f 1484/427 1494/434 1488/429
f 1498/438 1488/429 1494/434
f 1487/427 1489/429 1493/434
f 1489/429 1499/438 1493/434
f 1489/429 1490/431 1499/438
f 1490/431 1496/436 1499/438
f 1497/436 1491/431 1498/438
f 1491/431 1488/429 1498/438
f 1492/433 1493/434 1500/439
f 1493/434 1501/440 1500/439
f 1494/434 1495/433 1502/440
f 1495/433 1503/439 1502/440
f 1492/435 1500/441 1496/436
f 1496/436 1500/441 1504/442
f 1493/434 1499/438 1501/440
f 1499/438 1505/443 1501/440
f 1503/444 1495/437 1506/442
f 1495/437 1497/436 1506/442
f 1502/440 1507/443 1494/434
f 1507/443 1498/438 1494/434
f 1499/438 1496/436 1505/443
f 1496/436 1504/442 1505/443
f 1497/436 1498/438 1506/442
f 1506/442 1498/438 1507/443
f 1500/439 1501/440 1508/445
f 1501/440 1509/446 1508/445
f 1502/440 1503/439 1510/446
f 1503/439 1511/445 1510/446
f 1501/440 1505/443 1509/446
f 1505/443 1512/447 1509/446
f 1502/440 1510/446 1507/443
f 1513/447 1507/443 1510/446
f 1511/449 1503/444 1514/448
f 1503/444 1506/442 1514/448
f 1500/441 1508/450 1504/442
f 1504/442 1508/450 1515/448
f 1504/442 1515/448 1505/443
f 1505/443 1515/448 1512/447
f 1514/448 1506/442 1513/447
f 1506/442 1507/443 1513/447
f 1508/445 1509/446 1516/401
f 1509/446 1517/400 1516/401
f 1510/446 1511/445 1518/400
f 1511/445 1519/401 1518/400
f 1509/446 1512/447 1517/400
f 1512/447 1520/399 1517/400
f 1508/450 1516/403 1515/448
f 1515/448 1516/403 1521/402
f 1519/413 1511/449 1522/402
f 1511/449 1514/448 1522/402
f 1510/446 1518/400 1513/447
f 1523/399 1513/447 1518/400
f 1512/447 1515/448 1520/399
f 1515/448 1521/402 1520/399
f 1522/402 1514/448 1523/399
f 1514/448 1513/447 1523/399
f 1516/401 1517/400 1524/451
f 1517/400 1525/452 1524/451
f 1518/400 1519/401 1526/452
f 1519/401 1527/451 1526/452
f 1527/454 1519/413 1528/453
f 1519/413 1522/402 1528/453
f 1516/403 1524/455 1521/402
f 1521/402 1524/455 1529/453
f 1517/400 1520/399 1525/452
f 1520/399 1530/456 1525/452
f 1518/400 1526/452 1523/399
f 1531/456 1523/399 1526/452
f 1528/453 1522/402 1531/456
f 1522/402 1523/399 1531/456
f 1521/402 1529/453 1520/399
f 1520/399 1529/453 1530/456
f 1524/451 1525/452 1532/457
f 1525/452 1533/458 1532/457
f 1526/452 1527/451 1534/458
f 1527/451 1535/457 1534/458
f 1525/452 1530/456 1533/458
f 1530/456 1536/459 1533/458
f 1535/461 1527/454 1537/460
f 1527/454 1528/453 1537/460
f 1524/455 1532/462 1529/453
f 1529/453 1532/462 1538/460
f 1526/452 1534/458 1531/456
f 1539/459 1531/456 1534/458
f 1529/453 1538/460 1530/456
f 1530/456 1538/460 1536/459
f 1537/460 1528/453 1539/459
f 1528/453 1531/456 1539/459
f 1532/457 1533/458 1540/463
f 1533/458 1541/464 1540/463
f 1534/458 1535/457 1542/464
f 1535/457 1543/463 1542/464
f 1533/458 1536/459 1541/464
f 1536/459 1544/465 1541/464
f 1534/458 1542/464 1539/459
f 1545/465 1539/459 1542/464
f 1532/462 1540/466 1538/460
f 1538/460 1540/466 1546/467
f 1543/468 1535/461 1547/467
f 1535/461 1537/460 1547/467
f 1547/467 1537/460 1545/465
f 1537/460 1539/459 1545/465
f 1536/459 1538/460 1544/465
f 1538/460 1546/467 1544/465
f 1540/463 1541/464 1548/469
f 1541/464 1549/470 1548/469
f 1542/464 1543/463 1550/470
f 1543/463 1551/469 1550/470
f 1541/464 1544/465 1549/470
f 1544/465 1552/471 1549/470
f 1540/466 1548/472 1546/467
f 1546/467 1548/472 1553/473
f 1542/464 1550/470 1545/465
f 1554/471 1545/465 1550/470
f 1551/474 1543/468 1555/473
f 1543/468 1547/467 1555/473
f 1544/465 1546/467 1552/471
f 1546/467 1553/473 1552/471
f 1555/473 1547/467 1554/471
f 1547/467 1545/465 1554/471
f 1548/469 1549/470 1556/308
f 1549/470 1557/310 1556/308
f 1550/470 1551/469 1558/310
f 1551/469 1559/308 1558/310
f 1559/315 1551/474 1560/313
f 1551/474 1555/473 1560/313
f 1549/470 1552/471 1557/310
f 1552/471 1561/312 1557/310
f 1548/472 1556/317 1553/473
f 1553/473 1556/317 1562/313
f 1550/470 1558/310 1554/471
f 1563/312 1554/471 1558/310
f 1560/313 1555/473 1563/312
f 1555/473 1554/471 1563/312
f 1552/471 1553/473 1561/312
f 1553/473 1562/313 1561/312
f 1564/477 1565/476 1566/475
f 1565/476 1567/478 1566/475
f 1568/475 1569/478 1570/477
f 1569/478 1571/476 1570/477
f 1572/480 1573/479 1567/478
f 1567/478 1573/479 1566/475
f 1574/483 1575/482 1564/481
f 1565/484 1564/481 1575/482
f 1576/479 1577/480 1568/475
f 1577/480 1569/478 1568/475
f 1578/482 1579/483 1571/485
f 1570/486 1571/485 1579/483
f 1572/480 1575/482 1573/479
f 1575/482 1574/483 1573/479
f 1579/483 1578/482 1576/479
f 1578/482 1577/480 1576/479
f 1571/476 1569/478 1580/487
f 1569/478 1581/488 1580/487
f 1567/478 1565/476 1582/488
f 1565/476 1583/487 1582/488
f 1584/489 1572/480 1582/488
f 1582/488 1572/480 1567/478
f 1585/491 1578/482 1580/490
f 1571/485 1580/490 1578/482
f 1575/482 1586/491 1565/484
f 1583/492 1565/484 1586/491
f 1577/480 1587/489 1569/478
f 1569/478 1587/489 1581/488
f 1584/489 1586/491 1572/480
f 1586/491 1575/482 1572/480
f 1577/480 1578/482 1587/489
f 1578/482 1585/491 1587/489
f 1580/487 1581/488 1588/493
f 1581/488 1589/494 1588/493
f 1582/488 1583/487 1590/494
f 1583/487 1591/493 1590/494
f 1587/489 1592/495 1581/488
f 1581/488 1592/495 1589/494
f 1586/491 1593/496 1583/492
f 1591/497 1583/492 1593/496
f 1594/495 1584/489 1590/494
f 1584/489 1582/488 1590/494
f 1595/496 1585/491 1588/498
f 1580/490 1588/498 1585/491
f 1587/489 1585/491 1592/495
f 1585/491 1595/496 1592/495
f 1593/496 1586/491 1594/495
f 1586/491 1584/489 1594/495
f 1588/493 1589/494 1596/499
f 1589/494 1597/500 1596/499
f 1590/494 1591/493 1598/500
f 1591/493 1599/499 1598/500
f 1592/495 1600/501 1589/494
f 1589/494 1600/501 1597/500
f 1596/503 1601/502 1588/498
f 1588/498 1601/502 1595/496
f 1599/504 1591/497 1602/502
f 1591/497 1593/496 1602/502
f 1598/500 1603/501 1590/494
f 1603/501 1594/495 1590/494
f 1592/495 1595/496 1600/501
f 1595/496 1601/502 1600/501
f 1602/502 1593/496 1603/501
f 1593/496 1594/495 1603/501
f 1596/499 1597/500 1604/505
f 1597/500 1605/506 1604/505
f 1598/500 1599/499 1606/506
f 1599/499 1607/505 1606/506
f 1608/508 1601/502 1604/507
f 1596/503 1604/507 1601/502
f 1602/502 1609/508 1599/504
f 1607/509 1599/504 1609/508
f 1600/501 1610/510 1597/500
f 1597/500 1610/510 1605/506
f 1611/510 1603/501 1606/506
f 1603/501 1598/500 1606/506
f 1600/501 1601/502 1610/510
f 1601/502 1608/508 1610/510
f 1609/508 1602/502 1611/510
f 1602/502 1603/501 1611/510
f 1604/505 1605/506 1612/401
f 1605/506 1613/400 1612/401
f 1606/506 1607/505 1614/400
f 1607/505 1615/401 1614/400
f 1616/399 1611/510 1614/400
f 1611/510 1606/506 1614/400
f 1610/510 1617/399 1605/506
f 1605/506 1617/399 1613/400
f 1618/402 1608/508 1612/403
f 1604/507 1612/403 1608/508
f 1609/508 1619/402 1607/509
f 1615/413 1607/509 1619/402
f 1610/510 1608/508 1617/399
f 1608/508 1618/402 1617/399
f 1619/402 1609/508 1616/399
f 1609/508 1611/510 1616/399
f 1612/401 1613/400 1620/451
f 1613/400 1621/452 1620/451
f 1614/400 1615/401 1622/452
f 1615/401 1623/451 1622/452
f 1624/456 1616/399 1622/452
f 1616/399 1614/400 1622/452
f 1617/399 1625/456 1613/400
f 1613/400 1625/456 1621/452
f 1618/402 1612/403 1626/453
f 1612/403 1620/455 1626/453
f 1619/402 1627/453 1615/413
f 1623/454 1615/413 1627/453
f 1617/399 1618/402 1625/456
f 1618/402 1626/453 1625/456
f 1627/453 1619/402 1624/456
f 1619/402 1616/399 1624/456
f 1620/451 1621/452 1628/511
f 1621/452 1629/512 1628/511
f 1622/452 1623/451 1630/512
f 1623/451 1631/511 1630/512
f 1625/456 1632/513 1621/452
f 1621/452 1632/513 1629/512
f 1626/453 1620/455 1633/514
f 1620/455 1628/515 1633/514
f 1624/456 1622/452 1634/513
f 1634/513 1622/452 1630/512
f 1627/453 1635/514 1623/454
f 1631/516 1623/454 1635/514
f 1625/456 1626/453 1632/513
f 1626/453 1633/514 1632/513
f 1635/514 1627/453 1634/513
f 1627/453 1624/456 1634/513
f 1628/511 1629/512 1636/517
f 1629/512 1637/518 1636/517
f 1630/512 1631/511 1638/518
f 1631/511 1639/517 1638/518
f 1632/513 1640/519 1629/512
f 1629/512 1640/519 1637/518
f 1633/514 1628/515 1641/520
f 1628/515 1636/521 1641/520
f 1635/514 1642/520 1631/516
f 1639/522 1631/516 1642/520
f 1634/513 1630/512 1643/519
f 1643/519 1630/512 1638/518
f 1632/513 1633/514 1640/519
f 1633/514 1641/520 1640/519
f 1642/520 1635/514 1643/519
f 1635/514 1634/513 1643/519
f 1636/517 1637/518 1644/469
f 1637/518 1645/470 1644/469
f 1638/518 1639/517 1646/470
f 1639/517 1647/469 1646/470
f 1640/519 1648/471 1637/518
f 1637/518 1648/471 1645/470
f 1643/519 1638/518 1649/471
f 1646/470 1649/471 1638/518
f 1641/520 1636/521 1650/473
f 1636/521 1644/472 1650/473
f 1642/520 1651/473 1639/522
f 1647/474 1639/522 1651/473
f 1651/473 1642/520 1649/471
f 1642/520 1643/519 1649/471
f 1640/519 1641/520 1648/471
f 1641/520 1650/473 1648/471
f 1644/469 1645/470 1652/308
f 1645/470 1653/310 1652/308
f 1646/470 1647/469 1654/310
f 1647/469 1655/308 1654/310
f 1648/471 1478/312 1645/470
f 1645/470 1478/312 1653/310
f 1650/473 1644/472 1481/313
f 1644/472 1652/317 1481/313
f 1651/473 1483/313 1647/474
f 1655/315 1647/474 1483/313
f 1476/312 1649/471 1654/310
f 1649/471 1646/470 1654/310
f 1648/471 1650/473 1478/312
f 1650/473 1481/313 1478/312
f 1483/313 1651/473 1476/312
f 1651/473 1649/471 1476/312
f 1448/407 1447/523 1443/409
f 1447/523 1442/524 1443/409
f 1451/523 1450/407 1446/524
f 1450/407 1444/409 1446/524
usemtl texture23
f 1656/527 1657/526 1658/525
f 1659/530 1660/529 1661/528
f 1662/530 1663/529 58/528
f 1664/527 1665/526 57/525
f 1666/527 1667/526 61/525
f 1668/530 1669/529 62/528
f 1670/533 1671/532 1672/531
f 1672/531 1671/532 1657/526
f 1658/525 1673/534 1656/527
f 1656/527 1673/534 1674/535
f 1656/527 1674/537 1675/536
f 1675/536 1674/537 1676/538
f 1657/526 1656/527 1672/531
f 1675/536 1672/531 1656/527
f 1658/525 53/540 1673/539
f 53/540 55/541 1673/539
f 1677/543 1674/535 1678/542
f 1674/535 1673/534 1678/542
f 1678/546 1673/545 56/544
f 55/547 56/544 1673/545
f 1661/528 1678/549 54/548
f 54/548 1678/549 56/550
f 1661/528 1660/529 1678/542
f 1660/529 1677/543 1678/542
f 1660/529 1679/552 1677/551
f 1677/551 1679/552 1680/553
f 1659/530 1681/554 1660/529
f 1681/554 1679/552 1660/529
f 1682/556 1683/554 1684/555
f 1683/554 1662/530 1684/555
f 1685/556 1681/554 1686/555
f 1681/554 1659/530 1686/555
f 1662/530 1683/554 1663/529
f 1683/554 1687/552 1663/529
f 58/528 1663/529 60/542
f 1663/529 1688/543 60/542
f 1663/529 1687/552 1688/551
f 1688/551 1687/552 1689/553
f 1688/543 1690/535 60/542
f 1690/535 59/534 60/542
f 57/525 59/534 1664/527
f 1664/527 59/534 1690/535
f 1664/527 1690/537 1691/536
f 1691/536 1690/537 1692/538
f 1665/526 1664/527 1693/531
f 1691/536 1693/531 1664/527
f 1694/533 1695/532 1696/531
f 1696/531 1695/532 1667/526
f 1697/533 1698/532 1693/531
f 1693/531 1698/532 1665/526
f 1667/526 1666/527 1696/531
f 1699/536 1696/531 1666/527
f 61/525 63/534 1666/527
f 1666/527 63/534 1700/535
f 1666/527 1700/537 1699/536
f 1699/536 1700/537 1701/538
f 1702/543 1700/535 64/542
f 1700/535 63/534 64/542
f 1668/530 1703/554 1669/529
f 1703/554 1704/552 1669/529
f 62/528 1669/529 64/542
f 1669/529 1702/543 64/542
f 1669/529 1704/552 1702/551
f 1702/551 1704/552 1705/553
f 1706/556 1703/554 1707/555
f 1703/554 1668/530 1707/555
f 1708/527 1709/526 1710/525
f 1711/530 1712/529 1713/528
f 1714/530 1715/529 88/528
f 1716/527 1717/526 87/525
f 1718/527 1719/526 93/525
f 1720/558 1721/532 1722/557
f 1722/557 1721/532 1709/526
f 1710/525 1723/534 1708/527
f 1708/527 1723/534 1724/535
f 1708/527 1724/537 1725/559
f 1725/559 1724/537 1726/560
f 1709/526 1708/527 1722/557
f 1725/559 1722/557 1708/527
f 1710/525 83/540 1723/539
f 83/540 85/541 1723/539
f 1727/543 1724/535 1728/542
f 1724/535 1723/534 1728/542
f 1728/546 1723/545 86/544
f 85/547 86/544 1723/545
f 1713/528 1728/549 84/548
f 84/548 1728/549 86/550
f 1713/528 1712/529 1728/542
f 1712/529 1727/543 1728/542
f 1712/529 1729/561 1727/551
f 1727/551 1729/561 1730/562
f 1711/530 1731/563 1712/529
f 1731/563 1729/561 1712/529
f 1732/564 1733/563 1734/555
f 1733/563 1714/530 1734/555
f 1735/564 1731/563 1736/555
f 1731/563 1711/530 1736/555
f 88/528 1715/529 90/542
f 1715/529 1737/543 90/542
f 1715/529 1738/561 1737/551
f 1737/551 1738/561 1739/562
f 87/525 89/534 1716/527
f 1716/527 89/534 1740/535
f 1741/557 1717/526 1742/559
f 1742/559 1717/526 1716/527
f 1743/558 1744/532 1745/557
f 1745/557 1744/532 1719/526
f 1719/526 1718/527 1745/557
f 1746/559 1745/557 1718/527
f 93/525 94/534 1718/527
f 1718/527 94/534 1747/535
f 1718/527 1747/537 1746/559
f 1746/559 1747/537 1748/560
f 1747/535 94/534 1749/543
f 1749/543 94/534 92/542
usemtl texture24
f 1750/567 1751/566 1752/565
f 1751/566 1753/568 1752/565
f 1754/565 1755/568 1756/567
f 1755/568 1757/566 1756/567
f 1758/571 1759/570 1760/569
f 1759/570 1761/572 1760/569
f 1762/571 1763/569 1764/570
f 1763/569 1765/572 1764/570
f 1752/565 1766/573 1750/567
f 1766/573 1767/574 1750/567
f 1756/567 1768/574 1754/565
f 1768/574 1769/573 1754/565
f 1770/576 1765/572 1771/575
f 1763/569 1771/575 1765/572
f 1761/572 1772/576 1760/569
f 1772/576 1773/575 1760/569
f 1766/573 1774/577 1767/574
f 1774/577 1775/578 1767/574
f 1768/574 1776/578 1769/573
f 1776/578 1777/577 1769/573
f 1778/580 1770/576 1779/579
f 1771/575 1779/579 1770/576
f 1772/576 1780/580 1773/575
f 1780/580 1781/579 1773/575
f 1774/577 1782/581 1775/578
f 1782/581 1783/582 1775/578
f 1776/578 1784/582 1777/577
f 1784/582 1785/581 1777/577
f 1786/584 1778/580 1787/583
f 1779/579 1787/583 1778/580
f 1780/580 1788/584 1781/579
f 1788/584 1789/583 1781/579
f 1782/581 1790/585 1783/582
f 1790/585 1791/586 1783/582
f 1784/582 1792/586 1785/581
f 1792/586 1793/585 1785/581
f 1794/588 1786/584 1795/587
f 1787/583 1795/587 1786/584
f 1788/584 1796/588 1789/583
f 1796/588 1797/587 1789/583
f 1790/585 1798/589 1791/586
f 1798/589 1799/590 1791/586
f 1792/586 1800/590 1793/585
f 1800/590 1801/589 1793/585
f 1796/588 1802/591 1797/587
f 1802/591 1803/592 1797/587
f 1804/591 1794/588 1805/592
f 1795/587 1805/592 1794/588
f 1800/590 1806/593 1801/589
f 1806/593 1807/594 1801/589
f 1798/589 1808/594 1799/590
f 1808/594 1809/593 1799/590
f 1802/591 1810/595 1803/592
f 1810/595 1811/596 1803/592
f 1812/595 1804/591 1813/596
f 1805/592 1813/596 1804/591
f 1806/593 1814/597 1807/594
f 1814/597 1815/598 1807/594
f 1808/594 1816/598 1809/593
f 1816/598 1817/597 1809/593
f 1818/600 1812/595 1819/599
f 1813/596 1819/599 1812/595
f 1810/595 1820/600 1811/596
f 1820/600 1821/599 1811/596
f 1814/597 1822/601 1815/598
f 1822/601 1823/602 1815/598
f 1816/598 1824/602 1817/597
f 1824/602 1825/601 1817/597
f 1826/604 1818/600 1827/603
f 1819/599 1827/603 1818/600
f 1820/600 1828/604 1821/599
f 1828/604 1829/603 1821/599
f 1827/603 1830/605 1826/604
f 1830/605 1831/606 1826/604
f 1828/604 1832/606 1829/603
f 1832/606 1833/605 1829/603
f 1824/602 1834/607 1825/601
f 1834/607 1835/608 1825/601
f 1822/601 1836/608 1823/602
f 1836/608 1837/607 1823/602
usemtl texture25
f 1759/570 1755/568 1761/572
f 1755/568 1754/565 1761/572
f 1764/570 1765/572 1753/568
f 1765/572 1752/565 1753/568
f 1766/573 1752/565 1770/576
f 1765/572 1770/576 1752/565
f 1754/565 1769/573 1761/572
f 1769/573 1772/576 1761/572
f 1774/577 1766/573 1778/580
f 1770/576 1778/580 1766/573
f 1769/573 1777/577 1772/576
f 1777/577 1780/580 1772/576
f 1777/577 1785/581 1780/580
f 1785/581 1788/584 1780/580
f 1782/581 1774/577 1786/584
f 1778/580 1786/584 1774/577
f 1785/581 1793/585 1788/584
f 1793/585 1796/588 1788/584
f 1790/585 1782/581 1794/588
f 1786/584 1794/588 1782/581
f 1798/589 1790/585 1804/591
f 1794/588 1804/591 1790/585
f 1793/585 1801/589 1796/588
f 1801/589 1802/591 1796/588
f 1801/589 1807/594 1802/591
f 1807/594 1810/595 1802/591
f 1808/594 1798/589 1812/595
f 1804/591 1812/595 1798/589
f 1807/594 1815/598 1810/595
f 1815/598 1820/600 1810/595
f 1816/598 1808/594 1818/600
f 1812/595 1818/600 1808/594
f 1815/598 1823/602 1820/600
f 1823/602 1828/604 1820/600
f 1824/602 1816/598 1826/604
f 1818/600 1826/604 1816/598
f 1826/604 1831/606 1824/602
f 1831/606 1834/607 1824/602
f 1823/602 1837/607 1828/604
f 1837/607 1832/606 1828/604
usemtl texture26
f 1838/611 1839/610 1762/609
f 1839/610 1763/612 1762/609
f 1840/611 1758/609 1841/610
f 1758/609 1760/612 1841/610
f 1771/614 1763/612 1842/613
f 1839/610 1842/613 1763/612
f 1760/612 1773/614 1841/610
f 1773/614 1843/613 1841/610
f 1779/616 1771/614 1844/615
f 1842/613 1844/615 1771/614
f 1773/614 1781/616 1843/613
f 1781/616 1845/615 1843/613
f 1787/618 1779/616 1846/617
f 1844/615 1846/617 1779/616
f 1781/616 1789/618 1845/615
f 1789/618 1847/617 1845/615
f 1795/620 1787/618 1848/619
f 1846/617 1848/619 1787/618
f 1789/618 1797/620 1847/617
f 1797/620 1849/619 1847/617
f 1797/620 1803/621 1849/619
f 1803/621 1850/622 1849/619
f 1805/621 1795/620 1851/622
f 1848/619 1851/622 1795/620
f 1803/621 1811/623 1850/622
f 1811/623 1852/624 1850/622
f 1813/623 1805/621 1853/624
f 1851/622 1853/624 1805/621
f 1819/626 1813/623 1854/625
f 1853/624 1854/625 1813/623
f 1811/623 1821/626 1852/624
f 1821/626 1855/625 1852/624
f 1821/626 1829/627 1855/625
f 1829/627 1856/628 1855/625
f 1827/627 1819/626 1857/628
f 1854/625 1857/628 1819/626
f 1857/628 1858/629 1827/627
f 1858/629 1830/630 1827/627
f 1829/627 1833/630 1856/628
f 1833/630 1859/629 1856/628
usemtl texture27
f 1756/633 1757/632 1750/631
f 1757/632 1751/634 1750/631
f 1750/631 1767/635 1756/633
f 1767/635 1768/636 1756/633
f 1767/635 1775/637 1768/636
f 1775/637 1776/638 1768/636
f 1775/637 1783/639 1776/638
f 1783/639 1784/640 1776/638
f 1783/639 1791/641 1784/640
f 1791/641 1792/642 1784/640
f 1791/641 1799/643 1792/642
f 1799/643 1800/644 1792/642
f 1799/643 1809/645 1800/644
f 1809/645 1806/646 1800/644
f 1809/645 1817/647 1806/646
f 1817/647 1814/648 1806/646
f 1817/647 1825/649 1814/648
f 1825/649 1822/650 1814/648
f 1825/649 1835/651 1822/650
f 1835/651 1836/652 1822/650
usemtl texture28
f 1860/655 1840/654 1861/653
f 1841/656 1861/653 1840/654
f 1862/655 1863/653 1838/654
f 1838/654 1863/653 1839/656
f 1839/656 1863/653 1842/657
f 1863/653 1864/658 1842/657
f 1843/657 1865/658 1841/656
f 1865/658 1861/653 1841/656
f 1842/657 1864/658 1844/659
f 1864/658 1866/660 1844/659
f 1845/659 1867/660 1843/657
f 1867/660 1865/658 1843/657
f 1847/662 1868/661 1845/659
f 1868/661 1867/660 1845/659
f 1844/659 1866/660 1846/662
f 1866/660 1869/661 1846/662
f 1846/662 1869/661 1848/663
f 1869/661 1870/664 1848/663
f 1849/663 1871/664 1847/662
f 1871/664 1868/661 1847/662
f 1848/663 1870/664 1851/665
f 1870/664 1872/666 1851/665
f 1850/665 1873/666 1849/663
f 1873/666 1871/664 1849/663
f 1852/668 1874/667 1850/665
f 1874/667 1873/666 1850/665
f 1851/665 1872/666 1853/668
f 1872/666 1875/667 1853/668
f 1853/668 1875/667 1854/669
f 1875/667 1876/670 1854/669
f 1855/669 1877/670 1852/668
f 1877/670 1874/667 1852/668
f 1854/669 1876/670 1857/671
f 1876/670 1878/672 1857/671
f 1856/671 1879/672 1855/669
f 1879/672 1877/670 1855/669
f 1857/671 1878/672 1858/673
f 1878/672 1570/674 1858/673
f 1859/673 1880/674 1856/671
f 1880/674 1879/672 1856/671
g obj1
usemtl mat1
f 1881/677 1882/676 1883/675
f 1883/675 1882/676 1884/228
f 1885/680 1883/679 1886/678
f 1883/679 1884/681 1886/678
f 1881/677 1887/675 1882/676
f 1887/675 1888/228 1882/676
f 1886/678 1888/681 1885/680
f 1888/681 1887/679 1885/680
f 1889/684 1890/683 1891/682
f 1890/683 1892/685 1891/682
f 1893/683 1894/684 1895/685
f 1894/684 1896/682 1895/685
usemtl mat2
f 1882/688 1897/687 1884/686
f 1884/686 1897/687 1898/689
f 1886/688 1884/686 1899/687
f 1884/686 1898/689 1899/687
f 1882/688 1888/686 1897/687
f 1888/686 1900/689 1897/687
f 1888/686 1886/688 1900/689
f 1886/688 1899/687 1900/689
usemtl mat3
f 1901/692 1902/691 1903/690
f 1901/692 1903/690 1904/693
f 1901/692 1904/693 1905/694
f 1901/692 1906/695 1902/691
f 1906/695 1907/696 1902/691
f 1908/691 1909/692 1910/690
f 1910/690 1909/692 1911/693
f 1911/693 1909/692 1912/694
f 1903/699 1910/698 1904/697
f 1910/698 1911/700 1904/697
f 1904/697 1911/700 1905/701
f 1911/700 1912/702 1905/701
f 1909/692 1908/691 1913/695
f 1914/696 1913/695 1908/691
usemtl mat4
f 1907/705 1914/704 1902/703
f 1914/704 1908/706 1902/703
usemtl mat5
f 1902/703 1908/706 1903/699
f 1908/706 1910/698 1903/699
usemtl mat6
f 1915/708 1916/142 1917/707
f 1916/142 1918/51 1917/707
f 1919/707 1920/708 1921/51
f 1920/708 1922/142 1921/51
f 1923/51 1924/707 1925/142
f 1924/707 1926/708 1925/142
f 1927/711 1928/710 1929/709
f 1928/710 1930/712 1929/709
f 1931/715 1932/714 1933/713
f 1934/718 1935/717 1936/716
f 1937/712 1932/714 1931/715
f 1938/710 1935/717 1934/718
f 1937/712 1931/715 1939/719
f 1940/720 1935/717 1938/710
f 1941/723 1942/722 1943/721
f 1942/722 1944/724 1943/721
f 1945/709 1946/711 1947/712
f 1946/711 1948/710 1947/712
f 1949/712 1950/714 1951/710
f 1950/714 1952/718 1951/710
f 1939/719 1931/715 1940/720
f 1931/715 1935/717 1940/720
f 1953/727 1954/726 1955/725
f 1954/726 1956/728 1955/725
usemtl mat7
f 1957/731 1929/730 1958/729
f 1959/733 1927/732 1957/731
f 1960/734 1927/732 1959/733
f 1957/731 1927/732 1929/730
f 1928/734 1944/732 1930/729
f 1944/732 1961/730 1930/729
f 1947/736 1948/735 1962/731
f 1947/736 1962/731 1963/729
f 1962/731 1948/735 1964/733
f 1964/733 1948/735 1965/734
f 1966/729 1937/736 1939/737
f 1967/734 1939/737 1940/738
f 1967/734 1940/738 1938/735
f 1966/729 1939/737 1967/734
f 1943/734 1946/732 1968/729
f 1946/732 1945/730 1968/729
f 1969/730 1970/729 1971/732
f 1970/729 1972/734 1971/732
f 1932/730 1963/729 1933/739
f 1963/729 1962/731 1933/739
f 1970/729 1949/736 1972/734
f 1949/736 1951/735 1972/734
f 1936/740 1964/733 1934/732
f 1964/733 1965/734 1934/732
f 1950/730 1966/729 1952/732
f 1966/729 1967/734 1952/732
f 1973/743 1974/742 1975/741
f 1974/742 1976/744 1975/741
f 1977/747 1978/746 1974/745
f 1974/745 1978/746 1976/748
f 1979/742 1980/744 1977/743
f 1977/743 1980/744 1978/741
f 1981/751 1982/750 1983/749
f 1984/750 1985/751 1986/749
f 1981/751 1987/752 1982/750
f 1988/752 1985/751 1984/750
f 1982/750 1987/752 1989/753
f 1988/752 1984/750 1990/753
f 1981/756 1983/755 1991/754
f 1991/754 1983/755 1992/757
f 1985/756 1991/754 1986/755
f 1991/754 1992/757 1986/755
f 1987/754 1993/756 1989/757
f 1993/756 1994/755 1989/757
f 1988/754 1990/757 1993/756
f 1993/756 1990/757 1994/755
usemtl mat8
f 1995/760 1996/759 1973/758
f 1996/759 1974/761 1973/758
f 1996/759 1997/762 1974/761
f 1997/762 1977/763 1974/761
f 1998/765 1979/764 1997/762
f 1997/762 1979/764 1977/763
usemtl mat9
f 1976/768 1999/767 1975/766
f 1978/768 1980/766 2000/767
f 2001/771 2002/770 2003/769
f 2004/771 2005/769 2006/770
f 1983/774 2007/773 1992/772
f 2007/773 1986/775 1992/772
f 1989/774 1994/772 2008/773
f 2008/773 1994/772 1990/775
usemtl mat10
f 2000/778 1999/777 1976/776
f 1976/776 1978/779 2000/778
f 2004/782 2001/781 2003/780
f 2003/780 2005/783 2004/782
f 1983/54 2009/785 2007/784
f 2009/785 1986/228 2007/784
f 1982/786 2009/785 1983/54
f 2010/785 2011/787 1986/228
f 1989/222 2009/785 1982/786
f 1990/229 2011/787 2010/785
f 2008/788 2009/785 1989/222
f 1990/229 2010/785 2008/788
usemtl mat11
f 2012/791 2013/790 2014/789
f 2013/790 2015/792 2014/789
f 2013/790 2016/791 2015/792
f 2016/791 2017/789 2015/792
f 2015/795 2002/794 2014/793
f 2014/793 2002/794 2001/796
f 2015/795 2017/793 2002/794
f 2017/793 2003/796 2002/794
f 2014/799 2001/798 2018/797
f 2018/797 2001/798 2004/800
f 2019/793 2018/795 2006/796
f 2018/795 2004/794 2006/796
f 2019/793 2006/796 2020/795
f 2020/795 2006/796 2005/794
f 2021/803 2022/802 2019/801
f 2022/802 2018/804 2019/801
f 2023/802 2021/803 2020/804
f 2021/803 2019/801 2020/804
usemtl mat12
f 2022/806 2012/781 2018/805
f 2012/781 2014/54 2018/805
usemtl mat14
f 2103/206 2104/51 2105/176
f 2104/51 2106/142 2105/176
f 2104/51 2107/206 2106/142
f 2107/206 2108/176 2106/142
f 2109/51 2103/206 2110/142
f 2103/206 2105/176 2110/142
f 2107/206 2111/51 2108/176
f 2111/51 2112/142 2108/176
f 2113/206 2109/51 2114/176
f 2109/51 2110/142 2114/176
f 2111/51 2113/206 2112/142
f 2113/206 2114/176 2112/142
usemtl mat16
f 2131/809 2132/808 2133/807
f 2132/808 2134/810 2133/807
usemtl mat17
f 2135/813 2136/812 2137/811
f 2136/812 2138/814 2137/811
f 2139/813 2140/815 2141/51
f 2140/815 2142/159 2141/51
f 2143/813 2144/815 2145/51
f 2144/815 2146/159 2145/51
f 2147/813 2148/812 2149/811
f 2148/812 2150/814 2149/811
f 2151/813 2152/815 2153/51
f 2152/815 2154/159 2153/51
f 2155/813 2156/812 2157/811
f 2156/812 2158/814 2157/811
f 2159/817 2160/816 2161/811
f 2160/816 2162/814 2161/811
f 2163/817 2164/818 2165/51
f 2164/818 2166/159 2165/51
f 2167/817 2168/818 2169/51
f 2168/818 2170/159 2169/51
f 2171/817 2172/816 2173/811
f 2172/816 2174/814 2173/811
usemtl mat13
f 2024/821 2025/820 2026/819
f 2027/819 2025/820 2024/821
f 2028/820 2024/821 2026/819
f 2027/819 2024/821 2029/820
f 2030/819 2024/821 2028/820
f 2029/820 2024/821 2030/819
f 2031/824 2032/823 2033/822
f 2032/823 2034/825 2033/822
f 2031/824 2033/822 2032/823
f 2033/822 2034/825 2032/823
f 2035/828 2036/827 2037/826
f 2036/827 2038/829 2037/826
f 2037/826 2038/829 2025/820
f 2038/829 2026/819 2025/820
f 2039/823 2031/824 2040/825
f 2031/824 2033/822 2040/825
f 2032/823 2034/825 2041/824
f 2034/825 2042/822 2041/824
f 2039/823 2040/825 2031/824
f 2040/825 2033/822 2031/824
f 2032/823 2041/824 2034/825
f 2041/824 2042/822 2034/825
f 2043/827 2035/828 2044/829
f 2035/828 2037/826 2044/829
f 2036/827 2045/828 2038/829
f 2045/828 2046/826 2038/829
f 2038/829 2046/826 2026/819
f 2046/826 2028/820 2026/819
f 2044/829 2037/826 2047/819
f 2037/826 2025/820 2047/819
f 2046/826 2048/829 2028/820
f 2048/829 2030/819 2028/820
f 2049/826 2044/829 2029/820
f 2044/829 2027/819 2029/820
f 2045/828 2050/827 2046/826
f 2050/827 2048/829 2046/826
f 2051/828 2043/827 2049/826
f 2043/827 2052/829 2049/826
f 2053/824 2039/823 2054/822
f 2039/823 2040/825 2054/822
f 2041/824 2055/822 2056/823
f 2055/822 2057/825 2056/823
f 2053/824 2054/822 2058/823
f 2054/822 2040/825 2058/823
f 2041/824 2056/823 2042/822
f 2056/823 2057/825 2042/822
f 2048/829 2049/826 2030/819
f 2049/826 2029/820 2030/819
f 2050/827 2051/828 2048/829
f 2051/828 2049/826 2048/829
f 2056/823 2057/825 2053/824
f 2057/825 2054/822 2053/824
f 2056/823 2053/824 2057/825
f 2053/824 2054/822 2057/825
f 2059/832 2060/831 2061/830
f 2060/831 2062/833 2061/830
f 2060/831 2063/832 2062/833
f 2063/832 2064/830 2062/833
f 2065/831 2059/832 2066/833
f 2059/832 2061/830 2066/833
f 2063/832 2067/831 2064/830
f 2067/831 2068/833 2064/830
f 2069/832 2065/831 2070/830
f 2065/831 2066/833 2070/830
f 2067/831 2069/832 2068/833
f 2069/832 2070/830 2068/833
f 2071/821 2072/820 2073/819
f 2074/819 2072/820 2071/821
f 2075/820 2071/821 2073/819
f 2074/819 2071/821 2076/820
f 2077/819 2071/821 2075/820
f 2076/820 2071/821 2077/819
f 2078/824 2079/823 2080/822
f 2079/823 2081/825 2080/822
f 2078/824 2080/822 2079/823
f 2080/822 2081/825 2079/823
f 2082/828 2083/827 2084/826
f 2083/827 2085/829 2084/826
f 2084/826 2085/829 2072/820
f 2085/829 2073/819 2072/820
f 2086/823 2078/824 2087/825
f 2078/824 2080/822 2087/825
f 2086/823 2087/825 2078/824
f 2087/825 2080/822 2078/824
f 2079/823 2081/825 2088/824
f 2081/825 2089/822 2088/824
f 2079/823 2088/824 2081/825
f 2088/824 2089/822 2081/825
f 2090/827 2082/828 2091/829
f 2082/828 2084/826 2091/829
f 2083/827 2092/828 2085/829
f 2092/828 2093/826 2085/829
f 2085/829 2093/826 2073/819
f 2093/826 2075/820 2073/819
f 2091/829 2084/826 2074/819
f 2084/826 2072/820 2074/819
f 2094/826 2091/829 2076/820
f 2091/829 2074/819 2076/820
f 2093/826 2095/829 2075/820
f 2095/829 2077/819 2075/820
f 2096/828 2090/827 2094/826
f 2090/827 2091/829 2094/826
f 2092/828 2097/827 2093/826
f 2097/827 2095/829 2093/826
f 2098/824 2086/823 2099/822
f 2086/823 2087/825 2099/822
f 2088/824 2089/822 2100/823
f 2089/822 2101/825 2100/823
f 2098/824 2099/822 2086/823
f 2099/822 2087/825 2086/823
f 2088/824 2100/823 2089/822
f 2100/823 2101/825 2089/822
f 2095/829 2094/826 2077/819
f 2094/826 2076/820 2077/819
f 2097/827 2096/828 2095/829
f 2096/828 2094/826 2095/829
f 2102/823 2098/824 2101/825
f 2098/824 2099/822 2101/825
f 2100/823 2101/825 2098/824
f 2101/825 2099/822 2098/824
usemtl mat15
f 2115/836 2116/835 2117/834
f 2116/835 2118/837 2117/834
f 2119/834 2120/837 2121/836
f 2120/837 2122/835 2121/836
f 2121/836 2122/835 2115/838
f 2122/835 2116/839 2115/838
f 2123/836 2124/835 2125/838
f 2124/835 2126/839 2125/838
f 2125/836 2126/835 2127/834
f 2126/835 2128/837 2127/834
f 2129/834 2130/837 2123/836
f 2130/837 2124/835 2123/836
usemtl mat18
f 2175/842 2176/841 2177/840
f 2176/841 2178/843 2177/840
f 2176/841 2179/844 2178/843
f 2179/844 2180/845 2178/843
f 2179/844 2181/846 2180/845
f 2181/846 2182/847 2180/845
f 2181/846 2183/848 2182/847
f 2183/848 2184/849 2182/847
f 2185/852 2186/851 2187/850
f 2186/851 2188/853 2187/850
f 2189/855 2190/851 2191/854
f 2190/851 2192/853 2191/854
usemtl mat19
f 2193/858 2194/857 2175/856
f 2194/857 2176/859 2175/856
f 2177/862 2178/861 2195/860
f 2178/861 2196/863 2195/860
f 2194/857 2197/864 2176/859
f 2197/864 2179/865 2176/859
f 2178/861 2180/866 2196/863
f 2180/866 2198/867 2196/863
f 2197/864 2199/868 2179/865
f 2199/868 2181/869 2179/865
f 2180/866 2182/870 2198/867
f 2182/870 2200/871 2198/867
f 2182/870 2184/872 2200/871
f 2184/872 2201/873 2200/871
f 2199/868 2202/874 2181/869
f 2202/874 2183/875 2181/869
f 2187/878 2188/877 2203/876
f 2188/877 2204/879 2203/876
f 2205/882 2206/881 2185/880
f 2206/881 2186/883 2185/880
f 2207/885 2208/881 2189/884
f 2208/881 2190/883 2189/884
f 2191/887 2192/877 2209/886
f 2192/877 2210/879 2209/886
g obj2
usemtl mat20
f 2211/890 2212/889 2213/888
f 2212/889 2214/891 2213/888
f 2213/888 2214/891 2215/841
f 2214/891 2216/843 2215/841
f 2215/841 2216/843 2217/892
f 2216/843 2218/893 2217/892
f 2217/892 2218/893 2219/894
f 2218/893 2220/895 2219/894
f 2219/894 2220/895 2221/896
f 2220/895 2222/897 2221/896
f 2221/896 2222/897 2223/898
f 2222/897 2224/899 2223/898
f 2223/898 2224/899 2225/900
f 2224/899 2226/901 2225/900
f 2225/900 2226/901 2227/902
f 2226/901 2228/903 2227/902
f 2227/902 2228/903 2229/904
f 2228/903 2230/905 2229/904
f 2229/904 2230/905 2231/906
f 2230/905 2232/907 2231/906
f 2231/906 2232/907 2233/851
f 2232/907 2234/853 2233/851
f 2235/910 2236/909 2237/908
f 2236/909 2238/911 2237/908
f 2237/908 2238/911 2239/912
f 2238/911 2240/913 2239/912
f 2239/912 2240/913 2241/914
f 2240/913 2242/915 2241/914
f 2241/914 2242/915 2243/916
f 2242/915 2244/917 2243/916
f 2243/916 2244/917 2245/918
f 2244/917 2246/919 2245/918
f 2245/918 2246/919 2247/898
f 2246/919 2248/899 2247/898
f 2247/898 2248/899 2249/900
f 2248/899 2250/901 2249/900
f 2249/900 2250/901 2251/920
f 2250/901 2252/921 2251/920
f 2251/920 2252/921 2253/922
f 2252/921 2254/923 2253/922
f 2253/922 2254/923 2255/906
f 2254/923 2256/907 2255/906
f 2255/906 2256/907 2257/851
f 2256/907 2258/853 2257/851
f 2259/925 2260/924 2261/851
f 2260/924 2262/853 2261/851
f 2263/855 2264/854 2265/851
f 2264/854 2266/853 2265/851
usemtl mat21
f 2212/928 2267/927 2214/926
f 2267/927 2268/929 2214/926
f 2269/932 2211/931 2270/930
f 2211/931 2213/933 2270/930
f 2214/926 2268/929 2216/861
f 2268/929 2271/863 2216/861
f 2270/930 2213/933 2272/857
f 2213/933 2215/859 2272/857
f 2272/857 2215/859 2273/934
f 2215/859 2217/935 2273/934
f 2216/861 2271/863 2218/936
f 2271/863 2274/937 2218/936
f 2273/934 2217/935 2275/938
f 2217/935 2219/939 2275/938
f 2218/936 2274/937 2220/940
f 2274/937 2276/941 2220/940
f 2275/938 2219/939 2277/942
f 2219/939 2221/943 2277/942
f 2220/940 2276/941 2222/944
f 2276/941 2278/945 2222/944
f 2277/942 2221/943 2279/946
f 2221/943 2223/947 2279/946
f 2222/944 2278/945 2224/948
f 2278/945 2280/949 2224/948
f 2279/946 2223/947 2281/950
f 2223/947 2225/951 2281/950
f 2224/948 2280/949 2226/952
f 2280/949 2282/953 2226/952
f 2281/950 2225/951 2283/954
f 2225/951 2227/955 2283/954
f 2226/952 2282/953 2228/956
f 2282/953 2284/957 2228/956
f 2283/954 2227/955 2285/958
f 2227/955 2229/959 2285/958
f 2228/956 2284/957 2230/960
f 2284/957 2286/961 2230/960
f 2285/958 2229/959 2287/962
f 2229/959 2231/963 2287/962
f 2230/960 2286/961 2232/964
f 2286/961 2288/965 2232/964
f 2287/962 2231/963 2289/881
f 2231/963 2233/883 2289/881
f 2232/964 2288/965 2234/877
f 2288/965 2290/879 2234/877
f 2236/968 2291/967 2238/966
f 2291/967 2292/969 2238/966
f 2293/972 2235/971 2294/970
f 2235/971 2237/973 2294/970
f 2238/966 2292/969 2240/974
f 2292/969 2295/975 2240/974
f 2294/970 2237/973 2296/976
f 2237/973 2239/977 2296/976
f 2296/976 2239/977 2297/978
f 2239/977 2241/979 2297/978
f 2240/974 2295/975 2242/980
f 2295/975 2298/981 2242/980
f 2297/978 2241/979 2299/982
f 2241/979 2243/983 2299/982
f 2242/980 2298/981 2244/984
f 2298/981 2300/985 2244/984
f 2299/982 2243/983 2301/986
f 2243/983 2245/987 2301/986
f 2244/984 2300/985 2246/988
f 2300/985 2302/989 2246/988
f 2301/986 2245/987 2303/946
f 2245/987 2247/947 2303/946
f 2246/988 2302/989 2248/948
f 2302/989 2304/949 2248/948
f 2248/948 2304/949 2250/952
f 2304/949 2305/953 2250/952
f 2303/946 2247/947 2306/950
f 2247/947 2249/951 2306/950
f 2306/950 2249/951 2307/990
f 2249/951 2251/991 2307/990
f 2250/952 2305/953 2252/992
f 2305/953 2308/993 2252/992
f 2307/990 2251/991 2309/994
f 2251/991 2253/995 2309/994
f 2252/992 2308/993 2254/996
f 2308/993 2310/997 2254/996
f 2309/994 2253/995 2311/962
f 2253/995 2255/963 2311/962
f 2254/996 2310/997 2256/964
f 2310/997 2312/965 2256/964
f 2311/962 2255/963 2313/881
f 2255/963 2257/883 2313/881
f 2256/964 2312/965 2258/877
f 2312/965 2314/879 2258/877
f 2315/999 2259/998 2316/881
f 2259/998 2261/883 2316/881
f 2260/1001 2317/1000 2262/877
f 2317/1000 2318/879 2262/877
f 2319/885 2263/884 2320/881
f 2263/884 2265/883 2320/881
f 2264/887 2321/886 2266/877
f 2321/886 2322/879 2266/877
usemtl mat22
f 2323/1004 2324/1003 2325/1002
f 2324/1003 2326/1005 2325/1002
f 2325/1002 2326/1005 2327/834
f 2326/1005 2328/837 2327/834
g obj3
usemtl mat23
f 2329/1007 2330/851 2331/1006
f 2332/853 2331/1006 2330/851
f 2333/898 2329/1007 2334/899
f 2331/1006 2334/899 2329/1007
f 2335/1009 2333/898 2336/1008
f 2334/899 2336/1008 2333/898
f 2337/908 2335/1009 2338/911
f 2336/1008 2338/911 2335/1009
f 2339/1011 2337/908 2340/1010
f 2338/911 2340/1010 2337/908
f 2341/1013 2339/1011 2342/1012
f 2340/1010 2342/1012 2339/1011
f 2343/1015 2341/1013 2344/1014
f 2342/1012 2344/1014 2341/1013
f 2345/848 2343/1015 2346/849
f 2344/1014 2346/849 2343/1015
f 2347/1017 2345/848 2348/1016
f 2346/849 2348/1016 2345/848
f 2349/1019 2347/1017 2350/1018
f 2348/1016 2350/1018 2347/1017
f 2351/1021 2349/1019 2352/1020
f 2350/1018 2352/1020 2349/1019
f 2353/1023 2351/1021 2354/1022
f 2352/1020 2354/1022 2351/1021
f 2355/1025 2353/1023 2356/1024
f 2354/1022 2356/1024 2353/1023
f 2357/1027 2355/1025 2358/1026
f 2356/1024 2358/1026 2355/1025
f 2359/1029 2357/1027 2360/1028
f 2358/1026 2360/1028 2357/1027
f 2361/1031 2359/1029 2362/1030
f 2362/1030 2359/1029 2360/1028
f 2363/1007 2364/851 2365/1006
f 2366/853 2365/1006 2364/851
f 2367/898 2363/1007 2368/899
f 2365/1006 2368/899 2363/1007
f 2369/1009 2367/898 2370/1008
f 2368/899 2370/1008 2367/898
f 2371/908 2369/1009 2372/911
f 2370/1008 2372/911 2369/1009
f 2373/1011 2371/908 2374/1010
f 2372/911 2374/1010 2371/908
f 2375/1013 2373/1011 2376/1012
f 2374/1010 2376/1012 2373/1011
f 2377/1015 2375/1013 2378/1014
f 2376/1012 2378/1014 2375/1013
f 2379/848 2377/1015 2380/849
f 2378/1014 2380/849 2377/1015
f 2381/1017 2379/848 2382/1016
f 2380/849 2382/1016 2379/848
f 2383/1019 2381/1017 2384/1018
f 2382/1016 2384/1018 2381/1017
f 2385/1021 2383/1019 2386/1020
f 2384/1018 2386/1020 2383/1019
f 2387/1023 2385/1021 2388/1022
f 2386/1020 2388/1022 2385/1021
f 2389/1025 2387/1023 2390/1024
f 2388/1022 2390/1024 2387/1023
f 2391/1027 2389/1025 2392/1026
f 2390/1024 2392/1026 2389/1025
f 2393/1029 2391/1027 2394/1028
f 2392/1026 2394/1028 2391/1027
f 2330/1031 2393/1029 2395/1030
f 2395/1030 2393/1029 2394/1028
f 2396/1031 2397/1029 2398/1030
f 2398/1030 2397/1029 2399/1028
f 2397/1029 2400/1027 2399/1028
f 2401/1026 2399/1028 2400/1027
f 2400/1027 2402/1025 2401/1026
f 2403/1024 2401/1026 2402/1025
f 2402/1025 2404/1023 2403/1024
f 2405/1022 2403/1024 2404/1023
f 2404/1023 2406/1021 2405/1022
f 2407/1020 2405/1022 2406/1021
f 2406/1021 2408/1019 2407/1020
f 2409/1018 2407/1020 2408/1019
f 2408/1019 2410/1017 2409/1018
f 2411/1016 2409/1018 2410/1017
f 2410/1017 2412/848 2411/1016
f 2413/849 2411/1016 2412/848
f 2412/848 2414/1015 2413/849
f 2415/1014 2413/849 2414/1015
f 2414/1015 2416/1013 2415/1014
f 2417/1012 2415/1014 2416/1013
f 2416/1013 2418/1011 2417/1012
f 2419/1010 2417/1012 2418/1011
f 2418/1011 2420/908 2419/1010
f 2421/911 2419/1010 2420/908
f 2420/908 2422/1009 2421/911
f 2423/1008 2421/911 2422/1009
f 2422/1009 2424/898 2423/1008
f 2425/899 2423/1008 2424/898
f 2424/898 2426/1007 2425/899
f 2427/1006 2425/899 2426/1007
f 2426/1007 2428/851 2427/1006
f 2429/853 2427/1006 2428/851
f 2428/1031 2430/1029 2429/1030
f 2429/1030 2430/1029 2431/1028
f 2430/1029 2432/1027 2431/1028
f 2433/1026 2431/1028 2432/1027
f 2432/1027 2434/1025 2433/1026
f 2435/1024 2433/1026 2434/1025
f 2434/1025 2436/1023 2435/1024
f 2437/1022 2435/1024 2436/1023
f 2436/1023 2438/1021 2437/1022
f 2439/1020 2437/1022 2438/1021
f 2438/1021 2440/1019 2439/1020
f 2441/1018 2439/1020 2440/1019
f 2440/1019 2442/1017 2441/1018
f 2443/1016 2441/1018 2442/1017
f 2442/1017 2444/848 2443/1016
f 2445/849 2443/1016 2444/848
f 2444/848 2446/1015 2445/849
f 2447/1014 2445/849 2446/1015
f 2446/1015 2448/1013 2447/1014
f 2449/1012 2447/1014 2448/1013
f 2448/1013 2450/1011 2449/1012
f 2451/1010 2449/1012 2450/1011
f 2450/1011 2452/908 2451/1010
f 2453/911 2451/1010 2452/908
f 2452/908 2454/1009 2453/911
f 2455/1008 2453/911 2454/1009
f 2454/1009 2456/898 2455/1008
f 2457/899 2455/1008 2456/898
f 2456/898 2458/1007 2457/899
f 2459/1006 2457/899 2458/1007
f 2458/1007 2460/851 2459/1006
f 2461/853 2459/1006 2460/851
f 2462/925 2463/924 2464/851
f 2463/924 2465/853 2464/851
f 2466/1031 2467/1029 2468/1030
f 2468/1030 2467/1029 2469/1028
f 2467/1029 2470/1027 2469/1028
f 2471/1026 2469/1028 2470/1027
f 2470/1027 2472/1025 2471/1026
f 2473/1024 2471/1026 2472/1025
f 2472/1025 2474/1023 2473/1024
f 2475/1022 2473/1024 2474/1023
f 2474/1023 2476/1021 2475/1022
f 2477/1020 2475/1022 2476/1021
f 2476/1021 2478/1019 2477/1020
f 2479/1018 2477/1020 2478/1019
f 2478/1019 2480/1017 2479/1018
f 2481/1016 2479/1018 2480/1017
f 2480/1017 2482/848 2481/1016
f 2483/849 2481/1016 2482/848
f 2482/848 2484/1015 2483/849
f 2485/1014 2483/849 2484/1015
f 2484/1015 2486/1013 2485/1014
f 2487/1012 2485/1014 2486/1013
f 2486/1013 2488/1011 2487/1012
f 2489/1010 2487/1012 2488/1011
f 2488/1011 2490/908 2489/1010
f 2491/911 2489/1010 2490/908
f 2490/908 2492/1009 2491/911
f 2493/1008 2491/911 2492/1009
f 2492/1009 2494/898 2493/1008
f 2495/899 2493/1008 2494/898
f 2494/898 2496/1007 2495/899
f 2497/1006 2495/899 2496/1007
f 2496/1007 2498/851 2497/1006
f 2499/853 2497/1006 2498/851
f 2500/1029 2501/1031 2502/1028
f 2503/1030 2502/1028 2501/1031
f 2504/1027 2500/1029 2505/1026
f 2502/1028 2505/1026 2500/1029
f 2506/1025 2504/1027 2507/1024
f 2505/1026 2507/1024 2504/1027
f 2508/1023 2506/1025 2509/1022
f 2507/1024 2509/1022 2506/1025
f 2510/1021 2508/1023 2511/1020
f 2509/1022 2511/1020 2508/1023
f 2512/1019 2510/1021 2513/1018
f 2511/1020 2513/1018 2510/1021
f 2514/1017 2512/1019 2515/1016
f 2513/1018 2515/1016 2512/1019
f 2516/848 2514/1017 2517/849
f 2515/1016 2517/849 2514/1017
f 2518/1015 2516/848 2519/1014
f 2517/849 2519/1014 2516/848
f 2520/1013 2518/1015 2521/1012
f 2519/1014 2521/1012 2518/1015
f 2522/1011 2520/1013 2523/1010
f 2521/1012 2523/1010 2520/1013
f 2524/908 2522/1011 2525/911
f 2523/1010 2525/911 2522/1011
f 2526/1009 2524/908 2527/1008
f 2525/911 2527/1008 2524/908
f 2528/898 2526/1009 2529/899
f 2527/1008 2529/899 2526/1009
f 2530/1007 2528/898 2531/1006
f 2529/899 2531/1006 2528/898
f 2532/851 2530/1007 2533/853
f 2533/853 2530/1007 2531/1006
usemtl mat24
f 2331/1033 2332/877 2534/1032
f 2535/881 2534/1032 2332/877
f 2536/1035 2537/879 2329/1034
f 2330/883 2329/1034 2537/879
f 2334/948 2331/1033 2538/946
f 2534/1032 2538/946 2331/1033
f 2539/949 2536/1035 2333/947
f 2329/1034 2333/947 2536/1035
f 2336/1037 2334/948 2540/1036
f 2538/946 2540/1036 2334/948
f 2541/1039 2539/949 2335/1038
f 2333/947 2335/1038 2539/949
f 2338/966 2336/1037 2542/970
f 2540/1036 2542/970 2336/1037
f 2543/969 2541/1039 2337/973
f 2335/1038 2337/973 2541/1039
f 2340/1041 2338/966 2544/1040
f 2542/970 2544/1040 2338/966
f 2342/1043 2340/1041 2545/1042
f 2544/1040 2545/1042 2340/1041
f 2546/1045 2543/969 2339/1044
f 2337/973 2339/1044 2543/969
f 2344/1047 2342/1043 2547/1046
f 2545/1042 2547/1046 2342/1043
f 2548/1049 2546/1045 2341/1048
f 2339/1044 2341/1048 2546/1045
f 2346/872 2344/1047 2549/874
f 2547/1046 2549/874 2344/1047
f 2550/1051 2548/1049 2343/1050
f 2341/1048 2343/1050 2548/1049
f 2348/1053 2346/872 2551/1052
f 2549/874 2551/1052 2346/872
f 2350/1055 2348/1053 2552/1054
f 2551/1052 2552/1054 2348/1053
f 2553/873 2550/1051 2345/875
f 2343/1050 2345/875 2550/1051
f 2352/1057 2350/1055 2554/1056
f 2552/1054 2554/1056 2350/1055
f 2555/1059 2553/873 2347/1058
f 2345/875 2347/1058 2553/873
f 2354/1061 2352/1057 2556/1060
f 2554/1056 2556/1060 2352/1057
f 2356/1063 2354/1061 2557/1062
f 2556/1060 2557/1062 2354/1061
f 2558/1065 2555/1059 2349/1064
f 2347/1058 2349/1064 2555/1059
f 2358/1067 2356/1063 2559/1066
f 2557/1062 2559/1066 2356/1063
f 2360/1069 2358/1067 2560/1068
f 2559/1066 2560/1068 2358/1067
f 2362/1071 2360/1069 2561/1070
f 2561/1070 2360/1069 2560/1068
f 2562/1073 2558/1065 2351/1072
f 2349/1064 2351/1072 2558/1065
f 2563/1075 2562/1073 2353/1074
f 2351/1072 2353/1074 2562/1073
f 2564/1077 2563/1075 2355/1076
f 2353/1074 2355/1076 2563/1075
f 2565/1079 2564/1077 2357/1078
f 2355/1076 2357/1078 2564/1077
f 2566/1081 2565/1079 2359/1080
f 2357/1078 2359/1080 2565/1079
f 2567/1083 2566/1081 2361/1082
f 2361/1082 2566/1081 2359/1080
f 2568/1035 2569/879 2363/1034
f 2364/883 2363/1034 2569/879
f 2570/949 2568/1035 2367/947
f 2363/1034 2367/947 2568/1035
f 2571/1039 2570/949 2369/1038
f 2367/947 2369/1038 2570/949
f 2572/969 2571/1039 2371/973
f 2369/1038 2371/973 2571/1039
f 2573/1045 2572/969 2373/1044
f 2371/973 2373/1044 2572/969
f 2574/1049 2573/1045 2375/1048
f 2373/1044 2375/1048 2573/1045
f 2365/1033 2366/877 2575/1032
f 2576/881 2575/1032 2366/877
f 2368/948 2365/1033 2577/946
f 2575/1032 2577/946 2365/1033
f 2370/1037 2368/948 2578/1036
f 2577/946 2578/1036 2368/948
f 2579/1051 2574/1049 2377/1050
f 2375/1048 2377/1050 2574/1049
f 2372/966 2370/1037 2580/970
f 2578/1036 2580/970 2370/1037
f 2374/1041 2372/966 2581/1040
f 2580/970 2581/1040 2372/966
f 2582/873 2579/1051 2379/875
f 2377/1050 2379/875 2579/1051
f 2376/1043 2374/1041 2583/1042
f 2581/1040 2583/1042 2374/1041
f 2584/1059 2582/873 2381/1058
f 2379/875 2381/1058 2582/873
f 2378/1047 2376/1043 2585/1046
f 2583/1042 2585/1046 2376/1043
f 2380/872 2378/1047 2586/874
f 2585/1046 2586/874 2378/1047
f 2587/1065 2584/1059 2383/1064
f 2381/1058 2383/1064 2584/1059
f 2382/1053 2380/872 2588/1052
f 2586/874 2588/1052 2380/872
f 2589/1073 2587/1065 2385/1072
f 2383/1064 2385/1072 2587/1065
f 2384/1055 2382/1053 2590/1054
f 2588/1052 2590/1054 2382/1053
f 2591/1075 2589/1073 2387/1074
f 2385/1072 2387/1074 2589/1073
f 2386/1057 2384/1055 2592/1056
f 2590/1054 2592/1056 2384/1055
f 2388/1061 2386/1057 2593/1060
f 2592/1056 2593/1060 2386/1057
f 2594/1077 2591/1075 2389/1076
f 2387/1074 2389/1076 2591/1075
f 2390/1063 2388/1061 2595/1062
f 2593/1060 2595/1062 2388/1061
f 2596/1079 2594/1077 2391/1078
f 2389/1076 2391/1078 2594/1077
f 2392/1067 2390/1063 2597/1066
f 2595/1062 2597/1066 2390/1063
f 2598/1081 2596/1079 2393/1080
f 2391/1078 2393/1080 2596/1079
f 2394/1069 2392/1067 2599/1068
f 2597/1066 2599/1068 2392/1067
f 2537/1083 2598/1081 2330/1082
f 2330/1082 2598/1081 2393/1080
f 2395/1071 2394/1069 2600/1070
f 2600/1070 2394/1069 2599/1068
f 2601/1083 2602/1081 2396/1082
f 2396/1082 2602/1081 2397/1080
f 2602/1081 2603/1079 2397/1080
f 2400/1078 2397/1080 2603/1079
f 2603/1079 2604/1077 2400/1078
f 2402/1076 2400/1078 2604/1077
f 2604/1077 2605/1075 2402/1076
f 2404/1074 2402/1076 2605/1075
f 2605/1075 2606/1073 2404/1074
f 2406/1072 2404/1074 2606/1073
f 2606/1073 2607/1065 2406/1072
f 2408/1064 2406/1072 2607/1065
f 2398/1071 2399/1069 2608/1070
f 2608/1070 2399/1069 2609/1068
f 2399/1069 2401/1067 2609/1068
f 2610/1066 2609/1068 2401/1067
f 2401/1067 2403/1063 2610/1066
f 2611/1062 2610/1066 2403/1063
f 2607/1065 2612/1059 2408/1064
f 2410/1058 2408/1064 2612/1059
f 2403/1063 2405/1061 2611/1062
f 2613/1060 2611/1062 2405/1061
f 2405/1061 2407/1057 2613/1060
f 2614/1056 2613/1060 2407/1057
f 2612/1059 2615/873 2410/1058
f 2412/875 2410/1058 2615/873
f 2407/1057 2409/1055 2614/1056
f 2616/1054 2614/1056 2409/1055
f 2615/873 2617/1051 2412/875
f 2414/1050 2412/875 2617/1051
f 2409/1055 2411/1053 2616/1054
f 2618/1052 2616/1054 2411/1053
f 2411/1053 2413/872 2618/1052
f 2619/874 2618/1052 2413/872
f 2617/1051 2620/1049 2414/1050
f 2416/1048 2414/1050 2620/1049
f 2413/872 2415/1047 2619/874
f 2621/1046 2619/874 2415/1047
f 2620/1049 2622/1045 2416/1048
f 2418/1044 2416/1048 2622/1045
f 2415/1047 2417/1043 2621/1046
f 2623/1042 2621/1046 2417/1043
f 2622/1045 2624/969 2418/1044
f 2420/973 2418/1044 2624/969
f 2417/1043 2419/1041 2623/1042
f 2625/1040 2623/1042 2419/1041
f 2419/1041 2421/966 2625/1040
f 2626/970 2625/1040 2421/966
f 2624/969 2627/1039 2420/973
f 2422/1038 2420/973 2627/1039
f 2421/966 2423/1037 2626/970
f 2628/1036 2626/970 2423/1037
f 2627/1039 2629/949 2422/1038
f 2424/947 2422/1038 2629/949
f 2423/1037 2425/948 2628/1036
f 2630/946 2628/1036 2425/948
f 2629/949 2631/1035 2424/947
f 2426/1034 2424/947 2631/1035
f 2425/948 2427/1033 2630/946
f 2632/1032 2630/946 2427/1033
f 2631/1035 2633/879 2426/1034
f 2428/883 2426/1034 2633/879
f 2427/1033 2429/877 2632/1032
f 2634/881 2632/1032 2429/877
f 2429/1071 2431/1069 2634/1070
f 2634/1070 2431/1069 2635/1068
f 2633/1083 2636/1081 2428/1082
f 2428/1082 2636/1081 2430/1080
f 2431/1069 2433/1067 2635/1068
f 2637/1066 2635/1068 2433/1067
f 2636/1081 2638/1079 2430/1080
f 2432/1078 2430/1080 2638/1079
f 2433/1067 2435/1063 2637/1066
f 2639/1062 2637/1066 2435/1063
f 2638/1079 2640/1077 2432/1078
f 2434/1076 2432/1078 2640/1077
f 2435/1063 2437/1061 2639/1062
f 2641/1060 2639/1062 2437/1061
f 2640/1077 2642/1075 2434/1076
f 2436/1074 2434/1076 2642/1075
f 2437/1061 2439/1057 2641/1060
f 2643/1056 2641/1060 2439/1057
f 2439/1057 2441/1055 2643/1056
f 2644/1054 2643/1056 2441/1055
f 2642/1075 2645/1073 2436/1074
f 2438/1072 2436/1074 2645/1073
f 2441/1055 2443/1053 2644/1054
f 2646/1052 2644/1054 2443/1053
f 2645/1073 2647/1065 2438/1072
f 2440/1064 2438/1072 2647/1065
f 2443/1053 2445/872 2646/1052
f 2648/874 2646/1052 2445/872
f 2647/1065 2649/1059 2440/1064
f 2442/1058 2440/1064 2649/1059
f 2445/872 2447/1047 2648/874
f 2650/1046 2648/874 2447/1047
f 2447/1047 2449/1043 2650/1046
f 2651/1042 2650/1046 2449/1043
f 2649/1059 2652/873 2442/1058
f 2444/875 2442/1058 2652/873
f 2449/1043 2451/1041 2651/1042
f 2653/1040 2651/1042 2451/1041
f 2652/873 2654/1051 2444/875
f 2446/1050 2444/875 2654/1051
f 2451/1041 2453/966 2653/1040
f 2655/970 2653/1040 2453/966
f 2453/966 2455/1037 2655/970
f 2656/1036 2655/970 2455/1037
f 2654/1051 2657/1049 2446/1050
f 2448/1048 2446/1050 2657/1049
f 2455/1037 2457/948 2656/1036
f 2658/946 2656/1036 2457/948
f 2457/948 2459/1033 2658/946
f 2659/1032 2658/946 2459/1033
f 2459/1033 2461/877 2659/1032
f 2660/881 2659/1032 2461/877
f 2657/1049 2661/1045 2448/1048
f 2450/1044 2448/1048 2661/1045
f 2661/1045 2662/969 2450/1044
f 2452/973 2450/1044 2662/969
f 2662/969 2663/1039 2452/973
f 2454/1038 2452/973 2663/1039
f 2663/1039 2664/949 2454/1038
f 2456/947 2454/1038 2664/949
f 2664/949 2665/1035 2456/947
f 2458/1034 2456/947 2665/1035
f 2665/1035 2666/879 2458/1034
f 2460/883 2458/1034 2666/879
f 2463/1001 2667/1000 2465/877
f 2667/1000 2668/879 2465/877
f 2669/999 2462/998 2670/881
f 2462/998 2464/883 2670/881
f 2468/1071 2469/1069 2671/1083
f 2671/1083 2469/1069 2672/1081
f 2468/1071 2469/1069 2671/1083
f 2671/1083 2469/1069 2672/1081
f 2673/1070 2674/1068 2466/1082
f 2466/1082 2674/1068 2467/1080
f 2673/1070 2674/1068 2466/1082
f 2466/1082 2674/1068 2467/1080
f 2469/1069 2471/1067 2672/1081
f 2675/1079 2672/1081 2471/1067
f 2469/1069 2471/1067 2672/1081
f 2675/1079 2672/1081 2471/1067
f 2674/1068 2676/1066 2467/1080
f 2470/1078 2467/1080 2676/1066
f 2674/1068 2676/1066 2467/1080
f 2470/1078 2467/1080 2676/1066
f 2471/1067 2473/1063 2675/1079
f 2677/1077 2675/1079 2473/1063
f 2471/1067 2473/1063 2675/1079
f 2677/1077 2675/1079 2473/1063
f 2676/1066 2678/1062 2470/1078
f 2472/1076 2470/1078 2678/1062
f 2676/1066 2678/1062 2470/1078
f 2472/1076 2470/1078 2678/1062
f 2473/1063 2475/1061 2677/1077
f 2679/1075 2677/1077 2475/1061
f 2473/1063 2475/1061 2677/1077
f 2679/1075 2677/1077 2475/1061
f 2678/1062 2680/1060 2472/1076
f 2474/1074 2472/1076 2680/1060
f 2678/1062 2680/1060 2472/1076
f 2474/1074 2472/1076 2680/1060
f 2475/1061 2477/1057 2679/1075
f 2681/1073 2679/1075 2477/1057
f 2475/1061 2477/1057 2679/1075
f 2681/1073 2679/1075 2477/1057
f 2477/1057 2479/1055 2681/1073
f 2682/1065 2681/1073 2479/1055
f 2477/1057 2479/1055 2681/1073
f 2682/1065 2681/1073 2479/1055
f 2680/1060 2683/1056 2474/1074
f 2476/1072 2474/1074 2683/1056
f 2680/1060 2683/1056 2474/1074
f 2476/1072 2474/1074 2683/1056
f 2479/1055 2481/1053 2682/1065
f 2684/1059 2682/1065 2481/1053
f 2479/1055 2481/1053 2682/1065
f 2684/1059 2682/1065 2481/1053
f 2683/1056 2685/1054 2476/1072
f 2478/1064 2476/1072 2685/1054
f 2683/1056 2685/1054 2476/1072
f 2478/1064 2476/1072 2685/1054
f 2481/1053 2483/872 2684/1059
f 2686/873 2684/1059 2483/872
f 2481/1053 2483/872 2684/1059
f 2686/873 2684/1059 2483/872
f 2685/1054 2687/1052 2478/1064
f 2480/1058 2478/1064 2687/1052
f 2685/1054 2687/1052 2478/1064
f 2480/1058 2478/1064 2687/1052
f 2483/872 2485/1047 2686/873
f 2688/1051 2686/873 2485/1047
f 2483/872 2485/1047 2686/873
f 2688/1051 2686/873 2485/1047
f 2485/1047 2487/1043 2688/1051
f 2689/1049 2688/1051 2487/1043
f 2485/1047 2487/1043 2688/1051
f 2689/1049 2688/1051 2487/1043
f 2687/1052 2690/874 2480/1058
f 2482/875 2480/1058 2690/874
f 2687/1052 2690/874 2480/1058
f 2482/875 2480/1058 2690/874
f 2487/1043 2489/1041 2689/1049
f 2691/1045 2689/1049 2489/1041
f 2487/1043 2489/1041 2689/1049
f 2691/1045 2689/1049 2489/1041
f 2690/874 2692/1046 2482/875
f 2484/1050 2482/875 2692/1046
f 2690/874 2692/1046 2482/875
f 2484/1050 2482/875 2692/1046
f 2489/1041 2491/966 2691/1045
f 2693/969 2691/1045 2491/966
f 2489/1041 2491/966 2691/1045
f 2693/969 2691/1045 2491/966
f 2491/966 2493/1037 2693/969
f 2694/1039 2693/969 2493/1037
f 2491/966 2493/1037 2693/969
f 2694/1039 2693/969 2493/1037
f 2692/1046 2695/1042 2484/1050
f 2486/1048 2484/1050 2695/1042
f 2692/1046 2695/1042 2484/1050
f 2486/1048 2484/1050 2695/1042
f 2493/1037 2495/948 2694/1039
f 2696/949 2694/1039 2495/948
f 2493/1037 2495/948 2694/1039
f 2696/949 2694/1039 2495/948
f 2495/948 2497/1033 2696/949
f 2697/1035 2696/949 2497/1033
f 2495/948 2497/1033 2696/949
f 2697/1035 2696/949 2497/1033
f 2497/1033 2499/877 2697/1035
f 2698/879 2697/1035 2499/877
f 2497/1033 2499/877 2697/1035
f 2698/879 2697/1035 2499/877
f 2695/1042 2699/1040 2486/1048
f 2488/1044 2486/1048 2699/1040
f 2695/1042 2699/1040 2486/1048
f 2488/1044 2486/1048 2699/1040
f 2699/1040 2700/970 2488/1044
f 2490/973 2488/1044 2700/970
f 2699/1040 2700/970 2488/1044
f 2490/973 2488/1044 2700/970
f 2700/970 2701/1036 2490/973
f 2492/1038 2490/973 2701/1036
f 2700/970 2701/1036 2490/973
f 2492/1038 2490/973 2701/1036
f 2701/1036 2702/946 2492/1038
f 2494/947 2492/1038 2702/946
f 2701/1036 2702/946 2492/1038
f 2494/947 2492/1038 2702/946
f 2702/946 2703/1032 2494/947
f 2496/1034 2494/947 2703/1032
f 2702/946 2703/1032 2494/947
f 2496/1034 2494/947 2703/1032
f 2703/1032 2704/881 2496/1034
f 2498/883 2496/1034 2704/881
f 2703/1032 2704/881 2496/1034
f 2498/883 2496/1034 2704/881
f 2502/1086 2503/1085 2705/1084
f 2706/1087 2705/1084 2503/1085
f 2707/1090 2708/1089 2500/1088
f 2501/1091 2500/1088 2708/1089
f 2505/1093 2502/1086 2709/1092
f 2705/1084 2709/1092 2502/1086
f 2710/1095 2707/1090 2504/1094
f 2500/1088 2504/1094 2707/1090
f 2507/1097 2505/1093 2711/1096
f 2709/1092 2711/1096 2505/1093
f 2712/1099 2710/1095 2506/1098
f 2504/1094 2506/1098 2710/1095
f 2509/1101 2507/1097 2713/1100
f 2711/1096 2713/1100 2507/1097
f 2714/1103 2712/1099 2508/1102
f 2506/1098 2508/1102 2712/1099
f 2511/1105 2509/1101 2715/1104
f 2713/1100 2715/1104 2509/1101
f 2513/1107 2511/1105 2716/1106
f 2715/1104 2716/1106 2511/1105
f 2717/1109 2714/1103 2510/1108
f 2508/1102 2510/1108 2714/1103
f 2515/1111 2513/1107 2718/1110
f 2716/1106 2718/1110 2513/1107
f 2719/1113 2717/1109 2512/1112
f 2510/1108 2512/1112 2717/1109
f 2517/1115 2515/1111 2720/1114
f 2718/1110 2720/1114 2515/1111
f 2721/1117 2719/1113 2514/1116
f 2512/1112 2514/1116 2719/1113
f 2519/1119 2517/1115 2722/1118
f 2720/1114 2722/1118 2517/1115
f 2521/1121 2519/1119 2723/1120
f 2722/1118 2723/1120 2519/1119
f 2724/1123 2721/1117 2516/1122
f 2514/1116 2516/1122 2721/1117
f 2523/1125 2521/1121 2725/1124
f 2723/1120 2725/1124 2521/1121
f 2726/1127 2724/1123 2518/1126
f 2516/1122 2518/1126 2724/1123
f 2525/1129 2523/1125 2727/1128
f 2725/1124 2727/1128 2523/1125
f 2527/1131 2525/1129 2728/1130
f 2727/1128 2728/1130 2525/1129
f 2729/1133 2726/1127 2520/1132
f 2518/1126 2520/1132 2726/1127
f 2529/1135 2527/1131 2730/1134
f 2728/1130 2730/1134 2527/1131
f 2531/1137 2529/1135 2731/1136
f 2730/1134 2731/1136 2529/1135
f 2533/1139 2531/1137 2732/1138
f 2732/1138 2531/1137 2731/1136
f 2733/1141 2729/1133 2522/1140
f 2520/1132 2522/1140 2729/1133
f 2734/1143 2733/1141 2524/1142
f 2522/1140 2524/1142 2733/1141
f 2735/1145 2734/1143 2526/1144
f 2524/1142 2526/1144 2734/1143
f 2736/1147 2735/1145 2528/1146
f 2526/1144 2528/1146 2735/1145
f 2737/1149 2736/1147 2530/1148
f 2528/1146 2530/1148 2736/1147
f 2738/1151 2737/1149 2532/1150
f 2532/1150 2737/1149 2530/1148
g obj4
usemtl mat25
f 2739/1154 2740/1153 2741/1152
f 2740/1153 2742/1155 2741/1152
f 2741/1152 2742/1155 2743/1156
f 2742/1155 2744/1157 2743/1156
f 2743/1156 2744/1157 2745/1158
f 2744/1157 2746/1159 2745/1158
f 2745/1158 2746/1159 2747/1160
f 2746/1159 2748/1161 2747/1160
f 2747/1160 2748/1161 2749/1162
f 2748/1161 2750/1163 2749/1162
f 2749/1162 2750/1163 2751/1164
f 2750/1163 2752/1165 2751/1164
f 2751/1164 2752/1165 2753/1166
f 2752/1165 2754/1167 2753/1166
f 2753/1166 2754/1167 2755/1168
f 2754/1167 2756/1169 2755/1168
f 2755/1168 2756/1169 2757/1170
f 2756/1169 2758/1171 2757/1170
f 2759/1174 2760/1173 2761/1172
f 2760/1173 2762/1175 2761/1172
usemtl mat26
f 2763/1178 2739/1177 2764/1176
f 2739/1177 2741/1179 2764/1176
f 2740/1177 2765/1180 2742/1179
f 2765/1180 2766/1181 2742/1179
f 2742/1179 2766/1181 2744/1182
f 2766/1181 2767/1183 2744/1182
f 2764/1176 2741/1179 2768/1184
f 2741/1179 2743/1182 2768/1184
f 2744/1182 2767/1183 2746/1185
f 2767/1183 2769/1186 2746/1185
f 2768/1184 2743/1182 2770/1187
f 2743/1182 2745/1185 2770/1187
f 2746/1185 2769/1186 2748/1188
f 2769/1186 2771/1189 2748/1188
f 2770/1187 2745/1185 2772/1190
f 2745/1185 2747/1188 2772/1190
f 2748/1188 2771/1189 2750/1191
f 2771/1189 2773/408 2750/1191
f 2772/1190 2747/1188 2774/381
f 2747/1188 2749/1191 2774/381
f 2750/1191 2773/408 2752/1192
f 2773/408 2775/1193 2752/1192
f 2774/381 2749/1191 2776/1194
f 2749/1191 2751/1192 2776/1194
f 2776/1194 2751/1192 2777/1195
f 2751/1192 2753/1196 2777/1195
f 2752/1192 2775/1193 2754/1196
f 2775/1193 2778/1197 2754/1196
f 2777/1195 2753/1196 2779/1198
f 2753/1196 2755/1199 2779/1198
f 2754/1196 2778/1197 2756/1199
f 2778/1197 2780/1200 2756/1199
f 2779/1198 2755/1199 2781/1201
f 2755/1199 2757/1202 2781/1201
f 2756/1199 2780/1200 2758/1202
f 2780/1200 2782/1203 2758/1202
f 2783/1205 2759/1204 2784/409
f 2759/1204 2761/1206 2784/409
f 2760/1204 2785/1207 2762/1206
f 2785/1207 2786/414 2762/1206
# 4292 elements

