# Model created using BSP2OBJ v0.2.1 by DCx Demo*
# http://devilclanthps3.weebly.com/

mtllib Skybox4.obj.mtl
# Object number 1
# 1712 faces
# 2415 vertices

v -42193.96875 -2250.00000 -18134.17969
v -45999.99609 -2250.00000 999.99200
v -28778.93359 -2250.00000 -12577.48535
v -31479.66016 -2250.00000 999.99481
v -42193.97656 -2250.00000 20134.16602
v -28778.94141 -2250.00000 14577.47852
v -31355.33984 -2250.00000 36355.33594
v -21087.91602 -2250.00000 26087.91016
v -31355.32813 -2250.00000 -34355.34375
v -21087.90430 -2250.00000 -24087.91797
v -22104.03125 -2250.00000 999.99597
v -20116.98828 -2250.00000 10989.58203
v -20116.98242 -2250.00000 -8989.58691
v -14458.34570 -2250.00000 19458.34375
v -14458.33398 -2250.00000 -17458.34570
v -15134.17188 -2250.00000 47193.97656
v -9577.48340 -2250.00000 33778.93750
v -15134.15625 -2250.00000 -45193.97656
v -9577.47168 -2250.00000 -31778.93750
v -16818.37109 -2250.00000 999.99658
v -15233.67578 -2250.00000 8966.84570
v -15233.66992 -2250.00000 -6966.85059
v -10720.81738 -2250.00000 15720.81543
v -10720.81055 -2250.00000 -13720.81543
v -12688.32031 -2250.00000 999.99622
v -11418.00586 -2250.00000 7386.34082
v -11418.00195 -2250.00000 -5386.35059
v -5989.58594 -2250.00000 25116.98633
v -5989.57813 -2250.00000 -23116.98438
v -7800.43066 -2250.00000 12800.42773
v -7800.42090 -2250.00000 -10800.43359
v -3966.84912 -2250.00000 20233.67188
v -3966.84229 -2250.00000 -18233.67188
v -2386.34521 -2250.00000 16418.00391
v -2386.34082 -2250.00000 -14418.00586
v 4000.00000 -2250.00000 51000.00000
v 3999.99951 -2250.00000 36479.66406
v 4000.01514 -2250.00000 -48999.99219
v 4000.01025 -2250.00000 -34479.65625
v 3999.99951 -2250.00000 27104.03125
v 4000.00732 -2250.00000 -25104.02734
v 4000.00000 -2250.00000 21818.37109
v 4000.00635 -2250.00000 -19818.36719
v 4000.00122 -2250.00000 17688.32031
v 4000.00610 -2250.00000 -15688.32031
v 11966.83594 -2250.00000 20233.67188
v 10386.33789 -2250.00000 16418.00391
v 11966.85156 -2250.00000 -18233.66602
v 10386.35254 -2250.00000 -14418.00000
v 13989.56836 -2250.00000 25116.98438
v 13989.58789 -2250.00000 -23116.97852
v 17577.46094 -2250.00000 33778.93750
v 17577.48828 -2250.00000 -31778.92578
v 23134.14063 -2250.00000 47193.97266
v 23134.18359 -2250.00000 -45193.96094
v 18720.80273 -2250.00000 15720.81738
v 15800.41992 -2250.00000 12800.43262
v 18720.81445 -2250.00000 -13720.80664
v 15800.43359 -2250.00000 -10800.42090
v 22458.32617 -2250.00000 19458.34766
v 22458.34570 -2250.00000 -17458.33398
v 20977.24414 -2250.00000 -10343.82227
v 17609.21875 -2250.00000 -8093.37988
v 23233.66406 -2250.00000 8966.85449
v 19418.00000 -2250.00000 7386.35156
v 23233.67188 -2250.00000 -6966.83887
v 19418.00586 -2250.00000 -5386.33936
v 29087.89258 -2250.00000 26087.91992
v 29087.91797 -2250.00000 -24087.89648
v 24026.01953 -2250.00000 -2983.41479
v 20053.16406 -2250.00000 -2193.16650
v 25287.66406 -2250.00000 -13223.95313
v 24818.36719 -2250.00000 1000.00909
v 20688.32031 -2250.00000 1000.00623
v 24818.36719 -2250.00000 1000.00909
v 20688.32031 -2250.00000 1000.00623
v 28116.97461 -2250.00000 10989.59082
v 28116.98438 -2250.00000 -8989.57227
v 29110.50391 -2250.00000 -3994.78027
v 30104.02344 -2250.00000 1000.01172
v 30104.02344 -2250.00000 1000.01172
v 39355.31250 -2250.00000 36355.34766
v 39355.34375 -2250.00000 -34355.31641
v 32933.42969 -2250.00000 -18332.67969
v 36778.92188 -2250.00000 14577.49316
v 36778.93750 -2250.00000 -12577.46484
v 38129.29688 -2250.00000 -5788.72412
v 39479.65234 -2250.00000 1000.01617
v 39479.65234 -2250.00000 1000.01617
v 44774.65625 -2250.00000 -26244.73242
v 50193.95313 -2250.00000 20134.18750
v 50193.97266 -2250.00000 -18134.14844
v 52096.97656 -2250.00000 -8567.06348
v 53999.98438 -2250.00000 1000.02222
v 53999.98438 -2250.00000 1000.02222
v -45999.99609 -2250.00000 999.99200
v -44780.83594 3897.77441 999.99200
v -42193.98047 -2250.00000 20134.16602
v -41067.61719 3897.77441 19667.61133
v -42193.96875 -2250.00000 -18134.17969
v -41067.61328 3897.77441 -17667.62500
v -45999.99609 -2250.00000 999.99200
v -44780.83594 3897.77441 999.99200
v -31355.33984 -2250.00000 36355.33594
v -30493.26172 3897.77441 35493.25391
v -31355.32813 -2250.00000 -34355.34375
v -30493.24609 3897.77441 -33493.26563
v -15134.17188 -2250.00000 47193.98047
v -14667.61719 3897.77441 46067.61328
v -15134.15625 -2250.00000 -45193.98047
v -14667.60352 3897.77441 -44067.61328
v 4000.00000 -2250.00000 51000.00000
v 4000.00024 3897.77441 49780.83594
v 4000.01514 -2250.00000 -48999.99609
v 4000.01514 3897.77441 -47780.82813
v 23134.14063 -2250.00000 47193.98047
v 22667.58984 3897.77441 46067.61328
v 23134.18359 -2250.00000 -45193.96094
v 22667.62891 3897.77441 -44067.60156
v 39355.31250 -2250.00000 36355.34766
v 38493.23438 3897.77441 35493.26563
v 39355.34375 -2250.00000 -34355.31641
v 38493.26563 3897.77441 -33493.23828
v 50193.95313 -2250.00000 20134.18750
v 49067.59375 3897.77441 19667.63281
v 50193.98047 -2250.00000 -18134.14844
v 49067.61328 3897.77441 -17667.59375
v 53999.98438 -2250.00000 1000.02222
v 52780.82031 3897.77441 1000.02148
v 12857.12012 -1577.63586 -419.93430
v 11520.42871 -1577.63684 -419.92691
v 11520.41895 -1577.63586 350.00082
v 8469.99707 -2250.00000 58.13040
v 8469.99707 -2250.00000 350.00110
v 11520.41504 -2249.99268 58.13010
v 11520.41504 -2249.99268 350.00089
v 8039.99805 -2249.99927 649.99939
v 8039.99805 -2249.99927 915.32446
v 10788.63867 -2249.99951 915.32507
v 10788.63867 -2249.99951 650.00000
v 538.57239 -21.17456 -3870.09448
v 322.56903 -21.17456 -4244.21777
v 322.57260 -21.17432 -3994.80249
v 1401.91650 -21.17529 -4368.54736
v 1401.91699 -21.17529 -4617.96289
v 1185.91321 -21.17529 -4742.67139
v -326.91357 -2249.99976 -1774.81274
v -1149.99988 -2250.00000 300.00012
v 421.08011 -2249.99829 -1318.95313
v 215.61609 -2249.99951 777.17047
v 1257.90881 -2249.99902 350.00305
v 1140.93628 -2249.99805 758.54028
v 1202.60034 -2249.99951 649.80377
v 1257.90808 -2249.99707 -986.69287
v 1257.90808 -2249.99707 -986.69287
v 1605.84131 -2249.99951 -1510.59473
v 538.56702 -2249.99780 -3870.09863
v 1414.63684 -2249.99854 -3039.86450
v 2353.76221 -2249.99194 -3615.00098
v 2830.74316 -2249.99951 -2803.03442
v 1879.79871 -2249.99805 -986.69312
v 1605.84131 -2249.99951 -1510.59473
v 1605.84131 -2249.99951 -1510.59473
v 2820.74854 -2249.99951 352.39795
v 2808.40063 -2249.99951 -214.89990
v 3354.23779 -2249.99927 -5508.98926
v 354.23801 -2249.99927 -5508.98926
v 1879.79871 -2249.99805 -986.69312
v 2759.68213 -2250.00000 350.00244
v 7669.99902 -2249.99951 -152.60699
v 7076.29590 -2250.00000 350.28418
v 7669.99951 -2249.99951 350.00119
v 6618.75879 -1499.99194 -2887.81348
v 6879.43115 -1259.99207 -3038.31372
v 6791.93164 -1499.99207 -3189.86743
v 6879.43115 -1259.99207 -3038.31372
v 7140.09229 -1499.99219 -3188.80591
v 7624.49365 -1499.99207 -1736.45020
v 7536.99365 -1259.99219 -1888.00391
v 7276.32080 -1499.99207 -1737.50427
v 7624.49365 -1499.99207 -1736.45020
v 7797.65430 -1499.99219 -2038.49731
v 7536.99365 -1259.99219 -1888.00391
v -3079.50269 -2250.00000 -1261.47046
v -7358.75146 -2250.00000 -3732.77393
v -3203.88525 -2249.99268 -1056.81006
v -7473.07031 -2249.99951 -3537.81982
v 12595.95117 500.00024 5498.03662
v 13354.82813 500.00024 3360.21729
v 12174.00293 500.00024 4929.39893
v 12668.78809 500.00024 3535.54370
v 9829.72754 -2249.99219 4200.02295
v 7832.64551 -2250.00000 6679.54346
v 10711.26855 -2249.99951 6119.58887
v 5655.76367 -2250.00049 1553.83508
v 5401.20947 -2249.99268 1530.76184
v 5535.81201 -2249.99414 1760.16809
v 5560.12744 -2249.99805 650.01385
v 6363.25244 -2250.00000 1549.90662
v 7039.99805 -2249.99902 649.99963
v 7039.99805 -2249.99951 1149.99927
v 8616.27930 -2250.00000 -242.56183
v 8469.99707 -2250.00000 58.13040
v 9210.00586 -2250.00000 58.19550
v 9694.89258 -2249.99829 -1104.81812
v 9846.29102 -2249.99268 -397.66620
v 8799.69922 -2249.99268 -1133.82166
v 8173.14111 -2249.99829 -1135.76306
v 8205.05664 -2250.00000 -112.64569
v 7611.33154 -2250.00000 -157.14117
v 7015.72949 -1826.54443 3111.77856
v 7103.22900 -1586.54443 2960.22485
v 6842.55615 -1826.54443 2809.72534
v 7015.72949 -1826.54443 3111.77856
v 7363.89063 -1826.54443 3110.71680
v 7103.22900 -1586.54443 2960.22485
v 7509.97217 -1826.54419 1665.10522
v 7770.64551 -1586.54443 1815.60388
v 7858.14502 -1826.54443 1664.05005
v 7770.64551 -1586.54443 1815.60388
v 8031.30615 -1826.54443 1966.09717
v 6029.42969 -1826.54443 3882.52930
v 6204.42871 -1586.54443 3882.52930
v 6204.42871 -1826.54443 3581.53027
v 6029.42969 -1826.54443 3882.52930
v 6204.42969 -1826.54443 4183.51465
v 6204.42871 -1586.54443 3882.52930
v 7529.40771 -1586.54443 3888.21826
v 7529.40723 -1826.54443 4189.20361
v 7704.40674 -1826.54443 3888.21826
v 7529.40674 -1826.54419 3587.21948
v 7529.40771 -1586.54443 3888.21826
v 6842.55664 -2249.99219 2809.72461
v 6793.81445 -2250.00049 2209.99976
v 6417.16406 -2250.00000 2869.81055
v 7124.02490 -2249.99707 1989.99573
v 6671.64404 -2249.99268 1991.23608
v 7124.02490 -2249.99707 1989.99573
v 7375.48926 -2249.99316 3109.19336
v 6578.70020 -2249.99414 3586.39746
v 7557.10791 -2249.99414 3586.39746
v 8061.53662 -2249.99219 1890.38660
v 7124.02490 -2249.99707 1989.99573
v 7123.35840 -2249.99805 1111.97827
v 8039.99854 -2249.99902 915.32483
v 8630.34473 -2249.99268 915.08209
v 7695.22656 -2250.00000 4214.10205
v 5599.73682 -2250.00000 4214.10205
v 7688.30273 -2250.00000 4830.91895
v 5601.96484 -2250.00000 4830.91895
v 4811.08252 -2249.99316 3209.15527
v 4720.85205 -2250.00000 2715.88623
v 4391.68408 -2249.99414 3295.54688
v 4961.94385 -2249.99414 3517.19336
v 5664.30859 -2249.99219 2877.53882
v 5314.25342 -2250.00049 2272.69971
v 8892.95996 -2249.99219 6470.29053
v 9022.67676 -2250.00000 8393.99609
v 9448.50977 -2249.99609 6362.90527
v 10045.65625 -2249.99951 8055.91211
v -41067.61328 3897.77441 -17667.62500
v -33664.91797 16071.12891 -14601.33008
v -44780.83594 3897.77441 999.99200
v -36768.21484 16071.12793 999.99298
v -41067.61719 3897.77441 19667.61133
v -33664.92188 16071.12891 16601.31836
v -30493.26172 3897.77441 35493.25391
v -24827.48828 16071.12793 29827.48047
v -30493.24609 3897.77441 -33493.26563
v -24827.47852 16071.12793 -27827.48828
v -14667.61719 3897.77441 46067.61328
v -11601.32227 16071.12891 38664.92188
v -14667.60352 3897.77441 -44067.61328
v -11601.30859 16071.12891 -36664.92578
v -17667.63477 24554.47070 9975.02344
v -17667.62500 24554.47070 -7975.03076
v -4975.02734 24554.47070 22667.63477
v -4975.02002 24554.47070 -20667.63477
v 4000.00000 26969.63867 1000.00000
v 4000.00024 3897.77441 49780.83594
v 4000.00049 16071.12793 41768.21875
v 4000.01514 3897.77441 -47780.82813
v 4000.01294 16071.12793 -39768.21094
v 12975.01270 24554.47070 22667.63477
v 12975.03223 24554.47070 -20667.62695
v 19601.29883 16071.12891 38664.91797
v 19601.33398 16071.12891 -36664.91016
v 25667.62305 24554.47070 9975.03418
v 25667.63477 24554.47070 -7975.01611
v 32827.46484 16071.12793 29827.49023
v 32827.48828 16071.12793 -27827.46875
v 22667.58984 3897.77441 46067.61328
v 22667.62891 3897.77441 -44067.60156
v 44768.20703 16071.12793 1000.01746
v 41664.90625 16071.12891 16601.33594
v 41664.92188 16071.12891 -14601.30371
v 38493.23438 3897.77441 35493.26563
v 38493.26563 3897.77441 -33493.23828
v 49067.59375 3897.77441 19667.63281
v 49067.61328 3897.77441 -17667.59375
v 52780.82031 3897.77441 1000.02148
v 14566.49512 437.99951 -770.73309
v 12953.19141 437.99951 -99.09894
v 13065.69043 437.99951 95.75675
v 14453.58008 437.99951 -965.34894
v 13065.69043 -2250.00049 95.75675
v 13065.69043 437.99951 95.75675
v 12953.19141 -2250.00049 -99.09894
v 14453.58008 -2250.00049 -965.34888
v 10157.30078 706.79956 8375.00293
v 9035.15137 706.79956 8388.35547
v 9162.12598 706.79956 8737.21680
v 10030.05078 706.79956 8026.24219
v 9162.12598 -2250.00049 8737.21680
v 9162.12598 706.79956 8737.21680
v 9035.15137 -2250.00049 8388.35547
v 9035.15137 706.79956 8388.35547
v 10030.05078 -2250.00049 8026.24219
v 10030.05078 706.79956 8026.24219
v 9035.15137 706.79956 8388.35547
v -5814.93750 -2250.00049 -1446.98352
v -5208.56250 -2250.00049 -2497.25586
v -5814.93750 437.99951 -1446.98352
v -5208.56250 437.99951 -2497.25586
v -5598.27393 -2250.00049 -2722.25586
v -5598.27393 437.99951 -2722.25586
v -6204.81641 437.99951 -1671.69263
v -5598.27393 437.99951 -2722.25586
v 10870.90527 -561.52234 -2090.58936
v 11190.38965 -561.52234 -1170.89661
v 11082.17188 -561.52234 -2167.99463
v 11401.82031 -561.52234 -1247.85107
v 10870.90527 -2250.00049 -2090.58936
v 11190.38965 -2250.00049 -1170.89661
v 11401.82031 -2250.00049 -1247.85107
v 11401.82031 -561.52234 -1247.85107
v 16399.29688 457.80615 1009.07709
v 16749.29688 457.80615 402.85947
v 16399.29688 -2249.99902 1009.07709
v 16749.29688 -2249.99902 402.85947
v 16784.11328 774.82642 532.78986
v 16529.22852 774.82642 974.26239
v 17005.51172 -2249.99878 1359.07703
v 16399.29688 457.80615 1009.07709
v 17005.51172 457.80640 1359.07703
v 16529.22852 774.82642 974.26239
v 16970.69531 774.82666 1229.14648
v 16970.69531 774.82666 1229.14648
v 17225.58008 774.82642 787.67426
v 9210.01270 -1550.00073 -399.99991
v 9210.01270 -2250.00049 -399.99991
v 9210.01270 -1550.00049 100.00000
v 9210.01270 -2250.00049 100.00000
v 10210.01270 -2250.00049 100.00000
v 9210.01270 -1550.00049 100.00000
v 10210.01270 -1550.00049 100.00000
v 10210.01270 -1550.00073 -399.99991
v 9210.01270 -1550.00073 -399.99991
v 6672.50439 -1949.99231 -3994.36304
v 6672.50439 -2249.99219 -3994.36304
v 6672.50439 -1949.99231 -3672.02930
v 6672.50439 -2249.99219 -3672.02930
v 5879.45898 -2249.99219 -2827.92285
v 7776.77441 -2249.99219 -2827.92285
v 6338.83105 -2249.99268 -3615.00000
v 7776.77441 -2249.99219 -3527.92285
v 7343.59766 -2249.99219 -3672.02930
v 7343.59766 -1949.99231 -3672.02930
v 7343.59766 -1949.99231 -3994.36304
v 6672.50439 -1949.99231 -3994.36304
v 6227.07568 -2249.99219 -4227.92285
v 7776.77441 -2249.99219 -4227.92285
v 7343.59766 -2249.99219 -3994.36304
v 7343.59766 -1949.99231 -3994.36304
v -2637.10815 -1949.99231 -2016.31616
v -2637.10815 -2249.99219 -2016.31616
v -2357.95898 -1949.99231 -1855.14929
v -2357.95898 -2249.99219 -1855.14929
v -2022.41199 -1949.99231 -2436.33350
v -2301.56128 -1949.99231 -2597.50049
v -2357.95898 -1949.99231 -1855.14929
v -2637.10815 -1949.99231 -2016.31616
v -2022.41199 -2249.99219 -2436.33350
v -2301.56128 -2249.99219 -2597.50049
v -2301.56128 -1949.99231 -2597.50049
v -2217.34619 -2249.99219 -3326.74731
v -3196.62646 -2249.99219 -1673.22791
v -782.18561 -2249.99219 -2392.76831
v -1780.97205 -2249.99268 -850.33881
v -6227.90186 -2249.99951 -3562.49731
v -2815.14868 -2249.99268 -2316.35156
v -5777.90186 -2250.00000 -4341.91992
v -2642.35400 -2249.99219 -2609.04102
v -8004.36670 -2250.00000 -5234.05908
v -9986.48633 -2250.00000 -5029.39551
v -9986.48535 -2250.00000 -4279.39502
v -7717.28223 -2250.00000 -4283.01660
v 14980.46680 -2253.82666 -3225.44824
v 15410.82031 -2253.82666 -2315.43628
v 14980.46680 -1351.04504 -3225.44824
v 15410.82031 -1351.04504 -2315.43628
v 15847.90918 -1351.04504 -2522.13940
v 14980.46680 -1351.04504 -3225.44824
v 15417.55566 -1351.04504 -3432.15161
v 7354.00537 -2249.99219 3092.51611
v 8992.54395 -2249.99268 915.21100
v 8630.34570 -2249.99268 915.08240
v 8079.11475 -2249.99219 2767.13916
v 8294.92969 -2249.99219 2892.70728
v 8079.11475 -1949.99231 2767.13940
v 8294.92969 -1949.99231 2892.70728
v 8328.44629 -2249.99219 2329.91479
v 8328.44629 -1949.99231 2329.91479
v 8294.92969 -1949.99231 2892.70728
v 8544.26074 -1949.99231 2455.48291
v 8544.26074 -1949.99231 2455.48291
v 8544.26074 -2249.99219 2455.48291
v 8069.40283 -2249.99219 3494.80615
v 9409.67090 -2249.99219 1173.14270
v 8629.85645 -2249.99219 1754.33789
v 8748.40625 -2249.99219 1824.18481
v 8629.85645 -1949.99231 1754.33789
v 8748.40625 -1949.99231 1824.18481
v 8879.18750 -2249.99219 1317.11353
v 8879.18750 -1949.99231 1317.11353
v 8748.40625 -1949.99231 1824.18481
v 8997.73828 -1949.99231 1386.96045
v 8997.73828 -1949.99231 1386.96045
v 8997.73828 -2249.99219 1386.96045
v 8285.51367 -2249.99219 1108.55933
v 8455.93750 -2249.99219 1219.90540
v 8285.51367 -1949.99231 1108.55933
v 8455.93750 -1949.99231 1219.90540
v 8534.84473 -2249.99219 671.33502
v 8534.84473 -1949.99231 671.33502
v 8455.93750 -1949.99231 1219.90540
v 8710.45605 -1949.99231 782.68121
v 8710.45605 -1949.99231 782.68121
v 8710.45605 -2249.99219 782.68121
v 7891.11328 -2249.99219 1779.04041
v 8061.53711 -2249.99219 1890.38660
v 7891.11328 -1949.99231 1779.04041
v 8061.53711 -1949.99231 1890.38660
v 8140.44482 -2249.99219 1341.81616
v 8140.44482 -1949.99231 1341.81616
v 8061.53711 -1949.99231 1890.38660
v 8316.05566 -1949.99231 1453.16235
v 8316.05566 -1949.99231 1453.16235
v 8316.05566 -2249.99219 1453.16235
v 14830.76367 -1649.99988 -131.94614
v 14830.76270 -2250.00000 -131.94615
v 14406.49902 -1649.99988 292.31793
v 14406.49902 -2250.00000 292.31787
v 14830.76367 -2250.00000 716.58203
v 14406.49902 -1649.99988 292.31793
v 14830.76367 -1649.99988 716.58197
v 14830.76367 -1649.99988 716.58197
v 15255.02734 -1649.99988 292.31793
v 18126.95898 -1649.99988 -1153.94519
v 18126.95898 -1649.99988 -1753.94507
v 18126.95898 -2250.00000 -1153.94507
v 18126.95898 -2250.00000 -1753.94482
v 18726.95898 -1649.99988 -1153.94519
v 18726.95898 -1649.99988 -1753.94507
v 14339.65918 -1849.99988 432.14130
v 14339.65918 -2250.00000 432.14133
v 13773.97363 -1850.00000 997.82672
v 13773.97363 -2250.00000 997.82666
v 13773.97363 -2250.00000 997.82666
v 14339.65918 -2250.00000 1563.51221
v 13773.97363 -1850.00000 997.82672
v 14339.65918 -1849.99988 1563.51208
v 14339.65918 -1849.99988 1563.51208
v 14905.34473 -1849.99988 997.82672
v 15311.32715 -2249.99976 -4238.48438
v 15877.01270 -2249.99976 -3672.79883
v 15311.32715 -1449.99988 -4238.48438
v 15877.01270 -1449.99988 -3672.79907
v 15877.01270 -1449.99988 -4804.16992
v 15877.01270 -2249.99976 -4804.16992
v 15311.32715 -1449.99988 -4238.48438
v 15311.32715 -2249.99976 -4238.48438
v 15877.01270 -1449.99988 -3672.79907
v 16442.69727 -1449.99988 -4238.48438
v -5372.98486 -1449.99988 -1406.18176
v -5772.98438 -1449.99988 -713.36145
v -4680.16406 -1449.99988 -1006.18182
v -5080.16406 -1449.99988 -313.36145
v -4680.16406 -2249.99976 -1006.18170
v -5372.98438 -2249.99976 -1406.18176
v -4680.16406 -1449.99988 -1006.18182
v -5372.98486 -1449.99988 -1406.18176
v -5080.16357 -2249.99976 -313.36154
v 11753.52832 -1749.99988 -6541.21729
v 11753.52832 -2250.00000 -6541.21680
v 11353.52832 -1750.00000 -5848.39697
v 11353.52832 -2250.00000 -5848.39697
v 11353.52832 -2250.00000 -5848.39697
v 12046.34863 -2250.00000 -5448.39648
v 11353.52832 -1750.00000 -5848.39697
v 12046.34863 -1749.99988 -5448.39697
v 12046.34863 -1749.99988 -5448.39697
v 12446.34863 -1749.99988 -6141.21680
v 10975.27832 -1649.99988 -6718.59863
v 10975.27832 -2250.00000 -6718.59863
v 10675.27832 -1649.99988 -6198.98291
v 10675.27832 -2250.00000 -6198.98340
v 11194.89355 -2250.00000 -5898.98340
v 10675.27832 -1649.99988 -6198.98291
v 11194.89355 -1649.99988 -5898.98340
v 11194.89355 -1649.99988 -5898.98340
v 11494.89355 -1649.99988 -6418.59863
v -8550.67090 -1529.99988 -5347.34912
v -9070.28613 -1529.99988 -5647.34863
v -9030.67090 -1529.99988 -4515.96436
v -9550.28613 -1529.99988 -4815.96436
v -9030.67090 -2249.99976 -4515.96436
v -8550.67090 -2249.99976 -5347.34863
v -8550.67090 -1529.99988 -5347.34912
v 10046.62891 -2250.00000 -6556.77197
v 10566.24414 -2250.00000 -6256.77197
v 10046.62891 -1649.99988 -6556.77197
v 10566.24414 -1649.99988 -6256.77197
v 10566.24414 -1649.99988 -6256.77197
v 10866.24414 -1649.99988 -6776.38721
v 10046.62891 -1649.99988 -6556.77197
v 10346.62891 -1649.99988 -7076.38721
v -5878.63623 -1649.99988 -3702.82764
v -6088.63623 -1649.99988 -3339.09692
v -5359.02100 -1649.99988 -3402.82739
v -5569.02100 -1649.99988 -3039.09692
v -5359.02100 -2250.00000 -3402.82764
v -5878.63623 -2250.00000 -3702.82764
v -5878.63623 -1649.99988 -3702.82764
v -5569.02051 -2250.00000 -3039.09692
v 13009.62207 -2250.00000 11438.71289
v 13214.83496 -2250.00000 12002.52832
v 13009.62207 -1649.99988 11438.71387
v 13214.83496 -1649.99988 12002.52832
v 13573.43750 -1649.99988 11233.50098
v 13573.43750 -2250.00000 11233.50000
v 13009.62207 -1649.99988 11438.71387
v 13214.83496 -1649.99988 12002.52832
v 13778.65039 -1649.99988 11797.31641
v 16308.90820 -2250.00000 -656.66510
v 16369.67090 -2250.00000 -59.74976
v 16308.90918 -1649.99988 -656.66492
v 16369.67090 -1649.99988 -59.74970
v 16726.74805 -1649.99988 -699.19928
v 16726.74805 -2250.00000 -699.19946
v 16369.67090 -1649.99988 -59.74970
v 16787.51172 -1649.99988 -102.28405
v 18086.60156 -2250.00000 -774.67615
v 18162.30078 -2250.00000 -50.81115
v 18086.60156 -1517.63501 -774.67603
v 18162.30078 -1517.63501 -50.81095
v 18580.14063 -1517.63501 -93.34532
v 18504.44336 -1517.63501 -817.21033
v 18162.30078 -1517.63501 -50.81095
v 2770.29419 -1449.99988 8179.24463
v 2273.49731 -1449.99988 8806.29492
v 3397.34497 -1449.99988 8676.04199
v 2900.54810 -1449.99988 9303.09277
v 3397.34521 -2249.99976 8676.04199
v 2770.29443 -2249.99976 8179.24463
v 3397.34497 -1449.99988 8676.04199
v 2770.29419 -1449.99988 8179.24463
v 2900.54834 -2249.99976 9303.09277
v 3397.34521 -2249.99976 8676.04199
v 2669.08643 -1649.99988 9730.83398
v 3220.23682 -1649.99988 9967.96875
v 2906.22144 -1649.99988 9179.68262
v 3457.37207 -1649.99988 9416.81836
v 2906.22144 -2250.00000 9179.68262
v 3457.37183 -2250.00000 9416.81738
v 1317.25061 -1517.63501 11093.16406
v 1925.61194 -1517.63501 11492.67285
v 1548.76062 -1517.63501 10742.73145
v 2157.12207 -1517.63501 11142.24023
v 2157.12207 -2250.00000 11142.24023
v 1548.76086 -2250.00000 10742.73145
v 1548.76062 -1517.63501 10742.73145
v 15382.49219 -2250.00000 710.67865
v 15815.50488 -2250.00000 960.67853
v 15382.49219 -1649.99988 710.67853
v 15815.50488 -1649.99988 960.67853
v 15882.49219 -1649.99988 -155.34669
v 15882.49219 -2250.00000 -155.34659
v 15382.49219 -1649.99988 710.67853
v 15382.49219 -2250.00000 710.67865
v 15815.50488 -1649.99988 960.67853
v 16315.50488 -1649.99988 94.65320
v 14884.32715 -2250.00000 1320.83301
v 15237.88086 -2250.00000 1674.38635
v 14884.32715 -1699.99988 1320.83301
v 15237.88086 -1699.99988 1674.38635
v 15308.59180 -1699.99988 896.56903
v 15308.59180 -2250.00000 896.56909
v 14884.32715 -1699.99988 1320.83301
v 14884.32715 -2250.00000 1320.83301
v 15237.88086 -1699.99988 1674.38635
v 15662.14453 -1699.99988 1250.12244
v 17048.49414 -1549.99988 -230.66853
v 17048.49414 -2249.99976 -230.66837
v 16944.30664 -1549.99988 360.21603
v 16944.30664 -2250.00000 360.21609
v 17436.70898 -2250.00000 447.04019
v 17436.71094 -1549.99988 447.04010
v 17540.89844 -1549.99988 -143.84444
v 16130.73438 -1549.99988 -939.36176
v 16234.92285 -1549.99988 -1530.24634
v 16130.73340 -2250.00000 -939.36163
v 16234.92285 -2249.99976 -1530.24609
v 16623.13867 -1549.99988 -852.53766
v 16727.32617 -1549.99988 -1443.42224
v 19468.83594 -2249.99268 -346.30786
v 19468.83594 -2249.99268 423.69202
v 19468.83594 97.16797 -346.30786
v 19468.83594 97.16797 423.69202
v 17585.94727 -249.99963 -5380.17920
v 18508.09180 -249.99963 -5110.83740
v 18249.27148 -249.99976 -6076.76318
v 18249.27148 -2249.99951 -6076.76318
v 17585.94727 -2249.99951 -5380.17920
v 18508.09180 -2249.99951 -5110.83789
v 17585.94727 -2249.99951 -5380.17920
v 18249.27148 -2249.99951 -6076.76318
v 15336.32129 -1787.32922 -5676.35938
v 15513.09766 -1578.98779 -5853.13574
v 15689.87500 -1787.32922 -6029.91260
v 15689.87402 -2250.00000 -6029.91309
v 15336.32129 -2250.00000 -5676.35938
v 16184.84961 -2250.00000 -4827.83105
v 16184.84961 -1787.32922 -4827.83105
v 16361.62598 -1578.98779 -5004.60791
v 16184.84961 -1787.32922 -4827.83105
v 16310.86133 -1787.32922 -6329.29736
v 16487.63867 -1578.98779 -6506.07373
v 16664.41406 -1787.32922 -6682.85059
v 16664.41406 -2250.00000 -6682.85107
v 16310.86133 -2250.00000 -6329.29736
v 17159.38867 -2250.00000 -5480.76904
v 17159.38867 -1787.32922 -5480.76904
v 16310.86133 -1787.32922 -6329.29736
v 17336.16602 -1578.98779 -5657.54590
v 17159.38867 -1787.32922 -5480.76904
v 18666.48242 -1699.99988 -4001.82715
v 18241.38867 -1699.99988 -5091.87109
v 18666.48242 -2250.00000 -4001.82690
v 18241.38867 -2250.00000 -5091.87061
v 19225.47852 -1699.99988 -4219.82373
v 18800.38672 -1699.99988 -5309.86768
v -7567.16016 -1549.99988 -1942.04199
v -7867.16016 -1549.99988 -1422.42688
v -7134.14697 -1549.99988 -1692.04199
v -7434.14746 -1549.99988 -1172.42688
v -7134.14746 -2250.00000 -1692.04199
v -7567.16016 -2250.00000 -1942.04211
v -7434.14697 -2249.99976 -1172.42700
v 12136.86719 -1787.32922 -7254.69141
v 12242.52148 -1578.98779 -7481.26855
v 12348.17578 -1787.32922 -7707.84521
v 12348.17578 -2250.00000 -7707.84570
v 12136.86719 -2250.00000 -7254.69141
v 13224.43652 -2250.00000 -6747.54932
v 13224.43652 -1787.32922 -6747.54980
v 13330.09082 -1578.98779 -6974.12646
v 13224.43652 -1787.32922 -6747.54980
v -4653.10986 -2018.66455 -3621.84424
v -4804.66455 -1914.49390 -3709.34399
v -5133.10986 -2018.66455 -2790.45972
v -5284.66455 -1914.49390 -2877.95947
v -5133.10986 -2250.00000 -2790.45947
v -4653.10986 -2250.00000 -3621.84399
v -4653.10986 -2018.66455 -3621.84424
v -10886.48535 -1699.99988 -4279.39502
v -10886.48535 -2250.00000 -4279.39453
v -9986.48535 -1699.99988 -4279.39502
v -9986.48535 -2250.00000 -4279.39453
v -9986.48535 -1699.99988 -5029.39502
v -10886.48535 -1699.99988 -5029.39502
v -9986.48535 -2250.00000 -5029.39453
v -9986.48535 -1699.99988 -5029.39502
v 10921.00195 -1787.32922 -7466.59863
v 10964.41406 -1578.98779 -7712.80029
v 11007.82617 -1787.32922 -7959.00244
v 11007.82520 -2250.00000 -7959.00244
v 10921.00195 -2250.00000 -7466.59863
v 12102.77148 -2250.00000 -7258.22070
v 12102.77148 -1787.32922 -7258.22070
v 12146.18359 -1578.98779 -7504.42236
v 12102.77148 -1787.32922 -7258.22070
v 9924.58496 2249.99951 6250.95313
v 9433.72266 -2250.00024 6346.11084
v 9433.72266 2162.72852 6346.11084
v 10906.30762 -2250.00024 6060.63916
v 10415.44629 2249.99951 6155.79639
v 10906.30762 2162.72852 6060.63916
v 9490.81738 2162.72852 6640.62744
v 9490.81738 -2250.00024 6640.62744
v 9924.58496 2249.99951 6250.95313
v 9433.72266 2162.72852 6346.11084
v 9981.67871 2249.99951 6545.47021
v 9490.81738 2162.72852 6640.62744
v -7791.76465 -1699.99988 -3982.77393
v -8091.76465 -1699.99988 -3463.15869
v -7358.75195 -1699.99988 -3732.77417
v -7658.75195 -1699.99988 -3213.15869
v -7358.75195 -2250.00000 -3732.77393
v -7791.76465 -2250.00000 -3982.77393
v -7791.76465 -1699.99988 -3982.77393
v -7658.75146 -2250.00000 -3213.15869
v -7315.58252 -1649.99988 -2549.66406
v -6882.56982 -1649.99988 -2299.66406
v -6815.58301 -1649.99988 -3415.68945
v -6382.56982 -1649.99988 -3165.68945
v -6815.58252 -2250.00000 -3415.68945
v -6815.58301 -1649.99988 -3415.68945
v -6382.56982 -2250.00000 -3165.68945
v -6382.56982 -1649.99988 -3165.68945
v -6382.56982 -1649.99988 -3165.68945
v -6882.56982 -1649.99988 -2299.66406
v -6882.56982 -2250.00000 -2299.66431
v -6382.56982 -2250.00000 -3165.68945
v -6297.51758 -1699.99988 -4641.91992
v -6747.51709 -1699.99988 -3862.49707
v -5777.90234 -1699.99988 -4341.91992
v -6227.90186 -1699.99988 -3562.49707
v -5777.90186 -2250.00000 -4341.91992
v -6227.90186 -2250.00000 -3562.49707
v -4141.33398 -2018.66455 -3324.34692
v -4292.88867 -1914.49390 -3411.84668
v -4621.33398 -2018.66455 -2492.96240
v -4772.88867 -1914.49390 -2580.46216
v -4621.33398 -2250.00000 -2492.96216
v -4141.33398 -2250.00000 -3324.34668
v -4141.33398 -2018.66455 -3324.34692
v -7304.34033 -1649.99988 -5125.93408
v -7804.33984 -1649.99988 -4259.90869
v -6871.32715 -1649.99988 -4875.93408
v -7371.32715 -1649.99988 -4009.90869
v -6871.32715 -2250.00000 -4875.93408
v -7371.32715 -2250.00000 -4009.90894
v 17288.34180 -1649.99988 2170.08984
v 17396.41016 -1649.99988 1175.94666
v 17288.34180 -2250.00000 2170.08984
v 17396.41016 -2250.00000 1175.94678
v 17785.41211 -1649.99988 2224.12451
v 17893.48242 -1649.99988 1229.98120
v 18147.49609 -2250.00000 -3843.61816
v 18419.54102 -2250.00000 -2872.20532
v 18147.49609 -1923.03882 -3843.61792
v 18419.54102 -1923.03870 -2872.20508
v 18419.54102 -1923.03870 -2872.20508
v 18587.99023 -1818.86804 -2919.63867
v 18315.94531 -1818.86804 -3891.05151
v 11781.80859 -1823.42334 4244.43701
v 12171.16895 -1823.42334 3334.21777
v 11781.80859 -2250.00000 4244.43701
v 12171.16895 -2250.00000 3334.21802
v 12146.54492 -1823.42334 4418.10889
v 12535.90527 -1823.42334 3507.88989
v 11066.68555 -2250.00000 3385.08911
v 11363.24805 -2250.00000 3787.64478
v 11066.68457 -1809.99988 3385.08911
v 11363.24805 -1809.99988 3787.64478
v 11549.75293 -1809.99988 3029.21484
v 11549.75293 -2250.00000 3029.21484
v 11363.24805 -1809.99988 3787.64478
v 11846.31445 -1809.99988 3431.77051
v 1939.00085 -2249.99268 10257.04590
v 1236.54602 -2249.99268 9941.67871
v 1939.00085 97.16797 10257.04590
v 1236.54602 97.16797 9941.67871
v 665.97565 -249.99963 12875.18262
v -198.71532 -249.99963 13293.75586
v 641.02295 -249.99976 13836.74707
v 665.97571 -2249.99951 12875.18262
v -198.71529 -2249.99951 13293.75586
v 641.02289 -2249.99951 13836.74707
v 665.97571 -2249.99951 12875.18262
v 17809.09570 -331.58847 -1346.28735
v 17678.28125 -331.58847 -879.66693
v 17809.09570 2083.76196 -1346.28735
v 17678.28125 2083.76196 -879.66693
v 18134.74414 -331.58847 -718.55304
v 18134.74414 2083.76196 -718.55304
v 15584.70801 1789.12476 -1848.81445
v 15462.39063 1789.12476 -1636.95447
v 15707.02441 2095.02637 -1636.95459
v 15584.70801 1789.12476 -1425.09448
v 15707.02441 2095.02637 -1636.95459
v 15829.34277 1789.12476 -1848.81458
v 15584.70801 1789.12476 -1848.81445
v 15829.34277 1789.12476 -1425.09460
v 15707.02441 2095.02637 -1636.95459
v 15951.66016 1789.12476 -1636.95447
v 15829.34277 1789.12476 -1848.81458
v 15503.53516 -2249.99219 -1989.40991
v 15300.04492 -2249.99219 -1636.95447
v 15532.02539 449.74976 -1940.06335
v 15357.02539 449.74976 -1636.95447
v 15503.53516 -2249.99219 -1284.49927
v 15532.02539 449.74976 -1333.84570
v 15422.72168 598.31372 -1636.95447
v 15564.87305 598.31372 -1390.74036
v 15564.87305 598.31372 -1883.16882
v 15882.02539 449.74976 -1940.06348
v 15532.02539 449.74976 -1940.06335
v 15849.17676 598.31372 -1883.16870
v 15564.87305 598.31372 -1883.16882
v 15910.51563 -2249.99219 -1989.40991
v 15503.53516 -2249.99219 -1989.40991
v 15910.51563 -2249.99219 -1284.49915
v 15882.02637 449.74976 -1333.84570
v 15849.17676 598.31372 -1390.74023
v 15991.32910 598.31372 -1636.95447
v 15849.17676 598.31372 -1883.16870
v 16057.02441 449.74976 -1636.95447
v 15882.02539 449.74976 -1940.06348
v 15882.02539 449.74976 -1333.84570
v 16114.00488 -2249.99219 -1636.95447
v 15910.51563 -2249.99219 -1989.40991
v 7376.80811 -2249.99878 -5784.28613
v 7376.80469 550.00049 -5784.28760
v 7580.42529 -2249.99878 -6343.71973
v 7580.42139 550.00073 -6343.72119
v 8016.47021 550.00049 -5120.83447
v 7376.80469 550.00049 -5784.28760
v 8016.47070 -2249.99878 -5120.83398
v 8339.72070 550.00049 -5003.18066
v 8016.47021 550.00049 -5120.83447
v 8339.72168 -2249.99927 -5003.18066
v 8016.47070 -2249.99878 -5120.83398
v 9256.18945 550.00049 -5100.24756
v 9256.19336 -2249.99927 -5100.24609
v 12233.59375 800.00000 4304.28418
v 12337.76270 500.00024 4468.06787
v 12337.76367 800.00000 4468.06787
v 12505.02637 500.00024 3996.87427
v 12320.90527 800.00000 4058.32153
v 12505.02637 800.00000 3996.87451
v 12337.76367 -1999.99976 4468.06787
v 12174.00195 -1999.99976 4929.39893
v 12337.76270 500.00024 4468.06787
v 12174.00293 500.00024 4929.39893
v 12320.90527 -1999.99976 4058.32178
v 12233.59375 -1999.99976 4304.28418
v 12320.90527 800.00000 4058.32153
v 12233.59375 800.00000 4304.28418
v 12595.95117 -1999.99976 5498.03662
v 12174.00293 500.00024 4929.39893
v 12595.95117 500.00024 5498.03662
v 12320.90527 800.00000 4058.32153
v 12320.90527 -1999.99976 4058.32178
v 12505.02637 -1999.99976 3996.87451
v 12668.78809 -1999.99976 3535.54346
v 12668.78809 500.00024 3535.54370
v 12505.02637 500.00024 3996.87427
v 12668.78809 500.00024 3535.54370
v 13354.82813 500.00024 3360.21729
v 13354.82813 -1999.99976 3360.21729
v 11659.99902 -2249.99976 650.00024
v 11909.99902 -2249.99976 1083.01294
v 11659.99902 -1449.99988 650.00024
v 11909.99902 -1449.99988 1083.01282
v 11659.99902 -1449.99988 650.00024
v 12959.03613 -1449.99988 -99.99967
v 11659.99902 -2249.99976 650.00024
v 12959.03613 -2249.99976 -99.99964
v 11909.99902 -1449.99988 1083.01282
v 13209.03613 -1449.99988 333.01303
v 11909.99902 -2249.99976 1083.01294
v 13209.03613 -2249.99976 333.01300
v 11909.99902 -1449.99988 1083.01282
v 13209.03613 -1449.99988 333.01303
v 12886.47852 -599.99609 -535.91632
v 13136.48730 -599.99744 -968.92914
v 11804.78613 -599.99683 -1168.30078
v 12052.46387 -599.99744 -1602.18652
v -9823.61621 1484.40234 -1674.66760
v -9657.28125 1484.40234 -2131.67041
v -10201.82324 1484.40234 -1812.32373
v -10035.48828 1484.40234 -2269.32617
v -10057.50977 -2249.99976 -1620.43640
v -9689.06934 -2250.00024 -1685.40698
v -10057.50977 766.59723 -1620.43616
v -9689.07031 766.59723 -1685.40332
v -9561.11328 766.59723 -2036.96204
v -9561.11230 -2250.00024 -2036.96582
v -9801.59375 -2249.99976 -2323.56128
v -9801.59473 766.59723 -2323.55737
v 7776.29395 -1549.99988 -4336.26465
v 7776.29395 -2249.99976 -4336.26465
v 7776.29443 -1549.99988 -3236.26489
v 7776.29395 -2250.00000 -3236.26489
v 7776.29395 -2250.00000 -3236.26489
v 8276.29395 -2250.00000 -3236.26489
v 7776.29443 -1549.99988 -3236.26489
v 8276.29395 -1549.99988 -3236.26514
v 8276.29395 -1549.99988 -3236.26514
v 8276.29395 -1549.99988 -4336.26514
v -4010.94580 -1449.99988 -1221.91675
v -3760.94604 -1449.99988 -1654.92932
v -5309.98340 -1449.99988 -1971.91663
v -5059.98389 -1449.99988 -2404.92944
v -3760.94604 -1449.99988 -1654.92932
v -5059.98389 -2249.99976 -2404.92969
v -3760.94604 -2249.99976 -1654.92969
v -4010.94580 -2249.99976 -1221.91687
v -4010.94580 -1449.99988 -1221.91675
v 4391.31104 313.26147 3287.56592
v 4231.03174 313.26025 3761.18530
v 4948.03955 313.26074 3510.11987
v 4790.21777 313.26025 3984.13818
v 11150.34668 -462.70654 3069.85742
v 11563.73535 -462.70776 2788.58447
v 10451.12109 -462.70715 2030.12109
v 10862.79004 -462.70776 1747.04846
v 7749.64941 59.13574 6942.64014
v 7936.05957 59.13452 7406.59668
v 8914.81543 59.13501 6481.81885
v 9103.35156 59.13452 6944.48047
v 12052.46484 -2249.99756 -1602.18677
v 11804.78711 -2249.99707 -1168.30090
v 12052.46387 -793.16052 -1602.18677
v 11804.78613 -793.15979 -1168.30090
v 12886.47949 -2249.99634 -535.91644
v 12886.47852 -793.15918 -535.91632
v 13016.12305 -976.06604 -5054.79492
v 12425.31348 -976.06616 -6554.26318
v 13016.12305 -2249.99829 -5054.79541
v 12425.31348 -2249.99829 -6554.26318
v 13485.96973 -2249.99951 -5225.80566
v 13485.96973 -976.06604 -5225.80518
v 4948.03857 -2249.99707 3510.12012
v 4391.31006 -2249.99634 3287.56641
v 4948.03955 120.09766 3510.11987
v 4391.31055 120.09839 3287.56592
v 4790.21680 -2249.99756 3984.13867
v 4790.21777 120.09717 3984.13843
v 10862.79102 -2249.99756 1747.04871
v 10451.12207 -2249.99707 2030.12134
v 10862.79004 -655.87085 1747.04834
v 10451.12109 -655.87024 2030.12109
v 11150.34766 -2249.99634 3069.85767
v 11150.34668 -655.86975 3069.85742
v 8914.81543 -2249.99707 6481.82031
v 7749.64893 -2249.99634 6942.64111
v 8914.81543 -134.02808 6481.81982
v 7749.64941 -134.02734 6942.64014
v 9103.35059 -2249.99756 6944.48145
v 9103.35156 -134.02856 6944.48047
v 12052.46387 -793.16052 -1602.18677
v 11804.78613 -793.15979 -1168.30090
v 12052.46387 -599.99744 -1602.18652
v 11804.78613 -599.99683 -1168.30078
v 12886.47852 -793.15918 -535.91632
v 12886.47852 -599.99609 -535.91632
v 13016.12305 -976.06604 -5054.79492
v 13032.89551 -749.99823 -5099.54297
v 12425.31348 -976.06616 -6554.26318
v 12466.92676 -749.99829 -6530.76221
v 13485.96973 -976.06604 -5225.80518
v 13032.89551 -749.99823 -5099.54297
v 13444.35645 -749.99823 -5249.30273
v 4391.31055 120.09839 3287.56592
v 4391.31104 313.26147 3287.56592
v 4948.03955 120.09766 3510.11987
v 4948.03955 313.26074 3510.11987
v 4790.21777 120.09717 3984.13843
v 4790.21777 313.26025 3984.13818
v 10862.79004 -655.87085 1747.04834
v 10451.12109 -655.87024 2030.12109
v 10862.79004 -462.70776 1747.04846
v 10451.12109 -462.70715 2030.12109
v 11150.34668 -655.86975 3069.85742
v 11150.34668 -462.70654 3069.85742
v 7749.64941 -134.02734 6942.64014
v 7749.64941 59.13574 6942.64014
v 8914.81543 -134.02808 6481.81982
v 8914.81543 59.13501 6481.81885
v 9103.35156 -134.02856 6944.48047
v 9103.35156 59.13452 6944.48047
v 10346.61328 -1250.00073 -649.99969
v 10346.61328 -2250.00049 -649.99969
v 10346.61328 -1250.00073 100.00000
v 10346.61328 -2250.00073 100.00000
v 10520.83984 -1250.00073 -510.28223
v 10520.83984 -1250.00073 -39.71770
v 10520.83984 -624.83533 -510.28223
v 10520.83984 -624.83533 -39.71770
v 11346.61328 -2250.00073 100.00000
v 10346.61328 -1250.00073 100.00000
v 11346.61328 -1250.00073 100.00000
v 11172.39063 -1250.00073 -39.71770
v 11172.39063 -624.83533 -39.71770
v 10520.83984 -1250.00073 -39.71770
v 10520.83984 -624.83533 -39.71770
v 9047.01367 -950.00012 1790.61877
v 7547.01367 -2249.99878 4388.69531
v 7547.01416 -950.00012 4388.69482
v 9047.01367 -2250.00000 1790.61926
v 10104.15039 -950.00024 2170.01294
v 10104.14941 -2250.00000 2170.01245
v 9320.22168 -950.00012 1717.41150
v 9320.21777 -2250.00000 1717.41370
v -7585.19336 -1250.00073 -5644.14990
v -7585.19336 -2250.00049 -5644.14990
v -5555.91895 -1250.00073 -4519.49951
v -5555.91895 -2250.00073 -4519.49902
v -7378.71533 -1250.00073 -5729.25439
v -5594.14111 -1250.00073 -4739.53320
v -7378.71533 -624.83533 -5729.25439
v -5594.14111 -624.83533 -4739.53320
v -5279.53076 -1250.00073 -5310.09326
v -5279.53076 -624.83533 -5310.09326
v -5594.14111 -624.83533 -4739.53320
v -5073.05469 -2250.00073 -5395.19434
v -5555.91895 -1250.00073 -4519.49951
v -5073.05469 -1250.00073 -5395.19434
v 11346.61328 -1250.00073 100.00000
v 10520.83984 -1250.00073 -39.71770
v 10346.61328 -1250.00073 100.00000
v 11172.39063 -1250.00073 -39.71770
v 10346.61328 -1250.00073 -649.99969
v 10520.83984 -1250.00073 -510.28223
v 11346.61328 -1250.00073 -649.99969
v 11172.39063 -1250.00073 -510.28223
v 11172.39063 -624.83533 -39.71770
v 11172.39063 -624.83533 -510.28223
v 10520.83984 -624.83533 -39.71770
v 10520.83984 -624.83533 -510.28223
v 8016.47021 550.00049 -5120.83447
v 7580.42139 550.00073 -6343.72119
v 7376.80469 550.00049 -5784.28760
v 9459.80664 550.00073 -5659.68115
v 8339.72070 550.00049 -5003.18066
v 9256.18945 550.00049 -5100.24756
v 5783.95898 1483.33325 6626.16162
v 5783.95850 1483.33325 5026.16162
v 5583.95898 1483.33337 6426.16162
v 5583.95850 1483.33337 5226.16162
v 7528.62305 1483.33325 5026.16162
v 7528.62354 1483.33325 6626.16162
v 7728.62305 1483.33337 5226.16162
v 7728.62354 1483.33337 6426.16162
v 1185.91321 -21.17529 -4742.67139
v 322.56903 -21.17456 -4244.21777
v 538.57239 -21.17456 -3870.09448
v 1401.91650 -21.17529 -4368.54736
v 8622.45215 -816.66675 4836.39014
v 7751.91846 -816.66675 4333.79150
v 8349.24707 -816.66675 4909.59570
v 7825.12500 -816.66675 4606.99414
v 9101.91895 -816.66675 1995.52307
v 9947.45215 -816.66675 2541.42310
v 9375.12500 -816.66675 1922.31531
v 9899.24707 -816.66675 2224.91675
v 10041.72559 2266.32715 1938.59790
v 10907.75000 2266.32715 1438.59827
v 9541.72656 2266.32666 1072.57202
v 10407.75195 2266.32666 572.57178
v 10477.81543 1566.32666 693.92456
v 10837.68750 1566.32715 1317.24524
v 9611.78906 1566.32666 1193.92480
v 9971.66309 1566.32715 1817.24487
v 7437.64209 2119.22168 3123.11255
v 7437.64551 2119.22168 3442.75195
v 7714.45752 2119.22168 2963.29321
v 7714.45801 2119.22168 3602.56689
v 7991.27051 2119.22168 3442.74951
v 7991.27490 2119.22168 3123.11597
v 7076.31201 -1549.99939 1118.93359
v 8003.68506 -1549.99939 681.06543
v 7076.31104 -1549.99939 681.06543
v 8003.68555 -1549.99927 1118.93335
v 7770.99512 -1449.99976 -4725.51025
v 6320.99512 -1449.99976 -4725.51025
v 7770.99463 -1449.99976 -4225.51025
v 6320.99512 -1449.99976 -4225.51025
v 8737.36328 -100.61902 -1239.55273
v 8160.82764 -100.61877 -1604.89197
v 8361.94336 -100.61877 -1239.55078
v 8442.37891 -100.61877 -1749.03186
v -3040.22046 -887.78076 -1205.24597
v -3411.16968 -887.78076 -562.74255
v -2652.75977 -887.78076 -124.87492
v -2281.81030 -887.78076 -767.37817
v -7102.32861 -1250.00073 -6519.84473
v -7585.19336 -1250.00073 -5644.14990
v -7064.10449 -1250.00073 -6299.81396
v -7378.71533 -1250.00073 -5729.25439
v -5555.91895 -1250.00073 -4519.49951
v -5594.14111 -1250.00073 -4739.53320
v -5279.53076 -624.83533 -5310.09326
v -7064.10449 -624.83533 -6299.81396
v -5594.14111 -624.83533 -4739.53320
v -7378.71533 -624.83533 -5729.25439
v -5073.05469 -1250.00073 -5395.19434
v -5279.53076 -1250.00073 -5310.09326
v 10778.21582 -2250.00000 1150.00000
v 10778.21484 -1825.35547 1150.00024
v 10778.21484 -2249.99951 650.00000
v 10778.21484 -1825.35547 650.00018
v 11660.00000 -1825.35547 649.99982
v 11660.00000 -2249.99951 649.99957
v 8774.87793 -976.06604 -3763.65283
v 8774.87793 -976.06616 -4763.65283
v 8774.87793 -2249.99829 -3763.65308
v 8774.87793 -2249.99829 -4763.65283
v 9274.87793 -2249.99951 -3763.65308
v 9274.87793 -976.06604 -3763.65308
v 8774.87793 -976.06604 -3763.65283
v 1401.91260 -2249.99854 -4368.55078
v 1401.91650 -121.17529 -4368.54736
v 538.56836 -2249.99854 -3870.09790
v 538.57239 -121.17456 -3870.09448
v 1401.90906 -2249.99854 -4617.96680
v 1401.91650 -121.17529 -4368.54736
v 1401.91699 -121.17529 -4617.96289
v 7039.99805 -2249.99927 649.99951
v 7039.99854 -2249.99976 1149.99939
v 7039.99805 -1655.49768 649.99951
v 7039.99854 -1655.49768 1149.99939
v 8039.99805 -1655.49768 649.99951
v 8039.99805 -2249.99927 649.99951
v -2213.47754 -993.27930 -761.47070
v -3079.50293 -2249.99976 -1261.47021
v -3079.50293 -993.27930 -1261.47021
v -2213.47754 -2249.99927 -761.47070
v -2613.47729 -993.27930 -68.65047
v -2613.47729 -2249.99927 -68.65047
v 11949.28223 -976.06604 -3104.03638
v 11949.28223 -976.06616 -4104.03613
v 11949.28223 -2249.99829 -3104.03662
v 11949.28223 -2249.99829 -4104.03662
v 12449.28223 -2249.99951 -3104.03662
v 12449.28223 -976.06604 -3104.03662
v 11949.28223 -976.06604 -3104.03638
v 9818.26563 -976.06604 -463.55966
v 9694.89258 -976.06616 -1104.81787
v 9818.26563 -2249.99829 -463.55994
v 9694.89258 -2249.99829 -1104.81812
v 10310.66992 -2249.99951 -550.38409
v 9818.26563 -976.06604 -463.55966
v 10310.66992 -976.06604 -550.38403
v 10315.27832 -2249.99829 5435.70947
v 10567.95605 -2249.99951 5867.16504
v 10315.27832 -81.97192 5435.70947
v 10567.95508 -81.97192 5867.16553
v 10315.27832 -81.97192 5435.70947
v 12018.48047 -81.97217 4527.01611
v 12018.48047 -2249.99829 4527.01611
v 13698.00195 -652.60034 3582.17529
v 13774.59863 -652.60059 1513.30212
v 13698.00195 -2249.99829 3582.17529
v 13774.59863 -2249.99829 1513.30176
v 14198.00195 -2249.99951 3582.17480
v 13698.00195 -652.60034 3582.17529
v 14198.00195 -652.60034 3582.17529
v 10778.21484 -1825.35547 650.00018
v 10778.21484 -1825.35547 1150.00024
v 10814.52734 -1749.99939 681.06659
v 10814.52734 -1749.99939 1118.93384
v 10814.52734 -1749.99939 681.06659
v 11660.00000 -1825.35547 649.99982
v 11623.68359 -1749.99951 681.06610
v 8774.87793 -976.06604 -3763.65283
v 8805.94434 -749.99823 -3799.96509
v 8774.87793 -976.06616 -4763.65283
v 8805.94434 -749.99829 -4727.33643
v 8774.87793 -976.06604 -3763.65283
v 9274.87793 -976.06604 -3763.65308
v 8805.94434 -749.99823 -3799.96509
v 9243.81152 -749.99823 -3799.96558
v 322.57260 -121.17432 -3994.80249
v 322.57260 -21.17432 -3994.80249
v 322.56903 -121.17456 -4244.21777
v 322.56903 -21.17456 -4244.21777
v 322.57260 -121.17432 -3994.80249
v 538.57239 -121.17456 -3870.09448
v 322.57260 -21.17432 -3994.80249
v 538.57239 -21.17456 -3870.09448
v 1401.91650 -121.17529 -4368.54736
v 1401.91650 -21.17529 -4368.54736
v 538.57239 -121.17456 -3870.09448
v 538.57239 -21.17456 -3870.09448
v 1401.91699 -121.17529 -4617.96289
v 1401.91699 -21.17529 -4617.96289
v 1401.91650 -121.17529 -4368.54736
v 1401.91650 -21.17529 -4368.54736
v 7039.99805 -1655.49768 649.99951
v 7039.99854 -1655.49768 1149.99939
v 7076.31104 -1549.99939 681.06543
v 7076.31201 -1549.99939 1118.93359
v 8039.99805 -1655.49768 649.99951
v 8003.68506 -1549.99939 681.06543
v -2213.47754 -993.27930 -761.47070
v -3079.50293 -993.27930 -1261.47021
v -2281.81030 -887.78076 -767.37817
v -3040.22046 -887.78076 -1205.24597
v -2613.47729 -993.27930 -68.65047
v -2652.75977 -887.78076 -124.87492
v 11949.28223 -976.06604 -3104.03638
v 11980.34863 -749.99823 -3140.34863
v 11949.28223 -976.06616 -4104.03613
v 11980.34863 -749.99829 -4067.71973
v 11949.28223 -976.06604 -3104.03638
v 12449.28223 -976.06604 -3104.03662
v 11980.34863 -749.99823 -3140.34863
v 12418.21582 -749.99823 -3140.34888
v 9818.26563 -976.06604 -463.55966
v 9842.55469 -749.99823 -504.71500
v 9694.89258 -976.06616 -1104.81787
v 9731.79297 -749.99829 -1074.44788
v 9818.26563 -976.06604 -463.55966
v 10310.66992 -976.06604 -550.38403
v 9842.55469 -749.99823 -504.71500
v 10273.76953 -749.99823 -580.75018
v 10315.27832 -81.97192 5435.70947
v 10567.95508 -81.97192 5867.16553
v 10362.31250 144.09619 5444.16650
v 10583.59082 144.09619 5822.00732
v 10315.27832 -81.97192 5435.70947
v 10362.31250 144.09619 5444.16650
v 12018.48047 -81.97217 4527.01611
v 12002.84082 144.09595 4572.17627
v 13698.00195 -652.60034 3582.17529
v 13729.06738 -426.53247 3545.86255
v 13774.59863 -652.60059 1513.30212
v 13805.66504 -426.53259 1549.61853
v 13698.00195 -652.60034 3582.17529
v 14198.00195 -652.60034 3582.17529
v 13729.06738 -426.53247 3545.86255
v 14166.93457 -426.53247 3545.86255
v 10814.52734 -1749.99939 1118.93384
v 11623.68359 -1749.99951 681.06610
v 10814.52734 -1749.99939 681.06659
v 11623.68359 -1749.99951 1118.93335
v 13444.35645 -749.99823 -5249.30273
v 12878.38770 -749.99829 -6680.52148
v 12466.92676 -749.99829 -6530.76221
v 13032.89551 -749.99823 -5099.54297
v 9243.81152 -749.99823 -3799.96558
v 8805.94434 -749.99829 -4727.33643
v 8805.94434 -749.99823 -3799.96509
v 9243.81152 -749.99829 -4727.33643
v 10052.68262 -1202.69800 4387.57666
v 10188.30859 -1202.69836 5038.40381
v 10835.67480 -1202.69836 4903.49951
v 10700.04883 -1202.69800 4252.67236
v 12418.21582 -749.99823 -3140.34888
v 11980.34863 -749.99829 -4067.71973
v 11980.34863 -749.99823 -3140.34863
v 12418.21582 -749.99829 -4067.72021
v 10273.76953 -749.99823 -580.75018
v 9731.79297 -749.99829 -1074.44788
v 9842.55469 -749.99823 -504.71500
v 10163.00879 -749.99829 -1150.48291
v 10583.59082 144.09619 5822.00732
v 12002.84082 144.09595 4572.17627
v 10362.31250 144.09619 5444.16650
v 12224.12012 144.09595 4950.01709
v 14166.93457 -426.53247 3545.86255
v 13805.66504 -426.53259 1549.61853
v 13729.06738 -426.53247 3545.86255
v 14243.53223 -426.53259 1549.61816
v 11520.41895 -2249.99268 350.00079
v 11520.41895 -1577.63586 350.00082
v 11520.42871 -2249.99365 -419.92691
v 11520.42871 -1577.63684 -419.92691
v 12857.11914 -2249.99268 -419.93430
v 12857.12012 -1577.63586 -419.93430
v 11520.42871 -2249.99365 -419.92691
v 11520.42871 -1577.63684 -419.92691
v 7669.99902 -2249.99951 -149.99911
v 7669.99951 -2249.99951 350.00110
v 7669.99902 -1532.93530 -149.99921
v 7669.99951 -1532.93530 350.00110
v 7669.99951 -1532.93530 350.00110
v 7730.00586 -1449.99988 -112.49521
v 7730.00586 -1450.00000 312.49731
v 8470.00000 -1532.93555 350.00110
v 8409.99316 -1450.00000 312.49731
v 7669.99951 -1532.93530 350.00110
v 7730.00586 -1450.00000 312.49731
v 7669.99951 -1532.93530 350.00110
v 8469.99902 -2250.00000 350.00110
v 4550.02637 -2250.00000 649.99988
v 4424.80957 -2249.99780 350.00018
v 1202.60034 -2249.99951 649.80371
v 1249.99768 -2250.00000 349.99988
v 4871.53955 -2250.00000 649.99988
v 4736.20215 -2249.99756 350.00031
v 6389.82617 -2249.99634 350.00040
v 6405.98682 -2250.00000 649.99988
v 6967.49756 -2249.99585 350.00049
v 6966.61230 -2250.00000 649.99988
v 11660.00000 -2250.00000 649.99988
v 11520.41797 -2249.99268 350.00089
v 13754.94531 -2250.00000 -937.26233
v 13891.70313 -2250.00000 -637.26245
v -7717.28223 -2250.00000 -4283.01660
v -10978.12598 -2250.00000 -4283.01660
v -7783.24023 -2250.00000 -3974.66211
v -10978.93164 -2250.00000 -3974.66211
v -725.52051 -2249.99780 -244.40472
v -1020.65845 -2250.00000 -68.39288
v -833.55493 -2250.00000 -1580.79102
v -704.09473 -2249.99780 -1839.64160
v -9266.50781 -2250.00000 -6263.72119
v -9117.71094 -2250.00000 -6538.94043
v 10026.27930 930.00000 1004.80597
v 10026.27930 930.00000 905.78467
v 10026.28027 730.00000 905.78467
v 10026.28027 730.00000 1574.21545
v 10026.27930 930.00000 1574.21545
v 10026.27930 930.00000 1475.19397
v 8990.52051 730.00000 815.00012
v 8990.52051 730.00000 1664.99988
v 9203.02051 730.00000 905.78467
v 9203.02051 730.00000 1574.21533
v 9203.02051 730.00000 905.78467
v 9203.02051 930.00000 905.78467
v 9203.02051 930.00000 1574.21533
v 9203.02051 930.00000 905.78467
v 9362.39551 930.00000 1004.80603
v 9362.39551 930.00000 1475.19397
v 9362.39551 930.00000 1004.80603
v 9362.39551 1130.00000 1004.80597
v 9362.39551 1130.00000 1475.19397
v 9754.76172 730.00000 815.00012
v 9754.76172 730.00000 905.78467
v 9754.76172 730.00000 1664.99988
v 9754.76172 730.00000 1574.21533
v 9754.76172 730.00000 905.78467
v 9754.76172 930.00000 905.78467
v 9754.76172 930.00000 1574.21533
v 9203.02051 730.00000 1574.21533
v 9203.02051 930.00000 1574.21533
v 9754.76172 930.00000 1004.80597
v 9754.76172 930.00000 1475.19397
v 9754.76172 930.00000 1004.80597
v 9362.39551 930.00000 1004.80603
v 9754.76172 1130.00000 1004.80597
v 9754.76172 1130.00000 1475.19397
v 10026.27930 930.00000 1475.19397
v 10026.27930 1130.00000 1475.19397
v 10026.27930 930.00000 1004.80597
v 10026.27930 1130.00000 1004.80597
v 10418.64551 930.00000 1004.80597
v 10418.64551 1130.00000 1004.80597
v 10418.64551 1130.00000 1475.19397
v 10026.27930 1130.00000 1475.19397
v 10418.64551 930.00000 1475.19397
v 10578.02051 930.00000 905.78467
v 10418.64551 930.00000 1004.80597
v 10026.27930 930.00000 1004.80597
v 10578.02051 930.00000 1574.21533
v 10578.02051 730.00000 905.78467
v 10578.02051 930.00000 905.78467
v 10026.27930 930.00000 1574.21545
v 10578.02051 730.00000 1574.21533
v 10790.52051 730.00000 815.00006
v 10026.27930 730.00000 815.00006
v 10578.02051 730.00000 905.78467
v 10026.28027 730.00000 905.78467
v 10790.52051 730.00000 1664.99988
v 10026.27930 730.00000 1664.99988
v 8990.52051 -2250.00000 815.00012
v 8990.52051 -2250.00000 1664.99988
v 8990.52051 730.00000 815.00012
v 8990.52051 730.00000 1664.99988
v 9754.76172 -2250.00000 815.00012
v 9754.76172 730.00000 815.00012
v 9754.76172 -2250.00000 1664.99988
v 9754.76172 730.00000 1664.99988
v 8990.52051 730.00000 1664.99988
v 10026.27930 730.00000 815.00006
v 10026.27930 -2250.00000 814.99976
v 10026.28027 730.00000 905.78467
v 10026.27930 -2250.00000 905.78467
v 10026.27930 -2250.00000 1574.21533
v 10026.27930 -2250.00000 1664.99988
v 10026.28027 730.00000 1574.21545
v 10026.27930 730.00000 1664.99988
v 10790.52051 -2249.99976 815.00006
v 10790.52051 730.00000 815.00006
v 10790.52051 730.00000 1664.99988
v 10790.52051 -2250.00000 1664.99988
v 9754.76172 -2250.00000 1574.21533
v 10026.27930 -2250.00000 1574.21533
v 9754.76172 730.00000 1574.21533
v 10026.28027 730.00000 1574.21545
v 9754.76172 -2250.00000 905.78467
v 9754.76172 730.00000 905.78467
v 10026.27930 -2250.00000 905.78467
v 10026.28027 730.00000 905.78467
v 9362.39551 1130.00000 1004.80597
v 9362.39551 1130.00000 1475.19397
v 9754.76172 1130.00000 1004.80597
v 9754.76172 1130.00000 1475.19397
v 9754.76172 730.00000 905.78467
v 9754.76172 730.00000 1574.21533
v 10026.28027 730.00000 905.78467
v 10026.28027 730.00000 1574.21545
v 10418.64551 1130.00000 1004.80597
v 10026.27930 1130.00000 1004.80597
v 10418.64551 1130.00000 1475.19397
v 10026.27930 1130.00000 1475.19397
v 14557.95898 -1449.99988 -7977.50928
v 13247.31543 -1449.99988 -8895.23145
v 14557.95898 -2249.99976 -7977.50879
v 13247.31641 -2249.99976 -8895.23145
v 14844.74707 -1449.99988 -8387.08496
v 13534.10352 -1449.99988 -9304.80762
v 2282.23730 -253.81775 -3879.41479
v 2282.23730 -144.00977 -3879.41504
v 1383.18225 -253.81775 -3879.41504
v 1383.18225 -144.00977 -3879.41504
v 2282.23730 -253.81799 -4312.85791
v 2282.23730 -144.01025 -4312.85791
v -9423.76074 -1879.99988 -6892.13184
v -9940.67285 -1879.99988 -6083.18164
v -9002.43164 -1880.00000 -6622.90674
v -9519.34473 -1879.99988 -5813.95605
v -9002.43164 -2250.00000 -6622.90674
v -9519.34473 -2250.00000 -5813.95605
v 11854.98340 -254.18286 7184.68652
v 11854.98340 1664.83691 7184.68652
v 11739.00488 -254.18286 6393.13867
v 11739.00488 1664.83691 6393.13867
v 12728.44043 -254.18286 6248.16602
v 12728.44043 1664.83691 6248.16602
v 11739.00488 1664.83691 6393.13867
v 11854.98340 1664.83691 7184.68652
v 12291.71191 2275.38867 6716.42627
v 11739.00488 1664.83691 6393.13867
v 12728.44043 1664.83691 6248.16602
v 5383.95508 -2249.99951 5026.16016
v 5383.95605 -2250.00000 6626.15967
v 5383.95850 -250.00012 6626.16162
v 5383.95605 -250.00012 5026.16162
v 5583.95801 -116.66675 5226.16162
v 5583.95850 -116.66675 6426.16162
v 5583.95850 1216.66650 5226.16162
v 5583.95898 1216.66626 6426.16162
v 7728.62012 -250.00012 4826.16064
v 5583.95508 -2249.99878 4826.16064
v 5583.95508 -250.00012 4826.16064
v 5583.95801 -2250.00000 6826.15967
v 7728.62305 -2250.00000 6826.15967
v 5583.95850 -250.00024 6826.16162
v 7528.62354 1216.66650 5026.16162
v 5783.95508 -116.66675 5026.16162
v 5783.95850 1216.66650 5026.16162
v 5783.95850 -116.66675 6626.16162
v 7528.62354 -116.66675 6626.16162
v 5783.95850 1216.66626 6626.16162
v 7528.62012 -116.66675 5026.16162
v 7528.62354 1216.66626 6626.16162
v 7728.61963 -2250.00000 4826.16064
v 7728.62354 -250.00024 6826.16162
v 7728.62305 -116.66675 6426.16162
v 7728.62305 -116.66675 5226.16162
v 7728.62354 1216.66626 6426.16162
v 7728.62305 1216.66650 5226.16162
v 7928.62305 -250.00012 5026.16162
v 7928.62305 -250.00024 6626.16162
v 7928.61963 -2250.00000 5026.16016
v 7928.62305 -2250.00000 6626.15967
v -2844.59961 -2250.00000 -2603.04712
v -2412.21411 -2250.00000 -2603.04712
v -2844.60034 1535.82056 -2603.04688
v -2412.21484 1535.82056 -2603.04688
v -2158.73315 -2250.00000 -2973.05396
v -2412.21484 1535.82056 -2603.04688
v -2158.73364 1535.82056 -2973.05371
v 8050.82422 -2249.99951 -1564.67822
v 8300.23828 -2249.99951 -1132.67688
v 8050.82178 -250.61877 -1564.67261
v 8300.23828 -250.61877 -1132.67456
v 8799.07031 -2249.99976 -1132.67993
v 8799.07031 -250.61902 -1132.67786
v 8300.23828 -250.61877 -1132.67456
v 5383.95605 -250.00012 5026.16162
v 5383.95850 -250.00012 6626.16162
v 5583.95801 -116.66675 5226.16162
v 5583.95850 -116.66675 6426.16162
v 5383.95605 -250.00012 5026.16162
v 5583.95801 -116.66675 5226.16162
v 5583.95508 -250.00012 4826.16064
v 5783.95508 -116.66675 5026.16162
v 5583.95850 -250.00024 6826.16162
v 5783.95850 -116.66675 6626.16162
v 7728.62012 -250.00012 4826.16064
v 7528.62012 -116.66675 5026.16162
v 7728.62354 -250.00024 6826.16162
v 7528.62354 -116.66675 6626.16162
v 7728.62012 -250.00012 4826.16064
v 7528.62012 -116.66675 5026.16162
v 7928.62305 -250.00012 5026.16162
v 7728.62305 -116.66675 5226.16162
v 7928.62305 -250.00024 6626.16162
v 7728.62305 -116.66675 6426.16162
v 7928.62305 -250.00012 5026.16162
v 7728.62305 -116.66675 5226.16162
v 7547.01416 -950.00012 4388.69482
v 7620.22021 -950.00018 4661.89941
v 7751.91846 -816.66675 4333.79150
v 7825.12500 -816.66675 4606.99414
v 7620.22021 -950.00018 4661.89941
v 8404.15039 -950.00012 5114.49951
v 7825.12500 -816.66675 4606.99414
v 8349.24707 -816.66675 4909.59570
v 9047.01367 -950.00012 1790.61877
v 9101.91895 -816.66675 1995.52307
v 8677.35547 -950.00024 5041.29395
v 8622.45215 -816.66675 4836.39014
v 9320.22168 -950.00012 1717.41150
v 9375.12500 -816.66675 1922.31531
v 10177.35547 -950.00024 2443.21802
v 9947.45215 -816.66675 2541.42310
v 9320.22168 -950.00012 1717.41150
v 9375.12500 -816.66675 1922.31531
v 10104.15039 -950.00024 2170.01294
v 9899.24707 -816.66675 2224.91675
v 5583.95508 -250.00012 4826.16064
v 5583.95508 -2249.99878 4826.16064
v 5383.95605 -250.00012 5026.16162
v 5383.95508 -2249.99951 5026.16016
v 5583.95801 -2250.00000 6826.15967
v 5583.95850 -250.00024 6826.16162
v 5383.95605 -2250.00000 6626.15967
v 5383.95850 -250.00012 6626.16162
v 5583.95898 1216.66626 6426.16162
v 5583.95898 1483.33337 6426.16162
v 5583.95850 1216.66650 5226.16162
v 5583.95850 1483.33337 5226.16162
v 5783.95508 -116.66675 5026.16162
v 5583.95801 -116.66675 5226.16162
v 5783.95850 1216.66650 5026.16162
v 5583.95850 1216.66650 5226.16162
v 5583.95850 -116.66675 6426.16162
v 5783.95850 -116.66675 6626.16162
v 5583.95898 1216.66626 6426.16162
v 5783.95850 1216.66626 6626.16162
v 5583.95850 1216.66650 5226.16162
v 5583.95850 1483.33337 5226.16162
v 5783.95850 1216.66650 5026.16162
v 5783.95850 1483.33325 5026.16162
v 5783.95850 1216.66626 6626.16162
v 5783.95898 1483.33325 6626.16162
v 7528.62354 1216.66626 6626.16162
v 7528.62354 1483.33325 6626.16162
v 7528.62354 1216.66650 5026.16162
v 7528.62305 1483.33325 5026.16162
v 7728.62305 -116.66675 5226.16162
v 7528.62012 -116.66675 5026.16162
v 7728.62305 1216.66650 5226.16162
v 7528.62354 1216.66650 5026.16162
v 7528.62354 -116.66675 6626.16162
v 7728.62305 -116.66675 6426.16162
v 7528.62354 1216.66626 6626.16162
v 7728.62354 1216.66626 6426.16162
v 7728.62305 1216.66650 5226.16162
v 7528.62354 1216.66650 5026.16162
v 7728.62305 1483.33337 5226.16162
v 7528.62305 1483.33325 5026.16162
v 7728.62354 1216.66626 6426.16162
v 7728.62354 1483.33337 6426.16162
v 7728.62305 1216.66650 5226.16162
v 7728.62354 1483.33337 6426.16162
v 7728.62305 1483.33337 5226.16162
v 7728.62012 -250.00012 4826.16064
v 7928.62305 -250.00012 5026.16162
v 7728.61963 -2250.00000 4826.16064
v 7928.61963 -2250.00000 5026.16016
v 7728.62305 -2250.00000 6826.15967
v 7928.62305 -2250.00000 6626.15967
v 7728.62354 -250.00024 6826.16162
v 7928.62305 -250.00024 6626.16162
v 7547.01367 -2249.99878 4388.69531
v 7620.21826 -2249.99951 4661.89990
v 7547.01416 -950.00012 4388.69482
v 7620.22021 -950.00018 4661.89941
v 9047.01367 -950.00012 1790.61877
v 9320.22168 -950.00012 1717.41150
v 9047.01367 -2250.00000 1790.61926
v 9320.21777 -2250.00000 1717.41370
v 2282.23730 -2250.00000 -3879.41504
v 2282.23730 -2250.00000 -4312.85791
v 2282.23730 -253.81775 -3879.41479
v 2282.23730 -253.81799 -4312.85791
v 1383.18237 -2250.00000 -3879.41504
v 2282.23730 -2250.00000 -3879.41504
v 1383.18225 -253.81775 -3879.41504
v 2282.23730 -253.81775 -3879.41479
v 2282.23730 -144.01025 -4312.85791
v 1383.18225 -144.01025 -4312.85791
v 2282.23730 -144.00977 -3879.41504
v 1383.18225 -144.00977 -3879.41504
v 7730.00586 -1449.99988 -112.49521
v 7730.00586 -1450.00000 312.49731
v 8409.99316 -1449.99988 -112.49539
v 8409.99316 -1450.00000 312.49731
v -2412.21484 1535.82056 -2603.04688
v -2448.80908 1610.87683 -2652.45630
v -2844.60034 1535.82056 -2603.04688
v -2816.07373 1610.87683 -2652.45654
v -2158.73364 1535.82056 -2973.05371
v -2207.59058 1610.87683 -2994.00098
v 10112.28809 2641.79199 1255.55200
v 10168.78418 2641.79199 1353.40625
v 10155.18164 2761.15088 1255.55151
v 10190.23145 2761.15088 1316.25952
v 10168.78516 2641.79199 1157.69714
v 10190.23145 2761.15088 1194.84351
v 10155.18164 2761.15112 1255.55151
v 10190.23145 2761.15088 1194.84351
v 10204.24414 3948.07568 1219.11475
v 10183.20703 3948.07568 1255.55151
v 10204.24414 3948.07568 1291.98828
v 10168.78516 2641.79199 1157.69714
v 10190.23145 2761.15088 1194.84351
v 10281.77734 2641.79199 1157.69751
v 10260.33105 2761.15088 1194.84363
v 10168.78418 2641.79199 1353.40625
v 10281.77734 2641.79199 1353.40576
v 10190.23145 2761.15088 1316.25952
v 10260.33105 2761.15088 1316.25964
v 10246.31738 3948.07568 1219.11475
v 10204.24414 3948.07568 1219.11475
v 10246.31738 3948.07568 1291.98840
v 10041.72559 2266.32715 1938.59790
v 9541.72656 2266.32666 1072.57202
v 9971.66309 1566.32715 1817.24487
v 9611.78906 1566.32666 1193.92480
v 10477.81543 1566.32666 693.92456
v 10407.75195 2266.32666 572.57178
v 10106.52637 2266.30371 1050.83411
v 9988.31445 2266.30371 1255.58435
v 10131.54980 2642.43115 1094.17505
v 10038.36035 2642.43115 1255.58423
v 9988.31445 2266.30371 1255.58435
v 10106.52734 2266.30371 1460.33472
v 10038.36035 2642.43115 1255.58423
v 10131.54980 2642.43115 1416.99390
v 10342.95215 2266.30371 1050.83411
v 10317.92969 2642.43115 1094.17493
v 10106.52734 2266.30371 1460.33472
v 10342.95215 2266.30371 1460.33508
v 10131.54980 2642.43115 1416.99390
v 10317.92871 2642.43115 1416.99438
v 7375.39941 1939.83276 3087.17798
v 7375.39941 1939.83276 3478.68896
v 7437.64209 2119.22168 3123.11255
v 7437.64551 2119.22168 3442.75195
v 7375.39941 1939.83276 3087.17798
v 7437.64209 2119.22168 3123.11255
v 7714.45801 1939.83276 2891.42188
v 7714.45752 2119.22168 2963.29321
v 7375.39941 1939.83276 3478.68896
v 7714.45801 1939.83276 3674.44482
v 7437.64551 2119.22168 3442.75195
v 7714.45801 2119.22168 3602.56689
v 7714.45801 1939.83276 3674.44482
v 8053.51660 1939.83276 3478.68945
v 7714.45801 2119.22168 3602.56689
v 7991.27051 2119.22168 3442.74951
v 8053.51660 1939.83276 3087.17798
v 7714.45801 1939.83276 2891.42188
v 7991.27490 2119.22168 3123.11597
v 7714.45752 2119.22168 2963.29321
v 8053.51660 1939.83276 3087.17798
v 7991.27490 2119.22168 3123.11597
v 8053.51660 1939.83276 3478.68945
v 7991.27051 2119.22168 3442.74951
v 7375.39893 1596.46411 3087.17798
v 7375.39941 1596.46423 3478.68896
v 7375.39941 1939.83276 3087.17798
v 7375.39941 1939.83276 3478.68896
v 7714.45752 1596.46411 2891.42188
v 7375.39893 1596.46411 3087.17798
v 7714.45801 1939.83276 2891.42188
v 7375.39941 1939.83276 3087.17798
v 7375.39941 1596.46423 3478.68896
v 7714.45801 1596.46423 3674.44482
v 7375.39941 1939.83276 3478.68896
v 7714.45801 1939.83276 3674.44482
v 8053.51611 1596.46411 3087.17798
v 7714.45752 1596.46411 2891.42188
v 8053.51660 1939.83276 3087.17798
v 7714.45801 1939.83276 2891.42188
v 7714.45801 1596.46423 3674.44482
v 8053.51611 1596.46423 3478.68945
v 7714.45801 1939.83276 3674.44482
v 8053.51660 1939.83276 3478.68945
v 8053.51611 1596.46423 3478.68945
v 8053.51611 1596.46411 3087.17798
v 8053.51660 1939.83276 3478.68945
v 8053.51660 1939.83276 3087.17798
v 7375.39893 1529.07385 3087.17798
v 7375.39893 1529.07397 3478.68896
v 7375.39893 1596.46411 3087.17798
v 7375.39941 1596.46423 3478.68896
v 7714.45752 1529.07385 2891.42188
v 7375.39893 1529.07385 3087.17798
v 7714.45752 1596.46411 2891.42188
v 7375.39893 1596.46411 3087.17798
v 7375.39893 1529.07397 3478.68896
v 7714.45752 1529.07397 3674.44482
v 7375.39941 1596.46423 3478.68896
v 7714.45801 1596.46423 3674.44482
v 8053.51611 1529.07385 3087.17798
v 7714.45752 1529.07385 2891.42188
v 8053.51611 1596.46411 3087.17798
v 7714.45752 1596.46411 2891.42188
v 7714.45752 1529.07397 3674.44482
v 8053.51611 1529.07397 3478.68945
v 7714.45801 1596.46423 3674.44482
v 8053.51611 1596.46423 3478.68945
v 8053.51611 1529.07397 3478.68945
v 8053.51611 1529.07385 3087.17798
v 8053.51611 1596.46423 3478.68945
v 8053.51611 1596.46411 3087.17798
v 7375.39844 -2250.07617 3087.17773
v 7375.39844 -2250.07617 3478.68896
v 7375.39893 1529.07385 3087.17798
v 7375.39893 1529.07397 3478.68896
v 7714.45703 -2250.07617 2891.42188
v 7714.45752 1529.07385 2891.42188
v 7375.39893 1529.07385 3087.17798
v 7714.45703 -2250.07617 3674.44482
v 7375.39893 1529.07397 3478.68896
v 7714.45752 1529.07397 3674.44482
v 8053.51563 -2250.07617 3087.17773
v 8053.51611 1529.07385 3087.17798
v 7714.45752 1529.07385 2891.42188
v 8053.51563 -2250.07617 3478.68945
v 7714.45752 1529.07397 3674.44482
v 8053.51611 1529.07397 3478.68945
v 8053.51611 1529.07397 3478.68945
v 8053.51611 1529.07385 3087.17798
v 8122.69727 381.50671 -28.34596
v 8330.54199 141.50684 -388.34598
v 8415.21094 381.50671 140.53722
v 8623.05566 141.50684 -219.46278
v 8330.54199 1101.50671 -388.34628
v 8122.69727 861.50684 -28.34619
v 8623.05664 1101.50671 -219.46303
v 8415.21094 861.50684 140.53714
v 7238.28711 861.50629 -185.18806
v 7446.13330 621.50629 -545.18823
v 7530.80078 861.50629 -16.30489
v 7738.64795 621.50629 -376.30490
v 7446.13330 1581.50623 -545.18842
v 7238.28711 1341.50647 -185.18822
v 7738.64697 1581.50623 -376.30508
v 7530.80176 1341.50647 -16.30503
v 6592.97119 381.50659 -670.18378
v 6800.81689 141.50647 -1030.18396
v 6885.48535 381.50659 -501.30048
v 7093.33154 141.50647 -861.30072
v 6800.81787 1101.50659 -1030.18408
v 6592.97119 861.50671 -670.18390
v 7093.33154 1101.50659 -861.30084
v 6885.48535 861.50684 -501.30069
v 8122.69727 861.50684 -28.34619
v 8122.69727 381.50671 -28.34596
v 8415.21094 861.50684 140.53714
v 8415.21094 381.50671 140.53722
v 7238.28711 1341.50647 -185.18822
v 7238.28711 861.50629 -185.18806
v 7530.80176 1341.50647 -16.30503
v 7530.80078 861.50629 -16.30489
v 6592.97119 861.50671 -670.18390
v 6592.97119 381.50659 -670.18378
v 6885.48535 861.50684 -501.30069
v 6885.48535 381.50659 -501.30048
v 8330.54199 141.50684 -388.34598
v 8538.38965 381.50659 -748.34546
v 8538.38965 141.50684 -748.34546
v 8538.38965 621.50677 -748.34546
v 8538.38965 861.50659 -748.34546
v 8746.00586 621.94873 -1107.94849
v 8830.90527 381.50659 -579.46222
v 8623.05566 141.50684 -219.46278
v 8830.90430 141.50684 -579.46222
v 8830.90430 861.50659 -579.46222
v 8830.90430 621.50677 -579.46222
v 9038.52051 621.94873 -939.06525
v 7446.13330 621.50629 -545.18823
v 7653.97949 861.50623 -905.18750
v 7653.97949 621.50629 -905.18750
v 7653.97998 1101.50659 -905.18756
v 7653.97998 1341.50623 -905.18756
v 7861.59766 1101.94849 -1264.79053
v 7946.49463 861.50629 -736.30426
v 7738.64795 621.50629 -376.30490
v 7946.49463 621.50629 -736.30432
v 7946.49414 1341.50623 -736.30444
v 7946.49414 1101.50659 -736.30444
v 8154.11133 1101.94849 -1095.90747
v 6800.81689 141.50647 -1030.18396
v 7008.66406 381.50647 -1390.18335
v 7008.66406 141.50647 -1390.18335
v 7008.66406 621.50659 -1390.18335
v 7008.66406 861.50659 -1390.18323
v 7216.28125 621.94861 -1749.78625
v 7301.17920 381.50647 -1221.30017
v 7093.33154 141.50647 -861.30072
v 7301.17871 141.50647 -1221.30017
v 7301.17822 861.50659 -1221.30017
v 7301.17871 621.50659 -1221.30017
v 7508.79541 621.94873 -1580.90308
v 8330.54199 141.50684 -388.34598
v 8538.38965 141.50684 -748.34546
v 8330.54199 -2250.14771 -388.34586
v 8746.00586 -2249.86401 -1107.94836
v 8538.38965 381.50659 -748.34546
v 8746.00586 621.94873 -1107.94849
v 8538.38965 621.50677 -748.34546
v 8830.90430 141.50684 -579.46222
v 8623.05566 141.50684 -219.46278
v 8623.05664 -2250.14771 -219.46252
v 9038.52051 -2249.86401 -939.06506
v 9038.52051 621.94873 -939.06525
v 8830.90527 381.50659 -579.46222
v 8830.90430 621.50677 -579.46222
v 8623.05566 141.50684 -219.46278
v 8330.54199 141.50684 -388.34598
v 8330.54199 -2250.14771 -388.34586
v 7446.13330 621.50629 -545.18823
v 7653.97949 621.50629 -905.18750
v 7446.13281 -2250.14771 -545.18781
v 7861.59766 -2249.86401 -1264.79041
v 7653.97949 861.50623 -905.18750
v 7861.59766 1101.94849 -1264.79053
v 7653.97998 1101.50659 -905.18756
v 7946.49463 621.50629 -736.30432
v 7738.64795 621.50629 -376.30490
v 7738.64697 -2250.14771 -376.30469
v 8154.11133 -2249.86401 -1095.90735
v 8154.11133 1101.94849 -1095.90747
v 7946.49463 861.50629 -736.30426
v 7946.49414 1101.50659 -736.30444
v 7738.64795 621.50629 -376.30490
v 7446.13330 621.50629 -545.18823
v 7446.13281 -2250.14771 -545.18781
v 6800.81689 141.50647 -1030.18396
v 7008.66406 141.50647 -1390.18335
v 6800.81689 -2250.14771 -1030.18372
v 7216.28125 -2249.86401 -1749.78625
v 7008.66406 381.50647 -1390.18335
v 7216.28125 621.94861 -1749.78625
v 7008.66406 621.50659 -1390.18335
v 7301.17871 141.50647 -1221.30017
v 7093.33154 141.50647 -861.30072
v 7093.33154 -2250.14771 -861.30035
v 7508.79541 -2249.86401 -1580.90295
v 7508.79541 621.94873 -1580.90295
v 7301.17920 381.50647 -1221.30017
v 7301.17871 621.50659 -1221.30017
v 7093.33154 141.50647 -861.30072
v 6800.81689 141.50647 -1030.18396
v 6800.81689 -2250.14771 -1030.18372
v 8091.33887 482.27838 -247.99413
v 8091.33887 760.73523 -247.99417
v 8211.91309 621.50677 -456.83670
v 8211.91309 343.05011 -456.83661
v 8211.91309 899.96320 -456.83682
v 8332.48730 760.73499 -665.67975
v 8332.48828 482.27820 -665.67926
v 8621.11133 760.73529 57.87075
v 8621.11133 482.27838 57.87085
v 8741.68652 621.50677 -150.97176
v 8741.68652 343.05011 -150.97168
v 8741.68652 899.96326 -150.97180
v 8862.26172 482.27838 -359.81427
v 8862.26270 760.73499 -359.81372
v 8830.90527 381.50659 -579.46222
v 8830.90430 861.50659 -579.46222
v 8122.69727 381.50671 -28.34596
v 8122.69727 861.50684 -28.34619
v 8091.33887 482.27838 -247.99413
v 8091.33887 760.73523 -247.99417
v 8122.69727 381.50671 -28.34596
v 8091.33887 482.27838 -247.99413
v 8330.54199 141.50684 -388.34598
v 8211.91309 343.05011 -456.83661
v 8122.69727 861.50684 -28.34619
v 8330.54199 1101.50671 -388.34628
v 8211.91309 899.96326 -456.83682
v 8538.38965 861.50659 -748.34546
v 8330.54199 141.50684 -388.34598
v 8211.91309 343.05011 -456.83661
v 8538.38965 381.50659 -748.34546
v 8332.48828 482.27820 -665.67926
v 8538.38965 381.50659 -748.34546
v 8415.21094 861.50684 140.53714
v 8415.21094 381.50671 140.53722
v 8623.05566 141.50684 -219.46278
v 8623.05664 1101.50671 -219.46303
v 7206.92871 962.27808 -404.83612
v 7206.92920 1240.73499 -404.83618
v 7327.50439 1101.50671 -613.67865
v 7327.50488 823.04980 -613.67853
v 7327.50488 1379.96301 -613.67877
v 7448.07764 1240.73474 -822.52185
v 7448.07861 962.27789 -822.52118
v 7736.70313 1240.73499 -98.97144
v 7736.70215 962.27808 -98.97141
v 7857.27783 1101.50671 -307.81393
v 7857.27734 823.04980 -307.81390
v 7857.27832 1379.96301 -307.81403
v 7977.85303 962.27808 -516.65649
v 7977.85400 1240.73450 -516.65582
v 7946.49463 861.50629 -736.30426
v 7946.49414 1341.50623 -736.30444
v 7977.85449 1240.73450 -516.65582
v 7238.28711 861.50629 -185.18806
v 7238.28711 1341.50647 -185.18822
v 7206.92871 962.27808 -404.83612
v 7206.92920 1240.73499 -404.83618
v 7238.28711 861.50629 -185.18806
v 7206.92871 962.27808 -404.83612
v 7446.13330 621.50629 -545.18823
v 7327.50488 823.04980 -613.67853
v 7238.28711 1341.50647 -185.18822
v 7446.13330 1581.50623 -545.18842
v 7446.13330 621.50629 -545.18823
v 7327.50488 823.04980 -613.67853
v 7653.97949 861.50623 -905.18750
v 7448.07861 962.27789 -822.52118
v 7653.97998 1341.50623 -905.18756
v 7653.97949 861.50623 -905.18750
v 7530.80176 1341.50647 -16.30503
v 7530.80078 861.50629 -16.30489
v 7738.64795 621.50629 -376.30490
v 7738.64697 1581.50623 -376.30508
v 7977.85254 962.27808 -516.65649
v 6561.61279 482.27820 -889.83191
v 6561.61279 760.73517 -889.83185
v 6682.18799 621.50659 -1098.67468
v 6682.18799 343.04999 -1098.67456
v 6682.18799 899.96320 -1098.67456
v 6802.76318 482.27808 -1307.51709
v 6802.76221 760.73486 -1307.51758
v 7091.38623 760.73523 -583.96704
v 7091.38623 482.27820 -583.96692
v 7211.96143 621.50659 -792.80957
v 7211.96191 343.04999 -792.80945
v 7211.96191 899.96320 -792.80963
v 7332.53711 482.27820 -1001.65210
v 7332.53809 760.73486 -1001.65155
v 7301.17920 381.50647 -1221.30017
v 7301.17822 861.50659 -1221.30017
v 6592.97119 381.50659 -670.18378
v 6592.97119 861.50671 -670.18390
v 6561.61279 482.27820 -889.83191
v 6561.61279 760.73523 -889.83191
v 6592.97119 381.50659 -670.18378
v 6561.61279 482.27820 -889.83191
v 6800.81689 141.50647 -1030.18396
v 6682.18799 343.04999 -1098.67456
v 6592.97119 861.50671 -670.18390
v 6800.81787 1101.50659 -1030.18408
v 6800.81689 141.50647 -1030.18396
v 6682.18799 343.04999 -1098.67456
v 7008.66406 381.50647 -1390.18335
v 6802.76318 482.27808 -1307.51709
v 7008.66406 861.50659 -1390.18323
v 7008.66406 381.50647 -1390.18335
v 6885.48535 861.50684 -501.30069
v 6885.48535 381.50659 -501.30048
v 7093.33154 141.50647 -861.30072
v 7093.33154 1101.50659 -861.30084
v 7614.67139 -2250.00366 -2540.10791
v 7614.66943 -2250.00415 -2340.57544
v 7614.67188 1244.33057 -2540.10815
v 7614.67090 1244.33057 -2340.57617
v 7614.67188 -2250.00244 -2839.40894
v 7614.67139 -2250.00269 -2639.87476
v 7614.67334 1244.33154 -2839.40723
v 7614.67139 1244.33179 -2639.87695
v 7711.33740 -2250.00391 -2173.14185
v 7884.13721 -2250.00317 -2073.37720
v 7711.33545 1244.33081 -2173.14502
v 7884.13672 1244.33105 -2073.37939
v 7808.00293 1244.33203 -2340.57715
v 7808.00342 2898.39600 -2340.57715
v 7808.00439 1244.33179 -2540.10938
v 7808.00195 2898.39502 -2540.12354
v 7808.00586 1244.33276 -2839.40845
v 7808.00488 1244.33179 -2639.87646
v 7808.00586 2898.39648 -2839.40845
v 7808.00195 2898.39502 -2639.73486
v 7808.00293 1244.33203 -2340.57715
v 7980.80322 1244.33203 -2240.81079
v 7808.00342 2898.39600 -2340.57715
v 7980.84473 2898.39551 -2240.78735
v 7908.80469 2937.39697 -2639.73438
v 7908.80469 3548.52637 -2639.73438
v 7908.80176 2937.39648 -2781.21753
v 7908.80176 3548.52539 -2781.21753
v 7908.80371 2937.39551 -2540.12476
v 7908.80420 2937.39551 -2398.77295
v 7908.80371 3548.52637 -2540.12476
v 7908.80420 3548.52637 -2398.77295
v 8031.24414 2937.39551 -2328.08325
v 8031.24414 3548.52637 -2328.08325
v 7908.80420 2937.39551 -2398.77295
v 7908.80420 3548.52637 -2398.77295
v 7970.53613 -2250.00195 -2023.49573
v 8143.33496 -2250.00171 -1923.73071
v 7970.53662 1244.33252 -2023.49609
v 8143.33496 1244.33252 -1923.73071
v 8240.00195 1244.33374 -2091.16309
v 8240.00293 2898.39746 -2091.16284
v 8067.20166 1244.33203 -2190.92920
v 8067.30029 2898.39551 -2190.87305
v 8117.69922 2937.39697 -2278.16870
v 8239.99902 2937.39746 -2207.56274
v 8117.69922 3548.52637 -2278.16870
v 8239.99902 3548.52686 -2207.56274
v 8362.33984 2937.39941 -2278.19653
v 8362.33984 3548.53027 -2278.19653
v 8239.99902 2937.39746 -2207.56274
v 8239.99902 3548.52686 -2207.56274
v 8412.80078 1244.33594 -2190.93555
v 8240.00293 2898.39746 -2091.16284
v 8412.79590 2898.39941 -2190.80200
v 8336.66699 -2250.00049 -1923.73621
v 8509.46484 -2249.99854 -2023.50464
v 8336.66992 1244.33374 -1923.73096
v 8509.46484 1244.33594 -2023.50439
v 8448.79199 2937.39844 -2328.11060
v 8571.19824 2937.40039 -2398.78491
v 8448.79199 3548.52881 -2328.11060
v 8571.19824 3548.52930 -2398.78491
v 8671.99609 1244.33691 -2340.59253
v 8671.99512 2898.40039 -2340.59253
v 8499.19922 1244.33496 -2240.82056
v 8499.24707 2898.39844 -2240.71777
v 8595.86523 -2249.99902 -2073.38818
v 8768.66113 -2249.99756 -2173.16211
v 8595.86523 1244.33496 -2073.38770
v 8768.66211 1244.33716 -2173.16211
v 7808.00635 -2250.00244 -2639.87500
v 7808.00586 -2250.00244 -2540.10791
v 7808.00635 1244.33167 -2639.87646
v 7808.00635 1244.33154 -2540.10938
v 7908.80469 2937.39697 -2639.73438
v 7908.80371 2937.39551 -2540.12476
v 7908.80469 3548.52637 -2639.73438
v 7908.80371 3548.52637 -2540.12476
v 7908.80518 1244.33911 -2639.73462
v 7908.80420 1244.33789 -2540.12524
v 7908.80371 2898.39697 -2639.73608
v 7908.80371 2898.39551 -2540.12476
v 7980.80273 -2250.00220 -2240.81055
v 8067.20264 -2250.00220 -2190.92725
v 7980.80322 1244.33203 -2240.81079
v 8067.20166 1244.33203 -2190.92920
v 8031.24316 1244.33813 -2328.08301
v 8117.69971 1244.33936 -2278.16675
v 8031.24414 2898.39551 -2328.08325
v 8117.69922 2898.39697 -2278.16870
v 8031.24414 2937.39551 -2328.08325
v 8117.69922 2937.39697 -2278.16870
v 8031.24414 3548.52637 -2328.08325
v 8117.69922 3548.52637 -2278.16870
v 8362.33887 1244.34155 -2278.19653
v 8448.79199 1244.34131 -2328.10864
v 8362.33984 2898.39941 -2278.19653
v 8448.79199 2898.39844 -2328.11060
v 8362.33984 2937.39941 -2278.19653
v 8448.79199 2937.39844 -2328.11060
v 8362.33984 3548.53027 -2278.19653
v 8448.79199 3548.52881 -2328.11060
v 8412.79980 -2249.99854 -2190.93555
v 8499.19922 -2249.99902 -2240.81836
v 8412.80078 1244.33594 -2190.93555
v 8499.19922 1244.33496 -2240.82056
v 7808.00391 -2250.00269 -2340.57568
v 7808.00293 1244.33203 -2340.57715
v 7614.66943 -2250.00415 -2340.57544
v 7614.67090 1244.33057 -2340.57617
v 7808.00439 1244.33179 -2540.10938
v 7808.00586 -2250.00244 -2540.10791
v 7614.67188 1244.33057 -2540.10815
v 7614.67139 -2250.00366 -2540.10791
v 7808.00635 -2250.00244 -2639.87500
v 7808.00635 1244.33167 -2639.87646
v 7614.67236 -2250.00269 -2639.87500
v 7614.67236 1244.33179 -2639.87720
v 7711.33545 1244.33081 -2173.14502
v 7711.33740 -2250.00391 -2173.14185
v 7908.80371 2898.39551 -2540.12476
v 7908.80420 1244.33789 -2540.12524
v 7808.00195 2898.39502 -2540.12354
v 7808.00439 1244.33179 -2540.10938
v 7908.80371 2898.39697 -2639.73608
v 7808.00195 2898.39502 -2639.73486
v 7908.80518 1244.33911 -2639.73462
v 7808.00488 1244.33179 -2639.87646
v 7980.80273 -2250.00220 -2240.81055
v 7980.80322 1244.33203 -2240.81079
v 7884.13721 -2250.00317 -2073.37720
v 7884.13672 1244.33105 -2073.37939
v 8031.24414 2898.39551 -2328.08325
v 7980.84473 2898.39551 -2240.78735
v 8031.24316 1244.33813 -2328.08301
v 7980.80322 1244.33203 -2240.81079
v 8067.20117 1244.33203 -2190.92920
v 8067.20117 -2250.00220 -2190.92725
v 7970.53662 1244.33252 -2023.49609
v 7970.53516 -2250.00195 -2023.49548
v 8117.69922 2898.39697 -2278.16870
v 8117.69971 1244.33936 -2278.16675
v 8067.30029 2898.39551 -2190.87305
v 8067.20166 1244.33203 -2190.92920
v 8240.00000 -2250.00049 -2091.16797
v 8240.00195 1244.33374 -2091.16309
v 8143.33496 -2250.00171 -1923.73071
v 8143.33496 1244.33252 -1923.73071
v 8336.66992 1244.33374 -1923.73096
v 8336.66699 -2250.00049 -1923.73621
v 8362.33984 2898.39941 -2278.19653
v 8412.79590 2898.39941 -2190.80200
v 8362.33887 1244.34155 -2278.19653
v 8412.80078 1244.33594 -2190.93555
v 8412.79980 -2249.99854 -2190.93555
v 8412.80078 1244.33594 -2190.93555
v 8509.46484 -2249.99854 -2023.50464
v 8509.46484 1244.33594 -2023.50439
v 8448.79199 2898.39844 -2328.11060
v 8448.79199 1244.34131 -2328.10864
v 8499.24707 2898.39844 -2240.71777
v 8499.19922 1244.33496 -2240.82056
v 8499.19922 1244.33496 -2240.82056
v 8499.19922 -2249.99902 -2240.81836
v 8595.86523 1244.33496 -2073.38770
v 8595.86523 -2249.99902 -2073.38818
v 7808.00195 2898.39502 -2540.12354
v 7808.00342 2898.39600 -2340.57715
v 7808.00195 2937.39502 -2540.12354
v 7808.00342 2937.39600 -2340.57715
v 7808.00586 2898.39648 -2839.40845
v 7808.00195 2898.39502 -2639.73486
v 7808.00586 2937.39648 -2839.40845
v 7808.00195 2937.39502 -2639.73486
v 7808.00195 2898.39502 -2639.73486
v 7908.80371 2898.39697 -2639.73608
v 7808.00195 2937.39502 -2639.73486
v 7908.80469 2937.39697 -2639.73438
v 7908.80371 2898.39551 -2540.12476
v 7908.80371 2937.39551 -2540.12476
v 7808.00342 2898.39600 -2340.57715
v 7980.84473 2898.39551 -2240.78735
v 7808.00342 2937.39600 -2340.57715
v 7980.84473 2937.39551 -2240.78735
v 7908.80176 3548.52539 -2781.21753
v 7908.80469 3548.52637 -2639.73438
v 7908.80176 3587.52539 -2781.21753
v 7908.80469 3587.52637 -2639.73438
v 7908.80371 2898.39697 -2639.73608
v 7908.80469 2937.39697 -2639.73438
v 7908.80371 3548.52637 -2540.12476
v 7908.80420 3548.52637 -2398.77295
v 7908.80371 3587.52637 -2540.12476
v 7908.80420 3587.52637 -2398.77295
v 7908.80420 3548.52637 -2398.77295
v 8031.24414 3548.52637 -2328.08325
v 7908.80420 3587.52637 -2398.77295
v 8031.24414 3587.52637 -2328.08325
v 8031.24414 2898.39551 -2328.08325
v 8031.24414 2937.39551 -2328.08325
v 8117.69922 2898.39697 -2278.16870
v 8117.69922 2937.39697 -2278.16870
v 8117.69922 3548.52637 -2278.16870
v 8117.69922 3587.52637 -2278.16870
v 8067.30029 2898.39551 -2190.87305
v 8067.30029 2937.39551 -2190.87305
v 8067.30029 2898.39551 -2190.87305
v 8240.00293 2898.39746 -2091.16284
v 8067.30029 2937.39551 -2190.87305
v 8240.00293 2937.39746 -2091.16284
v 8239.99902 3548.52686 -2207.56274
v 8239.99902 3587.52686 -2207.56274
v 8239.99902 3548.52686 -2207.56274
v 8362.33984 3548.53027 -2278.19653
v 8239.99902 3587.52686 -2207.56274
v 8362.33984 3587.53027 -2278.19653
v 8240.00293 2898.39746 -2091.16284
v 8412.79590 2898.39941 -2190.80200
v 8240.00293 2937.39746 -2091.16284
v 8412.79590 2937.39941 -2190.80200
v 8362.33984 2898.39941 -2278.19653
v 8362.33984 2937.39941 -2278.19653
v 8362.33984 2898.39941 -2278.19653
v 8448.79199 2898.39844 -2328.11060
v 8362.33984 2937.39941 -2278.19653
v 8448.79199 2937.39844 -2328.11060
v 8448.79199 3548.52881 -2328.11060
v 8448.79199 3587.52881 -2328.11060
v 8499.24707 2898.39844 -2240.71777
v 8499.24707 2937.39844 -2240.71777
v 8448.79199 2898.39844 -2328.11060
v 8448.79199 2937.39844 -2328.11060
v 8571.19824 3548.52930 -2398.78491
v 8571.19824 3587.52930 -2398.78491
v 8671.99512 2898.40039 -2340.59253
v 8671.99512 2937.40039 -2340.59253
v 7770.99463 -1449.99976 -4225.51025
v 6320.99512 -1449.99976 -4225.51025
v 7770.99463 -2249.99951 -4225.51025
v 6320.99512 -2249.99927 -4225.51025
v 7276.32080 -1499.99207 -1737.50427
v 7536.99365 -1259.99219 -1888.00391
v 6618.75879 -1499.99194 -2887.81348
v 6879.43115 -1259.99207 -3038.31372
v 7536.99365 -1259.99219 -1888.00391
v 7797.65430 -1499.99219 -2038.49731
v 6879.43115 -1259.99207 -3038.31372
v 7140.09229 -1499.99219 -3188.80591
v 6842.55615 -1826.54443 2809.72534
v 7103.22900 -1586.54443 2960.22485
v 7509.97217 -1826.54419 1665.10522
v 7770.64551 -1586.54443 1815.60388
v 7103.22900 -1586.54443 2960.22485
v 7363.89063 -1826.54443 3110.71680
v 7770.64551 -1586.54443 1815.60388
v 8031.30615 -1826.54443 1966.09717
v 6204.42871 -1826.54443 3581.53027
v 6204.42871 -1586.54443 3882.52930
v 7529.40674 -1826.54419 3587.21948
v 7529.40771 -1586.54443 3888.21826
v 6204.42871 -1586.54443 3882.52930
v 6204.42969 -1826.54443 4183.51465
v 7529.40771 -1586.54443 3888.21826
v 7529.40723 -1826.54443 4189.20361
v 6618.75879 -2249.99194 -2887.81372
v 6618.75879 -1499.99194 -2887.81348
v 6791.93164 -2249.99219 -3189.86743
v 6791.93164 -1499.99207 -3189.86743
v 7276.32080 -2249.99194 -1737.50500
v 7276.32080 -1499.99207 -1737.50427
v 7140.09229 -2249.99219 -3188.80591
v 7140.09229 -1499.99219 -3188.80591
v 7624.49365 -2249.99219 -1736.45020
v 7276.32080 -1499.99207 -1737.50427
v 7624.49365 -1499.99207 -1736.45020
v 7797.65430 -2249.99219 -2038.49731
v 7797.65430 -1499.99219 -2038.49731
v 7797.65430 -1499.99219 -2038.49731
v 7624.49365 -1499.99207 -1736.45020
v 6842.55664 -2249.99194 2809.72461
v 7015.72949 -2249.99219 3111.77856
v 6842.55615 -1826.54443 2809.72534
v 7015.72949 -1826.54443 3111.77856
v 7509.97266 -2249.99194 1665.10510
v 7509.97217 -1826.54419 1665.10522
v 6842.55615 -1826.54443 2809.72534
v 7363.89063 -2249.99219 3110.71680
v 7363.89063 -1826.54443 3110.71680
v 7015.72949 -1826.54443 3111.77856
v 7858.14502 -2249.99219 1664.05005
v 7858.14502 -1826.54443 1664.05005
v 8031.30615 -2249.99219 1966.09717
v 7363.89063 -1826.54443 3110.71680
v 8031.30615 -1826.54443 1966.09717
v 6204.42969 -2249.99194 3581.53027
v 6029.42969 -2249.99219 3882.52930
v 6204.42871 -1826.54443 3581.53027
v 6029.42969 -1826.54443 3882.52930
v 6204.42969 -2249.99219 4183.51465
v 6204.42969 -1826.54443 4183.51465
v 6029.42969 -1826.54443 3882.52930
v 7529.40674 -2249.99194 3587.21948
v 7529.40674 -1826.54419 3587.21948
v 6204.42871 -1826.54443 3581.53027
v 7529.40723 -2249.99219 4189.20361
v 6204.42969 -1826.54443 4183.51465
v 7529.40723 -1826.54443 4189.20361
v 7704.40674 -2249.99219 3888.21826
v 7704.40674 -1826.54443 3888.21826
v 8300.23828 -250.61877 -1132.67456
v 8361.94336 -100.61877 -1239.55078
v 8050.82178 -250.61877 -1564.67261
v 8160.82764 -100.61877 -1604.89197
v 8300.23828 -250.61877 -1132.67456
v 8799.07031 -250.61902 -1132.67786
v 8361.94336 -100.61877 -1239.55078
v 8737.36328 -100.61902 -1239.55273
v -11637.44434 -2249.99292 -5457.17920
v -11054.08105 -2249.99268 -6040.54248
v -11581.65723 1974.00684 -5540.89502
v -11104.51270 1974.00684 -6018.03857
v -11425.31250 -2249.99292 -6411.77344
v -11408.15039 1974.00684 -6321.67529
v 12430.45410 468.10840 4805.13525
v 12485.89746 468.10840 4919.29053
v 12430.45410 1731.39502 4805.13525
v 12485.89746 1731.39502 4919.29053
v 12444.67676 468.10840 5075.46777
v 12444.67676 1731.39453 5075.46777
v 12545.46387 468.10840 4751.48682
v 12545.46387 1731.39502 4751.48682
v 12611.93945 468.10840 4604.27441
v 12545.46387 468.10840 4751.48682
v 12611.93945 1731.39453 4604.27441
v 12545.46387 1731.39502 4751.48682
v 12609.97461 500.00024 4299.41211
v 12665.41699 500.00024 4413.56738
v 12609.97461 2013.23145 4299.41211
v 12665.41699 2013.23145 4413.56738
v 12624.19629 500.00024 4569.74463
v 12624.19629 2013.23120 4569.74463
v 12724.98340 500.00024 4245.76367
v 12724.98340 2013.23145 4245.76367
v 12791.45898 500.00024 4098.55127
v 12724.98340 500.00024 4245.76367
v 12791.45898 2013.23120 4098.55127
v 12724.98340 2013.23145 4245.76367
v 12791.46289 468.10840 3788.14502
v 12846.90527 468.10840 3902.30029
v 12791.46289 1731.39502 3788.14502
v 12846.90527 1731.39502 3902.30029
v 12805.68457 468.10840 4058.47754
v 12805.68457 1731.39453 4058.47754
v 12906.47168 468.10840 3734.49658
v 12906.47168 1731.39502 3734.49658
v 12972.94727 468.10840 3587.28394
v 12906.47168 468.10840 3734.49658
v 12972.94727 1731.39453 3587.28394
v 12906.47168 1731.39502 3734.49658
v 6493.79492 -2250.00049 -6343.26904
v 7614.44189 -2250.00049 -6583.07129
v 6493.79492 1167.80908 -6343.26904
v 7614.44189 1167.80908 -6583.07129
v 6293.61426 -2250.00049 -6920.22900
v 6293.61426 1167.80908 -6920.22900
v -9112.21484 -2250.00049 -6516.59912
v -7692.82471 -2250.00049 -5720.14697
v -9112.21484 -290.32947 -6516.59912
v -7692.82471 -290.32947 -5720.14697
v -7290.10107 -2250.00049 -6396.88184
v -7290.10107 -290.32947 -6396.88184
v 10040.05664 -2257.61987 5266.03076
v 10040.05664 -1438.55322 5266.03076
v 9825.84961 -2257.61963 4238.11328
v 9825.84961 -1438.55286 4238.11328
v 10188.30859 -1202.69836 5038.40381
v 10052.68262 -1202.69800 4387.57666
v 10848.30078 -2257.61963 4025.04517
v 10848.30078 -1438.55286 4025.04541
v 10700.04883 -1202.69800 4252.67236
v 11062.50781 -1438.55322 5052.96289
v 10848.30078 -1438.55286 4025.04541
v 10835.67480 -1202.69836 4903.49951
v 10700.04883 -1202.69800 4252.67236
v 11062.50781 -2257.61987 5052.96289
v 9927.83301 -2250.00244 3101.26025
v 9879.06641 -2250.00244 3283.26025
v 9927.83301 666.09973 3101.26025
v 9879.06641 666.09973 3283.26025
v 9927.83301 -2250.00244 3465.26025
v 9927.83301 666.09973 3465.26025
v 10061.06641 -2250.00244 2968.02710
v 10061.06641 666.09973 2968.02710
v 10061.06641 -2250.00244 3598.49365
v 10061.06641 666.09973 3598.49365
v 10243.06641 -2250.00244 2919.26025
v 10243.06641 666.09973 2919.26025
v 10425.06641 -2250.00244 2968.02710
v 10425.06641 666.09973 2968.02710
v 9927.83301 666.09973 3101.26025
v 9879.06641 666.09973 3283.26025
v 9927.83301 2124.27271 3101.26025
v 9879.06641 2124.27271 3283.26025
v 9927.83301 666.09973 3465.26025
v 9927.83301 2124.27271 3465.26025
v 10033.66895 2215.80811 3162.36475
v 10001.27539 2215.80811 3283.26025
v 10033.66895 2215.80811 3404.15601
v 10061.06641 666.09973 2968.02710
v 10061.06641 2124.27271 2968.02710
v 10061.06641 666.09973 3598.49365
v 10061.06641 2124.27271 3598.49365
v 10122.17188 2215.80811 3073.86304
v 10122.17090 2215.80811 3492.65747
v 10001.27539 2215.80811 3283.26025
v 10033.66895 2215.80811 3404.15601
v 10082.30664 2824.51831 3283.26025
v 10103.84473 2824.51831 3363.64038
v 10033.66895 2215.80811 3162.36475
v 10103.84473 2824.51831 3202.88037
v 10122.17188 2215.80811 3073.86304
v 10162.68652 2824.51831 3144.03809
v 10122.17090 2215.80811 3492.65747
v 10162.68652 2824.51831 3422.48242
v 10243.06641 666.09973 2919.26025
v 10243.06641 2124.27271 2919.26050
v 10243.06641 2215.80811 3041.46924
v 10243.06641 2215.80811 3041.46924
v 10243.06641 2824.51831 3122.50049
v 10363.96289 2215.80811 3073.86304
v 10323.44727 2824.51831 3144.03833
v 10425.06641 2124.27271 2968.02710
v 10363.96289 2215.80811 3073.86304
v 10425.06641 666.09973 2968.02710
v 10243.06641 2124.27271 2919.26025

vt 3.37490 -0.12510 
vt 2.99990 -0.12510 
vt 3.37500 -0.18760 
vt 2.99990 -0.18760 
vt 2.62490 -0.12510 
vt 2.62490 -0.18760 
vt 2.24990 -0.12510 
vt 2.24990 -0.18760 
vt 3.74990 -0.12510 
vt 3.75000 -0.18760 
vt 2.99990 -0.25010 
vt 2.62490 -0.25010 
vt 3.37500 -0.25010 
vt 2.24990 -0.25010 
vt 3.74990 -0.25010 
vt 1.87490 -0.12510 
vt 1.87490 -0.18760 
vt 4.12490 -0.12510 
vt 4.12490 -0.18760 
vt 2.99990 -0.31450 
vt 2.62490 -0.31450 
vt 3.37490 -0.31450 
vt 2.24990 -0.31450 
vt 3.75000 -0.31450 
vt 2.99990 -0.37310 
vt 2.62490 -0.37310 
vt 3.37490 -0.37310 
vt 1.87490 -0.25010 
vt 4.12490 -0.25010 
vt 2.24990 -0.37310 
vt 3.74990 -0.37310 
vt 1.87490 -0.31450 
vt 4.12490 -0.31450 
vt 1.87490 -0.37310 
vt 4.12490 -0.37310 
vt 1.49990 -0.12510 
vt 1.49990 -0.18760 
vt 4.49990 -0.12510 
vt 4.49990 -0.18760 
vt 1.49990 -0.25010 
vt 4.49990 -0.25010 
vt 1.49990 -0.31450 
vt 4.49990 -0.31450 
vt 1.49990 -0.37310 
vt 4.49990 -0.37310 
vt 1.12490 -0.31450 
vt 1.12490 -0.37310 
vt 4.87490 -0.31450 
vt 4.87490 -0.37310 
vt 1.12490 -0.25010 
vt 4.87490 -0.25010 
vt 1.12490 -0.18760 
vt 4.87490 -0.18760 
vt 1.12490 -0.12510 
vt 4.87490 -0.12510 
vt 0.74990 -0.31450 
vt 0.74990 -0.37310 
vt 5.24990 -0.31450 
vt 5.24990 -0.37310 
vt 0.74990 -0.25010 
vt 5.24990 -0.25010 
vt 5.43740 -0.31450 
vt 5.43740 -0.37310 
vt 0.37490 -0.31450 
vt 0.37490 -0.37310 
vt 5.62490 -0.31450 
vt 5.62490 -0.37310 
vt 0.75000 -0.18760 
vt 5.24990 -0.18760 
vt 5.81240 -0.31450 
vt 5.81240 -0.37310 
vt 5.43740 -0.25010 
vt 0.00000 -0.31450 
vt 0.00000 -0.37310 
vt 5.99990 -0.31450 
vt 5.99990 -0.37310 
vt 0.37490 -0.25010 
vt 5.62490 -0.25010 
vt 5.81240 -0.25010 
vt 0.00000 -0.25010 
vt 5.99990 -0.25010 
vt 0.74990 -0.12510 
vt 5.24990 -0.12510 
vt 5.43740 -0.18760 
vt 0.37490 -0.18760 
vt 5.62490 -0.18760 
vt 5.81240 -0.18760 
vt 0.00000 -0.18760 
vt 5.99990 -0.18760 
vt 5.43740 -0.12510 
vt 0.37490 -0.12510 
vt 5.62490 -0.12510 
vt 5.81240 -0.12510 
vt 0.00000 -0.12510 
vt 5.99990 -0.12510 
vt 0.00000 1.87690 
vt 0.00000 1.99800 
vt 0.37490 1.87690 
vt 0.37490 1.99800 
vt 5.62490 1.87690 
vt 5.62490 1.99800 
vt 5.99990 1.87690 
vt 5.99990 1.99800 
vt 0.74990 1.87690 
vt 0.74990 1.99800 
vt 5.24990 1.87690 
vt 5.24990 1.99800 
vt 1.12490 1.87690 
vt 1.12490 1.99800 
vt 4.87490 1.87690 
vt 4.87490 1.99800 
vt 1.49990 1.87690 
vt 1.49990 1.99800 
vt 4.49990 1.87690 
vt 4.49990 1.99800 
vt 1.87490 1.87690 
vt 1.87490 1.99800 
vt 4.12490 1.87690 
vt 4.12490 1.99800 
vt 2.24990 1.87690 
vt 2.24990 1.99800 
vt 3.74990 1.87690 
vt 3.74990 1.99800 
vt 2.62490 1.87690 
vt 2.62490 1.99800 
vt 3.37490 1.87690 
vt 3.37490 1.99800 
vt 2.99990 1.87690 
vt 2.99990 1.99800 
vt 0.66010 -0.50200 
vt 0.50190 -0.50200 
vt 0.50190 -0.56260 
vt 0.00190 -0.43760 
vt 0.00190 -0.37700 
vt 0.49800 -0.43760 
vt 0.49800 -0.37700 
vt 0.49800 -0.37700 
vt 0.49800 -0.43760 
vt 0.00190 -0.43760 
vt 0.00190 -0.37700 
vt -0.36130 -5.37700 
vt -0.25190 -5.48640 
vt -0.25190 -5.37700 
vt -0.36130 -5.37700 
vt -0.25190 -5.37700 
vt -0.25190 -5.48640 
vt 0.75190 -1.81450 
vt 0.99800 -1.81450 
vt 0.75190 -1.99810 
vt 0.99800 -1.99810 
vt 0.93350 -1.81450 
vt 0.99800 -1.82430 
vt 0.98820 -1.81450 
vt 0.75190 -1.81450 
vt 0.83200 -1.97660 
vt 0.78510 -1.90040 
vt 0.75190 -1.99810 
vt 0.75190 -1.81450 
vt 0.99800 -1.99810 
vt 0.99800 -1.81450 
vt 0.90820 -1.97270 
vt 0.99800 -1.99810 
vt 0.12100 -1.42190 
vt 0.49800 -1.42000 
vt 0.41600 -1.37700 
vt 0.99800 -1.81450 
vt 0.75190 -1.81450 
vt 0.22260 -1.43560 
vt 0.49800 -1.43560 
vt 0.49990 -0.87510 
vt 0.67960 -0.99810 
vt 0.49990 -0.99810 
vt 1.50190 -1.49810 
vt 1.62300 -1.37510 
vt 1.62300 -1.49810 
vt 1.62300 -1.37510 
vt 1.74800 -1.49810 
vt 1.62300 -1.49810 
vt 1.62300 -1.37510 
vt 1.50190 -1.49810 
vt 1.62300 -1.49810 
vt 1.74800 -1.49810 
vt 1.62300 -1.37510 
vt 0.99990 -0.90240 
vt 0.49990 -0.90240 
vt 0.99990 -0.87700 
vt 0.49990 -0.87700 
vt -0.24990 -0.37700 
vt 0.00000 -0.37700 
vt -0.20070 -0.56060 
vt -0.04780 -0.56060 
vt 0.59170 -0.87700 
vt 0.55270 -0.95120 
vt 0.49990 -0.87700 
vt 0.80850 -0.81260 
vt 0.75190 -0.81260 
vt 0.77920 -0.84970 
vt 0.75190 -0.99810 
vt 0.91010 -0.81260 
vt 0.99800 -0.99810 
vt 0.99800 -0.87900 
vt 0.56050 -0.94150 
vt 0.50190 -0.99610 
vt 0.63670 -0.99810 
vt 0.74800 -0.87510 
vt 0.74800 -0.99810 
vt 0.99800 -0.99810 
vt 0.99800 -0.82430 
vt 0.75190 -0.99810 
vt 0.75190 -0.84770 
vt 1.62300 -1.49810 
vt 1.62300 -1.37510 
vt 1.50190 -1.49810 
vt 1.62300 -1.49810 
vt 1.74800 -1.49810 
vt 1.62300 -1.37510 
vt 1.50190 -1.49810 
vt 1.62300 -1.37510 
vt 1.62300 -1.49810 
vt 1.62300 -1.37510 
vt 1.74800 -1.49810 
vt 1.62300 -1.49810 
vt 1.62300 -1.37510 
vt 1.50190 -1.49810 
vt 1.62300 -1.49810 
vt 1.74800 -1.49810 
vt 1.62300 -1.37510 
vt 1.62300 -1.37510 
vt 1.74800 -1.49810 
vt 1.62300 -1.49810 
vt 1.50190 -1.49810 
vt 1.62300 -1.37510 
vt 0.75190 -0.99810 
vt 0.81240 -0.84970 
vt 0.82610 -0.99810 
vt 0.75190 -0.81260 
vt 0.83780 -0.81260 
vt 0.75190 -0.81260 
vt 0.75190 -0.88870 
vt 0.87100 -0.89260 
vt 0.75190 -0.81260 
vt 0.91010 -0.81260 
vt 0.75190 -0.81260 
vt 0.75190 -0.99810 
vt 0.91790 -0.99810 
vt 0.99800 -0.99810 
vt 0.00190 -0.37700 
vt 0.49800 -0.37700 
vt 0.00190 -0.43760 
vt 0.49800 -0.43760 
vt 0.86520 -0.96290 
vt 0.81830 -0.85550 
vt 0.92570 -0.96290 
vt 0.95890 -0.86920 
vt 0.75190 -0.99810 
vt 0.89640 -0.99810 
vt 0.59170 -0.87700 
vt 0.55270 -0.95120 
vt 0.54580 -0.87700 
vt 0.49990 -0.87700 
vt 0.31330 0.01970 
vt 0.34390 0.09370 
vt 0.49990 -0.01750 
vt 0.49990 0.06270 
vt 0.68660 0.01970 
vt 0.65600 0.09370 
vt 0.84490 0.12540 
vt 0.78820 0.18210 
vt 0.15500 0.12540 
vt 0.21170 0.18210 
vt 0.95060 0.28370 
vt 0.87660 0.31430 
vt 0.04930 0.28370 
vt 0.12330 0.31430 
vt 0.58970 0.25370 
vt 0.41020 0.25370 
vt 0.71660 0.38060 
vt 0.28330 0.38060 
vt 0.49990 0.47030 
vt 0.98780 0.47030 
vt 0.90760 0.47030 
vt 0.01210 0.47030 
vt 0.09230 0.47030 
vt 0.71660 0.56010 
vt 0.28330 0.56010 
vt 0.87660 0.62640 
vt 0.12330 0.62640 
vt 0.58970 0.68700 
vt 0.41020 0.68700 
vt 0.78820 0.75860 
vt 0.21170 0.75860 
vt 0.95060 0.65700 
vt 0.04930 0.65700 
vt 0.50000 0.87800 
vt 0.65600 0.84700 
vt 0.34390 0.84700 
vt 0.84490 0.81530 
vt 0.15500 0.81530 
vt 0.68660 0.92100 
vt 0.31330 0.92100 
vt 0.50000 0.95820 
vt 0.00780 -0.07820 
vt 0.45310 -0.00790 
vt 0.45310 -0.07820 
vt 0.00780 -0.00790 
vt 0.49210 -1.00000 
vt 0.49210 -0.00790 
vt 0.45310 -1.00000 
vt 0.00780 -1.00000 
vt 0.99210 -0.00790 
vt 0.60930 -0.07820 
vt 0.60930 -0.00790 
vt 0.99210 -0.07820 
vt 0.49990 -1.00000 
vt 0.49990 -0.00790 
vt 0.60930 -1.00000 
vt 0.60930 -0.00790 
vt 0.99210 -1.00000 
vt 0.99210 -0.00790 
vt 0.60930 -0.00790 
vt 0.00780 -1.00000 
vt 0.45310 -1.00000 
vt 0.00780 -0.00790 
vt 0.45310 -0.00790 
vt 0.49210 -1.00000 
vt 0.49210 -0.00790 
vt 0.00780 -0.07820 
vt 0.45310 -0.07820 
vt 0.00780 -0.00790 
vt 0.45310 -0.00790 
vt 0.00780 -0.07820 
vt 0.45310 -0.07820 
vt 0.00780 -1.00000 
vt 0.45310 -1.00000 
vt 0.49210 -1.00000 
vt 0.49210 -0.00790 
vt 0.86710 -0.05470 
vt 0.63280 -0.05470 
vt 0.86710 -0.49220 
vt 0.63280 -0.49220 
vt 0.66400 -0.00010 
vt 0.83590 -0.00010 
vt 0.99210 -0.49220 
vt 0.86710 -0.05470 
vt 0.99210 -0.05470 
vt 0.87490 -0.00010 
vt 0.97650 -0.00010 
vt 0.83590 -0.03130 
vt 0.66400 -0.03130 
vt 0.49210 -0.35940 
vt 0.49210 -0.50010 
vt 0.00780 -0.35940 
vt 0.00780 -0.50010 
vt 0.49210 -0.50010 
vt 0.00780 -0.35940 
vt 0.49210 -0.35940 
vt 0.49210 -0.00790 
vt 0.00780 -0.00790 
vt 0.00780 -0.35940 
vt 0.00780 -0.49220 
vt 0.49210 -0.35940 
vt 0.49210 -0.49220 
vt 0.00000 -0.99220 
vt 0.99990 -0.99220 
vt 0.17180 -0.71880 
vt 0.99990 -0.75010 
vt 0.00780 -0.49220 
vt 0.00780 -0.35940 
vt 0.00780 -0.00010 
vt 0.49210 -0.00010 
vt 0.07030 -0.50790 
vt 0.99990 -0.50790 
vt 0.49210 -0.49220 
vt 0.49210 -0.35940 
vt 0.00780 -0.35940 
vt 0.00780 -0.49220 
vt 0.49210 -0.35940 
vt 0.49210 -0.49220 
vt 0.00780 -0.35940 
vt 0.00780 -0.00010 
vt 0.49210 -0.35940 
vt 0.49210 -0.00010 
vt 0.00780 -0.49220 
vt 0.49210 -0.49220 
vt 0.49210 -0.35940 
vt 0.99990 -0.50790 
vt 0.00000 -0.50790 
vt 0.99990 -0.99220 
vt 0.00000 -0.99220 
vt 0.99990 -0.50790 
vt 0.00000 -0.50790 
vt 0.99990 -0.98440 
vt 0.00000 -0.98440 
vt 0.18740 -0.75010 
vt 0.24990 -0.50790 
vt 0.00000 -0.50790 
vt 0.12490 -0.99220 
vt 0.49210 -0.49220 
vt 0.00780 -0.49220 
vt 0.49210 -0.35940 
vt 0.00780 -0.35940 
vt 0.00780 -0.00010 
vt 0.49210 -0.35940 
vt 0.49210 -0.00010 
vt 2.25780 -0.99220 
vt 0.00000 -0.80350 
vt 0.15790 -0.99220 
vt 0.00780 -0.49220 
vt 0.49210 -0.49220 
vt 0.00780 -0.35940 
vt 0.49210 -0.35940 
vt 0.49210 -0.49220 
vt 0.49210 -0.35940 
vt 0.00780 -0.00010 
vt 0.49210 -0.00010 
vt 0.00780 -0.35940 
vt 0.00780 -0.49220 
vt 2.25780 -0.50790 
vt 0.00000 -0.50790 
vt 0.00780 -0.49220 
vt 0.49210 -0.49220 
vt 0.00780 -0.35940 
vt 0.49210 -0.35940 
vt 0.49210 -0.49220 
vt 0.49210 -0.35940 
vt 0.00780 -0.00010 
vt 0.49210 -0.00010 
vt 0.00780 -0.35940 
vt 0.00780 -0.49220 
vt 0.00780 -0.49220 
vt 0.49210 -0.49220 
vt 0.00780 -0.35940 
vt 0.49210 -0.35940 
vt 0.49210 -0.49220 
vt 0.49210 -0.35940 
vt 0.00780 -0.00010 
vt 0.49210 -0.00010 
vt 0.00780 -0.35940 
vt 0.00780 -0.49220 
vt 0.00780 -0.49220 
vt 0.49210 -0.49220 
vt 0.00780 -0.35940 
vt 0.49210 -0.35940 
vt 0.49210 -0.49220 
vt 0.49210 -0.35940 
vt 0.00780 -0.00010 
vt 0.49210 -0.00010 
vt 0.00780 -0.35940 
vt 0.00780 -0.49220 
vt 0.46870 -0.62510 
vt 0.46870 -1.00000 
vt 0.00000 -0.62510 
vt 0.00000 -1.00000 
vt 0.46870 -1.00000 
vt 0.00000 -0.62510 
vt 0.46870 -0.62510 
vt 0.00000 -0.00010 
vt 0.46870 -0.00010 
vt 0.00000 -0.62510 
vt 0.46870 -0.62510 
vt 0.00000 -1.00000 
vt 0.46870 -1.00000 
vt 0.00000 -0.00010 
vt 0.46870 -0.00010 
vt 0.99990 -0.67190 
vt 0.99990 -1.00000 
vt 0.46870 -0.67190 
vt 0.46870 -1.00000 
vt 0.46870 -1.00000 
vt 0.99990 -1.00000 
vt 0.46870 -0.67190 
vt 0.99990 -0.67190 
vt 0.46870 -0.00010 
vt 0.99990 -0.00010 
vt 0.46870 -1.00000 
vt 0.99990 -1.00000 
vt 0.46870 -0.67190 
vt 0.99990 -0.67190 
vt 0.99990 -0.67190 
vt 0.99990 -1.00000 
vt 0.46870 -0.67190 
vt 0.46870 -1.00000 
vt 0.46870 -0.00010 
vt 0.99990 -0.00010 
vt 0.00000 -0.00010 
vt 0.46870 -0.00010 
vt 0.00000 -0.62510 
vt 0.46870 -0.62510 
vt 0.00000 -1.00000 
vt 0.46870 -1.00000 
vt 0.00000 -0.62510 
vt 0.46870 -0.62510 
vt 0.46870 -1.00000 
vt 0.99990 -0.67190 
vt 0.99990 -1.00000 
vt 0.46870 -0.67190 
vt 0.46870 -1.00000 
vt 0.46870 -1.00000 
vt 0.99990 -1.00000 
vt 0.46870 -0.67190 
vt 0.99990 -0.67190 
vt 0.46870 -0.00010 
vt 0.99990 -0.00010 
vt 0.46870 -0.62510 
vt 0.46870 -1.00000 
vt 0.00000 -0.62510 
vt 0.00000 -1.00000 
vt 0.46870 -1.00000 
vt 0.00000 -0.62510 
vt 0.46870 -0.62510 
vt 0.00000 -0.00010 
vt 0.46870 -0.00010 
vt 0.00000 -0.00010 
vt 0.46870 -0.00010 
vt 0.00000 -0.62510 
vt 0.46870 -0.62510 
vt 0.00000 -1.00000 
vt 0.46870 -1.00000 
vt 0.46870 -0.62510 
vt 0.00000 -1.00000 
vt 0.46870 -1.00000 
vt 0.00000 -0.62510 
vt 0.46870 -0.62510 
vt 0.00000 -0.00010 
vt 0.46870 -0.00010 
vt 0.00000 -0.62510 
vt 0.46870 -0.62510 
vt 0.00000 -0.00010 
vt 0.46870 -0.00010 
vt 0.00000 -0.62510 
vt 0.46870 -0.62510 
vt 0.00000 -1.00000 
vt 0.46870 -1.00000 
vt 0.46870 -0.62510 
vt 0.46870 -1.00000 
vt 0.00000 -1.00000 
vt 0.46870 -1.00000 
vt 0.00000 -0.62510 
vt 0.46870 -0.62510 
vt 0.46870 -0.62510 
vt 0.46870 -1.00000 
vt 0.00000 -0.62510 
vt 0.00000 -0.00010 
vt 0.46870 -0.00010 
vt 0.00000 -1.00000 
vt 0.46870 -1.00000 
vt 0.00000 -0.62510 
vt 0.46870 -0.62510 
vt 0.46870 -0.62510 
vt 0.46870 -1.00000 
vt 0.00000 -0.00010 
vt 0.46870 -0.00010 
vt 0.00000 -1.00000 
vt 0.46870 -1.00000 
vt 0.00000 -0.62510 
vt 0.46870 -0.62510 
vt 0.46870 -0.00010 
vt 0.46870 -0.62510 
vt 0.00000 -0.00010 
vt 0.46870 -0.00010 
vt 0.99990 -0.00010 
vt 0.46870 -0.67190 
vt 0.99990 -0.67190 
vt 0.46870 -1.00000 
vt 0.99990 -1.00000 
vt 0.46870 -0.67190 
vt 0.99990 -0.67190 
vt 0.99990 -1.00000 
vt 0.46870 -1.00000 
vt 0.00000 -0.00010 
vt 0.46870 -0.00010 
vt 0.00000 -0.62510 
vt 0.46870 -0.62510 
vt 0.00000 -1.00000 
vt 0.46870 -1.00000 
vt 0.46870 -0.00010 
vt 0.46870 -0.62510 
vt 0.00000 -0.00010 
vt 0.00000 -0.62510 
vt 0.00000 -1.00000 
vt 0.46870 -1.00000 
vt 0.46870 -0.62510 
vt 0.52340 -0.12510 
vt 0.49990 -0.08210 
vt 0.52340 -0.05080 
vt 0.49990 -0.00400 
vt 0.74990 -0.05080 
vt 0.74990 -0.12510 
vt 0.52340 -0.05080 
vt 0.52340 -0.12510 
vt 0.49990 -0.00400 
vt 0.71480 -0.00400 
vt 0.90620 -0.12510 
vt 0.87890 -0.08210 
vt 0.90620 -0.03130 
vt 0.87890 -0.00400 
vt 0.99600 -0.03130 
vt 0.99600 -0.12510 
vt 0.90620 -0.03130 
vt 0.90620 -0.12510 
vt 0.87890 -0.00400 
vt 0.96090 -0.00400 
vt 0.99600 -0.03130 
vt 0.99600 -0.12510 
vt 0.90620 -0.03130 
vt 0.90620 -0.12510 
vt 0.87890 -0.08210 
vt 0.87890 -0.00400 
vt 0.96090 -0.00400 
vt 0.90620 -0.03130 
vt 0.99600 -0.03130 
vt 0.90620 -0.12510 
vt 0.99600 -0.12510 
vt 0.87890 -0.00400 
vt 0.96090 -0.00400 
vt 0.74600 -0.50010 
vt 0.62890 -0.50010 
vt 0.74600 -0.18360 
vt 0.62890 -0.18360 
vt 0.58200 -0.17970 
vt 0.50390 -0.14070 
vt 0.62490 -0.13290 
vt 0.62100 -0.32430 
vt 0.58200 -0.37510 
vt 0.50390 -0.34380 
vt 0.58200 -0.37510 
vt 0.62100 -0.32430 
vt 0.74990 -0.30080 
vt 0.74990 -0.25790 
vt 0.80070 -0.30080 
vt 0.80070 -0.37510 
vt 0.74990 -0.37510 
vt 0.99990 -0.37510 
vt 0.99990 -0.30080 
vt 0.99990 -0.25790 
vt 0.99990 -0.30080 
vt 0.74990 -0.30080 
vt 0.74990 -0.25790 
vt 0.80070 -0.30080 
vt 0.80070 -0.37510 
vt 0.74990 -0.37510 
vt 0.99990 -0.37510 
vt 0.99990 -0.30080 
vt 0.74990 -0.30080 
vt 0.99990 -0.25790 
vt 0.99990 -0.30080 
vt 0.82030 -0.42580 
vt 0.99990 -0.42580 
vt 0.82030 -0.49610 
vt 0.99990 -0.49610 
vt 0.75390 -0.37900 
vt 0.94920 -0.37900 
vt 0.87890 -0.00400 
vt 0.96090 -0.00400 
vt 0.90620 -0.03130 
vt 0.99600 -0.03130 
vt 0.90620 -0.12510 
vt 0.87890 -0.08210 
vt 0.99600 -0.12510 
vt 0.74990 -0.30080 
vt 0.74990 -0.25790 
vt 0.80070 -0.30080 
vt 0.80070 -0.37510 
vt 0.74990 -0.37510 
vt 0.99990 -0.37510 
vt 0.99990 -0.30080 
vt 0.99990 -0.25790 
vt 0.99990 -0.30080 
vt 0.99990 -0.30080 
vt 0.99990 -0.25790 
vt 0.74990 -0.30080 
vt 0.74990 -0.25790 
vt 0.74990 -0.37510 
vt 0.99990 -0.37510 
vt 0.99990 -0.30080 
vt 0.99600 -0.03130 
vt 0.99600 -0.12510 
vt 0.90620 -0.03130 
vt 0.90620 -0.12510 
vt 0.87890 -0.00400 
vt 0.96090 -0.00400 
vt 0.99600 -0.12510 
vt 0.99600 -0.03130 
vt 0.74990 -0.30080 
vt 0.74990 -0.25790 
vt 0.80070 -0.30080 
vt 0.80070 -0.37510 
vt 0.74990 -0.37510 
vt 0.99990 -0.37510 
vt 0.99990 -0.30080 
vt 0.99990 -0.25790 
vt 0.99990 -0.30080 
vt 0.21870 -0.00400 
vt 0.08200 -1.00000 
vt 0.08200 -0.01180 
vt 0.49600 -1.00000 
vt 0.35800 -0.00000 
vt 0.49600 -0.01960 
vt 0.00000 -0.01180 
vt 0.00000 -1.00000 
vt 0.21870 -0.00400 
vt 0.08200 -0.01180 
vt 0.21870 -0.02350 
vt 0.08200 -0.03910 
vt 0.87890 -0.00400 
vt 0.96090 -0.00400 
vt 0.90620 -0.03130 
vt 0.99600 -0.03130 
vt 0.90620 -0.12510 
vt 0.87890 -0.08210 
vt 0.87890 -0.00400 
vt 0.99600 -0.12510 
vt 0.71480 -0.00400 
vt 0.74990 -0.05080 
vt 0.49990 -0.00400 
vt 0.52340 -0.05080 
vt 0.49990 -0.08210 
vt 0.49990 -0.00400 
vt 0.52340 -0.12510 
vt 0.52340 -0.05080 
vt 0.52340 -0.05080 
vt 0.74990 -0.05080 
vt 0.74990 -0.12510 
vt 0.52340 -0.12510 
vt 0.75390 -0.37900 
vt 0.94920 -0.37900 
vt 0.82030 -0.42580 
vt 0.99990 -0.42580 
vt 0.82030 -0.49610 
vt 0.99990 -0.49610 
vt 0.99990 -0.30080 
vt 0.99990 -0.25790 
vt 0.74990 -0.30080 
vt 0.74990 -0.25790 
vt 0.74990 -0.37510 
vt 0.99990 -0.37510 
vt 0.99990 -0.30080 
vt 0.49990 -0.00400 
vt 0.73820 -0.00400 
vt 0.52340 -0.05080 
vt 0.74990 -0.05080 
vt 0.52340 -0.12510 
vt 0.74990 -0.12510 
vt 0.52340 -0.05080 
vt 0.74990 -0.05080 
vt 0.52340 -0.12510 
vt 0.74990 -0.12510 
vt 0.49990 -0.00400 
vt 0.73820 -0.00400 
vt 0.74990 -0.37510 
vt 0.99990 -0.37510 
vt 0.74990 -0.30080 
vt 0.99990 -0.30080 
vt 0.99990 -0.30080 
vt 0.99990 -0.25790 
vt 0.74990 -0.25790 
vt 0.82030 -0.42580 
vt 0.99990 -0.42580 
vt 0.82030 -0.49610 
vt 0.99990 -0.49610 
vt 0.75390 -0.37900 
vt 0.94920 -0.37900 
vt 0.90620 -0.12510 
vt 0.87890 -0.08210 
vt 0.90620 -0.03130 
vt 0.87890 -0.00400 
vt 0.99600 -0.03130 
vt 0.99600 -0.12510 
vt 0.87890 -0.00400 
vt 0.96090 -0.00400 
vt 0.74600 -0.50010 
vt 0.62890 -0.50010 
vt 0.74600 -0.18360 
vt 0.62890 -0.18360 
vt 0.58200 -0.17970 
vt 0.62490 -0.13290 
vt 0.50390 -0.14460 
vt 0.58200 -0.37510 
vt 0.62490 -0.32040 
vt 0.50390 -0.34380 
vt 0.58200 -0.37510 
vt 0.00000 -0.75790 
vt 0.00000 -0.92970 
vt 0.99210 -0.75790 
vt 0.99210 -0.92970 
vt 0.00000 -0.99220 
vt 0.99210 -0.99220 
vt 0.50780 -0.06260 
vt 0.58590 -0.06260 
vt 0.54680 -0.00010 
vt 0.66400 -0.06260 
vt 0.62490 -0.00010 
vt 0.66400 -0.06260 
vt 0.58590 -0.06260 
vt 0.74210 -0.06260 
vt 0.70310 -0.00010 
vt 0.66400 -0.06260 
vt 0.74210 -0.06260 
vt 0.50780 -1.00000 
vt 0.58590 -1.00000 
vt 0.50780 -0.41410 
vt 0.58590 -0.41410 
vt 0.66400 -1.00000 
vt 0.66400 -0.41410 
vt 0.58590 -0.38290 
vt 0.66400 -0.38290 
vt 0.50780 -0.38290 
vt 0.66400 -0.41410 
vt 0.58590 -0.41410 
vt 0.66400 -0.38290 
vt 0.58590 -0.38290 
vt 0.66400 -1.00000 
vt 0.58590 -1.00000 
vt 0.74210 -1.00000 
vt 0.74210 -0.41410 
vt 0.74210 -0.38290 
vt 0.66400 -0.38290 
vt 0.74210 -0.38290 
vt 0.66400 -0.41410 
vt 0.74210 -0.41410 
vt 0.74210 -0.41410 
vt 0.66400 -1.00000 
vt 0.74210 -1.00000 
vt 0.49210 -1.00000 
vt 0.49210 -0.00010 
vt 0.21090 -1.00000 
vt 0.21090 -0.00010 
vt 0.10930 -0.00010 
vt 0.49210 -0.00010 
vt 0.10930 -1.00000 
vt 0.10930 -0.00010 
vt 0.00780 -0.00010 
vt 0.10930 -1.00000 
vt 0.00780 -1.00000 
vt 0.49210 -0.00010 
vt 0.49210 -1.00000 
vt -0.89840 -1.00790 
vt -0.80460 -1.11720 
vt -0.80460 -1.00790 
vt -0.80460 -1.11720 
vt -0.89840 -1.00790 
vt -0.80460 -1.00790 
vt -0.80460 -2.00000 
vt -0.50780 -2.00000 
vt -0.80460 -1.00790 
vt -0.50780 -1.00790 
vt -0.99210 -2.00000 
vt -0.89840 -2.00000 
vt -0.99210 -1.00790 
vt -0.89840 -1.00790 
vt -0.78900 -2.00000 
vt -0.50780 -1.00790 
vt -0.78900 -1.00790 
vt -0.89840 -1.00790 
vt -0.89840 -2.00000 
vt -0.80460 -2.00000 
vt -0.50780 -2.00000 
vt -0.50780 -1.00790 
vt -0.80460 -1.00790 
vt -0.50780 -1.00790 
vt -0.78900 -1.00790 
vt -0.78900 -2.00000 
vt 0.49990 -1.00000 
vt 0.99990 -1.00000 
vt 0.49990 -0.75010 
vt 0.99990 -0.75010 
vt 0.49990 -0.75010 
vt 0.99990 -0.75010 
vt 0.49990 -1.00000 
vt 0.99990 -1.00000 
vt 0.49990 -0.50790 
vt 0.99990 -0.50790 
vt 0.99990 -1.00000 
vt 0.49990 -1.00000 
vt 0.99990 -0.75010 
vt 0.49990 -0.75010 
vt 0.99990 -2.75010 
vt 0.99990 -2.50790 
vt 0.50780 -2.75010 
vt 0.50780 -2.50790 
vt 0.22650 -0.07040 
vt 0.07810 -0.07040 
vt 0.19530 -0.00010 
vt 0.00780 -0.00790 
vt 0.24990 -1.00000 
vt 0.21090 -1.00000 
vt 0.24990 -0.18760 
vt 0.21090 -0.18760 
vt 0.07810 -0.18760 
vt 0.07810 -1.00000 
vt 0.00780 -1.00000 
vt 0.00780 -0.18760 
vt 0.99990 -0.75010 
vt 0.99990 -1.00000 
vt 0.49990 -0.75010 
vt 0.49990 -1.00000 
vt 0.49990 -1.00000 
vt 0.99990 -1.00000 
vt 0.49990 -0.75010 
vt 0.99990 -0.75010 
vt 0.49990 -0.50790 
vt 0.99990 -0.50790 
vt 0.49990 -0.50790 
vt 0.49990 -0.75010 
vt 0.99990 -0.50790 
vt 0.99990 -0.75010 
vt 0.49990 -0.75010 
vt 0.99990 -1.00000 
vt 0.49990 -1.00000 
vt 0.99990 -1.00000 
vt 0.99990 -0.75010 
vt 0.99990 -2.75010 
vt 0.99990 -2.50790 
vt 0.50780 -2.75010 
vt 0.50780 -2.50790 
vt 0.99990 -2.75010 
vt 0.99990 -2.50790 
vt 0.50780 -2.75010 
vt 0.50780 -2.50790 
vt 0.99990 -2.75010 
vt 0.99990 -2.50790 
vt 0.50780 -2.75010 
vt 0.50780 -2.50790 
vt 0.00000 -3.00000 
vt 2.00000 -3.00000 
vt 0.00000 -0.93760 
vt 2.00000 -0.93760 
vt 6.99990 -3.00000 
vt 6.99990 -0.93760 
vt 6.99990 -0.93760 
vt 1.99990 -0.93760 
vt 6.99990 -3.00000 
vt 1.99990 -3.00000 
vt 10.99990 -3.00000 
vt 10.99990 -0.93760 
vt 2.00000 -3.00000 
vt 6.99990 -3.00000 
vt 2.00000 -0.93760 
vt 6.99990 -0.93760 
vt 0.00000 -3.00000 
vt 0.00000 -0.93760 
vt 0.00000 -3.00000 
vt 2.00000 -3.00000 
vt 0.00000 -0.93760 
vt 2.00000 -0.93760 
vt 6.99990 -3.00000 
vt 6.99990 -0.93760 
vt 2.00000 -3.00000 
vt 6.99990 -3.00000 
vt 2.00000 -0.93760 
vt 6.99990 -0.93760 
vt 0.99990 -3.00000 
vt 0.99990 -0.93760 
vt 0.00000 -0.93760 
vt 2.00000 -0.93760 
vt 0.00000 -0.00010 
vt 2.00000 -0.00010 
vt 6.99990 -0.93760 
vt 6.99990 -0.00010 
vt 6.99990 -0.93760 
vt 6.74990 -0.00010 
vt 1.99990 -0.93760 
vt 1.99990 -0.00010 
vt 10.99990 -0.93760 
vt 7.24990 -0.00010 
vt 10.74990 -0.00010 
vt 6.99990 -0.93760 
vt 6.99990 -0.00010 
vt 2.00000 -0.93760 
vt 2.00000 -0.00010 
vt 0.00000 -0.93760 
vt 0.00000 -0.00010 
vt 0.00000 -0.93760 
vt 2.00000 -0.93760 
vt 0.00000 -0.00010 
vt 2.00000 -0.00010 
vt 6.99990 -0.93760 
vt 6.99990 -0.00010 
vt 6.99990 -0.93760 
vt 6.99990 -0.00010 
vt 2.00000 -0.93760 
vt 2.00000 -0.00010 
vt 0.99990 -0.93760 
vt 0.99990 -0.00010 
vt 0.99990 -4.81260 
vt 0.99990 -10.00000 
vt -0.99990 -4.81260 
vt -0.99990 -10.00000 
vt 1.49990 -4.00010 
vt 0.00000 -4.00010 
vt 1.49990 -0.81260 
vt 0.00000 -0.81260 
vt 1.99990 -10.00000 
vt -0.99990 -4.81260 
vt 1.99990 -4.81260 
vt 1.49990 -4.00010 
vt 1.49990 -0.81260 
vt 0.00000 -4.00010 
vt 0.00000 -0.81260 
vt 0.00000 -0.00010 
vt 9.99990 -5.00000 
vt 9.99990 -0.00010 
vt 0.00000 -5.00000 
vt 0.00000 -0.00010 
vt 0.00000 -5.00000 
vt 2.99990 -0.00010 
vt 2.99990 -5.00000 
vt 0.99990 -4.50010 
vt 0.99990 -9.00000 
vt 0.00000 -4.50010 
vt 0.00000 -9.00000 
vt 0.99990 -3.00010 
vt 0.00000 -3.00010 
vt 0.99990 -0.50010 
vt 0.00000 -0.50010 
vt 0.99990 -3.00010 
vt 0.99990 -0.50010 
vt 0.00000 -0.50010 
vt 1.99990 -9.00000 
vt 0.00000 -4.50010 
vt 1.99990 -4.50010 
vt 0.00000 -10.00000 
vt 0.18620 -9.17430 
vt 0.00000 -9.00000 
vt 0.18620 -9.82580 
vt 0.99990 -9.00000 
vt 0.81370 -9.17430 
vt 0.99990 -10.00000 
vt 0.81370 -9.82580 
vt 0.99990 -9.00010 
vt 0.00000 -9.00010 
vt 0.99990 -10.00000 
vt 0.00000 -10.00000 
vt 0.00000 -0.41410 
vt 0.99990 -0.00000 
vt 0.40460 -0.00000 
vt 1.00000 -1.00000 
vt 0.00000 -0.58600 
vt 0.40460 -1.00000 
vt 0.99990 -15.93340 
vt 0.00000 -15.93340 
vt 0.87490 -16.00000 
vt 0.12490 -16.00000 
vt 0.00000 -15.06670 
vt 0.99990 -15.06670 
vt 0.12490 -15.00010 
vt 0.87490 -15.00010 
vt 0.99990 -6.00000 
vt 0.99990 -5.00000 
vt 0.00000 -5.00000 
vt 0.00000 -6.00000 
vt 0.99990 -4.93340 
vt 0.00000 -4.93340 
vt 0.87490 -5.00000 
vt 0.12490 -5.00000 
vt 0.00000 -4.06670 
vt 0.99990 -4.06670 
vt 0.12490 -4.00010 
vt 0.87490 -4.00010 
vt 0.99990 -1.00000 
vt 0.99990 -0.00010 
vt 0.00000 -1.00000 
vt 0.00000 -0.00010 
vt 0.14010 -0.00010 
vt 0.85980 -0.00010 
vt 0.14010 -1.00000 
vt 0.85980 -1.00000 
vt 0.25000 -6.00000 
vt 0.75000 -6.00000 
vt 0.00000 -5.50000 
vt 0.99990 -5.50000 
vt 0.75000 -5.00010 
vt 0.25000 -5.00000 
vt 1.00000 -3.00000 
vt 0.00000 -2.00000 
vt 0.00000 -3.00000 
vt 0.99990 -2.00000 
vt 0.00000 -0.00000 
vt 0.00000 -1.00000 
vt 0.99990 -0.00000 
vt 0.99990 -1.00000 
vt 0.99990 -5.75010 
vt 0.00000 -5.75010 
vt 0.50000 -6.00000 
vt 0.00000 -5.25010 
vt 1.00000 -3.00000 
vt 0.99990 -2.00000 
vt 0.00000 -2.00000 
vt 0.00000 -3.00000 
vt 0.99990 -9.00000 
vt 0.99990 -8.00000 
vt 0.81370 -8.82580 
vt 0.81370 -8.17430 
vt 0.00000 -8.00000 
vt 0.18620 -8.17430 
vt 0.99990 -8.00010 
vt 0.00000 -8.00010 
vt 0.99990 -9.00000 
vt 0.00000 -9.00000 
vt 0.00000 -9.00000 
vt 0.18620 -8.82580 
vt 10.99990 -3.00000 
vt 10.99990 -0.93760 
vt 6.99990 -3.00000 
vt 6.99990 -0.93760 
vt 1.99990 -0.93760 
vt 1.99990 -3.00000 
vt 6.99990 -0.93760 
vt 1.99990 -0.93760 
vt 6.99990 -3.00000 
vt 1.99990 -3.00000 
vt 10.99990 -3.00000 
vt 10.99990 -0.93760 
vt 6.99990 -0.93760 
vt 9.99990 -6.00000 
vt 9.99990 -0.93760 
vt 1.99990 -6.00000 
vt 1.99990 -0.93760 
vt 12.99990 -6.00000 
vt 9.99990 -0.93760 
vt 12.99990 -0.93760 
vt 6.99990 -3.00000 
vt 10.99990 -3.00000 
vt 6.99990 -0.93760 
vt 10.99990 -0.93760 
vt 1.99990 -0.93760 
vt 1.99990 -3.00000 
vt 4.99990 -0.93760 
vt 6.49990 -3.00000 
vt 6.49990 -0.93760 
vt 4.99990 -3.00000 
vt 1.99990 -0.93760 
vt 1.99990 -3.00000 
vt 6.99990 -0.93760 
vt 1.99990 -0.93760 
vt 6.99990 -3.00000 
vt 1.99990 -3.00000 
vt 10.99990 -3.00000 
vt 10.99990 -0.93760 
vt 6.99990 -0.93760 
vt 6.99990 -0.93760 
vt 1.99990 -0.93760 
vt 6.99990 -3.00000 
vt 1.99990 -3.00000 
vt 10.99990 -3.00000 
vt 6.99990 -0.93760 
vt 10.99990 -0.93760 
vt 8.99990 -3.00000 
vt 10.99990 -3.00000 
vt 8.99990 -0.93760 
vt 10.99990 -0.93760 
vt 8.99990 -0.93760 
vt 1.99990 -0.93760 
vt 1.99990 -3.00000 
vt 8.99990 -0.93760 
vt 1.99990 -0.93760 
vt 8.99990 -3.00000 
vt 1.99990 -3.00000 
vt 10.99990 -3.00000 
vt 8.99990 -0.93760 
vt 10.99990 -0.93760 
vt 6.99990 -0.93760 
vt 10.99990 -0.93760 
vt 7.24990 -0.00010 
vt 10.74990 -0.00010 
vt 6.74990 -0.00010 
vt 1.99990 -0.93760 
vt 1.99990 -0.00010 
vt 6.99990 -0.93760 
vt 6.74990 -0.00010 
vt 1.99990 -0.93760 
vt 1.99990 -0.00010 
vt 6.99990 -0.93760 
vt 10.99990 -0.93760 
vt 7.24990 -0.00010 
vt 10.74990 -0.00010 
vt 4.99990 -0.93760 
vt 4.99990 -0.00010 
vt 7.99990 -0.93760 
vt 7.99990 -0.00010 
vt 4.99990 -0.93760 
vt 1.99990 -0.93760 
vt 4.99990 -0.00010 
vt 1.99990 -0.00010 
vt 9.99990 -0.93760 
vt 9.99990 -0.00010 
vt 1.99990 -0.93760 
vt 1.99990 -0.00010 
vt 12.99990 -0.93760 
vt 12.99990 -0.00010 
vt 9.99990 -0.93760 
vt 9.99990 -0.00010 
vt 6.99990 -0.93760 
vt 10.99990 -0.93760 
vt 6.99990 -0.00010 
vt 10.99990 -0.00010 
vt 1.99990 -0.93760 
vt 1.99990 -0.00010 
vt 4.99990 -0.93760 
vt 6.49990 -0.93760 
vt 4.99990 -0.00010 
vt 6.49990 -0.00010 
vt 1.99990 -0.93760 
vt 1.99990 -0.00010 
vt 6.99990 -0.93760 
vt 6.74990 -0.00010 
vt 1.99990 -0.93760 
vt 1.99990 -0.00010 
vt 6.99990 -0.93760 
vt 10.99990 -0.93760 
vt 7.24990 -0.00010 
vt 10.74990 -0.00010 
vt 6.99990 -0.93760 
vt 6.74990 -0.00010 
vt 1.99990 -0.93760 
vt 1.99990 -0.00010 
vt 6.99990 -0.93760 
vt 10.99990 -0.93760 
vt 7.24990 -0.00010 
vt 10.74990 -0.00010 
vt 8.99990 -0.93760 
vt 10.99990 -0.93760 
vt 9.24990 -0.00010 
vt 10.74990 -0.00010 
vt 8.99990 -0.93760 
vt 8.87490 -0.00010 
vt 1.99990 -0.93760 
vt 2.24990 -0.00010 
vt 8.99990 -0.93760 
vt 8.87490 -0.00010 
vt 1.99990 -0.93760 
vt 2.24990 -0.00010 
vt 8.99990 -0.93760 
vt 10.99990 -0.93760 
vt 9.24990 -0.00010 
vt 10.74990 -0.00010 
vt 0.00000 -3.00000 
vt 0.99990 -2.00010 
vt 0.00000 -2.00010 
vt 0.99990 -3.00000 
vt 0.00000 -3.00000 
vt 0.99990 -3.00000 
vt 0.99990 -2.00010 
vt 0.00000 -2.00010 
vt 0.00000 -3.00000 
vt 0.99990 -2.00010 
vt 0.00000 -2.00010 
vt 0.99990 -3.00000 
vt 0.00000 -1.00000 
vt 0.99990 -1.00000 
vt 0.99990 -0.00010 
vt 0.00000 -0.00010 
vt 0.00000 -3.00000 
vt 0.99990 -2.00010 
vt 0.00000 -2.00010 
vt 0.99990 -3.00000 
vt 0.00000 -3.00000 
vt 0.99990 -2.00010 
vt 0.00000 -2.00010 
vt 0.99990 -3.00000 
vt 0.00000 -3.00000 
vt 0.99990 -2.00010 
vt 0.00000 -2.00010 
vt 0.99990 -3.00000 
vt 0.00000 -3.00000 
vt 0.99990 -2.00010 
vt 0.00000 -2.00010 
vt 0.99990 -3.00000 
vt 0.99990 -1.48440 
vt 0.99990 -1.01570 
vt 0.00000 -1.48440 
vt 0.00000 -1.01570 
vt 2.99990 -1.48440 
vt 2.99990 -1.01570 
vt 4.99990 -1.48440 
vt 4.99990 -1.01570 
vt 3.99990 -0.99990 
vt 1.99990 -0.99990 
vt 3.99990 1.54680 
vt 1.99990 1.54680 
vt 1.99990 1.54680 
vt 3.85930 2.00000 
vt 2.17180 2.00000 
vt 4.99990 1.54680 
vt 4.71870 2.00000 
vt 1.99990 1.54680 
vt 2.18740 2.00000 
vt 1.99990 1.54680 
vt 4.99990 -0.99990 
vt 0.49990 -5.39520 
vt 0.00000 -5.45440 
vt 0.49990 -7.00000 
vt 0.00000 -7.00000 
vt 0.49990 -5.23890 
vt 0.00000 -5.30280 
vt 0.00000 -4.49780 
vt 0.49990 -4.49260 
vt 0.00000 -4.21660 
vt 0.49990 -4.22000 
vt 0.49990 -1.93760 
vt 0.00000 -2.00010 
vt 0.00000 -0.00010 
vt 0.49990 -0.00010 
vt 0.00000 -1.11510 
vt 0.00000 -0.01260 
vt 0.49990 -1.12570 
vt 0.49990 -0.01260 
vt 0.00000 -4.00000 
vt 0.49990 -3.92720 
vt 0.49990 -2.92720 
vt 0.00000 -3.00000 
vt 0.49990 -0.12570 
vt 0.00000 -0.11510 
vt 0.75780 -12.53130 
vt 0.89840 -12.53130 
vt 0.89840 -12.92190 
vt 0.00000 -12.92190 
vt 0.00000 -12.53130 
vt 0.17180 -12.53130 
vt 0.99990 -12.00010 
vt 0.99990 -13.01560 
vt 0.89840 -12.00010 
vt 0.89840 -12.92190 
vt 0.00000 -12.92190 
vt 0.00000 -12.53130 
vt 0.89840 -12.53130 
vt 0.89840 -12.00010 
vt 0.79680 -12.07820 
vt 0.79680 -12.46880 
vt 0.00000 -12.46880 
vt 0.00000 -12.00010 
vt 0.79680 -12.00010 
vt 0.99990 -13.00000 
vt 0.89840 -13.00000 
vt 0.00000 -13.01560 
vt 0.00000 -12.92190 
vt 0.89840 -12.92190 
vt 0.89840 -12.53130 
vt 0.00000 -12.53130 
vt 0.89840 -12.92190 
vt 0.89840 -12.53130 
vt 0.79680 -12.53130 
vt 0.00000 -12.46880 
vt 0.79680 -12.46880 
vt 0.00000 -12.46880 
vt 0.79680 -12.00010 
vt 0.00000 -12.00010 
vt 0.00000 -12.46880 
vt 0.00000 -12.00010 
vt 0.79680 -12.46880 
vt 0.79680 -12.00010 
vt 0.00000 -12.46880 
vt 0.00000 -12.00010 
vt 0.79680 -12.00010 
vt 0.00000 -12.00010 
vt 0.79680 -12.46880 
vt 0.89840 -12.00010 
vt 0.79680 -12.07820 
vt 0.79680 -12.53130 
vt 0.89840 -12.53130 
vt 0.00000 -12.92190 
vt 0.00000 -12.53130 
vt 0.00000 -12.53130 
vt 0.89840 -12.92190 
vt 0.99990 -12.00010 
vt 0.99990 -13.00000 
vt 0.89840 -12.00010 
vt 0.89840 -13.00000 
vt 0.99990 -13.01560 
vt 0.00000 -13.01560 
vt 5.99990 -13.00000 
vt 6.99990 -13.00000 
vt 5.99990 0.99990 
vt 6.99990 0.99990 
vt 4.99990 -13.00000 
vt 4.99990 0.99990 
vt 7.99990 -13.00000 
vt 7.99990 0.99990 
vt 6.99990 0.99990 
vt 4.99990 0.99990 
vt 4.99990 -13.00000 
vt 4.80460 0.99990 
vt 4.80460 -13.00000 
vt 8.20310 -13.00000 
vt 7.99990 -13.00000 
vt 8.20310 0.99990 
vt 7.99990 0.99990 
vt 5.99990 -13.00000 
vt 5.99990 0.99990 
vt 6.99990 0.99990 
vt 6.99990 -13.00000 
vt 3.99990 -13.00000 
vt 2.99990 -13.00000 
vt 3.99990 0.99990 
vt 2.99990 0.99990 
vt 3.99990 -13.00000 
vt 3.99990 0.99990 
vt 2.99990 -13.00000 
vt 2.99990 0.99990 
vt 1.99990 -10.00010 
vt 1.99990 -11.00010 
vt 2.99990 -10.00010 
vt 2.99990 -11.00010 
vt 1.99990 -10.00010 
vt 1.99990 -11.00010 
vt 2.99990 -10.00010 
vt 2.99990 -11.00010 
vt 1.99990 -10.00010 
vt 2.99990 -10.00010 
vt 1.99990 -11.00010 
vt 2.99990 -11.00010 
vt 0.00000 -0.17190 
vt 0.99990 -0.17190 
vt 0.00000 -0.50010 
vt 0.99990 -0.50010 
vt 0.00000 -0.00010 
vt 0.99990 -0.00010 
vt 1.99990 -6.98440 
vt 1.99990 -6.50010 
vt 0.00000 -6.98440 
vt 0.00000 -6.50010 
vt 2.99990 -6.98440 
vt 2.99990 -6.50010 
vt 0.00000 -0.00010 
vt 0.99990 -0.00010 
vt 0.00000 -0.17190 
vt 0.99990 -0.17190 
vt 0.00000 -0.50010 
vt 0.99990 -0.50010 
vt 0.99990 -3.00000 
vt 0.99990 -2.00010 
vt 0.67180 -3.00000 
vt 0.67180 -2.00010 
vt 0.00000 -3.00000 
vt 0.00000 -2.00010 
vt 0.00000 -0.96880 
vt -0.32810 -0.96880 
vt 0.00000 -0.00010 
vt 0.64060 -0.96880 
vt 0.00000 -0.96880 
vt 3.99990 -16.00000 
vt 0.00000 -16.00000 
vt 0.00000 -9.00010 
vt 3.99990 -9.00010 
vt 2.99990 -9.00010 
vt 0.00000 -9.00010 
vt 2.99990 -3.00010 
vt 0.00000 -3.00010 
vt 0.00000 -9.00010 
vt 7.99990 -16.00000 
vt 7.99990 -9.00010 
vt 7.99990 -16.00000 
vt 0.00000 -16.00000 
vt 7.99990 -9.00010 
vt 0.00000 -3.00010 
vt 6.99990 -9.00010 
vt 6.99990 -3.00010 
vt 6.99990 -9.00010 
vt 0.00000 -9.00010 
vt 6.99990 -3.00010 
vt 0.00000 -9.00010 
vt 0.00000 -3.00010 
vt 0.00000 -16.00000 
vt 0.00000 -9.00010 
vt 0.00000 -9.00010 
vt 2.99990 -9.00010 
vt 0.00000 -3.00010 
vt 2.99990 -3.00010 
vt 3.99990 -9.00010 
vt 0.00000 -9.00010 
vt 3.99990 -16.00000 
vt 0.00000 -16.00000 
vt 0.00000 -13.00000 
vt 1.49990 -13.00000 
vt 0.00000 1.99990 
vt 1.49990 1.99990 
vt 2.99990 -13.00000 
vt 1.49990 1.99990 
vt 2.99990 1.99990 
vt 1.99990 -6.00000 
vt 0.00000 -6.00000 
vt 1.99990 0.99990 
vt 0.00000 0.99990 
vt 1.99990 -6.00000 
vt 1.99990 0.99990 
vt 0.00000 0.99990 
vt 5.99990 -17.99990 
vt 7.99990 -17.99990 
vt 5.99990 -16.99990 
vt 7.99990 -16.99990 
vt 5.99990 -17.99990 
vt 5.99990 -16.99990 
vt 4.99990 -17.99990 
vt 4.99990 -16.99990 
vt 8.99990 -17.99990 
vt 8.99990 -16.99990 
vt 0.99990 -17.99990 
vt 0.99990 -16.99990 
vt 13.99990 -17.99990 
vt 13.99990 -16.99990 
vt 0.99990 -17.99990 
vt 0.99990 -16.99990 
vt 0.00000 -17.99990 
vt 0.00000 -16.99990 
vt 14.99990 -17.99990 
vt 14.99990 -16.99990 
vt 16.99990 -17.99990 
vt 16.99990 -16.99990 
vt 9.99990 -6.99990 
vt 10.99990 -6.99990 
vt 9.99990 -5.99990 
vt 10.99990 -5.99990 
vt 10.99990 -6.99990 
vt 13.99990 -6.99990 
vt 10.99990 -5.99990 
vt 13.99990 -5.99990 
vt 0.99990 -6.99990 
vt 0.99990 -5.99990 
vt 14.99990 -6.99990 
vt 14.99990 -5.99990 
vt 0.00000 -6.99990 
vt 0.00000 -5.99990 
vt 5.99990 -6.99990 
vt 5.99990 -5.99990 
vt 0.00000 -6.99990 
vt 0.00000 -5.99990 
vt 4.99990 -6.99990 
vt 4.99990 -5.99990 
vt 0.21870 -9.00010 
vt 0.21870 -16.00000 
vt 0.03120 -9.00010 
vt 0.03120 -16.00000 
vt 0.21870 -16.00000 
vt 0.21870 -9.00010 
vt 0.03120 -16.00000 
vt 0.03120 -9.00010 
vt -0.78120 -7.00010 
vt -1.74990 -7.00010 
vt -0.78120 -9.00010 
vt -1.74990 -9.00010 
vt 0.21870 -9.00010 
vt 0.03120 -9.00010 
vt 0.21870 -3.00010 
vt 0.03120 -3.00010 
vt 0.03120 -9.00010 
vt 0.21870 -9.00010 
vt 0.03120 -3.00010 
vt 0.21870 -3.00010 
vt -0.78120 -9.00010 
vt -1.74990 -9.00010 
vt -0.78120 -9.50010 
vt -1.74990 -9.50010 
vt -0.78120 -6.50010 
vt -1.74990 -6.50010 
vt -0.78120 -0.50010 
vt -1.74990 -0.50010 
vt -0.78120 -15.50010 
vt -1.74990 -15.50010 
vt 0.03120 -9.00010 
vt 0.21870 -9.00010 
vt 0.03120 -3.00010 
vt 0.21870 -3.00010 
vt 0.21870 -9.00010 
vt 0.21870 -9.00010 
vt 0.21870 -3.00010 
vt 0.21870 -3.00010 
vt -0.78120 -16.00000 
vt -0.78120 -15.50010 
vt -1.74990 -16.00000 
vt -1.74990 -15.50010 
vt -0.78120 -0.00010 
vt -1.74990 -0.00010 
vt -0.78120 1.99990 
vt -1.74990 -0.00010 
vt -1.74990 1.99990 
vt 0.21870 -9.00010 
vt 0.03120 -9.00010 
vt 0.21870 -16.00000 
vt 0.03120 -16.00000 
vt 0.21870 -16.00000 
vt 0.21870 -16.00000 
vt 0.21870 -9.00010 
vt 0.21870 -9.00010 
vt 0.21870 -5.00000 
vt 0.03120 -5.00000 
vt 0.21870 1.99990 
vt 0.03120 1.99990 
vt 0.21870 1.99990 
vt 0.03120 1.99990 
vt 0.21870 -5.00000 
vt 0.03120 -5.00000 
vt 9.99990 -5.00010 
vt 10.99990 -5.00010 
vt 9.99990 -0.00010 
vt 10.99990 -0.00010 
vt 0.00000 -5.00010 
vt 1.99990 -5.00010 
vt 0.00000 -0.00010 
vt 1.99990 -0.00010 
vt 0.99210 -6.99220 
vt 0.99210 -5.97660 
vt -0.00780 -6.99220 
vt -0.00780 -5.97660 
vt 0.99990 1.00000 
vt 0.00000 1.00000 
vt 1.00000 2.00000 
vt 0.00000 2.00000 
vt 1.99600 -14.99990 
vt 2.00390 -13.75390 
vt 0.03900 -14.99990 
vt 0.26560 -13.75390 
vt 3.95310 -14.99990 
vt 3.74210 -13.75390 
vt 0.08590 -0.81650 
vt 0.17960 -0.81650 
vt 0.08590 -0.75010 
vt 0.17960 -0.75010 
vt 0.00390 -0.81650 
vt 0.00390 -0.75010 
vt 0.08590 -0.75010 
vt 0.00390 -0.75010 
vt 0.00390 -0.00010 
vt 0.08590 -0.00010 
vt 0.17960 -0.00010 
vt 0.08590 -0.81650 
vt 0.08590 -0.75010 
vt 0.17960 -0.81650 
vt 0.17960 -0.75010 
vt 0.17960 -0.81650 
vt 0.24600 -0.81650 
vt 0.17960 -0.75010 
vt 0.24600 -0.75010 
vt 0.17960 -0.00010 
vt 0.08590 -0.00010 
vt 0.24600 -0.00010 
vt 0.99990 -0.00400 
vt 0.39840 -0.00400 
vt 0.91010 -0.49610 
vt 0.47650 -0.49610 
vt 0.11320 -0.49610 
vt 0.00000 -0.00400 
vt 0.48430 -1.00000 
vt 0.01560 -1.00000 
vt 0.48430 -0.00010 
vt 0.01560 -0.00010 
vt 0.01560 -1.00000 
vt 0.48430 -1.00000 
vt 0.01560 -0.00010 
vt 0.48430 -0.00010 
vt 0.01560 -1.00000 
vt 0.01560 -0.00010 
vt 0.48430 -1.00000 
vt 0.01560 -1.00000 
vt 0.48430 -0.00010 
vt 0.01560 -0.00010 
vt 7.99990 9.06240 
vt 0.99990 9.06240 
vt 7.30000 9.99990 
vt 1.70000 9.99990 
vt 7.99990 9.06240 
vt 7.30000 9.99990 
vt 0.99990 9.06240 
vt 1.70000 9.99990 
vt 0.99990 9.06240 
vt 7.99990 9.06240 
vt 1.70000 9.99990 
vt 7.30000 9.99990 
vt 7.99990 9.06240 
vt 0.99990 9.06240 
vt 7.30000 9.99990 
vt 1.70000 9.99990 
vt 7.99990 9.06240 
vt 0.99990 9.06240 
vt 7.30000 9.99990 
vt 1.70000 9.99990 
vt 7.99990 9.06240 
vt 7.30000 9.99990 
vt 0.99990 9.06240 
vt 1.70000 9.99990 
vt 7.99990 4.93740 
vt 0.99990 4.93740 
vt 7.99990 9.06240 
vt 0.99990 9.06240 
vt 0.99990 4.93740 
vt 7.99990 4.93740 
vt 0.99990 9.06240 
vt 7.99990 9.06240 
vt 0.99990 4.93740 
vt 7.99990 4.93740 
vt 0.99990 9.06240 
vt 7.99990 9.06240 
vt 7.99990 4.93740 
vt 0.99990 4.93740 
vt 7.99990 9.06240 
vt 0.99990 9.06240 
vt 7.99990 4.93740 
vt 0.99990 4.93740 
vt 7.99990 9.06240 
vt 0.99990 9.06240 
vt 0.99990 4.93740 
vt 7.99990 4.93740 
vt 0.99990 9.06240 
vt 7.99990 9.06240 
vt 7.99990 4.06240 
vt 0.99990 4.06240 
vt 7.99990 4.93740 
vt 0.99990 4.93740 
vt 0.99990 4.06240 
vt 7.99990 4.06240 
vt 0.99990 4.93740 
vt 7.99990 4.93740 
vt 0.99990 4.06240 
vt 7.99990 4.06240 
vt 0.99990 4.93740 
vt 7.99990 4.93740 
vt 7.99990 4.06240 
vt 0.99990 4.06240 
vt 7.99990 4.93740 
vt 0.99990 4.93740 
vt 7.99990 4.06240 
vt 0.99990 4.06240 
vt 7.99990 4.93740 
vt 0.99990 4.93740 
vt 0.99990 4.06240 
vt 7.99990 4.06240 
vt 0.99990 4.93740 
vt 7.99990 4.93740 
vt 7.99990 -15.99990 
vt 0.99990 -15.99990 
vt 7.99990 4.06240 
vt 0.99990 4.06240 
vt 0.99990 -15.99990 
vt 0.99990 4.06240 
vt 7.99990 4.06240 
vt 7.99990 -15.99990 
vt 0.99990 4.06240 
vt 7.99990 4.06240 
vt 7.99990 -15.99990 
vt 7.99990 4.06240 
vt 0.99990 4.06240 
vt 0.99990 -15.99990 
vt 7.99990 4.06240 
vt 0.99990 4.06240 
vt 0.99990 4.06240 
vt 7.99990 4.06240 
vt -1.99990 -1.00010 
vt -1.99990 -2.00000 
vt -0.99990 -1.00010 
vt -0.99990 -2.00000 
vt -1.99990 -1.00010 
vt -1.99990 -2.00000 
vt -0.99990 -1.00010 
vt -0.99990 -2.00000 
vt 1.99990 -0.00010 
vt 1.99990 -1.00000 
vt 2.99990 -0.00010 
vt 2.99990 -1.00000 
vt 1.99990 -0.00010 
vt 1.99990 -1.00000 
vt 2.99990 -0.00010 
vt 2.99990 -1.00000 
vt -1.99990 -1.00010 
vt -1.99990 -2.00000 
vt -0.99990 -1.00010 
vt -0.99990 -2.00000 
vt -1.99990 -1.00010 
vt -1.99990 -2.00000 
vt -0.99990 -1.00010 
vt -0.99990 -2.00000 
vt 0.00000 -1.00010 
vt 0.00000 -2.00000 
vt 0.99990 -1.00010 
vt 0.99990 -2.00000 
vt 0.00000 -0.00010 
vt 0.00000 -1.00000 
vt 0.99990 -0.00010 
vt 0.99990 -1.00000 
vt 0.00000 -1.00010 
vt 0.00000 -2.00000 
vt 0.99990 -1.00010 
vt 0.99990 -2.00000 
vt -1.99990 -0.49220 
vt -0.99990 0.00780 
vt -0.99990 -0.49220 
vt -1.99990 1.00780 
vt -1.99990 1.50780 
vt -0.99990 1.00780 
vt -1.99990 1.50780 
vt -0.99990 1.00780 
vt -1.99990 1.00780 
vt -0.99990 0.00780 
vt -0.99990 -0.49220 
vt -1.99990 -0.49220 
vt -0.99990 0.50780 
vt 0.00000 1.00780 
vt 0.00000 0.50780 
vt -0.99990 2.00780 
vt -0.99990 2.50780 
vt 0.00000 2.00780 
vt -0.99990 2.50780 
vt 0.00000 2.00780 
vt -0.99990 2.00780 
vt 0.00000 1.00780 
vt 0.00000 0.50780 
vt -0.99990 0.50780 
vt -1.99990 -0.49220 
vt -0.99990 0.00780 
vt -0.99990 -0.49220 
vt -1.99990 1.00780 
vt -1.99990 1.50780 
vt -0.99990 1.00780 
vt -1.99990 1.50780 
vt -0.99990 1.00780 
vt -1.99990 1.00780 
vt -0.99990 0.00780 
vt -0.99990 -0.49220 
vt -1.99990 -0.49220 
vt 7.99990 0.99990 
vt 6.99990 0.99990 
vt 7.99990 -3.99990 
vt 5.99990 -3.99990 
vt 6.99990 1.49990 
vt 5.99990 1.99990 
vt 6.99990 1.99990 
vt 3.99990 0.99990 
vt 2.99990 0.99990 
vt 2.99990 -3.99990 
vt 4.99990 -3.99990 
vt 4.99990 1.99990 
vt 3.99990 1.49990 
vt 3.99990 1.99990 
vt 2.99990 0.99990 
vt 1.99990 0.99990 
vt 1.99990 -3.99990 
vt 7.99990 1.99990 
vt 6.99990 1.99990 
vt 7.99990 -3.99990 
vt 5.99990 -3.99940 
vt 6.99990 2.49990 
vt 5.99990 2.99990 
vt 6.99990 2.99990 
vt 3.99990 1.99990 
vt 2.99990 1.99990 
vt 2.99990 -3.99990 
vt 4.99990 -3.99940 
vt 4.99990 2.99990 
vt 3.99990 2.49990 
vt 3.99990 2.99990 
vt 2.99990 1.99990 
vt 1.99990 1.99990 
vt 1.99990 -3.99990 
vt 7.99990 0.99990 
vt 6.99990 0.99990 
vt 7.99990 -3.99990 
vt 5.99990 -3.99990 
vt 6.99990 1.49990 
vt 5.99990 1.99990 
vt 6.99990 1.99990 
vt 3.99990 0.99990 
vt 2.99990 0.99990 
vt 2.99990 -3.99990 
vt 4.99990 -3.99990 
vt 4.99990 1.99990 
vt 3.99990 1.49990 
vt 3.99990 1.99990 
vt 2.99990 0.99990 
vt 1.99990 0.99990 
vt 1.99990 -3.99990 
vt 0.70310 -1.42190 
vt 1.27340 -1.42190 
vt 0.99210 -2.00780 
vt 1.27340 -1.42190 
vt 0.70310 -1.42190 
vt 1.27340 -1.42190 
vt 0.70310 -1.42190 
vt 1.27340 -1.42190 
vt 0.70310 -1.42190 
vt 0.99210 -2.00780 
vt 1.27340 -1.42190 
vt 0.70310 -1.42190 
vt 0.70310 -1.42190 
vt 1.27340 -1.42190 
vt 0.49210 -1.00790 
vt 1.47650 -1.00790 
vt 0.49210 -1.00790 
vt 1.47650 -1.00790 
vt 0.70310 -1.42190 
vt 1.27340 -1.42190 
vt 0.49210 -1.00790 
vt 0.70310 -1.42190 
vt 1.47650 -1.00790 
vt 1.27340 -1.42190 
vt 1.47650 -1.00790 
vt 0.49210 -1.00790 
vt 0.70310 -1.42190 
vt 1.47650 -1.00790 
vt 1.47650 -1.00790 
vt 1.27340 -1.42190 
vt 0.49210 -1.00790 
vt 0.70310 -1.42190 
vt 0.49210 -1.00790 
vt 1.47650 -1.00790 
vt 0.49210 -1.00790 
vt 1.47650 -1.00790 
vt 0.49210 -1.00790 
vt 0.70310 -0.42190 
vt 1.27340 -0.42190 
vt 0.99210 -1.00780 
vt 1.27340 -0.42190 
vt 0.70310 -0.42190 
vt 1.27340 -0.42190 
vt 0.70310 -0.42190 
vt 1.27340 -0.42190 
vt 0.70310 -0.42190 
vt 0.99210 -1.00780 
vt 1.27340 -0.42190 
vt 0.70310 -0.42190 
vt 0.70310 -0.42190 
vt 1.27340 -0.42190 
vt 0.49210 -0.00790 
vt 1.47650 -0.00790 
vt 1.27340 -0.42190 
vt 0.49210 -0.00790 
vt 1.47650 -0.00790 
vt 0.70310 -0.42190 
vt 1.27340 -0.42190 
vt 0.49210 -0.00790 
vt 0.70310 -0.42190 
vt 1.47650 -0.00790 
vt 1.27340 -0.42190 
vt 1.47650 -0.00790 
vt 0.49210 -0.00790 
vt 1.47650 -0.00790 
vt 1.27340 -0.42190 
vt 0.49210 -0.00790 
vt 0.70310 -0.42190 
vt 1.47650 -0.00790 
vt 0.49210 -0.00790 
vt 1.47650 -0.00790 
vt 0.49210 -0.00790 
vt 1.47650 -0.00790 
vt 0.49210 -0.00790 
vt 0.70310 -0.42190 
vt 0.70310 -1.42190 
vt 1.27340 -1.42190 
vt 0.99210 -2.00780 
vt 1.27340 -1.42190 
vt 0.70310 -1.42190 
vt 0.70310 -1.42190 
vt 1.27340 -1.42190 
vt 1.27340 -1.42190 
vt 0.70310 -1.42190 
vt 0.99210 -2.00780 
vt 1.27340 -1.42190 
vt 0.70310 -1.42190 
vt 0.70310 -1.42190 
vt 1.27340 -1.42190 
vt 0.49210 -1.00790 
vt 1.47650 -1.00790 
vt 0.49210 -1.00790 
vt 1.47650 -1.00790 
vt 0.70310 -1.42190 
vt 1.27340 -1.42190 
vt 0.49210 -1.00790 
vt 0.70310 -1.42190 
vt 1.47650 -1.00790 
vt 1.27340 -1.42190 
vt 1.47650 -1.00790 
vt 0.49210 -1.00790 
vt 1.47650 -1.00790 
vt 1.27340 -1.42190 
vt 0.49210 -1.00790 
vt 0.70310 -1.42190 
vt 1.47650 -1.00790 
vt 0.49210 -1.00790 
vt 1.47650 -1.00790 
vt 0.49210 -1.00790 
vt 1.47650 -1.00790 
vt 0.49210 -1.00790 
vt 0.99990 -20.00000 
vt 0.00000 -20.00000 
vt 0.99990 -10.00010 
vt 0.00000 -10.00010 
vt 0.00000 -20.00000 
vt 0.99990 -20.00000 
vt 0.00000 -10.00010 
vt 0.99990 -10.00010 
vt 0.00000 -20.00000 
vt 0.99990 -20.00000 
vt 0.00000 -10.00010 
vt 0.99990 -10.00010 
vt 0.00000 -20.00000 
vt 0.00000 -14.00010 
vt 0.99990 -20.00000 
vt 0.99990 -14.00010 
vt 0.00000 -20.00000 
vt 0.99990 -20.00000 
vt 0.00000 -14.00010 
vt 0.99990 -14.00010 
vt 0.00000 -20.00000 
vt 0.99990 -20.00000 
vt 0.00000 -14.00010 
vt 0.99990 -14.00010 
vt 6.67180 -20.00000 
vt 6.67180 -18.00010 
vt 5.99990 -20.00000 
vt 5.99990 -18.00010 
vt 6.67180 -20.00000 
vt 5.99990 -20.00000 
vt 6.67180 -18.00010 
vt 5.99990 -18.00010 
vt 6.67180 -20.00000 
vt 6.67180 -18.00010 
vt 5.99990 -20.00000 
vt 5.99990 -18.00010 
vt 0.99990 -20.00000 
vt 0.00000 -20.00000 
vt 0.99990 -10.00010 
vt 0.00000 -10.00010 
vt 0.00000 -20.00000 
vt 0.00000 -14.00010 
vt 0.99990 -20.00000 
vt 0.99990 -14.00010 
vt 6.67180 -20.00000 
vt 5.99990 -20.00000 
vt 6.67180 -18.00010 
vt 5.99990 -18.00010 
vt 6.67180 -20.00000 
vt 6.67180 -18.00010 
vt 5.99990 -20.00000 
vt 5.99990 -18.00010 
vt 0.99990 -20.00000 
vt 0.00000 -14.00010 
vt 0.99990 -14.00010 
vt 0.00000 -20.00000 
vt 0.99990 -20.00000 
vt 0.00000 -10.00010 
vt 0.99990 -10.00010 
vt 6.67180 -20.00000 
vt 5.99990 -20.00000 
vt 6.67180 -18.00010 
vt 5.99990 -18.00010 
vt 0.00000 -20.00000 
vt 0.00000 -14.00010 
vt 0.99990 -20.00000 
vt 0.99990 -14.00010 
vt 0.99990 -20.00000 
vt 0.00000 -20.00000 
vt 0.99990 -10.00010 
vt 0.00000 -10.00010 
vt 1.99990 -20.00000 
vt 2.99990 -20.00000 
vt 1.99990 -0.00010 
vt 2.99990 -0.00010 
vt 7.99990 -20.00000 
vt 8.99990 -20.00000 
vt 7.99990 -16.00010 
vt 8.99990 -16.00010 
vt 1.99990 -20.00000 
vt 2.99990 -20.00000 
vt 1.99990 -8.00010 
vt 2.99990 -8.00010 
vt 1.99990 -20.00000 
vt 2.99990 -20.00000 
vt 1.99990 -0.00010 
vt 2.99990 -0.00010 
vt 1.99990 -20.00000 
vt 2.99990 -20.00000 
vt 1.99990 -8.00010 
vt 2.99990 -8.00010 
vt 7.99990 -20.00000 
vt 8.99990 -20.00000 
vt 7.99990 -16.00010 
vt 8.99990 -16.00010 
vt 1.99990 -20.00000 
vt 2.99990 -20.00000 
vt 1.99990 -8.00010 
vt 2.99990 -8.00010 
vt 7.99990 -20.00000 
vt 8.99990 -20.00000 
vt 7.99990 -16.00010 
vt 8.99990 -16.00010 
vt 1.99990 -20.00000 
vt 2.99990 -20.00000 
vt 1.99990 -0.00010 
vt 2.99990 -0.00010 
vt 3.99990 -20.00000 
vt 3.99990 -0.00010 
vt 4.99990 -20.00000 
vt 4.99990 -0.00010 
vt 3.99990 -0.00010 
vt 3.99990 -20.00000 
vt 4.99990 -0.00010 
vt 4.99990 -20.00000 
vt 3.99990 -20.00000 
vt 3.99990 -0.00010 
vt 4.99990 -20.00000 
vt 4.99990 -0.00010 
vt 4.99990 -0.00010 
vt 4.99990 -20.00000 
vt 3.99990 -8.00010 
vt 3.99990 -20.00000 
vt 4.99990 -8.00010 
vt 4.99990 -20.00000 
vt 3.99990 -8.00010 
vt 4.99990 -8.00010 
vt 3.99990 -20.00000 
vt 4.99990 -20.00000 
vt 3.99990 -20.00000 
vt 3.99990 -0.00010 
vt 4.99990 -20.00000 
vt 4.99990 -0.00010 
vt 3.99990 -8.00010 
vt 4.99990 -8.00010 
vt 3.99990 -20.00000 
vt 4.99990 -20.00000 
vt 3.99990 -0.00010 
vt 3.99990 -20.00000 
vt 4.99990 -0.00010 
vt 4.99990 -20.00000 
vt 3.99990 -8.00010 
vt 3.99990 -20.00000 
vt 4.99990 -8.00010 
vt 4.99990 -20.00000 
vt 3.99990 -20.00000 
vt 3.99990 -0.00010 
vt 4.99990 -20.00000 
vt 4.99990 -0.00010 
vt 4.99990 -0.00010 
vt 4.99990 -20.00000 
vt 3.99990 -8.00010 
vt 4.99990 -8.00010 
vt 3.99990 -20.00000 
vt 4.99990 -20.00000 
vt 3.99990 -20.00000 
vt 3.99990 -0.00010 
vt 4.99990 -20.00000 
vt 4.99990 -0.00010 
vt 3.99990 -8.00010 
vt 3.99990 -20.00000 
vt 4.99990 -8.00010 
vt 4.99990 -20.00000 
vt 3.99990 -0.00010 
vt 3.99990 -20.00000 
vt 4.99990 -0.00010 
vt 4.99990 -20.00000 
vt 0.29990 -20.00000 
vt 0.49990 -20.00000 
vt 0.29990 -19.00010 
vt 0.49990 -19.00010 
vt 0.00000 -20.00000 
vt 0.20010 -20.00000 
vt 0.00000 -19.00010 
vt 0.20010 -19.00010 
vt 0.20010 -20.00000 
vt 0.25840 -20.00000 
vt 0.20010 -19.00010 
vt 0.25840 -19.00010 
vt 0.35820 -20.00000 
vt 0.35820 -19.00010 
vt 0.49990 -20.00000 
vt 0.69990 -20.00000 
vt 0.49990 -19.00010 
vt 0.69990 -19.00010 
vt 0.00000 -20.00000 
vt 0.18490 -20.00000 
vt 0.00000 -19.00010 
vt 0.18490 -19.00010 
vt 0.25840 -20.00000 
vt 0.25840 -19.00010 
vt 0.31510 -20.00000 
vt 0.50000 -20.00000 
vt 0.31510 -19.00010 
vt 0.50000 -19.00010 
vt 0.50000 -20.00000 
vt 0.68480 -20.00000 
vt 0.50000 -19.00010 
vt 0.68480 -19.00010 
vt 0.64160 -20.00000 
vt 0.64160 -19.00010 
vt 0.74160 -20.00000 
vt 0.74160 -19.00010 
vt 0.81530 -20.00000 
vt 0.81530 -19.00010 
vt 0.80000 -20.00000 
vt 0.80000 -19.00010 
vt 0.80000 -20.00000 
vt 0.99980 -20.00000 
vt 0.80000 -19.00010 
vt 0.99980 -19.00010 
vt 0.99990 -20.00000 
vt 0.99990 -19.00010 
vt 0.99990 -20.00000 
vt 0.99990 -20.00000 
vt 0.99990 -19.00010 
vt 0.99990 -19.00010 
vt 0.99980 -20.00000 
vt 0.99990 -20.00000 
vt 0.99980 -19.00010 
vt 0.99990 -19.00010 
vt 0.88320 -20.00000 
vt 0.88320 -19.00010 
vt 0.88320 -20.00000 
vt 0.88320 -20.00000 
vt 0.88320 -19.00010 
vt 0.88320 -19.00010 
vt 0.99990 -20.00000 
vt 0.99990 -19.00010 
vt 0.99990 -20.00000 
vt 0.99990 -19.00010 
vt 0.88320 -20.00000 
vt 0.88320 -19.00010 
vt 0.99990 -20.00000 
vt 0.99990 -19.00010 
vt 0.99980 -20.00000 
vt 0.99980 -19.00010 
vt 0.00000 -0.00010 
vt 0.99990 -0.00010 
vt 0.00000 -1.00000 
vt 0.99990 -1.00000 
vt 2.99600 -1.24610 
vt 2.99600 -1.00400 
vt 2.24210 -1.24610 
vt 2.24210 -1.00400 
vt 2.99600 -1.00400 
vt 2.99600 -1.24610 
vt 2.24210 -1.00400 
vt 2.24210 -1.24610 
vt 2.99600 -1.24610 
vt 2.99600 -1.00400 
vt 2.24210 -1.24610 
vt 2.24210 -1.00400 
vt 2.99600 -1.00400 
vt 2.99600 -1.24610 
vt 2.24210 -1.00400 
vt 2.24210 -1.24610 
vt 2.99600 -1.24610 
vt 2.99600 -1.00400 
vt 2.24210 -1.24610 
vt 2.24210 -1.00400 
vt 2.99600 -1.00400 
vt 2.99600 -1.24610 
vt 2.24210 -1.00400 
vt 2.24210 -1.24610 
vt 3.99990 -0.98440 
vt 3.99990 -0.01670 
vt 4.99990 -0.98440 
vt 4.99990 -0.01670 
vt 0.99990 -0.98440 
vt 0.99990 -0.01670 
vt 3.99990 -0.98440 
vt 3.99990 -0.01670 
vt 0.00000 -0.98440 
vt 0.99990 -0.01670 
vt 0.00000 -0.01670 
vt 0.99990 -0.98440 
vt 0.99990 -0.01670 
vt 0.99990 -0.01670 
vt 0.00000 -0.01670 
vt 0.99990 -0.98440 
vt 0.00000 -0.98440 
vt 0.99990 -0.01670 
vt 0.00000 -0.01670 
vt 3.99990 -0.98440 
vt 3.99990 -0.01670 
vt 0.99990 -0.01670 
vt 0.99990 -0.98440 
vt 0.99990 -0.01670 
vt 0.00000 -0.01670 
vt 4.99990 -0.98440 
vt 4.99990 -0.01670 
vt 3.99990 -0.98440 
vt 0.99990 -0.01670 
vt 3.99990 -0.01670 
vt 0.99990 -0.98440 
vt 0.00000 -0.98440 
vt 0.99990 -0.01670 
vt 0.00000 -0.01670 
vt 0.99990 -0.98440 
vt 0.99990 -0.01670 
vt 0.00000 -0.01670 
vt 3.99990 -0.98440 
vt 3.99990 -0.01670 
vt 0.99990 -0.01670 
vt 3.99990 -0.98440 
vt 0.99990 -0.01670 
vt 3.99990 -0.01670 
vt 4.99990 -0.98440 
vt 4.99990 -0.01670 
vt 3.96870 -6.09370 
vt 3.24990 -5.96880 
vt 3.96870 -4.87510 
vt 3.24990 -5.00010 
vt 3.96870 -6.09370 
vt 3.96870 -4.87510 
vt 3.24990 -5.96880 
vt 3.24990 -5.00010 
vt 0.01560 -1.00000 
vt 0.32810 -1.00000 
vt 0.01560 -0.01570 
vt 0.32810 -0.01570 
vt 0.48430 -1.00000 
vt 0.48430 -0.01570 
vt -0.12490 -2.00000 
vt -0.17180 -2.00000 
vt -0.12490 -1.00790 
vt -0.17180 -1.00790 
vt -0.24210 -2.00000 
vt -0.24210 -1.00790 
vt -0.08590 -2.00000 
vt -0.08590 -1.00790 
vt -0.00780 -2.00000 
vt -0.08590 -2.00000 
vt -0.00780 -1.00790 
vt -0.08590 -1.00790 
vt -0.12490 -2.00000 
vt -0.17180 -2.00000 
vt -0.12490 -1.00790 
vt -0.17180 -1.00790 
vt -0.24210 -2.00000 
vt -0.24210 -1.00790 
vt -0.08590 -2.00000 
vt -0.08590 -1.00790 
vt -0.00780 -2.00000 
vt -0.08590 -2.00000 
vt -0.00780 -1.00790 
vt -0.08590 -1.00790 
vt -0.12490 -2.00000 
vt -0.17180 -2.00000 
vt -0.12490 -1.00790 
vt -0.17180 -1.00790 
vt -0.24210 -2.00000 
vt -0.24210 -1.00790 
vt -0.08590 -2.00000 
vt -0.08590 -1.00790 
vt -0.00780 -2.00000 
vt -0.08590 -2.00000 
vt -0.00780 -1.00790 
vt -0.08590 -1.00790 
vt 0.89840 -1.00000 
vt 0.50780 -1.00000 
vt 0.89840 -0.00790 
vt 0.50780 -0.00790 
vt 0.99210 -1.00000 
vt 0.99210 -0.00790 
vt 0.00780 -1.00000 
vt 0.28900 -1.00000 
vt 0.00780 -0.00790 
vt 0.28900 -0.00790 
vt 0.49210 -1.00000 
vt 0.49210 -0.00790 
vt 2.99990 -1.00000 
vt 2.99990 -0.29690 
vt 1.99990 -1.00000 
vt 1.99990 -0.29690 
vt 2.82810 -0.00010 
vt 2.18740 -0.00010 
vt 2.99990 -1.00000 
vt 2.99990 -0.29690 
vt 2.82810 -0.00010 
vt 1.99990 -0.29690 
vt 2.99990 -0.29690 
vt 2.18740 -0.00010 
vt 2.82810 -0.00010 
vt 1.99990 -1.00000 
vt 4.60290 -5.99990 
vt 5.10290 -5.99990 
vt 4.60290 0.99990 
vt 5.10290 0.99990 
vt 5.60290 -5.99990 
vt 5.60290 0.99990 
vt 4.10290 -5.99990 
vt 4.10290 0.99990 
vt 6.10290 -5.99990 
vt 6.10290 0.99990 
vt 3.60290 -5.99990 
vt 3.60290 0.99990 
vt 3.10290 -5.99990 
vt 3.10290 0.99990 
vt 1.60290 -5.00000 
vt 1.85290 -5.00000 
vt 1.60290 -4.00790 
vt 1.85290 -4.00790 
vt 2.10290 -5.00000 
vt 2.10290 -4.00790 
vt 1.60290 -4.03130 
vt 1.85290 -4.03130 
vt 2.10290 -4.03130 
vt 1.35290 -5.00000 
vt 1.35290 -4.00790 
vt 2.35290 -5.00000 
vt 2.35290 -4.00790 
vt 1.35290 -4.03130 
vt 2.35290 -4.03130 
vt 1.85290 -4.24220 
vt 2.10290 -4.24220 
vt 1.85290 -4.53910 
vt 2.10290 -4.53910 
vt 1.60290 -4.24220 
vt 1.60290 -4.53910 
vt 1.35290 -4.24220 
vt 1.35290 -4.53910 
vt 2.35290 -4.24220 
vt 2.35290 -4.53910 
vt 1.10290 -5.00000 
vt 1.10290 -4.00790 
vt 1.10290 -4.03130 
vt 1.10290 -4.24220 
vt 1.10290 -4.53910 
vt 0.85290 -4.24220 
vt 0.85290 -4.53910 
vt 0.85290 -4.00790 
vt 0.85290 -4.03130 
vt 0.85290 -5.00000 
vt 1.10290 -4.00790 

s 1

g Object_2

usemtl texture0

f 1/1 2/2 3/3
f 2/2 4/4 3/3
f 2/2 5/5 4/4
f 5/5 6/6 4/4
f 5/5 7/7 6/6
f 7/7 8/8 6/6
f 9/9 1/1 10/10
f 1/1 3/3 10/10
f 4/4 6/6 11/11
f 6/6 12/12 11/11
f 3/3 4/4 13/13
f 4/4 11/11 13/13
f 6/6 8/8 12/12
f 8/8 14/14 12/12
f 10/10 3/3 15/15
f 3/3 13/13 15/15
f 7/7 16/16 8/8
f 16/16 17/17 8/8
f 18/18 9/9 19/19
f 9/9 10/10 19/19
f 11/11 12/12 20/20
f 12/12 21/21 20/20
f 13/13 11/11 22/22
f 11/11 20/20 22/22
f 12/12 14/14 21/21
f 14/14 23/23 21/21
f 15/15 13/13 24/24
f 13/13 22/22 24/24
f 20/20 21/21 25/25
f 21/21 26/26 25/25
f 22/22 20/20 27/27
f 20/20 25/25 27/27
f 8/8 17/17 14/14
f 17/17 28/28 14/14
f 19/19 10/10 29/29
f 10/10 15/15 29/29
f 21/21 23/23 26/26
f 23/23 30/30 26/26
f 24/24 22/22 31/31
f 22/22 27/27 31/31
f 14/14 28/28 23/23
f 28/28 32/32 23/23
f 29/29 15/15 33/33
f 15/15 24/24 33/33
f 23/23 32/32 30/30
f 32/32 34/34 30/30
f 33/33 24/24 35/35
f 24/24 31/31 35/35
f 16/16 36/36 17/17
f 36/36 37/37 17/17
f 38/38 18/18 39/39
f 18/18 19/19 39/39
f 17/17 37/37 28/28
f 37/37 40/40 28/28
f 39/39 19/19 41/41
f 19/19 29/29 41/41
f 28/28 40/40 32/32
f 40/40 42/42 32/32
f 41/41 29/29 43/43
f 29/29 33/33 43/43
f 32/32 42/42 34/34
f 42/42 44/44 34/34
f 43/43 33/33 45/45
f 33/33 35/35 45/45
f 42/42 46/46 44/44
f 46/46 47/47 44/44
f 48/48 43/43 49/49
f 43/43 45/45 49/49
f 40/40 50/50 42/42
f 50/50 46/46 42/42
f 51/51 41/41 48/48
f 41/41 43/43 48/48
f 37/37 52/52 40/40
f 52/52 50/50 40/40
f 53/53 39/39 51/51
f 39/39 41/41 51/51
f 36/36 54/54 37/37
f 54/54 52/52 37/37
f 55/55 38/38 53/53
f 38/38 39/39 53/53
f 46/46 56/56 47/47
f 56/56 57/57 47/47
f 58/58 48/48 59/59
f 48/48 49/49 59/59
f 50/50 60/60 46/46
f 60/60 56/56 46/46
f 61/61 51/51 58/58
f 51/51 48/48 58/58
f 58/58 59/59 62/62
f 63/63 62/62 59/59
f 56/56 64/64 57/57
f 64/64 65/65 57/57
f 66/66 62/62 67/67
f 62/62 63/63 67/67
f 52/52 68/68 50/50
f 68/68 60/60 50/50
f 69/69 53/53 61/61
f 53/53 51/51 61/61
f 66/66 67/67 70/70
f 71/71 70/70 67/67
f 61/61 58/58 72/72
f 62/62 72/72 58/58
f 64/64 73/73 65/65
f 73/73 74/74 65/65
f 75/75 70/70 76/76
f 70/70 71/71 76/76
f 60/60 77/77 56/56
f 77/77 64/64 56/56
f 78/78 72/72 66/66
f 72/72 62/62 66/66
f 78/78 66/66 79/79
f 70/70 79/79 66/66
f 77/77 80/80 64/64
f 80/80 73/73 64/64
f 81/81 79/79 75/75
f 79/79 70/70 75/75
f 54/54 82/82 52/52
f 82/82 68/68 52/52
f 83/83 55/55 69/69
f 55/55 53/53 69/69
f 69/69 61/61 84/84
f 72/72 84/84 61/61
f 68/68 85/85 60/60
f 85/85 77/77 60/60
f 86/86 84/84 78/78
f 84/84 72/72 78/78
f 86/86 78/78 87/87
f 79/79 87/87 78/78
f 85/85 88/88 77/77
f 88/88 80/80 77/77
f 89/89 87/87 81/81
f 87/87 79/79 81/81
f 83/83 69/69 90/90
f 90/90 69/69 84/84
f 82/82 91/91 68/68
f 91/91 85/85 68/68
f 92/92 90/90 86/86
f 90/90 84/84 86/86
f 92/92 86/86 93/93
f 93/93 86/86 87/87
f 91/91 94/94 85/85
f 94/94 88/88 85/85
f 95/95 93/93 89/89
f 93/93 87/87 89/89
f 96/96 97/97 98/98
f 97/97 99/99 98/98
f 100/100 101/101 102/102
f 101/101 103/103 102/102
f 98/98 99/99 104/104
f 99/99 105/105 104/104
f 106/106 107/107 100/100
f 107/107 101/101 100/100
f 104/104 105/105 108/108
f 105/105 109/109 108/108
f 110/110 111/111 106/106
f 111/111 107/107 106/106
f 108/108 109/109 112/112
f 109/109 113/113 112/112
f 114/114 115/115 110/110
f 115/115 111/111 110/110
f 112/112 113/113 116/116
f 113/113 117/117 116/116
f 118/118 119/119 114/114
f 119/119 115/115 114/114
f 116/116 117/117 120/120
f 117/117 121/121 120/120
f 122/122 123/123 118/118
f 123/123 119/119 118/118
f 120/120 121/121 124/124
f 121/121 125/125 124/124
f 126/126 127/127 122/122
f 127/127 123/123 122/122
f 124/124 125/125 128/128
f 125/125 129/129 128/128
f 128/128 129/129 126/126
f 129/129 127/127 126/126
f 130/130 131/131 132/132
f 133/133 134/134 135/135
f 134/134 136/136 135/135
f 137/137 138/138 139/139
f 137/137 139/139 140/140
f 141/141 142/142 143/143
f 144/144 145/145 146/146
f 147/147 148/148 149/149
f 148/148 150/150 149/149
f 149/149 150/150 151/151
f 150/150 152/152 153/153
f 150/150 153/153 151/151
f 149/149 151/151 154/154
f 149/149 155/155 156/156
f 157/157 158/158 159/159
f 158/158 149/149 160/160
f 156/156 155/155 161/161
f 149/149 162/162 160/160
f 158/158 160/160 159/159
f 163/163 164/164 165/165
f 166/166 167/167 159/159
f 167/167 157/157 159/159
f 163/163 168/168 164/164
f 169/169 164/164 168/168
f 170/170 171/171 172/172
f 173/173 174/174 175/175
f 176/176 177/177 175/175
f 178/178 179/179 180/180
f 181/181 182/182 183/183
f 184/184 185/185 186/186
f 185/185 187/187 186/186
f 188/188 189/189 190/190
f 190/190 189/189 191/191
f 192/192 193/193 194/194
f 195/195 196/196 197/197
f 195/195 198/198 196/196
f 199/199 198/198 195/195
f 200/200 198/198 199/199
f 200/200 199/199 201/201
f 202/202 203/203 204/204
f 205/205 202/202 206/206
f 202/202 204/204 206/206
f 207/207 208/208 209/209
f 210/210 209/209 208/208
f 211/211 212/212 213/213
f 214/214 215/215 216/216
f 217/217 218/218 219/219
f 220/220 221/221 219/219
f 222/222 223/223 224/224
f 225/225 226/226 227/227
f 228/228 229/229 230/230
f 231/231 232/232 230/230
f 233/233 234/234 235/235
f 234/234 236/236 237/237
f 233/233 238/238 234/234
f 239/239 240/240 241/241
f 242/242 243/243 233/233
f 242/242 244/244 243/243
f 245/245 244/244 242/242
f 245/245 242/242 246/246
f 239/239 233/233 240/240
f 233/233 235/235 240/240
f 247/247 248/248 249/249
f 249/249 248/248 250/250
f 251/251 252/252 253/253
f 251/251 253/253 254/254
f 255/255 252/252 251/251
f 255/255 256/256 252/252
f 257/257 258/258 259/259
f 259/259 258/258 260/260

usemtl texture1

f 261/261 262/262 263/263
f 262/262 264/264 263/263
f 265/265 263/263 266/266
f 263/263 264/264 266/266
f 265/265 266/266 267/267
f 266/266 268/268 267/267
f 261/261 269/269 262/262
f 269/269 270/270 262/262
f 271/271 267/267 272/272
f 267/267 268/268 272/272
f 273/273 274/274 269/269
f 274/274 270/270 269/269
f 264/264 275/275 266/266
f 262/262 276/276 264/264
f 266/266 275/275 268/268
f 270/270 276/276 262/262
f 264/264 276/276 275/275
f 268/268 275/275 277/277
f 270/270 278/278 276/276
f 268/268 277/277 272/272
f 274/274 278/278 270/270
f 276/276 279/279 275/275
f 271/271 272/272 280/280
f 272/272 281/281 280/280
f 273/273 282/282 274/274
f 282/282 283/283 274/274
f 275/275 279/279 277/277
f 278/278 279/279 276/276
f 272/272 277/277 281/281
f 283/283 278/278 274/274
f 277/277 279/279 284/284
f 281/281 277/277 284/284
f 285/285 279/279 278/278
f 283/283 285/285 278/278
f 281/281 284/284 286/286
f 287/287 285/285 283/283
f 284/284 279/279 288/288
f 289/289 279/279 285/285
f 288/288 279/279 289/289
f 286/286 284/284 290/290
f 291/291 285/285 287/287
f 292/292 280/280 286/286
f 280/280 281/281 286/286
f 293/293 287/287 282/282
f 287/287 283/283 282/282
f 290/290 284/284 288/288
f 291/291 289/289 285/285
f 294/294 288/288 289/289
f 290/290 288/288 295/295
f 296/296 289/289 291/291
f 295/295 288/288 294/294
f 294/294 289/289 296/296
f 292/292 286/286 297/297
f 286/286 290/290 297/297
f 293/293 298/298 287/287
f 298/298 291/291 287/287
f 299/299 297/297 295/295
f 297/297 290/290 295/295
f 300/300 296/296 298/298
f 296/296 291/291 298/298
f 299/299 295/295 301/301
f 295/295 294/294 301/301
f 300/300 301/301 296/296
f 301/301 294/294 296/296

usemtl texture2

f 302/302 303/303 304/304
f 305/305 303/303 302/302
f 306/306 307/307 308/308
f 308/308 307/307 303/303
f 309/309 308/308 305/305
f 308/308 303/303 305/305
f 310/310 311/311 312/312
f 313/313 311/311 310/310
f 314/314 315/315 316/316
f 316/316 315/315 317/317
f 318/318 316/316 319/319
f 316/316 320/320 319/319
f 321/321 322/322 323/323
f 322/322 324/324 323/323
f 325/325 326/326 322/322
f 322/322 326/326 324/324
f 323/323 324/324 327/327
f 327/327 324/324 328/328
f 329/329 330/330 331/331
f 331/331 330/330 332/332
f 333/333 334/334 329/329
f 334/334 330/330 329/329
f 335/335 336/336 334/334
f 334/334 336/336 330/330

usemtl texture3

f 337/337 338/338 339/339
f 338/338 340/340 339/339
f 338/338 337/337 341/341
f 337/337 342/342 341/341
f 339/339 343/343 344/344
f 343/343 345/345 344/344
f 344/344 345/345 346/346
f 345/345 347/347 346/346
f 348/348 349/349 342/342
f 349/349 341/341 342/342
f 350/350 351/351 352/352
f 352/352 351/351 353/353
f 353/353 354/354 355/355
f 354/354 356/356 355/355
f 356/356 357/357 352/352
f 357/357 358/358 352/352
f 359/359 360/360 361/361
f 361/361 360/360 362/362
f 363/363 364/364 365/365
f 364/364 366/366 365/365
f 362/362 367/367 361/361
f 367/367 368/368 361/361
f 368/368 369/369 361/361
f 369/369 370/370 361/361
f 371/371 365/365 372/372
f 366/366 372/372 365/365
f 367/367 373/373 368/368
f 373/373 374/374 368/368
f 375/375 376/376 377/377
f 377/377 376/376 378/378
f 379/379 380/380 381/381
f 380/380 382/382 381/381
f 378/378 383/383 377/377
f 383/383 379/379 377/377
f 383/383 384/384 379/379
f 384/384 385/385 379/379
f 386/386 387/387 388/388
f 388/388 387/387 389/389
f 390/390 391/391 392/392
f 393/393 392/392 391/391
f 394/394 395/395 396/396
f 397/397 394/394 396/396
f 398/398 399/399 400/400
f 399/399 401/401 400/400
f 401/401 402/402 403/403
f 402/402 404/404 403/403
f 405/405 406/406 407/407
f 408/408 409/409 410/410
f 409/409 411/411 410/410
f 412/412 408/408 413/413
f 408/408 410/410 413/413
f 410/410 414/414 413/413
f 414/414 415/415 413/413
f 416/416 417/417 413/413
f 413/413 417/417 412/412
f 405/405 418/418 406/406
f 418/418 419/419 406/406
f 420/420 421/421 422/422
f 421/421 423/423 422/422
f 424/424 420/420 425/425
f 420/420 422/422 425/425
f 422/422 426/426 425/425
f 426/426 427/427 425/425
f 428/428 429/429 425/425
f 425/425 429/429 424/424
f 430/430 431/431 432/432
f 431/431 433/433 432/432
f 434/434 430/430 435/435
f 430/430 432/432 435/435
f 432/432 436/436 435/435
f 436/436 437/437 435/435
f 438/438 439/439 435/435
f 435/435 439/439 434/434
f 440/440 441/441 442/442
f 441/441 443/443 442/442
f 444/444 440/440 445/445
f 440/440 442/442 445/445
f 442/442 446/446 445/445
f 446/446 447/447 445/445
f 448/448 449/449 445/445
f 445/445 449/449 444/444

usemtl texture4

f 450/450 451/451 452/452
f 452/452 451/451 453/453
f 453/453 454/454 455/455
f 454/454 456/456 455/455
f 457/457 458/458 452/452
f 458/458 450/450 452/452
f 459/459 460/460 461/461
f 460/460 462/462 461/461
f 463/463 464/464 459/459
f 464/464 460/460 459/459
f 465/465 466/466 467/467
f 467/467 466/466 468/468
f 469/469 470/470 471/471
f 470/470 472/472 471/471
f 473/473 474/474 467/467
f 474/474 465/465 467/467
f 475/475 476/476 477/477
f 476/476 478/478 477/477
f 479/479 480/480 481/481
f 481/481 480/480 482/482
f 483/483 484/484 481/481
f 484/484 479/479 481/481
f 485/485 486/486 487/487
f 486/486 488/488 487/487
f 489/489 490/490 491/491
f 490/490 492/492 491/491
f 488/488 493/493 491/491
f 491/491 493/493 489/489
f 494/494 495/495 496/496
f 496/496 495/495 497/497
f 498/498 499/499 500/500
f 499/499 501/501 500/500
f 502/502 503/503 496/496
f 503/503 494/494 496/496
f 504/504 505/505 506/506
f 506/506 505/505 507/507
f 507/507 508/508 509/509
f 508/508 510/510 509/509
f 511/511 512/512 506/506
f 512/512 504/504 506/506
f 513/513 514/514 515/515
f 514/514 516/516 515/515
f 517/517 518/518 515/515
f 518/518 519/519 515/515
f 520/520 521/521 522/522
f 521/521 523/523 522/522
f 524/524 525/525 526/526
f 525/525 527/527 526/526
f 528/528 529/529 530/530
f 529/529 531/531 530/530
f 532/532 533/533 530/530
f 533/533 534/534 530/530
f 531/531 535/535 530/530
f 530/530 535/535 532/532
f 536/536 537/537 538/538
f 537/537 539/539 538/538
f 540/540 541/541 542/542
f 542/542 541/541 536/536
f 543/543 544/544 542/542
f 544/544 540/540 542/542
f 545/545 546/546 547/547
f 546/546 548/548 547/547
f 549/549 550/550 547/547
f 547/547 550/550 545/545
f 551/551 552/552 547/547
f 552/552 549/549 547/547
f 553/553 554/554 555/555
f 554/554 556/556 555/555
f 557/557 558/558 559/559
f 559/559 558/558 555/555
f 560/560 561/561 562/562
f 561/561 563/563 562/562
f 564/564 565/565 566/566
f 565/565 567/567 566/566
f 563/563 568/568 562/562
f 562/562 568/568 569/569
f 570/570 571/571 572/572
f 571/571 573/573 572/572
f 572/572 573/573 574/574
f 573/573 575/575 574/574
f 576/576 577/577 578/578
f 578/578 577/577 579/579
f 580/580 581/581 579/579
f 581/581 582/582 579/579

usemtl texture5

f 583/583 584/584 585/585
f 584/584 586/586 585/585
f 587/587 588/588 589/589
f 589/589 588/588 590/590
f 591/591 592/592 589/589
f 592/592 587/587 589/589
f 593/593 594/594 595/595
f 594/594 596/596 595/595
f 597/597 598/598 599/599
f 599/599 598/598 600/600
f 601/601 602/602 599/599
f 602/602 597/597 599/599
f 603/603 604/604 605/605
f 605/605 604/604 606/606
f 606/606 607/607 605/605
f 607/607 608/608 605/605
f 608/608 609/609 605/605
f 609/609 603/603 605/605
f 610/610 611/611 612/612
f 611/611 613/613 612/612
f 614/614 615/615 610/610
f 615/615 611/611 610/610
f 616/616 617/617 618/618
f 617/617 619/619 618/618
f 620/620 621/621 622/622
f 623/623 624/624 622/622
f 624/624 620/620 622/622
f 625/625 621/621 626/626
f 626/626 621/621 620/620
f 622/622 621/621 627/627
f 621/621 625/625 627/627
f 628/628 629/629 630/630
f 630/630 631/631 628/628
f 628/628 631/631 632/632
f 633/633 634/634 632/632
f 632/632 634/634 628/628
f 635/635 629/629 636/636
f 636/636 629/629 628/628
f 637/637 638/638 639/639
f 639/639 640/640 637/637
f 637/637 640/640 641/641
f 642/642 643/643 641/641
f 641/641 643/643 644/644
f 645/645 638/638 646/646
f 646/646 638/638 637/637
f 647/647 648/648 649/649
f 648/648 650/650 649/649
f 651/651 652/652 647/647
f 652/652 648/648 647/647
f 653/653 654/654 655/655
f 654/654 656/656 655/655
f 657/657 658/658 655/655
f 658/658 653/653 655/655
f 656/656 659/659 655/655
f 655/655 659/659 657/657
f 660/660 661/661 662/662
f 662/662 663/663 660/660
f 660/660 663/663 664/664
f 665/665 666/666 664/664
f 664/664 666/666 660/660
f 667/667 661/661 668/668
f 668/668 661/661 660/660
f 669/669 670/670 671/671
f 670/670 672/672 671/671
f 673/673 674/674 671/671
f 674/674 675/675 671/671
f 676/676 677/677 678/678
f 678/678 677/677 679/679
f 680/680 681/681 678/678
f 681/681 676/676 678/678
f 679/679 682/682 678/678
f 682/682 683/683 678/678
f 684/684 685/685 686/686
f 686/686 687/687 684/684
f 684/684 687/687 688/688
f 689/689 690/690 688/688
f 688/688 690/690 684/684
f 691/691 685/685 692/692
f 692/692 685/685 684/684
f 693/693 694/694 695/695
f 696/696 697/697 698/698
f 699/699 695/695 700/700
f 695/695 694/694 700/700
f 701/701 702/702 703/703
f 702/702 704/704 703/703
f 693/693 697/697 694/694
f 696/696 694/694 697/697
f 705/705 706/706 707/707
f 706/706 708/708 707/707
f 709/709 710/710 707/707
f 710/710 711/711 707/707
f 708/708 712/712 707/707
f 707/707 712/712 709/709
f 713/713 714/714 715/715
f 715/715 714/714 716/716
f 717/717 718/718 719/719
f 719/719 718/718 720/720
f 721/721 722/722 723/723
f 721/721 723/723 724/724
f 725/725 726/726 727/727
f 726/726 728/728 727/727
f 727/727 728/728 729/729
f 728/728 730/730 729/729
f 731/731 732/732 733/733
f 732/732 734/734 733/733
f 735/735 736/736 733/733
f 736/736 737/737 733/733
f 738/738 739/739 740/740
f 739/739 741/741 740/740
f 740/740 741/741 742/742
f 741/741 743/743 742/742
f 744/744 745/745 746/746
f 745/745 747/747 746/746
f 748/748 749/749 744/744
f 749/749 745/745 744/744
f 750/750 751/751 752/752
f 751/751 753/753 752/752
f 754/754 755/755 752/752
f 755/755 756/756 752/752
f 757/757 758/758 759/759
f 758/758 760/760 759/759
f 761/761 762/762 757/757
f 762/762 758/758 757/757
f 763/763 764/764 765/765
f 764/764 766/766 765/765
f 767/767 768/768 765/765
f 765/765 768/768 763/763
f 769/769 770/770 765/765
f 770/770 767/767 765/765
f 771/771 772/772 773/773
f 772/772 774/774 773/773
f 775/775 776/776 777/777
f 778/778 779/779 775/775
f 779/779 776/776 775/775
f 780/780 781/781 777/777
f 781/781 775/775 777/777

usemtl texture7

f 788/788 789/789 790/790
f 789/789 791/791 792/792
f 793/793 794/794 792/792
f 791/791 795/795 796/796
f 797/797 798/798 796/796
f 795/795 797/797 796/796
f 799/799 800/800 801/801
f 800/800 802/802 801/801
f 800/800 803/803 802/802
f 803/803 804/804 802/802
f 802/802 804/804 805/805
f 804/804 806/806 805/805
f 801/801 802/802 807/807
f 802/802 805/805 807/807
f 807/807 805/805 788/788
f 805/805 789/789 788/788
f 805/805 806/806 789/789
f 806/806 791/791 789/789
f 808/808 809/809 810/810
f 809/809 811/811 810/810
f 812/812 813/813 808/808
f 813/813 809/809 808/808
f 803/803 814/814 804/804
f 814/814 815/815 804/804
f 804/804 815/815 806/806
f 815/815 816/816 806/806
f 810/810 811/811 793/793
f 811/811 794/794 793/793
f 806/806 816/816 791/791
f 816/816 795/795 791/791
f 817/817 818/818 797/797
f 818/818 798/798 797/797
f 816/816 817/817 795/795
f 817/817 797/797 795/795
f 819/819 820/820 817/817
f 820/820 818/818 817/817
f 821/821 819/819 816/816
f 819/819 817/817 816/816
f 822/822 823/823 819/819
f 823/823 820/820 819/819
f 814/814 822/822 815/815
f 822/822 819/819 815/815
f 824/824 825/825 826/826
f 826/826 825/825 827/827
f 828/828 829/829 830/830
f 829/829 824/824 830/830
f 831/831 832/832 833/833
f 832/832 834/834 833/833
f 831/831 833/833 835/835
f 835/835 833/833 836/836
f 837/837 838/838 839/839
f 840/840 841/841 842/842
f 843/843 844/844 845/845
f 844/844 846/846 845/845
f 847/847 848/848 849/849
f 848/848 850/850 849/849
f 837/837 848/848 838/838
f 848/848 843/843 838/838
f 844/844 851/851 852/852
f 851/851 853/853 852/852
f 854/854 840/840 855/855
f 856/856 855/855 840/840
f 857/857 856/856 858/858
f 856/856 859/859 858/858
f 860/860 861/861 857/857
f 861/861 862/862 857/857

usemtl texture8

f 863/863 864/864 865/865
f 864/864 866/866 865/865
f 867/867 868/868 869/869
f 868/868 870/870 869/869
f 871/871 872/872 867/867
f 872/872 868/868 867/867
f 873/873 874/874 875/875
f 874/874 876/876 875/875
f 874/874 870/870 876/876
f 870/870 868/868 876/876
f 877/877 878/878 879/879
f 879/879 878/878 880/880
f 881/881 882/882 883/883
f 882/882 884/884 883/883
f 885/885 886/886 887/887
f 886/886 888/888 887/887
f 882/882 881/881 889/889
f 888/888 889/889 881/881
f 890/890 891/891 889/889
f 891/891 892/892 889/889
f 886/886 890/890 888/888
f 890/890 889/889 888/888
f 887/887 888/888 881/881
f 892/892 884/884 882/882
f 889/889 892/892 882/882
f 893/893 894/894 895/895
f 895/895 894/894 896/896
f 897/897 898/898 899/899
f 898/898 900/900 899/899
f 901/901 902/902 895/895
f 902/902 893/893 895/895
f 903/903 904/904 905/905
f 905/905 904/904 906/906
f 906/906 907/907 908/908
f 907/907 909/909 908/908
f 909/909 907/907 910/910
f 910/910 907/907 911/911
f 912/912 913/913 914/914
f 914/914 913/913 915/915
f 916/916 917/917 918/918
f 918/918 917/917 919/919
f 920/920 921/921 922/922
f 922/922 921/921 923/923

usemtl texture9

f 924/924 925/925 926/926
f 925/925 927/927 926/926
f 925/925 928/928 927/927
f 928/928 929/929 927/927
f 930/930 931/931 932/932
f 931/931 933/933 932/932
f 932/932 934/934 930/930
f 934/934 935/935 930/930
f 936/936 937/937 938/938
f 937/937 939/939 938/938
f 940/940 936/936 941/941
f 936/936 938/938 941/941
f 942/942 943/943 944/944
f 943/943 945/945 944/944
f 943/943 946/946 945/945
f 946/946 947/947 945/945
f 948/948 949/949 950/950
f 949/949 951/951 950/950
f 952/952 948/948 953/953
f 948/948 950/950 953/953

usemtl texture10

f 954/954 955/955 956/956
f 955/955 957/957 956/956
f 958/958 959/959 955/955
f 955/955 959/959 957/957
f 960/960 961/961 962/962
f 961/961 963/963 962/962
f 960/960 964/964 965/965
f 964/964 966/966 965/965
f 967/967 968/968 969/969
f 969/969 968/968 970/970
f 971/971 969/969 972/972
f 969/969 970/970 972/972
f 973/973 974/974 975/975
f 974/974 976/976 975/975
f 977/977 978/978 974/974
f 974/974 978/978 976/976
f 979/979 980/980 981/981
f 981/981 980/980 982/982
f 983/983 981/981 984/984
f 981/981 982/982 984/984

usemtl texture11

f 985/985 986/986 987/987
f 987/987 986/986 988/988
f 989/989 990/990 991/991
f 990/990 992/992 991/991
f 988/988 993/993 994/994
f 993/993 995/995 994/994
f 996/996 997/997 998/998
f 998/998 997/997 999/999
f 1000/1000 1001/1001 1002/1002
f 1003/1003 1001/1001 1000/1000
f 1004/1004 1005/1005 1006/1006
f 1006/1006 1005/1005 1007/1007
f 1008/1008 1009/1009 1010/1010
f 1010/1010 1009/1009 1011/1011
f 1012/1012 1013/1013 1014/1014
f 1013/1013 1015/1015 1014/1014
f 1016/1016 1017/1017 1013/1013
f 1013/1013 1017/1017 1018/1018
f 1011/1011 1019/1019 1020/1020
f 1019/1019 1021/1021 1020/1020

usemtl texture12

f 1022/1022 1023/1023 1024/1024
f 1022/1022 1025/1025 1023/1023
f 1024/1024 1023/1023 1026/1026
f 1023/1023 1027/1027 1026/1026
f 1028/1028 1026/1026 1029/1029
f 1029/1029 1026/1026 1027/1027
f 1030/1030 1031/1031 1032/1032
f 1031/1031 1033/1033 1032/1032
f 1028/1028 1029/1029 1022/1022
f 1022/1022 1029/1029 1025/1025
f 1034/1034 1035/1035 1036/1036
f 1037/1037 1038/1038 1039/1039
f 1035/1035 1034/1034 1037/1037
f 1037/1037 1034/1034 1038/1038
f 1040/1040 1041/1041 1042/1042
f 1041/1041 1043/1043 1042/1042
f 1041/1041 1040/1040 1044/1044
f 1040/1040 1045/1045 1044/1044
f 1044/1044 1045/1045 1046/1046
f 1045/1045 1047/1047 1046/1046
f 1048/1048 1049/1049 1050/1050
f 1050/1050 1051/1051 1048/1048
f 1052/1052 1053/1053 1054/1054
f 1053/1053 1055/1055 1054/1054
f 1056/1056 1053/1053 1057/1057
f 1053/1053 1052/1052 1057/1057
f 1056/1056 1057/1057 1058/1058
f 1057/1057 1059/1059 1058/1058
f 1060/1060 1061/1061 1062/1062
f 1062/1062 1061/1061 1063/1063
f 1064/1064 1065/1065 1066/1066
f 1065/1065 1067/1067 1066/1066
f 1068/1068 1069/1069 1070/1070
f 1069/1069 1071/1071 1070/1070
f 1071/1071 1072/1072 1070/1070
f 1072/1072 1073/1073 1070/1070
f 1074/1074 1075/1075 1076/1076
f 1074/1074 1077/1077 1075/1075
f 1078/1078 1079/1079 1080/1080
f 1079/1079 1081/1081 1080/1080
f 1082/1082 1083/1083 1084/1084
f 1082/1082 1085/1085 1083/1083
f 1086/1086 1087/1087 1088/1088
f 1086/1086 1088/1088 1089/1089
f 1090/1090 1091/1091 1092/1092
f 1092/1092 1091/1091 1093/1093
f 1094/1094 1095/1095 1091/1091
f 1095/1095 1093/1093 1091/1091
f 1096/1096 1097/1097 1098/1098
f 1097/1097 1099/1099 1098/1098
f 1090/1090 1092/1092 1100/1100
f 1100/1100 1092/1092 1101/1101
f 1100/1100 1095/1095 1094/1094
f 1100/1100 1101/1101 1095/1095

usemtl texture13

f 1102/1102 1103/1103 1104/1104
f 1104/1104 1103/1103 1105/1105
f 1105/1105 1106/1106 1104/1104
f 1106/1106 1107/1107 1104/1104
f 1108/1108 1109/1109 1110/1110
f 1109/1109 1111/1111 1110/1110
f 1112/1112 1113/1113 1110/1110
f 1110/1110 1113/1113 1114/1114
f 1115/1115 1116/1116 1117/1117
f 1117/1117 1116/1116 1118/1118
f 1115/1115 1119/1119 1120/1120
f 1119/1119 1121/1121 1120/1120
f 1122/1122 1123/1123 1124/1124
f 1123/1123 1125/1125 1124/1124
f 1124/1124 1126/1126 1122/1122
f 1126/1126 1127/1127 1122/1122
f 1128/1128 1129/1129 1130/1130
f 1131/1131 1129/1129 1128/1128
f 1128/1128 1132/1132 1133/1133
f 1128/1128 1133/1133 1131/1131
f 1134/1134 1135/1135 1136/1136
f 1135/1135 1137/1137 1136/1136
f 1138/1138 1139/1139 1136/1136
f 1136/1136 1139/1139 1140/1140
f 1141/1141 1142/1142 1143/1143
f 1142/1142 1144/1144 1143/1143
f 1143/1143 1145/1145 1146/1146
f 1145/1145 1147/1147 1146/1146
f 1148/1148 1149/1149 1150/1150
f 1149/1149 1151/1151 1150/1150
f 1152/1152 1153/1153 1148/1148
f 1153/1153 1154/1154 1148/1148
f 1155/1155 1156/1156 1157/1157
f 1156/1156 1158/1158 1157/1157
f 1157/1157 1159/1159 1160/1160
f 1159/1159 1161/1161 1160/1160

usemtl texture14

f 1162/1162 1163/1163 1164/1164
f 1163/1163 1165/1165 1164/1164
f 1162/1162 1166/1166 1167/1167
f 1166/1166 1168/1168 1167/1167
f 1169/1169 1170/1170 1171/1171
f 1170/1170 1172/1172 1171/1171
f 1173/1173 1174/1174 1175/1175
f 1174/1174 1176/1176 1175/1175
f 1177/1177 1178/1178 1179/1179
f 1179/1179 1178/1178 1180/1180
f 1181/1181 1182/1182 1183/1183
f 1182/1182 1184/1184 1183/1183
f 1185/1185 1186/1186 1187/1187
f 1187/1187 1186/1186 1188/1188
f 1189/1189 1190/1190 1191/1191
f 1191/1191 1190/1190 1192/1192
f 1193/1193 1194/1194 1195/1195
f 1194/1194 1196/1196 1195/1195
f 1193/1193 1195/1195 1197/1197
f 1195/1195 1198/1198 1197/1197
f 1199/1199 1200/1200 1201/1201
f 1200/1200 1202/1202 1201/1201
f 1199/1199 1201/1201 1203/1203
f 1201/1201 1204/1204 1203/1203
f 1205/1205 1206/1206 1207/1207
f 1206/1206 1208/1208 1207/1207
f 1209/1209 1210/1210 1211/1211
f 1210/1210 1212/1212 1211/1211
f 1213/1213 1214/1214 1215/1215
f 1214/1214 1216/1216 1215/1215
f 1217/1217 1218/1218 1219/1219
f 1218/1218 1220/1220 1219/1219
f 1221/1221 1222/1222 1223/1223
f 1222/1222 1224/1224 1223/1223
f 1225/1225 1226/1226 1227/1227
f 1226/1226 1228/1228 1227/1227
f 1229/1229 1230/1230 1231/1231
f 1230/1230 1232/1232 1231/1231
f 1233/1233 1234/1234 1235/1235
f 1234/1234 1236/1236 1235/1235

usemtl texture15

f 1237/1237 1238/1238 1239/1239
f 1237/1237 1240/1240 1238/1238
f 1241/1241 1242/1242 1243/1243
f 1241/1241 1243/1243 1244/1244
f 1245/1245 1246/1246 1247/1247
f 1245/1245 1248/1248 1246/1246
f 1249/1249 1250/1250 1251/1251
f 1249/1249 1251/1251 1252/1252
f 1253/1253 1254/1254 1255/1255
f 1253/1253 1256/1256 1254/1254
f 1257/1257 1258/1258 1259/1259
f 1257/1257 1260/1260 1258/1258
f 1261/1261 1262/1262 1263/1263
f 1261/1261 1264/1264 1262/1262
f 1265/1265 1266/1266 1267/1267
f 1265/1265 1268/1268 1266/1266

usemtl texture16

f 1269/1269 1270/1270 1271/1271
f 1271/1271 1270/1270 1272/1272
f 1273/1273 1274/1274 1269/1269
f 1269/1269 1274/1274 1270/1270
f 1273/1273 1275/1275 1274/1274
f 1275/1275 1276/1276 1274/1274
f 1277/1277 1278/1278 1279/1279
f 1278/1278 1280/1280 1279/1279
f 1279/1279 1281/1281 1282/1282
f 1281/1281 1283/1283 1282/1282
f 1284/1284 1285/1285 1286/1286
f 1285/1285 1287/1287 1286/1286
f 1288/1288 1278/1278 1284/1284
f 1284/1284 1278/1278 1289/1289

usemtl texture17

f 1290/1290 1291/1291 1292/1292
f 1293/1293 1292/1292 1291/1291
f 1294/1294 1295/1295 1290/1290
f 1291/1291 1290/1290 1295/1295
f 1295/1295 1294/1294 1296/1296
f 1294/1294 1297/1297 1296/1296
f 1296/1296 1297/1297 1298/1298
f 1297/1297 1299/1299 1298/1298
f 1300/1300 1301/1301 1299/1299
f 1298/1298 1299/1299 1301/1301
f 1302/1302 1301/1301 1303/1303
f 1301/1301 1300/1300 1303/1303
f 1304/1304 1305/1305 1306/1306
f 1305/1305 1307/1307 1306/1306
f 1308/1308 1304/1304 1309/1309
f 1304/1304 1306/1306 1309/1309
f 1310/1310 1311/1311 1312/1312
f 1313/1313 1312/1312 1311/1311

usemtl texture18

f 1314/1314 1315/1315 1316/1316
f 1317/1317 1318/1318 1319/1319
f 1320/1320 1321/1321 1322/1322
f 1321/1321 1323/1323 1322/1322
f 1324/1324 1323/1323 1325/1325
f 1323/1323 1326/1326 1325/1325
f 1327/1327 1326/1326 1328/1328
f 1326/1326 1329/1329 1328/1328
f 1330/1330 1329/1329 1331/1331
f 1329/1329 1332/1332 1331/1331
f 1320/1320 1322/1322 1333/1333
f 1322/1322 1334/1334 1333/1333
f 1321/1321 1335/1335 1323/1323
f 1335/1335 1336/1336 1323/1323
f 1337/1337 1324/1324 1338/1338
f 1324/1324 1325/1325 1338/1338
f 1336/1336 1339/1339 1340/1340
f 1340/1340 1339/1339 1341/1341
f 1327/1327 1328/1328 1338/1338
f 1328/1328 1342/1342 1338/1338
f 1326/1326 1339/1339 1329/1329
f 1339/1339 1343/1343 1329/1329
f 1344/1344 1345/1345 1346/1346
f 1345/1345 1331/1331 1346/1346
f 1343/1343 1347/1347 1329/1329
f 1329/1329 1347/1347 1332/1332
f 1317/1317 1319/1319 1316/1316
f 1319/1319 1314/1314 1316/1316
f 1348/1348 1349/1349 1350/1350
f 1349/1349 1351/1351 1350/1350
f 1350/1350 1351/1351 1352/1352
f 1351/1351 1353/1353 1352/1352
f 1354/1354 1355/1355 1356/1356
f 1356/1356 1355/1355 1348/1348
f 1357/1357 1315/1315 1358/1358
f 1315/1315 1359/1359 1358/1358
f 1360/1360 1356/1356 1318/1318
f 1356/1356 1348/1348 1318/1318
f 1316/1316 1315/1315 1361/1361
f 1315/1315 1362/1362 1361/1361
f 1360/1360 1363/1363 1364/1364
f 1364/1364 1363/1363 1317/1317
f 1365/1365 1366/1366 1367/1367
f 1366/1366 1368/1368 1367/1367
f 1369/1369 1364/1364 1370/1370
f 1364/1364 1317/1317 1370/1370

usemtl texture19

f 1371/1371 1372/1372 1373/1373
f 1372/1372 1374/1374 1373/1373
f 1375/1375 1371/1371 1376/1376
f 1371/1371 1373/1373 1376/1376
f 1377/1377 1378/1378 1372/1372
f 1372/1372 1378/1378 1379/1379
f 1380/1380 1381/1381 1382/1382
f 1381/1381 1383/1383 1382/1382
f 1384/1384 1385/1385 1386/1386
f 1386/1386 1385/1385 1387/1387
f 1381/1381 1380/1380 1388/1388
f 1380/1380 1389/1389 1388/1388
f 1390/1390 1387/1387 1391/1391
f 1391/1391 1387/1387 1385/1385

usemtl texture20

f 1392/1392 1393/1393 1394/1394
f 1394/1394 1393/1393 1395/1395
f 1396/1396 1397/1397 1398/1398
f 1397/1397 1399/1399 1398/1398

usemtl texture21

f 1400/1400 1401/1401 1402/1402
f 1401/1401 1403/1403 1402/1402
f 1404/1404 1405/1405 1406/1406
f 1405/1405 1407/1407 1406/1406
f 1408/1408 1409/1409 1410/1410
f 1409/1409 1411/1411 1410/1410

usemtl texture22

f 1412/1412 1413/1413 1414/1414
f 1413/1413 1415/1415 1414/1414
f 1416/1416 1417/1417 1412/1412
f 1417/1417 1413/1413 1412/1412
f 1418/1418 1419/1419 1420/1420
f 1420/1420 1419/1419 1421/1421
f 1422/1422 1423/1423 1418/1418
f 1418/1418 1423/1423 1419/1419
f 1424/1424 1425/1425 1426/1426
f 1425/1425 1427/1427 1426/1426
f 1426/1426 1427/1427 1428/1428
f 1427/1427 1429/1429 1428/1428

usemtl texture23

f 1430/1430 1431/1431 1432/1432
f 1432/1432 1431/1431 1433/1433
f 1434/1434 1432/1432 1435/1435
f 1432/1432 1433/1433 1435/1435

usemtl texture24

f 1436/1436 1437/1437 1438/1438
f 1439/1439 1438/1438 1440/1440

usemtl texture25

f 1441/1441 1442/1442 1443/1443
f 1441/1441 1443/1443 1444/1444
f 1445/1445 1446/1446 1447/1447
f 1447/1447 1446/1446 1448/1448
f 1449/1449 1450/1450 1451/1451
f 1452/1452 1453/1453 1454/1454
f 1455/1455 1456/1456 1457/1457
f 1458/1458 1459/1459 1460/1460
f 1461/1461 1456/1456 1455/1455
f 1460/1460 1459/1459 1462/1462
f 1463/1463 1450/1450 1449/1449
f 1454/1454 1453/1453 1464/1464
f 1465/1465 1466/1466 1467/1467
f 1466/1466 1468/1468 1467/1467
f 1469/1469 1470/1470 1471/1471
f 1470/1470 1472/1472 1471/1471
f 1473/1473 1474/1474 1475/1475
f 1474/1474 1476/1476 1475/1475
f 1474/1474 1477/1477 1478/1478
f 1477/1477 1479/1479 1478/1478
f 1480/1480 1481/1481 1482/1482
f 1481/1481 1483/1483 1482/1482
f 1484/1484 1485/1485 1481/1481
f 1481/1481 1485/1485 1486/1486

usemtl texture26

f 1487/1487 1488/1488 1489/1489
f 1488/1488 1490/1490 1489/1489
f 1491/1491 1492/1492 1493/1493
f 1493/1493 1492/1492 1494/1494
f 1495/1495 1496/1496 1488/1488
f 1488/1488 1496/1496 1490/1490
f 1493/1493 1494/1494 1497/1497
f 1497/1497 1494/1494 1498/1498
f 1499/1499 1500/1500 1495/1495
f 1495/1495 1500/1500 1496/1496
f 1501/1501 1502/1502 1503/1503
f 1503/1503 1502/1502 1504/1504
f 1505/1505 1506/1506 1499/1499
f 1499/1499 1506/1506 1500/1500
f 1505/1505 1507/1507 1506/1506
f 1507/1507 1508/1508 1506/1506
f 1509/1509 1510/1510 1511/1511
f 1510/1510 1512/1512 1511/1511
f 1513/1513 1514/1514 1515/1515
f 1514/1514 1516/1516 1515/1515
f 1517/1517 1509/1509 1518/1518
f 1509/1509 1511/1511 1518/1518
f 1514/1514 1519/1519 1516/1516
f 1519/1519 1520/1520 1516/1516
f 1517/1517 1518/1518 1521/1521
f 1521/1521 1518/1518 1522/1522
f 1523/1523 1524/1524 1519/1519
f 1519/1519 1524/1524 1520/1520
f 1525/1525 1526/1526 1527/1527
f 1527/1527 1526/1526 1528/1528
f 1524/1524 1523/1523 1528/1528
f 1523/1523 1527/1527 1528/1528

usemtl texture27

f 1529/1529 1530/1530 1531/1531
f 1530/1530 1532/1532 1531/1531
f 1533/1533 1534/1534 1535/1535
f 1534/1534 1536/1536 1535/1535
f 1537/1537 1538/1538 1539/1539
f 1539/1539 1538/1538 1540/1540
f 1541/1541 1542/1542 1543/1543
f 1542/1542 1544/1544 1543/1543
f 1545/1545 1546/1546 1547/1547
f 1546/1546 1548/1548 1547/1547
f 1549/1549 1550/1550 1551/1551
f 1551/1551 1550/1550 1552/1552
f 1537/1537 1553/1553 1538/1538
f 1553/1553 1554/1554 1538/1538
f 1555/1555 1556/1556 1553/1553
f 1553/1553 1556/1556 1554/1554
f 1551/1551 1552/1552 1557/1557
f 1557/1557 1552/1552 1558/1558
f 1559/1559 1560/1560 1561/1561
f 1560/1560 1562/1562 1561/1561
f 1563/1563 1564/1564 1565/1565
f 1564/1564 1566/1566 1565/1565
f 1567/1567 1568/1568 1569/1569
f 1568/1568 1570/1570 1569/1569
f 1571/1571 1572/1572 1555/1555
f 1555/1555 1572/1572 1556/1556
f 1571/1571 1573/1573 1574/1574
f 1573/1573 1575/1575 1574/1574
f 1576/1576 1577/1577 1578/1578
f 1578/1578 1577/1577 1579/1579
f 1580/1580 1581/1581 1582/1582
f 1582/1582 1581/1581 1583/1583
f 1584/1584 1585/1585 1586/1586
f 1586/1586 1585/1585 1587/1587
f 1588/1588 1589/1589 1590/1590
f 1590/1590 1589/1589 1591/1591

usemtl texture28

f 1592/1592 1593/1593 1594/1594
f 1594/1594 1593/1593 1595/1595
f 1596/1596 1597/1597 1598/1598
f 1597/1597 1599/1599 1598/1598

usemtl texture29

f 1600/1600 1601/1601 1602/1602
f 1601/1601 1603/1603 1602/1602
f 1604/1604 1605/1605 1606/1606
f 1606/1606 1605/1605 1607/1607

usemtl texture30

f 1608/1608 1609/1609 1610/1610
f 1610/1610 1609/1609 1611/1611
f 1608/1608 1612/1612 1609/1609
f 1612/1612 1613/1613 1609/1609

usemtl texture31

f 1614/1614 1615/1615 1616/1616
f 1615/1615 1617/1617 1616/1616
f 1618/1618 1614/1614 1619/1619
f 1614/1614 1620/1620 1619/1619
f 1621/1621 1620/1620 1622/1622
f 1620/1620 1623/1623 1622/1622
f 1620/1620 1617/1617 1623/1623
f 1617/1617 1624/1624 1623/1623
f 1625/1625 1626/1626 1627/1627
f 1627/1627 1626/1626 1628/1628
f 1629/1629 1630/1630 1631/1631
f 1630/1630 1632/1632 1631/1631
f 1628/1628 1626/1626 1633/1633
f 1626/1626 1634/1634 1633/1633
f 1631/1631 1632/1632 1624/1624
f 1632/1632 1635/1635 1624/1624

usemtl texture32

f 1636/1636 1637/1637 1638/1638
f 1639/1639 1638/1638 1637/1637
f 1640/1640 1639/1639 1641/1641
f 1639/1639 1637/1637 1641/1641

usemtl texture33

f 1642/1642 1643/1643 1644/1644
f 1643/1643 1645/1645 1644/1644
f 1646/1646 1647/1647 1648/1648
f 1647/1647 1649/1649 1648/1648
f 1650/1650 1642/1642 1651/1651
f 1642/1642 1644/1644 1651/1651
f 1652/1652 1653/1653 1654/1654
f 1653/1653 1655/1655 1654/1654

usemtl texture34

f 1656/1656 1657/1657 1658/1658
f 1657/1657 1659/1659 1658/1658
f 1660/1660 1661/1661 1662/1662
f 1662/1662 1661/1661 1663/1663
f 1664/1664 1665/1665 1666/1666
f 1665/1665 1667/1667 1666/1666
f 1668/1668 1669/1669 1670/1670
f 1669/1669 1671/1671 1670/1670
f 1672/1672 1673/1673 1674/1674
f 1673/1673 1675/1675 1674/1674
f 1676/1676 1677/1677 1678/1678
f 1678/1678 1677/1677 1679/1679

usemtl texture35

f 1680/1680 1681/1681 1682/1682
f 1681/1681 1683/1683 1682/1682
f 1684/1684 1685/1685 1686/1686
f 1685/1685 1687/1687 1686/1686
f 1688/1688 1689/1689 1690/1690
f 1689/1689 1691/1691 1690/1690
f 1692/1692 1693/1693 1694/1694
f 1693/1693 1695/1695 1694/1694
f 1696/1696 1697/1697 1698/1698
f 1697/1697 1699/1699 1698/1698
f 1700/1700 1701/1701 1702/1702
f 1701/1701 1703/1703 1702/1702

usemtl texture36

f 1704/1704 1705/1705 1706/1706
f 1705/1705 1707/1707 1706/1706
f 1708/1708 1709/1709 1710/1710
f 1709/1709 1711/1711 1710/1710
f 1712/1712 1713/1713 1714/1714
f 1713/1713 1715/1715 1714/1714
f 1716/1716 1717/1717 1718/1718
f 1717/1717 1719/1719 1718/1718
f 1720/1720 1721/1721 1722/1722
f 1721/1721 1723/1723 1722/1722
f 1724/1724 1725/1725 1726/1726
f 1725/1725 1727/1727 1726/1726

usemtl texture37

f 1728/1728 1729/1729 1730/1730
f 1729/1729 1731/1731 1730/1730
f 1732/1732 1728/1728 1733/1733
f 1728/1728 1734/1734 1733/1733
f 1729/1729 1735/1735 1736/1736
f 1735/1735 1737/1737 1736/1736
f 1738/1738 1732/1732 1739/1739
f 1732/1732 1740/1740 1739/1739
f 1735/1735 1741/1741 1742/1742
f 1741/1741 1743/1743 1742/1742
f 1741/1741 1738/1738 1744/1744
f 1738/1738 1745/1745 1744/1744

usemtl texture38

f 1746/1746 1747/1747 1748/1748
f 1747/1747 1749/1749 1748/1748
f 1750/1750 1751/1751 1752/1752
f 1751/1751 1753/1753 1752/1752
f 1754/1754 1755/1755 1756/1756
f 1755/1755 1757/1757 1756/1756
f 1758/1758 1759/1759 1760/1760
f 1759/1759 1761/1761 1760/1760
f 1762/1762 1763/1763 1764/1764
f 1763/1763 1765/1765 1764/1764
f 1766/1766 1767/1767 1768/1768
f 1767/1767 1769/1769 1768/1768

usemtl texture39

f 1770/1770 1771/1771 1772/1772
f 1771/1771 1773/1773 1772/1772
f 1774/1774 1775/1775 1776/1776
f 1775/1775 1777/1777 1776/1776
f 1778/1778 1779/1779 1780/1780
f 1779/1779 1781/1781 1780/1780

usemtl texture40

f 1782/1782 1783/1783 1784/1784
f 1785/1785 1786/1786 1787/1787
f 1788/1788 1789/1789 1790/1790
f 1791/1791 1792/1792 1793/1793
f 1794/1794 1795/1795 1796/1796
f 1797/1797 1798/1798 1799/1799
f 1800/1800 1801/1801 1802/1802
f 1803/1803 1804/1804 1805/1805
f 1806/1806 1807/1807 1808/1808
f 1809/1809 1810/1810 1811/1811
f 1812/1812 1813/1813 1814/1814
f 1815/1815 1816/1816 1817/1817

usemtl texture41

f 1818/1818 1819/1819 1820/1820
f 1820/1820 1819/1819 1821/1821
f 1822/1822 1823/1823 1819/1819
f 1822/1822 1824/1824 1823/1823
f 1819/1819 1823/1823 1821/1821
f 1825/1825 1826/1826 1827/1827
f 1825/1825 1827/1827 1828/1828
f 1829/1829 1830/1830 1825/1825
f 1829/1829 1831/1831 1830/1830
f 1829/1829 1825/1825 1828/1828
f 1832/1832 1833/1833 1827/1827
f 1833/1833 1834/1834 1827/1827
f 1835/1835 1836/1836 1837/1837
f 1837/1837 1836/1836 1838/1838
f 1839/1839 1840/1840 1836/1836
f 1839/1839 1841/1841 1840/1840
f 1836/1836 1840/1840 1838/1838
f 1842/1842 1843/1843 1844/1844
f 1842/1842 1844/1844 1845/1845
f 1846/1846 1847/1847 1842/1842
f 1846/1846 1848/1848 1847/1847
f 1846/1846 1842/1842 1845/1845
f 1849/1849 1850/1850 1844/1844
f 1850/1850 1851/1851 1844/1844
f 1852/1852 1853/1853 1854/1854
f 1854/1854 1853/1853 1855/1855
f 1856/1856 1857/1857 1853/1853
f 1856/1856 1858/1858 1857/1857
f 1853/1853 1857/1857 1855/1855
f 1859/1859 1860/1860 1861/1861
f 1859/1859 1861/1861 1862/1862
f 1863/1863 1864/1864 1859/1859
f 1863/1863 1865/1865 1864/1864
f 1863/1863 1859/1859 1862/1862
f 1866/1866 1867/1867 1861/1861
f 1867/1867 1868/1868 1861/1861

usemtl texture42

f 1869/1869 1870/1870 1871/1871
f 1872/1872 1869/1869 1871/1871
f 1870/1870 1873/1873 1871/1871
f 1873/1873 1874/1874 1871/1871
f 1875/1875 1872/1872 1871/1871
f 1874/1874 1875/1875 1871/1871
f 1876/1876 1877/1877 1878/1878
f 1877/1877 1879/1879 1878/1878
f 1880/1880 1876/1876 1878/1878
f 1879/1879 1881/1881 1878/1878
f 1882/1882 1880/1880 1878/1878
f 1881/1881 1882/1882 1878/1878
f 1883/1883 1884/1884 1882/1882
f 1883/1883 1882/1882 1881/1881
f 1885/1885 1886/1886 1887/1887
f 1888/1888 1887/1887 1886/1886
f 1889/1889 1890/1890 1891/1891
f 1890/1890 1892/1892 1891/1891
f 1893/1893 1894/1894 1870/1870
f 1895/1895 1870/1870 1894/1894
f 1894/1894 1896/1896 1873/1873
f 1874/1874 1873/1873 1896/1896
f 1897/1897 1898/1898 1899/1899
f 1898/1898 1900/1900 1899/1899
f 1896/1896 1901/1901 1874/1874
f 1875/1875 1874/1874 1901/1901
f 1902/1902 1903/1903 1876/1876
f 1903/1903 1877/1877 1876/1876
f 1903/1903 1904/1904 1877/1877
f 1904/1904 1879/1879 1877/1877
f 1902/1902 1876/1876 1905/1905
f 1905/1905 1876/1876 1880/1880
f 1904/1904 1883/1883 1879/1879
f 1883/1883 1881/1881 1879/1879
f 1905/1905 1880/1880 1884/1884
f 1884/1884 1880/1880 1882/1882
f 1906/1906 1907/1907 1908/1908
f 1909/1909 1906/1906 1908/1908
f 1907/1907 1910/1910 1908/1908
f 1910/1910 1911/1911 1908/1908
f 1912/1912 1909/1909 1908/1908
f 1911/1911 1912/1912 1908/1908
f 1913/1913 1914/1914 1915/1915
f 1914/1914 1916/1916 1915/1915
f 1917/1917 1913/1913 1915/1915
f 1916/1916 1918/1918 1915/1915
f 1919/1919 1917/1917 1915/1915
f 1918/1918 1919/1919 1915/1915
f 1920/1920 1921/1921 1922/1922
f 1920/1920 1919/1919 1918/1918
f 1923/1923 1924/1924 1925/1925
f 1926/1926 1925/1925 1924/1924
f 1927/1927 1928/1928 1929/1929
f 1928/1928 1930/1930 1929/1929
f 1931/1931 1932/1932 1907/1907
f 1910/1910 1907/1907 1932/1932
f 1933/1933 1934/1934 1935/1935
f 1934/1934 1936/1936 1935/1935
f 1932/1932 1937/1937 1910/1910
f 1911/1911 1910/1910 1937/1937
f 1937/1937 1938/1938 1911/1911
f 1912/1912 1911/1911 1938/1938
f 1939/1939 1940/1940 1913/1913
f 1940/1940 1914/1914 1913/1913
f 1940/1940 1941/1941 1914/1914
f 1941/1941 1916/1916 1914/1914
f 1939/1939 1913/1913 1942/1942
f 1942/1942 1913/1913 1917/1917
f 1941/1941 1920/1920 1916/1916
f 1920/1920 1943/1943 1916/1916
f 1942/1942 1917/1917 1921/1921
f 1921/1921 1917/1917 1922/1922
f 1944/1944 1945/1945 1946/1946
f 1947/1947 1944/1944 1946/1946
f 1945/1945 1948/1948 1946/1946
f 1949/1949 1947/1947 1946/1946
f 1948/1948 1950/1950 1946/1946
f 1950/1950 1949/1949 1946/1946
f 1951/1951 1952/1952 1953/1953
f 1952/1952 1954/1954 1953/1953
f 1955/1955 1951/1951 1953/1953
f 1954/1954 1956/1956 1953/1953
f 1957/1957 1955/1955 1953/1953
f 1956/1956 1957/1957 1953/1953
f 1958/1958 1959/1959 1957/1957
f 1958/1958 1957/1957 1956/1956
f 1960/1960 1961/1961 1962/1962
f 1963/1963 1962/1962 1961/1961
f 1964/1964 1965/1965 1966/1966
f 1965/1965 1967/1967 1966/1966
f 1968/1968 1969/1969 1945/1945
f 1948/1948 1945/1945 1969/1969
f 1970/1970 1971/1971 1972/1972
f 1971/1971 1973/1973 1972/1972
f 1969/1969 1974/1974 1948/1948
f 1950/1950 1948/1948 1974/1974
f 1974/1974 1975/1975 1950/1950
f 1949/1949 1950/1950 1975/1975
f 1976/1976 1977/1977 1951/1951
f 1977/1977 1952/1952 1951/1951
f 1977/1977 1978/1978 1952/1952
f 1978/1978 1954/1954 1952/1952
f 1976/1976 1951/1951 1979/1979
f 1979/1979 1951/1951 1955/1955
f 1978/1978 1958/1958 1954/1954
f 1958/1958 1956/1956 1954/1954
f 1979/1979 1955/1955 1959/1959
f 1959/1959 1955/1955 1957/1957

usemtl texture43

f 1980/1980 1981/1981 1982/1982
f 1981/1981 1983/1983 1982/1982
f 1984/1984 1985/1985 1986/1986
f 1985/1985 1987/1987 1986/1986
f 1988/1988 1989/1989 1990/1990
f 1989/1989 1991/1991 1990/1990
f 1992/1992 1993/1993 1994/1994
f 1994/1994 1993/1993 1995/1995
f 1996/1996 1997/1997 1998/1998
f 1997/1997 1999/1999 1998/1998
f 2000/2000 2001/2001 2002/2002
f 2001/2001 2003/2003 2002/2002
f 2004/2004 2005/2005 2006/2006
f 2006/2006 2005/2005 2007/2007
f 2008/2008 2009/2009 2010/2010
f 2009/2009 2011/2011 2010/2010
f 2012/2012 2013/2013 2014/2014
f 2014/2014 2013/2013 2015/2015
f 2016/2016 2017/2017 2018/2018
f 2017/2017 2019/2019 2018/2018
f 2020/2020 2021/2021 2022/2022
f 2022/2022 2021/2021 2023/2023
f 2024/2024 2025/2025 2026/2026
f 2025/2025 2027/2027 2026/2026
f 2028/2028 2029/2029 2030/2030
f 2030/2030 2029/2029 2031/2031
f 2020/2020 2032/2032 2033/2033
f 2032/2032 2034/2034 2033/2033
f 2035/2035 2036/2036 2037/2037
f 2036/2036 2038/2038 2037/2037
f 2039/2039 2040/2040 2041/2041
f 2040/2040 2042/2042 2041/2041
f 2043/2043 2044/2044 2045/2045
f 2045/2045 2044/2044 2046/2046
f 2047/2047 2048/2048 2049/2049
f 2048/2048 2050/2050 2049/2049

usemtl texture44

f 2051/2051 2052/2052 2053/2053
f 2052/2052 2054/2054 2053/2053
f 2055/2055 2056/2056 2057/2057
f 2056/2056 2058/2058 2057/2057
f 2059/2059 2060/2060 2061/2061
f 2060/2060 2062/2062 2061/2061
f 2063/2063 2064/2064 2065/2065
f 2064/2064 2066/2066 2065/2065
f 2067/2067 2068/2068 2069/2069
f 2068/2068 2070/2070 2069/2069
f 2071/2071 2072/2072 2073/2073
f 2072/2072 2074/2074 2073/2073
f 2075/2075 2076/2076 2077/2077
f 2076/2076 2078/2078 2077/2077
f 2079/2079 2080/2080 2081/2081
f 2080/2080 2082/2082 2081/2081
f 2083/2083 2084/2084 2085/2085
f 2084/2084 2086/2086 2085/2085

usemtl texture45

f 2087/2087 2088/2088 2089/2089
f 2088/2088 2090/2090 2089/2089
f 2091/2091 2092/2092 2093/2093
f 2092/2092 2094/2094 2093/2093
f 2095/2095 2096/2096 2097/2097
f 2096/2096 2098/2098 2097/2097
f 2088/2088 2087/2087 2099/2099
f 2087/2087 2100/2100 2099/2099
f 2101/2101 2102/2102 2103/2103
f 2102/2102 2104/2104 2103/2103
f 2105/2105 2106/2106 2107/2107
f 2107/2107 2106/2106 2108/2108
f 2109/2109 2110/2110 2111/2111
f 2110/2110 2112/2112 2111/2111
f 2113/2113 2114/2114 2115/2115
f 2115/2115 2114/2114 2116/2116
f 2117/2117 2118/2118 2119/2119
f 2118/2118 2120/2120 2119/2119
f 2121/2121 2122/2122 2123/2123
f 2122/2122 2124/2124 2123/2123
f 2125/2125 2126/2126 2127/2127
f 2126/2126 2128/2128 2127/2127
f 2126/2126 2125/2125 2129/2129
f 2125/2125 2130/2130 2129/2129
f 2131/2131 2132/2132 2133/2133
f 2133/2133 2132/2132 2134/2134
f 2135/2135 2136/2136 2137/2137
f 2136/2136 2138/2138 2137/2137
f 2139/2139 2140/2140 2141/2141
f 2140/2140 2142/2142 2141/2141
f 2143/2143 2144/2144 2145/2145
f 2144/2144 2146/2146 2145/2145

usemtl texture46

f 2147/2147 2148/2148 2149/2149
f 2148/2148 2150/2150 2149/2149
f 2151/2151 2152/2152 2153/2153
f 2152/2152 2154/2154 2153/2153
f 2155/2155 2156/2156 2157/2157
f 2156/2156 2158/2158 2157/2157
f 2147/2147 2149/2149 2159/2159
f 2159/2159 2149/2149 2160/2160
f 2161/2161 2162/2162 2163/2163
f 2162/2162 2164/2164 2163/2163
f 2165/2165 2166/2166 2167/2167
f 2166/2166 2168/2168 2167/2167
f 2169/2169 2159/2159 2170/2170
f 2159/2159 2160/2160 2170/2170
f 2171/2171 2172/2172 2173/2173
f 2172/2172 2174/2174 2173/2173
f 2166/2166 2171/2171 2168/2168
f 2171/2171 2173/2173 2168/2168
f 2175/2175 2176/2176 2177/2177
f 2176/2176 2178/2178 2177/2177
f 2162/2162 2179/2179 2164/2164
f 2179/2179 2180/2180 2164/2164
f 2179/2179 2181/2181 2180/2180
f 2181/2181 2182/2182 2180/2180
f 2176/2176 2183/2183 2178/2178
f 2183/2183 2184/2184 2178/2178
f 2185/2185 2186/2186 2181/2181
f 2181/2181 2186/2186 2182/2182
f 2187/2187 2188/2188 2189/2189
f 2188/2188 2190/2190 2189/2189
f 2183/2183 2191/2191 2184/2184
f 2191/2191 2192/2192 2184/2184
f 2193/2193 2194/2194 2195/2195
f 2194/2194 2196/2196 2195/2195
f 2197/2197 2198/2198 2199/2199
f 2198/2198 2200/2200 2199/2199
f 2198/2198 2201/2201 2200/2200
f 2201/2201 2202/2202 2200/2200
f 2203/2203 2204/2204 2205/2205
f 2204/2204 2206/2206 2205/2205
f 2194/2194 2207/2207 2196/2196
f 2207/2207 2208/2208 2196/2196
f 2209/2209 2210/2210 2211/2211
f 2211/2211 2210/2210 2212/2212
f 2207/2207 2213/2213 2208/2208
f 2213/2213 2214/2214 2208/2208
f 2209/2209 2215/2215 2210/2210
f 2215/2215 2216/2216 2210/2210

usemtl texture47

f 2217/2217 2218/2218 2219/2219
f 2218/2218 2220/2220 2219/2219

usemtl texture48

f 2221/2221 2222/2222 2223/2223
f 2222/2222 2224/2224 2223/2223
f 2225/2225 2226/2226 2227/2227
f 2226/2226 2228/2228 2227/2227
f 2229/2229 2230/2230 2231/2231
f 2230/2230 2232/2232 2231/2231
f 2233/2233 2234/2234 2235/2235
f 2234/2234 2236/2236 2235/2235
f 2237/2237 2238/2238 2239/2239
f 2238/2238 2240/2240 2239/2239
f 2241/2241 2242/2242 2243/2243
f 2242/2242 2244/2244 2243/2243

usemtl texture49

f 2245/2245 2246/2246 2247/2247
f 2247/2247 2246/2246 2248/2248
f 2245/2245 2249/2249 2246/2246
f 2249/2249 2250/2250 2246/2246
f 2251/2251 2247/2247 2252/2252
f 2247/2247 2248/2248 2252/2252
f 2249/2249 2253/2253 2254/2254
f 2253/2253 2255/2255 2254/2254
f 2256/2256 2251/2251 2257/2257
f 2251/2251 2252/2252 2257/2257
f 2256/2256 2258/2258 2253/2253
f 2253/2253 2258/2258 2259/2259
f 2260/2260 2261/2261 2262/2262
f 2261/2261 2263/2263 2262/2262
f 2264/2264 2260/2260 2265/2265
f 2260/2260 2266/2266 2265/2265
f 2267/2267 2268/2268 2261/2261
f 2261/2261 2268/2268 2269/2269
f 2264/2264 2265/2265 2270/2270
f 2270/2270 2265/2265 2271/2271
f 2267/2267 2272/2272 2273/2273
f 2272/2272 2274/2274 2273/2273
f 2272/2272 2270/2270 2274/2274
f 2270/2270 2271/2271 2274/2274
f 2275/2275 2276/2276 2277/2277
f 2276/2276 2278/2278 2277/2277
f 2279/2279 2280/2280 2276/2276
f 2276/2276 2280/2280 2281/2281
f 2282/2282 2275/2275 2283/2283
f 2275/2275 2284/2284 2283/2283
f 2279/2279 2285/2285 2286/2286
f 2285/2285 2287/2287 2286/2286
f 2282/2282 2283/2283 2288/2288
f 2288/2288 2283/2283 2289/2289
f 2285/2285 2288/2288 2287/2287
f 2288/2288 2289/2289 2287/2287

usemtl texture50

f 2290/2290 2291/2291 2292/2292
f 2292/2292 2291/2291 2293/2293
f 2294/2294 2295/2295 2296/2296
f 2295/2295 2297/2297 2296/2296

usemtl texture54

f 2352/2352 2353/2353 2354/2354
f 2354/2354 2353/2353 2355/2355
f 2353/2353 2356/2356 2355/2355
f 2355/2355 2356/2356 2357/2357
f 2358/2358 2354/2354 2359/2359
f 2354/2354 2355/2355 2359/2359
f 2355/2355 2357/2357 2359/2359
f 2359/2359 2357/2357 2360/2360
f 2361/2361 2362/2362 2363/2363
f 2364/2364 2363/2363 2362/2362
f 2362/2362 2361/2361 2358/2358
f 2361/2361 2365/2365 2358/2358

usemtl texture55

f 2366/2366 2367/2367 2368/2368
f 2367/2367 2369/2369 2368/2368
f 2367/2367 2370/2370 2369/2369
f 2370/2370 2371/2371 2369/2369
f 2372/2372 2366/2366 2373/2373
f 2366/2366 2368/2368 2373/2373
f 2370/2370 2374/2374 2371/2371
f 2374/2374 2375/2375 2371/2371
f 2376/2376 2372/2372 2377/2377
f 2372/2372 2373/2373 2377/2377
f 2378/2378 2376/2376 2379/2379
f 2376/2376 2377/2377 2379/2379

usemtl texture56

f 2380/2380 2381/2381 2382/2382
f 2381/2381 2383/2383 2382/2382
f 2381/2381 2384/2384 2383/2383
f 2384/2384 2385/2385 2383/2383
f 2382/2382 2383/2383 2386/2386
f 2383/2383 2387/2387 2386/2386
f 2383/2383 2385/2385 2387/2387
f 2385/2385 2388/2388 2387/2387
f 2389/2389 2380/2380 2390/2390
f 2380/2380 2382/2382 2390/2390
f 2391/2391 2392/2392 2384/2384
f 2384/2384 2392/2392 2385/2385
f 2390/2390 2382/2382 2393/2393
f 2382/2382 2386/2386 2393/2393
f 2385/2385 2392/2392 2388/2388
f 2392/2392 2394/2394 2388/2388
f 2395/2395 2396/2396 2397/2397
f 2396/2396 2398/2398 2397/2397
f 2399/2399 2395/2395 2400/2400
f 2395/2395 2397/2397 2400/2400
f 2401/2401 2399/2399 2402/2402
f 2399/2399 2400/2400 2402/2402
f 2396/2396 2403/2403 2398/2398
f 2403/2403 2404/2404 2398/2398
f 2405/2405 2389/2389 2406/2406
f 2389/2389 2390/2390 2406/2406
f 2406/2406 2390/2390 2407/2407
f 2390/2390 2393/2393 2407/2407
f 2408/2408 2401/2401 2409/2409
f 2401/2401 2402/2402 2409/2409
f 2410/2410 2408/2408 2411/2411
f 2408/2408 2409/2409 2411/2411
f 2412/2412 2406/2406 2413/2413
f 2406/2406 2407/2407 2413/2413
f 2414/2414 2405/2405 2412/2412
f 2405/2405 2415/2415 2412/2412

usemtl texture6

f 782/782 783/783 784/784
f 783/783 785/785 784/784
f 783/783 786/786 785/785
f 786/786 787/787 785/785

usemtl texture51

f 2298/2298 2299/2299 2300/2300
f 2299/2299 2301/2301 2300/2300
f 2299/2299 2302/2302 2301/2301
f 2302/2302 2303/2303 2301/2301

usemtl texture52

f 2304/2304 2305/2305 2306/2306
f 2305/2305 2307/2307 2306/2306
f 2305/2305 2308/2308 2307/2307
f 2308/2308 2309/2309 2307/2307
f 2310/2310 2304/2304 2311/2311
f 2304/2304 2306/2306 2311/2311
f 2312/2312 2313/2313 2314/2314
f 2313/2313 2315/2315 2314/2314
f 2316/2316 2317/2317 2318/2318
f 2317/2317 2319/2319 2318/2318
f 2317/2317 2320/2320 2319/2319
f 2320/2320 2321/2321 2319/2319
f 2322/2322 2316/2316 2323/2323
f 2316/2316 2318/2318 2323/2323
f 2324/2324 2325/2325 2326/2326
f 2325/2325 2327/2327 2326/2326
f 2328/2328 2329/2329 2330/2330
f 2329/2329 2331/2331 2330/2330
f 2329/2329 2332/2332 2331/2331
f 2332/2332 2333/2333 2331/2331
f 2334/2334 2328/2328 2335/2335
f 2328/2328 2330/2330 2335/2335
f 2336/2336 2337/2337 2338/2338
f 2337/2337 2339/2339 2338/2338

usemtl texture53

f 2340/2340 2341/2341 2342/2342
f 2342/2342 2341/2341 2343/2343
f 2344/2344 2340/2340 2345/2345
f 2340/2340 2342/2342 2345/2345
f 2346/2346 2347/2347 2348/2348
f 2347/2347 2349/2349 2348/2348
f 2347/2347 2350/2350 2349/2349
f 2350/2350 2351/2351 2349/2349

