# Model created using BSP2OBJ v0.2.1 by DCx Demo*
# http://devilclanthps3.weebly.com/

mtllib Skybox3.obj.mtl
# Object number 1
# 1314 faces
# 1847 vertices

v -42193.96875 -2250.00000 -18134.17969
v -45999.99609 -2250.00000 999.99200
v -28778.93359 -2250.00000 -12577.48535
v -31479.66016 -2250.00000 999.99481
v -42193.97656 -2250.00000 20134.16602
v -28778.94141 -2250.00000 14577.47852
v -31355.33984 -2250.00000 36355.33594
v -21087.91602 -2250.00000 26087.91016
v -31355.32813 -2250.00000 -34355.34375
v -21087.90430 -2250.00000 -24087.91797
v -22104.03125 -2250.00000 999.99597
v -20116.98828 -2250.00000 10989.58203
v -20116.98242 -2250.00000 -8989.58691
v -14458.34570 -2250.00000 19458.34375
v -14458.33398 -2250.00000 -17458.34570
v -15134.17188 -2250.00000 47193.97656
v -9577.48340 -2250.00000 33778.93750
v -15134.15625 -2250.00000 -45193.97656
v -9577.47168 -2250.00000 -31778.93750
v -16818.37109 -2250.00000 999.99658
v -15233.67578 -2250.00000 8966.84570
v -15233.66992 -2250.00000 -6966.85059
v -10720.81738 -2250.00000 15720.81543
v -10720.81055 -2250.00000 -13720.81543
v -12688.32031 -2250.00000 999.99622
v -11418.00586 -2250.00000 7386.34082
v -11418.00195 -2250.00000 -5386.35059
v -5989.58594 -2250.00000 25116.98633
v -5989.57813 -2250.00000 -23116.98438
v -7800.43066 -2250.00000 12800.42773
v -7800.42090 -2250.00000 -10800.43359
v -3966.84912 -2250.00000 20233.67188
v -3966.84229 -2250.00000 -18233.67188
v -2386.34521 -2250.00000 16418.00391
v -2386.34082 -2250.00000 -14418.00586
v 4000.00000 -2250.00000 51000.00000
v 3999.99951 -2250.00000 36479.66406
v 4000.01514 -2250.00000 -48999.99219
v 4000.01050 -2250.00000 -34479.65625
v 3999.99951 -2250.00000 27104.03125
v 4000.00732 -2250.00000 -25104.02734
v 4000.00000 -2250.00000 21818.37109
v 4000.00635 -2250.00000 -19818.36719
v 4000.00122 -2250.00000 17688.32031
v 4000.00610 -2250.00000 -15688.32031
v 11966.83594 -2250.00000 20233.67188
v 10386.33789 -2250.00000 16418.00391
v 11966.85156 -2250.00000 -18233.66602
v 10386.35254 -2250.00000 -14418.00000
v 13989.56836 -2250.00000 25116.98438
v 13989.58789 -2250.00000 -23116.97852
v 17577.46094 -2250.00000 33778.93750
v 17577.48828 -2250.00000 -31778.92773
v 23134.14063 -2250.00000 47193.97266
v 23134.18359 -2250.00000 -45193.96094
v 4000.01025 -2250.00000 -34479.65625
v 18720.80273 -2250.00000 15720.81738
v 15800.41992 -2250.00000 12800.43262
v 18720.81445 -2250.00000 -13720.80664
v 15800.43359 -2250.00000 -10800.42090
v 22458.32617 -2250.00000 19458.34766
v 22458.34570 -2250.00000 -17458.33398
v 20977.24414 -2250.00000 -10343.82227
v 17609.21875 -2250.00000 -8093.37988
v 23233.66406 -2250.00000 8966.85449
v 19418.00000 -2250.00000 7386.35156
v 23233.67188 -2250.00000 -6966.83887
v 19418.00586 -2250.00000 -5386.33936
v 29087.89258 -2250.00000 26087.91992
v 29087.91602 -2250.00000 -24087.89648
v 24026.01953 -2250.00000 -2983.41479
v 20053.16406 -2250.00000 -2193.16650
v 25287.66406 -2250.00000 -13223.95313
v 24818.36719 -2250.00000 1000.00909
v 20688.32031 -2250.00000 1000.00623
v 24818.36719 -2250.00000 1000.00909
v 20688.32031 -2250.00000 1000.00623
v 28116.97461 -2250.00000 10989.59082
v 28116.98438 -2250.00000 -8989.57227
v 29110.50391 -2250.00000 -3994.78027
v 30104.02344 -2250.00000 1000.01172
v 30104.02344 -2250.00000 1000.01172
v 39355.31250 -2250.00000 36355.34766
v 39355.34375 -2250.00000 -34355.31641
v 29087.91797 -2250.00000 -24087.89648
v 17577.48828 -2250.00000 -31778.92578
v 32933.42969 -2250.00000 -18332.67969
v 36778.92188 -2250.00000 14577.49316
v 36778.93750 -2250.00000 -12577.46484
v 38129.29688 -2250.00000 -5788.72412
v 39479.65234 -2250.00000 1000.01617
v 39479.65234 -2250.00000 1000.01617
v 44774.65625 -2250.00000 -26244.73242
v 50193.95313 -2250.00000 20134.18750
v 50193.97266 -2250.00000 -18134.14844
v 52096.97656 -2250.00000 -8567.06348
v 53999.98438 -2250.00000 1000.02222
v 53999.98438 -2250.00000 1000.02222
v -45999.99609 -2250.00000 999.99200
v -44780.83594 3897.77441 999.99200
v -42193.98047 -2250.00000 20134.16602
v -41067.61719 3897.77441 19667.61133
v -42193.96875 -2250.00000 -18134.17969
v -41067.61328 3897.77441 -17667.62500
v -45999.99609 -2250.00000 999.99200
v -44780.83594 3897.77441 999.99200
v -31355.33984 -2250.00000 36355.33594
v -30493.26172 3897.77441 35493.25391
v -31355.32813 -2250.00000 -34355.34375
v -30493.24609 3897.77441 -33493.26563
v -15134.17188 -2250.00000 47193.98047
v -14667.61719 3897.77441 46067.61328
v -15134.15625 -2250.00000 -45193.98047
v -14667.60352 3897.77441 -44067.61328
v 4000.00000 -2250.00000 51000.00000
v 4000.00024 3897.77441 49780.83594
v 4000.01514 -2250.00000 -48999.99609
v 4000.01514 3897.77441 -47780.82813
v 23134.14063 -2250.00000 47193.98047
v 22667.58984 3897.77441 46067.61328
v 23134.18359 -2250.00000 -45193.96094
v 22667.62891 3897.77441 -44067.60156
v 39355.31250 -2250.00000 36355.34766
v 38493.23438 3897.77441 35493.26563
v 39355.34375 -2250.00000 -34355.31641
v 38493.26563 3897.77441 -33493.23828
v 50193.95313 -2250.00000 20134.18750
v 49067.59375 3897.77441 19667.63281
v 50193.98047 -2250.00000 -18134.14844
v 49067.61328 3897.77441 -17667.59375
v 53999.98438 -2250.00000 1000.02222
v 52780.82031 3897.77441 1000.02148
v 12857.12012 -1577.63586 -419.93430
v 11520.42871 -1577.63684 -419.92691
v 11520.41895 -1577.63586 350.00082
v 8469.99707 -2250.00000 58.13040
v 8469.99707 -2250.00000 350.00110
v 11520.41504 -2249.99268 58.13010
v 11520.41504 -2249.99268 350.00089
v 8039.99805 -2249.99927 649.99939
v 8039.99805 -2249.99927 915.32446
v 10788.63867 -2249.99951 915.32507
v 10788.63867 -2249.99951 650.00000
v -326.91357 -2249.99976 -1774.81274
v -1149.99988 -2250.00000 300.00012
v 421.08011 -2249.99829 -1318.95313
v 215.61609 -2249.99951 777.17047
v 1257.90881 -2249.99902 350.00305
v 1140.93628 -2249.99805 758.54028
v 1202.60034 -2249.99951 649.80377
v 1257.90808 -2249.99707 -986.69287
v 1257.90808 -2249.99707 -986.69287
v 1605.84131 -2249.99951 -1510.59473
v 538.56702 -2249.99780 -3870.09863
v 1414.63684 -2249.99854 -3039.86450
v 2353.76221 -2249.99194 -3615.00098
v 2830.74316 -2249.99951 -2803.03442
v 1879.79871 -2249.99805 -986.69312
v 1605.84131 -2249.99951 -1510.59473
v 1605.84131 -2249.99951 -1510.59473
v 2820.74854 -2249.99951 352.39795
v 2808.40063 -2249.99951 -214.89990
v 3354.23779 -2249.99927 -5508.98926
v 354.23801 -2249.99927 -5508.98926
v 1879.79871 -2249.99805 -986.69312
v 2759.68213 -2250.00000 350.00244
v 7669.99902 -2249.99951 -152.60699
v 7076.29590 -2250.00000 350.28418
v 7669.99951 -2249.99951 350.00119
v 6618.75879 -1499.99194 -2887.81348
v 6879.43115 -1259.99207 -3038.31372
v 6791.93164 -1499.99207 -3189.86743
v 6879.43115 -1259.99207 -3038.31372
v 7140.09229 -1499.99219 -3188.80591
v 7624.49365 -1499.99207 -1736.45020
v 7536.99365 -1259.99219 -1888.00391
v 7276.32080 -1499.99207 -1737.50427
v 7624.49365 -1499.99207 -1736.45020
v 7797.65430 -1499.99219 -2038.49744
v 7536.99365 -1259.99219 -1888.00391
v 12595.95117 500.00024 5498.03662
v 13354.82813 500.00024 3360.21729
v 12174.00293 500.00024 4929.39893
v 12668.78809 500.00024 3535.54370
v 5655.76367 -2250.00049 1553.83508
v 5401.20947 -2249.99268 1530.76184
v 5535.81201 -2249.99414 1760.16809
v 5560.12744 -2249.99805 650.01385
v 6363.25244 -2250.00000 1549.90662
v 7039.99805 -2249.99902 649.99963
v 7039.99805 -2249.99951 1149.99927
v 8616.27930 -2250.00000 -242.56183
v 8469.99707 -2250.00000 58.13040
v 9210.00586 -2250.00000 58.19550
v 9694.89258 -2249.99829 -1104.81812
v 9846.29102 -2249.99268 -397.66620
v 8799.69922 -2249.99268 -1133.82166
v 8173.14111 -2249.99829 -1135.76306
v 8205.05664 -2250.00000 -112.64569
v 7611.33154 -2250.00000 -157.14117
v 7015.72949 -1826.54443 3111.77856
v 7103.22900 -1586.54443 2960.22485
v 6842.55615 -1826.54443 2809.72534
v 7015.72949 -1826.54443 3111.77856
v 7363.89063 -1826.54443 3110.71680
v 7103.22900 -1586.54443 2960.22485
v 7509.97217 -1826.54419 1665.10522
v 7770.64551 -1586.54443 1815.60388
v 7858.14502 -1826.54443 1664.05005
v 7770.64551 -1586.54443 1815.60388
v 8031.30615 -1826.54443 1966.09717
v 6842.55664 -2249.99219 2809.72461
v 6793.81445 -2250.00049 2209.99976
v 6417.16406 -2250.00000 2869.81055
v 7124.02490 -2249.99707 1989.99573
v 6671.64404 -2249.99268 1991.23608
v 7124.02490 -2249.99707 1989.99573
v 7375.48926 -2249.99316 3109.19336
v 6578.70020 -2249.99414 3586.39746
v 7557.10791 -2249.99414 3586.39746
v 8061.53662 -2249.99219 1890.38660
v 7124.02490 -2249.99707 1989.99573
v 7123.35840 -2249.99805 1111.97827
v 8039.99854 -2249.99902 915.32483
v 8630.34473 -2249.99268 915.08209
v 4811.08252 -2249.99316 3209.15527
v 4720.85205 -2250.00000 2715.88623
v 4391.68408 -2249.99414 3295.54688
v 4961.94385 -2249.99414 3517.19336
v 5664.30859 -2249.99219 2877.53882
v 5314.25342 -2250.00049 2272.69971
v -41067.61328 3897.77441 -17667.62500
v -33664.91797 16071.12891 -14601.33008
v -44780.83594 3897.77441 999.99200
v -36768.21484 16071.12793 999.99298
v -41067.61719 3897.77441 19667.61133
v -33664.92188 16071.12891 16601.31836
v -30493.26172 3897.77441 35493.25391
v -24827.48828 16071.12793 29827.48047
v -30493.24609 3897.77441 -33493.26563
v -24827.47852 16071.12793 -27827.48828
v -14667.61719 3897.77441 46067.61328
v -11601.32227 16071.12891 38664.92188
v -14667.60352 3897.77441 -44067.61328
v -11601.30859 16071.12891 -36664.92578
v -17667.63477 24554.47070 9975.02344
v -17667.62500 24554.47070 -7975.03076
v -4975.02734 24554.47070 22667.63477
v -4975.02002 24554.47070 -20667.63477
v 4000.00000 26969.63867 1000.00000
v 4000.00024 3897.77441 49780.83594
v 4000.00049 16071.12793 41768.21875
v 4000.01514 3897.77441 -47780.82813
v 4000.01294 16071.12793 -39768.21094
v 12975.01270 24554.47070 22667.63477
v 12975.03223 24554.47070 -20667.62695
v 19601.29883 16071.12891 38664.91797
v 19601.33398 16071.12891 -36664.91016
v 25667.62305 24554.47070 9975.03418
v 25667.63477 24554.47070 -7975.01611
v 32827.46484 16071.12793 29827.49023
v 32827.48828 16071.12793 -27827.46875
v 22667.58984 3897.77441 46067.61328
v 22667.62891 3897.77441 -44067.60156
v 44768.20703 16071.12793 1000.01740
v 41664.90625 16071.12891 16601.33594
v 41664.92188 16071.12891 -14601.30371
v 38493.23438 3897.77441 35493.26563
v 38493.26563 3897.77441 -33493.23828
v 49067.59375 3897.77441 19667.63281
v 49067.61328 3897.77441 -17667.59375
v 52780.82031 3897.77441 1000.02148
v 44768.20703 16071.12793 1000.01746
v 14566.49512 437.99951 -770.73309
v 12953.19141 437.99951 -99.09894
v 13065.69043 437.99951 95.75675
v 14453.58008 437.99951 -965.34894
v 13065.69043 -2250.00049 95.75675
v 13065.69043 437.99951 95.75675
v 12953.19141 -2250.00049 -99.09894
v 14453.58008 -2250.00049 -965.34888
v 10870.90527 -561.52234 -2090.58936
v 11190.38965 -561.52234 -1170.89661
v 11082.17188 -561.52234 -2167.99463
v 11401.82031 -561.52234 -1247.85107
v 10870.90527 -2250.00049 -2090.58936
v 11190.38965 -2250.00049 -1170.89661
v 11401.82031 -2250.00049 -1247.85107
v 11401.82031 -561.52234 -1247.85107
v 16399.29688 457.80615 1009.07709
v 16749.29688 457.80615 402.85947
v 16399.29688 -2249.99902 1009.07709
v 16749.29688 -2249.99902 402.85947
v 16784.11328 774.82642 532.78986
v 16529.22852 774.82642 974.26239
v 17005.51172 -2249.99878 1359.07703
v 16399.29688 457.80615 1009.07709
v 17005.51172 457.80640 1359.07703
v 16529.22852 774.82642 974.26239
v 16970.69531 774.82666 1229.14648
v 16970.69531 774.82666 1229.14648
v 17225.58008 774.82642 787.67426
v 9210.01270 -1550.00073 -399.99991
v 9210.01270 -2250.00049 -399.99991
v 9210.01270 -1550.00049 100.00000
v 9210.01270 -2250.00049 100.00000
v 10210.01270 -2250.00049 100.00000
v 9210.01270 -1550.00049 100.00000
v 10210.01270 -1550.00049 100.00000
v 10210.01270 -1550.00073 -399.99991
v 9210.01270 -1550.00073 -399.99991
v 6672.50439 -1949.99231 -3994.36304
v 6672.50439 -2249.99219 -3994.36304
v 6672.50439 -1949.99231 -3672.02930
v 6672.50439 -2249.99219 -3672.02930
v 5879.45898 -2249.99219 -2827.92285
v 7776.77441 -2249.99219 -2827.92285
v 6338.83105 -2249.99268 -3615.00000
v 7776.77441 -2249.99219 -3527.92285
v 7343.59766 -2249.99219 -3672.02930
v 7343.59766 -1949.99231 -3672.02930
v 7343.59766 -1949.99231 -3994.36304
v 6672.50439 -1949.99231 -3994.36304
v 6227.07568 -2249.99219 -4227.92285
v 7776.77441 -2249.99219 -4227.92285
v 7343.59766 -2249.99219 -3994.36304
v 7343.59766 -1949.99231 -3994.36304
v 14980.46680 -2253.82666 -3225.44824
v 15410.82031 -2253.82666 -2315.43628
v 14980.46680 -1351.04504 -3225.44824
v 15410.82031 -1351.04504 -2315.43628
v 15847.90918 -1351.04504 -2522.13940
v 14980.46680 -1351.04504 -3225.44824
v 15417.55566 -1351.04504 -3432.15161
v 7354.00537 -2249.99219 3092.51611
v 8992.54395 -2249.99268 915.21100
v 8630.34570 -2249.99268 915.08240
v 8079.11475 -2249.99219 2767.13916
v 8294.92969 -2249.99219 2892.70728
v 8079.11475 -1949.99231 2767.13940
v 8294.92969 -1949.99231 2892.70728
v 8328.44629 -2249.99219 2329.91479
v 8328.44629 -1949.99231 2329.91479
v 8294.92969 -1949.99231 2892.70728
v 8544.26074 -1949.99231 2455.48291
v 8544.26074 -1949.99231 2455.48291
v 8544.26074 -2249.99219 2455.48291
v 8069.40283 -2249.99219 3494.80615
v 9409.67090 -2249.99219 1173.14270
v 8629.85645 -2249.99219 1754.33789
v 8748.40625 -2249.99219 1824.18481
v 8629.85645 -1949.99231 1754.33789
v 8748.40625 -1949.99231 1824.18481
v 8879.18750 -2249.99219 1317.11353
v 8879.18750 -1949.99231 1317.11353
v 8748.40625 -1949.99231 1824.18481
v 8997.73828 -1949.99231 1386.96045
v 8997.73828 -1949.99231 1386.96045
v 8997.73828 -2249.99219 1386.96045
v 8285.51367 -2249.99219 1108.55933
v 8455.93750 -2249.99219 1219.90540
v 8285.51367 -1949.99231 1108.55933
v 8455.93750 -1949.99231 1219.90540
v 8534.84473 -2249.99219 671.33502
v 8534.84473 -1949.99231 671.33502
v 8455.93750 -1949.99231 1219.90540
v 8710.45605 -1949.99231 782.68121
v 8710.45605 -1949.99231 782.68121
v 8710.45605 -2249.99219 782.68121
v 7891.11328 -2249.99219 1779.04041
v 8061.53711 -2249.99219 1890.38660
v 7891.11328 -1949.99231 1779.04041
v 8061.53711 -1949.99231 1890.38660
v 8140.44482 -2249.99219 1341.81616
v 8140.44482 -1949.99231 1341.81616
v 8061.53711 -1949.99231 1890.38660
v 8316.05566 -1949.99231 1453.16235
v 8316.05566 -1949.99231 1453.16235
v 8316.05566 -2249.99219 1453.16235
v 14830.76367 -1649.99988 -131.94614
v 14830.76270 -2250.00000 -131.94615
v 14406.49902 -1649.99988 292.31793
v 14406.49902 -2250.00000 292.31787
v 14830.76367 -2250.00000 716.58203
v 14406.49902 -1649.99988 292.31793
v 14830.76367 -1649.99988 716.58197
v 14830.76367 -1649.99988 716.58197
v 15255.02734 -1649.99988 292.31793
v 18126.95898 -1649.99988 -1153.94519
v 18126.95898 -1649.99988 -1753.94507
v 18126.95898 -2250.00000 -1153.94507
v 18126.95898 -2250.00000 -1753.94482
v 18726.95898 -1649.99988 -1153.94519
v 18726.95898 -1649.99988 -1753.94507
v 14339.65918 -1849.99988 432.14130
v 14339.65918 -2250.00000 432.14133
v 13773.97363 -1850.00000 997.82672
v 13773.97363 -2250.00000 997.82666
v 13773.97363 -2250.00000 997.82666
v 14339.65918 -2250.00000 1563.51221
v 13773.97363 -1850.00000 997.82672
v 14339.65918 -1849.99988 1563.51208
v 14339.65918 -1849.99988 1563.51208
v 14905.34473 -1849.99988 997.82672
v 15311.32715 -2249.99976 -4238.48438
v 15877.01270 -2249.99976 -3672.79883
v 15311.32715 -1449.99988 -4238.48438
v 15877.01270 -1449.99988 -3672.79907
v 15877.01270 -1449.99988 -4804.16992
v 15877.01270 -2249.99976 -4804.16992
v 15311.32715 -1449.99988 -4238.48438
v 15311.32715 -2249.99976 -4238.48438
v 15877.01270 -1449.99988 -3672.79907
v 16442.69727 -1449.99988 -4238.48438
v 11753.52832 -1749.99988 -6541.21729
v 11753.52832 -2250.00000 -6541.21680
v 11353.52832 -1750.00000 -5848.39697
v 11353.52832 -2250.00000 -5848.39697
v 11353.52832 -2250.00000 -5848.39697
v 12046.34863 -2250.00000 -5448.39648
v 11353.52832 -1750.00000 -5848.39697
v 12046.34863 -1749.99988 -5448.39697
v 12046.34863 -1749.99988 -5448.39697
v 12446.34863 -1749.99988 -6141.21680
v 10975.27832 -1649.99988 -6718.59863
v 10975.27832 -2250.00000 -6718.59863
v 10675.27832 -1649.99988 -6198.98291
v 10675.27832 -2250.00000 -6198.98340
v 11194.89355 -2250.00000 -5898.98340
v 10675.27832 -1649.99988 -6198.98291
v 11194.89355 -1649.99988 -5898.98340
v 11194.89355 -1649.99988 -5898.98340
v 11494.89355 -1649.99988 -6418.59863
v 10046.62891 -2250.00000 -6556.77197
v 10566.24414 -2250.00000 -6256.77197
v 10046.62891 -1649.99988 -6556.77197
v 10566.24414 -1649.99988 -6256.77197
v 10566.24414 -1649.99988 -6256.77197
v 10866.24414 -1649.99988 -6776.38721
v 10046.62891 -1649.99988 -6556.77197
v 10346.62891 -1649.99988 -7076.38721
v 16308.90820 -2250.00000 -656.66510
v 16369.67090 -2250.00000 -59.74976
v 16308.90918 -1649.99988 -656.66492
v 16369.67090 -1649.99988 -59.74970
v 16726.74805 -1649.99988 -699.19928
v 16726.74805 -2250.00000 -699.19946
v 16369.67090 -1649.99988 -59.74970
v 16787.51172 -1649.99988 -102.28405
v 18086.60156 -2250.00000 -774.67615
v 18162.30078 -2250.00000 -50.81115
v 18086.60156 -1517.63501 -774.67603
v 18162.30078 -1517.63501 -50.81095
v 18580.14063 -1517.63501 -93.34532
v 18504.44336 -1517.63501 -817.21033
v 18162.30078 -1517.63501 -50.81095
v 15382.49219 -2250.00000 710.67865
v 15815.50488 -2250.00000 960.67853
v 15382.49219 -1649.99988 710.67853
v 15815.50488 -1649.99988 960.67853
v 15882.49219 -1649.99988 -155.34669
v 15882.49219 -2250.00000 -155.34659
v 15382.49219 -1649.99988 710.67853
v 15382.49219 -2250.00000 710.67865
v 15815.50488 -1649.99988 960.67853
v 16315.50488 -1649.99988 94.65320
v 14884.32715 -2250.00000 1320.83301
v 15237.88086 -2250.00000 1674.38635
v 14884.32715 -1699.99988 1320.83301
v 15237.88086 -1699.99988 1674.38635
v 15308.59180 -1699.99988 896.56903
v 15308.59180 -2250.00000 896.56909
v 14884.32715 -1699.99988 1320.83301
v 14884.32715 -2250.00000 1320.83301
v 15237.88086 -1699.99988 1674.38635
v 15662.14453 -1699.99988 1250.12244
v 17048.49414 -1549.99988 -230.66853
v 17048.49414 -2249.99976 -230.66837
v 16944.30664 -1549.99988 360.21603
v 16944.30664 -2250.00000 360.21609
v 17436.70898 -2250.00000 447.04019
v 17436.71094 -1549.99988 447.04010
v 17540.89844 -1549.99988 -143.84444
v 16130.73438 -1549.99988 -939.36176
v 16234.92285 -1549.99988 -1530.24634
v 16130.73340 -2250.00000 -939.36163
v 16234.92285 -2249.99976 -1530.24609
v 16623.13867 -1549.99988 -852.53766
v 16727.32617 -1549.99988 -1443.42224
v 19468.83594 -2249.99268 -346.30786
v 19468.83594 -2249.99268 423.69202
v 19468.83594 97.16797 -346.30786
v 19468.83594 97.16797 423.69202
v 17585.94727 -249.99963 -5380.17920
v 18508.09180 -249.99963 -5110.83740
v 18249.27148 -249.99976 -6076.76318
v 18249.27148 -2249.99951 -6076.76318
v 17585.94727 -2249.99951 -5380.17920
v 18508.09180 -2249.99951 -5110.83789
v 17585.94727 -2249.99951 -5380.17920
v 18249.27148 -2249.99951 -6076.76318
v 15336.32129 -1787.32922 -5676.35938
v 15513.09766 -1578.98779 -5853.13574
v 15689.87500 -1787.32922 -6029.91260
v 15689.87402 -2250.00000 -6029.91309
v 15336.32129 -2250.00000 -5676.35938
v 16184.84961 -2250.00000 -4827.83105
v 16184.84961 -1787.32922 -4827.83105
v 16361.62598 -1578.98779 -5004.60791
v 16184.84961 -1787.32922 -4827.83105
v 16310.86133 -1787.32922 -6329.29736
v 16487.63867 -1578.98779 -6506.07373
v 16664.41406 -1787.32922 -6682.85059
v 16664.41406 -2250.00000 -6682.85107
v 16310.86133 -2250.00000 -6329.29736
v 17159.38867 -2250.00000 -5480.76904
v 17159.38867 -1787.32922 -5480.76904
v 16310.86133 -1787.32922 -6329.29736
v 17336.16602 -1578.98779 -5657.54590
v 17159.38867 -1787.32922 -5480.76904
v 18666.48242 -1699.99988 -4001.82715
v 18241.38867 -1699.99988 -5091.87109
v 18666.48242 -2250.00000 -4001.82690
v 18241.38867 -2250.00000 -5091.87061
v 19225.47852 -1699.99988 -4219.82373
v 18800.38672 -1699.99988 -5309.86768
v 12136.86719 -1787.32922 -7254.69141
v 12242.52148 -1578.98779 -7481.26855
v 12348.17578 -1787.32922 -7707.84521
v 12348.17578 -2250.00000 -7707.84570
v 12136.86719 -2250.00000 -7254.69141
v 13224.43652 -2250.00000 -6747.54932
v 13224.43652 -1787.32922 -6747.54980
v 13330.09082 -1578.98779 -6974.12646
v 13224.43652 -1787.32922 -6747.54980
v 10921.00195 -1787.32922 -7466.59863
v 10964.41406 -1578.98779 -7712.80029
v 11007.82617 -1787.32922 -7959.00244
v 11007.82520 -2250.00000 -7959.00244
v 10921.00195 -2250.00000 -7466.59863
v 12102.77148 -2250.00000 -7258.22070
v 12102.77148 -1787.32922 -7258.22070
v 12146.18359 -1578.98779 -7504.42236
v 12102.77148 -1787.32922 -7258.22070
v 17288.34180 -1649.99988 2170.08984
v 17396.41016 -1649.99988 1175.94666
v 17288.34180 -2250.00000 2170.08984
v 17396.41016 -2250.00000 1175.94678
v 17785.41211 -1649.99988 2224.12451
v 17893.48242 -1649.99988 1229.98120
v 18147.49609 -2250.00000 -3843.61816
v 18419.54102 -2250.00000 -2872.20532
v 18147.49609 -1923.03882 -3843.61792
v 18419.54102 -1923.03870 -2872.20508
v 18419.54102 -1923.03870 -2872.20508
v 18587.99023 -1818.86804 -2919.63867
v 18315.94531 -1818.86804 -3891.05151
v 11781.80859 -1823.42334 4244.43701
v 12171.16895 -1823.42334 3334.21777
v 11781.80859 -2250.00000 4244.43701
v 12171.16895 -2250.00000 3334.21802
v 12146.54492 -1823.42334 4418.10889
v 12535.90527 -1823.42334 3507.88989
v 11066.68555 -2250.00000 3385.08911
v 11363.24805 -2250.00000 3787.64478
v 11066.68457 -1809.99988 3385.08911
v 11363.24805 -1809.99988 3787.64478
v 11549.75293 -1809.99988 3029.21484
v 11549.75293 -2250.00000 3029.21484
v 11363.24805 -1809.99988 3787.64478
v 11846.31445 -1809.99988 3431.77051
v 17809.09570 -331.58847 -1346.28735
v 17678.28125 -331.58847 -879.66693
v 17809.09570 2083.76196 -1346.28735
v 17678.28125 2083.76196 -879.66693
v 18134.74414 -331.58847 -718.55304
v 18134.74414 2083.76196 -718.55304
v 15584.70801 1789.12476 -1848.81445
v 15462.39063 1789.12476 -1636.95447
v 15707.02441 2095.02637 -1636.95459
v 15584.70801 1789.12476 -1425.09448
v 15707.02441 2095.02637 -1636.95459
v 15829.34277 1789.12476 -1848.81458
v 15584.70801 1789.12476 -1848.81445
v 15829.34277 1789.12476 -1425.09460
v 15707.02441 2095.02637 -1636.95459
v 15951.66016 1789.12476 -1636.95447
v 15829.34277 1789.12476 -1848.81458
v 15503.53516 -2249.99219 -1989.40991
v 15300.04492 -2249.99219 -1636.95447
v 15532.02539 449.74976 -1940.06335
v 15357.02539 449.74976 -1636.95447
v 15503.53516 -2249.99219 -1284.49927
v 15532.02539 449.74976 -1333.84570
v 15422.72168 598.31372 -1636.95447
v 15564.87305 598.31372 -1390.74036
v 15564.87305 598.31372 -1883.16882
v 15882.02539 449.74976 -1940.06348
v 15532.02539 449.74976 -1940.06335
v 15849.17676 598.31372 -1883.16870
v 15564.87305 598.31372 -1883.16882
v 15910.51563 -2249.99219 -1989.40991
v 15503.53516 -2249.99219 -1989.40991
v 15910.51563 -2249.99219 -1284.49915
v 15882.02539 449.74976 -1333.84570
v 15849.17676 598.31372 -1390.74023
v 15991.32910 598.31372 -1636.95447
v 15849.17676 598.31372 -1883.16870
v 16057.02441 449.74976 -1636.95447
v 15882.02539 449.74976 -1940.06348
v 15882.02539 449.74976 -1333.84570
v 16114.00488 -2249.99219 -1636.95447
v 15910.51563 -2249.99219 -1989.40991
v 7376.80811 -2249.99878 -5784.28613
v 7376.80469 550.00049 -5784.28760
v 7580.42529 -2249.99878 -6343.71973
v 7580.42139 550.00073 -6343.72119
v 8016.47021 550.00049 -5120.83447
v 7376.80469 550.00049 -5784.28760
v 8016.47070 -2249.99878 -5120.83398
v 8339.72070 550.00049 -5003.18066
v 8016.47021 550.00049 -5120.83447
v 8339.72168 -2249.99927 -5003.18066
v 8016.47070 -2249.99878 -5120.83398
v 9256.18945 550.00049 -5100.24756
v 9256.19336 -2249.99927 -5100.24609
v 12233.59375 800.00000 4304.28418
v 12337.76270 500.00024 4468.06787
v 12337.76367 800.00000 4468.06787
v 12505.02637 500.00024 3996.87427
v 12320.90527 800.00000 4058.32153
v 12505.02637 800.00000 3996.87451
v 12337.76367 -1999.99976 4468.06787
v 12174.00195 -1999.99976 4929.39893
v 12337.76270 500.00024 4468.06787
v 12174.00293 500.00024 4929.39893
v 12320.90527 -1999.99976 4058.32178
v 12233.59375 -1999.99976 4304.28418
v 12320.90527 800.00000 4058.32153
v 12233.59375 800.00000 4304.28418
v 12595.95117 -1999.99976 5498.03662
v 12174.00293 500.00024 4929.39893
v 12595.95117 500.00024 5498.03662
v 12320.90527 800.00000 4058.32153
v 12320.90527 -1999.99976 4058.32178
v 12505.02637 -1999.99976 3996.87451
v 12668.78809 -1999.99976 3535.54346
v 12668.78809 500.00024 3535.54370
v 12505.02637 500.00024 3996.87427
v 12668.78809 500.00024 3535.54370
v 13354.82813 500.00024 3360.21729
v 13354.82813 -1999.99976 3360.21729
v 11659.99902 -2249.99976 650.00024
v 11909.99902 -2249.99976 1083.01294
v 11659.99902 -1449.99988 650.00024
v 11909.99902 -1449.99988 1083.01282
v 11659.99902 -1449.99988 650.00024
v 12959.03613 -1449.99988 -99.99967
v 11659.99902 -2249.99976 650.00024
v 12959.03613 -2249.99976 -99.99964
v 11909.99902 -1449.99988 1083.01282
v 13209.03613 -1449.99988 333.01303
v 11909.99902 -2249.99976 1083.01294
v 13209.03613 -2249.99976 333.01300
v 11909.99902 -1449.99988 1083.01282
v 13209.03613 -1449.99988 333.01303
v 12886.47852 -599.99609 -535.91632
v 13136.48730 -599.99744 -968.92914
v 11804.78613 -599.99683 -1168.30078
v 12052.46387 -599.99744 -1602.18652
v 7776.29395 -1549.99988 -4336.26465
v 7776.29395 -2249.99976 -4336.26465
v 7776.29443 -1549.99988 -3236.26489
v 7776.29395 -2250.00000 -3236.26489
v 7776.29395 -2250.00000 -3236.26489
v 8276.29395 -2250.00000 -3236.26489
v 7776.29443 -1549.99988 -3236.26489
v 8276.29395 -1549.99988 -3236.26514
v 8276.29395 -1549.99988 -3236.26514
v 8276.29395 -1549.99988 -4336.26514
v 11150.34668 -462.70654 3069.85742
v 11563.73535 -462.70776 2788.58447
v 10451.12109 -462.70715 2030.12109
v 10862.79004 -462.70776 1747.04846
v 12052.46484 -2249.99756 -1602.18677
v 11804.78711 -2249.99707 -1168.30090
v 12052.46387 -793.16052 -1602.18677
v 11804.78613 -793.15979 -1168.30090
v 12886.47949 -2249.99634 -535.91644
v 12886.47852 -793.15918 -535.91632
v 13016.12305 -976.06604 -5054.79492
v 12425.31348 -976.06616 -6554.26318
v 13016.12305 -2249.99829 -5054.79541
v 12425.31348 -2249.99829 -6554.26318
v 13485.96973 -2249.99951 -5225.80566
v 13485.96973 -976.06604 -5225.80518
v 10862.79102 -2249.99756 1747.04871
v 10451.12207 -2249.99707 2030.12134
v 10862.79004 -655.87085 1747.04834
v 10451.12109 -655.87024 2030.12109
v 11150.34766 -2249.99634 3069.85767
v 11150.34668 -655.86975 3069.85742
v 12052.46387 -793.16052 -1602.18677
v 11804.78613 -793.15979 -1168.30090
v 12052.46387 -599.99744 -1602.18652
v 11804.78613 -599.99683 -1168.30078
v 12886.47852 -793.15918 -535.91632
v 12886.47852 -599.99609 -535.91632
v 13016.12305 -976.06604 -5054.79492
v 13032.89551 -749.99823 -5099.54297
v 12425.31348 -976.06616 -6554.26318
v 12466.92676 -749.99829 -6530.76221
v 13485.96973 -976.06604 -5225.80518
v 13032.89551 -749.99823 -5099.54297
v 13444.35645 -749.99823 -5249.30273
v 10862.79004 -655.87085 1747.04834
v 10451.12109 -655.87024 2030.12109
v 10862.79004 -462.70776 1747.04846
v 10451.12109 -462.70715 2030.12109
v 11150.34668 -655.86975 3069.85742
v 11150.34668 -462.70654 3069.85742
v 10346.61328 -1250.00073 -649.99969
v 10346.61328 -2250.00049 -649.99969
v 10346.61328 -1250.00073 100.00000
v 10346.61328 -2250.00073 100.00000
v 10520.83984 -1250.00073 -510.28223
v 10520.83984 -1250.00073 -39.71770
v 10520.83984 -624.83533 -510.28223
v 10520.83984 -624.83533 -39.71770
v 11346.61328 -2250.00073 100.00000
v 10346.61328 -1250.00073 100.00000
v 11346.61328 -1250.00073 100.00000
v 11172.39063 -1250.00073 -39.71770
v 11172.39063 -624.83533 -39.71770
v 10520.83984 -1250.00073 -39.71770
v 10520.83984 -624.83533 -39.71770
v 9047.01367 -950.00012 1790.61877
v 7547.01367 -2249.99878 4388.69531
v 7547.01416 -950.00012 4388.69482
v 9047.01367 -2250.00000 1790.61926
v 10104.15039 -950.00024 2170.01294
v 10104.14941 -2250.00000 2170.01245
v 9320.22168 -950.00012 1717.41150
v 9320.21777 -2250.00000 1717.41370
v 11346.61328 -1250.00073 100.00000
v 10520.83984 -1250.00073 -39.71770
v 10346.61328 -1250.00073 100.00000
v 11172.39063 -1250.00073 -39.71770
v 10346.61328 -1250.00073 -649.99969
v 10520.83984 -1250.00073 -510.28223
v 11346.61328 -1250.00073 -649.99969
v 11172.39063 -1250.00073 -510.28223
v 11172.39063 -624.83533 -39.71770
v 11172.39063 -624.83533 -510.28223
v 10520.83984 -624.83533 -39.71770
v 10520.83984 -624.83533 -510.28223
v 8016.47021 550.00049 -5120.83447
v 7580.42139 550.00073 -6343.72119
v 7376.80469 550.00049 -5784.28760
v 9459.80664 550.00073 -5659.68115
v 8339.72070 550.00049 -5003.18066
v 9256.18945 550.00049 -5100.24756
v 9101.91895 -816.66675 1995.52307
v 7751.91846 -816.66675 4333.79150
v 9947.45215 -816.66675 2541.42310
v 8622.45215 -816.66675 4836.39014
v 9375.12500 -816.66675 1922.31531
v 9899.24707 -816.66675 2224.91675
v 10041.72559 2266.32715 1938.59790
v 10907.75000 2266.32715 1438.59827
v 9541.72656 2266.32666 1072.57202
v 10407.75195 2266.32666 572.57178
v 10477.81543 1566.32666 693.92456
v 10837.68750 1566.32715 1317.24524
v 9611.78906 1566.32666 1193.92480
v 9971.66309 1566.32715 1817.24487
v 7437.64209 2119.22168 3123.11255
v 7437.64551 2119.22168 3442.75195
v 7714.45752 2119.22168 2963.29321
v 7714.45850 2119.22168 3602.56714
v 7991.27051 2119.22168 3442.74951
v 7991.27441 2119.22168 3123.11597
v 7076.31201 -1549.99939 1118.93359
v 8003.68506 -1549.99939 681.06543
v 7076.31104 -1549.99939 681.06543
v 8003.68555 -1549.99927 1118.93335
v 7770.99512 -1449.99976 -4725.51025
v 6320.99512 -1449.99976 -4725.51025
v 7770.99463 -1449.99976 -4225.51025
v 6320.99512 -1449.99976 -4225.51025
v 8737.36328 -100.61902 -1239.55273
v 8160.82764 -100.61877 -1604.89197
v 8361.94336 -100.61877 -1239.55078
v 8442.37891 -100.61877 -1749.03186
v 10778.21582 -2250.00000 1150.00000
v 10778.21484 -1825.35547 1150.00024
v 10778.21484 -2249.99951 650.00000
v 10778.21484 -1825.35547 650.00018
v 11660.00000 -1825.35547 649.99982
v 11660.00000 -2249.99951 649.99957
v 8774.87793 -976.06604 -3763.65283
v 8774.87793 -976.06616 -4763.65283
v 8774.87793 -2249.99829 -3763.65308
v 8774.87793 -2249.99829 -4763.65283
v 9274.87793 -2249.99951 -3763.65308
v 9274.87793 -976.06604 -3763.65308
v 8774.87793 -976.06604 -3763.65283
v 7039.99805 -2249.99927 649.99951
v 7039.99854 -2249.99976 1149.99939
v 7039.99805 -1655.49768 649.99951
v 7039.99854 -1655.49768 1149.99939
v 8039.99805 -1655.49768 649.99951
v 8039.99805 -2249.99927 649.99951
v 11949.28223 -976.06604 -3104.03638
v 11949.28223 -976.06616 -4104.03613
v 11949.28223 -2249.99829 -3104.03662
v 11949.28223 -2249.99829 -4104.03662
v 12449.28223 -2249.99951 -3104.03662
v 12449.28223 -976.06604 -3104.03662
v 11949.28223 -976.06604 -3104.03638
v 9818.26563 -976.06604 -463.55966
v 9694.89258 -976.06616 -1104.81787
v 9818.26563 -2249.99829 -463.55994
v 9694.89258 -2249.99829 -1104.81812
v 10310.66992 -2249.99951 -550.38409
v 9818.26563 -976.06604 -463.55966
v 10310.66992 -976.06604 -550.38403
v 13698.00195 -652.60034 3582.17529
v 13774.59863 -652.60059 1513.30212
v 13698.00195 -2249.99829 3582.17529
v 13774.59863 -2249.99829 1513.30176
v 14198.00195 -2249.99951 3582.17480
v 13698.00195 -652.60034 3582.17529
v 14198.00195 -652.60034 3582.17529
v 10778.21484 -1825.35547 650.00018
v 10778.21484 -1825.35547 1150.00024
v 10814.52734 -1749.99939 681.06659
v 10814.52734 -1749.99939 1118.93384
v 10814.52734 -1749.99939 681.06659
v 11660.00000 -1825.35547 649.99982
v 11623.68359 -1749.99951 681.06610
v 8774.87793 -976.06604 -3763.65283
v 8805.94434 -749.99823 -3799.96509
v 8774.87793 -976.06616 -4763.65283
v 8805.94434 -749.99829 -4727.33643
v 8774.87793 -976.06604 -3763.65283
v 9274.87793 -976.06604 -3763.65308
v 8805.94434 -749.99823 -3799.96509
v 9243.81152 -749.99823 -3799.96558
v 7039.99805 -1655.49768 649.99951
v 7039.99854 -1655.49768 1149.99939
v 7076.31104 -1549.99939 681.06543
v 7076.31201 -1549.99939 1118.93359
v 8039.99805 -1655.49768 649.99951
v 8003.68506 -1549.99939 681.06543
v 11949.28223 -976.06604 -3104.03638
v 11980.34863 -749.99823 -3140.34863
v 11949.28223 -976.06616 -4104.03613
v 11980.34863 -749.99829 -4067.71973
v 11949.28223 -976.06604 -3104.03638
v 12449.28223 -976.06604 -3104.03662
v 11980.34863 -749.99823 -3140.34863
v 12418.21582 -749.99823 -3140.34888
v 9818.26563 -976.06604 -463.55966
v 9842.55469 -749.99823 -504.71500
v 9694.89258 -976.06616 -1104.81787
v 9731.79297 -749.99829 -1074.44788
v 9818.26563 -976.06604 -463.55966
v 10310.66992 -976.06604 -550.38403
v 9842.55469 -749.99823 -504.71500
v 10273.76953 -749.99823 -580.75018
v 13698.00195 -652.60034 3582.17529
v 13729.06738 -426.53247 3545.86255
v 13774.59863 -652.60059 1513.30212
v 13805.66504 -426.53259 1549.61853
v 13698.00195 -652.60034 3582.17529
v 14198.00195 -652.60034 3582.17529
v 13729.06738 -426.53247 3545.86255
v 14166.93457 -426.53247 3545.86255
v 10814.52734 -1749.99939 1118.93384
v 11623.68359 -1749.99951 681.06610
v 10814.52734 -1749.99939 681.06659
v 11623.68359 -1749.99951 1118.93335
v 13444.35645 -749.99823 -5249.30273
v 12878.38770 -749.99829 -6680.52148
v 12466.92676 -749.99829 -6530.76221
v 13032.89551 -749.99823 -5099.54297
v 9243.81152 -749.99823 -3799.96558
v 8805.94434 -749.99829 -4727.33643
v 8805.94434 -749.99823 -3799.96509
v 9243.81152 -749.99829 -4727.33643
v 7808.00439 1244.33191 -2639.87671
v 7808.00439 1244.33191 -2540.10938
v 7908.80518 1244.33911 -2639.73462
v 7908.80420 1244.33789 -2540.12524
v 8031.18164 1244.34070 -2851.87402
v 8117.59473 1244.34070 -2901.76563
v 7980.80371 1244.33423 -2939.18115
v 8067.20313 1244.33484 -2989.06641
v 8117.69971 1244.33936 -2278.16675
v 8031.24365 1244.33813 -2328.08301
v 8067.20264 1244.33203 -2190.92944
v 7980.80322 1244.33203 -2240.81079
v 8499.19922 1244.33496 -2240.82056
v 8448.79199 1244.34131 -2328.10864
v 8412.80078 1244.33594 -2190.93555
v 8362.33887 1244.34155 -2278.19653
v 12418.21582 -749.99823 -3140.34888
v 11980.34863 -749.99829 -4067.71973
v 11980.34863 -749.99823 -3140.34863
v 12418.21582 -749.99829 -4067.72021
v 10273.76953 -749.99823 -580.75018
v 9731.79297 -749.99829 -1074.44788
v 9842.55469 -749.99823 -504.71500
v 10163.00879 -749.99829 -1150.48291
v 14166.93457 -426.53247 3545.86255
v 13805.66504 -426.53259 1549.61853
v 13729.06738 -426.53247 3545.86255
v 14243.53223 -426.53259 1549.61816
v 11520.41895 -2249.99268 350.00079
v 11520.41895 -1577.63586 350.00082
v 11520.42871 -2249.99365 -419.92691
v 11520.42871 -1577.63684 -419.92691
v 12857.11914 -2249.99268 -419.93430
v 12857.12012 -1577.63586 -419.93430
v 11520.42871 -2249.99365 -419.92691
v 11520.42871 -1577.63684 -419.92691
v 7669.99902 -2249.99951 -149.99911
v 7669.99951 -2249.99951 350.00110
v 7669.99902 -1532.93530 -149.99921
v 7669.99951 -1532.93530 350.00110
v 7669.99951 -1532.93530 350.00110
v 7730.00586 -1449.99988 -112.49521
v 7730.00586 -1450.00000 312.49731
v 8470.00000 -1532.93555 350.00110
v 8409.99316 -1450.00000 312.49731
v 7669.99951 -1532.93530 350.00110
v 7730.00586 -1450.00000 312.49731
v 7669.99951 -1532.93530 350.00110
v 8469.99902 -2250.00000 350.00110
v 4550.02637 -2250.00000 649.99988
v 4424.80957 -2249.99780 350.00018
v 1202.60034 -2249.99951 649.80371
v 1249.99768 -2250.00000 349.99988
v 4871.53955 -2250.00000 649.99988
v 4736.20215 -2249.99756 350.00031
v 6389.82617 -2249.99634 350.00040
v 6405.98682 -2250.00000 649.99988
v 6967.49756 -2249.99585 350.00049
v 6966.61230 -2250.00000 649.99988
v 11660.00000 -2250.00000 649.99988
v 11520.41797 -2249.99268 350.00089
v 13754.94531 -2250.00000 -937.26233
v 13891.70313 -2250.00000 -637.26245
v 10026.27930 930.00000 1004.80597
v 10026.27930 930.00000 905.78467
v 10026.28027 730.00000 905.78467
v 10026.27930 730.00000 1574.21533
v 10026.27930 930.00000 1574.21545
v 10026.27930 930.00000 1475.19397
v 8990.52051 730.00000 815.00012
v 8990.52051 730.00000 1664.99988
v 9203.02051 730.00000 905.78467
v 9203.02051 730.00000 1574.21533
v 9203.02051 730.00000 905.78467
v 9203.02051 930.00000 905.78467
v 9203.02051 930.00000 1574.21533
v 9203.02051 930.00000 905.78467
v 9362.39551 930.00000 1004.80603
v 9362.39551 930.00000 1475.19397
v 9362.39551 930.00000 1004.80603
v 9362.39551 1130.00000 1004.80597
v 9362.39551 1130.00000 1475.19397
v 9754.76172 730.00000 815.00012
v 9754.76172 730.00000 905.78467
v 9754.76172 730.00000 1664.99988
v 9754.76172 730.00000 1574.21533
v 9754.76172 730.00000 905.78467
v 9754.76172 930.00000 905.78467
v 9754.76172 930.00000 1574.21533
v 9203.02051 730.00000 1574.21533
v 9203.02051 930.00000 1574.21533
v 9754.76172 930.00000 1004.80597
v 9754.76172 930.00000 1475.19397
v 9754.76172 930.00000 1004.80597
v 9362.39551 930.00000 1004.80603
v 9754.76172 1130.00000 1004.80597
v 9754.76172 1130.00000 1475.19397
v 10026.27930 930.00000 1475.19397
v 10026.27930 1130.00000 1475.19397
v 10026.27930 930.00000 1004.80597
v 10026.27930 1130.00000 1004.80597
v 10418.64551 930.00000 1004.80597
v 10418.64551 1130.00000 1004.80597
v 10418.64551 1130.00000 1475.19397
v 10026.27930 1130.00000 1475.19397
v 10418.64551 930.00000 1475.19397
v 10578.02051 930.00000 905.78467
v 10418.64551 930.00000 1004.80597
v 10026.27930 930.00000 1004.80597
v 10578.02051 930.00000 1574.21533
v 10578.02051 730.00000 905.78467
v 10578.02051 930.00000 905.78467
v 10026.27930 930.00000 1574.21545
v 10578.02051 730.00000 1574.21533
v 10790.52051 730.00000 815.00006
v 10026.27930 730.00000 815.00006
v 10578.02051 730.00000 905.78467
v 10026.28027 730.00000 905.78467
v 10790.52051 730.00000 1664.99988
v 10026.27930 730.00000 1664.99988
v 10578.02051 730.00000 905.78467
v 8990.52051 -2250.00000 815.00012
v 8990.52051 -2250.00000 1664.99988
v 8990.52051 730.00000 815.00012
v 8990.52051 730.00000 1664.99988
v 9754.76172 -2250.00000 815.00012
v 9754.76172 730.00000 815.00012
v 10026.27930 730.00000 815.00006
v 10026.27930 -2250.00000 814.99976
v 10026.28027 730.00000 905.78467
v 10026.27930 -2250.00000 905.78467
v 10790.52051 -2249.99976 815.00006
v 10790.52051 730.00000 815.00006
v 9754.76172 -2250.00000 905.78467
v 9754.76172 730.00000 905.78467
v 10026.27930 -2250.00000 905.78467
v 10026.28027 730.00000 905.78467
v 9362.39551 1130.00000 1004.80597
v 9362.39551 1130.00000 1475.19397
v 9754.76172 1130.00000 1004.80597
v 9754.76172 1130.00000 1475.19397
v 9754.76172 730.00000 1574.21533
v 10026.27930 730.00000 1574.21533
v 9754.76172 730.00000 905.78467
v 10026.28027 730.00000 905.78467
v 10418.64551 1130.00000 1004.80597
v 10026.27930 1130.00000 1004.80597
v 10418.64551 1130.00000 1475.19397
v 10026.27930 1130.00000 1475.19397
v 7808.00439 1244.33191 -2540.10938
v 7614.67188 1244.33057 -2540.10815
v 7808.00342 1244.33203 -2340.57715
v 7614.67041 1244.33057 -2340.57617
v 7808.00439 1244.33191 -2639.87671
v 7808.00635 1244.33289 -2839.40845
v 7614.67139 1244.33179 -2639.87695
v 7614.67334 1244.33154 -2839.40723
v 7980.80322 1244.33203 -2240.81079
v 7808.00342 1244.33203 -2340.57715
v 7884.13672 1244.33105 -2073.37939
v 7711.33545 1244.33081 -2173.14502
v 7980.80371 1244.33423 -2939.18115
v 7884.13623 1244.33423 -3106.61328
v 7808.00635 1244.33289 -2839.40845
v 7711.33838 1244.33276 -3006.84058
v 8067.20215 1244.33447 -2989.06641
v 8239.99902 1244.33630 -3088.83838
v 7970.53516 1244.33447 -3156.49829
v 8143.33301 1244.33594 -3256.27100
v 8067.20264 1244.33203 -2190.92944
v 7970.53711 1244.33252 -2023.49609
v 8240.00293 1244.33386 -2091.16309
v 8143.33447 1244.33252 -1923.73083
v 8239.99902 1244.33630 -3088.83838
v 8412.79688 1244.33643 -2989.07544
v 8336.66504 1244.33740 -3256.27197
v 8509.46582 1244.33789 -3156.50586
v 8412.80078 1244.33594 -2190.93555
v 8240.00293 1244.33386 -2091.16309
v 8509.46484 1244.33594 -2023.50439
v 8336.66992 1244.33374 -1923.73096
v 8671.99609 1244.33691 -2340.59253
v 8499.19922 1244.33496 -2240.82056
v 8768.66211 1244.33716 -2173.16211
v 8595.86523 1244.33496 -2073.38770
v 14557.95898 -1449.99988 -7977.50928
v 13247.31543 -1449.99988 -8895.23145
v 14557.95898 -2249.99976 -7977.50879
v 13247.31641 -2249.99976 -8895.23145
v 14844.74707 -1449.99988 -8387.08496
v 13534.10352 -1449.99988 -9304.80762
v 2282.23730 -253.81775 -3879.41479
v 2282.23730 -144.00977 -3879.41504
v 1383.18225 -253.81775 -3879.41504
v 1383.18225 -144.00977 -3879.41504
v 2282.23730 -253.81799 -4312.85791
v 2282.23730 -144.01025 -4312.85791
v 11854.98340 -254.18286 7184.68652
v 11854.98340 1664.83691 7184.68652
v 11739.00488 -254.18286 6393.13867
v 11739.00488 1664.83691 6393.13867
v 12728.44043 -254.18286 6248.16602
v 12728.44043 1664.83691 6248.16602
v 11739.00488 1664.83691 6393.13867
v 11854.98340 1664.83691 7184.68652
v 12291.71191 2275.38867 6716.42627
v 11739.00488 1664.83691 6393.13867
v 12728.44043 1664.83691 6248.16602
v 2282.23730 -2250.00000 -3879.41504
v 2282.23730 -2250.00000 -4312.85791
v 2282.23730 -253.81775 -3879.41479
v 2282.23730 -253.81799 -4312.85791
v 1383.18237 -2250.00000 -3879.41504
v 2282.23730 -2250.00000 -3879.41504
v 1383.18225 -253.81775 -3879.41504
v 2282.23730 -253.81775 -3879.41479
v 2282.23730 -144.01025 -4312.85791
v 1383.18225 -144.01025 -4312.85791
v 2282.23730 -144.00977 -3879.41504
v 1383.18225 -144.00977 -3879.41504
v 7730.00586 -1449.99988 -112.49521
v 7730.00586 -1450.00000 312.49731
v 8409.99316 -1449.99988 -112.49539
v 8409.99316 -1450.00000 312.49731
v 7547.01416 -950.00012 4388.69482
v 7751.91846 -816.66675 4333.79150
v 9047.01367 -950.00012 1790.61877
v 9101.91895 -816.66675 1995.52307
v 9320.22168 -950.00012 1717.41150
v 9375.12500 -816.66675 1922.31531
v 9320.22168 -950.00012 1717.41150
v 9375.12500 -816.66675 1922.31531
v 10104.15039 -950.00024 2170.01294
v 9899.24707 -816.66675 2224.91675
v 9947.45215 -816.66675 2541.42310
v 10177.35547 -950.00024 2443.21802
v 9047.01367 -950.00012 1790.61877
v 9320.22168 -950.00012 1717.41150
v 9047.01367 -2250.00000 1790.61926
v 9320.21777 -2250.00000 1717.41370
v 10112.28809 2641.79199 1255.55200
v 10168.78418 2641.79199 1353.40625
v 10155.18164 2761.15088 1255.55151
v 10190.23145 2761.15088 1316.25952
v 10168.78516 2641.79199 1157.69714
v 10190.23145 2761.15088 1194.84351
v 10155.18164 2761.15112 1255.55151
v 10190.23145 2761.15088 1194.84351
v 10204.24414 3948.07568 1219.11475
v 10183.20703 3948.07568 1255.55151
v 10204.24414 3948.07568 1291.98828
v 10168.78516 2641.79199 1157.69714
v 10190.23145 2761.15088 1194.84351
v 10281.77734 2641.79199 1157.69751
v 10260.33105 2761.15088 1194.84363
v 10246.31738 3948.07568 1219.11475
v 10204.24414 3948.07568 1219.11475
v 10041.72559 2266.32715 1938.59790
v 9541.72656 2266.32666 1072.57202
v 9971.66309 1566.32715 1817.24487
v 9611.78906 1566.32666 1193.92480
v 10477.81543 1566.32666 693.92456
v 10407.75195 2266.32666 572.57178
v 10106.52637 2266.30371 1050.83411
v 9988.31445 2266.30371 1255.58435
v 10131.54980 2642.43115 1094.17505
v 10038.36035 2642.43115 1255.58423
v 9988.31445 2266.30371 1255.58435
v 10106.52734 2266.30371 1460.33472
v 10038.36035 2642.43115 1255.58423
v 10131.54980 2642.43115 1416.99390
v 10342.95215 2266.30371 1050.83411
v 10317.92969 2642.43115 1094.17493
v 7375.39941 1939.83276 3087.17798
v 7375.39941 1939.83276 3478.68896
v 7437.64209 2119.22168 3123.11255
v 7437.64551 2119.22168 3442.75195
v 7375.39941 1939.83276 3087.17798
v 7437.64209 2119.22168 3123.11255
v 7714.45801 1939.83276 2891.42188
v 7714.45752 2119.22168 2963.29321
v 7375.39941 1939.83276 3478.68896
v 7714.45801 1939.83276 3674.44482
v 7437.64551 2119.22168 3442.75195
v 7714.45850 2119.22168 3602.56714
v 8053.51660 1939.83276 3087.17798
v 7714.45801 1939.83276 2891.42188
v 7991.27441 2119.22168 3123.11597
v 7714.45752 2119.22168 2963.29321
v 7375.39893 1596.46411 3087.17798
v 7375.39941 1596.46423 3478.68896
v 7375.39941 1939.83276 3087.17798
v 7375.39941 1939.83276 3478.68896
v 7714.45752 1596.46411 2891.42188
v 7375.39893 1596.46411 3087.17798
v 7714.45801 1939.83276 2891.42188
v 7375.39941 1939.83276 3087.17798
v 7375.39941 1596.46423 3478.68896
v 7714.45801 1596.46423 3674.44482
v 7375.39941 1939.83276 3478.68896
v 7714.45801 1939.83276 3674.44482
v 8053.51611 1596.46411 3087.17798
v 7714.45752 1596.46411 2891.42188
v 8053.51660 1939.83276 3087.17798
v 7714.45801 1939.83276 2891.42188
v 7375.39893 1529.07385 3087.17798
v 7375.39893 1529.07397 3478.68896
v 7375.39893 1596.46411 3087.17798
v 7375.39941 1596.46423 3478.68896
v 7714.45752 1529.07385 2891.42188
v 7375.39893 1529.07385 3087.17798
v 7714.45752 1596.46411 2891.42188
v 7375.39893 1596.46411 3087.17798
v 7375.39893 1529.07397 3478.68896
v 7714.45752 1529.07397 3674.44482
v 7375.39941 1596.46423 3478.68896
v 7714.45801 1596.46423 3674.44482
v 8053.51611 1529.07385 3087.17798
v 7714.45752 1529.07385 2891.42188
v 8053.51611 1596.46411 3087.17798
v 7714.45752 1596.46411 2891.42188
v 7375.39844 -2250.07617 3087.17773
v 7375.39844 -2250.07617 3478.68896
v 7375.39893 1529.07385 3087.17798
v 7375.39893 1529.07397 3478.68896
v 7714.45703 -2250.07617 2891.42188
v 7714.45752 1529.07385 2891.42188
v 7375.39893 1529.07385 3087.17798
v 7714.45703 -2250.07617 3674.44482
v 7375.39893 1529.07397 3478.68896
v 7714.45752 1529.07397 3674.44482
v 8053.51563 -2250.07617 3087.17773
v 8053.51611 1529.07385 3087.17798
v 7714.45752 1529.07385 2891.42188
v 8330.54199 141.50684 -388.34598
v 8623.05664 141.50684 -219.46280
v 8122.69727 381.50671 -28.34596
v 8415.21094 381.50671 140.53722
v 8330.54199 1101.50671 -388.34628
v 8122.69727 861.50684 -28.34619
v 8623.05664 1101.50671 -219.46303
v 8415.21094 861.50684 140.53714
v 7446.13330 621.50629 -545.18823
v 7738.64746 621.50629 -376.30490
v 7238.28711 861.50629 -185.18806
v 7530.80078 861.50629 -16.30489
v 7446.13330 1581.50623 -545.18842
v 7238.28711 1341.50647 -185.18822
v 7738.64746 1581.50623 -376.30511
v 7530.80176 1341.50647 -16.30503
v 6800.81689 141.50647 -1030.18396
v 7093.33154 141.50647 -861.30066
v 6592.97119 381.50659 -670.18378
v 6885.48535 381.50659 -501.30048
v 6800.81787 1101.50659 -1030.18408
v 6592.97119 861.50671 -670.18390
v 7093.33154 1101.50659 -861.30084
v 6885.48535 861.50684 -501.30069
v 8122.69727 861.50684 -28.34619
v 8122.69727 381.50671 -28.34596
v 8415.21094 861.50684 140.53714
v 8415.21094 381.50671 140.53722
v 7238.28711 1341.50647 -185.18822
v 7238.28711 861.50629 -185.18806
v 7530.80176 1341.50647 -16.30503
v 7530.80078 861.50629 -16.30489
v 6592.97119 861.50671 -670.18390
v 6592.97119 381.50659 -670.18378
v 6885.48535 861.50684 -501.30069
v 6885.48535 381.50659 -501.30048
v 8330.54199 141.50684 -388.34598
v 8538.38965 381.50659 -748.34546
v 8538.38965 141.50684 -748.34546
v 8538.38965 621.50677 -748.34546
v 8538.38965 861.50659 -748.34546
v 8746.00586 621.94873 -1107.94849
v 7446.13330 621.50629 -545.18823
v 7653.97949 861.50623 -905.18750
v 7653.97949 621.50629 -905.18750
v 7653.97998 1101.50659 -905.18756
v 7653.97998 1341.50623 -905.18756
v 7861.59766 1101.94849 -1264.79053
v 6800.81689 141.50647 -1030.18396
v 7008.66406 381.50647 -1390.18335
v 7008.66406 141.50647 -1390.18335
v 7008.66406 621.50659 -1390.18335
v 7008.66406 861.50659 -1390.18323
v 7216.28125 621.94861 -1749.78625
v 8330.54199 141.50684 -388.34598
v 8538.38965 141.50684 -748.34546
v 8330.54199 -2250.14771 -388.34586
v 8746.00586 -2249.86401 -1107.94836
v 8538.38965 381.50659 -748.34546
v 8746.00586 621.94873 -1107.94849
v 8538.38965 621.50677 -748.34546
v 8330.54199 141.50684 -388.34598
v 8330.54199 -2250.14771 -388.34586
v 8623.05664 141.50684 -219.46280
v 8623.05664 -2250.14771 -219.46252
v 7446.13330 621.50629 -545.18823
v 7653.97949 621.50629 -905.18750
v 7446.13281 -2250.14771 -545.18781
v 7861.59766 -2249.86401 -1264.79041
v 7653.97949 861.50623 -905.18750
v 7861.59766 1101.94849 -1264.79053
v 7653.97998 1101.50659 -905.18756
v 7446.13330 621.50629 -545.18823
v 7446.13281 -2250.14771 -545.18781
v 7738.64746 621.50629 -376.30490
v 7738.64746 -2250.14771 -376.30469
v 6800.81689 141.50647 -1030.18396
v 7008.66406 141.50647 -1390.18335
v 6800.81689 -2250.14771 -1030.18372
v 7216.28125 -2249.86401 -1749.78625
v 7008.66406 381.50647 -1390.18335
v 7216.28125 621.94861 -1749.78625
v 7008.66406 621.50659 -1390.18335
v 6800.81689 141.50647 -1030.18396
v 6800.81689 -2250.14771 -1030.18372
v 7093.33154 141.50647 -861.30066
v 7093.33154 -2250.14771 -861.30035
v 8091.33887 482.27838 -247.99413
v 8091.33887 760.73523 -247.99417
v 8211.91309 621.50677 -456.83670
v 8211.91309 343.05011 -456.83661
v 8211.91309 899.96326 -456.83682
v 8332.48730 760.73499 -665.67975
v 8332.48828 482.27820 -665.67926
v 8122.69727 381.50671 -28.34596
v 8122.69727 861.50684 -28.34619
v 8091.33887 482.27838 -247.99413
v 8091.33887 760.73523 -247.99417
v 8122.69727 381.50671 -28.34596
v 8091.33887 482.27838 -247.99413
v 8330.54199 141.50684 -388.34598
v 8211.91309 343.05011 -456.83661
v 8122.69727 861.50684 -28.34619
v 8330.54199 1101.50671 -388.34628
v 8538.38965 861.50659 -748.34546
v 8330.54199 141.50684 -388.34598
v 8211.91309 343.05011 -456.83661
v 8538.38965 381.50659 -748.34546
v 8332.48828 482.27820 -665.67926
v 8538.38965 381.50659 -748.34546
v 7206.92871 962.27808 -404.83612
v 7206.92920 1240.73499 -404.83618
v 7327.50439 1101.50671 -613.67865
v 7327.50488 823.04980 -613.67853
v 7327.50488 1379.96301 -613.67877
v 7448.07764 1240.73474 -822.52185
v 7448.07861 962.27789 -822.52118
v 7238.28711 861.50629 -185.18806
v 7238.28711 1341.50647 -185.18822
v 7206.92871 962.27808 -404.83612
v 7206.92920 1240.73499 -404.83618
v 7238.28711 861.50629 -185.18806
v 7206.92871 962.27808 -404.83612
v 7446.13330 621.50629 -545.18823
v 7327.50488 823.04980 -613.67853
v 7238.28711 1341.50647 -185.18822
v 7446.13330 1581.50623 -545.18842
v 7446.13330 621.50629 -545.18823
v 7327.50488 823.04980 -613.67853
v 7653.97949 861.50623 -905.18750
v 7448.07861 962.27789 -822.52118
v 7653.97998 1341.50623 -905.18756
v 7653.97949 861.50623 -905.18750
v 6561.61279 482.27820 -889.83191
v 6561.61279 760.73517 -889.83185
v 6682.18799 621.50659 -1098.67468
v 6682.18799 343.04999 -1098.67456
v 6682.18799 899.96320 -1098.67456
v 6802.76318 482.27808 -1307.51709
v 6802.76221 760.73486 -1307.51758
v 6592.97119 381.50659 -670.18378
v 6592.97119 861.50671 -670.18390
v 6561.61279 482.27820 -889.83191
v 6561.61279 760.73523 -889.83191
v 6592.97119 381.50659 -670.18378
v 6561.61279 482.27820 -889.83191
v 6800.81689 141.50647 -1030.18396
v 6682.18799 343.04999 -1098.67456
v 6592.97119 861.50671 -670.18390
v 6800.81787 1101.50659 -1030.18408
v 6800.81689 141.50647 -1030.18396
v 6682.18799 343.04999 -1098.67456
v 7008.66406 381.50647 -1390.18335
v 6802.76318 482.27808 -1307.51709
v 7008.66406 861.50659 -1390.18323
v 7008.66406 381.50647 -1390.18335
v 7614.67139 -2250.00366 -2540.10791
v 7614.66943 -2250.00415 -2340.57544
v 7614.67188 1244.33057 -2540.10815
v 7614.67041 1244.33057 -2340.57617
v 7614.67188 -2250.00244 -2839.40894
v 7614.67139 -2250.00269 -2639.87476
v 7614.67334 1244.33154 -2839.40723
v 7614.67139 1244.33179 -2639.87695
v 7711.33740 -2250.00391 -2173.14185
v 7884.13721 -2250.00317 -2073.37720
v 7711.33545 1244.33081 -2173.14502
v 7884.13672 1244.33105 -2073.37939
v 7711.33545 -2250.00146 -3006.84570
v 7711.33838 1244.33276 -3006.84058
v 7884.13623 -2249.99976 -3106.61328
v 7884.13623 1244.33423 -3106.61328
v 7808.00439 1244.33191 -2540.10938
v 7808.00342 1244.33203 -2340.57715
v 7808.00195 2898.39502 -2540.12354
v 7808.00342 2898.39600 -2340.57715
v 7808.00635 1244.33289 -2839.40845
v 7808.00439 1244.33191 -2639.87671
v 7808.00586 2898.39648 -2839.40845
v 7808.00195 2898.39502 -2639.73486
v 7808.00586 2898.39648 -2839.40845
v 7980.80371 1244.33423 -2939.18115
v 7980.78662 2898.39844 -2939.16016
v 7808.00342 1244.33203 -2340.57715
v 7980.80322 1244.33203 -2240.81079
v 7808.00342 2898.39600 -2340.57715
v 7980.84473 2898.39551 -2240.78735
v 7908.80469 2937.39697 -2639.73438
v 7908.80469 3548.52637 -2639.73438
v 7908.80176 2937.39648 -2781.21753
v 7908.80176 3548.52539 -2781.21753
v 7908.80371 2937.39551 -2540.12476
v 7908.80420 2937.39551 -2398.77295
v 7908.80371 3548.52637 -2540.12476
v 7908.80420 3548.52637 -2398.77295
v 8031.18115 2937.39844 -2851.87427
v 7908.80176 2937.39648 -2781.21753
v 8031.18115 3548.52881 -2851.87402
v 7908.80176 3548.52539 -2781.21753
v 8031.24414 2937.39551 -2328.08325
v 8031.24414 3548.52637 -2328.08325
v 7908.80420 2937.39551 -2398.77295
v 7908.80420 3548.52637 -2398.77295
v 8143.33252 -2249.99878 -3256.27100
v 7970.53516 -2250.00000 -3156.49829
v 8143.33301 1244.33594 -3256.27100
v 7970.53516 1244.33447 -3156.49829
v 7970.53613 -2250.00195 -2023.49573
v 8143.33496 -2250.00171 -1923.73071
v 7970.53711 1244.33252 -2023.49609
v 8143.33447 1244.33252 -1923.73083
v 8239.99902 1244.33630 -3088.83838
v 8067.20215 1244.33447 -2989.06641
v 8239.99902 2898.40015 -3088.83838
v 8067.19873 2898.39844 -2989.05298
v 8067.20264 1244.33203 -2190.92944
v 8240.00293 1244.33386 -2091.16309
v 8067.30029 2898.39551 -2190.87305
v 8240.00293 2898.39746 -2091.16284
v 8117.59424 2937.39844 -2901.76538
v 8117.59424 3548.52881 -2901.76538
v 8239.99805 2937.39990 -2972.44482
v 8240.00098 3548.52881 -2972.43970
v 8117.69922 2937.39697 -2278.16870
v 8239.99902 2937.39746 -2207.56274
v 8117.69922 3548.52637 -2278.16870
v 8239.99902 3548.52686 -2207.56274
v 8362.33984 2937.39941 -2278.19653
v 8362.33984 3548.53027 -2278.19653
v 8239.99902 2937.39746 -2207.56274
v 8239.99902 3548.52686 -2207.56274
v 8412.80078 1244.33594 -2190.93555
v 8240.00293 2898.39746 -2091.16284
v 8412.79590 2898.39941 -2190.80200
v 8336.66699 -2250.00049 -1923.73608
v 8509.46484 -2249.99878 -2023.50464
v 8336.66992 1244.33374 -1923.73096
v 8509.46484 1244.33594 -2023.50439
v 8448.79199 2937.39844 -2328.11060
v 8571.19824 2937.40039 -2398.78491
v 8448.79199 3548.52881 -2328.11060
v 8571.19824 3548.52930 -2398.78491
v 8671.99609 1244.33691 -2340.59253
v 8671.99512 2898.40039 -2340.59253
v 8499.19922 1244.33496 -2240.82056
v 8499.24707 2898.39844 -2240.71777
v 8595.86523 -2249.99902 -2073.38818
v 8768.66113 -2249.99756 -2173.16211
v 8595.86523 1244.33496 -2073.38770
v 8768.66211 1244.33716 -2173.16211
v 7808.00586 -2250.00244 -2639.87500
v 7808.00586 -2250.00244 -2540.10815
v 7808.00439 1244.33191 -2639.87671
v 7808.00439 1244.33191 -2540.10938
v 7908.80469 2937.39697 -2639.73438
v 7908.80371 2937.39551 -2540.12476
v 7908.80469 3548.52637 -2639.73438
v 7908.80371 3548.52637 -2540.12476
v 7908.80518 1244.33911 -2639.73462
v 7908.80420 1244.33789 -2540.12524
v 7908.80371 2898.39697 -2639.73608
v 7908.80371 2898.39551 -2540.12476
v 7980.80225 -2250.00220 -2240.81055
v 8067.20215 -2250.00220 -2190.92725
v 7980.80322 1244.33203 -2240.81079
v 8067.20264 1244.33203 -2190.92944
v 8067.20215 -2250.00000 -2989.06787
v 7980.80420 -2249.99976 -2939.18115
v 8067.20215 1244.33447 -2989.06641
v 7980.80371 1244.33423 -2939.18115
v 8031.18164 1244.34070 -2851.87402
v 8031.18115 2898.39844 -2851.87427
v 8117.59424 1244.34033 -2901.76538
v 8117.59424 2898.39844 -2901.76538
v 8117.59424 2937.39844 -2901.76538
v 8031.18115 2937.39844 -2851.87427
v 8117.59424 3548.52881 -2901.76538
v 8031.18115 3548.52881 -2851.87402
v 8117.69971 1244.33936 -2278.16675
v 8117.69922 2898.39697 -2278.16870
v 8031.24365 1244.33813 -2328.08301
v 8031.24414 2898.39551 -2328.08325
v 8031.24414 2937.39551 -2328.08325
v 8117.69922 2937.39697 -2278.16870
v 8031.24414 3548.52637 -2328.08325
v 8117.69922 3548.52637 -2278.16870
v 8362.33887 1244.34155 -2278.19653
v 8448.79199 1244.34131 -2328.10864
v 8362.33984 2898.39941 -2278.19653
v 8448.79199 2898.39844 -2328.11060
v 8362.33984 2937.39941 -2278.19653
v 8448.79199 2937.39844 -2328.11060
v 8362.33984 3548.53027 -2278.19653
v 8448.79199 3548.52881 -2328.11060
v 8412.79980 -2249.99878 -2190.93555
v 8499.19922 -2249.99902 -2240.81860
v 8412.80078 1244.33594 -2190.93555
v 8499.19922 1244.33496 -2240.82056
v 7808.00342 1244.33203 -2340.57715
v 7614.67041 1244.33057 -2340.57617
v 7808.00391 -2250.00269 -2340.57568
v 7614.66943 -2250.00415 -2340.57544
v 7808.00439 1244.33191 -2540.10938
v 7808.00586 -2250.00244 -2540.10815
v 7614.67188 1244.33057 -2540.10815
v 7614.67139 -2250.00366 -2540.10791
v 7808.00586 -2250.00244 -2639.87500
v 7808.00439 1244.33191 -2639.87671
v 7614.67139 -2250.00269 -2639.87476
v 7614.67139 1244.33179 -2639.87695
v 7808.00635 1244.33289 -2839.40845
v 7808.00244 -2250.00146 -2839.41357
v 7614.67334 1244.33154 -2839.40723
v 7614.67188 -2250.00244 -2839.40894
v 7711.33545 1244.33081 -2173.14502
v 7711.33740 -2250.00391 -2173.14185
v 7711.33838 1244.33276 -3006.84058
v 7711.33545 -2250.00146 -3006.84570
v 7908.80371 2898.39551 -2540.12476
v 7908.80420 1244.33789 -2540.12524
v 7808.00195 2898.39502 -2540.12354
v 7808.00439 1244.33191 -2540.10938
v 7908.80371 2898.39697 -2639.73608
v 7808.00195 2898.39502 -2639.73486
v 7908.80518 1244.33911 -2639.73462
v 7808.00439 1244.33191 -2639.87671
v 7980.80225 -2250.00220 -2240.81055
v 7980.80322 1244.33203 -2240.81079
v 7884.13721 -2250.00317 -2073.37720
v 7884.13672 1244.33105 -2073.37939
v 8031.24414 2898.39551 -2328.08325
v 7980.84473 2898.39551 -2240.78735
v 8031.24365 1244.33813 -2328.08301
v 7980.80322 1244.33203 -2240.81079
v 8067.20117 -2250.00000 -2989.06787
v 8067.20215 1244.33447 -2989.06641
v 7970.53516 -2250.00000 -3156.49829
v 7970.53516 1244.33447 -3156.49829
v 8067.20264 1244.33203 -2190.92944
v 8067.20215 -2250.00220 -2190.92725
v 7970.53711 1244.33252 -2023.49609
v 7970.53613 -2250.00195 -2023.49573
v 8117.59570 2898.39941 -2901.76611
v 8067.20020 2898.39941 -2989.05371
v 8117.59473 1244.34070 -2901.76563
v 8067.20313 1244.33484 -2989.06641
v 8117.69922 2898.39697 -2278.16870
v 8117.69971 1244.33936 -2278.16675
v 8067.30029 2898.39551 -2190.87305
v 8067.20264 1244.33203 -2190.92944
v 8240.00293 1244.33386 -2091.16309
v 8143.33447 1244.33252 -1923.73083
v 8240.00000 -2250.00049 -2091.16797
v 8143.33496 -2250.00171 -1923.73071
v 8239.99805 -2249.99854 -3088.83960
v 8239.99902 1244.33630 -3088.83838
v 8336.66504 -2249.99731 -3256.27173
v 8336.66504 1244.33740 -3256.27197
v 8336.66992 1244.33374 -1923.73096
v 8336.66699 -2250.00049 -1923.73608
v 8362.33984 2898.39941 -2278.19653
v 8412.79590 2898.39941 -2190.80200
v 8362.33887 1244.34155 -2278.19653
v 8412.80078 1244.33594 -2190.93555
v 8412.79980 -2249.99878 -2190.93555
v 8412.80078 1244.33594 -2190.93555
v 8509.46484 -2249.99878 -2023.50464
v 8509.46484 1244.33594 -2023.50439
v 8448.79199 2898.39844 -2328.11060
v 8448.79199 1244.34131 -2328.10864
v 8499.24707 2898.39844 -2240.71777
v 8499.19922 1244.33496 -2240.82056
v 8499.19922 1244.33496 -2240.82056
v 8499.19922 -2249.99902 -2240.81860
v 8595.86523 1244.33496 -2073.38770
v 8595.86523 -2249.99902 -2073.38818
v 7808.00195 2898.39502 -2540.12354
v 7808.00342 2898.39600 -2340.57715
v 7808.00195 2937.39502 -2540.12354
v 7808.00342 2937.39600 -2340.57715
v 7808.00586 2898.39648 -2839.40845
v 7808.00195 2898.39502 -2639.73486
v 7808.00586 2937.39648 -2839.40845
v 7808.00195 2937.39502 -2639.73486
v 7808.00195 2898.39502 -2639.73486
v 7908.80371 2898.39697 -2639.73608
v 7808.00195 2937.39502 -2639.73486
v 7908.80469 2937.39697 -2639.73438
v 7908.80371 2898.39551 -2540.12476
v 7908.80371 2937.39551 -2540.12476
v 7980.78662 2898.39844 -2939.16016
v 7808.00586 2898.39648 -2839.40845
v 7980.78662 2937.39844 -2939.16016
v 7808.00586 2937.39648 -2839.40845
v 7808.00342 2898.39600 -2340.57715
v 7980.84473 2898.39551 -2240.78735
v 7808.00342 2937.39600 -2340.57715
v 7980.84473 2937.39551 -2240.78735
v 7908.80176 3548.52539 -2781.21753
v 7908.80469 3548.52637 -2639.73438
v 7908.80176 3587.52539 -2781.21753
v 7908.80469 3587.52637 -2639.73438
v 7908.80371 2898.39697 -2639.73608
v 7908.80469 2937.39697 -2639.73438
v 7908.80371 3548.52637 -2540.12476
v 7908.80420 3548.52637 -2398.77295
v 7908.80371 3587.52637 -2540.12476
v 7908.80420 3587.52637 -2398.77295
v 7908.80176 3548.52539 -2781.21753
v 7908.80176 3587.52539 -2781.21753
v 8031.18115 3548.52881 -2851.87402
v 8031.18115 3587.52881 -2851.87402
v 7908.80420 3548.52637 -2398.77295
v 8031.24414 3548.52637 -2328.08325
v 7908.80420 3587.52637 -2398.77295
v 8031.24414 3587.52637 -2328.08325
v 8031.24414 2898.39551 -2328.08325
v 8031.24414 2937.39551 -2328.08325
v 8117.59424 2898.39844 -2901.76538
v 8031.18115 2898.39844 -2851.87427
v 8117.59424 2937.39844 -2901.76538
v 8031.18115 2937.39844 -2851.87427
v 8117.59424 3548.52881 -2901.76538
v 8117.59424 3587.52881 -2901.76538
v 8117.69922 2898.39697 -2278.16870
v 8117.69922 2937.39697 -2278.16870
v 8117.69922 3548.52637 -2278.16870
v 8117.69922 3587.52637 -2278.16870
v 8067.19873 2898.39844 -2989.05298
v 8067.19873 2937.39844 -2989.05298
v 8117.59424 2937.39844 -2901.76538
v 8067.30029 2898.39551 -2190.87305
v 8067.30029 2937.39551 -2190.87305
v 8239.99902 2898.40015 -3088.83838
v 8067.19873 2898.39844 -2989.05298
v 8239.99902 2937.39990 -3088.83813
v 8067.19873 2937.39844 -2989.05298
v 8067.30029 2898.39551 -2190.87305
v 8240.00293 2898.39746 -2091.16284
v 8067.30029 2937.39551 -2190.87305
v 8240.00293 2937.39746 -2091.16284
v 8240.00098 3548.52881 -2972.43970
v 8240.00098 3587.52881 -2972.43970
v 8239.99902 3548.52686 -2207.56274
v 8239.99902 3587.52686 -2207.56274
v 8239.99902 3548.52686 -2207.56274
v 8362.33984 3548.53027 -2278.19653
v 8239.99902 3587.52686 -2207.56274
v 8362.33984 3587.53027 -2278.19653
v 8240.00293 2898.39746 -2091.16284
v 8412.79590 2898.39941 -2190.80200
v 8240.00293 2937.39746 -2091.16284
v 8412.79590 2937.39941 -2190.80200
v 8362.33984 2898.39941 -2278.19653
v 8362.33984 2937.39941 -2278.19653
v 8362.33984 2898.39941 -2278.19653
v 8448.79199 2898.39844 -2328.11060
v 8362.33984 2937.39941 -2278.19653
v 8448.79199 2937.39844 -2328.11060
v 8448.79199 3548.52881 -2328.11060
v 8448.79199 3587.52881 -2328.11060
v 8499.24707 2898.39844 -2240.71777
v 8499.24707 2937.39844 -2240.71777
v 8448.79199 2898.39844 -2328.11060
v 8448.79199 2937.39844 -2328.11060
v 8571.19824 3548.52930 -2398.78491
v 8571.19824 3587.52930 -2398.78491
v 8671.99512 2898.40039 -2340.59253
v 8671.99512 2937.40039 -2340.59253
v 7770.99463 -1449.99976 -4225.51025
v 6320.99512 -1449.99976 -4225.51025
v 7770.99463 -2249.99951 -4225.51025
v 6320.99512 -2249.99927 -4225.51025
v 7276.32080 -1499.99207 -1737.50427
v 7536.99365 -1259.99219 -1888.00391
v 6618.75879 -1499.99194 -2887.81348
v 6879.43115 -1259.99207 -3038.31372
v 7797.65430 -1499.99219 -2038.49744
v 7140.09229 -1499.99219 -3188.80591
v 7536.99365 -1259.99219 -1888.00391
v 6879.43115 -1259.99207 -3038.31372
v 6842.55615 -1826.54443 2809.72534
v 7103.22900 -1586.54443 2960.22485
v 7509.97217 -1826.54419 1665.10522
v 7770.64551 -1586.54443 1815.60388
v 7103.22900 -1586.54443 2960.22485
v 7363.89063 -1826.54443 3110.71680
v 7770.64551 -1586.54443 1815.60388
v 8031.30615 -1826.54443 1966.09717
v 6618.75879 -2249.99194 -2887.81372
v 6618.75879 -1499.99194 -2887.81348
v 6791.93164 -2249.99219 -3189.86743
v 6791.93164 -1499.99207 -3189.86743
v 7276.32080 -2249.99194 -1737.50500
v 7276.32080 -1499.99207 -1737.50427
v 7624.49365 -2249.99219 -1736.45020
v 7276.32080 -1499.99207 -1737.50427
v 7624.49365 -1499.99207 -1736.45020
v 7797.65430 -2249.99219 -2038.49731
v 7624.49365 -1499.99207 -1736.45020
v 7797.65430 -1499.99219 -2038.49744
v 6842.55664 -2249.99194 2809.72461
v 7015.72949 -2249.99219 3111.77856
v 6842.55615 -1826.54443 2809.72534
v 7015.72949 -1826.54443 3111.77856
v 7509.97266 -2249.99194 1665.10510
v 7509.97217 -1826.54419 1665.10522
v 6842.55615 -1826.54443 2809.72534
v 7363.89063 -2249.99219 3110.71680
v 7363.89063 -1826.54443 3110.71680
v 7015.72949 -1826.54443 3111.77856
v 7858.14502 -2249.99219 1664.05005
v 7858.14502 -1826.54443 1664.05005
v 8031.30615 -2249.99219 1966.09717
v 7363.89063 -1826.54443 3110.71680
v 8031.30615 -1826.54443 1966.09717
v 8050.82422 -2249.99951 -1564.67822
v 8300.23828 -2249.99951 -1132.67688
v 8050.82178 -250.61877 -1564.67261
v 8300.23828 -250.61877 -1132.67456
v 8799.07031 -2249.99976 -1132.67993
v 8799.07031 -250.61902 -1132.67786
v 8300.23828 -250.61877 -1132.67456
v 8300.23828 -250.61877 -1132.67456
v 8361.94336 -100.61877 -1239.55078
v 8050.82178 -250.61877 -1564.67261
v 8160.82764 -100.61877 -1604.89197
v 8300.23828 -250.61877 -1132.67456
v 8799.07031 -250.61902 -1132.67786
v 8361.94336 -100.61877 -1239.55078
v 8737.36328 -100.61902 -1239.55273
v 12430.45410 468.10840 4805.13525
v 12485.89746 468.10840 4919.29053
v 12430.45410 1731.39502 4805.13525
v 12485.89746 1731.39502 4919.29053
v 12444.67676 468.10840 5075.46777
v 12444.67676 1731.39453 5075.46777
v 12545.46387 468.10840 4751.48682
v 12545.46387 1731.39502 4751.48682
v 12611.93945 468.10840 4604.27441
v 12545.46387 468.10840 4751.48682
v 12611.93945 1731.39453 4604.27441
v 12545.46387 1731.39502 4751.48682
v 12609.97461 500.00024 4299.41211
v 12665.41699 500.00024 4413.56738
v 12609.97461 2013.23145 4299.41211
v 12665.41699 2013.23145 4413.56738
v 12624.19629 500.00024 4569.74463
v 12624.19629 2013.23120 4569.74463
v 12724.98340 500.00024 4245.76367
v 12724.98340 2013.23145 4245.76367
v 12791.45898 500.00024 4098.55127
v 12724.98340 500.00024 4245.76367
v 12791.45898 2013.23120 4098.55127
v 12724.98340 2013.23145 4245.76367
v 12791.46289 468.10840 3788.14502
v 12846.90527 468.10840 3902.30029
v 12791.46289 1731.39502 3788.14502
v 12846.90527 1731.39502 3902.30029
v 12805.68457 468.10840 4058.47754
v 12805.68457 1731.39453 4058.47754
v 12906.47168 468.10840 3734.49658
v 12906.47168 1731.39502 3734.49658
v 12972.94727 468.10840 3587.28394
v 12906.47168 468.10840 3734.49658
v 12972.94727 1731.39453 3587.28394
v 12906.47168 1731.39502 3734.49658
v 6493.79492 -2250.00049 -6343.26904
v 7614.44189 -2250.00049 -6583.07129
v 6493.79492 1167.80908 -6343.26904
v 7614.44189 1167.80908 -6583.07129
v 6293.61426 -2250.00049 -6920.22900
v 6293.61426 1167.80908 -6920.22900
v 9927.83301 -2250.00244 3101.26025
v 9879.06641 -2250.00244 3283.26025
v 9927.83301 666.09973 3101.26025
v 9879.06641 666.09973 3283.26025
v 9927.83301 -2250.00244 3465.26025
v 9927.83301 666.09973 3465.26025
v 10061.06641 -2250.00244 2968.02710
v 10061.06641 666.09973 2968.02710
v 10061.06641 -2250.00244 3598.49365
v 10061.06641 666.09973 3598.49365
v 10243.06641 -2250.00244 2919.26025
v 10243.06641 666.09973 2919.26025
v 10425.06641 -2250.00244 2968.02710
v 10425.06641 666.09973 2968.02710
v 9927.83301 666.09973 3101.26025
v 9879.06641 666.09973 3283.26025
v 9927.83301 2124.27271 3101.26025
v 9879.06641 2124.27271 3283.26025
v 9927.83301 666.09973 3465.26025
v 9927.83301 2124.27271 3465.26025
v 10033.66895 2215.80811 3162.36475
v 10001.27539 2215.80811 3283.26025
v 10033.66895 2215.80811 3404.15601
v 10061.06641 666.09973 2968.02710
v 10061.06641 2124.27271 2968.02710
v 10061.06641 666.09973 3598.49365
v 10061.06641 2124.27271 3598.49365
v 10122.17188 2215.80811 3073.86304
v 10122.17090 2215.80811 3492.65747
v 10001.27539 2215.80811 3283.26025
v 10033.66895 2215.80811 3404.15601
v 10082.30664 2824.51831 3283.26025
v 10103.84473 2824.51831 3363.64038
v 10033.66895 2215.80811 3162.36475
v 10103.84473 2824.51831 3202.88037
v 10122.17188 2215.80811 3073.86304
v 10162.68652 2824.51831 3144.03809
v 10122.17090 2215.80811 3492.65747
v 10162.68652 2824.51831 3422.48242
v 10243.06641 666.09973 2919.26025
v 10243.06641 2124.27271 2919.26025
v 10243.06641 2215.80811 3041.46924
v 10243.06641 2215.80811 3041.46924
v 10243.06641 2824.51831 3122.50049
v 10363.96289 2215.80811 3073.86304
v 10323.44727 2824.51831 3144.03833
v 10425.06641 2124.27271 2968.02710
v 10363.96289 2215.80811 3073.86304
v 10425.06641 666.09973 2968.02710

vt 3.37490 -0.12510 
vt 2.99990 -0.12510 
vt 3.37500 -0.18760 
vt 2.99990 -0.18760 
vt 2.62490 -0.12510 
vt 2.62490 -0.18760 
vt 2.24990 -0.12510 
vt 2.24990 -0.18760 
vt 3.74990 -0.12510 
vt 3.75000 -0.18760 
vt 2.99990 -0.25010 
vt 2.62490 -0.25010 
vt 3.37500 -0.25010 
vt 2.24990 -0.25010 
vt 3.74990 -0.25010 
vt 1.87490 -0.12510 
vt 1.87490 -0.18760 
vt 4.12490 -0.12510 
vt 4.12490 -0.18760 
vt 2.99990 -0.31450 
vt 2.62490 -0.31450 
vt 3.37490 -0.31450 
vt 2.24990 -0.31450 
vt 3.75000 -0.31450 
vt 2.99990 -0.37310 
vt 2.62490 -0.37310 
vt 3.37490 -0.37310 
vt 1.87490 -0.25010 
vt 4.12490 -0.25010 
vt 2.24990 -0.37310 
vt 3.74990 -0.37310 
vt 1.87490 -0.31450 
vt 4.12490 -0.31450 
vt 1.87490 -0.37310 
vt 4.12490 -0.37310 
vt 1.49990 -0.12510 
vt 1.49990 -0.18760 
vt 4.49990 -0.12510 
vt 4.49990 -0.18760 
vt 1.49990 -0.25010 
vt 4.49990 -0.25010 
vt 1.49990 -0.31450 
vt 4.49990 -0.31450 
vt 1.49990 -0.37310 
vt 4.49990 -0.37310 
vt 1.12490 -0.31450 
vt 1.12490 -0.37310 
vt 4.87490 -0.31450 
vt 4.87490 -0.37310 
vt 1.12490 -0.25010 
vt 4.87490 -0.25010 
vt 1.12490 -0.18760 
vt 4.87490 -0.18760 
vt 1.12490 -0.12510 
vt 4.87490 -0.12510 
vt 4.49990 -0.18760 
vt 0.74990 -0.31450 
vt 0.74990 -0.37310 
vt 5.24990 -0.31450 
vt 5.24990 -0.37310 
vt 0.74990 -0.25010 
vt 5.24990 -0.25010 
vt 5.43740 -0.31450 
vt 5.43740 -0.37310 
vt 0.37490 -0.31450 
vt 0.37490 -0.37310 
vt 5.62490 -0.31450 
vt 5.62490 -0.37310 
vt 0.75000 -0.18760 
vt 5.24990 -0.18760 
vt 5.81240 -0.31450 
vt 5.81240 -0.37310 
vt 5.43740 -0.25010 
vt 0.00000 -0.31450 
vt 0.00000 -0.37310 
vt 5.99990 -0.31450 
vt 5.99990 -0.37310 
vt 0.37490 -0.25010 
vt 5.62490 -0.25010 
vt 5.81240 -0.25010 
vt 0.00000 -0.25010 
vt 5.99990 -0.25010 
vt 0.74990 -0.12510 
vt 5.24990 -0.12510 
vt 5.24990 -0.18760 
vt 4.87490 -0.18760 
vt 5.43740 -0.18760 
vt 0.37490 -0.18760 
vt 5.62490 -0.18760 
vt 5.81240 -0.18760 
vt 0.00000 -0.18760 
vt 5.99990 -0.18760 
vt 5.43740 -0.12510 
vt 0.37490 -0.12510 
vt 5.62490 -0.12510 
vt 5.81240 -0.12510 
vt 0.00000 -0.12510 
vt 5.99990 -0.12510 
vt 0.00000 1.87690 
vt 0.00000 1.99800 
vt 0.37490 1.87690 
vt 0.37490 1.99800 
vt 5.62490 1.87690 
vt 5.62490 1.99800 
vt 5.99990 1.87690 
vt 5.99990 1.99800 
vt 0.74990 1.87690 
vt 0.74990 1.99800 
vt 5.24990 1.87690 
vt 5.24990 1.99800 
vt 1.12490 1.87690 
vt 1.12490 1.99800 
vt 4.87490 1.87690 
vt 4.87490 1.99800 
vt 1.49990 1.87690 
vt 1.49990 1.99800 
vt 4.49990 1.87690 
vt 4.49990 1.99800 
vt 1.87490 1.87690 
vt 1.87490 1.99800 
vt 4.12490 1.87690 
vt 4.12490 1.99800 
vt 2.24990 1.87690 
vt 2.24990 1.99800 
vt 3.74990 1.87690 
vt 3.74990 1.99800 
vt 2.62490 1.87690 
vt 2.62490 1.99800 
vt 3.37490 1.87690 
vt 3.37490 1.99800 
vt 2.99990 1.87690 
vt 2.99990 1.99800 
vt 0.66010 -0.50200 
vt 0.50190 -0.50200 
vt 0.50190 -0.56260 
vt 0.00190 -0.43760 
vt 0.00190 -0.37700 
vt 0.49800 -0.43760 
vt 0.49800 -0.37700 
vt 0.49800 -0.37700 
vt 0.49800 -0.43760 
vt 0.00190 -0.43760 
vt 0.00190 -0.37700 
vt 0.75190 -1.81450 
vt 0.99800 -1.81450 
vt 0.75190 -1.99810 
vt 0.99800 -1.99810 
vt 0.93350 -1.81450 
vt 0.99800 -1.82430 
vt 0.98820 -1.81450 
vt 0.75190 -1.81450 
vt 0.83200 -1.97660 
vt 0.78510 -1.90040 
vt 0.75190 -1.99810 
vt 0.75190 -1.81450 
vt 0.99800 -1.99810 
vt 0.99800 -1.81450 
vt 0.90820 -1.97270 
vt 0.99800 -1.99810 
vt 0.12100 -1.42190 
vt 0.49800 -1.42000 
vt 0.41600 -1.37700 
vt 0.99800 -1.81450 
vt 0.75190 -1.81450 
vt 0.22260 -1.43560 
vt 0.49800 -1.43560 
vt 0.49990 -0.87510 
vt 0.67960 -0.99810 
vt 0.49990 -0.99810 
vt 1.50190 -1.49810 
vt 1.62300 -1.37510 
vt 1.62300 -1.49810 
vt 1.62300 -1.37510 
vt 1.74800 -1.49810 
vt 1.62300 -1.49810 
vt 1.62300 -1.37510 
vt 1.50190 -1.49810 
vt 1.62300 -1.49810 
vt 1.74800 -1.49810 
vt 1.62300 -1.37510 
vt -0.24990 -0.37700 
vt 0.00000 -0.37700 
vt -0.20070 -0.56060 
vt -0.04780 -0.56060 
vt 0.80850 -0.81260 
vt 0.75190 -0.81260 
vt 0.77920 -0.84970 
vt 0.75190 -0.99810 
vt 0.91010 -0.81260 
vt 0.99800 -0.99810 
vt 0.99800 -0.87900 
vt 0.56050 -0.94150 
vt 0.50190 -0.99610 
vt 0.63670 -0.99810 
vt 0.74800 -0.87510 
vt 0.74800 -0.99810 
vt 0.99800 -0.99810 
vt 0.99800 -0.82430 
vt 0.75190 -0.99810 
vt 0.75190 -0.84770 
vt 1.62300 -1.49810 
vt 1.62300 -1.37510 
vt 1.50190 -1.49810 
vt 1.62300 -1.49810 
vt 1.74800 -1.49810 
vt 1.62300 -1.37510 
vt 1.50190 -1.49810 
vt 1.62300 -1.37510 
vt 1.62300 -1.49810 
vt 1.62300 -1.37510 
vt 1.74800 -1.49810 
vt 0.75190 -0.99810 
vt 0.81240 -0.84970 
vt 0.82610 -0.99810 
vt 0.75190 -0.81260 
vt 0.83780 -0.81260 
vt 0.75190 -0.81260 
vt 0.75190 -0.88870 
vt 0.87100 -0.89260 
vt 0.75190 -0.81260 
vt 0.91010 -0.81260 
vt 0.75190 -0.81260 
vt 0.75190 -0.99810 
vt 0.91790 -0.99810 
vt 0.99800 -0.99810 
vt 0.86520 -0.96290 
vt 0.81830 -0.85550 
vt 0.92570 -0.96290 
vt 0.95890 -0.86920 
vt 0.75190 -0.99810 
vt 0.89640 -0.99810 
vt 0.31330 0.01970 
vt 0.34390 0.09370 
vt 0.49990 -0.01750 
vt 0.49990 0.06270 
vt 0.68660 0.01970 
vt 0.65600 0.09370 
vt 0.84490 0.12540 
vt 0.78820 0.18210 
vt 0.15500 0.12540 
vt 0.21170 0.18210 
vt 0.95060 0.28370 
vt 0.87660 0.31430 
vt 0.04930 0.28370 
vt 0.12330 0.31430 
vt 0.58970 0.25370 
vt 0.41020 0.25370 
vt 0.71660 0.38060 
vt 0.28330 0.38060 
vt 0.49990 0.47030 
vt 0.98780 0.47030 
vt 0.90760 0.47030 
vt 0.01210 0.47030 
vt 0.09230 0.47030 
vt 0.71660 0.56010 
vt 0.28330 0.56010 
vt 0.87660 0.62640 
vt 0.12330 0.62640 
vt 0.58970 0.68700 
vt 0.41020 0.68700 
vt 0.78820 0.75860 
vt 0.21170 0.75860 
vt 0.95060 0.65700 
vt 0.04930 0.65700 
vt 0.50000 0.87800 
vt 0.65600 0.84700 
vt 0.34390 0.84700 
vt 0.84490 0.81530 
vt 0.15500 0.81530 
vt 0.68660 0.92100 
vt 0.31330 0.92100 
vt 0.50000 0.95820 
vt 0.50000 0.87800 
vt 0.00780 -0.07820 
vt 0.45310 -0.00790 
vt 0.45310 -0.07820 
vt 0.00780 -0.00790 
vt 0.49210 -1.00000 
vt 0.49210 -0.00790 
vt 0.45310 -1.00000 
vt 0.00780 -1.00000 
vt 0.00780 -0.00790 
vt 0.45310 -0.00790 
vt 0.00780 -0.07820 
vt 0.45310 -0.07820 
vt 0.00780 -1.00000 
vt 0.45310 -1.00000 
vt 0.49210 -1.00000 
vt 0.49210 -0.00790 
vt 0.86710 -0.05470 
vt 0.63280 -0.05470 
vt 0.86710 -0.49220 
vt 0.63280 -0.49220 
vt 0.66400 -0.00010 
vt 0.83590 -0.00010 
vt 0.99210 -0.49220 
vt 0.86710 -0.05470 
vt 0.99210 -0.05470 
vt 0.87490 -0.00010 
vt 0.97650 -0.00010 
vt 0.83590 -0.03130 
vt 0.66400 -0.03130 
vt 0.49210 -0.35940 
vt 0.49210 -0.50010 
vt 0.00780 -0.35940 
vt 0.00780 -0.50010 
vt 0.49210 -0.50010 
vt 0.00780 -0.35940 
vt 0.49210 -0.35940 
vt 0.49210 -0.00790 
vt 0.00780 -0.00790 
vt 0.00780 -0.35940 
vt 0.00780 -0.49220 
vt 0.49210 -0.35940 
vt 0.49210 -0.49220 
vt 0.00000 -0.99220 
vt 0.99990 -0.99220 
vt 0.17180 -0.71880 
vt 0.99990 -0.75010 
vt 0.00780 -0.49220 
vt 0.00780 -0.35940 
vt 0.00780 -0.00010 
vt 0.49210 -0.00010 
vt 0.07030 -0.50790 
vt 0.99990 -0.50790 
vt 0.49210 -0.49220 
vt 0.49210 -0.35940 
vt 0.49210 -0.49220 
vt 0.00780 -0.49220 
vt 0.49210 -0.35940 
vt 0.00780 -0.35940 
vt 0.00780 -0.00010 
vt 0.49210 -0.35940 
vt 0.49210 -0.00010 
vt 2.25780 -0.99220 
vt 0.00000 -0.80350 
vt 0.15790 -0.99220 
vt 0.00780 -0.49220 
vt 0.49210 -0.49220 
vt 0.00780 -0.35940 
vt 0.49210 -0.35940 
vt 0.49210 -0.49220 
vt 0.49210 -0.35940 
vt 0.00780 -0.00010 
vt 0.49210 -0.00010 
vt 0.00780 -0.35940 
vt 0.00780 -0.49220 
vt 2.25780 -0.50790 
vt 0.00000 -0.50790 
vt 0.00780 -0.49220 
vt 0.49210 -0.49220 
vt 0.00780 -0.35940 
vt 0.49210 -0.35940 
vt 0.49210 -0.49220 
vt 0.49210 -0.35940 
vt 0.00780 -0.00010 
vt 0.49210 -0.00010 
vt 0.00780 -0.35940 
vt 0.00780 -0.49220 
vt 0.00780 -0.49220 
vt 0.49210 -0.49220 
vt 0.00780 -0.35940 
vt 0.49210 -0.35940 
vt 0.49210 -0.49220 
vt 0.49210 -0.35940 
vt 0.00780 -0.00010 
vt 0.49210 -0.00010 
vt 0.00780 -0.35940 
vt 0.00780 -0.49220 
vt 0.00780 -0.49220 
vt 0.49210 -0.49220 
vt 0.00780 -0.35940 
vt 0.49210 -0.35940 
vt 0.49210 -0.49220 
vt 0.49210 -0.35940 
vt 0.00780 -0.00010 
vt 0.49210 -0.00010 
vt 0.00780 -0.35940 
vt 0.00780 -0.49220 
vt 0.46870 -0.62510 
vt 0.46870 -1.00000 
vt 0.00000 -0.62510 
vt 0.00000 -1.00000 
vt 0.46870 -1.00000 
vt 0.00000 -0.62510 
vt 0.46870 -0.62510 
vt 0.00000 -0.00010 
vt 0.46870 -0.00010 
vt 0.00000 -0.62510 
vt 0.46870 -0.62510 
vt 0.00000 -1.00000 
vt 0.46870 -1.00000 
vt 0.00000 -0.00010 
vt 0.46870 -0.00010 
vt 0.99990 -0.67190 
vt 0.99990 -1.00000 
vt 0.46870 -0.67190 
vt 0.46870 -1.00000 
vt 0.46870 -1.00000 
vt 0.99990 -1.00000 
vt 0.46870 -0.67190 
vt 0.99990 -0.67190 
vt 0.46870 -0.00010 
vt 0.99990 -0.00010 
vt 0.46870 -1.00000 
vt 0.99990 -1.00000 
vt 0.46870 -0.67190 
vt 0.99990 -0.67190 
vt 0.99990 -0.67190 
vt 0.99990 -1.00000 
vt 0.46870 -0.67190 
vt 0.46870 -1.00000 
vt 0.46870 -0.00010 
vt 0.99990 -0.00010 
vt 0.99990 -0.67190 
vt 0.99990 -1.00000 
vt 0.46870 -0.67190 
vt 0.46870 -1.00000 
vt 0.46870 -1.00000 
vt 0.99990 -1.00000 
vt 0.46870 -0.67190 
vt 0.99990 -0.67190 
vt 0.46870 -0.00010 
vt 0.99990 -0.00010 
vt 0.46870 -0.62510 
vt 0.46870 -1.00000 
vt 0.00000 -0.62510 
vt 0.00000 -1.00000 
vt 0.46870 -1.00000 
vt 0.00000 -0.62510 
vt 0.46870 -0.62510 
vt 0.00000 -0.00010 
vt 0.46870 -0.00010 
vt 0.00000 -1.00000 
vt 0.46870 -1.00000 
vt 0.00000 -0.62510 
vt 0.46870 -0.62510 
vt 0.00000 -0.00010 
vt 0.46870 -0.00010 
vt 0.00000 -0.62510 
vt 0.46870 -0.62510 
vt 0.00000 -1.00000 
vt 0.46870 -1.00000 
vt 0.00000 -0.62510 
vt 0.46870 -0.62510 
vt 0.46870 -0.62510 
vt 0.46870 -1.00000 
vt 0.00000 -0.00010 
vt 0.46870 -0.00010 
vt 0.00000 -1.00000 
vt 0.46870 -1.00000 
vt 0.00000 -0.62510 
vt 0.46870 -0.62510 
vt 0.46870 -0.00010 
vt 0.46870 -0.62510 
vt 0.00000 -0.00010 
vt 0.52340 -0.12510 
vt 0.49990 -0.08210 
vt 0.52340 -0.05080 
vt 0.49990 -0.00400 
vt 0.74990 -0.05080 
vt 0.74990 -0.12510 
vt 0.52340 -0.05080 
vt 0.52340 -0.12510 
vt 0.49990 -0.00400 
vt 0.71480 -0.00400 
vt 0.90620 -0.12510 
vt 0.87890 -0.08210 
vt 0.90620 -0.03130 
vt 0.87890 -0.00400 
vt 0.99600 -0.03130 
vt 0.99600 -0.12510 
vt 0.90620 -0.03130 
vt 0.90620 -0.12510 
vt 0.87890 -0.00400 
vt 0.96090 -0.00400 
vt 0.99600 -0.03130 
vt 0.99600 -0.12510 
vt 0.90620 -0.03130 
vt 0.90620 -0.12510 
vt 0.87890 -0.08210 
vt 0.87890 -0.00400 
vt 0.96090 -0.00400 
vt 0.90620 -0.03130 
vt 0.99600 -0.03130 
vt 0.90620 -0.12510 
vt 0.99600 -0.12510 
vt 0.87890 -0.00400 
vt 0.96090 -0.00400 
vt 0.74600 -0.50010 
vt 0.62890 -0.50010 
vt 0.74600 -0.18360 
vt 0.62890 -0.18360 
vt 0.58200 -0.17970 
vt 0.50390 -0.14070 
vt 0.62490 -0.13290 
vt 0.62100 -0.32430 
vt 0.58200 -0.37510 
vt 0.50390 -0.34380 
vt 0.58200 -0.37510 
vt 0.62100 -0.32430 
vt 0.74990 -0.30080 
vt 0.74990 -0.25790 
vt 0.80070 -0.30080 
vt 0.80070 -0.37510 
vt 0.74990 -0.37510 
vt 0.99990 -0.37510 
vt 0.99990 -0.30080 
vt 0.99990 -0.25790 
vt 0.99990 -0.30080 
vt 0.74990 -0.30080 
vt 0.74990 -0.25790 
vt 0.80070 -0.30080 
vt 0.80070 -0.37510 
vt 0.74990 -0.37510 
vt 0.99990 -0.37510 
vt 0.99990 -0.30080 
vt 0.74990 -0.30080 
vt 0.99990 -0.25790 
vt 0.99990 -0.30080 
vt 0.82030 -0.42580 
vt 0.99990 -0.42580 
vt 0.82030 -0.49610 
vt 0.99990 -0.49610 
vt 0.75390 -0.37900 
vt 0.94920 -0.37900 
vt 0.74990 -0.30080 
vt 0.74990 -0.25790 
vt 0.80070 -0.30080 
vt 0.80070 -0.37510 
vt 0.74990 -0.37510 
vt 0.99990 -0.37510 
vt 0.99990 -0.30080 
vt 0.99990 -0.25790 
vt 0.99990 -0.30080 
vt 0.74990 -0.30080 
vt 0.74990 -0.25790 
vt 0.80070 -0.30080 
vt 0.80070 -0.37510 
vt 0.74990 -0.37510 
vt 0.99990 -0.37510 
vt 0.99990 -0.30080 
vt 0.99990 -0.25790 
vt 0.99990 -0.30080 
vt 0.52340 -0.05080 
vt 0.74990 -0.05080 
vt 0.52340 -0.12510 
vt 0.74990 -0.12510 
vt 0.49990 -0.00400 
vt 0.73820 -0.00400 
vt 0.74990 -0.37510 
vt 0.99990 -0.37510 
vt 0.74990 -0.30080 
vt 0.99990 -0.30080 
vt 0.99990 -0.30080 
vt 0.99990 -0.25790 
vt 0.74990 -0.25790 
vt 0.82030 -0.42580 
vt 0.99990 -0.42580 
vt 0.82030 -0.49610 
vt 0.99990 -0.49610 
vt 0.75390 -0.37900 
vt 0.94920 -0.37900 
vt 0.90620 -0.12510 
vt 0.87890 -0.08210 
vt 0.90620 -0.03130 
vt 0.87890 -0.00400 
vt 0.99600 -0.03130 
vt 0.99600 -0.12510 
vt 0.87890 -0.00400 
vt 0.96090 -0.00400 
vt 0.00000 -0.75790 
vt 0.00000 -0.92970 
vt 0.99210 -0.75790 
vt 0.99210 -0.92970 
vt 0.00000 -0.99220 
vt 0.99210 -0.99220 
vt 0.50780 -0.06260 
vt 0.58590 -0.06260 
vt 0.54680 -0.00010 
vt 0.66400 -0.06260 
vt 0.62490 -0.00010 
vt 0.66400 -0.06260 
vt 0.58590 -0.06260 
vt 0.74210 -0.06260 
vt 0.70310 -0.00010 
vt 0.66400 -0.06260 
vt 0.74210 -0.06260 
vt 0.50780 -1.00000 
vt 0.58590 -1.00000 
vt 0.50780 -0.41410 
vt 0.58590 -0.41410 
vt 0.66400 -1.00000 
vt 0.66400 -0.41410 
vt 0.58590 -0.38290 
vt 0.66400 -0.38290 
vt 0.50780 -0.38290 
vt 0.66400 -0.41410 
vt 0.58590 -0.41410 
vt 0.66400 -0.38290 
vt 0.58590 -0.38290 
vt 0.66400 -1.00000 
vt 0.58590 -1.00000 
vt 0.74210 -1.00000 
vt 0.74210 -0.41410 
vt 0.74210 -0.38290 
vt 0.66400 -0.38290 
vt 0.74210 -0.38290 
vt 0.66400 -0.41410 
vt 0.74210 -0.41410 
vt 0.74210 -0.41410 
vt 0.66400 -1.00000 
vt 0.74210 -1.00000 
vt 0.49210 -1.00000 
vt 0.49210 -0.00010 
vt 0.21090 -1.00000 
vt 0.21090 -0.00010 
vt 0.10930 -0.00010 
vt 0.49210 -0.00010 
vt 0.10930 -1.00000 
vt 0.10930 -0.00010 
vt 0.00780 -0.00010 
vt 0.10930 -1.00000 
vt 0.00780 -1.00000 
vt 0.49210 -0.00010 
vt 0.49210 -1.00000 
vt -0.89840 -1.00790 
vt -0.80460 -1.11720 
vt -0.80460 -1.00790 
vt -0.80460 -1.11720 
vt -0.89840 -1.00790 
vt -0.80460 -1.00790 
vt -0.80460 -2.00000 
vt -0.50780 -2.00000 
vt -0.80460 -1.00790 
vt -0.50780 -1.00790 
vt -0.99210 -2.00000 
vt -0.89840 -2.00000 
vt -0.99210 -1.00790 
vt -0.89840 -1.00790 
vt -0.78900 -2.00000 
vt -0.50780 -1.00790 
vt -0.78900 -1.00790 
vt -0.89840 -1.00790 
vt -0.89840 -2.00000 
vt -0.80460 -2.00000 
vt -0.50780 -2.00000 
vt -0.50780 -1.00790 
vt -0.80460 -1.00790 
vt -0.50780 -1.00790 
vt -0.78900 -1.00790 
vt -0.78900 -2.00000 
vt 0.49990 -1.00000 
vt 0.99990 -1.00000 
vt 0.49990 -0.75010 
vt 0.99990 -0.75010 
vt 0.49990 -0.75010 
vt 0.99990 -0.75010 
vt 0.49990 -1.00000 
vt 0.99990 -1.00000 
vt 0.49990 -0.50790 
vt 0.99990 -0.50790 
vt 0.99990 -1.00000 
vt 0.49990 -1.00000 
vt 0.99990 -0.75010 
vt 0.49990 -0.75010 
vt 0.99990 -2.75010 
vt 0.99990 -2.50790 
vt 0.50780 -2.75010 
vt 0.50780 -2.50790 
vt 0.99990 -0.75010 
vt 0.99990 -1.00000 
vt 0.49990 -0.75010 
vt 0.49990 -1.00000 
vt 0.49990 -1.00000 
vt 0.99990 -1.00000 
vt 0.49990 -0.75010 
vt 0.99990 -0.75010 
vt 0.49990 -0.50790 
vt 0.99990 -0.50790 
vt 0.99990 -2.75010 
vt 0.99990 -2.50790 
vt 0.50780 -2.75010 
vt 0.50780 -2.50790 
vt 0.00000 -3.00000 
vt 2.00000 -3.00000 
vt 0.00000 -0.93760 
vt 2.00000 -0.93760 
vt 6.99990 -3.00000 
vt 6.99990 -0.93760 
vt 6.99990 -0.93760 
vt 1.99990 -0.93760 
vt 6.99990 -3.00000 
vt 1.99990 -3.00000 
vt 10.99990 -3.00000 
vt 10.99990 -0.93760 
vt 0.00000 -3.00000 
vt 2.00000 -3.00000 
vt 0.00000 -0.93760 
vt 2.00000 -0.93760 
vt 6.99990 -3.00000 
vt 6.99990 -0.93760 
vt 0.00000 -0.93760 
vt 2.00000 -0.93760 
vt 0.00000 -0.00010 
vt 2.00000 -0.00010 
vt 6.99990 -0.93760 
vt 6.99990 -0.00010 
vt 6.99990 -0.93760 
vt 6.74990 -0.00010 
vt 1.99990 -0.93760 
vt 1.99990 -0.00010 
vt 10.99990 -0.93760 
vt 7.24990 -0.00010 
vt 10.74990 -0.00010 
vt 0.00000 -0.93760 
vt 2.00000 -0.93760 
vt 0.00000 -0.00010 
vt 2.00000 -0.00010 
vt 6.99990 -0.93760 
vt 6.99990 -0.00010 
vt 0.99990 -4.81260 
vt 0.99990 -10.00000 
vt -0.99990 -4.81260 
vt -0.99990 -10.00000 
vt 1.49990 -4.00010 
vt 0.00000 -4.00010 
vt 1.49990 -0.81260 
vt 0.00000 -0.81260 
vt 1.99990 -10.00000 
vt -0.99990 -4.81260 
vt 1.99990 -4.81260 
vt 1.49990 -4.00010 
vt 1.49990 -0.81260 
vt 0.00000 -4.00010 
vt 0.00000 -0.81260 
vt 0.00000 -0.00010 
vt 9.99990 -5.00000 
vt 9.99990 -0.00010 
vt 0.00000 -5.00000 
vt 0.00000 -0.00010 
vt 0.00000 -5.00000 
vt 2.99990 -0.00010 
vt 2.99990 -5.00000 
vt 0.00000 -10.00000 
vt 0.18620 -9.17430 
vt 0.00000 -9.00000 
vt 0.18620 -9.82580 
vt 0.99990 -9.00000 
vt 0.81370 -9.17430 
vt 0.99990 -10.00000 
vt 0.81370 -9.82580 
vt 0.99990 -9.00010 
vt 0.00000 -9.00010 
vt 0.99990 -10.00000 
vt 0.00000 -10.00000 
vt 0.00000 -0.41410 
vt 0.99990 -0.00000 
vt 0.40460 -0.00000 
vt 1.00000 -1.00000 
vt 0.00000 -0.58600 
vt 0.40460 -1.00000 
vt 0.00000 -4.06670 
vt 0.00000 -4.93340 
vt 0.99990 -4.06670 
vt 0.99990 -4.93340 
vt 0.12490 -4.00010 
vt 0.87490 -4.00010 
vt 0.99990 -1.00000 
vt 0.99990 -0.00010 
vt 0.00000 -1.00000 
vt 0.00000 -0.00010 
vt 0.14010 -0.00010 
vt 0.85980 -0.00010 
vt 0.14010 -1.00000 
vt 0.85980 -1.00000 
vt 0.25000 -6.00000 
vt 0.75000 -6.00000 
vt 0.00000 -5.50000 
vt 0.99990 -5.50000 
vt 0.75000 -5.00010 
vt 0.25000 -5.00000 
vt 1.00000 -3.00000 
vt 0.00000 -2.00000 
vt 0.00000 -3.00000 
vt 0.99990 -2.00000 
vt 0.00000 -0.00000 
vt 0.00000 -1.00000 
vt 0.99990 -0.00000 
vt 0.99990 -1.00000 
vt 0.99990 -5.75010 
vt 0.00000 -5.75010 
vt 0.50000 -6.00000 
vt 0.00000 -5.25010 
vt 10.99990 -3.00000 
vt 10.99990 -0.93760 
vt 6.99990 -3.00000 
vt 6.99990 -0.93760 
vt 1.99990 -0.93760 
vt 1.99990 -3.00000 
vt 6.99990 -0.93760 
vt 1.99990 -0.93760 
vt 6.99990 -3.00000 
vt 1.99990 -3.00000 
vt 10.99990 -3.00000 
vt 10.99990 -0.93760 
vt 6.99990 -0.93760 
vt 6.99990 -3.00000 
vt 10.99990 -3.00000 
vt 6.99990 -0.93760 
vt 10.99990 -0.93760 
vt 1.99990 -0.93760 
vt 1.99990 -3.00000 
vt 6.99990 -0.93760 
vt 1.99990 -0.93760 
vt 6.99990 -3.00000 
vt 1.99990 -3.00000 
vt 10.99990 -3.00000 
vt 10.99990 -0.93760 
vt 6.99990 -0.93760 
vt 6.99990 -0.93760 
vt 1.99990 -0.93760 
vt 6.99990 -3.00000 
vt 1.99990 -3.00000 
vt 10.99990 -3.00000 
vt 6.99990 -0.93760 
vt 10.99990 -0.93760 
vt 8.99990 -0.93760 
vt 1.99990 -0.93760 
vt 8.99990 -3.00000 
vt 1.99990 -3.00000 
vt 10.99990 -3.00000 
vt 8.99990 -0.93760 
vt 10.99990 -0.93760 
vt 6.99990 -0.93760 
vt 10.99990 -0.93760 
vt 7.24990 -0.00010 
vt 10.74990 -0.00010 
vt 6.74990 -0.00010 
vt 1.99990 -0.93760 
vt 1.99990 -0.00010 
vt 6.99990 -0.93760 
vt 6.74990 -0.00010 
vt 1.99990 -0.93760 
vt 1.99990 -0.00010 
vt 6.99990 -0.93760 
vt 10.99990 -0.93760 
vt 7.24990 -0.00010 
vt 10.74990 -0.00010 
vt 6.99990 -0.93760 
vt 10.99990 -0.93760 
vt 6.99990 -0.00010 
vt 10.99990 -0.00010 
vt 1.99990 -0.93760 
vt 1.99990 -0.00010 
vt 6.99990 -0.93760 
vt 6.74990 -0.00010 
vt 1.99990 -0.93760 
vt 1.99990 -0.00010 
vt 6.99990 -0.93760 
vt 10.99990 -0.93760 
vt 7.24990 -0.00010 
vt 10.74990 -0.00010 
vt 6.99990 -0.93760 
vt 6.74990 -0.00010 
vt 1.99990 -0.93760 
vt 1.99990 -0.00010 
vt 6.99990 -0.93760 
vt 10.99990 -0.93760 
vt 7.24990 -0.00010 
vt 10.74990 -0.00010 
vt 8.99990 -0.93760 
vt 8.87490 -0.00010 
vt 1.99990 -0.93760 
vt 2.24990 -0.00010 
vt 8.99990 -0.93760 
vt 10.99990 -0.93760 
vt 9.24990 -0.00010 
vt 10.74990 -0.00010 
vt 0.00000 -3.00000 
vt 0.99990 -2.00010 
vt 0.00000 -2.00010 
vt 0.99990 -3.00000 
vt 0.00000 -3.00000 
vt 0.99990 -3.00000 
vt 0.99990 -2.00010 
vt 0.00000 -2.00010 
vt 0.00000 -3.00000 
vt 0.99990 -2.00010 
vt 0.00000 -2.00010 
vt 0.99990 -3.00000 
vt 0.99990 -20.00000 
vt 1.00000 -19.00000 
vt 0.00000 -19.99990 
vt 0.00000 -19.00000 
vt 0.00000 -19.00000 
vt 0.00000 -20.00000 
vt 1.00000 -19.00000 
vt 1.00000 -19.99990 
vt 0.00000 -19.00000 
vt 0.00000 -20.00000 
vt 1.00000 -19.00000 
vt 1.00000 -20.00000 
vt 1.00000 -19.00000 
vt 0.00000 -19.00000 
vt 0.99990 -20.00000 
vt 0.00000 -20.00000 
vt 0.00000 -3.00000 
vt 0.99990 -2.00010 
vt 0.00000 -2.00010 
vt 0.99990 -3.00000 
vt 0.00000 -3.00000 
vt 0.99990 -2.00010 
vt 0.00000 -2.00010 
vt 0.99990 -3.00000 
vt 0.00000 -3.00000 
vt 0.99990 -2.00010 
vt 0.00000 -2.00010 
vt 0.99990 -3.00000 
vt 0.99990 -1.48440 
vt 0.99990 -1.01570 
vt 0.00000 -1.48440 
vt 0.00000 -1.01570 
vt 2.99990 -1.48440 
vt 2.99990 -1.01570 
vt 4.99990 -1.48440 
vt 4.99990 -1.01570 
vt 3.99990 -0.99990 
vt 1.99990 -0.99990 
vt 3.99990 1.54680 
vt 1.99990 1.54680 
vt 1.99990 1.54680 
vt 3.85930 2.00000 
vt 2.17180 2.00000 
vt 4.99990 1.54680 
vt 4.71870 2.00000 
vt 1.99990 1.54680 
vt 2.18740 2.00000 
vt 1.99990 1.54680 
vt 4.99990 -0.99990 
vt 0.49990 -5.39520 
vt 0.00000 -5.45440 
vt 0.49990 -7.00000 
vt 0.00000 -7.00000 
vt 0.49990 -5.23890 
vt 0.00000 -5.30280 
vt 0.00000 -4.49780 
vt 0.49990 -4.49260 
vt 0.00000 -4.21660 
vt 0.49990 -4.22000 
vt 0.49990 -1.93760 
vt 0.00000 -2.00010 
vt 0.00000 -0.00010 
vt 0.49990 -0.00010 
vt 0.75780 -12.53130 
vt 0.89840 -12.53130 
vt 0.89840 -12.92190 
vt 0.00000 -12.92190 
vt 0.00000 -12.53130 
vt 0.17180 -12.53130 
vt 0.99990 -12.00010 
vt 0.99990 -13.01560 
vt 0.89840 -12.00010 
vt 0.89840 -12.92190 
vt 0.00000 -12.92190 
vt 0.00000 -12.53130 
vt 0.89840 -12.53130 
vt 0.89840 -12.00010 
vt 0.79680 -12.07820 
vt 0.79680 -12.46880 
vt 0.00000 -12.46880 
vt 0.00000 -12.00010 
vt 0.79680 -12.00010 
vt 0.99990 -13.00000 
vt 0.89840 -13.00000 
vt 0.00000 -13.01560 
vt 0.00000 -12.92190 
vt 0.89840 -12.92190 
vt 0.89840 -12.53130 
vt 0.00000 -12.53130 
vt 0.89840 -12.92190 
vt 0.89840 -12.53130 
vt 0.79680 -12.53130 
vt 0.00000 -12.46880 
vt 0.79680 -12.46880 
vt 0.00000 -12.46880 
vt 0.79680 -12.00010 
vt 0.00000 -12.00010 
vt 0.00000 -12.46880 
vt 0.00000 -12.00010 
vt 0.79680 -12.46880 
vt 0.79680 -12.00010 
vt 0.00000 -12.46880 
vt 0.00000 -12.00010 
vt 0.79680 -12.00010 
vt 0.00000 -12.00010 
vt 0.79680 -12.46880 
vt 0.89840 -12.00010 
vt 0.79680 -12.07820 
vt 0.79680 -12.53130 
vt 0.89840 -12.53130 
vt 0.00000 -12.92190 
vt 0.00000 -12.53130 
vt 0.00000 -12.53130 
vt 0.89840 -12.92190 
vt 0.99990 -12.00010 
vt 0.99990 -13.00000 
vt 0.89840 -12.00010 
vt 0.89840 -13.00000 
vt 0.99990 -13.01560 
vt 0.00000 -13.01560 
vt 0.89840 -12.00010 
vt 5.99990 -13.00000 
vt 6.99990 -13.00000 
vt 5.99990 0.99990 
vt 6.99990 0.99990 
vt 4.99990 -13.00000 
vt 4.99990 0.99990 
vt 4.99990 0.99990 
vt 4.99990 -13.00000 
vt 4.80460 0.99990 
vt 4.80460 -13.00000 
vt 5.99990 -13.00000 
vt 5.99990 0.99990 
vt 3.99990 -13.00000 
vt 3.99990 0.99990 
vt 2.99990 -13.00000 
vt 2.99990 0.99990 
vt 1.99990 -10.00010 
vt 1.99990 -11.00010 
vt 2.99990 -10.00010 
vt 2.99990 -11.00010 
vt 1.99990 -11.00010 
vt 2.99990 -11.00010 
vt 1.99990 -10.00010 
vt 2.99990 -10.00010 
vt 1.99990 -10.00010 
vt 2.99990 -10.00010 
vt 1.99990 -11.00010 
vt 2.99990 -11.00010 
vt 9.99990 -17.00010 
vt 9.99990 -18.00000 
vt 10.99990 -17.00010 
vt 10.99990 -18.00000 
vt 10.99990 -17.00010 
vt 9.99990 -17.00010 
vt 10.99990 -18.00000 
vt 9.99990 -18.00000 
vt 10.99990 -17.00010 
vt 9.99990 -17.00010 
vt 10.99990 -18.00000 
vt 9.99990 -18.00000 
vt 9.99990 -17.00010 
vt 9.99990 -18.00000 
vt 10.99990 -17.00010 
vt 10.99990 -18.00000 
vt 10.99990 -17.00010 
vt 9.99990 -17.00010 
vt 10.99990 -18.00000 
vt 9.99990 -18.00000 
vt 9.99990 -17.00010 
vt 9.99990 -18.00000 
vt 10.99990 -17.00010 
vt 10.99990 -18.00000 
vt 10.99990 -17.00010 
vt 9.99990 -17.00010 
vt 10.99990 -18.00000 
vt 9.99990 -18.00000 
vt 10.99990 -17.00010 
vt 9.99990 -17.00010 
vt 10.99990 -18.00000 
vt 9.99990 -18.00000 
vt 10.99990 -17.00010 
vt 9.99990 -17.00010 
vt 10.99990 -18.00000 
vt 9.99990 -18.00000 
vt 0.00000 -0.17190 
vt 0.99990 -0.17190 
vt 0.00000 -0.50010 
vt 0.99990 -0.50010 
vt 0.00000 -0.00010 
vt 0.99990 -0.00010 
vt 1.99990 -6.98440 
vt 1.99990 -6.50010 
vt 0.00000 -6.98440 
vt 0.00000 -6.50010 
vt 2.99990 -6.98440 
vt 2.99990 -6.50010 
vt 0.99990 -3.00000 
vt 0.99990 -2.00010 
vt 0.67180 -3.00000 
vt 0.67180 -2.00010 
vt 0.00000 -3.00000 
vt 0.00000 -2.00010 
vt 0.00000 -0.96880 
vt -0.32810 -0.96880 
vt 0.00000 -0.00010 
vt 0.64060 -0.96880 
vt 0.00000 -0.96880 
vt 9.99990 -5.00010 
vt 10.99990 -5.00010 
vt 9.99990 -0.00010 
vt 10.99990 -0.00010 
vt 0.00000 -5.00010 
vt 1.99990 -5.00010 
vt 0.00000 -0.00010 
vt 1.99990 -0.00010 
vt 0.99210 -6.99220 
vt 0.99210 -5.97660 
vt -0.00780 -6.99220 
vt -0.00780 -5.97660 
vt 0.99990 1.00000 
vt 0.00000 1.00000 
vt 1.00000 2.00000 
vt 0.00000 2.00000 
vt 9.99990 -6.99990 
vt 9.99990 -5.99990 
vt 0.99990 -6.99990 
vt 0.99990 -5.99990 
vt 0.00000 -6.99990 
vt 0.00000 -5.99990 
vt 0.00000 -6.99990 
vt 0.00000 -5.99990 
vt 4.99990 -6.99990 
vt 4.99990 -5.99990 
vt 5.99990 -5.99990 
vt 5.99990 -6.99990 
vt 0.21870 1.99990 
vt 0.03120 1.99990 
vt 0.21870 -5.00000 
vt 0.03120 -5.00000 
vt 0.08590 -0.81650 
vt 0.17960 -0.81650 
vt 0.08590 -0.75010 
vt 0.17960 -0.75010 
vt 0.00390 -0.81650 
vt 0.00390 -0.75010 
vt 0.08590 -0.75010 
vt 0.00390 -0.75010 
vt 0.00390 -0.00010 
vt 0.08590 -0.00010 
vt 0.17960 -0.00010 
vt 0.08590 -0.81650 
vt 0.08590 -0.75010 
vt 0.17960 -0.81650 
vt 0.17960 -0.75010 
vt 0.17960 -0.00010 
vt 0.08590 -0.00010 
vt 0.99990 -0.00400 
vt 0.39840 -0.00400 
vt 0.91010 -0.49610 
vt 0.47650 -0.49610 
vt 0.11320 -0.49610 
vt 0.00000 -0.00400 
vt 0.48430 -1.00000 
vt 0.01560 -1.00000 
vt 0.48430 -0.00010 
vt 0.01560 -0.00010 
vt 0.01560 -1.00000 
vt 0.48430 -1.00000 
vt 0.01560 -0.00010 
vt 0.48430 -0.00010 
vt 0.01560 -1.00000 
vt 0.01560 -0.00010 
vt 7.99990 9.06240 
vt 0.99990 9.06240 
vt 7.30000 9.99990 
vt 1.70000 9.99990 
vt 7.99990 9.06240 
vt 7.30000 9.99990 
vt 0.99990 9.06240 
vt 1.70000 9.99990 
vt 0.99990 9.06240 
vt 7.99990 9.06240 
vt 1.70000 9.99990 
vt 7.30000 9.99990 
vt 7.99990 9.06240 
vt 0.99990 9.06240 
vt 7.30000 9.99990 
vt 1.70000 9.99990 
vt 7.99990 4.93740 
vt 0.99990 4.93740 
vt 7.99990 9.06240 
vt 0.99990 9.06240 
vt 0.99990 4.93740 
vt 7.99990 4.93740 
vt 0.99990 9.06240 
vt 7.99990 9.06240 
vt 0.99990 4.93740 
vt 7.99990 4.93740 
vt 0.99990 9.06240 
vt 7.99990 9.06240 
vt 7.99990 4.93740 
vt 0.99990 4.93740 
vt 7.99990 9.06240 
vt 0.99990 9.06240 
vt 7.99990 4.06240 
vt 0.99990 4.06240 
vt 7.99990 4.93740 
vt 0.99990 4.93740 
vt 0.99990 4.06240 
vt 7.99990 4.06240 
vt 0.99990 4.93740 
vt 7.99990 4.93740 
vt 0.99990 4.06240 
vt 7.99990 4.06240 
vt 0.99990 4.93740 
vt 7.99990 4.93740 
vt 7.99990 4.06240 
vt 0.99990 4.06240 
vt 7.99990 4.93740 
vt 0.99990 4.93740 
vt 7.99990 -15.99990 
vt 0.99990 -15.99990 
vt 7.99990 4.06240 
vt 0.99990 4.06240 
vt 0.99990 -15.99990 
vt 0.99990 4.06240 
vt 7.99990 4.06240 
vt 7.99990 -15.99990 
vt 0.99990 4.06240 
vt 7.99990 4.06240 
vt 7.99990 -15.99990 
vt 7.99990 4.06240 
vt 0.99990 4.06240 
vt -1.99990 -2.00000 
vt -0.99990 -2.00000 
vt -1.99990 -1.00010 
vt -0.99990 -1.00010 
vt -1.99990 -1.00010 
vt -1.99990 -2.00000 
vt -0.99990 -1.00010 
vt -0.99990 -2.00000 
vt 1.99990 -1.00000 
vt 2.99990 -1.00000 
vt 1.99990 -0.00010 
vt 2.99990 -0.00010 
vt 1.99990 -0.00010 
vt 1.99990 -1.00000 
vt 2.99990 -0.00010 
vt 2.99990 -1.00000 
vt -1.99990 -2.00000 
vt -0.99990 -2.00000 
vt -1.99990 -1.00010 
vt -0.99990 -1.00010 
vt -1.99990 -1.00010 
vt -1.99990 -2.00000 
vt -0.99990 -1.00010 
vt -0.99990 -2.00000 
vt 0.00000 -1.00010 
vt 0.00000 -2.00000 
vt 0.99990 -1.00010 
vt 0.99990 -2.00000 
vt 0.00000 -0.00010 
vt 0.00000 -1.00000 
vt 0.99990 -0.00010 
vt 0.99990 -1.00000 
vt 0.00000 -1.00010 
vt 0.00000 -2.00000 
vt 0.99990 -1.00010 
vt 0.99990 -2.00000 
vt -1.99990 -0.49220 
vt -0.99990 0.00780 
vt -0.99990 -0.49220 
vt -1.99990 1.00780 
vt -1.99990 1.50780 
vt -0.99990 1.00780 
vt -0.99990 0.50780 
vt 0.00000 1.00780 
vt 0.00000 0.50780 
vt -0.99990 2.00780 
vt -0.99990 2.50780 
vt 0.00000 2.00780 
vt -1.99990 -0.49220 
vt -0.99990 0.00780 
vt -0.99990 -0.49220 
vt -1.99990 1.00780 
vt -1.99990 1.50780 
vt -0.99990 1.00780 
vt 7.99990 0.99990 
vt 6.99990 0.99990 
vt 7.99990 -3.99990 
vt 5.99990 -3.99990 
vt 6.99990 1.49990 
vt 5.99990 1.99990 
vt 6.99990 1.99990 
vt 1.99990 0.99990 
vt 1.99990 -3.99990 
vt 2.99990 0.99990 
vt 2.99990 -3.99990 
vt 7.99990 1.99990 
vt 6.99990 1.99990 
vt 7.99990 -3.99990 
vt 5.99990 -3.99940 
vt 6.99990 2.49990 
vt 5.99990 2.99990 
vt 6.99990 2.99990 
vt 1.99990 1.99990 
vt 1.99990 -3.99990 
vt 2.99990 1.99990 
vt 2.99990 -3.99990 
vt 7.99990 0.99990 
vt 6.99990 0.99990 
vt 7.99990 -3.99990 
vt 5.99990 -3.99990 
vt 6.99990 1.49990 
vt 5.99990 1.99990 
vt 6.99990 1.99990 
vt 1.99990 0.99990 
vt 1.99990 -3.99990 
vt 2.99990 0.99990 
vt 2.99990 -3.99990 
vt 0.70310 -1.42190 
vt 1.27340 -1.42190 
vt 0.99210 -2.00780 
vt 1.27340 -1.42190 
vt 0.70310 -1.42190 
vt 1.27340 -1.42190 
vt 0.70310 -1.42190 
vt 0.49210 -1.00790 
vt 1.47650 -1.00790 
vt 0.70310 -1.42190 
vt 1.27340 -1.42190 
vt 0.49210 -1.00790 
vt 0.70310 -1.42190 
vt 1.47650 -1.00790 
vt 1.27340 -1.42190 
vt 1.47650 -1.00790 
vt 0.49210 -1.00790 
vt 1.47650 -1.00790 
vt 1.47650 -1.00790 
vt 1.27340 -1.42190 
vt 0.49210 -1.00790 
vt 0.70310 -1.42190 
vt 0.49210 -1.00790 
vt 0.70310 -0.42190 
vt 1.27340 -0.42190 
vt 0.99210 -1.00780 
vt 1.27340 -0.42190 
vt 0.70310 -0.42190 
vt 1.27340 -0.42190 
vt 0.70310 -0.42190 
vt 0.49210 -0.00790 
vt 1.47650 -0.00790 
vt 0.70310 -0.42190 
vt 1.27340 -0.42190 
vt 0.49210 -0.00790 
vt 0.70310 -0.42190 
vt 1.47650 -0.00790 
vt 1.27340 -0.42190 
vt 1.47650 -0.00790 
vt 0.49210 -0.00790 
vt 1.47650 -0.00790 
vt 1.27340 -0.42190 
vt 0.49210 -0.00790 
vt 0.70310 -0.42190 
vt 1.47650 -0.00790 
vt 0.49210 -0.00790 
vt 0.70310 -1.42190 
vt 1.27340 -1.42190 
vt 0.99210 -2.00780 
vt 1.27340 -1.42190 
vt 0.70310 -1.42190 
vt 0.70310 -1.42190 
vt 1.27340 -1.42190 
vt 0.49210 -1.00790 
vt 1.47650 -1.00790 
vt 0.70310 -1.42190 
vt 1.27340 -1.42190 
vt 0.49210 -1.00790 
vt 0.70310 -1.42190 
vt 1.47650 -1.00790 
vt 1.27340 -1.42190 
vt 1.47650 -1.00790 
vt 0.49210 -1.00790 
vt 1.47650 -1.00790 
vt 1.27340 -1.42190 
vt 0.49210 -1.00790 
vt 0.70310 -1.42190 
vt 1.47650 -1.00790 
vt 0.49210 -1.00790 
vt 0.99990 -18.00000 
vt 0.00000 -18.00000 
vt 0.99990 -8.00010 
vt 0.00000 -8.00010 
vt 0.00000 -18.00000 
vt 0.99990 -18.00000 
vt 0.00000 -8.00010 
vt 0.99990 -8.00010 
vt 0.00000 -18.00000 
vt 0.99990 -18.00000 
vt 0.00000 -8.00010 
vt 0.99990 -8.00010 
vt 0.00000 -18.00000 
vt 0.00000 -8.00010 
vt 0.99990 -18.00000 
vt 0.99990 -8.00010 
vt 0.99990 -18.00000 
vt 0.00000 -18.00000 
vt 0.99990 -12.00010 
vt 0.00000 -12.00010 
vt 0.00000 -18.00000 
vt 0.99990 -18.00000 
vt 0.00000 -12.00010 
vt 0.99990 -12.00010 
vt 0.00000 -12.00010 
vt 0.99990 -18.00000 
vt 0.99990 -12.00010 
vt 0.00000 -18.00000 
vt 0.99990 -18.00000 
vt 0.00000 -12.00010 
vt 0.99990 -12.00010 
vt 6.67180 -18.00000 
vt 6.67180 -16.00010 
vt 5.99990 -18.00000 
vt 5.99990 -16.00010 
vt 6.67180 -18.00000 
vt 5.99990 -18.00000 
vt 6.67180 -16.00010 
vt 5.99990 -16.00010 
vt 6.67180 -18.00000 
vt 5.99990 -18.00000 
vt 6.67180 -16.00010 
vt 5.99990 -16.00010 
vt 6.67180 -18.00000 
vt 6.67180 -16.00010 
vt 5.99990 -18.00000 
vt 5.99990 -16.00010 
vt 0.00000 -18.00000 
vt 0.99990 -18.00000 
vt 0.00000 -8.00010 
vt 0.99990 -8.00010 
vt 0.99990 -18.00000 
vt 0.00000 -18.00000 
vt 0.99990 -8.00010 
vt 0.00000 -8.00010 
vt 0.00000 -18.00000 
vt 0.99990 -18.00000 
vt 0.00000 -12.00010 
vt 0.99990 -12.00010 
vt 0.99990 -18.00000 
vt 0.00000 -18.00000 
vt 0.99990 -12.00010 
vt 0.00000 -12.00010 
vt 6.67180 -18.00000 
vt 6.67180 -16.00010 
vt 5.99990 -18.00000 
vt 5.99990 -16.00010 
vt 6.67180 -18.00000 
vt 5.99990 -18.00000 
vt 6.67180 -16.00010 
vt 5.99990 -16.00010 
vt 6.67180 -18.00000 
vt 6.67180 -16.00010 
vt 5.99990 -18.00000 
vt 5.99990 -16.00010 
vt 0.99990 -18.00000 
vt 0.00000 -12.00010 
vt 0.99990 -12.00010 
vt 0.00000 -18.00000 
vt 0.99990 -18.00000 
vt 0.00000 -8.00010 
vt 0.99990 -8.00010 
vt 6.67180 -18.00000 
vt 5.99990 -18.00000 
vt 6.67180 -16.00010 
vt 5.99990 -16.00010 
vt 0.00000 -18.00000 
vt 0.00000 -12.00010 
vt 0.99990 -18.00000 
vt 0.99990 -12.00010 
vt 0.99990 -18.00000 
vt 0.00000 -18.00000 
vt 0.99990 -8.00010 
vt 0.00000 -8.00010 
vt 1.99990 -18.00000 
vt 2.99990 -18.00000 
vt 1.99990 1.99990 
vt 2.99990 1.99990 
vt 7.99990 -18.00000 
vt 8.99990 -18.00000 
vt 7.99990 -14.00010 
vt 8.99990 -14.00010 
vt 1.99990 -18.00000 
vt 2.99990 -18.00000 
vt 1.99990 -6.00010 
vt 2.99990 -6.00010 
vt 1.99990 -18.00000 
vt 2.99990 -18.00000 
vt 1.99990 1.99990 
vt 2.99990 1.99990 
vt 1.99990 -18.00000 
vt 2.99990 -18.00000 
vt 1.99990 1.99990 
vt 2.99990 1.99990 
vt 2.99990 -18.00000 
vt 2.99990 -6.00010 
vt 1.99990 -18.00000 
vt 1.99990 -6.00010 
vt 7.99990 -18.00000 
vt 8.99990 -18.00000 
vt 7.99990 -14.00010 
vt 8.99990 -14.00010 
vt 2.99990 -18.00000 
vt 2.99990 -6.00010 
vt 1.99990 -18.00000 
vt 1.99990 -6.00010 
vt 7.99990 -18.00000 
vt 8.99990 -18.00000 
vt 7.99990 -14.00010 
vt 8.99990 -14.00010 
vt 1.99990 -18.00000 
vt 2.99990 -18.00000 
vt 1.99990 -6.00010 
vt 2.99990 -6.00010 
vt 7.99990 -18.00000 
vt 8.99990 -18.00000 
vt 7.99990 -14.00010 
vt 8.99990 -14.00010 
vt 1.99990 -18.00000 
vt 2.99990 -18.00000 
vt 1.99990 1.99990 
vt 2.99990 1.99990 
vt 3.99990 1.99990 
vt 4.99990 1.99990 
vt 3.99990 -18.00000 
vt 4.99990 -18.00000 
vt 3.99990 1.99990 
vt 3.99990 -18.00000 
vt 4.99990 1.99990 
vt 4.99990 -18.00000 
vt 3.99990 -18.00000 
vt 3.99990 1.99990 
vt 4.99990 -18.00000 
vt 4.99990 1.99990 
vt 3.99990 1.99990 
vt 3.99990 -18.00000 
vt 4.99990 1.99990 
vt 4.99990 -18.00000 
vt 4.99990 1.99990 
vt 4.99990 -18.00000 
vt 4.99990 1.99990 
vt 4.99990 -18.00000 
vt 3.99990 -6.00010 
vt 3.99990 -18.00000 
vt 4.99990 -6.00010 
vt 4.99990 -18.00000 
vt 3.99990 -6.00010 
vt 4.99990 -6.00010 
vt 3.99990 -18.00000 
vt 4.99990 -18.00000 
vt 3.99990 -18.00000 
vt 3.99990 1.99990 
vt 4.99990 -18.00000 
vt 4.99990 1.99990 
vt 3.99990 -6.00010 
vt 4.99990 -6.00010 
vt 3.99990 -18.00000 
vt 4.99990 -18.00000 
vt 3.99990 -18.00000 
vt 3.99990 1.99990 
vt 4.99990 -18.00000 
vt 4.99990 1.99990 
vt 3.99990 1.99990 
vt 3.99990 -18.00000 
vt 4.99990 1.99990 
vt 4.99990 -18.00000 
vt 3.99990 -6.00010 
vt 4.99990 -6.00010 
vt 3.99990 -18.00000 
vt 4.99990 -18.00000 
vt 3.99990 -6.00010 
vt 3.99990 -18.00000 
vt 4.99990 -6.00010 
vt 4.99990 -18.00000 
vt 3.99990 1.99990 
vt 4.99990 1.99990 
vt 3.99990 -18.00000 
vt 4.99990 -18.00000 
vt 3.99990 -18.00000 
vt 3.99990 1.99990 
vt 4.99990 -18.00000 
vt 4.99990 1.99990 
vt 4.99990 1.99990 
vt 4.99990 -18.00000 
vt 3.99990 -6.00010 
vt 4.99990 -6.00010 
vt 3.99990 -18.00000 
vt 4.99990 -18.00000 
vt 3.99990 -18.00000 
vt 3.99990 1.99990 
vt 4.99990 -18.00000 
vt 4.99990 1.99990 
vt 3.99990 -6.00010 
vt 3.99990 -18.00000 
vt 4.99990 -6.00010 
vt 4.99990 -18.00000 
vt 3.99990 1.99990 
vt 3.99990 -18.00000 
vt 4.99990 1.99990 
vt 4.99990 -18.00000 
vt 0.29990 -18.00000 
vt 0.49990 -18.00000 
vt 0.29990 -17.00010 
vt 0.49990 -17.00010 
vt 0.00000 -18.00000 
vt 0.20010 -18.00000 
vt 0.00000 -17.00010 
vt 0.20010 -17.00010 
vt 0.20010 -18.00000 
vt 0.25840 -18.00000 
vt 0.20010 -17.00010 
vt 0.25840 -17.00010 
vt 0.35820 -18.00000 
vt 0.35820 -17.00010 
vt 0.00000 -18.00000 
vt 0.00000 -18.00000 
vt 0.00000 -17.00010 
vt 0.00000 -17.00010 
vt 0.49990 -18.00000 
vt 0.69990 -18.00000 
vt 0.49990 -17.00010 
vt 0.69990 -17.00010 
vt 0.00000 -18.00000 
vt 0.18490 -18.00000 
vt 0.00000 -17.00010 
vt 0.18490 -17.00010 
vt 0.25840 -18.00000 
vt 0.25840 -17.00010 
vt 0.31510 -18.00000 
vt 0.50000 -18.00000 
vt 0.31510 -17.00010 
vt 0.50000 -17.00010 
vt 0.00000 -18.00000 
vt 0.00000 -17.00010 
vt 0.00000 -18.00000 
vt 0.00000 -17.00010 
vt 0.50000 -18.00000 
vt 0.68480 -18.00000 
vt 0.50000 -17.00010 
vt 0.68480 -17.00010 
vt 0.64160 -18.00000 
vt 0.64160 -17.00010 
vt 0.11660 -18.00000 
vt 0.11660 -18.00000 
vt 0.11660 -17.00010 
vt 0.11660 -17.00010 
vt 0.00000 -18.00000 
vt 0.00000 -17.00010 
vt 0.74160 -18.00000 
vt 0.74160 -17.00010 
vt 0.81530 -18.00000 
vt 0.81530 -17.00010 
vt 0.00000 -18.00000 
vt 0.00000 -17.00010 
vt 0.11660 -17.00010 
vt 0.80000 -18.00000 
vt 0.80000 -17.00010 
vt 0.00000 -18.00000 
vt 0.00000 -18.00000 
vt 0.00000 -17.00010 
vt 0.00000 -17.00010 
vt 0.80000 -18.00000 
vt 0.99980 -18.00000 
vt 0.80000 -17.00010 
vt 0.99980 -17.00010 
vt 0.00000 -18.00000 
vt 0.00000 -17.00010 
vt 0.99990 -18.00000 
vt 0.99990 -17.00010 
vt 0.99990 -18.00000 
vt 0.99990 -18.00000 
vt 0.99990 -17.00010 
vt 0.99990 -17.00010 
vt 0.99980 -18.00000 
vt 0.99990 -18.00000 
vt 0.99980 -17.00010 
vt 0.99990 -17.00010 
vt 0.88320 -18.00000 
vt 0.88320 -17.00010 
vt 0.88320 -18.00000 
vt 0.88320 -18.00000 
vt 0.88320 -17.00010 
vt 0.88320 -17.00010 
vt 0.99990 -18.00000 
vt 0.99990 -17.00010 
vt 0.99990 -18.00000 
vt 0.99990 -17.00010 
vt 0.88320 -18.00000 
vt 0.88320 -17.00010 
vt 0.99990 -18.00000 
vt 0.99990 -17.00010 
vt 0.99980 -18.00000 
vt 0.99980 -17.00010 
vt 0.00000 -0.00010 
vt 0.99990 -0.00010 
vt 0.00000 -1.00000 
vt 0.99990 -1.00000 
vt 2.99600 -1.24610 
vt 2.99600 -1.00400 
vt 2.24210 -1.24610 
vt 2.24210 -1.00400 
vt 2.99600 -1.24610 
vt 2.24210 -1.24610 
vt 2.99600 -1.00400 
vt 2.24210 -1.00400 
vt 2.99600 -1.24610 
vt 2.99600 -1.00400 
vt 2.24210 -1.24610 
vt 2.24210 -1.00400 
vt 2.99600 -1.00400 
vt 2.99600 -1.24610 
vt 2.24210 -1.00400 
vt 2.24210 -1.24610 
vt 3.99990 -0.98440 
vt 3.99990 -0.01670 
vt 4.99990 -0.98440 
vt 4.99990 -0.01670 
vt 0.99990 -0.98440 
vt 0.99990 -0.01670 
vt 0.00000 -0.98440 
vt 0.99990 -0.01670 
vt 0.00000 -0.01670 
vt 0.99990 -0.98440 
vt 0.00000 -0.01670 
vt 0.99990 -0.01670 
vt 0.99990 -0.98440 
vt 0.00000 -0.98440 
vt 0.99990 -0.01670 
vt 0.00000 -0.01670 
vt 3.99990 -0.98440 
vt 3.99990 -0.01670 
vt 0.99990 -0.01670 
vt 0.99990 -0.98440 
vt 0.99990 -0.01670 
vt 0.00000 -0.01670 
vt 4.99990 -0.98440 
vt 4.99990 -0.01670 
vt 3.99990 -0.98440 
vt 0.99990 -0.01670 
vt 3.99990 -0.01670 
vt 1.99990 -6.00000 
vt 0.00000 -6.00000 
vt 1.99990 0.99990 
vt 0.00000 0.99990 
vt 1.99990 -6.00000 
vt 1.99990 0.99990 
vt 0.00000 0.99990 
vt 3.96870 -6.09370 
vt 3.24990 -5.96880 
vt 3.96870 -4.87510 
vt 3.24990 -5.00010 
vt 3.96870 -6.09370 
vt 3.96870 -4.87510 
vt 3.24990 -5.96880 
vt 3.24990 -5.00010 
vt -0.12490 -2.00000 
vt -0.17180 -2.00000 
vt -0.12490 -1.00790 
vt -0.17180 -1.00790 
vt -0.24210 -2.00000 
vt -0.24210 -1.00790 
vt -0.08590 -2.00000 
vt -0.08590 -1.00790 
vt -0.00780 -2.00000 
vt -0.08590 -2.00000 
vt -0.00780 -1.00790 
vt -0.08590 -1.00790 
vt -0.12490 -2.00000 
vt -0.17180 -2.00000 
vt -0.12490 -1.00790 
vt -0.17180 -1.00790 
vt -0.24210 -2.00000 
vt -0.24210 -1.00790 
vt -0.08590 -2.00000 
vt -0.08590 -1.00790 
vt -0.00780 -2.00000 
vt -0.08590 -2.00000 
vt -0.00780 -1.00790 
vt -0.08590 -1.00790 
vt -0.12490 -2.00000 
vt -0.17180 -2.00000 
vt -0.12490 -1.00790 
vt -0.17180 -1.00790 
vt -0.24210 -2.00000 
vt -0.24210 -1.00790 
vt -0.08590 -2.00000 
vt -0.08590 -1.00790 
vt -0.00780 -2.00000 
vt -0.08590 -2.00000 
vt -0.00780 -1.00790 
vt -0.08590 -1.00790 
vt 0.89840 -1.00000 
vt 0.50780 -1.00000 
vt 0.89840 -0.00790 
vt 0.50780 -0.00790 
vt 0.99210 -1.00000 
vt 0.99210 -0.00790 
vt 4.60290 -5.99990 
vt 5.10290 -5.99990 
vt 4.60290 0.99990 
vt 5.10290 0.99990 
vt 5.60290 -5.99990 
vt 5.60290 0.99990 
vt 4.10290 -5.99990 
vt 4.10290 0.99990 
vt 6.10290 -5.99990 
vt 6.10290 0.99990 
vt 3.60290 -5.99990 
vt 3.60290 0.99990 
vt 3.10290 -5.99990 
vt 3.10290 0.99990 
vt 1.60290 -5.00000 
vt 1.85290 -5.00000 
vt 1.60290 -4.00790 
vt 1.85290 -4.00790 
vt 2.10290 -5.00000 
vt 2.10290 -4.00790 
vt 1.60290 -4.03130 
vt 1.85290 -4.03130 
vt 2.10290 -4.03130 
vt 1.35290 -5.00000 
vt 1.35290 -4.00790 
vt 2.35290 -5.00000 
vt 2.35290 -4.00790 
vt 1.35290 -4.03130 
vt 2.35290 -4.03130 
vt 1.85290 -4.24220 
vt 2.10290 -4.24220 
vt 1.85290 -4.53910 
vt 2.10290 -4.53910 
vt 1.60290 -4.24220 
vt 1.60290 -4.53910 
vt 1.35290 -4.24220 
vt 1.35290 -4.53910 
vt 2.35290 -4.24220 
vt 2.35290 -4.53910 
vt 1.10290 -5.00000 
vt 1.10290 -4.00790 
vt 1.10290 -4.03130 
vt 1.10290 -4.24220 
vt 1.10290 -4.53910 
vt 0.85290 -4.24220 
vt 0.85290 -4.53910 
vt 0.85290 -4.00790 
vt 0.85290 -4.03130 
vt 0.85290 -5.00000 

s 1

g Object_2

usemtl texture0

f 1/1 2/2 3/3
f 2/2 4/4 3/3
f 2/2 5/5 4/4
f 5/5 6/6 4/4
f 5/5 7/7 6/6
f 7/7 8/8 6/6
f 9/9 1/1 10/10
f 1/1 3/3 10/10
f 4/4 6/6 11/11
f 6/6 12/12 11/11
f 3/3 4/4 13/13
f 4/4 11/11 13/13
f 6/6 8/8 12/12
f 8/8 14/14 12/12
f 10/10 3/3 15/15
f 3/3 13/13 15/15
f 7/7 16/16 8/8
f 16/16 17/17 8/8
f 18/18 9/9 19/19
f 9/9 10/10 19/19
f 11/11 12/12 20/20
f 12/12 21/21 20/20
f 13/13 11/11 22/22
f 11/11 20/20 22/22
f 12/12 14/14 21/21
f 14/14 23/23 21/21
f 15/15 13/13 24/24
f 13/13 22/22 24/24
f 20/20 21/21 25/25
f 21/21 26/26 25/25
f 22/22 20/20 27/27
f 20/20 25/25 27/27
f 8/8 17/17 14/14
f 17/17 28/28 14/14
f 19/19 10/10 29/29
f 10/10 15/15 29/29
f 21/21 23/23 26/26
f 23/23 30/30 26/26
f 24/24 22/22 31/31
f 22/22 27/27 31/31
f 14/14 28/28 23/23
f 28/28 32/32 23/23
f 29/29 15/15 33/33
f 15/15 24/24 33/33
f 23/23 32/32 30/30
f 32/32 34/34 30/30
f 33/33 24/24 35/35
f 24/24 31/31 35/35
f 16/16 36/36 17/17
f 36/36 37/37 17/17
f 38/38 18/18 39/39
f 18/18 19/19 39/39
f 17/17 37/37 28/28
f 37/37 40/40 28/28
f 39/39 19/19 41/41
f 19/19 29/29 41/41
f 28/28 40/40 32/32
f 40/40 42/42 32/32
f 41/41 29/29 43/43
f 29/29 33/33 43/43
f 32/32 42/42 34/34
f 42/42 44/44 34/34
f 43/43 33/33 45/45
f 33/33 35/35 45/45
f 42/42 46/46 44/44
f 46/46 47/47 44/44
f 48/48 43/43 49/49
f 43/43 45/45 49/49
f 40/40 50/50 42/42
f 50/50 46/46 42/42
f 51/51 41/41 48/48
f 41/41 43/43 48/48
f 37/37 52/52 40/40
f 52/52 50/50 40/40
f 53/53 39/39 51/51
f 39/39 41/41 51/51
f 36/36 54/54 37/37
f 54/54 52/52 37/37
f 55/55 38/38 53/53
f 38/38 56/56 53/53
f 46/46 57/57 47/47
f 57/57 58/58 47/47
f 59/59 48/48 60/60
f 48/48 49/49 60/60
f 50/50 61/61 46/46
f 61/61 57/57 46/46
f 62/62 51/51 59/59
f 51/51 48/48 59/59
f 59/59 60/60 63/63
f 64/64 63/63 60/60
f 57/57 65/65 58/58
f 65/65 66/66 58/58
f 67/67 63/63 68/68
f 63/63 64/64 68/68
f 52/52 69/69 50/50
f 69/69 61/61 50/50
f 70/70 53/53 62/62
f 53/53 51/51 62/62
f 67/67 68/68 71/71
f 72/72 71/71 68/68
f 62/62 59/59 73/73
f 63/63 73/73 59/59
f 65/65 74/74 66/66
f 74/74 75/75 66/66
f 76/76 71/71 77/77
f 71/71 72/72 77/77
f 61/61 78/78 57/57
f 78/78 65/65 57/57
f 79/79 73/73 67/67
f 73/73 63/63 67/67
f 79/79 67/67 80/80
f 71/71 80/80 67/67
f 78/78 81/81 65/65
f 81/81 74/74 65/65
f 82/82 80/80 76/76
f 80/80 71/71 76/76
f 54/54 83/83 52/52
f 83/83 69/69 52/52
f 84/84 55/55 85/85
f 55/55 86/86 85/85
f 70/70 62/62 87/87
f 73/73 87/87 62/62
f 69/69 88/88 61/61
f 88/88 78/78 61/61
f 89/89 87/87 79/79
f 87/87 73/73 79/79
f 89/89 79/79 90/90
f 80/80 90/90 79/79
f 88/88 91/91 78/78
f 91/91 81/81 78/78
f 92/92 90/90 82/82
f 90/90 80/80 82/82
f 84/84 70/70 93/93
f 93/93 70/70 87/87
f 83/83 94/94 69/69
f 94/94 88/88 69/69
f 95/95 93/93 89/89
f 93/93 87/87 89/89
f 95/95 89/89 96/96
f 96/96 89/89 90/90
f 94/94 97/97 88/88
f 97/97 91/91 88/88
f 98/98 96/96 92/92
f 96/96 90/90 92/92
f 99/99 100/100 101/101
f 100/100 102/102 101/101
f 103/103 104/104 105/105
f 104/104 106/106 105/105
f 101/101 102/102 107/107
f 102/102 108/108 107/107
f 109/109 110/110 103/103
f 110/110 104/104 103/103
f 107/107 108/108 111/111
f 108/108 112/112 111/111
f 113/113 114/114 109/109
f 114/114 110/110 109/109
f 111/111 112/112 115/115
f 112/112 116/116 115/115
f 117/117 118/118 113/113
f 118/118 114/114 113/113
f 115/115 116/116 119/119
f 116/116 120/120 119/119
f 121/121 122/122 117/117
f 122/122 118/118 117/117
f 119/119 120/120 123/123
f 120/120 124/124 123/123
f 125/125 126/126 121/121
f 126/126 122/122 121/121
f 123/123 124/124 127/127
f 124/124 128/128 127/127
f 129/129 130/130 125/125
f 130/130 126/126 125/125
f 127/127 128/128 131/131
f 128/128 132/132 131/131
f 131/131 132/132 129/129
f 132/132 130/130 129/129
f 133/133 134/134 135/135
f 136/136 137/137 138/138
f 137/137 139/139 138/138
f 140/140 141/141 142/142
f 140/140 142/142 143/143
f 144/144 145/145 146/146
f 145/145 147/147 146/146
f 146/146 147/147 148/148
f 147/147 149/149 150/150
f 147/147 150/150 148/148
f 146/146 148/148 151/151
f 146/146 152/152 153/153
f 154/154 155/155 156/156
f 155/155 146/146 157/157
f 153/153 152/152 158/158
f 146/146 159/159 157/157
f 155/155 157/157 156/156
f 160/160 161/161 162/162
f 163/163 164/164 156/156
f 164/164 154/154 156/156
f 160/160 165/165 161/161
f 166/166 161/161 165/165
f 167/167 168/168 169/169
f 170/170 171/171 172/172
f 173/173 174/174 172/172
f 175/175 176/176 177/177
f 178/178 179/179 180/180
f 181/181 182/182 183/183
f 183/183 182/182 184/184
f 185/185 186/186 187/187
f 185/185 188/188 186/186
f 189/189 188/188 185/185
f 190/190 188/188 189/189
f 190/190 189/189 191/191
f 192/192 193/193 194/194
f 195/195 192/192 196/196
f 192/192 194/194 196/196
f 197/197 198/198 199/199
f 200/200 199/199 198/198
f 201/201 202/202 203/203
f 204/204 205/205 206/206
f 207/207 208/208 209/209
f 210/210 211/211 209/209
f 212/212 213/213 214/214
f 213/213 215/215 216/216
f 212/212 217/217 213/213
f 218/218 219/219 220/220
f 221/221 222/222 212/212
f 221/221 223/223 222/222
f 224/224 223/223 221/221
f 224/224 221/221 225/225
f 218/218 212/212 219/219
f 212/212 214/214 219/219
f 226/226 227/227 228/228
f 226/226 228/228 229/229
f 230/230 227/227 226/226
f 230/230 231/231 227/227

usemtl texture1

f 232/232 233/233 234/234
f 233/233 235/235 234/234
f 236/236 234/234 237/237
f 234/234 235/235 237/237
f 236/236 237/237 238/238
f 237/237 239/239 238/238
f 232/232 240/240 233/233
f 240/240 241/241 233/233
f 242/242 238/238 243/243
f 238/238 239/239 243/243
f 244/244 245/245 240/240
f 245/245 241/241 240/240
f 235/235 246/246 237/237
f 233/233 247/247 235/235
f 237/237 246/246 239/239
f 241/241 247/247 233/233
f 235/235 247/247 246/246
f 239/239 246/246 248/248
f 241/241 249/249 247/247
f 239/239 248/248 243/243
f 245/245 249/249 241/241
f 247/247 250/250 246/246
f 242/242 243/243 251/251
f 243/243 252/252 251/251
f 244/244 253/253 245/245
f 253/253 254/254 245/245
f 246/246 250/250 248/248
f 249/249 250/250 247/247
f 243/243 248/248 252/252
f 254/254 249/249 245/245
f 248/248 250/250 255/255
f 252/252 248/248 255/255
f 256/256 250/250 249/249
f 254/254 256/256 249/249
f 252/252 255/255 257/257
f 258/258 256/256 254/254
f 255/255 250/250 259/259
f 260/260 250/250 256/256
f 259/259 250/250 260/260
f 257/257 255/255 261/261
f 262/262 256/256 258/258
f 263/263 251/251 257/257
f 251/251 252/252 257/257
f 264/264 258/258 253/253
f 258/258 254/254 253/253
f 261/261 255/255 259/259
f 262/262 260/260 256/256
f 265/265 259/259 260/260
f 261/261 259/259 266/266
f 267/267 260/260 262/262
f 266/266 259/259 265/265
f 265/265 260/260 267/267
f 263/263 257/257 268/268
f 257/257 261/261 268/268
f 264/264 269/269 258/258
f 269/269 262/262 258/258
f 270/270 268/268 266/266
f 268/268 261/261 266/266
f 271/271 267/267 269/269
f 267/267 262/262 269/269
f 270/270 266/266 272/272
f 266/266 273/273 272/272
f 271/271 272/272 267/267
f 272/272 273/273 267/267

usemtl texture2

f 274/274 275/275 276/276
f 277/277 275/275 274/274
f 278/278 279/279 280/280
f 280/280 279/279 275/275
f 281/281 280/280 277/277
f 280/280 275/275 277/277
f 282/282 283/283 284/284
f 284/284 283/283 285/285
f 286/286 287/287 282/282
f 287/287 283/283 282/282
f 288/288 289/289 287/287
f 287/287 289/289 283/283

usemtl texture3

f 290/290 291/291 292/292
f 291/291 293/293 292/292
f 291/291 290/290 294/294
f 290/290 295/295 294/294
f 292/292 296/296 297/297
f 296/296 298/298 297/297
f 297/297 298/298 299/299
f 298/298 300/300 299/299
f 301/301 302/302 295/295
f 302/302 294/294 295/295
f 303/303 304/304 305/305
f 305/305 304/304 306/306
f 306/306 307/307 308/308
f 307/307 309/309 308/308
f 309/309 310/310 305/305
f 310/310 311/311 305/305
f 312/312 313/313 314/314
f 314/314 313/313 315/315
f 316/316 317/317 318/318
f 317/317 319/319 318/318
f 315/315 320/320 314/314
f 320/320 321/321 314/314
f 321/321 322/322 314/314
f 322/322 323/323 314/314
f 324/324 318/318 325/325
f 319/319 325/325 318/318
f 320/320 326/326 321/321
f 326/326 327/327 321/321
f 328/328 329/329 330/330
f 329/329 331/331 330/330
f 331/331 332/332 333/333
f 332/332 334/334 333/333
f 335/335 336/336 337/337
f 338/338 339/339 340/340
f 339/339 341/341 340/340
f 342/342 338/338 343/343
f 338/338 340/340 343/343
f 340/340 344/344 343/343
f 344/344 345/345 343/343
f 346/346 347/347 343/343
f 343/343 347/347 342/342
f 335/335 348/348 336/336
f 348/348 349/349 336/336
f 350/350 351/351 352/352
f 351/351 353/353 352/352
f 354/354 350/350 355/355
f 350/350 352/352 355/355
f 352/352 356/356 355/355
f 356/356 357/357 355/355
f 358/358 359/359 355/355
f 355/355 359/359 354/354
f 360/360 361/361 362/362
f 361/361 363/363 362/362
f 364/364 360/360 365/365
f 360/360 362/362 365/365
f 362/362 366/366 365/365
f 366/366 367/367 365/365
f 368/368 369/369 365/365
f 365/365 369/369 364/364
f 370/370 371/371 372/372
f 371/371 373/373 372/372
f 374/374 370/370 375/375
f 370/370 372/372 375/375
f 372/372 376/376 375/375
f 376/376 377/377 375/375
f 378/378 379/379 375/375
f 375/375 379/379 374/374

usemtl texture4

f 380/380 381/381 382/382
f 382/382 381/381 383/383
f 383/383 384/384 385/385
f 384/384 386/386 385/385
f 387/387 388/388 382/382
f 388/388 380/380 382/382
f 389/389 390/390 391/391
f 390/390 392/392 391/391
f 393/393 394/394 389/389
f 394/394 390/390 389/389
f 395/395 396/396 397/397
f 397/397 396/396 398/398
f 399/399 400/400 401/401
f 400/400 402/402 401/401
f 403/403 404/404 397/397
f 404/404 395/395 397/397
f 405/405 406/406 407/407
f 406/406 408/408 407/407
f 409/409 410/410 411/411
f 411/411 410/410 412/412
f 413/413 414/414 411/411
f 414/414 409/409 411/411
f 415/415 416/416 417/417
f 417/417 416/416 418/418
f 419/419 420/420 421/421
f 420/420 422/422 421/421
f 423/423 424/424 417/417
f 424/424 415/415 417/417
f 425/425 426/426 427/427
f 427/427 426/426 428/428
f 428/428 429/429 430/430
f 429/429 431/431 430/430
f 432/432 433/433 427/427
f 433/433 425/425 427/427
f 434/434 435/435 436/436
f 435/435 437/437 436/436
f 438/438 439/439 440/440
f 439/439 441/441 440/440
f 442/442 443/443 444/444
f 443/443 445/445 444/444
f 446/446 447/447 444/444
f 444/444 447/447 442/442
f 448/448 449/449 444/444
f 449/449 446/446 444/444
f 450/450 451/451 452/452
f 451/451 453/453 452/452
f 454/454 455/455 456/456
f 456/456 455/455 452/452

usemtl texture5

f 457/457 458/458 459/459
f 458/458 460/460 459/459
f 461/461 462/462 463/463
f 463/463 462/462 464/464
f 465/465 466/466 463/463
f 466/466 461/461 463/463
f 467/467 468/468 469/469
f 468/468 470/470 469/469
f 471/471 472/472 473/473
f 473/473 472/472 474/474
f 475/475 476/476 473/473
f 476/476 471/471 473/473
f 477/477 478/478 479/479
f 479/479 478/478 480/480
f 480/480 481/481 479/479
f 481/481 482/482 479/479
f 482/482 483/483 479/479
f 483/483 477/477 479/479
f 484/484 485/485 486/486
f 485/485 487/487 486/486
f 488/488 489/489 484/484
f 489/489 485/485 484/484
f 490/490 491/491 492/492
f 491/491 493/493 492/492
f 494/494 495/495 496/496
f 497/497 498/498 496/496
f 498/498 494/494 496/496
f 499/499 495/495 500/500
f 500/500 495/495 494/494
f 496/496 495/495 501/501
f 495/495 499/499 501/501
f 502/502 503/503 504/504
f 504/504 505/505 502/502
f 502/502 505/505 506/506
f 507/507 508/508 506/506
f 506/506 508/508 502/502
f 509/509 503/503 510/510
f 510/510 503/503 502/502
f 511/511 512/512 513/513
f 513/513 514/514 511/511
f 511/511 514/514 515/515
f 516/516 517/517 515/515
f 515/515 517/517 518/518
f 519/519 512/512 520/520
f 520/520 512/512 511/511
f 521/521 522/522 523/523
f 522/522 524/524 523/523
f 525/525 526/526 521/521
f 526/526 522/522 521/521
f 527/527 528/528 529/529
f 529/529 530/530 527/527
f 527/527 530/530 531/531
f 532/532 533/533 531/531
f 531/531 533/533 527/527
f 534/534 528/528 535/535
f 535/535 528/528 527/527
f 536/536 537/537 538/538
f 538/538 539/539 536/536
f 536/536 539/539 540/540
f 541/541 542/542 540/540
f 540/540 542/542 536/536
f 543/543 537/537 544/544
f 544/544 537/537 536/536
f 545/545 546/546 547/547
f 546/546 548/548 547/547
f 549/549 550/550 545/545
f 550/550 546/546 545/545
f 551/551 552/552 553/553
f 552/552 554/554 553/553
f 555/555 556/556 553/553
f 556/556 557/557 553/553
f 558/558 559/559 560/560
f 559/559 561/561 560/560
f 562/562 563/563 558/558
f 563/563 559/559 558/558
f 564/564 565/565 566/566
f 565/565 567/567 566/566
f 568/568 569/569 566/566
f 566/566 569/569 564/564
f 570/570 571/571 566/566
f 571/571 568/568 566/566

usemtl texture7

f 578/578 579/579 580/580
f 579/579 581/581 582/582
f 583/583 584/584 582/582
f 581/581 585/585 586/586
f 587/587 588/588 586/586
f 585/585 587/587 586/586
f 589/589 590/590 591/591
f 590/590 592/592 591/591
f 590/590 593/593 592/592
f 593/593 594/594 592/592
f 592/592 594/594 595/595
f 594/594 596/596 595/595
f 591/591 592/592 597/597
f 592/592 595/595 597/597
f 597/597 595/595 578/578
f 595/595 579/579 578/578
f 595/595 596/596 579/579
f 596/596 581/581 579/579
f 598/598 599/599 600/600
f 599/599 601/601 600/600
f 602/602 603/603 598/598
f 603/603 599/599 598/598
f 593/593 604/604 594/594
f 604/604 605/605 594/594
f 594/594 605/605 596/596
f 605/605 606/606 596/596
f 600/600 601/601 583/583
f 601/601 584/584 583/583
f 596/596 606/606 581/581
f 606/606 585/585 581/581
f 607/607 608/608 587/587
f 608/608 588/588 587/587
f 606/606 607/607 585/585
f 607/607 587/587 585/585
f 609/609 610/610 607/607
f 610/610 608/608 607/607
f 611/611 609/609 606/606
f 609/609 607/607 606/606
f 612/612 613/613 609/609
f 613/613 610/610 609/609
f 604/604 612/612 605/605
f 612/612 609/609 605/605
f 614/614 615/615 616/616
f 616/616 615/615 617/617
f 618/618 619/619 620/620
f 619/619 614/614 620/620
f 621/621 622/622 623/623
f 622/622 624/624 623/623
f 621/621 623/623 625/625
f 625/625 623/623 626/626
f 627/627 628/628 629/629
f 630/630 631/631 632/632
f 633/633 634/634 635/635
f 634/634 636/636 635/635
f 637/637 638/638 639/639
f 638/638 640/640 639/639
f 627/627 638/638 628/628
f 638/638 633/633 628/628
f 634/634 641/641 642/642
f 641/641 643/643 642/642
f 644/644 630/630 645/645
f 646/646 645/645 630/630
f 647/647 646/646 648/648
f 646/646 649/649 648/648
f 650/650 651/651 647/647
f 651/651 652/652 647/647

usemtl texture8

f 653/653 654/654 655/655
f 654/654 656/656 655/655
f 657/657 658/658 659/659
f 658/658 660/660 659/659
f 661/661 662/662 657/657
f 662/662 658/658 657/657
f 663/663 664/664 665/665
f 664/664 666/666 665/665
f 664/664 660/660 666/666
f 660/660 658/658 666/666
f 667/667 668/668 669/669
f 669/669 668/668 670/670
f 671/671 672/672 673/673
f 673/673 672/672 674/674
f 675/675 676/676 677/677
f 676/676 678/678 677/677
f 679/679 680/680 673/673
f 680/680 671/671 673/673
f 681/681 682/682 683/683
f 683/683 682/682 684/684

usemtl texture9

f 685/685 686/686 687/687
f 686/686 688/688 687/687
f 686/686 689/689 688/688
f 689/689 690/690 688/688
f 691/691 692/692 693/693
f 692/692 694/694 693/693
f 693/693 695/695 691/691
f 695/695 696/696 691/691
f 697/697 698/698 699/699
f 698/698 700/700 699/699
f 698/698 701/701 700/700
f 701/701 702/702 700/700

usemtl texture10

f 703/703 704/704 705/705
f 704/704 706/706 705/705
f 707/707 708/708 704/704
f 704/704 708/708 706/706
f 709/709 710/710 711/711
f 710/710 712/712 711/711
f 709/709 713/713 714/714
f 713/713 715/715 714/714
f 716/716 717/717 718/718
f 717/717 719/719 718/718
f 720/720 721/721 717/717
f 717/717 721/721 719/719

usemtl texture11

f 722/722 723/723 724/724
f 724/724 723/723 725/725
f 726/726 727/727 728/728
f 727/727 729/729 728/728
f 725/725 730/730 731/731
f 730/730 732/732 731/731
f 733/733 734/734 735/735
f 735/735 734/734 736/736
f 737/737 738/738 739/739
f 740/740 738/738 737/737
f 741/741 742/742 743/743
f 743/743 742/742 744/744

usemtl texture12

f 745/745 746/746 747/747
f 745/745 748/748 746/746
f 747/747 746/746 749/749
f 746/746 750/750 749/749
f 751/751 749/749 752/752
f 752/752 749/749 750/750
f 753/753 754/754 755/755
f 754/754 756/756 755/755
f 751/751 752/752 745/745
f 745/745 752/752 748/748
f 757/757 758/758 759/759
f 760/760 761/761 762/762
f 758/758 757/757 760/760
f 760/760 757/757 761/761
f 763/763 764/764 765/765
f 764/764 766/766 765/765
f 763/763 765/765 767/767
f 765/765 768/768 767/767
f 769/769 770/770 771/771
f 771/771 770/770 772/772
f 773/773 774/774 775/775
f 774/774 776/776 775/775
f 777/777 778/778 779/779
f 778/778 780/780 779/779
f 780/780 781/781 779/779
f 781/781 782/782 779/779
f 783/783 784/784 785/785
f 783/783 786/786 784/784
f 787/787 788/788 789/789
f 788/788 790/790 789/789
f 791/791 792/792 793/793
f 791/791 794/794 792/792

usemtl texture13

f 795/795 796/796 797/797
f 797/797 796/796 798/798
f 798/798 799/799 797/797
f 799/799 800/800 797/797
f 801/801 802/802 803/803
f 802/802 804/804 803/803
f 805/805 806/806 803/803
f 803/803 806/806 807/807
f 808/808 809/809 810/810
f 809/809 811/811 810/810
f 810/810 812/812 808/808
f 812/812 813/813 808/808
f 814/814 815/815 816/816
f 815/815 817/817 816/816
f 818/818 819/819 816/816
f 816/816 819/819 820/820
f 821/821 822/822 823/823
f 822/822 824/824 823/823
f 823/823 825/825 826/826
f 825/825 827/827 826/826
f 828/828 829/829 830/830
f 829/829 831/831 830/830
f 830/830 832/832 833/833
f 832/832 834/834 833/833

usemtl texture14

f 835/835 836/836 837/837
f 836/836 838/838 837/837
f 835/835 839/839 840/840
f 839/839 841/841 840/840
f 842/842 843/843 844/844
f 843/843 845/845 844/844
f 846/846 847/847 848/848
f 847/847 849/849 848/848
f 850/850 851/851 852/852
f 851/851 853/853 852/852
f 850/850 852/852 854/854
f 852/852 855/855 854/854
f 856/856 857/857 858/858
f 857/857 859/859 858/858
f 860/860 861/861 862/862
f 861/861 863/863 862/862
f 864/864 865/865 866/866
f 865/865 867/867 866/866
f 868/868 869/869 870/870
f 869/869 871/871 870/870
f 872/872 873/873 874/874
f 873/873 875/875 874/874
f 876/876 877/877 878/878
f 877/877 879/879 878/878

usemtl texture15

f 880/880 881/881 882/882
f 880/880 883/883 881/881
f 884/884 885/885 886/886
f 884/884 886/886 887/887
f 888/888 889/889 890/890
f 888/888 891/891 889/889
f 892/892 893/893 894/894
f 894/894 893/893 895/895
f 896/896 897/897 898/898
f 897/897 899/899 898/898
f 900/900 901/901 902/902
f 901/901 903/903 902/902
f 904/904 905/905 906/906
f 905/905 907/907 906/906
f 908/908 909/909 910/910
f 908/908 911/911 909/909
f 912/912 913/913 914/914
f 912/912 915/915 913/913
f 916/916 917/917 918/918
f 916/916 919/919 917/917

usemtl texture16

f 920/920 921/921 922/922
f 922/922 921/921 923/923
f 924/924 925/925 920/920
f 920/920 925/925 921/921
f 924/924 926/926 925/925
f 926/926 927/927 925/925
f 928/928 929/929 930/930
f 929/929 931/931 930/930
f 930/930 932/932 933/933
f 932/932 934/934 933/933
f 935/935 936/936 937/937
f 936/936 938/938 937/937
f 939/939 929/929 935/935
f 935/935 929/929 940/940

usemtl texture17

f 941/941 942/942 943/943
f 944/944 943/943 942/942
f 945/945 946/946 941/941
f 942/942 941/941 946/946
f 946/946 945/945 947/947
f 945/945 948/948 947/947
f 947/947 948/948 949/949
f 948/948 950/950 949/949
f 951/951 952/952 950/950
f 949/949 950/950 952/952
f 953/953 952/952 954/954
f 952/952 951/951 954/954

usemtl texture18

f 955/955 956/956 957/957
f 958/958 959/959 960/960
f 961/961 962/962 963/963
f 962/962 964/964 963/963
f 965/965 964/964 966/966
f 964/964 967/967 966/966
f 968/968 967/967 969/969
f 967/967 970/970 969/969
f 971/971 970/970 972/972
f 970/970 973/973 972/972
f 961/961 963/963 974/974
f 963/963 975/975 974/974
f 976/976 977/977 962/962
f 962/962 977/977 964/964
f 978/978 965/965 979/979
f 965/965 966/966 979/979
f 977/977 980/980 981/981
f 981/981 980/980 982/982
f 968/968 969/969 979/979
f 969/969 983/983 979/979
f 967/967 980/980 970/970
f 980/980 984/984 970/970
f 985/985 986/986 987/987
f 986/986 972/972 987/987
f 984/984 988/988 970/970
f 970/970 988/988 973/973
f 957/957 958/958 955/955
f 958/958 960/960 955/955
f 989/989 990/990 991/991
f 990/990 992/992 991/991
f 991/991 992/992 993/993
f 992/992 994/994 993/993
f 995/995 996/996 997/997
f 997/997 996/996 989/989
f 998/998 956/956 999/999
f 956/956 1000/1000 999/999
f 1001/1001 997/997 959/959
f 997/997 989/989 959/959
f 957/957 956/956 1002/1002
f 956/956 1003/1003 1002/1002
f 1001/1001 1004/1004 1005/1005
f 1005/1005 1004/1004 958/958
f 1006/1006 1007/1007 1008/1008
f 1007/1007 1009/1009 1008/1008
f 1010/1010 1005/1005 1011/1011
f 1005/1005 958/958 1011/1011
f 1006/1006 1012/1012 1010/1010
f 1012/1012 1005/1005 1010/1010

usemtl texture19

f 1013/1013 1014/1014 1015/1015
f 1014/1014 1016/1016 1015/1015
f 1017/1017 1013/1013 1018/1018
f 1013/1013 1015/1015 1018/1018
f 1019/1019 1020/1020 1021/1021
f 1020/1020 1022/1022 1021/1021
f 1020/1020 1019/1019 1023/1023
f 1019/1019 1024/1024 1023/1023

usemtl texture20

f 1025/1025 1026/1026 1027/1027
f 1026/1026 1028/1028 1027/1027

usemtl texture21

f 1029/1029 1030/1030 1031/1031
f 1030/1030 1032/1032 1031/1031
f 1033/1033 1034/1034 1035/1035
f 1035/1035 1034/1034 1036/1036
f 1037/1037 1038/1038 1039/1039
f 1038/1038 1040/1040 1039/1039
f 1041/1041 1042/1042 1043/1043
f 1043/1043 1042/1042 1044/1044
f 1045/1045 1046/1046 1047/1047
f 1046/1046 1048/1048 1047/1047
f 1049/1049 1050/1050 1051/1051
f 1050/1050 1052/1052 1051/1051
f 1053/1053 1054/1054 1055/1055
f 1055/1055 1054/1054 1056/1056
f 1057/1057 1058/1058 1059/1059
f 1058/1058 1060/1060 1059/1059
f 1061/1061 1062/1062 1063/1063
f 1063/1063 1062/1062 1064/1064
f 1065/1065 1066/1066 1067/1067
f 1066/1066 1068/1068 1067/1067
f 1069/1069 1070/1070 1071/1071
f 1070/1070 1072/1072 1071/1071
f 1073/1073 1074/1074 1075/1075
f 1074/1074 1076/1076 1075/1075

usemtl texture22

f 1077/1077 1078/1078 1079/1079
f 1078/1078 1080/1080 1079/1079
f 1081/1081 1082/1082 1077/1077
f 1082/1082 1078/1078 1077/1077
f 1083/1083 1084/1084 1085/1085
f 1085/1085 1084/1084 1086/1086
f 1087/1087 1088/1088 1083/1083
f 1083/1083 1088/1088 1084/1084

usemtl texture23

f 1089/1089 1090/1090 1091/1091
f 1091/1091 1090/1090 1092/1092
f 1093/1093 1091/1091 1094/1094
f 1091/1091 1092/1092 1094/1094

usemtl texture24

f 1095/1095 1096/1096 1097/1097
f 1098/1098 1097/1097 1099/1099

usemtl texture25

f 1100/1100 1101/1101 1102/1102
f 1102/1102 1101/1101 1103/1103
f 1104/1104 1105/1105 1106/1106
f 1105/1105 1107/1107 1106/1106

usemtl texture26

f 1108/1108 1109/1109 1110/1110
f 1109/1109 1111/1111 1110/1110
f 1112/1112 1113/1113 1114/1114
f 1114/1114 1113/1113 1115/1115

usemtl texture27

f 1116/1116 1117/1117 1118/1118
f 1118/1118 1117/1117 1119/1119
f 1118/1118 1119/1119 1120/1120
f 1120/1120 1119/1119 1121/1121
f 1122/1122 1123/1123 1124/1124
f 1124/1124 1123/1123 1125/1125
f 1126/1126 1127/1127 1125/1125
f 1127/1127 1124/1124 1125/1125

usemtl texture28

f 1128/1128 1129/1129 1130/1130
f 1130/1130 1129/1129 1131/1131

usemtl texture29

f 1132/1132 1133/1133 1134/1134
f 1133/1133 1135/1135 1134/1134
f 1136/1136 1132/1132 1137/1137
f 1132/1132 1138/1138 1137/1137
f 1139/1139 1138/1138 1140/1140
f 1138/1138 1141/1141 1140/1140
f 1138/1138 1135/1135 1141/1141
f 1135/1135 1142/1142 1141/1141
f 1143/1143 1144/1144 1145/1145
f 1145/1145 1144/1144 1146/1146
f 1146/1146 1144/1144 1147/1147
f 1144/1144 1148/1148 1147/1147

usemtl texture30

f 1149/1149 1150/1150 1151/1151
f 1152/1152 1151/1151 1150/1150
f 1153/1153 1152/1152 1154/1154
f 1152/1152 1150/1150 1154/1154

usemtl texture31

f 1155/1155 1156/1156 1157/1157
f 1156/1156 1158/1158 1157/1157
f 1159/1159 1160/1160 1161/1161
f 1160/1160 1162/1162 1161/1161
f 1163/1163 1155/1155 1164/1164
f 1155/1155 1157/1157 1164/1164

usemtl texture32

f 1165/1165 1166/1166 1167/1167
f 1166/1166 1168/1168 1167/1167
f 1169/1169 1170/1170 1171/1171
f 1171/1171 1170/1170 1172/1172
f 1173/1173 1174/1174 1175/1175
f 1174/1174 1176/1176 1175/1175
f 1177/1177 1178/1178 1179/1179
f 1178/1178 1180/1180 1179/1179

usemtl texture33

f 1181/1181 1182/1182 1183/1183
f 1182/1182 1184/1184 1183/1183
f 1185/1185 1186/1186 1187/1187
f 1186/1186 1188/1188 1187/1187
f 1189/1189 1190/1190 1191/1191
f 1190/1190 1192/1192 1191/1191
f 1193/1193 1194/1194 1195/1195
f 1194/1194 1196/1196 1195/1195

usemtl texture34

f 1197/1197 1198/1198 1199/1199
f 1198/1198 1200/1200 1199/1199
f 1201/1201 1202/1202 1203/1203
f 1202/1202 1204/1204 1203/1203
f 1205/1205 1206/1206 1207/1207
f 1206/1206 1208/1208 1207/1207
f 1209/1209 1210/1210 1211/1211
f 1210/1210 1212/1212 1211/1211

usemtl texture35

f 1213/1213 1214/1214 1215/1215
f 1214/1214 1216/1216 1215/1215
f 1217/1217 1213/1213 1218/1218
f 1213/1213 1219/1219 1218/1218
f 1214/1214 1220/1220 1221/1221
f 1220/1220 1222/1222 1221/1221
f 1223/1223 1217/1217 1224/1224
f 1217/1217 1225/1225 1224/1224

usemtl texture36

f 1226/1226 1227/1227 1228/1228
f 1228/1228 1227/1227 1229/1229
f 1230/1230 1231/1231 1232/1232
f 1231/1231 1233/1233 1232/1232
f 1234/1234 1235/1235 1236/1236
f 1236/1236 1235/1235 1237/1237
f 1238/1238 1239/1239 1240/1240
f 1239/1239 1241/1241 1240/1240
f 1242/1242 1243/1243 1244/1244
f 1244/1244 1243/1243 1245/1245
f 1246/1246 1247/1247 1248/1248
f 1247/1247 1249/1249 1248/1248

usemtl texture37

f 1250/1250 1251/1251 1252/1252
f 1251/1251 1253/1253 1252/1252
f 1254/1254 1255/1255 1256/1256
f 1255/1255 1257/1257 1256/1256
f 1258/1258 1259/1259 1260/1260
f 1259/1259 1261/1261 1260/1260

usemtl texture38

f 1262/1262 1263/1263 1264/1264
f 1265/1265 1266/1266 1267/1267
f 1268/1268 1269/1269 1270/1270
f 1271/1271 1272/1272 1273/1273
f 1274/1274 1275/1275 1276/1276
f 1277/1277 1278/1278 1279/1279

usemtl texture39

f 1280/1280 1281/1281 1282/1282
f 1282/1282 1281/1281 1283/1283
f 1284/1284 1285/1285 1281/1281
f 1284/1284 1286/1286 1285/1285
f 1281/1281 1285/1285 1283/1283
f 1287/1287 1288/1288 1289/1289
f 1289/1289 1288/1288 1290/1290
f 1291/1291 1292/1292 1293/1293
f 1293/1293 1292/1292 1294/1294
f 1295/1295 1296/1296 1292/1292
f 1295/1295 1297/1297 1296/1296
f 1292/1292 1296/1296 1294/1294
f 1298/1298 1299/1299 1300/1300
f 1300/1300 1299/1299 1301/1301
f 1302/1302 1303/1303 1304/1304
f 1304/1304 1303/1303 1305/1305
f 1306/1306 1307/1307 1303/1303
f 1306/1306 1308/1308 1307/1307
f 1303/1303 1307/1307 1305/1305
f 1309/1309 1310/1310 1311/1311
f 1311/1311 1310/1310 1312/1312

usemtl texture40

f 1313/1313 1314/1314 1315/1315
f 1316/1316 1313/1313 1315/1315
f 1314/1314 1317/1317 1315/1315
f 1317/1317 1318/1318 1315/1315
f 1319/1319 1316/1316 1315/1315
f 1318/1318 1319/1319 1315/1315
f 1320/1320 1321/1321 1322/1322
f 1323/1323 1322/1322 1321/1321
f 1324/1324 1325/1325 1326/1326
f 1325/1325 1327/1327 1326/1326
f 1328/1328 1329/1329 1314/1314
f 1317/1317 1314/1314 1329/1329
f 1329/1329 1330/1330 1317/1317
f 1318/1318 1317/1317 1330/1330
f 1331/1331 1332/1332 1333/1333
f 1332/1332 1334/1334 1333/1333
f 1330/1330 1335/1335 1318/1318
f 1319/1319 1318/1318 1335/1335
f 1336/1336 1337/1337 1338/1338
f 1339/1339 1336/1336 1338/1338
f 1337/1337 1340/1340 1338/1338
f 1340/1340 1341/1341 1338/1338
f 1342/1342 1339/1339 1338/1338
f 1341/1341 1342/1342 1338/1338
f 1343/1343 1344/1344 1345/1345
f 1346/1346 1345/1345 1344/1344
f 1347/1347 1348/1348 1349/1349
f 1348/1348 1350/1350 1349/1349
f 1351/1351 1352/1352 1337/1337
f 1340/1340 1337/1337 1352/1352
f 1353/1353 1354/1354 1355/1355
f 1354/1354 1356/1356 1355/1355
f 1352/1352 1357/1357 1340/1340
f 1341/1341 1340/1340 1357/1357
f 1357/1357 1358/1358 1341/1341
f 1342/1342 1341/1341 1358/1358
f 1359/1359 1360/1360 1361/1361
f 1362/1362 1359/1359 1361/1361
f 1360/1360 1363/1363 1361/1361
f 1364/1364 1362/1362 1361/1361
f 1363/1363 1365/1365 1361/1361
f 1365/1365 1364/1364 1361/1361
f 1366/1366 1367/1367 1368/1368
f 1369/1369 1368/1368 1367/1367
f 1370/1370 1371/1371 1372/1372
f 1371/1371 1373/1373 1372/1372
f 1374/1374 1375/1375 1360/1360
f 1363/1363 1360/1360 1375/1375
f 1376/1376 1377/1377 1378/1378
f 1377/1377 1379/1379 1378/1378
f 1375/1375 1380/1380 1363/1363
f 1365/1365 1363/1363 1380/1380
f 1380/1380 1381/1381 1365/1365
f 1364/1364 1365/1365 1381/1381

usemtl texture41

f 1382/1382 1383/1383 1384/1384
f 1383/1383 1385/1385 1384/1384
f 1386/1386 1387/1387 1388/1388
f 1387/1387 1389/1389 1388/1388
f 1390/1390 1391/1391 1392/1392
f 1391/1391 1393/1393 1392/1392
f 1394/1394 1395/1395 1396/1396
f 1396/1396 1395/1395 1397/1397
f 1398/1398 1399/1399 1400/1400
f 1399/1399 1401/1401 1400/1400
f 1402/1402 1403/1403 1404/1404
f 1403/1403 1405/1405 1404/1404
f 1402/1402 1406/1406 1407/1407
f 1407/1407 1406/1406 1408/1408
f 1409/1409 1410/1410 1411/1411
f 1410/1410 1412/1412 1411/1411
f 1413/1413 1414/1414 1415/1415
f 1415/1415 1414/1414 1416/1416
f 1417/1417 1418/1418 1419/1419
f 1418/1418 1420/1420 1419/1419
f 1421/1421 1422/1422 1423/1423
f 1422/1422 1424/1424 1423/1423
f 1425/1425 1426/1426 1427/1427
f 1427/1427 1426/1426 1428/1428
f 1429/1429 1430/1430 1431/1431
f 1430/1430 1432/1432 1431/1431
f 1433/1433 1434/1434 1435/1435
f 1434/1434 1436/1436 1435/1435
f 1437/1437 1438/1438 1439/1439
f 1438/1438 1440/1440 1439/1439
f 1441/1441 1442/1442 1443/1443
f 1442/1442 1444/1444 1443/1443
f 1445/1445 1446/1446 1447/1447
f 1447/1447 1446/1446 1448/1448
f 1449/1449 1450/1450 1451/1451
f 1450/1450 1452/1452 1451/1451
f 1453/1453 1454/1454 1455/1455
f 1455/1455 1454/1454 1456/1456
f 1442/1442 1457/1457 1458/1458
f 1457/1457 1459/1459 1458/1458
f 1460/1460 1461/1461 1462/1462
f 1461/1461 1463/1463 1462/1462
f 1464/1464 1465/1465 1466/1466
f 1465/1465 1467/1467 1466/1466
f 1468/1468 1469/1469 1470/1470
f 1470/1470 1469/1469 1471/1471
f 1472/1472 1473/1473 1474/1474
f 1473/1473 1475/1475 1474/1474

usemtl texture42

f 1476/1476 1477/1477 1478/1478
f 1477/1477 1479/1479 1478/1478
f 1480/1480 1481/1481 1482/1482
f 1481/1481 1483/1483 1482/1482
f 1484/1484 1485/1485 1486/1486
f 1485/1485 1487/1487 1486/1486
f 1488/1488 1489/1489 1490/1490
f 1489/1489 1491/1491 1490/1490
f 1492/1492 1493/1493 1494/1494
f 1493/1493 1495/1495 1494/1494
f 1496/1496 1497/1497 1498/1498
f 1498/1498 1497/1497 1499/1499
f 1500/1500 1501/1501 1502/1502
f 1501/1501 1503/1503 1502/1502
f 1504/1504 1505/1505 1506/1506
f 1506/1506 1505/1505 1507/1507
f 1508/1508 1509/1509 1510/1510
f 1509/1509 1511/1511 1510/1510
f 1512/1512 1513/1513 1514/1514
f 1513/1513 1515/1515 1514/1514
f 1516/1516 1517/1517 1518/1518
f 1517/1517 1519/1519 1518/1518
f 1520/1520 1521/1521 1522/1522
f 1521/1521 1523/1523 1522/1522

usemtl texture43

f 1524/1524 1525/1525 1526/1526
f 1526/1526 1525/1525 1527/1527
f 1528/1528 1529/1529 1530/1530
f 1529/1529 1531/1531 1530/1530
f 1532/1532 1533/1533 1534/1534
f 1533/1533 1535/1535 1534/1534
f 1536/1536 1537/1537 1538/1538
f 1537/1537 1539/1539 1538/1538
f 1524/1524 1526/1526 1540/1540
f 1526/1526 1541/1541 1540/1540
f 1536/1536 1542/1542 1537/1537
f 1537/1537 1542/1542 1543/1543
f 1544/1544 1545/1545 1546/1546
f 1545/1545 1547/1547 1546/1546
f 1548/1548 1549/1549 1550/1550
f 1550/1550 1549/1549 1551/1551
f 1552/1552 1553/1553 1554/1554
f 1553/1553 1555/1555 1554/1554
f 1556/1556 1557/1557 1558/1558
f 1558/1558 1557/1557 1559/1559
f 1560/1560 1561/1561 1562/1562
f 1561/1561 1563/1563 1562/1562
f 1564/1564 1565/1565 1566/1566
f 1565/1565 1567/1567 1566/1566
f 1568/1568 1569/1569 1570/1570
f 1570/1570 1569/1569 1571/1571
f 1572/1572 1573/1573 1574/1574
f 1573/1573 1575/1575 1574/1574
f 1576/1576 1577/1577 1578/1578
f 1578/1578 1577/1577 1579/1579
f 1580/1580 1581/1581 1582/1582
f 1581/1581 1583/1583 1582/1582
f 1576/1576 1578/1578 1584/1584
f 1578/1578 1585/1585 1584/1584
f 1586/1586 1587/1587 1588/1588
f 1588/1588 1587/1587 1589/1589
f 1590/1590 1591/1591 1592/1592
f 1591/1591 1593/1593 1592/1592
f 1594/1594 1595/1595 1596/1596
f 1595/1595 1597/1597 1596/1596
f 1598/1598 1599/1599 1600/1600
f 1599/1599 1601/1601 1600/1600

usemtl texture44

f 1602/1602 1603/1603 1604/1604
f 1603/1603 1605/1605 1604/1604
f 1606/1606 1607/1607 1608/1608
f 1607/1607 1609/1609 1608/1608
f 1610/1610 1611/1611 1612/1612
f 1611/1611 1613/1613 1612/1612
f 1602/1602 1604/1604 1614/1614
f 1614/1614 1604/1604 1615/1615
f 1616/1616 1617/1617 1618/1618
f 1617/1617 1619/1619 1618/1618
f 1620/1620 1621/1621 1622/1622
f 1621/1621 1623/1623 1622/1622
f 1624/1624 1625/1625 1626/1626
f 1625/1625 1627/1627 1626/1626
f 1628/1628 1614/1614 1629/1629
f 1614/1614 1615/1615 1629/1629
f 1630/1630 1631/1631 1632/1632
f 1631/1631 1633/1633 1632/1632
f 1625/1625 1630/1630 1627/1627
f 1630/1630 1632/1632 1627/1627
f 1634/1634 1635/1635 1636/1636
f 1636/1636 1635/1635 1637/1637
f 1638/1638 1639/1639 1640/1640
f 1639/1639 1641/1641 1640/1640
f 1621/1621 1642/1642 1623/1623
f 1642/1642 1643/1643 1623/1623
f 1644/1644 1645/1645 1646/1646
f 1645/1645 1647/1647 1646/1646
f 1648/1648 1636/1636 1649/1649
f 1636/1636 1637/1637 1649/1649
f 1642/1642 1650/1650 1643/1643
f 1650/1650 1651/1651 1643/1643
f 1639/1639 1652/1652 1641/1641
f 1652/1652 1653/1653 1641/1641
f 1654/1654 1644/1644 1655/1655
f 1644/1644 1656/1656 1655/1655
f 1657/1657 1658/1658 1650/1650
f 1650/1650 1658/1658 1651/1651
f 1659/1659 1660/1660 1661/1661
f 1660/1660 1662/1662 1661/1661
f 1663/1663 1664/1664 1665/1665
f 1664/1664 1666/1666 1665/1665
f 1667/1667 1648/1648 1668/1668
f 1648/1648 1649/1649 1668/1668
f 1652/1652 1669/1669 1653/1653
f 1669/1669 1670/1670 1653/1653
f 1671/1671 1672/1672 1673/1673
f 1672/1672 1674/1674 1673/1673
f 1675/1675 1676/1676 1677/1677
f 1676/1676 1678/1678 1677/1677
f 1676/1676 1679/1679 1678/1678
f 1679/1679 1680/1680 1678/1678
f 1681/1681 1682/1682 1683/1683
f 1682/1682 1684/1684 1683/1683
f 1672/1672 1685/1685 1674/1674
f 1685/1685 1686/1686 1674/1674
f 1687/1687 1688/1688 1689/1689
f 1689/1689 1688/1688 1690/1690
f 1685/1685 1691/1691 1686/1686
f 1691/1691 1692/1692 1686/1686
f 1687/1687 1693/1693 1688/1688
f 1693/1693 1694/1694 1688/1688

usemtl texture45

f 1695/1695 1696/1696 1697/1697
f 1696/1696 1698/1698 1697/1697

usemtl texture46

f 1699/1699 1700/1700 1701/1701
f 1700/1700 1702/1702 1701/1701
f 1703/1703 1704/1704 1705/1705
f 1705/1705 1704/1704 1706/1706
f 1707/1707 1708/1708 1709/1709
f 1708/1708 1710/1710 1709/1709
f 1711/1711 1712/1712 1713/1713
f 1712/1712 1714/1714 1713/1713

usemtl texture47

f 1715/1715 1716/1716 1717/1717
f 1717/1717 1716/1716 1718/1718
f 1715/1715 1719/1719 1716/1716
f 1719/1719 1720/1720 1716/1716
f 1719/1719 1721/1721 1722/1722
f 1721/1721 1723/1723 1722/1722
f 1721/1721 1724/1724 1725/1725
f 1724/1724 1726/1726 1725/1725
f 1727/1727 1728/1728 1729/1729
f 1728/1728 1730/1730 1729/1729
f 1731/1731 1727/1727 1732/1732
f 1727/1727 1733/1733 1732/1732
f 1734/1734 1735/1735 1728/1728
f 1728/1728 1735/1735 1736/1736
f 1731/1731 1732/1732 1737/1737
f 1737/1737 1732/1732 1738/1738
f 1734/1734 1739/1739 1740/1740
f 1739/1739 1741/1741 1740/1740
f 1739/1739 1737/1737 1741/1741
f 1737/1737 1738/1738 1741/1741

usemtl texture48

f 1742/1742 1743/1743 1744/1744
f 1743/1743 1745/1745 1744/1744
f 1746/1746 1747/1747 1743/1743
f 1743/1743 1747/1747 1748/1748

usemtl texture49

f 1749/1749 1750/1750 1751/1751
f 1751/1751 1750/1750 1752/1752
f 1753/1753 1754/1754 1755/1755
f 1754/1754 1756/1756 1755/1755

usemtl texture52

f 1799/1799 1800/1800 1801/1801
f 1800/1800 1802/1802 1801/1801
f 1800/1800 1803/1803 1802/1802
f 1803/1803 1804/1804 1802/1802
f 1805/1805 1799/1799 1806/1806
f 1799/1799 1801/1801 1806/1806
f 1803/1803 1807/1807 1804/1804
f 1807/1807 1808/1808 1804/1804
f 1809/1809 1805/1805 1810/1810
f 1805/1805 1806/1806 1810/1810
f 1811/1811 1809/1809 1812/1812
f 1809/1809 1810/1810 1812/1812

usemtl texture53

f 1813/1813 1814/1814 1815/1815
f 1814/1814 1816/1816 1815/1815
f 1814/1814 1817/1817 1816/1816
f 1817/1817 1818/1818 1816/1816
f 1815/1815 1816/1816 1819/1819
f 1816/1816 1820/1820 1819/1819
f 1816/1816 1818/1818 1820/1820
f 1818/1818 1821/1821 1820/1820
f 1822/1822 1813/1813 1823/1823
f 1813/1813 1815/1815 1823/1823
f 1824/1824 1825/1825 1817/1817
f 1817/1817 1825/1825 1818/1818
f 1823/1823 1815/1815 1826/1826
f 1815/1815 1819/1819 1826/1826
f 1818/1818 1825/1825 1821/1821
f 1825/1825 1827/1827 1821/1821
f 1828/1828 1829/1829 1830/1830
f 1829/1829 1831/1831 1830/1830
f 1832/1832 1828/1828 1833/1833
f 1828/1828 1830/1830 1833/1833
f 1834/1834 1832/1832 1835/1835
f 1832/1832 1833/1833 1835/1835
f 1829/1829 1836/1836 1831/1831
f 1836/1836 1837/1837 1831/1831
f 1838/1838 1822/1822 1839/1839
f 1822/1822 1823/1823 1839/1839
f 1839/1839 1823/1823 1840/1840
f 1823/1823 1826/1826 1840/1840
f 1841/1841 1834/1834 1842/1842
f 1834/1834 1835/1835 1842/1842
f 1843/1843 1841/1841 1844/1844
f 1841/1841 1842/1842 1844/1844
f 1845/1845 1839/1839 1846/1846
f 1839/1839 1840/1840 1846/1846
f 1847/1847 1838/1838 1845/1845
f 1838/1838 1839/1839 1845/1845

usemtl texture6

f 572/572 573/573 574/574
f 573/573 575/575 574/574
f 573/573 576/576 575/575
f 576/576 577/577 575/575

usemtl texture50

f 1757/1757 1758/1758 1759/1759
f 1758/1758 1760/1760 1759/1759
f 1758/1758 1761/1761 1760/1760
f 1761/1761 1762/1762 1760/1760
f 1763/1763 1757/1757 1764/1764
f 1757/1757 1759/1759 1764/1764
f 1765/1765 1766/1766 1767/1767
f 1766/1766 1768/1768 1767/1767
f 1769/1769 1770/1770 1771/1771
f 1770/1770 1772/1772 1771/1771
f 1770/1770 1773/1773 1772/1772
f 1773/1773 1774/1774 1772/1772
f 1775/1775 1769/1769 1776/1776
f 1769/1769 1771/1771 1776/1776
f 1777/1777 1778/1778 1779/1779
f 1778/1778 1780/1780 1779/1779
f 1781/1781 1782/1782 1783/1783
f 1782/1782 1784/1784 1783/1783
f 1782/1782 1785/1785 1784/1784
f 1785/1785 1786/1786 1784/1784
f 1787/1787 1781/1781 1788/1788
f 1781/1781 1783/1783 1788/1788
f 1789/1789 1790/1790 1791/1791
f 1790/1790 1792/1792 1791/1791

usemtl texture51

f 1793/1793 1794/1794 1795/1795
f 1795/1795 1794/1794 1796/1796
f 1797/1797 1793/1793 1798/1798
f 1793/1793 1795/1795 1798/1798

