# Created by Metasequoia

mtllib Emperor7.mtl

v -1030.000244 0.000060 -24225.000000
v -1000.000000 0.000060 -24225.000000
v -1030.000244 0.000060 -24340.000000
v -1000.000000 0.000060 -24340.000000
v -1030.000244 0.000060 -24110.000000
v -1000.000000 0.000060 -24110.000000
v -969.999878 0.000060 -24225.000000
v -969.999878 0.000060 -24340.000000
v -969.999878 0.000060 -24110.000000
v -1030.000244 -0.000920 -24775.035156
v -1000.000000 -0.001020 -24775.035156
v -1030.000244 -0.000920 -24890.035156
v -1000.000000 -0.001020 -24890.035156
v -1030.000244 -0.000920 -24660.035156
v -1000.000000 -0.001020 -24660.035156
v -1000.000000 -0.001020 -24775.037109
v -969.999878 -0.001020 -24775.035156
v -969.999878 -0.001020 -24890.035156
v -969.999878 -0.001020 -24660.035156
v -1030.000244 0.000060 -26725.000000
v -1000.000000 0.000060 -26725.000000
v -1030.000244 0.000060 -26840.000000
v -1000.000000 0.000060 -26840.000000
v -1030.000244 0.000060 -26610.000000
v -1000.000000 0.000060 -26610.000000
v -969.999878 0.000060 -26725.000000
v -969.999878 0.000060 -26840.000000
v -969.999878 0.000060 -26610.000000
v -1030.000244 -0.000920 -27275.035156
v -1000.000000 -0.001020 -27275.035156
v -1030.000244 -0.000920 -27390.035156
v -1000.000000 -0.001020 -27390.035156
v -1030.000244 -0.000920 -27160.035156
v -1000.000000 -0.001020 -27160.035156
v -969.999878 -0.001020 -27275.035156
v -969.999878 -0.001020 -27390.035156
v -969.999878 -0.001020 -27160.035156
v -939.134766 5.500060 -24579.000000
v -939.134766 5.500060 -24641.000000
v -940.000427 4.000060 -24579.000000
v -940.000427 4.000060 -24641.000000
v -939.134766 5.500060 -24505.000000
v -939.134766 5.500060 -24567.000000
v -940.000427 4.000060 -24505.000000
v -940.000427 4.000060 -24567.000000
v -939.134766 5.500060 -24431.000000
v -939.134766 5.500060 -24493.000000
v -940.000427 4.000060 -24431.000000
v -940.000427 4.000060 -24493.000000
v -939.134766 5.500060 -24358.000000
v -939.134766 5.500060 -24419.000000
v -940.000427 4.000060 -24358.000000
v -940.000427 4.000060 -24419.000000
v -938.268555 4.000060 -24579.000000
v -938.268555 4.000060 -24641.000000
v -938.268555 4.000060 -24505.000000
v -938.268555 4.000060 -24567.000000
v -938.268555 4.000060 -24431.000000
v -938.268555 4.000060 -24493.000000
v -938.268555 4.000060 -24358.000000
v -938.268555 4.000060 -24419.000000
v -1061.732422 4.000060 -24641.000000
v -1061.732422 4.000060 -24579.000000
v -1060.866211 5.500060 -24641.000000
v -1060.866211 5.500060 -24579.000000
v -1061.732422 4.000060 -24567.000000
v -1061.732422 4.000060 -24505.000000
v -1060.866211 5.500060 -24567.000000
v -1060.866211 5.500060 -24505.000000
v -1061.732422 4.000060 -24493.000000
v -1061.732422 4.000060 -24431.000000
v -1060.866211 5.500060 -24493.000000
v -1060.866211 5.500060 -24431.000000
v -1061.732422 4.000060 -24419.000000
v -1061.732422 4.000060 -24358.000000
v -1060.866211 5.500060 -24419.000000
v -1060.866211 5.500060 -24358.000000
v -1060.000366 4.000060 -24641.000000
v -1060.000366 4.000060 -24579.000000
v -1060.000366 4.000060 -24567.000000
v -1060.000366 4.000060 -24505.000000
v -1060.000366 4.000060 -24493.000000
v -1060.000366 4.000060 -24431.000000
v -1060.000366 4.000060 -24419.000000
v -1060.000366 4.000060 -24358.000000
v -1061.732422 4.000060 -27141.000000
v -1061.732422 4.000060 -27079.000000
v -1060.866211 5.500060 -27141.000000
v -1060.866211 5.500060 -27079.000000
v -1061.732422 4.000060 -27067.000000
v -1061.732422 4.000060 -27005.000000
v -1060.866211 5.500060 -27067.000000
v -1060.866211 5.500060 -27005.000000
v -1061.732422 4.000060 -26993.000000
v -1061.732422 4.000060 -26931.000000
v -1060.866211 5.500060 -26993.000000
v -1060.866211 5.500060 -26931.000000
v -1061.732422 4.000060 -26919.000000
v -1061.732422 4.000060 -26858.000000
v -1060.866211 5.500060 -26919.000000
v -1060.866211 5.500060 -26858.000000
v -1060.000366 4.000060 -27141.000000
v -1060.000366 4.000060 -27079.000000
v -1060.000366 4.000060 -27067.000000
v -1060.000366 4.000060 -27005.000000
v -1060.000366 4.000060 -26993.000000
v -1060.000366 4.000060 -26931.000000
v -1060.000366 4.000060 -26919.000000
v -1060.000366 4.000060 -26858.000000
v -939.134766 5.500060 -27079.000000
v -939.134766 5.500060 -27141.000000
v -940.000427 4.000060 -27079.000000
v -940.000427 4.000060 -27141.000000
v -939.134766 5.500060 -27005.000000
v -939.134766 5.500060 -27067.000000
v -940.000427 4.000060 -27005.000000
v -940.000427 4.000060 -27067.000000
v -939.134766 5.500060 -26931.000000
v -939.134766 5.500060 -26993.000000
v -940.000427 4.000060 -26931.000000
v -940.000427 4.000060 -26993.000000
v -939.134766 5.500060 -26858.000000
v -939.134766 5.500060 -26919.000000
v -940.000427 4.000060 -26858.000000
v -940.000427 4.000060 -26919.000000
v -938.268555 4.000060 -27079.000000
v -938.268555 4.000060 -27141.000000
v -938.268555 4.000060 -27005.000000
v -938.268555 4.000060 -27067.000000
v -938.268555 4.000060 -26931.000000
v -938.268555 4.000060 -26993.000000
v -938.268555 4.000060 -26858.000000
v -938.268555 4.000060 -26919.000000
v -1059.999756 -30.001530 -23799.998047
v -1059.999756 -0.001080 -23799.998047
v -1059.999756 -30.001820 -23949.996094
v -1059.999756 -0.001230 -23949.998047
v -1059.999756 -30.000931 -24100.000000
v -1059.999756 -0.001540 -24099.998047
v -1059.999756 -0.001690 -23499.996094
v -1059.999756 -0.000780 -23650.000000
v -1059.999756 -30.000931 -23500.000000
v -1059.999756 -30.001390 -23649.998047
v -969.999939 -0.001690 -23499.996094
v -969.999939 -30.000931 -23500.000000
v -939.999939 -0.001690 -23499.996094
v -939.999939 -30.000931 -23500.000000
v -939.999939 -30.001530 -23799.998047
v -939.999939 -30.001820 -23949.996094
v -939.999939 -0.001080 -23799.998047
v -939.999939 -0.001230 -23949.998047
v -939.999939 -30.000931 -24100.000000
v -939.999939 -0.001540 -24099.998047
v -939.999939 -0.000780 -23650.000000
v -939.999939 -30.001390 -23649.998047
v -969.999939 -30.000931 -24100.000000
v -969.999939 -0.001540 -24099.998047
v -1061.731934 3.998470 -23795.132813
v -1061.731934 3.998470 -23733.132813
v -1060.865845 5.498470 -23795.132813
v -1060.865845 5.498470 -23733.132813
v -1061.731934 3.998470 -23722.132813
v -1061.731934 3.998470 -23660.132813
v -1060.865845 5.498470 -23722.132813
v -1060.865845 5.498470 -23660.132813
v -1061.731934 3.998470 -23567.132813
v -1061.731934 3.998470 -23505.132813
v -1060.865845 5.498470 -23567.132813
v -1060.865845 5.498470 -23505.132813
v -1061.731934 3.998570 -23640.132813
v -1061.731934 3.998570 -23578.132813
v -1060.865845 5.498570 -23640.132813
v -1060.865845 5.498570 -23578.132813
v -1059.999878 3.998470 -23795.132813
v -1059.999878 3.998470 -23733.132813
v -1059.999878 3.998470 -23722.132813
v -1059.999878 3.998470 -23660.132813
v -1059.999878 3.998470 -23567.132813
v -1059.999878 3.998470 -23505.132813
v -1059.999878 3.998570 -23640.132813
v -1059.999878 3.998570 -23578.132813
v -1061.731934 3.998470 -24094.500000
v -1061.731934 3.998470 -24034.000000
v -1060.865845 5.498470 -24094.500000
v -1060.865845 5.498470 -24034.000000
v -1061.731934 3.998470 -24023.000000
v -1061.731934 3.998470 -23961.000000
v -1060.865845 5.498470 -24023.000000
v -1060.865845 5.498470 -23961.000000
v -1061.731934 3.998470 -23868.000000
v -1061.731934 3.998470 -23806.000000
v -1060.865845 5.498470 -23868.000000
v -1060.865845 5.498470 -23806.000000
v -1061.731934 3.998570 -23941.000000
v -1061.731934 3.998570 -23879.000000
v -1060.865845 5.498570 -23941.000000
v -1060.865845 5.498570 -23879.000000
v -1059.999878 3.998470 -24094.500000
v -1059.999878 3.998470 -24034.000000
v -1059.999878 3.998470 -24023.000000
v -1059.999878 3.998470 -23961.000000
v -1059.999878 3.998470 -23868.000000
v -1059.999878 3.998470 -23806.000000
v -1059.999878 3.998570 -23941.000000
v -1059.999878 3.998570 -23879.000000
v -939.134033 5.498470 -24034.000000
v -939.134033 5.498470 -24094.500000
v -940.000061 3.998470 -24034.000000
v -940.000061 3.998470 -24094.500000
v -939.134033 5.498470 -23879.000000
v -939.134033 5.498470 -23941.000000
v -940.000061 3.998470 -23879.000000
v -940.000061 3.998470 -23941.000000
v -939.134033 5.498470 -23806.000000
v -939.134033 5.498470 -23868.000000
v -940.000061 3.998470 -23806.000000
v -940.000061 3.998470 -23868.000000
v -939.134033 5.498570 -23961.000000
v -939.134033 5.498570 -24023.000000
v -940.000061 3.998570 -23961.000000
v -940.000061 3.998570 -24023.000000
v -938.268066 3.998470 -24034.000000
v -938.268066 3.998470 -24094.500000
v -938.268066 3.998470 -23879.000000
v -938.268066 3.998470 -23941.000000
v -938.268066 3.998470 -23806.000000
v -938.268066 3.998470 -23868.000000
v -938.268066 3.998570 -23961.000000
v -938.268066 3.998570 -24023.000000
v -1060.000488 -30.001671 -24500.037109
v -1060.000488 -0.001210 -24500.037109
v -1060.000488 -30.001970 -24575.035156
v -1060.000488 -0.001360 -24575.037109
v -1060.000488 -30.001080 -24650.037109
v -1060.000488 -0.001670 -24650.037109
v -1060.000488 -0.001820 -24350.035156
v -1060.000488 -0.000920 -24425.037109
v -1060.000488 -30.001080 -24350.037109
v -1060.000488 -30.001369 -24425.037109
v -970.000671 -0.001820 -24350.035156
v -970.000671 -30.001080 -24350.037109
v -940.000671 -0.001820 -24350.035156
v -940.000671 -30.001080 -24350.037109
v -940.000671 -30.001671 -24500.037109
v -940.000671 -30.001970 -24575.035156
v -940.000671 -0.001210 -24500.037109
v -940.000671 -0.001360 -24575.037109
v -940.000671 -30.001080 -24650.037109
v -940.000671 -0.001670 -24650.037109
v -940.000671 -0.000920 -24425.037109
v -940.000671 -30.001369 -24425.037109
v -970.000671 -30.001080 -24650.037109
v -970.000671 -0.001670 -24650.037109
v -1060.000488 -30.002581 -25200.070313
v -1060.000488 -0.002280 -25200.072266
v -1060.000488 -30.003040 -25350.070313
v -1060.000488 -0.002430 -25350.070313
v -1060.000488 -30.002119 -25500.072266
v -1060.000488 -0.002730 -25500.070313
v -1060.000488 -0.002880 -24900.070313
v -1060.000488 -0.001980 -25050.072266
v -1060.000488 -30.002119 -24900.072266
v -1060.000488 -30.002439 -25050.070313
v -970.000671 -0.002880 -24900.070313
v -970.000671 -30.002119 -24900.072266
v -940.000671 -0.002880 -24900.070313
v -940.000671 -30.002119 -24900.072266
v -940.000671 -30.002581 -25200.070313
v -940.000671 -30.003040 -25350.070313
v -940.000671 -0.002280 -25200.072266
v -940.000671 -0.002430 -25350.070313
v -940.000671 -30.002119 -25500.072266
v -940.000671 -0.002730 -25500.070313
v -940.000671 -0.001980 -25050.072266
v -940.000671 -30.002439 -25050.070313
v -970.000671 -30.002119 -25500.072266
v -970.000671 -0.002730 -25500.070313
v -939.134033 5.498470 -23733.000000
v -939.134033 5.498470 -23795.000000
v -940.000061 3.998470 -23733.000000
v -940.000061 3.998470 -23795.000000
v -939.134033 5.498470 -23578.000000
v -939.134033 5.498470 -23640.000000
v -940.000061 3.998470 -23578.000000
v -940.000061 3.998470 -23640.000000
v -939.134033 5.498470 -23505.000000
v -939.134033 5.498470 -23567.000000
v -940.000061 3.998470 -23505.000000
v -940.000061 3.998470 -23567.000000
v -939.134033 5.498570 -23660.000000
v -939.134033 5.498570 -23722.000000
v -940.000061 3.998570 -23660.000000
v -940.000061 3.998570 -23722.000000
v -938.268066 3.998470 -23733.000000
v -938.268066 3.998470 -23795.000000
v -938.268066 3.998470 -23578.000000
v -938.268066 3.998470 -23640.000000
v -938.268066 3.998470 -23505.000000
v -938.268066 3.998470 -23567.000000
v -938.268066 3.998570 -23660.000000
v -938.268066 3.998570 -23722.000000
v -1060.000488 -30.001671 -27000.037109
v -1060.000488 -0.001210 -27000.037109
v -1060.000488 -30.001970 -27075.035156
v -1060.000488 -0.001360 -27075.037109
v -1060.000488 -30.001080 -27150.037109
v -1060.000488 -0.001670 -27150.035156
v -1060.000488 -0.001820 -26850.035156
v -1060.000488 -0.000920 -26925.037109
v -1060.000488 -30.001080 -26850.037109
v -1060.000488 -30.001369 -26925.037109
v -970.000671 -0.001820 -26850.035156
v -970.000671 -30.001080 -26850.037109
v -940.000671 -0.001820 -26850.035156
v -940.000671 -30.001080 -26850.037109
v -940.000671 -30.001671 -27000.037109
v -940.000671 -30.001970 -27075.035156
v -940.000671 -0.001210 -27000.037109
v -940.000671 -0.001360 -27075.037109
v -940.000671 -30.001080 -27150.037109
v -940.000671 -0.001670 -27150.035156
v -940.000671 -0.000920 -26925.037109
v -940.000671 -30.001369 -26925.037109
v -970.000671 -30.001080 -27150.037109
v -970.000671 -0.001670 -27150.035156
v -1061.731934 3.998470 -26295.132813
v -1061.731934 3.998470 -26233.132813
v -1060.865845 5.498470 -26295.132813
v -1060.865845 5.498470 -26233.132813
v -1061.731934 3.998470 -26222.132813
v -1061.731934 3.998470 -26160.132813
v -1060.865845 5.498470 -26222.132813
v -1060.865845 5.498470 -26160.132813
v -1061.731934 3.998470 -26067.132813
v -1061.731934 3.998470 -26005.132813
v -1060.865845 5.498470 -26067.132813
v -1060.865845 5.498470 -26005.132813
v -1061.731934 3.998570 -26140.132813
v -1061.731934 3.998570 -26078.132813
v -1060.865845 5.498570 -26140.132813
v -1060.865845 5.498570 -26078.132813
v -1059.999878 3.998470 -26295.132813
v -1059.999878 3.998470 -26233.132813
v -1059.999878 3.998470 -26222.132813
v -1059.999878 3.998470 -26160.132813
v -1059.999878 3.998470 -26067.132813
v -1059.999878 3.998470 -26005.132813
v -1059.999878 3.998570 -26140.132813
v -1059.999878 3.998570 -26078.132813
v -1061.731934 3.998470 -26594.500000
v -1061.731934 3.998470 -26534.000000
v -1060.865845 5.498470 -26594.500000
v -1060.865845 5.498470 -26534.000000
v -1061.731934 3.998470 -26523.000000
v -1061.731934 3.998470 -26461.000000
v -1060.865845 5.498470 -26523.000000
v -1060.865845 5.498470 -26461.000000
v -1061.731934 3.998470 -26368.000000
v -1061.731934 3.998470 -26306.000000
v -1060.865845 5.498470 -26368.000000
v -1060.865845 5.498470 -26306.000000
v -1061.731934 3.998570 -26441.000000
v -1061.731934 3.998570 -26379.000000
v -1060.865845 5.498570 -26441.000000
v -1060.865845 5.498570 -26379.000000
v -1059.999878 3.998470 -26594.500000
v -1059.999878 3.998470 -26534.000000
v -1059.999878 3.998470 -26523.000000
v -1059.999878 3.998470 -26461.000000
v -1059.999878 3.998470 -26368.000000
v -1059.999878 3.998470 -26306.000000
v -1059.999878 3.998570 -26441.000000
v -1059.999878 3.998570 -26379.000000
v -939.134033 5.498470 -26534.000000
v -939.134033 5.498470 -26594.500000
v -940.000061 3.998470 -26534.000000
v -940.000061 3.998470 -26594.500000
v -939.134033 5.498470 -26379.000000
v -939.134033 5.498470 -26441.000000
v -940.000061 3.998470 -26379.000000
v -940.000061 3.998470 -26441.000000
v -939.134033 5.498470 -26306.000000
v -939.134033 5.498470 -26368.000000
v -940.000061 3.998470 -26306.000000
v -940.000061 3.998470 -26368.000000
v -939.134033 5.498570 -26461.000000
v -939.134033 5.498570 -26523.000000
v -940.000061 3.998570 -26461.000000
v -940.000061 3.998570 -26523.000000
v -938.268066 3.998470 -26534.000000
v -938.268066 3.998470 -26594.500000
v -938.268066 3.998470 -26379.000000
v -938.268066 3.998470 -26441.000000
v -938.268066 3.998470 -26306.000000
v -938.268066 3.998470 -26368.000000
v -938.268066 3.998570 -26461.000000
v -938.268066 3.998570 -26523.000000
v -1059.999756 -30.001530 -26299.998047
v -1059.999756 -0.001080 -26300.000000
v -1059.999756 -30.001820 -26449.996094
v -1059.999756 -0.001230 -26449.998047
v -1059.999756 -30.000931 -26600.000000
v -1059.999756 -0.001540 -26599.998047
v -1059.999756 -0.001690 -25999.996094
v -1059.999756 -0.000780 -26150.000000
v -1059.999756 -30.000931 -26000.000000
v -1059.999756 -30.001390 -26149.998047
v -969.999939 -0.001690 -25999.996094
v -969.999878 -30.000931 -26000.000000
v -939.999939 -0.001690 -25999.996094
v -939.999939 -30.000931 -26000.000000
v -939.999939 -30.001530 -26299.998047
v -939.999939 -30.001820 -26449.996094
v -939.999939 -0.001080 -26300.000000
v -939.999939 -0.001230 -26449.998047
v -939.999939 -30.000931 -26600.000000
v -939.999939 -0.001540 -26599.998047
v -939.999939 -0.000780 -26150.000000
v -939.999939 -30.001390 -26149.998047
v -969.999878 -30.000931 -26600.000000
v -969.999939 -0.001540 -26599.998047
v -1060.000488 -30.002581 -27700.070313
v -1060.000488 -0.002280 -27700.072266
v -1060.000488 -30.003040 -27850.070313
v -1060.000488 -0.002430 -27850.070313
v -1060.000488 -30.002119 -28000.072266
v -1060.000488 -0.002730 -28000.070313
v -1060.000488 -0.002880 -27400.070313
v -1060.000488 -0.001980 -27550.072266
v -1060.000488 -30.002119 -27400.072266
v -1060.000488 -30.002439 -27550.070313
v -970.000671 -0.002880 -27400.070313
v -970.000671 -30.002119 -27400.072266
v -940.000671 -0.002880 -27400.070313
v -940.000671 -30.002119 -27400.072266
v -940.000671 -30.002581 -27700.070313
v -940.000671 -30.003040 -27850.070313
v -940.000671 -0.002280 -27700.072266
v -940.000671 -0.002430 -27850.070313
v -940.000671 -30.002119 -28000.072266
v -940.000671 -0.002730 -28000.070313
v -940.000671 -0.001980 -27550.072266
v -940.000671 -30.002439 -27550.070313
v -970.000671 -30.002119 -28000.072266
v -970.000671 -0.002730 -28000.070313
v -939.134033 5.498470 -26233.000000
v -939.134033 5.498470 -26295.000000
v -940.000061 3.998470 -26233.000000
v -940.000061 3.998470 -26295.000000
v -939.134033 5.498470 -26078.000000
v -939.134033 5.498470 -26140.000000
v -940.000061 3.998470 -26078.000000
v -940.000061 3.998470 -26140.000000
v -939.134033 5.498470 -26005.000000
v -939.134033 5.498470 -26067.000000
v -940.000061 3.998470 -26005.000000
v -940.000061 3.998470 -26067.000000
v -939.134033 5.498570 -26160.000000
v -939.134033 5.498570 -26222.000000
v -940.000061 3.998570 -26160.000000
v -940.000061 3.998570 -26222.000000
v -938.268066 3.998470 -26233.000000
v -938.268066 3.998470 -26295.000000
v -938.268066 3.998470 -26078.000000
v -938.268066 3.998470 -26140.000000
v -938.268066 3.998470 -26005.000000
v -938.268066 3.998470 -26067.000000
v -938.268066 3.998570 -26160.000000
v -938.268066 3.998570 -26222.000000
v -1030.000244 -6.999940 -24230.000000
v -969.999878 -7.000030 -24230.000000
v -1030.000244 -6.999940 -24220.000000
v -969.999878 -7.000030 -24220.000000
v -1030.000244 -2.999940 -24220.000000
v -969.999878 -3.000030 -24220.000000
v -1030.000244 -2.999940 -24230.000000
v -969.999878 -3.000030 -24230.000000
v -1030.000244 -7.001020 -24780.035156
v -969.999878 -7.001020 -24780.035156
v -1030.000244 -7.001020 -24770.035156
v -969.999878 -7.001020 -24770.035156
v -1030.000244 -3.001020 -24770.035156
v -969.999878 -3.001020 -24770.035156
v -1030.000244 -3.001020 -24780.035156
v -969.999878 -3.001020 -24780.035156
v -1030.000244 -6.999940 -26730.000000
v -969.999878 -7.000030 -26730.000000
v -1030.000244 -6.999940 -26720.000000
v -969.999878 -7.000030 -26720.000000
v -1030.000244 -2.999940 -26720.000000
v -969.999878 -3.000030 -26720.000000
v -1030.000244 -2.999940 -26730.000000
v -969.999878 -3.000030 -26730.000000
v -1030.000244 -7.001020 -27280.035156
v -969.999878 -7.001020 -27280.035156
v -1030.000244 -7.001020 -27270.035156
v -969.999878 -7.001020 -27270.035156
v -1030.000244 -3.001020 -27270.035156
v -969.999878 -3.001020 -27270.035156
v -1030.000244 -3.001020 -27280.035156
v -969.999878 -3.001020 -27280.035156
v -940.000427 -5.999940 -24646.000000
v -940.000427 -5.999940 -24641.000000
v -940.000427 6.000060 -24646.000000
v -940.000427 6.000060 -24641.000000
v -940.000427 -5.999940 -24579.000000
v -940.000427 -5.999940 -24574.000000
v -940.000427 6.000060 -24579.000000
v -940.000427 6.000060 -24574.000000
v -940.000427 -5.999940 -24572.000000
v -940.000427 -5.999940 -24567.000000
v -940.000427 6.000060 -24572.000000
v -940.000427 6.000060 -24567.000000
v -940.000427 -5.999940 -24505.000000
v -940.000427 -5.999940 -24500.000000
v -940.000427 6.000060 -24505.000000
v -940.000427 6.000060 -24500.000000
v -940.000427 -5.999940 -24498.000000
v -940.000427 -5.999940 -24493.000000
v -940.000427 6.000060 -24498.000000
v -940.000427 6.000060 -24493.000000
v -940.000427 -5.999940 -24431.000000
v -940.000427 -5.999940 -24426.000000
v -940.000427 6.000060 -24431.000000
v -940.000427 6.000060 -24426.000000
v -940.000427 -5.999940 -24424.000000
v -940.000427 -5.999940 -24419.000000
v -940.000427 6.000060 -24424.000000
v -940.000427 6.000060 -24419.000000
v -940.000427 -5.999940 -24358.000000
v -940.000427 -5.999940 -24353.000000
v -940.000427 6.000060 -24358.000000
v -940.000427 6.000060 -24353.000000
v -938.000061 -5.999940 -24641.000000
v -938.000061 -5.999940 -24646.000000
v -938.000061 6.000060 -24641.000000
v -938.000061 6.000060 -24646.000000
v -938.000061 -5.999940 -24574.000000
v -938.000061 -5.999940 -24579.000000
v -938.000061 6.000060 -24574.000000
v -938.000061 6.000060 -24579.000000
v -938.000061 -5.999940 -24567.000000
v -938.000061 -5.999940 -24572.000000
v -938.000061 6.000060 -24567.000000
v -938.000061 6.000060 -24572.000000
v -938.000061 -5.999940 -24500.000000
v -938.000061 -5.999940 -24505.000000
v -938.000061 6.000060 -24500.000000
v -938.000061 6.000060 -24505.000000
v -938.000061 -5.999940 -24493.000000
v -938.000061 -5.999940 -24498.000000
v -938.000061 6.000060 -24493.000000
v -938.000061 6.000060 -24498.000000
v -938.000061 -5.999940 -24426.000000
v -938.000061 -5.999940 -24431.000000
v -938.000061 6.000060 -24426.000000
v -938.000061 6.000060 -24431.000000
v -938.000061 -5.999940 -24419.000000
v -938.000061 -5.999940 -24424.000000
v -938.000061 6.000060 -24419.000000
v -938.000061 6.000060 -24424.000000
v -938.000061 -5.999940 -24353.000000
v -938.000061 -5.999940 -24358.000000
v -938.000061 6.000060 -24353.000000
v -938.000061 6.000060 -24358.000000
v -1062.000854 -5.999940 -24646.000000
v -1062.000854 -5.999940 -24641.000000
v -1062.000854 6.000060 -24646.000000
v -1062.000854 6.000060 -24641.000000
v -1062.000854 -5.999940 -24579.000000
v -1062.000854 -5.999940 -24574.000000
v -1062.000854 6.000060 -24579.000000
v -1062.000854 6.000060 -24574.000000
v -1062.000854 -5.999940 -24572.000000
v -1062.000854 -5.999940 -24567.000000
v -1062.000854 6.000060 -24572.000000
v -1062.000854 6.000060 -24567.000000
v -1062.000854 -5.999940 -24505.000000
v -1062.000854 -5.999940 -24500.000000
v -1062.000854 6.000060 -24505.000000
v -1062.000854 6.000060 -24500.000000
v -1062.000854 -5.999940 -24498.000000
v -1062.000854 -5.999940 -24493.000000
v -1062.000854 6.000060 -24498.000000
v -1062.000854 6.000060 -24493.000000
v -1062.000854 -5.999940 -24431.000000
v -1062.000854 -5.999940 -24426.000000
v -1062.000854 6.000060 -24431.000000
v -1062.000854 6.000060 -24426.000000
v -1062.000854 -5.999940 -24424.000000
v -1062.000854 -5.999940 -24419.000000
v -1062.000854 6.000060 -24424.000000
v -1062.000854 6.000060 -24419.000000
v -1062.000854 -5.999940 -24358.000000
v -1062.000854 -5.999940 -24353.000000
v -1062.000854 6.000060 -24358.000000
v -1062.000854 6.000060 -24353.000000
v -1060.000366 -5.999940 -24641.000000
v -1060.000366 -5.999940 -24646.000000
v -1060.000366 6.000060 -24641.000000
v -1060.000366 6.000060 -24646.000000
v -1060.000366 -5.999940 -24574.000000
v -1060.000366 -5.999940 -24579.000000
v -1060.000366 6.000060 -24574.000000
v -1060.000366 6.000060 -24579.000000
v -1060.000366 -5.999940 -24567.000000
v -1060.000366 -5.999940 -24572.000000
v -1060.000366 6.000060 -24567.000000
v -1060.000366 6.000060 -24572.000000
v -1060.000366 -5.999940 -24500.000000
v -1060.000366 -5.999940 -24505.000000
v -1060.000366 6.000060 -24500.000000
v -1060.000366 6.000060 -24505.000000
v -1060.000366 -5.999940 -24493.000000
v -1060.000366 -5.999940 -24498.000000
v -1060.000366 6.000060 -24493.000000
v -1060.000366 6.000060 -24498.000000
v -1060.000366 -5.999940 -24426.000000
v -1060.000366 -5.999940 -24431.000000
v -1060.000366 6.000060 -24426.000000
v -1060.000366 6.000060 -24431.000000
v -1060.000366 -5.999940 -24419.000000
v -1060.000366 -5.999940 -24424.000000
v -1060.000366 6.000060 -24419.000000
v -1060.000366 6.000060 -24424.000000
v -1060.000366 -5.999940 -24353.000000
v -1060.000366 -5.999940 -24358.000000
v -1060.000366 6.000060 -24353.000000
v -1060.000366 6.000060 -24358.000000
v -1062.000854 -5.999940 -27146.000000
v -1062.000854 -5.999940 -27141.000000
v -1062.000854 6.000060 -27146.000000
v -1062.000854 6.000060 -27141.000000
v -1062.000854 -5.999940 -27079.000000
v -1062.000854 -5.999940 -27074.000000
v -1062.000854 6.000060 -27079.000000
v -1062.000854 6.000060 -27074.000000
v -1062.000854 -5.999940 -27072.000000
v -1062.000854 -5.999940 -27067.000000
v -1062.000854 6.000060 -27072.000000
v -1062.000854 6.000060 -27067.000000
v -1062.000854 -5.999940 -27005.000000
v -1062.000854 -5.999940 -27000.000000
v -1062.000854 6.000060 -27005.000000
v -1062.000854 6.000060 -27000.000000
v -1062.000854 -5.999940 -26998.000000
v -1062.000854 -5.999940 -26993.000000
v -1062.000854 6.000060 -26998.000000
v -1062.000854 6.000060 -26993.000000
v -1062.000854 -5.999940 -26931.000000
v -1062.000854 -5.999940 -26926.000000
v -1062.000854 6.000060 -26931.000000
v -1062.000854 6.000060 -26926.000000
v -1062.000854 -5.999940 -26924.000000
v -1062.000854 -5.999940 -26919.000000
v -1062.000854 6.000060 -26924.000000
v -1062.000854 6.000060 -26919.000000
v -1062.000854 -5.999940 -26858.000000
v -1062.000854 -5.999940 -26853.000000
v -1062.000854 6.000060 -26858.000000
v -1062.000854 6.000060 -26853.000000
v -1060.000366 -5.999940 -27141.000000
v -1060.000366 -5.999940 -27146.000000
v -1060.000366 6.000060 -27141.000000
v -1060.000366 6.000060 -27146.000000
v -1060.000366 -5.999940 -27074.000000
v -1060.000366 -5.999940 -27079.000000
v -1060.000366 6.000060 -27074.000000
v -1060.000366 6.000060 -27079.000000
v -1060.000366 -5.999940 -27067.000000
v -1060.000366 -5.999940 -27072.000000
v -1060.000366 6.000060 -27067.000000
v -1060.000366 6.000060 -27072.000000
v -1060.000366 -5.999940 -27000.000000
v -1060.000366 -5.999940 -27005.000000
v -1060.000366 6.000060 -27000.000000
v -1060.000366 6.000060 -27005.000000
v -1060.000366 -5.999940 -26993.000000
v -1060.000366 -5.999940 -26998.000000
v -1060.000366 6.000060 -26993.000000
v -1060.000366 6.000060 -26998.000000
v -1060.000366 -5.999940 -26926.000000
v -1060.000366 -5.999940 -26931.000000
v -1060.000366 6.000060 -26926.000000
v -1060.000366 6.000060 -26931.000000
v -1060.000366 -5.999940 -26919.000000
v -1060.000366 -5.999940 -26924.000000
v -1060.000366 6.000060 -26919.000000
v -1060.000366 6.000060 -26924.000000
v -1060.000366 -5.999940 -26853.000000
v -1060.000366 -5.999940 -26858.000000
v -1060.000366 6.000060 -26853.000000
v -1060.000366 6.000060 -26858.000000
v -940.000427 -5.999940 -27146.000000
v -940.000427 -5.999940 -27141.000000
v -940.000427 6.000060 -27146.000000
v -940.000427 6.000060 -27141.000000
v -940.000427 -5.999940 -27079.000000
v -940.000427 -5.999940 -27074.000000
v -940.000427 6.000060 -27079.000000
v -940.000427 6.000060 -27074.000000
v -940.000427 -5.999940 -27072.000000
v -940.000427 -5.999940 -27067.000000
v -940.000427 6.000060 -27072.000000
v -940.000427 6.000060 -27067.000000
v -940.000427 -5.999940 -27005.000000
v -940.000427 -5.999940 -27000.000000
v -940.000427 6.000060 -27005.000000
v -940.000427 6.000060 -27000.000000
v -940.000427 -5.999940 -26998.000000
v -940.000427 -5.999940 -26993.000000
v -940.000427 6.000060 -26998.000000
v -940.000427 6.000060 -26993.000000
v -940.000427 -5.999940 -26931.000000
v -940.000427 -5.999940 -26926.000000
v -940.000427 6.000060 -26931.000000
v -940.000427 6.000060 -26926.000000
v -940.000427 -5.999940 -26924.000000
v -940.000427 -5.999940 -26919.000000
v -940.000427 6.000060 -26924.000000
v -940.000427 6.000060 -26919.000000
v -940.000427 -5.999940 -26858.000000
v -940.000427 -5.999940 -26853.000000
v -940.000427 6.000060 -26858.000000
v -940.000427 6.000060 -26853.000000
v -938.000061 -5.999940 -27141.000000
v -938.000061 -5.999940 -27146.000000
v -938.000061 6.000060 -27141.000000
v -938.000061 6.000060 -27146.000000
v -938.000061 -5.999940 -27074.000000
v -938.000061 -5.999940 -27079.000000
v -938.000061 6.000060 -27074.000000
v -938.000061 6.000060 -27079.000000
v -938.000061 -5.999940 -27067.000000
v -938.000061 -5.999940 -27072.000000
v -938.000061 6.000060 -27067.000000
v -938.000061 6.000060 -27072.000000
v -938.000061 -5.999940 -27000.000000
v -938.000061 -5.999940 -27005.000000
v -938.000061 6.000060 -27000.000000
v -938.000061 6.000060 -27005.000000
v -938.000061 -5.999940 -26993.000000
v -938.000061 -5.999940 -26998.000000
v -938.000061 6.000060 -26993.000000
v -938.000061 6.000060 -26998.000000
v -938.000061 -5.999940 -26926.000000
v -938.000061 -5.999940 -26931.000000
v -938.000061 6.000060 -26926.000000
v -938.000061 6.000060 -26931.000000
v -938.000061 -5.999940 -26919.000000
v -938.000061 -5.999940 -26924.000000
v -938.000061 6.000060 -26919.000000
v -938.000061 6.000060 -26924.000000
v -938.000061 -5.999940 -26853.000000
v -938.000061 -5.999940 -26858.000000
v -938.000061 6.000060 -26853.000000
v -938.000061 6.000060 -26858.000000
v -1089.999390 -9.999830 -24350.000000
v -1089.999390 -9.999830 -24287.500000
v -1089.999390 0.000170 -24350.000000
v -1089.999390 0.000170 -24287.500000
v -1089.999390 -9.999830 -24225.000000
v -1089.999390 0.000170 -24225.000000
v -1089.999390 -9.999830 -24162.500000
v -1089.999390 0.000170 -24162.500000
v -1089.999390 -9.999830 -24100.000000
v -1089.999390 0.000170 -24100.000000
v -1059.999756 0.000170 -24350.000000
v -1059.999756 -9.999830 -24350.000000
v -1059.999756 -9.999830 -24100.000000
v -1059.999756 0.000170 -24100.000000
v -910.000977 -10.000030 -24350.037109
v -940.000793 -10.000030 -24350.037109
v -910.000977 -0.000030 -24350.037109
v -940.000793 -0.000030 -24350.037109
v -910.000977 -0.000030 -24100.037109
v -940.000793 -0.000030 -24100.037109
v -910.000977 -10.000030 -24100.037109
v -940.000793 -10.000030 -24100.037109
v -910.000977 -10.000030 -24287.537109
v -910.000977 -0.000030 -24287.537109
v -910.000977 -10.000030 -24225.037109
v -910.000977 -0.000030 -24225.037109
v -910.000977 -10.000030 -24162.537109
v -910.000977 -0.000030 -24162.537109
v -1089.999390 -10.000820 -24900.037109
v -1089.999390 -10.000820 -24837.535156
v -1089.999390 -0.000820 -24900.035156
v -1089.999390 -0.000820 -24837.535156
v -1089.999390 -10.000820 -24775.035156
v -1089.999390 -0.000820 -24775.035156
v -1089.999390 -10.000820 -24712.535156
v -1089.999390 -0.000820 -24712.535156
v -1089.999390 -10.000820 -24650.037109
v -1089.999390 -0.000820 -24650.035156
v -1059.999756 -0.000820 -24900.035156
v -1059.999756 -10.000820 -24900.037109
v -1059.999756 -10.000820 -24650.037109
v -1059.999756 -0.000820 -24650.035156
v -910.000977 -10.001130 -24900.072266
v -940.000793 -10.001130 -24900.072266
v -910.000977 -0.001130 -24900.074219
v -940.000793 -0.001130 -24900.074219
v -910.000916 -0.001130 -24650.074219
v -940.000793 -0.001130 -24650.074219
v -910.000916 -10.001130 -24650.072266
v -940.000793 -10.001130 -24650.072266
v -910.000977 -10.001130 -24837.574219
v -910.000977 -0.001130 -24837.574219
v -910.000977 -10.001130 -24775.074219
v -910.000977 -0.001130 -24775.074219
v -910.000977 -10.001130 -24712.574219
v -910.000977 -0.001130 -24712.574219
v -1089.999390 -9.999830 -26850.000000
v -1089.999390 -9.999830 -26787.500000
v -1089.999390 0.000170 -26850.000000
v -1089.999390 0.000170 -26787.500000
v -1089.999390 -9.999830 -26725.000000
v -1089.999390 0.000170 -26725.000000
v -1089.999390 -9.999830 -26662.500000
v -1089.999390 0.000170 -26662.500000
v -1089.999390 -9.999830 -26600.000000
v -1089.999390 0.000170 -26600.000000
v -1059.999756 0.000170 -26850.000000
v -1059.999756 -9.999830 -26850.000000
v -1059.999756 -9.999830 -26600.000000
v -1059.999756 0.000170 -26600.000000
v -910.000977 -10.000030 -26850.039063
v -940.000793 -10.000030 -26850.039063
v -910.000977 -0.000030 -26850.039063
v -940.000793 -0.000030 -26850.039063
v -910.000977 -0.000030 -26600.039063
v -940.000793 -0.000030 -26600.039063
v -910.000977 -10.000030 -26600.039063
v -940.000793 -10.000030 -26600.039063
v -910.000977 -10.000030 -26787.539063
v -910.000977 -0.000030 -26787.539063
v -910.000977 -10.000030 -26725.039063
v -910.000977 -0.000030 -26725.039063
v -910.000977 -10.000030 -26662.539063
v -910.000977 -0.000030 -26662.539063
v -1089.999390 -10.000820 -27400.035156
v -1089.999390 -10.000820 -27337.535156
v -1089.999390 -0.000820 -27400.035156
v -1089.999390 -0.000820 -27337.535156
v -1089.999390 -10.000820 -27275.035156
v -1089.999390 -0.000820 -27275.035156
v -1089.999390 -10.000820 -27212.535156
v -1089.999390 -0.000820 -27212.535156
v -1089.999390 -10.000820 -27150.035156
v -1089.999390 -0.000820 -27150.035156
v -1059.999756 -0.000820 -27400.035156
v -1059.999756 -10.000820 -27400.035156
v -1059.999756 -10.000820 -27150.035156
v -1059.999756 -0.000820 -27150.035156
v -910.000977 -10.001130 -27400.074219
v -940.000793 -10.001130 -27400.074219
v -910.000977 -0.001130 -27400.074219
v -940.000793 -0.001130 -27400.074219
v -910.000977 -0.001130 -27150.074219
v -940.000793 -0.001130 -27150.074219
v -910.000977 -10.001130 -27150.074219
v -940.000793 -10.001130 -27150.074219
v -910.000977 -10.001130 -27337.574219
v -910.000977 -0.001130 -27337.574219
v -910.000977 -10.001130 -27275.074219
v -910.000977 -0.001130 -27275.074219
v -910.000977 -10.001130 -27212.574219
v -910.000977 -0.001130 -27212.574219
v -1030.000244 0.000170 -24287.500000
v -1030.000244 -9.999830 -24287.500000
v -1030.000244 0.000170 -24350.000000
v -1030.000244 -9.999830 -24350.000000
v -1030.000244 0.000170 -24225.000000
v -1030.000244 -9.999830 -24225.000000
v -1030.000244 0.000170 -24162.500000
v -1030.000244 -9.999830 -24162.500000
v -1030.000244 -9.999830 -24100.000000
v -1030.000244 0.000170 -24100.000000
v -1030.000122 -9.999940 -24340.037109
v -970.000244 -10.000030 -24340.037109
v -1030.000122 0.000060 -24340.037109
v -970.000244 -0.000030 -24340.037109
v -1030.000122 0.000060 -24110.000000
v -969.999756 0.000060 -24110.000000
v -1030.000122 -9.999940 -24110.000000
v -969.999756 -9.999940 -24110.000000
v -970.000183 -10.000030 -24350.037109
v -970.000183 -10.000030 -24287.537109
v -970.000183 -0.000030 -24350.037109
v -970.000183 -0.000030 -24287.537109
v -970.000183 -0.000030 -24225.037109
v -970.000183 -10.000030 -24225.037109
v -970.000183 -0.000030 -24162.537109
v -970.000183 -10.000030 -24162.537109
v -970.000183 -0.000030 -24100.037109
v -970.000183 -10.000030 -24100.037109
v -1030.000244 -0.000820 -24837.535156
v -1030.000244 -10.000820 -24837.535156
v -1030.000244 -0.000820 -24900.035156
v -1030.000244 -10.000820 -24900.035156
v -1030.000244 -0.000820 -24775.035156
v -1030.000244 -10.000820 -24775.035156
v -1030.000244 -0.000820 -24712.535156
v -1030.000244 -10.000820 -24712.535156
v -1030.000244 -10.000820 -24650.035156
v -1030.000244 -0.000820 -24650.035156
v -970.000183 -10.001130 -24900.074219
v -970.000183 -10.001130 -24837.574219
v -970.000183 -0.001130 -24900.074219
v -970.000183 -0.001130 -24837.574219
v -970.000183 -0.001130 -24775.074219
v -970.000183 -10.001130 -24775.074219
v -970.000183 -0.001130 -24712.574219
v -970.000183 -10.001130 -24712.574219
v -970.000183 -0.001130 -24650.074219
v -970.000183 -10.001130 -24650.074219
v -1030.000122 -0.000920 -24660.035156
v -969.999756 -0.001020 -24660.035156
v -1030.000122 -10.000920 -24660.035156
v -969.999756 -10.001020 -24660.035156
v -1030.000122 -10.001040 -24890.074219
v -970.000244 -10.001040 -24890.074219
v -1030.000122 -0.001040 -24890.074219
v -970.000244 -0.001040 -24890.074219
v -1030.000244 0.000170 -26787.500000
v -1030.000244 -9.999830 -26787.500000
v -1030.000244 0.000170 -26850.000000
v -1030.000244 -9.999830 -26850.000000
v -1030.000244 0.000170 -26725.000000
v -1030.000244 -9.999830 -26725.000000
v -1030.000244 0.000170 -26662.500000
v -1030.000244 -9.999830 -26662.500000
v -1030.000244 -9.999830 -26600.000000
v -1030.000244 0.000170 -26600.000000
v -970.000183 -10.000030 -26850.039063
v -970.000183 -10.000030 -26787.539063
v -970.000183 -0.000030 -26850.039063
v -970.000183 -0.000030 -26787.539063
v -970.000183 -0.000030 -26725.039063
v -970.000183 -10.000030 -26725.039063
v -970.000183 -0.000030 -26662.539063
v -970.000183 -10.000030 -26662.539063
v -970.000183 -0.000030 -26600.039063
v -970.000183 -10.000030 -26600.039063
v -1030.000122 0.000060 -26610.000000
v -969.999756 0.000060 -26610.000000
v -1030.000122 -9.999940 -26610.000000
v -969.999756 -9.999940 -26610.000000
v -1030.000122 -9.999940 -26840.039063
v -970.000244 -10.000030 -26840.039063
v -1030.000122 0.000060 -26840.039063
v -970.000244 -0.000030 -26840.039063
v -1030.000244 -0.000820 -27337.535156
v -1030.000244 -10.000820 -27337.535156
v -1030.000244 -0.000820 -27400.035156
v -1030.000244 -10.000820 -27400.035156
v -1030.000244 -0.000820 -27275.035156
v -1030.000244 -10.000820 -27275.035156
v -1030.000244 -0.000820 -27212.535156
v -1030.000244 -10.000820 -27212.535156
v -1030.000244 -10.000820 -27150.035156
v -1030.000244 -0.000820 -27150.035156
v -970.000183 -10.001130 -27400.074219
v -970.000183 -10.001130 -27337.574219
v -970.000183 -0.001130 -27400.074219
v -970.000183 -0.001130 -27337.574219
v -970.000183 -0.001130 -27275.074219
v -970.000183 -10.001130 -27275.074219
v -970.000183 -0.001130 -27212.574219
v -970.000183 -10.001130 -27212.574219
v -970.000183 -0.001130 -27150.074219
v -970.000183 -10.001130 -27150.074219
v -1030.000122 -0.000920 -27160.035156
v -969.999756 -0.001020 -27160.035156
v -1030.000122 -10.000920 -27160.035156
v -969.999756 -10.001020 -27160.035156
v -1030.000122 -10.001040 -27390.074219
v -970.000244 -10.001040 -27390.074219
v -1030.000122 -0.001040 -27390.074219
v -970.000244 -0.001040 -27390.074219
v -939.995972 -83.406036 -23785.535156
v -919.995911 -83.406036 -23785.537109
v -939.995972 -133.406021 -23785.535156
v -919.995911 -113.406029 -23785.537109
v -939.995972 -83.406036 -23740.505859
v -939.995972 -133.406021 -23740.505859
v -919.995911 -83.406036 -23740.505859
v -919.995911 -113.406029 -23740.505859
v -939.995972 -83.406036 -26285.535156
v -919.995911 -83.406036 -26285.537109
v -939.995972 -133.406021 -26285.535156
v -919.995911 -113.406029 -26285.537109
v -939.995972 -83.406036 -26240.505859
v -939.995972 -133.406021 -26240.505859
v -919.995911 -83.406036 -26240.505859
v -919.995911 -113.406029 -26240.505859
v -1030.000122 -9.999940 -24350.037109
v -1030.000122 -9.999940 -24100.000000
v -969.999756 -9.999940 -24100.000000
v -1059.999756 -10.000820 -24837.535156
v -1059.999756 -10.000820 -24775.035156
v -1059.999756 -10.000820 -24712.535156
v -940.000793 -10.001130 -24837.574219
v -940.000793 -10.001130 -24775.074219
v -940.000793 -10.001130 -24712.574219
v -1030.000122 -10.000920 -24650.035156
v -969.999756 -10.001020 -24650.035156
v -1030.000122 -10.001040 -24900.072266
v -970.000244 -10.001040 -24900.072266
v -1030.000122 -9.999940 -26600.000000
v -969.999756 -9.999940 -26600.000000
v -1030.000122 -9.999940 -26850.037109
v -970.000244 -10.000030 -26850.037109
v -1030.000122 -10.000920 -27150.035156
v -969.999756 -10.001020 -27150.035156
v -1030.000122 -10.001040 -27400.072266
v -970.000244 -10.001040 -27400.072266
v -969.999939 -141.001984 -24099.996094
v -969.999939 -30.001820 -23949.996094
v -969.999939 -141.001678 -23949.998047
v -969.999939 -141.001221 -23799.998047
v -969.999939 -30.001530 -23799.998047
v -969.999939 -30.001390 -23649.998047
v -969.999939 -141.001099 -23649.998047
v -969.999939 -141.000763 -23500.000000
v -939.999939 -141.000763 -23500.000000
v -939.999939 -141.001678 -23949.998047
v -939.999939 -141.001984 -24099.996094
v -939.999939 -141.001221 -23799.998047
v -939.999939 -141.001099 -23649.998047
v -970.000671 -141.001373 -24500.037109
v -970.000671 -30.001671 -24500.037109
v -970.000671 -141.001678 -24575.037109
v -970.000671 -30.001970 -24575.035156
v -970.000671 -141.001968 -24650.035156
v -970.000671 -30.001369 -24425.037109
v -970.000671 -141.001221 -24425.037109
v -970.000671 -141.000916 -24350.037109
v -940.000671 -141.000916 -24350.037109
v -940.000671 -141.001678 -24575.037109
v -940.000671 -141.001968 -24650.035156
v -940.000671 -141.001373 -24500.037109
v -940.000671 -141.001221 -24425.037109
v -970.000671 -141.003036 -25500.070313
v -970.000671 -30.003040 -25350.070313
v -970.000671 -141.002747 -25350.070313
v -970.000671 -141.002441 -25200.070313
v -970.000671 -30.002581 -25200.070313
v -970.000671 -30.002439 -25050.070313
v -970.000671 -141.002289 -25050.072266
v -970.000671 -141.001984 -24900.072266
v -940.000671 -141.001984 -24900.072266
v -940.000671 -141.002747 -25350.070313
v -940.000671 -141.003036 -25500.070313
v -940.000671 -141.002441 -25200.070313
v -940.000671 -141.002289 -25050.072266
v -970.000671 -141.001373 -27000.037109
v -970.000671 -30.001671 -27000.037109
v -970.000671 -141.001678 -27075.035156
v -970.000671 -30.001970 -27075.035156
v -970.000671 -141.001968 -27150.035156
v -970.000671 -30.001369 -26925.037109
v -970.000671 -141.001221 -26925.037109
v -970.000671 -141.000916 -26850.037109
v -940.000671 -141.000916 -26850.037109
v -940.000671 -141.001678 -27075.035156
v -940.000671 -141.001968 -27150.035156
v -940.000671 -141.001373 -27000.037109
v -940.000671 -141.001221 -26925.037109
v -969.999939 -141.001984 -26599.994141
v -969.999939 -30.001820 -26449.996094
v -969.999939 -141.001678 -26449.998047
v -969.999939 -141.001221 -26299.998047
v -969.999939 -30.001530 -26299.998047
v -969.999939 -30.001390 -26149.998047
v -969.999939 -141.001099 -26150.000000
v -969.999939 -141.000763 -26000.000000
v -939.999939 -141.000763 -26000.000000
v -939.999939 -141.001678 -26449.998047
v -939.999939 -141.001984 -26599.994141
v -939.999939 -141.001221 -26299.998047
v -939.999939 -141.001099 -26150.000000
v -970.000671 -141.003036 -28000.070313
v -970.000671 -30.003040 -27850.070313
v -970.000671 -141.002747 -27850.070313
v -970.000671 -141.002441 -27700.070313
v -970.000671 -30.002581 -27700.070313
v -970.000671 -30.002439 -27550.070313
v -970.000671 -141.002289 -27550.072266
v -970.000671 -141.001984 -27400.072266
v -940.000671 -141.001984 -27400.072266
v -940.000671 -141.002747 -27850.070313
v -940.000671 -141.003036 -28000.070313
v -940.000671 -141.002441 -27700.070313
v -940.000671 -141.002289 -27550.072266
v -709.327698 -173.563034 -23730.582031
v -749.223999 -173.563034 -23730.582031
v -719.301697 -229.902817 -23747.857422
v -739.249878 -229.902817 -23747.857422
v -709.327698 -173.563034 -23799.683594
v -689.379517 -173.563034 -23765.132813
v -719.301697 -229.902817 -23782.408203
v -709.327698 -229.902817 -23765.132813
v -729.275818 -251.448227 -23765.132813
v -769.172119 -173.563034 -23765.132813
v -749.223999 -173.563034 -23799.683594
v -749.223999 -229.902817 -23765.132813
v -739.250000 -229.902817 -23782.408203
v -709.327698 -173.563034 -26230.580078
v -749.223999 -173.563034 -26230.580078
v -719.301758 -229.902817 -26247.857422
v -739.249878 -229.902817 -26247.857422
v -709.327698 -173.563034 -26299.683594
v -689.379517 -173.563034 -26265.132813
v -719.301697 -229.902817 -26282.408203
v -709.327698 -229.902817 -26265.132813
v -729.275818 -251.448227 -26265.130859
v -769.172119 -173.563034 -26265.132813
v -749.223999 -173.563034 -26299.683594
v -749.223999 -229.902817 -26265.132813
v -739.250000 -229.902817 -26282.408203
v -1064.999756 -27.001530 -23646.132813
v -1077.999756 -47.001530 -23646.132813
v -1059.999756 -34.586430 -23646.132813
v -1068.048950 -54.001530 -23646.132813
v -1064.999756 -27.001530 -23654.132813
v -1059.999756 -34.586430 -23654.132813
v -1077.999756 -47.001530 -23654.132813
v -1068.048950 -54.001530 -23654.132813
v -1059.999756 9.998470 -23654.132813
v -1064.999756 9.998470 -23654.132813
v -1059.999756 9.998470 -23646.132813
v -1064.999756 9.998470 -23646.132813
v -1064.999756 -27.001530 -23947.000000
v -1077.999756 -47.001530 -23947.000000
v -1059.999756 -34.586430 -23947.000000
v -1068.048950 -54.001530 -23947.000000
v -1064.999756 -27.001530 -23955.000000
v -1059.999756 -34.586430 -23955.000000
v -1077.999756 -47.001530 -23955.000000
v -1068.048950 -54.001530 -23955.000000
v -1059.999756 9.998470 -23955.000000
v -1064.999756 9.998470 -23955.000000
v -1059.999756 9.998470 -23947.000000
v -1064.999756 9.998470 -23947.000000
v -940.000122 -34.586430 -23955.000000
v -940.000183 9.998470 -23955.000000
v -935.000122 -27.001530 -23955.000000
v -935.000183 9.998470 -23955.000000
v -940.000122 -34.586430 -23947.000000
v -935.000122 -27.001530 -23947.000000
v -940.000183 9.998470 -23947.000000
v -935.000183 9.998470 -23947.000000
v -922.000183 -47.001530 -23947.000000
v -931.950989 -54.001530 -23947.000000
v -922.000183 -47.001530 -23955.000000
v -931.950989 -54.001530 -23955.000000
v -940.000122 -34.586430 -23654.000000
v -940.000183 9.998470 -23654.000000
v -935.000122 -27.001530 -23654.000000
v -935.000183 9.998470 -23654.000000
v -940.000122 -34.586430 -23646.000000
v -935.000122 -27.001530 -23646.000000
v -940.000183 9.998470 -23646.000000
v -935.000183 9.998470 -23646.000000
v -922.000183 -47.001530 -23646.000000
v -931.950989 -54.001530 -23646.000000
v -922.000183 -47.001530 -23654.000000
v -931.950989 -54.001530 -23654.000000
v -1064.999756 -27.001530 -26146.132813
v -1077.999756 -47.001530 -26146.132813
v -1059.999756 -34.586430 -26146.132813
v -1068.048950 -54.001530 -26146.132813
v -1064.999756 -27.001530 -26154.132813
v -1059.999756 -34.586430 -26154.132813
v -1077.999756 -47.001530 -26154.132813
v -1068.048950 -54.001530 -26154.132813
v -1059.999756 9.998470 -26154.132813
v -1064.999756 9.998470 -26154.132813
v -1059.999756 9.998470 -26146.132813
v -1064.999756 9.998470 -26146.132813
v -1064.999756 -27.001530 -26447.000000
v -1077.999756 -47.001530 -26447.000000
v -1059.999756 -34.586430 -26447.000000
v -1068.048950 -54.001530 -26447.000000
v -1064.999756 -27.001530 -26455.000000
v -1059.999756 -34.586430 -26455.000000
v -1077.999756 -47.001530 -26455.000000
v -1068.048950 -54.001530 -26455.000000
v -1059.999756 9.998470 -26455.000000
v -1064.999756 9.998470 -26455.000000
v -1059.999756 9.998470 -26447.000000
v -1064.999756 9.998470 -26447.000000
v -940.000122 -34.586430 -26455.000000
v -940.000183 9.998470 -26455.000000
v -935.000122 -27.001530 -26455.000000
v -935.000183 9.998470 -26455.000000
v -940.000122 -34.586430 -26447.000000
v -935.000122 -27.001530 -26447.000000
v -940.000183 9.998470 -26447.000000
v -935.000183 9.998470 -26447.000000
v -922.000183 -47.001530 -26447.000000
v -931.950989 -54.001530 -26447.000000
v -922.000183 -47.001530 -26455.000000
v -931.950989 -54.001530 -26455.000000
v -940.000122 -34.586430 -26154.000000
v -940.000183 9.998470 -26154.000000
v -935.000122 -27.001530 -26154.000000
v -935.000183 9.998470 -26154.000000
v -940.000122 -34.586430 -26146.000000
v -935.000122 -27.001530 -26146.000000
v -940.000183 9.998470 -26146.000000
v -935.000183 9.998470 -26146.000000
v -922.000183 -47.001530 -26146.000000
v -931.950989 -54.001530 -26146.000000
v -922.000183 -47.001530 -26154.000000
v -931.950989 -54.001530 -26154.000000
v -1062.000366 -6.001630 -23733.132813
v -1062.000366 -6.001630 -23728.132813
v -1062.000366 5.998370 -23733.132813
v -1062.000366 5.998370 -23728.132813
v -1062.000366 -6.001630 -23660.132813
v -1062.000366 -6.001630 -23655.132813
v -1062.000366 5.998370 -23660.132813
v -1062.000366 5.998370 -23655.132813
v -1062.000366 -6.001630 -23505.132813
v -1062.000366 -6.001630 -23500.132813
v -1062.000366 5.998370 -23505.132813
v -1062.000366 5.998370 -23500.132813
v -1062.000366 -6.001530 -23578.132813
v -1062.000366 -6.001530 -23573.132813
v -1062.000366 5.998470 -23578.132813
v -1062.000366 5.998470 -23573.132813
v -1062.000244 -6.001630 -23800.132813
v -1062.000244 -6.001630 -23795.132813
v -1062.000244 5.998370 -23800.132813
v -1062.000244 5.998370 -23795.132813
v -1062.000244 -6.001630 -23727.132813
v -1062.000244 -6.001630 -23722.132813
v -1062.000244 5.998370 -23727.132813
v -1062.000244 5.998370 -23722.132813
v -1062.000244 -6.001630 -23572.132813
v -1062.000244 -6.001630 -23567.132813
v -1062.000244 5.998370 -23572.132813
v -1062.000244 5.998370 -23567.132813
v -1062.000244 -6.001530 -23645.132813
v -1062.000244 -6.001530 -23640.132813
v -1062.000244 5.998470 -23645.132813
v -1062.000244 5.998470 -23640.132813
v -1059.999878 -6.001630 -23795.132813
v -1059.999878 -6.001630 -23800.132813
v -1059.999878 5.998370 -23795.132813
v -1059.999878 5.998370 -23800.132813
v -1059.999878 -6.001630 -23728.132813
v -1059.999878 -6.001630 -23733.132813
v -1059.999878 5.998370 -23728.132813
v -1059.999878 5.998370 -23733.132813
v -1059.999878 -6.001630 -23722.132813
v -1059.999878 -6.001630 -23727.132813
v -1059.999878 5.998370 -23722.132813
v -1059.999878 5.998370 -23727.132813
v -1059.999878 -6.001630 -23655.132813
v -1059.999878 -6.001630 -23660.132813
v -1059.999878 5.998370 -23655.132813
v -1059.999878 5.998370 -23660.132813
v -1059.999878 -6.001630 -23567.132813
v -1059.999878 -6.001630 -23572.132813
v -1059.999878 5.998370 -23567.132813
v -1059.999878 5.998370 -23572.132813
v -1059.999878 -6.001630 -23500.132813
v -1059.999878 -6.001630 -23505.132813
v -1059.999878 5.998370 -23500.132813
v -1059.999878 5.998370 -23505.132813
v -1059.999878 -6.001530 -23640.132813
v -1059.999878 -6.001530 -23645.132813
v -1059.999878 5.998470 -23640.132813
v -1059.999878 5.998470 -23645.132813
v -1059.999878 -6.001530 -23573.132813
v -1059.999878 -6.001530 -23578.132813
v -1059.999878 5.998470 -23573.132813
v -1059.999878 5.998470 -23578.132813
v -1062.000366 -6.001630 -24034.000000
v -1062.000366 -6.001630 -24029.000000
v -1062.000366 5.998370 -24034.000000
v -1062.000366 5.998370 -24029.000000
v -1062.000366 -6.001630 -23961.000000
v -1062.000366 -6.001630 -23956.000000
v -1062.000366 5.998370 -23961.000000
v -1062.000366 5.998370 -23956.000000
v -1062.000366 -6.001630 -23806.000000
v -1062.000366 -6.001630 -23801.000000
v -1062.000366 5.998370 -23806.000000
v -1062.000366 5.998370 -23801.000000
v -1062.000366 -6.001530 -23879.000000
v -1062.000366 -6.001530 -23874.000000
v -1062.000366 5.998470 -23879.000000
v -1062.000366 5.998470 -23874.000000
v -1062.000244 -6.001630 -24099.500000
v -1062.000244 -6.001630 -24094.500000
v -1062.000244 5.998370 -24099.500000
v -1062.000244 5.998370 -24094.500000
v -1062.000244 -6.001630 -24028.000000
v -1062.000244 -6.001630 -24023.000000
v -1062.000244 5.998370 -24028.000000
v -1062.000244 5.998370 -24023.000000
v -1062.000244 -6.001630 -23873.000000
v -1062.000244 -6.001630 -23868.000000
v -1062.000244 5.998370 -23873.000000
v -1062.000244 5.998370 -23868.000000
v -1062.000244 -6.001530 -23946.000000
v -1062.000244 -6.001530 -23941.000000
v -1062.000244 5.998470 -23946.000000
v -1062.000244 5.998470 -23941.000000
v -1059.999878 -6.001630 -24094.500000
v -1059.999878 -6.001630 -24099.500000
v -1059.999878 5.998370 -24094.500000
v -1059.999878 5.998370 -24099.500000
v -1059.999878 -6.001630 -24029.000000
v -1059.999878 -6.001630 -24034.000000
v -1059.999878 5.998370 -24029.000000
v -1059.999878 5.998370 -24034.000000
v -1059.999878 -6.001630 -24023.000000
v -1059.999878 -6.001630 -24028.000000
v -1059.999878 5.998370 -24023.000000
v -1059.999878 5.998370 -24028.000000
v -1059.999878 -6.001630 -23956.000000
v -1059.999878 -6.001630 -23961.000000
v -1059.999878 5.998370 -23956.000000
v -1059.999878 5.998370 -23961.000000
v -1059.999878 -6.001630 -23868.000000
v -1059.999878 -6.001630 -23873.000000
v -1059.999878 5.998370 -23868.000000
v -1059.999878 5.998370 -23873.000000
v -1059.999878 -6.001630 -23801.000000
v -1059.999878 -6.001630 -23806.000000
v -1059.999878 5.998370 -23801.000000
v -1059.999878 5.998370 -23806.000000
v -1059.999878 -6.001530 -23941.000000
v -1059.999878 -6.001530 -23946.000000
v -1059.999878 5.998470 -23941.000000
v -1059.999878 5.998470 -23946.000000
v -1059.999878 -6.001530 -23874.000000
v -1059.999878 -6.001530 -23879.000000
v -1059.999878 5.998470 -23874.000000
v -1059.999878 5.998470 -23879.000000
v -940.000061 -6.001630 -24099.500000
v -940.000061 -6.001630 -24094.500000
v -940.000061 5.998370 -24099.500000
v -940.000061 5.998370 -24094.500000
v -940.000061 -6.001630 -24034.000000
v -940.000061 -6.001630 -24029.000000
v -940.000061 5.998370 -24034.000000
v -940.000061 5.998370 -24029.000000
v -940.000061 -6.001630 -23946.000000
v -940.000061 -6.001630 -23941.000000
v -940.000061 5.998370 -23946.000000
v -940.000061 5.998370 -23941.000000
v -940.000061 -6.001630 -23879.000000
v -940.000061 -6.001630 -23874.000000
v -940.000061 5.998370 -23879.000000
v -940.000061 5.998370 -23874.000000
v -940.000061 -6.001630 -23873.000000
v -940.000061 -6.001630 -23868.000000
v -940.000061 5.998370 -23873.000000
v -940.000061 5.998370 -23868.000000
v -940.000061 -6.001630 -23806.000000
v -940.000061 -6.001630 -23801.000000
v -940.000061 5.998370 -23806.000000
v -940.000061 5.998370 -23801.000000
v -940.000061 -6.001530 -24028.000000
v -940.000061 -6.001530 -24023.000000
v -940.000061 5.998470 -24028.000000
v -940.000061 5.998470 -24023.000000
v -940.000061 -6.001530 -23961.000000
v -940.000061 -6.001530 -23956.000000
v -940.000061 5.998470 -23961.000000
v -940.000061 5.998470 -23956.000000
v -937.999756 -6.001630 -24029.000000
v -937.999756 -6.001630 -24034.000000
v -937.999756 5.998370 -24029.000000
v -937.999756 5.998370 -24034.000000
v -937.999756 -6.001630 -23874.000000
v -937.999756 -6.001630 -23879.000000
v -937.999756 5.998370 -23874.000000
v -937.999756 5.998370 -23879.000000
v -937.999756 -6.001630 -23801.000000
v -937.999756 -6.001630 -23806.000000
v -937.999756 5.998370 -23801.000000
v -937.999756 5.998370 -23806.000000
v -937.999756 -6.001530 -23956.000000
v -937.999756 -6.001530 -23961.000000
v -937.999756 5.998470 -23956.000000
v -937.999756 5.998470 -23961.000000
v -937.999512 -6.001630 -24094.500000
v -937.999512 -6.001630 -24099.500000
v -937.999512 5.998370 -24094.500000
v -937.999512 5.998370 -24099.500000
v -937.999512 -6.001630 -23941.000000
v -937.999512 -6.001630 -23946.000000
v -937.999512 5.998370 -23941.000000
v -937.999512 5.998370 -23946.000000
v -937.999512 -6.001630 -23868.000000
v -937.999512 -6.001630 -23873.000000
v -937.999512 5.998370 -23868.000000
v -937.999512 5.998370 -23873.000000
v -937.999512 -6.001530 -24023.000000
v -937.999512 -6.001530 -24028.000000
v -937.999512 5.998470 -24023.000000
v -937.999512 5.998470 -24028.000000
v -940.000061 -6.001630 -23800.000000
v -940.000061 -6.001630 -23795.000000
v -940.000061 5.998370 -23800.000000
v -940.000061 5.998370 -23795.000000
v -940.000061 -6.001630 -23733.000000
v -940.000061 -6.001630 -23728.000000
v -940.000061 5.998370 -23733.000000
v -940.000061 5.998370 -23728.000000
v -940.000061 -6.001630 -23645.000000
v -940.000061 -6.001630 -23640.000000
v -940.000061 5.998370 -23645.000000
v -940.000061 5.998370 -23640.000000
v -940.000061 -6.001630 -23578.000000
v -940.000061 -6.001630 -23573.000000
v -940.000061 5.998370 -23578.000000
v -940.000061 5.998370 -23573.000000
v -940.000061 -6.001630 -23572.000000
v -940.000061 -6.001630 -23567.000000
v -940.000061 5.998370 -23572.000000
v -940.000061 5.998370 -23567.000000
v -940.000061 -6.001630 -23505.000000
v -940.000061 -6.001630 -23500.000000
v -940.000061 5.998370 -23505.000000
v -940.000061 5.998370 -23500.000000
v -940.000061 -6.001530 -23727.000000
v -940.000061 -6.001530 -23722.000000
v -940.000061 5.998470 -23727.000000
v -940.000061 5.998470 -23722.000000
v -940.000061 -6.001530 -23660.000000
v -940.000061 -6.001530 -23655.000000
v -940.000061 5.998470 -23660.000000
v -940.000061 5.998470 -23655.000000
v -937.999756 -6.001630 -23728.000000
v -937.999756 -6.001630 -23733.000000
v -937.999756 5.998370 -23728.000000
v -937.999756 5.998370 -23733.000000
v -937.999756 -6.001630 -23573.000000
v -937.999756 -6.001630 -23578.000000
v -937.999756 5.998370 -23573.000000
v -937.999756 5.998370 -23578.000000
v -937.999756 -6.001630 -23500.000000
v -937.999756 -6.001630 -23505.000000
v -937.999756 5.998370 -23500.000000
v -937.999756 5.998370 -23505.000000
v -937.999756 -6.001530 -23655.000000
v -937.999756 -6.001530 -23660.000000
v -937.999756 5.998470 -23655.000000
v -937.999756 5.998470 -23660.000000
v -937.999512 -6.001630 -23795.000000
v -937.999512 -6.001630 -23800.000000
v -937.999512 5.998370 -23795.000000
v -937.999512 5.998370 -23800.000000
v -937.999512 -6.001630 -23640.000000
v -937.999512 -6.001630 -23645.000000
v -937.999512 5.998370 -23640.000000
v -937.999512 5.998370 -23645.000000
v -937.999512 -6.001630 -23567.000000
v -937.999512 -6.001630 -23572.000000
v -937.999512 5.998370 -23567.000000
v -937.999512 5.998370 -23572.000000
v -937.999512 -6.001530 -23722.000000
v -937.999512 -6.001530 -23727.000000
v -937.999512 5.998470 -23722.000000
v -937.999512 5.998470 -23727.000000
v -1062.000366 -6.001630 -26233.132813
v -1062.000366 -6.001630 -26228.132813
v -1062.000366 5.998370 -26233.132813
v -1062.000366 5.998370 -26228.132813
v -1062.000366 -6.001630 -26160.132813
v -1062.000366 -6.001630 -26155.132813
v -1062.000366 5.998370 -26160.132813
v -1062.000366 5.998370 -26155.132813
v -1062.000366 -6.001630 -26005.132813
v -1062.000366 -6.001630 -26000.132813
v -1062.000366 5.998370 -26005.132813
v -1062.000366 5.998370 -26000.132813
v -1062.000366 -6.001530 -26078.132813
v -1062.000366 -6.001530 -26073.132813
v -1062.000366 5.998470 -26078.132813
v -1062.000366 5.998470 -26073.132813
v -1062.000244 -6.001630 -26300.132813
v -1062.000244 -6.001630 -26295.132813
v -1062.000244 5.998370 -26300.132813
v -1062.000244 5.998370 -26295.132813
v -1062.000244 -6.001630 -26227.132813
v -1062.000244 -6.001630 -26222.132813
v -1062.000244 5.998370 -26227.132813
v -1062.000244 5.998370 -26222.132813
v -1062.000244 -6.001630 -26072.132813
v -1062.000244 -6.001630 -26067.132813
v -1062.000244 5.998370 -26072.132813
v -1062.000244 5.998370 -26067.132813
v -1062.000244 -6.001530 -26145.132813
v -1062.000244 -6.001530 -26140.132813
v -1062.000244 5.998470 -26145.132813
v -1062.000244 5.998470 -26140.132813
v -1059.999878 -6.001630 -26295.132813
v -1059.999878 -6.001630 -26300.132813
v -1059.999878 5.998370 -26295.132813
v -1059.999878 5.998370 -26300.132813
v -1059.999878 -6.001630 -26228.132813
v -1059.999878 -6.001630 -26233.132813
v -1059.999878 5.998370 -26228.132813
v -1059.999878 5.998370 -26233.132813
v -1059.999878 -6.001630 -26222.132813
v -1059.999878 -6.001630 -26227.132813
v -1059.999878 5.998370 -26222.132813
v -1059.999878 5.998370 -26227.132813
v -1059.999878 -6.001630 -26155.132813
v -1059.999878 -6.001630 -26160.132813
v -1059.999878 5.998370 -26155.132813
v -1059.999878 5.998370 -26160.132813
v -1059.999878 -6.001630 -26067.132813
v -1059.999878 -6.001630 -26072.132813
v -1059.999878 5.998370 -26067.132813
v -1059.999878 5.998370 -26072.132813
v -1059.999878 -6.001630 -26000.132813
v -1059.999878 -6.001630 -26005.132813
v -1059.999878 5.998370 -26000.132813
v -1059.999878 5.998370 -26005.132813
v -1059.999878 -6.001530 -26140.132813
v -1059.999878 -6.001530 -26145.132813
v -1059.999878 5.998470 -26140.132813
v -1059.999878 5.998470 -26145.132813
v -1059.999878 -6.001530 -26073.132813
v -1059.999878 -6.001530 -26078.132813
v -1059.999878 5.998470 -26073.132813
v -1059.999878 5.998470 -26078.132813
v -1062.000366 -6.001630 -26534.000000
v -1062.000366 -6.001630 -26529.000000
v -1062.000366 5.998370 -26534.000000
v -1062.000366 5.998370 -26529.000000
v -1062.000366 -6.001630 -26461.000000
v -1062.000366 -6.001630 -26456.000000
v -1062.000366 5.998370 -26461.000000
v -1062.000366 5.998370 -26456.000000
v -1062.000366 -6.001630 -26306.000000
v -1062.000366 -6.001630 -26301.000000
v -1062.000366 5.998370 -26306.000000
v -1062.000366 5.998370 -26301.000000
v -1062.000366 -6.001530 -26379.000000
v -1062.000366 -6.001530 -26374.000000
v -1062.000366 5.998470 -26379.000000
v -1062.000366 5.998470 -26374.000000
v -1062.000244 -6.001630 -26599.500000
v -1062.000244 -6.001630 -26594.500000
v -1062.000244 5.998370 -26599.500000
v -1062.000244 5.998370 -26594.500000
v -1062.000244 -6.001630 -26528.000000
v -1062.000244 -6.001630 -26523.000000
v -1062.000244 5.998370 -26528.000000
v -1062.000244 5.998370 -26523.000000
v -1062.000244 -6.001630 -26373.000000
v -1062.000244 -6.001630 -26368.000000
v -1062.000244 5.998370 -26373.000000
v -1062.000244 5.998370 -26368.000000
v -1062.000244 -6.001530 -26446.000000
v -1062.000244 -6.001530 -26441.000000
v -1062.000244 5.998470 -26446.000000
v -1062.000244 5.998470 -26441.000000
v -1059.999878 -6.001630 -26594.500000
v -1059.999878 -6.001630 -26599.500000
v -1059.999878 5.998370 -26594.500000
v -1059.999878 5.998370 -26599.500000
v -1059.999878 -6.001630 -26529.000000
v -1059.999878 -6.001630 -26534.000000
v -1059.999878 5.998370 -26529.000000
v -1059.999878 5.998370 -26534.000000
v -1059.999878 -6.001630 -26523.000000
v -1059.999878 -6.001630 -26528.000000
v -1059.999878 5.998370 -26523.000000
v -1059.999878 5.998370 -26528.000000
v -1059.999878 -6.001630 -26456.000000
v -1059.999878 -6.001630 -26461.000000
v -1059.999878 5.998370 -26456.000000
v -1059.999878 5.998370 -26461.000000
v -1059.999878 -6.001630 -26368.000000
v -1059.999878 -6.001630 -26373.000000
v -1059.999878 5.998370 -26368.000000
v -1059.999878 5.998370 -26373.000000
v -1059.999878 -6.001630 -26301.000000
v -1059.999878 -6.001630 -26306.000000
v -1059.999878 5.998370 -26301.000000
v -1059.999878 5.998370 -26306.000000
v -1059.999878 -6.001530 -26441.000000
v -1059.999878 -6.001530 -26446.000000
v -1059.999878 5.998470 -26441.000000
v -1059.999878 5.998470 -26446.000000
v -1059.999878 -6.001530 -26374.000000
v -1059.999878 -6.001530 -26379.000000
v -1059.999878 5.998470 -26374.000000
v -1059.999878 5.998470 -26379.000000
v -940.000061 -6.001630 -26599.500000
v -940.000061 -6.001630 -26594.500000
v -940.000061 5.998370 -26599.500000
v -940.000061 5.998370 -26594.500000
v -940.000061 -6.001630 -26534.000000
v -940.000061 -6.001630 -26529.000000
v -940.000061 5.998370 -26534.000000
v -940.000061 5.998370 -26529.000000
v -940.000061 -6.001630 -26446.000000
v -940.000061 -6.001630 -26441.000000
v -940.000061 5.998370 -26446.000000
v -940.000061 5.998370 -26441.000000
v -940.000061 -6.001630 -26379.000000
v -940.000061 -6.001630 -26374.000000
v -940.000061 5.998370 -26379.000000
v -940.000061 5.998370 -26374.000000
v -940.000061 -6.001630 -26373.000000
v -940.000061 -6.001630 -26368.000000
v -940.000061 5.998370 -26373.000000
v -940.000061 5.998370 -26368.000000
v -940.000061 -6.001630 -26306.000000
v -940.000061 -6.001630 -26301.000000
v -940.000061 5.998370 -26306.000000
v -940.000061 5.998370 -26301.000000
v -940.000061 -6.001530 -26528.000000
v -940.000061 -6.001530 -26523.000000
v -940.000061 5.998470 -26528.000000
v -940.000061 5.998470 -26523.000000
v -940.000061 -6.001530 -26461.000000
v -940.000061 -6.001530 -26456.000000
v -940.000061 5.998470 -26461.000000
v -940.000061 5.998470 -26456.000000
v -937.999756 -6.001630 -26529.000000
v -937.999756 -6.001630 -26534.000000
v -937.999756 5.998370 -26529.000000
v -937.999756 5.998370 -26534.000000
v -937.999756 -6.001630 -26374.000000
v -937.999756 -6.001630 -26379.000000
v -937.999756 5.998370 -26374.000000
v -937.999756 5.998370 -26379.000000
v -937.999756 -6.001630 -26301.000000
v -937.999756 -6.001630 -26306.000000
v -937.999756 5.998370 -26301.000000
v -937.999756 5.998370 -26306.000000
v -937.999756 -6.001530 -26456.000000
v -937.999756 -6.001530 -26461.000000
v -937.999756 5.998470 -26456.000000
v -937.999756 5.998470 -26461.000000
v -937.999512 -6.001630 -26594.500000
v -937.999512 -6.001630 -26599.500000
v -937.999512 5.998370 -26594.500000
v -937.999512 5.998370 -26599.500000
v -937.999512 -6.001630 -26441.000000
v -937.999512 -6.001630 -26446.000000
v -937.999512 5.998370 -26441.000000
v -937.999512 5.998370 -26446.000000
v -937.999512 -6.001630 -26368.000000
v -937.999512 -6.001630 -26373.000000
v -937.999512 5.998370 -26368.000000
v -937.999512 5.998370 -26373.000000
v -937.999512 -6.001530 -26523.000000
v -937.999512 -6.001530 -26528.000000
v -937.999512 5.998470 -26523.000000
v -937.999512 5.998470 -26528.000000
v -940.000061 -6.001630 -26300.000000
v -940.000061 -6.001630 -26295.000000
v -940.000061 5.998370 -26300.000000
v -940.000061 5.998370 -26295.000000
v -940.000061 -6.001630 -26233.000000
v -940.000061 -6.001630 -26228.000000
v -940.000061 5.998370 -26233.000000
v -940.000061 5.998370 -26228.000000
v -940.000061 -6.001630 -26145.000000
v -940.000061 -6.001630 -26140.000000
v -940.000061 5.998370 -26145.000000
v -940.000061 5.998370 -26140.000000
v -940.000061 -6.001630 -26078.000000
v -940.000061 -6.001630 -26073.000000
v -940.000061 5.998370 -26078.000000
v -940.000061 5.998370 -26073.000000
v -940.000061 -6.001630 -26072.000000
v -940.000061 -6.001630 -26067.000000
v -940.000061 5.998370 -26072.000000
v -940.000061 5.998370 -26067.000000
v -940.000061 -6.001630 -26005.000000
v -940.000061 -6.001630 -26000.000000
v -940.000061 5.998370 -26005.000000
v -940.000061 5.998370 -26000.000000
v -940.000061 -6.001530 -26227.000000
v -940.000061 -6.001530 -26222.000000
v -940.000061 5.998470 -26227.000000
v -940.000061 5.998470 -26222.000000
v -940.000061 -6.001530 -26160.000000
v -940.000061 -6.001530 -26155.000000
v -940.000061 5.998470 -26160.000000
v -940.000061 5.998470 -26155.000000
v -937.999756 -6.001630 -26228.000000
v -937.999756 -6.001630 -26233.000000
v -937.999756 5.998370 -26228.000000
v -937.999756 5.998370 -26233.000000
v -937.999756 -6.001630 -26073.000000
v -937.999756 -6.001630 -26078.000000
v -937.999756 5.998370 -26073.000000
v -937.999756 5.998370 -26078.000000
v -937.999756 -6.001630 -26000.000000
v -937.999756 -6.001630 -26005.000000
v -937.999756 5.998370 -26000.000000
v -937.999756 5.998370 -26005.000000
v -937.999756 -6.001530 -26155.000000
v -937.999756 -6.001530 -26160.000000
v -937.999756 5.998470 -26155.000000
v -937.999756 5.998470 -26160.000000
v -937.999512 -6.001630 -26295.000000
v -937.999512 -6.001630 -26300.000000
v -937.999512 5.998370 -26295.000000
v -937.999512 5.998370 -26300.000000
v -937.999512 -6.001630 -26140.000000
v -937.999512 -6.001630 -26145.000000
v -937.999512 5.998370 -26140.000000
v -937.999512 5.998370 -26145.000000
v -937.999512 -6.001630 -26067.000000
v -937.999512 -6.001630 -26072.000000
v -937.999512 5.998370 -26067.000000
v -937.999512 5.998370 -26072.000000
v -937.999512 -6.001530 -26222.000000
v -937.999512 -6.001530 -26227.000000
v -937.999512 5.998470 -26222.000000
v -937.999512 5.998470 -26227.000000
v -757.011475 -63.589432 -23785.494141
v -763.627625 -63.589539 -23765.132813
v -755.102234 -181.246231 -23784.107422
v -761.267212 -181.246231 -23765.132813
v -739.691040 -63.589539 -23798.078125
v -738.961731 -181.246231 -23795.833984
v -718.281433 -63.589539 -23798.078125
v -719.010925 -181.246231 -23795.833984
v -700.960938 -63.589539 -23785.494141
v -702.870605 -181.246231 -23784.107422
v -694.344971 -63.589539 -23765.132813
v -696.705444 -181.246231 -23765.132813
v -757.011841 -63.589539 -23744.769531
v -755.102051 -181.246231 -23746.158203
v -739.691040 -63.589539 -23732.185547
v -738.961670 -181.246231 -23734.431641
v -718.281433 -63.589539 -23732.185547
v -719.010925 -181.246231 -23734.431641
v -700.960938 -63.589539 -23744.769531
v -702.870483 -181.246231 -23746.158203
v -919.996033 -101.406021 -23770.132813
v -813.986450 -111.406021 -23770.132813
v -919.995972 -101.406021 -23760.132813
v -813.986450 -111.406021 -23760.132813
v -919.995972 -91.406021 -23760.132813
v -813.986450 -91.406021 -23760.132813
v -919.996033 -91.406021 -23770.132813
v -813.986450 -91.406021 -23770.132813
v -769.996033 -151.406021 -23760.132813
v -769.996033 -151.406021 -23770.132813
v -769.996033 -91.406021 -23770.132813
v -769.996033 -91.406021 -23760.132813
v -757.011475 -63.589432 -26285.494141
v -763.627625 -63.589539 -26265.132813
v -755.102234 -181.246231 -26284.107422
v -761.267212 -181.246231 -26265.132813
v -739.691040 -63.589539 -26298.078125
v -738.961731 -181.246231 -26295.833984
v -718.281433 -63.589539 -26298.078125
v -719.010925 -181.246231 -26295.833984
v -700.960938 -63.589539 -26285.494141
v -702.870605 -181.246231 -26284.107422
v -694.344971 -63.589539 -26265.132813
v -696.705444 -181.246231 -26265.132813
v -757.011841 -63.589539 -26244.769531
v -755.102051 -181.246231 -26246.158203
v -739.691040 -63.589539 -26232.185547
v -738.961670 -181.246231 -26234.431641
v -718.281433 -63.589539 -26232.185547
v -719.010925 -181.246231 -26234.431641
v -700.960938 -63.589539 -26244.769531
v -702.870483 -181.246231 -26246.158203
v -919.996033 -101.406021 -26270.132813
v -813.986450 -111.406021 -26270.132813
v -919.995972 -101.406021 -26260.132813
v -813.986450 -111.406021 -26260.132813
v -919.995972 -91.406021 -26260.132813
v -813.986450 -91.406021 -26260.132813
v -919.996033 -91.406021 -26270.132813
v -813.986450 -91.406021 -26270.132813
v -769.996033 -151.406021 -26260.132813
v -769.996033 -151.406021 -26270.132813
v -769.996033 -91.406021 -26270.132813
v -769.996033 -91.406021 -26260.132813
v -776.602173 -95.671921 -23765.132813
v -774.053467 -173.372025 -23765.132813
v -767.508362 -95.671921 -23737.144531
v -765.446533 -173.372025 -23738.642578
v -772.895142 -70.607529 -23765.132813
v -764.509338 -70.607529 -23739.324219
v -743.700439 -95.671921 -23719.847656
v -742.912720 -173.372025 -23722.271484
v -742.554932 -70.607529 -23723.373047
v -714.272461 -95.671921 -23719.847656
v -715.417969 -70.607529 -23723.373047
v -715.059937 -173.372025 -23722.271484
v -690.464478 -95.671921 -23737.144531
v -693.463501 -70.607529 -23739.324219
v -692.526367 -173.372025 -23738.642578
v -681.370605 -95.671921 -23765.132813
v -685.077759 -70.607529 -23765.132813
v -683.919128 -173.372025 -23765.132813
v -767.508118 -95.671921 -23793.121094
v -765.446533 -173.372025 -23791.621094
v -764.509216 -70.607529 -23790.941406
v -743.700439 -95.671921 -23810.417969
v -742.912720 -173.372025 -23807.994141
v -742.554932 -70.607529 -23806.892578
v -714.272339 -95.671921 -23810.417969
v -715.059937 -173.372025 -23807.994141
v -715.417603 -70.607529 -23806.892578
v -690.464355 -95.671921 -23793.121094
v -693.463501 -70.607529 -23790.941406
v -692.526123 -173.372025 -23791.621094
v -776.602173 -95.671921 -26265.132813
v -774.053467 -173.372025 -26265.132813
v -767.508362 -95.671921 -26237.144531
v -765.446533 -173.372025 -26238.642578
v -772.895142 -70.607529 -26265.132813
v -764.509338 -70.607529 -26239.324219
v -743.700439 -95.671921 -26219.847656
v -742.912720 -173.372025 -26222.269531
v -742.554932 -70.607529 -26223.373047
v -714.272461 -95.671921 -26219.847656
v -715.417969 -70.607529 -26223.373047
v -715.059937 -173.372025 -26222.269531
v -690.464478 -95.671921 -26237.144531
v -693.463501 -70.607529 -26239.324219
v -692.526367 -173.372025 -26238.642578
v -681.370605 -95.671921 -26265.132813
v -685.077759 -70.607529 -26265.132813
v -683.919128 -173.372025 -26265.132813
v -767.508118 -95.671921 -26293.121094
v -765.446533 -173.372025 -26291.621094
v -764.509216 -70.607529 -26290.941406
v -743.700439 -95.671921 -26310.417969
v -742.912964 -173.372025 -26307.994141
v -742.554932 -70.607529 -26306.892578
v -714.272339 -95.671921 -26310.417969
v -715.417847 -70.607529 -26306.892578
v -715.059937 -173.372025 -26307.994141
v -690.464539 -95.671921 -26293.121094
v -693.463501 -70.607529 -26290.941406
v -692.526367 -173.372025 -26291.621094
v -1006.661133 -98.148621 -24364.156250
v -985.447815 -89.361816 -24364.156250
v -1006.661133 -83.148621 -24359.156250
v -996.054749 -78.755310 -24359.156250
v -985.447815 -46.935410 -24364.156250
v -1006.661133 -38.148621 -24364.156250
v -996.054749 -57.542019 -24359.156250
v -1006.661133 -53.148621 -24359.156250
v -976.661316 -68.148621 -24364.156250
v -991.661255 -68.148621 -24359.156250
v -1036.661133 -68.148621 -24364.156250
v -1027.874390 -89.361816 -24364.156250
v -1021.661133 -68.148621 -24359.156250
v -1017.267517 -78.755310 -24359.156250
v -1027.874390 -46.935410 -24364.156250
v -1017.267517 -57.542019 -24359.156250
v -1036.661133 -68.148621 -24644.156250
v -1022.661133 -68.148621 -24649.156250
v -1027.874390 -89.361816 -24644.156250
v -1018.267517 -78.755310 -24649.156250
v -1027.874390 -46.935410 -24644.156250
v -1018.267517 -57.542019 -24649.156250
v -1006.661133 -98.148621 -24644.156250
v -1007.661133 -83.148621 -24649.156250
v -1006.661133 -38.148621 -24644.156250
v -1007.661133 -53.148621 -24649.156250
v -985.447815 -89.361816 -24644.156250
v -997.054749 -78.755310 -24649.156250
v -985.447815 -46.935410 -24644.156250
v -997.054749 -57.542019 -24649.156250
v -976.661316 -68.148621 -24644.156250
v -992.661255 -68.148621 -24649.156250
v -1006.661133 -98.148621 -26864.156250
v -985.447815 -89.361816 -26864.156250
v -1006.661133 -83.148621 -26859.156250
v -996.054749 -78.755310 -26859.156250
v -985.447815 -46.935410 -26864.156250
v -1006.661133 -38.148621 -26864.156250
v -996.054749 -57.542019 -26859.156250
v -1006.661133 -53.148621 -26859.156250
v -976.661316 -68.148621 -26864.156250
v -991.661255 -68.148621 -26859.156250
v -1036.661133 -68.148621 -26864.156250
v -1027.874390 -89.361816 -26864.156250
v -1021.661133 -68.148621 -26859.156250
v -1017.267517 -78.755310 -26859.156250
v -1027.874390 -46.935410 -26864.156250
v -1017.267517 -57.542019 -26859.156250
v -1036.661133 -68.148621 -27144.156250
v -1022.661133 -68.148621 -27149.156250
v -1027.874390 -89.361816 -27144.156250
v -1018.267517 -78.755310 -27149.156250
v -1027.874390 -46.935410 -27144.156250
v -1018.267517 -57.542019 -27149.156250
v -1006.661133 -98.148621 -27144.156250
v -1007.661133 -83.148621 -27149.156250
v -1006.661133 -38.148621 -27144.156250
v -1007.661133 -53.148621 -27149.156250
v -985.447815 -89.361816 -27144.156250
v -997.054749 -78.755310 -27149.156250
v -985.447815 -46.935410 -27144.156250
v -997.054749 -57.542019 -27149.156250
v -976.661316 -68.148621 -27144.156250
v -992.661255 -68.148621 -27149.156250
v -1104.999878 0.000060 -24345.980469
v -1119.999878 0.000060 -24320.000000
v -1104.999878 6.000060 -24345.980469
v -1119.999878 6.000060 -24320.000000
v -1104.999878 0.000060 -24294.019531
v -1104.999878 6.000060 -24294.019531
v -1089.999878 6.000060 -24345.980469
v -1089.999878 0.000060 -24345.980469
v -1089.999878 0.000060 -24294.019531
v -1089.999878 6.000060 -24294.019531
v -1074.999878 0.000060 -24345.980469
v -1074.999878 6.000060 -24345.980469
v -1074.999878 6.000060 -24294.019531
v -1074.999878 0.000060 -24294.019531
v -1059.999878 0.000060 -24320.000000
v -1059.999878 6.000060 -24320.000000
v -1105.000000 0.000060 -24245.980469
v -1120.000000 0.000060 -24220.000000
v -1105.000000 6.000060 -24245.980469
v -1120.000000 6.000060 -24220.000000
v -1105.000000 0.000060 -24194.019531
v -1105.000000 6.000060 -24194.019531
v -1090.000000 6.000060 -24245.980469
v -1090.000000 0.000060 -24245.978516
v -1090.000000 0.000060 -24194.021484
v -1090.000000 6.000060 -24194.019531
v -1075.000000 0.000060 -24245.980469
v -1075.000000 6.000060 -24245.980469
v -1075.000000 6.000060 -24194.019531
v -1075.000000 0.000060 -24194.019531
v -1060.000000 0.000060 -24220.000000
v -1060.000000 6.000060 -24220.000000
v -1104.999878 0.000060 -24155.980469
v -1119.999878 0.000060 -24130.000000
v -1104.999878 6.000060 -24155.980469
v -1119.999878 6.000060 -24130.000000
v -1104.999878 0.000060 -24104.019531
v -1104.999878 6.000060 -24104.019531
v -1089.999878 6.000060 -24155.980469
v -1089.999878 0.000060 -24155.980469
v -1089.999878 0.000060 -24104.019531
v -1089.999878 6.000060 -24104.019531
v -1074.999878 0.000060 -24155.978516
v -1074.999878 6.000060 -24155.980469
v -1074.999878 6.000060 -24104.019531
v -1074.999878 0.000060 -24104.021484
v -1059.999878 0.000060 -24130.000000
v -1059.999878 6.000060 -24130.000000
v -925.000366 -0.000140 -24346.017578
v -940.000427 -0.000140 -24320.037109
v -925.000366 5.999860 -24346.017578
v -940.000427 5.999860 -24320.037109
v -925.000366 -0.000140 -24294.056641
v -925.000366 5.999860 -24294.056641
v -910.000366 5.999860 -24346.017578
v -910.000366 -0.000140 -24346.017578
v -910.000366 -0.000140 -24294.056641
v -910.000366 5.999860 -24294.056641
v -895.000366 -0.000140 -24346.017578
v -895.000366 5.999860 -24346.017578
v -895.000366 5.999860 -24294.056641
v -895.000366 -0.000140 -24294.056641
v -880.000366 -0.000140 -24320.037109
v -880.000366 5.999860 -24320.037109
v -925.000366 -0.000140 -24256.017578
v -940.000427 -0.000140 -24230.037109
v -925.000366 5.999860 -24256.017578
v -940.000427 5.999860 -24230.037109
v -925.000366 -0.000140 -24204.056641
v -925.000366 5.999860 -24204.056641
v -910.000366 5.999860 -24256.017578
v -910.000305 -0.000140 -24256.017578
v -910.000305 -0.000140 -24204.056641
v -910.000366 5.999860 -24204.056641
v -895.000366 -0.000140 -24256.017578
v -895.000366 5.999860 -24256.017578
v -895.000366 5.999860 -24204.056641
v -895.000366 -0.000140 -24204.056641
v -880.000366 -0.000140 -24230.037109
v -880.000366 5.999860 -24230.037109
v -925.000366 -0.000140 -24156.017578
v -940.000427 -0.000140 -24130.037109
v -925.000366 5.999860 -24156.017578
v -940.000427 5.999860 -24130.037109
v -925.000366 -0.000140 -24104.056641
v -925.000366 5.999860 -24104.056641
v -910.000366 5.999860 -24156.017578
v -910.000366 -0.000140 -24156.017578
v -910.000366 -0.000140 -24104.056641
v -910.000366 5.999860 -24104.056641
v -895.000366 -0.000140 -24156.017578
v -895.000366 5.999860 -24156.017578
v -895.000366 5.999860 -24104.056641
v -895.000366 -0.000140 -24104.056641
v -880.000366 -0.000140 -24130.037109
v -880.000366 5.999860 -24130.037109
v -1104.999878 -0.000930 -24706.015625
v -1119.999878 -0.000930 -24680.035156
v -1104.999878 5.999070 -24706.015625
v -1119.999878 5.999070 -24680.035156
v -1104.999878 -0.000930 -24654.054688
v -1104.999878 5.999070 -24654.054688
v -1089.999878 5.999070 -24706.015625
v -1089.999878 -0.000930 -24706.015625
v -1089.999878 -0.000930 -24654.054688
v -1089.999878 5.999070 -24654.054688
v -1075.000122 5.999070 -24654.054688
v -1075.000122 -0.000930 -24654.054688
v -1074.999878 -0.000930 -24706.015625
v -1074.999878 5.999070 -24706.015625
v -1060.000122 -0.000930 -24680.035156
v -1060.000122 5.999070 -24680.035156
v -1105.000122 -0.000930 -24796.015625
v -1120.000122 -0.000930 -24770.035156
v -1105.000122 5.999070 -24796.015625
v -1120.000122 5.999070 -24770.035156
v -1105.000122 -0.000930 -24744.054688
v -1105.000122 5.999070 -24744.054688
v -1090.000122 5.999070 -24796.015625
v -1090.000122 -0.000930 -24796.015625
v -1090.000122 -0.000930 -24744.054688
v -1090.000122 5.999070 -24744.054688
v -1075.000122 -0.000930 -24796.015625
v -1075.000122 5.999070 -24796.015625
v -1075.000122 5.999070 -24744.054688
v -1075.000122 -0.000930 -24744.054688
v -1060.000122 -0.000930 -24770.035156
v -1060.000122 5.999070 -24770.035156
v -1104.999878 -0.000930 -24896.015625
v -1119.999878 -0.000930 -24870.035156
v -1104.999878 5.999070 -24896.015625
v -1119.999878 5.999070 -24870.035156
v -1104.999878 -0.000930 -24844.054688
v -1104.999878 5.999070 -24844.054688
v -1089.999878 5.999070 -24896.015625
v -1089.999878 -0.000930 -24896.015625
v -1089.999878 -0.000930 -24844.054688
v -1089.999878 5.999070 -24844.054688
v -1075.000122 5.999070 -24844.054688
v -1075.000122 -0.000930 -24844.054688
v -1074.999878 -0.000930 -24896.015625
v -1074.999878 5.999070 -24896.015625
v -1060.000122 -0.000930 -24870.035156
v -1060.000122 5.999070 -24870.035156
v -940.000427 -0.001130 -24870.072266
v -925.000488 -0.001130 -24844.091797
v -940.000427 5.998870 -24870.072266
v -925.000488 5.998870 -24844.091797
v -925.000366 -0.001130 -24896.052734
v -925.000366 5.998870 -24896.052734
v -910.000366 -0.001130 -24844.091797
v -910.000366 5.998870 -24844.091797
v -910.000366 5.998870 -24896.052734
v -910.000366 -0.001130 -24896.052734
v -895.000366 -0.001130 -24896.052734
v -895.000366 5.998870 -24896.052734
v -895.000366 5.998870 -24844.091797
v -895.000366 -0.001130 -24844.091797
v -880.000366 -0.001130 -24870.072266
v -880.000366 5.998870 -24870.072266
v -925.000366 -0.001130 -24806.052734
v -940.000427 -0.001130 -24780.072266
v -925.000366 5.998870 -24806.052734
v -940.000427 5.998870 -24780.072266
v -925.000366 -0.001130 -24754.091797
v -925.000366 5.998870 -24754.091797
v -910.000366 5.998870 -24806.052734
v -910.000305 -0.001130 -24806.052734
v -910.000305 -0.001130 -24754.091797
v -910.000366 5.998870 -24754.091797
v -895.000366 -0.001130 -24806.052734
v -895.000366 5.998870 -24806.052734
v -895.000366 5.998870 -24754.091797
v -895.000366 -0.001130 -24754.091797
v -880.000366 -0.001130 -24780.072266
v -880.000366 5.998870 -24780.072266
v -940.000427 -0.001130 -24680.072266
v -925.000488 -0.001130 -24654.091797
v -940.000427 5.998870 -24680.072266
v -925.000488 5.998870 -24654.091797
v -925.000366 -0.001130 -24706.052734
v -925.000366 5.998870 -24706.052734
v -910.000366 -0.001130 -24654.091797
v -910.000366 5.998870 -24654.091797
v -910.000366 5.998870 -24706.052734
v -910.000366 -0.001130 -24706.052734
v -895.000366 -0.001130 -24706.052734
v -895.000366 5.998870 -24706.052734
v -895.000366 5.998870 -24654.091797
v -895.000366 -0.001130 -24654.091797
v -880.000366 -0.001130 -24680.072266
v -880.000366 5.998870 -24680.072266
v -1104.999878 0.000060 -26655.980469
v -1119.999878 0.000060 -26630.000000
v -1104.999878 6.000060 -26655.980469
v -1119.999878 6.000060 -26630.000000
v -1104.999878 0.000060 -26604.019531
v -1104.999878 6.000060 -26604.019531
v -1089.999878 6.000060 -26655.980469
v -1089.999878 0.000060 -26655.980469
v -1089.999878 0.000060 -26604.019531
v -1089.999878 6.000060 -26604.019531
v -1074.999878 0.000060 -26655.978516
v -1074.999878 6.000060 -26655.980469
v -1074.999878 6.000060 -26604.019531
v -1074.999878 0.000060 -26604.021484
v -1059.999878 0.000060 -26630.000000
v -1059.999878 6.000060 -26630.000000
v -1105.000122 0.000060 -26745.980469
v -1120.000122 0.000060 -26720.000000
v -1105.000122 6.000060 -26745.980469
v -1120.000122 6.000060 -26720.000000
v -1105.000122 0.000060 -26694.019531
v -1105.000122 6.000060 -26694.019531
v -1090.000122 6.000060 -26745.980469
v -1090.000122 0.000060 -26745.978516
v -1090.000122 0.000060 -26694.021484
v -1090.000122 6.000060 -26694.019531
v -1075.000122 0.000060 -26745.980469
v -1075.000122 6.000060 -26745.980469
v -1075.000122 6.000060 -26694.019531
v -1075.000122 0.000060 -26694.019531
v -1060.000122 0.000060 -26720.000000
v -1060.000122 6.000060 -26720.000000
v -1104.999878 0.000060 -26845.980469
v -1119.999878 0.000060 -26820.000000
v -1104.999878 6.000060 -26845.980469
v -1119.999878 6.000060 -26820.000000
v -1104.999878 0.000060 -26794.019531
v -1104.999878 6.000060 -26794.019531
v -1089.999878 6.000060 -26845.980469
v -1089.999878 0.000060 -26845.980469
v -1089.999878 0.000060 -26794.019531
v -1089.999878 6.000060 -26794.019531
v -1074.999878 0.000060 -26845.980469
v -1074.999878 6.000060 -26845.980469
v -1074.999878 6.000060 -26794.019531
v -1074.999878 0.000060 -26794.019531
v -1059.999878 0.000060 -26820.000000
v -1059.999878 6.000060 -26820.000000
v -925.000366 -0.000140 -26846.017578
v -940.000427 -0.000140 -26820.037109
v -925.000366 5.999860 -26846.017578
v -940.000427 5.999860 -26820.037109
v -925.000366 -0.000140 -26794.056641
v -925.000366 5.999860 -26794.056641
v -910.000366 5.999860 -26846.017578
v -910.000366 -0.000140 -26846.017578
v -910.000366 -0.000140 -26794.056641
v -910.000366 5.999860 -26794.056641
v -895.000366 -0.000140 -26846.017578
v -895.000366 5.999860 -26846.017578
v -895.000366 5.999860 -26794.056641
v -895.000366 -0.000140 -26794.056641
v -880.000366 -0.000140 -26820.037109
v -880.000366 5.999860 -26820.037109
v -925.000366 -0.000140 -26756.017578
v -940.000427 -0.000140 -26730.037109
v -925.000366 5.999860 -26756.017578
v -940.000427 5.999860 -26730.037109
v -925.000366 -0.000140 -26704.056641
v -925.000366 5.999860 -26704.056641
v -910.000366 5.999860 -26756.017578
v -910.000305 -0.000140 -26756.017578
v -910.000305 -0.000140 -26704.056641
v -910.000366 5.999860 -26704.056641
v -895.000366 -0.000140 -26756.017578
v -895.000366 5.999860 -26756.017578
v -895.000366 5.999860 -26704.056641
v -895.000366 -0.000140 -26704.056641
v -880.000366 -0.000140 -26730.037109
v -880.000366 5.999860 -26730.037109
v -925.000366 -0.000140 -26656.017578
v -940.000427 -0.000140 -26630.037109
v -925.000366 5.999860 -26656.017578
v -940.000427 5.999860 -26630.037109
v -925.000366 -0.000140 -26604.056641
v -925.000366 5.999860 -26604.056641
v -910.000366 5.999860 -26656.017578
v -910.000366 -0.000140 -26656.017578
v -910.000366 -0.000140 -26604.056641
v -910.000366 5.999860 -26604.056641
v -895.000366 -0.000140 -26656.017578
v -895.000366 5.999860 -26656.017578
v -895.000366 5.999860 -26604.056641
v -895.000366 -0.000140 -26604.056641
v -880.000366 -0.000140 -26630.037109
v -880.000366 5.999860 -26630.037109
v -1105.000122 -0.000930 -27206.015625
v -1120.000122 -0.000930 -27180.035156
v -1105.000122 5.999070 -27206.015625
v -1120.000122 5.999070 -27180.035156
v -1105.000122 -0.000930 -27154.054688
v -1105.000122 5.999070 -27154.054688
v -1090.000122 5.999070 -27206.015625
v -1090.000122 -0.000930 -27206.015625
v -1090.000122 -0.000930 -27154.054688
v -1090.000122 5.999070 -27154.054688
v -1075.000122 -0.000930 -27206.015625
v -1075.000122 5.999070 -27206.015625
v -1075.000122 5.999070 -27154.054688
v -1075.000122 -0.000930 -27154.054688
v -1060.000122 -0.000930 -27180.035156
v -1060.000122 5.999070 -27180.035156
v -1105.000122 -0.000930 -27296.015625
v -1120.000122 -0.000930 -27270.035156
v -1105.000122 5.999070 -27296.015625
v -1120.000122 5.999070 -27270.035156
v -1105.000122 -0.000930 -27244.054688
v -1105.000122 5.999070 -27244.054688
v -1090.000122 5.999070 -27296.015625
v -1090.000122 -0.000930 -27296.015625
v -1090.000122 -0.000930 -27244.054688
v -1090.000122 5.999070 -27244.054688
v -1075.000122 -0.000930 -27296.015625
v -1075.000122 5.999070 -27296.015625
v -1075.000122 5.999070 -27244.054688
v -1075.000122 -0.000930 -27244.054688
v -1060.000122 -0.000930 -27270.035156
v -1060.000122 5.999070 -27270.035156
v -1105.000122 -0.000930 -27396.015625
v -1120.000122 -0.000930 -27370.035156
v -1105.000122 5.999070 -27396.015625
v -1120.000122 5.999070 -27370.035156
v -1105.000122 -0.000930 -27344.054688
v -1105.000122 5.999070 -27344.054688
v -1090.000122 5.999070 -27396.015625
v -1090.000122 -0.000930 -27396.015625
v -1090.000122 -0.000930 -27344.054688
v -1090.000122 5.999070 -27344.054688
v -1075.000122 -0.000930 -27396.015625
v -1075.000122 5.999070 -27396.015625
v -1075.000122 5.999070 -27344.054688
v -1075.000122 -0.000930 -27344.054688
v -1060.000122 -0.000930 -27370.035156
v -1060.000122 5.999070 -27370.035156
v -925.000366 -0.001130 -27396.052734
v -940.000427 -0.001130 -27370.072266
v -925.000366 5.998870 -27396.052734
v -940.000427 5.998870 -27370.072266
v -925.000366 -0.001130 -27344.091797
v -925.000366 5.998870 -27344.091797
v -910.000305 5.998870 -27396.052734
v -910.000305 -0.001130 -27396.052734
v -910.000305 -0.001130 -27344.091797
v -910.000305 5.998870 -27344.091797
v -895.000366 -0.001130 -27396.052734
v -895.000366 5.998870 -27396.052734
v -895.000305 5.998870 -27344.091797
v -895.000305 -0.001130 -27344.091797
v -880.000305 -0.001130 -27370.072266
v -880.000305 5.998870 -27370.072266
v -925.000366 -0.001130 -27306.052734
v -940.000427 -0.001130 -27280.072266
v -925.000366 5.998870 -27306.052734
v -940.000427 5.998870 -27280.072266
v -925.000366 -0.001130 -27254.091797
v -925.000366 5.998870 -27254.091797
v -910.000366 5.998870 -27306.052734
v -910.000305 -0.001130 -27306.052734
v -910.000305 -0.001130 -27254.091797
v -910.000366 5.998870 -27254.091797
v -895.000366 -0.001130 -27306.052734
v -895.000366 5.998870 -27306.052734
v -895.000366 5.998870 -27254.091797
v -895.000366 -0.001130 -27254.091797
v -880.000366 -0.001130 -27280.072266
v -880.000366 5.998870 -27280.072266
v -925.000366 -0.001130 -27206.052734
v -940.000366 -0.001130 -27180.072266
v -925.000366 5.998870 -27206.052734
v -940.000366 5.998870 -27180.072266
v -925.000366 -0.001130 -27154.091797
v -925.000366 5.998870 -27154.091797
v -910.000244 5.998870 -27206.052734
v -910.000244 -0.001130 -27206.052734
v -910.000244 -0.001130 -27154.091797
v -910.000244 5.998870 -27154.091797
v -895.000366 -0.001130 -27206.052734
v -895.000366 5.998870 -27206.052734
v -895.000244 5.998870 -27154.091797
v -895.000244 -0.001130 -27154.091797
v -880.000244 -0.001130 -27180.072266
v -880.000244 5.998870 -27180.072266
v -1007.661133 -68.148621 -24651.156250
v -1006.661133 -68.148621 -24357.156250
v -1007.661133 -68.148621 -27151.156250
v -1006.661133 -68.148621 -26857.156250
v -1027.874390 -89.361816 -24504.156250
v -1036.661133 -68.148621 -24504.156250
v -1027.874390 -46.935410 -24504.156250
v -1006.661133 -38.148621 -24504.156250
v -985.447815 -46.935410 -24504.156250
v -976.661255 -68.148621 -24504.156250
v -1027.874390 -89.361816 -27004.156250
v -1036.661133 -68.148621 -27004.156250
v -1027.874390 -46.935410 -27004.156250
v -1006.661133 -38.148621 -27004.156250
v -985.447815 -46.935410 -27004.156250
v -976.661255 -68.148621 -27004.156250
v -768.724731 -62.837631 -23765.132813
v -761.135376 -62.837631 -23741.775391
v -741.266113 -62.837631 -23727.339844
v -716.706543 -62.837631 -23727.339844
v -696.837402 -62.837631 -23741.773438
v -689.248047 -62.837631 -23765.132813
v -761.135376 -62.837631 -23788.490234
v -741.266235 -62.837631 -23802.925781
v -716.706543 -62.837631 -23802.925781
v -696.837158 -62.837631 -23788.490234
v -758.323975 -205.679642 -23743.816406
v -765.249756 -205.679642 -23765.132813
v -740.192383 -205.679642 -23730.644531
v -717.780334 -205.679642 -23730.646484
v -699.648621 -205.679642 -23743.818359
v -699.648560 -205.679642 -23743.816406
v -717.780334 -205.679642 -23730.644531
v -692.722900 -205.679642 -23765.132813
v -758.324036 -205.679642 -23786.447266
v -740.192383 -205.679642 -23799.621094
v -717.780151 -205.679642 -23799.621094
v -699.648682 -205.679642 -23786.447266
v -768.724731 -62.837631 -26265.132813
v -761.135376 -62.837631 -26241.775391
v -741.266113 -62.837631 -26227.339844
v -716.706543 -62.837631 -26227.339844
v -696.837402 -62.837631 -26241.775391
v -689.248047 -62.837631 -26265.132813
v -761.135376 -62.837631 -26288.490234
v -741.266235 -62.837631 -26302.925781
v -716.706543 -62.837631 -26302.925781
v -696.837402 -62.837631 -26288.490234
v -758.323975 -205.679642 -26243.816406
v -765.249756 -205.679642 -26265.132813
v -740.192383 -205.679642 -26230.644531
v -717.780334 -205.679642 -26230.646484
v -699.648621 -205.679642 -26243.818359
v -699.648560 -205.679642 -26243.816406
v -717.780334 -205.679642 -26230.644531
v -692.722900 -205.679642 -26265.132813
v -758.324036 -205.679642 -26286.447266
v -740.192627 -205.679642 -26299.621094
v -717.780334 -205.679642 -26299.621094
v -699.648682 -205.679642 -26286.447266
v -1104.999878 -20.000931 -24706.015625
v -1089.999878 -20.000931 -24654.054688
v -1119.999878 -20.000931 -24680.035156
v -1104.999878 -20.000931 -24654.054688
v -1089.999878 -20.000931 -24706.015625
v -1105.000122 -20.000931 -24796.015625
v -1090.000122 -20.000931 -24744.054688
v -1120.000122 -20.000931 -24770.035156
v -1105.000122 -20.000931 -24744.054688
v -1090.000122 -20.000931 -24796.015625
v -1104.999878 -20.000931 -24896.015625
v -1089.999878 -20.000931 -24844.054688
v -1119.999878 -20.000931 -24870.035156
v -1104.999878 -20.000931 -24844.054688
v -1089.999878 -20.000931 -24896.015625
v -910.000305 -20.001129 -24844.091797
v -910.000366 -20.001129 -24896.052734
v -895.000366 -20.001129 -24844.091797
v -880.000366 -20.001129 -24870.072266
v -895.000305 -20.001129 -24896.052734
v -910.000366 -20.001129 -24754.091797
v -910.000366 -20.001129 -24806.052734
v -895.000366 -20.001129 -24754.091797
v -880.000366 -20.001129 -24780.072266
v -895.000305 -20.001129 -24806.052734
v -910.000305 -20.001129 -24654.091797
v -910.000366 -20.001129 -24706.052734
v -895.000366 -20.001129 -24654.091797
v -880.000366 -20.001129 -24680.072266
v -895.000305 -20.001129 -24706.052734
v -1105.000122 -20.000931 -27206.015625
v -1090.000122 -20.000931 -27154.054688
v -1120.000122 -20.000931 -27180.035156
v -1105.000122 -20.000931 -27154.054688
v -1090.000122 -20.000931 -27206.015625
v -1105.000122 -20.000931 -27296.015625
v -1090.000122 -20.000931 -27244.054688
v -1120.000122 -20.000931 -27270.035156
v -1105.000122 -20.000931 -27244.054688
v -1090.000122 -20.000931 -27296.015625
v -1105.000122 -20.000931 -27396.015625
v -1090.000122 -20.000931 -27344.056641
v -1120.000122 -20.000931 -27370.035156
v -1105.000122 -20.000931 -27344.054688
v -1090.000122 -20.000931 -27396.015625
v -910.000305 -20.001129 -27344.091797
v -910.000305 -20.001129 -27396.052734
v -895.000305 -20.001129 -27344.087891
v -895.000366 -20.001129 -27396.052734
v -880.000305 -20.001129 -27370.072266
v -910.000366 -20.001129 -27254.091797
v -910.000305 -20.001129 -27306.052734
v -895.000366 -20.001129 -27254.091797
v -880.000366 -20.001129 -27280.072266
v -895.000305 -20.001129 -27306.052734
v -910.000244 -20.001129 -27154.091797
v -910.000244 -20.001129 -27206.052734
v -895.000183 -20.001129 -27154.087891
v -895.000366 -20.001129 -27206.052734
v -880.000244 -20.001129 -27180.072266
v -769.172119 -97.230728 -23765.132813
v -729.275818 -109.227654 -23765.132813
v -749.223999 -97.230728 -23799.683594
v -749.223999 -97.230728 -23730.582031
v -709.327698 -97.230728 -23730.582031
v -709.327698 -97.230728 -23799.683594
v -689.379517 -97.230728 -23765.132813
v -769.172119 -97.230728 -26265.132813
v -729.275818 -109.227654 -26265.130859
v -749.223999 -97.230728 -26299.683594
v -749.223999 -97.230728 -26230.580078
v -709.327698 -97.230728 -26230.580078
v -709.327698 -97.230728 -26299.683594
v -689.379517 -97.230728 -26265.132813
v -1089.999878 -19.999941 -24345.980469
v -1089.999878 -19.999941 -24294.019531
v -910.000366 -20.000139 -24294.056641
v -910.000366 -20.000139 -24346.017578
v -910.000366 -20.000139 -24104.056641
v -910.000366 -20.000139 -24156.017578
v -1089.999878 -19.999941 -26845.980469
v -1089.999878 -19.999941 -26794.019531
v -910.000366 -20.000139 -26794.056641
v -910.000366 -20.000139 -26846.017578
v -910.000366 -20.000139 -26604.056641
v -910.000366 -20.000139 -26656.017578
v -1104.999878 -19.999941 -24345.980469
v -1119.999878 -19.999941 -24320.000000
v -1104.999878 -19.999941 -24294.019531
v -1105.000000 -19.999941 -24245.980469
v -1120.000000 -19.999941 -24220.000000
v -1105.000000 -19.999941 -24194.019531
v -1090.000000 -19.999941 -24245.980469
v -1090.000000 -19.999941 -24194.019531
v -1104.999878 -19.999941 -24155.980469
v -1119.999878 -19.999941 -24130.000000
v -1104.999878 -19.999941 -24104.019531
v -1089.999878 -19.999941 -24155.980469
v -1089.999878 -19.999941 -24104.019531
v -895.000366 -20.000139 -24346.017578
v -895.000366 -20.000139 -24294.056641
v -880.000366 -20.000139 -24320.037109
v -895.000366 -20.000139 -24256.017578
v -910.000366 -20.000139 -24256.017578
v -910.000366 -20.000139 -24204.056641
v -895.000366 -20.000139 -24204.056641
v -880.000366 -20.000139 -24230.037109
v -895.000366 -20.000139 -24156.017578
v -895.000366 -20.000139 -24104.056641
v -880.000366 -20.000139 -24130.037109
v -1104.999878 -19.999941 -26655.980469
v -1119.999878 -19.999941 -26630.000000
v -1104.999878 -19.999941 -26604.019531
v -1089.999878 -19.999941 -26655.980469
v -1089.999878 -19.999941 -26604.019531
v -1105.000122 -19.999941 -26745.980469
v -1120.000122 -19.999941 -26720.000000
v -1105.000122 -19.999941 -26694.019531
v -1090.000122 -19.999941 -26745.980469
v -1090.000122 -19.999941 -26694.019531
v -1104.999878 -19.999941 -26845.980469
v -1119.999878 -19.999941 -26820.000000
v -1104.999878 -19.999941 -26794.019531
v -895.000366 -20.000139 -26846.017578
v -895.000366 -20.000139 -26794.056641
v -880.000366 -20.000139 -26820.037109
v -895.000366 -20.000139 -26756.017578
v -910.000366 -20.000139 -26756.017578
v -910.000366 -20.000139 -26704.056641
v -895.000366 -20.000139 -26704.056641
v -880.000366 -20.000139 -26730.037109
v -895.000366 -20.000139 -26656.017578
v -895.000366 -20.000139 -26604.056641
v -880.000366 -20.000139 -26630.037109
v -895.000305 -20.001129 -27344.089844
v -895.000183 -20.001129 -27154.089844
v -1029.999634 -0.000030 -24340.037109
v -969.999756 -0.000030 -24340.037109
v -1029.999634 -0.000030 -24350.037109
v -969.999756 -0.000030 -24350.037109
v -1030.000610 0.000170 -24100.000000
v -970.000244 0.000060 -24100.000000
v -1030.000610 0.000170 -24110.000000
v -970.000244 0.000060 -24110.000000
v -1059.999756 -0.001690 -23949.998047
v -1060.000488 -0.001380 -23800.000000
v -969.999939 -0.001690 -23949.998047
v -969.999939 -0.001380 -23800.000000
v -1059.999756 -0.002130 -23649.996094
v -969.999939 -0.000930 -23650.000000
v -1059.998413 -0.003190 -24099.994141
v -969.999329 -0.001980 -24099.998047
v -940.000671 -0.000780 -23650.000000
v -939.999939 -0.001540 -23800.000000
v -939.999329 -0.000480 -23950.001953
v -940.000671 -0.000630 -24100.000000
v -1059.998413 -0.002130 -23499.996094
v -969.999329 -0.001690 -23499.996094
v -939.999939 0.000120 -23500.000000
v -1059.999634 0.000060 -24350.000000
v -1059.999634 0.000060 -24287.500000
v -1030.000244 0.000060 -24350.000000
v -1030.000244 0.000060 -24287.500000
v -1059.999634 0.000170 -24162.500000
v -1060.000122 0.000170 -24100.000000
v -1030.000244 0.000060 -24162.500000
v -1030.000244 0.000060 -24100.000000
v -1059.999634 0.000170 -24225.000000
v -1029.999756 0.000060 -24225.000000
v -940.000732 -0.000140 -24162.537109
v -940.000732 -0.000030 -24225.037109
v -970.000122 -0.000140 -24162.537109
v -970.000549 -0.000140 -24225.037109
v -940.000732 -0.000030 -24287.537109
v -970.000122 -0.000140 -24287.537109
v -940.000732 -0.000140 -24100.037109
v -970.000122 -0.000140 -24100.037109
v -940.000244 -0.000030 -24350.037109
v -970.000122 -0.000140 -24350.037109
v -1060.001343 -0.003320 -24650.035156
v -1060.000488 -0.004060 -24500.033203
v -970.000671 -0.003320 -24650.035156
v -970.000671 -0.002710 -24500.035156
v -940.001465 -0.002560 -24500.035156
v -940.000671 -0.003470 -24650.035156
v -1059.999146 -0.004060 -24350.033203
v -969.999939 -0.003470 -24350.033203
v -940.000671 -0.001820 -24350.035156
v -1059.999634 -0.000930 -24900.035156
v -1059.999634 -0.000930 -24837.535156
v -1030.000244 -0.000930 -24900.035156
v -1030.000244 -0.000930 -24837.535156
v -1059.999634 -0.000840 -24712.535156
v -1060.000122 -0.000840 -24650.037109
v -1030.000244 -0.000930 -24712.535156
v -1030.000244 -0.000930 -24650.035156
v -1059.999634 -0.000930 -24775.035156
v -1029.999756 -0.000930 -24775.035156
v -940.000549 -0.001130 -24712.574219
v -940.000549 -0.001130 -24775.074219
v -969.999939 -0.001130 -24712.574219
v -970.000427 -0.001130 -24775.074219
v -940.000549 -0.001040 -24837.574219
v -969.999939 -0.001130 -24837.574219
v -940.000549 -0.001130 -24650.074219
v -969.999939 -0.001130 -24650.074219
v -940.000122 -0.001040 -24900.072266
v -969.999939 -0.001130 -24900.074219
v -1030.000610 -0.000820 -24650.037109
v -970.000244 -0.000920 -24650.037109
v -1030.000610 -0.000820 -24660.037109
v -970.000244 -0.000920 -24660.037109
v -1029.999634 -0.001040 -24890.074219
v -969.999756 -0.001130 -24890.074219
v -1029.999634 -0.001040 -24900.072266
v -969.999756 -0.001130 -24900.072266
v -1060.000488 -0.002880 -25350.070313
v -1060.001343 -0.002580 -25200.072266
v -970.000671 -0.002880 -25350.070313
v -970.000671 -0.002580 -25200.072266
v -1060.000488 -0.003330 -25050.068359
v -970.000671 -0.002130 -25050.072266
v -1059.999146 -0.004230 -25500.066406
v -969.999939 -0.003040 -25500.070313
v -940.001465 -0.001980 -25050.072266
v -940.000671 -0.002730 -25200.072266
v -939.999939 -0.001690 -25350.074219
v -940.001465 -0.001830 -25500.074219
v -1059.999146 -0.003330 -24900.070313
v -969.999939 -0.002880 -24900.070313
v -940.000671 -0.001080 -24900.072266
v -1060.001343 -0.003320 -27150.035156
v -1060.000488 -0.004060 -27000.031250
v -970.000671 -0.003320 -27150.035156
v -970.000671 -0.002710 -27000.035156
v -940.001465 -0.002560 -27000.035156
v -940.000671 -0.003470 -27150.035156
v -1059.999146 -0.004060 -26850.033203
v -969.999939 -0.003470 -26850.033203
v -940.000671 -0.001820 -26850.035156
v -1059.999634 0.000060 -26850.000000
v -1059.999634 0.000060 -26787.500000
v -1030.000244 0.000060 -26850.000000
v -1030.000244 0.000060 -26787.500000
v -1059.999634 0.000170 -26662.500000
v -1060.000122 0.000170 -26600.000000
v -1030.000244 0.000060 -26662.500000
v -1030.000244 0.000060 -26600.000000
v -1059.999634 0.000170 -26725.000000
v -1029.999756 0.000060 -26725.000000
v -940.000732 -0.000140 -26662.537109
v -940.000732 -0.000030 -26725.037109
v -970.000122 -0.000140 -26662.537109
v -970.000549 -0.000140 -26725.037109
v -940.000732 -0.000030 -26787.537109
v -970.000122 -0.000140 -26787.537109
v -940.000732 -0.000140 -26600.037109
v -970.000122 -0.000140 -26600.037109
v -940.000244 -0.000030 -26850.037109
v -970.000122 -0.000140 -26850.037109
v -1030.000610 0.000170 -26600.000000
v -970.000244 0.000060 -26600.000000
v -1030.000610 0.000170 -26610.000000
v -970.000244 0.000060 -26610.000000
v -1029.999634 -0.000030 -26840.037109
v -969.999756 -0.000030 -26840.039063
v -1029.999634 -0.000030 -26850.037109
v -969.999756 -0.000030 -26850.037109
v -1059.999634 -0.000930 -27400.035156
v -1059.999634 -0.000930 -27337.535156
v -1030.000244 -0.000930 -27400.035156
v -1030.000244 -0.000930 -27337.535156
v -1059.999634 -0.000840 -27212.535156
v -1060.000122 -0.000840 -27150.035156
v -1030.000244 -0.000930 -27212.535156
v -1030.000244 -0.000930 -27150.035156
v -1059.999634 -0.000930 -27275.035156
v -1029.999756 -0.000930 -27275.035156
v -940.000549 -0.001130 -27212.574219
v -940.000549 -0.001130 -27275.074219
v -969.999939 -0.001130 -27212.574219
v -970.000427 -0.001130 -27275.074219
v -940.000549 -0.001040 -27337.574219
v -969.999939 -0.001130 -27337.574219
v -940.000549 -0.001130 -27150.074219
v -969.999939 -0.001130 -27150.074219
v -940.000122 -0.001040 -27400.072266
v -969.999939 -0.001130 -27400.074219
v -1030.000610 -0.000820 -27150.037109
v -970.000244 -0.000920 -27150.037109
v -1030.000610 -0.000820 -27160.037109
v -970.000244 -0.000920 -27160.037109
v -1029.999634 -0.001040 -27390.074219
v -969.999756 -0.001130 -27390.074219
v -1029.999634 -0.001040 -27400.072266
v -969.999756 -0.001130 -27400.072266
v -1059.999756 -0.001690 -26449.998047
v -1060.000488 -0.001380 -26300.000000
v -969.999939 -0.001690 -26449.998047
v -969.999939 -0.001380 -26300.000000
v -1059.999756 -0.002130 -26149.996094
v -969.999939 -0.000930 -26150.000000
v -1059.998413 -0.003190 -26599.994141
v -969.999329 -0.001980 -26599.998047
v -940.000671 -0.000780 -26150.000000
v -939.999939 -0.001540 -26300.000000
v -939.999329 -0.000480 -26450.001953
v -940.000671 -0.000630 -26600.001953
v -1059.998413 -0.002130 -25999.998047
v -969.999329 -0.001690 -25999.996094
v -939.999939 0.000120 -26000.000000
v -1060.000488 -0.002880 -27850.070313
v -1060.001343 -0.002580 -27700.072266
v -970.000671 -0.002880 -27850.070313
v -970.000671 -0.002580 -27700.072266
v -1060.000488 -0.003330 -27550.070313
v -970.000671 -0.002130 -27550.072266
v -1059.999146 -0.004230 -28000.066406
v -969.999939 -0.003040 -28000.070313
v -940.001465 -0.001980 -27550.072266
v -940.000671 -0.002730 -27700.072266
v -939.999939 -0.001690 -27850.074219
v -940.001465 -0.001830 -28000.074219
v -1059.999146 -0.003330 -27400.070313
v -969.999939 -0.002880 -27400.070313
v -940.000671 -0.001080 -27400.074219
v -1090.000366 0.000270 -24100.001953
v -1089.999878 0.000270 -24162.500000
v -1089.999390 0.000170 -24225.000000
v -1089.999390 0.000060 -24287.500000
v -1089.999390 0.000060 -24350.000000
v -910.000916 -0.000140 -24162.537109
v -910.000916 -0.000140 -24100.037109
v -910.000916 -0.000030 -24225.037109
v -910.000427 0.000060 -24287.537109
v -909.999939 0.000060 -24350.035156
v -1090.000366 -0.000730 -24650.037109
v -1089.999878 -0.000730 -24712.537109
v -1089.999390 -0.000930 -24775.035156
v -1089.999390 -0.000930 -24837.535156
v -1089.999390 -0.000930 -24900.035156
v -910.000854 -0.001130 -24775.074219
v -910.000854 -0.001130 -24712.574219
v -910.000854 -0.001130 -24650.074219
v -910.000366 -0.001040 -24837.572266
v -909.999817 -0.001040 -24900.070313
v -1090.000366 0.000270 -26600.001953
v -1089.999878 0.000270 -26662.500000
v -1089.999390 0.000170 -26725.000000
v -1089.999390 0.000060 -26787.500000
v -1089.999390 0.000060 -26850.000000
v -910.000916 -0.000140 -26662.537109
v -910.000916 -0.000140 -26600.037109
v -910.000916 -0.000030 -26725.037109
v -910.000427 0.000060 -26787.537109
v -909.999939 0.000060 -26850.035156
v -1090.000366 -0.000730 -27150.037109
v -1089.999878 -0.000730 -27212.535156
v -1089.999390 -0.000930 -27275.035156
v -1089.999390 -0.000930 -27337.535156
v -1089.999390 -0.000930 -27400.035156
v -910.000854 -0.001130 -27275.074219
v -910.000854 -0.001130 -27212.574219
v -910.000854 -0.001130 -27150.074219
v -910.000366 -0.001040 -27337.572266
v -909.999817 -0.001040 -27400.070313
v -1120.000000 6.000060 -24320.000000
v -1105.000000 6.000060 -24294.019531
v -1089.999878 6.000060 -24320.000000
v -1089.999878 6.000060 -24294.019531
v -1104.999878 6.000060 -24345.980469
v -1089.999878 6.000060 -24345.980469
v -1059.999878 6.000060 -24320.000000
v -1074.999878 6.000060 -24345.980469
v -1074.999756 6.000060 -24294.019531
v -1120.000000 6.000060 -24220.000000
v -1090.000000 6.000060 -24220.000000
v -1105.000000 6.000060 -24245.980469
v -1090.000122 6.000060 -24245.980469
v -1105.000000 6.000060 -24194.019531
v -1090.000000 6.000060 -24194.019531
v -1060.000000 6.000060 -24220.000000
v -1075.000122 6.000060 -24245.980469
v -1075.000000 6.000060 -24194.019531
v -1119.999878 6.000060 -24130.000000
v -1089.999878 6.000060 -24130.000000
v -1105.000122 6.000060 -24155.980469
v -1090.000122 6.000060 -24155.980469
v -1104.999878 6.000060 -24104.019531
v -1089.999878 6.000060 -24104.019531
v -1059.999878 6.000060 -24130.000000
v -1075.000122 6.000060 -24155.980469
v -1074.999878 6.000060 -24104.019531
v -940.000427 5.999860 -24320.037109
v -910.000366 5.999860 -24320.037109
v -925.000366 5.999860 -24346.017578
v -910.000366 5.999860 -24346.017578
v -925.000366 5.999860 -24294.056641
v -910.000366 5.999860 -24294.056641
v -880.000305 5.999860 -24320.037109
v -895.000366 5.999860 -24346.017578
v -895.000305 5.999860 -24294.056641
v -940.000427 5.999860 -24230.037109
v -910.000305 5.999860 -24230.037109
v -925.000305 5.999860 -24256.017578
v -910.000305 5.999860 -24256.017578
v -925.000366 5.999860 -24204.056641
v -910.000366 5.999860 -24204.056641
v -880.000305 5.999860 -24230.037109
v -895.000305 5.999860 -24256.017578
v -895.000305 5.999860 -24204.056641
v -940.000427 5.999860 -24130.037109
v -910.000366 5.999860 -24130.037109
v -925.000366 5.999860 -24156.017578
v -910.000305 5.999860 -24156.017578
v -925.000366 5.999860 -24104.056641
v -910.000366 5.999860 -24104.056641
v -880.000305 5.999860 -24130.037109
v -895.000305 5.999860 -24156.017578
v -895.000366 5.999860 -24104.056641
v -1119.999878 5.999070 -24680.035156
v -1089.999878 5.999070 -24680.035156
v -1105.000122 5.999070 -24706.015625
v -1090.000122 5.999070 -24706.015625
v -1104.999878 5.999070 -24654.054688
v -1089.999878 5.999070 -24654.054688
v -1060.000122 5.999070 -24680.035156
v -1074.999878 5.999070 -24706.015625
v -1075.000122 5.999070 -24654.054688
v -1120.000122 5.999070 -24770.035156
v -1105.000122 5.999070 -24744.054688
v -1090.000122 5.999070 -24770.035156
v -1090.000122 5.999070 -24744.054688
v -1105.000122 5.999070 -24796.015625
v -1089.999878 5.999070 -24796.015625
v -1060.000122 5.999070 -24770.035156
v -1075.000122 5.999070 -24744.054688
v -1074.999878 5.999070 -24796.015625
v -1119.999878 5.999070 -24870.035156
v -1089.999878 5.999070 -24870.035156
v -1104.999878 5.999070 -24896.015625
v -1089.999878 5.999070 -24896.015625
v -1104.999878 5.999070 -24844.054688
v -1089.999878 5.999070 -24844.054688
v -1060.000122 5.999070 -24870.035156
v -1074.999878 5.999070 -24896.015625
v -1075.000122 5.999070 -24844.054688
v -940.000427 5.998870 -24870.072266
v -910.000488 5.998870 -24870.072266
v -925.000488 5.998870 -24896.052734
v -910.000488 5.998870 -24896.052734
v -925.000488 5.998870 -24844.091797
v -910.000366 5.998870 -24844.091797
v -880.000366 5.998870 -24870.072266
v -895.000366 5.998870 -24896.052734
v -895.000366 5.998870 -24844.091797
v -940.000427 5.998870 -24780.072266
v -910.000366 5.998870 -24780.072266
v -925.000366 5.998870 -24806.052734
v -910.000305 5.998870 -24806.052734
v -925.000366 5.998870 -24754.091797
v -910.000366 5.998870 -24754.091797
v -880.000366 5.998870 -24780.072266
v -895.000366 5.998870 -24754.091797
v -895.000305 5.998870 -24806.052734
v -940.000488 5.998870 -24680.072266
v -925.000732 5.998870 -24654.091797
v -910.000732 5.998870 -24680.072266
v -910.000488 5.998870 -24654.091797
v -925.000366 5.998870 -24706.052734
v -910.000366 5.998870 -24706.052734
v -880.000488 5.998870 -24680.072266
v -895.000488 5.998870 -24654.091797
v -895.000488 5.998870 -24706.052734
v -1119.999756 6.000060 -26630.000000
v -1089.999756 6.000060 -26630.000000
v -1104.999878 6.000060 -26655.980469
v -1089.999878 6.000060 -26655.980469
v -1104.999756 6.000060 -26604.019531
v -1089.999756 6.000060 -26604.019531
v -1059.999756 6.000060 -26630.000000
v -1074.999878 6.000060 -26655.980469
v -1074.999756 6.000060 -26604.019531
v -1119.999878 6.000060 -26720.000000
v -1090.000122 6.000060 -26720.000000
v -1104.999878 6.000060 -26745.980469
v -1089.999878 6.000060 -26745.980469
v -1105.000122 6.000060 -26694.019531
v -1090.000122 6.000060 -26694.019531
v -1060.000122 6.000060 -26720.000000
v -1075.000122 6.000060 -26745.980469
v -1075.000122 6.000060 -26694.019531
v -1119.999878 6.000060 -26820.000000
v -1104.999878 6.000060 -26794.019531
v -1089.999878 6.000060 -26820.000000
v -1089.999878 6.000060 -26794.019531
v -1104.999756 6.000060 -26845.980469
v -1089.999756 6.000060 -26845.980469
v -1060.000122 6.000060 -26820.000000
v -1074.999878 6.000060 -26845.980469
v -1075.000122 6.000060 -26794.019531
v -940.000488 5.999860 -26820.037109
v -925.000488 5.999860 -26794.056641
v -910.000366 5.999860 -26820.037109
v -910.000366 5.999860 -26794.056641
v -925.000366 5.999860 -26846.017578
v -910.000366 5.999860 -26846.017578
v -880.000366 5.999860 -26820.037109
v -895.000366 5.999860 -26846.017578
v -895.000366 5.999860 -26794.056641
v -940.000305 5.999860 -26730.037109
v -925.000305 5.999860 -26704.056641
v -910.000366 5.999860 -26730.037109
v -910.000366 5.999860 -26704.056641
v -925.000366 5.999860 -26756.017578
v -910.000366 5.999860 -26756.017578
v -880.000488 5.999860 -26730.037109
v -895.000488 5.999860 -26704.056641
v -895.000366 5.999860 -26756.017578
v -940.000488 5.999860 -26630.037109
v -925.000488 5.999860 -26604.056641
v -910.000366 5.999860 -26630.037109
v -910.000366 5.999860 -26604.056641
v -925.000366 5.999860 -26656.017578
v -910.000366 5.999860 -26656.017578
v -880.000366 5.999860 -26630.037109
v -895.000366 5.999860 -26656.017578
v -895.000366 5.999860 -26604.056641
v -1120.000122 5.999070 -27180.035156
v -1105.000122 5.999070 -27154.054688
v -1090.000122 5.999070 -27180.035156
v -1090.000122 5.999070 -27154.054688
v -1104.999878 5.999070 -27206.015625
v -1089.999878 5.999070 -27206.015625
v -1060.000122 5.999070 -27180.035156
v -1075.000122 5.999070 -27206.015625
v -1075.000122 5.999070 -27154.054688
v -1120.000122 5.999070 -27270.035156
v -1090.000122 5.999070 -27270.035156
v -1105.000122 5.999070 -27296.015625
v -1090.000122 5.999070 -27296.015625
v -1105.000122 5.999070 -27244.054688
v -1089.999878 5.999070 -27244.054688
v -1059.999878 5.999070 -27270.035156
v -1075.000122 5.999070 -27296.015625
v -1074.999878 5.999070 -27244.054688
v -1120.000122 5.999070 -27370.035156
v -1105.000122 5.999070 -27344.054688
v -1090.000122 5.999070 -27370.035156
v -1090.000122 5.999070 -27344.054688
v -1104.999878 5.999070 -27396.015625
v -1089.999878 5.999070 -27396.015625
v -1060.000122 5.999070 -27370.035156
v -1075.000122 5.999070 -27396.015625
v -1075.000122 5.999070 -27344.054688
v -940.000427 5.998870 -27370.072266
v -910.000366 5.998870 -27370.072266
v -925.000488 5.998870 -27396.052734
v -910.000305 5.998870 -27396.052734
v -925.000366 5.998870 -27344.091797
v -910.000305 5.998870 -27344.091797
v -880.000305 5.998870 -27370.072266
v -895.000366 5.998870 -27396.052734
v -895.000305 5.998870 -27344.091797
v -940.000488 5.998870 -27280.072266
v -910.000366 5.998870 -27280.072266
v -925.000488 5.998870 -27306.052734
v -910.000488 5.998870 -27306.052734
v -925.000488 5.998870 -27254.091797
v -910.000488 5.998870 -27254.091797
v -880.000366 5.998870 -27280.072266
v -895.000366 5.998870 -27306.052734
v -895.000366 5.998870 -27254.091797
v -940.000366 5.998870 -27180.072266
v -925.000366 5.998870 -27154.091797
v -910.000366 5.998870 -27180.072266
v -910.000244 5.998870 -27154.091797
v -925.000244 5.998870 -27206.052734
v -910.000122 5.998870 -27206.052734
v -880.000244 5.998870 -27180.072266
v -895.000244 5.998870 -27154.091797
v -895.000366 5.998870 -27206.052734
# 2944 vertices

vt -0.24990 2.00550
vt 0.49990 -0.50010
vt -0.24990 -0.50010
vt 0.49990 2.00550
vt 0.49990 -3.00550
vt -0.24990 -3.00550
vt 1.24990 -0.50010
vt 1.24990 2.00550
vt 1.24990 -3.00550
vt 7.18350 -0.84510
vt 12.39590 -0.15490
vt 7.18350 -0.15490
vt 12.39590 -0.84510
vt 0.96230 -0.84510
vt 6.17470 -0.15490
vt 0.96230 -0.15490
vt 6.17470 -0.84510
vt -5.25880 -0.84510
vt -0.04640 -0.15490
vt -5.25880 -0.15490
vt -0.04640 -0.84510
vt -11.39590 -0.84510
vt -6.26760 -0.15490
vt -11.39590 -0.15490
vt -6.26760 -0.84510
vt -6.02250 -0.83490
vt -11.10920 -0.16520
vt -6.02250 -0.16520
vt -11.10920 -0.83490
vt 0.04870 -0.83490
vt -5.03790 -0.16520
vt 0.04870 -0.16520
vt -5.03790 -0.83490
vt 6.12000 -0.83490
vt 1.03320 -0.16520
vt 6.12000 -0.16520
vt 1.03320 -0.83490
vt 12.10920 -0.83490
vt 7.10450 -0.16520
vt 12.10920 -0.16520
vt 7.10450 -0.83490
vt 1.50040 -0.99810
vt 3.50930 -0.00200
vt 3.50930 -0.99810
vt 1.50040 -0.00200
vt 0.00190 -0.00200
vt 0.00190 -0.99810
vt 7.00440 -0.99810
vt 5.25900 -0.00200
vt 7.00440 -0.00200
vt 5.25900 -0.99810
vt 8.99560 -0.99810
vt 8.99560 -0.00200
vt 9.74470 -0.00200
vt 9.74470 -0.99810
vt 13.74990 -0.00200
vt 15.50530 -0.99810
vt 13.74990 -0.99810
vt 15.50530 -0.00200
vt 17.25580 -0.99810
vt 17.25580 -0.00200
vt 11.77010 -0.99810
vt 11.77010 -0.00200
vt 0.75480 -0.99810
vt 2.50480 -0.00200
vt 2.50480 -0.99810
vt 0.75480 -0.00200
vt 0.25680 -0.99810
vt 0.25680 -0.00200
vt -1.49560 -2.67880
vt 1.49670 -2.86130
vt -1.49560 -2.86130
vt 1.49670 -2.67880
vt -1.73800 -2.13680
vt 1.61530 -1.99820
vt -1.73800 -1.99820
vt 1.61530 -2.13680
vt -1.49560 -2.24600
vt 1.49670 -2.13600
vt -1.49560 -2.13600
vt 1.49670 -2.24600
vt 1.50040 3.00190
vt 3.50930 3.99800
vt 3.50930 3.00190
vt 1.50040 3.99800
vt 0.00190 3.00190
vt 0.00190 3.99800
vt 7.00440 3.00190
vt 5.25900 3.99800
vt 7.00440 3.99800
vt 5.25900 3.00190
vt 8.99560 3.00190
vt 8.99560 3.99800
vt 9.74470 3.99800
vt 9.74470 3.00190
vt 13.74990 3.99800
vt 15.50530 3.00190
vt 13.74990 3.00190
vt 15.50530 3.99800
vt 17.25580 3.00190
vt 17.25580 3.99800
vt 11.77010 3.00190
vt 11.77010 3.99800
vt 0.75480 3.00190
vt 2.50480 3.99800
vt 2.50480 3.00190
vt 0.75480 3.99800
vt 0.25680 3.00190
vt 0.25680 3.99800
vt 1.50040 4.00190
vt 3.50930 4.99800
vt 3.50930 4.00190
vt 1.50040 4.99800
vt 0.00190 4.99800
vt 0.00190 4.00190
vt 7.00440 4.00190
vt 5.25900 4.99800
vt 7.00440 4.99800
vt 5.25900 4.00190
vt 8.99560 4.00190
vt 8.99560 4.99800
vt 9.74470 4.99800
vt 9.74470 4.00190
vt 13.74990 4.99800
vt 15.50530 4.00190
vt 13.74990 4.00190
vt 15.50530 4.99800
vt 17.25580 4.00190
vt 17.25580 4.99800
vt 11.77010 4.00190
vt 11.77010 4.99800
vt 0.75480 4.00190
vt 2.50480 4.99800
vt 2.50480 4.00190
vt 0.75480 4.99800
vt 0.25680 4.00190
vt 0.25680 4.99800
vt -0.99880 -0.00200
vt 1.99880 -0.99810
vt -0.99880 -0.99810
vt 1.99880 -0.00200
vt -1.00120 -0.00200
vt 2.00120 -0.99810
vt -1.00120 -0.99810
vt 2.00120 -0.00200
vt 0.54240 -0.06380
vt 1.16740 -0.35400
vt 1.16740 -0.06380
vt 0.54240 -0.35400
vt 1.04900 -0.09640
vt 0.44550 -0.32140
vt 0.44550 -0.09640
vt 1.04900 -0.32140
vt -6.40310 -0.02210
vt -6.16750 -0.06740
vt -6.16750 -0.02210
vt -6.40310 -0.06740
vt -3.24600 -0.02210
vt -3.01040 -0.06740
vt -3.01040 -0.02210
vt -3.24600 -0.06740
vt -2.91620 -0.02210
vt -2.68060 -0.06740
vt -2.68060 -0.02210
vt -2.91620 -0.06740
vt 0.24080 -0.02210
vt 0.47640 -0.06740
vt 0.47640 -0.02210
vt 0.24080 -0.06740
vt 0.57060 -0.02210
vt 0.80620 -0.06740
vt 0.80620 -0.02210
vt 0.57060 -0.06740
vt 3.72770 -0.02210
vt 3.96330 -0.06740
vt 3.96330 -0.02210
vt 3.72770 -0.06740
vt 4.05760 -0.02210
vt 4.29320 -0.06740
vt 4.29320 -0.02210
vt 4.05760 -0.06740
vt 7.16750 -0.02210
vt 7.40310 -0.06740
vt 7.40310 -0.02210
vt 7.16750 -0.06740
vt -3.23190 -0.01830
vt -3.36380 -0.07220
vt -3.36380 -0.01830
vt -3.23190 -0.07220
vt -1.46480 -0.01830
vt -1.59670 -0.07220
vt -1.59670 -0.01830
vt -1.46480 -0.07220
vt -1.28020 -0.01830
vt -1.41210 -0.07220
vt -1.41210 -0.01830
vt -1.28020 -0.07220
vt 0.48680 -0.01830
vt 0.35490 -0.07220
vt 0.35490 -0.01830
vt 0.48680 -0.07220
vt 0.67140 -0.01830
vt 0.53950 -0.07220
vt 0.53950 -0.01830
vt 0.67140 -0.07220
vt 2.43850 -0.01830
vt 2.30660 -0.07220
vt 2.30660 -0.01830
vt 2.43850 -0.07220
vt 2.62310 -0.01830
vt 2.49120 -0.07220
vt 2.49120 -0.01830
vt 2.62310 -0.07220
vt 4.36380 -0.01830
vt 4.23190 -0.07220
vt 4.23190 -0.01830
vt 4.36380 -0.07220
vt 4.73870 -0.39810
vt 3.74420 -0.00200
vt 4.73870 -0.00200
vt 3.74420 -0.39810
vt 2.74980 -0.00200
vt 2.74980 -0.39810
vt 1.73740 -0.00200
vt 1.73740 -0.39810
vt 0.73690 -0.00200
vt 0.73690 -0.39810
vt 5.25920 -0.39810
vt 5.25920 -0.00200
vt 0.25840 -0.00200
vt 0.25840 -0.39810
vt -3.06500 -0.00600
vt -1.44300 -1.00000
vt -1.44300 -0.00600
vt -3.06500 -1.00000
vt 0.17900 -1.00000
vt 0.17900 -0.00600
vt 1.80100 -1.00000
vt 1.80100 -0.00600
vt 3.42310 -0.00600
vt 3.42310 -1.00000
vt -0.01230 -0.00200
vt 1.48690 -0.99810
vt -0.01230 -0.99810
vt 1.48690 -0.00200
vt -0.07370 3.00190
vt 1.43350 3.99800
vt -0.07370 3.99800
vt 1.43350 3.00190
vt 0.99800 -0.99810
vt 0.50080 -0.00200
vt 0.99800 -0.00200
vt 0.50080 -0.59390
vt 0.50640 -0.00200
vt 0.50640 -0.59110
vt 0.00190 -0.58740
vt 0.99800 -0.58740
vt -1.00740 -0.99800
vt 2.00740 -0.61620
vt -1.00740 -0.61620
vt 2.00740 -0.99800
vt 0.81150 -1.00000
vt 0.97920 -0.00010
vt 0.97920 -1.00000
vt 0.81150 -0.00010
vt 0.02040 1.31360
vt 0.18450 -0.01740
vt 0.18450 1.31360
vt 0.02040 -0.01740
vt 0.81330 1.00360
vt 0.99990 0.25180
vt 0.81330 0.25180
vt 0.99990 1.00360
vt 0.99990 -0.50010
vt 0.81330 -0.50010
vt 0.99990 -1.25180
vt 0.81330 -1.25180
vt 0.81330 -2.00360
vt 0.99990 -2.00360
vt 3.00260 -0.26510
vt 3.99700 -0.99810
vt 3.99700 -0.26510
vt 3.00260 -0.99810
vt 2.00820 -0.26510
vt 2.00820 -0.99810
vt 1.00510 -0.99810
vt 1.00510 -0.26510
vt 0.00190 -0.26510
vt 3.50150 -0.26310
vt 4.00770 -1.00000
vt 4.00770 -0.26310
vt 3.50150 -1.00000
vt 1.00190 -0.26310
vt 0.00130 -1.00000
vt 1.00190 -1.00000
vt 0.00130 -0.26310
vt 1.87020 -1.00000
vt 1.87020 -0.26310
vt 2.75690 -0.26310
vt 2.75690 -1.00000
vt 0.99990 -0.26310
vt 0.49990 -1.00000
vt 0.49990 -0.26310
vt 0.99990 -1.00000
vt 2.49600 -0.99810
vt 2.00380 -0.26510
vt 2.00380 -0.99810
vt 2.49600 -0.26510
vt 2.98820 -0.99810
vt 2.98820 -0.26510
vt 1.50730 -0.99810
vt 1.50730 -0.26510
vt 1.01070 -0.26510
vt 1.01070 -0.99810
vt 2.74730 -0.26310
vt 2.99850 -1.00000
vt 2.99850 -0.26310
vt 2.74730 -1.00000
vt 1.50700 -0.26310
vt 1.01060 -1.00000
vt 1.50700 -1.00000
vt 1.01060 -0.26310
vt 1.93790 -1.00000
vt 1.93790 -0.26310
vt 2.37780 -0.26310
vt 2.37780 -1.00000
vt 2.50220 -0.99810
vt 2.00390 -0.26510
vt 2.00390 -0.99810
vt 2.50220 -0.26510
vt 3.00060 -0.99810
vt 3.00060 -0.26510
vt 1.50110 -0.99810
vt 1.50110 -0.26510
vt 0.99830 -0.26510
vt 0.99830 -0.99810
vt 2.75300 -0.26310
vt 3.00620 -1.00000
vt 3.00620 -0.26310
vt 2.75300 -1.00000
vt 1.50320 -0.26310
vt 1.00280 -1.00000
vt 1.50320 -1.00000
vt 1.00280 -0.26310
vt 1.93740 -1.00000
vt 1.93740 -0.26310
vt 2.38070 -0.26310
vt 2.38070 -1.00000
vt 1.10200 -0.26310
vt 0.93100 -1.00000
vt 0.93100 -0.26310
vt 1.10200 -1.00000
vt 3.00260 3.73490
vt 3.99700 3.00190
vt 3.99700 3.73490
vt 3.00260 3.00190
vt 2.00820 3.73490
vt 2.00820 3.00190
vt 1.00510 3.00190
vt 1.00510 3.73490
vt 0.00190 3.73490
vt 4.00770 3.73690
vt 3.50150 3.00000
vt 4.00770 3.00000
vt 3.50150 3.73690
vt 1.00190 3.73690
vt 0.00130 3.00000
vt 1.00190 3.00000
vt 0.00130 3.73690
vt 1.87020 3.00000
vt 1.87020 3.73690
vt 2.75690 3.73690
vt 2.75690 3.00000
vt 0.99990 3.73690
vt 0.49990 3.00000
vt 0.49990 3.73690
vt 0.99990 3.00000
vt 3.00260 4.73490
vt 3.99700 4.00190
vt 3.99700 4.73490
vt 3.00260 4.00190
vt 2.00820 4.73490
vt 2.00820 4.00190
vt 1.00510 4.00190
vt 1.00510 4.73490
vt 0.00190 4.73490
vt 4.00770 4.73690
vt 3.50150 4.00000
vt 4.00770 4.00000
vt 3.50150 4.73690
vt 1.00190 4.73690
vt 0.00130 4.00000
vt 1.00190 4.00000
vt 0.00130 4.73690
vt 1.87020 4.00000
vt 1.87020 4.73690
vt 2.75690 4.73690
vt 2.75690 4.00000
vt 0.99990 4.73690
vt 0.49990 4.00000
vt 0.49990 4.73690
vt 0.99990 4.00000
vt 0.11880 -0.01450
vt 0.50050 0.67210
vt 0.18820 0.67210
vt 0.36170 -0.01450
vt -0.35670 -0.01450
vt -0.18730 0.67210
vt -0.49540 0.67210
vt -0.11790 -0.01450
vt 0.00250 -0.32780
vt -0.66510 -1.98910
vt -1.44760 -3.12350
vt -0.18710 -2.30430
vt -1.88880 -2.49640
vt 1.97050 -2.93070
vt 1.32310 -1.99210
vt 0.92750 -2.25280
vt 2.33550 -2.41180
vt -1.00180 -1.99210
vt -1.00180 -2.25280
vt 2.14470 -1.98910
vt 2.14470 -2.30430
vt -0.00260 0.54940
vt 1.54350 2.03410
vt 1.54350 0.54940
vt -0.00260 2.03410
vt 1.54350 3.51860
vt -0.00260 3.51860
vt -0.00260 -0.93520
vt 1.54350 -0.93520
vt 1.54350 5.00330
vt -0.00260 5.00330
vt 0.45900 -2.27820
vt -0.00820 -0.70760
vt 0.45900 -0.70760
vt -0.00820 -2.27820
vt -0.00820 0.86290
vt 0.45900 0.86290
vt -0.00820 2.43350
vt 0.45900 2.43350
vt 0.45900 4.00390
vt -0.00820 4.00390
vt 0.45900 -1.27820
vt -0.00820 0.29240
vt 0.45900 0.29240
vt -0.00820 -1.27820
vt -0.00820 1.86290
vt 0.45900 1.86290
vt -0.00820 3.43350
vt 0.45900 3.43350
vt 0.45900 5.00390
vt -0.00820 5.00390
vt 0.00000 -2.96500
vt 0.99990 -1.96500
vt 0.00000 -1.96500
vt 0.99990 -2.96500
vt -0.16020 -3.00000
vt 0.16880 -2.00010
vt -0.16020 -2.00010
vt 0.16880 -3.00000
vt -0.16020 -2.50580
vt 0.17380 -3.00000
vt 0.17380 -2.50580
vt 0.00190 0.09960
vt 1.99990 0.49940
vt 1.99990 0.09960
vt 0.00190 0.49940
vt 0.00190 -0.30020
vt 1.99990 -0.30020
vt 0.00190 -0.69990
vt 1.99990 -0.69990
vt 0.00190 -1.09960
vt 1.99990 -1.09960
vt 0.00190 -1.49940
vt 1.99990 -1.49940
vt 0.00190 1.25390
vt 0.99800 -1.37970
vt 0.99800 1.25390
vt 0.00190 -1.37970
vt 0.00190 -2.25390
vt 0.99800 -2.25390
vt 0.09870 0.99920
vt 0.44840 0.74010
vt 0.09870 0.74010
vt 0.44840 0.99920
vt -0.47050 0.74010
vt -0.47050 0.99920
vt -1.26730 0.74010
vt -1.26730 0.99920
vt 1.01260 0.99920
vt 1.01260 0.74010
vt -0.00750 -3.25570
vt 0.19100 -2.99960
vt -0.00750 -2.99960
vt 0.19100 -3.25570
vt 2.26730 0.99920
vt 2.26730 0.74010
vt 0.25090 -0.47090
vt 0.00190 -0.83290
vt 0.00190 -0.47090
vt 0.25090 -0.83290
vt 0.49990 -0.47090
vt 0.49990 -0.83290
vt 0.74900 -0.47090
vt 0.74900 -0.83290
vt 0.99800 -0.47090
vt 0.99800 -0.83290
vt 0.79880 -0.24860
vt 0.99800 -0.24860
vt 0.79880 -0.99810
vt 0.79880 -0.00200
vt 0.59960 -0.24860
vt 0.59960 -0.99810
vt 0.59960 -0.00200
vt 0.40030 -0.24860
vt 0.40030 -0.00200
vt 0.40030 -0.99810
vt 0.20110 -0.24860
vt 0.20110 -0.00200
vt 0.20110 -0.99810
vt 0.00190 -0.24860
vt -0.50480 -0.86350
vt -0.00240 -1.24500
vt -0.50480 -1.24500
vt -0.00240 -0.86350
vt 1.00240 -0.86350
vt 1.50480 -1.24500
vt 1.00240 -1.24500
vt 1.50480 -0.86350
vt 0.49990 -0.86350
vt 0.49990 -1.24500
vt 0.99990 -1.24710
vt 0.49990 -0.87420
vt 0.49990 -1.24710
vt 0.99990 -0.87420
vt 0.00000 -0.87420
vt 0.00000 -1.24710
vt 1.49980 -1.24710
vt 1.49980 -0.87420
vt -0.49980 -1.24710
vt -0.49980 -0.87420
vt 0.00190 -0.45900
vt 0.49770 -0.62060
vt 0.00190 -0.62060
vt 0.49770 -0.45900
vt 0.99830 -0.62060
vt 0.99830 -0.45900
vt 1.99900 -0.45900
vt 1.75000 -0.62060
vt 1.75000 -0.45900
vt 1.99900 -0.62060
vt 1.24980 -0.62060
vt 1.24980 -0.45900
vt 1.50100 -0.45900
vt 1.50100 -0.62060
vt 1.49880 -0.45900
vt 1.49880 -0.62060
vt 0.50360 -0.45900
vt 0.50360 -0.62060
vt 0.49560 -0.50010
vt 0.02540 -0.50010
vt 0.16310 -0.83250
vt 0.16310 -0.16760
vt 0.49720 -0.50010
vt 0.15460 -0.84270
vt 0.01270 -0.50010
vt 0.15460 -0.15740
vt 0.49560 -0.97030
vt 0.49560 -0.02980
vt 0.49720 -0.98460
vt 0.49720 -0.01550
vt 0.82810 -0.83250
vt 0.82810 -0.16760
vt 0.83980 -0.84270
vt 0.83980 -0.15740
vt 0.96580 -0.50010
vt 0.98180 -0.50010
vt 2.97990 -0.50010
vt 0.99390 0.00040
vt 2.97990 0.00040
vt 0.99390 -0.50000
vt -0.99190 -0.50000
vt -0.99190 0.00040
vt 0.99390 -1.00040
vt 2.97990 -1.00040
vt -0.99190 -1.00040
vt 0.99390 -1.50090
vt 2.97990 -1.50090
vt -0.99190 -1.50090
vt 2.97990 0.50090
vt 0.99390 0.50090
vt -0.99190 0.50090
vt 1.50370 -0.30440
vt 1.10220 -0.12250
vt 1.50370 -0.12250
vt 1.10220 -0.30440
vt 1.50370 -0.44390
vt 1.10220 -0.44390
vt 0.70070 -0.12250
vt 0.70070 -0.30440
vt 0.70070 -0.44390
vt 0.29920 -0.12250
vt 0.29920 -0.30440
vt 0.29920 -0.44390
vt -0.10220 -0.30440
vt -0.10220 -0.44390
vt -0.10220 -0.12250
vt -0.50370 -0.30440
vt -0.50370 -0.44390
vt -0.50370 -0.12250
vt 0.94860 0.49680
vt 1.24770 0.86800
vt 0.94860 0.86800
vt 1.24770 0.49680
vt 0.94860 -0.16520
vt 1.24770 -0.16520
vt 0.64950 0.49680
vt 0.64950 0.86800
vt 0.64950 -0.16520
vt 0.35040 -0.16520
vt 0.35040 0.49680
vt 0.35040 0.86800
vt 0.05130 -0.16520
vt 0.05130 0.49680
vt 0.05130 0.86800
vt -0.24770 -0.16520
vt -0.24770 0.49680
vt -0.24770 0.86800
vt 0.89590 -0.16200
vt -0.33480 -0.40650
vt -0.33480 -0.16200
vt 0.89590 -0.28430
vt -0.29490 -0.40980
vt 0.79950 -0.16590
vt -0.29490 -0.16590
vt 0.79950 -0.28790
vt -0.84550 -0.89540
vt -0.84550 -0.16200
vt -0.74910 -0.89770
vt -0.74910 -0.16590
vt 0.60200 -0.22240
vt 0.10200 -0.79980
vt 1.10200 -0.51110
vt 0.10200 -0.51110
vt 1.10200 -0.79980
vt 0.50110 -0.00200
vt 0.00190 -0.25590
vt 0.50110 -0.25590
vt 0.29970 0.84930
vt 0.50370 0.49600
vt 0.09580 0.49600
vt 0.29970 0.14270
vt 0.70770 0.14270
vt 0.70770 0.84930
vt 0.91170 0.49600
vt 0.13300 -0.59770
vt 0.51140 -1.00000
vt 0.13300 -1.00000
vt 0.51140 -0.59770
vt 0.93720 -1.00000
vt 0.93720 -0.59770
vt -0.10930 -0.59770
vt -0.10930 -1.00000
vt 1.12670 -1.00000
vt 1.12670 -0.59770
vt 0.98090 -0.00200
vt 0.81440 -0.99810
vt 0.81440 -0.00200
vt 0.98090 -0.99810
vt 0.74990 -0.00250
vt 0.00190 -1.00580
vt 0.00190 -0.00250
vt 0.74990 -1.00580
vt 0.00190 -2.00900
vt 0.74990 -2.00900
vt 0.00190 1.00080
vt 0.74990 1.00080
vt 0.99800 -2.00900
vt 0.99800 -1.00580
vt 0.99800 -0.00250
vt 0.99800 1.00080
vt 0.74990 -3.01230
vt 0.00190 -3.01230
vt 0.99800 -3.01230
vt 0.24990 0.99960
vt 0.00000 0.49970
vt 0.00000 0.99960
vt 0.24990 0.49970
vt 0.24990 -0.50000
vt 0.00000 -0.99990
vt 0.00000 -0.50000
vt 0.24990 -1.00000
vt 0.00000 -0.00010
vt 0.25000 -0.00010
vt 0.75000 -0.49970
vt 0.99990 0.00010
vt 0.99990 -0.49970
vt 0.74990 0.00010
vt 0.99990 0.50000
vt 0.75000 0.50000
vt 0.75000 -0.99960
vt 0.99990 -0.99960
vt 0.99990 0.99990
vt 0.75000 0.99990
vt 0.74890 1.00000
vt 0.00210 -0.00010
vt 0.00210 1.00000
vt 0.74890 -0.00010
vt 0.99780 -0.00010
vt 0.99780 1.00000
vt 0.74910 1.99990
vt -0.00070 1.00000
vt -0.00070 1.99990
vt 0.74910 1.00000
vt 0.99530 1.00000
vt 0.99530 1.99990
vt 0.74990 0.00210
vt 0.00190 -0.99980
vt 0.00190 0.00210
vt 0.74990 -0.99980
vt 0.00190 -2.00150
vt 0.74990 -2.00150
vt 0.00190 1.00390
vt 0.74990 1.00390
vt 0.99800 -2.00150
vt 0.99800 -0.99980
vt 0.99800 0.00210
vt 0.99800 1.00390
vt 0.74990 -3.00330
vt 0.00190 -3.00330
vt 0.99800 -3.00330
vt 0.74990 0.00060
vt 0.00190 0.00060
vt 0.00190 -2.00000
vt 0.74990 -2.00000
vt 0.00190 1.00100
vt 0.74990 1.00100
vt 0.99800 -2.00000
vt 0.99800 0.00060
vt 0.99800 1.00100
vt 0.00190 -3.00040
vt 0.74990 -3.00040
vt 0.99800 -3.00040
vt 0.74990 -0.00220
vt 0.00190 -0.00220
vt 0.00190 -2.00920
vt 0.74990 -2.00920
vt 0.00190 1.00130
vt 0.74990 1.00130
vt 0.99800 -2.00920
vt 0.99800 -0.00220
vt 0.99800 1.00130
vt 0.00190 -3.01280
vt 0.74990 -3.01280
vt 0.99800 -3.01280
vt 2.25760 0.13060
vt 1.37880 0.40360
vt 2.25760 0.40360
vt 1.37880 0.13060
vt 0.50000 0.40360
vt 0.50000 0.13060
vt -1.25760 0.13060
vt -0.37880 0.40360
vt -0.37880 0.13060
vt -1.25760 0.40360
vt 0.50000 -0.50010
vt 0.96180 -0.76670
vt 0.50000 -1.03320
vt 0.96180 -0.50010
vt 0.03810 -0.76670
vt 0.03810 -0.50010
vt 0.03810 -0.23340
vt 0.50000 0.03320
vt 0.96180 -0.23340
# 775 texture vertices

g Object_2
usemtl texture0
f 1/3 2/2 3/1
f 2/2 4/4 3/1
f 5/6 6/5 1/3
f 6/5 2/2 1/3
f 2/2 7/7 4/4
f 7/7 8/8 4/4
f 6/5 9/9 2/2
f 9/9 7/7 2/2
f 10/3 11/2 12/1
f 11/2 13/4 12/1
f 14/6 15/5 10/3
f 15/5 16/2 10/3
f 16/2 17/7 13/4
f 17/7 18/8 13/4
f 15/5 19/9 16/2
f 19/9 17/7 16/2
f 20/3 21/2 22/1
f 21/2 23/4 22/1
f 24/6 25/5 20/3
f 25/5 21/2 20/3
f 21/2 26/7 23/4
f 26/7 27/8 23/4
f 25/5 28/9 21/2
f 28/9 26/7 21/2
f 29/3 30/2 31/1
f 30/2 32/4 31/1
f 33/6 34/5 29/3
f 34/5 30/2 29/3
f 30/2 35/7 32/4
f 35/7 36/8 32/4
f 34/5 37/9 30/2
f 37/9 35/7 30/2
g obj1
usemtl mat1
f 38/12 39/11 40/10
f 39/11 41/13 40/10
f 42/16 43/15 44/14
f 43/15 45/17 44/14
f 46/20 47/19 48/18
f 47/19 49/21 48/18
f 50/24 51/23 52/22
f 51/23 53/25 52/22
f 54/10 55/13 38/12
f 55/13 39/11 38/12
f 56/14 57/17 42/16
f 57/17 43/15 42/16
f 58/18 59/21 46/20
f 59/21 47/19 46/20
f 60/22 61/25 50/24
f 61/25 51/23 50/24
f 40/28 41/27 54/26
f 41/27 55/29 54/26
f 44/32 45/31 56/30
f 45/31 57/33 56/30
f 48/36 49/35 58/34
f 49/35 59/37 58/34
f 52/40 53/39 60/38
f 53/39 61/41 60/38
f 62/22 63/25 64/24
f 63/25 65/23 64/24
f 66/18 67/21 68/20
f 67/21 69/19 68/20
f 70/14 71/17 72/16
f 71/17 73/15 72/16
f 74/10 75/13 76/12
f 75/13 77/11 76/12
f 64/24 65/23 78/22
f 65/23 79/25 78/22
f 68/20 69/19 80/18
f 69/19 81/21 80/18
f 72/16 73/15 82/14
f 73/15 83/17 82/14
f 76/12 77/11 84/10
f 77/11 85/13 84/10
f 78/40 79/39 62/38
f 79/39 63/41 62/38
f 80/36 81/35 66/34
f 81/35 67/37 66/34
f 82/32 83/31 70/30
f 83/31 71/33 70/30
f 84/28 85/27 74/26
f 85/27 75/29 74/26
f 86/22 87/25 88/24
f 87/25 89/23 88/24
f 90/18 91/21 92/20
f 91/21 93/19 92/20
f 94/14 95/17 96/16
f 95/17 97/15 96/16
f 98/10 99/13 100/12
f 99/13 101/11 100/12
f 88/24 89/23 102/22
f 89/23 103/25 102/22
f 92/20 93/19 104/18
f 93/19 105/21 104/18
f 96/16 97/15 106/14
f 97/15 107/17 106/14
f 100/12 101/11 108/10
f 101/11 109/13 108/10
f 102/40 103/39 86/38
f 103/39 87/41 86/38
f 104/36 105/35 90/34
f 105/35 91/37 90/34
f 106/32 107/31 94/30
f 107/31 95/33 94/30
f 108/28 109/27 98/26
f 109/27 99/29 98/26
f 110/12 111/11 112/10
f 111/11 113/13 112/10
f 114/16 115/15 116/14
f 115/15 117/17 116/14
f 118/20 119/19 120/18
f 119/19 121/21 120/18
f 122/24 123/23 124/22
f 123/23 125/25 124/22
f 126/10 127/13 110/12
f 127/13 111/11 110/12
f 128/14 129/17 114/16
f 129/17 115/15 114/16
f 130/18 131/21 118/20
f 131/21 119/19 118/20
f 132/22 133/25 122/24
f 133/25 123/23 122/24
f 112/28 113/27 126/26
f 113/27 127/29 126/26
f 116/32 117/31 128/30
f 117/31 129/33 128/30
f 120/36 121/35 130/34
f 121/35 131/37 130/34
f 124/40 125/39 132/38
f 125/39 133/41 132/38
f 134/44 135/43 136/42
f 136/42 135/43 137/45
f 138/47 136/42 139/46
f 136/42 137/45 139/46
f 140/50 141/49 142/48
f 143/51 142/48 141/49
f 143/51 141/49 134/44
f 134/44 141/49 135/43
f 144/53 140/50 145/52
f 140/50 142/48 145/52
f 144/53 145/52 146/54
f 145/52 147/55 146/54
f 148/58 149/57 150/56
f 150/56 149/57 151/59
f 149/57 152/60 151/59
f 151/59 152/60 153/61
f 154/63 146/54 155/62
f 147/55 155/62 146/54
f 155/62 148/58 154/63
f 154/63 148/58 150/56
f 138/66 139/65 156/64
f 156/64 139/65 157/67
f 156/64 157/67 152/68
f 152/68 157/67 153/69
f 158/72 159/71 160/70
f 159/71 161/73 160/70
f 162/72 163/71 164/70
f 163/71 165/73 164/70
f 166/72 167/71 168/70
f 167/71 169/73 168/70
f 170/72 171/71 172/70
f 171/71 173/73 172/70
f 174/76 175/75 158/74
f 175/75 159/77 158/74
f 176/76 177/75 162/74
f 177/75 163/77 162/74
f 178/76 179/75 166/74
f 179/75 167/77 166/74
f 180/76 181/75 170/74
f 181/75 171/77 170/74
f 160/80 161/79 174/78
f 161/79 175/81 174/78
f 164/80 165/79 176/78
f 165/79 177/81 176/78
f 168/80 169/79 178/78
f 169/79 179/81 178/78
f 172/80 173/79 180/78
f 173/79 181/81 180/78
f 182/72 183/71 184/70
f 183/71 185/73 184/70
f 186/72 187/71 188/70
f 187/71 189/73 188/70
f 190/72 191/71 192/70
f 191/71 193/73 192/70
f 194/72 195/71 196/70
f 195/71 197/73 196/70
f 198/76 199/75 182/74
f 199/75 183/77 182/74
f 200/76 201/75 186/74
f 201/75 187/77 186/74
f 202/76 203/75 190/74
f 203/75 191/77 190/74
f 204/76 205/75 194/74
f 205/75 195/77 194/74
f 184/80 185/79 198/78
f 185/79 199/81 198/78
f 188/80 189/79 200/78
f 189/79 201/81 200/78
f 192/80 193/79 202/78
f 193/79 203/81 202/78
f 196/80 197/79 204/78
f 197/79 205/81 204/78
f 206/80 207/79 208/78
f 207/79 209/81 208/78
f 210/80 211/79 212/78
f 211/79 213/81 212/78
f 214/80 215/79 216/78
f 215/79 217/81 216/78
f 218/80 219/79 220/78
f 219/79 221/81 220/78
f 208/76 209/75 222/74
f 209/75 223/77 222/74
f 212/76 213/75 224/74
f 213/75 225/77 224/74
f 216/76 217/75 226/74
f 217/75 227/77 226/74
f 220/76 221/75 228/74
f 221/75 229/77 228/74
f 222/72 223/71 206/70
f 223/71 207/73 206/70
f 224/72 225/71 210/70
f 225/71 211/73 210/70
f 226/72 227/71 214/70
f 227/71 215/73 214/70
f 228/72 229/71 218/70
f 229/71 219/73 218/70
f 230/44 231/43 232/42
f 232/42 231/43 233/45
f 234/47 232/42 235/46
f 232/42 233/45 235/46
f 236/50 237/49 238/48
f 239/51 238/48 237/49
f 239/51 237/49 230/44
f 230/44 237/49 231/43
f 240/53 236/50 241/52
f 236/50 238/48 241/52
f 240/53 241/52 242/54
f 241/52 243/55 242/54
f 244/58 245/57 246/56
f 246/56 245/57 247/59
f 245/57 248/60 247/59
f 247/59 248/60 249/61
f 250/63 242/54 251/62
f 243/55 251/62 242/54
f 251/62 244/58 250/63
f 250/63 244/58 246/56
f 234/66 235/65 252/64
f 252/64 235/65 253/67
f 252/64 253/67 248/68
f 248/68 253/67 249/69
f 254/44 255/43 256/42
f 256/42 255/43 257/45
f 258/47 256/42 259/46
f 256/42 257/45 259/46
f 260/50 261/49 262/48
f 263/51 262/48 261/49
f 263/51 261/49 254/44
f 254/44 261/49 255/43
f 264/53 260/50 265/52
f 260/50 262/48 265/52
f 264/53 265/52 266/54
f 265/52 267/55 266/54
f 268/58 269/57 270/56
f 270/56 269/57 271/59
f 269/57 272/60 271/59
f 271/59 272/60 273/61
f 274/63 266/54 275/62
f 267/55 275/62 266/54
f 275/62 268/58 274/63
f 274/63 268/58 270/56
f 258/66 259/65 276/64
f 276/64 259/65 277/67
f 276/64 277/67 272/68
f 272/68 277/67 273/69
f 278/80 279/79 280/78
f 279/79 281/81 280/78
f 282/80 283/79 284/78
f 283/79 285/81 284/78
f 286/80 287/79 288/78
f 287/79 289/81 288/78
f 290/80 291/79 292/78
f 291/79 293/81 292/78
f 280/76 281/75 294/74
f 281/75 295/77 294/74
f 284/76 285/75 296/74
f 285/75 297/77 296/74
f 288/76 289/75 298/74
f 289/75 299/77 298/74
f 292/76 293/75 300/74
f 293/75 301/77 300/74
f 294/72 295/71 278/70
f 295/71 279/73 278/70
f 296/72 297/71 282/70
f 297/71 283/73 282/70
f 298/72 299/71 286/70
f 299/71 287/73 286/70
f 300/72 301/71 290/70
f 301/71 291/73 290/70
f 302/44 303/43 304/42
f 304/42 303/43 305/45
f 306/47 304/42 307/46
f 304/42 305/45 307/46
f 308/50 309/49 310/48
f 311/51 310/48 309/49
f 311/51 309/49 302/44
f 302/44 309/49 303/43
f 312/53 308/50 313/52
f 308/50 310/48 313/52
f 312/53 313/52 314/54
f 313/52 315/55 314/54
f 316/58 317/57 318/56
f 318/56 317/57 319/59
f 317/57 320/60 319/59
f 319/59 320/60 321/61
f 322/63 314/54 323/62
f 315/55 323/62 314/54
f 323/62 316/58 322/63
f 322/63 316/58 318/56
f 306/66 307/65 324/64
f 324/64 307/65 325/67
f 324/64 325/67 320/68
f 320/68 325/67 321/69
f 326/72 327/71 328/70
f 327/71 329/73 328/70
f 330/72 331/71 332/70
f 331/71 333/73 332/70
f 334/72 335/71 336/70
f 335/71 337/73 336/70
f 338/72 339/71 340/70
f 339/71 341/73 340/70
f 342/76 343/75 326/74
f 343/75 327/77 326/74
f 344/76 345/75 330/74
f 345/75 331/77 330/74
f 346/76 347/75 334/74
f 347/75 335/77 334/74
f 348/76 349/75 338/74
f 349/75 339/77 338/74
f 328/80 329/79 342/78
f 329/79 343/81 342/78
f 332/80 333/79 344/78
f 333/79 345/81 344/78
f 336/80 337/79 346/78
f 337/79 347/81 346/78
f 340/80 341/79 348/78
f 341/79 349/81 348/78
f 350/72 351/71 352/70
f 351/71 353/73 352/70
f 354/72 355/71 356/70
f 355/71 357/73 356/70
f 358/72 359/71 360/70
f 359/71 361/73 360/70
f 362/72 363/71 364/70
f 363/71 365/73 364/70
f 366/76 367/75 350/74
f 367/75 351/77 350/74
f 368/76 369/75 354/74
f 369/75 355/77 354/74
f 370/76 371/75 358/74
f 371/75 359/77 358/74
f 372/76 373/75 362/74
f 373/75 363/77 362/74
f 352/80 353/79 366/78
f 353/79 367/81 366/78
f 356/80 357/79 368/78
f 357/79 369/81 368/78
f 360/80 361/79 370/78
f 361/79 371/81 370/78
f 364/80 365/79 372/78
f 365/79 373/81 372/78
f 374/80 375/79 376/78
f 375/79 377/81 376/78
f 378/80 379/79 380/78
f 379/79 381/81 380/78
f 382/80 383/79 384/78
f 383/79 385/81 384/78
f 386/80 387/79 388/78
f 387/79 389/81 388/78
f 376/76 377/75 390/74
f 377/75 391/77 390/74
f 380/76 381/75 392/74
f 381/75 393/77 392/74
f 384/76 385/75 394/74
f 385/75 395/77 394/74
f 388/76 389/75 396/74
f 389/75 397/77 396/74
f 390/72 391/71 374/70
f 391/71 375/73 374/70
f 392/72 393/71 378/70
f 393/71 379/73 378/70
f 394/72 395/71 382/70
f 395/71 383/73 382/70
f 396/72 397/71 386/70
f 397/71 387/73 386/70
f 398/84 399/83 400/82
f 400/82 399/83 401/85
f 400/82 401/85 402/86
f 402/86 401/85 403/87
f 404/90 405/89 406/88
f 407/91 406/88 405/89
f 407/91 405/89 398/84
f 398/84 405/89 399/83
f 408/93 404/90 409/92
f 404/90 406/88 409/92
f 408/93 409/92 410/94
f 409/92 411/95 410/94
f 412/98 413/97 414/96
f 414/96 413/97 415/99
f 413/97 416/100 415/99
f 415/99 416/100 417/101
f 418/103 410/94 419/102
f 411/95 419/102 410/94
f 419/102 412/98 418/103
f 418/103 412/98 414/96
f 402/106 403/105 420/104
f 420/104 403/105 421/107
f 420/104 421/107 416/108
f 416/108 421/107 417/109
f 422/112 423/111 424/110
f 424/110 423/111 425/113
f 426/115 424/110 427/114
f 424/110 425/113 427/114
f 428/118 429/117 430/116
f 431/119 430/116 429/117
f 431/119 429/117 422/112
f 422/112 429/117 423/111
f 432/121 428/118 433/120
f 428/118 430/116 433/120
f 432/121 433/120 434/122
f 433/120 435/123 434/122
f 436/126 437/125 438/124
f 438/124 437/125 439/127
f 437/125 440/128 439/127
f 439/127 440/128 441/129
f 442/131 434/122 443/130
f 435/123 443/130 434/122
f 443/130 436/126 442/131
f 442/131 436/126 438/124
f 426/134 427/133 444/132
f 444/132 427/133 445/135
f 444/132 445/135 440/136
f 440/136 445/135 441/137
f 446/80 447/79 448/78
f 447/79 449/81 448/78
f 450/80 451/79 452/78
f 451/79 453/81 452/78
f 454/80 455/79 456/78
f 455/79 457/81 456/78
f 458/80 459/79 460/78
f 459/79 461/81 460/78
f 448/76 449/75 462/74
f 449/75 463/77 462/74
f 452/76 453/75 464/74
f 453/75 465/77 464/74
f 456/76 457/75 466/74
f 457/75 467/77 466/74
f 460/76 461/75 468/74
f 461/75 469/77 468/74
f 462/72 463/71 446/70
f 463/71 447/73 446/70
f 464/72 465/71 450/70
f 465/71 451/73 450/70
f 466/72 467/71 454/70
f 467/71 455/73 454/70
f 468/72 469/71 458/70
f 469/71 459/73 458/70
f 470/140 471/139 472/138
f 471/139 473/141 472/138
f 474/144 475/143 476/142
f 475/143 477/145 476/142
f 478/140 479/139 480/138
f 479/139 481/141 480/138
f 482/144 483/143 484/142
f 483/143 485/145 484/142
f 486/140 487/139 488/138
f 487/139 489/141 488/138
f 490/144 491/143 492/142
f 491/143 493/145 492/142
f 494/140 495/139 496/138
f 495/139 497/141 496/138
f 498/144 499/143 500/142
f 499/143 501/145 500/142
usemtl texture1
f 502/148 503/147 504/146
f 503/147 505/149 504/146
f 506/148 507/147 508/146
f 507/147 509/149 508/146
f 510/148 511/147 512/146
f 511/147 513/149 512/146
f 514/148 515/147 516/146
f 515/147 517/149 516/146
f 518/148 519/147 520/146
f 519/147 521/149 520/146
f 522/148 523/147 524/146
f 523/147 525/149 524/146
f 526/148 527/147 528/146
f 527/147 529/149 528/146
f 530/148 531/147 532/146
f 531/147 533/149 532/146
f 534/148 535/147 536/146
f 535/147 537/149 536/146
f 538/148 539/147 540/146
f 539/147 541/149 540/146
f 542/148 543/147 544/146
f 543/147 545/149 544/146
f 546/148 547/147 548/146
f 547/147 549/149 548/146
f 550/148 551/147 552/146
f 551/147 553/149 552/146
f 554/148 555/147 556/146
f 555/147 557/149 556/146
f 558/148 559/147 560/146
f 559/147 561/149 560/146
f 562/148 563/147 564/146
f 563/147 565/149 564/146
f 535/152 502/151 537/150
f 502/151 504/153 537/150
f 536/150 505/153 534/152
f 505/153 503/151 534/152
f 539/152 506/151 541/150
f 506/151 508/153 541/150
f 540/150 509/153 538/152
f 509/153 507/151 538/152
f 543/152 510/151 545/150
f 510/151 512/153 545/150
f 544/150 513/153 542/152
f 513/153 511/151 542/152
f 547/152 514/151 549/150
f 514/151 516/153 549/150
f 548/150 517/153 546/152
f 517/153 515/151 546/152
f 551/152 518/151 553/150
f 518/151 520/153 553/150
f 552/150 521/153 550/152
f 521/153 519/151 550/152
f 555/152 522/151 557/150
f 522/151 524/153 557/150
f 556/150 525/153 554/152
f 525/153 523/151 554/152
f 559/152 526/151 561/150
f 526/151 528/153 561/150
f 560/150 529/153 558/152
f 529/153 527/151 558/152
f 563/152 530/151 565/150
f 530/151 532/153 565/150
f 564/150 533/153 562/152
f 533/153 531/151 562/152
f 534/156 503/155 535/154
f 503/155 502/157 535/154
f 538/160 507/159 539/158
f 507/159 506/161 539/158
f 542/164 511/163 543/162
f 511/163 510/165 543/162
f 546/168 515/167 547/166
f 515/167 514/169 547/166
f 550/172 519/171 551/170
f 519/171 518/173 551/170
f 554/176 523/175 555/174
f 523/175 522/177 555/174
f 558/180 527/179 559/178
f 527/179 526/181 559/178
f 562/184 531/183 563/182
f 531/183 530/185 563/182
f 537/188 504/187 536/186
f 504/187 505/189 536/186
f 541/192 508/191 540/190
f 508/191 509/193 540/190
f 545/196 512/195 544/194
f 512/195 513/197 544/194
f 549/200 516/199 548/198
f 516/199 517/201 548/198
f 553/204 520/203 552/202
f 520/203 521/205 552/202
f 557/208 524/207 556/206
f 524/207 525/209 556/206
f 561/212 528/211 560/210
f 528/211 529/213 560/210
f 565/216 532/215 564/214
f 532/215 533/217 564/214
f 566/148 567/147 568/146
f 567/147 569/149 568/146
f 570/148 571/147 572/146
f 571/147 573/149 572/146
f 574/148 575/147 576/146
f 575/147 577/149 576/146
f 578/148 579/147 580/146
f 579/147 581/149 580/146
f 582/148 583/147 584/146
f 583/147 585/149 584/146
f 586/148 587/147 588/146
f 587/147 589/149 588/146
f 590/148 591/147 592/146
f 591/147 593/149 592/146
f 594/148 595/147 596/146
f 595/147 597/149 596/146
f 598/148 599/147 600/146
f 599/147 601/149 600/146
f 602/148 603/147 604/146
f 603/147 605/149 604/146
f 606/148 607/147 608/146
f 607/147 609/149 608/146
f 610/148 611/147 612/146
f 611/147 613/149 612/146
f 614/148 615/147 616/146
f 615/147 617/149 616/146
f 618/148 619/147 620/146
f 619/147 621/149 620/146
f 622/148 623/147 624/146
f 623/147 625/149 624/146
f 626/148 627/147 628/146
f 627/147 629/149 628/146
f 568/150 601/153 566/152
f 601/153 599/151 566/152
f 567/152 598/151 569/150
f 598/151 600/153 569/150
f 572/150 605/153 570/152
f 605/153 603/151 570/152
f 571/152 602/151 573/150
f 602/151 604/153 573/150
f 576/150 609/153 574/152
f 609/153 607/151 574/152
f 575/152 606/151 577/150
f 606/151 608/153 577/150
f 580/150 613/153 578/152
f 613/153 611/151 578/152
f 579/152 610/151 581/150
f 610/151 612/153 581/150
f 584/150 617/153 582/152
f 617/153 615/151 582/152
f 583/152 614/151 585/150
f 614/151 616/153 585/150
f 588/150 621/153 586/152
f 621/153 619/151 586/152
f 587/152 618/151 589/150
f 618/151 620/153 589/150
f 592/150 625/153 590/152
f 625/153 623/151 590/152
f 591/152 622/151 593/150
f 622/151 624/153 593/150
f 596/150 629/153 594/152
f 629/153 627/151 594/152
f 595/152 626/151 597/150
f 626/151 628/153 597/150
f 566/184 599/183 567/182
f 599/183 598/185 567/182
f 570/180 603/179 571/178
f 603/179 602/181 571/178
f 574/176 607/175 575/174
f 607/175 606/177 575/174
f 578/172 611/171 579/170
f 611/171 610/173 579/170
f 582/168 615/167 583/166
f 615/167 614/169 583/166
f 586/164 619/163 587/162
f 619/163 618/165 587/162
f 590/160 623/159 591/158
f 623/159 622/161 591/158
f 594/156 627/155 595/154
f 627/155 626/157 595/154
f 569/216 600/215 568/214
f 600/215 601/217 568/214
f 573/212 604/211 572/210
f 604/211 605/213 572/210
f 577/208 608/207 576/206
f 608/207 609/209 576/206
f 581/204 612/203 580/202
f 612/203 613/205 580/202
f 585/200 616/199 584/198
f 616/199 617/201 584/198
f 589/196 620/195 588/194
f 620/195 621/197 588/194
f 593/192 624/191 592/190
f 624/191 625/193 592/190
f 597/188 628/187 596/186
f 628/187 629/189 596/186
f 630/148 631/147 632/146
f 631/147 633/149 632/146
f 634/148 635/147 636/146
f 635/147 637/149 636/146
f 638/148 639/147 640/146
f 639/147 641/149 640/146
f 642/148 643/147 644/146
f 643/147 645/149 644/146
f 646/148 647/147 648/146
f 647/147 649/149 648/146
f 650/148 651/147 652/146
f 651/147 653/149 652/146
f 654/148 655/147 656/146
f 655/147 657/149 656/146
f 658/148 659/147 660/146
f 659/147 661/149 660/146
f 662/148 663/147 664/146
f 663/147 665/149 664/146
f 666/148 667/147 668/146
f 667/147 669/149 668/146
f 670/148 671/147 672/146
f 671/147 673/149 672/146
f 674/148 675/147 676/146
f 675/147 677/149 676/146
f 678/148 679/147 680/146
f 679/147 681/149 680/146
f 682/148 683/147 684/146
f 683/147 685/149 684/146
f 686/148 687/147 688/146
f 687/147 689/149 688/146
f 690/148 691/147 692/146
f 691/147 693/149 692/146
f 632/150 665/153 630/152
f 665/153 663/151 630/152
f 631/152 662/151 633/150
f 662/151 664/153 633/150
f 636/150 669/153 634/152
f 669/153 667/151 634/152
f 635/152 666/151 637/150
f 666/151 668/153 637/150
f 640/150 673/153 638/152
f 673/153 671/151 638/152
f 639/152 670/151 641/150
f 670/151 672/153 641/150
f 644/150 677/153 642/152
f 677/153 675/151 642/152
f 643/152 674/151 645/150
f 674/151 676/153 645/150
f 648/150 681/153 646/152
f 681/153 679/151 646/152
f 647/152 678/151 649/150
f 678/151 680/153 649/150
f 652/150 685/153 650/152
f 685/153 683/151 650/152
f 651/152 682/151 653/150
f 682/151 684/153 653/150
f 656/150 689/153 654/152
f 689/153 687/151 654/152
f 655/152 686/151 657/150
f 686/151 688/153 657/150
f 660/150 693/153 658/152
f 693/153 691/151 658/152
f 659/152 690/151 661/150
f 690/151 692/153 661/150
f 630/184 663/183 631/182
f 663/183 662/185 631/182
f 634/180 667/179 635/178
f 667/179 666/181 635/178
f 638/176 671/175 639/174
f 671/175 670/177 639/174
f 642/172 675/171 643/170
f 675/171 674/173 643/170
f 646/168 679/167 647/166
f 679/167 678/169 647/166
f 650/164 683/163 651/162
f 683/163 682/165 651/162
f 654/160 687/159 655/158
f 687/159 686/161 655/158
f 658/156 691/155 659/154
f 691/155 690/157 659/154
f 633/216 664/215 632/214
f 664/215 665/217 632/214
f 637/212 668/211 636/210
f 668/211 669/213 636/210
f 641/208 672/207 640/206
f 672/207 673/209 640/206
f 645/204 676/203 644/202
f 676/203 677/205 644/202
f 649/200 680/199 648/198
f 680/199 681/201 648/198
f 653/196 684/195 652/194
f 684/195 685/197 652/194
f 657/192 688/191 656/190
f 688/191 689/193 656/190
f 661/188 692/187 660/186
f 692/187 693/189 660/186
f 694/148 695/147 696/146
f 695/147 697/149 696/146
f 698/148 699/147 700/146
f 699/147 701/149 700/146
f 702/148 703/147 704/146
f 703/147 705/149 704/146
f 706/148 707/147 708/146
f 707/147 709/149 708/146
f 710/148 711/147 712/146
f 711/147 713/149 712/146
f 714/148 715/147 716/146
f 715/147 717/149 716/146
f 718/148 719/147 720/146
f 719/147 721/149 720/146
f 722/148 723/147 724/146
f 723/147 725/149 724/146
f 726/148 727/147 728/146
f 727/147 729/149 728/146
f 730/148 731/147 732/146
f 731/147 733/149 732/146
f 734/148 735/147 736/146
f 735/147 737/149 736/146
f 738/148 739/147 740/146
f 739/147 741/149 740/146
f 742/148 743/147 744/146
f 743/147 745/149 744/146
f 746/148 747/147 748/146
f 747/147 749/149 748/146
f 750/148 751/147 752/146
f 751/147 753/149 752/146
f 754/148 755/147 756/146
f 755/147 757/149 756/146
f 727/152 694/151 729/150
f 694/151 696/153 729/150
f 728/150 697/153 726/152
f 697/153 695/151 726/152
f 731/152 698/151 733/150
f 698/151 700/153 733/150
f 732/150 701/153 730/152
f 701/153 699/151 730/152
f 735/152 702/151 737/150
f 702/151 704/153 737/150
f 736/150 705/153 734/152
f 705/153 703/151 734/152
f 739/152 706/151 741/150
f 706/151 708/153 741/150
f 740/150 709/153 738/152
f 709/153 707/151 738/152
f 743/152 710/151 745/150
f 710/151 712/153 745/150
f 744/150 713/153 742/152
f 713/153 711/151 742/152
f 747/152 714/151 749/150
f 714/151 716/153 749/150
f 748/150 717/153 746/152
f 717/153 715/151 746/152
f 751/152 718/151 753/150
f 718/151 720/153 753/150
f 752/150 721/153 750/152
f 721/153 719/151 750/152
f 755/152 722/151 757/150
f 722/151 724/153 757/150
f 756/150 725/153 754/152
f 725/153 723/151 754/152
f 726/156 695/155 727/154
f 695/155 694/157 727/154
f 730/160 699/159 731/158
f 699/159 698/161 731/158
f 734/164 703/163 735/162
f 703/163 702/165 735/162
f 738/168 707/167 739/166
f 707/167 706/169 739/166
f 742/172 711/171 743/170
f 711/171 710/173 743/170
f 746/176 715/175 747/174
f 715/175 714/177 747/174
f 750/180 719/179 751/178
f 719/179 718/181 751/178
f 754/184 723/183 755/182
f 723/183 722/185 755/182
f 729/188 696/187 728/186
f 696/187 697/189 728/186
f 733/192 700/191 732/190
f 700/191 701/193 732/190
f 737/196 704/195 736/194
f 704/195 705/197 736/194
f 741/200 708/199 740/198
f 708/199 709/201 740/198
f 745/204 712/203 744/202
f 712/203 713/205 744/202
f 749/208 716/207 748/206
f 716/207 717/209 748/206
f 753/212 720/211 752/210
f 720/211 721/213 752/210
f 757/216 724/215 756/214
f 724/215 725/217 756/214
f 758/220 759/219 760/218
f 759/219 761/221 760/218
f 759/219 762/222 761/221
f 762/222 763/223 761/221
f 762/222 764/224 763/223
f 764/224 765/225 763/223
f 764/224 766/226 765/225
f 766/226 767/227 765/225
f 760/218 768/228 758/220
f 768/228 769/229 758/220
f 766/226 770/230 767/227
f 770/230 771/231 767/227
f 772/226 773/230 774/227
f 773/230 775/231 774/227
f 776/218 777/228 778/220
f 777/228 779/229 778/220
f 780/224 772/226 781/225
f 772/226 774/227 781/225
f 782/222 780/224 783/223
f 780/224 781/225 783/223
f 784/219 782/222 785/221
f 782/222 783/223 785/221
f 778/220 784/219 776/218
f 784/219 785/221 776/218
f 786/220 787/219 788/218
f 787/219 789/221 788/218
f 787/219 790/222 789/221
f 790/222 791/223 789/221
f 790/222 792/224 791/223
f 792/224 793/225 791/223
f 792/224 794/226 793/225
f 794/226 795/227 793/225
f 788/218 796/228 786/220
f 796/228 797/229 786/220
f 794/226 798/230 795/227
f 798/230 799/231 795/227
f 800/226 801/230 802/227
f 801/230 803/231 802/227
f 804/218 805/228 806/220
f 805/228 807/229 806/220
f 808/224 800/226 809/225
f 800/226 802/227 809/225
f 810/222 808/224 811/223
f 808/224 809/225 811/223
f 812/219 810/222 813/221
f 810/222 811/223 813/221
f 806/220 812/219 804/218
f 812/219 813/221 804/218
f 814/220 815/219 816/218
f 815/219 817/221 816/218
f 815/219 818/222 817/221
f 818/222 819/223 817/221
f 818/222 820/224 819/223
f 820/224 821/225 819/223
f 820/224 822/226 821/225
f 822/226 823/227 821/225
f 816/218 824/228 814/220
f 824/228 825/229 814/220
f 822/226 826/230 823/227
f 826/230 827/231 823/227
f 828/226 829/230 830/227
f 829/230 831/231 830/227
f 832/218 833/228 834/220
f 833/228 835/229 834/220
f 836/224 828/226 837/225
f 828/226 830/227 837/225
f 838/222 836/224 839/223
f 836/224 837/225 839/223
f 840/219 838/222 841/221
f 838/222 839/223 841/221
f 834/220 840/219 832/218
f 840/219 841/221 832/218
f 842/220 843/219 844/218
f 843/219 845/221 844/218
f 843/219 846/222 845/221
f 846/222 847/223 845/221
f 846/222 848/224 847/223
f 848/224 849/225 847/223
f 848/224 850/226 849/225
f 850/226 851/227 849/225
f 844/218 852/228 842/220
f 852/228 853/229 842/220
f 850/226 854/230 851/227
f 854/230 855/231 851/227
f 856/226 857/230 858/227
f 857/230 859/231 858/227
f 860/218 861/228 862/220
f 861/228 863/229 862/220
f 864/224 856/226 865/225
f 856/226 858/227 865/225
f 866/222 864/224 867/223
f 864/224 865/225 867/223
f 868/219 866/222 869/221
f 866/222 867/223 869/221
f 862/220 868/219 860/218
f 868/219 869/221 860/218
usemtl texture2
f 870/234 871/233 872/232
f 871/233 873/235 872/232
f 874/237 875/236 870/234
f 875/236 871/233 870/234
f 876/239 877/238 874/237
f 877/238 875/236 874/237
f 878/241 877/238 879/240
f 877/238 876/239 879/240
f 880/244 881/243 882/242
f 881/243 883/245 882/242
f 884/248 885/247 886/246
f 885/247 887/249 886/246
f 888/241 889/238 890/240
f 889/238 891/239 890/240
f 891/239 889/238 892/237
f 889/238 893/236 892/237
f 892/237 893/236 894/234
f 893/236 895/233 894/234
f 894/234 895/233 896/232
f 895/233 897/235 896/232
f 898/234 899/233 900/232
f 899/233 901/235 900/232
f 902/237 903/236 898/234
f 903/236 899/233 898/234
f 904/239 905/238 902/237
f 905/238 903/236 902/237
f 906/241 905/238 907/240
f 905/238 904/239 907/240
f 908/241 909/238 910/240
f 909/238 911/239 910/240
f 911/239 909/238 912/237
f 909/238 913/236 912/237
f 912/237 913/236 914/234
f 913/236 915/233 914/234
f 914/234 915/233 916/232
f 915/233 917/235 916/232
f 918/248 919/247 920/246
f 919/247 921/249 920/246
f 922/244 923/243 924/242
f 923/243 925/245 924/242
f 926/234 927/233 928/232
f 927/233 929/235 928/232
f 930/237 931/236 926/234
f 931/236 927/233 926/234
f 932/239 933/238 930/237
f 933/238 931/236 930/237
f 934/241 933/238 935/240
f 933/238 932/239 935/240
f 936/241 937/238 938/240
f 937/238 939/239 938/240
f 939/239 937/238 940/237
f 937/238 941/236 940/237
f 940/237 941/236 942/234
f 941/236 943/233 942/234
f 942/234 943/233 944/232
f 943/233 945/235 944/232
f 946/248 947/247 948/246
f 947/247 949/249 948/246
f 950/244 951/243 952/242
f 951/243 953/245 952/242
f 954/234 955/233 956/232
f 955/233 957/235 956/232
f 958/237 959/236 954/234
f 959/236 955/233 954/234
f 960/239 961/238 958/237
f 961/238 959/236 958/237
f 962/241 961/238 963/240
f 961/238 960/239 963/240
f 964/241 965/238 966/240
f 965/238 967/239 966/240
f 967/239 965/238 968/237
f 965/238 969/236 968/237
f 968/237 969/236 970/234
f 969/236 971/233 970/234
f 970/234 971/233 972/232
f 971/233 973/235 972/232
f 974/248 975/247 976/246
f 975/247 977/249 976/246
f 978/244 979/243 980/242
f 979/243 981/245 980/242
f 982/252 983/251 984/250
f 983/251 985/253 984/250
f 986/46 987/47 988/254
f 987/47 989/255 988/254
f 984/47 985/256 987/250
f 985/256 989/257 987/250
f 985/256 983/46 989/257
f 983/46 988/252 989/257
f 990/252 991/251 992/250
f 991/251 993/253 992/250
f 994/46 995/47 996/254
f 995/47 997/255 996/254
f 992/47 993/256 995/250
f 993/256 997/257 995/250
f 993/256 991/46 997/257
f 991/46 996/252 997/257
f 476/260 477/259 470/258
f 477/259 471/261 470/258
f 472/258 473/261 474/260
f 473/261 475/259 474/260
f 484/260 485/259 478/258
f 485/259 479/261 478/258
f 480/258 481/261 482/260
f 481/261 483/259 482/260
f 492/260 493/259 486/258
f 493/259 487/261 486/258
f 488/258 489/261 490/260
f 489/261 491/259 490/260
f 500/260 501/259 494/258
f 501/259 495/261 494/258
f 496/258 497/261 498/260
f 497/261 499/259 498/260
usemtl texture3
f 998/264 888/263 880/262
f 888/263 881/265 880/262
f 886/268 887/267 999/266
f 887/267 1000/269 999/266
f 899/272 1001/271 901/270
f 1001/271 797/273 901/270
f 903/275 1002/274 899/272
f 1002/274 1001/271 899/272
f 905/277 1003/276 903/275
f 1003/276 1002/274 903/275
f 798/279 1003/276 906/278
f 1003/276 905/277 906/278
f 801/279 1004/276 908/278
f 1004/276 909/277 908/278
f 909/277 1004/276 913/275
f 1004/276 1005/274 913/275
f 913/275 1005/274 915/272
f 1005/274 1006/271 915/272
f 915/272 1006/271 917/270
f 1006/271 807/273 917/270
f 920/268 921/267 1007/266
f 921/267 1008/269 1007/266
f 1009/264 1010/263 922/262
f 1010/263 923/265 922/262
f 948/268 949/267 1011/266
f 949/267 1012/269 1011/266
f 1013/264 1014/263 950/262
f 1014/263 951/265 950/262
f 976/268 977/267 1015/266
f 977/267 1016/269 1015/266
f 1017/264 1018/263 978/262
f 1018/263 979/265 978/262
usemtl texture4
f 156/282 1019/281 1020/280
f 1020/280 1019/281 1021/283
f 1022/285 1023/284 1021/283
f 1023/284 1020/280 1021/283
f 1024/287 1023/284 1025/286
f 1023/284 1022/285 1025/286
f 1026/47 145/288 1025/286
f 145/288 1024/287 1025/286
f 145/291 1026/290 147/289
f 1026/290 1027/292 147/289
f 1028/295 1029/294 149/293
f 1029/294 152/296 149/293
f 148/298 1030/297 149/293
f 1030/297 1028/295 149/293
f 1031/300 1030/297 155/299
f 1030/297 148/298 155/299
f 147/289 1027/292 155/299
f 1027/292 1031/300 155/299
f 152/303 1029/302 156/301
f 1029/302 1019/304 156/301
f 1032/307 1033/306 1034/305
f 1033/306 1035/308 1034/305
f 252/310 1036/309 1035/308
f 1035/308 1036/309 1034/305
f 1037/312 1033/306 1038/311
f 1033/306 1032/307 1038/311
f 1039/314 241/313 1038/311
f 241/313 1037/312 1038/311
f 241/317 1039/316 243/315
f 1039/316 1040/318 243/315
f 1041/321 1042/320 245/319
f 1042/320 248/322 245/319
f 244/324 1043/323 245/319
f 1043/323 1041/321 245/319
f 1044/326 1043/323 251/325
f 1043/323 244/324 251/325
f 243/315 1040/318 251/325
f 1040/318 1044/326 251/325
f 248/303 1042/302 252/301
f 1042/302 1036/304 252/301
f 276/282 1045/281 1046/280
f 1046/280 1045/281 1047/283
f 1048/285 1049/284 1047/283
f 1049/284 1046/280 1047/283
f 1050/287 1049/284 1051/286
f 1049/284 1048/285 1051/286
f 1052/47 265/288 1051/286
f 265/288 1050/287 1051/286
f 265/291 1052/290 267/289
f 1052/290 1053/292 267/289
f 1054/295 1055/294 269/293
f 1055/294 272/296 269/293
f 268/298 1056/297 269/293
f 1056/297 1054/295 269/293
f 1057/300 1056/297 275/299
f 1056/297 268/298 275/299
f 267/289 1053/292 275/299
f 1053/292 1057/300 275/299
f 272/303 1055/302 276/301
f 1055/302 1045/304 276/301
f 1058/329 1059/328 1060/327
f 1059/328 1061/330 1060/327
f 324/332 1062/331 1061/330
f 1061/330 1062/331 1060/327
f 1063/334 1059/328 1064/333
f 1059/328 1058/329 1064/333
f 1065/336 313/335 1064/333
f 313/335 1063/334 1064/333
f 313/339 1065/338 315/337
f 1065/338 1066/340 315/337
f 1067/343 1068/342 317/341
f 1068/342 320/344 317/341
f 316/346 1069/345 317/341
f 1069/345 1067/343 317/341
f 1070/348 1069/345 323/347
f 1069/345 316/346 323/347
f 315/337 1066/340 323/347
f 1066/340 1070/348 323/347
f 320/351 1068/350 324/349
f 1068/350 1062/352 324/349
f 420/355 1071/354 1072/353
f 1072/353 1071/354 1073/356
f 1074/358 1075/357 1073/356
f 1075/357 1072/353 1073/356
f 1076/360 1075/357 1077/359
f 1075/357 1074/358 1077/359
f 1078/86 409/361 1077/359
f 409/361 1076/360 1077/359
f 1078/364 1079/363 409/362
f 409/362 1079/363 411/365
f 1080/368 1081/367 413/366
f 1081/367 416/369 413/366
f 412/371 1082/370 413/366
f 1082/370 1080/368 413/366
f 1083/373 1082/370 419/372
f 1082/370 412/371 419/372
f 411/365 1079/363 419/372
f 1079/363 1083/373 419/372
f 416/376 1081/375 420/374
f 1081/375 1071/377 420/374
f 444/380 1084/379 1085/378
f 1085/378 1084/379 1086/381
f 1087/383 1088/382 1086/381
f 1088/382 1085/378 1086/381
f 1089/385 1088/382 1090/384
f 1088/382 1087/383 1090/384
f 1091/115 433/386 1090/384
f 433/386 1089/385 1090/384
f 1091/389 1092/388 433/387
f 433/387 1092/388 435/390
f 1093/393 1094/392 437/391
f 1094/392 440/394 437/391
f 436/396 1095/395 437/391
f 1095/395 1093/393 437/391
f 1096/398 1095/395 443/397
f 1095/395 436/396 443/397
f 435/390 1092/388 443/397
f 1092/388 1096/398 443/397
f 440/401 1094/400 444/399
f 1094/400 1084/402 444/399
f 1097/405 1098/404 1099/403
f 1100/406 1099/403 1098/404
f 1101/409 1102/408 1103/407
f 1104/410 1103/407 1102/408
f 1102/408 1097/405 1104/410
f 1099/403 1104/410 1097/405
f 1099/403 1100/406 1105/411
f 1103/407 1104/410 1105/411
f 1104/410 1099/403 1105/411
f 1106/408 1107/405 1108/410
f 1109/403 1108/410 1107/405
f 1098/409 1106/408 1100/407
f 1108/410 1100/407 1106/408
f 1107/405 1101/404 1109/403
f 1103/406 1109/403 1101/404
f 1108/410 1109/403 1105/411
f 1100/407 1108/410 1105/411
f 1109/403 1103/406 1105/411
f 1110/405 1111/404 1112/403
f 1113/406 1112/403 1111/404
f 1114/409 1115/408 1116/407
f 1117/410 1116/407 1115/408
f 1115/408 1110/405 1117/410
f 1112/403 1117/410 1110/405
f 1112/403 1113/406 1118/411
f 1116/407 1117/410 1118/411
f 1117/410 1112/403 1118/411
f 1119/408 1120/405 1121/410
f 1122/403 1121/410 1120/405
f 1111/409 1119/408 1113/407
f 1121/410 1113/407 1119/408
f 1120/405 1114/404 1122/403
f 1116/406 1122/403 1114/404
f 1121/410 1122/403 1118/411
f 1113/407 1121/410 1118/411
f 1122/403 1116/406 1118/411
usemtl texture5
f 1123/414 1124/413 1125/412
f 1124/413 1126/415 1125/412
f 1127/418 1128/417 1129/416
f 1128/417 1130/419 1129/416
f 1128/417 1127/418 1131/420
f 1132/421 1131/420 1127/418
f 1125/412 1133/422 1123/414
f 1123/414 1133/422 1134/423
f 1135/414 1136/413 1137/412
f 1136/413 1138/415 1137/412
f 1139/418 1140/417 1141/416
f 1140/417 1142/419 1141/416
f 1140/417 1139/418 1143/420
f 1144/421 1143/420 1139/418
f 1137/412 1145/422 1135/414
f 1135/414 1145/422 1146/423
f 1147/412 1148/422 1149/414
f 1149/414 1148/422 1150/423
f 1151/417 1152/418 1153/420
f 1154/421 1153/420 1152/418
f 1152/418 1151/417 1155/416
f 1151/417 1156/419 1155/416
f 1149/414 1157/413 1147/412
f 1157/413 1158/415 1147/412
f 1159/412 1160/422 1161/414
f 1161/414 1160/422 1162/423
f 1163/417 1164/418 1165/420
f 1166/421 1165/420 1164/418
f 1164/418 1163/417 1167/416
f 1163/417 1168/419 1167/416
f 1161/414 1169/413 1159/412
f 1169/413 1170/415 1159/412
f 1171/414 1172/413 1173/412
f 1172/413 1174/415 1173/412
f 1175/418 1176/417 1177/416
f 1176/417 1178/419 1177/416
f 1176/417 1175/418 1179/420
f 1180/421 1179/420 1175/418
f 1173/412 1181/422 1171/414
f 1171/414 1181/422 1182/423
f 1183/414 1184/413 1185/412
f 1184/413 1186/415 1185/412
f 1187/418 1188/417 1189/416
f 1188/417 1190/419 1189/416
f 1188/417 1187/418 1191/420
f 1192/421 1191/420 1187/418
f 1185/412 1193/422 1183/414
f 1183/414 1193/422 1194/423
f 1195/412 1196/422 1197/414
f 1197/414 1196/422 1198/423
f 1199/417 1200/418 1201/420
f 1202/421 1201/420 1200/418
f 1200/418 1199/417 1203/416
f 1199/417 1204/419 1203/416
f 1197/414 1205/413 1195/412
f 1205/413 1206/415 1195/412
f 1072/426 1075/425 400/424
f 1075/425 398/427 400/424
f 1075/425 1076/428 398/427
f 1076/428 407/429 398/427
f 420/431 1072/426 402/430
f 1072/426 400/424 402/430
f 1076/428 409/432 407/429
f 409/432 406/433 407/429
f 1080/436 1073/435 1081/434
f 1073/435 1071/437 1081/434
f 1082/439 1074/438 1080/436
f 1074/438 1073/435 1080/436
f 1083/441 1077/440 1082/439
f 1077/440 1074/438 1082/439
f 1078/443 1077/440 1079/442
f 1077/440 1083/441 1079/442
f 1093/446 1086/445 1094/444
f 1086/445 1084/447 1094/444
f 1095/449 1087/448 1093/446
f 1087/448 1086/445 1093/446
f 1096/451 1090/450 1095/449
f 1090/450 1087/448 1095/449
f 1091/453 1090/450 1092/452
f 1090/450 1096/451 1092/452
f 1207/412 1208/422 1209/414
f 1209/414 1208/422 1210/423
f 1211/417 1212/418 1213/420
f 1214/421 1213/420 1212/418
f 1212/418 1211/417 1215/416
f 1211/417 1216/419 1215/416
f 1209/414 1217/413 1207/412
f 1217/413 1218/415 1207/412
usemtl texture6
f 1219/456 1220/455 1221/454
f 1220/455 1222/457 1221/454
f 1223/456 1224/455 1225/454
f 1224/455 1226/457 1225/454
f 1227/456 1228/455 1229/454
f 1228/455 1230/457 1229/454
f 1231/456 1232/455 1233/454
f 1232/455 1234/457 1233/454
f 1235/456 1236/455 1237/454
f 1236/455 1238/457 1237/454
f 1239/456 1240/455 1241/454
f 1240/455 1242/457 1241/454
f 1243/456 1244/455 1245/454
f 1244/455 1246/457 1245/454
f 1247/456 1248/455 1249/454
f 1248/455 1250/457 1249/454
f 1251/456 1252/455 1253/454
f 1252/455 1254/457 1253/454
f 1255/456 1256/455 1257/454
f 1256/455 1258/457 1257/454
f 1259/456 1260/455 1261/454
f 1260/455 1262/457 1261/454
f 1263/456 1264/455 1265/454
f 1264/455 1266/457 1265/454
f 1267/456 1268/455 1269/454
f 1268/455 1270/457 1269/454
f 1271/456 1272/455 1273/454
f 1272/455 1274/457 1273/454
f 1275/456 1276/455 1277/454
f 1276/455 1278/457 1277/454
f 1279/456 1280/455 1281/454
f 1280/455 1282/457 1281/454
f 1221/460 1258/459 1219/458
f 1258/459 1256/461 1219/458
f 1220/460 1255/459 1222/458
f 1255/459 1257/461 1222/458
f 1225/460 1266/459 1223/458
f 1266/459 1264/461 1223/458
f 1224/460 1263/459 1226/458
f 1263/459 1265/461 1226/458
f 1229/460 1274/459 1227/458
f 1274/459 1272/461 1227/458
f 1228/460 1271/459 1230/458
f 1271/459 1273/461 1230/458
f 1233/460 1282/459 1231/458
f 1282/459 1280/461 1231/458
f 1232/460 1279/459 1234/458
f 1279/459 1281/461 1234/458
f 1237/460 1254/459 1235/458
f 1254/459 1252/461 1235/458
f 1236/460 1251/459 1238/458
f 1251/459 1253/461 1238/458
f 1241/460 1262/459 1239/458
f 1262/459 1260/461 1239/458
f 1240/460 1259/459 1242/458
f 1259/459 1261/461 1242/458
f 1245/460 1270/459 1243/458
f 1270/459 1268/461 1243/458
f 1244/460 1267/459 1246/458
f 1267/459 1269/461 1246/458
f 1249/460 1278/459 1247/458
f 1278/459 1276/461 1247/458
f 1248/460 1275/459 1250/458
f 1275/459 1277/461 1250/458
f 1219/458 1256/463 1220/462
f 1256/463 1255/464 1220/462
f 1223/458 1264/463 1224/462
f 1264/463 1263/464 1224/462
f 1227/458 1272/463 1228/462
f 1272/463 1271/464 1228/462
f 1231/458 1280/463 1232/462
f 1280/463 1279/464 1232/462
f 1222/458 1257/463 1221/462
f 1257/463 1258/464 1221/462
f 1226/458 1265/463 1225/462
f 1265/463 1266/464 1225/462
f 1230/458 1273/463 1229/462
f 1273/463 1274/464 1229/462
f 1234/458 1281/463 1233/462
f 1281/463 1282/464 1233/462
f 1235/458 1252/463 1236/462
f 1252/463 1251/464 1236/462
f 1239/458 1260/463 1240/462
f 1260/463 1259/464 1240/462
f 1243/458 1268/463 1244/462
f 1268/463 1267/464 1244/462
f 1247/458 1276/463 1248/462
f 1276/463 1275/464 1248/462
f 1238/458 1253/463 1237/462
f 1253/463 1254/464 1237/462
f 1242/458 1261/463 1241/462
f 1261/463 1262/464 1241/462
f 1246/458 1269/463 1245/462
f 1269/463 1270/464 1245/462
f 1250/458 1277/463 1249/462
f 1277/463 1278/464 1249/462
f 1283/456 1284/455 1285/454
f 1284/455 1286/457 1285/454
f 1287/456 1288/455 1289/454
f 1288/455 1290/457 1289/454
f 1291/456 1292/455 1293/454
f 1292/455 1294/457 1293/454
f 1295/456 1296/455 1297/454
f 1296/455 1298/457 1297/454
f 1299/456 1300/455 1301/454
f 1300/455 1302/457 1301/454
f 1303/456 1304/455 1305/454
f 1304/455 1306/457 1305/454
f 1307/456 1308/455 1309/454
f 1308/455 1310/457 1309/454
f 1311/456 1312/455 1313/454
f 1312/455 1314/457 1313/454
f 1315/456 1316/455 1317/454
f 1316/455 1318/457 1317/454
f 1319/456 1320/455 1321/454
f 1320/455 1322/457 1321/454
f 1323/456 1324/455 1325/454
f 1324/455 1326/457 1325/454
f 1327/456 1328/455 1329/454
f 1328/455 1330/457 1329/454
f 1331/456 1332/455 1333/454
f 1332/455 1334/457 1333/454
f 1335/456 1336/455 1337/454
f 1336/455 1338/457 1337/454
f 1339/456 1340/455 1341/454
f 1340/455 1342/457 1341/454
f 1343/456 1344/455 1345/454
f 1344/455 1346/457 1345/454
f 1285/460 1322/459 1283/458
f 1322/459 1320/461 1283/458
f 1284/460 1319/459 1286/458
f 1319/459 1321/461 1286/458
f 1289/460 1330/459 1287/458
f 1330/459 1328/461 1287/458
f 1288/460 1327/459 1290/458
f 1327/459 1329/461 1290/458
f 1293/460 1338/459 1291/458
f 1338/459 1336/461 1291/458
f 1292/460 1335/459 1294/458
f 1335/459 1337/461 1294/458
f 1297/460 1346/459 1295/458
f 1346/459 1344/461 1295/458
f 1296/460 1343/459 1298/458
f 1343/459 1345/461 1298/458
f 1301/460 1318/459 1299/458
f 1318/459 1316/461 1299/458
f 1300/460 1315/459 1302/458
f 1315/459 1317/461 1302/458
f 1305/460 1326/459 1303/458
f 1326/459 1324/461 1303/458
f 1304/460 1323/459 1306/458
f 1323/459 1325/461 1306/458
f 1309/460 1334/459 1307/458
f 1334/459 1332/461 1307/458
f 1308/460 1331/459 1310/458
f 1331/459 1333/461 1310/458
f 1313/460 1342/459 1311/458
f 1342/459 1340/461 1311/458
f 1312/460 1339/459 1314/458
f 1339/459 1341/461 1314/458
f 1283/458 1320/463 1284/462
f 1320/463 1319/464 1284/462
f 1287/458 1328/463 1288/462
f 1328/463 1327/464 1288/462
f 1291/458 1336/463 1292/462
f 1336/463 1335/464 1292/462
f 1295/458 1344/463 1296/462
f 1344/463 1343/464 1296/462
f 1286/458 1321/463 1285/462
f 1321/463 1322/464 1285/462
f 1290/458 1329/463 1289/462
f 1329/463 1330/464 1289/462
f 1294/458 1337/463 1293/462
f 1337/463 1338/464 1293/462
f 1298/458 1345/463 1297/462
f 1345/463 1346/464 1297/462
f 1299/458 1316/463 1300/462
f 1316/463 1315/464 1300/462
f 1303/458 1324/463 1304/462
f 1324/463 1323/464 1304/462
f 1307/458 1332/463 1308/462
f 1332/463 1331/464 1308/462
f 1311/458 1340/463 1312/462
f 1340/463 1339/464 1312/462
f 1302/458 1317/463 1301/462
f 1317/463 1318/464 1301/462
f 1306/458 1325/463 1305/462
f 1325/463 1326/464 1305/462
f 1310/458 1333/463 1309/462
f 1333/463 1334/464 1309/462
f 1314/458 1341/463 1313/462
f 1341/463 1342/464 1313/462
f 1347/456 1348/455 1349/454
f 1348/455 1350/457 1349/454
f 1351/456 1352/455 1353/454
f 1352/455 1354/457 1353/454
f 1355/456 1356/455 1357/454
f 1356/455 1358/457 1357/454
f 1359/456 1360/455 1361/454
f 1360/455 1362/457 1361/454
f 1363/456 1364/455 1365/454
f 1364/455 1366/457 1365/454
f 1367/456 1368/455 1369/454
f 1368/455 1370/457 1369/454
f 1371/456 1372/455 1373/454
f 1372/455 1374/457 1373/454
f 1375/456 1376/455 1377/454
f 1376/455 1378/457 1377/454
f 1379/456 1380/455 1381/454
f 1380/455 1382/457 1381/454
f 1383/456 1384/455 1385/454
f 1384/455 1386/457 1385/454
f 1387/456 1388/455 1389/454
f 1388/455 1390/457 1389/454
f 1391/456 1392/455 1393/454
f 1392/455 1394/457 1393/454
f 1395/456 1396/455 1397/454
f 1396/455 1398/457 1397/454
f 1399/456 1400/455 1401/454
f 1400/455 1402/457 1401/454
f 1403/456 1404/455 1405/454
f 1404/455 1406/457 1405/454
f 1407/456 1408/455 1409/454
f 1408/455 1410/457 1409/454
f 1380/460 1351/459 1382/458
f 1351/459 1353/461 1382/458
f 1381/460 1354/459 1379/458
f 1354/459 1352/461 1379/458
f 1384/460 1359/459 1386/458
f 1359/459 1361/461 1386/458
f 1385/460 1362/459 1383/458
f 1362/459 1360/461 1383/458
f 1388/460 1367/459 1390/458
f 1367/459 1369/461 1390/458
f 1389/460 1370/459 1387/458
f 1370/459 1368/461 1387/458
f 1392/460 1375/459 1394/458
f 1375/459 1377/461 1394/458
f 1393/460 1378/459 1391/458
f 1378/459 1376/461 1391/458
f 1396/460 1347/459 1398/458
f 1347/459 1349/461 1398/458
f 1397/460 1350/459 1395/458
f 1350/459 1348/461 1395/458
f 1400/460 1355/459 1402/458
f 1355/459 1357/461 1402/458
f 1401/460 1358/459 1399/458
f 1358/459 1356/461 1399/458
f 1404/460 1363/459 1406/458
f 1363/459 1365/461 1406/458
f 1405/460 1366/459 1403/458
f 1366/459 1364/461 1403/458
f 1408/460 1371/459 1410/458
f 1371/459 1373/461 1410/458
f 1409/460 1374/459 1407/458
f 1374/459 1372/461 1407/458
f 1379/458 1352/463 1380/462
f 1352/463 1351/464 1380/462
f 1383/458 1360/463 1384/462
f 1360/463 1359/464 1384/462
f 1387/458 1368/463 1388/462
f 1368/463 1367/464 1388/462
f 1391/458 1376/463 1392/462
f 1376/463 1375/464 1392/462
f 1382/458 1353/463 1381/462
f 1353/463 1354/464 1381/462
f 1386/458 1361/463 1385/462
f 1361/463 1362/464 1385/462
f 1390/458 1369/463 1389/462
f 1369/463 1370/464 1389/462
f 1394/458 1377/463 1393/462
f 1377/463 1378/464 1393/462
f 1395/458 1348/463 1396/462
f 1348/463 1347/464 1396/462
f 1399/458 1356/463 1400/462
f 1356/463 1355/464 1400/462
f 1403/458 1364/463 1404/462
f 1364/463 1363/464 1404/462
f 1407/458 1372/463 1408/462
f 1372/463 1371/464 1408/462
f 1398/458 1349/463 1397/462
f 1349/463 1350/464 1397/462
f 1402/458 1357/463 1401/462
f 1357/463 1358/464 1401/462
f 1406/458 1365/463 1405/462
f 1365/463 1366/464 1405/462
f 1410/458 1373/463 1409/462
f 1373/463 1374/464 1409/462
f 1411/456 1412/455 1413/454
f 1412/455 1414/457 1413/454
f 1415/456 1416/455 1417/454
f 1416/455 1418/457 1417/454
f 1419/456 1420/455 1421/454
f 1420/455 1422/457 1421/454
f 1423/456 1424/455 1425/454
f 1424/455 1426/457 1425/454
f 1427/456 1428/455 1429/454
f 1428/455 1430/457 1429/454
f 1431/456 1432/455 1433/454
f 1432/455 1434/457 1433/454
f 1435/456 1436/455 1437/454
f 1436/455 1438/457 1437/454
f 1439/456 1440/455 1441/454
f 1440/455 1442/457 1441/454
f 1443/456 1444/455 1445/454
f 1444/455 1446/457 1445/454
f 1447/456 1448/455 1449/454
f 1448/455 1450/457 1449/454
f 1451/456 1452/455 1453/454
f 1452/455 1454/457 1453/454
f 1455/456 1456/455 1457/454
f 1456/455 1458/457 1457/454
f 1459/456 1460/455 1461/454
f 1460/455 1462/457 1461/454
f 1463/456 1464/455 1465/454
f 1464/455 1466/457 1465/454
f 1467/456 1468/455 1469/454
f 1468/455 1470/457 1469/454
f 1471/456 1472/455 1473/454
f 1472/455 1474/457 1473/454
f 1444/460 1415/459 1446/458
f 1415/459 1417/461 1446/458
f 1445/460 1418/459 1443/458
f 1418/459 1416/461 1443/458
f 1448/460 1423/459 1450/458
f 1423/459 1425/461 1450/458
f 1449/460 1426/459 1447/458
f 1426/459 1424/461 1447/458
f 1452/460 1431/459 1454/458
f 1431/459 1433/461 1454/458
f 1453/460 1434/459 1451/458
f 1434/459 1432/461 1451/458
f 1456/460 1439/459 1458/458
f 1439/459 1441/461 1458/458
f 1457/460 1442/459 1455/458
f 1442/459 1440/461 1455/458
f 1460/460 1411/459 1462/458
f 1411/459 1413/461 1462/458
f 1461/460 1414/459 1459/458
f 1414/459 1412/461 1459/458
f 1464/460 1419/459 1466/458
f 1419/459 1421/461 1466/458
f 1465/460 1422/459 1463/458
f 1422/459 1420/461 1463/458
f 1468/460 1427/459 1470/458
f 1427/459 1429/461 1470/458
f 1469/460 1430/459 1467/458
f 1430/459 1428/461 1467/458
f 1472/460 1435/459 1474/458
f 1435/459 1437/461 1474/458
f 1473/460 1438/459 1471/458
f 1438/459 1436/461 1471/458
f 1443/458 1416/463 1444/462
f 1416/463 1415/464 1444/462
f 1447/458 1424/463 1448/462
f 1424/463 1423/464 1448/462
f 1451/458 1432/463 1452/462
f 1432/463 1431/464 1452/462
f 1455/458 1440/463 1456/462
f 1440/463 1439/464 1456/462
f 1446/458 1417/463 1445/462
f 1417/463 1418/464 1445/462
f 1450/458 1425/463 1449/462
f 1425/463 1426/464 1449/462
f 1454/458 1433/463 1453/462
f 1433/463 1434/464 1453/462
f 1458/458 1441/463 1457/462
f 1441/463 1442/464 1457/462
f 1459/458 1412/463 1460/462
f 1412/463 1411/464 1460/462
f 1463/458 1420/463 1464/462
f 1420/463 1419/464 1464/462
f 1467/458 1428/463 1468/462
f 1428/463 1427/464 1468/462
f 1471/458 1436/463 1472/462
f 1436/463 1435/464 1472/462
f 1462/458 1413/463 1461/462
f 1413/463 1414/464 1461/462
f 1466/458 1421/463 1465/462
f 1421/463 1422/464 1465/462
f 1470/458 1429/463 1469/462
f 1429/463 1430/464 1469/462
f 1474/458 1437/463 1473/462
f 1437/463 1438/464 1473/462
f 1475/456 1476/455 1477/454
f 1476/455 1478/457 1477/454
f 1479/456 1480/455 1481/454
f 1480/455 1482/457 1481/454
f 1483/456 1484/455 1485/454
f 1484/455 1486/457 1485/454
f 1487/456 1488/455 1489/454
f 1488/455 1490/457 1489/454
f 1491/456 1492/455 1493/454
f 1492/455 1494/457 1493/454
f 1495/456 1496/455 1497/454
f 1496/455 1498/457 1497/454
f 1499/456 1500/455 1501/454
f 1500/455 1502/457 1501/454
f 1503/456 1504/455 1505/454
f 1504/455 1506/457 1505/454
f 1507/456 1508/455 1509/454
f 1508/455 1510/457 1509/454
f 1511/456 1512/455 1513/454
f 1512/455 1514/457 1513/454
f 1515/456 1516/455 1517/454
f 1516/455 1518/457 1517/454
f 1519/456 1520/455 1521/454
f 1520/455 1522/457 1521/454
f 1523/456 1524/455 1525/454
f 1524/455 1526/457 1525/454
f 1527/456 1528/455 1529/454
f 1528/455 1530/457 1529/454
f 1531/456 1532/455 1533/454
f 1532/455 1534/457 1533/454
f 1535/456 1536/455 1537/454
f 1536/455 1538/457 1537/454
f 1477/460 1514/459 1475/458
f 1514/459 1512/461 1475/458
f 1476/460 1511/459 1478/458
f 1511/459 1513/461 1478/458
f 1481/460 1522/459 1479/458
f 1522/459 1520/461 1479/458
f 1480/460 1519/459 1482/458
f 1519/459 1521/461 1482/458
f 1485/460 1530/459 1483/458
f 1530/459 1528/461 1483/458
f 1484/460 1527/459 1486/458
f 1527/459 1529/461 1486/458
f 1489/460 1538/459 1487/458
f 1538/459 1536/461 1487/458
f 1488/460 1535/459 1490/458
f 1535/459 1537/461 1490/458
f 1493/460 1510/459 1491/458
f 1510/459 1508/461 1491/458
f 1492/460 1507/459 1494/458
f 1507/459 1509/461 1494/458
f 1497/460 1518/459 1495/458
f 1518/459 1516/461 1495/458
f 1496/460 1515/459 1498/458
f 1515/459 1517/461 1498/458
f 1501/460 1526/459 1499/458
f 1526/459 1524/461 1499/458
f 1500/460 1523/459 1502/458
f 1523/459 1525/461 1502/458
f 1505/460 1534/459 1503/458
f 1534/459 1532/461 1503/458
f 1504/460 1531/459 1506/458
f 1531/459 1533/461 1506/458
f 1475/458 1512/463 1476/462
f 1512/463 1511/464 1476/462
f 1479/458 1520/463 1480/462
f 1520/463 1519/464 1480/462
f 1483/458 1528/463 1484/462
f 1528/463 1527/464 1484/462
f 1487/458 1536/463 1488/462
f 1536/463 1535/464 1488/462
f 1478/458 1513/463 1477/462
f 1513/463 1514/464 1477/462
f 1482/458 1521/463 1481/462
f 1521/463 1522/464 1481/462
f 1486/458 1529/463 1485/462
f 1529/463 1530/464 1485/462
f 1490/458 1537/463 1489/462
f 1537/463 1538/464 1489/462
f 1491/458 1508/463 1492/462
f 1508/463 1507/464 1492/462
f 1495/458 1516/463 1496/462
f 1516/463 1515/464 1496/462
f 1499/458 1524/463 1500/462
f 1524/463 1523/464 1500/462
f 1503/458 1532/463 1504/462
f 1532/463 1531/464 1504/462
f 1494/458 1509/463 1493/462
f 1509/463 1510/464 1493/462
f 1498/458 1517/463 1497/462
f 1517/463 1518/464 1497/462
f 1502/458 1525/463 1501/462
f 1525/463 1526/464 1501/462
f 1506/458 1533/463 1505/462
f 1533/463 1534/464 1505/462
f 1539/456 1540/455 1541/454
f 1540/455 1542/457 1541/454
f 1543/456 1544/455 1545/454
f 1544/455 1546/457 1545/454
f 1547/456 1548/455 1549/454
f 1548/455 1550/457 1549/454
f 1551/456 1552/455 1553/454
f 1552/455 1554/457 1553/454
f 1555/456 1556/455 1557/454
f 1556/455 1558/457 1557/454
f 1559/456 1560/455 1561/454
f 1560/455 1562/457 1561/454
f 1563/456 1564/455 1565/454
f 1564/455 1566/457 1565/454
f 1567/456 1568/455 1569/454
f 1568/455 1570/457 1569/454
f 1571/456 1572/455 1573/454
f 1572/455 1574/457 1573/454
f 1575/456 1576/455 1577/454
f 1576/455 1578/457 1577/454
f 1579/456 1580/455 1581/454
f 1580/455 1582/457 1581/454
f 1583/456 1584/455 1585/454
f 1584/455 1586/457 1585/454
f 1587/456 1588/455 1589/454
f 1588/455 1590/457 1589/454
f 1591/456 1592/455 1593/454
f 1592/455 1594/457 1593/454
f 1595/456 1596/455 1597/454
f 1596/455 1598/457 1597/454
f 1599/456 1600/455 1601/454
f 1600/455 1602/457 1601/454
f 1541/460 1578/459 1539/458
f 1578/459 1576/461 1539/458
f 1540/460 1575/459 1542/458
f 1575/459 1577/461 1542/458
f 1545/460 1586/459 1543/458
f 1586/459 1584/461 1543/458
f 1544/460 1583/459 1546/458
f 1583/459 1585/461 1546/458
f 1549/460 1594/459 1547/458
f 1594/459 1592/461 1547/458
f 1548/460 1591/459 1550/458
f 1591/459 1593/461 1550/458
f 1553/460 1602/459 1551/458
f 1602/459 1600/461 1551/458
f 1552/460 1599/459 1554/458
f 1599/459 1601/461 1554/458
f 1557/460 1574/459 1555/458
f 1574/459 1572/461 1555/458
f 1556/460 1571/459 1558/458
f 1571/459 1573/461 1558/458
f 1561/460 1582/459 1559/458
f 1582/459 1580/461 1559/458
f 1560/460 1579/459 1562/458
f 1579/459 1581/461 1562/458
f 1565/460 1590/459 1563/458
f 1590/459 1588/461 1563/458
f 1564/460 1587/459 1566/458
f 1587/459 1589/461 1566/458
f 1569/460 1598/459 1567/458
f 1598/459 1596/461 1567/458
f 1568/460 1595/459 1570/458
f 1595/459 1597/461 1570/458
f 1539/458 1576/463 1540/462
f 1576/463 1575/464 1540/462
f 1543/458 1584/463 1544/462
f 1584/463 1583/464 1544/462
f 1547/458 1592/463 1548/462
f 1592/463 1591/464 1548/462
f 1551/458 1600/463 1552/462
f 1600/463 1599/464 1552/462
f 1542/458 1577/463 1541/462
f 1577/463 1578/464 1541/462
f 1546/458 1585/463 1545/462
f 1585/463 1586/464 1545/462
f 1550/458 1593/463 1549/462
f 1593/463 1594/464 1549/462
f 1554/458 1601/463 1553/462
f 1601/463 1602/464 1553/462
f 1555/458 1572/463 1556/462
f 1572/463 1571/464 1556/462
f 1559/458 1580/463 1560/462
f 1580/463 1579/464 1560/462
f 1563/458 1588/463 1564/462
f 1588/463 1587/464 1564/462
f 1567/458 1596/463 1568/462
f 1596/463 1595/464 1568/462
f 1558/458 1573/463 1557/462
f 1573/463 1574/464 1557/462
f 1562/458 1581/463 1561/462
f 1581/463 1582/464 1561/462
f 1566/458 1589/463 1565/462
f 1589/463 1590/464 1565/462
f 1570/458 1597/463 1569/462
f 1597/463 1598/464 1569/462
f 1603/456 1604/455 1605/454
f 1604/455 1606/457 1605/454
f 1607/456 1608/455 1609/454
f 1608/455 1610/457 1609/454
f 1611/456 1612/455 1613/454
f 1612/455 1614/457 1613/454
f 1615/456 1616/455 1617/454
f 1616/455 1618/457 1617/454
f 1619/456 1620/455 1621/454
f 1620/455 1622/457 1621/454
f 1623/456 1624/455 1625/454
f 1624/455 1626/457 1625/454
f 1627/456 1628/455 1629/454
f 1628/455 1630/457 1629/454
f 1631/456 1632/455 1633/454
f 1632/455 1634/457 1633/454
f 1635/456 1636/455 1637/454
f 1636/455 1638/457 1637/454
f 1639/456 1640/455 1641/454
f 1640/455 1642/457 1641/454
f 1643/456 1644/455 1645/454
f 1644/455 1646/457 1645/454
f 1647/456 1648/455 1649/454
f 1648/455 1650/457 1649/454
f 1651/456 1652/455 1653/454
f 1652/455 1654/457 1653/454
f 1655/456 1656/455 1657/454
f 1656/455 1658/457 1657/454
f 1659/456 1660/455 1661/454
f 1660/455 1662/457 1661/454
f 1663/456 1664/455 1665/454
f 1664/455 1666/457 1665/454
f 1636/460 1607/459 1638/458
f 1607/459 1609/461 1638/458
f 1637/460 1610/459 1635/458
f 1610/459 1608/461 1635/458
f 1640/460 1615/459 1642/458
f 1615/459 1617/461 1642/458
f 1641/460 1618/459 1639/458
f 1618/459 1616/461 1639/458
f 1644/460 1623/459 1646/458
f 1623/459 1625/461 1646/458
f 1645/460 1626/459 1643/458
f 1626/459 1624/461 1643/458
f 1648/460 1631/459 1650/458
f 1631/459 1633/461 1650/458
f 1649/460 1634/459 1647/458
f 1634/459 1632/461 1647/458
f 1652/460 1603/459 1654/458
f 1603/459 1605/461 1654/458
f 1653/460 1606/459 1651/458
f 1606/459 1604/461 1651/458
f 1656/460 1611/459 1658/458
f 1611/459 1613/461 1658/458
f 1657/460 1614/459 1655/458
f 1614/459 1612/461 1655/458
f 1660/460 1619/459 1662/458
f 1619/459 1621/461 1662/458
f 1661/460 1622/459 1659/458
f 1622/459 1620/461 1659/458
f 1664/460 1627/459 1666/458
f 1627/459 1629/461 1666/458
f 1665/460 1630/459 1663/458
f 1630/459 1628/461 1663/458
f 1635/458 1608/463 1636/462
f 1608/463 1607/464 1636/462
f 1639/458 1616/463 1640/462
f 1616/463 1615/464 1640/462
f 1643/458 1624/463 1644/462
f 1624/463 1623/464 1644/462
f 1647/458 1632/463 1648/462
f 1632/463 1631/464 1648/462
f 1638/458 1609/463 1637/462
f 1609/463 1610/464 1637/462
f 1642/458 1617/463 1641/462
f 1617/463 1618/464 1641/462
f 1646/458 1625/463 1645/462
f 1625/463 1626/464 1645/462
f 1650/458 1633/463 1649/462
f 1633/463 1634/464 1649/462
f 1651/458 1604/463 1652/462
f 1604/463 1603/464 1652/462
f 1655/458 1612/463 1656/462
f 1612/463 1611/464 1656/462
f 1659/458 1620/463 1660/462
f 1620/463 1619/464 1660/462
f 1663/458 1628/463 1664/462
f 1628/463 1627/464 1664/462
f 1654/458 1605/463 1653/462
f 1605/463 1606/464 1653/462
f 1658/458 1613/463 1657/462
f 1613/463 1614/464 1657/462
f 1662/458 1621/463 1661/462
f 1621/463 1622/464 1661/462
f 1666/458 1629/463 1665/462
f 1629/463 1630/464 1665/462
f 1667/456 1668/455 1669/454
f 1668/455 1670/457 1669/454
f 1671/456 1672/455 1673/454
f 1672/455 1674/457 1673/454
f 1675/456 1676/455 1677/454
f 1676/455 1678/457 1677/454
f 1679/456 1680/455 1681/454
f 1680/455 1682/457 1681/454
f 1683/456 1684/455 1685/454
f 1684/455 1686/457 1685/454
f 1687/456 1688/455 1689/454
f 1688/455 1690/457 1689/454
f 1691/456 1692/455 1693/454
f 1692/455 1694/457 1693/454
f 1695/456 1696/455 1697/454
f 1696/455 1698/457 1697/454
f 1699/456 1700/455 1701/454
f 1700/455 1702/457 1701/454
f 1703/456 1704/455 1705/454
f 1704/455 1706/457 1705/454
f 1707/456 1708/455 1709/454
f 1708/455 1710/457 1709/454
f 1711/456 1712/455 1713/454
f 1712/455 1714/457 1713/454
f 1715/456 1716/455 1717/454
f 1716/455 1718/457 1717/454
f 1719/456 1720/455 1721/454
f 1720/455 1722/457 1721/454
f 1723/456 1724/455 1725/454
f 1724/455 1726/457 1725/454
f 1727/456 1728/455 1729/454
f 1728/455 1730/457 1729/454
f 1700/460 1671/459 1702/458
f 1671/459 1673/461 1702/458
f 1701/460 1674/459 1699/458
f 1674/459 1672/461 1699/458
f 1704/460 1679/459 1706/458
f 1679/459 1681/461 1706/458
f 1705/460 1682/459 1703/458
f 1682/459 1680/461 1703/458
f 1708/460 1687/459 1710/458
f 1687/459 1689/461 1710/458
f 1709/460 1690/459 1707/458
f 1690/459 1688/461 1707/458
f 1712/460 1695/459 1714/458
f 1695/459 1697/461 1714/458
f 1713/460 1698/459 1711/458
f 1698/459 1696/461 1711/458
f 1716/460 1667/459 1718/458
f 1667/459 1669/461 1718/458
f 1717/460 1670/459 1715/458
f 1670/459 1668/461 1715/458
f 1720/460 1675/459 1722/458
f 1675/459 1677/461 1722/458
f 1721/460 1678/459 1719/458
f 1678/459 1676/461 1719/458
f 1724/460 1683/459 1726/458
f 1683/459 1685/461 1726/458
f 1725/460 1686/459 1723/458
f 1686/459 1684/461 1723/458
f 1728/460 1691/459 1730/458
f 1691/459 1693/461 1730/458
f 1729/460 1694/459 1727/458
f 1694/459 1692/461 1727/458
f 1699/458 1672/463 1700/462
f 1672/463 1671/464 1700/462
f 1703/458 1680/463 1704/462
f 1680/463 1679/464 1704/462
f 1707/458 1688/463 1708/462
f 1688/463 1687/464 1708/462
f 1711/458 1696/463 1712/462
f 1696/463 1695/464 1712/462
f 1702/458 1673/463 1701/462
f 1673/463 1674/464 1701/462
f 1706/458 1681/463 1705/462
f 1681/463 1682/464 1705/462
f 1710/458 1689/463 1709/462
f 1689/463 1690/464 1709/462
f 1714/458 1697/463 1713/462
f 1697/463 1698/464 1713/462
f 1715/458 1668/463 1716/462
f 1668/463 1667/464 1716/462
f 1719/458 1676/463 1720/462
f 1676/463 1675/464 1720/462
f 1723/458 1684/463 1724/462
f 1684/463 1683/464 1724/462
f 1727/458 1692/463 1728/462
f 1692/463 1691/464 1728/462
f 1718/458 1669/463 1717/462
f 1669/463 1670/464 1717/462
f 1722/458 1677/463 1721/462
f 1677/463 1678/464 1721/462
f 1726/458 1685/463 1725/462
f 1685/463 1686/464 1725/462
f 1730/458 1693/463 1729/462
f 1693/463 1694/464 1729/462
f 1731/467 1732/466 1733/465
f 1734/468 1733/465 1732/466
f 1735/470 1731/467 1736/469
f 1733/465 1736/469 1731/467
f 1737/472 1735/470 1738/471
f 1736/469 1738/471 1735/470
f 1739/474 1737/472 1740/473
f 1738/471 1740/473 1737/472
f 1741/476 1739/474 1742/475
f 1740/473 1742/475 1739/474
f 1732/468 1743/465 1734/466
f 1744/467 1734/466 1743/465
f 1743/465 1745/469 1744/467
f 1746/470 1744/467 1745/469
f 1747/471 1748/472 1745/469
f 1748/472 1746/470 1745/469
f 1747/471 1749/473 1748/472
f 1750/474 1748/472 1749/473
f 1749/473 1741/475 1750/474
f 1742/476 1750/474 1741/475
f 1751/479 1752/478 1753/477
f 1752/478 1754/480 1753/477
f 1755/479 1756/478 1757/477
f 1756/478 1758/480 1757/477
f 1754/480 1752/478 1759/481
f 1752/478 1760/482 1759/481
f 1758/480 1756/478 1761/481
f 1756/478 1762/482 1761/481
f 1763/467 1764/466 1765/465
f 1766/468 1765/465 1764/466
f 1767/470 1763/467 1768/469
f 1765/465 1768/469 1763/467
f 1769/472 1767/470 1770/471
f 1768/469 1770/471 1767/470
f 1771/474 1769/472 1772/473
f 1770/471 1772/473 1769/472
f 1773/476 1771/474 1774/475
f 1772/473 1774/475 1771/474
f 1764/468 1775/465 1766/466
f 1776/467 1766/466 1775/465
f 1775/465 1777/469 1776/467
f 1778/470 1776/467 1777/469
f 1779/471 1780/472 1777/469
f 1780/472 1778/470 1777/469
f 1779/471 1781/473 1780/472
f 1782/474 1780/472 1781/473
f 1781/473 1773/475 1782/474
f 1774/476 1782/474 1773/475
f 1783/479 1784/478 1785/477
f 1784/478 1786/480 1785/477
f 1787/479 1788/478 1789/477
f 1788/478 1790/480 1789/477
f 1786/480 1784/478 1791/481
f 1784/478 1792/482 1791/481
f 1790/480 1788/478 1793/481
f 1788/478 1794/482 1793/481
usemtl texture7
f 1129/485 1130/484 1124/483
f 1130/484 1126/486 1124/483
f 1129/485 1124/483 1127/487
f 1124/483 1123/488 1127/487
f 1127/487 1123/488 1132/489
f 1123/488 1134/490 1132/489
f 1126/486 1130/484 1125/491
f 1130/484 1128/492 1125/491
f 1134/495 1133/494 1132/493
f 1133/494 1131/496 1132/493
f 1125/491 1128/492 1133/497
f 1128/492 1131/498 1133/497
f 1141/485 1142/484 1136/483
f 1142/484 1138/486 1136/483
f 1141/485 1136/483 1139/487
f 1136/483 1135/488 1139/487
f 1139/487 1135/488 1144/489
f 1135/488 1146/490 1144/489
f 1138/486 1142/484 1137/491
f 1142/484 1140/492 1137/491
f 1146/495 1145/494 1144/493
f 1145/494 1143/496 1144/493
f 1137/491 1140/492 1145/497
f 1140/492 1143/498 1145/497
f 1147/491 1151/492 1148/497
f 1151/492 1153/498 1148/497
f 1150/495 1148/494 1154/493
f 1148/494 1153/496 1154/493
f 1158/486 1156/484 1147/491
f 1156/484 1151/492 1147/491
f 1152/487 1149/488 1154/489
f 1149/488 1150/490 1154/489
f 1155/485 1157/483 1152/487
f 1157/483 1149/488 1152/487
f 1155/485 1156/484 1157/483
f 1156/484 1158/486 1157/483
f 1159/491 1163/492 1160/497
f 1163/492 1165/498 1160/497
f 1162/495 1160/494 1166/493
f 1160/494 1165/496 1166/493
f 1170/486 1168/484 1159/491
f 1168/484 1163/492 1159/491
f 1164/487 1161/488 1166/489
f 1161/488 1162/490 1166/489
f 1167/485 1169/483 1164/487
f 1169/483 1161/488 1164/487
f 1167/485 1168/484 1169/483
f 1168/484 1170/486 1169/483
f 1177/485 1178/484 1172/483
f 1178/484 1174/486 1172/483
f 1177/485 1172/483 1175/487
f 1172/483 1171/488 1175/487
f 1175/487 1171/488 1180/489
f 1171/488 1182/490 1180/489
f 1174/486 1178/484 1173/491
f 1178/484 1176/492 1173/491
f 1182/495 1181/494 1180/493
f 1181/494 1179/496 1180/493
f 1173/491 1176/492 1181/497
f 1176/492 1179/498 1181/497
f 1189/485 1190/484 1184/483
f 1190/484 1186/486 1184/483
f 1189/485 1184/483 1187/487
f 1184/483 1183/488 1187/487
f 1187/487 1183/488 1192/489
f 1183/488 1194/490 1192/489
f 1186/486 1190/484 1185/491
f 1190/484 1188/492 1185/491
f 1194/495 1193/494 1192/493
f 1193/494 1191/496 1192/493
f 1185/491 1188/492 1193/497
f 1188/492 1191/498 1193/497
f 1195/491 1199/492 1196/497
f 1199/492 1201/498 1196/497
f 1198/495 1196/494 1202/493
f 1196/494 1201/496 1202/493
f 1206/486 1204/484 1195/491
f 1204/484 1199/492 1195/491
f 1200/487 1197/488 1202/489
f 1197/488 1198/490 1202/489
f 1203/485 1205/483 1200/487
f 1205/483 1197/488 1200/487
f 1203/485 1204/484 1205/483
f 1204/484 1206/486 1205/483
f 1207/491 1211/492 1208/497
f 1211/492 1213/498 1208/497
f 1210/495 1208/494 1214/493
f 1208/494 1213/496 1214/493
f 1218/486 1216/484 1207/491
f 1216/484 1211/492 1207/491
f 1212/487 1209/488 1214/489
f 1209/488 1210/490 1214/489
f 1215/485 1217/483 1212/487
f 1217/483 1209/488 1212/487
f 1215/485 1216/484 1217/483
f 1216/484 1218/486 1217/483
usemtl texture8
f 786/501 797/500 787/499
f 797/500 1001/502 787/499
f 787/499 1001/502 790/503
f 1001/502 1002/504 790/503
f 790/503 1002/504 792/505
f 1002/504 1003/506 792/505
f 792/505 1003/506 794/507
f 1003/506 798/508 794/507
f 808/505 1004/506 800/507
f 1004/506 801/508 800/507
f 810/503 1005/504 808/505
f 1005/504 1004/506 808/505
f 812/499 1006/502 810/503
f 1006/502 1005/504 810/503
f 806/501 807/500 812/499
f 807/500 1006/502 812/499
f 1795/510 1796/250 1797/509
f 1796/250 1798/511 1797/509
f 1795/510 1797/509 1799/252
f 1797/509 1800/512 1799/252
f 1797/509 1798/511 1801/513
f 1798/511 1802/514 1801/513
f 1797/509 1801/513 1800/512
f 1801/513 1803/515 1800/512
f 1801/513 1804/516 1803/515
f 1805/517 1803/515 1804/516
f 1801/513 1802/514 1804/516
f 1802/514 1806/518 1804/516
f 1804/516 1807/519 1805/517
f 1807/519 1808/520 1805/517
f 1807/519 1804/516 1809/521
f 1806/518 1809/521 1804/516
f 1807/519 1810/522 1808/520
f 1810/522 1811/46 1808/520
f 1807/519 1809/521 1810/522
f 1809/521 1812/47 1810/522
f 1813/509 1814/511 1795/510
f 1814/511 1796/250 1795/510
f 1813/509 1795/510 1815/512
f 1795/510 1799/252 1815/512
f 1816/513 1817/514 1813/509
f 1817/514 1814/511 1813/509
f 1816/513 1813/509 1818/515
f 1813/509 1815/512 1818/515
f 1819/516 1820/518 1816/513
f 1820/518 1817/514 1816/513
f 1819/516 1816/513 1821/517
f 1816/513 1818/515 1821/517
f 1822/519 1819/516 1823/520
f 1819/516 1821/517 1823/520
f 1822/519 1824/521 1819/516
f 1824/521 1820/518 1819/516
f 1810/522 1822/519 1811/46
f 1822/519 1823/520 1811/46
f 1810/522 1812/47 1822/519
f 1812/47 1824/521 1822/519
f 1825/510 1826/250 1827/509
f 1826/250 1828/511 1827/509
f 1825/510 1827/509 1829/252
f 1827/509 1830/512 1829/252
f 1827/509 1828/511 1831/513
f 1828/511 1832/514 1831/513
f 1827/509 1831/513 1830/512
f 1831/513 1833/515 1830/512
f 1831/513 1834/516 1833/515
f 1835/517 1833/515 1834/516
f 1831/513 1832/514 1834/516
f 1832/514 1836/518 1834/516
f 1834/516 1837/519 1835/517
f 1837/519 1838/520 1835/517
f 1837/519 1834/516 1839/521
f 1836/518 1839/521 1834/516
f 1837/519 1840/522 1838/520
f 1840/522 1841/46 1838/520
f 1837/519 1839/521 1840/522
f 1839/521 1842/47 1840/522
f 1843/509 1844/511 1825/510
f 1844/511 1826/250 1825/510
f 1843/509 1825/510 1845/512
f 1825/510 1829/252 1845/512
f 1846/513 1847/514 1843/509
f 1847/514 1844/511 1843/509
f 1846/513 1843/509 1848/515
f 1843/509 1845/512 1848/515
f 1849/516 1846/513 1850/517
f 1846/513 1848/515 1850/517
f 1849/516 1851/518 1846/513
f 1851/518 1847/514 1846/513
f 1852/519 1849/516 1853/520
f 1849/516 1850/517 1853/520
f 1852/519 1854/521 1849/516
f 1854/521 1851/518 1849/516
f 1840/522 1852/519 1841/46
f 1852/519 1853/520 1841/46
f 1840/522 1842/47 1852/519
f 1842/47 1854/521 1852/519
usemtl texture9
f 1855/525 1856/524 1857/523
f 1856/524 1858/526 1857/523
f 1859/529 1860/528 1861/527
f 1860/528 1862/530 1861/527
f 1863/532 1864/531 1856/524
f 1856/524 1864/531 1858/526
f 1859/529 1861/527 1863/532
f 1863/532 1861/527 1864/531
f 1865/532 1866/529 1867/531
f 1866/529 1868/527 1867/531
f 1869/524 1865/532 1870/526
f 1865/532 1867/531 1870/526
f 1866/529 1855/528 1868/527
f 1855/528 1857/530 1868/527
f 1860/525 1869/524 1862/523
f 1869/524 1870/526 1862/523
f 1871/535 1872/534 1873/533
f 1872/534 1874/536 1873/533
f 1875/538 1876/537 1871/535
f 1876/537 1872/534 1871/535
f 1873/533 1874/536 1877/539
f 1874/536 1878/540 1877/539
f 1875/538 1879/541 1876/537
f 1880/542 1876/537 1879/541
f 1881/538 1877/541 1882/537
f 1878/542 1882/537 1877/541
f 1879/539 1883/533 1880/540
f 1884/536 1880/540 1883/533
f 1885/535 1881/538 1886/534
f 1882/537 1886/534 1881/538
f 1883/533 1885/535 1884/536
f 1886/534 1884/536 1885/535
f 1887/525 1888/524 1889/523
f 1888/524 1890/526 1889/523
f 1891/529 1892/528 1893/527
f 1892/528 1894/530 1893/527
f 1895/532 1896/531 1888/524
f 1888/524 1896/531 1890/526
f 1891/529 1893/527 1895/532
f 1895/532 1893/527 1896/531
f 1897/532 1898/529 1899/531
f 1898/529 1900/527 1899/531
f 1901/524 1897/532 1902/526
f 1897/532 1899/531 1902/526
f 1898/529 1887/528 1900/527
f 1887/528 1889/530 1900/527
f 1892/525 1901/524 1894/523
f 1901/524 1902/526 1894/523
f 1903/535 1904/534 1905/533
f 1904/534 1906/536 1905/533
f 1907/538 1908/537 1903/535
f 1908/537 1904/534 1903/535
f 1905/533 1906/536 1909/539
f 1906/536 1910/540 1909/539
f 1907/538 1911/541 1908/537
f 1912/542 1908/537 1911/541
f 1913/538 1909/541 1914/537
f 1910/542 1914/537 1909/541
f 1911/539 1915/533 1912/540
f 1916/536 1912/540 1915/533
f 1917/535 1913/538 1918/534
f 1914/537 1918/534 1913/538
f 1915/533 1917/535 1916/536
f 1918/534 1916/536 1917/535
f 1919/545 1920/544 1921/543
f 1920/544 1922/546 1921/543
f 1920/544 1923/547 1922/546
f 1923/547 1924/548 1922/546
f 1925/551 1926/550 1921/549
f 1926/550 1919/552 1921/549
f 1923/547 1927/553 1924/548
f 1927/553 1928/554 1924/548
f 1929/556 1926/550 1930/555
f 1926/550 1925/551 1930/555
f 1928/554 1927/553 1931/557
f 1927/553 1932/558 1931/557
f 1933/547 1929/556 1934/548
f 1929/556 1930/555 1934/548
f 1932/560 1933/547 1931/559
f 1933/547 1934/548 1931/559
f 1935/545 1936/544 1937/543
f 1936/544 1938/546 1937/543
f 1936/544 1939/547 1938/546
f 1939/547 1940/548 1938/546
f 1941/551 1942/550 1937/549
f 1942/550 1935/552 1937/549
f 1939/547 1943/553 1940/548
f 1943/553 1944/554 1940/548
f 1945/556 1942/550 1946/555
f 1942/550 1941/551 1946/555
f 1944/554 1943/553 1947/557
f 1943/553 1948/558 1947/557
f 1949/547 1945/556 1950/548
f 1945/556 1946/555 1950/548
f 1948/560 1949/547 1947/559
f 1949/547 1950/548 1947/559
f 1951/545 1952/544 1953/543
f 1952/544 1954/546 1953/543
f 1952/544 1955/547 1954/546
f 1955/547 1956/548 1954/546
f 1957/551 1958/550 1953/549
f 1958/550 1951/552 1953/549
f 1955/547 1959/553 1956/548
f 1959/553 1960/554 1956/548
f 1961/556 1958/550 1962/555
f 1958/550 1957/551 1962/555
f 1960/554 1959/553 1963/557
f 1959/553 1964/558 1963/557
f 1965/547 1961/556 1966/548
f 1961/556 1962/555 1966/548
f 1964/560 1965/547 1963/559
f 1965/547 1966/548 1963/559
f 1967/560 1968/547 1969/559
f 1968/547 1970/548 1969/559
f 1968/547 1971/556 1970/548
f 1971/556 1972/555 1970/548
f 1973/554 1974/553 1969/557
f 1974/553 1967/558 1969/557
f 1971/556 1975/550 1972/555
f 1975/550 1976/551 1972/555
f 1977/547 1974/553 1978/548
f 1974/553 1973/554 1978/548
f 1976/551 1975/550 1979/549
f 1975/550 1980/552 1979/549
f 1981/544 1977/547 1982/546
f 1977/547 1978/548 1982/546
f 1980/545 1981/544 1979/543
f 1981/544 1982/546 1979/543
f 1983/560 1984/547 1985/559
f 1984/547 1986/548 1985/559
f 1984/547 1987/556 1986/548
f 1987/556 1988/555 1986/548
f 1989/554 1990/553 1985/557
f 1990/553 1983/558 1985/557
f 1987/556 1991/550 1988/555
f 1991/550 1992/551 1988/555
f 1993/547 1990/553 1994/548
f 1990/553 1989/554 1994/548
f 1992/551 1991/550 1995/549
f 1991/550 1996/552 1995/549
f 1997/544 1993/547 1998/546
f 1993/547 1994/548 1998/546
f 1996/545 1997/544 1995/543
f 1997/544 1998/546 1995/543
f 1999/560 2000/547 2001/559
f 2000/547 2002/548 2001/559
f 2000/547 2003/556 2002/548
f 2003/556 2004/555 2002/548
f 2005/554 2006/553 2001/557
f 2006/553 1999/558 2001/557
f 2003/556 2007/550 2004/555
f 2007/550 2008/551 2004/555
f 2009/547 2006/553 2010/548
f 2006/553 2005/554 2010/548
f 2008/551 2007/550 2011/549
f 2007/550 2012/552 2011/549
f 2013/544 2009/547 2014/546
f 2009/547 2010/548 2014/546
f 2012/545 2013/544 2011/543
f 2013/544 2014/546 2011/543
f 2015/545 2016/544 2017/543
f 2016/544 2018/546 2017/543
f 2016/544 2019/547 2018/546
f 2019/547 2020/548 2018/546
f 2021/551 2022/550 2017/549
f 2022/550 2015/552 2017/549
f 2019/547 2023/553 2020/548
f 2023/553 2024/554 2020/548
f 2024/554 2023/553 2025/557
f 2023/553 2026/558 2025/557
f 2027/556 2022/550 2028/555
f 2022/550 2021/551 2028/555
f 2026/560 2029/547 2025/559
f 2029/547 2030/548 2025/559
f 2029/547 2027/556 2030/548
f 2027/556 2028/555 2030/548
f 2031/545 2032/544 2033/543
f 2032/544 2034/546 2033/543
f 2032/544 2035/547 2034/546
f 2035/547 2036/548 2034/546
f 2037/551 2038/550 2033/549
f 2038/550 2031/552 2033/549
f 2035/547 2039/553 2036/548
f 2039/553 2040/554 2036/548
f 2041/556 2038/550 2042/555
f 2038/550 2037/551 2042/555
f 2040/554 2039/553 2043/557
f 2039/553 2044/558 2043/557
f 2045/547 2041/556 2046/548
f 2041/556 2042/555 2046/548
f 2044/560 2045/547 2043/559
f 2045/547 2046/548 2043/559
f 2047/545 2048/544 2049/543
f 2048/544 2050/546 2049/543
f 2048/544 2051/547 2050/546
f 2051/547 2052/548 2050/546
f 2053/551 2054/550 2049/549
f 2054/550 2047/552 2049/549
f 2051/547 2055/553 2052/548
f 2055/553 2056/554 2052/548
f 2056/554 2055/553 2057/557
f 2055/553 2058/558 2057/557
f 2059/556 2054/550 2060/555
f 2054/550 2053/551 2060/555
f 2058/560 2061/547 2057/559
f 2061/547 2062/548 2057/559
f 2061/547 2059/556 2062/548
f 2059/556 2060/555 2062/548
f 2063/547 2064/556 2065/548
f 2064/556 2066/555 2065/548
f 2067/560 2063/547 2068/559
f 2063/547 2065/548 2068/559
f 2064/556 2069/550 2066/555
f 2069/550 2070/551 2066/555
f 2071/554 2072/553 2068/557
f 2072/553 2067/558 2068/557
f 2073/547 2072/553 2074/548
f 2072/553 2071/554 2074/548
f 2070/551 2069/550 2075/549
f 2069/550 2076/552 2075/549
f 2077/544 2073/547 2078/546
f 2073/547 2074/548 2078/546
f 2076/545 2077/544 2075/543
f 2077/544 2078/546 2075/543
f 2079/560 2080/547 2081/559
f 2080/547 2082/548 2081/559
f 2080/547 2083/556 2082/548
f 2083/556 2084/555 2082/548
f 2085/554 2086/553 2081/557
f 2086/553 2079/558 2081/557
f 2083/556 2087/550 2084/555
f 2087/550 2088/551 2084/555
f 2089/547 2086/553 2090/548
f 2086/553 2085/554 2090/548
f 2088/551 2087/550 2091/549
f 2087/550 2092/552 2091/549
f 2093/544 2089/547 2094/546
f 2089/547 2090/548 2094/546
f 2092/545 2093/544 2091/543
f 2093/544 2094/546 2091/543
f 2095/547 2096/556 2097/548
f 2096/556 2098/555 2097/548
f 2099/560 2095/547 2100/559
f 2095/547 2097/548 2100/559
f 2096/556 2101/550 2098/555
f 2101/550 2102/551 2098/555
f 2103/554 2104/553 2100/557
f 2104/553 2099/558 2100/557
f 2105/547 2104/553 2106/548
f 2104/553 2103/554 2106/548
f 2102/551 2101/550 2107/549
f 2101/550 2108/552 2107/549
f 2109/544 2105/547 2110/546
f 2105/547 2106/548 2110/546
f 2108/545 2109/544 2107/543
f 2109/544 2110/546 2107/543
f 2111/545 2112/544 2113/543
f 2112/544 2114/546 2113/543
f 2112/544 2115/547 2114/546
f 2115/547 2116/548 2114/546
f 2117/551 2118/550 2113/549
f 2118/550 2111/552 2113/549
f 2115/547 2119/553 2116/548
f 2119/553 2120/554 2116/548
f 2121/556 2118/550 2122/555
f 2118/550 2117/551 2122/555
f 2120/554 2119/553 2123/557
f 2119/553 2124/558 2123/557
f 2125/547 2121/556 2126/548
f 2121/556 2122/555 2126/548
f 2124/560 2125/547 2123/559
f 2125/547 2126/548 2123/559
f 2127/545 2128/544 2129/543
f 2128/544 2130/546 2129/543
f 2128/544 2131/547 2130/546
f 2131/547 2132/548 2130/546
f 2133/551 2134/550 2129/549
f 2134/550 2127/552 2129/549
f 2131/547 2135/553 2132/548
f 2135/553 2136/554 2132/548
f 2137/556 2134/550 2138/555
f 2134/550 2133/551 2138/555
f 2136/554 2135/553 2139/557
f 2135/553 2140/558 2139/557
f 2141/547 2137/556 2142/548
f 2137/556 2138/555 2142/548
f 2140/560 2141/547 2139/559
f 2141/547 2142/548 2139/559
f 2143/545 2144/544 2145/543
f 2144/544 2146/546 2145/543
f 2144/544 2147/547 2146/546
f 2147/547 2148/548 2146/546
f 2149/551 2150/550 2145/549
f 2150/550 2143/552 2145/549
f 2147/547 2151/553 2148/548
f 2151/553 2152/554 2148/548
f 2153/556 2150/550 2154/555
f 2150/550 2149/551 2154/555
f 2152/554 2151/553 2155/557
f 2151/553 2156/558 2155/557
f 2157/547 2153/556 2158/548
f 2153/556 2154/555 2158/548
f 2156/560 2157/547 2155/559
f 2157/547 2158/548 2155/559
f 2159/560 2160/547 2161/559
f 2160/547 2162/548 2161/559
f 2160/547 2163/556 2162/548
f 2163/556 2164/555 2162/548
f 2165/554 2166/553 2161/557
f 2166/553 2159/558 2161/557
f 2163/556 2167/550 2164/555
f 2167/550 2168/551 2164/555
f 2169/547 2166/553 2170/548
f 2166/553 2165/554 2170/548
f 2168/551 2167/550 2171/549
f 2167/550 2172/552 2171/549
f 2173/544 2169/547 2174/546
f 2169/547 2170/548 2174/546
f 2172/545 2173/544 2171/543
f 2173/544 2174/546 2171/543
f 2175/560 2176/547 2177/559
f 2176/547 2178/548 2177/559
f 2176/547 2179/556 2178/548
f 2179/556 2180/555 2178/548
f 2181/554 2182/553 2177/557
f 2182/553 2175/558 2177/557
f 2179/556 2183/550 2180/555
f 2183/550 2184/551 2180/555
f 2185/547 2182/553 2186/548
f 2182/553 2181/554 2186/548
f 2184/551 2183/550 2187/549
f 2183/550 2188/552 2187/549
f 2189/544 2185/547 2190/546
f 2185/547 2186/548 2190/546
f 2188/545 2189/544 2187/543
f 2189/544 2190/546 2187/543
f 2191/560 2192/547 2193/559
f 2192/547 2194/548 2193/559
f 2192/547 2195/556 2194/548
f 2195/556 2196/555 2194/548
f 2197/554 2198/553 2193/557
f 2198/553 2191/558 2193/557
f 2195/556 2199/550 2196/555
f 2199/550 2200/551 2196/555
f 2201/547 2198/553 2202/548
f 2198/553 2197/554 2202/548
f 2200/551 2199/550 2203/549
f 2199/550 2204/552 2203/549
f 2205/544 2201/547 2206/546
f 2201/547 2202/548 2206/546
f 2204/545 2205/544 2203/543
f 2205/544 2206/546 2203/543
f 2207/545 2208/544 2209/543
f 2208/544 2210/546 2209/543
f 2208/544 2211/547 2210/546
f 2211/547 2212/548 2210/546
f 2213/551 2214/550 2209/549
f 2214/550 2207/552 2209/549
f 2211/547 2215/553 2212/548
f 2215/553 2216/554 2212/548
f 2217/556 2214/550 2218/555
f 2214/550 2213/551 2218/555
f 2216/554 2215/553 2219/557
f 2215/553 2220/558 2219/557
f 2221/547 2217/556 2222/548
f 2217/556 2218/555 2222/548
f 2220/560 2221/547 2219/559
f 2221/547 2222/548 2219/559
f 2223/545 2224/544 2225/543
f 2224/544 2226/546 2225/543
f 2224/544 2227/547 2226/546
f 2227/547 2228/548 2226/546
f 2229/551 2230/550 2225/549
f 2230/550 2223/552 2225/549
f 2227/547 2231/553 2228/548
f 2231/553 2232/554 2228/548
f 2233/556 2230/550 2234/555
f 2230/550 2229/551 2234/555
f 2232/554 2231/553 2235/557
f 2231/553 2236/558 2235/557
f 2237/547 2233/556 2238/548
f 2233/556 2234/555 2238/548
f 2236/560 2237/547 2235/559
f 2237/547 2238/548 2235/559
f 2239/545 2240/544 2241/543
f 2240/544 2242/546 2241/543
f 2240/544 2243/547 2242/546
f 2243/547 2244/548 2242/546
f 2245/551 2246/550 2241/549
f 2246/550 2239/552 2241/549
f 2243/547 2247/553 2244/548
f 2247/553 2248/554 2244/548
f 2249/556 2246/550 2250/555
f 2246/550 2245/551 2250/555
f 2248/554 2247/553 2251/557
f 2247/553 2252/558 2251/557
f 2253/547 2249/556 2254/548
f 2249/556 2250/555 2254/548
f 2252/560 2253/547 2251/559
f 2253/547 2254/548 2251/559
f 2255/560 2256/547 2257/559
f 2256/547 2258/548 2257/559
f 2256/547 2259/556 2258/548
f 2259/556 2260/555 2258/548
f 2261/554 2262/553 2257/557
f 2262/553 2255/558 2257/557
f 2259/556 2263/550 2260/555
f 2263/550 2264/551 2260/555
f 2265/547 2262/553 2266/548
f 2262/553 2261/554 2266/548
f 2264/551 2263/550 2267/549
f 2263/550 2268/552 2267/549
f 2269/544 2265/547 2270/546
f 2265/547 2266/548 2270/546
f 2268/545 2269/544 2267/543
f 2269/544 2270/546 2267/543
f 2271/560 2272/547 2273/559
f 2272/547 2274/548 2273/559
f 2272/547 2275/556 2274/548
f 2275/556 2276/555 2274/548
f 2277/554 2278/553 2273/557
f 2278/553 2271/558 2273/557
f 2275/556 2279/550 2276/555
f 2279/550 2280/551 2276/555
f 2281/547 2278/553 2282/548
f 2278/553 2277/554 2282/548
f 2280/551 2279/550 2283/549
f 2279/550 2284/552 2283/549
f 2285/544 2281/547 2286/546
f 2281/547 2282/548 2286/546
f 2284/545 2285/544 2283/543
f 2285/544 2286/546 2283/543
f 2287/560 2288/547 2289/559
f 2288/547 2290/548 2289/559
f 2288/547 2291/556 2290/548
f 2291/556 2292/555 2290/548
f 2293/554 2294/553 2289/557
f 2294/553 2287/558 2289/557
f 2291/556 2295/550 2292/555
f 2295/550 2296/551 2292/555
f 2297/547 2294/553 2298/548
f 2294/553 2293/554 2298/548
f 2296/551 2295/550 2299/549
f 2295/550 2300/552 2299/549
f 2301/544 2297/547 2302/546
f 2297/547 2298/548 2302/546
f 2300/545 2301/544 2299/543
f 2301/544 2302/546 2299/543
usemtl texture10
f 1874/563 1872/562 2303/561
f 1872/562 1876/564 2303/561
f 1867/567 1868/566 2304/565
f 1870/568 1867/567 2304/565
f 1878/569 1874/563 2303/561
f 1876/564 1880/570 2303/561
f 1868/566 1857/571 2304/565
f 1862/572 1870/568 2304/565
f 1882/573 1878/569 2303/561
f 1880/570 1884/574 2303/561
f 1857/571 1858/575 2304/565
f 1861/576 1862/572 2304/565
f 1886/577 1882/573 2303/561
f 1884/574 1886/577 2303/561
f 1858/575 1864/578 2304/565
f 1864/578 1861/576 2304/565
f 1906/563 1904/562 2305/561
f 1904/562 1908/564 2305/561
f 1899/567 1900/566 2306/565
f 1902/568 1899/567 2306/565
f 1910/569 1906/563 2305/561
f 1908/564 1912/570 2305/561
f 1900/566 1889/571 2306/565
f 1894/572 1902/568 2306/565
f 1914/573 1910/569 2305/561
f 1912/570 1916/574 2305/561
f 1889/571 1890/575 2306/565
f 1893/576 1894/572 2306/565
f 1918/577 1914/573 2305/561
f 1916/574 1918/577 2305/561
f 1890/575 1896/578 2306/565
f 1896/578 1893/576 2306/565
usemtl texture11
f 1873/581 2307/580 1871/579
f 1871/579 2307/580 2308/582
f 2308/582 2307/580 1865/583
f 2307/580 1866/584 1865/583
f 1875/586 1871/579 2309/585
f 1871/579 2308/582 2309/585
f 2309/585 2308/582 1869/587
f 2308/582 1865/583 1869/587
f 1879/589 1875/586 2310/588
f 1875/586 2309/585 2310/588
f 2310/588 2309/585 1860/590
f 2309/585 1869/587 1860/590
f 1883/581 1879/591 2311/580
f 1879/591 2310/592 2311/580
f 2311/580 2310/592 1859/584
f 2310/592 1860/593 1859/584
f 1885/579 1883/581 2312/582
f 1883/581 2311/580 2312/582
f 2311/580 1859/584 2312/582
f 2312/582 1859/584 1863/583
f 1905/581 2313/580 1903/579
f 1903/579 2313/580 2314/582
f 2314/582 2313/580 1897/583
f 2313/580 1898/584 1897/583
f 1907/586 1903/579 2315/585
f 1903/579 2314/582 2315/585
f 2315/585 2314/582 1901/587
f 2314/582 1897/583 1901/587
f 1911/589 1907/586 2316/588
f 1907/586 2315/585 2316/588
f 2316/588 2315/585 1892/590
f 2315/585 1901/587 1892/590
f 1915/581 1911/591 2317/580
f 1911/591 2316/592 2317/580
f 2317/580 2316/592 1891/584
f 2316/592 1892/593 1891/584
f 1917/579 1915/581 2318/582
f 1915/581 2317/580 2318/582
f 2317/580 1891/584 2318/582
f 2318/582 1891/584 1895/583
usemtl texture12
f 1799/596 1800/595 2319/594
f 1800/595 2320/597 2319/594
f 2319/594 2320/597 1732/598
f 2320/597 1743/599 1732/598
f 1800/595 1803/600 2320/597
f 1803/600 2321/601 2320/597
f 2320/597 2321/601 1743/599
f 2321/601 1745/602 1743/599
f 1803/600 1805/603 2321/601
f 2322/604 2321/601 1805/603
f 2321/601 2322/604 1745/602
f 1747/605 1745/602 2322/604
f 2322/604 2323/606 1747/605
f 2323/606 1749/607 1747/605
f 1805/603 1808/608 2322/604
f 1808/608 2323/606 2322/604
f 2323/606 2324/609 1749/607
f 2324/609 1741/610 1749/607
f 1808/608 1811/611 2323/606
f 1811/611 2324/609 2323/606
f 1815/595 1799/596 2325/597
f 1799/596 2319/594 2325/597
f 2325/597 2319/594 1731/599
f 2319/594 1732/598 1731/599
f 1818/600 1815/595 2326/601
f 1815/595 2325/597 2326/601
f 2326/601 2325/597 1735/602
f 2325/597 1731/599 1735/602
f 1821/603 1818/600 2327/604
f 1818/600 2326/601 2327/604
f 2327/604 2326/601 1737/605
f 2326/601 1735/602 1737/605
f 2328/606 2327/604 1739/607
f 2327/604 1737/605 1739/607
f 1823/608 1821/603 2328/606
f 1821/603 2327/604 2328/606
f 2324/609 2328/606 1741/610
f 2328/606 1739/607 1741/610
f 1811/611 1823/608 2324/609
f 1823/608 2328/606 2324/609
f 1798/614 1796/613 2329/612
f 2330/615 2329/612 1796/613
f 2329/612 2330/615 1744/616
f 1734/617 1744/616 2330/615
f 1802/619 1798/614 2331/618
f 2329/612 2331/618 1798/614
f 2331/618 2329/612 1746/620
f 1744/616 1746/620 2329/612
f 2332/622 2331/618 1748/621
f 2331/618 1746/620 1748/621
f 1806/623 1802/619 2332/622
f 1802/619 2331/618 2332/622
f 2333/625 2332/622 1750/624
f 1748/621 1750/624 2332/622
f 1809/626 1806/623 2334/625
f 2335/622 2334/625 1806/623
f 2336/628 2333/625 1742/627
f 1750/624 1742/627 2333/625
f 1812/629 1809/626 2336/628
f 2333/625 2336/628 1809/626
f 1796/613 1814/614 2330/615
f 2337/612 2330/615 1814/614
f 2330/615 2337/612 1734/617
f 1733/616 1734/617 2337/612
f 1814/614 1817/619 2337/612
f 2338/618 2337/612 1817/619
f 2337/612 2338/618 1733/616
f 1736/620 1733/616 2338/618
f 2338/618 2339/622 1736/620
f 1738/621 1736/620 2339/622
f 1817/619 1820/623 2338/618
f 2339/622 2338/618 1820/623
f 2339/622 2340/625 1738/621
f 1740/624 1738/621 2340/625
f 1820/623 1824/626 2339/622
f 2340/625 2339/622 1824/626
f 2340/625 2336/628 1740/624
f 1742/627 1740/624 2336/628
f 1824/626 1812/629 2340/625
f 2336/628 2340/625 1812/629
f 1758/632 1752/631 1757/630
f 1757/630 1752/631 1751/633
f 1756/636 1755/635 1754/634
f 1753/637 1754/634 1755/635
f 1761/639 1760/638 1758/632
f 1752/631 1758/632 1760/638
f 1762/641 1756/636 1759/640
f 1754/634 1759/640 1756/636
f 1829/596 1830/595 2341/594
f 1830/595 2342/597 2341/594
f 2341/594 2342/597 1764/598
f 2342/597 1775/599 1764/598
f 1830/595 1833/600 2342/597
f 1833/600 2343/601 2342/597
f 2342/597 2343/601 1775/599
f 2343/601 1777/602 1775/599
f 1833/600 1835/603 2343/601
f 2344/604 2343/601 1835/603
f 2343/601 2344/604 1777/602
f 1779/605 1777/602 2344/604
f 2344/604 2345/606 1779/605
f 2345/606 1781/607 1779/605
f 1835/603 1838/608 2344/604
f 1838/608 2345/606 2344/604
f 2345/606 2346/609 1781/607
f 2346/609 1773/610 1781/607
f 1838/608 1841/611 2345/606
f 1841/611 2346/609 2345/606
f 1845/595 1829/596 2347/597
f 1829/596 2341/594 2347/597
f 2347/597 2341/594 1763/599
f 2341/594 1764/598 1763/599
f 1848/600 1845/595 2348/601
f 1845/595 2347/597 2348/601
f 2348/601 2347/597 1767/602
f 2347/597 1763/599 1767/602
f 1850/603 1848/600 2349/604
f 1848/600 2348/601 2349/604
f 2349/604 2348/601 1769/605
f 2348/601 1767/602 1769/605
f 2350/606 2349/604 1771/607
f 2349/604 1769/605 1771/607
f 1853/608 1850/603 2350/606
f 1850/603 2349/604 2350/606
f 2346/609 2350/606 1773/610
f 2350/606 1771/607 1773/610
f 1841/611 1853/608 2346/609
f 1853/608 2350/606 2346/609
f 1828/614 1826/613 2351/612
f 2352/615 2351/612 1826/613
f 2351/612 2352/615 1776/616
f 1766/617 1776/616 2352/615
f 1832/619 1828/614 2353/618
f 2351/612 2353/618 1828/614
f 2353/618 2351/612 1778/620
f 1776/616 1778/620 2351/612
f 2354/622 2353/618 1780/621
f 2353/618 1778/620 1780/621
f 1836/623 1832/619 2354/622
f 1832/619 2353/618 2354/622
f 2355/625 2354/622 1782/624
f 1780/621 1782/624 2354/622
f 1839/626 1836/623 2356/625
f 2357/622 2356/625 1836/623
f 2358/628 2355/625 1774/627
f 1782/624 1774/627 2355/625
f 1842/629 1839/626 2358/628
f 2355/625 2358/628 1839/626
f 1826/613 1844/614 2352/615
f 2359/612 2352/615 1844/614
f 2352/615 2359/612 1766/617
f 1765/616 1766/617 2359/612
f 1844/614 1847/619 2359/612
f 2360/618 2359/612 1847/619
f 2359/612 2360/618 1765/616
f 1768/620 1765/616 2360/618
f 1847/619 1851/623 2360/618
f 2361/622 2360/618 1851/623
f 2360/618 2361/622 1768/620
f 1770/621 1768/620 2361/622
f 2361/622 2362/625 1770/621
f 1772/624 1770/621 2362/625
f 1851/623 1854/626 2361/622
f 2362/625 2361/622 1854/626
f 2362/625 2358/628 1772/624
f 1774/627 1772/624 2358/628
f 1854/626 1842/629 2362/625
f 2358/628 2362/625 1842/629
f 1790/632 1784/631 1789/630
f 1789/630 1784/631 1783/633
f 1788/636 1787/635 1786/634
f 1785/637 1786/634 1787/635
f 1793/639 1792/638 1790/632
f 1784/631 1790/632 1792/638
f 1794/641 1788/636 1791/640
f 1786/634 1791/640 1788/636
f 2363/644 2364/643 2365/642
f 2365/642 2364/643 2366/645
f 2367/646 2364/643 2363/644
f 2368/644 2369/643 2370/642
f 2370/642 2369/643 2371/645
f 2372/646 2369/643 2368/644
f 2373/644 2374/643 2375/642
f 2375/642 2374/643 2376/645
f 2377/646 2374/643 2373/644
f 2378/646 2379/643 2380/644
f 2381/642 2379/643 2382/645
f 2380/644 2379/643 2381/642
f 2383/646 2384/643 2385/644
f 2386/642 2384/643 2387/645
f 2385/644 2384/643 2386/642
f 2388/646 2389/643 2390/644
f 2391/642 2389/643 2392/645
f 2390/644 2389/643 2391/642
f 2393/644 2394/643 2395/642
f 2395/642 2394/643 2396/645
f 2397/646 2394/643 2393/644
f 2398/644 2399/643 2400/642
f 2400/642 2399/643 2401/645
f 2402/646 2399/643 2398/644
f 2403/644 2404/643 2405/642
f 2405/642 2404/643 2406/645
f 2407/646 2404/643 2403/644
f 2408/646 2409/643 2410/644
f 2409/643 2411/645 2410/644
f 2412/642 2410/644 2411/645
f 2413/646 2414/643 2415/644
f 2416/642 2414/643 2417/645
f 2415/644 2414/643 2416/642
f 2418/646 2419/643 2420/644
f 2419/643 2421/645 2420/644
f 2422/642 2420/644 2421/645
usemtl texture13
f 983/46 982/648 988/647
f 982/648 986/649 988/647
f 991/46 990/648 996/647
f 990/648 994/649 996/647
usemtl texture14
f 2423/652 2424/651 2425/650
f 2426/653 2424/651 2423/652
f 2427/654 2424/651 2426/653
f 2425/650 2424/651 2428/655
f 2428/655 2424/651 2429/656
f 2429/656 2424/651 2427/654
f 2430/652 2431/651 2432/650
f 2433/653 2431/651 2430/652
f 2434/654 2431/651 2433/653
f 2432/650 2431/651 2435/655
f 2435/655 2431/651 2436/656
f 2436/656 2431/651 2434/654
usemtl texture16
f 2449/659 2450/658 1919/657
f 2450/658 1920/660 1919/657
f 2450/658 2451/661 1920/660
f 2451/661 1923/662 1920/660
f 2437/664 2449/659 1926/663
f 2449/659 1919/657 1926/663
f 2451/661 2438/665 1923/662
f 2438/665 1927/666 1923/662
f 2452/659 2453/658 1935/657
f 2453/658 1936/660 1935/657
f 2453/658 2454/661 1936/660
f 2454/661 1939/662 1936/660
f 2455/664 2452/659 1942/663
f 2452/659 1935/657 1942/663
f 2454/661 2456/665 1939/662
f 2456/665 1943/666 1939/662
f 2457/659 2458/658 1951/657
f 2458/658 1952/660 1951/657
f 2458/658 2459/661 1952/660
f 2459/661 1955/662 1952/660
f 2460/664 2457/659 1958/663
f 2457/659 1951/657 1958/663
f 2459/661 2461/665 1955/662
f 2461/665 1959/666 1955/662
f 2462/661 2440/665 1977/662
f 2440/665 1974/666 1977/662
f 2439/664 2463/659 1975/663
f 2463/659 1980/657 1975/663
f 2464/658 2462/661 1981/660
f 2462/661 1977/662 1981/660
f 2463/659 2464/658 1980/657
f 2464/658 1981/660 1980/657
f 2465/661 2466/665 1993/662
f 2466/665 1990/666 1993/662
f 2467/664 2468/659 1991/663
f 2468/659 1996/657 1991/663
f 2469/658 2465/661 1997/660
f 2465/661 1993/662 1997/660
f 2468/659 2469/658 1996/657
f 2469/658 1997/660 1996/657
f 2470/661 2442/665 2009/662
f 2442/665 2006/666 2009/662
f 2441/664 2471/659 2007/663
f 2471/659 2012/657 2007/663
f 2472/658 2470/661 2013/660
f 2470/661 2009/662 2013/660
f 2471/659 2472/658 2012/657
f 2472/658 2013/660 2012/657
f 2363/659 2365/658 2015/657
f 2365/658 2016/660 2015/657
f 2365/658 2366/661 2016/660
f 2366/661 2019/662 2016/660
f 2367/664 2363/659 2022/663
f 2363/659 2015/657 2022/663
f 2366/661 2364/665 2019/662
f 2364/665 2023/666 2019/662
f 2368/659 2370/658 2031/657
f 2370/658 2032/660 2031/657
f 2370/658 2371/661 2032/660
f 2371/661 2035/662 2032/660
f 2372/664 2368/659 2038/663
f 2368/659 2031/657 2038/663
f 2371/661 2369/665 2035/662
f 2369/665 2039/666 2035/662
f 2373/659 2375/658 2047/657
f 2375/658 2048/660 2047/657
f 2375/658 2376/661 2048/660
f 2376/661 2051/662 2048/660
f 2377/664 2373/659 2054/663
f 2373/659 2047/657 2054/663
f 2376/661 2374/665 2051/662
f 2374/665 2055/666 2051/662
f 2382/661 2379/665 2073/662
f 2379/665 2072/666 2073/662
f 2378/664 2380/659 2069/663
f 2380/659 2076/657 2069/663
f 2381/658 2382/661 2077/660
f 2382/661 2073/662 2077/660
f 2380/659 2381/658 2076/657
f 2381/658 2077/660 2076/657
f 2387/661 2384/665 2089/662
f 2384/665 2086/666 2089/662
f 2383/664 2385/659 2087/663
f 2385/659 2092/657 2087/663
f 2386/658 2387/661 2093/660
f 2387/661 2089/662 2093/660
f 2385/659 2386/658 2092/657
f 2386/658 2093/660 2092/657
f 2392/661 2389/665 2105/662
f 2389/665 2104/666 2105/662
f 2388/664 2390/659 2101/663
f 2390/659 2108/657 2101/663
f 2391/658 2392/661 2109/660
f 2392/661 2105/662 2109/660
f 2390/659 2391/658 2108/657
f 2391/658 2109/660 2108/657
f 2473/659 2474/658 2111/657
f 2474/658 2112/660 2111/657
f 2474/658 2475/661 2112/660
f 2475/661 2115/662 2112/660
f 2476/664 2473/659 2118/663
f 2473/659 2111/657 2118/663
f 2475/661 2477/665 2115/662
f 2477/665 2119/666 2115/662
f 2478/659 2479/658 2127/657
f 2479/658 2128/660 2127/657
f 2479/658 2480/661 2128/660
f 2480/661 2131/662 2128/660
f 2481/664 2478/659 2134/663
f 2478/659 2127/657 2134/663
f 2480/661 2482/665 2131/662
f 2482/665 2135/666 2131/662
f 2483/659 2484/658 2143/657
f 2484/658 2144/660 2143/657
f 2484/658 2485/661 2144/660
f 2485/661 2147/662 2144/660
f 2443/664 2483/659 2150/663
f 2483/659 2143/657 2150/663
f 2485/661 2444/665 2147/662
f 2444/665 2151/666 2147/662
f 2486/661 2446/665 2169/662
f 2446/665 2166/666 2169/662
f 2445/664 2487/659 2167/663
f 2487/659 2172/657 2167/663
f 2488/658 2486/661 2173/660
f 2486/661 2169/662 2173/660
f 2487/659 2488/658 2172/657
f 2488/658 2173/660 2172/657
f 2489/661 2490/665 2185/662
f 2490/665 2182/666 2185/662
f 2491/664 2492/659 2183/663
f 2492/659 2188/657 2183/663
f 2493/658 2489/661 2189/660
f 2489/661 2185/662 2189/660
f 2492/659 2493/658 2188/657
f 2493/658 2189/660 2188/657
f 2494/661 2448/665 2201/662
f 2448/665 2198/666 2201/662
f 2447/664 2495/659 2199/663
f 2495/659 2204/657 2199/663
f 2496/658 2494/661 2205/660
f 2494/661 2201/662 2205/660
f 2495/659 2496/658 2204/657
f 2496/658 2205/660 2204/657
f 2393/659 2395/658 2207/657
f 2395/658 2208/660 2207/657
f 2395/658 2396/661 2208/660
f 2396/661 2211/662 2208/660
f 2397/664 2393/659 2214/663
f 2393/659 2207/657 2214/663
f 2396/661 2394/665 2211/662
f 2394/665 2215/666 2211/662
f 2398/659 2400/658 2223/657
f 2400/658 2224/660 2223/657
f 2400/658 2401/661 2224/660
f 2401/661 2227/662 2224/660
f 2402/664 2398/659 2230/663
f 2398/659 2223/657 2230/663
f 2401/661 2399/665 2227/662
f 2399/665 2231/666 2227/662
f 2403/659 2405/658 2239/657
f 2405/658 2240/660 2239/657
f 2405/658 2406/661 2240/660
f 2406/661 2243/662 2240/660
f 2407/664 2403/659 2246/663
f 2403/659 2239/657 2246/663
f 2406/661 2404/665 2243/662
f 2404/665 2247/666 2243/662
f 2411/661 2409/665 2265/662
f 2409/665 2262/666 2265/662
f 2408/664 2497/659 2263/663
f 2497/659 2268/657 2263/663
f 2412/658 2411/661 2269/660
f 2411/661 2265/662 2269/660
f 2497/659 2412/658 2268/657
f 2412/658 2269/660 2268/657
f 2417/661 2414/665 2281/662
f 2414/665 2278/666 2281/662
f 2413/664 2415/659 2279/663
f 2415/659 2284/657 2279/663
f 2416/658 2417/661 2285/660
f 2417/661 2281/662 2285/660
f 2415/659 2416/658 2284/657
f 2416/658 2285/660 2284/657
f 2421/661 2419/665 2297/662
f 2419/665 2294/666 2297/662
f 2418/664 2498/659 2295/663
f 2498/659 2300/657 2295/663
f 2422/658 2421/661 2301/660
f 2421/661 2297/662 2301/660
f 2498/659 2422/658 2300/657
f 2422/658 2301/660 2300/657
g obj2
usemtl mat2
f 2499/264 2500/263 2501/262
f 2500/263 2502/265 2501/262
f 2503/669 2504/668 2505/667
f 2504/668 2506/670 2505/667
f 2507/673 2508/672 2509/671
f 2508/672 2510/674 2509/671
f 2508/672 2511/675 2510/674
f 2511/675 2512/676 2510/674
f 2507/673 2509/671 2513/677
f 2513/677 2509/671 2514/678
f 2512/676 2515/679 2510/674
f 2515/679 2516/680 2510/674
f 2510/674 2516/680 2509/671
f 2516/680 2517/681 2509/671
f 2509/671 2517/681 2514/678
f 2517/681 2518/682 2514/678
f 2519/684 2520/683 2511/675
f 2511/675 2520/683 2512/676
f 2520/683 2521/685 2512/676
f 2521/685 2515/679 2512/676
f 2522/688 2523/687 2524/686
f 2523/687 2525/689 2524/686
f 2526/692 2527/691 2528/690
f 2527/691 2529/693 2528/690
f 2523/687 2530/694 2525/689
f 2530/694 2531/695 2525/689
f 2530/694 2526/692 2531/695
f 2526/692 2528/690 2531/695
f 2532/698 2533/697 2534/696
f 2533/697 2535/699 2534/696
f 2533/697 2536/700 2535/699
f 2536/700 2537/701 2535/699
f 2538/703 2532/698 2539/702
f 2532/698 2534/696 2539/702
f 2536/700 2540/704 2537/701
f 2540/704 2541/705 2537/701
f 2542/708 2543/707 2544/706
f 2543/707 2545/709 2544/706
f 2545/709 2546/710 2544/706
f 2546/710 2547/711 2544/706
f 2543/714 2548/713 2545/712
f 2548/713 2549/715 2545/712
f 2549/715 2550/716 2545/712
f 2550/716 2546/717 2545/712
f 2551/688 2552/687 2553/686
f 2552/687 2554/689 2553/686
f 2555/692 2556/691 2557/690
f 2556/691 2558/693 2557/690
f 2552/687 2559/694 2554/689
f 2559/694 2560/695 2554/689
f 2559/694 2555/692 2560/695
f 2555/692 2557/690 2560/695
f 2561/698 2562/697 2563/696
f 2562/697 2564/699 2563/696
f 2562/697 2565/700 2564/699
f 2565/700 2566/701 2564/699
f 2567/703 2561/698 2568/702
f 2561/698 2563/696 2568/702
f 2565/700 2569/704 2566/701
f 2569/704 2570/705 2566/701
f 2571/669 2572/668 2573/667
f 2572/668 2574/670 2573/667
f 2575/264 2576/263 2577/262
f 2576/263 2578/265 2577/262
f 2579/720 2580/719 2581/718
f 2580/719 2582/721 2581/718
f 2580/719 2583/722 2582/721
f 2583/722 2584/723 2582/721
f 2579/720 2581/718 2585/724
f 2585/724 2581/718 2586/725
f 2584/723 2587/726 2582/721
f 2587/726 2588/727 2582/721
f 2582/721 2588/727 2581/718
f 2588/727 2589/728 2581/718
f 2581/718 2589/728 2586/725
f 2589/728 2590/729 2586/725
f 2591/731 2592/730 2583/722
f 2583/722 2592/730 2584/723
f 2592/730 2593/732 2584/723
f 2593/732 2587/726 2584/723
f 2594/708 2595/707 2596/706
f 2595/707 2597/709 2596/706
f 2597/709 2598/710 2596/706
f 2598/710 2599/711 2596/706
f 2600/713 2601/715 2595/714
f 2595/714 2601/715 2597/712
f 2601/715 2602/716 2597/712
f 2602/716 2598/717 2597/712
f 2603/688 2604/687 2605/686
f 2604/687 2606/689 2605/686
f 2607/692 2608/691 2609/690
f 2608/691 2610/693 2609/690
f 2604/687 2611/694 2606/689
f 2611/694 2612/695 2606/689
f 2611/694 2607/692 2612/695
f 2607/692 2609/690 2612/695
f 2613/698 2614/697 2615/696
f 2614/697 2616/699 2615/696
f 2614/697 2617/700 2616/699
f 2617/700 2618/701 2616/699
f 2619/703 2613/698 2620/702
f 2613/698 2615/696 2620/702
f 2617/700 2621/704 2618/701
f 2621/704 2622/705 2618/701
f 2623/669 2624/668 2625/667
f 2624/668 2626/670 2625/667
f 2627/264 2628/263 2629/262
f 2628/263 2630/265 2629/262
f 2631/688 2632/687 2633/686
f 2632/687 2634/689 2633/686
f 2635/692 2636/691 2637/690
f 2636/691 2638/693 2637/690
f 2632/687 2639/694 2634/689
f 2639/694 2640/695 2634/689
f 2639/694 2635/692 2640/695
f 2635/692 2637/690 2640/695
f 2641/698 2642/697 2643/696
f 2642/697 2644/699 2643/696
f 2642/697 2645/700 2644/699
f 2645/700 2646/701 2644/699
f 2647/703 2641/698 2648/702
f 2641/698 2643/696 2648/702
f 2645/700 2649/704 2646/701
f 2649/704 2650/705 2646/701
f 2651/669 2652/668 2653/667
f 2652/668 2654/670 2653/667
f 2655/264 2656/263 2657/262
f 2656/263 2658/265 2657/262
f 2659/734 2660/719 2661/733
f 2660/719 2662/721 2661/733
f 2660/719 2663/735 2662/721
f 2663/735 2664/736 2662/721
f 2659/734 2661/733 2665/737
f 2665/737 2661/733 2666/738
f 2664/736 2667/739 2662/721
f 2667/739 2668/727 2662/721
f 2662/721 2668/727 2661/733
f 2668/727 2669/740 2661/733
f 2661/733 2669/740 2666/738
f 2669/740 2670/741 2666/738
f 2663/735 2671/742 2664/736
f 2671/742 2672/743 2664/736
f 2672/743 2673/744 2664/736
f 2673/744 2667/739 2664/736
f 2674/746 2675/672 2676/745
f 2675/672 2677/674 2676/745
f 2675/672 2678/747 2677/674
f 2678/747 2679/748 2677/674
f 2674/746 2676/745 2680/749
f 2680/749 2676/745 2681/750
f 2679/748 2682/751 2677/674
f 2682/751 2683/680 2677/674
f 2677/674 2683/680 2676/745
f 2683/680 2684/752 2676/745
f 2676/745 2684/752 2681/750
f 2684/752 2685/753 2681/750
f 2678/747 2686/754 2679/748
f 2686/754 2687/755 2679/748
f 2687/755 2688/756 2679/748
f 2688/756 2682/751 2679/748
usemtl mat3
f 2527/759 2526/758 2689/757
f 2689/757 2526/758 2690/760
f 2526/758 2530/761 2690/760
f 2690/760 2530/761 2691/762
f 2692/765 2523/764 2693/763
f 2523/764 2522/766 2693/763
f 2691/762 2530/761 2692/765
f 2530/761 2523/764 2692/765
f 2694/765 2532/764 2695/763
f 2532/764 2538/766 2695/763
f 2696/762 2533/761 2694/765
f 2533/761 2532/764 2694/765
f 2536/758 2533/761 2697/760
f 2697/760 2533/761 2696/762
f 2540/759 2536/758 2698/757
f 2698/757 2536/758 2697/760
f 2556/759 2555/758 2699/757
f 2699/757 2555/758 2700/760
f 2555/758 2559/761 2700/760
f 2700/760 2559/761 2701/762
f 2702/765 2552/764 2703/763
f 2552/764 2551/766 2703/763
f 2701/762 2559/761 2702/765
f 2559/761 2552/764 2702/765
f 2704/762 2562/761 2705/765
f 2562/761 2561/764 2705/765
f 2705/765 2561/764 2706/763
f 2561/764 2567/766 2706/763
f 2565/758 2562/761 2707/760
f 2707/760 2562/761 2704/762
f 2569/759 2565/758 2708/757
f 2708/757 2565/758 2707/760
f 2608/759 2607/758 2709/757
f 2709/757 2607/758 2710/760
f 2607/758 2611/761 2710/760
f 2710/760 2611/761 2711/762
f 2712/765 2604/764 2713/763
f 2604/764 2603/766 2713/763
f 2711/762 2611/761 2712/765
f 2611/761 2604/764 2712/765
f 2714/765 2613/764 2715/763
f 2613/764 2619/766 2715/763
f 2716/762 2614/761 2714/765
f 2614/761 2613/764 2714/765
f 2617/758 2614/761 2717/760
f 2717/760 2614/761 2716/762
f 2621/759 2617/758 2718/757
f 2718/757 2617/758 2717/760
f 2636/759 2635/758 2719/757
f 2719/757 2635/758 2720/760
f 2635/758 2639/761 2720/760
f 2720/760 2639/761 2721/762
f 2722/765 2632/764 2723/763
f 2632/764 2631/766 2723/763
f 2721/762 2639/761 2722/765
f 2639/761 2632/764 2722/765
f 2724/762 2642/761 2725/765
f 2642/761 2641/764 2725/765
f 2725/765 2641/764 2726/763
f 2641/764 2647/766 2726/763
f 2645/758 2642/761 2727/760
f 2727/760 2642/761 2724/762
f 2649/759 2645/758 2728/757
f 2728/757 2645/758 2727/760
usemtl mat4
f 2729/769 2730/768 2731/767
f 2731/767 2730/768 2732/770
f 2729/769 2731/767 2733/771
f 2731/767 2734/772 2733/771
f 2735/774 2736/773 2731/767
f 2731/767 2736/773 2734/772
f 2735/774 2731/767 2737/775
f 2731/767 2732/770 2737/775
f 2738/769 2739/767 2740/771
f 2739/767 2741/772 2740/771
f 2738/769 2742/768 2739/767
f 2739/767 2742/768 2743/770
f 2744/774 2745/773 2739/767
f 2739/767 2745/773 2741/772
f 2744/774 2739/767 2746/775
f 2739/767 2743/770 2746/775
f 2747/769 2748/767 2749/771
f 2748/767 2750/772 2749/771
f 2747/769 2751/768 2748/767
f 2748/767 2751/768 2752/770
f 2753/774 2754/773 2748/767
f 2748/767 2754/773 2750/772
f 2753/774 2748/767 2755/775
f 2748/767 2752/770 2755/775
f 2756/774 2757/767 2758/775
f 2757/767 2759/770 2758/775
f 2756/774 2760/773 2757/767
f 2757/767 2760/773 2761/772
f 2762/769 2763/768 2757/767
f 2757/767 2763/768 2759/770
f 2762/769 2757/767 2764/771
f 2757/767 2761/772 2764/771
f 2765/774 2766/767 2767/775
f 2766/767 2768/770 2767/775
f 2765/774 2769/773 2766/767
f 2766/767 2769/773 2770/772
f 2771/769 2772/768 2766/767
f 2766/767 2772/768 2768/770
f 2771/769 2766/767 2773/771
f 2766/767 2770/772 2773/771
f 2774/774 2775/767 2776/775
f 2775/767 2777/770 2776/775
f 2774/774 2778/773 2775/767
f 2775/767 2778/773 2779/772
f 2780/769 2781/768 2775/767
f 2775/767 2781/768 2777/770
f 2780/769 2775/767 2782/771
f 2775/767 2779/772 2782/771
f 2783/769 2784/767 2785/771
f 2784/767 2786/772 2785/771
f 2783/769 2787/768 2784/767
f 2784/767 2787/768 2788/770
f 2789/774 2790/773 2784/767
f 2784/767 2790/773 2786/772
f 2789/774 2784/767 2791/775
f 2784/767 2788/770 2791/775
f 2792/769 2793/768 2794/767
f 2794/767 2793/768 2795/770
f 2792/769 2794/767 2796/771
f 2794/767 2797/772 2796/771
f 2798/774 2794/767 2799/775
f 2794/767 2795/770 2799/775
f 2798/774 2800/773 2794/767
f 2794/767 2800/773 2797/772
f 2801/769 2802/767 2803/771
f 2802/767 2804/772 2803/771
f 2801/769 2805/768 2802/767
f 2802/767 2805/768 2806/770
f 2807/774 2808/773 2802/767
f 2802/767 2808/773 2804/772
f 2807/774 2802/767 2809/775
f 2802/767 2806/770 2809/775
f 2810/774 2811/767 2812/775
f 2811/767 2813/770 2812/775
f 2810/774 2814/773 2811/767
f 2811/767 2814/773 2815/772
f 2816/769 2817/768 2811/767
f 2811/767 2817/768 2813/770
f 2816/769 2811/767 2818/771
f 2811/767 2815/772 2818/771
f 2819/774 2820/767 2821/775
f 2820/767 2822/770 2821/775
f 2819/774 2823/773 2820/767
f 2820/767 2823/773 2824/772
f 2825/769 2820/767 2826/771
f 2820/767 2824/772 2826/771
f 2825/769 2827/768 2820/767
f 2820/767 2827/768 2822/770
f 2828/774 2829/773 2830/767
f 2830/767 2829/773 2831/772
f 2828/774 2830/767 2832/775
f 2830/767 2833/770 2832/775
f 2834/769 2830/767 2835/771
f 2830/767 2831/772 2835/771
f 2834/769 2836/768 2830/767
f 2830/767 2836/768 2833/770
f 2837/769 2838/767 2839/771
f 2838/767 2840/772 2839/771
f 2837/769 2841/768 2838/767
f 2838/767 2841/768 2842/770
f 2843/774 2844/773 2838/767
f 2838/767 2844/773 2840/772
f 2843/774 2838/767 2845/775
f 2838/767 2842/770 2845/775
f 2846/769 2847/767 2848/771
f 2847/767 2849/772 2848/771
f 2846/769 2850/768 2847/767
f 2847/767 2850/768 2851/770
f 2852/774 2853/773 2847/767
f 2847/767 2853/773 2849/772
f 2852/774 2847/767 2854/775
f 2847/767 2851/770 2854/775
f 2855/769 2856/768 2857/767
f 2857/767 2856/768 2858/770
f 2855/769 2857/767 2859/771
f 2857/767 2860/772 2859/771
f 2861/774 2862/773 2857/767
f 2857/767 2862/773 2860/772
f 2861/774 2857/767 2863/775
f 2857/767 2858/770 2863/775
f 2864/774 2865/773 2866/767
f 2866/767 2865/773 2867/772
f 2864/774 2866/767 2868/775
f 2866/767 2869/770 2868/775
f 2870/769 2871/768 2866/767
f 2866/767 2871/768 2869/770
f 2870/769 2866/767 2872/771
f 2866/767 2867/772 2872/771
f 2873/774 2874/773 2875/767
f 2875/767 2874/773 2876/772
f 2873/774 2875/767 2877/775
f 2875/767 2878/770 2877/775
f 2879/769 2875/767 2880/771
f 2875/767 2876/772 2880/771
f 2879/769 2881/768 2875/767
f 2875/767 2881/768 2878/770
f 2882/774 2883/773 2884/767
f 2884/767 2883/773 2885/772
f 2882/774 2884/767 2886/775
f 2884/767 2887/770 2886/775
f 2888/769 2889/768 2884/767
f 2884/767 2889/768 2887/770
f 2888/769 2884/767 2890/771
f 2884/767 2885/772 2890/771
f 2891/769 2892/768 2893/767
f 2893/767 2892/768 2894/770
f 2891/769 2893/767 2895/771
f 2893/767 2896/772 2895/771
f 2897/774 2898/773 2893/767
f 2893/767 2898/773 2896/772
f 2897/774 2893/767 2899/775
f 2893/767 2894/770 2899/775
f 2900/769 2901/767 2902/771
f 2901/767 2903/772 2902/771
f 2900/769 2904/768 2901/767
f 2901/767 2904/768 2905/770
f 2906/774 2907/773 2901/767
f 2901/767 2907/773 2903/772
f 2906/774 2901/767 2908/775
f 2901/767 2905/770 2908/775
f 2909/769 2910/768 2911/767
f 2911/767 2910/768 2912/770
f 2909/769 2911/767 2913/771
f 2911/767 2914/772 2913/771
f 2915/774 2916/773 2911/767
f 2911/767 2916/773 2914/772
f 2915/774 2911/767 2917/775
f 2911/767 2912/770 2917/775
f 2918/774 2919/767 2920/775
f 2919/767 2921/770 2920/775
f 2918/774 2922/773 2919/767
f 2919/767 2922/773 2923/772
f 2924/769 2925/768 2919/767
f 2919/767 2925/768 2921/770
f 2924/769 2919/767 2926/771
f 2919/767 2923/772 2926/771
f 2927/774 2928/767 2929/775
f 2928/767 2930/770 2929/775
f 2927/774 2931/773 2928/767
f 2928/767 2931/773 2932/772
f 2933/769 2934/768 2928/767
f 2928/767 2934/768 2930/770
f 2933/769 2928/767 2935/771
f 2928/767 2932/772 2935/771
f 2936/774 2937/773 2938/767
f 2938/767 2937/773 2939/772
f 2936/774 2938/767 2940/775
f 2938/767 2941/770 2940/775
f 2942/769 2938/767 2943/771
f 2938/767 2939/772 2943/771
f 2942/769 2944/768 2938/767
f 2938/767 2944/768 2941/770
# 3720 elements

