# Created by Metasequoia

mtllib Emperor27.mtl

v 19275.000000 0.000060 499.999969
v 19275.000000 0.000060 469.999878
v 19160.000000 0.000060 499.999969
v 19160.000000 0.000060 469.999878
v 19275.000000 0.000060 530.000244
v 19160.000000 0.000060 530.000244
v 19390.000000 0.000060 499.999969
v 19390.000000 0.000060 469.999878
v 19390.000000 0.000060 530.000244
v 18724.964844 -0.001020 499.999969
v 18724.964844 -0.001020 469.999878
v 18609.964844 -0.001020 499.999969
v 18609.964844 -0.001020 469.999878
v 18724.964844 -0.000920 530.000244
v 18609.964844 -0.000920 530.000244
v 18839.964844 -0.001020 499.999969
v 18839.964844 -0.001020 469.999878
v 18839.964844 -0.000920 530.000244
v 16775.000000 0.000060 499.999969
v 16775.000000 0.000060 469.999878
v 16660.000000 0.000060 499.999969
v 16660.000000 0.000060 469.999878
v 16775.000000 0.000060 530.000244
v 16660.000000 0.000060 530.000244
v 16890.000000 0.000060 499.999969
v 16890.000000 0.000060 469.999878
v 16890.000000 0.000060 530.000244
v 16224.964844 -0.001020 499.999969
v 16224.964844 -0.001020 469.999878
v 16109.964844 -0.001020 499.999969
v 16109.964844 -0.001020 469.999878
v 16224.964844 -0.000920 530.000244
v 16109.964844 -0.000920 530.000244
v 16339.964844 -0.001020 499.999969
v 16339.964844 -0.001020 469.999878
v 16339.964844 -0.000920 530.000244
v 18921.000000 4.000060 438.268585
v 18859.000000 4.000060 438.268585
v 18921.000000 5.500060 439.134796
v 18859.000000 5.500060 439.134796
v 18921.000000 4.000060 440.000488
v 18859.000000 4.000060 440.000488
v 18995.000000 4.000060 438.268585
v 18933.000000 4.000060 438.268585
v 18995.000000 5.500060 439.134796
v 18933.000000 5.500060 439.134796
v 18995.000000 4.000060 440.000488
v 18933.000000 4.000060 440.000488
v 19069.000000 4.000060 438.268585
v 19007.000000 4.000060 438.268585
v 19069.000000 5.500060 439.134796
v 19007.000000 5.500060 439.134796
v 19069.000000 4.000060 440.000488
v 19007.000000 4.000060 440.000488
v 19142.000000 4.000060 438.268585
v 19081.000000 4.000060 438.268585
v 19142.000000 5.500060 439.134796
v 19081.000000 5.500060 439.134796
v 19142.000000 4.000060 440.000488
v 19081.000000 4.000060 440.000488
v 18859.000000 5.500060 560.866150
v 18921.000000 5.500060 560.866150
v 18859.000000 4.000060 560.000366
v 18921.000000 4.000060 560.000366
v 18859.000000 4.000060 561.732361
v 18921.000000 4.000060 561.732361
v 18933.000000 5.500060 560.866150
v 18995.000000 5.500060 560.866150
v 18933.000000 4.000060 560.000366
v 18995.000000 4.000060 560.000366
v 18933.000000 4.000060 561.732361
v 18995.000000 4.000060 561.732361
v 19007.000000 5.500060 560.866150
v 19069.000000 5.500060 560.866150
v 19007.000000 4.000060 560.000366
v 19069.000000 4.000060 560.000366
v 19007.000000 4.000060 561.732361
v 19069.000000 4.000060 561.732361
v 19081.000000 5.500060 560.866150
v 19142.000000 5.500060 560.866150
v 19081.000000 4.000060 560.000366
v 19142.000000 4.000060 560.000366
v 19081.000000 4.000060 561.732361
v 19142.000000 4.000060 561.732361
v 16359.000000 5.500060 560.866150
v 16421.000000 5.500060 560.866150
v 16359.000000 4.000060 560.000366
v 16421.000000 4.000060 560.000366
v 16359.000000 4.000060 561.732361
v 16421.000000 4.000060 561.732361
v 16433.000000 5.500060 560.866150
v 16495.000000 5.500060 560.866150
v 16433.000000 4.000060 560.000366
v 16495.000000 4.000060 560.000366
v 16433.000000 4.000060 561.732361
v 16495.000000 4.000060 561.732361
v 16507.000000 5.500060 560.866150
v 16569.000000 5.500060 560.866150
v 16507.000000 4.000060 560.000366
v 16569.000000 4.000060 560.000366
v 16507.000000 4.000060 561.732361
v 16569.000000 4.000060 561.732361
v 16581.000000 5.500060 560.866150
v 16642.000000 5.500060 560.866150
v 16581.000000 4.000060 560.000366
v 16642.000000 4.000060 560.000366
v 16581.000000 4.000060 561.732361
v 16642.000000 4.000060 561.732361
v 16421.000000 4.000060 438.268555
v 16359.000000 4.000060 438.268555
v 16421.000000 5.500060 439.134766
v 16359.000000 5.500060 439.134766
v 16421.000000 4.000060 440.000458
v 16359.000000 4.000060 440.000458
v 16495.000000 4.000060 438.268555
v 16433.000000 4.000060 438.268555
v 16495.000000 5.500060 439.134766
v 16433.000000 5.500060 439.134766
v 16495.000000 4.000060 440.000458
v 16433.000000 4.000060 440.000458
v 16569.000000 4.000060 438.268555
v 16507.000000 4.000060 438.268555
v 16569.000000 5.500060 439.134766
v 16507.000000 5.500060 439.134766
v 16569.000000 4.000060 440.000458
v 16507.000000 4.000060 440.000458
v 16642.000000 4.000060 438.268555
v 16581.000000 4.000060 438.268555
v 16642.000000 5.500060 439.134766
v 16581.000000 5.500060 439.134766
v 16642.000000 4.000060 440.000458
v 16581.000000 4.000060 440.000458
v 19550.003906 -30.001820 439.999969
v 19400.000000 -30.000931 439.999969
v 19550.001953 -0.001230 439.999969
v 19400.001953 -0.001540 439.999969
v 19400.000000 -30.000931 559.999817
v 19550.003906 -30.001820 559.999817
v 19400.001953 -0.001540 559.999817
v 19550.001953 -0.001230 559.999817
v 19700.001953 -30.001530 439.999969
v 19700.001953 -0.001080 439.999969
v 19700.001953 -30.001530 559.999817
v 19700.001953 -0.001080 559.999817
v 19850.001953 -30.001390 439.999969
v 19850.000000 -0.000780 439.999969
v 19850.001953 -30.001390 559.999817
v 19850.000000 -0.000780 559.999817
v 20000.003906 -0.001690 439.999969
v 20000.000000 -30.000931 439.999969
v 20000.003906 -0.001690 559.999817
v 20000.000000 -30.000931 559.999817
v 20000.003906 -0.001690 469.999969
v 20000.000000 -30.000931 469.999969
v 19400.000000 -30.000931 469.999969
v 19400.001953 -0.001540 469.999969
v 19704.867188 3.998470 559.999817
v 19766.867188 3.998470 559.999817
v 19704.867188 3.998470 561.731812
v 19766.867188 3.998470 561.731812
v 19704.867188 5.498470 560.865845
v 19766.867188 5.498470 560.865845
v 19777.867188 3.998470 559.999817
v 19839.867188 3.998470 559.999817
v 19777.867188 3.998470 561.731812
v 19839.867188 3.998470 561.731812
v 19777.867188 5.498470 560.865845
v 19839.867188 5.498470 560.865845
v 19859.867188 3.998570 559.999817
v 19921.867188 3.998570 559.999817
v 19859.867188 3.998570 561.731812
v 19921.867188 3.998570 561.731812
v 19859.867188 5.498570 560.865845
v 19921.867188 5.498570 560.865845
v 19932.867188 3.998470 559.999817
v 19994.867188 3.998470 559.999817
v 19932.867188 3.998470 561.731812
v 19994.867188 3.998470 561.731812
v 19932.867188 5.498470 560.865845
v 19994.867188 5.498470 560.865845
v 19405.500000 3.998470 559.999817
v 19466.000000 3.998470 559.999817
v 19405.500000 3.998470 561.731812
v 19466.000000 3.998470 561.731812
v 19405.500000 5.498470 560.865845
v 19466.000000 5.498470 560.865845
v 19477.000000 3.998470 559.999817
v 19539.000000 3.998470 559.999817
v 19477.000000 3.998470 561.731812
v 19539.000000 3.998470 561.731812
v 19477.000000 5.498470 560.865845
v 19539.000000 5.498470 560.865845
v 19559.000000 3.998570 559.999817
v 19621.000000 3.998570 559.999817
v 19559.000000 3.998570 561.731812
v 19621.000000 3.998570 561.731812
v 19559.000000 5.498570 560.865845
v 19621.000000 5.498570 560.865845
v 19632.000000 3.998470 559.999817
v 19694.000000 3.998470 559.999817
v 19632.000000 3.998470 561.731812
v 19694.000000 3.998470 561.731812
v 19632.000000 5.498470 560.865845
v 19694.000000 5.498470 560.865845
v 19466.000000 3.998470 440.000061
v 19405.500000 3.998470 440.000061
v 19466.000000 3.998470 438.268066
v 19405.500000 3.998470 438.268066
v 19466.000000 5.498470 439.134064
v 19405.500000 5.498470 439.134064
v 19539.000000 3.998570 440.000061
v 19477.000000 3.998570 440.000061
v 19539.000000 3.998570 438.268066
v 19477.000000 3.998570 438.268066
v 19539.000000 5.498570 439.134064
v 19477.000000 5.498570 439.134064
v 19621.000000 3.998470 440.000061
v 19559.000000 3.998470 440.000061
v 19621.000000 3.998470 438.268066
v 19559.000000 3.998470 438.268066
v 19621.000000 5.498470 439.134064
v 19559.000000 5.498470 439.134064
v 19694.000000 3.998470 440.000061
v 19632.000000 3.998470 440.000061
v 19694.000000 3.998470 438.268066
v 19632.000000 3.998470 438.268066
v 19694.000000 5.498470 439.134064
v 19632.000000 5.498470 439.134064
v 18924.964844 -30.001970 440.000732
v 18849.962891 -30.001080 440.000732
v 18924.962891 -0.001360 440.000732
v 18849.962891 -0.001670 440.000732
v 18849.962891 -30.001080 560.000549
v 18924.964844 -30.001970 560.000549
v 18849.962891 -0.001670 560.000549
v 18924.962891 -0.001360 560.000549
v 18999.962891 -30.001671 440.000732
v 18999.962891 -0.001210 440.000732
v 18999.962891 -30.001671 560.000549
v 18999.962891 -0.001210 560.000549
v 19074.962891 -30.001369 440.000732
v 19074.962891 -0.000920 440.000732
v 19074.962891 -30.001369 560.000549
v 19074.962891 -0.000920 560.000549
v 19149.964844 -0.001820 560.000549
v 19149.962891 -30.001080 560.000549
v 19149.964844 -0.001820 440.000732
v 19149.962891 -30.001080 440.000732
v 19149.964844 -0.001820 470.000732
v 19149.962891 -30.001080 470.000732
v 18849.962891 -30.001080 470.000732
v 18849.962891 -0.001670 470.000732
v 18149.929688 -30.003040 440.000732
v 17999.927734 -30.002119 440.000732
v 18149.929688 -0.002430 440.000732
v 17999.929688 -0.002730 440.000732
v 17999.927734 -30.002119 560.000549
v 18149.929688 -30.003040 560.000549
v 17999.929688 -0.002730 560.000549
v 18149.929688 -0.002430 560.000549
v 18299.929688 -30.002581 440.000732
v 18299.927734 -0.002280 440.000732
v 18299.929688 -30.002581 560.000549
v 18299.927734 -0.002280 560.000549
v 18449.929688 -30.002439 440.000732
v 18449.927734 -0.001980 440.000732
v 18449.929688 -30.002439 560.000549
v 18449.927734 -0.001980 560.000549
v 18599.929688 -0.002880 440.000732
v 18599.927734 -30.002119 440.000732
v 18599.929688 -0.002880 560.000549
v 18599.927734 -30.002119 560.000549
v 18599.929688 -0.002880 470.000732
v 18599.927734 -30.002119 470.000732
v 17999.927734 -30.002119 470.000732
v 17999.929688 -0.002730 470.000732
v 19767.000000 3.998470 440.000061
v 19705.000000 3.998470 440.000061
v 19767.000000 3.998470 438.268066
v 19705.000000 3.998470 438.268066
v 19767.000000 5.498470 439.134064
v 19705.000000 5.498470 439.134064
v 19840.000000 3.998570 440.000061
v 19778.000000 3.998570 440.000061
v 19840.000000 3.998570 438.268066
v 19778.000000 3.998570 438.268066
v 19840.000000 5.498570 439.134064
v 19778.000000 5.498570 439.134064
v 19922.000000 3.998470 440.000061
v 19860.000000 3.998470 440.000061
v 19922.000000 3.998470 438.268066
v 19860.000000 3.998470 438.268066
v 19922.000000 5.498470 439.134064
v 19860.000000 5.498470 439.134064
v 19995.000000 3.998470 440.000061
v 19933.000000 3.998470 440.000061
v 19995.000000 3.998470 438.268066
v 19933.000000 3.998470 438.268066
v 19995.000000 5.498470 439.134064
v 19933.000000 5.498470 439.134064
v 16424.964844 -30.001970 440.000732
v 16349.962891 -30.001080 440.000732
v 16424.962891 -0.001360 440.000732
v 16349.963867 -0.001670 440.000732
v 16349.962891 -30.001080 560.000549
v 16424.964844 -30.001970 560.000549
v 16349.963867 -0.001670 560.000549
v 16424.962891 -0.001360 560.000549
v 16499.962891 -30.001671 440.000732
v 16499.962891 -0.001210 440.000732
v 16499.962891 -30.001671 560.000549
v 16499.962891 -0.001210 560.000549
v 16574.962891 -30.001369 440.000732
v 16574.962891 -0.000920 440.000732
v 16574.962891 -30.001369 560.000549
v 16574.962891 -0.000920 560.000549
v 16649.964844 -0.001820 560.000549
v 16649.962891 -30.001080 560.000549
v 16649.964844 -0.001820 440.000732
v 16649.962891 -30.001080 440.000732
v 16649.964844 -0.001820 470.000732
v 16649.962891 -30.001080 470.000732
v 16349.962891 -30.001080 470.000732
v 16349.963867 -0.001670 470.000732
v 17204.867188 3.998470 559.999817
v 17266.867188 3.998470 559.999817
v 17204.867188 3.998470 561.731812
v 17266.867188 3.998470 561.731812
v 17204.867188 5.498470 560.865845
v 17266.867188 5.498470 560.865845
v 17277.867188 3.998470 559.999817
v 17339.867188 3.998470 559.999817
v 17277.867188 3.998470 561.731812
v 17339.867188 3.998470 561.731812
v 17277.867188 5.498470 560.865845
v 17339.867188 5.498470 560.865845
v 17359.867188 3.998570 559.999817
v 17421.867188 3.998570 559.999817
v 17359.867188 3.998570 561.731812
v 17421.867188 3.998570 561.731812
v 17359.867188 5.498570 560.865845
v 17421.867188 5.498570 560.865845
v 17432.867188 3.998470 559.999817
v 17494.867188 3.998470 559.999817
v 17432.867188 3.998470 561.731812
v 17494.867188 3.998470 561.731812
v 17432.867188 5.498470 560.865845
v 17494.867188 5.498470 560.865845
v 16905.500000 3.998470 559.999817
v 16966.000000 3.998470 559.999817
v 16905.500000 3.998470 561.731812
v 16966.000000 3.998470 561.731812
v 16905.500000 5.498470 560.865845
v 16966.000000 5.498470 560.865845
v 16977.000000 3.998470 559.999817
v 17039.000000 3.998470 559.999817
v 16977.000000 3.998470 561.731812
v 17039.000000 3.998470 561.731812
v 16977.000000 5.498470 560.865845
v 17039.000000 5.498470 560.865845
v 17059.000000 3.998570 559.999817
v 17121.000000 3.998570 559.999817
v 17059.000000 3.998570 561.731812
v 17121.000000 3.998570 561.731812
v 17059.000000 5.498570 560.865845
v 17121.000000 5.498570 560.865845
v 17132.000000 3.998470 559.999817
v 17194.000000 3.998470 559.999817
v 17132.000000 3.998470 561.731812
v 17194.000000 3.998470 561.731812
v 17132.000000 5.498470 560.865845
v 17194.000000 5.498470 560.865845
v 16966.000000 3.998470 440.000061
v 16905.500000 3.998470 440.000061
v 16966.000000 3.998470 438.268066
v 16905.500000 3.998470 438.268066
v 16966.000000 5.498470 439.134064
v 16905.500000 5.498470 439.134064
v 17039.000000 3.998570 440.000061
v 16977.000000 3.998570 440.000061
v 17039.000000 3.998570 438.268066
v 16977.000000 3.998570 438.268066
v 17039.000000 5.498570 439.134064
v 16977.000000 5.498570 439.134064
v 17121.000000 3.998470 440.000061
v 17059.000000 3.998470 440.000061
v 17121.000000 3.998470 438.268066
v 17059.000000 3.998470 438.268066
v 17121.000000 5.498470 439.134064
v 17059.000000 5.498470 439.134064
v 17194.000000 3.998470 440.000061
v 17132.000000 3.998470 440.000061
v 17194.000000 3.998470 438.268066
v 17132.000000 3.998470 438.268066
v 17194.000000 5.498470 439.134064
v 17132.000000 5.498470 439.134064
v 17050.003906 -30.001820 439.999969
v 16900.000000 -30.000931 439.999969
v 17050.001953 -0.001230 439.999969
v 16900.001953 -0.001540 439.999969
v 17050.003906 -30.001820 559.999817
v 17050.001953 -0.001230 559.999817
v 16900.000000 -30.000931 559.999817
v 16900.001953 -0.001540 559.999817
v 17200.001953 -30.001530 439.999969
v 17200.000000 -0.001080 439.999969
v 17200.001953 -30.001530 559.999817
v 17200.000000 -0.001080 559.999817
v 17350.001953 -30.001390 439.999969
v 17350.000000 -0.000780 439.999969
v 17350.001953 -30.001390 559.999817
v 17350.000000 -0.000780 559.999817
v 17500.003906 -0.001690 439.999969
v 17500.000000 -30.000931 439.999969
v 17500.003906 -0.001690 559.999817
v 17500.000000 -30.000931 559.999817
v 17500.003906 -0.001690 469.999969
v 17500.000000 -30.000931 469.999939
v 16900.000000 -30.000931 469.999939
v 16900.001953 -0.001540 469.999969
v 15499.927734 -30.002119 560.000549
v 15649.929688 -30.003040 560.000549
v 15499.929688 -0.002730 560.000549
v 15649.928711 -0.002430 560.000549
v 15649.929688 -30.003040 440.000732
v 15499.927734 -30.002119 440.000732
v 15649.928711 -0.002430 440.000732
v 15499.929688 -0.002730 440.000732
v 15799.929688 -30.002581 440.000732
v 15799.927734 -0.002280 440.000732
v 15799.929688 -30.002581 560.000549
v 15799.927734 -0.002280 560.000549
v 15949.928711 -30.002439 440.000732
v 15949.927734 -0.001980 440.000732
v 15949.928711 -30.002439 560.000549
v 15949.927734 -0.001980 560.000549
v 16099.929688 -0.002880 440.000732
v 16099.927734 -30.002119 440.000732
v 16099.929688 -0.002880 560.000549
v 16099.927734 -30.002119 560.000549
v 16099.929688 -0.002880 470.000732
v 16099.927734 -30.002119 470.000732
v 15499.927734 -30.002119 470.000732
v 15499.929688 -0.002730 470.000732
v 17267.000000 3.998470 440.000061
v 17205.000000 3.998470 440.000061
v 17267.000000 3.998470 438.268066
v 17205.000000 3.998470 438.268066
v 17267.000000 5.498470 439.134064
v 17205.000000 5.498470 439.134064
v 17340.000000 3.998570 440.000061
v 17278.000000 3.998570 440.000061
v 17340.000000 3.998570 438.268066
v 17278.000000 3.998570 438.268066
v 17340.000000 5.498570 439.134064
v 17278.000000 5.498570 439.134064
v 17422.000000 3.998470 440.000061
v 17360.000000 3.998470 440.000061
v 17422.000000 3.998470 438.268066
v 17360.000000 3.998470 438.268066
v 17422.000000 5.498470 439.134064
v 17360.000000 5.498470 439.134064
v 17495.000000 3.998470 440.000061
v 17433.000000 3.998470 440.000061
v 17495.000000 3.998470 438.268066
v 17433.000000 3.998470 438.268066
v 17495.000000 5.498470 439.134064
v 17433.000000 5.498470 439.134064
v 19270.000000 -6.999940 530.000305
v 19270.000000 -7.000030 469.999908
v 19280.000000 -6.999940 530.000305
v 19280.000000 -7.000030 469.999908
v 19280.000000 -2.999940 530.000305
v 19280.000000 -3.000030 469.999908
v 19270.000000 -2.999940 530.000305
v 19270.000000 -3.000030 469.999908
v 18719.964844 -7.001020 530.000305
v 18719.964844 -7.001020 469.999908
v 18729.964844 -7.001020 530.000305
v 18729.964844 -7.001020 469.999908
v 18729.964844 -3.001020 530.000305
v 18729.964844 -3.001020 469.999908
v 18719.964844 -3.001020 530.000305
v 18719.964844 -3.001020 469.999908
v 16770.000000 -6.999940 530.000305
v 16770.000000 -7.000030 469.999908
v 16780.000000 -6.999940 530.000305
v 16780.000000 -7.000030 469.999908
v 16780.000000 -2.999940 530.000305
v 16780.000000 -3.000030 469.999908
v 16770.000000 -2.999940 530.000305
v 16770.000000 -3.000030 469.999908
v 16219.964844 -7.001020 530.000305
v 16219.964844 -7.001020 469.999908
v 16229.964844 -7.001020 530.000305
v 16229.964844 -7.001020 469.999908
v 16229.964844 -3.001020 530.000305
v 16229.964844 -3.001020 469.999908
v 16219.964844 -3.001020 530.000305
v 16219.964844 -3.001020 469.999908
v 18859.000000 -5.999940 438.000092
v 18854.000000 -5.999940 438.000092
v 18859.000000 6.000060 438.000092
v 18854.000000 6.000060 438.000092
v 18854.000000 -5.999940 440.000488
v 18859.000000 -5.999940 440.000488
v 18854.000000 6.000060 440.000488
v 18859.000000 6.000060 440.000488
v 18926.000000 -5.999940 438.000092
v 18921.000000 -5.999940 438.000092
v 18926.000000 6.000060 438.000092
v 18921.000000 6.000060 438.000092
v 18921.000000 -5.999940 440.000488
v 18926.000000 -5.999940 440.000488
v 18921.000000 6.000060 440.000488
v 18926.000000 6.000060 440.000488
v 18933.000000 -5.999940 438.000092
v 18928.000000 -5.999940 438.000092
v 18933.000000 6.000060 438.000092
v 18928.000000 6.000060 438.000092
v 18928.000000 -5.999940 440.000488
v 18933.000000 -5.999940 440.000488
v 18928.000000 6.000060 440.000488
v 18933.000000 6.000060 440.000488
v 19000.000000 -5.999940 438.000092
v 18995.000000 -5.999940 438.000092
v 19000.000000 6.000060 438.000092
v 18995.000000 6.000060 438.000092
v 18995.000000 -5.999940 440.000488
v 19000.000000 -5.999940 440.000488
v 18995.000000 6.000060 440.000488
v 19000.000000 6.000060 440.000488
v 19007.000000 -5.999940 438.000092
v 19002.000000 -5.999940 438.000092
v 19007.000000 6.000060 438.000092
v 19002.000000 6.000060 438.000092
v 19002.000000 -5.999940 440.000488
v 19007.000000 -5.999940 440.000488
v 19002.000000 6.000060 440.000488
v 19007.000000 6.000060 440.000488
v 19074.000000 -5.999940 438.000092
v 19069.000000 -5.999940 438.000092
v 19074.000000 6.000060 438.000092
v 19069.000000 6.000060 438.000092
v 19069.000000 -5.999940 440.000488
v 19074.000000 -5.999940 440.000488
v 19069.000000 6.000060 440.000488
v 19074.000000 6.000060 440.000488
v 19081.000000 -5.999940 438.000092
v 19076.000000 -5.999940 438.000092
v 19081.000000 6.000060 438.000092
v 19076.000000 6.000060 438.000092
v 19076.000000 -5.999940 440.000488
v 19081.000000 -5.999940 440.000488
v 19076.000000 6.000060 440.000488
v 19081.000000 6.000060 440.000488
v 19147.000000 -5.999940 438.000092
v 19142.000000 -5.999940 438.000092
v 19147.000000 6.000060 438.000092
v 19142.000000 6.000060 438.000092
v 19142.000000 -5.999940 440.000488
v 19147.000000 -5.999940 440.000488
v 19142.000000 6.000060 440.000488
v 19147.000000 6.000060 440.000488
v 18859.000000 -5.999940 560.000366
v 18854.000000 -5.999940 560.000366
v 18859.000000 6.000060 560.000366
v 18854.000000 6.000060 560.000366
v 18854.000000 -5.999940 562.000854
v 18859.000000 -5.999940 562.000854
v 18854.000000 6.000060 562.000854
v 18859.000000 6.000060 562.000854
v 18926.000000 -5.999940 560.000366
v 18921.000000 -5.999940 560.000366
v 18926.000000 6.000060 560.000366
v 18921.000000 6.000060 560.000366
v 18921.000000 -5.999940 562.000854
v 18926.000000 -5.999940 562.000854
v 18921.000000 6.000060 562.000854
v 18926.000000 6.000060 562.000854
v 18933.000000 -5.999940 560.000366
v 18928.000000 -5.999940 560.000366
v 18933.000000 6.000060 560.000366
v 18928.000000 6.000060 560.000366
v 18928.000000 -5.999940 562.000854
v 18933.000000 -5.999940 562.000854
v 18928.000000 6.000060 562.000854
v 18933.000000 6.000060 562.000854
v 19000.000000 -5.999940 560.000366
v 18995.000000 -5.999940 560.000366
v 19000.000000 6.000060 560.000366
v 18995.000000 6.000060 560.000366
v 18995.000000 -5.999940 562.000854
v 19000.000000 -5.999940 562.000854
v 18995.000000 6.000060 562.000854
v 19000.000000 6.000060 562.000854
v 19007.000000 -5.999940 560.000366
v 19002.000000 -5.999940 560.000366
v 19007.000000 6.000060 560.000366
v 19002.000000 6.000060 560.000366
v 19002.000000 -5.999940 562.000854
v 19007.000000 -5.999940 562.000854
v 19002.000000 6.000060 562.000854
v 19007.000000 6.000060 562.000854
v 19074.000000 -5.999940 560.000366
v 19069.000000 -5.999940 560.000366
v 19074.000000 6.000060 560.000366
v 19069.000000 6.000060 560.000366
v 19069.000000 -5.999940 562.000854
v 19074.000000 -5.999940 562.000854
v 19069.000000 6.000060 562.000854
v 19074.000000 6.000060 562.000854
v 19081.000000 -5.999940 560.000366
v 19076.000000 -5.999940 560.000366
v 19081.000000 6.000060 560.000366
v 19076.000000 6.000060 560.000366
v 19076.000000 -5.999940 562.000854
v 19081.000000 -5.999940 562.000854
v 19076.000000 6.000060 562.000854
v 19081.000000 6.000060 562.000854
v 19147.000000 -5.999940 560.000366
v 19142.000000 -5.999940 560.000366
v 19147.000000 6.000060 560.000366
v 19142.000000 6.000060 560.000366
v 19142.000000 -5.999940 562.000854
v 19147.000000 -5.999940 562.000854
v 19142.000000 6.000060 562.000854
v 19147.000000 6.000060 562.000854
v 16359.000000 -5.999940 560.000366
v 16354.000000 -5.999940 560.000366
v 16359.000000 6.000060 560.000366
v 16354.000000 6.000060 560.000366
v 16354.000000 -5.999940 562.000854
v 16359.000000 -5.999940 562.000854
v 16354.000000 6.000060 562.000854
v 16359.000000 6.000060 562.000854
v 16426.000000 -5.999940 560.000366
v 16421.000000 -5.999940 560.000366
v 16426.000000 6.000060 560.000366
v 16421.000000 6.000060 560.000366
v 16421.000000 -5.999940 562.000854
v 16426.000000 -5.999940 562.000854
v 16421.000000 6.000060 562.000854
v 16426.000000 6.000060 562.000854
v 16433.000000 -5.999940 560.000366
v 16428.000000 -5.999940 560.000366
v 16433.000000 6.000060 560.000366
v 16428.000000 6.000060 560.000366
v 16428.000000 -5.999940 562.000854
v 16433.000000 -5.999940 562.000854
v 16428.000000 6.000060 562.000854
v 16433.000000 6.000060 562.000854
v 16500.000000 -5.999940 560.000366
v 16495.000000 -5.999940 560.000366
v 16500.000000 6.000060 560.000366
v 16495.000000 6.000060 560.000366
v 16495.000000 -5.999940 562.000854
v 16500.000000 -5.999940 562.000854
v 16495.000000 6.000060 562.000854
v 16500.000000 6.000060 562.000854
v 16507.000000 -5.999940 560.000366
v 16502.000000 -5.999940 560.000366
v 16507.000000 6.000060 560.000366
v 16502.000000 6.000060 560.000366
v 16502.000000 -5.999940 562.000854
v 16507.000000 -5.999940 562.000854
v 16502.000000 6.000060 562.000854
v 16507.000000 6.000060 562.000854
v 16574.000000 -5.999940 560.000366
v 16569.000000 -5.999940 560.000366
v 16574.000000 6.000060 560.000366
v 16569.000000 6.000060 560.000366
v 16569.000000 -5.999940 562.000854
v 16574.000000 -5.999940 562.000854
v 16569.000000 6.000060 562.000854
v 16574.000000 6.000060 562.000854
v 16581.000000 -5.999940 560.000366
v 16576.000000 -5.999940 560.000366
v 16581.000000 6.000060 560.000366
v 16576.000000 6.000060 560.000366
v 16576.000000 -5.999940 562.000854
v 16581.000000 -5.999940 562.000854
v 16576.000000 6.000060 562.000854
v 16581.000000 6.000060 562.000854
v 16647.000000 -5.999940 560.000366
v 16642.000000 -5.999940 560.000366
v 16647.000000 6.000060 560.000366
v 16642.000000 6.000060 560.000366
v 16642.000000 -5.999940 562.000854
v 16647.000000 -5.999940 562.000854
v 16642.000000 6.000060 562.000854
v 16647.000000 6.000060 562.000854
v 16359.000000 -5.999940 438.000092
v 16354.000000 -5.999940 438.000092
v 16359.000000 6.000060 438.000092
v 16354.000000 6.000060 438.000092
v 16354.000000 -5.999940 440.000458
v 16359.000000 -5.999940 440.000458
v 16354.000000 6.000060 440.000458
v 16359.000000 6.000060 440.000458
v 16426.000000 -5.999940 438.000092
v 16421.000000 -5.999940 438.000092
v 16426.000000 6.000060 438.000092
v 16421.000000 6.000060 438.000092
v 16421.000000 -5.999940 440.000458
v 16426.000000 -5.999940 440.000458
v 16421.000000 6.000060 440.000458
v 16426.000000 6.000060 440.000458
v 16433.000000 -5.999940 438.000092
v 16428.000000 -5.999940 438.000092
v 16433.000000 6.000060 438.000092
v 16428.000000 6.000060 438.000092
v 16428.000000 -5.999940 440.000458
v 16433.000000 -5.999940 440.000458
v 16428.000000 6.000060 440.000458
v 16433.000000 6.000060 440.000458
v 16500.000000 -5.999940 438.000092
v 16495.000000 -5.999940 438.000092
v 16500.000000 6.000060 438.000092
v 16495.000000 6.000060 438.000092
v 16495.000000 -5.999940 440.000458
v 16500.000000 -5.999940 440.000458
v 16495.000000 6.000060 440.000458
v 16500.000000 6.000060 440.000458
v 16507.000000 -5.999940 438.000092
v 16502.000000 -5.999940 438.000092
v 16507.000000 6.000060 438.000092
v 16502.000000 6.000060 438.000092
v 16502.000000 -5.999940 440.000458
v 16507.000000 -5.999940 440.000458
v 16502.000000 6.000060 440.000458
v 16507.000000 6.000060 440.000458
v 16574.000000 -5.999940 438.000092
v 16569.000000 -5.999940 438.000092
v 16574.000000 6.000060 438.000092
v 16569.000000 6.000060 438.000092
v 16569.000000 -5.999940 440.000458
v 16574.000000 -5.999940 440.000458
v 16569.000000 6.000060 440.000458
v 16574.000000 6.000060 440.000458
v 16581.000000 -5.999940 438.000092
v 16576.000000 -5.999940 438.000092
v 16581.000000 6.000060 438.000092
v 16576.000000 6.000060 438.000092
v 16576.000000 -5.999940 440.000458
v 16581.000000 -5.999940 440.000458
v 16576.000000 6.000060 440.000458
v 16581.000000 6.000060 440.000458
v 16647.000000 -5.999940 438.000092
v 16642.000000 -5.999940 438.000092
v 16647.000000 6.000060 438.000092
v 16642.000000 6.000060 438.000092
v 16642.000000 -5.999940 440.000458
v 16647.000000 -5.999940 440.000458
v 16642.000000 6.000060 440.000458
v 16647.000000 6.000060 440.000458
v 19150.000000 0.000170 589.999390
v 19150.000000 0.000170 559.999695
v 19150.000000 -9.999830 589.999390
v 19150.000000 -9.999830 559.999695
v 19212.500000 -9.999830 589.999390
v 19212.500000 0.000170 589.999390
v 19275.000000 -9.999830 589.999390
v 19275.000000 0.000170 589.999390
v 19337.500000 -9.999830 589.999390
v 19337.500000 0.000170 589.999390
v 19400.000000 -9.999830 589.999390
v 19400.000000 0.000170 589.999390
v 19400.000000 -9.999830 559.999695
v 19400.000000 0.000170 559.999695
v 19149.962891 -10.000030 410.000977
v 19149.962891 -10.000030 440.000763
v 19149.962891 -0.000030 410.000977
v 19149.962891 -0.000030 440.000763
v 19212.462891 -10.000030 410.000977
v 19212.462891 -0.000030 410.000977
v 19274.962891 -10.000030 410.000977
v 19274.962891 -0.000030 410.000977
v 19337.462891 -10.000030 410.000977
v 19337.462891 -0.000030 410.000977
v 19399.962891 -10.000030 410.000977
v 19399.962891 -0.000030 410.000977
v 19399.962891 -0.000030 440.000763
v 19399.962891 -10.000030 440.000763
v 18599.964844 -0.000820 589.999390
v 18599.964844 -0.000820 559.999695
v 18599.964844 -10.000820 589.999390
v 18599.964844 -10.000820 559.999695
v 18662.464844 -10.000820 589.999390
v 18662.464844 -0.000820 589.999390
v 18724.964844 -10.000820 589.999390
v 18724.964844 -0.000820 589.999390
v 18787.464844 -10.000820 589.999390
v 18787.464844 -0.000820 589.999390
v 18849.964844 -10.000820 589.999390
v 18849.964844 -0.000820 589.999390
v 18849.964844 -10.000820 559.999695
v 18849.964844 -0.000820 559.999695
v 18599.925781 -10.001130 410.000977
v 18599.925781 -10.001130 440.000763
v 18599.925781 -0.001130 410.000977
v 18599.925781 -0.001130 440.000763
v 18662.425781 -10.001130 410.000977
v 18662.425781 -0.001130 410.000977
v 18724.925781 -10.001130 410.000977
v 18724.925781 -0.001130 410.000977
v 18787.425781 -10.001130 410.000977
v 18787.425781 -0.001130 410.000977
v 18849.925781 -10.001130 410.000885
v 18849.925781 -0.001130 410.000885
v 18849.925781 -0.001130 440.000763
v 18849.925781 -10.001130 440.000763
v 16650.000000 0.000170 589.999390
v 16650.000000 0.000170 559.999695
v 16650.000000 -9.999830 589.999390
v 16650.000000 -9.999830 559.999695
v 16712.500000 -9.999830 589.999390
v 16712.500000 0.000170 589.999390
v 16775.000000 -9.999830 589.999390
v 16775.000000 0.000170 589.999390
v 16837.500000 -9.999830 589.999390
v 16837.500000 0.000170 589.999390
v 16900.000000 -9.999830 589.999390
v 16900.000000 0.000170 589.999390
v 16900.000000 -9.999830 559.999695
v 16900.000000 0.000170 559.999695
v 16649.960938 -10.000030 410.000977
v 16649.960938 -10.000030 440.000763
v 16649.960938 -0.000030 410.000977
v 16649.960938 -0.000030 440.000763
v 16712.460938 -10.000030 410.000977
v 16712.460938 -0.000030 410.000977
v 16774.960938 -10.000030 410.000977
v 16774.960938 -0.000030 410.000977
v 16837.460938 -10.000030 410.000977
v 16837.460938 -0.000030 410.000977
v 16899.960938 -10.000030 410.000977
v 16899.960938 -0.000030 410.000977
v 16899.960938 -0.000030 440.000763
v 16899.960938 -10.000030 440.000763
v 16099.964844 -0.000820 589.999390
v 16099.964844 -0.000820 559.999695
v 16099.964844 -10.000820 589.999390
v 16099.964844 -10.000820 559.999695
v 16162.464844 -10.000820 589.999390
v 16162.464844 -0.000820 589.999390
v 16224.964844 -10.000820 589.999390
v 16224.964844 -0.000820 589.999390
v 16287.464844 -10.000820 589.999390
v 16287.464844 -0.000820 589.999390
v 16349.964844 -10.000820 589.999390
v 16349.964844 -0.000820 589.999390
v 16349.964844 -10.000820 559.999695
v 16349.964844 -0.000820 559.999695
v 16099.926758 -10.001130 410.000977
v 16099.926758 -10.001130 440.000763
v 16099.926758 -0.001130 410.000977
v 16099.926758 -0.001130 440.000763
v 16162.426758 -10.001130 410.000977
v 16162.426758 -0.001130 410.000977
v 16224.926758 -10.001130 410.000977
v 16224.926758 -0.001130 410.000977
v 16287.426758 -10.001130 410.000977
v 16287.426758 -0.001130 410.000977
v 16349.926758 -10.001130 410.000977
v 16349.926758 -0.001130 410.000977
v 16349.926758 -0.001130 440.000763
v 16349.926758 -10.001130 440.000763
v 19212.500000 0.000170 530.000305
v 19212.500000 -9.999830 530.000305
v 19150.000000 0.000170 530.000305
v 19150.000000 -9.999830 530.000305
v 19275.000000 0.000170 530.000305
v 19275.000000 -9.999830 530.000305
v 19337.500000 0.000170 530.000305
v 19337.500000 -9.999830 530.000305
v 19400.000000 -9.999830 530.000305
v 19400.000000 0.000170 530.000305
v 19159.962891 -9.999940 530.000183
v 19159.962891 -10.000030 470.000275
v 19159.962891 0.000060 530.000183
v 19159.962891 -0.000030 470.000275
v 19390.000000 0.000060 530.000183
v 19390.000000 0.000060 469.999786
v 19390.000000 -9.999940 530.000183
v 19390.000000 -9.999940 469.999786
v 19149.962891 -10.000030 470.000183
v 19212.462891 -10.000030 470.000183
v 19149.962891 -0.000030 470.000183
v 19212.462891 -0.000030 470.000183
v 19274.962891 -0.000030 470.000183
v 19274.962891 -10.000030 470.000183
v 19337.462891 -0.000030 470.000183
v 19337.462891 -10.000030 470.000183
v 19399.962891 -0.000030 470.000183
v 19399.962891 -10.000030 470.000183
v 18662.464844 -0.000820 530.000305
v 18662.464844 -10.000820 530.000305
v 18599.964844 -0.000820 530.000305
v 18599.964844 -10.000820 530.000305
v 18724.964844 -0.000820 530.000305
v 18724.964844 -10.000820 530.000305
v 18787.464844 -0.000820 530.000305
v 18787.464844 -10.000820 530.000305
v 18849.964844 -10.000820 530.000305
v 18849.964844 -0.000820 530.000305
v 18599.925781 -10.001130 470.000183
v 18662.425781 -10.001130 470.000183
v 18599.925781 -0.001130 470.000183
v 18662.425781 -0.001130 470.000183
v 18724.925781 -0.001130 470.000183
v 18724.925781 -10.001130 470.000183
v 18787.425781 -0.001130 470.000183
v 18787.425781 -10.001130 470.000183
v 18849.925781 -0.001130 470.000183
v 18849.925781 -10.001130 470.000183
v 18839.964844 -0.000920 530.000183
v 18839.964844 -0.001020 469.999756
v 18839.964844 -10.000920 530.000183
v 18839.964844 -10.001020 469.999756
v 18609.925781 -10.001040 530.000183
v 18609.925781 -10.001040 470.000275
v 18609.925781 -0.001040 530.000183
v 18609.925781 -0.001040 470.000275
v 16712.500000 0.000170 530.000305
v 16712.500000 -9.999830 530.000305
v 16650.000000 0.000170 530.000305
v 16650.000000 -9.999830 530.000305
v 16775.000000 0.000170 530.000305
v 16775.000000 -9.999830 530.000305
v 16837.500000 0.000170 530.000305
v 16837.500000 -9.999830 530.000305
v 16900.000000 -9.999830 530.000305
v 16900.000000 0.000170 530.000305
v 16649.960938 -10.000030 470.000183
v 16712.460938 -10.000030 470.000183
v 16649.960938 -0.000030 470.000183
v 16712.460938 -0.000030 470.000183
v 16774.960938 -0.000030 470.000183
v 16774.960938 -10.000030 470.000183
v 16837.460938 -0.000030 470.000183
v 16837.460938 -10.000030 470.000183
v 16899.960938 -0.000030 470.000183
v 16899.960938 -10.000030 470.000183
v 16890.000000 0.000060 530.000183
v 16890.000000 0.000060 469.999786
v 16890.000000 -9.999940 530.000183
v 16890.000000 -9.999940 469.999786
v 16659.960938 -9.999940 530.000183
v 16659.960938 -10.000030 470.000275
v 16659.960938 0.000060 530.000183
v 16659.960938 -0.000030 470.000275
v 16162.464844 -0.000820 530.000305
v 16162.464844 -10.000820 530.000305
v 16099.964844 -0.000820 530.000305
v 16099.964844 -10.000820 530.000305
v 16224.964844 -0.000820 530.000305
v 16224.964844 -10.000820 530.000305
v 16287.464844 -0.000820 530.000305
v 16287.464844 -10.000820 530.000305
v 16349.964844 -10.000820 530.000305
v 16349.964844 -0.000820 530.000305
v 16099.926758 -10.001130 470.000183
v 16162.426758 -10.001130 470.000183
v 16099.926758 -0.001130 470.000183
v 16162.426758 -0.001130 470.000183
v 16224.926758 -0.001130 470.000183
v 16224.926758 -10.001130 470.000183
v 16287.426758 -0.001130 470.000183
v 16287.426758 -10.001130 470.000183
v 16349.926758 -0.001130 470.000183
v 16349.926758 -10.001130 470.000183
v 16339.964844 -0.000920 530.000183
v 16339.964844 -0.001020 469.999756
v 16339.964844 -10.000920 530.000183
v 16339.964844 -10.001020 469.999756
v 16109.926758 -10.001040 530.000183
v 16109.926758 -10.001040 470.000275
v 16109.926758 -0.001040 530.000183
v 16109.926758 -0.001040 470.000275
v 19714.464844 -83.406036 439.995972
v 19714.464844 -83.406036 419.995972
v 19714.464844 -133.406021 439.995972
v 19714.464844 -113.406029 419.995972
v 19759.494141 -83.406036 439.995972
v 19759.494141 -133.406021 439.995972
v 19759.494141 -83.406036 419.995972
v 19759.494141 -113.406029 419.995972
v 17214.464844 -83.406036 439.995972
v 17214.464844 -83.406036 419.995972
v 17214.464844 -133.406021 439.995972
v 17214.464844 -113.406029 419.995972
v 17259.494141 -83.406036 439.995972
v 17259.494141 -133.406021 439.995972
v 17259.494141 -83.406036 419.995972
v 17259.494141 -113.406029 419.995972
v 19149.962891 -9.999940 530.000183
v 19400.000000 -9.999940 530.000183
v 19400.000000 -9.999940 469.999786
v 18662.464844 -10.000820 559.999695
v 18724.964844 -10.000820 559.999695
v 18787.464844 -10.000820 559.999695
v 18662.425781 -10.001130 440.000763
v 18724.925781 -10.001130 440.000763
v 18787.425781 -10.001130 440.000763
v 18849.964844 -10.000920 530.000183
v 18849.964844 -10.001020 469.999756
v 18599.927734 -10.001040 530.000183
v 18599.927734 -10.001040 470.000275
v 16900.000000 -9.999940 530.000183
v 16900.000000 -9.999940 469.999786
v 16649.962891 -9.999940 530.000183
v 16649.962891 -10.000030 470.000275
v 16349.964844 -10.000920 530.000183
v 16349.964844 -10.001020 469.999756
v 16099.927734 -10.001040 530.000183
v 16099.927734 -10.001040 470.000275
v 19400.003906 -141.001984 469.999969
v 19550.003906 -30.001820 469.999969
v 19550.001953 -141.001678 469.999969
v 19550.001953 -141.001678 439.999969
v 19400.003906 -141.001984 439.999969
v 19700.001953 -141.001221 469.999969
v 19700.001953 -30.001530 469.999969
v 19700.001953 -141.001221 439.999969
v 19850.001953 -141.001099 439.999969
v 19850.001953 -30.001390 469.999969
v 19850.001953 -141.001099 469.999969
v 20000.000000 -141.000763 439.999969
v 20000.000000 -141.000763 469.999969
v 18924.962891 -141.001678 440.000732
v 18849.964844 -141.001968 440.000732
v 18849.964844 -141.001968 470.000732
v 18924.964844 -30.001970 470.000732
v 18924.962891 -141.001678 470.000732
v 18999.962891 -141.001373 470.000732
v 18999.962891 -30.001671 470.000732
v 18999.962891 -141.001373 440.000732
v 19074.962891 -141.001221 440.000732
v 19074.962891 -30.001369 470.000732
v 19074.962891 -141.001221 470.000732
v 19149.962891 -141.000916 440.000732
v 19149.962891 -141.000916 470.000732
v 18149.929688 -141.002747 440.000732
v 17999.929688 -141.003036 440.000732
v 17999.929688 -141.003036 470.000732
v 18149.929688 -30.003040 470.000732
v 18149.929688 -141.002747 470.000732
v 18299.929688 -141.002441 440.000732
v 18299.929688 -141.002441 470.000732
v 18299.929688 -30.002581 470.000732
v 18449.927734 -141.002289 440.000732
v 18449.929688 -30.002439 470.000732
v 18449.927734 -141.002289 470.000732
v 18599.927734 -141.001984 440.000732
v 18599.927734 -141.001984 470.000732
v 16424.964844 -141.001678 440.000732
v 16349.963867 -141.001968 440.000732
v 16349.963867 -141.001968 470.000732
v 16424.964844 -30.001970 470.000732
v 16424.964844 -141.001678 470.000732
v 16499.962891 -141.001373 440.000732
v 16499.962891 -141.001373 470.000732
v 16499.962891 -30.001671 470.000732
v 16574.962891 -141.001221 440.000732
v 16574.962891 -30.001369 470.000732
v 16574.962891 -141.001221 470.000732
v 16649.962891 -141.000916 440.000732
v 16649.962891 -141.000916 470.000732
v 16900.003906 -141.001984 469.999969
v 17050.003906 -30.001820 469.999969
v 17050.001953 -141.001678 469.999969
v 17050.001953 -141.001678 439.999969
v 16900.003906 -141.001984 439.999969
v 17200.001953 -141.001221 469.999969
v 17200.001953 -30.001530 469.999969
v 17200.001953 -141.001221 439.999969
v 17350.000000 -141.001099 439.999969
v 17350.001953 -30.001390 469.999969
v 17350.000000 -141.001099 469.999969
v 17500.000000 -141.000763 439.999969
v 17500.000000 -141.000763 469.999969
v 15649.929688 -141.002747 440.000732
v 15499.930664 -141.003036 440.000732
v 15499.930664 -141.003036 470.000732
v 15649.929688 -30.003040 470.000732
v 15649.929688 -141.002747 470.000732
v 15799.929688 -141.002441 440.000732
v 15799.929688 -141.002441 470.000732
v 15799.929688 -30.002581 470.000732
v 15949.927734 -141.002289 440.000732
v 15949.928711 -30.002439 470.000732
v 15949.927734 -141.002289 470.000732
v 16099.926758 -141.001984 440.000732
v 16099.926758 -141.001984 470.000732
v 19717.591797 -229.902817 219.301666
v 19734.867188 -229.902817 209.327667
v 19734.867188 -251.448227 229.275757
v 19752.142578 -229.902817 219.301666
v 19752.142578 -229.902817 239.249878
v 19700.316406 -173.563034 209.327667
v 19734.867188 -173.563034 189.379456
v 19769.417969 -173.563034 209.327667
v 19769.417969 -173.563034 249.223969
v 19717.591797 -229.902817 239.249969
v 19734.867188 -229.902817 249.223969
v 19700.316406 -173.563034 249.223969
v 19734.867188 -173.563034 269.172058
v 17217.591797 -229.902817 219.301666
v 17234.867188 -229.902817 209.327667
v 17234.867188 -251.448227 229.275757
v 17252.142578 -229.902817 219.301758
v 17252.142578 -229.902817 239.249878
v 17200.316406 -173.563034 209.327667
v 17234.867188 -173.563034 189.379456
v 17269.419922 -173.563034 209.327667
v 17269.419922 -173.563034 249.223969
v 17217.591797 -229.902817 239.249969
v 17234.867188 -229.902817 249.223969
v 17200.316406 -173.563034 249.223969
v 17234.867188 -173.563034 269.172058
v 19845.867188 -27.001530 564.999756
v 19845.867188 -34.586430 559.999756
v 19845.867188 -47.001530 577.999756
v 19845.867188 -54.001530 568.048828
v 19845.867188 9.998470 559.999756
v 19845.867188 9.998470 564.999756
v 19853.867188 -27.001530 564.999756
v 19853.867188 -47.001530 577.999756
v 19853.867188 -34.586430 559.999756
v 19853.867188 -54.001530 568.048828
v 19853.867188 9.998470 559.999756
v 19853.867188 9.998470 564.999756
v 19545.000000 -27.001530 564.999756
v 19545.000000 -34.586430 559.999756
v 19545.000000 -47.001530 577.999756
v 19545.000000 -54.001530 568.048828
v 19545.000000 9.998470 559.999756
v 19545.000000 9.998470 564.999756
v 19553.000000 -27.001530 564.999756
v 19553.000000 -47.001530 577.999756
v 19553.000000 -34.586430 559.999756
v 19553.000000 -54.001530 568.048828
v 19553.000000 9.998470 559.999756
v 19553.000000 9.998470 564.999756
v 19545.000000 -27.001530 435.000183
v 19545.000000 -47.001530 422.000153
v 19545.000000 -34.586430 440.000183
v 19545.000000 -54.001530 431.951080
v 19545.000000 9.998470 440.000153
v 19545.000000 9.998470 435.000153
v 19553.000000 -27.001530 435.000183
v 19553.000000 -34.586430 440.000183
v 19553.000000 -47.001530 422.000153
v 19553.000000 -54.001530 431.951080
v 19553.000000 9.998470 440.000153
v 19553.000000 9.998470 435.000153
v 19846.000000 -27.001530 435.000183
v 19846.000000 -47.001530 422.000153
v 19846.000000 -34.586430 440.000183
v 19846.000000 -54.001530 431.951080
v 19846.000000 9.998470 440.000153
v 19846.000000 9.998470 435.000153
v 19854.000000 -27.001530 435.000183
v 19854.000000 -34.586430 440.000183
v 19854.000000 -47.001530 422.000153
v 19854.000000 -54.001530 431.951080
v 19854.000000 9.998470 440.000153
v 19854.000000 9.998470 435.000153
v 17345.867188 -27.001530 564.999756
v 17345.867188 -34.586430 559.999756
v 17345.867188 -47.001530 577.999756
v 17345.867188 -54.001530 568.048828
v 17345.867188 9.998470 559.999756
v 17345.867188 9.998470 564.999756
v 17353.867188 -27.001530 564.999756
v 17353.867188 -47.001530 577.999756
v 17353.867188 -34.586430 559.999756
v 17353.867188 -54.001530 568.048828
v 17353.867188 9.998470 559.999756
v 17353.867188 9.998470 564.999756
v 17045.000000 -27.001530 564.999756
v 17045.000000 -34.586430 559.999756
v 17045.000000 -47.001530 577.999756
v 17045.000000 -54.001530 568.048828
v 17045.000000 9.998470 559.999756
v 17045.000000 9.998470 564.999756
v 17053.000000 -27.001530 564.999756
v 17053.000000 -47.001530 577.999756
v 17053.000000 -34.586430 559.999756
v 17053.000000 -54.001530 568.048828
v 17053.000000 9.998470 559.999756
v 17053.000000 9.998470 564.999756
v 17045.000000 -27.001530 435.000183
v 17045.000000 -47.001530 422.000153
v 17045.000000 -34.586430 440.000183
v 17045.000000 -54.001530 431.951080
v 17045.000000 9.998470 440.000153
v 17045.000000 9.998470 435.000153
v 17053.000000 -27.001530 435.000183
v 17053.000000 -34.586430 440.000183
v 17053.000000 -47.001530 422.000153
v 17053.000000 -54.001530 431.951080
v 17053.000000 9.998470 440.000153
v 17053.000000 9.998470 435.000153
v 17346.000000 -27.001530 435.000183
v 17346.000000 -47.001530 422.000153
v 17346.000000 -34.586430 440.000183
v 17346.000000 -54.001530 431.951080
v 17346.000000 9.998470 440.000153
v 17346.000000 9.998470 435.000153
v 17354.000000 -27.001530 435.000183
v 17354.000000 -34.586430 440.000183
v 17354.000000 -47.001530 422.000153
v 17354.000000 -54.001530 431.951080
v 17354.000000 9.998470 440.000153
v 17354.000000 9.998470 435.000153
v 19704.867188 -6.001630 559.999817
v 19699.867188 -6.001630 559.999817
v 19704.867188 5.998370 559.999817
v 19699.867188 5.998370 559.999817
v 19699.867188 -6.001630 562.000122
v 19704.867188 -6.001630 562.000122
v 19699.867188 5.998370 562.000122
v 19704.867188 5.998370 562.000122
v 19771.867188 -6.001630 559.999817
v 19766.867188 -6.001630 559.999817
v 19771.867188 5.998370 559.999817
v 19766.867188 5.998370 559.999817
v 19766.867188 -6.001630 562.000366
v 19771.867188 -6.001630 562.000366
v 19766.867188 5.998370 562.000366
v 19771.867188 5.998370 562.000366
v 19777.867188 -6.001630 559.999817
v 19772.867188 -6.001630 559.999817
v 19777.867188 5.998370 559.999817
v 19772.867188 5.998370 559.999817
v 19772.867188 -6.001630 562.000122
v 19777.867188 -6.001630 562.000122
v 19772.867188 5.998370 562.000122
v 19777.867188 5.998370 562.000122
v 19844.867188 -6.001630 559.999817
v 19839.867188 -6.001630 559.999817
v 19844.867188 5.998370 559.999817
v 19839.867188 5.998370 559.999817
v 19839.867188 -6.001630 562.000366
v 19844.867188 -6.001630 562.000366
v 19839.867188 5.998370 562.000366
v 19844.867188 5.998370 562.000366
v 19859.867188 -6.001530 559.999817
v 19854.867188 -6.001530 559.999817
v 19859.867188 5.998470 559.999817
v 19854.867188 5.998470 559.999817
v 19854.867188 -6.001530 562.000122
v 19859.867188 -6.001530 562.000122
v 19854.867188 5.998470 562.000122
v 19859.867188 5.998470 562.000122
v 19926.867188 -6.001530 559.999817
v 19921.867188 -6.001530 559.999817
v 19926.867188 5.998470 559.999817
v 19921.867188 5.998470 559.999817
v 19921.867188 -6.001530 562.000366
v 19926.867188 -6.001530 562.000366
v 19921.867188 5.998470 562.000366
v 19926.867188 5.998470 562.000366
v 19932.867188 -6.001630 559.999817
v 19927.867188 -6.001630 559.999817
v 19932.867188 5.998370 559.999817
v 19927.867188 5.998370 559.999817
v 19927.867188 -6.001630 562.000122
v 19932.867188 -6.001630 562.000122
v 19927.867188 5.998370 562.000122
v 19932.867188 5.998370 562.000122
v 19999.867188 -6.001630 559.999817
v 19994.867188 -6.001630 559.999817
v 19999.867188 5.998370 559.999817
v 19994.867188 5.998370 559.999817
v 19994.867188 -6.001630 562.000366
v 19999.867188 -6.001630 562.000366
v 19994.867188 5.998370 562.000366
v 19999.867188 5.998370 562.000366
v 19405.500000 -6.001630 559.999817
v 19400.500000 -6.001630 559.999817
v 19405.500000 5.998370 559.999817
v 19400.500000 5.998370 559.999817
v 19400.500000 -6.001630 562.000122
v 19405.500000 -6.001630 562.000122
v 19400.500000 5.998370 562.000122
v 19405.500000 5.998370 562.000122
v 19471.000000 -6.001630 559.999817
v 19466.000000 -6.001630 559.999817
v 19471.000000 5.998370 559.999817
v 19466.000000 5.998370 559.999817
v 19466.000000 -6.001630 562.000366
v 19471.000000 -6.001630 562.000366
v 19466.000000 5.998370 562.000366
v 19471.000000 5.998370 562.000366
v 19477.000000 -6.001630 559.999817
v 19472.000000 -6.001630 559.999817
v 19477.000000 5.998370 559.999817
v 19472.000000 5.998370 559.999817
v 19472.000000 -6.001630 562.000122
v 19477.000000 -6.001630 562.000122
v 19472.000000 5.998370 562.000122
v 19477.000000 5.998370 562.000122
v 19544.000000 -6.001630 559.999817
v 19539.000000 -6.001630 559.999817
v 19544.000000 5.998370 559.999817
v 19539.000000 5.998370 559.999817
v 19539.000000 -6.001630 562.000366
v 19544.000000 -6.001630 562.000366
v 19539.000000 5.998370 562.000366
v 19544.000000 5.998370 562.000366
v 19559.000000 -6.001530 559.999817
v 19554.000000 -6.001530 559.999817
v 19559.000000 5.998470 559.999817
v 19554.000000 5.998470 559.999817
v 19554.000000 -6.001530 562.000122
v 19559.000000 -6.001530 562.000122
v 19554.000000 5.998470 562.000122
v 19559.000000 5.998470 562.000122
v 19626.000000 -6.001530 559.999817
v 19621.000000 -6.001530 559.999817
v 19626.000000 5.998470 559.999817
v 19621.000000 5.998470 559.999817
v 19621.000000 -6.001530 562.000366
v 19626.000000 -6.001530 562.000366
v 19621.000000 5.998470 562.000366
v 19626.000000 5.998470 562.000366
v 19632.000000 -6.001630 559.999817
v 19627.000000 -6.001630 559.999817
v 19632.000000 5.998370 559.999817
v 19627.000000 5.998370 559.999817
v 19627.000000 -6.001630 562.000122
v 19632.000000 -6.001630 562.000122
v 19627.000000 5.998370 562.000122
v 19632.000000 5.998370 562.000122
v 19699.000000 -6.001630 559.999817
v 19694.000000 -6.001630 559.999817
v 19699.000000 5.998370 559.999817
v 19694.000000 5.998370 559.999817
v 19694.000000 -6.001630 562.000366
v 19699.000000 -6.001630 562.000366
v 19694.000000 5.998370 562.000366
v 19699.000000 5.998370 562.000366
v 19405.500000 -6.001630 437.999603
v 19400.500000 -6.001630 437.999603
v 19405.500000 5.998370 437.999603
v 19400.500000 5.998370 437.999603
v 19400.500000 -6.001630 440.000092
v 19405.500000 -6.001630 440.000092
v 19400.500000 5.998370 440.000092
v 19405.500000 5.998370 440.000092
v 19471.000000 -6.001630 437.999786
v 19466.000000 -6.001630 437.999786
v 19471.000000 5.998370 437.999786
v 19466.000000 5.998370 437.999786
v 19466.000000 -6.001630 440.000092
v 19471.000000 -6.001630 440.000092
v 19466.000000 5.998370 440.000092
v 19471.000000 5.998370 440.000092
v 19477.000000 -6.001530 437.999603
v 19472.000000 -6.001530 437.999603
v 19477.000000 5.998470 437.999603
v 19472.000000 5.998470 437.999603
v 19472.000000 -6.001530 440.000092
v 19477.000000 -6.001530 440.000092
v 19472.000000 5.998470 440.000092
v 19477.000000 5.998470 440.000092
v 19544.000000 -6.001530 437.999786
v 19539.000000 -6.001530 437.999786
v 19544.000000 5.998470 437.999786
v 19539.000000 5.998470 437.999786
v 19539.000000 -6.001530 440.000092
v 19544.000000 -6.001530 440.000092
v 19539.000000 5.998470 440.000092
v 19544.000000 5.998470 440.000092
v 19559.000000 -6.001630 437.999603
v 19554.000000 -6.001630 437.999603
v 19559.000000 5.998370 437.999603
v 19554.000000 5.998370 437.999603
v 19554.000000 -6.001630 440.000092
v 19559.000000 -6.001630 440.000092
v 19554.000000 5.998370 440.000092
v 19559.000000 5.998370 440.000092
v 19626.000000 -6.001630 437.999786
v 19621.000000 -6.001630 437.999786
v 19626.000000 5.998370 437.999786
v 19621.000000 5.998370 437.999786
v 19621.000000 -6.001630 440.000092
v 19626.000000 -6.001630 440.000092
v 19621.000000 5.998370 440.000092
v 19626.000000 5.998370 440.000092
v 19632.000000 -6.001630 437.999603
v 19627.000000 -6.001630 437.999603
v 19632.000000 5.998370 437.999603
v 19627.000000 5.998370 437.999603
v 19627.000000 -6.001630 440.000092
v 19632.000000 -6.001630 440.000092
v 19627.000000 5.998370 440.000092
v 19632.000000 5.998370 440.000092
v 19699.000000 -6.001630 437.999786
v 19694.000000 -6.001630 437.999786
v 19699.000000 5.998370 437.999786
v 19694.000000 5.998370 437.999786
v 19694.000000 -6.001630 440.000092
v 19699.000000 -6.001630 440.000092
v 19694.000000 5.998370 440.000092
v 19699.000000 5.998370 440.000092
v 19705.000000 -6.001630 437.999603
v 19700.000000 -6.001630 437.999603
v 19705.000000 5.998370 437.999603
v 19700.000000 5.998370 437.999603
v 19700.000000 -6.001630 440.000092
v 19705.000000 -6.001630 440.000092
v 19700.000000 5.998370 440.000092
v 19705.000000 5.998370 440.000092
v 19772.000000 -6.001630 437.999786
v 19767.000000 -6.001630 437.999786
v 19772.000000 5.998370 437.999786
v 19767.000000 5.998370 437.999786
v 19767.000000 -6.001630 440.000092
v 19772.000000 -6.001630 440.000092
v 19767.000000 5.998370 440.000092
v 19772.000000 5.998370 440.000092
v 19778.000000 -6.001530 437.999603
v 19773.000000 -6.001530 437.999603
v 19778.000000 5.998470 437.999603
v 19773.000000 5.998470 437.999603
v 19773.000000 -6.001530 440.000092
v 19778.000000 -6.001530 440.000092
v 19773.000000 5.998470 440.000092
v 19778.000000 5.998470 440.000092
v 19845.000000 -6.001530 437.999786
v 19840.000000 -6.001530 437.999786
v 19845.000000 5.998470 437.999786
v 19840.000000 5.998470 437.999786
v 19840.000000 -6.001530 440.000092
v 19845.000000 -6.001530 440.000092
v 19840.000000 5.998470 440.000092
v 19845.000000 5.998470 440.000092
v 19860.000000 -6.001630 437.999603
v 19855.000000 -6.001630 437.999603
v 19860.000000 5.998370 437.999603
v 19855.000000 5.998370 437.999603
v 19855.000000 -6.001630 440.000092
v 19860.000000 -6.001630 440.000092
v 19855.000000 5.998370 440.000092
v 19860.000000 5.998370 440.000092
v 19927.000000 -6.001630 437.999786
v 19922.000000 -6.001630 437.999786
v 19927.000000 5.998370 437.999786
v 19922.000000 5.998370 437.999786
v 19922.000000 -6.001630 440.000092
v 19927.000000 -6.001630 440.000092
v 19922.000000 5.998370 440.000092
v 19927.000000 5.998370 440.000092
v 19933.000000 -6.001630 437.999603
v 19928.000000 -6.001630 437.999603
v 19933.000000 5.998370 437.999603
v 19928.000000 5.998370 437.999603
v 19928.000000 -6.001630 440.000092
v 19933.000000 -6.001630 440.000092
v 19928.000000 5.998370 440.000092
v 19933.000000 5.998370 440.000092
v 20000.000000 -6.001630 437.999786
v 19995.000000 -6.001630 437.999786
v 20000.000000 5.998370 437.999786
v 19995.000000 5.998370 437.999786
v 19995.000000 -6.001630 440.000092
v 20000.000000 -6.001630 440.000092
v 19995.000000 5.998370 440.000092
v 20000.000000 5.998370 440.000092
v 17204.867188 -6.001630 559.999817
v 17199.867188 -6.001630 559.999817
v 17204.867188 5.998370 559.999817
v 17199.867188 5.998370 559.999817
v 17199.867188 -6.001630 562.000122
v 17204.867188 -6.001630 562.000122
v 17199.867188 5.998370 562.000122
v 17204.867188 5.998370 562.000122
v 17271.867188 -6.001630 559.999817
v 17266.867188 -6.001630 559.999817
v 17271.867188 5.998370 559.999817
v 17266.867188 5.998370 559.999817
v 17266.867188 -6.001630 562.000366
v 17271.867188 -6.001630 562.000366
v 17266.867188 5.998370 562.000366
v 17271.867188 5.998370 562.000366
v 17277.867188 -6.001630 559.999817
v 17272.867188 -6.001630 559.999817
v 17277.867188 5.998370 559.999817
v 17272.867188 5.998370 559.999817
v 17272.867188 -6.001630 562.000122
v 17277.867188 -6.001630 562.000122
v 17272.867188 5.998370 562.000122
v 17277.867188 5.998370 562.000122
v 17344.867188 -6.001630 559.999817
v 17339.867188 -6.001630 559.999817
v 17344.867188 5.998370 559.999817
v 17339.867188 5.998370 559.999817
v 17339.867188 -6.001630 562.000366
v 17344.867188 -6.001630 562.000366
v 17339.867188 5.998370 562.000366
v 17344.867188 5.998370 562.000366
v 17359.867188 -6.001530 559.999817
v 17354.867188 -6.001530 559.999817
v 17359.867188 5.998470 559.999817
v 17354.867188 5.998470 559.999817
v 17354.867188 -6.001530 562.000122
v 17359.867188 -6.001530 562.000122
v 17354.867188 5.998470 562.000122
v 17359.867188 5.998470 562.000122
v 17426.867188 -6.001530 559.999817
v 17421.867188 -6.001530 559.999817
v 17426.867188 5.998470 559.999817
v 17421.867188 5.998470 559.999817
v 17421.867188 -6.001530 562.000366
v 17426.867188 -6.001530 562.000366
v 17421.867188 5.998470 562.000366
v 17426.867188 5.998470 562.000366
v 17432.867188 -6.001630 559.999817
v 17427.867188 -6.001630 559.999817
v 17432.867188 5.998370 559.999817
v 17427.867188 5.998370 559.999817
v 17427.867188 -6.001630 562.000122
v 17432.867188 -6.001630 562.000122
v 17427.867188 5.998370 562.000122
v 17432.867188 5.998370 562.000122
v 17499.867188 -6.001630 559.999817
v 17494.867188 -6.001630 559.999817
v 17499.867188 5.998370 559.999817
v 17494.867188 5.998370 559.999817
v 17494.867188 -6.001630 562.000366
v 17499.867188 -6.001630 562.000366
v 17494.867188 5.998370 562.000366
v 17499.867188 5.998370 562.000366
v 16905.500000 -6.001630 559.999817
v 16900.500000 -6.001630 559.999817
v 16905.500000 5.998370 559.999817
v 16900.500000 5.998370 559.999817
v 16900.500000 -6.001630 562.000122
v 16905.500000 -6.001630 562.000122
v 16900.500000 5.998370 562.000122
v 16905.500000 5.998370 562.000122
v 16971.000000 -6.001630 559.999817
v 16966.000000 -6.001630 559.999817
v 16971.000000 5.998370 559.999817
v 16966.000000 5.998370 559.999817
v 16966.000000 -6.001630 562.000366
v 16971.000000 -6.001630 562.000366
v 16966.000000 5.998370 562.000366
v 16971.000000 5.998370 562.000366
v 16977.000000 -6.001630 559.999817
v 16972.000000 -6.001630 559.999817
v 16977.000000 5.998370 559.999817
v 16972.000000 5.998370 559.999817
v 16972.000000 -6.001630 562.000122
v 16977.000000 -6.001630 562.000122
v 16972.000000 5.998370 562.000122
v 16977.000000 5.998370 562.000122
v 17044.000000 -6.001630 559.999817
v 17039.000000 -6.001630 559.999817
v 17044.000000 5.998370 559.999817
v 17039.000000 5.998370 559.999817
v 17039.000000 -6.001630 562.000366
v 17044.000000 -6.001630 562.000366
v 17039.000000 5.998370 562.000366
v 17044.000000 5.998370 562.000366
v 17059.000000 -6.001530 559.999817
v 17054.000000 -6.001530 559.999817
v 17059.000000 5.998470 559.999817
v 17054.000000 5.998470 559.999817
v 17054.000000 -6.001530 562.000122
v 17059.000000 -6.001530 562.000122
v 17054.000000 5.998470 562.000122
v 17059.000000 5.998470 562.000122
v 17126.000000 -6.001530 559.999817
v 17121.000000 -6.001530 559.999817
v 17126.000000 5.998470 559.999817
v 17121.000000 5.998470 559.999817
v 17121.000000 -6.001530 562.000366
v 17126.000000 -6.001530 562.000366
v 17121.000000 5.998470 562.000366
v 17126.000000 5.998470 562.000366
v 17132.000000 -6.001630 559.999817
v 17127.000000 -6.001630 559.999817
v 17132.000000 5.998370 559.999817
v 17127.000000 5.998370 559.999817
v 17127.000000 -6.001630 562.000122
v 17132.000000 -6.001630 562.000122
v 17127.000000 5.998370 562.000122
v 17132.000000 5.998370 562.000122
v 17199.000000 -6.001630 559.999817
v 17194.000000 -6.001630 559.999817
v 17199.000000 5.998370 559.999817
v 17194.000000 5.998370 559.999817
v 17194.000000 -6.001630 562.000366
v 17199.000000 -6.001630 562.000366
v 17194.000000 5.998370 562.000366
v 17199.000000 5.998370 562.000366
v 16905.500000 -6.001630 437.999603
v 16900.500000 -6.001630 437.999603
v 16905.500000 5.998370 437.999603
v 16900.500000 5.998370 437.999603
v 16900.500000 -6.001630 440.000092
v 16905.500000 -6.001630 440.000092
v 16900.500000 5.998370 440.000092
v 16905.500000 5.998370 440.000092
v 16971.000000 -6.001630 437.999786
v 16966.000000 -6.001630 437.999786
v 16971.000000 5.998370 437.999786
v 16966.000000 5.998370 437.999786
v 16966.000000 -6.001630 440.000092
v 16971.000000 -6.001630 440.000092
v 16966.000000 5.998370 440.000092
v 16971.000000 5.998370 440.000092
v 16977.000000 -6.001530 437.999603
v 16972.000000 -6.001530 437.999603
v 16977.000000 5.998470 437.999603
v 16972.000000 5.998470 437.999603
v 16972.000000 -6.001530 440.000092
v 16977.000000 -6.001530 440.000092
v 16972.000000 5.998470 440.000092
v 16977.000000 5.998470 440.000092
v 17044.000000 -6.001530 437.999786
v 17039.000000 -6.001530 437.999786
v 17044.000000 5.998470 437.999786
v 17039.000000 5.998470 437.999786
v 17039.000000 -6.001530 440.000092
v 17044.000000 -6.001530 440.000092
v 17039.000000 5.998470 440.000092
v 17044.000000 5.998470 440.000092
v 17059.000000 -6.001630 437.999603
v 17054.000000 -6.001630 437.999603
v 17059.000000 5.998370 437.999603
v 17054.000000 5.998370 437.999603
v 17054.000000 -6.001630 440.000092
v 17059.000000 -6.001630 440.000092
v 17054.000000 5.998370 440.000092
v 17059.000000 5.998370 440.000092
v 17126.000000 -6.001630 437.999786
v 17121.000000 -6.001630 437.999786
v 17126.000000 5.998370 437.999786
v 17121.000000 5.998370 437.999786
v 17121.000000 -6.001630 440.000092
v 17126.000000 -6.001630 440.000092
v 17121.000000 5.998370 440.000092
v 17126.000000 5.998370 440.000092
v 17132.000000 -6.001630 437.999603
v 17127.000000 -6.001630 437.999603
v 17132.000000 5.998370 437.999603
v 17127.000000 5.998370 437.999603
v 17127.000000 -6.001630 440.000092
v 17132.000000 -6.001630 440.000092
v 17127.000000 5.998370 440.000092
v 17132.000000 5.998370 440.000092
v 17199.000000 -6.001630 437.999786
v 17194.000000 -6.001630 437.999786
v 17199.000000 5.998370 437.999786
v 17194.000000 5.998370 437.999786
v 17194.000000 -6.001630 440.000092
v 17199.000000 -6.001630 440.000092
v 17194.000000 5.998370 440.000092
v 17199.000000 5.998370 440.000092
v 17205.000000 -6.001630 437.999603
v 17200.000000 -6.001630 437.999603
v 17205.000000 5.998370 437.999603
v 17200.000000 5.998370 437.999603
v 17200.000000 -6.001630 440.000092
v 17205.000000 -6.001630 440.000092
v 17200.000000 5.998370 440.000092
v 17205.000000 5.998370 440.000092
v 17272.000000 -6.001630 437.999786
v 17267.000000 -6.001630 437.999786
v 17272.000000 5.998370 437.999786
v 17267.000000 5.998370 437.999786
v 17267.000000 -6.001630 440.000092
v 17272.000000 -6.001630 440.000092
v 17267.000000 5.998370 440.000092
v 17272.000000 5.998370 440.000092
v 17278.000000 -6.001530 437.999603
v 17273.000000 -6.001530 437.999603
v 17278.000000 5.998470 437.999603
v 17273.000000 5.998470 437.999603
v 17273.000000 -6.001530 440.000092
v 17278.000000 -6.001530 440.000092
v 17273.000000 5.998470 440.000092
v 17278.000000 5.998470 440.000092
v 17345.000000 -6.001530 437.999786
v 17340.000000 -6.001530 437.999786
v 17345.000000 5.998470 437.999786
v 17340.000000 5.998470 437.999786
v 17340.000000 -6.001530 440.000092
v 17345.000000 -6.001530 440.000092
v 17340.000000 5.998470 440.000092
v 17345.000000 5.998470 440.000092
v 17360.000000 -6.001630 437.999603
v 17355.000000 -6.001630 437.999603
v 17360.000000 5.998370 437.999603
v 17355.000000 5.998370 437.999603
v 17355.000000 -6.001630 440.000092
v 17360.000000 -6.001630 440.000092
v 17355.000000 5.998370 440.000092
v 17360.000000 5.998370 440.000092
v 17427.000000 -6.001630 437.999786
v 17422.000000 -6.001630 437.999786
v 17427.000000 5.998370 437.999786
v 17422.000000 5.998370 437.999786
v 17422.000000 -6.001630 440.000092
v 17427.000000 -6.001630 440.000092
v 17422.000000 5.998370 440.000092
v 17427.000000 5.998370 440.000092
v 17433.000000 -6.001630 437.999603
v 17428.000000 -6.001630 437.999603
v 17433.000000 5.998370 437.999603
v 17428.000000 5.998370 437.999603
v 17428.000000 -6.001630 440.000092
v 17433.000000 -6.001630 440.000092
v 17428.000000 5.998370 440.000092
v 17433.000000 5.998370 440.000092
v 17500.000000 -6.001630 437.999786
v 17495.000000 -6.001630 437.999786
v 17500.000000 5.998370 437.999786
v 17495.000000 5.998370 437.999786
v 17495.000000 -6.001630 440.000092
v 17500.000000 -6.001630 440.000092
v 17495.000000 5.998370 440.000092
v 17500.000000 5.998370 440.000092
v 19701.921875 -63.589539 218.281464
v 19701.921875 -63.589539 239.691071
v 19704.166016 -181.246231 219.010956
v 19704.166016 -181.246231 238.961761
v 19714.505859 -63.589539 200.960968
v 19715.892578 -181.246231 202.870667
v 19714.505859 -63.589432 257.011475
v 19715.892578 -181.246231 255.102264
v 19734.867188 -63.589539 194.344971
v 19734.867188 -181.246231 196.705475
v 19734.867188 -63.589539 263.627655
v 19734.867188 -181.246231 261.267273
v 19755.230469 -63.589539 200.960968
v 19753.841797 -181.246231 202.870483
v 19755.230469 -63.589539 257.011871
v 19753.841797 -181.246231 255.102066
v 19767.814453 -63.589539 218.281464
v 19765.568359 -181.246231 219.010956
v 19767.814453 -63.589539 239.691071
v 19765.568359 -181.246231 238.961670
v 19739.867188 -111.406021 313.986450
v 19729.867188 -111.406021 313.986450
v 19739.867188 -151.406021 269.996063
v 19729.867188 -151.406021 269.996063
v 19729.867188 -101.406021 419.996063
v 19739.867188 -101.406021 419.995972
v 19729.867188 -91.406021 313.986450
v 19739.867188 -91.406021 313.986450
v 19729.867188 -91.406021 269.996063
v 19739.867188 -91.406021 269.996063
v 19739.867188 -91.406021 419.995972
v 19729.867188 -91.406021 419.996063
v 17201.921875 -63.589539 218.281464
v 17201.921875 -63.589539 239.691071
v 17204.166016 -181.246231 219.010956
v 17204.166016 -181.246231 238.961761
v 17214.505859 -63.589539 200.960968
v 17215.892578 -181.246231 202.870667
v 17214.505859 -63.589432 257.011475
v 17215.892578 -181.246231 255.102264
v 17234.867188 -63.589539 194.344971
v 17234.867188 -181.246231 196.705475
v 17234.867188 -63.589539 263.627655
v 17234.867188 -181.246231 261.267273
v 17255.230469 -63.589539 200.960968
v 17253.841797 -181.246231 202.870483
v 17255.230469 -63.589539 257.011871
v 17253.841797 -181.246231 255.102066
v 17267.814453 -63.589539 218.281464
v 17265.568359 -181.246231 219.010956
v 17267.814453 -63.589539 239.691071
v 17265.568359 -181.246231 238.961670
v 17239.867188 -111.406021 313.986450
v 17229.867188 -111.406021 313.986450
v 17239.867188 -151.406021 269.996063
v 17229.867188 -151.406021 269.996063
v 17229.867188 -101.406021 419.996063
v 17239.867188 -101.406021 419.995972
v 17229.867188 -91.406021 313.986450
v 17239.867188 -91.406021 313.986450
v 17229.867188 -91.406021 269.996063
v 17239.867188 -91.406021 269.996063
v 17239.867188 -91.406021 419.995972
v 17229.867188 -91.406021 419.996063
v 19762.855469 -95.671921 190.464478
v 19734.867188 -95.671921 181.370667
v 19760.675781 -70.607529 193.463562
v 19734.867188 -70.607529 185.077759
v 19734.867188 -95.671921 276.602173
v 19762.855469 -95.671921 267.508362
v 19734.867188 -70.607529 272.895172
v 19760.675781 -70.607529 264.509369
v 19761.357422 -173.372025 192.526367
v 19734.867188 -173.372025 183.919159
v 19734.867188 -173.372025 274.053467
v 19761.357422 -173.372025 265.446564
v 19780.152344 -95.671921 214.272461
v 19776.626953 -70.607529 215.417969
v 19780.152344 -95.671921 243.700470
v 19776.626953 -70.607529 242.554962
v 19777.728516 -173.372025 215.059967
v 19777.728516 -173.372025 242.912781
v 19689.582031 -95.671921 214.272369
v 19692.005859 -173.372025 215.059967
v 19689.582031 -95.671921 243.700470
v 19692.005859 -173.372025 242.912781
v 19693.107422 -70.607529 215.417664
v 19693.107422 -70.607529 242.554962
v 19706.878906 -95.671921 190.464355
v 19708.378906 -173.372025 192.526184
v 19706.878906 -95.671921 267.508148
v 19708.378906 -173.372025 265.446564
v 19709.058594 -70.607529 193.463562
v 19709.058594 -70.607529 264.509247
v 17262.855469 -95.671921 190.464478
v 17234.867188 -95.671921 181.370667
v 17260.675781 -70.607529 193.463562
v 17234.867188 -70.607529 185.077759
v 17234.867188 -95.671921 276.602173
v 17262.855469 -95.671921 267.508362
v 17234.867188 -70.607529 272.895172
v 17260.675781 -70.607529 264.509369
v 17261.357422 -173.372025 192.526367
v 17234.867188 -173.372025 183.919159
v 17234.867188 -173.372025 274.053467
v 17261.357422 -173.372025 265.446564
v 17280.152344 -95.671921 214.272461
v 17276.626953 -70.607529 215.417969
v 17280.152344 -95.671921 243.700470
v 17276.626953 -70.607529 242.554962
v 17277.730469 -173.372025 215.059967
v 17277.730469 -173.372025 242.912781
v 17189.582031 -95.671921 214.272369
v 17192.005859 -173.372025 215.059967
v 17189.582031 -95.671921 243.700470
v 17192.005859 -173.372025 242.912964
v 17193.107422 -70.607529 215.417877
v 17193.107422 -70.607529 242.554962
v 17206.878906 -95.671921 190.464569
v 17208.378906 -173.372025 192.526367
v 17206.878906 -95.671921 267.508148
v 17208.378906 -173.372025 265.446564
v 17209.058594 -70.607529 193.463562
v 17209.058594 -70.607529 264.509247
v 19135.843750 -98.148621 506.661163
v 19135.843750 -89.361816 485.447876
v 19140.843750 -83.148621 506.661163
v 19140.843750 -78.755310 496.054779
v 19135.843750 -68.148621 476.661255
v 19140.843750 -68.148621 491.661255
v 19135.843750 -46.935410 485.447876
v 19140.843750 -57.542019 496.054779
v 19135.843750 -38.148621 506.661163
v 19140.843750 -53.148621 506.661163
v 19135.843750 -89.361816 527.874451
v 19140.843750 -78.755310 517.267578
v 19135.843750 -68.148621 536.661194
v 19140.843750 -68.148621 521.661194
v 19135.843750 -46.935410 527.874451
v 19140.843750 -57.542019 517.267578
v 18855.843750 -89.361816 527.874451
v 18850.843750 -78.755310 518.267578
v 18855.843750 -98.148621 506.661163
v 18850.843750 -83.148621 507.661163
v 18855.843750 -68.148621 536.661194
v 18850.843750 -68.148621 522.661194
v 18855.843750 -46.935410 527.874451
v 18850.843750 -57.542019 518.267578
v 18855.843750 -38.148621 506.661163
v 18850.843750 -53.148621 507.661163
v 18855.843750 -89.361816 485.447876
v 18850.843750 -78.755310 497.054779
v 18855.843750 -68.148621 476.661255
v 18850.843750 -68.148621 492.661255
v 18855.843750 -46.935410 485.447876
v 18850.843750 -57.542019 497.054779
v 16635.843750 -98.148621 506.661163
v 16635.843750 -89.361816 485.447876
v 16640.843750 -83.148621 506.661163
v 16640.843750 -78.755310 496.054779
v 16635.843750 -68.148621 476.661255
v 16640.843750 -68.148621 491.661255
v 16635.843750 -46.935410 485.447876
v 16640.843750 -57.542019 496.054779
v 16635.843750 -38.148621 506.661163
v 16640.843750 -53.148621 506.661163
v 16635.843750 -89.361816 527.874451
v 16640.843750 -78.755310 517.267578
v 16635.843750 -68.148621 536.661194
v 16640.843750 -68.148621 521.661194
v 16635.843750 -46.935410 527.874451
v 16640.843750 -57.542019 517.267578
v 16355.843750 -89.361816 527.874451
v 16350.843750 -78.755310 518.267578
v 16355.843750 -98.148621 506.661163
v 16350.843750 -83.148621 507.661163
v 16355.843750 -68.148621 536.661194
v 16350.843750 -68.148621 522.661194
v 16355.843750 -46.935410 527.874451
v 16350.843750 -57.542019 518.267578
v 16355.843750 -38.148621 506.661163
v 16350.843750 -53.148621 507.661163
v 16355.843750 -89.361816 485.447876
v 16350.843750 -78.755310 497.054779
v 16355.843750 -68.148621 476.661255
v 16350.843750 -68.148621 492.661255
v 16355.843750 -46.935410 485.447876
v 16350.843750 -57.542019 497.054779
v 19154.019531 0.000060 574.999878
v 19154.019531 0.000060 589.999878
v 19154.019531 6.000060 574.999878
v 19154.019531 6.000060 589.999878
v 19154.019531 6.000060 604.999878
v 19154.019531 0.000060 604.999878
v 19180.000000 0.000060 559.999878
v 19180.000000 6.000060 559.999878
v 19180.000000 0.000060 619.999878
v 19180.000000 6.000060 619.999878
v 19205.980469 0.000060 574.999878
v 19205.980469 6.000060 574.999878
v 19205.980469 0.000060 604.999878
v 19205.980469 6.000060 604.999878
v 19205.980469 6.000060 589.999878
v 19205.980469 0.000060 589.999878
v 19254.019531 0.000060 575.000061
v 19254.019531 0.000060 590.000061
v 19254.019531 6.000060 575.000061
v 19254.019531 6.000060 590.000061
v 19254.019531 6.000060 605.000061
v 19254.019531 0.000060 605.000061
v 19280.000000 0.000060 560.000061
v 19280.000000 6.000060 560.000061
v 19280.000000 0.000060 620.000061
v 19280.000000 6.000060 620.000061
v 19305.980469 0.000060 575.000061
v 19305.980469 6.000060 575.000061
v 19305.980469 0.000060 605.000061
v 19305.980469 6.000060 605.000061
v 19305.980469 6.000060 590.000061
v 19305.980469 0.000060 590.000061
v 19344.019531 0.000060 574.999878
v 19344.019531 0.000060 589.999878
v 19344.019531 6.000060 574.999878
v 19344.019531 6.000060 589.999878
v 19344.019531 6.000060 604.999878
v 19344.019531 0.000060 604.999878
v 19370.000000 0.000060 559.999878
v 19370.000000 6.000060 559.999878
v 19370.000000 0.000060 619.999878
v 19370.000000 6.000060 619.999878
v 19395.980469 0.000060 574.999878
v 19395.980469 6.000060 574.999878
v 19395.980469 0.000060 604.999878
v 19395.980469 6.000060 604.999878
v 19395.980469 6.000060 589.999878
v 19395.980469 0.000060 589.999878
v 19153.982422 -0.000140 395.000366
v 19153.982422 -0.000140 410.000366
v 19153.982422 5.999860 395.000366
v 19153.982422 5.999860 410.000366
v 19153.982422 5.999860 425.000366
v 19153.982422 -0.000140 425.000366
v 19179.962891 -0.000140 380.000366
v 19179.962891 5.999860 380.000366
v 19179.962891 -0.000140 440.000366
v 19179.962891 5.999860 440.000366
v 19205.943359 -0.000140 395.000366
v 19205.943359 5.999860 395.000366
v 19205.943359 -0.000140 425.000366
v 19205.943359 5.999860 425.000366
v 19205.943359 5.999860 410.000366
v 19205.943359 -0.000140 410.000366
v 19243.982422 -0.000140 395.000366
v 19243.982422 -0.000140 410.000366
v 19243.982422 5.999860 395.000366
v 19243.982422 5.999860 410.000366
v 19243.982422 5.999860 425.000366
v 19243.982422 -0.000140 425.000366
v 19269.962891 -0.000140 380.000366
v 19269.962891 5.999860 380.000366
v 19269.962891 -0.000140 440.000366
v 19269.962891 5.999860 440.000366
v 19295.943359 -0.000140 395.000366
v 19295.943359 5.999860 395.000366
v 19295.943359 -0.000140 425.000366
v 19295.943359 5.999860 425.000366
v 19295.943359 5.999860 410.000366
v 19295.943359 -0.000140 410.000366
v 19343.982422 -0.000140 395.000366
v 19343.982422 -0.000140 410.000366
v 19343.982422 5.999860 395.000366
v 19343.982422 5.999860 410.000366
v 19343.982422 5.999860 425.000366
v 19343.982422 -0.000140 425.000366
v 19369.962891 -0.000140 380.000366
v 19369.962891 5.999860 380.000366
v 19369.962891 -0.000140 440.000366
v 19369.962891 5.999860 440.000366
v 19395.943359 -0.000140 395.000366
v 19395.943359 5.999860 395.000366
v 19395.943359 -0.000140 425.000366
v 19395.943359 5.999860 425.000366
v 19395.943359 5.999860 410.000366
v 19395.943359 -0.000140 410.000366
v 18793.984375 -0.000930 574.999878
v 18793.984375 -0.000930 589.999878
v 18793.984375 5.999070 574.999878
v 18793.984375 5.999070 589.999878
v 18793.984375 5.999070 604.999878
v 18793.984375 -0.000930 604.999878
v 18819.964844 -0.000930 560.000061
v 18819.964844 5.999070 560.000061
v 18819.964844 -0.000930 619.999878
v 18819.964844 5.999070 619.999878
v 18845.945313 -0.000930 575.000061
v 18845.945313 5.999070 575.000061
v 18845.945313 -0.000930 604.999878
v 18845.945313 5.999070 604.999878
v 18845.945313 5.999070 589.999878
v 18845.945313 -0.000930 589.999878
v 18703.984375 -0.000930 575.000061
v 18703.984375 -0.000930 590.000061
v 18703.984375 5.999070 575.000061
v 18703.984375 5.999070 590.000061
v 18703.984375 5.999070 605.000061
v 18703.984375 -0.000930 605.000061
v 18729.964844 -0.000930 560.000061
v 18729.964844 5.999070 560.000061
v 18729.964844 -0.000930 620.000061
v 18729.964844 5.999070 620.000061
v 18755.945313 -0.000930 575.000061
v 18755.945313 5.999070 575.000061
v 18755.945313 -0.000930 605.000061
v 18755.945313 5.999070 605.000061
v 18755.945313 5.999070 590.000061
v 18755.945313 -0.000930 590.000061
v 18603.984375 -0.000930 574.999878
v 18603.984375 -0.000930 589.999878
v 18603.984375 5.999070 574.999878
v 18603.984375 5.999070 589.999878
v 18603.984375 5.999070 604.999878
v 18603.984375 -0.000930 604.999878
v 18629.964844 -0.000930 560.000061
v 18629.964844 5.999070 560.000061
v 18629.964844 -0.000930 619.999878
v 18629.964844 5.999070 619.999878
v 18655.945313 -0.000930 575.000061
v 18655.945313 5.999070 575.000061
v 18655.945313 -0.000930 604.999878
v 18655.945313 5.999070 604.999878
v 18655.945313 5.999070 589.999878
v 18655.945313 -0.000930 589.999878
v 18603.947266 -0.001130 395.000366
v 18603.947266 -0.001130 410.000366
v 18603.947266 5.998870 395.000366
v 18603.947266 5.998870 410.000366
v 18603.947266 5.998870 425.000366
v 18603.947266 -0.001130 425.000366
v 18629.927734 -0.001130 380.000366
v 18629.927734 5.998870 380.000366
v 18629.927734 -0.001130 440.000366
v 18629.927734 5.998870 440.000366
v 18655.908203 -0.001130 395.000366
v 18655.908203 5.998870 395.000366
v 18655.908203 -0.001130 425.000458
v 18655.908203 5.998870 425.000458
v 18655.908203 5.998870 410.000366
v 18655.908203 -0.001130 410.000366
v 18693.947266 -0.001130 395.000366
v 18693.947266 -0.001130 410.000366
v 18693.947266 5.998870 395.000366
v 18693.947266 5.998870 410.000366
v 18693.947266 5.998870 425.000366
v 18693.947266 -0.001130 425.000366
v 18719.927734 -0.001130 380.000366
v 18719.927734 5.998870 380.000366
v 18719.927734 -0.001130 440.000366
v 18719.927734 5.998870 440.000366
v 18745.908203 -0.001130 395.000366
v 18745.908203 5.998870 395.000366
v 18745.908203 -0.001130 425.000366
v 18745.908203 5.998870 425.000366
v 18745.908203 5.998870 410.000366
v 18745.908203 -0.001130 410.000366
v 18793.947266 -0.001130 395.000366
v 18793.947266 -0.001130 410.000366
v 18793.947266 5.998870 395.000366
v 18793.947266 5.998870 410.000366
v 18793.947266 5.998870 425.000366
v 18793.947266 -0.001130 425.000366
v 18819.927734 -0.001130 380.000366
v 18819.927734 5.998870 380.000366
v 18819.927734 -0.001130 440.000366
v 18819.927734 5.998870 440.000366
v 18845.908203 -0.001130 395.000366
v 18845.908203 5.998870 395.000366
v 18845.908203 -0.001130 425.000458
v 18845.908203 5.998870 425.000458
v 18845.908203 5.998870 410.000366
v 18845.908203 -0.001130 410.000366
v 16844.019531 0.000060 574.999878
v 16844.019531 0.000060 589.999878
v 16844.019531 6.000060 574.999878
v 16844.019531 6.000060 589.999878
v 16844.019531 6.000060 604.999878
v 16844.019531 0.000060 604.999878
v 16870.000000 0.000060 559.999878
v 16870.000000 6.000060 559.999878
v 16870.000000 0.000060 619.999878
v 16870.000000 6.000060 619.999878
v 16895.980469 0.000060 574.999878
v 16895.980469 6.000060 574.999878
v 16895.980469 0.000060 604.999878
v 16895.980469 6.000060 604.999878
v 16895.980469 6.000060 589.999878
v 16895.980469 0.000060 589.999878
v 16754.019531 0.000060 575.000061
v 16754.019531 0.000060 590.000061
v 16754.019531 6.000060 575.000061
v 16754.019531 6.000060 590.000061
v 16754.019531 6.000060 605.000061
v 16754.019531 0.000060 605.000061
v 16780.000000 0.000060 560.000061
v 16780.000000 6.000060 560.000061
v 16780.000000 0.000060 620.000061
v 16780.000000 6.000060 620.000061
v 16805.980469 0.000060 575.000061
v 16805.980469 6.000060 575.000061
v 16805.980469 0.000060 605.000061
v 16805.980469 6.000060 605.000061
v 16805.980469 6.000060 590.000061
v 16805.980469 0.000060 590.000061
v 16654.019531 0.000060 574.999878
v 16654.019531 0.000060 589.999878
v 16654.019531 6.000060 574.999878
v 16654.019531 6.000060 589.999878
v 16654.019531 6.000060 604.999878
v 16654.019531 0.000060 604.999878
v 16680.000000 0.000060 559.999878
v 16680.000000 6.000060 559.999878
v 16680.000000 0.000060 619.999878
v 16680.000000 6.000060 619.999878
v 16705.980469 0.000060 574.999878
v 16705.980469 6.000060 574.999878
v 16705.980469 0.000060 604.999878
v 16705.980469 6.000060 604.999878
v 16705.980469 6.000060 589.999878
v 16705.980469 0.000060 589.999878
v 16653.982422 -0.000140 395.000366
v 16653.982422 -0.000140 410.000366
v 16653.982422 5.999860 395.000366
v 16653.982422 5.999860 410.000366
v 16653.982422 5.999860 425.000366
v 16653.982422 -0.000140 425.000366
v 16679.962891 -0.000140 380.000366
v 16679.962891 5.999860 380.000366
v 16679.962891 -0.000140 440.000366
v 16679.962891 5.999860 440.000366
v 16705.943359 -0.000140 395.000366
v 16705.943359 5.999860 395.000366
v 16705.943359 -0.000140 425.000366
v 16705.943359 5.999860 425.000366
v 16705.943359 5.999860 410.000366
v 16705.943359 -0.000140 410.000366
v 16743.982422 -0.000140 395.000366
v 16743.982422 -0.000140 410.000366
v 16743.982422 5.999860 395.000366
v 16743.982422 5.999860 410.000366
v 16743.982422 5.999860 425.000366
v 16743.982422 -0.000140 425.000366
v 16769.962891 -0.000140 380.000366
v 16769.962891 5.999860 380.000366
v 16769.962891 -0.000140 440.000366
v 16769.962891 5.999860 440.000366
v 16795.943359 -0.000140 395.000366
v 16795.943359 5.999860 395.000366
v 16795.943359 -0.000140 425.000366
v 16795.943359 5.999860 425.000366
v 16795.943359 5.999860 410.000366
v 16795.943359 -0.000140 410.000366
v 16843.982422 -0.000140 395.000366
v 16843.982422 -0.000140 410.000366
v 16843.982422 5.999860 395.000366
v 16843.982422 5.999860 410.000366
v 16843.982422 5.999860 425.000366
v 16843.982422 -0.000140 425.000366
v 16869.962891 -0.000140 380.000366
v 16869.962891 5.999860 380.000366
v 16869.962891 -0.000140 440.000366
v 16869.962891 5.999860 440.000366
v 16895.943359 -0.000140 395.000366
v 16895.943359 5.999860 395.000366
v 16895.943359 -0.000140 425.000366
v 16895.943359 5.999860 425.000366
v 16895.943359 5.999860 410.000366
v 16895.943359 -0.000140 410.000366
v 16293.984375 -0.000930 575.000061
v 16293.984375 -0.000930 590.000061
v 16293.984375 5.999070 575.000061
v 16293.984375 5.999070 590.000061
v 16293.984375 5.999070 605.000061
v 16293.984375 -0.000930 605.000061
v 16319.964844 -0.000930 560.000061
v 16319.964844 5.999070 560.000061
v 16319.964844 -0.000930 620.000061
v 16319.964844 5.999070 620.000061
v 16345.945313 -0.000930 575.000061
v 16345.945313 5.999070 575.000061
v 16345.945313 -0.000930 605.000061
v 16345.945313 5.999070 605.000061
v 16345.945313 5.999070 590.000061
v 16345.945313 -0.000930 590.000061
v 16203.984375 -0.000930 575.000061
v 16203.984375 -0.000930 590.000061
v 16203.984375 5.999070 575.000061
v 16203.984375 5.999070 590.000061
v 16203.984375 5.999070 605.000061
v 16203.984375 -0.000930 605.000061
v 16229.964844 -0.000930 560.000061
v 16229.964844 5.999070 560.000061
v 16229.964844 -0.000930 620.000061
v 16229.964844 5.999070 620.000061
v 16255.945313 -0.000930 575.000061
v 16255.945313 5.999070 575.000061
v 16255.945313 -0.000930 605.000061
v 16255.945313 5.999070 605.000061
v 16255.945313 5.999070 590.000061
v 16255.945313 -0.000930 590.000061
v 16103.984375 -0.000930 575.000061
v 16103.984375 -0.000930 590.000061
v 16103.984375 5.999070 575.000061
v 16103.984375 5.999070 590.000061
v 16103.984375 5.999070 605.000061
v 16103.984375 -0.000930 605.000061
v 16129.964844 -0.000930 560.000061
v 16129.964844 5.999070 560.000061
v 16129.964844 -0.000930 620.000061
v 16129.964844 5.999070 620.000061
v 16155.945313 -0.000930 575.000061
v 16155.945313 5.999070 575.000061
v 16155.945313 -0.000930 605.000061
v 16155.945313 5.999070 605.000061
v 16155.945313 5.999070 590.000061
v 16155.945313 -0.000930 590.000061
v 16103.947266 -0.001130 395.000366
v 16103.947266 -0.001130 410.000275
v 16103.947266 5.998870 395.000366
v 16103.947266 5.998870 410.000275
v 16103.947266 5.998870 425.000366
v 16103.947266 -0.001130 425.000366
v 16129.927734 -0.001130 380.000275
v 16129.927734 5.998870 380.000275
v 16129.927734 -0.001130 440.000366
v 16129.927734 5.998870 440.000366
v 16155.908203 -0.001130 395.000275
v 16155.908203 5.998870 395.000275
v 16155.908203 -0.001130 425.000366
v 16155.908203 5.998870 425.000366
v 16155.908203 5.998870 410.000275
v 16155.908203 -0.001130 410.000275
v 16193.947266 -0.001130 395.000366
v 16193.948242 -0.001130 410.000366
v 16193.947266 5.998870 395.000366
v 16193.947266 5.998870 410.000366
v 16193.947266 5.998870 425.000366
v 16193.947266 -0.001130 425.000366
v 16219.927734 -0.001130 380.000366
v 16219.927734 5.998870 380.000366
v 16219.927734 -0.001130 440.000366
v 16219.927734 5.998870 440.000366
v 16245.908203 -0.001130 395.000366
v 16245.908203 5.998870 395.000366
v 16245.908203 -0.001130 425.000366
v 16245.908203 5.998870 425.000366
v 16245.908203 5.998870 410.000366
v 16245.909180 -0.001130 410.000366
v 16293.947266 -0.001130 395.000366
v 16293.947266 -0.001130 410.000275
v 16293.947266 5.998870 395.000366
v 16293.947266 5.998870 410.000275
v 16293.947266 5.998870 425.000366
v 16293.947266 -0.001130 425.000366
v 16319.927734 -0.001130 380.000275
v 16319.927734 5.998870 380.000275
v 16319.927734 -0.001130 440.000366
v 16319.927734 5.998870 440.000366
v 16345.908203 -0.001130 395.000275
v 16345.908203 5.998870 395.000275
v 16345.908203 -0.001130 425.000366
v 16345.908203 5.998870 425.000366
v 16345.908203 5.998870 410.000275
v 16345.908203 -0.001130 410.000275
v 18848.843750 -68.148621 507.661163
v 19142.843750 -68.148621 506.661163
v 16348.843750 -68.148621 507.661163
v 16642.843750 -68.148621 506.661163
v 18995.843750 -89.361816 527.874451
v 18995.843750 -68.148621 536.661194
v 18995.843750 -46.935410 527.874451
v 18995.843750 -38.148621 506.661163
v 18995.843750 -68.148621 476.661255
v 18995.843750 -46.935410 485.447876
v 16495.843750 -89.361816 527.874451
v 16495.843750 -68.148621 536.661194
v 16495.843750 -46.935410 527.874451
v 16495.843750 -38.148621 506.661163
v 16495.843750 -68.148621 476.661255
v 16495.843750 -46.935410 485.447876
v 19758.226563 -62.837631 196.837463
v 19734.867188 -62.837631 189.248077
v 19734.867188 -62.837631 268.724762
v 19758.224609 -62.837631 261.135376
v 19772.660156 -62.837631 241.266174
v 19772.660156 -62.837631 216.706573
v 19697.074219 -62.837631 216.706573
v 19697.074219 -62.837631 241.266266
v 19711.509766 -62.837631 196.837158
v 19711.509766 -62.837631 261.135376
v 19734.867188 -205.679642 192.722961
v 19756.183594 -205.679642 199.648560
v 19756.183594 -205.679642 258.323975
v 19734.867188 -205.679642 265.249756
v 19769.355469 -205.679642 217.780365
v 19769.355469 -205.679642 240.192383
v 19700.378906 -205.679642 240.192383
v 19700.378906 -205.679642 217.780182
v 19713.552734 -205.679642 199.648682
v 19713.552734 -205.679642 258.324066
v 17258.224609 -62.837631 196.837463
v 17234.867188 -62.837631 189.248077
v 17234.867188 -62.837631 268.724762
v 17258.224609 -62.837631 261.135376
v 17272.660156 -62.837631 241.266174
v 17272.660156 -62.837631 216.706573
v 17197.074219 -62.837631 216.706573
v 17197.074219 -62.837631 241.266266
v 17211.509766 -62.837631 196.837463
v 17211.509766 -62.837631 261.135376
v 17234.867188 -205.679642 192.722961
v 17256.183594 -205.679642 199.648560
v 17256.183594 -205.679642 258.323975
v 17234.867188 -205.679642 265.249756
v 17269.355469 -205.679642 217.780365
v 17269.355469 -205.679642 240.192383
v 17200.378906 -205.679642 240.192657
v 17200.378906 -205.679642 217.780365
v 17213.552734 -205.679642 199.648682
v 17213.552734 -205.679642 258.324066
v 18793.984375 -20.000931 589.999878
v 18845.945313 -20.000931 589.999878
v 18793.984375 -20.000931 604.999878
v 18819.964844 -20.000931 619.999878
v 18845.945313 -20.000931 604.999878
v 18703.984375 -20.000931 590.000061
v 18755.945313 -20.000931 590.000061
v 18703.984375 -20.000931 605.000061
v 18729.964844 -20.000931 620.000061
v 18755.945313 -20.000931 605.000061
v 18603.984375 -20.000931 589.999878
v 18655.945313 -20.000931 589.999878
v 18603.984375 -20.000931 604.999878
v 18629.964844 -20.000931 619.999878
v 18655.945313 -20.000931 604.999878
v 18629.927734 -20.001129 380.000366
v 18603.947266 -20.001129 410.000397
v 18603.947266 -20.001129 395.000366
v 18655.908203 -20.001129 395.000366
v 18655.908203 -20.001129 410.000366
v 18719.927734 -20.001129 380.000366
v 18693.947266 -20.001129 410.000366
v 18693.947266 -20.001129 395.000366
v 18745.908203 -20.001129 395.000366
v 18745.908203 -20.001129 410.000366
v 18819.927734 -20.001129 380.000366
v 18793.947266 -20.001129 410.000397
v 18793.947266 -20.001129 395.000366
v 18845.908203 -20.001129 395.000366
v 18845.908203 -20.001129 410.000366
v 16293.984375 -20.000931 590.000061
v 16345.945313 -20.000931 590.000061
v 16293.984375 -20.000931 605.000061
v 16319.964844 -20.000931 620.000061
v 16345.945313 -20.000931 605.000061
v 16203.984375 -20.000931 590.000061
v 16255.945313 -20.000931 590.000061
v 16203.984375 -20.000931 605.000061
v 16229.964844 -20.000931 620.000061
v 16255.945313 -20.000931 605.000061
v 16103.984375 -20.000931 590.000061
v 16155.945313 -20.000931 590.000061
v 16103.984375 -20.000931 605.000061
v 16129.964844 -20.000931 620.000061
v 16155.945313 -20.000931 605.000061
v 16103.947266 -20.001129 410.000275
v 16103.947266 -20.001129 395.000366
v 16155.908203 -20.001129 395.000275
v 16129.926758 -20.001129 380.000275
v 16155.909180 -20.001129 410.000275
v 16219.927734 -20.001129 380.000366
v 16193.947266 -20.001129 410.000366
v 16193.948242 -20.001129 395.000366
v 16245.908203 -20.001129 395.000366
v 16245.908203 -20.001129 410.000366
v 16293.947266 -20.001129 410.000275
v 16293.947266 -20.001129 395.000366
v 16345.908203 -20.001129 395.000275
v 16319.926758 -20.001129 380.000275
v 16345.909180 -20.001129 410.000275
v 19700.316406 -97.230728 249.223969
v 19734.867188 -109.227654 229.275757
v 19700.316406 -97.230728 209.327667
v 19734.867188 -97.230728 189.379456
v 19734.867188 -97.230728 269.172058
v 19769.417969 -97.230728 209.327667
v 19769.417969 -97.230728 249.223969
v 17200.316406 -97.230728 249.223969
v 17234.867188 -109.227654 229.275757
v 17200.316406 -97.230728 209.327667
v 17234.867188 -97.230728 189.379456
v 17234.867188 -97.230728 269.172058
v 17269.419922 -97.230728 209.327667
v 17269.419922 -97.230728 249.223969
v 19154.019531 -19.999941 589.999878
v 19205.980469 -19.999941 589.999878
v 19205.943359 -20.000139 410.000366
v 19153.982422 -20.000139 410.000366
v 19395.943359 -20.000139 410.000366
v 19343.982422 -20.000139 410.000366
v 16654.019531 -19.999941 589.999878
v 16705.980469 -19.999941 589.999878
v 16705.943359 -20.000139 410.000366
v 16653.982422 -20.000139 410.000366
v 16895.943359 -20.000139 410.000366
v 16843.982422 -20.000139 410.000366
v 19154.019531 -19.999941 604.999878
v 19180.000000 -19.999941 619.999878
v 19205.980469 -19.999941 604.999878
v 19254.019531 -19.999941 590.000061
v 19254.019531 -19.999941 605.000061
v 19280.000000 -19.999941 620.000061
v 19305.980469 -19.999941 605.000061
v 19305.980469 -19.999941 590.000061
v 19344.019531 -19.999941 589.999878
v 19344.019531 -19.999941 604.999878
v 19370.000000 -19.999941 619.999878
v 19395.980469 -19.999941 604.999878
v 19395.980469 -19.999941 589.999878
v 19153.982422 -20.000139 395.000366
v 19179.962891 -20.000139 380.000366
v 19205.943359 -20.000139 395.000366
v 19243.982422 -20.000139 395.000366
v 19243.982422 -20.000139 410.000366
v 19269.962891 -20.000139 380.000366
v 19295.943359 -20.000139 395.000366
v 19295.943359 -20.000139 410.000366
v 19343.982422 -20.000139 395.000366
v 19369.962891 -20.000139 380.000366
v 19395.943359 -20.000139 395.000366
v 16844.019531 -19.999941 589.999878
v 16844.019531 -19.999941 604.999878
v 16870.000000 -19.999941 619.999878
v 16895.980469 -19.999941 604.999878
v 16895.980469 -19.999941 589.999878
v 16754.019531 -19.999941 590.000061
v 16754.019531 -19.999941 605.000061
v 16780.000000 -19.999941 620.000061
v 16805.980469 -19.999941 605.000061
v 16805.980469 -19.999941 590.000061
v 16654.019531 -19.999941 604.999878
v 16680.000000 -19.999941 619.999878
v 16705.980469 -19.999941 604.999878
v 16653.982422 -20.000139 395.000366
v 16679.962891 -20.000139 380.000366
v 16705.943359 -20.000139 395.000366
v 16743.982422 -20.000139 395.000366
v 16743.982422 -20.000139 410.000366
v 16769.962891 -20.000139 380.000366
v 16795.943359 -20.000139 395.000366
v 16795.943359 -20.000139 410.000366
v 16843.982422 -20.000139 395.000366
v 16869.962891 -20.000139 380.000366
v 16895.943359 -20.000139 395.000366
v 19159.962891 -0.000030 529.999695
v 19159.962891 -0.000030 469.999756
v 19149.962891 -0.000030 529.999695
v 19149.962891 -0.000030 469.999756
v 19400.000000 0.000170 530.000671
v 19400.000000 0.000060 470.000305
v 19390.000000 0.000170 530.000671
v 19390.000000 0.000060 470.000305
v 19550.001953 -0.001690 469.999969
v 19549.998047 -0.000480 439.999359
v 19400.001953 -0.001980 469.999359
v 19400.000000 -0.000630 440.000732
v 19550.001953 -0.001690 559.999817
v 19400.005859 -0.003190 559.998474
v 19700.000000 -0.001380 560.000549
v 19700.000000 -0.001380 469.999969
v 19700.000000 -0.001540 439.999969
v 19850.003906 -0.002130 559.999817
v 19850.000000 -0.000930 469.999969
v 19850.000000 -0.000780 440.000732
v 20000.003906 -0.001690 469.999359
v 20000.000000 0.000120 439.999969
v 20000.003906 -0.002130 559.998474
v 19212.462891 -0.000030 440.000763
v 19149.962891 -0.000030 440.000275
v 19212.462891 -0.000140 470.000183
v 19149.962891 -0.000140 470.000183
v 19150.000000 0.000060 559.999695
v 19212.500000 0.000060 559.999695
v 19150.000000 0.000060 530.000244
v 19212.500000 0.000060 530.000244
v 19274.962891 -0.000030 440.000763
v 19274.962891 -0.000140 470.000580
v 19275.000000 0.000170 559.999695
v 19275.000000 0.000060 529.999756
v 19337.462891 -0.000140 440.000763
v 19337.462891 -0.000140 470.000183
v 19337.500000 0.000170 559.999695
v 19337.500000 0.000060 530.000244
v 19399.962891 -0.000140 440.000763
v 19399.962891 -0.000140 470.000183
v 19400.000000 0.000170 560.000183
v 19400.000000 0.000060 530.000244
v 18849.964844 -0.003320 560.001343
v 18999.966797 -0.004060 560.000549
v 18849.964844 -0.003320 470.000732
v 18999.964844 -0.002710 470.000732
v 18999.964844 -0.002560 440.001465
v 18849.964844 -0.003470 440.000732
v 19149.966797 -0.004060 559.999207
v 19149.966797 -0.003470 469.999969
v 19149.964844 -0.001820 440.000732
v 18662.425781 -0.001040 440.000580
v 18599.927734 -0.001040 440.000153
v 18662.425781 -0.001130 469.999969
v 18599.925781 -0.001130 469.999969
v 18599.964844 -0.000930 559.999695
v 18662.464844 -0.000930 559.999695
v 18599.964844 -0.000930 530.000244
v 18662.464844 -0.000930 530.000244
v 18724.925781 -0.001130 440.000580
v 18724.925781 -0.001130 470.000458
v 18724.964844 -0.000930 559.999695
v 18724.964844 -0.000930 529.999756
v 18787.425781 -0.001130 440.000580
v 18787.425781 -0.001130 469.999969
v 18787.464844 -0.000840 559.999695
v 18787.464844 -0.000930 530.000244
v 18849.925781 -0.001130 440.000580
v 18849.925781 -0.001130 469.999969
v 18849.962891 -0.000840 560.000183
v 18849.964844 -0.000930 530.000244
v 18849.962891 -0.000820 530.000671
v 18849.962891 -0.000920 470.000275
v 18839.962891 -0.000820 530.000671
v 18839.962891 -0.000920 470.000275
v 18609.925781 -0.001040 529.999695
v 18609.925781 -0.001130 469.999756
v 18599.927734 -0.001040 529.999695
v 18599.927734 -0.001130 469.999756
v 18149.929688 -0.002880 470.000732
v 18149.925781 -0.001690 439.999969
v 17999.929688 -0.003040 469.999969
v 17999.925781 -0.001830 440.001465
v 18149.929688 -0.002880 560.000549
v 17999.933594 -0.004230 559.999207
v 18299.927734 -0.002580 470.000732
v 18299.927734 -0.002730 440.000732
v 18299.927734 -0.002580 560.001343
v 18449.927734 -0.002130 470.000732
v 18449.927734 -0.001980 440.001465
v 18449.931641 -0.003330 560.000549
v 18599.929688 -0.003330 559.999207
v 18599.929688 -0.002880 469.999969
v 18599.927734 -0.001080 440.000732
v 16349.964844 -0.003320 560.001343
v 16499.968750 -0.004060 560.000549
v 16349.964844 -0.003320 470.000732
v 16499.964844 -0.002710 470.000732
v 16499.964844 -0.002560 440.001465
v 16349.964844 -0.003470 440.000732
v 16649.966797 -0.003470 469.999969
v 16649.964844 -0.001820 440.000732
v 16649.966797 -0.004060 559.999207
v 16712.462891 -0.000030 440.000763
v 16649.962891 -0.000030 440.000275
v 16712.462891 -0.000140 470.000183
v 16649.962891 -0.000140 470.000183
v 16650.000000 0.000060 559.999695
v 16712.500000 0.000060 559.999695
v 16650.000000 0.000060 530.000244
v 16712.500000 0.000060 530.000244
v 16774.962891 -0.000030 440.000763
v 16774.962891 -0.000140 470.000580
v 16775.000000 0.000170 559.999695
v 16775.000000 0.000060 529.999756
v 16837.462891 -0.000140 440.000763
v 16837.462891 -0.000140 470.000183
v 16837.500000 0.000170 559.999695
v 16837.500000 0.000060 530.000244
v 16899.962891 -0.000140 440.000763
v 16899.962891 -0.000140 470.000183
v 16900.000000 0.000170 560.000183
v 16900.000000 0.000060 530.000244
v 16900.000000 0.000170 530.000671
v 16900.000000 0.000060 470.000305
v 16890.000000 0.000170 530.000671
v 16890.000000 0.000060 470.000305
v 16659.962891 -0.000030 529.999695
v 16659.960938 -0.000030 469.999756
v 16649.962891 -0.000030 529.999695
v 16649.962891 -0.000030 469.999756
v 16162.426758 -0.001040 440.000580
v 16099.927734 -0.001040 440.000153
v 16162.426758 -0.001130 469.999969
v 16099.926758 -0.001130 469.999969
v 16099.964844 -0.000930 559.999695
v 16162.464844 -0.000930 559.999695
v 16099.964844 -0.000930 530.000244
v 16162.464844 -0.000930 530.000244
v 16224.926758 -0.001130 440.000580
v 16224.926758 -0.001130 470.000458
v 16224.964844 -0.000930 559.999695
v 16224.964844 -0.000930 529.999756
v 16287.426758 -0.001130 440.000580
v 16287.426758 -0.001130 469.999969
v 16287.464844 -0.000840 559.999695
v 16287.464844 -0.000930 530.000244
v 16349.926758 -0.001130 440.000580
v 16349.926758 -0.001130 469.999969
v 16349.963867 -0.000840 560.000183
v 16349.964844 -0.000930 530.000244
v 16349.962891 -0.000820 530.000671
v 16349.962891 -0.000920 470.000275
v 16339.962891 -0.000820 530.000671
v 16339.962891 -0.000920 470.000275
v 16109.926758 -0.001040 529.999695
v 16109.926758 -0.001130 469.999756
v 16099.927734 -0.001040 529.999695
v 16099.927734 -0.001130 469.999756
v 17050.001953 -0.001690 469.999969
v 17049.998047 -0.000480 439.999359
v 16900.001953 -0.001980 469.999359
v 16899.998047 -0.000630 440.000732
v 17050.001953 -0.001690 559.999817
v 16900.005859 -0.003190 559.998474
v 17200.000000 -0.001380 560.000549
v 17200.000000 -0.001380 469.999969
v 17200.000000 -0.001540 439.999969
v 17350.003906 -0.002130 559.999817
v 17350.000000 -0.000930 469.999969
v 17350.000000 -0.000780 440.000732
v 17500.003906 -0.001690 469.999359
v 17500.000000 0.000120 439.999969
v 17500.001953 -0.002130 559.998474
v 15649.928711 -0.002880 470.000732
v 15649.925781 -0.001690 439.999969
v 15499.929688 -0.003040 469.999969
v 15499.925781 -0.001830 440.001465
v 15649.928711 -0.002880 560.000549
v 15499.933594 -0.004230 559.999207
v 15799.927734 -0.002580 560.001343
v 15799.927734 -0.002580 470.000732
v 15799.927734 -0.002730 440.000732
v 15949.927734 -0.002130 470.000732
v 15949.927734 -0.001980 440.001465
v 15949.930664 -0.003330 560.000549
v 16099.929688 -0.002880 469.999969
v 16099.926758 -0.001080 440.000732
v 16099.929688 -0.003330 559.999207
v 19149.964844 0.000060 409.999969
v 19212.462891 0.000060 410.000458
v 19212.500000 0.000060 589.999451
v 19150.000000 0.000060 589.999451
v 19274.962891 -0.000030 410.000977
v 19275.000000 0.000170 589.999451
v 19337.462891 -0.000140 410.000977
v 19337.500000 0.000270 589.999878
v 19399.962891 -0.000140 410.000977
v 19399.998047 0.000270 590.000366
v 18599.929688 -0.001040 409.999878
v 18662.427734 -0.001040 410.000366
v 18662.464844 -0.000930 589.999451
v 18599.964844 -0.000930 589.999451
v 18724.925781 -0.001130 410.000854
v 18724.964844 -0.000930 589.999451
v 18787.425781 -0.001130 410.000854
v 18787.462891 -0.000730 589.999878
v 18849.925781 -0.001130 410.000854
v 18849.962891 -0.000730 590.000366
v 16649.964844 0.000060 409.999969
v 16712.462891 0.000060 410.000458
v 16712.500000 0.000060 589.999451
v 16650.000000 0.000060 589.999451
v 16774.962891 -0.000030 410.000977
v 16775.000000 0.000170 589.999451
v 16837.462891 -0.000140 410.000977
v 16837.500000 0.000270 589.999878
v 16899.962891 -0.000140 410.000977
v 16899.998047 0.000270 590.000366
v 16099.928711 -0.001040 409.999878
v 16162.427734 -0.001040 410.000366
v 16162.464844 -0.000930 589.999451
v 16099.964844 -0.000930 589.999451
v 16224.926758 -0.001130 410.000854
v 16224.964844 -0.000930 589.999451
v 16287.426758 -0.001130 410.000854
v 16287.463867 -0.000730 589.999878
v 16349.926758 -0.001130 410.000854
v 16349.962891 -0.000730 590.000366
v 19180.000000 6.000060 559.999878
v 19154.019531 6.000060 574.999878
v 19180.000000 6.000060 589.999878
v 19154.019531 6.000060 589.999878
v 19180.000000 6.000060 620.000061
v 19154.019531 6.000060 604.999878
v 19205.980469 6.000060 574.999756
v 19205.980469 6.000060 589.999878
v 19205.980469 6.000060 605.000061
v 19280.000000 6.000060 560.000061
v 19254.019531 6.000060 575.000183
v 19280.000000 6.000060 590.000061
v 19254.019531 6.000060 590.000183
v 19280.000000 6.000060 620.000061
v 19254.019531 6.000060 605.000061
v 19305.980469 6.000060 575.000061
v 19305.980469 6.000060 590.000061
v 19305.980469 6.000060 605.000061
v 19370.000000 6.000060 559.999878
v 19344.019531 6.000060 575.000061
v 19370.000000 6.000060 589.999878
v 19344.019531 6.000060 590.000061
v 19370.000000 6.000060 619.999878
v 19344.019531 6.000060 605.000061
v 19395.980469 6.000060 574.999878
v 19395.980469 6.000060 589.999878
v 19395.980469 6.000060 604.999878
v 19179.962891 5.999860 380.000275
v 19153.982422 5.999860 395.000366
v 19179.962891 5.999860 410.000366
v 19153.982422 5.999860 410.000366
v 19179.962891 5.999860 440.000366
v 19153.982422 5.999860 425.000366
v 19205.943359 5.999860 395.000275
v 19205.943359 5.999860 410.000366
v 19205.943359 5.999860 425.000366
v 19269.962891 5.999860 380.000275
v 19243.982422 5.999860 395.000275
v 19269.962891 5.999860 410.000275
v 19243.982422 5.999860 410.000275
v 19269.962891 5.999860 440.000366
v 19243.982422 5.999860 425.000275
v 19295.943359 5.999860 395.000275
v 19295.943359 5.999860 410.000366
v 19295.943359 5.999860 425.000366
v 19369.962891 5.999860 380.000275
v 19343.982422 5.999860 395.000275
v 19369.962891 5.999860 410.000366
v 19343.982422 5.999860 410.000275
v 19369.962891 5.999860 440.000366
v 19343.982422 5.999860 425.000366
v 19395.943359 5.999860 395.000366
v 19395.943359 5.999860 410.000366
v 19395.943359 5.999860 425.000366
v 18819.964844 5.999070 560.000061
v 18793.984375 5.999070 574.999878
v 18819.964844 5.999070 589.999878
v 18793.984375 5.999070 590.000061
v 18819.964844 5.999070 619.999878
v 18793.984375 5.999070 605.000061
v 18845.945313 5.999070 575.000061
v 18845.945313 5.999070 589.999878
v 18845.945313 5.999070 604.999878
v 18729.964844 5.999070 560.000061
v 18703.984375 5.999070 574.999878
v 18729.964844 5.999070 590.000061
v 18703.984375 5.999070 589.999878
v 18729.964844 5.999070 620.000061
v 18703.984375 5.999070 605.000061
v 18755.945313 5.999070 575.000061
v 18755.945313 5.999070 590.000061
v 18755.945313 5.999070 605.000061
v 18629.964844 5.999070 560.000061
v 18603.984375 5.999070 574.999878
v 18629.964844 5.999070 589.999878
v 18603.984375 5.999070 589.999878
v 18629.964844 5.999070 619.999878
v 18603.984375 5.999070 604.999878
v 18655.945313 5.999070 575.000061
v 18655.945313 5.999070 589.999878
v 18655.945313 5.999070 604.999878
v 18629.927734 5.998870 380.000366
v 18603.947266 5.998870 395.000366
v 18629.927734 5.998870 410.000458
v 18603.947266 5.998870 410.000458
v 18629.927734 5.998870 440.000366
v 18603.947266 5.998870 425.000458
v 18655.908203 5.998870 395.000366
v 18655.908203 5.998870 410.000366
v 18655.908203 5.998870 425.000458
v 18719.927734 5.998870 380.000366
v 18693.947266 5.998870 395.000275
v 18719.927734 5.998870 410.000366
v 18693.947266 5.998870 410.000275
v 18719.927734 5.998870 440.000366
v 18693.947266 5.998870 425.000366
v 18745.908203 5.998870 395.000366
v 18745.908203 5.998870 410.000366
v 18745.908203 5.998870 425.000366
v 18819.927734 5.998870 380.000458
v 18793.947266 5.998870 395.000458
v 18819.927734 5.998870 410.000671
v 18793.947266 5.998870 410.000366
v 18819.927734 5.998870 440.000458
v 18793.947266 5.998870 425.000366
v 18845.908203 5.998870 395.000458
v 18845.908203 5.998870 410.000458
v 18845.908203 5.998870 425.000671
v 16870.000000 6.000060 559.999756
v 16844.019531 6.000060 574.999878
v 16870.000000 6.000060 589.999756
v 16844.019531 6.000060 589.999878
v 16870.000000 6.000060 619.999756
v 16844.019531 6.000060 604.999878
v 16895.980469 6.000060 574.999756
v 16895.980469 6.000060 589.999756
v 16895.980469 6.000060 604.999756
v 16780.000000 6.000060 560.000061
v 16754.019531 6.000060 575.000061
v 16780.000000 6.000060 590.000061
v 16754.019531 6.000060 589.999878
v 16780.000000 6.000060 619.999878
v 16754.019531 6.000060 604.999878
v 16805.980469 6.000060 575.000061
v 16805.980469 6.000060 590.000061
v 16805.980469 6.000060 605.000061
v 16680.000000 6.000060 560.000061
v 16654.019531 6.000060 574.999878
v 16680.000000 6.000060 589.999878
v 16654.019531 6.000060 589.999756
v 16680.000000 6.000060 619.999878
v 16654.019531 6.000060 604.999756
v 16705.980469 6.000060 575.000061
v 16705.980469 6.000060 589.999878
v 16705.980469 6.000060 604.999878
v 16679.962891 5.999860 380.000366
v 16653.982422 5.999860 395.000366
v 16679.962891 5.999860 410.000366
v 16653.982422 5.999860 410.000366
v 16679.962891 5.999860 440.000458
v 16653.982422 5.999860 425.000366
v 16705.943359 5.999860 395.000366
v 16705.943359 5.999860 410.000366
v 16705.943359 5.999860 425.000458
v 16769.962891 5.999860 380.000458
v 16743.982422 5.999860 395.000366
v 16769.962891 5.999860 410.000366
v 16743.982422 5.999860 410.000366
v 16769.962891 5.999860 440.000275
v 16743.982422 5.999860 425.000366
v 16795.943359 5.999860 395.000458
v 16795.943359 5.999860 410.000366
v 16795.943359 5.999860 425.000275
v 16869.962891 5.999860 380.000366
v 16843.982422 5.999860 395.000366
v 16869.962891 5.999860 410.000366
v 16843.982422 5.999860 410.000366
v 16869.962891 5.999860 440.000458
v 16843.982422 5.999860 425.000366
v 16895.943359 5.999860 395.000366
v 16895.943359 5.999860 410.000366
v 16895.943359 5.999860 425.000458
v 16319.964844 5.999070 560.000061
v 16293.984375 5.999070 575.000061
v 16319.964844 5.999070 590.000061
v 16293.984375 5.999070 589.999878
v 16319.964844 5.999070 620.000061
v 16293.984375 5.999070 604.999878
v 16345.945313 5.999070 575.000061
v 16345.945313 5.999070 590.000061
v 16345.945313 5.999070 605.000061
v 16229.964844 5.999070 559.999878
v 16203.984375 5.999070 575.000061
v 16229.964844 5.999070 590.000061
v 16203.984375 5.999070 590.000061
v 16229.964844 5.999070 620.000061
v 16203.984375 5.999070 605.000061
v 16255.945313 5.999070 574.999878
v 16255.945313 5.999070 589.999878
v 16255.945313 5.999070 605.000061
v 16129.964844 5.999070 560.000061
v 16103.984375 5.999070 575.000061
v 16129.964844 5.999070 590.000061
v 16103.984375 5.999070 589.999878
v 16129.964844 5.999070 620.000061
v 16103.984375 5.999070 604.999878
v 16155.945313 5.999070 575.000061
v 16155.945313 5.999070 590.000061
v 16155.945313 5.999070 605.000061
v 16129.927734 5.998870 380.000275
v 16103.947266 5.998870 395.000366
v 16129.927734 5.998870 410.000366
v 16103.947266 5.998870 410.000275
v 16129.927734 5.998870 440.000366
v 16103.947266 5.998870 425.000458
v 16155.908203 5.998870 395.000275
v 16155.908203 5.998870 410.000275
v 16155.908203 5.998870 425.000366
v 16219.927734 5.998870 380.000366
v 16193.947266 5.998870 395.000366
v 16219.927734 5.998870 410.000366
v 16193.947266 5.998870 410.000458
v 16219.927734 5.998870 440.000458
v 16193.947266 5.998870 425.000458
v 16245.908203 5.998870 395.000366
v 16245.908203 5.998870 410.000458
v 16245.908203 5.998870 425.000458
v 16319.927734 5.998870 380.000275
v 16293.947266 5.998870 395.000366
v 16319.927734 5.998870 410.000366
v 16293.947266 5.998870 410.000153
v 16319.927734 5.998870 440.000366
v 16293.947266 5.998870 425.000275
v 16345.908203 5.998870 395.000275
v 16345.908203 5.998870 410.000275
v 16345.908203 5.998870 425.000366
# 2937 vertices

vt 0.49990 2.00550
vt 1.24990 -0.50010
vt 0.49990 -0.50010
vt 1.24990 2.00550
vt -0.24990 2.00550
vt -0.24990 -0.50010
vt 1.24990 -3.00550
vt 0.49990 -3.00550
vt -0.24990 -3.00550
vt 7.18350 -0.15490
vt 12.39590 -0.84510
vt 7.18350 -0.84510
vt 12.39590 -0.15490
vt 0.96230 -0.15490
vt 6.17470 -0.84510
vt 0.96230 -0.84510
vt 6.17470 -0.15490
vt -5.25880 -0.15490
vt -0.04640 -0.84510
vt -5.25880 -0.84510
vt -0.04640 -0.15490
vt -11.39590 -0.15490
vt -6.26760 -0.84510
vt -11.39590 -0.84510
vt -6.26760 -0.15490
vt -6.02250 -0.83490
vt -11.10920 -0.16520
vt -6.02250 -0.16520
vt -11.10920 -0.83490
vt 0.04870 -0.83490
vt -5.03790 -0.16520
vt 0.04870 -0.16520
vt -5.03790 -0.83490
vt 6.12000 -0.83490
vt 1.03320 -0.16520
vt 6.12000 -0.16520
vt 1.03320 -0.83490
vt 12.10920 -0.83490
vt 7.10450 -0.16520
vt 12.10920 -0.16520
vt 7.10450 -0.83490
vt 15.50530 -0.00200
vt 17.25580 -0.99810
vt 15.50530 -0.99810
vt 17.25580 -0.00200
vt 0.00190 -0.00200
vt 1.50040 -0.99810
vt 0.00190 -0.99810
vt 1.50040 -0.00200
vt 13.74990 -0.00200
vt 13.74990 -0.99810
vt 3.50930 -0.00200
vt 3.50930 -0.99810
vt 11.77010 -0.00200
vt 11.77010 -0.99810
vt 5.25900 -0.00200
vt 5.25900 -0.99810
vt 9.74470 -0.00200
vt 9.74470 -0.99810
vt 7.00440 -0.99810
vt 7.00440 -0.00200
vt 8.99560 -0.99810
vt 8.99560 -0.00200
vt 0.25680 -0.99810
vt 0.75480 -0.00200
vt 0.75480 -0.99810
vt 0.25680 -0.00200
vt 2.50480 -0.00200
vt 2.50480 -0.99810
vt -1.73800 -2.13680
vt 1.61530 -1.99820
vt -1.73800 -1.99820
vt 1.61530 -2.13680
vt -1.49560 -2.24600
vt 1.49670 -2.13600
vt -1.49560 -2.13600
vt 1.49670 -2.24600
vt -1.49560 -2.67880
vt 1.49670 -2.86130
vt -1.49560 -2.86130
vt 1.49670 -2.67880
vt 15.50530 3.99800
vt 17.25580 3.00190
vt 15.50530 3.00190
vt 17.25580 3.99800
vt 0.00190 3.00190
vt 1.50040 3.99800
vt 1.50040 3.00190
vt 0.00190 3.99800
vt 13.74990 3.99800
vt 13.74990 3.00190
vt 3.50930 3.99800
vt 3.50930 3.00190
vt 11.77010 3.99800
vt 11.77010 3.00190
vt 5.25900 3.99800
vt 5.25900 3.00190
vt 9.74470 3.99800
vt 9.74470 3.00190
vt 7.00440 3.00190
vt 7.00440 3.99800
vt 8.99560 3.00190
vt 8.99560 3.99800
vt 0.25680 3.00190
vt 0.75480 3.99800
vt 0.75480 3.00190
vt 0.25680 3.99800
vt 2.50480 3.99800
vt 2.50480 3.00190
vt 0.00190 4.99800
vt 1.50040 4.00190
vt 0.00190 4.00190
vt 1.50040 4.99800
vt 15.50530 4.99800
vt 17.25580 4.00190
vt 15.50530 4.00190
vt 17.25580 4.99800
vt 13.74990 4.99800
vt 13.74990 4.00190
vt 3.50930 4.99800
vt 3.50930 4.00190
vt 11.77010 4.99800
vt 11.77010 4.00190
vt 5.25900 4.99800
vt 5.25900 4.00190
vt 9.74470 4.99800
vt 9.74470 4.00190
vt 7.00440 4.00190
vt 7.00440 4.99800
vt 8.99560 4.00190
vt 8.99560 4.99800
vt 0.25680 4.00190
vt 0.75480 4.99800
vt 0.75480 4.00190
vt 0.25680 4.99800
vt 2.50480 4.99800
vt 2.50480 4.00190
vt -0.99880 -0.00200
vt 1.99880 -0.99810
vt -0.99880 -0.99810
vt 1.99880 -0.00200
vt -1.00120 -0.00200
vt 2.00120 -0.99810
vt -1.00120 -0.99810
vt 2.00120 -0.00200
vt 0.54240 -0.06380
vt 1.16740 -0.35400
vt 1.16740 -0.06380
vt 0.54240 -0.35400
vt 1.04900 -0.09640
vt 0.44550 -0.32140
vt 0.44550 -0.09640
vt 1.04900 -0.32140
vt -6.40310 -0.02210
vt -6.16750 -0.06740
vt -6.16750 -0.02210
vt -6.40310 -0.06740
vt -3.23190 -0.01830
vt -3.36380 -0.07220
vt -3.36380 -0.01830
vt -3.23190 -0.07220
vt -3.24600 -0.02210
vt -3.01040 -0.06740
vt -3.01040 -0.02210
vt -3.24600 -0.06740
vt -1.46480 -0.01830
vt -1.59670 -0.07220
vt -1.59670 -0.01830
vt -1.46480 -0.07220
vt -2.91620 -0.02210
vt -2.68060 -0.06740
vt -2.68060 -0.02210
vt -2.91620 -0.06740
vt -1.28020 -0.01830
vt -1.41210 -0.07220
vt -1.41210 -0.01830
vt -1.28020 -0.07220
vt 0.24080 -0.02210
vt 0.47640 -0.06740
vt 0.47640 -0.02210
vt 0.24080 -0.06740
vt 0.48680 -0.01830
vt 0.35490 -0.07220
vt 0.35490 -0.01830
vt 0.48680 -0.07220
vt 0.57060 -0.02210
vt 0.80620 -0.06740
vt 0.80620 -0.02210
vt 0.57060 -0.06740
vt 0.67140 -0.01830
vt 0.53950 -0.07220
vt 0.53950 -0.01830
vt 0.67140 -0.07220
vt 3.72770 -0.02210
vt 3.96330 -0.06740
vt 3.96330 -0.02210
vt 3.72770 -0.06740
vt 2.43850 -0.01830
vt 2.30660 -0.07220
vt 2.30660 -0.01830
vt 2.43850 -0.07220
vt 4.05760 -0.02210
vt 4.29320 -0.06740
vt 4.29320 -0.02210
vt 4.05760 -0.06740
vt 2.62310 -0.01830
vt 2.49120 -0.07220
vt 2.49120 -0.01830
vt 2.62310 -0.07220
vt 7.16750 -0.02210
vt 7.40310 -0.06740
vt 7.40310 -0.02210
vt 7.16750 -0.06740
vt 4.36380 -0.01830
vt 4.23190 -0.07220
vt 4.23190 -0.01830
vt 4.36380 -0.07220
vt 4.73870 -0.00200
vt 5.25920 -0.39810
vt 4.73870 -0.39810
vt 5.25920 -0.00200
vt 3.74420 -0.00200
vt 3.74420 -0.39810
vt 2.74980 -0.00200
vt 2.74980 -0.39810
vt 1.73740 -0.00200
vt 1.73740 -0.39810
vt 0.73690 -0.00200
vt 0.73690 -0.39810
vt 0.25840 -0.00200
vt 0.25840 -0.39810
vt -3.06500 -0.00600
vt -1.44300 -1.00000
vt -1.44300 -0.00600
vt -3.06500 -1.00000
vt 0.17900 -1.00000
vt 0.17900 -0.00600
vt 1.80100 -1.00000
vt 1.80100 -0.00600
vt 3.42310 -0.00600
vt 3.42310 -1.00000
vt -0.01230 -0.00200
vt 1.48690 -0.99810
vt -0.01230 -0.99810
vt 1.48690 -0.00200
vt -0.07370 3.00190
vt 1.43350 3.99800
vt -0.07370 3.99800
vt 1.43350 3.00190
vt 0.99800 -0.99810
vt 0.50080 -0.00200
vt 0.99800 -0.00200
vt 0.50080 -0.59390
vt 0.50640 -0.00200
vt 0.50640 -0.59110
vt 0.00190 -0.58740
vt 0.99800 -0.58740
vt -1.00740 -0.99800
vt 2.00740 -0.61620
vt -1.00740 -0.61620
vt 2.00740 -0.99800
vt 0.81150 -1.00000
vt 0.97920 -0.00010
vt 0.97920 -1.00000
vt 0.81150 -0.00010
vt 0.02040 1.31360
vt 0.18450 -0.01740
vt 0.18450 1.31360
vt 0.02040 -0.01740
vt 0.81330 1.00360
vt 0.99990 0.25180
vt 0.81330 0.25180
vt 0.99990 1.00360
vt 0.99990 -0.50010
vt 0.81330 -0.50010
vt 0.99990 -1.25180
vt 0.81330 -1.25180
vt 0.81330 -2.00360
vt 0.99990 -2.00360
vt 3.00260 -0.26510
vt 3.99700 -0.99810
vt 3.99700 -0.26510
vt 3.00260 -0.99810
vt 1.00190 -0.26310
vt 0.00130 -1.00000
vt 1.00190 -1.00000
vt 0.00130 -0.26310
vt 2.00820 -0.26510
vt 2.00820 -0.99810
vt 1.87020 -1.00000
vt 1.87020 -0.26310
vt 2.75690 -0.26310
vt 2.75690 -1.00000
vt 1.00510 -0.99810
vt 1.00510 -0.26510
vt 3.50150 -1.00000
vt 3.50150 -0.26310
vt 0.00190 -0.26510
vt 4.00770 -1.00000
vt 4.00770 -0.26310
vt 0.99990 -0.26310
vt 0.49990 -1.00000
vt 0.49990 -0.26310
vt 0.99990 -1.00000
vt 1.50700 -0.26310
vt 1.01060 -1.00000
vt 1.50700 -1.00000
vt 1.01060 -0.26310
vt 2.49600 -0.26510
vt 2.98820 -0.99810
vt 2.98820 -0.26510
vt 2.49600 -0.99810
vt 2.00380 -0.26510
vt 2.00380 -0.99810
vt 1.93790 -1.00000
vt 1.93790 -0.26310
vt 2.37780 -0.26310
vt 2.37780 -1.00000
vt 1.50730 -0.99810
vt 1.50730 -0.26510
vt 2.74730 -1.00000
vt 2.74730 -0.26310
vt 1.01070 -0.26510
vt 1.01070 -0.99810
vt 2.99850 -1.00000
vt 2.99850 -0.26310
vt 1.50320 -0.26310
vt 1.00280 -1.00000
vt 1.50320 -1.00000
vt 1.00280 -0.26310
vt 2.50220 -0.26510
vt 3.00060 -0.99810
vt 3.00060 -0.26510
vt 2.50220 -0.99810
vt 1.93740 -1.00000
vt 1.93740 -0.26310
vt 2.00390 -0.26510
vt 2.00390 -0.99810
vt 2.38070 -0.26310
vt 2.38070 -1.00000
vt 1.50110 -0.99810
vt 1.50110 -0.26510
vt 2.75300 -1.00000
vt 2.75300 -0.26310
vt 0.99830 -0.26510
vt 0.99830 -0.99810
vt 3.00620 -1.00000
vt 3.00620 -0.26310
vt 1.10200 -0.26310
vt 0.93100 -1.00000
vt 0.93100 -0.26310
vt 1.10200 -1.00000
vt 3.00260 3.73490
vt 3.99700 3.00190
vt 3.99700 3.73490
vt 3.00260 3.00190
vt 1.00190 3.73690
vt 0.00130 3.00000
vt 1.00190 3.00000
vt 0.00130 3.73690
vt 2.00820 3.73490
vt 2.00820 3.00190
vt 1.87020 3.00000
vt 1.87020 3.73690
vt 2.75690 3.73690
vt 2.75690 3.00000
vt 1.00510 3.00190
vt 1.00510 3.73490
vt 3.50150 3.00000
vt 3.50150 3.73690
vt 0.00190 3.73490
vt 4.00770 3.73690
vt 4.00770 3.00000
vt 0.99990 3.73690
vt 0.49990 3.00000
vt 0.49990 3.73690
vt 0.99990 3.00000
vt 1.00190 4.73690
vt 0.00130 4.00000
vt 1.00190 4.00000
vt 0.00130 4.73690
vt 3.00260 4.73490
vt 3.99700 4.00190
vt 3.99700 4.73490
vt 3.00260 4.00190
vt 1.87020 4.00000
vt 1.87020 4.73690
vt 2.00820 4.73490
vt 2.00820 4.00190
vt 2.75690 4.73690
vt 2.75690 4.00000
vt 1.00510 4.00190
vt 1.00510 4.73490
vt 3.50150 4.00000
vt 3.50150 4.73690
vt 0.00190 4.73490
vt 4.00770 4.73690
vt 4.00770 4.00000
vt 0.99990 4.73690
vt 0.49990 4.00000
vt 0.49990 4.73690
vt 0.99990 4.00000
vt 0.00250 -0.32780
vt -0.11790 -0.01450
vt -0.35670 -0.01450
vt 0.11880 -0.01450
vt 0.36170 -0.01450
vt -0.18730 0.67210
vt -0.49540 0.67210
vt 0.18820 0.67210
vt 0.50050 0.67210
vt 1.97050 -2.93070
vt 1.32310 -1.99210
vt 0.92750 -2.25280
vt 2.33550 -2.41180
vt -1.00180 -1.99210
vt -1.00180 -2.25280
vt -0.66510 -1.98910
vt -1.44760 -3.12350
vt -0.18710 -2.30430
vt -1.88880 -2.49640
vt 2.14470 -1.98910
vt 2.14470 -2.30430
vt -0.00260 -0.93520
vt 1.54350 0.54940
vt 1.54350 -0.93520
vt -0.00260 0.54940
vt 0.45900 -2.27820
vt -0.00820 -0.70760
vt 0.45900 -0.70760
vt -0.00820 -2.27820
vt -0.00820 0.86290
vt 0.45900 0.86290
vt 1.54350 2.03410
vt -0.00260 2.03410
vt -0.00820 2.43350
vt 0.45900 2.43350
vt 1.54350 3.51860
vt -0.00260 3.51860
vt 0.45900 4.00390
vt -0.00820 4.00390
vt 1.54350 5.00330
vt -0.00260 5.00330
vt 0.45900 -1.27820
vt -0.00820 0.29240
vt 0.45900 0.29240
vt -0.00820 -1.27820
vt -0.00820 1.86290
vt 0.45900 1.86290
vt -0.00820 3.43350
vt 0.45900 3.43350
vt 0.45900 5.00390
vt -0.00820 5.00390
vt 0.00000 -2.96500
vt 0.99990 -1.96500
vt 0.00000 -1.96500
vt 0.99990 -2.96500
vt -0.16020 -3.00000
vt 0.16880 -2.00010
vt -0.16020 -2.00010
vt 0.16880 -3.00000
vt -0.16020 -2.50580
vt 0.17380 -3.00000
vt 0.17380 -2.50580
vt 0.00190 -0.69990
vt 1.99990 -0.30020
vt 1.99990 -0.69990
vt 0.00190 -0.30020
vt 0.00190 -1.09960
vt 1.99990 -1.09960
vt 1.99990 0.09960
vt 0.00190 0.09960
vt 0.00190 -1.49940
vt 1.99990 -1.49940
vt 1.99990 0.49940
vt 0.00190 0.49940
vt 0.00190 -2.25390
vt 0.99800 -1.37970
vt 0.00190 -1.37970
vt 0.99800 -2.25390
vt 0.00190 1.25390
vt 0.99800 1.25390
vt 0.09870 0.99920
vt 0.44840 0.74010
vt 0.09870 0.74010
vt 0.44840 0.99920
vt 1.01260 0.99920
vt 1.01260 0.74010
vt -0.47050 0.74010
vt -0.47050 0.99920
vt 2.26730 0.99920
vt 2.26730 0.74010
vt -1.26730 0.74010
vt -1.26730 0.99920
vt -0.00750 -3.25570
vt 0.19100 -2.99960
vt -0.00750 -2.99960
vt 0.19100 -3.25570
vt 0.25090 -0.47090
vt 0.00190 -0.83290
vt 0.00190 -0.47090
vt 0.25090 -0.83290
vt 0.49990 -0.47090
vt 0.49990 -0.83290
vt 0.74900 -0.47090
vt 0.74900 -0.83290
vt 0.99800 -0.47090
vt 0.99800 -0.83290
vt 0.20110 -0.00200
vt 0.00190 -0.24860
vt 0.20110 -0.24860
vt 0.79880 -0.24860
vt 0.99800 -0.24860
vt 0.79880 -0.00200
vt 0.20110 -0.99810
vt 0.79880 -0.99810
vt 0.40030 -0.00200
vt 0.40030 -0.24860
vt 0.59960 -0.24860
vt 0.59960 -0.00200
vt 0.40030 -0.99810
vt 0.59960 -0.99810
vt -0.50480 -0.86350
vt -0.00240 -1.24500
vt -0.50480 -1.24500
vt -0.00240 -0.86350
vt 0.49990 -0.86350
vt 0.49990 -1.24500
vt 1.00240 -0.86350
vt 1.00240 -1.24500
vt 1.50480 -1.24500
vt 1.50480 -0.86350
vt 1.49980 -1.24710
vt 0.99990 -0.87420
vt 0.99990 -1.24710
vt 1.49980 -0.87420
vt 0.49990 -0.87420
vt 0.49990 -1.24710
vt 0.00000 -0.87420
vt 0.00000 -1.24710
vt -0.49980 -1.24710
vt -0.49980 -0.87420
vt 1.50100 -0.45900
vt 1.75000 -0.62060
vt 1.50100 -0.62060
vt 1.75000 -0.45900
vt 1.99900 -0.45900
vt 1.99900 -0.62060
vt 0.99830 -0.45900
vt 0.99830 -0.62060
vt 0.00190 -0.45900
vt 0.49770 -0.62060
vt 0.00190 -0.62060
vt 0.49770 -0.45900
vt 0.50360 -0.45900
vt 0.50360 -0.62060
vt 1.49880 -0.45900
vt 1.24980 -0.62060
vt 1.24980 -0.45900
vt 1.49880 -0.62060
vt 0.49560 -0.50010
vt 0.49560 -0.97030
vt 0.82810 -0.83250
vt 0.16310 -0.83250
vt 0.96580 -0.50010
vt 0.02540 -0.50010
vt 0.82810 -0.16760
vt 0.16310 -0.16760
vt 0.49560 -0.02980
vt 0.49720 -0.50010
vt 0.83980 -0.84270
vt 0.49720 -0.98460
vt 0.15460 -0.84270
vt 0.98180 -0.50010
vt 0.01270 -0.50010
vt 0.83980 -0.15740
vt 0.15460 -0.15740
vt 0.49720 -0.01550
vt 2.97990 -0.50010
vt 0.99390 0.00040
vt 2.97990 0.00040
vt 0.99390 -0.50000
vt 0.99390 -1.00040
vt 2.97990 -1.00040
vt 0.99390 -1.50090
vt 2.97990 -1.50090
vt -0.99190 -0.50000
vt -0.99190 0.00040
vt -0.99190 -1.00040
vt -0.99190 -1.50090
vt 2.97990 0.50090
vt 0.99390 0.50090
vt -0.99190 0.50090
vt -0.10220 -0.44390
vt -0.50370 -0.30440
vt -0.10220 -0.30440
vt -0.50370 -0.44390
vt 1.50370 -0.44390
vt 1.10220 -0.30440
vt 1.50370 -0.30440
vt 1.10220 -0.44390
vt 1.10220 -0.12250
vt 1.50370 -0.12250
vt -0.50370 -0.12250
vt -0.10220 -0.12250
vt 0.70070 -0.30440
vt 0.70070 -0.44390
vt 0.29920 -0.44390
vt 0.29920 -0.30440
vt 0.29920 -0.12250
vt 0.70070 -0.12250
vt -0.24770 -0.16520
vt 0.05130 0.49680
vt -0.24770 0.49680
vt 0.05130 -0.16520
vt 0.94860 -0.16520
vt 1.24770 0.49680
vt 0.94860 0.49680
vt 1.24770 -0.16520
vt 0.05130 0.86800
vt -0.24770 0.86800
vt 1.24770 0.86800
vt 0.94860 0.86800
vt 0.35040 0.49680
vt 0.35040 -0.16520
vt 0.64950 -0.16520
vt 0.64950 0.49680
vt 0.35040 0.86800
vt 0.64950 0.86800
vt -0.33480 -0.16200
vt -0.84550 -0.89540
vt -0.84550 -0.16200
vt -0.33480 -0.40650
vt 0.89590 -0.16200
vt 0.89590 -0.28430
vt -0.74910 -0.89770
vt -0.29490 -0.16590
vt -0.74910 -0.16590
vt -0.29490 -0.40980
vt 0.79950 -0.16590
vt 0.79950 -0.28790
vt 1.10200 -0.51110
vt 0.10200 -0.79980
vt 1.10200 -0.79980
vt 0.60200 -0.22240
vt 0.10200 -0.51110
vt 0.50110 -0.00200
vt 0.00190 -0.25590
vt 0.50110 -0.25590
vt 0.70770 0.84930
vt 0.50370 0.49600
vt 0.29970 0.84930
vt 0.91170 0.49600
vt 0.09580 0.49600
vt 0.70770 0.14270
vt 0.29970 0.14270
vt -0.10930 -0.59770
vt 0.13300 -1.00000
vt -0.10930 -1.00000
vt 0.13300 -0.59770
vt 0.51140 -1.00000
vt 0.51140 -0.59770
vt 0.93720 -1.00000
vt 0.93720 -0.59770
vt 1.12670 -1.00000
vt 1.12670 -0.59770
vt 0.98090 -0.00200
vt 0.81440 -0.99810
vt 0.81440 -0.00200
vt 0.98090 -0.99810
vt 0.74990 1.00080
vt 0.99800 -0.00250
vt 0.74990 -0.00250
vt 0.99800 1.00080
vt 0.00190 1.00080
vt 0.00190 -0.00250
vt 0.00190 -1.00580
vt 0.74990 -1.00580
vt 0.99800 -1.00580
vt 0.00190 -2.00900
vt 0.74990 -2.00900
vt 0.99800 -2.00900
vt 0.99800 -3.01230
vt 0.74990 -3.01230
vt 0.00190 -3.01230
vt 0.75000 0.50000
vt 0.99990 0.99990
vt 0.99990 0.50000
vt 0.75000 0.99990
vt 0.24990 0.99960
vt 0.00000 0.49970
vt 0.00000 0.99960
vt 0.24990 0.49970
vt 0.74990 0.00010
vt 0.99990 0.00010
vt 0.00000 -0.00010
vt 0.25000 -0.00010
vt 0.75000 -0.49970
vt 0.99990 -0.49970
vt 0.00000 -0.50000
vt 0.24990 -0.50000
vt 0.75000 -0.99960
vt 0.99990 -0.99960
vt 0.00000 -0.99990
vt 0.24990 -1.00000
vt 0.74890 1.00000
vt 0.00210 -0.00010
vt 0.00210 1.00000
vt 0.74890 -0.00010
vt 0.99780 -0.00010
vt 0.99780 1.00000
vt 0.74910 1.99990
vt -0.00070 1.00000
vt -0.00070 1.99990
vt 0.74910 1.00000
vt 0.99530 1.00000
vt 0.99530 1.99990
vt 0.74990 1.00390
vt 0.99800 0.00210
vt 0.74990 0.00210
vt 0.99800 1.00390
vt 0.00190 1.00390
vt 0.00190 0.00210
vt 0.99800 -0.99980
vt 0.74990 -0.99980
vt 0.00190 -0.99980
vt 0.99800 -2.00150
vt 0.74990 -2.00150
vt 0.00190 -2.00150
vt 0.74990 -3.00330
vt 0.00190 -3.00330
vt 0.99800 -3.00330
vt 0.74990 1.00100
vt 0.99800 0.00060
vt 0.74990 0.00060
vt 0.99800 1.00100
vt 0.00190 1.00100
vt 0.00190 0.00060
vt 0.00190 -2.00000
vt 0.74990 -2.00000
vt 0.99800 -2.00000
vt 0.99800 -3.00040
vt 0.74990 -3.00040
vt 0.00190 -3.00040
vt 0.74990 1.00130
vt 0.99800 -0.00220
vt 0.74990 -0.00220
vt 0.99800 1.00130
vt 0.00190 1.00130
vt 0.00190 -0.00220
vt 0.99800 -2.00920
vt 0.74990 -2.00920
vt 0.00190 -2.00920
vt 0.99800 -3.01280
vt 0.74990 -3.01280
vt 0.00190 -3.01280
vt 2.25760 0.13060
vt 1.37880 0.40360
vt 2.25760 0.40360
vt 1.37880 0.13060
vt -1.25760 0.13060
vt -0.37880 0.40360
vt -0.37880 0.13060
vt -1.25760 0.40360
vt 0.50000 0.40360
vt 0.50000 0.13060
vt 0.50000 -0.50010
vt 0.03810 -0.23340
vt 0.50000 0.03320
vt 0.03810 -0.50010
vt 0.03810 -0.76670
vt 0.50000 -1.03320
vt 0.96180 -0.23340
vt 0.96180 -0.50010
vt 0.96180 -0.76670
# 775 texture vertices

g Object_2
usemtl texture0
f 1/3 2/2 3/1
f 2/2 4/4 3/1
f 5/6 1/3 6/5
f 1/3 3/1 6/5
f 7/8 8/7 1/3
f 8/7 2/2 1/3
f 9/9 7/8 5/6
f 7/8 1/3 5/6
f 10/3 11/2 12/1
f 11/2 13/4 12/1
f 14/6 10/3 15/5
f 10/3 12/1 15/5
f 16/8 17/7 10/3
f 17/7 11/2 10/3
f 18/9 16/8 14/6
f 16/8 10/3 14/6
f 19/3 20/2 21/1
f 20/2 22/4 21/1
f 23/6 19/3 24/5
f 19/3 21/1 24/5
f 25/8 26/7 19/3
f 26/7 20/2 19/3
f 27/9 25/8 23/6
f 25/8 19/3 23/6
f 28/3 29/2 30/1
f 29/2 31/4 30/1
f 32/6 28/3 33/5
f 28/3 30/1 33/5
f 34/8 35/7 28/3
f 35/7 29/2 28/3
f 36/9 34/8 32/6
f 34/8 28/3 32/6
g obj1
usemtl mat1
f 37/12 38/11 39/10
f 38/11 40/13 39/10
f 39/10 40/13 41/12
f 40/13 42/11 41/12
f 43/16 44/15 45/14
f 44/15 46/17 45/14
f 45/14 46/17 47/16
f 46/17 48/15 47/16
f 49/20 50/19 51/18
f 50/19 52/21 51/18
f 51/18 52/21 53/20
f 52/21 54/19 53/20
f 55/24 56/23 57/22
f 56/23 58/25 57/22
f 57/22 58/25 59/24
f 58/25 60/23 59/24
f 41/28 42/27 37/26
f 42/27 38/29 37/26
f 47/32 48/31 43/30
f 48/31 44/33 43/30
f 53/36 54/35 49/34
f 54/35 50/37 49/34
f 59/40 60/39 55/38
f 60/39 56/41 55/38
f 61/22 62/25 63/24
f 62/25 64/23 63/24
f 65/24 66/23 61/22
f 66/23 62/25 61/22
f 67/18 68/21 69/20
f 68/21 70/19 69/20
f 71/20 72/19 67/18
f 72/19 68/21 67/18
f 73/14 74/17 75/16
f 74/17 76/15 75/16
f 77/16 78/15 73/14
f 78/15 74/17 73/14
f 79/10 80/13 81/12
f 80/13 82/11 81/12
f 83/12 84/11 79/10
f 84/11 80/13 79/10
f 63/40 64/39 65/38
f 64/39 66/41 65/38
f 69/36 70/35 71/34
f 70/35 72/37 71/34
f 75/32 76/31 77/30
f 76/31 78/33 77/30
f 81/28 82/27 83/26
f 82/27 84/29 83/26
f 85/22 86/25 87/24
f 86/25 88/23 87/24
f 89/24 90/23 85/22
f 90/23 86/25 85/22
f 91/18 92/21 93/20
f 92/21 94/19 93/20
f 95/20 96/19 91/18
f 96/19 92/21 91/18
f 97/14 98/17 99/16
f 98/17 100/15 99/16
f 101/16 102/15 97/14
f 102/15 98/17 97/14
f 103/10 104/13 105/12
f 104/13 106/11 105/12
f 107/12 108/11 103/10
f 108/11 104/13 103/10
f 87/40 88/39 89/38
f 88/39 90/41 89/38
f 93/36 94/35 95/34
f 94/35 96/37 95/34
f 99/32 100/31 101/30
f 100/31 102/33 101/30
f 105/28 106/27 107/26
f 106/27 108/29 107/26
f 109/12 110/11 111/10
f 110/11 112/13 111/10
f 111/10 112/13 113/12
f 112/13 114/11 113/12
f 115/16 116/15 117/14
f 116/15 118/17 117/14
f 117/14 118/17 119/16
f 118/17 120/15 119/16
f 121/20 122/19 123/18
f 122/19 124/21 123/18
f 123/18 124/21 125/20
f 124/21 126/19 125/20
f 127/24 128/23 129/22
f 128/23 130/25 129/22
f 129/22 130/25 131/24
f 130/25 132/23 131/24
f 113/28 114/27 109/26
f 114/27 110/29 109/26
f 119/32 120/31 115/30
f 120/31 116/33 115/30
f 125/36 126/35 121/34
f 126/35 122/37 121/34
f 131/40 132/39 127/38
f 132/39 128/41 127/38
f 133/44 134/43 135/42
f 135/42 134/43 136/45
f 137/48 138/47 139/46
f 138/47 140/49 139/46
f 141/51 133/44 142/50
f 142/50 133/44 135/42
f 143/53 144/52 138/47
f 138/47 144/52 140/49
f 145/55 141/51 146/54
f 146/54 141/51 142/50
f 147/57 148/56 143/53
f 143/53 148/56 144/52
f 146/54 149/58 145/55
f 150/59 145/55 149/58
f 151/61 148/56 152/60
f 147/57 152/60 148/56
f 153/63 154/62 149/58
f 154/62 150/59 149/58
f 153/63 151/61 154/62
f 151/61 152/60 154/62
f 155/66 156/65 134/64
f 134/64 156/65 136/67
f 137/69 139/68 155/66
f 155/66 139/68 156/65
f 157/72 158/71 159/70
f 158/71 160/73 159/70
f 161/76 162/75 157/74
f 162/75 158/77 157/74
f 159/80 160/79 161/78
f 160/79 162/81 161/78
f 163/72 164/71 165/70
f 164/71 166/73 165/70
f 167/76 168/75 163/74
f 168/75 164/77 163/74
f 165/80 166/79 167/78
f 166/79 168/81 167/78
f 169/72 170/71 171/70
f 170/71 172/73 171/70
f 173/76 174/75 169/74
f 174/75 170/77 169/74
f 171/80 172/79 173/78
f 172/79 174/81 173/78
f 175/72 176/71 177/70
f 176/71 178/73 177/70
f 179/76 180/75 175/74
f 180/75 176/77 175/74
f 177/80 178/79 179/78
f 178/79 180/81 179/78
f 181/72 182/71 183/70
f 182/71 184/73 183/70
f 185/76 186/75 181/74
f 186/75 182/77 181/74
f 183/80 184/79 185/78
f 184/79 186/81 185/78
f 187/72 188/71 189/70
f 188/71 190/73 189/70
f 191/76 192/75 187/74
f 192/75 188/77 187/74
f 189/80 190/79 191/78
f 190/79 192/81 191/78
f 193/72 194/71 195/70
f 194/71 196/73 195/70
f 197/76 198/75 193/74
f 198/75 194/77 193/74
f 195/80 196/79 197/78
f 196/79 198/81 197/78
f 199/72 200/71 201/70
f 200/71 202/73 201/70
f 203/76 204/75 199/74
f 204/75 200/77 199/74
f 201/80 202/79 203/78
f 202/79 204/81 203/78
f 205/72 206/71 207/70
f 206/71 208/73 207/70
f 207/80 208/79 209/78
f 208/79 210/81 209/78
f 209/76 210/75 205/74
f 210/75 206/77 205/74
f 211/72 212/71 213/70
f 212/71 214/73 213/70
f 213/80 214/79 215/78
f 214/79 216/81 215/78
f 215/76 216/75 211/74
f 216/75 212/77 211/74
f 217/72 218/71 219/70
f 218/71 220/73 219/70
f 219/80 220/79 221/78
f 220/79 222/81 221/78
f 221/76 222/75 217/74
f 222/75 218/77 217/74
f 223/72 224/71 225/70
f 224/71 226/73 225/70
f 225/80 226/79 227/78
f 226/79 228/81 227/78
f 227/76 228/75 223/74
f 228/75 224/77 223/74
f 229/44 230/43 231/42
f 231/42 230/43 232/45
f 233/48 234/47 235/46
f 234/47 236/49 235/46
f 237/51 229/44 238/50
f 238/50 229/44 231/42
f 239/53 240/52 234/47
f 234/47 240/52 236/49
f 241/55 237/51 242/54
f 242/54 237/51 238/50
f 243/57 244/56 239/53
f 239/53 244/56 240/52
f 245/61 244/56 246/60
f 243/57 246/60 244/56
f 242/54 247/58 241/55
f 248/59 241/55 247/58
f 249/63 245/61 250/62
f 245/61 246/60 250/62
f 249/63 250/62 247/58
f 250/62 248/59 247/58
f 251/66 252/65 230/64
f 230/64 252/65 232/67
f 233/69 235/68 251/66
f 251/66 235/68 252/65
f 253/44 254/43 255/42
f 255/42 254/43 256/45
f 257/48 258/47 259/46
f 258/47 260/49 259/46
f 261/51 253/44 262/50
f 262/50 253/44 255/42
f 263/53 264/52 258/47
f 258/47 264/52 260/49
f 265/55 261/51 266/54
f 266/54 261/51 262/50
f 267/57 268/56 263/53
f 263/53 268/56 264/52
f 266/54 269/58 265/55
f 270/59 265/55 269/58
f 271/61 268/56 272/60
f 267/57 272/60 268/56
f 273/63 274/62 269/58
f 274/62 270/59 269/58
f 273/63 271/61 274/62
f 271/61 272/60 274/62
f 275/66 276/65 254/64
f 254/64 276/65 256/67
f 257/69 259/68 275/66
f 275/66 259/68 276/65
f 277/72 278/71 279/70
f 278/71 280/73 279/70
f 279/80 280/79 281/78
f 280/79 282/81 281/78
f 281/76 282/75 277/74
f 282/75 278/77 277/74
f 283/72 284/71 285/70
f 284/71 286/73 285/70
f 285/80 286/79 287/78
f 286/79 288/81 287/78
f 287/76 288/75 283/74
f 288/75 284/77 283/74
f 289/72 290/71 291/70
f 290/71 292/73 291/70
f 291/80 292/79 293/78
f 292/79 294/81 293/78
f 293/76 294/75 289/74
f 294/75 290/77 289/74
f 295/72 296/71 297/70
f 296/71 298/73 297/70
f 297/80 298/79 299/78
f 298/79 300/81 299/78
f 299/76 300/75 295/74
f 300/75 296/77 295/74
f 301/44 302/43 303/42
f 303/42 302/43 304/45
f 305/48 306/47 307/46
f 306/47 308/49 307/46
f 309/51 301/44 310/50
f 310/50 301/44 303/42
f 311/53 312/52 306/47
f 306/47 312/52 308/49
f 313/55 309/51 314/54
f 314/54 309/51 310/50
f 315/57 316/56 311/53
f 311/53 316/56 312/52
f 317/61 316/56 318/60
f 315/57 318/60 316/56
f 314/54 319/58 313/55
f 320/59 313/55 319/58
f 321/63 317/61 322/62
f 317/61 318/60 322/62
f 321/63 322/62 319/58
f 322/62 320/59 319/58
f 323/66 324/65 302/64
f 302/64 324/65 304/67
f 305/69 307/68 323/66
f 323/66 307/68 324/65
f 325/72 326/71 327/70
f 326/71 328/73 327/70
f 329/76 330/75 325/74
f 330/75 326/77 325/74
f 327/80 328/79 329/78
f 328/79 330/81 329/78
f 331/72 332/71 333/70
f 332/71 334/73 333/70
f 335/76 336/75 331/74
f 336/75 332/77 331/74
f 333/80 334/79 335/78
f 334/79 336/81 335/78
f 337/72 338/71 339/70
f 338/71 340/73 339/70
f 341/76 342/75 337/74
f 342/75 338/77 337/74
f 339/80 340/79 341/78
f 340/79 342/81 341/78
f 343/72 344/71 345/70
f 344/71 346/73 345/70
f 347/76 348/75 343/74
f 348/75 344/77 343/74
f 345/80 346/79 347/78
f 346/79 348/81 347/78
f 349/72 350/71 351/70
f 350/71 352/73 351/70
f 353/76 354/75 349/74
f 354/75 350/77 349/74
f 351/80 352/79 353/78
f 352/79 354/81 353/78
f 355/72 356/71 357/70
f 356/71 358/73 357/70
f 359/76 360/75 355/74
f 360/75 356/77 355/74
f 357/80 358/79 359/78
f 358/79 360/81 359/78
f 361/72 362/71 363/70
f 362/71 364/73 363/70
f 365/76 366/75 361/74
f 366/75 362/77 361/74
f 363/80 364/79 365/78
f 364/79 366/81 365/78
f 367/72 368/71 369/70
f 368/71 370/73 369/70
f 371/76 372/75 367/74
f 372/75 368/77 367/74
f 369/80 370/79 371/78
f 370/79 372/81 371/78
f 373/72 374/71 375/70
f 374/71 376/73 375/70
f 375/80 376/79 377/78
f 376/79 378/81 377/78
f 377/76 378/75 373/74
f 378/75 374/77 373/74
f 379/72 380/71 381/70
f 380/71 382/73 381/70
f 381/80 382/79 383/78
f 382/79 384/81 383/78
f 383/76 384/75 379/74
f 384/75 380/77 379/74
f 385/72 386/71 387/70
f 386/71 388/73 387/70
f 387/80 388/79 389/78
f 388/79 390/81 389/78
f 389/76 390/75 385/74
f 390/75 386/77 385/74
f 391/72 392/71 393/70
f 392/71 394/73 393/70
f 393/80 394/79 395/78
f 394/79 396/81 395/78
f 395/76 396/75 391/74
f 396/75 392/77 391/74
f 397/84 398/83 399/82
f 399/82 398/83 400/85
f 401/88 402/87 403/86
f 403/86 402/87 404/89
f 405/91 397/84 406/90
f 406/90 397/84 399/82
f 407/93 408/92 401/88
f 401/88 408/92 402/87
f 409/95 405/91 410/94
f 410/94 405/91 406/90
f 411/97 412/96 407/93
f 407/93 412/96 408/92
f 410/94 413/98 409/95
f 414/99 409/95 413/98
f 415/101 412/96 416/100
f 411/97 416/100 412/96
f 417/103 418/102 413/98
f 418/102 414/99 413/98
f 417/103 415/101 418/102
f 415/101 416/100 418/102
f 419/106 420/105 398/104
f 398/104 420/105 400/107
f 403/109 404/108 419/106
f 419/106 404/108 420/105
f 421/112 422/111 423/110
f 422/111 424/113 423/110
f 425/116 426/115 427/114
f 427/114 426/115 428/117
f 429/119 425/116 430/118
f 430/118 425/116 427/114
f 431/121 432/120 422/111
f 422/111 432/120 424/113
f 433/123 429/119 434/122
f 434/122 429/119 430/118
f 435/125 436/124 431/121
f 431/121 436/124 432/120
f 434/122 437/126 433/123
f 438/127 433/123 437/126
f 439/129 436/124 440/128
f 435/125 440/128 436/124
f 441/131 442/130 437/126
f 442/130 438/127 437/126
f 441/131 439/129 442/130
f 439/129 440/128 442/130
f 443/134 444/133 426/132
f 426/132 444/133 428/135
f 421/137 423/136 443/134
f 443/134 423/136 444/133
f 445/72 446/71 447/70
f 446/71 448/73 447/70
f 447/80 448/79 449/78
f 448/79 450/81 449/78
f 449/76 450/75 445/74
f 450/75 446/77 445/74
f 451/72 452/71 453/70
f 452/71 454/73 453/70
f 453/80 454/79 455/78
f 454/79 456/81 455/78
f 455/76 456/75 451/74
f 456/75 452/77 451/74
f 457/72 458/71 459/70
f 458/71 460/73 459/70
f 459/80 460/79 461/78
f 460/79 462/81 461/78
f 461/76 462/75 457/74
f 462/75 458/77 457/74
f 463/72 464/71 465/70
f 464/71 466/73 465/70
f 465/80 466/79 467/78
f 466/79 468/81 467/78
f 467/76 468/75 463/74
f 468/75 464/77 463/74
f 469/140 470/139 471/138
f 470/139 472/141 471/138
f 473/144 474/143 475/142
f 474/143 476/145 475/142
f 477/140 478/139 479/138
f 478/139 480/141 479/138
f 481/144 482/143 483/142
f 482/143 484/145 483/142
f 485/140 486/139 487/138
f 486/139 488/141 487/138
f 489/144 490/143 491/142
f 490/143 492/145 491/142
f 493/140 494/139 495/138
f 494/139 496/141 495/138
f 497/144 498/143 499/142
f 498/143 500/145 499/142
usemtl texture1
f 501/148 502/147 503/146
f 502/147 504/149 503/146
f 505/148 506/147 507/146
f 506/147 508/149 507/146
f 509/148 510/147 511/146
f 510/147 512/149 511/146
f 513/148 514/147 515/146
f 514/147 516/149 515/146
f 517/148 518/147 519/146
f 518/147 520/149 519/146
f 521/148 522/147 523/146
f 522/147 524/149 523/146
f 525/148 526/147 527/146
f 526/147 528/149 527/146
f 529/148 530/147 531/146
f 530/147 532/149 531/146
f 533/148 534/147 535/146
f 534/147 536/149 535/146
f 537/148 538/147 539/146
f 538/147 540/149 539/146
f 541/148 542/147 543/146
f 542/147 544/149 543/146
f 545/148 546/147 547/146
f 546/147 548/149 547/146
f 549/148 550/147 551/146
f 550/147 552/149 551/146
f 553/148 554/147 555/146
f 554/147 556/149 555/146
f 557/148 558/147 559/146
f 558/147 560/149 559/146
f 561/148 562/147 563/146
f 562/147 564/149 563/146
f 502/152 505/151 504/150
f 505/151 507/153 504/150
f 503/150 508/153 501/152
f 508/153 506/151 501/152
f 510/152 513/151 512/150
f 513/151 515/153 512/150
f 511/150 516/153 509/152
f 516/153 514/151 509/152
f 518/152 521/151 520/150
f 521/151 523/153 520/150
f 519/150 524/153 517/152
f 524/153 522/151 517/152
f 526/152 529/151 528/150
f 529/151 531/153 528/150
f 527/150 532/153 525/152
f 532/153 530/151 525/152
f 534/152 537/151 536/150
f 537/151 539/153 536/150
f 535/150 540/153 533/152
f 540/153 538/151 533/152
f 542/152 545/151 544/150
f 545/151 547/153 544/150
f 543/150 548/153 541/152
f 548/153 546/151 541/152
f 550/152 553/151 552/150
f 553/151 555/153 552/150
f 551/150 556/153 549/152
f 556/153 554/151 549/152
f 558/152 561/151 560/150
f 561/151 563/153 560/150
f 559/150 564/153 557/152
f 564/153 562/151 557/152
f 501/156 506/155 502/154
f 506/155 505/157 502/154
f 504/160 507/159 503/158
f 507/159 508/161 503/158
f 509/164 514/163 510/162
f 514/163 513/165 510/162
f 512/168 515/167 511/166
f 515/167 516/169 511/166
f 517/172 522/171 518/170
f 522/171 521/173 518/170
f 520/176 523/175 519/174
f 523/175 524/177 519/174
f 525/180 530/179 526/178
f 530/179 529/181 526/178
f 528/184 531/183 527/182
f 531/183 532/185 527/182
f 533/188 538/187 534/186
f 538/187 537/189 534/186
f 536/192 539/191 535/190
f 539/191 540/193 535/190
f 541/196 546/195 542/194
f 546/195 545/197 542/194
f 544/200 547/199 543/198
f 547/199 548/201 543/198
f 549/204 554/203 550/202
f 554/203 553/205 550/202
f 552/208 555/207 551/206
f 555/207 556/209 551/206
f 557/212 562/211 558/210
f 562/211 561/213 558/210
f 560/216 563/215 559/214
f 563/215 564/217 559/214
f 565/148 566/147 567/146
f 566/147 568/149 567/146
f 569/148 570/147 571/146
f 570/147 572/149 571/146
f 573/148 574/147 575/146
f 574/147 576/149 575/146
f 577/148 578/147 579/146
f 578/147 580/149 579/146
f 581/148 582/147 583/146
f 582/147 584/149 583/146
f 585/148 586/147 587/146
f 586/147 588/149 587/146
f 589/148 590/147 591/146
f 590/147 592/149 591/146
f 593/148 594/147 595/146
f 594/147 596/149 595/146
f 597/148 598/147 599/146
f 598/147 600/149 599/146
f 601/148 602/147 603/146
f 602/147 604/149 603/146
f 605/148 606/147 607/146
f 606/147 608/149 607/146
f 609/148 610/147 611/146
f 610/147 612/149 611/146
f 613/148 614/147 615/146
f 614/147 616/149 615/146
f 617/148 618/147 619/146
f 618/147 620/149 619/146
f 621/148 622/147 623/146
f 622/147 624/149 623/146
f 625/148 626/147 627/146
f 626/147 628/149 627/146
f 571/150 568/153 569/152
f 568/153 566/151 569/152
f 570/152 565/151 572/150
f 565/151 567/153 572/150
f 579/150 576/153 577/152
f 576/153 574/151 577/152
f 578/152 573/151 580/150
f 573/151 575/153 580/150
f 587/150 584/153 585/152
f 584/153 582/151 585/152
f 586/152 581/151 588/150
f 581/151 583/153 588/150
f 595/150 592/153 593/152
f 592/153 590/151 593/152
f 594/152 589/151 596/150
f 589/151 591/153 596/150
f 603/150 600/153 601/152
f 600/153 598/151 601/152
f 602/152 597/151 604/150
f 597/151 599/153 604/150
f 611/150 608/153 609/152
f 608/153 606/151 609/152
f 610/152 605/151 612/150
f 605/151 607/153 612/150
f 619/150 616/153 617/152
f 616/153 614/151 617/152
f 618/152 613/151 620/150
f 613/151 615/153 620/150
f 627/150 624/153 625/152
f 624/153 622/151 625/152
f 626/152 621/151 628/150
f 621/151 623/153 628/150
f 569/212 566/211 570/210
f 566/211 565/213 570/210
f 572/216 567/215 571/214
f 567/215 568/217 571/214
f 577/204 574/203 578/202
f 574/203 573/205 578/202
f 580/208 575/207 579/206
f 575/207 576/209 579/206
f 585/196 582/195 586/194
f 582/195 581/197 586/194
f 588/200 583/199 587/198
f 583/199 584/201 587/198
f 593/188 590/187 594/186
f 590/187 589/189 594/186
f 596/192 591/191 595/190
f 591/191 592/193 595/190
f 601/180 598/179 602/178
f 598/179 597/181 602/178
f 604/184 599/183 603/182
f 599/183 600/185 603/182
f 609/172 606/171 610/170
f 606/171 605/173 610/170
f 612/176 607/175 611/174
f 607/175 608/177 611/174
f 617/164 614/163 618/162
f 614/163 613/165 618/162
f 620/168 615/167 619/166
f 615/167 616/169 619/166
f 625/156 622/155 626/154
f 622/155 621/157 626/154
f 628/160 623/159 627/158
f 623/159 624/161 627/158
f 629/148 630/147 631/146
f 630/147 632/149 631/146
f 633/148 634/147 635/146
f 634/147 636/149 635/146
f 637/148 638/147 639/146
f 638/147 640/149 639/146
f 641/148 642/147 643/146
f 642/147 644/149 643/146
f 645/148 646/147 647/146
f 646/147 648/149 647/146
f 649/148 650/147 651/146
f 650/147 652/149 651/146
f 653/148 654/147 655/146
f 654/147 656/149 655/146
f 657/148 658/147 659/146
f 658/147 660/149 659/146
f 661/148 662/147 663/146
f 662/147 664/149 663/146
f 665/148 666/147 667/146
f 666/147 668/149 667/146
f 669/148 670/147 671/146
f 670/147 672/149 671/146
f 673/148 674/147 675/146
f 674/147 676/149 675/146
f 677/148 678/147 679/146
f 678/147 680/149 679/146
f 681/148 682/147 683/146
f 682/147 684/149 683/146
f 685/148 686/147 687/146
f 686/147 688/149 687/146
f 689/148 690/147 691/146
f 690/147 692/149 691/146
f 635/150 632/153 633/152
f 632/153 630/151 633/152
f 634/152 629/151 636/150
f 629/151 631/153 636/150
f 643/150 640/153 641/152
f 640/153 638/151 641/152
f 642/152 637/151 644/150
f 637/151 639/153 644/150
f 651/150 648/153 649/152
f 648/153 646/151 649/152
f 650/152 645/151 652/150
f 645/151 647/153 652/150
f 659/150 656/153 657/152
f 656/153 654/151 657/152
f 658/152 653/151 660/150
f 653/151 655/153 660/150
f 667/150 664/153 665/152
f 664/153 662/151 665/152
f 666/152 661/151 668/150
f 661/151 663/153 668/150
f 675/150 672/153 673/152
f 672/153 670/151 673/152
f 674/152 669/151 676/150
f 669/151 671/153 676/150
f 683/150 680/153 681/152
f 680/153 678/151 681/152
f 682/152 677/151 684/150
f 677/151 679/153 684/150
f 691/150 688/153 689/152
f 688/153 686/151 689/152
f 690/152 685/151 692/150
f 685/151 687/153 692/150
f 633/212 630/211 634/210
f 630/211 629/213 634/210
f 636/216 631/215 635/214
f 631/215 632/217 635/214
f 641/204 638/203 642/202
f 638/203 637/205 642/202
f 644/208 639/207 643/206
f 639/207 640/209 643/206
f 649/196 646/195 650/194
f 646/195 645/197 650/194
f 652/200 647/199 651/198
f 647/199 648/201 651/198
f 657/188 654/187 658/186
f 654/187 653/189 658/186
f 660/192 655/191 659/190
f 655/191 656/193 659/190
f 665/180 662/179 666/178
f 662/179 661/181 666/178
f 668/184 663/183 667/182
f 663/183 664/185 667/182
f 673/172 670/171 674/170
f 670/171 669/173 674/170
f 676/176 671/175 675/174
f 671/175 672/177 675/174
f 681/164 678/163 682/162
f 678/163 677/165 682/162
f 684/168 679/167 683/166
f 679/167 680/169 683/166
f 689/156 686/155 690/154
f 686/155 685/157 690/154
f 692/160 687/159 691/158
f 687/159 688/161 691/158
f 693/148 694/147 695/146
f 694/147 696/149 695/146
f 697/148 698/147 699/146
f 698/147 700/149 699/146
f 701/148 702/147 703/146
f 702/147 704/149 703/146
f 705/148 706/147 707/146
f 706/147 708/149 707/146
f 709/148 710/147 711/146
f 710/147 712/149 711/146
f 713/148 714/147 715/146
f 714/147 716/149 715/146
f 717/148 718/147 719/146
f 718/147 720/149 719/146
f 721/148 722/147 723/146
f 722/147 724/149 723/146
f 725/148 726/147 727/146
f 726/147 728/149 727/146
f 729/148 730/147 731/146
f 730/147 732/149 731/146
f 733/148 734/147 735/146
f 734/147 736/149 735/146
f 737/148 738/147 739/146
f 738/147 740/149 739/146
f 741/148 742/147 743/146
f 742/147 744/149 743/146
f 745/148 746/147 747/146
f 746/147 748/149 747/146
f 749/148 750/147 751/146
f 750/147 752/149 751/146
f 753/148 754/147 755/146
f 754/147 756/149 755/146
f 694/152 697/151 696/150
f 697/151 699/153 696/150
f 695/150 700/153 693/152
f 700/153 698/151 693/152
f 702/152 705/151 704/150
f 705/151 707/153 704/150
f 703/150 708/153 701/152
f 708/153 706/151 701/152
f 710/152 713/151 712/150
f 713/151 715/153 712/150
f 711/150 716/153 709/152
f 716/153 714/151 709/152
f 718/152 721/151 720/150
f 721/151 723/153 720/150
f 719/150 724/153 717/152
f 724/153 722/151 717/152
f 726/152 729/151 728/150
f 729/151 731/153 728/150
f 727/150 732/153 725/152
f 732/153 730/151 725/152
f 734/152 737/151 736/150
f 737/151 739/153 736/150
f 735/150 740/153 733/152
f 740/153 738/151 733/152
f 742/152 745/151 744/150
f 745/151 747/153 744/150
f 743/150 748/153 741/152
f 748/153 746/151 741/152
f 750/152 753/151 752/150
f 753/151 755/153 752/150
f 751/150 756/153 749/152
f 756/153 754/151 749/152
f 693/156 698/155 694/154
f 698/155 697/157 694/154
f 696/160 699/159 695/158
f 699/159 700/161 695/158
f 701/164 706/163 702/162
f 706/163 705/165 702/162
f 704/168 707/167 703/166
f 707/167 708/169 703/166
f 709/172 714/171 710/170
f 714/171 713/173 710/170
f 712/176 715/175 711/174
f 715/175 716/177 711/174
f 717/180 722/179 718/178
f 722/179 721/181 718/178
f 720/184 723/183 719/182
f 723/183 724/185 719/182
f 725/188 730/187 726/186
f 730/187 729/189 726/186
f 728/192 731/191 727/190
f 731/191 732/193 727/190
f 733/196 738/195 734/194
f 738/195 737/197 734/194
f 736/200 739/199 735/198
f 739/199 740/201 735/198
f 741/204 746/203 742/202
f 746/203 745/205 742/202
f 744/208 747/207 743/206
f 747/207 748/209 743/206
f 749/212 754/211 750/210
f 754/211 753/213 750/210
f 752/216 755/215 751/214
f 755/215 756/217 751/214
f 757/220 758/219 759/218
f 758/219 760/221 759/218
f 759/218 761/222 757/220
f 761/222 762/223 757/220
f 761/222 763/224 762/223
f 763/224 764/225 762/223
f 763/224 765/226 764/225
f 765/226 766/227 764/225
f 765/226 767/228 766/227
f 767/228 768/229 766/227
f 767/228 769/230 768/229
f 769/230 770/231 768/229
f 771/228 772/230 773/229
f 772/230 774/231 773/229
f 775/226 771/228 776/227
f 771/228 773/229 776/227
f 777/224 775/226 778/225
f 775/226 776/227 778/225
f 779/222 777/224 780/223
f 777/224 778/225 780/223
f 781/218 779/222 782/220
f 779/222 780/223 782/220
f 782/220 783/219 781/218
f 783/219 784/221 781/218
f 785/220 786/219 787/218
f 786/219 788/221 787/218
f 787/218 789/222 785/220
f 789/222 790/223 785/220
f 789/222 791/224 790/223
f 791/224 792/225 790/223
f 791/224 793/226 792/225
f 793/226 794/227 792/225
f 793/226 795/228 794/227
f 795/228 796/229 794/227
f 795/228 797/230 796/229
f 797/230 798/231 796/229
f 799/228 800/230 801/229
f 800/230 802/231 801/229
f 803/226 799/228 804/227
f 799/228 801/229 804/227
f 805/224 803/226 806/225
f 803/226 804/227 806/225
f 807/222 805/224 808/223
f 805/224 806/225 808/223
f 809/218 807/222 810/220
f 807/222 808/223 810/220
f 810/220 811/219 809/218
f 811/219 812/221 809/218
f 813/220 814/219 815/218
f 814/219 816/221 815/218
f 815/218 817/222 813/220
f 817/222 818/223 813/220
f 817/222 819/224 818/223
f 819/224 820/225 818/223
f 819/224 821/226 820/225
f 821/226 822/227 820/225
f 821/226 823/228 822/227
f 823/228 824/229 822/227
f 823/228 825/230 824/229
f 825/230 826/231 824/229
f 827/228 828/230 829/229
f 828/230 830/231 829/229
f 831/226 827/228 832/227
f 827/228 829/229 832/227
f 833/224 831/226 834/225
f 831/226 832/227 834/225
f 835/222 833/224 836/223
f 833/224 834/225 836/223
f 837/218 835/222 838/220
f 835/222 836/223 838/220
f 838/220 839/219 837/218
f 839/219 840/221 837/218
f 841/220 842/219 843/218
f 842/219 844/221 843/218
f 843/218 845/222 841/220
f 845/222 846/223 841/220
f 845/222 847/224 846/223
f 847/224 848/225 846/223
f 847/224 849/226 848/225
f 849/226 850/227 848/225
f 849/226 851/228 850/227
f 851/228 852/229 850/227
f 851/228 853/230 852/229
f 853/230 854/231 852/229
f 855/228 856/230 857/229
f 856/230 858/231 857/229
f 859/226 855/228 860/227
f 855/228 857/229 860/227
f 861/224 859/226 862/225
f 859/226 860/227 862/225
f 863/222 861/224 864/223
f 861/224 862/225 864/223
f 865/218 863/222 866/220
f 863/222 864/223 866/220
f 866/220 867/219 865/218
f 867/219 868/221 865/218
usemtl texture2
f 869/234 870/233 871/232
f 870/233 872/235 871/232
f 873/237 874/236 869/234
f 874/236 870/233 869/234
f 875/239 876/238 873/237
f 876/238 874/236 873/237
f 877/241 876/238 878/240
f 876/238 875/239 878/240
f 879/244 880/243 881/242
f 880/243 882/245 881/242
f 883/248 884/247 885/246
f 884/247 886/249 885/246
f 887/241 888/238 889/240
f 888/238 890/239 889/240
f 890/239 888/238 891/237
f 888/238 892/236 891/237
f 891/237 892/236 893/234
f 892/236 894/233 893/234
f 893/234 894/233 895/232
f 894/233 896/235 895/232
f 897/234 898/233 899/232
f 898/233 900/235 899/232
f 901/237 902/236 897/234
f 902/236 898/233 897/234
f 903/239 904/238 901/237
f 904/238 902/236 901/237
f 905/241 904/238 906/240
f 904/238 903/239 906/240
f 907/241 908/238 909/240
f 908/238 910/239 909/240
f 910/239 908/238 911/237
f 908/238 912/236 911/237
f 911/237 912/236 913/234
f 912/236 914/233 913/234
f 913/234 914/233 915/232
f 914/233 916/235 915/232
f 917/248 918/247 919/246
f 918/247 920/249 919/246
f 921/244 922/243 923/242
f 922/243 924/245 923/242
f 925/234 926/233 927/232
f 926/233 928/235 927/232
f 929/237 930/236 925/234
f 930/236 926/233 925/234
f 931/239 932/238 929/237
f 932/238 930/236 929/237
f 933/241 932/238 934/240
f 932/238 931/239 934/240
f 935/241 936/238 937/240
f 936/238 938/239 937/240
f 938/239 936/238 939/237
f 936/238 940/236 939/237
f 939/237 940/236 941/234
f 940/236 942/233 941/234
f 941/234 942/233 943/232
f 942/233 944/235 943/232
f 945/248 946/247 947/246
f 946/247 948/249 947/246
f 949/244 950/243 951/242
f 950/243 952/245 951/242
f 953/234 954/233 955/232
f 954/233 956/235 955/232
f 957/237 958/236 953/234
f 958/236 954/233 953/234
f 959/239 960/238 957/237
f 960/238 958/236 957/237
f 961/241 960/238 962/240
f 960/238 959/239 962/240
f 963/241 964/238 965/240
f 964/238 966/239 965/240
f 966/239 964/238 967/237
f 964/238 968/236 967/237
f 967/237 968/236 969/234
f 968/236 970/233 969/234
f 969/234 970/233 971/232
f 970/233 972/235 971/232
f 973/248 974/247 975/246
f 974/247 976/249 975/246
f 977/244 978/243 979/242
f 978/243 980/245 979/242
f 981/252 982/251 983/250
f 982/251 984/253 983/250
f 985/46 986/48 987/254
f 986/48 988/255 987/254
f 983/48 984/256 986/250
f 984/256 988/257 986/250
f 984/256 982/46 988/257
f 982/46 987/252 988/257
f 989/252 990/251 991/250
f 990/251 992/253 991/250
f 993/46 994/48 995/254
f 994/48 996/255 995/254
f 991/48 992/256 994/250
f 992/256 996/257 994/250
f 992/256 990/46 996/257
f 990/46 995/252 996/257
f 475/260 476/259 469/258
f 476/259 470/261 469/258
f 471/258 472/261 473/260
f 472/261 474/259 473/260
f 483/260 484/259 477/258
f 484/259 478/261 477/258
f 479/258 480/261 481/260
f 480/261 482/259 481/260
f 491/260 492/259 485/258
f 492/259 486/261 485/258
f 487/258 488/261 489/260
f 488/261 490/259 489/260
f 499/260 500/259 493/258
f 500/259 494/261 493/258
f 495/258 496/261 497/260
f 496/261 498/259 497/260
usemtl texture3
f 997/264 887/263 879/262
f 887/263 880/265 879/262
f 885/268 886/267 998/266
f 886/267 999/269 998/266
f 898/272 1000/271 900/270
f 1000/271 788/273 900/270
f 902/275 1001/274 898/272
f 1001/274 1000/271 898/272
f 904/277 1002/276 902/275
f 1002/276 1001/274 902/275
f 797/279 1002/276 905/278
f 1002/276 904/277 905/278
f 800/279 1003/276 907/278
f 1003/276 908/277 907/278
f 908/277 1003/276 912/275
f 1003/276 1004/274 912/275
f 912/275 1004/274 914/272
f 1004/274 1005/271 914/272
f 914/272 1005/271 916/270
f 1005/271 812/273 916/270
f 919/268 920/267 1006/266
f 920/267 1007/269 1006/266
f 1008/264 1009/263 921/262
f 1009/263 922/265 921/262
f 947/268 948/267 1010/266
f 948/267 1011/269 1010/266
f 1012/264 1013/263 949/262
f 1013/263 950/265 949/262
f 975/268 976/267 1014/266
f 976/267 1015/269 1014/266
f 1016/264 1017/263 977/262
f 1017/263 978/265 977/262
usemtl texture4
f 155/282 1018/281 1019/280
f 1019/280 1018/281 1020/283
f 1021/286 1022/285 133/284
f 1022/285 134/287 133/284
f 1023/289 1024/288 1020/283
f 1024/288 1019/280 1020/283
f 141/291 1025/290 133/284
f 1025/290 1021/286 133/284
f 1026/293 1025/290 145/292
f 1025/290 141/291 145/292
f 1027/295 1024/288 1028/294
f 1024/288 1023/289 1028/294
f 150/297 1029/296 145/292
f 1029/296 1026/293 145/292
f 1030/48 154/298 1028/294
f 154/298 1027/295 1028/294
f 154/300 1030/299 150/297
f 1030/299 1029/296 150/297
f 134/303 1022/302 155/301
f 1022/302 1018/304 155/301
f 1031/307 1032/306 229/305
f 1032/306 230/308 229/305
f 251/311 1033/310 1034/309
f 1034/309 1033/310 1035/312
f 1036/314 1037/313 1035/312
f 1037/313 1034/309 1035/312
f 237/316 1038/315 229/305
f 1038/315 1031/307 229/305
f 1039/318 1038/315 241/317
f 1038/315 237/316 241/317
f 1040/320 1037/313 1041/319
f 1037/313 1036/314 1041/319
f 248/322 1042/321 241/317
f 1042/321 1039/318 241/317
f 1043/324 250/323 1041/319
f 250/323 1040/320 1041/319
f 250/326 1043/325 248/322
f 1043/325 1042/321 248/322
f 230/303 1032/302 251/301
f 1032/302 1033/304 251/301
f 1044/286 1045/285 253/284
f 1045/285 254/287 253/284
f 275/282 1046/281 1047/280
f 1047/280 1046/281 1048/283
f 261/291 1049/290 253/284
f 1049/290 1044/286 253/284
f 1050/289 1051/288 1048/283
f 1051/288 1047/280 1048/283
f 1052/293 1049/290 265/292
f 1049/290 261/291 265/292
f 1053/295 1051/288 1054/294
f 1051/288 1050/289 1054/294
f 270/297 1055/296 265/292
f 1055/296 1052/293 265/292
f 1056/48 274/298 1054/294
f 274/298 1053/295 1054/294
f 274/300 1056/299 270/297
f 1056/299 1055/296 270/297
f 254/303 1045/302 275/301
f 1045/302 1046/304 275/301
f 1057/329 1058/328 301/327
f 1058/328 302/330 301/327
f 323/333 1059/332 1060/331
f 1060/331 1059/332 1061/334
f 309/336 1062/335 301/327
f 1062/335 1057/329 301/327
f 1063/338 1064/337 1061/334
f 1064/337 1060/331 1061/334
f 1065/340 1062/335 313/339
f 1062/335 309/336 313/339
f 1066/342 1064/337 1067/341
f 1064/337 1063/338 1067/341
f 320/344 1068/343 313/339
f 1068/343 1065/340 313/339
f 1069/346 322/345 1067/341
f 322/345 1066/342 1067/341
f 322/348 1069/347 320/344
f 1069/347 1068/343 320/344
f 302/351 1058/350 323/349
f 1058/350 1059/352 323/349
f 419/355 1070/354 1071/353
f 1071/353 1070/354 1072/356
f 1073/359 1074/358 397/357
f 1074/358 398/360 397/357
f 1075/362 1076/361 1072/356
f 1076/361 1071/353 1072/356
f 405/364 1077/363 397/357
f 1077/363 1073/359 397/357
f 1078/366 1077/363 409/365
f 1077/363 405/364 409/365
f 1079/368 1076/361 1080/367
f 1076/361 1075/362 1080/367
f 414/370 1081/369 409/365
f 1081/369 1078/366 409/365
f 1082/86 418/371 1080/367
f 418/371 1079/368 1080/367
f 1082/373 1081/369 418/372
f 418/372 1081/369 414/370
f 398/376 1074/375 419/374
f 1074/375 1070/377 419/374
f 1083/380 1084/379 425/378
f 1084/379 426/381 425/378
f 443/384 1085/383 1086/382
f 1086/382 1085/383 1087/385
f 429/387 1088/386 425/378
f 1088/386 1083/380 425/378
f 1089/389 1090/388 1087/385
f 1090/388 1086/382 1087/385
f 1091/391 1088/386 433/390
f 1088/386 429/387 433/390
f 1092/393 1090/388 1093/392
f 1090/388 1089/389 1093/392
f 438/395 1094/394 433/390
f 1094/394 1091/391 433/390
f 1095/112 442/396 1093/392
f 442/396 1092/393 1093/392
f 1095/398 1094/394 442/397
f 442/397 1094/394 438/395
f 426/401 1084/400 443/399
f 1084/400 1085/402 443/399
f 1096/405 1097/404 1098/403
f 1097/404 1099/406 1098/403
f 1099/406 1100/407 1098/403
f 1101/409 1102/408 1096/405
f 1097/404 1096/405 1102/408
f 1102/408 1103/410 1097/404
f 1099/406 1097/404 1103/410
f 1103/410 1104/411 1099/406
f 1100/407 1099/406 1104/411
f 1105/406 1096/407 1098/403
f 1106/404 1105/406 1098/403
f 1100/405 1106/404 1098/403
f 1107/410 1101/411 1105/406
f 1096/407 1105/406 1101/411
f 1108/408 1107/410 1106/404
f 1105/406 1106/404 1107/410
f 1104/409 1108/408 1100/405
f 1106/404 1100/405 1108/408
f 1109/405 1110/404 1111/403
f 1110/404 1112/406 1111/403
f 1112/406 1113/407 1111/403
f 1114/409 1115/408 1109/405
f 1110/404 1109/405 1115/408
f 1115/408 1116/410 1110/404
f 1112/406 1110/404 1116/410
f 1116/410 1117/411 1112/406
f 1113/407 1112/406 1117/411
f 1118/406 1109/407 1111/403
f 1119/404 1118/406 1111/403
f 1113/405 1119/404 1111/403
f 1120/410 1114/411 1118/406
f 1109/407 1118/406 1114/411
f 1121/408 1120/410 1119/404
f 1118/406 1119/404 1120/410
f 1117/409 1121/408 1113/405
f 1119/404 1113/405 1121/408
usemtl texture5
f 1122/414 1123/413 1124/412
f 1123/413 1125/415 1124/412
f 1123/413 1122/414 1126/416
f 1127/417 1126/416 1122/414
f 1128/420 1129/419 1130/418
f 1129/419 1131/421 1130/418
f 1130/418 1132/422 1128/420
f 1128/420 1132/422 1133/423
f 1134/414 1135/413 1136/412
f 1135/413 1137/415 1136/412
f 1135/413 1134/414 1138/416
f 1139/417 1138/416 1134/414
f 1140/420 1141/419 1142/418
f 1141/419 1143/421 1142/418
f 1142/418 1144/422 1140/420
f 1140/420 1144/422 1145/423
f 1146/420 1147/419 1148/418
f 1147/419 1149/421 1148/418
f 1148/418 1150/422 1146/420
f 1146/420 1150/422 1151/423
f 1152/414 1153/413 1154/412
f 1153/413 1155/415 1154/412
f 1153/413 1152/414 1156/416
f 1157/417 1156/416 1152/414
f 1158/420 1159/419 1160/418
f 1159/419 1161/421 1160/418
f 1160/418 1162/422 1158/420
f 1158/420 1162/422 1163/423
f 1164/414 1165/413 1166/412
f 1165/413 1167/415 1166/412
f 1165/413 1164/414 1168/416
f 1169/417 1168/416 1164/414
f 1170/414 1171/413 1172/412
f 1171/413 1173/415 1172/412
f 1171/413 1170/414 1174/416
f 1175/417 1174/416 1170/414
f 1176/420 1177/419 1178/418
f 1177/419 1179/421 1178/418
f 1178/418 1180/422 1176/420
f 1176/420 1180/422 1181/423
f 1182/414 1183/413 1184/412
f 1183/413 1185/415 1184/412
f 1183/413 1182/414 1186/416
f 1187/417 1186/416 1182/414
f 1188/420 1189/419 1190/418
f 1189/419 1191/421 1190/418
f 1190/418 1192/422 1188/420
f 1188/420 1192/422 1193/423
f 1194/420 1195/419 1196/418
f 1195/419 1197/421 1196/418
f 1196/418 1198/422 1194/420
f 1194/420 1198/422 1199/423
f 1200/414 1201/413 1202/412
f 1201/413 1203/415 1202/412
f 1201/413 1200/414 1204/416
f 1205/417 1204/416 1200/414
f 419/426 1071/425 403/424
f 1071/425 401/427 403/424
f 1073/430 1072/429 1074/428
f 1072/429 1070/431 1074/428
f 1077/433 1075/432 1073/430
f 1075/432 1072/429 1073/430
f 1071/425 1076/434 401/427
f 1076/434 407/435 401/427
f 1078/437 1080/436 1077/433
f 1080/436 1075/432 1077/433
f 1076/434 1079/438 407/435
f 1079/438 411/439 407/435
f 1082/441 1080/436 1081/440
f 1080/436 1078/437 1081/440
f 1079/438 418/442 411/439
f 418/442 416/443 411/439
f 1083/446 1087/445 1084/444
f 1087/445 1085/447 1084/444
f 1088/449 1089/448 1083/446
f 1089/448 1087/445 1083/446
f 1091/451 1093/450 1088/449
f 1093/450 1089/448 1088/449
f 1095/453 1093/450 1094/452
f 1093/450 1091/451 1094/452
f 1206/420 1207/419 1208/418
f 1207/419 1209/421 1208/418
f 1208/418 1210/422 1206/420
f 1206/420 1210/422 1211/423
f 1212/414 1213/413 1214/412
f 1213/413 1215/415 1214/412
f 1213/413 1212/414 1216/416
f 1217/417 1216/416 1212/414
usemtl texture6
f 1218/456 1219/455 1220/454
f 1219/455 1221/457 1220/454
f 1222/456 1223/455 1224/454
f 1223/455 1225/457 1224/454
f 1226/456 1227/455 1228/454
f 1227/455 1229/457 1228/454
f 1230/456 1231/455 1232/454
f 1231/455 1233/457 1232/454
f 1234/456 1235/455 1236/454
f 1235/455 1237/457 1236/454
f 1238/456 1239/455 1240/454
f 1239/455 1241/457 1240/454
f 1242/456 1243/455 1244/454
f 1243/455 1245/457 1244/454
f 1246/456 1247/455 1248/454
f 1247/455 1249/457 1248/454
f 1250/456 1251/455 1252/454
f 1251/455 1253/457 1252/454
f 1254/456 1255/455 1256/454
f 1255/455 1257/457 1256/454
f 1258/456 1259/455 1260/454
f 1259/455 1261/457 1260/454
f 1262/456 1263/455 1264/454
f 1263/455 1265/457 1264/454
f 1266/456 1267/455 1268/454
f 1267/455 1269/457 1268/454
f 1270/456 1271/455 1272/454
f 1271/455 1273/457 1272/454
f 1274/456 1275/455 1276/454
f 1275/455 1277/457 1276/454
f 1278/456 1279/455 1280/454
f 1279/455 1281/457 1280/454
f 1224/460 1221/459 1222/458
f 1221/459 1219/461 1222/458
f 1223/460 1218/459 1225/458
f 1218/459 1220/461 1225/458
f 1232/460 1229/459 1230/458
f 1229/459 1227/461 1230/458
f 1231/460 1226/459 1233/458
f 1226/459 1228/461 1233/458
f 1240/460 1237/459 1238/458
f 1237/459 1235/461 1238/458
f 1239/460 1234/459 1241/458
f 1234/459 1236/461 1241/458
f 1248/460 1245/459 1246/458
f 1245/459 1243/461 1246/458
f 1247/460 1242/459 1249/458
f 1242/459 1244/461 1249/458
f 1256/460 1253/459 1254/458
f 1253/459 1251/461 1254/458
f 1255/460 1250/459 1257/458
f 1250/459 1252/461 1257/458
f 1264/460 1261/459 1262/458
f 1261/459 1259/461 1262/458
f 1263/460 1258/459 1265/458
f 1258/459 1260/461 1265/458
f 1272/460 1269/459 1270/458
f 1269/459 1267/461 1270/458
f 1271/460 1266/459 1273/458
f 1266/459 1268/461 1273/458
f 1280/460 1277/459 1278/458
f 1277/459 1275/461 1278/458
f 1279/460 1274/459 1281/458
f 1274/459 1276/461 1281/458
f 1222/458 1219/463 1223/462
f 1219/463 1218/464 1223/462
f 1225/458 1220/463 1224/462
f 1220/463 1221/464 1224/462
f 1230/458 1227/463 1231/462
f 1227/463 1226/464 1231/462
f 1233/458 1228/463 1232/462
f 1228/463 1229/464 1232/462
f 1238/458 1235/463 1239/462
f 1235/463 1234/464 1239/462
f 1241/458 1236/463 1240/462
f 1236/463 1237/464 1240/462
f 1246/458 1243/463 1247/462
f 1243/463 1242/464 1247/462
f 1249/458 1244/463 1248/462
f 1244/463 1245/464 1248/462
f 1254/458 1251/463 1255/462
f 1251/463 1250/464 1255/462
f 1257/458 1252/463 1256/462
f 1252/463 1253/464 1256/462
f 1262/458 1259/463 1263/462
f 1259/463 1258/464 1263/462
f 1265/458 1260/463 1264/462
f 1260/463 1261/464 1264/462
f 1270/458 1267/463 1271/462
f 1267/463 1266/464 1271/462
f 1273/458 1268/463 1272/462
f 1268/463 1269/464 1272/462
f 1278/458 1275/463 1279/462
f 1275/463 1274/464 1279/462
f 1281/458 1276/463 1280/462
f 1276/463 1277/464 1280/462
f 1282/456 1283/455 1284/454
f 1283/455 1285/457 1284/454
f 1286/456 1287/455 1288/454
f 1287/455 1289/457 1288/454
f 1290/456 1291/455 1292/454
f 1291/455 1293/457 1292/454
f 1294/456 1295/455 1296/454
f 1295/455 1297/457 1296/454
f 1298/456 1299/455 1300/454
f 1299/455 1301/457 1300/454
f 1302/456 1303/455 1304/454
f 1303/455 1305/457 1304/454
f 1306/456 1307/455 1308/454
f 1307/455 1309/457 1308/454
f 1310/456 1311/455 1312/454
f 1311/455 1313/457 1312/454
f 1314/456 1315/455 1316/454
f 1315/455 1317/457 1316/454
f 1318/456 1319/455 1320/454
f 1319/455 1321/457 1320/454
f 1322/456 1323/455 1324/454
f 1323/455 1325/457 1324/454
f 1326/456 1327/455 1328/454
f 1327/455 1329/457 1328/454
f 1330/456 1331/455 1332/454
f 1331/455 1333/457 1332/454
f 1334/456 1335/455 1336/454
f 1335/455 1337/457 1336/454
f 1338/456 1339/455 1340/454
f 1339/455 1341/457 1340/454
f 1342/456 1343/455 1344/454
f 1343/455 1345/457 1344/454
f 1288/460 1285/459 1286/458
f 1285/459 1283/461 1286/458
f 1287/460 1282/459 1289/458
f 1282/459 1284/461 1289/458
f 1296/460 1293/459 1294/458
f 1293/459 1291/461 1294/458
f 1295/460 1290/459 1297/458
f 1290/459 1292/461 1297/458
f 1304/460 1301/459 1302/458
f 1301/459 1299/461 1302/458
f 1303/460 1298/459 1305/458
f 1298/459 1300/461 1305/458
f 1312/460 1309/459 1310/458
f 1309/459 1307/461 1310/458
f 1311/460 1306/459 1313/458
f 1306/459 1308/461 1313/458
f 1320/460 1317/459 1318/458
f 1317/459 1315/461 1318/458
f 1319/460 1314/459 1321/458
f 1314/459 1316/461 1321/458
f 1328/460 1325/459 1326/458
f 1325/459 1323/461 1326/458
f 1327/460 1322/459 1329/458
f 1322/459 1324/461 1329/458
f 1336/460 1333/459 1334/458
f 1333/459 1331/461 1334/458
f 1335/460 1330/459 1337/458
f 1330/459 1332/461 1337/458
f 1344/460 1341/459 1342/458
f 1341/459 1339/461 1342/458
f 1343/460 1338/459 1345/458
f 1338/459 1340/461 1345/458
f 1286/458 1283/463 1287/462
f 1283/463 1282/464 1287/462
f 1289/458 1284/463 1288/462
f 1284/463 1285/464 1288/462
f 1294/458 1291/463 1295/462
f 1291/463 1290/464 1295/462
f 1297/458 1292/463 1296/462
f 1292/463 1293/464 1296/462
f 1302/458 1299/463 1303/462
f 1299/463 1298/464 1303/462
f 1305/458 1300/463 1304/462
f 1300/463 1301/464 1304/462
f 1310/458 1307/463 1311/462
f 1307/463 1306/464 1311/462
f 1313/458 1308/463 1312/462
f 1308/463 1309/464 1312/462
f 1318/458 1315/463 1319/462
f 1315/463 1314/464 1319/462
f 1321/458 1316/463 1320/462
f 1316/463 1317/464 1320/462
f 1326/458 1323/463 1327/462
f 1323/463 1322/464 1327/462
f 1329/458 1324/463 1328/462
f 1324/463 1325/464 1328/462
f 1334/458 1331/463 1335/462
f 1331/463 1330/464 1335/462
f 1337/458 1332/463 1336/462
f 1332/463 1333/464 1336/462
f 1342/458 1339/463 1343/462
f 1339/463 1338/464 1343/462
f 1345/458 1340/463 1344/462
f 1340/463 1341/464 1344/462
f 1346/456 1347/455 1348/454
f 1347/455 1349/457 1348/454
f 1350/456 1351/455 1352/454
f 1351/455 1353/457 1352/454
f 1354/456 1355/455 1356/454
f 1355/455 1357/457 1356/454
f 1358/456 1359/455 1360/454
f 1359/455 1361/457 1360/454
f 1362/456 1363/455 1364/454
f 1363/455 1365/457 1364/454
f 1366/456 1367/455 1368/454
f 1367/455 1369/457 1368/454
f 1370/456 1371/455 1372/454
f 1371/455 1373/457 1372/454
f 1374/456 1375/455 1376/454
f 1375/455 1377/457 1376/454
f 1378/456 1379/455 1380/454
f 1379/455 1381/457 1380/454
f 1382/456 1383/455 1384/454
f 1383/455 1385/457 1384/454
f 1386/456 1387/455 1388/454
f 1387/455 1389/457 1388/454
f 1390/456 1391/455 1392/454
f 1391/455 1393/457 1392/454
f 1394/456 1395/455 1396/454
f 1395/455 1397/457 1396/454
f 1398/456 1399/455 1400/454
f 1399/455 1401/457 1400/454
f 1402/456 1403/455 1404/454
f 1403/455 1405/457 1404/454
f 1406/456 1407/455 1408/454
f 1407/455 1409/457 1408/454
f 1347/460 1350/459 1349/458
f 1350/459 1352/461 1349/458
f 1348/460 1353/459 1346/458
f 1353/459 1351/461 1346/458
f 1355/460 1358/459 1357/458
f 1358/459 1360/461 1357/458
f 1356/460 1361/459 1354/458
f 1361/459 1359/461 1354/458
f 1363/460 1366/459 1365/458
f 1366/459 1368/461 1365/458
f 1364/460 1369/459 1362/458
f 1369/459 1367/461 1362/458
f 1371/460 1374/459 1373/458
f 1374/459 1376/461 1373/458
f 1372/460 1377/459 1370/458
f 1377/459 1375/461 1370/458
f 1379/460 1382/459 1381/458
f 1382/459 1384/461 1381/458
f 1380/460 1385/459 1378/458
f 1385/459 1383/461 1378/458
f 1387/460 1390/459 1389/458
f 1390/459 1392/461 1389/458
f 1388/460 1393/459 1386/458
f 1393/459 1391/461 1386/458
f 1395/460 1398/459 1397/458
f 1398/459 1400/461 1397/458
f 1396/460 1401/459 1394/458
f 1401/459 1399/461 1394/458
f 1403/460 1406/459 1405/458
f 1406/459 1408/461 1405/458
f 1404/460 1409/459 1402/458
f 1409/459 1407/461 1402/458
f 1346/458 1351/463 1347/462
f 1351/463 1350/464 1347/462
f 1349/458 1352/463 1348/462
f 1352/463 1353/464 1348/462
f 1354/458 1359/463 1355/462
f 1359/463 1358/464 1355/462
f 1357/458 1360/463 1356/462
f 1360/463 1361/464 1356/462
f 1362/458 1367/463 1363/462
f 1367/463 1366/464 1363/462
f 1365/458 1368/463 1364/462
f 1368/463 1369/464 1364/462
f 1370/458 1375/463 1371/462
f 1375/463 1374/464 1371/462
f 1373/458 1376/463 1372/462
f 1376/463 1377/464 1372/462
f 1378/458 1383/463 1379/462
f 1383/463 1382/464 1379/462
f 1381/458 1384/463 1380/462
f 1384/463 1385/464 1380/462
f 1386/458 1391/463 1387/462
f 1391/463 1390/464 1387/462
f 1389/458 1392/463 1388/462
f 1392/463 1393/464 1388/462
f 1394/458 1399/463 1395/462
f 1399/463 1398/464 1395/462
f 1397/458 1400/463 1396/462
f 1400/463 1401/464 1396/462
f 1402/458 1407/463 1403/462
f 1407/463 1406/464 1403/462
f 1405/458 1408/463 1404/462
f 1408/463 1409/464 1404/462
f 1410/456 1411/455 1412/454
f 1411/455 1413/457 1412/454
f 1414/456 1415/455 1416/454
f 1415/455 1417/457 1416/454
f 1418/456 1419/455 1420/454
f 1419/455 1421/457 1420/454
f 1422/456 1423/455 1424/454
f 1423/455 1425/457 1424/454
f 1426/456 1427/455 1428/454
f 1427/455 1429/457 1428/454
f 1430/456 1431/455 1432/454
f 1431/455 1433/457 1432/454
f 1434/456 1435/455 1436/454
f 1435/455 1437/457 1436/454
f 1438/456 1439/455 1440/454
f 1439/455 1441/457 1440/454
f 1442/456 1443/455 1444/454
f 1443/455 1445/457 1444/454
f 1446/456 1447/455 1448/454
f 1447/455 1449/457 1448/454
f 1450/456 1451/455 1452/454
f 1451/455 1453/457 1452/454
f 1454/456 1455/455 1456/454
f 1455/455 1457/457 1456/454
f 1458/456 1459/455 1460/454
f 1459/455 1461/457 1460/454
f 1462/456 1463/455 1464/454
f 1463/455 1465/457 1464/454
f 1466/456 1467/455 1468/454
f 1467/455 1469/457 1468/454
f 1470/456 1471/455 1472/454
f 1471/455 1473/457 1472/454
f 1411/460 1414/459 1413/458
f 1414/459 1416/461 1413/458
f 1412/460 1417/459 1410/458
f 1417/459 1415/461 1410/458
f 1419/460 1422/459 1421/458
f 1422/459 1424/461 1421/458
f 1420/460 1425/459 1418/458
f 1425/459 1423/461 1418/458
f 1427/460 1430/459 1429/458
f 1430/459 1432/461 1429/458
f 1428/460 1433/459 1426/458
f 1433/459 1431/461 1426/458
f 1435/460 1438/459 1437/458
f 1438/459 1440/461 1437/458
f 1436/460 1441/459 1434/458
f 1441/459 1439/461 1434/458
f 1443/460 1446/459 1445/458
f 1446/459 1448/461 1445/458
f 1444/460 1449/459 1442/458
f 1449/459 1447/461 1442/458
f 1451/460 1454/459 1453/458
f 1454/459 1456/461 1453/458
f 1452/460 1457/459 1450/458
f 1457/459 1455/461 1450/458
f 1459/460 1462/459 1461/458
f 1462/459 1464/461 1461/458
f 1460/460 1465/459 1458/458
f 1465/459 1463/461 1458/458
f 1467/460 1470/459 1469/458
f 1470/459 1472/461 1469/458
f 1468/460 1473/459 1466/458
f 1473/459 1471/461 1466/458
f 1410/458 1415/463 1411/462
f 1415/463 1414/464 1411/462
f 1413/458 1416/463 1412/462
f 1416/463 1417/464 1412/462
f 1418/458 1423/463 1419/462
f 1423/463 1422/464 1419/462
f 1421/458 1424/463 1420/462
f 1424/463 1425/464 1420/462
f 1426/458 1431/463 1427/462
f 1431/463 1430/464 1427/462
f 1429/458 1432/463 1428/462
f 1432/463 1433/464 1428/462
f 1434/458 1439/463 1435/462
f 1439/463 1438/464 1435/462
f 1437/458 1440/463 1436/462
f 1440/463 1441/464 1436/462
f 1442/458 1447/463 1443/462
f 1447/463 1446/464 1443/462
f 1445/458 1448/463 1444/462
f 1448/463 1449/464 1444/462
f 1450/458 1455/463 1451/462
f 1455/463 1454/464 1451/462
f 1453/458 1456/463 1452/462
f 1456/463 1457/464 1452/462
f 1458/458 1463/463 1459/462
f 1463/463 1462/464 1459/462
f 1461/458 1464/463 1460/462
f 1464/463 1465/464 1460/462
f 1466/458 1471/463 1467/462
f 1471/463 1470/464 1467/462
f 1469/458 1472/463 1468/462
f 1472/463 1473/464 1468/462
f 1474/456 1475/455 1476/454
f 1475/455 1477/457 1476/454
f 1478/456 1479/455 1480/454
f 1479/455 1481/457 1480/454
f 1482/456 1483/455 1484/454
f 1483/455 1485/457 1484/454
f 1486/456 1487/455 1488/454
f 1487/455 1489/457 1488/454
f 1490/456 1491/455 1492/454
f 1491/455 1493/457 1492/454
f 1494/456 1495/455 1496/454
f 1495/455 1497/457 1496/454
f 1498/456 1499/455 1500/454
f 1499/455 1501/457 1500/454
f 1502/456 1503/455 1504/454
f 1503/455 1505/457 1504/454
f 1506/456 1507/455 1508/454
f 1507/455 1509/457 1508/454
f 1510/456 1511/455 1512/454
f 1511/455 1513/457 1512/454
f 1514/456 1515/455 1516/454
f 1515/455 1517/457 1516/454
f 1518/456 1519/455 1520/454
f 1519/455 1521/457 1520/454
f 1522/456 1523/455 1524/454
f 1523/455 1525/457 1524/454
f 1526/456 1527/455 1528/454
f 1527/455 1529/457 1528/454
f 1530/456 1531/455 1532/454
f 1531/455 1533/457 1532/454
f 1534/456 1535/455 1536/454
f 1535/455 1537/457 1536/454
f 1480/460 1477/459 1478/458
f 1477/459 1475/461 1478/458
f 1479/460 1474/459 1481/458
f 1474/459 1476/461 1481/458
f 1488/460 1485/459 1486/458
f 1485/459 1483/461 1486/458
f 1487/460 1482/459 1489/458
f 1482/459 1484/461 1489/458
f 1496/460 1493/459 1494/458
f 1493/459 1491/461 1494/458
f 1495/460 1490/459 1497/458
f 1490/459 1492/461 1497/458
f 1504/460 1501/459 1502/458
f 1501/459 1499/461 1502/458
f 1503/460 1498/459 1505/458
f 1498/459 1500/461 1505/458
f 1512/460 1509/459 1510/458
f 1509/459 1507/461 1510/458
f 1511/460 1506/459 1513/458
f 1506/459 1508/461 1513/458
f 1520/460 1517/459 1518/458
f 1517/459 1515/461 1518/458
f 1519/460 1514/459 1521/458
f 1514/459 1516/461 1521/458
f 1528/460 1525/459 1526/458
f 1525/459 1523/461 1526/458
f 1527/460 1522/459 1529/458
f 1522/459 1524/461 1529/458
f 1536/460 1533/459 1534/458
f 1533/459 1531/461 1534/458
f 1535/460 1530/459 1537/458
f 1530/459 1532/461 1537/458
f 1478/458 1475/463 1479/462
f 1475/463 1474/464 1479/462
f 1481/458 1476/463 1480/462
f 1476/463 1477/464 1480/462
f 1486/458 1483/463 1487/462
f 1483/463 1482/464 1487/462
f 1489/458 1484/463 1488/462
f 1484/463 1485/464 1488/462
f 1494/458 1491/463 1495/462
f 1491/463 1490/464 1495/462
f 1497/458 1492/463 1496/462
f 1492/463 1493/464 1496/462
f 1502/458 1499/463 1503/462
f 1499/463 1498/464 1503/462
f 1505/458 1500/463 1504/462
f 1500/463 1501/464 1504/462
f 1510/458 1507/463 1511/462
f 1507/463 1506/464 1511/462
f 1513/458 1508/463 1512/462
f 1508/463 1509/464 1512/462
f 1518/458 1515/463 1519/462
f 1515/463 1514/464 1519/462
f 1521/458 1516/463 1520/462
f 1516/463 1517/464 1520/462
f 1526/458 1523/463 1527/462
f 1523/463 1522/464 1527/462
f 1529/458 1524/463 1528/462
f 1524/463 1525/464 1528/462
f 1534/458 1531/463 1535/462
f 1531/463 1530/464 1535/462
f 1537/458 1532/463 1536/462
f 1532/463 1533/464 1536/462
f 1538/456 1539/455 1540/454
f 1539/455 1541/457 1540/454
f 1542/456 1543/455 1544/454
f 1543/455 1545/457 1544/454
f 1546/456 1547/455 1548/454
f 1547/455 1549/457 1548/454
f 1550/456 1551/455 1552/454
f 1551/455 1553/457 1552/454
f 1554/456 1555/455 1556/454
f 1555/455 1557/457 1556/454
f 1558/456 1559/455 1560/454
f 1559/455 1561/457 1560/454
f 1562/456 1563/455 1564/454
f 1563/455 1565/457 1564/454
f 1566/456 1567/455 1568/454
f 1567/455 1569/457 1568/454
f 1570/456 1571/455 1572/454
f 1571/455 1573/457 1572/454
f 1574/456 1575/455 1576/454
f 1575/455 1577/457 1576/454
f 1578/456 1579/455 1580/454
f 1579/455 1581/457 1580/454
f 1582/456 1583/455 1584/454
f 1583/455 1585/457 1584/454
f 1586/456 1587/455 1588/454
f 1587/455 1589/457 1588/454
f 1590/456 1591/455 1592/454
f 1591/455 1593/457 1592/454
f 1594/456 1595/455 1596/454
f 1595/455 1597/457 1596/454
f 1598/456 1599/455 1600/454
f 1599/455 1601/457 1600/454
f 1544/460 1541/459 1542/458
f 1541/459 1539/461 1542/458
f 1543/460 1538/459 1545/458
f 1538/459 1540/461 1545/458
f 1552/460 1549/459 1550/458
f 1549/459 1547/461 1550/458
f 1551/460 1546/459 1553/458
f 1546/459 1548/461 1553/458
f 1560/460 1557/459 1558/458
f 1557/459 1555/461 1558/458
f 1559/460 1554/459 1561/458
f 1554/459 1556/461 1561/458
f 1568/460 1565/459 1566/458
f 1565/459 1563/461 1566/458
f 1567/460 1562/459 1569/458
f 1562/459 1564/461 1569/458
f 1576/460 1573/459 1574/458
f 1573/459 1571/461 1574/458
f 1575/460 1570/459 1577/458
f 1570/459 1572/461 1577/458
f 1584/460 1581/459 1582/458
f 1581/459 1579/461 1582/458
f 1583/460 1578/459 1585/458
f 1578/459 1580/461 1585/458
f 1592/460 1589/459 1590/458
f 1589/459 1587/461 1590/458
f 1591/460 1586/459 1593/458
f 1586/459 1588/461 1593/458
f 1600/460 1597/459 1598/458
f 1597/459 1595/461 1598/458
f 1599/460 1594/459 1601/458
f 1594/459 1596/461 1601/458
f 1542/458 1539/463 1543/462
f 1539/463 1538/464 1543/462
f 1545/458 1540/463 1544/462
f 1540/463 1541/464 1544/462
f 1550/458 1547/463 1551/462
f 1547/463 1546/464 1551/462
f 1553/458 1548/463 1552/462
f 1548/463 1549/464 1552/462
f 1558/458 1555/463 1559/462
f 1555/463 1554/464 1559/462
f 1561/458 1556/463 1560/462
f 1556/463 1557/464 1560/462
f 1566/458 1563/463 1567/462
f 1563/463 1562/464 1567/462
f 1569/458 1564/463 1568/462
f 1564/463 1565/464 1568/462
f 1574/458 1571/463 1575/462
f 1571/463 1570/464 1575/462
f 1577/458 1572/463 1576/462
f 1572/463 1573/464 1576/462
f 1582/458 1579/463 1583/462
f 1579/463 1578/464 1583/462
f 1585/458 1580/463 1584/462
f 1580/463 1581/464 1584/462
f 1590/458 1587/463 1591/462
f 1587/463 1586/464 1591/462
f 1593/458 1588/463 1592/462
f 1588/463 1589/464 1592/462
f 1598/458 1595/463 1599/462
f 1595/463 1594/464 1599/462
f 1601/458 1596/463 1600/462
f 1596/463 1597/464 1600/462
f 1602/456 1603/455 1604/454
f 1603/455 1605/457 1604/454
f 1606/456 1607/455 1608/454
f 1607/455 1609/457 1608/454
f 1610/456 1611/455 1612/454
f 1611/455 1613/457 1612/454
f 1614/456 1615/455 1616/454
f 1615/455 1617/457 1616/454
f 1618/456 1619/455 1620/454
f 1619/455 1621/457 1620/454
f 1622/456 1623/455 1624/454
f 1623/455 1625/457 1624/454
f 1626/456 1627/455 1628/454
f 1627/455 1629/457 1628/454
f 1630/456 1631/455 1632/454
f 1631/455 1633/457 1632/454
f 1634/456 1635/455 1636/454
f 1635/455 1637/457 1636/454
f 1638/456 1639/455 1640/454
f 1639/455 1641/457 1640/454
f 1642/456 1643/455 1644/454
f 1643/455 1645/457 1644/454
f 1646/456 1647/455 1648/454
f 1647/455 1649/457 1648/454
f 1650/456 1651/455 1652/454
f 1651/455 1653/457 1652/454
f 1654/456 1655/455 1656/454
f 1655/455 1657/457 1656/454
f 1658/456 1659/455 1660/454
f 1659/455 1661/457 1660/454
f 1662/456 1663/455 1664/454
f 1663/455 1665/457 1664/454
f 1603/460 1606/459 1605/458
f 1606/459 1608/461 1605/458
f 1604/460 1609/459 1602/458
f 1609/459 1607/461 1602/458
f 1611/460 1614/459 1613/458
f 1614/459 1616/461 1613/458
f 1612/460 1617/459 1610/458
f 1617/459 1615/461 1610/458
f 1619/460 1622/459 1621/458
f 1622/459 1624/461 1621/458
f 1620/460 1625/459 1618/458
f 1625/459 1623/461 1618/458
f 1627/460 1630/459 1629/458
f 1630/459 1632/461 1629/458
f 1628/460 1633/459 1626/458
f 1633/459 1631/461 1626/458
f 1635/460 1638/459 1637/458
f 1638/459 1640/461 1637/458
f 1636/460 1641/459 1634/458
f 1641/459 1639/461 1634/458
f 1643/460 1646/459 1645/458
f 1646/459 1648/461 1645/458
f 1644/460 1649/459 1642/458
f 1649/459 1647/461 1642/458
f 1651/460 1654/459 1653/458
f 1654/459 1656/461 1653/458
f 1652/460 1657/459 1650/458
f 1657/459 1655/461 1650/458
f 1659/460 1662/459 1661/458
f 1662/459 1664/461 1661/458
f 1660/460 1665/459 1658/458
f 1665/459 1663/461 1658/458
f 1602/458 1607/463 1603/462
f 1607/463 1606/464 1603/462
f 1605/458 1608/463 1604/462
f 1608/463 1609/464 1604/462
f 1610/458 1615/463 1611/462
f 1615/463 1614/464 1611/462
f 1613/458 1616/463 1612/462
f 1616/463 1617/464 1612/462
f 1618/458 1623/463 1619/462
f 1623/463 1622/464 1619/462
f 1621/458 1624/463 1620/462
f 1624/463 1625/464 1620/462
f 1626/458 1631/463 1627/462
f 1631/463 1630/464 1627/462
f 1629/458 1632/463 1628/462
f 1632/463 1633/464 1628/462
f 1634/458 1639/463 1635/462
f 1639/463 1638/464 1635/462
f 1637/458 1640/463 1636/462
f 1640/463 1641/464 1636/462
f 1642/458 1647/463 1643/462
f 1647/463 1646/464 1643/462
f 1645/458 1648/463 1644/462
f 1648/463 1649/464 1644/462
f 1650/458 1655/463 1651/462
f 1655/463 1654/464 1651/462
f 1653/458 1656/463 1652/462
f 1656/463 1657/464 1652/462
f 1658/458 1663/463 1659/462
f 1663/463 1662/464 1659/462
f 1661/458 1664/463 1660/462
f 1664/463 1665/464 1660/462
f 1666/456 1667/455 1668/454
f 1667/455 1669/457 1668/454
f 1670/456 1671/455 1672/454
f 1671/455 1673/457 1672/454
f 1674/456 1675/455 1676/454
f 1675/455 1677/457 1676/454
f 1678/456 1679/455 1680/454
f 1679/455 1681/457 1680/454
f 1682/456 1683/455 1684/454
f 1683/455 1685/457 1684/454
f 1686/456 1687/455 1688/454
f 1687/455 1689/457 1688/454
f 1690/456 1691/455 1692/454
f 1691/455 1693/457 1692/454
f 1694/456 1695/455 1696/454
f 1695/455 1697/457 1696/454
f 1698/456 1699/455 1700/454
f 1699/455 1701/457 1700/454
f 1702/456 1703/455 1704/454
f 1703/455 1705/457 1704/454
f 1706/456 1707/455 1708/454
f 1707/455 1709/457 1708/454
f 1710/456 1711/455 1712/454
f 1711/455 1713/457 1712/454
f 1714/456 1715/455 1716/454
f 1715/455 1717/457 1716/454
f 1718/456 1719/455 1720/454
f 1719/455 1721/457 1720/454
f 1722/456 1723/455 1724/454
f 1723/455 1725/457 1724/454
f 1726/456 1727/455 1728/454
f 1727/455 1729/457 1728/454
f 1667/460 1670/459 1669/458
f 1670/459 1672/461 1669/458
f 1668/460 1673/459 1666/458
f 1673/459 1671/461 1666/458
f 1675/460 1678/459 1677/458
f 1678/459 1680/461 1677/458
f 1676/460 1681/459 1674/458
f 1681/459 1679/461 1674/458
f 1683/460 1686/459 1685/458
f 1686/459 1688/461 1685/458
f 1684/460 1689/459 1682/458
f 1689/459 1687/461 1682/458
f 1691/460 1694/459 1693/458
f 1694/459 1696/461 1693/458
f 1692/460 1697/459 1690/458
f 1697/459 1695/461 1690/458
f 1699/460 1702/459 1701/458
f 1702/459 1704/461 1701/458
f 1700/460 1705/459 1698/458
f 1705/459 1703/461 1698/458
f 1707/460 1710/459 1709/458
f 1710/459 1712/461 1709/458
f 1708/460 1713/459 1706/458
f 1713/459 1711/461 1706/458
f 1715/460 1718/459 1717/458
f 1718/459 1720/461 1717/458
f 1716/460 1721/459 1714/458
f 1721/459 1719/461 1714/458
f 1723/460 1726/459 1725/458
f 1726/459 1728/461 1725/458
f 1724/460 1729/459 1722/458
f 1729/459 1727/461 1722/458
f 1666/458 1671/463 1667/462
f 1671/463 1670/464 1667/462
f 1669/458 1672/463 1668/462
f 1672/463 1673/464 1668/462
f 1674/458 1679/463 1675/462
f 1679/463 1678/464 1675/462
f 1677/458 1680/463 1676/462
f 1680/463 1681/464 1676/462
f 1682/458 1687/463 1683/462
f 1687/463 1686/464 1683/462
f 1685/458 1688/463 1684/462
f 1688/463 1689/464 1684/462
f 1690/458 1695/463 1691/462
f 1695/463 1694/464 1691/462
f 1693/458 1696/463 1692/462
f 1696/463 1697/464 1692/462
f 1698/458 1703/463 1699/462
f 1703/463 1702/464 1699/462
f 1701/458 1704/463 1700/462
f 1704/463 1705/464 1700/462
f 1706/458 1711/463 1707/462
f 1711/463 1710/464 1707/462
f 1709/458 1712/463 1708/462
f 1712/463 1713/464 1708/462
f 1714/458 1719/463 1715/462
f 1719/463 1718/464 1715/462
f 1717/458 1720/463 1716/462
f 1720/463 1721/464 1716/462
f 1722/458 1727/463 1723/462
f 1727/463 1726/464 1723/462
f 1725/458 1728/463 1724/462
f 1728/463 1729/464 1724/462
f 1730/467 1731/466 1732/465
f 1733/468 1732/465 1731/466
f 1734/470 1730/467 1735/469
f 1732/465 1735/469 1730/467
f 1731/466 1736/471 1733/468
f 1737/472 1733/468 1736/471
f 1738/474 1734/470 1739/473
f 1735/469 1739/473 1734/470
f 1736/471 1740/475 1737/472
f 1741/476 1737/472 1740/475
f 1742/469 1738/473 1743/470
f 1739/474 1743/470 1738/473
f 1740/476 1744/472 1741/475
f 1745/471 1741/475 1744/472
f 1746/465 1742/469 1747/467
f 1743/470 1747/467 1742/469
f 1744/472 1748/468 1745/471
f 1749/466 1745/471 1748/468
f 1746/465 1747/467 1748/468
f 1747/467 1749/466 1748/468
f 1750/479 1751/478 1752/477
f 1751/478 1753/480 1752/477
f 1754/482 1751/478 1755/481
f 1751/478 1750/479 1755/481
f 1756/479 1757/478 1758/477
f 1757/478 1759/480 1758/477
f 1760/482 1757/478 1761/481
f 1757/478 1756/479 1761/481
f 1762/467 1763/466 1764/465
f 1765/468 1764/465 1763/466
f 1766/470 1762/467 1767/469
f 1764/465 1767/469 1762/467
f 1763/466 1768/471 1765/468
f 1769/472 1765/468 1768/471
f 1770/474 1766/470 1771/473
f 1767/469 1771/473 1766/470
f 1768/471 1772/475 1769/472
f 1773/476 1769/472 1772/475
f 1774/469 1770/473 1775/470
f 1771/474 1775/470 1770/473
f 1772/476 1776/472 1773/475
f 1777/471 1773/475 1776/472
f 1778/465 1774/469 1779/467
f 1775/470 1779/467 1774/469
f 1776/472 1780/468 1777/471
f 1781/466 1777/471 1780/468
f 1778/465 1779/467 1780/468
f 1779/467 1781/466 1780/468
f 1782/479 1783/478 1784/477
f 1783/478 1785/480 1784/477
f 1786/482 1783/478 1787/481
f 1783/478 1782/479 1787/481
f 1788/479 1789/478 1790/477
f 1789/478 1791/480 1790/477
f 1792/482 1789/478 1793/481
f 1789/478 1788/479 1793/481
usemtl texture7
f 1124/485 1125/484 1129/483
f 1125/484 1131/486 1129/483
f 1131/486 1125/484 1130/487
f 1125/484 1123/488 1130/487
f 1124/485 1129/483 1122/489
f 1129/483 1128/490 1122/489
f 1130/487 1123/488 1132/491
f 1123/488 1126/492 1132/491
f 1122/489 1128/490 1127/493
f 1128/490 1133/494 1127/493
f 1133/497 1132/496 1127/495
f 1132/496 1126/498 1127/495
f 1136/485 1137/484 1141/483
f 1137/484 1143/486 1141/483
f 1143/486 1137/484 1142/487
f 1137/484 1135/488 1142/487
f 1136/485 1141/483 1134/489
f 1141/483 1140/490 1134/489
f 1142/487 1135/488 1144/491
f 1135/488 1138/492 1144/491
f 1134/489 1140/490 1139/493
f 1140/490 1145/494 1139/493
f 1145/497 1144/496 1139/495
f 1144/496 1138/498 1139/495
f 1154/485 1155/484 1147/483
f 1155/484 1149/486 1147/483
f 1149/486 1155/484 1148/487
f 1155/484 1153/488 1148/487
f 1154/485 1147/483 1152/489
f 1147/483 1146/490 1152/489
f 1148/487 1153/488 1150/491
f 1153/488 1156/492 1150/491
f 1152/489 1146/490 1157/493
f 1146/490 1151/494 1157/493
f 1151/497 1150/496 1157/495
f 1150/496 1156/498 1157/495
f 1166/485 1167/484 1159/483
f 1167/484 1161/486 1159/483
f 1161/486 1167/484 1160/487
f 1167/484 1165/488 1160/487
f 1166/485 1159/483 1164/489
f 1159/483 1158/490 1164/489
f 1160/487 1165/488 1162/491
f 1165/488 1168/492 1162/491
f 1164/489 1158/490 1169/493
f 1158/490 1163/494 1169/493
f 1163/497 1162/496 1169/495
f 1162/496 1168/498 1169/495
f 1172/485 1173/484 1177/483
f 1173/484 1179/486 1177/483
f 1179/486 1173/484 1178/487
f 1173/484 1171/488 1178/487
f 1172/485 1177/483 1170/489
f 1177/483 1176/490 1170/489
f 1178/487 1171/488 1180/491
f 1171/488 1174/492 1180/491
f 1170/489 1176/490 1175/493
f 1176/490 1181/494 1175/493
f 1181/497 1180/496 1175/495
f 1180/496 1174/498 1175/495
f 1184/485 1185/484 1189/483
f 1185/484 1191/486 1189/483
f 1191/486 1185/484 1190/487
f 1185/484 1183/488 1190/487
f 1184/485 1189/483 1182/489
f 1189/483 1188/490 1182/489
f 1190/487 1183/488 1192/491
f 1183/488 1186/492 1192/491
f 1182/489 1188/490 1187/493
f 1188/490 1193/494 1187/493
f 1193/497 1192/496 1187/495
f 1192/496 1186/498 1187/495
f 1202/485 1203/484 1195/483
f 1203/484 1197/486 1195/483
f 1197/486 1203/484 1196/487
f 1203/484 1201/488 1196/487
f 1202/485 1195/483 1200/489
f 1195/483 1194/490 1200/489
f 1196/487 1201/488 1198/491
f 1201/488 1204/492 1198/491
f 1200/489 1194/490 1205/493
f 1194/490 1199/494 1205/493
f 1199/497 1198/496 1205/495
f 1198/496 1204/498 1205/495
f 1214/485 1215/484 1207/483
f 1215/484 1209/486 1207/483
f 1209/486 1215/484 1208/487
f 1215/484 1213/488 1208/487
f 1214/485 1207/483 1212/489
f 1207/483 1206/490 1212/489
f 1208/487 1213/488 1210/491
f 1213/488 1216/492 1210/491
f 1212/489 1206/490 1217/493
f 1206/490 1211/494 1217/493
f 1211/497 1210/496 1217/495
f 1210/496 1216/498 1217/495
usemtl texture8
f 787/501 788/500 789/499
f 788/500 1000/502 789/499
f 789/499 1000/502 791/503
f 1000/502 1001/504 791/503
f 791/503 1001/504 793/505
f 1001/504 1002/506 793/505
f 793/505 1002/506 795/507
f 1002/506 797/508 795/507
f 803/505 1003/506 799/507
f 1003/506 800/508 799/507
f 805/503 1004/504 803/505
f 1004/504 1003/506 803/505
f 807/499 1005/502 805/503
f 1005/502 1004/504 805/503
f 809/501 812/500 807/499
f 812/500 1005/502 807/499
f 1794/511 1795/510 1796/509
f 1795/510 1797/46 1796/509
f 1798/513 1799/512 1800/252
f 1799/512 1801/514 1800/252
f 1794/511 1802/515 1795/510
f 1802/515 1803/48 1795/510
f 1798/513 1804/250 1799/512
f 1804/250 1805/516 1799/512
f 1806/518 1794/511 1807/517
f 1794/511 1796/509 1807/517
f 1799/512 1808/519 1801/514
f 1808/519 1809/520 1801/514
f 1794/511 1806/518 1802/515
f 1810/521 1802/515 1806/518
f 1799/512 1805/516 1808/519
f 1805/516 1811/522 1808/519
f 1808/519 1806/518 1809/520
f 1807/517 1809/520 1806/518
f 1808/519 1811/522 1806/518
f 1811/522 1810/521 1806/518
f 1812/518 1813/521 1814/519
f 1813/521 1815/522 1814/519
f 1812/518 1814/519 1816/517
f 1814/519 1817/520 1816/517
f 1818/511 1819/515 1812/518
f 1819/515 1813/521 1812/518
f 1814/519 1815/522 1820/512
f 1815/522 1821/516 1820/512
f 1818/511 1812/518 1822/509
f 1812/518 1816/517 1822/509
f 1814/519 1820/512 1817/520
f 1820/512 1823/514 1817/520
f 1795/510 1803/48 1818/511
f 1803/48 1819/515 1818/511
f 1820/512 1821/516 1798/513
f 1821/516 1804/250 1798/513
f 1795/510 1818/511 1797/46
f 1818/511 1822/509 1797/46
f 1820/512 1798/513 1823/514
f 1798/513 1800/252 1823/514
f 1824/511 1825/510 1826/509
f 1825/510 1827/46 1826/509
f 1828/513 1829/512 1830/252
f 1829/512 1831/514 1830/252
f 1824/511 1832/515 1825/510
f 1832/515 1833/48 1825/510
f 1828/513 1834/250 1829/512
f 1834/250 1835/516 1829/512
f 1836/518 1824/511 1837/517
f 1824/511 1826/509 1837/517
f 1829/512 1838/519 1831/514
f 1838/519 1839/520 1831/514
f 1824/511 1836/518 1832/515
f 1840/521 1832/515 1836/518
f 1829/512 1835/516 1838/519
f 1835/516 1841/522 1838/519
f 1838/519 1836/518 1839/520
f 1837/517 1839/520 1836/518
f 1838/519 1841/522 1836/518
f 1841/522 1840/521 1836/518
f 1842/518 1843/521 1844/519
f 1843/521 1845/522 1844/519
f 1842/518 1844/519 1846/517
f 1844/519 1847/520 1846/517
f 1848/511 1849/515 1842/518
f 1849/515 1843/521 1842/518
f 1844/519 1845/522 1850/512
f 1845/522 1851/516 1850/512
f 1848/511 1842/518 1852/509
f 1842/518 1846/517 1852/509
f 1844/519 1850/512 1847/520
f 1850/512 1853/514 1847/520
f 1825/510 1833/48 1848/511
f 1833/48 1849/515 1848/511
f 1850/512 1851/516 1828/513
f 1851/516 1834/250 1828/513
f 1825/510 1848/511 1827/46
f 1848/511 1852/509 1827/46
f 1850/512 1828/513 1853/514
f 1828/513 1830/252 1853/514
usemtl texture9
f 1854/525 1855/524 1856/523
f 1855/524 1857/526 1856/523
f 1858/528 1859/527 1855/524
f 1855/524 1859/527 1857/526
f 1860/530 1861/529 1858/528
f 1858/528 1861/529 1859/527
f 1860/530 1862/531 1861/529
f 1862/531 1863/532 1861/529
f 1864/530 1854/531 1865/529
f 1854/531 1856/532 1865/529
f 1866/528 1864/530 1867/527
f 1864/530 1865/529 1867/527
f 1868/524 1866/528 1869/526
f 1866/528 1867/527 1869/526
f 1862/525 1868/524 1863/523
f 1868/524 1869/526 1863/523
f 1870/535 1871/534 1872/533
f 1871/534 1873/536 1872/533
f 1874/538 1875/537 1870/535
f 1875/537 1871/534 1870/535
f 1876/540 1877/539 1874/538
f 1877/539 1875/537 1874/538
f 1876/540 1878/541 1877/539
f 1879/542 1877/539 1878/541
f 1880/540 1872/541 1881/539
f 1873/542 1881/539 1872/541
f 1882/538 1880/540 1883/537
f 1881/539 1883/537 1880/540
f 1884/535 1882/538 1885/534
f 1883/537 1885/534 1882/538
f 1878/533 1884/535 1879/536
f 1885/534 1879/536 1884/535
f 1886/525 1887/524 1888/523
f 1887/524 1889/526 1888/523
f 1890/528 1891/527 1887/524
f 1887/524 1891/527 1889/526
f 1892/530 1893/529 1890/528
f 1890/528 1893/529 1891/527
f 1892/530 1894/531 1893/529
f 1894/531 1895/532 1893/529
f 1896/530 1886/531 1897/529
f 1886/531 1888/532 1897/529
f 1898/528 1896/530 1899/527
f 1896/530 1897/529 1899/527
f 1900/524 1898/528 1901/526
f 1898/528 1899/527 1901/526
f 1894/525 1900/524 1895/523
f 1900/524 1901/526 1895/523
f 1902/535 1903/534 1904/533
f 1903/534 1905/536 1904/533
f 1906/538 1907/537 1902/535
f 1907/537 1903/534 1902/535
f 1908/540 1909/539 1906/538
f 1909/539 1907/537 1906/538
f 1908/540 1910/541 1909/539
f 1911/542 1909/539 1910/541
f 1912/540 1904/541 1913/539
f 1905/542 1913/539 1904/541
f 1914/538 1912/540 1915/537
f 1913/539 1915/537 1912/540
f 1916/535 1914/538 1917/534
f 1915/537 1917/534 1914/538
f 1910/533 1916/535 1911/536
f 1917/534 1911/536 1916/535
f 1918/545 1919/544 1920/543
f 1919/544 1921/546 1920/543
f 1921/546 1919/544 1922/547
f 1919/544 1923/548 1922/547
f 1924/550 1918/545 1925/549
f 1918/545 1920/543 1925/549
f 1923/553 1926/552 1922/551
f 1926/552 1927/554 1922/551
f 1928/556 1924/550 1929/555
f 1924/550 1925/549 1929/555
f 1926/552 1930/550 1927/554
f 1930/550 1931/549 1927/554
f 1932/559 1933/558 1929/557
f 1933/558 1928/560 1929/557
f 1930/550 1933/558 1931/549
f 1933/558 1932/559 1931/549
f 1934/545 1935/544 1936/543
f 1935/544 1937/546 1936/543
f 1937/546 1935/544 1938/547
f 1935/544 1939/548 1938/547
f 1940/550 1934/545 1941/549
f 1934/545 1936/543 1941/549
f 1939/553 1942/552 1938/551
f 1942/552 1943/554 1938/551
f 1944/556 1940/550 1945/555
f 1940/550 1941/549 1945/555
f 1942/552 1946/550 1943/554
f 1946/550 1947/549 1943/554
f 1948/559 1949/558 1945/557
f 1949/558 1944/560 1945/557
f 1946/550 1949/558 1947/549
f 1949/558 1948/559 1947/549
f 1950/545 1951/544 1952/543
f 1951/544 1953/546 1952/543
f 1953/546 1951/544 1954/547
f 1951/544 1955/548 1954/547
f 1956/550 1950/545 1957/549
f 1950/545 1952/543 1957/549
f 1955/553 1958/552 1954/551
f 1958/552 1959/554 1954/551
f 1960/556 1956/550 1961/555
f 1956/550 1957/549 1961/555
f 1958/552 1962/550 1959/554
f 1962/550 1963/549 1959/554
f 1964/559 1965/558 1961/557
f 1965/558 1960/560 1961/557
f 1962/550 1965/558 1963/549
f 1965/558 1964/559 1963/549
f 1966/550 1967/558 1968/549
f 1967/558 1969/559 1968/549
f 1969/559 1967/558 1970/557
f 1967/558 1971/560 1970/557
f 1972/552 1966/550 1973/554
f 1966/550 1968/549 1973/554
f 1971/556 1974/550 1970/555
f 1974/550 1975/549 1970/555
f 1976/553 1972/552 1977/551
f 1972/552 1973/554 1977/551
f 1974/550 1978/545 1975/549
f 1978/545 1979/543 1975/549
f 1980/546 1981/544 1977/547
f 1981/544 1976/548 1977/547
f 1978/545 1981/544 1979/543
f 1981/544 1980/546 1979/543
f 1982/550 1983/558 1984/549
f 1983/558 1985/559 1984/549
f 1985/559 1983/558 1986/557
f 1983/558 1987/560 1986/557
f 1988/552 1982/550 1989/554
f 1982/550 1984/549 1989/554
f 1987/556 1990/550 1986/555
f 1990/550 1991/549 1986/555
f 1992/553 1988/552 1993/551
f 1988/552 1989/554 1993/551
f 1990/550 1994/545 1991/549
f 1994/545 1995/543 1991/549
f 1996/546 1997/544 1993/547
f 1997/544 1992/548 1993/547
f 1994/545 1997/544 1995/543
f 1997/544 1996/546 1995/543
f 1998/550 1999/558 2000/549
f 1999/558 2001/559 2000/549
f 2001/559 1999/558 2002/557
f 1999/558 2003/560 2002/557
f 2004/552 1998/550 2005/554
f 1998/550 2000/549 2005/554
f 2003/556 2006/550 2002/555
f 2006/550 2007/549 2002/555
f 2008/553 2004/552 2009/551
f 2004/552 2005/554 2009/551
f 2006/550 2010/545 2007/549
f 2010/545 2011/543 2007/549
f 2012/546 2013/544 2009/547
f 2013/544 2008/548 2009/547
f 2010/545 2013/544 2011/543
f 2013/544 2012/546 2011/543
f 2014/545 2015/544 2016/543
f 2015/544 2017/546 2016/543
f 2017/546 2015/544 2018/547
f 2015/544 2019/548 2018/547
f 2020/550 2014/545 2021/549
f 2014/545 2016/543 2021/549
f 2019/553 2022/552 2018/551
f 2022/552 2023/554 2018/551
f 2024/556 2020/550 2025/555
f 2020/550 2021/549 2025/555
f 2022/552 2026/550 2023/554
f 2026/550 2027/549 2023/554
f 2028/559 2029/558 2025/557
f 2029/558 2024/560 2025/557
f 2026/550 2029/558 2027/549
f 2029/558 2028/559 2027/549
f 2030/545 2031/544 2032/543
f 2031/544 2033/546 2032/543
f 2033/546 2031/544 2034/547
f 2031/544 2035/548 2034/547
f 2036/550 2030/545 2037/549
f 2030/545 2032/543 2037/549
f 2035/553 2038/552 2034/551
f 2038/552 2039/554 2034/551
f 2040/556 2036/550 2041/555
f 2036/550 2037/549 2041/555
f 2038/552 2042/550 2039/554
f 2042/550 2043/549 2039/554
f 2044/559 2045/558 2041/557
f 2045/558 2040/560 2041/557
f 2042/550 2045/558 2043/549
f 2045/558 2044/559 2043/549
f 2046/545 2047/544 2048/543
f 2047/544 2049/546 2048/543
f 2049/546 2047/544 2050/547
f 2047/544 2051/548 2050/547
f 2052/550 2046/545 2053/549
f 2046/545 2048/543 2053/549
f 2051/553 2054/552 2050/551
f 2054/552 2055/554 2050/551
f 2056/556 2052/550 2057/555
f 2052/550 2053/549 2057/555
f 2054/552 2058/550 2055/554
f 2058/550 2059/549 2055/554
f 2060/559 2061/558 2057/557
f 2061/558 2056/560 2057/557
f 2058/550 2061/558 2059/549
f 2061/558 2060/559 2059/549
f 2062/550 2063/558 2064/549
f 2063/558 2065/559 2064/549
f 2065/559 2063/558 2066/557
f 2063/558 2067/560 2066/557
f 2068/552 2062/550 2069/554
f 2062/550 2064/549 2069/554
f 2067/556 2070/550 2066/555
f 2070/550 2071/549 2066/555
f 2072/553 2068/552 2073/551
f 2068/552 2069/554 2073/551
f 2070/550 2074/545 2071/549
f 2074/545 2075/543 2071/549
f 2076/546 2077/544 2073/547
f 2077/544 2072/548 2073/547
f 2074/545 2077/544 2075/543
f 2077/544 2076/546 2075/543
f 2078/550 2079/558 2080/549
f 2079/558 2081/559 2080/549
f 2081/559 2079/558 2082/557
f 2079/558 2083/560 2082/557
f 2084/552 2078/550 2085/554
f 2078/550 2080/549 2085/554
f 2083/556 2086/550 2082/555
f 2086/550 2087/549 2082/555
f 2088/553 2084/552 2089/551
f 2084/552 2085/554 2089/551
f 2086/550 2090/545 2087/549
f 2090/545 2091/543 2087/549
f 2092/546 2093/544 2089/547
f 2093/544 2088/548 2089/547
f 2090/545 2093/544 2091/543
f 2093/544 2092/546 2091/543
f 2094/550 2095/558 2096/549
f 2095/558 2097/559 2096/549
f 2097/559 2095/558 2098/557
f 2095/558 2099/560 2098/557
f 2100/552 2094/550 2101/554
f 2094/550 2096/549 2101/554
f 2099/556 2102/550 2098/555
f 2102/550 2103/549 2098/555
f 2104/553 2100/552 2105/551
f 2100/552 2101/554 2105/551
f 2102/550 2106/545 2103/549
f 2106/545 2107/543 2103/549
f 2108/546 2109/544 2105/547
f 2109/544 2104/548 2105/547
f 2106/545 2109/544 2107/543
f 2109/544 2108/546 2107/543
f 2110/545 2111/544 2112/543
f 2111/544 2113/546 2112/543
f 2113/546 2111/544 2114/547
f 2111/544 2115/548 2114/547
f 2116/550 2110/545 2117/549
f 2110/545 2112/543 2117/549
f 2115/553 2118/552 2114/551
f 2118/552 2119/554 2114/551
f 2120/556 2116/550 2121/555
f 2116/550 2117/549 2121/555
f 2118/552 2122/550 2119/554
f 2122/550 2123/549 2119/554
f 2124/559 2125/558 2121/557
f 2125/558 2120/560 2121/557
f 2122/550 2125/558 2123/549
f 2125/558 2124/559 2123/549
f 2126/545 2127/544 2128/543
f 2127/544 2129/546 2128/543
f 2129/546 2127/544 2130/547
f 2127/544 2131/548 2130/547
f 2132/550 2126/545 2133/549
f 2126/545 2128/543 2133/549
f 2131/553 2134/552 2130/551
f 2134/552 2135/554 2130/551
f 2136/556 2132/550 2137/555
f 2132/550 2133/549 2137/555
f 2134/552 2138/550 2135/554
f 2138/550 2139/549 2135/554
f 2140/559 2141/558 2137/557
f 2141/558 2136/560 2137/557
f 2138/550 2141/558 2139/549
f 2141/558 2140/559 2139/549
f 2142/545 2143/544 2144/543
f 2143/544 2145/546 2144/543
f 2145/546 2143/544 2146/547
f 2143/544 2147/548 2146/547
f 2148/550 2142/545 2149/549
f 2142/545 2144/543 2149/549
f 2147/553 2150/552 2146/551
f 2150/552 2151/554 2146/551
f 2152/556 2148/550 2153/555
f 2148/550 2149/549 2153/555
f 2150/552 2154/550 2151/554
f 2154/550 2155/549 2151/554
f 2156/559 2157/558 2153/557
f 2157/558 2152/560 2153/557
f 2154/550 2157/558 2155/549
f 2157/558 2156/559 2155/549
f 2158/550 2159/558 2160/549
f 2159/558 2161/559 2160/549
f 2161/559 2159/558 2162/557
f 2159/558 2163/560 2162/557
f 2164/552 2158/550 2165/554
f 2158/550 2160/549 2165/554
f 2163/556 2166/550 2162/555
f 2166/550 2167/549 2162/555
f 2168/553 2164/552 2169/551
f 2164/552 2165/554 2169/551
f 2166/550 2170/545 2167/549
f 2170/545 2171/543 2167/549
f 2172/546 2173/544 2169/547
f 2173/544 2168/548 2169/547
f 2170/545 2173/544 2171/543
f 2173/544 2172/546 2171/543
f 2174/550 2175/558 2176/549
f 2175/558 2177/559 2176/549
f 2177/559 2175/558 2178/557
f 2175/558 2179/560 2178/557
f 2180/552 2174/550 2181/554
f 2174/550 2176/549 2181/554
f 2179/556 2182/550 2178/555
f 2182/550 2183/549 2178/555
f 2184/553 2180/552 2185/551
f 2180/552 2181/554 2185/551
f 2182/550 2186/545 2183/549
f 2186/545 2187/543 2183/549
f 2188/546 2189/544 2185/547
f 2189/544 2184/548 2185/547
f 2186/545 2189/544 2187/543
f 2189/544 2188/546 2187/543
f 2190/550 2191/558 2192/549
f 2191/558 2193/559 2192/549
f 2193/559 2191/558 2194/557
f 2191/558 2195/560 2194/557
f 2196/552 2190/550 2197/554
f 2190/550 2192/549 2197/554
f 2195/556 2198/550 2194/555
f 2198/550 2199/549 2194/555
f 2200/553 2196/552 2201/551
f 2196/552 2197/554 2201/551
f 2198/550 2202/545 2199/549
f 2202/545 2203/543 2199/549
f 2204/546 2205/544 2201/547
f 2205/544 2200/548 2201/547
f 2202/545 2205/544 2203/543
f 2205/544 2204/546 2203/543
f 2206/545 2207/544 2208/543
f 2207/544 2209/546 2208/543
f 2209/546 2207/544 2210/547
f 2207/544 2211/548 2210/547
f 2212/550 2206/545 2213/549
f 2206/545 2208/543 2213/549
f 2211/553 2214/552 2210/551
f 2214/552 2215/554 2210/551
f 2216/556 2212/550 2217/555
f 2212/550 2213/549 2217/555
f 2214/552 2218/550 2215/554
f 2218/550 2219/549 2215/554
f 2220/559 2221/558 2217/557
f 2221/558 2216/560 2217/557
f 2218/550 2221/558 2219/549
f 2221/558 2220/559 2219/549
f 2222/545 2223/544 2224/543
f 2223/544 2225/546 2224/543
f 2225/546 2223/544 2226/547
f 2223/544 2227/548 2226/547
f 2228/550 2222/545 2229/549
f 2222/545 2224/543 2229/549
f 2227/553 2230/552 2226/551
f 2230/552 2231/554 2226/551
f 2232/556 2228/550 2233/555
f 2228/550 2229/549 2233/555
f 2230/552 2234/550 2231/554
f 2234/550 2235/549 2231/554
f 2236/559 2237/558 2233/557
f 2237/558 2232/560 2233/557
f 2234/550 2237/558 2235/549
f 2237/558 2236/559 2235/549
f 2238/545 2239/544 2240/543
f 2239/544 2241/546 2240/543
f 2241/546 2239/544 2242/547
f 2239/544 2243/548 2242/547
f 2244/550 2238/545 2245/549
f 2238/545 2240/543 2245/549
f 2243/553 2246/552 2242/551
f 2246/552 2247/554 2242/551
f 2248/556 2244/550 2249/555
f 2244/550 2245/549 2249/555
f 2246/552 2250/550 2247/554
f 2250/550 2251/549 2247/554
f 2252/559 2253/558 2249/557
f 2253/558 2248/560 2249/557
f 2250/550 2253/558 2251/549
f 2253/558 2252/559 2251/549
f 2254/550 2255/558 2256/549
f 2255/558 2257/559 2256/549
f 2257/559 2255/558 2258/557
f 2255/558 2259/560 2258/557
f 2260/552 2254/550 2261/554
f 2254/550 2256/549 2261/554
f 2259/556 2262/550 2258/555
f 2262/550 2263/549 2258/555
f 2264/553 2260/552 2265/551
f 2260/552 2261/554 2265/551
f 2262/550 2266/545 2263/549
f 2266/545 2267/543 2263/549
f 2268/546 2269/544 2265/547
f 2269/544 2264/548 2265/547
f 2266/545 2269/544 2267/543
f 2269/544 2268/546 2267/543
f 2270/550 2271/558 2272/549
f 2271/558 2273/559 2272/549
f 2273/559 2271/558 2274/557
f 2271/558 2275/560 2274/557
f 2276/552 2270/550 2277/554
f 2270/550 2272/549 2277/554
f 2275/556 2278/550 2274/555
f 2278/550 2279/549 2274/555
f 2280/553 2276/552 2281/551
f 2276/552 2277/554 2281/551
f 2278/550 2282/545 2279/549
f 2282/545 2283/543 2279/549
f 2284/546 2285/544 2281/547
f 2285/544 2280/548 2281/547
f 2282/545 2285/544 2283/543
f 2285/544 2284/546 2283/543
f 2286/550 2287/558 2288/549
f 2287/558 2289/559 2288/549
f 2289/559 2287/558 2290/557
f 2287/558 2291/560 2290/557
f 2292/552 2286/550 2293/554
f 2286/550 2288/549 2293/554
f 2291/556 2294/550 2290/555
f 2294/550 2295/549 2290/555
f 2296/553 2292/552 2297/551
f 2292/552 2293/554 2297/551
f 2294/550 2298/545 2295/549
f 2298/545 2299/543 2295/549
f 2300/546 2301/544 2297/547
f 2301/544 2296/548 2297/547
f 2298/545 2301/544 2299/543
f 2301/544 2300/546 2299/543
usemtl texture10
f 1881/563 1873/562 2302/561
f 1873/562 1871/564 2302/561
f 1883/565 1881/563 2302/561
f 1871/564 1875/566 2302/561
f 1885/567 1883/565 2302/561
f 1875/566 1877/568 2302/561
f 1879/569 1885/567 2302/561
f 1877/568 1879/569 2302/561
f 1856/572 1857/571 2303/570
f 1865/573 1856/572 2303/570
f 1857/571 1859/574 2303/570
f 1867/575 1865/573 2303/570
f 1859/574 1861/576 2303/570
f 1869/577 1867/575 2303/570
f 1861/576 1863/578 2303/570
f 1863/578 1869/577 2303/570
f 1913/563 1905/562 2304/561
f 1905/562 1903/564 2304/561
f 1915/565 1913/563 2304/561
f 1903/564 1907/566 2304/561
f 1917/567 1915/565 2304/561
f 1907/566 1909/568 2304/561
f 1911/569 1917/567 2304/561
f 1909/568 1911/569 2304/561
f 1888/572 1889/571 2305/570
f 1897/573 1888/572 2305/570
f 1889/571 1891/574 2305/570
f 1899/575 1897/573 2305/570
f 1891/574 1893/576 2305/570
f 1901/577 1899/575 2305/570
f 1893/576 1895/578 2305/570
f 1895/578 1901/577 2305/570
usemtl texture11
f 1870/581 2306/580 1874/579
f 1874/579 2306/580 2307/582
f 1876/584 1874/579 2308/583
f 1874/579 2307/582 2308/583
f 1878/586 1876/584 2309/585
f 1876/584 2308/583 2309/585
f 2307/582 2306/580 1866/587
f 2306/580 1864/588 1866/587
f 2308/583 2307/582 1868/589
f 2307/582 1866/587 1868/589
f 2309/585 2308/583 1862/590
f 2308/583 1868/589 1862/590
f 1882/579 1884/581 2310/582
f 1884/581 2311/580 2310/582
f 1884/581 1878/591 2311/580
f 1878/591 2309/592 2311/580
f 2311/580 1860/588 2310/582
f 2310/582 1860/588 1858/587
f 2311/580 2309/592 1860/588
f 2309/592 1862/593 1860/588
f 1902/581 2312/580 1906/579
f 1906/579 2312/580 2313/582
f 1908/584 1906/579 2314/583
f 1906/579 2313/582 2314/583
f 1910/586 1908/584 2315/585
f 1908/584 2314/583 2315/585
f 2313/582 2312/580 1898/587
f 2312/580 1896/588 1898/587
f 2314/583 2313/582 1900/589
f 2313/582 1898/587 1900/589
f 2315/585 2314/583 1894/590
f 2314/583 1900/589 1894/590
f 1914/579 1916/581 2316/582
f 1916/581 2317/580 2316/582
f 1916/581 1910/591 2317/580
f 1910/591 2315/592 2317/580
f 2317/580 1892/588 2316/582
f 2316/582 1892/588 1890/587
f 2317/580 2315/592 1892/588
f 2315/592 1894/593 1892/588
usemtl texture12
f 2318/596 2319/595 1742/594
f 2319/595 1738/597 1742/594
f 2320/600 2321/599 1740/598
f 2321/599 1744/601 1740/598
f 1800/603 1801/602 2320/600
f 1801/602 2321/599 2320/600
f 1796/605 1797/604 2318/596
f 1797/604 2319/595 2318/596
f 2321/599 2322/606 1744/601
f 2322/606 1748/607 1744/601
f 2323/609 2318/596 1746/608
f 2318/596 1742/594 1746/608
f 1807/610 1796/605 2323/609
f 1796/605 2318/596 2323/609
f 1801/602 1809/611 2321/599
f 1809/611 2322/606 2321/599
f 2322/606 2323/609 1748/607
f 1746/608 1748/607 2323/609
f 1809/611 1807/610 2322/606
f 2323/609 2322/606 1807/610
f 1816/610 1817/611 2324/609
f 1817/611 2325/606 2324/609
f 2324/609 2325/606 1730/608
f 2325/606 1731/607 1730/608
f 1822/605 1816/610 2326/596
f 1816/610 2324/609 2326/596
f 1817/611 1823/602 2325/606
f 1823/602 2327/599 2325/606
f 2326/596 2324/609 1734/594
f 2324/609 1730/608 1734/594
f 2325/606 2327/599 1731/607
f 2327/599 1736/601 1731/607
f 1797/604 1822/605 2319/595
f 1822/605 2326/596 2319/595
f 1823/602 1800/603 2327/599
f 1800/603 2320/600 2327/599
f 2319/595 2326/596 1738/597
f 2326/596 1734/594 1738/597
f 2327/599 2320/600 1736/601
f 2320/600 1740/598 1736/601
f 2328/614 2329/613 1739/612
f 1743/615 1739/612 2329/613
f 2330/618 2331/617 1745/616
f 1741/619 1745/616 2331/617
f 1803/621 1802/620 2328/614
f 2329/613 2328/614 1802/620
f 1805/623 1804/622 2330/618
f 2331/617 2330/618 1804/622
f 2329/613 2332/624 1743/615
f 1747/625 1743/615 2332/624
f 2333/627 2330/618 1749/626
f 1745/616 1749/626 2330/618
f 1802/620 1810/628 2329/613
f 2332/624 2329/613 1810/628
f 1811/629 1805/623 2333/627
f 2330/618 2333/627 1805/623
f 2332/624 2333/627 1747/625
f 2333/627 1749/626 1747/625
f 1810/628 1811/629 2332/624
f 1811/629 2333/627 2332/624
f 1815/629 1813/628 2334/627
f 2335/624 2334/627 1813/628
f 2334/627 2335/624 1733/626
f 1732/625 1733/626 2335/624
f 1813/628 1819/620 2335/624
f 2336/613 2335/624 1819/620
f 1821/623 1815/629 2337/618
f 2334/627 2337/618 1815/629
f 2337/618 2334/627 1737/616
f 1733/626 1737/616 2334/627
f 2335/624 2336/613 1732/625
f 1735/615 1732/625 2336/613
f 1819/620 1803/621 2336/613
f 2328/614 2336/613 1803/621
f 1804/622 1821/623 2331/617
f 2337/618 2331/617 1821/623
f 2336/613 2328/614 1735/615
f 1739/612 1735/615 2328/614
f 2331/617 2337/618 1741/619
f 1737/616 1741/619 2337/618
f 1758/632 1753/631 1756/630
f 1751/633 1756/630 1753/631
f 1756/630 1751/633 1761/634
f 1761/634 1751/633 1754/635
f 1759/638 1757/637 1752/636
f 1750/639 1752/636 1757/637
f 1757/637 1760/640 1750/639
f 1755/641 1750/639 1760/640
f 2338/596 2339/595 1774/594
f 2339/595 1770/597 1774/594
f 2340/600 2341/599 1772/598
f 2341/599 1776/601 1772/598
f 1826/605 1827/604 2338/596
f 1827/604 2339/595 2338/596
f 1830/603 1831/602 2340/600
f 1831/602 2341/599 2340/600
f 2341/599 2342/606 1776/601
f 2342/606 1780/607 1776/601
f 2343/609 2338/596 1778/608
f 2338/596 1774/594 1778/608
f 1837/610 1826/605 2343/609
f 1826/605 2338/596 2343/609
f 1831/602 1839/611 2341/599
f 1839/611 2342/606 2341/599
f 2342/606 2343/609 1780/607
f 1778/608 1780/607 2343/609
f 1839/611 1837/610 2342/606
f 2343/609 2342/606 1837/610
f 1846/610 1847/611 2344/609
f 1847/611 2345/606 2344/609
f 2344/609 2345/606 1762/608
f 2345/606 1763/607 1762/608
f 1852/605 1846/610 2346/596
f 1846/610 2344/609 2346/596
f 1847/611 1853/602 2345/606
f 1853/602 2347/599 2345/606
f 2346/596 2344/609 1766/594
f 2344/609 1762/608 1766/594
f 2345/606 2347/599 1763/607
f 2347/599 1768/601 1763/607
f 1827/604 1852/605 2339/595
f 1852/605 2346/596 2339/595
f 1853/602 1830/603 2347/599
f 1830/603 2340/600 2347/599
f 2339/595 2346/596 1770/597
f 2346/596 1766/594 1770/597
f 2347/599 2340/600 1768/601
f 2340/600 1772/598 1768/601
f 2348/614 2349/613 1771/612
f 1775/615 1771/612 2349/613
f 2350/618 2351/617 1777/616
f 1773/619 1777/616 2351/617
f 1833/621 1832/620 2348/614
f 2349/613 2348/614 1832/620
f 1835/623 1834/622 2350/618
f 2351/617 2350/618 1834/622
f 2349/613 2352/624 1775/615
f 1779/625 1775/615 2352/624
f 2353/627 2350/618 1781/626
f 1777/616 1781/626 2350/618
f 1832/620 1840/628 2349/613
f 2352/624 2349/613 1840/628
f 1841/629 1835/623 2353/627
f 2350/618 2353/627 1835/623
f 2352/624 2353/627 1779/625
f 2353/627 1781/626 1779/625
f 1840/628 1841/629 2352/624
f 1841/629 2353/627 2352/624
f 1845/629 1843/628 2354/627
f 2355/624 2354/627 1843/628
f 2354/627 2355/624 1765/626
f 1764/625 1765/626 2355/624
f 1843/628 1849/620 2355/624
f 2356/613 2355/624 1849/620
f 1851/623 1845/629 2357/618
f 2354/627 2357/618 1845/629
f 2357/618 2354/627 1769/616
f 1765/626 1769/616 2354/627
f 2355/624 2356/613 1764/625
f 1767/615 1764/625 2356/613
f 1849/620 1833/621 2356/613
f 2348/614 2356/613 1833/621
f 1834/622 1851/623 2351/617
f 2357/618 2351/617 1851/623
f 2356/613 2348/614 1767/615
f 1771/612 1767/615 2348/614
f 2351/617 2357/618 1773/619
f 1769/616 1773/619 2357/618
f 1790/632 1785/631 1788/630
f 1783/633 1788/630 1785/631
f 1788/630 1783/633 1793/634
f 1793/634 1783/633 1786/635
f 1791/638 1789/637 1784/636
f 1782/639 1784/636 1789/637
f 1789/637 1792/640 1782/639
f 1787/641 1782/639 1792/640
f 2358/644 2359/643 2360/642
f 2360/642 2359/643 2361/645
f 2361/645 2359/643 2362/646
f 2363/644 2364/643 2365/642
f 2365/642 2364/643 2366/645
f 2366/645 2364/643 2367/646
f 2368/644 2369/643 2370/642
f 2370/642 2369/643 2371/645
f 2371/645 2369/643 2372/646
f 2373/645 2374/643 2375/646
f 2376/642 2374/643 2373/645
f 2377/644 2374/643 2376/642
f 2378/645 2379/643 2380/646
f 2381/642 2379/643 2378/645
f 2382/644 2379/643 2381/642
f 2383/645 2384/643 2385/646
f 2386/642 2384/643 2383/645
f 2387/644 2384/643 2386/642
f 2388/644 2389/643 2390/642
f 2390/642 2389/643 2391/645
f 2391/645 2389/643 2392/646
f 2393/644 2394/643 2395/642
f 2395/642 2394/643 2396/645
f 2396/645 2394/643 2397/646
f 2398/644 2399/643 2400/642
f 2400/642 2399/643 2401/645
f 2401/645 2399/643 2402/646
f 2403/643 2404/646 2405/642
f 2406/645 2405/642 2404/646
f 2407/644 2403/643 2405/642
f 2408/645 2409/643 2410/646
f 2411/642 2409/643 2408/645
f 2412/644 2409/643 2411/642
f 2413/643 2414/646 2415/642
f 2416/645 2415/642 2414/646
f 2417/644 2413/643 2415/642
usemtl texture13
f 982/46 981/648 987/647
f 981/648 985/649 987/647
f 990/46 989/648 995/647
f 989/648 993/649 995/647
usemtl texture14
f 2418/652 2419/651 2420/650
f 2420/650 2419/651 2421/653
f 2422/654 2419/651 2418/652
f 2421/653 2419/651 2423/655
f 2424/656 2419/651 2422/654
f 2423/655 2419/651 2424/656
f 2425/652 2426/651 2427/650
f 2427/650 2426/651 2428/653
f 2429/654 2426/651 2425/652
f 2428/653 2426/651 2430/655
f 2431/656 2426/651 2429/654
f 2430/655 2426/651 2431/656
usemtl texture16
f 2432/659 2444/658 1919/657
f 2444/658 1923/660 1919/657
f 2444/658 2445/661 1923/660
f 2445/661 1926/662 1923/660
f 2445/661 2446/663 1926/662
f 2446/663 1930/664 1926/662
f 2446/663 2433/665 1930/664
f 2433/665 1933/666 1930/664
f 2447/659 2448/658 1935/657
f 2448/658 1939/660 1935/657
f 2448/658 2449/661 1939/660
f 2449/661 1942/662 1939/660
f 2449/661 2450/663 1942/662
f 2450/663 1946/664 1942/662
f 2450/663 2451/665 1946/664
f 2451/665 1949/666 1946/664
f 2452/659 2453/658 1951/657
f 2453/658 1955/660 1951/657
f 2453/658 2454/661 1955/660
f 2454/661 1958/662 1955/660
f 2454/661 2455/663 1958/662
f 2455/663 1962/664 1958/662
f 2455/663 2456/665 1962/664
f 2456/665 1965/666 1962/664
f 2457/663 2435/665 1966/664
f 2435/665 1967/666 1966/664
f 2458/661 2457/663 1972/662
f 2457/663 1966/664 1972/662
f 2459/658 2458/661 1976/660
f 2458/661 1972/662 1976/660
f 2434/659 2459/658 1981/657
f 2459/658 1976/660 1981/657
f 2460/663 2461/665 1982/664
f 2461/665 1983/666 1982/664
f 2462/661 2460/663 1988/662
f 2460/663 1982/664 1988/662
f 2463/658 2462/661 1992/660
f 2462/661 1988/662 1992/660
f 2464/659 2463/658 1997/657
f 2463/658 1992/660 1997/657
f 2465/663 2437/665 1998/664
f 2437/665 1999/666 1998/664
f 2466/661 2465/663 2004/662
f 2465/663 1998/664 2004/662
f 2467/658 2466/661 2008/660
f 2466/661 2004/662 2008/660
f 2436/659 2467/658 2013/657
f 2467/658 2008/660 2013/657
f 2358/659 2360/658 2015/657
f 2360/658 2019/660 2015/657
f 2360/658 2361/661 2019/660
f 2361/661 2022/662 2019/660
f 2361/661 2362/663 2022/662
f 2362/663 2026/664 2022/662
f 2362/663 2359/665 2026/664
f 2359/665 2029/666 2026/664
f 2363/659 2365/658 2031/657
f 2365/658 2035/660 2031/657
f 2365/658 2366/661 2035/660
f 2366/661 2038/662 2035/660
f 2366/661 2367/663 2038/662
f 2367/663 2042/664 2038/662
f 2367/663 2364/665 2042/664
f 2364/665 2045/666 2042/664
f 2368/659 2370/658 2047/657
f 2370/658 2051/660 2047/657
f 2370/658 2371/661 2051/660
f 2371/661 2054/662 2051/660
f 2371/661 2372/663 2054/662
f 2372/663 2058/664 2054/662
f 2372/663 2369/665 2058/664
f 2369/665 2061/666 2058/664
f 2375/663 2374/665 2062/664
f 2374/665 2063/666 2062/664
f 2373/661 2375/663 2068/662
f 2375/663 2062/664 2068/662
f 2376/658 2373/661 2072/660
f 2373/661 2068/662 2072/660
f 2377/659 2376/658 2077/657
f 2376/658 2072/660 2077/657
f 2380/663 2379/665 2078/664
f 2379/665 2079/666 2078/664
f 2378/661 2380/663 2084/662
f 2380/663 2078/664 2084/662
f 2381/658 2378/661 2088/660
f 2378/661 2084/662 2088/660
f 2382/659 2381/658 2093/657
f 2381/658 2088/660 2093/657
f 2385/663 2384/665 2094/664
f 2384/665 2095/666 2094/664
f 2383/661 2385/663 2100/662
f 2385/663 2094/664 2100/662
f 2386/658 2383/661 2104/660
f 2383/661 2100/662 2104/660
f 2387/659 2386/658 2109/657
f 2386/658 2104/660 2109/657
f 2468/659 2469/658 2111/657
f 2469/658 2115/660 2111/657
f 2469/658 2470/661 2115/660
f 2470/661 2118/662 2115/660
f 2470/661 2471/663 2118/662
f 2471/663 2122/664 2118/662
f 2471/663 2472/665 2122/664
f 2472/665 2125/666 2122/664
f 2473/659 2474/658 2127/657
f 2474/658 2131/660 2127/657
f 2474/658 2475/661 2131/660
f 2475/661 2134/662 2131/660
f 2475/661 2476/663 2134/662
f 2476/663 2138/664 2134/662
f 2476/663 2477/665 2138/664
f 2477/665 2141/666 2138/664
f 2438/659 2478/658 2143/657
f 2478/658 2147/660 2143/657
f 2478/658 2479/661 2147/660
f 2479/661 2150/662 2147/660
f 2479/661 2480/663 2150/662
f 2480/663 2154/664 2150/662
f 2480/663 2439/665 2154/664
f 2439/665 2157/666 2154/664
f 2481/663 2441/665 2158/664
f 2441/665 2159/666 2158/664
f 2482/661 2481/663 2164/662
f 2481/663 2158/664 2164/662
f 2483/658 2482/661 2168/660
f 2482/661 2164/662 2168/660
f 2440/659 2483/658 2173/657
f 2483/658 2168/660 2173/657
f 2484/663 2485/665 2174/664
f 2485/665 2175/666 2174/664
f 2486/661 2484/663 2180/662
f 2484/663 2174/664 2180/662
f 2487/658 2486/661 2184/660
f 2486/661 2180/662 2184/660
f 2488/659 2487/658 2189/657
f 2487/658 2184/660 2189/657
f 2489/663 2443/665 2190/664
f 2443/665 2191/666 2190/664
f 2490/661 2489/663 2196/662
f 2489/663 2190/664 2196/662
f 2491/658 2490/661 2200/660
f 2490/661 2196/662 2200/660
f 2442/659 2491/658 2205/657
f 2491/658 2200/660 2205/657
f 2388/659 2390/658 2207/657
f 2390/658 2211/660 2207/657
f 2390/658 2391/661 2211/660
f 2391/661 2214/662 2211/660
f 2391/661 2392/663 2214/662
f 2392/663 2218/664 2214/662
f 2392/663 2389/665 2218/664
f 2389/665 2221/666 2218/664
f 2393/659 2395/658 2223/657
f 2395/658 2227/660 2223/657
f 2395/658 2396/661 2227/660
f 2396/661 2230/662 2227/660
f 2396/661 2397/663 2230/662
f 2397/663 2234/664 2230/662
f 2397/663 2394/665 2234/664
f 2394/665 2237/666 2234/664
f 2398/659 2400/658 2239/657
f 2400/658 2243/660 2239/657
f 2400/658 2401/661 2243/660
f 2401/661 2246/662 2243/660
f 2401/661 2402/663 2246/662
f 2402/663 2250/664 2246/662
f 2402/663 2399/665 2250/664
f 2399/665 2253/666 2250/664
f 2404/663 2403/665 2254/664
f 2403/665 2255/666 2254/664
f 2406/661 2404/663 2260/662
f 2404/663 2254/664 2260/662
f 2405/658 2406/661 2264/660
f 2406/661 2260/662 2264/660
f 2407/659 2405/658 2269/657
f 2405/658 2264/660 2269/657
f 2410/663 2409/665 2270/664
f 2409/665 2271/666 2270/664
f 2408/661 2410/663 2276/662
f 2410/663 2270/664 2276/662
f 2411/658 2408/661 2280/660
f 2408/661 2276/662 2280/660
f 2412/659 2411/658 2285/657
f 2411/658 2280/660 2285/657
f 2414/663 2413/665 2286/664
f 2413/665 2287/666 2286/664
f 2416/661 2414/663 2292/662
f 2414/663 2286/664 2292/662
f 2415/658 2416/661 2296/660
f 2416/661 2292/662 2296/660
f 2417/659 2415/658 2301/657
f 2415/658 2296/660 2301/657
g obj2
usemtl mat2
f 2492/264 2493/263 2494/262
f 2493/263 2495/265 2494/262
f 2496/669 2497/668 2498/667
f 2497/668 2499/670 2498/667
f 2500/673 2501/672 2502/671
f 2501/672 2503/674 2502/671
f 2504/676 2500/673 2505/675
f 2505/675 2500/673 2502/671
f 2504/676 2506/677 2500/673
f 2506/677 2507/678 2500/673
f 2507/678 2508/679 2500/673
f 2508/679 2501/672 2500/673
f 2506/677 2509/680 2507/678
f 2509/680 2510/681 2507/678
f 2510/681 2511/682 2507/678
f 2511/682 2508/679 2507/678
f 2512/684 2513/683 2510/681
f 2513/683 2511/682 2510/681
f 2514/685 2512/684 2509/680
f 2509/680 2512/684 2510/681
f 2515/688 2516/687 2517/686
f 2516/687 2518/689 2517/686
f 2519/692 2520/691 2521/690
f 2520/691 2522/693 2521/690
f 2523/695 2515/688 2524/694
f 2515/688 2517/686 2524/694
f 2520/691 2525/696 2522/693
f 2525/696 2526/697 2522/693
f 2527/699 2523/695 2528/698
f 2523/695 2524/694 2528/698
f 2525/696 2529/700 2526/697
f 2529/700 2530/701 2526/697
f 2531/703 2527/699 2532/702
f 2527/699 2528/698 2532/702
f 2529/700 2533/704 2530/701
f 2533/704 2534/705 2530/701
f 2535/708 2536/707 2537/706
f 2536/707 2538/709 2537/706
f 2538/709 2539/710 2537/706
f 2539/710 2540/711 2537/706
f 2536/714 2541/713 2538/712
f 2541/713 2542/715 2538/712
f 2542/715 2543/716 2538/712
f 2543/716 2539/717 2538/712
f 2544/688 2545/687 2546/686
f 2545/687 2547/689 2546/686
f 2548/692 2549/691 2550/690
f 2549/691 2551/693 2550/690
f 2552/695 2544/688 2553/694
f 2544/688 2546/686 2553/694
f 2549/691 2554/696 2551/693
f 2554/696 2555/697 2551/693
f 2556/699 2552/695 2557/698
f 2552/695 2553/694 2557/698
f 2554/696 2558/700 2555/697
f 2558/700 2559/701 2555/697
f 2560/703 2556/699 2561/702
f 2556/699 2557/698 2561/702
f 2558/700 2562/704 2559/701
f 2562/704 2563/705 2559/701
f 2564/669 2565/668 2566/667
f 2565/668 2567/670 2566/667
f 2568/264 2569/263 2570/262
f 2569/263 2571/265 2570/262
f 2572/720 2573/719 2574/718
f 2573/719 2575/721 2574/718
f 2576/723 2572/720 2577/722
f 2577/722 2572/720 2574/718
f 2578/725 2579/724 2572/720
f 2579/724 2573/719 2572/720
f 2576/723 2580/726 2572/720
f 2580/726 2578/725 2572/720
f 2581/728 2582/727 2578/725
f 2582/727 2579/724 2578/725
f 2580/726 2583/729 2578/725
f 2583/729 2581/728 2578/725
f 2584/731 2585/730 2583/729
f 2583/729 2585/730 2581/728
f 2585/730 2586/732 2581/728
f 2586/732 2582/727 2581/728
f 2587/708 2588/707 2589/706
f 2588/707 2590/709 2589/706
f 2590/709 2591/710 2589/706
f 2591/710 2592/711 2589/706
f 2593/715 2594/716 2590/712
f 2594/716 2591/717 2590/712
f 2595/713 2593/715 2588/714
f 2588/714 2593/715 2590/712
f 2596/688 2597/687 2598/686
f 2597/687 2599/689 2598/686
f 2600/692 2601/691 2602/690
f 2601/691 2603/693 2602/690
f 2604/695 2596/688 2605/694
f 2596/688 2598/686 2605/694
f 2601/691 2606/696 2603/693
f 2606/696 2607/697 2603/693
f 2608/699 2604/695 2609/698
f 2604/695 2605/694 2609/698
f 2606/696 2610/700 2607/697
f 2610/700 2611/701 2607/697
f 2612/703 2608/699 2613/702
f 2608/699 2609/698 2613/702
f 2610/700 2614/704 2611/701
f 2614/704 2615/705 2611/701
f 2616/669 2617/668 2618/667
f 2617/668 2619/670 2618/667
f 2620/264 2621/263 2622/262
f 2621/263 2623/265 2622/262
f 2624/688 2625/687 2626/686
f 2625/687 2627/689 2626/686
f 2628/692 2629/691 2630/690
f 2629/691 2631/693 2630/690
f 2632/695 2624/688 2633/694
f 2624/688 2626/686 2633/694
f 2629/691 2634/696 2631/693
f 2634/696 2635/697 2631/693
f 2636/699 2632/695 2637/698
f 2632/695 2633/694 2637/698
f 2634/696 2638/700 2635/697
f 2638/700 2639/701 2635/697
f 2640/703 2636/699 2641/702
f 2636/699 2637/698 2641/702
f 2638/700 2642/704 2639/701
f 2642/704 2643/705 2639/701
f 2644/669 2645/668 2646/667
f 2645/668 2647/670 2646/667
f 2648/264 2649/263 2650/262
f 2649/263 2651/265 2650/262
f 2652/735 2653/734 2654/733
f 2653/734 2655/736 2654/733
f 2656/738 2652/735 2657/737
f 2657/737 2652/735 2654/733
f 2656/738 2658/726 2652/735
f 2658/726 2659/725 2652/735
f 2659/725 2660/724 2652/735
f 2660/724 2653/734 2652/735
f 2658/726 2661/739 2659/725
f 2661/739 2662/740 2659/725
f 2662/740 2663/741 2659/725
f 2663/741 2660/724 2659/725
f 2664/743 2665/742 2662/740
f 2665/742 2663/741 2662/740
f 2661/739 2666/744 2662/740
f 2666/744 2664/743 2662/740
f 2667/747 2668/746 2669/745
f 2668/746 2670/748 2669/745
f 2671/750 2667/747 2672/749
f 2672/749 2667/747 2669/745
f 2671/750 2673/677 2667/747
f 2673/677 2674/678 2667/747
f 2674/678 2675/679 2667/747
f 2675/679 2668/746 2667/747
f 2676/752 2677/751 2674/678
f 2677/751 2675/679 2674/678
f 2673/677 2678/753 2674/678
f 2678/753 2676/752 2674/678
f 2679/755 2680/754 2676/752
f 2680/754 2677/751 2676/752
f 2678/753 2681/756 2676/752
f 2681/756 2679/755 2676/752
usemtl mat3
f 2516/759 2515/758 2682/757
f 2682/757 2515/758 2683/760
f 2684/763 2520/762 2685/761
f 2520/762 2519/764 2685/761
f 2515/758 2523/765 2683/760
f 2683/760 2523/765 2686/766
f 2687/766 2525/765 2684/763
f 2525/765 2520/762 2684/763
f 2686/766 2523/765 2688/763
f 2523/765 2527/762 2688/763
f 2529/758 2525/765 2689/760
f 2689/760 2525/765 2687/766
f 2688/763 2527/762 2690/761
f 2527/762 2531/764 2690/761
f 2533/759 2529/758 2691/757
f 2691/757 2529/758 2689/760
f 2545/759 2544/758 2692/757
f 2692/757 2544/758 2693/760
f 2694/763 2549/762 2695/761
f 2549/762 2548/764 2695/761
f 2544/758 2552/765 2693/760
f 2693/760 2552/765 2696/766
f 2697/766 2554/765 2694/763
f 2554/765 2549/762 2694/763
f 2696/766 2552/765 2698/763
f 2552/765 2556/762 2698/763
f 2558/758 2554/765 2699/760
f 2699/760 2554/765 2697/766
f 2698/763 2556/762 2700/761
f 2556/762 2560/764 2700/761
f 2562/759 2558/758 2701/757
f 2701/757 2558/758 2699/760
f 2597/759 2596/758 2702/757
f 2702/757 2596/758 2703/760
f 2704/763 2601/762 2705/761
f 2601/762 2600/764 2705/761
f 2596/758 2604/765 2703/760
f 2703/760 2604/765 2706/766
f 2707/766 2606/765 2704/763
f 2606/765 2601/762 2704/763
f 2706/766 2604/765 2708/763
f 2604/765 2608/762 2708/763
f 2610/758 2606/765 2709/760
f 2709/760 2606/765 2707/766
f 2708/763 2608/762 2710/761
f 2608/762 2612/764 2710/761
f 2614/759 2610/758 2711/757
f 2711/757 2610/758 2709/760
f 2625/759 2624/758 2712/757
f 2712/757 2624/758 2713/760
f 2714/763 2629/762 2715/761
f 2629/762 2628/764 2715/761
f 2624/758 2632/765 2713/760
f 2713/760 2632/765 2716/766
f 2717/766 2634/765 2714/763
f 2634/765 2629/762 2714/763
f 2716/766 2632/765 2718/763
f 2632/765 2636/762 2718/763
f 2638/758 2634/765 2719/760
f 2719/760 2634/765 2717/766
f 2718/763 2636/762 2720/761
f 2636/762 2640/764 2720/761
f 2642/759 2638/758 2721/757
f 2721/757 2638/758 2719/760
usemtl mat4
f 2722/769 2723/768 2724/767
f 2724/767 2723/768 2725/770
f 2726/772 2724/767 2727/771
f 2724/767 2725/770 2727/771
f 2722/769 2724/767 2728/773
f 2724/767 2729/774 2728/773
f 2726/772 2730/775 2724/767
f 2724/767 2730/775 2729/774
f 2731/769 2732/768 2733/767
f 2733/767 2732/768 2734/770
f 2735/772 2733/767 2736/771
f 2733/767 2734/770 2736/771
f 2731/769 2733/767 2737/773
f 2733/767 2738/774 2737/773
f 2735/772 2739/775 2733/767
f 2733/767 2739/775 2738/774
f 2740/769 2741/768 2742/767
f 2742/767 2741/768 2743/770
f 2744/772 2742/767 2745/771
f 2742/767 2743/770 2745/771
f 2740/769 2742/767 2746/773
f 2742/767 2747/774 2746/773
f 2744/772 2748/775 2742/767
f 2742/767 2748/775 2747/774
f 2749/772 2750/775 2751/767
f 2751/767 2750/775 2752/774
f 2753/769 2751/767 2754/773
f 2751/767 2752/774 2754/773
f 2749/772 2751/767 2755/771
f 2751/767 2756/770 2755/771
f 2753/769 2757/768 2751/767
f 2751/767 2757/768 2756/770
f 2758/772 2759/775 2760/767
f 2760/767 2759/775 2761/774
f 2762/769 2760/767 2763/773
f 2760/767 2761/774 2763/773
f 2758/772 2760/767 2764/771
f 2760/767 2765/770 2764/771
f 2762/769 2766/768 2760/767
f 2760/767 2766/768 2765/770
f 2767/772 2768/775 2769/767
f 2769/767 2768/775 2770/774
f 2771/769 2769/767 2772/773
f 2769/767 2770/774 2772/773
f 2767/772 2769/767 2773/771
f 2769/767 2774/770 2773/771
f 2771/769 2775/768 2769/767
f 2769/767 2775/768 2774/770
f 2776/769 2777/768 2778/767
f 2778/767 2777/768 2779/770
f 2780/772 2778/767 2781/771
f 2778/767 2779/770 2781/771
f 2776/769 2778/767 2782/773
f 2778/767 2783/774 2782/773
f 2780/772 2784/775 2778/767
f 2778/767 2784/775 2783/774
f 2785/769 2786/768 2787/767
f 2787/767 2786/768 2788/770
f 2789/772 2787/767 2790/771
f 2787/767 2788/770 2790/771
f 2785/769 2787/767 2791/773
f 2787/767 2792/774 2791/773
f 2789/772 2793/775 2787/767
f 2787/767 2793/775 2792/774
f 2794/769 2795/768 2796/767
f 2796/767 2795/768 2797/770
f 2798/772 2796/767 2799/771
f 2796/767 2797/770 2799/771
f 2794/769 2796/767 2800/773
f 2796/767 2801/774 2800/773
f 2798/772 2802/775 2796/767
f 2796/767 2802/775 2801/774
f 2803/772 2804/775 2805/767
f 2805/767 2804/775 2806/774
f 2807/769 2805/767 2808/773
f 2805/767 2806/774 2808/773
f 2803/772 2805/767 2809/771
f 2805/767 2810/770 2809/771
f 2807/769 2811/768 2805/767
f 2805/767 2811/768 2810/770
f 2812/772 2813/775 2814/767
f 2814/767 2813/775 2815/774
f 2816/769 2814/767 2817/773
f 2814/767 2815/774 2817/773
f 2812/772 2814/767 2818/771
f 2814/767 2819/770 2818/771
f 2816/769 2820/768 2814/767
f 2814/767 2820/768 2819/770
f 2821/772 2822/775 2823/767
f 2823/767 2822/775 2824/774
f 2825/769 2823/767 2826/773
f 2823/767 2824/774 2826/773
f 2821/772 2823/767 2827/771
f 2823/767 2828/770 2827/771
f 2825/769 2829/768 2823/767
f 2823/767 2829/768 2828/770
f 2830/769 2831/768 2832/767
f 2832/767 2831/768 2833/770
f 2834/772 2832/767 2835/771
f 2832/767 2833/770 2835/771
f 2830/769 2832/767 2836/773
f 2832/767 2837/774 2836/773
f 2834/772 2838/775 2832/767
f 2832/767 2838/775 2837/774
f 2839/769 2840/768 2841/767
f 2841/767 2840/768 2842/770
f 2843/772 2841/767 2844/771
f 2841/767 2842/770 2844/771
f 2839/769 2841/767 2845/773
f 2841/767 2846/774 2845/773
f 2843/772 2847/775 2841/767
f 2841/767 2847/775 2846/774
f 2848/769 2849/768 2850/767
f 2850/767 2849/768 2851/770
f 2852/772 2850/767 2853/771
f 2850/767 2851/770 2853/771
f 2848/769 2850/767 2854/773
f 2850/767 2855/774 2854/773
f 2852/772 2856/775 2850/767
f 2850/767 2856/775 2855/774
f 2857/772 2858/775 2859/767
f 2859/767 2858/775 2860/774
f 2861/769 2859/767 2862/773
f 2859/767 2860/774 2862/773
f 2857/772 2859/767 2863/771
f 2859/767 2864/770 2863/771
f 2861/769 2865/768 2859/767
f 2859/767 2865/768 2864/770
f 2866/772 2867/775 2868/767
f 2868/767 2867/775 2869/774
f 2870/769 2868/767 2871/773
f 2868/767 2869/774 2871/773
f 2866/772 2868/767 2872/771
f 2868/767 2873/770 2872/771
f 2870/769 2874/768 2868/767
f 2868/767 2874/768 2873/770
f 2875/772 2876/775 2877/767
f 2877/767 2876/775 2878/774
f 2879/769 2877/767 2880/773
f 2877/767 2878/774 2880/773
f 2875/772 2877/767 2881/771
f 2877/767 2882/770 2881/771
f 2879/769 2883/768 2877/767
f 2877/767 2883/768 2882/770
f 2884/769 2885/768 2886/767
f 2886/767 2885/768 2887/770
f 2888/772 2886/767 2889/771
f 2886/767 2887/770 2889/771
f 2884/769 2886/767 2890/773
f 2886/767 2891/774 2890/773
f 2888/772 2892/775 2886/767
f 2886/767 2892/775 2891/774
f 2893/769 2894/768 2895/767
f 2895/767 2894/768 2896/770
f 2897/772 2895/767 2898/771
f 2895/767 2896/770 2898/771
f 2893/769 2895/767 2899/773
f 2895/767 2900/774 2899/773
f 2897/772 2901/775 2895/767
f 2895/767 2901/775 2900/774
f 2902/769 2903/768 2904/767
f 2904/767 2903/768 2905/770
f 2906/772 2904/767 2907/771
f 2904/767 2905/770 2907/771
f 2902/769 2904/767 2908/773
f 2904/767 2909/774 2908/773
f 2906/772 2910/775 2904/767
f 2904/767 2910/775 2909/774
f 2911/772 2912/775 2913/767
f 2913/767 2912/775 2914/774
f 2915/769 2913/767 2916/773
f 2913/767 2914/774 2916/773
f 2911/772 2913/767 2917/771
f 2913/767 2918/770 2917/771
f 2915/769 2919/768 2913/767
f 2913/767 2919/768 2918/770
f 2920/772 2921/775 2922/767
f 2922/767 2921/775 2923/774
f 2924/769 2922/767 2925/773
f 2922/767 2923/774 2925/773
f 2920/772 2922/767 2926/771
f 2922/767 2927/770 2926/771
f 2924/769 2928/768 2922/767
f 2922/767 2928/768 2927/770
f 2929/772 2930/775 2931/767
f 2931/767 2930/775 2932/774
f 2933/769 2931/767 2934/773
f 2931/767 2932/774 2934/773
f 2929/772 2931/767 2935/771
f 2931/767 2936/770 2935/771
f 2933/769 2937/768 2931/767
f 2931/767 2937/768 2936/770
# 3720 elements

