# Created by Metasequoia

mtllib Emperor1.mtl

v -1030.000244 0.000060 -1725.000000
v -1000.000000 0.000060 -1725.000000
v -1030.000244 0.000060 -1840.000000
v -1000.000000 0.000060 -1840.000000
v -1030.000244 0.000060 -1610.000000
v -1000.000000 0.000060 -1610.000000
v -969.999878 0.000060 -1725.000000
v -969.999878 0.000060 -1840.000000
v -969.999878 0.000060 -1610.000000
v -1030.000244 -0.000920 -2275.035400
v -1000.000000 -0.001020 -2275.035400
v -1030.000244 -0.000920 -2390.035400
v -1000.000000 -0.001020 -2390.035400
v -1030.000244 -0.000920 -2160.035400
v -1000.000000 -0.001020 -2160.035400
v -969.999878 -0.001020 -2275.035400
v -969.999878 -0.001020 -2390.035400
v -969.999878 -0.001020 -2160.035400
v -1030.000244 0.000060 -4225.000000
v -1000.000000 0.000060 -4225.000000
v -1030.000244 0.000060 -4340.000000
v -1000.000000 0.000060 -4340.000000
v -1030.000244 0.000060 -4110.000000
v -1000.000000 0.000060 -4110.000000
v -969.999878 0.000060 -4225.000000
v -969.999878 0.000060 -4340.000000
v -969.999878 0.000060 -4110.000000
v -1030.000244 -0.000920 -4775.035156
v -1000.000000 -0.001020 -4775.035156
v -1030.000244 -0.000920 -4890.035156
v -1000.000000 -0.001020 -4890.035156
v -1030.000244 -0.000920 -4660.035156
v -1000.000000 -0.001020 -4660.035156
v -969.999878 -0.001020 -4775.035156
v -969.999878 -0.001020 -4890.035156
v -969.999878 -0.001020 -4660.035156
v -939.134766 5.500060 -2079.000000
v -939.134766 5.500060 -2141.000000
v -940.000427 4.000060 -2079.000000
v -940.000427 4.000060 -2141.000000
v -939.134766 5.500060 -2005.000000
v -939.134766 5.500060 -2067.000000
v -940.000427 4.000060 -2005.000000
v -940.000427 4.000060 -2067.000000
v -939.134766 5.500060 -1931.000000
v -939.134766 5.500060 -1993.000000
v -940.000427 4.000060 -1931.000000
v -940.000427 4.000060 -1993.000000
v -939.134766 5.500060 -1858.000000
v -939.134766 5.500060 -1919.000000
v -940.000427 4.000060 -1858.000000
v -940.000427 4.000060 -1919.000000
v -938.268555 4.000060 -2079.000000
v -938.268555 4.000060 -2141.000000
v -938.268555 4.000060 -2005.000000
v -938.268555 4.000060 -2067.000000
v -938.268555 4.000060 -1931.000000
v -938.268555 4.000060 -1993.000000
v -938.268555 4.000060 -1858.000000
v -938.268555 4.000060 -1919.000000
v -1061.732422 4.000060 -2141.000000
v -1061.732422 4.000060 -2079.000000
v -1060.866211 5.500060 -2141.000000
v -1060.866211 5.500060 -2079.000000
v -1061.732422 4.000060 -2067.000000
v -1061.732422 4.000060 -2005.000000
v -1060.866211 5.500060 -2067.000000
v -1060.866211 5.500060 -2005.000000
v -1061.732422 4.000060 -1993.000000
v -1061.732422 4.000060 -1931.000000
v -1060.866211 5.500060 -1993.000000
v -1060.866211 5.500060 -1931.000000
v -1061.732422 4.000060 -1919.000000
v -1061.732422 4.000060 -1858.000000
v -1060.866211 5.500060 -1919.000000
v -1060.866211 5.500060 -1858.000000
v -1060.000366 4.000060 -2141.000000
v -1060.000366 4.000060 -2079.000000
v -1060.000366 4.000060 -2067.000000
v -1060.000366 4.000060 -2005.000000
v -1060.000366 4.000060 -1993.000000
v -1060.000366 4.000060 -1931.000000
v -1060.000366 4.000060 -1919.000000
v -1060.000366 4.000060 -1858.000000
v -1061.732422 4.000060 -4641.000000
v -1061.732422 4.000060 -4579.000000
v -1060.866211 5.500060 -4641.000000
v -1060.866211 5.500060 -4579.000000
v -1061.732422 4.000060 -4567.000000
v -1061.732422 4.000060 -4505.000000
v -1060.866211 5.500060 -4567.000000
v -1060.866211 5.500060 -4505.000000
v -1061.732422 4.000060 -4493.000000
v -1061.732422 4.000060 -4431.000000
v -1060.866211 5.500060 -4493.000000
v -1060.866211 5.500060 -4431.000000
v -1061.732422 4.000060 -4419.000000
v -1061.732422 4.000060 -4358.000000
v -1060.866211 5.500060 -4419.000000
v -1060.866211 5.500060 -4358.000000
v -1060.000366 4.000060 -4641.000000
v -1060.000366 4.000060 -4579.000000
v -1060.000366 4.000060 -4567.000000
v -1060.000366 4.000060 -4505.000000
v -1060.000366 4.000060 -4493.000000
v -1060.000366 4.000060 -4431.000000
v -1060.000366 4.000060 -4419.000000
v -1060.000366 4.000060 -4358.000000
v -939.134766 5.500060 -4579.000000
v -939.134766 5.500060 -4641.000000
v -940.000427 4.000060 -4579.000000
v -940.000427 4.000060 -4641.000000
v -939.134766 5.500060 -4505.000000
v -939.134766 5.500060 -4567.000000
v -940.000427 4.000060 -4505.000000
v -940.000427 4.000060 -4567.000000
v -939.134766 5.500060 -4431.000000
v -939.134766 5.500060 -4493.000000
v -940.000427 4.000060 -4431.000000
v -940.000427 4.000060 -4493.000000
v -939.134766 5.500060 -4358.000000
v -939.134766 5.500060 -4419.000000
v -940.000427 4.000060 -4358.000000
v -940.000427 4.000060 -4419.000000
v -938.268555 4.000060 -4579.000000
v -938.268555 4.000060 -4641.000000
v -938.268555 4.000060 -4505.000000
v -938.268555 4.000060 -4567.000000
v -938.268555 4.000060 -4431.000000
v -938.268555 4.000060 -4493.000000
v -938.268555 4.000060 -4358.000000
v -938.268555 4.000060 -4419.000000
v -1059.999756 -30.001530 -1299.997314
v -1059.999756 -0.001080 -1299.998535
v -1059.999756 -30.001820 -1449.996826
v -1059.999756 -0.001230 -1449.998047
v -1059.999756 -30.000931 -1599.999512
v -1059.999756 -0.001540 -1599.997314
v -1059.999756 -0.001690 -999.996826
v -1059.999756 -0.000780 -1149.999512
v -1059.999756 -30.000931 -999.999023
v -1059.999756 -30.001390 -1149.998291
v -969.999939 -0.001690 -999.996826
v -969.999939 -30.000931 -999.999023
v -939.999939 -0.001690 -999.996826
v -939.999939 -30.000931 -999.999023
v -939.999939 -30.001530 -1299.997314
v -939.999939 -30.001820 -1449.996826
v -939.999939 -0.001080 -1299.998535
v -939.999939 -0.001230 -1449.998047
v -939.999939 -30.000931 -1599.999512
v -939.999939 -0.001540 -1599.997314
v -939.999939 -0.000780 -1149.999512
v -939.999939 -30.001390 -1149.998291
v -969.999939 -30.000931 -1599.999512
v -969.999939 -0.001540 -1599.997314
v -1061.731934 3.998470 -1295.132324
v -1061.731934 3.998470 -1233.132324
v -1060.865845 5.498470 -1295.132324
v -1060.865845 5.498470 -1233.132324
v -1061.731934 3.998470 -1222.132324
v -1061.731934 3.998470 -1160.132324
v -1060.865845 5.498470 -1222.132324
v -1060.865845 5.498470 -1160.132324
v -1061.731934 3.998470 -1067.132324
v -1061.731934 3.998470 -1005.132324
v -1060.865845 5.498470 -1067.132324
v -1060.865845 5.498470 -1005.132324
v -1061.731934 3.998570 -1140.132324
v -1061.731934 3.998570 -1078.132324
v -1060.865845 5.498570 -1140.132324
v -1060.865845 5.498570 -1078.132324
v -1059.999878 3.998470 -1295.132324
v -1059.999878 3.998470 -1233.132324
v -1059.999878 3.998470 -1222.132324
v -1059.999878 3.998470 -1160.132324
v -1059.999878 3.998470 -1067.132324
v -1059.999878 3.998470 -1005.132324
v -1059.999878 3.998570 -1140.132324
v -1059.999878 3.998570 -1078.132324
v -1061.731934 3.998470 -1594.500000
v -1061.731934 3.998470 -1534.000000
v -1060.865845 5.498470 -1594.500000
v -1060.865845 5.498470 -1534.000000
v -1061.731934 3.998470 -1523.000000
v -1061.731934 3.998470 -1461.000000
v -1060.865845 5.498470 -1523.000000
v -1060.865845 5.498470 -1461.000000
v -1061.731934 3.998470 -1368.000000
v -1061.731934 3.998470 -1306.000000
v -1060.865845 5.498470 -1368.000000
v -1060.865845 5.498470 -1306.000000
v -1061.731934 3.998570 -1441.000000
v -1061.731934 3.998570 -1379.000000
v -1060.865845 5.498570 -1441.000000
v -1060.865845 5.498570 -1379.000000
v -1059.999878 3.998470 -1594.500000
v -1059.999878 3.998470 -1534.000000
v -1059.999878 3.998470 -1523.000000
v -1059.999878 3.998470 -1461.000000
v -1059.999878 3.998470 -1368.000000
v -1059.999878 3.998470 -1306.000000
v -1059.999878 3.998570 -1441.000000
v -1059.999878 3.998570 -1379.000000
v -939.134033 5.498470 -1534.000000
v -939.134033 5.498470 -1594.500000
v -940.000061 3.998470 -1534.000000
v -940.000061 3.998470 -1594.500000
v -939.134033 5.498470 -1379.000000
v -939.134033 5.498470 -1441.000000
v -940.000061 3.998470 -1379.000000
v -940.000061 3.998470 -1441.000000
v -939.134033 5.498470 -1306.000000
v -939.134033 5.498470 -1368.000000
v -940.000061 3.998470 -1306.000000
v -940.000061 3.998470 -1368.000000
v -939.134033 5.498570 -1461.000000
v -939.134033 5.498570 -1523.000000
v -940.000061 3.998570 -1461.000000
v -940.000061 3.998570 -1523.000000
v -938.268066 3.998470 -1534.000000
v -938.268066 3.998470 -1594.500000
v -938.268066 3.998470 -1379.000000
v -938.268066 3.998470 -1441.000000
v -938.268066 3.998470 -1306.000000
v -938.268066 3.998470 -1368.000000
v -938.268066 3.998570 -1461.000000
v -938.268066 3.998570 -1523.000000
v -1060.000488 -30.001671 -2000.036377
v -1060.000488 -0.001210 -2000.037109
v -1060.000488 -30.001970 -2075.036133
v -1060.000488 -0.001360 -2075.036621
v -1060.000488 -30.001080 -2150.037598
v -1060.000488 -0.001670 -2150.036377
v -1060.000488 -0.001820 -1850.036133
v -1060.000488 -0.000920 -1925.037598
v -1060.000488 -30.001080 -1850.037354
v -1060.000488 -30.001369 -1925.036865
v -970.000671 -0.001820 -1850.036133
v -970.000671 -30.001080 -1850.037354
v -940.000671 -0.001820 -1850.036133
v -940.000671 -30.001080 -1850.037354
v -940.000671 -30.001671 -2000.036377
v -940.000671 -30.001970 -2075.036133
v -940.000671 -0.001210 -2000.037109
v -940.000671 -0.001360 -2075.036621
v -940.000671 -30.001080 -2150.037598
v -940.000671 -0.001670 -2150.036377
v -940.000671 -0.000920 -1925.037598
v -940.000671 -30.001369 -1925.036865
v -970.000671 -30.001080 -2150.037598
v -970.000671 -0.001670 -2150.036377
v -1060.000488 -30.002581 -2700.070313
v -1060.000488 -0.002280 -2700.071777
v -1060.000488 -30.003040 -2850.069824
v -1060.000488 -0.002430 -2850.071289
v -1060.000488 -30.002119 -3000.072754
v -1060.000488 -0.002730 -3000.070313
v -1060.000488 -0.002880 -2400.069824
v -1060.000488 -0.001980 -2550.072510
v -1060.000488 -30.002119 -2400.072021
v -1060.000488 -30.002439 -2550.071289
v -970.000671 -0.002880 -2400.069824
v -970.000671 -30.002119 -2400.072021
v -940.000671 -0.002880 -2400.069824
v -940.000671 -30.002119 -2400.072021
v -940.000671 -30.002581 -2700.070313
v -940.000671 -30.003040 -2850.069824
v -940.000671 -0.002280 -2700.071777
v -940.000671 -0.002430 -2850.071289
v -940.000671 -30.002119 -3000.072754
v -940.000671 -0.002730 -3000.070313
v -940.000671 -0.001980 -2550.072510
v -940.000671 -30.002439 -2550.071289
v -970.000671 -30.002119 -3000.072754
v -970.000671 -0.002730 -3000.070313
v -939.134033 5.498470 -1233.000000
v -939.134033 5.498470 -1295.000000
v -940.000061 3.998470 -1233.000000
v -940.000061 3.998470 -1295.000000
v -939.134033 5.498470 -1078.000000
v -939.134033 5.498470 -1140.000000
v -940.000061 3.998470 -1078.000000
v -940.000061 3.998470 -1140.000000
v -939.134033 5.498470 -1005.000000
v -939.134033 5.498470 -1067.000000
v -940.000061 3.998470 -1005.000000
v -940.000061 3.998470 -1067.000000
v -939.134033 5.498570 -1160.000000
v -939.134033 5.498570 -1222.000000
v -940.000061 3.998570 -1160.000000
v -940.000061 3.998570 -1222.000000
v -938.268066 3.998470 -1233.000000
v -938.268066 3.998470 -1295.000000
v -938.268066 3.998470 -1078.000000
v -938.268066 3.998470 -1140.000000
v -938.268066 3.998470 -1005.000000
v -938.268066 3.998470 -1067.000000
v -938.268066 3.998570 -1160.000000
v -938.268066 3.998570 -1222.000000
v -1060.000488 -30.001671 -4500.037109
v -1060.000488 -0.001210 -4500.037598
v -1060.000488 -30.001970 -4575.036621
v -1060.000488 -0.001360 -4575.037109
v -1060.000488 -30.001080 -4650.038086
v -1060.000488 -0.001670 -4650.036621
v -1060.000488 -0.001820 -4350.036621
v -1060.000488 -0.000920 -4425.038086
v -1060.000488 -30.001080 -4350.037598
v -1060.000488 -30.001369 -4425.037598
v -970.000671 -0.001820 -4350.036621
v -970.000671 -30.001080 -4350.037598
v -940.000671 -0.001820 -4350.036621
v -940.000671 -30.001080 -4350.037598
v -940.000671 -30.001671 -4500.037109
v -940.000671 -30.001970 -4575.036621
v -940.000671 -0.001210 -4500.037598
v -940.000671 -0.001360 -4575.037109
v -940.000671 -30.001080 -4650.038086
v -940.000671 -0.001670 -4650.036621
v -940.000671 -0.000920 -4425.038086
v -940.000671 -30.001369 -4425.037598
v -970.000671 -30.001080 -4650.038086
v -970.000671 -0.001670 -4650.036621
v -1061.731934 3.998470 -3795.132324
v -1061.731934 3.998470 -3733.132324
v -1060.865845 5.498470 -3795.132324
v -1060.865845 5.498470 -3733.132324
v -1061.731934 3.998470 -3722.132324
v -1061.731934 3.998470 -3660.132324
v -1060.865845 5.498470 -3722.132324
v -1060.865845 5.498470 -3660.132324
v -1061.731934 3.998470 -3567.132324
v -1061.731934 3.998470 -3505.132324
v -1060.865845 5.498470 -3567.132324
v -1060.865845 5.498470 -3505.132324
v -1061.731934 3.998570 -3640.132324
v -1061.731934 3.998570 -3578.132324
v -1060.865845 5.498570 -3640.132324
v -1060.865845 5.498570 -3578.132324
v -1059.999878 3.998470 -3795.132324
v -1059.999878 3.998470 -3733.132324
v -1059.999878 3.998470 -3722.132324
v -1059.999878 3.998470 -3660.132324
v -1059.999878 3.998470 -3567.132324
v -1059.999878 3.998470 -3505.132324
v -1059.999878 3.998570 -3640.132324
v -1059.999878 3.998570 -3578.132324
v -1061.731934 3.998470 -4094.500000
v -1061.731934 3.998470 -4034.000000
v -1060.865845 5.498470 -4094.500000
v -1060.865845 5.498470 -4034.000000
v -1061.731934 3.998470 -4023.000000
v -1061.731934 3.998470 -3961.000000
v -1060.865845 5.498470 -4023.000000
v -1060.865845 5.498470 -3961.000000
v -1061.731934 3.998470 -3868.000000
v -1061.731934 3.998470 -3806.000000
v -1060.865845 5.498470 -3868.000000
v -1060.865845 5.498470 -3806.000000
v -1061.731934 3.998570 -3941.000000
v -1061.731934 3.998570 -3879.000000
v -1060.865845 5.498570 -3941.000000
v -1060.865845 5.498570 -3879.000000
v -1059.999878 3.998470 -4094.500000
v -1059.999878 3.998470 -4034.000000
v -1059.999878 3.998470 -4023.000000
v -1059.999878 3.998470 -3961.000000
v -1059.999878 3.998470 -3868.000000
v -1059.999878 3.998470 -3806.000000
v -1059.999878 3.998570 -3941.000000
v -1059.999878 3.998570 -3879.000000
v -939.134033 5.498470 -4034.000000
v -939.134033 5.498470 -4094.500000
v -940.000061 3.998470 -4034.000000
v -940.000061 3.998470 -4094.500000
v -939.134033 5.498470 -3879.000000
v -939.134033 5.498470 -3941.000000
v -940.000061 3.998470 -3879.000000
v -940.000061 3.998470 -3941.000000
v -939.134033 5.498470 -3806.000000
v -939.134033 5.498470 -3868.000000
v -940.000061 3.998470 -3806.000000
v -940.000061 3.998470 -3868.000000
v -939.134033 5.498570 -3961.000000
v -939.134033 5.498570 -4023.000000
v -940.000061 3.998570 -3961.000000
v -940.000061 3.998570 -4023.000000
v -938.268066 3.998470 -4034.000000
v -938.268066 3.998470 -4094.500000
v -938.268066 3.998470 -3879.000000
v -938.268066 3.998470 -3941.000000
v -938.268066 3.998470 -3806.000000
v -938.268066 3.998470 -3868.000000
v -938.268066 3.998570 -3961.000000
v -938.268066 3.998570 -4023.000000
v -1059.999756 -30.001530 -3799.997559
v -1059.999756 -0.001080 -3799.999023
v -1059.999756 -30.001820 -3949.997070
v -1059.999756 -0.001230 -3949.998047
v -1059.999756 -30.000931 -4099.999512
v -1059.999756 -0.001540 -4099.997559
v -1059.999756 -0.001690 -3499.997070
v -1059.999756 -0.000780 -3650.000000
v -1059.999756 -30.000931 -3499.999268
v -1059.999756 -30.001390 -3649.998535
v -969.999939 -0.001690 -3499.997070
v -969.999878 -30.000931 -3499.999512
v -939.999939 -0.001690 -3499.997070
v -939.999939 -30.000931 -3499.999512
v -939.999939 -30.001530 -3799.997559
v -939.999939 -30.001820 -3949.997070
v -939.999939 -0.001080 -3799.999023
v -939.999939 -0.001230 -3949.998047
v -939.999939 -30.000931 -4099.999512
v -939.999939 -0.001540 -4099.997559
v -939.999939 -0.000780 -3650.000000
v -939.999939 -30.001390 -3649.998535
v -969.999878 -30.000931 -4099.999512
v -969.999939 -0.001540 -4099.997559
v -1060.000488 -30.002581 -5200.070313
v -1060.000488 -0.002280 -5200.071777
v -1060.000488 -30.003040 -5350.069824
v -1060.000488 -0.002430 -5350.071289
v -1060.000488 -30.002119 -5500.072754
v -1060.000488 -0.002730 -5500.070313
v -1060.000488 -0.002880 -4900.069824
v -1060.000488 -0.001980 -5050.072754
v -1060.000488 -30.002119 -4900.072266
v -1060.000488 -30.002439 -5050.071289
v -970.000671 -0.002880 -4900.069824
v -970.000671 -30.002119 -4900.072266
v -940.000671 -0.002880 -4900.069824
v -940.000671 -30.002119 -4900.072266
v -940.000671 -30.002581 -5200.070313
v -940.000671 -30.003040 -5350.069824
v -940.000671 -0.002280 -5200.071777
v -940.000671 -0.002430 -5350.071289
v -940.000671 -30.002119 -5500.072754
v -940.000671 -0.002730 -5500.070313
v -940.000671 -0.001980 -5050.072754
v -940.000671 -30.002439 -5050.071289
v -970.000671 -30.002119 -5500.072754
v -970.000671 -0.002730 -5500.070313
v -939.134033 5.498470 -3733.000000
v -939.134033 5.498470 -3795.000000
v -940.000061 3.998470 -3733.000000
v -940.000061 3.998470 -3795.000000
v -939.134033 5.498470 -3578.000000
v -939.134033 5.498470 -3640.000000
v -940.000061 3.998470 -3578.000000
v -940.000061 3.998470 -3640.000000
v -939.134033 5.498470 -3505.000000
v -939.134033 5.498470 -3567.000000
v -940.000061 3.998470 -3505.000000
v -940.000061 3.998470 -3567.000000
v -939.134033 5.498570 -3660.000000
v -939.134033 5.498570 -3722.000000
v -940.000061 3.998570 -3660.000000
v -940.000061 3.998570 -3722.000000
v -938.268066 3.998470 -3733.000000
v -938.268066 3.998470 -3795.000000
v -938.268066 3.998470 -3578.000000
v -938.268066 3.998470 -3640.000000
v -938.268066 3.998470 -3505.000000
v -938.268066 3.998470 -3567.000000
v -938.268066 3.998570 -3660.000000
v -938.268066 3.998570 -3722.000000
v -1030.000244 -6.999940 -1730.000000
v -969.999878 -7.000030 -1730.000000
v -1030.000244 -6.999940 -1720.000000
v -969.999878 -7.000030 -1720.000000
v -1030.000244 -2.999940 -1720.000000
v -969.999878 -3.000030 -1720.000000
v -1030.000244 -2.999940 -1730.000000
v -969.999878 -3.000030 -1730.000000
v -1030.000244 -7.001020 -2280.035400
v -969.999878 -7.001020 -2280.035400
v -1030.000244 -7.001020 -2270.035400
v -969.999878 -7.001020 -2270.035400
v -1030.000244 -3.001020 -2270.035400
v -969.999878 -3.001020 -2270.035400
v -1030.000244 -3.001020 -2280.035400
v -969.999878 -3.001020 -2280.035400
v -1030.000244 -6.999940 -4230.000000
v -969.999878 -7.000030 -4230.000000
v -1030.000244 -6.999940 -4220.000000
v -969.999878 -7.000030 -4220.000000
v -1030.000244 -2.999940 -4220.000000
v -969.999878 -3.000030 -4220.000000
v -1030.000244 -2.999940 -4230.000000
v -969.999878 -3.000030 -4230.000000
v -1030.000244 -7.001020 -4780.035156
v -969.999878 -7.001020 -4780.035156
v -1030.000244 -7.001020 -4770.035156
v -969.999878 -7.001020 -4770.035156
v -1030.000244 -3.001020 -4770.035156
v -969.999878 -3.001020 -4770.035156
v -1030.000244 -3.001020 -4780.035156
v -969.999878 -3.001020 -4780.035156
v -940.000427 -5.999940 -2146.000000
v -940.000427 -5.999940 -2141.000000
v -940.000427 6.000060 -2146.000000
v -940.000427 6.000060 -2141.000000
v -940.000427 -5.999940 -2079.000000
v -940.000427 -5.999940 -2074.000000
v -940.000427 6.000060 -2079.000000
v -940.000427 6.000060 -2074.000000
v -940.000427 -5.999940 -2072.000000
v -940.000427 -5.999940 -2067.000000
v -940.000427 6.000060 -2072.000000
v -940.000427 6.000060 -2067.000000
v -940.000427 -5.999940 -2005.000000
v -940.000427 -5.999940 -2000.000000
v -940.000427 6.000060 -2005.000000
v -940.000427 6.000060 -2000.000000
v -940.000427 -5.999940 -1998.000000
v -940.000427 -5.999940 -1993.000000
v -940.000427 6.000060 -1998.000000
v -940.000427 6.000060 -1993.000000
v -940.000427 -5.999940 -1931.000000
v -940.000427 -5.999940 -1926.000000
v -940.000427 6.000060 -1931.000000
v -940.000427 6.000060 -1926.000000
v -940.000427 -5.999940 -1924.000000
v -940.000427 -5.999940 -1919.000000
v -940.000427 6.000060 -1924.000000
v -940.000427 6.000060 -1919.000000
v -940.000427 -5.999940 -1858.000000
v -940.000427 -5.999940 -1853.000000
v -940.000427 6.000060 -1858.000000
v -940.000427 6.000060 -1853.000000
v -938.000061 -5.999940 -2141.000000
v -938.000061 -5.999940 -2146.000000
v -938.000061 6.000060 -2141.000000
v -938.000061 6.000060 -2146.000000
v -938.000061 -5.999940 -2074.000000
v -938.000061 -5.999940 -2079.000000
v -938.000061 6.000060 -2074.000000
v -938.000061 6.000060 -2079.000000
v -938.000061 -5.999940 -2067.000000
v -938.000061 -5.999940 -2072.000000
v -938.000061 6.000060 -2067.000000
v -938.000061 6.000060 -2072.000000
v -938.000061 -5.999940 -2000.000000
v -938.000061 -5.999940 -2005.000000
v -938.000061 6.000060 -2000.000000
v -938.000061 6.000060 -2005.000000
v -938.000061 -5.999940 -1993.000000
v -938.000061 -5.999940 -1998.000000
v -938.000061 6.000060 -1993.000000
v -938.000061 6.000060 -1998.000000
v -938.000061 -5.999940 -1926.000000
v -938.000061 -5.999940 -1931.000000
v -938.000061 6.000060 -1926.000000
v -938.000061 6.000060 -1931.000000
v -938.000061 -5.999940 -1919.000000
v -938.000061 -5.999940 -1924.000000
v -938.000061 6.000060 -1919.000000
v -938.000061 6.000060 -1924.000000
v -938.000061 -5.999940 -1853.000000
v -938.000061 -5.999940 -1858.000000
v -938.000061 6.000060 -1853.000000
v -938.000061 6.000060 -1858.000000
v -1062.000854 -5.999940 -2146.000000
v -1062.000854 -5.999940 -2141.000000
v -1062.000854 6.000060 -2146.000000
v -1062.000854 6.000060 -2141.000000
v -1062.000854 -5.999940 -2079.000000
v -1062.000854 -5.999940 -2074.000000
v -1062.000854 6.000060 -2079.000000
v -1062.000854 6.000060 -2074.000000
v -1062.000854 -5.999940 -2072.000000
v -1062.000854 -5.999940 -2067.000000
v -1062.000854 6.000060 -2072.000000
v -1062.000854 6.000060 -2067.000000
v -1062.000854 -5.999940 -2005.000000
v -1062.000854 -5.999940 -2000.000000
v -1062.000854 6.000060 -2005.000000
v -1062.000854 6.000060 -2000.000000
v -1062.000854 -5.999940 -1998.000000
v -1062.000854 -5.999940 -1993.000000
v -1062.000854 6.000060 -1998.000000
v -1062.000854 6.000060 -1993.000000
v -1062.000854 -5.999940 -1931.000000
v -1062.000854 -5.999940 -1926.000000
v -1062.000854 6.000060 -1931.000000
v -1062.000854 6.000060 -1926.000000
v -1062.000854 -5.999940 -1924.000000
v -1062.000854 -5.999940 -1919.000000
v -1062.000854 6.000060 -1924.000000
v -1062.000854 6.000060 -1919.000000
v -1062.000854 -5.999940 -1858.000000
v -1062.000854 -5.999940 -1853.000000
v -1062.000854 6.000060 -1858.000000
v -1062.000854 6.000060 -1853.000000
v -1060.000366 -5.999940 -2141.000000
v -1060.000366 -5.999940 -2146.000000
v -1060.000366 6.000060 -2141.000000
v -1060.000366 6.000060 -2146.000000
v -1060.000366 -5.999940 -2074.000000
v -1060.000366 -5.999940 -2079.000000
v -1060.000366 6.000060 -2074.000000
v -1060.000366 6.000060 -2079.000000
v -1060.000366 -5.999940 -2067.000000
v -1060.000366 -5.999940 -2072.000000
v -1060.000366 6.000060 -2067.000000
v -1060.000366 6.000060 -2072.000000
v -1060.000366 -5.999940 -2000.000000
v -1060.000366 -5.999940 -2005.000000
v -1060.000366 6.000060 -2000.000000
v -1060.000366 6.000060 -2005.000000
v -1060.000366 -5.999940 -1993.000000
v -1060.000366 -5.999940 -1998.000000
v -1060.000366 6.000060 -1993.000000
v -1060.000366 6.000060 -1998.000000
v -1060.000366 -5.999940 -1926.000000
v -1060.000366 -5.999940 -1931.000000
v -1060.000366 6.000060 -1926.000000
v -1060.000366 6.000060 -1931.000000
v -1060.000366 -5.999940 -1919.000000
v -1060.000366 -5.999940 -1924.000000
v -1060.000366 6.000060 -1919.000000
v -1060.000366 6.000060 -1924.000000
v -1060.000366 -5.999940 -1853.000000
v -1060.000366 -5.999940 -1858.000000
v -1060.000366 6.000060 -1853.000000
v -1060.000366 6.000060 -1858.000000
v -1062.000854 -5.999940 -4646.000000
v -1062.000854 -5.999940 -4641.000000
v -1062.000854 6.000060 -4646.000000
v -1062.000854 6.000060 -4641.000000
v -1062.000854 -5.999940 -4579.000000
v -1062.000854 -5.999940 -4574.000000
v -1062.000854 6.000060 -4579.000000
v -1062.000854 6.000060 -4574.000000
v -1062.000854 -5.999940 -4572.000000
v -1062.000854 -5.999940 -4567.000000
v -1062.000854 6.000060 -4572.000000
v -1062.000854 6.000060 -4567.000000
v -1062.000854 -5.999940 -4505.000000
v -1062.000854 -5.999940 -4500.000000
v -1062.000854 6.000060 -4505.000000
v -1062.000854 6.000060 -4500.000000
v -1062.000854 -5.999940 -4498.000000
v -1062.000854 -5.999940 -4493.000000
v -1062.000854 6.000060 -4498.000000
v -1062.000854 6.000060 -4493.000000
v -1062.000854 -5.999940 -4431.000000
v -1062.000854 -5.999940 -4426.000000
v -1062.000854 6.000060 -4431.000000
v -1062.000854 6.000060 -4426.000000
v -1062.000854 -5.999940 -4424.000000
v -1062.000854 -5.999940 -4419.000000
v -1062.000854 6.000060 -4424.000000
v -1062.000854 6.000060 -4419.000000
v -1062.000854 -5.999940 -4358.000000
v -1062.000854 -5.999940 -4353.000000
v -1062.000854 6.000060 -4358.000000
v -1062.000854 6.000060 -4353.000000
v -1060.000366 -5.999940 -4641.000000
v -1060.000366 -5.999940 -4646.000000
v -1060.000366 6.000060 -4641.000000
v -1060.000366 6.000060 -4646.000000
v -1060.000366 -5.999940 -4574.000000
v -1060.000366 -5.999940 -4579.000000
v -1060.000366 6.000060 -4574.000000
v -1060.000366 6.000060 -4579.000000
v -1060.000366 -5.999940 -4567.000000
v -1060.000366 -5.999940 -4572.000000
v -1060.000366 6.000060 -4567.000000
v -1060.000366 6.000060 -4572.000000
v -1060.000366 -5.999940 -4500.000000
v -1060.000366 -5.999940 -4505.000000
v -1060.000366 6.000060 -4500.000000
v -1060.000366 6.000060 -4505.000000
v -1060.000366 -5.999940 -4493.000000
v -1060.000366 -5.999940 -4498.000000
v -1060.000366 6.000060 -4493.000000
v -1060.000366 6.000060 -4498.000000
v -1060.000366 -5.999940 -4426.000000
v -1060.000366 -5.999940 -4431.000000
v -1060.000366 6.000060 -4426.000000
v -1060.000366 6.000060 -4431.000000
v -1060.000366 -5.999940 -4419.000000
v -1060.000366 -5.999940 -4424.000000
v -1060.000366 6.000060 -4419.000000
v -1060.000366 6.000060 -4424.000000
v -1060.000366 -5.999940 -4353.000000
v -1060.000366 -5.999940 -4358.000000
v -1060.000366 6.000060 -4353.000000
v -1060.000366 6.000060 -4358.000000
v -940.000427 -5.999940 -4646.000000
v -940.000427 -5.999940 -4641.000000
v -940.000427 6.000060 -4646.000000
v -940.000427 6.000060 -4641.000000
v -940.000427 -5.999940 -4579.000000
v -940.000427 -5.999940 -4574.000000
v -940.000427 6.000060 -4579.000000
v -940.000427 6.000060 -4574.000000
v -940.000427 -5.999940 -4572.000000
v -940.000427 -5.999940 -4567.000000
v -940.000427 6.000060 -4572.000000
v -940.000427 6.000060 -4567.000000
v -940.000427 -5.999940 -4505.000000
v -940.000427 -5.999940 -4500.000000
v -940.000427 6.000060 -4505.000000
v -940.000427 6.000060 -4500.000000
v -940.000427 -5.999940 -4498.000000
v -940.000427 -5.999940 -4493.000000
v -940.000427 6.000060 -4498.000000
v -940.000427 6.000060 -4493.000000
v -940.000427 -5.999940 -4431.000000
v -940.000427 -5.999940 -4426.000000
v -940.000427 6.000060 -4431.000000
v -940.000427 6.000060 -4426.000000
v -940.000427 -5.999940 -4424.000000
v -940.000427 -5.999940 -4419.000000
v -940.000427 6.000060 -4424.000000
v -940.000427 6.000060 -4419.000000
v -940.000427 -5.999940 -4358.000000
v -940.000427 -5.999940 -4353.000000
v -940.000427 6.000060 -4358.000000
v -940.000427 6.000060 -4353.000000
v -938.000061 -5.999940 -4641.000000
v -938.000061 -5.999940 -4646.000000
v -938.000061 6.000060 -4641.000000
v -938.000061 6.000060 -4646.000000
v -938.000061 -5.999940 -4574.000000
v -938.000061 -5.999940 -4579.000000
v -938.000061 6.000060 -4574.000000
v -938.000061 6.000060 -4579.000000
v -938.000061 -5.999940 -4567.000000
v -938.000061 -5.999940 -4572.000000
v -938.000061 6.000060 -4567.000000
v -938.000061 6.000060 -4572.000000
v -938.000061 -5.999940 -4500.000000
v -938.000061 -5.999940 -4505.000000
v -938.000061 6.000060 -4500.000000
v -938.000061 6.000060 -4505.000000
v -938.000061 -5.999940 -4493.000000
v -938.000061 -5.999940 -4498.000000
v -938.000061 6.000060 -4493.000000
v -938.000061 6.000060 -4498.000000
v -938.000061 -5.999940 -4426.000000
v -938.000061 -5.999940 -4431.000000
v -938.000061 6.000060 -4426.000000
v -938.000061 6.000060 -4431.000000
v -938.000061 -5.999940 -4419.000000
v -938.000061 -5.999940 -4424.000000
v -938.000061 6.000060 -4419.000000
v -938.000061 6.000060 -4424.000000
v -938.000061 -5.999940 -4353.000000
v -938.000061 -5.999940 -4358.000000
v -938.000061 6.000060 -4353.000000
v -938.000061 6.000060 -4358.000000
v -1089.999390 -9.999830 -1850.000000
v -1089.999390 -9.999830 -1787.500000
v -1089.999390 0.000170 -1850.000000
v -1089.999390 0.000170 -1787.500000
v -1089.999390 -9.999830 -1725.000000
v -1089.999390 0.000170 -1725.000000
v -1089.999390 -9.999830 -1662.500000
v -1089.999390 0.000170 -1662.500000
v -1089.999390 -9.999830 -1600.000000
v -1089.999390 0.000170 -1600.000000
v -1059.999756 0.000170 -1850.000000
v -1059.999756 -9.999830 -1850.000000
v -1059.999756 -9.999830 -1600.000000
v -1059.999756 0.000170 -1600.000000
v -910.000977 -10.000030 -1850.037842
v -940.000793 -10.000030 -1850.037842
v -910.000977 -0.000030 -1850.037842
v -940.000793 -0.000030 -1850.037842
v -910.000977 -0.000030 -1600.037842
v -940.000793 -0.000030 -1600.037842
v -910.000977 -10.000030 -1600.037842
v -940.000793 -10.000030 -1600.037842
v -910.000977 -10.000030 -1787.537842
v -910.000977 -0.000030 -1787.537842
v -910.000977 -10.000030 -1725.037842
v -910.000977 -0.000030 -1725.037842
v -910.000977 -10.000030 -1662.537842
v -910.000977 -0.000030 -1662.537842
v -1089.999390 -10.000820 -2400.035400
v -1089.999390 -10.000820 -2337.535400
v -1089.999390 -0.000820 -2400.035400
v -1089.999390 -0.000820 -2337.535400
v -1089.999390 -10.000820 -2275.035400
v -1089.999390 -0.000820 -2275.035400
v -1089.999390 -10.000820 -2212.535400
v -1089.999390 -0.000820 -2212.535400
v -1089.999390 -10.000820 -2150.035400
v -1089.999390 -0.000820 -2150.035400
v -1059.999756 -0.000820 -2400.035400
v -1059.999756 -10.000820 -2400.035400
v -1059.999756 -10.000820 -2150.035400
v -1059.999756 -0.000820 -2150.035400
v -910.000977 -10.001130 -2400.073242
v -940.000793 -10.001130 -2400.073242
v -910.000977 -0.001130 -2400.073242
v -940.000793 -0.001130 -2400.073242
v -910.000916 -0.001130 -2150.073242
v -940.000793 -0.001130 -2150.073242
v -910.000916 -10.001130 -2150.073242
v -940.000793 -10.001130 -2150.073242
v -910.000977 -10.001130 -2337.573242
v -910.000977 -0.001130 -2337.573242
v -910.000977 -10.001130 -2275.073242
v -910.000977 -0.001130 -2275.073242
v -910.000977 -10.001130 -2212.573242
v -910.000977 -0.001130 -2212.573242
v -1089.999390 -9.999830 -4350.000000
v -1089.999390 -9.999830 -4287.500000
v -1089.999390 0.000170 -4350.000000
v -1089.999390 0.000170 -4287.500000
v -1089.999390 -9.999830 -4225.000000
v -1089.999390 0.000170 -4225.000000
v -1089.999390 -9.999830 -4162.500000
v -1089.999390 0.000170 -4162.500000
v -1089.999390 -9.999830 -4100.000000
v -1089.999390 0.000170 -4100.000000
v -1059.999756 0.000170 -4350.000000
v -1059.999756 -9.999830 -4350.000000
v -1059.999756 -9.999830 -4100.000000
v -1059.999756 0.000170 -4100.000000
v -910.000977 -10.000030 -4350.038086
v -940.000793 -10.000030 -4350.038086
v -910.000977 -0.000030 -4350.038086
v -940.000793 -0.000030 -4350.038086
v -910.000977 -0.000030 -4100.038086
v -940.000793 -0.000030 -4100.038086
v -910.000977 -10.000030 -4100.038086
v -940.000793 -10.000030 -4100.038086
v -910.000977 -10.000030 -4287.538086
v -910.000977 -0.000030 -4287.538086
v -910.000977 -10.000030 -4225.038086
v -910.000977 -0.000030 -4225.038086
v -910.000977 -10.000030 -4162.538086
v -910.000977 -0.000030 -4162.538086
v -1089.999390 -10.000820 -4900.035156
v -1089.999390 -10.000820 -4837.535156
v -1089.999390 -0.000820 -4900.035156
v -1089.999390 -0.000820 -4837.535156
v -1089.999390 -10.000820 -4775.035156
v -1089.999390 -0.000820 -4775.035156
v -1089.999390 -10.000820 -4712.535156
v -1089.999390 -0.000820 -4712.535156
v -1089.999390 -10.000820 -4650.035156
v -1089.999390 -0.000820 -4650.035156
v -1059.999756 -0.000820 -4900.035156
v -1059.999756 -10.000820 -4900.035156
v -1059.999756 -10.000820 -4650.035156
v -1059.999756 -0.000820 -4650.035156
v -910.000977 -10.001130 -4900.073242
v -940.000793 -10.001130 -4900.073242
v -910.000977 -0.001130 -4900.073242
v -940.000793 -0.001130 -4900.073242
v -910.000977 -0.001130 -4650.073242
v -940.000793 -0.001130 -4650.073242
v -910.000977 -10.001130 -4650.073242
v -940.000793 -10.001130 -4650.073242
v -910.000977 -10.001130 -4837.573242
v -910.000977 -0.001130 -4837.573242
v -910.000977 -10.001130 -4775.073242
v -910.000977 -0.001130 -4775.073242
v -910.000977 -10.001130 -4712.573242
v -910.000977 -0.001130 -4712.573242
v -1030.000244 0.000170 -1787.500000
v -1030.000244 -9.999830 -1787.500000
v -1030.000244 0.000170 -1850.000000
v -1030.000244 -9.999830 -1850.000000
v -1030.000244 0.000170 -1725.000000
v -1030.000244 -9.999830 -1725.000000
v -1030.000244 0.000170 -1662.500000
v -1030.000244 -9.999830 -1662.500000
v -1030.000244 -9.999830 -1600.000000
v -1030.000244 0.000170 -1600.000000
v -1030.000122 -9.999940 -1840.037964
v -970.000244 -10.000030 -1840.037964
v -1030.000122 0.000060 -1840.037964
v -970.000244 -0.000030 -1840.037964
v -1030.000122 0.000060 -1609.999878
v -969.999756 0.000060 -1609.999878
v -1030.000122 -9.999940 -1609.999878
v -969.999756 -9.999940 -1609.999878
v -970.000183 -10.000030 -1850.037842
v -970.000183 -10.000030 -1787.537842
v -970.000183 -0.000030 -1850.037842
v -970.000183 -0.000030 -1787.537842
v -970.000183 -0.000030 -1725.037842
v -970.000183 -10.000030 -1725.037842
v -970.000183 -0.000030 -1662.537842
v -970.000183 -10.000030 -1662.537842
v -970.000183 -0.000030 -1600.037842
v -970.000183 -10.000030 -1600.037842
v -1030.000244 -0.000820 -2337.535400
v -1030.000244 -10.000820 -2337.535400
v -1030.000244 -0.000820 -2400.035400
v -1030.000244 -10.000820 -2400.035400
v -1030.000244 -0.000820 -2275.035400
v -1030.000244 -10.000820 -2275.035400
v -1030.000244 -0.000820 -2212.535400
v -1030.000244 -10.000820 -2212.535400
v -1030.000244 -10.000820 -2150.035400
v -1030.000244 -0.000820 -2150.035400
v -970.000183 -10.001130 -2400.073242
v -970.000183 -10.001130 -2337.573242
v -970.000183 -0.001130 -2400.073242
v -970.000183 -0.001130 -2337.573242
v -970.000183 -0.001130 -2275.073242
v -970.000183 -10.001130 -2275.073242
v -970.000183 -0.001130 -2212.573242
v -970.000183 -10.001130 -2212.573242
v -970.000183 -0.001130 -2150.073242
v -970.000183 -10.001130 -2150.073242
v -1030.000122 -0.000920 -2160.035645
v -969.999756 -0.001020 -2160.035645
v -1030.000122 -10.000920 -2160.035645
v -969.999756 -10.001020 -2160.035645
v -1030.000122 -10.001040 -2390.073486
v -970.000244 -10.001040 -2390.073486
v -1030.000122 -0.001040 -2390.073486
v -970.000244 -0.001040 -2390.073486
v -1030.000244 0.000170 -4287.500000
v -1030.000244 -9.999830 -4287.500000
v -1030.000244 0.000170 -4350.000000
v -1030.000244 -9.999830 -4350.000000
v -1030.000244 0.000170 -4225.000000
v -1030.000244 -9.999830 -4225.000000
v -1030.000244 0.000170 -4162.500000
v -1030.000244 -9.999830 -4162.500000
v -1030.000244 -9.999830 -4100.000000
v -1030.000244 0.000170 -4100.000000
v -970.000183 -10.000030 -4350.038086
v -970.000183 -10.000030 -4287.538086
v -970.000183 -0.000030 -4350.038086
v -970.000183 -0.000030 -4287.538086
v -970.000183 -0.000030 -4225.038086
v -970.000183 -10.000030 -4225.038086
v -970.000183 -0.000030 -4162.538086
v -970.000183 -10.000030 -4162.538086
v -970.000183 -0.000030 -4100.038086
v -970.000183 -10.000030 -4100.038086
v -1030.000122 0.000060 -4110.000000
v -969.999756 0.000060 -4110.000000
v -1030.000122 -9.999940 -4110.000000
v -969.999756 -9.999940 -4110.000000
v -1030.000122 -9.999940 -4340.038086
v -970.000244 -10.000030 -4340.038086
v -1030.000122 0.000060 -4340.038086
v -970.000244 -0.000030 -4340.038086
v -1030.000244 -0.000820 -4837.535156
v -1030.000244 -10.000820 -4837.535156
v -1030.000244 -0.000820 -4900.035156
v -1030.000244 -10.000820 -4900.035156
v -1030.000244 -0.000820 -4775.035156
v -1030.000244 -10.000820 -4775.035156
v -1030.000244 -0.000820 -4712.535156
v -1030.000244 -10.000820 -4712.535156
v -1030.000244 -10.000820 -4650.035156
v -1030.000244 -0.000820 -4650.035156
v -970.000183 -10.001130 -4900.073242
v -970.000183 -10.001130 -4837.573242
v -970.000183 -0.001130 -4900.073242
v -970.000183 -0.001130 -4837.573242
v -970.000183 -0.001130 -4775.073242
v -970.000183 -10.001130 -4775.073242
v -970.000183 -0.001130 -4712.573242
v -970.000183 -10.001130 -4712.573242
v -970.000183 -0.001130 -4650.073242
v -970.000183 -10.001130 -4650.073242
v -1030.000122 -0.000920 -4660.035645
v -969.999756 -0.001020 -4660.035645
v -1030.000122 -10.000920 -4660.035645
v -969.999756 -10.001020 -4660.035645
v -1030.000122 -10.001040 -4890.073242
v -970.000244 -10.001040 -4890.073242
v -1030.000122 -0.001040 -4890.073242
v -970.000244 -0.001040 -4890.073242
v -939.995972 -83.406036 -1285.535645
v -919.995911 -83.406036 -1285.535645
v -939.995972 -133.406021 -1285.535645
v -919.995911 -113.406029 -1285.535645
v -939.995972 -83.406036 -1240.506348
v -939.995972 -133.406021 -1240.506348
v -919.995911 -83.406036 -1240.506348
v -919.995911 -113.406029 -1240.506348
v -939.995972 -83.406036 -3785.535645
v -919.995911 -83.406036 -3785.535889
v -939.995972 -133.406021 -3785.535645
v -919.995911 -113.406029 -3785.535889
v -939.995972 -83.406036 -3740.506348
v -939.995972 -133.406021 -3740.506348
v -919.995911 -83.406036 -3740.506592
v -919.995911 -113.406029 -3740.506592
v -1030.000122 -9.999940 -1850.036987
v -970.000244 -10.000030 -1850.036987
v -1030.000122 -9.999940 -1599.999878
v -969.999756 -9.999940 -1599.999878
v -1059.999756 -10.000820 -2337.535400
v -1059.999756 -10.000820 -2275.035400
v -1059.999756 -10.000820 -2212.535400
v -940.000793 -10.001130 -2337.573242
v -940.000793 -10.001130 -2275.073242
v -940.000793 -10.001130 -2212.573242
v -1030.000122 -10.000920 -2150.035645
v -969.999756 -10.001020 -2150.035645
v -1030.000122 -10.001040 -2400.072510
v -970.000244 -10.001040 -2400.072510
v -1030.000122 -9.999940 -4100.000000
v -969.999756 -9.999940 -4100.000000
v -1030.000122 -9.999940 -4350.037109
v -970.000244 -10.000030 -4350.037109
v -1030.000122 -10.000920 -4650.035645
v -969.999756 -10.001020 -4650.035645
v -1030.000122 -10.001040 -4900.072266
v -970.000244 -10.001040 -4900.072266
v -969.999939 -141.001984 -1599.996338
v -969.999939 -30.001820 -1449.996826
v -969.999939 -141.001678 -1449.997314
v -969.999939 -141.001221 -1299.998047
v -969.999939 -30.001530 -1299.997314
v -969.999939 -30.001390 -1149.998291
v -969.999939 -141.001099 -1149.998535
v -969.999939 -141.000763 -999.999512
v -939.999939 -141.000763 -999.999512
v -939.999939 -141.001678 -1449.997314
v -939.999939 -141.001984 -1599.996338
v -939.999939 -141.001221 -1299.998047
v -939.999939 -141.001099 -1149.998535
v -970.000671 -141.001373 -2000.036621
v -970.000671 -30.001671 -2000.036377
v -970.000671 -141.001678 -2075.036377
v -970.000671 -30.001970 -2075.036133
v -970.000671 -141.001968 -2150.035889
v -970.000671 -30.001369 -1925.036865
v -970.000671 -141.001221 -1925.037109
v -970.000671 -141.000916 -1850.037598
v -940.000671 -141.000916 -1850.037598
v -940.000671 -141.001678 -2075.036377
v -940.000671 -141.001968 -2150.035889
v -940.000671 -141.001373 -2000.036621
v -940.000671 -141.001221 -1925.037109
v -970.000671 -141.003036 -3000.069336
v -970.000671 -30.003040 -2850.069824
v -970.000671 -141.002747 -2850.070313
v -970.000671 -141.002441 -2700.070801
v -970.000671 -30.002581 -2700.070313
v -970.000671 -30.002439 -2550.071289
v -970.000671 -141.002289 -2550.071533
v -970.000671 -141.001984 -2400.072510
v -940.000671 -141.001984 -2400.072510
v -940.000671 -141.002747 -2850.070313
v -940.000671 -141.003036 -3000.069336
v -940.000671 -141.002441 -2700.070801
v -940.000671 -141.002289 -2550.071533
v -970.000671 -141.001373 -4500.037109
v -970.000671 -30.001671 -4500.037109
v -970.000671 -141.001678 -4575.036621
v -970.000671 -30.001970 -4575.036621
v -970.000671 -141.001968 -4650.036621
v -970.000671 -30.001369 -4425.037598
v -970.000671 -141.001221 -4425.037598
v -970.000671 -141.000916 -4350.038086
v -940.000671 -141.000916 -4350.038086
v -940.000671 -141.001678 -4575.036621
v -940.000671 -141.001968 -4650.036621
v -940.000671 -141.001373 -4500.037109
v -940.000671 -141.001221 -4425.037598
v -969.999939 -141.001984 -4099.996582
v -969.999939 -30.001820 -3949.997070
v -969.999939 -141.001678 -3949.997559
v -969.999939 -141.001221 -3799.997559
v -969.999939 -30.001530 -3799.997559
v -969.999939 -30.001390 -3649.998535
v -969.999939 -141.001099 -3649.999023
v -969.999939 -141.000763 -3500.000000
v -939.999939 -141.000763 -3500.000000
v -939.999939 -141.001678 -3949.997559
v -939.999939 -141.001984 -4099.996582
v -939.999939 -141.001221 -3799.998047
v -939.999939 -141.001099 -3649.999023
v -970.000671 -141.003036 -5500.068848
v -970.000671 -30.003040 -5350.069824
v -970.000671 -141.002747 -5350.070313
v -970.000671 -141.002441 -5200.070801
v -970.000671 -30.002581 -5200.070313
v -970.000671 -30.002439 -5050.071289
v -970.000671 -141.002289 -5050.071777
v -970.000671 -141.001984 -4900.072754
v -940.000671 -141.001984 -4900.072754
v -940.000671 -141.002747 -5350.070313
v -940.000671 -141.003036 -5500.068848
v -940.000671 -141.002441 -5200.070801
v -940.000671 -141.002289 -5050.071777
v -709.327698 -173.563034 -1230.581055
v -749.223999 -173.563034 -1230.581055
v -719.301697 -229.902817 -1247.856689
v -739.249878 -229.902817 -1247.856689
v -709.327698 -173.563034 -1299.683594
v -689.379517 -173.563034 -1265.132324
v -719.301697 -229.902817 -1282.407959
v -709.327698 -229.902817 -1265.132324
v -729.275818 -251.448227 -1265.132324
v -769.172119 -173.563034 -1265.132324
v -749.223999 -173.563034 -1299.683350
v -749.223999 -229.902817 -1265.132324
v -739.250000 -229.902817 -1282.407959
v -709.327698 -173.563034 -3730.580566
v -749.223999 -173.563034 -3730.580566
v -719.301758 -229.902817 -3747.856934
v -739.249878 -229.902817 -3747.856934
v -709.327698 -173.563034 -3799.684082
v -689.379517 -173.563034 -3765.132324
v -719.301697 -229.902817 -3782.407715
v -709.327698 -229.902817 -3765.132324
v -729.275818 -251.448227 -3765.132568
v -769.172119 -173.563034 -3765.132324
v -749.223999 -173.563034 -3799.683594
v -749.223999 -229.902817 -3765.132324
v -739.250000 -229.902817 -3782.407715
v -1064.999756 -27.001530 -1146.132324
v -1077.999756 -47.001530 -1146.132324
v -1059.999756 -34.586430 -1146.132324
v -1068.048950 -54.001530 -1146.132324
v -1064.999756 -27.001530 -1154.132324
v -1059.999756 -34.586430 -1154.132324
v -1077.999756 -47.001530 -1154.132324
v -1068.048950 -54.001530 -1154.132324
v -1059.999756 9.998470 -1154.132324
v -1064.999756 9.998470 -1154.132324
v -1059.999756 9.998470 -1146.132324
v -1064.999756 9.998470 -1146.132324
v -1064.999756 -27.001530 -1447.000000
v -1077.999756 -47.001530 -1447.000000
v -1059.999756 -34.586430 -1447.000000
v -1068.048950 -54.001530 -1447.000000
v -1064.999756 -27.001530 -1455.000000
v -1059.999756 -34.586430 -1455.000000
v -1077.999756 -47.001530 -1455.000000
v -1068.048950 -54.001530 -1455.000000
v -1059.999756 9.998470 -1455.000000
v -1064.999756 9.998470 -1455.000000
v -1059.999756 9.998470 -1447.000000
v -1064.999756 9.998470 -1447.000000
v -940.000122 -34.586430 -1455.000000
v -940.000183 9.998470 -1455.000000
v -935.000122 -27.001530 -1455.000000
v -935.000183 9.998470 -1455.000000
v -940.000122 -34.586430 -1447.000000
v -935.000122 -27.001530 -1447.000000
v -940.000183 9.998470 -1447.000000
v -935.000183 9.998470 -1447.000000
v -922.000183 -47.001530 -1447.000000
v -931.950989 -54.001530 -1447.000000
v -922.000183 -47.001530 -1455.000000
v -931.950989 -54.001530 -1455.000000
v -940.000122 -34.586430 -1154.000000
v -940.000183 9.998470 -1154.000000
v -935.000122 -27.001530 -1154.000000
v -935.000183 9.998470 -1154.000000
v -940.000122 -34.586430 -1146.000000
v -935.000122 -27.001530 -1146.000000
v -940.000183 9.998470 -1146.000000
v -935.000183 9.998470 -1146.000000
v -922.000183 -47.001530 -1146.000000
v -931.950989 -54.001530 -1146.000000
v -922.000183 -47.001530 -1154.000000
v -931.950989 -54.001530 -1154.000000
v -1064.999756 -27.001530 -3646.132324
v -1077.999756 -47.001530 -3646.132080
v -1059.999756 -34.586430 -3646.132324
v -1068.048950 -54.001530 -3646.132080
v -1064.999756 -27.001530 -3654.132324
v -1059.999756 -34.586430 -3654.132324
v -1077.999756 -47.001530 -3654.132080
v -1068.048950 -54.001530 -3654.132080
v -1059.999756 9.998470 -3654.132080
v -1064.999756 9.998470 -3654.132080
v -1059.999756 9.998470 -3646.132080
v -1064.999756 9.998470 -3646.132080
v -1064.999756 -27.001530 -3947.000000
v -1077.999756 -47.001530 -3947.000000
v -1059.999756 -34.586430 -3947.000000
v -1068.048950 -54.001530 -3947.000000
v -1064.999756 -27.001530 -3955.000000
v -1059.999756 -34.586430 -3955.000000
v -1077.999756 -47.001530 -3955.000000
v -1068.048950 -54.001530 -3955.000000
v -1059.999756 9.998470 -3955.000000
v -1064.999756 9.998470 -3955.000000
v -1059.999756 9.998470 -3947.000000
v -1064.999756 9.998470 -3947.000000
v -940.000122 -34.586430 -3955.000000
v -940.000183 9.998470 -3955.000000
v -935.000122 -27.001530 -3955.000000
v -935.000183 9.998470 -3955.000000
v -940.000122 -34.586430 -3947.000000
v -935.000122 -27.001530 -3947.000000
v -940.000183 9.998470 -3947.000000
v -935.000183 9.998470 -3947.000000
v -922.000183 -47.001530 -3947.000000
v -931.950989 -54.001530 -3947.000000
v -922.000183 -47.001530 -3955.000000
v -931.950989 -54.001530 -3955.000000
v -940.000122 -34.586430 -3654.000000
v -940.000183 9.998470 -3654.000000
v -935.000122 -27.001530 -3654.000000
v -935.000183 9.998470 -3654.000000
v -940.000122 -34.586430 -3646.000000
v -935.000122 -27.001530 -3646.000000
v -940.000183 9.998470 -3646.000000
v -935.000183 9.998470 -3646.000000
v -922.000183 -47.001530 -3646.000000
v -931.950989 -54.001530 -3646.000000
v -922.000183 -47.001530 -3654.000000
v -931.950989 -54.001530 -3654.000000
v -1062.000366 -6.001630 -1233.132324
v -1062.000366 -6.001630 -1228.132324
v -1062.000366 5.998370 -1233.132324
v -1062.000366 5.998370 -1228.132324
v -1062.000366 -6.001630 -1160.132324
v -1062.000366 -6.001630 -1155.132324
v -1062.000366 5.998370 -1160.132324
v -1062.000366 5.998370 -1155.132324
v -1062.000366 -6.001630 -1005.132324
v -1062.000366 -6.001630 -1000.132324
v -1062.000366 5.998370 -1005.132324
v -1062.000366 5.998370 -1000.132324
v -1062.000366 -6.001530 -1078.132324
v -1062.000366 -6.001530 -1073.132324
v -1062.000366 5.998470 -1078.132324
v -1062.000366 5.998470 -1073.132324
v -1062.000244 -6.001630 -1300.132324
v -1062.000244 -6.001630 -1295.132324
v -1062.000244 5.998370 -1300.132324
v -1062.000244 5.998370 -1295.132324
v -1062.000244 -6.001630 -1227.132324
v -1062.000244 -6.001630 -1222.132324
v -1062.000244 5.998370 -1227.132324
v -1062.000244 5.998370 -1222.132324
v -1062.000244 -6.001630 -1072.132324
v -1062.000244 -6.001630 -1067.132324
v -1062.000244 5.998370 -1072.132324
v -1062.000244 5.998370 -1067.132324
v -1062.000244 -6.001530 -1145.132324
v -1062.000244 -6.001530 -1140.132324
v -1062.000244 5.998470 -1145.132324
v -1062.000244 5.998470 -1140.132324
v -1059.999878 -6.001630 -1295.132324
v -1059.999878 -6.001630 -1300.132324
v -1059.999878 5.998370 -1295.132324
v -1059.999878 5.998370 -1300.132324
v -1059.999878 -6.001630 -1228.132324
v -1059.999878 -6.001630 -1233.132324
v -1059.999878 5.998370 -1228.132324
v -1059.999878 5.998370 -1233.132324
v -1059.999878 -6.001630 -1222.132324
v -1059.999878 -6.001630 -1227.132324
v -1059.999878 5.998370 -1222.132324
v -1059.999878 5.998370 -1227.132324
v -1059.999878 -6.001630 -1155.132324
v -1059.999878 -6.001630 -1160.132324
v -1059.999878 5.998370 -1155.132324
v -1059.999878 5.998370 -1160.132324
v -1059.999878 -6.001630 -1067.132324
v -1059.999878 -6.001630 -1072.132324
v -1059.999878 5.998370 -1067.132324
v -1059.999878 5.998370 -1072.132324
v -1059.999878 -6.001630 -1000.132324
v -1059.999878 -6.001630 -1005.132324
v -1059.999878 5.998370 -1000.132324
v -1059.999878 5.998370 -1005.132324
v -1059.999878 -6.001530 -1140.132324
v -1059.999878 -6.001530 -1145.132324
v -1059.999878 5.998470 -1140.132324
v -1059.999878 5.998470 -1145.132324
v -1059.999878 -6.001530 -1073.132324
v -1059.999878 -6.001530 -1078.132324
v -1059.999878 5.998470 -1073.132324
v -1059.999878 5.998470 -1078.132324
v -1062.000366 -6.001630 -1534.000000
v -1062.000366 -6.001630 -1529.000000
v -1062.000366 5.998370 -1534.000000
v -1062.000366 5.998370 -1529.000000
v -1062.000366 -6.001630 -1461.000000
v -1062.000366 -6.001630 -1456.000000
v -1062.000366 5.998370 -1461.000000
v -1062.000366 5.998370 -1456.000000
v -1062.000366 -6.001630 -1306.000000
v -1062.000366 -6.001630 -1301.000000
v -1062.000366 5.998370 -1306.000000
v -1062.000366 5.998370 -1301.000000
v -1062.000366 -6.001530 -1379.000000
v -1062.000366 -6.001530 -1374.000000
v -1062.000366 5.998470 -1379.000000
v -1062.000366 5.998470 -1374.000000
v -1062.000244 -6.001630 -1599.500000
v -1062.000244 -6.001630 -1594.500000
v -1062.000244 5.998370 -1599.500000
v -1062.000244 5.998370 -1594.500000
v -1062.000244 -6.001630 -1528.000000
v -1062.000244 -6.001630 -1523.000000
v -1062.000244 5.998370 -1528.000000
v -1062.000244 5.998370 -1523.000000
v -1062.000244 -6.001630 -1373.000000
v -1062.000244 -6.001630 -1368.000000
v -1062.000244 5.998370 -1373.000000
v -1062.000244 5.998370 -1368.000000
v -1062.000244 -6.001530 -1446.000000
v -1062.000244 -6.001530 -1441.000000
v -1062.000244 5.998470 -1446.000000
v -1062.000244 5.998470 -1441.000000
v -1059.999878 -6.001630 -1594.500000
v -1059.999878 -6.001630 -1599.500000
v -1059.999878 5.998370 -1594.500000
v -1059.999878 5.998370 -1599.500000
v -1059.999878 -6.001630 -1529.000000
v -1059.999878 -6.001630 -1534.000000
v -1059.999878 5.998370 -1529.000000
v -1059.999878 5.998370 -1534.000000
v -1059.999878 -6.001630 -1523.000000
v -1059.999878 -6.001630 -1528.000000
v -1059.999878 5.998370 -1523.000000
v -1059.999878 5.998370 -1528.000000
v -1059.999878 -6.001630 -1456.000000
v -1059.999878 -6.001630 -1461.000000
v -1059.999878 5.998370 -1456.000000
v -1059.999878 5.998370 -1461.000000
v -1059.999878 -6.001630 -1368.000000
v -1059.999878 -6.001630 -1373.000000
v -1059.999878 5.998370 -1368.000000
v -1059.999878 5.998370 -1373.000000
v -1059.999878 -6.001630 -1301.000000
v -1059.999878 -6.001630 -1306.000000
v -1059.999878 5.998370 -1301.000000
v -1059.999878 5.998370 -1306.000000
v -1059.999878 -6.001530 -1441.000000
v -1059.999878 -6.001530 -1446.000000
v -1059.999878 5.998470 -1441.000000
v -1059.999878 5.998470 -1446.000000
v -1059.999878 -6.001530 -1374.000000
v -1059.999878 -6.001530 -1379.000000
v -1059.999878 5.998470 -1374.000000
v -1059.999878 5.998470 -1379.000000
v -940.000061 -6.001630 -1599.500000
v -940.000061 -6.001630 -1594.500000
v -940.000061 5.998370 -1599.500000
v -940.000061 5.998370 -1594.500000
v -940.000061 -6.001630 -1534.000000
v -940.000061 -6.001630 -1529.000000
v -940.000061 5.998370 -1534.000000
v -940.000061 5.998370 -1529.000000
v -940.000061 -6.001630 -1446.000000
v -940.000061 -6.001630 -1441.000000
v -940.000061 5.998370 -1446.000000
v -940.000061 5.998370 -1441.000000
v -940.000061 -6.001630 -1379.000000
v -940.000061 -6.001630 -1374.000000
v -940.000061 5.998370 -1379.000000
v -940.000061 5.998370 -1374.000000
v -940.000061 -6.001630 -1373.000000
v -940.000061 -6.001630 -1368.000000
v -940.000061 5.998370 -1373.000000
v -940.000061 5.998370 -1368.000000
v -940.000061 -6.001630 -1306.000000
v -940.000061 -6.001630 -1301.000000
v -940.000061 5.998370 -1306.000000
v -940.000061 5.998370 -1301.000000
v -940.000061 -6.001530 -1528.000000
v -940.000061 -6.001530 -1523.000000
v -940.000061 5.998470 -1528.000000
v -940.000061 5.998470 -1523.000000
v -940.000061 -6.001530 -1461.000000
v -940.000061 -6.001530 -1456.000000
v -940.000061 5.998470 -1461.000000
v -940.000061 5.998470 -1456.000000
v -937.999756 -6.001630 -1529.000000
v -937.999756 -6.001630 -1534.000000
v -937.999756 5.998370 -1529.000000
v -937.999756 5.998370 -1534.000000
v -937.999756 -6.001630 -1374.000000
v -937.999756 -6.001630 -1379.000000
v -937.999756 5.998370 -1374.000000
v -937.999756 5.998370 -1379.000000
v -937.999756 -6.001630 -1301.000000
v -937.999756 -6.001630 -1306.000000
v -937.999756 5.998370 -1301.000000
v -937.999756 5.998370 -1306.000000
v -937.999756 -6.001530 -1456.000000
v -937.999756 -6.001530 -1461.000000
v -937.999756 5.998470 -1456.000000
v -937.999756 5.998470 -1461.000000
v -937.999512 -6.001630 -1594.500000
v -937.999512 -6.001630 -1599.500000
v -937.999512 5.998370 -1594.500000
v -937.999512 5.998370 -1599.500000
v -937.999512 -6.001630 -1441.000000
v -937.999512 -6.001630 -1446.000000
v -937.999512 5.998370 -1441.000000
v -937.999512 5.998370 -1446.000000
v -937.999512 -6.001630 -1368.000000
v -937.999512 -6.001630 -1373.000000
v -937.999512 5.998370 -1368.000000
v -937.999512 5.998370 -1373.000000
v -937.999512 -6.001530 -1523.000000
v -937.999512 -6.001530 -1528.000000
v -937.999512 5.998470 -1523.000000
v -937.999512 5.998470 -1528.000000
v -940.000061 -6.001630 -1300.000000
v -940.000061 -6.001630 -1295.000000
v -940.000061 5.998370 -1300.000000
v -940.000061 5.998370 -1295.000000
v -940.000061 -6.001630 -1233.000000
v -940.000061 -6.001630 -1228.000000
v -940.000061 5.998370 -1233.000000
v -940.000061 5.998370 -1228.000000
v -940.000061 -6.001630 -1145.000000
v -940.000061 -6.001630 -1140.000000
v -940.000061 5.998370 -1145.000000
v -940.000061 5.998370 -1140.000000
v -940.000061 -6.001630 -1078.000000
v -940.000061 -6.001630 -1073.000000
v -940.000061 5.998370 -1078.000000
v -940.000061 5.998370 -1073.000000
v -940.000061 -6.001630 -1072.000000
v -940.000061 -6.001630 -1067.000000
v -940.000061 5.998370 -1072.000000
v -940.000061 5.998370 -1067.000000
v -940.000061 -6.001630 -1005.000000
v -940.000061 -6.001630 -1000.000000
v -940.000061 5.998370 -1005.000000
v -940.000061 5.998370 -1000.000000
v -940.000061 -6.001530 -1227.000000
v -940.000061 -6.001530 -1222.000000
v -940.000061 5.998470 -1227.000000
v -940.000061 5.998470 -1222.000000
v -940.000061 -6.001530 -1160.000000
v -940.000061 -6.001530 -1155.000000
v -940.000061 5.998470 -1160.000000
v -940.000061 5.998470 -1155.000000
v -937.999756 -6.001630 -1228.000000
v -937.999756 -6.001630 -1233.000000
v -937.999756 5.998370 -1228.000000
v -937.999756 5.998370 -1233.000000
v -937.999756 -6.001630 -1073.000000
v -937.999756 -6.001630 -1078.000000
v -937.999756 5.998370 -1073.000000
v -937.999756 5.998370 -1078.000000
v -937.999756 -6.001630 -1000.000000
v -937.999756 -6.001630 -1005.000000
v -937.999756 5.998370 -1000.000000
v -937.999756 5.998370 -1005.000000
v -937.999756 -6.001530 -1155.000000
v -937.999756 -6.001530 -1160.000000
v -937.999756 5.998470 -1155.000000
v -937.999756 5.998470 -1160.000000
v -937.999512 -6.001630 -1295.000000
v -937.999512 -6.001630 -1300.000000
v -937.999512 5.998370 -1295.000000
v -937.999512 5.998370 -1300.000000
v -937.999512 -6.001630 -1140.000000
v -937.999512 -6.001630 -1145.000000
v -937.999512 5.998370 -1140.000000
v -937.999512 5.998370 -1145.000000
v -937.999512 -6.001630 -1067.000000
v -937.999512 -6.001630 -1072.000000
v -937.999512 5.998370 -1067.000000
v -937.999512 5.998370 -1072.000000
v -937.999512 -6.001530 -1222.000000
v -937.999512 -6.001530 -1227.000000
v -937.999512 5.998470 -1222.000000
v -937.999512 5.998470 -1227.000000
v -1062.000366 -6.001630 -3733.132080
v -1062.000366 -6.001630 -3728.132080
v -1062.000366 5.998370 -3733.132080
v -1062.000366 5.998370 -3728.132080
v -1062.000366 -6.001630 -3660.132080
v -1062.000366 -6.001630 -3655.132080
v -1062.000366 5.998370 -3660.132080
v -1062.000366 5.998370 -3655.132080
v -1062.000366 -6.001630 -3505.132080
v -1062.000366 -6.001630 -3500.132080
v -1062.000366 5.998370 -3505.132080
v -1062.000366 5.998370 -3500.132080
v -1062.000366 -6.001530 -3578.132080
v -1062.000366 -6.001530 -3573.132080
v -1062.000366 5.998470 -3578.132080
v -1062.000366 5.998470 -3573.132080
v -1062.000244 -6.001630 -3800.132080
v -1062.000244 -6.001630 -3795.132080
v -1062.000244 5.998370 -3800.132080
v -1062.000244 5.998370 -3795.132080
v -1062.000244 -6.001630 -3727.132080
v -1062.000244 -6.001630 -3722.132080
v -1062.000244 5.998370 -3727.132080
v -1062.000244 5.998370 -3722.132080
v -1062.000244 -6.001630 -3572.132080
v -1062.000244 -6.001630 -3567.132080
v -1062.000244 5.998370 -3572.132080
v -1062.000244 5.998370 -3567.132080
v -1062.000244 -6.001530 -3645.132080
v -1062.000244 -6.001530 -3640.132080
v -1062.000244 5.998470 -3645.132080
v -1062.000244 5.998470 -3640.132080
v -1059.999878 -6.001630 -3795.132080
v -1059.999878 -6.001630 -3800.132080
v -1059.999878 5.998370 -3795.132080
v -1059.999878 5.998370 -3800.132080
v -1059.999878 -6.001630 -3728.132080
v -1059.999878 -6.001630 -3733.132080
v -1059.999878 5.998370 -3728.132080
v -1059.999878 5.998370 -3733.132080
v -1059.999878 -6.001630 -3722.132080
v -1059.999878 -6.001630 -3727.132080
v -1059.999878 5.998370 -3722.132080
v -1059.999878 5.998370 -3727.132080
v -1059.999878 -6.001630 -3655.132080
v -1059.999878 -6.001630 -3660.132080
v -1059.999878 5.998370 -3655.132080
v -1059.999878 5.998370 -3660.132080
v -1059.999878 -6.001630 -3567.132080
v -1059.999878 -6.001630 -3572.132080
v -1059.999878 5.998370 -3567.132080
v -1059.999878 5.998370 -3572.132080
v -1059.999878 -6.001630 -3500.132080
v -1059.999878 -6.001630 -3505.132080
v -1059.999878 5.998370 -3500.132080
v -1059.999878 5.998370 -3505.132080
v -1059.999878 -6.001530 -3640.132080
v -1059.999878 -6.001530 -3645.132080
v -1059.999878 5.998470 -3640.132080
v -1059.999878 5.998470 -3645.132080
v -1059.999878 -6.001530 -3573.132080
v -1059.999878 -6.001530 -3578.132080
v -1059.999878 5.998470 -3573.132080
v -1059.999878 5.998470 -3578.132080
v -1062.000366 -6.001630 -4034.000000
v -1062.000366 -6.001630 -4029.000000
v -1062.000366 5.998370 -4034.000000
v -1062.000366 5.998370 -4029.000000
v -1062.000366 -6.001630 -3961.000000
v -1062.000366 -6.001630 -3956.000000
v -1062.000366 5.998370 -3961.000000
v -1062.000366 5.998370 -3956.000000
v -1062.000366 -6.001630 -3806.000000
v -1062.000366 -6.001630 -3801.000000
v -1062.000366 5.998370 -3806.000000
v -1062.000366 5.998370 -3801.000000
v -1062.000366 -6.001530 -3879.000000
v -1062.000366 -6.001530 -3874.000000
v -1062.000366 5.998470 -3879.000000
v -1062.000366 5.998470 -3874.000000
v -1062.000244 -6.001630 -4099.500000
v -1062.000244 -6.001630 -4094.500000
v -1062.000244 5.998370 -4099.500000
v -1062.000244 5.998370 -4094.500000
v -1062.000244 -6.001630 -4028.000000
v -1062.000244 -6.001630 -4023.000000
v -1062.000244 5.998370 -4028.000000
v -1062.000244 5.998370 -4023.000000
v -1062.000244 -6.001630 -3873.000000
v -1062.000244 -6.001630 -3868.000000
v -1062.000244 5.998370 -3873.000000
v -1062.000244 5.998370 -3868.000000
v -1062.000244 -6.001530 -3946.000000
v -1062.000244 -6.001530 -3941.000000
v -1062.000244 5.998470 -3946.000000
v -1062.000244 5.998470 -3941.000000
v -1059.999878 -6.001630 -4094.500000
v -1059.999878 -6.001630 -4099.500000
v -1059.999878 5.998370 -4094.500000
v -1059.999878 5.998370 -4099.500000
v -1059.999878 -6.001630 -4029.000000
v -1059.999878 -6.001630 -4034.000000
v -1059.999878 5.998370 -4029.000000
v -1059.999878 5.998370 -4034.000000
v -1059.999878 -6.001630 -4023.000000
v -1059.999878 -6.001630 -4028.000000
v -1059.999878 5.998370 -4023.000000
v -1059.999878 5.998370 -4028.000000
v -1059.999878 -6.001630 -3956.000000
v -1059.999878 -6.001630 -3961.000000
v -1059.999878 5.998370 -3956.000000
v -1059.999878 5.998370 -3961.000000
v -1059.999878 -6.001630 -3868.000000
v -1059.999878 -6.001630 -3873.000000
v -1059.999878 5.998370 -3868.000000
v -1059.999878 5.998370 -3873.000000
v -1059.999878 -6.001630 -3801.000000
v -1059.999878 -6.001630 -3806.000000
v -1059.999878 5.998370 -3801.000000
v -1059.999878 5.998370 -3806.000000
v -1059.999878 -6.001530 -3941.000000
v -1059.999878 -6.001530 -3946.000000
v -1059.999878 5.998470 -3941.000000
v -1059.999878 5.998470 -3946.000000
v -1059.999878 -6.001530 -3874.000000
v -1059.999878 -6.001530 -3879.000000
v -1059.999878 5.998470 -3874.000000
v -1059.999878 5.998470 -3879.000000
v -940.000061 -6.001630 -4099.500000
v -940.000061 -6.001630 -4094.500000
v -940.000061 5.998370 -4099.500000
v -940.000061 5.998370 -4094.500000
v -940.000061 -6.001630 -4034.000000
v -940.000061 -6.001630 -4029.000000
v -940.000061 5.998370 -4034.000000
v -940.000061 5.998370 -4029.000000
v -940.000061 -6.001630 -3946.000000
v -940.000061 -6.001630 -3941.000000
v -940.000061 5.998370 -3946.000000
v -940.000061 5.998370 -3941.000000
v -940.000061 -6.001630 -3879.000000
v -940.000061 -6.001630 -3874.000000
v -940.000061 5.998370 -3879.000000
v -940.000061 5.998370 -3874.000000
v -940.000061 -6.001630 -3873.000000
v -940.000061 -6.001630 -3868.000000
v -940.000061 5.998370 -3873.000000
v -940.000061 5.998370 -3868.000000
v -940.000061 -6.001630 -3806.000000
v -940.000061 -6.001630 -3801.000000
v -940.000061 5.998370 -3806.000000
v -940.000061 5.998370 -3801.000000
v -940.000061 -6.001530 -4028.000000
v -940.000061 -6.001530 -4023.000000
v -940.000061 5.998470 -4028.000000
v -940.000061 5.998470 -4023.000000
v -940.000061 -6.001530 -3961.000000
v -940.000061 -6.001530 -3956.000000
v -940.000061 5.998470 -3961.000000
v -940.000061 5.998470 -3956.000000
v -937.999756 -6.001630 -4029.000000
v -937.999756 -6.001630 -4034.000000
v -937.999756 5.998370 -4029.000000
v -937.999756 5.998370 -4034.000000
v -937.999756 -6.001630 -3874.000000
v -937.999756 -6.001630 -3879.000000
v -937.999756 5.998370 -3874.000000
v -937.999756 5.998370 -3879.000000
v -937.999756 -6.001630 -3801.000000
v -937.999756 -6.001630 -3806.000000
v -937.999756 5.998370 -3801.000000
v -937.999756 5.998370 -3806.000000
v -937.999756 -6.001530 -3956.000000
v -937.999756 -6.001530 -3961.000000
v -937.999756 5.998470 -3956.000000
v -937.999756 5.998470 -3961.000000
v -937.999512 -6.001630 -4094.500000
v -937.999512 -6.001630 -4099.500000
v -937.999512 5.998370 -4094.500000
v -937.999512 5.998370 -4099.500000
v -937.999512 -6.001630 -3941.000000
v -937.999512 -6.001630 -3946.000000
v -937.999512 5.998370 -3941.000000
v -937.999512 5.998370 -3946.000000
v -937.999512 -6.001630 -3868.000000
v -937.999512 -6.001630 -3873.000000
v -937.999512 5.998370 -3868.000000
v -937.999512 5.998370 -3873.000000
v -937.999512 -6.001530 -4023.000000
v -937.999512 -6.001530 -4028.000000
v -937.999512 5.998470 -4023.000000
v -937.999512 5.998470 -4028.000000
v -940.000061 -6.001630 -3800.000000
v -940.000061 -6.001630 -3795.000000
v -940.000061 5.998370 -3800.000000
v -940.000061 5.998370 -3795.000000
v -940.000061 -6.001630 -3733.000000
v -940.000061 -6.001630 -3728.000000
v -940.000061 5.998370 -3733.000000
v -940.000061 5.998370 -3728.000000
v -940.000061 -6.001630 -3645.000000
v -940.000061 -6.001630 -3640.000000
v -940.000061 5.998370 -3645.000000
v -940.000061 5.998370 -3640.000000
v -940.000061 -6.001630 -3578.000000
v -940.000061 -6.001630 -3573.000000
v -940.000061 5.998370 -3578.000000
v -940.000061 5.998370 -3573.000000
v -940.000061 -6.001630 -3572.000000
v -940.000061 -6.001630 -3567.000000
v -940.000061 5.998370 -3572.000000
v -940.000061 5.998370 -3567.000000
v -940.000061 -6.001630 -3505.000000
v -940.000061 -6.001630 -3500.000000
v -940.000061 5.998370 -3505.000000
v -940.000061 5.998370 -3500.000000
v -940.000061 -6.001530 -3727.000000
v -940.000061 -6.001530 -3722.000000
v -940.000061 5.998470 -3727.000000
v -940.000061 5.998470 -3722.000000
v -940.000061 -6.001530 -3660.000000
v -940.000061 -6.001530 -3655.000000
v -940.000061 5.998470 -3660.000000
v -940.000061 5.998470 -3655.000000
v -937.999756 -6.001630 -3728.000000
v -937.999756 -6.001630 -3733.000000
v -937.999756 5.998370 -3728.000000
v -937.999756 5.998370 -3733.000000
v -937.999756 -6.001630 -3573.000000
v -937.999756 -6.001630 -3578.000000
v -937.999756 5.998370 -3573.000000
v -937.999756 5.998370 -3578.000000
v -937.999756 -6.001630 -3500.000000
v -937.999756 -6.001630 -3505.000000
v -937.999756 5.998370 -3500.000000
v -937.999756 5.998370 -3505.000000
v -937.999756 -6.001530 -3655.000000
v -937.999756 -6.001530 -3660.000000
v -937.999756 5.998470 -3655.000000
v -937.999756 5.998470 -3660.000000
v -937.999512 -6.001630 -3795.000000
v -937.999512 -6.001630 -3800.000000
v -937.999512 5.998370 -3795.000000
v -937.999512 5.998370 -3800.000000
v -937.999512 -6.001630 -3640.000000
v -937.999512 -6.001630 -3645.000000
v -937.999512 5.998370 -3640.000000
v -937.999512 5.998370 -3645.000000
v -937.999512 -6.001630 -3567.000000
v -937.999512 -6.001630 -3572.000000
v -937.999512 5.998370 -3567.000000
v -937.999512 5.998370 -3572.000000
v -937.999512 -6.001530 -3722.000000
v -937.999512 -6.001530 -3727.000000
v -937.999512 5.998470 -3722.000000
v -937.999512 5.998470 -3727.000000
v -757.011475 -63.589432 -1285.494141
v -763.627625 -63.589539 -1265.132324
v -755.102234 -181.246231 -1284.106934
v -761.267212 -181.246231 -1265.132568
v -739.691040 -63.589539 -1298.078369
v -738.961731 -181.246231 -1295.833496
v -718.281433 -63.589539 -1298.078369
v -719.010925 -181.246231 -1295.833496
v -700.960938 -63.589539 -1285.493896
v -702.870605 -181.246231 -1284.106689
v -694.344971 -63.589539 -1265.132324
v -696.705444 -181.246231 -1265.132324
v -757.011841 -63.589539 -1244.770508
v -755.102051 -181.246231 -1246.157959
v -739.691040 -63.589539 -1232.186279
v -738.961670 -181.246231 -1234.431152
v -718.281433 -63.589539 -1232.186279
v -719.010925 -181.246231 -1234.431396
v -700.960938 -63.589539 -1244.770508
v -702.870483 -181.246231 -1246.158447
v -919.996033 -101.406021 -1270.132324
v -813.986450 -111.406021 -1270.132324
v -919.995972 -101.406021 -1260.132324
v -813.986450 -111.406021 -1260.132324
v -919.995972 -91.406021 -1260.132324
v -813.986450 -91.406021 -1260.132324
v -919.996033 -91.406021 -1270.132324
v -813.986450 -91.406021 -1270.132324
v -769.996033 -151.406021 -1260.132324
v -769.996033 -151.406021 -1270.132324
v -769.996033 -91.406021 -1270.132324
v -769.996033 -91.406021 -1260.132324
v -757.011475 -63.589432 -3785.494141
v -763.627625 -63.589539 -3765.132324
v -755.102234 -181.246231 -3784.106934
v -761.267212 -181.246231 -3765.132813
v -739.691040 -63.589539 -3798.078125
v -738.961731 -181.246231 -3795.833496
v -718.281433 -63.589539 -3798.078125
v -719.010925 -181.246231 -3795.833496
v -700.960938 -63.589539 -3785.494141
v -702.870605 -181.246231 -3784.106934
v -694.344971 -63.589539 -3765.132324
v -696.705444 -181.246231 -3765.132324
v -757.011841 -63.589539 -3744.770508
v -755.102051 -181.246231 -3746.157715
v -739.691040 -63.589539 -3732.186035
v -738.961670 -181.246231 -3734.431152
v -718.281433 -63.589539 -3732.186035
v -719.010925 -181.246231 -3734.431641
v -700.960938 -63.589539 -3744.770508
v -702.870483 -181.246231 -3746.158203
v -919.996033 -101.406021 -3770.132324
v -813.986450 -111.406021 -3770.132324
v -919.995972 -101.406021 -3760.132324
v -813.986450 -111.406021 -3760.132324
v -919.995972 -91.406021 -3760.132324
v -813.986450 -91.406021 -3760.132324
v -919.996033 -91.406021 -3770.132324
v -813.986450 -91.406021 -3770.132324
v -769.996033 -151.406021 -3760.132324
v -769.996033 -151.406021 -3770.132324
v -769.996033 -91.406021 -3770.132324
v -769.996033 -91.406021 -3760.132324
v -776.602173 -95.671921 -1265.132568
v -774.053467 -173.372025 -1265.132568
v -767.508362 -95.671921 -1237.144287
v -765.446533 -173.372025 -1238.642090
v -772.895142 -70.607529 -1265.132568
v -764.509338 -70.607529 -1239.323242
v -743.700439 -95.671921 -1219.847168
v -742.912720 -173.372025 -1222.270752
v -742.554932 -70.607529 -1223.372803
v -714.272461 -95.671921 -1219.847168
v -715.417969 -70.607529 -1223.372559
v -715.059937 -173.372025 -1222.270752
v -690.464478 -95.671921 -1237.144287
v -693.463501 -70.607529 -1239.323242
v -692.526367 -173.372025 -1238.642090
v -681.370605 -95.671921 -1265.132324
v -685.077759 -70.607529 -1265.132568
v -683.919128 -173.372025 -1265.132324
v -767.508118 -95.671921 -1293.120117
v -765.446533 -173.372025 -1291.622070
v -764.509216 -70.607529 -1290.941162
v -743.700439 -95.671921 -1310.417480
v -742.912720 -173.372025 -1307.994141
v -742.554932 -70.607529 -1306.892090
v -714.272339 -95.671921 -1310.417480
v -715.059937 -173.372025 -1307.993896
v -715.417603 -70.607529 -1306.892334
v -690.464355 -95.671921 -1293.120117
v -693.463501 -70.607529 -1290.941406
v -692.526123 -173.372025 -1291.622070
v -776.602173 -95.671921 -3765.132813
v -774.053467 -173.372025 -3765.132813
v -767.508362 -95.671921 -3737.144043
v -765.446533 -173.372025 -3738.642090
v -772.895142 -70.607529 -3765.132813
v -764.509338 -70.607529 -3739.323242
v -743.700439 -95.671921 -3719.847168
v -742.912720 -173.372025 -3722.270508
v -742.554932 -70.607529 -3723.372559
v -714.272461 -95.671921 -3719.847168
v -715.417969 -70.607529 -3723.372559
v -715.059937 -173.372025 -3722.270508
v -690.464478 -95.671921 -3737.145020
v -693.463501 -70.607529 -3739.323242
v -692.526367 -173.372025 -3738.642090
v -681.370605 -95.671921 -3765.132324
v -685.077759 -70.607529 -3765.132324
v -683.919128 -173.372025 -3765.132324
v -767.508118 -95.671921 -3793.120117
v -765.446533 -173.372025 -3791.622070
v -764.509216 -70.607529 -3790.941406
v -743.700439 -95.671921 -3810.417480
v -742.912964 -173.372025 -3807.994141
v -742.554932 -70.607529 -3806.892090
v -714.272339 -95.671921 -3810.417480
v -715.417847 -70.607529 -3806.892578
v -715.059937 -173.372025 -3807.994141
v -690.464539 -95.671921 -3793.120117
v -693.463501 -70.607529 -3790.941406
v -692.526367 -173.372025 -3791.622070
v -1006.661133 -98.148621 -1864.156372
v -985.447815 -89.361816 -1864.156372
v -1006.661133 -83.148621 -1859.156372
v -996.054749 -78.755310 -1859.156372
v -985.447815 -46.935410 -1864.156372
v -1006.661133 -38.148621 -1864.156372
v -996.054749 -57.542019 -1859.156372
v -1006.661133 -53.148621 -1859.156372
v -976.661316 -68.148621 -1864.156372
v -991.661255 -68.148621 -1859.156372
v -1036.661133 -68.148621 -1864.156372
v -1027.874390 -89.361816 -1864.156372
v -1021.661133 -68.148621 -1859.156372
v -1017.267517 -78.755310 -1859.156372
v -1027.874390 -46.935410 -1864.156372
v -1017.267517 -57.542019 -1859.156372
v -1036.661133 -68.148621 -2144.156250
v -1022.661133 -68.148621 -2149.156250
v -1027.874390 -89.361816 -2144.156250
v -1018.267517 -78.755310 -2149.156250
v -1027.874390 -46.935410 -2144.156250
v -1018.267517 -57.542019 -2149.156250
v -1006.661133 -98.148621 -2144.156250
v -1007.661133 -83.148621 -2149.156250
v -1006.661133 -38.148621 -2144.156250
v -1007.661133 -53.148621 -2149.156250
v -985.447815 -89.361816 -2144.156250
v -997.054749 -78.755310 -2149.156250
v -985.447815 -46.935410 -2144.156250
v -997.054749 -57.542019 -2149.156250
v -976.661316 -68.148621 -2144.156250
v -992.661255 -68.148621 -2149.156250
v -1006.661133 -98.148621 -4364.156250
v -985.447815 -89.361816 -4364.156250
v -1006.661133 -83.148621 -4359.156250
v -996.054749 -78.755310 -4359.156250
v -985.447815 -46.935410 -4364.156250
v -1006.661133 -38.148621 -4364.156250
v -996.054749 -57.542019 -4359.156250
v -1006.661133 -53.148621 -4359.156250
v -976.661316 -68.148621 -4364.156250
v -991.661255 -68.148621 -4359.156250
v -1036.661133 -68.148621 -4364.156250
v -1027.874390 -89.361816 -4364.156250
v -1021.661133 -68.148621 -4359.156250
v -1017.267517 -78.755310 -4359.156250
v -1027.874390 -46.935410 -4364.156250
v -1017.267517 -57.542019 -4359.156250
v -1036.661133 -68.148621 -4644.156250
v -1022.661133 -68.148621 -4649.156250
v -1027.874390 -89.361816 -4644.156250
v -1018.267517 -78.755310 -4649.156250
v -1027.874390 -46.935410 -4644.156250
v -1018.267517 -57.542019 -4649.156250
v -1006.661133 -98.148621 -4644.156250
v -1007.661133 -83.148621 -4649.156250
v -1006.661133 -38.148621 -4644.156250
v -1007.661133 -53.148621 -4649.156250
v -985.447815 -89.361816 -4644.156250
v -997.054749 -78.755310 -4649.156250
v -985.447815 -46.935410 -4644.156250
v -997.054749 -57.542019 -4649.156250
v -976.661316 -68.148621 -4644.156250
v -992.661255 -68.148621 -4649.156250
v -1104.999878 0.000060 -1845.980957
v -1119.999878 0.000060 -1820.000488
v -1104.999878 6.000060 -1845.980957
v -1119.999878 6.000060 -1820.000488
v -1104.999878 0.000060 -1794.020020
v -1104.999878 6.000060 -1794.020020
v -1089.999878 6.000060 -1845.980957
v -1089.999878 0.000060 -1845.980957
v -1089.999878 0.000060 -1794.020020
v -1089.999878 6.000060 -1794.020020
v -1074.999878 0.000060 -1845.980957
v -1074.999878 6.000060 -1845.980957
v -1074.999878 6.000060 -1794.020020
v -1074.999878 0.000060 -1794.020020
v -1059.999878 0.000060 -1820.000488
v -1059.999878 6.000060 -1820.000488
v -1105.000000 0.000060 -1745.980957
v -1120.000000 0.000060 -1720.000488
v -1105.000000 6.000060 -1745.980957
v -1120.000000 6.000060 -1720.000488
v -1105.000000 0.000060 -1694.020020
v -1105.000000 6.000060 -1694.020020
v -1090.000000 6.000060 -1745.980957
v -1090.000000 0.000060 -1745.980957
v -1090.000000 0.000060 -1694.020020
v -1090.000000 6.000060 -1694.020020
v -1075.000000 0.000060 -1745.980957
v -1075.000000 6.000060 -1745.980957
v -1075.000000 6.000060 -1694.020020
v -1075.000000 0.000060 -1694.020020
v -1060.000000 0.000060 -1720.000488
v -1060.000000 6.000060 -1720.000488
v -1104.999878 0.000060 -1655.980957
v -1119.999878 0.000060 -1630.000488
v -1104.999878 6.000060 -1655.980957
v -1119.999878 6.000060 -1630.000488
v -1104.999878 0.000060 -1604.020020
v -1104.999878 6.000060 -1604.020020
v -1089.999878 6.000060 -1655.980957
v -1089.999878 0.000060 -1655.980957
v -1089.999878 0.000060 -1604.020020
v -1089.999878 6.000060 -1604.020020
v -1074.999878 0.000060 -1655.980957
v -1074.999878 6.000060 -1655.980957
v -1074.999878 6.000060 -1604.020020
v -1074.999878 0.000060 -1604.020020
v -1059.999878 0.000060 -1630.000488
v -1059.999878 6.000060 -1630.000488
v -925.000366 -0.000140 -1846.017822
v -940.000427 -0.000140 -1820.037354
v -925.000366 5.999860 -1846.017822
v -940.000427 5.999860 -1820.037354
v -925.000366 -0.000140 -1794.056885
v -925.000366 5.999860 -1794.056885
v -910.000366 5.999860 -1846.017822
v -910.000366 -0.000140 -1846.017822
v -910.000366 -0.000140 -1794.056885
v -910.000366 5.999860 -1794.056885
v -895.000366 -0.000140 -1846.017822
v -895.000366 5.999860 -1846.017822
v -895.000366 5.999860 -1794.056885
v -895.000366 -0.000140 -1794.056885
v -880.000366 -0.000140 -1820.037354
v -880.000366 5.999860 -1820.037354
v -925.000366 -0.000140 -1756.017822
v -940.000427 -0.000140 -1730.037354
v -925.000366 5.999860 -1756.017822
v -940.000427 5.999860 -1730.037354
v -925.000366 -0.000140 -1704.056885
v -925.000366 5.999860 -1704.056885
v -910.000366 5.999860 -1756.017822
v -910.000305 -0.000140 -1756.017944
v -910.000305 -0.000140 -1704.057007
v -910.000366 5.999860 -1704.056885
v -895.000366 -0.000140 -1756.017822
v -895.000366 5.999860 -1756.017822
v -895.000366 5.999860 -1704.056885
v -895.000366 -0.000140 -1704.056885
v -880.000366 -0.000140 -1730.037354
v -880.000366 5.999860 -1730.037354
v -925.000366 -0.000140 -1656.017822
v -940.000427 -0.000140 -1630.037354
v -925.000366 5.999860 -1656.017822
v -940.000427 5.999860 -1630.037354
v -925.000366 -0.000140 -1604.056885
v -925.000366 5.999860 -1604.056885
v -910.000366 5.999860 -1656.017822
v -910.000366 -0.000140 -1656.017822
v -910.000366 -0.000140 -1604.056885
v -910.000366 5.999860 -1604.056885
v -895.000366 -0.000140 -1656.017822
v -895.000366 5.999860 -1656.017822
v -895.000366 5.999860 -1604.056885
v -895.000366 -0.000140 -1604.056885
v -880.000366 -0.000140 -1630.037354
v -880.000366 5.999860 -1630.037354
v -1104.999878 -0.000930 -2206.016602
v -1119.999878 -0.000930 -2180.036133
v -1104.999878 5.999070 -2206.016602
v -1119.999878 5.999070 -2180.036133
v -1104.999878 -0.000930 -2154.055664
v -1104.999878 5.999070 -2154.055664
v -1089.999878 5.999070 -2206.016602
v -1089.999878 -0.000930 -2206.016602
v -1089.999878 -0.000930 -2154.055664
v -1089.999878 5.999070 -2154.055664
v -1075.000122 5.999070 -2154.055420
v -1075.000122 -0.000930 -2154.055420
v -1074.999878 -0.000930 -2206.016602
v -1074.999878 5.999070 -2206.016602
v -1060.000122 -0.000930 -2180.035889
v -1060.000122 5.999070 -2180.035889
v -1105.000122 -0.000930 -2296.016357
v -1120.000122 -0.000930 -2270.035889
v -1105.000122 5.999070 -2296.016357
v -1120.000122 5.999070 -2270.035889
v -1105.000122 -0.000930 -2244.055420
v -1105.000122 5.999070 -2244.055420
v -1090.000122 5.999070 -2296.016357
v -1090.000122 -0.000930 -2296.016357
v -1090.000122 -0.000930 -2244.055420
v -1090.000122 5.999070 -2244.055420
v -1075.000122 -0.000930 -2296.016357
v -1075.000122 5.999070 -2296.016357
v -1075.000122 5.999070 -2244.055420
v -1075.000122 -0.000930 -2244.055420
v -1060.000122 -0.000930 -2270.035889
v -1060.000122 5.999070 -2270.035889
v -1104.999878 -0.000930 -2396.016602
v -1119.999878 -0.000930 -2370.036133
v -1104.999878 5.999070 -2396.016602
v -1119.999878 5.999070 -2370.036133
v -1104.999878 -0.000930 -2344.055664
v -1104.999878 5.999070 -2344.055664
v -1089.999878 5.999070 -2396.016602
v -1089.999878 -0.000930 -2396.016602
v -1089.999878 -0.000930 -2344.055664
v -1089.999878 5.999070 -2344.055664
v -1075.000122 5.999070 -2344.055420
v -1075.000122 -0.000930 -2344.055420
v -1074.999878 -0.000930 -2396.016602
v -1074.999878 5.999070 -2396.016602
v -1060.000122 -0.000930 -2370.035889
v -1060.000122 5.999070 -2370.035889
v -940.000427 -0.001130 -2370.072754
v -925.000488 -0.001130 -2344.092285
v -940.000427 5.998870 -2370.072754
v -925.000488 5.998870 -2344.092285
v -925.000366 -0.001130 -2396.053223
v -925.000366 5.998870 -2396.053223
v -910.000366 -0.001130 -2344.092285
v -910.000366 5.998870 -2344.092285
v -910.000366 5.998870 -2396.053223
v -910.000366 -0.001130 -2396.053223
v -895.000366 -0.001130 -2396.053223
v -895.000366 5.998870 -2396.053223
v -895.000366 5.998870 -2344.092285
v -895.000366 -0.001130 -2344.092285
v -880.000366 -0.001130 -2370.072754
v -880.000366 5.998870 -2370.072754
v -925.000366 -0.001130 -2306.053223
v -940.000427 -0.001130 -2280.072754
v -925.000366 5.998870 -2306.053223
v -940.000427 5.998870 -2280.072754
v -925.000366 -0.001130 -2254.092285
v -925.000366 5.998870 -2254.092285
v -910.000366 5.998870 -2306.053223
v -910.000305 -0.001130 -2306.053223
v -910.000305 -0.001130 -2254.092285
v -910.000366 5.998870 -2254.092285
v -895.000366 -0.001130 -2306.053223
v -895.000366 5.998870 -2306.053223
v -895.000366 5.998870 -2254.092285
v -895.000366 -0.001130 -2254.092285
v -880.000366 -0.001130 -2280.072754
v -880.000366 5.998870 -2280.072754
v -940.000427 -0.001130 -2180.072754
v -925.000488 -0.001130 -2154.092285
v -940.000427 5.998870 -2180.072754
v -925.000488 5.998870 -2154.092285
v -925.000366 -0.001130 -2206.053223
v -925.000366 5.998870 -2206.053223
v -910.000366 -0.001130 -2154.092285
v -910.000366 5.998870 -2154.092285
v -910.000366 5.998870 -2206.053223
v -910.000366 -0.001130 -2206.053223
v -895.000366 -0.001130 -2206.053223
v -895.000366 5.998870 -2206.053223
v -895.000366 5.998870 -2154.092285
v -895.000366 -0.001130 -2154.092285
v -880.000366 -0.001130 -2180.072754
v -880.000366 5.998870 -2180.072754
v -1104.999878 0.000060 -4155.980957
v -1119.999878 0.000060 -4130.000488
v -1104.999878 6.000060 -4155.980957
v -1119.999878 6.000060 -4130.000488
v -1104.999878 0.000060 -4104.020020
v -1104.999878 6.000060 -4104.020020
v -1089.999878 6.000060 -4155.980957
v -1089.999878 0.000060 -4155.980957
v -1089.999878 0.000060 -4104.020020
v -1089.999878 6.000060 -4104.020020
v -1074.999878 0.000060 -4155.980957
v -1074.999878 6.000060 -4155.980957
v -1074.999878 6.000060 -4104.020020
v -1074.999878 0.000060 -4104.020020
v -1059.999878 0.000060 -4130.000488
v -1059.999878 6.000060 -4130.000488
v -1105.000122 0.000060 -4245.980957
v -1120.000122 0.000060 -4220.000488
v -1105.000122 6.000060 -4245.980957
v -1120.000122 6.000060 -4220.000488
v -1105.000122 0.000060 -4194.020020
v -1105.000122 6.000060 -4194.020020
v -1090.000122 6.000060 -4245.980957
v -1090.000122 0.000060 -4245.980957
v -1090.000122 0.000060 -4194.020020
v -1090.000122 6.000060 -4194.020020
v -1075.000122 0.000060 -4245.980957
v -1075.000122 6.000060 -4245.980957
v -1075.000122 6.000060 -4194.020020
v -1075.000122 0.000060 -4194.020020
v -1060.000122 0.000060 -4220.000488
v -1060.000122 6.000060 -4220.000488
v -1104.999878 0.000060 -4345.980957
v -1119.999878 0.000060 -4320.000488
v -1104.999878 6.000060 -4345.980957
v -1119.999878 6.000060 -4320.000488
v -1104.999878 0.000060 -4294.020020
v -1104.999878 6.000060 -4294.020020
v -1089.999878 6.000060 -4345.980957
v -1089.999878 0.000060 -4345.980957
v -1089.999878 0.000060 -4294.020020
v -1089.999878 6.000060 -4294.020020
v -1074.999878 0.000060 -4345.980957
v -1074.999878 6.000060 -4345.980957
v -1074.999878 6.000060 -4294.020020
v -1074.999878 0.000060 -4294.020020
v -1059.999878 0.000060 -4320.000488
v -1059.999878 6.000060 -4320.000488
v -925.000366 -0.000140 -4346.018066
v -940.000427 -0.000140 -4320.037598
v -925.000366 5.999860 -4346.018066
v -940.000427 5.999860 -4320.037598
v -925.000366 -0.000140 -4294.057129
v -925.000366 5.999860 -4294.057129
v -910.000366 5.999860 -4346.018066
v -910.000366 -0.000140 -4346.018066
v -910.000366 -0.000140 -4294.057129
v -910.000366 5.999860 -4294.057129
v -895.000366 -0.000140 -4346.018066
v -895.000366 5.999860 -4346.018066
v -895.000366 5.999860 -4294.057129
v -895.000366 -0.000140 -4294.057129
v -880.000366 -0.000140 -4320.037598
v -880.000366 5.999860 -4320.037598
v -925.000366 -0.000140 -4256.018066
v -940.000427 -0.000140 -4230.037598
v -925.000366 5.999860 -4256.018066
v -940.000427 5.999860 -4230.037598
v -925.000366 -0.000140 -4204.057129
v -925.000366 5.999860 -4204.057129
v -910.000366 5.999860 -4256.018066
v -910.000305 -0.000140 -4256.018066
v -910.000305 -0.000140 -4204.057129
v -910.000366 5.999860 -4204.057129
v -895.000366 -0.000140 -4256.018066
v -895.000366 5.999860 -4256.018066
v -895.000366 5.999860 -4204.057129
v -895.000366 -0.000140 -4204.057129
v -880.000366 -0.000140 -4230.037598
v -880.000366 5.999860 -4230.037598
v -925.000366 -0.000140 -4156.018066
v -940.000427 -0.000140 -4130.037598
v -925.000366 5.999860 -4156.018066
v -940.000427 5.999860 -4130.037598
v -925.000366 -0.000140 -4104.057129
v -925.000366 5.999860 -4104.057129
v -910.000366 5.999860 -4156.018066
v -910.000366 -0.000140 -4156.018066
v -910.000366 -0.000140 -4104.057129
v -910.000366 5.999860 -4104.057129
v -895.000366 -0.000140 -4156.018066
v -895.000366 5.999860 -4156.018066
v -895.000366 5.999860 -4104.057129
v -895.000366 -0.000140 -4104.057129
v -880.000366 -0.000140 -4130.037598
v -880.000366 5.999860 -4130.037598
v -1105.000122 -0.000930 -4706.016113
v -1120.000122 -0.000930 -4680.035645
v -1105.000122 5.999070 -4706.016113
v -1120.000122 5.999070 -4680.035645
v -1105.000122 -0.000930 -4654.055176
v -1105.000122 5.999070 -4654.055176
v -1090.000122 5.999070 -4706.016113
v -1090.000122 -0.000930 -4706.016113
v -1090.000122 -0.000930 -4654.055176
v -1090.000122 5.999070 -4654.055176
v -1075.000122 -0.000930 -4706.016113
v -1075.000122 5.999070 -4706.016113
v -1075.000122 5.999070 -4654.055176
v -1075.000122 -0.000930 -4654.055176
v -1060.000122 -0.000930 -4680.035645
v -1060.000122 5.999070 -4680.035645
v -1105.000122 -0.000930 -4796.016113
v -1120.000122 -0.000930 -4770.035645
v -1105.000122 5.999070 -4796.016113
v -1120.000122 5.999070 -4770.035645
v -1105.000122 -0.000930 -4744.055176
v -1105.000122 5.999070 -4744.055176
v -1090.000122 5.999070 -4796.016113
v -1090.000122 -0.000930 -4796.016113
v -1090.000122 -0.000930 -4744.055176
v -1090.000122 5.999070 -4744.055176
v -1075.000122 -0.000930 -4796.016113
v -1075.000122 5.999070 -4796.016113
v -1075.000122 5.999070 -4744.055176
v -1075.000122 -0.000930 -4744.055176
v -1060.000122 -0.000930 -4770.035645
v -1060.000122 5.999070 -4770.035645
v -1105.000122 -0.000930 -4896.016113
v -1120.000122 -0.000930 -4870.035645
v -1105.000122 5.999070 -4896.016113
v -1120.000122 5.999070 -4870.035645
v -1105.000122 -0.000930 -4844.055176
v -1105.000122 5.999070 -4844.055176
v -1090.000122 5.999070 -4896.016113
v -1090.000122 -0.000930 -4896.016113
v -1090.000122 -0.000930 -4844.055176
v -1090.000122 5.999070 -4844.055176
v -1075.000122 -0.000930 -4896.016113
v -1075.000122 5.999070 -4896.016113
v -1075.000122 5.999070 -4844.055176
v -1075.000122 -0.000930 -4844.055176
v -1060.000122 -0.000930 -4870.035645
v -1060.000122 5.999070 -4870.035645
v -925.000366 -0.001130 -4896.053223
v -940.000427 -0.001130 -4870.072754
v -925.000366 5.998870 -4896.053223
v -940.000427 5.998870 -4870.072754
v -925.000366 -0.001130 -4844.092285
v -925.000366 5.998870 -4844.092285
v -910.000305 5.998870 -4896.053223
v -910.000305 -0.001130 -4896.053223
v -910.000305 -0.001130 -4844.092285
v -910.000305 5.998870 -4844.092285
v -895.000366 -0.001130 -4896.053223
v -895.000366 5.998870 -4896.053223
v -895.000305 5.998870 -4844.092285
v -895.000305 -0.001130 -4844.092285
v -880.000305 -0.001130 -4870.072754
v -880.000305 5.998870 -4870.072754
v -925.000366 -0.001130 -4806.053223
v -940.000427 -0.001130 -4780.072754
v -925.000366 5.998870 -4806.053223
v -940.000427 5.998870 -4780.072754
v -925.000366 -0.001130 -4754.092285
v -925.000366 5.998870 -4754.092285
v -910.000366 5.998870 -4806.053223
v -910.000305 -0.001130 -4806.053223
v -910.000305 -0.001130 -4754.092285
v -910.000366 5.998870 -4754.092285
v -895.000366 -0.001130 -4806.053223
v -895.000366 5.998870 -4806.053223
v -895.000366 5.998870 -4754.092285
v -895.000366 -0.001130 -4754.092285
v -880.000366 -0.001130 -4780.072754
v -880.000366 5.998870 -4780.072754
v -925.000366 -0.001130 -4706.053223
v -940.000366 -0.001130 -4680.072754
v -925.000366 5.998870 -4706.053223
v -940.000366 5.998870 -4680.072754
v -925.000366 -0.001130 -4654.092285
v -925.000366 5.998870 -4654.092285
v -910.000244 5.998870 -4706.053223
v -910.000244 -0.001130 -4706.053223
v -910.000244 -0.001130 -4654.092285
v -910.000244 5.998870 -4654.092285
v -895.000366 -0.001130 -4706.053223
v -895.000366 5.998870 -4706.053223
v -895.000244 5.998870 -4654.092285
v -895.000244 -0.001130 -4654.092285
v -880.000244 -0.001130 -4680.072754
v -880.000244 5.998870 -4680.072754
v -1007.661133 -68.148621 -2151.156250
v -1006.661133 -68.148621 -1857.156372
v -1007.661133 -68.148621 -4651.156250
v -1006.661133 -68.148621 -4357.156250
v -1027.874390 -89.361816 -2004.156372
v -1036.661133 -68.148621 -2004.156372
v -1027.874390 -46.935410 -2004.156372
v -1006.661133 -38.148621 -2004.156372
v -985.447815 -46.935410 -2004.156372
v -976.661255 -68.148621 -2004.156372
v -1027.874390 -89.361816 -4504.156250
v -1036.661133 -68.148621 -4504.156250
v -1027.874390 -46.935410 -4504.156250
v -1006.661133 -38.148621 -4504.156250
v -985.447815 -46.935410 -4504.156250
v -976.661255 -68.148621 -4504.156250
v -768.724731 -62.837631 -1265.132568
v -761.135376 -62.837631 -1241.774658
v -741.266113 -62.837631 -1227.338867
v -716.706543 -62.837631 -1227.338867
v -696.837402 -62.837631 -1241.774414
v -689.248047 -62.837631 -1265.132324
v -761.135376 -62.837631 -1288.490234
v -741.266235 -62.837631 -1302.926025
v -716.706543 -62.837631 -1302.926025
v -696.837158 -62.837631 -1288.489990
v -758.323975 -205.679642 -1243.817383
v -765.249756 -205.679642 -1265.132568
v -740.192383 -205.679642 -1230.643555
v -717.780334 -205.679642 -1230.643555
v -699.648560 -205.679642 -1243.817383
v -692.722900 -205.679642 -1265.132324
v -758.324036 -205.679642 -1286.447266
v -740.192383 -205.679642 -1299.621338
v -717.780151 -205.679642 -1299.621338
v -699.648682 -205.679642 -1286.447510
v -768.724792 -62.837631 -3765.132813
v -761.135437 -62.837631 -3741.774658
v -761.135376 -62.837631 -3741.774902
v -741.266113 -62.837631 -3727.338867
v -716.706543 -62.837631 -3727.338867
v -696.837402 -62.837631 -3741.774902
v -689.248047 -62.837631 -3765.132324
v -761.135376 -62.837631 -3788.490234
v -741.266235 -62.837631 -3802.925781
v -716.706543 -62.837631 -3802.925781
v -696.837402 -62.837631 -3788.490234
v -758.323975 -205.679642 -3743.817383
v -765.249756 -205.679642 -3765.132813
v -740.192383 -205.679642 -3730.644043
v -717.780334 -205.679642 -3730.644043
v -699.648560 -205.679642 -3743.817383
v -692.722900 -205.679642 -3765.132324
v -758.324036 -205.679642 -3786.447266
v -740.192627 -205.679642 -3799.621094
v -717.780334 -205.679642 -3799.621094
v -699.648682 -205.679642 -3786.447266
v -1104.999878 -20.000931 -2206.016602
v -1089.999878 -20.000931 -2154.055664
v -1119.999878 -20.000931 -2180.036133
v -1104.999878 -20.000931 -2154.055664
v -1089.999878 -20.000931 -2206.016602
v -1105.000122 -20.000931 -2296.016357
v -1090.000122 -20.000931 -2244.055420
v -1120.000122 -20.000931 -2270.035889
v -1105.000122 -20.000931 -2244.055420
v -1090.000122 -20.000931 -2296.016357
v -1104.999878 -20.000931 -2396.016602
v -1089.999878 -20.000931 -2344.055664
v -1119.999878 -20.000931 -2370.036133
v -1104.999878 -20.000931 -2344.055664
v -1089.999878 -20.000931 -2396.016602
v -910.000305 -20.001129 -2344.092285
v -910.000305 -20.001129 -2396.053223
v -895.000366 -20.001129 -2344.092285
v -880.000366 -20.001129 -2370.072754
v -895.000305 -20.001129 -2396.053223
v -910.000366 -20.001129 -2254.092285
v -910.000305 -20.001129 -2306.053223
v -895.000366 -20.001129 -2254.092285
v -880.000366 -20.001129 -2280.072754
v -895.000305 -20.001129 -2306.053223
v -910.000305 -20.001129 -2154.092285
v -910.000305 -20.001129 -2206.053223
v -895.000366 -20.001129 -2154.092285
v -880.000366 -20.001129 -2180.072754
v -895.000305 -20.001129 -2206.053223
v -1105.000122 -20.000931 -4706.016113
v -1090.000122 -20.000931 -4654.055176
v -1120.000122 -20.000931 -4680.035645
v -1105.000122 -20.000931 -4654.055176
v -1090.000122 -20.000931 -4706.016113
v -1105.000122 -20.000931 -4796.016113
v -1090.000122 -20.000931 -4744.055176
v -1120.000122 -20.000931 -4770.035645
v -1105.000122 -20.000931 -4744.055176
v -1090.000122 -20.000931 -4796.016113
v -1105.000122 -20.000931 -4896.016113
v -1090.000122 -20.000931 -4844.055176
v -1120.000122 -20.000931 -4870.035645
v -1105.000122 -20.000931 -4844.055176
v -1090.000122 -20.000931 -4896.016113
v -910.000305 -20.001129 -4844.092285
v -910.000305 -20.001129 -4896.053223
v -895.000305 -20.001129 -4844.092285
v -895.000366 -20.001129 -4896.053223
v -880.000305 -20.001129 -4870.072754
v -910.000366 -20.001129 -4754.092285
v -910.000305 -20.001129 -4806.053223
v -895.000366 -20.001129 -4754.092285
v -880.000366 -20.001129 -4780.072754
v -895.000305 -20.001129 -4806.053223
v -910.000244 -20.001129 -4654.092285
v -910.000244 -20.001129 -4706.053223
v -895.000183 -20.001129 -4654.092285
v -895.000366 -20.001129 -4706.053223
v -880.000244 -20.001129 -4680.072754
v -769.172119 -97.230728 -1265.132324
v -729.275818 -109.227654 -1265.132324
v -749.223999 -97.230728 -1299.683350
v -749.223999 -97.230728 -1230.581055
v -709.327698 -97.230728 -1230.581055
v -709.327698 -97.230728 -1299.683594
v -689.379517 -97.230728 -1265.132324
v -769.172119 -97.230728 -3765.132324
v -729.275818 -109.227654 -3765.132568
v -749.223999 -97.230728 -3799.683594
v -749.223999 -97.230728 -3730.580566
v -709.327698 -97.230728 -3730.580566
v -709.327698 -97.230728 -3799.684082
v -689.379517 -97.230728 -3765.132324
v -1089.999878 -19.999941 -1845.980957
v -1089.999878 -19.999941 -1794.020020
v -910.000366 -20.000139 -1794.056885
v -910.000366 -20.000139 -1846.017822
v -910.000366 -20.000139 -1604.056885
v -910.000366 -20.000139 -1656.017822
v -1089.999878 -19.999941 -4345.980957
v -1089.999878 -19.999941 -4294.020020
v -910.000366 -20.000139 -4294.057129
v -910.000366 -20.000139 -4346.018066
v -910.000366 -20.000139 -4104.057129
v -910.000366 -20.000139 -4156.018066
v -1104.999878 -19.999941 -1845.980957
v -1119.999878 -19.999941 -1820.000488
v -1104.999878 -19.999941 -1794.020020
v -1105.000000 -19.999941 -1745.980957
v -1120.000000 -19.999941 -1720.000488
v -1105.000000 -19.999941 -1694.020020
v -1090.000000 -19.999941 -1745.980957
v -1090.000000 -19.999941 -1694.020020
v -1104.999878 -19.999941 -1655.980957
v -1119.999878 -19.999941 -1630.000488
v -1104.999878 -19.999941 -1604.020020
v -1089.999878 -19.999941 -1655.980957
v -1089.999878 -19.999941 -1604.020020
v -895.000366 -20.000139 -1846.017822
v -895.000366 -20.000139 -1794.056885
v -880.000366 -20.000139 -1820.037354
v -895.000366 -20.000139 -1756.017822
v -910.000366 -20.000139 -1756.017822
v -910.000366 -20.000139 -1704.056885
v -895.000366 -20.000139 -1704.056885
v -880.000366 -20.000139 -1730.037354
v -895.000366 -20.000139 -1656.017822
v -895.000366 -20.000139 -1604.056885
v -880.000366 -20.000139 -1630.037354
v -1104.999878 -19.999941 -4155.980957
v -1119.999878 -19.999941 -4130.000488
v -1104.999878 -19.999941 -4104.020020
v -1089.999878 -19.999941 -4155.980957
v -1089.999878 -19.999941 -4104.020020
v -1105.000122 -19.999941 -4245.980957
v -1120.000122 -19.999941 -4220.000488
v -1105.000122 -19.999941 -4194.020020
v -1090.000122 -19.999941 -4245.980957
v -1090.000122 -19.999941 -4194.020020
v -1104.999878 -19.999941 -4345.980957
v -1119.999878 -19.999941 -4320.000488
v -1104.999878 -19.999941 -4294.020020
v -895.000366 -20.000139 -4346.018066
v -895.000366 -20.000139 -4294.057129
v -880.000366 -20.000139 -4320.037598
v -895.000366 -20.000139 -4256.018066
v -910.000366 -20.000139 -4256.018066
v -910.000366 -20.000139 -4204.057129
v -895.000366 -20.000139 -4204.057129
v -880.000366 -20.000139 -4230.037598
v -895.000366 -20.000139 -4156.018066
v -895.000366 -20.000139 -4104.057129
v -880.000366 -20.000139 -4130.037598
v -1029.999634 -0.000030 -1840.037720
v -969.999756 -0.000030 -1840.037964
v -1029.999634 -0.000030 -1850.036743
v -969.999756 -0.000030 -1850.036987
v -1030.000610 0.000170 -1600.000854
v -970.000244 0.000060 -1600.000854
v -1030.000610 0.000170 -1610.000854
v -970.000244 0.000060 -1610.000854
v -1059.999756 -0.001690 -1449.998291
v -1060.000488 -0.001380 -1299.999023
v -969.999939 -0.001690 -1449.998291
v -969.999939 -0.001380 -1299.999023
v -1059.999756 -0.002130 -1149.996094
v -969.999939 -0.000930 -1149.999512
v -1059.998413 -0.003190 -1599.993896
v -969.999329 -0.001980 -1599.997314
v -940.000671 -0.000780 -1149.999512
v -939.999939 -0.001540 -1299.999268
v -939.999329 -0.000480 -1450.001709
v -940.000671 -0.000630 -1600.000732
v -1059.998413 -0.002130 -999.997070
v -969.999329 -0.001690 -999.996826
v -939.999939 0.000120 -999.999756
v -1059.999634 0.000060 -1850.000000
v -1059.999634 0.000060 -1787.500000
v -1030.000244 0.000060 -1850.000000
v -1030.000244 0.000060 -1787.500000
v -1059.999634 0.000170 -1662.500000
v -1060.000122 0.000170 -1600.000977
v -1030.000244 0.000060 -1662.500000
v -1030.000244 0.000060 -1600.000000
v -1059.999634 0.000170 -1725.000000
v -1029.999756 0.000060 -1725.000000
v -940.000732 -0.000140 -1662.537842
v -940.000732 -0.000030 -1725.037842
v -970.000122 -0.000140 -1662.537842
v -970.000549 -0.000140 -1725.037842
v -940.000732 -0.000030 -1787.537842
v -970.000122 -0.000140 -1787.537842
v -940.000732 -0.000140 -1600.037842
v -970.000122 -0.000140 -1600.037842
v -940.000244 -0.000030 -1850.036865
v -970.000122 -0.000140 -1850.037842
v -1060.001343 -0.003320 -2150.035645
v -1060.000488 -0.004060 -2000.032593
v -970.000671 -0.003320 -2150.035645
v -970.000671 -0.002710 -2000.036011
v -940.001465 -0.002560 -2000.036011
v -940.000671 -0.003470 -2150.035645
v -1059.999146 -0.004060 -1850.033325
v -969.999939 -0.003470 -1850.032837
v -940.000671 -0.001820 -1850.036011
v -1059.999634 -0.000930 -2400.035400
v -1059.999634 -0.000930 -2337.535400
v -1030.000244 -0.000930 -2400.035400
v -1030.000244 -0.000930 -2337.535400
v -1059.999634 -0.000840 -2212.535400
v -1060.000122 -0.000840 -2150.036377
v -1030.000244 -0.000930 -2212.535400
v -1030.000244 -0.000930 -2150.035400
v -1059.999634 -0.000930 -2275.035400
v -1029.999756 -0.000930 -2275.035400
v -940.000549 -0.001130 -2212.573242
v -940.000549 -0.001130 -2275.073242
v -969.999939 -0.001130 -2212.573242
v -970.000427 -0.001130 -2275.073242
v -940.000549 -0.001040 -2337.573242
v -969.999939 -0.001130 -2337.573242
v -940.000549 -0.001130 -2150.073242
v -969.999939 -0.001130 -2150.073242
v -940.000122 -0.001040 -2400.072266
v -969.999939 -0.001130 -2400.073242
v -1030.000610 -0.000820 -2150.036621
v -970.000244 -0.000920 -2150.036621
v -1030.000610 -0.000820 -2160.036621
v -970.000244 -0.000920 -2160.036621
v -1029.999634 -0.001040 -2390.073486
v -969.999756 -0.001130 -2390.073486
v -1029.999634 -0.001040 -2400.072510
v -969.999756 -0.001130 -2400.072510
v -1060.000488 -0.002880 -2850.071289
v -1060.001343 -0.002580 -2700.072266
v -970.000671 -0.002880 -2850.071289
v -970.000671 -0.002580 -2700.072266
v -1060.000488 -0.003330 -2550.069092
v -970.000671 -0.002130 -2550.072510
v -1059.999146 -0.004230 -3000.066895
v -969.999939 -0.003040 -3000.070313
v -940.001465 -0.001980 -2550.072510
v -940.000671 -0.002730 -2700.072266
v -939.999939 -0.001690 -2850.074707
v -940.001465 -0.001830 -3000.074219
v -1059.999146 -0.003330 -2400.070068
v -969.999939 -0.002880 -2400.069824
v -940.000671 -0.001080 -2400.072754
v -1060.001343 -0.003320 -4650.035156
v -1060.000488 -0.004060 -4500.032227
v -970.000671 -0.003320 -4650.035156
v -970.000671 -0.002710 -4500.036133
v -940.001465 -0.002560 -4500.035645
v -940.000671 -0.003470 -4650.035645
v -1059.999146 -0.004060 -4350.033203
v -969.999939 -0.003470 -4350.033203
v -940.000671 -0.001820 -4350.036133
v -1059.999634 0.000060 -4350.000000
v -1059.999634 0.000060 -4287.500000
v -1030.000244 0.000060 -4350.000000
v -1030.000244 0.000060 -4287.500000
v -1059.999634 0.000170 -4162.500000
v -1060.000122 0.000170 -4100.000977
v -1030.000244 0.000060 -4162.500000
v -1030.000244 0.000060 -4100.000000
v -1059.999634 0.000170 -4225.000000
v -1029.999756 0.000060 -4225.000000
v -940.000732 -0.000140 -4162.537598
v -940.000732 -0.000030 -4225.037598
v -970.000122 -0.000140 -4162.537598
v -970.000549 -0.000140 -4225.037598
v -940.000732 -0.000030 -4287.537598
v -970.000122 -0.000140 -4287.537598
v -940.000732 -0.000140 -4100.037598
v -970.000122 -0.000140 -4100.037598
v -940.000244 -0.000030 -4350.036621
v -970.000122 -0.000140 -4350.037598
v -1030.000610 0.000170 -4100.000977
v -970.000244 0.000060 -4100.000977
v -1030.000610 0.000170 -4110.000977
v -970.000244 0.000060 -4110.000977
v -1029.999634 -0.000030 -4340.037598
v -969.999756 -0.000030 -4340.038086
v -1029.999634 -0.000030 -4350.036621
v -969.999756 -0.000030 -4350.037109
v -1059.999634 -0.000930 -4900.035156
v -1059.999634 -0.000930 -4837.535156
v -1030.000244 -0.000930 -4900.035156
v -1030.000244 -0.000930 -4837.535156
v -1059.999634 -0.000840 -4712.535156
v -1060.000122 -0.000840 -4650.036133
v -1030.000244 -0.000930 -4712.535156
v -1030.000244 -0.000930 -4650.035156
v -1059.999634 -0.000930 -4775.035156
v -1029.999756 -0.000930 -4775.035156
v -940.000549 -0.001130 -4712.573242
v -940.000549 -0.001130 -4775.073242
v -969.999939 -0.001130 -4712.573242
v -970.000427 -0.001130 -4775.073242
v -940.000549 -0.001040 -4837.573242
v -969.999939 -0.001130 -4837.573242
v -940.000549 -0.001130 -4650.073242
v -969.999939 -0.001130 -4650.073242
v -940.000122 -0.001040 -4900.072266
v -969.999939 -0.001130 -4900.073242
v -1030.000610 -0.000820 -4650.036621
v -970.000244 -0.000920 -4650.036621
v -1030.000610 -0.000820 -4660.036621
v -970.000244 -0.000920 -4660.036621
v -1029.999634 -0.001040 -4890.073242
v -969.999756 -0.001130 -4890.073242
v -1029.999634 -0.001040 -4900.072266
v -969.999756 -0.001130 -4900.072266
v -1059.999756 -0.001690 -3949.998047
v -1060.000488 -0.001380 -3799.999023
v -969.999939 -0.001690 -3949.998047
v -969.999939 -0.001380 -3799.999512
v -1059.999756 -0.002130 -3649.996582
v -969.999939 -0.000930 -3650.000000
v -1059.998413 -0.003190 -4099.994141
v -969.999329 -0.001980 -4099.997559
v -940.000671 -0.000780 -3650.000000
v -939.999939 -0.001540 -3799.999512
v -939.999329 -0.000480 -3950.001465
v -940.000671 -0.000630 -4100.001465
v -1059.998413 -0.002130 -3499.997559
v -969.999329 -0.001690 -3499.997070
v -939.999939 0.000120 -3500.000488
v -1060.000488 -0.002880 -5350.071289
v -1060.001343 -0.002580 -5200.072266
v -970.000671 -0.002880 -5350.071289
v -970.000671 -0.002580 -5200.072266
v -1060.000488 -0.003330 -5050.069336
v -970.000671 -0.002130 -5050.072754
v -1059.999146 -0.004230 -5500.066895
v -969.999939 -0.003040 -5500.070313
v -940.001465 -0.001980 -5050.072754
v -940.000671 -0.002730 -5200.072266
v -939.999939 -0.001690 -5350.074707
v -940.001465 -0.001830 -5500.074219
v -1059.999146 -0.003330 -4900.070313
v -969.999939 -0.002880 -4900.069824
v -940.000671 -0.001080 -4900.073242
v -1090.000366 0.000270 -1600.001953
v -1089.999878 0.000270 -1662.500977
v -1089.999390 0.000170 -1725.000000
v -1089.999390 0.000060 -1787.500000
v -1089.999390 0.000060 -1850.000000
v -910.000916 -0.000140 -1662.537842
v -910.000916 -0.000140 -1600.037842
v -910.000916 -0.000030 -1725.037842
v -910.000427 0.000060 -1787.536865
v -909.999939 0.000060 -1850.035889
v -1090.000366 -0.000730 -2150.037354
v -1089.999878 -0.000730 -2212.536377
v -1089.999390 -0.000930 -2275.035400
v -1089.999390 -0.000930 -2337.535400
v -1089.999390 -0.000930 -2400.035400
v -910.000854 -0.001130 -2275.073242
v -910.000854 -0.001130 -2212.573242
v -910.000854 -0.001130 -2150.073242
v -910.000366 -0.001040 -2337.572266
v -909.999817 -0.001040 -2400.071289
v -1090.000366 0.000270 -4100.001953
v -1089.999878 0.000270 -4162.500977
v -1089.999390 0.000170 -4225.000000
v -1089.999390 0.000060 -4287.500000
v -1089.999390 0.000060 -4350.000000
v -910.000916 -0.000140 -4162.537598
v -910.000916 -0.000140 -4100.037598
v -910.000916 -0.000030 -4225.037598
v -910.000427 0.000060 -4287.536621
v -909.999939 0.000060 -4350.035645
v -1090.000366 -0.000730 -4650.037109
v -1089.999878 -0.000730 -4712.536133
v -1089.999390 -0.000930 -4775.035156
v -1089.999390 -0.000930 -4837.535156
v -1089.999390 -0.000930 -4900.035156
v -910.000854 -0.001130 -4775.073242
v -910.000854 -0.001130 -4712.573242
v -910.000854 -0.001130 -4650.073242
v -910.000366 -0.001040 -4837.572266
v -909.999817 -0.001040 -4900.071289
v -1120.000000 6.000060 -1820.000488
v -1105.000000 6.000060 -1794.020020
v -1089.999878 6.000060 -1820.000488
v -1089.999878 6.000060 -1794.020020
v -1104.999878 6.000060 -1845.980957
v -1089.999878 6.000060 -1845.980957
v -1059.999878 6.000060 -1820.000488
v -1074.999878 6.000060 -1845.980957
v -1074.999756 6.000060 -1794.020020
v -1120.000000 6.000060 -1720.000488
v -1090.000000 6.000060 -1720.000488
v -1105.000000 6.000060 -1745.980957
v -1090.000122 6.000060 -1745.980957
v -1105.000000 6.000060 -1694.020020
v -1090.000000 6.000060 -1694.020020
v -1060.000000 6.000060 -1720.000488
v -1075.000122 6.000060 -1745.980957
v -1075.000000 6.000060 -1694.020020
v -1119.999878 6.000060 -1630.000488
v -1089.999878 6.000060 -1630.000488
v -1105.000122 6.000060 -1655.980957
v -1090.000122 6.000060 -1655.980957
v -1104.999878 6.000060 -1604.020020
v -1089.999878 6.000060 -1604.020020
v -1059.999878 6.000060 -1630.000488
v -1075.000122 6.000060 -1655.980957
v -1074.999878 6.000060 -1604.020020
v -940.000427 5.999860 -1820.037354
v -910.000366 5.999860 -1820.037354
v -925.000366 5.999860 -1846.017822
v -910.000366 5.999860 -1846.017822
v -925.000366 5.999860 -1794.056885
v -910.000366 5.999860 -1794.056885
v -880.000305 5.999860 -1820.037354
v -895.000366 5.999860 -1846.017822
v -895.000305 5.999860 -1794.056885
v -940.000427 5.999860 -1730.037354
v -910.000305 5.999860 -1730.037354
v -925.000305 5.999860 -1756.017822
v -910.000305 5.999860 -1756.017822
v -925.000366 5.999860 -1704.056885
v -910.000366 5.999860 -1704.056885
v -880.000305 5.999860 -1730.037354
v -895.000305 5.999860 -1756.017822
v -895.000305 5.999860 -1704.056885
v -940.000427 5.999860 -1630.037354
v -910.000366 5.999860 -1630.037354
v -925.000366 5.999860 -1656.017822
v -910.000305 5.999860 -1656.017822
v -925.000366 5.999860 -1604.056885
v -910.000366 5.999860 -1604.056885
v -880.000305 5.999860 -1630.037354
v -895.000305 5.999860 -1656.017822
v -895.000366 5.999860 -1604.056885
v -1119.999878 5.999070 -2180.036133
v -1089.999878 5.999070 -2180.036133
v -1105.000122 5.999070 -2206.016602
v -1090.000122 5.999070 -2206.016602
v -1104.999878 5.999070 -2154.055664
v -1089.999878 5.999070 -2154.055664
v -1060.000122 5.999070 -2180.035889
v -1074.999878 5.999070 -2206.016602
v -1075.000122 5.999070 -2154.055420
v -1120.000122 5.999070 -2270.035889
v -1105.000122 5.999070 -2244.055420
v -1090.000122 5.999070 -2270.035889
v -1090.000122 5.999070 -2244.055420
v -1105.000122 5.999070 -2296.016357
v -1089.999878 5.999070 -2296.016357
v -1060.000122 5.999070 -2270.035889
v -1075.000122 5.999070 -2244.055420
v -1074.999878 5.999070 -2296.016357
v -1119.999878 5.999070 -2370.036133
v -1089.999878 5.999070 -2370.036133
v -1104.999878 5.999070 -2396.016602
v -1089.999878 5.999070 -2396.016602
v -1104.999878 5.999070 -2344.055664
v -1089.999878 5.999070 -2344.055664
v -1060.000122 5.999070 -2370.035889
v -1074.999878 5.999070 -2396.016602
v -1075.000122 5.999070 -2344.055420
v -940.000427 5.998870 -2370.072754
v -910.000488 5.998870 -2370.072754
v -925.000488 5.998870 -2396.053223
v -910.000488 5.998870 -2396.053223
v -925.000488 5.998870 -2344.092285
v -910.000366 5.998870 -2344.092285
v -880.000366 5.998870 -2370.072754
v -895.000366 5.998870 -2396.053223
v -895.000366 5.998870 -2344.092285
v -940.000427 5.998870 -2280.072754
v -910.000366 5.998870 -2280.072754
v -925.000366 5.998870 -2306.053223
v -910.000305 5.998870 -2306.053223
v -925.000366 5.998870 -2254.092285
v -910.000366 5.998870 -2254.092285
v -880.000366 5.998870 -2280.072754
v -895.000366 5.998870 -2254.092285
v -895.000305 5.998870 -2306.053223
v -940.000488 5.998870 -2180.072754
v -925.000732 5.998870 -2154.092285
v -910.000732 5.998870 -2180.072754
v -910.000488 5.998870 -2154.092285
v -925.000366 5.998870 -2206.053223
v -910.000366 5.998870 -2206.053223
v -880.000488 5.998870 -2180.072754
v -895.000488 5.998870 -2154.092285
v -895.000488 5.998870 -2206.053223
v -1119.999756 6.000060 -4130.000488
v -1089.999756 6.000060 -4130.000488
v -1104.999878 6.000060 -4155.980957
v -1089.999878 6.000060 -4155.980957
v -1104.999756 6.000060 -4104.020020
v -1089.999756 6.000060 -4104.020020
v -1059.999756 6.000060 -4130.000488
v -1074.999878 6.000060 -4155.980957
v -1074.999756 6.000060 -4104.020020
v -1119.999878 6.000060 -4220.000488
v -1090.000122 6.000060 -4220.000488
v -1104.999878 6.000060 -4245.980957
v -1089.999878 6.000060 -4245.980957
v -1105.000122 6.000060 -4194.020020
v -1090.000122 6.000060 -4194.020020
v -1060.000122 6.000060 -4220.000488
v -1075.000122 6.000060 -4245.980957
v -1075.000122 6.000060 -4194.020020
v -1119.999878 6.000060 -4320.000488
v -1104.999878 6.000060 -4294.020020
v -1089.999878 6.000060 -4320.000488
v -1089.999878 6.000060 -4294.020020
v -1104.999756 6.000060 -4345.980957
v -1089.999756 6.000060 -4345.980957
v -1060.000122 6.000060 -4320.000488
v -1074.999878 6.000060 -4345.980957
v -1075.000122 6.000060 -4294.020020
v -940.000488 5.999860 -4320.037598
v -925.000488 5.999860 -4294.057129
v -910.000366 5.999860 -4320.037598
v -910.000366 5.999860 -4294.057129
v -925.000366 5.999860 -4346.018066
v -910.000366 5.999860 -4346.018066
v -880.000366 5.999860 -4320.037598
v -895.000366 5.999860 -4346.018066
v -895.000366 5.999860 -4294.057129
v -940.000305 5.999860 -4230.037598
v -925.000305 5.999860 -4204.057129
v -910.000366 5.999860 -4230.037598
v -910.000366 5.999860 -4204.057129
v -925.000366 5.999860 -4256.018066
v -910.000366 5.999860 -4256.018066
v -880.000488 5.999860 -4230.037598
v -895.000488 5.999860 -4204.057129
v -895.000366 5.999860 -4256.018066
v -940.000488 5.999860 -4130.037598
v -925.000488 5.999860 -4104.057129
v -910.000366 5.999860 -4130.037598
v -910.000366 5.999860 -4104.057129
v -925.000366 5.999860 -4156.018066
v -910.000366 5.999860 -4156.018066
v -880.000366 5.999860 -4130.037598
v -895.000366 5.999860 -4156.018066
v -895.000366 5.999860 -4104.057129
v -1120.000122 5.999070 -4680.035645
v -1105.000122 5.999070 -4654.055176
v -1090.000122 5.999070 -4680.035645
v -1090.000122 5.999070 -4654.055176
v -1104.999878 5.999070 -4706.016113
v -1089.999878 5.999070 -4706.016113
v -1060.000122 5.999070 -4680.035645
v -1075.000122 5.999070 -4706.016113
v -1075.000122 5.999070 -4654.055176
v -1120.000122 5.999070 -4770.035645
v -1090.000122 5.999070 -4770.035645
v -1105.000122 5.999070 -4796.016113
v -1090.000122 5.999070 -4796.016113
v -1105.000122 5.999070 -4744.055176
v -1089.999878 5.999070 -4744.055176
v -1059.999878 5.999070 -4770.035645
v -1075.000122 5.999070 -4796.016113
v -1074.999878 5.999070 -4744.055176
v -1120.000122 5.999070 -4870.035645
v -1105.000122 5.999070 -4844.055176
v -1090.000122 5.999070 -4870.035645
v -1090.000122 5.999070 -4844.055176
v -1104.999878 5.999070 -4896.016113
v -1089.999878 5.999070 -4896.016113
v -1060.000122 5.999070 -4870.035645
v -1075.000122 5.999070 -4896.016113
v -1075.000122 5.999070 -4844.055176
v -940.000427 5.998870 -4870.072754
v -910.000366 5.998870 -4870.072754
v -925.000488 5.998870 -4896.053223
v -910.000305 5.998870 -4896.053223
v -925.000366 5.998870 -4844.092285
v -910.000305 5.998870 -4844.092285
v -880.000305 5.998870 -4870.072754
v -895.000366 5.998870 -4896.053223
v -895.000305 5.998870 -4844.092285
v -940.000488 5.998870 -4780.072754
v -910.000366 5.998870 -4780.072754
v -925.000488 5.998870 -4806.053223
v -910.000488 5.998870 -4806.053223
v -925.000488 5.998870 -4754.092285
v -910.000488 5.998870 -4754.092285
v -880.000366 5.998870 -4780.072754
v -895.000366 5.998870 -4806.053223
v -895.000366 5.998870 -4754.092285
v -940.000366 5.998870 -4680.072754
v -925.000366 5.998870 -4654.092285
v -910.000366 5.998870 -4680.072754
v -910.000244 5.998870 -4654.092285
v -925.000244 5.998870 -4706.053223
v -910.000122 5.998870 -4706.053223
v -880.000244 5.998870 -4680.072754
v -895.000244 5.998870 -4654.092285
v -895.000366 5.998870 -4706.053223
# 2939 vertices

vt -0.24990 2.00550
vt 0.49990 -0.50010
vt -0.24990 -0.50010
vt 0.49990 2.00550
vt 0.49990 -3.00550
vt -0.24990 -3.00550
vt 1.24990 -0.50010
vt 1.24990 2.00550
vt 1.24990 -3.00550
vt 7.18350 -0.84510
vt 12.39590 -0.15490
vt 7.18350 -0.15490
vt 12.39590 -0.84510
vt 0.96230 -0.84510
vt 6.17470 -0.15490
vt 0.96230 -0.15490
vt 6.17470 -0.84510
vt -5.25880 -0.84510
vt -0.04640 -0.15490
vt -5.25880 -0.15490
vt -0.04640 -0.84510
vt -11.39590 -0.84510
vt -6.26760 -0.15490
vt -11.39590 -0.15490
vt -6.26760 -0.84510
vt -6.02250 -0.83490
vt -11.10920 -0.16520
vt -6.02250 -0.16520
vt -11.10920 -0.83490
vt 0.04870 -0.83490
vt -5.03790 -0.16520
vt 0.04870 -0.16520
vt -5.03790 -0.83490
vt 6.12000 -0.83490
vt 1.03320 -0.16520
vt 6.12000 -0.16520
vt 1.03320 -0.83490
vt 12.10920 -0.83490
vt 7.10450 -0.16520
vt 12.10920 -0.16520
vt 7.10450 -0.83490
vt 1.50040 -0.99810
vt 3.50930 -0.00200
vt 3.50930 -0.99810
vt 1.50040 -0.00200
vt 0.00190 -0.00200
vt 0.00190 -0.99810
vt 7.00440 -0.99810
vt 5.25900 -0.00200
vt 7.00440 -0.00200
vt 5.25900 -0.99810
vt 8.99560 -0.99810
vt 8.99560 -0.00200
vt 9.74470 -0.00200
vt 9.74470 -0.99810
vt 13.74990 -0.00200
vt 15.50530 -0.99810
vt 13.74990 -0.99810
vt 15.50530 -0.00200
vt 17.25580 -0.99810
vt 17.25580 -0.00200
vt 11.77010 -0.99810
vt 11.77010 -0.00200
vt 0.75480 -0.99810
vt 2.50480 -0.00200
vt 2.50480 -0.99810
vt 0.75480 -0.00200
vt 0.25680 -0.99810
vt 0.25680 -0.00200
vt -1.49560 -2.67880
vt 1.49670 -2.86130
vt -1.49560 -2.86130
vt 1.49670 -2.67880
vt -1.73800 -2.13680
vt 1.61530 -1.99820
vt -1.73800 -1.99820
vt 1.61530 -2.13680
vt -1.49560 -2.24600
vt 1.49670 -2.13600
vt -1.49560 -2.13600
vt 1.49670 -2.24600
vt 1.50040 3.00190
vt 3.50930 3.99800
vt 3.50930 3.00190
vt 1.50040 3.99800
vt 0.00190 3.00190
vt 0.00190 3.99800
vt 7.00440 3.00190
vt 5.25900 3.99800
vt 7.00440 3.99800
vt 5.25900 3.00190
vt 8.99560 3.00190
vt 8.99560 3.99800
vt 9.74470 3.99800
vt 9.74470 3.00190
vt 13.74990 3.99800
vt 15.50530 3.00190
vt 13.74990 3.00190
vt 15.50530 3.99800
vt 17.25580 3.00190
vt 17.25580 3.99800
vt 11.77010 3.00190
vt 11.77010 3.99800
vt 0.75480 3.00190
vt 2.50480 3.99800
vt 2.50480 3.00190
vt 0.75480 3.99800
vt 0.25680 3.00190
vt 0.25680 3.99800
vt 1.50040 4.00190
vt 3.50930 4.99800
vt 3.50930 4.00190
vt 1.50040 4.99800
vt 0.00190 4.99800
vt 0.00190 4.00190
vt 7.00440 4.00190
vt 5.25900 4.99800
vt 7.00440 4.99800
vt 5.25900 4.00190
vt 8.99560 4.00190
vt 8.99560 4.99800
vt 9.74470 4.99800
vt 9.74470 4.00190
vt 13.74990 4.99800
vt 15.50530 4.00190
vt 13.74990 4.00190
vt 15.50530 4.99800
vt 17.25580 4.00190
vt 17.25580 4.99800
vt 11.77010 4.00190
vt 11.77010 4.99800
vt 0.75480 4.00190
vt 2.50480 4.99800
vt 2.50480 4.00190
vt 0.75480 4.99800
vt 0.25680 4.00190
vt 0.25680 4.99800
vt -0.99880 -0.00200
vt 1.99880 -0.99810
vt -0.99880 -0.99810
vt 1.99880 -0.00200
vt -1.00120 -0.00200
vt 2.00120 -0.99810
vt -1.00120 -0.99810
vt 2.00120 -0.00200
vt 0.54240 -0.06380
vt 1.16740 -0.35400
vt 1.16740 -0.06380
vt 0.54240 -0.35400
vt 1.04900 -0.09640
vt 0.44550 -0.32140
vt 0.44550 -0.09640
vt 1.04900 -0.32140
vt -6.40310 -0.02210
vt -6.16750 -0.06740
vt -6.16750 -0.02210
vt -6.40310 -0.06740
vt -3.24600 -0.02210
vt -3.01040 -0.06740
vt -3.01040 -0.02210
vt -3.24600 -0.06740
vt -2.91620 -0.02210
vt -2.68060 -0.06740
vt -2.68060 -0.02210
vt -2.91620 -0.06740
vt 0.24080 -0.02210
vt 0.47640 -0.06740
vt 0.47640 -0.02210
vt 0.24080 -0.06740
vt 0.57060 -0.02210
vt 0.80620 -0.06740
vt 0.80620 -0.02210
vt 0.57060 -0.06740
vt 3.72770 -0.02210
vt 3.96330 -0.06740
vt 3.96330 -0.02210
vt 3.72770 -0.06740
vt 4.05760 -0.02210
vt 4.29320 -0.06740
vt 4.29320 -0.02210
vt 4.05760 -0.06740
vt 7.16750 -0.02210
vt 7.40310 -0.06740
vt 7.40310 -0.02210
vt 7.16750 -0.06740
vt -3.23190 -0.01830
vt -3.36380 -0.07220
vt -3.36380 -0.01830
vt -3.23190 -0.07220
vt -1.46480 -0.01830
vt -1.59670 -0.07220
vt -1.59670 -0.01830
vt -1.46480 -0.07220
vt -1.28020 -0.01830
vt -1.41210 -0.07220
vt -1.41210 -0.01830
vt -1.28020 -0.07220
vt 0.48680 -0.01830
vt 0.35490 -0.07220
vt 0.35490 -0.01830
vt 0.48680 -0.07220
vt 0.67140 -0.01830
vt 0.53950 -0.07220
vt 0.53950 -0.01830
vt 0.67140 -0.07220
vt 2.43850 -0.01830
vt 2.30660 -0.07220
vt 2.30660 -0.01830
vt 2.43850 -0.07220
vt 2.62310 -0.01830
vt 2.49120 -0.07220
vt 2.49120 -0.01830
vt 2.62310 -0.07220
vt 4.36380 -0.01830
vt 4.23190 -0.07220
vt 4.23190 -0.01830
vt 4.36380 -0.07220
vt 4.73870 -0.39810
vt 3.74420 -0.00200
vt 4.73870 -0.00200
vt 3.74420 -0.39810
vt 2.74980 -0.00200
vt 2.74980 -0.39810
vt 1.73740 -0.00200
vt 1.73740 -0.39810
vt 0.73690 -0.00200
vt 0.73690 -0.39810
vt 5.25920 -0.39810
vt 5.25920 -0.00200
vt 0.25840 -0.00200
vt 0.25840 -0.39810
vt -3.06500 -0.00600
vt -1.44300 -1.00000
vt -1.44300 -0.00600
vt -3.06500 -1.00000
vt 0.17900 -1.00000
vt 0.17900 -0.00600
vt 1.80100 -1.00000
vt 1.80100 -0.00600
vt 3.42310 -0.00600
vt 3.42310 -1.00000
vt -0.01230 -0.00200
vt 1.48690 -0.99810
vt -0.01230 -0.99810
vt 1.48690 -0.00200
vt -0.07370 3.00190
vt 1.43350 3.99800
vt -0.07370 3.99800
vt 1.43350 3.00190
vt 0.99800 -0.99810
vt 0.50080 -0.00200
vt 0.99800 -0.00200
vt 0.50080 -0.59390
vt 0.50640 -0.00200
vt 0.50640 -0.59110
vt 0.00190 -0.58740
vt 0.99800 -0.58740
vt -1.00740 -0.99800
vt 2.00740 -0.61620
vt -1.00740 -0.61620
vt 2.00740 -0.99800
vt 0.81150 -1.00000
vt 0.97920 -0.00010
vt 0.97920 -1.00000
vt 0.81150 -0.00010
vt 0.02040 1.31360
vt 0.18450 -0.01740
vt 0.18450 1.31360
vt 0.02040 -0.01740
vt 0.81330 1.00360
vt 0.99990 0.25180
vt 0.81330 0.25180
vt 0.99990 1.00360
vt 0.99990 -0.50010
vt 0.81330 -0.50010
vt 0.99990 -1.25180
vt 0.81330 -1.25180
vt 0.81330 -2.00360
vt 0.99990 -2.00360
vt 3.00260 -0.26510
vt 3.99700 -0.99810
vt 3.99700 -0.26510
vt 3.00260 -0.99810
vt 2.00820 -0.26510
vt 2.00820 -0.99810
vt 1.00510 -0.99810
vt 1.00510 -0.26510
vt 0.00190 -0.26510
vt 3.50150 -0.26310
vt 4.00770 -1.00000
vt 4.00770 -0.26310
vt 3.50150 -1.00000
vt 1.00190 -0.26310
vt 0.00130 -1.00000
vt 1.00190 -1.00000
vt 0.00130 -0.26310
vt 1.87020 -1.00000
vt 1.87020 -0.26310
vt 2.75690 -0.26310
vt 2.75690 -1.00000
vt 0.99990 -0.26310
vt 0.49990 -1.00000
vt 0.49990 -0.26310
vt 0.99990 -1.00000
vt 2.49600 -0.99810
vt 2.00380 -0.26510
vt 2.00380 -0.99810
vt 2.49600 -0.26510
vt 2.98820 -0.99810
vt 2.98820 -0.26510
vt 1.50730 -0.99810
vt 1.50730 -0.26510
vt 1.01070 -0.26510
vt 1.01070 -0.99810
vt 2.74730 -0.26310
vt 2.99850 -1.00000
vt 2.99850 -0.26310
vt 2.74730 -1.00000
vt 1.50700 -0.26310
vt 1.01060 -1.00000
vt 1.50700 -1.00000
vt 1.01060 -0.26310
vt 1.93790 -1.00000
vt 1.93790 -0.26310
vt 2.37780 -0.26310
vt 2.37780 -1.00000
vt 2.50220 -0.99810
vt 2.00390 -0.26510
vt 2.00390 -0.99810
vt 2.50220 -0.26510
vt 3.00060 -0.99810
vt 3.00060 -0.26510
vt 1.50110 -0.99810
vt 1.50110 -0.26510
vt 0.99830 -0.26510
vt 0.99830 -0.99810
vt 2.75300 -0.26310
vt 3.00620 -1.00000
vt 3.00620 -0.26310
vt 2.75300 -1.00000
vt 1.50320 -0.26310
vt 1.00280 -1.00000
vt 1.50320 -1.00000
vt 1.00280 -0.26310
vt 1.93740 -1.00000
vt 1.93740 -0.26310
vt 2.38070 -0.26310
vt 2.38070 -1.00000
vt 1.10200 -0.26310
vt 0.93100 -1.00000
vt 0.93100 -0.26310
vt 1.10200 -1.00000
vt 3.00260 3.73490
vt 3.99700 3.00190
vt 3.99700 3.73490
vt 3.00260 3.00190
vt 2.00820 3.73490
vt 2.00820 3.00190
vt 1.00510 3.00190
vt 1.00510 3.73490
vt 0.00190 3.73490
vt 4.00770 3.73690
vt 3.50150 3.00000
vt 4.00770 3.00000
vt 3.50150 3.73690
vt 1.00190 3.73690
vt 0.00130 3.00000
vt 1.00190 3.00000
vt 0.00130 3.73690
vt 1.87020 3.00000
vt 1.87020 3.73690
vt 2.75690 3.73690
vt 2.75690 3.00000
vt 0.99990 3.73690
vt 0.49990 3.00000
vt 0.49990 3.73690
vt 0.99990 3.00000
vt 3.00260 4.73490
vt 3.99700 4.00190
vt 3.99700 4.73490
vt 3.00260 4.00190
vt 2.00820 4.73490
vt 2.00820 4.00190
vt 1.00510 4.00190
vt 1.00510 4.73490
vt 0.00190 4.73490
vt 4.00770 4.73690
vt 3.50150 4.00000
vt 4.00770 4.00000
vt 3.50150 4.73690
vt 1.00190 4.73690
vt 0.00130 4.00000
vt 1.00190 4.00000
vt 0.00130 4.73690
vt 1.87020 4.00000
vt 1.87020 4.73690
vt 2.75690 4.73690
vt 2.75690 4.00000
vt 0.99990 4.73690
vt 0.49990 4.00000
vt 0.49990 4.73690
vt 0.99990 4.00000
vt 0.11880 -0.01450
vt 0.50050 0.67210
vt 0.18820 0.67210
vt 0.36170 -0.01450
vt -0.35670 -0.01450
vt -0.18730 0.67210
vt -0.49540 0.67210
vt -0.11790 -0.01450
vt 0.00250 -0.32780
vt -0.66510 -1.98910
vt -1.44760 -3.12350
vt -0.18710 -2.30430
vt -1.88880 -2.49640
vt 1.97050 -2.93070
vt 1.32310 -1.99210
vt 0.92750 -2.25280
vt 2.33550 -2.41180
vt -1.00180 -1.99210
vt -1.00180 -2.25280
vt 2.14470 -1.98910
vt 2.14470 -2.30430
vt -0.00260 0.54940
vt 1.54350 2.03410
vt 1.54350 0.54940
vt -0.00260 2.03410
vt 1.54350 3.51860
vt -0.00260 3.51860
vt -0.00260 -0.93520
vt 1.54350 -0.93520
vt 1.54350 5.00330
vt -0.00260 5.00330
vt 0.45900 -2.27820
vt -0.00820 -0.70760
vt 0.45900 -0.70760
vt -0.00820 -2.27820
vt -0.00820 0.86290
vt 0.45900 0.86290
vt -0.00820 2.43350
vt 0.45900 2.43350
vt 0.45900 4.00390
vt -0.00820 4.00390
vt 0.45900 -1.27820
vt -0.00820 0.29240
vt 0.45900 0.29240
vt -0.00820 -1.27820
vt -0.00820 1.86290
vt 0.45900 1.86290
vt -0.00820 3.43350
vt 0.45900 3.43350
vt 0.45900 5.00390
vt -0.00820 5.00390
vt 0.00000 -2.96500
vt 0.99990 -1.96500
vt 0.00000 -1.96500
vt 0.99990 -2.96500
vt -0.16020 -3.00000
vt 0.16880 -2.00010
vt -0.16020 -2.00010
vt 0.16880 -3.00000
vt -0.16020 -2.50580
vt 0.17380 -3.00000
vt 0.17380 -2.50580
vt 0.00190 0.09960
vt 1.99990 0.49940
vt 1.99990 0.09960
vt 0.00190 0.49940
vt 0.00190 -0.30020
vt 1.99990 -0.30020
vt 0.00190 -0.69990
vt 1.99990 -0.69990
vt 0.00190 -1.09960
vt 1.99990 -1.09960
vt 0.00190 -1.49940
vt 1.99990 -1.49940
vt 0.00190 1.25390
vt 0.99800 -1.37970
vt 0.99800 1.25390
vt 0.00190 -1.37970
vt 0.00190 -2.25390
vt 0.99800 -2.25390
vt 0.09870 0.99920
vt 0.44840 0.74010
vt 0.09870 0.74010
vt 0.44840 0.99920
vt -0.47050 0.74010
vt -0.47050 0.99920
vt -1.26730 0.74010
vt -1.26730 0.99920
vt 1.01260 0.99920
vt 1.01260 0.74010
vt -0.00750 -3.25570
vt 0.19100 -2.99960
vt -0.00750 -2.99960
vt 0.19100 -3.25570
vt 2.26730 0.99920
vt 2.26730 0.74010
vt 0.25090 -0.47090
vt 0.00190 -0.83290
vt 0.00190 -0.47090
vt 0.25090 -0.83290
vt 0.49990 -0.47090
vt 0.49990 -0.83290
vt 0.74900 -0.47090
vt 0.74900 -0.83290
vt 0.99800 -0.47090
vt 0.99800 -0.83290
vt 0.79880 -0.24860
vt 0.99800 -0.24860
vt 0.79880 -0.99810
vt 0.79880 -0.00200
vt 0.59960 -0.24860
vt 0.59960 -0.99810
vt 0.59960 -0.00200
vt 0.40030 -0.24860
vt 0.40030 -0.00200
vt 0.40030 -0.99810
vt 0.20110 -0.24860
vt 0.20110 -0.00200
vt 0.20110 -0.99810
vt 0.00190 -0.24860
vt -0.50480 -0.86350
vt -0.00240 -1.24500
vt -0.50480 -1.24500
vt -0.00240 -0.86350
vt 1.00240 -0.86350
vt 1.50480 -1.24500
vt 1.00240 -1.24500
vt 1.50480 -0.86350
vt 0.49990 -0.86350
vt 0.49990 -1.24500
vt 0.99990 -1.24710
vt 0.49990 -0.87420
vt 0.49990 -1.24710
vt 0.99990 -0.87420
vt 0.00000 -0.87420
vt 0.00000 -1.24710
vt 1.49980 -1.24710
vt 1.49980 -0.87420
vt -0.49980 -1.24710
vt -0.49980 -0.87420
vt 0.00190 -0.45900
vt 0.49770 -0.62060
vt 0.00190 -0.62060
vt 0.49770 -0.45900
vt 0.99830 -0.62060
vt 0.99830 -0.45900
vt 1.99900 -0.45900
vt 1.75000 -0.62060
vt 1.75000 -0.45900
vt 1.99900 -0.62060
vt 1.24980 -0.62060
vt 1.24980 -0.45900
vt 1.50100 -0.45900
vt 1.50100 -0.62060
vt 1.49880 -0.45900
vt 1.49880 -0.62060
vt 0.50360 -0.45900
vt 0.50360 -0.62060
vt 0.49560 -0.50010
vt 0.02540 -0.50010
vt 0.16310 -0.83250
vt 0.16310 -0.16760
vt 0.49720 -0.50010
vt 0.15460 -0.84270
vt 0.01270 -0.50010
vt 0.15460 -0.15740
vt 0.49560 -0.97030
vt 0.49560 -0.02980
vt 0.49720 -0.98460
vt 0.49720 -0.01550
vt 0.82810 -0.83250
vt 0.82810 -0.16760
vt 0.83980 -0.84270
vt 0.83980 -0.15740
vt 0.96580 -0.50010
vt 0.98180 -0.50010
vt 2.97990 -0.50010
vt 0.99390 0.00040
vt 2.97990 0.00040
vt 0.99390 -0.50000
vt -0.99190 -0.50000
vt -0.99190 0.00040
vt 0.99390 -1.00040
vt 2.97990 -1.00040
vt -0.99190 -1.00040
vt 0.99390 -1.50090
vt 2.97990 -1.50090
vt -0.99190 -1.50090
vt 2.97990 0.50090
vt 0.99390 0.50090
vt -0.99190 0.50090
vt 1.50370 -0.30440
vt 1.10220 -0.12250
vt 1.50370 -0.12250
vt 1.10220 -0.30440
vt 1.50370 -0.44390
vt 1.10220 -0.44390
vt 0.70070 -0.12250
vt 0.70070 -0.30440
vt 0.70070 -0.44390
vt 0.29920 -0.12250
vt 0.29920 -0.30440
vt 0.29920 -0.44390
vt -0.10220 -0.30440
vt -0.10220 -0.44390
vt -0.10220 -0.12250
vt -0.50370 -0.30440
vt -0.50370 -0.44390
vt -0.50370 -0.12250
vt 0.94860 0.49680
vt 1.24770 0.86800
vt 0.94860 0.86800
vt 1.24770 0.49680
vt 0.94860 -0.16520
vt 1.24770 -0.16520
vt 0.64950 0.49680
vt 0.64950 0.86800
vt 0.64950 -0.16520
vt 0.35040 -0.16520
vt 0.35040 0.49680
vt 0.35040 0.86800
vt 0.05130 -0.16520
vt 0.05130 0.49680
vt 0.05130 0.86800
vt -0.24770 -0.16520
vt -0.24770 0.49680
vt -0.24770 0.86800
vt 0.89590 -0.16200
vt -0.33480 -0.40650
vt -0.33480 -0.16200
vt 0.89590 -0.28430
vt -0.29490 -0.40980
vt 0.79950 -0.16590
vt -0.29490 -0.16590
vt 0.79950 -0.28790
vt -0.84550 -0.89540
vt -0.84550 -0.16200
vt -0.74910 -0.89770
vt -0.74910 -0.16590
vt 0.60200 -0.22240
vt 0.10200 -0.79980
vt 1.10200 -0.51110
vt 0.10200 -0.51110
vt 1.10200 -0.79980
vt 0.50110 -0.00200
vt 0.00190 -0.25590
vt 0.50110 -0.25590
vt 0.29970 0.84930
vt 0.50370 0.49600
vt 0.09580 0.49600
vt 0.29970 0.14270
vt 0.70770 0.14270
vt 0.70770 0.84930
vt 0.91170 0.49600
vt 0.13300 -0.59770
vt 0.51140 -1.00000
vt 0.13300 -1.00000
vt 0.51140 -0.59770
vt 0.93720 -1.00000
vt 0.93720 -0.59770
vt -0.10930 -0.59770
vt -0.10930 -1.00000
vt 1.12670 -1.00000
vt 1.12670 -0.59770
vt 0.98090 -0.00200
vt 0.81440 -0.99810
vt 0.81440 -0.00200
vt 0.98090 -0.99810
vt 0.74990 -0.00250
vt 0.00190 -1.00580
vt 0.00190 -0.00250
vt 0.74990 -1.00580
vt 0.00190 -2.00900
vt 0.74990 -2.00900
vt 0.00190 1.00080
vt 0.74990 1.00080
vt 0.99800 -2.00900
vt 0.99800 -1.00580
vt 0.99800 -0.00250
vt 0.99800 1.00080
vt 0.74990 -3.01230
vt 0.00190 -3.01230
vt 0.99800 -3.01230
vt 0.24990 0.99960
vt 0.00000 0.49970
vt 0.00000 0.99960
vt 0.24990 0.49970
vt 0.24990 -0.50000
vt 0.00000 -0.99990
vt 0.00000 -0.50000
vt 0.24990 -1.00000
vt 0.00000 -0.00010
vt 0.25000 -0.00010
vt 0.75000 -0.49970
vt 0.99990 0.00010
vt 0.99990 -0.49970
vt 0.74990 0.00010
vt 0.99990 0.50000
vt 0.75000 0.50000
vt 0.75000 -0.99960
vt 0.99990 -0.99960
vt 0.99990 0.99990
vt 0.75000 0.99990
vt 0.74890 1.00000
vt 0.00210 -0.00010
vt 0.00210 1.00000
vt 0.74890 -0.00010
vt 0.99780 -0.00010
vt 0.99780 1.00000
vt 0.74910 1.99990
vt -0.00070 1.00000
vt -0.00070 1.99990
vt 0.74910 1.00000
vt 0.99530 1.00000
vt 0.99530 1.99990
vt 0.74990 0.00210
vt 0.00190 -0.99980
vt 0.00190 0.00210
vt 0.74990 -0.99980
vt 0.00190 -2.00150
vt 0.74990 -2.00150
vt 0.00190 1.00390
vt 0.74990 1.00390
vt 0.99800 -2.00150
vt 0.99800 -0.99980
vt 0.99800 0.00210
vt 0.99800 1.00390
vt 0.74990 -3.00330
vt 0.00190 -3.00330
vt 0.99800 -3.00330
vt 0.74990 0.00060
vt 0.00190 0.00060
vt 0.00190 -2.00000
vt 0.74990 -2.00000
vt 0.00190 1.00100
vt 0.74990 1.00100
vt 0.99800 -2.00000
vt 0.99800 0.00060
vt 0.99800 1.00100
vt 0.00190 -3.00040
vt 0.74990 -3.00040
vt 0.99800 -3.00040
vt 0.74990 -0.00220
vt 0.00190 -0.00220
vt 0.00190 -2.00920
vt 0.74990 -2.00920
vt 0.00190 1.00130
vt 0.74990 1.00130
vt 0.99800 -2.00920
vt 0.99800 -0.00220
vt 0.99800 1.00130
vt 0.00190 -3.01280
vt 0.74990 -3.01280
vt 0.99800 -3.01280
vt 2.25760 0.13060
vt 1.37880 0.40360
vt 2.25760 0.40360
vt 1.37880 0.13060
vt 0.50000 0.40360
vt 0.50000 0.13060
vt -1.25760 0.13060
vt -0.37880 0.40360
vt -0.37880 0.13060
vt -1.25760 0.40360
vt 0.50000 -0.50010
vt 0.96180 -0.76670
vt 0.50000 -1.03320
vt 0.96180 -0.50010
vt 0.03810 -0.76670
vt 0.03810 -0.50010
vt 0.03810 -0.23340
vt 0.50000 0.03320
vt 0.96180 -0.23340
# 775 texture vertices

g Object_2
usemtl texture0
f 1/3 2/2 3/1
f 2/2 4/4 3/1
f 5/6 6/5 1/3
f 6/5 2/2 1/3
f 2/2 7/7 4/4
f 7/7 8/8 4/4
f 6/5 9/9 2/2
f 9/9 7/7 2/2
f 10/3 11/2 12/1
f 11/2 13/4 12/1
f 14/6 15/5 10/3
f 15/5 11/2 10/3
f 11/2 16/7 13/4
f 16/7 17/8 13/4
f 15/5 18/9 11/2
f 18/9 16/7 11/2
f 19/3 20/2 21/1
f 20/2 22/4 21/1
f 23/6 24/5 19/3
f 24/5 20/2 19/3
f 20/2 25/7 22/4
f 25/7 26/8 22/4
f 24/5 27/9 20/2
f 27/9 25/7 20/2
f 28/3 29/2 30/1
f 29/2 31/4 30/1
f 32/6 33/5 28/3
f 33/5 29/2 28/3
f 29/2 34/7 31/4
f 34/7 35/8 31/4
f 33/5 36/9 29/2
f 36/9 34/7 29/2
g obj1
usemtl mat1
f 37/12 38/11 39/10
f 38/11 40/13 39/10
f 41/16 42/15 43/14
f 42/15 44/17 43/14
f 45/20 46/19 47/18
f 46/19 48/21 47/18
f 49/24 50/23 51/22
f 50/23 52/25 51/22
f 53/10 54/13 37/12
f 54/13 38/11 37/12
f 55/14 56/17 41/16
f 56/17 42/15 41/16
f 57/18 58/21 45/20
f 58/21 46/19 45/20
f 59/22 60/25 49/24
f 60/25 50/23 49/24
f 39/28 40/27 53/26
f 40/27 54/29 53/26
f 43/32 44/31 55/30
f 44/31 56/33 55/30
f 47/36 48/35 57/34
f 48/35 58/37 57/34
f 51/40 52/39 59/38
f 52/39 60/41 59/38
f 61/22 62/25 63/24
f 62/25 64/23 63/24
f 65/18 66/21 67/20
f 66/21 68/19 67/20
f 69/14 70/17 71/16
f 70/17 72/15 71/16
f 73/10 74/13 75/12
f 74/13 76/11 75/12
f 63/24 64/23 77/22
f 64/23 78/25 77/22
f 67/20 68/19 79/18
f 68/19 80/21 79/18
f 71/16 72/15 81/14
f 72/15 82/17 81/14
f 75/12 76/11 83/10
f 76/11 84/13 83/10
f 77/40 78/39 61/38
f 78/39 62/41 61/38
f 79/36 80/35 65/34
f 80/35 66/37 65/34
f 81/32 82/31 69/30
f 82/31 70/33 69/30
f 83/28 84/27 73/26
f 84/27 74/29 73/26
f 85/22 86/25 87/24
f 86/25 88/23 87/24
f 89/18 90/21 91/20
f 90/21 92/19 91/20
f 93/14 94/17 95/16
f 94/17 96/15 95/16
f 97/10 98/13 99/12
f 98/13 100/11 99/12
f 87/24 88/23 101/22
f 88/23 102/25 101/22
f 91/20 92/19 103/18
f 92/19 104/21 103/18
f 95/16 96/15 105/14
f 96/15 106/17 105/14
f 99/12 100/11 107/10
f 100/11 108/13 107/10
f 101/40 102/39 85/38
f 102/39 86/41 85/38
f 103/36 104/35 89/34
f 104/35 90/37 89/34
f 105/32 106/31 93/30
f 106/31 94/33 93/30
f 107/28 108/27 97/26
f 108/27 98/29 97/26
f 109/12 110/11 111/10
f 110/11 112/13 111/10
f 113/16 114/15 115/14
f 114/15 116/17 115/14
f 117/20 118/19 119/18
f 118/19 120/21 119/18
f 121/24 122/23 123/22
f 122/23 124/25 123/22
f 125/10 126/13 109/12
f 126/13 110/11 109/12
f 127/14 128/17 113/16
f 128/17 114/15 113/16
f 129/18 130/21 117/20
f 130/21 118/19 117/20
f 131/22 132/25 121/24
f 132/25 122/23 121/24
f 111/28 112/27 125/26
f 112/27 126/29 125/26
f 115/32 116/31 127/30
f 116/31 128/33 127/30
f 119/36 120/35 129/34
f 120/35 130/37 129/34
f 123/40 124/39 131/38
f 124/39 132/41 131/38
f 133/44 134/43 135/42
f 135/42 134/43 136/45
f 137/47 135/42 138/46
f 135/42 136/45 138/46
f 139/50 140/49 141/48
f 142/51 141/48 140/49
f 142/51 140/49 133/44
f 133/44 140/49 134/43
f 143/53 139/50 144/52
f 139/50 141/48 144/52
f 143/53 144/52 145/54
f 144/52 146/55 145/54
f 147/58 148/57 149/56
f 149/56 148/57 150/59
f 148/57 151/60 150/59
f 150/59 151/60 152/61
f 153/63 145/54 154/62
f 146/55 154/62 145/54
f 154/62 147/58 153/63
f 153/63 147/58 149/56
f 137/66 138/65 155/64
f 155/64 138/65 156/67
f 155/64 156/67 151/68
f 151/68 156/67 152/69
f 157/72 158/71 159/70
f 158/71 160/73 159/70
f 161/72 162/71 163/70
f 162/71 164/73 163/70
f 165/72 166/71 167/70
f 166/71 168/73 167/70
f 169/72 170/71 171/70
f 170/71 172/73 171/70
f 173/76 174/75 157/74
f 174/75 158/77 157/74
f 175/76 176/75 161/74
f 176/75 162/77 161/74
f 177/76 178/75 165/74
f 178/75 166/77 165/74
f 179/76 180/75 169/74
f 180/75 170/77 169/74
f 159/80 160/79 173/78
f 160/79 174/81 173/78
f 163/80 164/79 175/78
f 164/79 176/81 175/78
f 167/80 168/79 177/78
f 168/79 178/81 177/78
f 171/80 172/79 179/78
f 172/79 180/81 179/78
f 181/72 182/71 183/70
f 182/71 184/73 183/70
f 185/72 186/71 187/70
f 186/71 188/73 187/70
f 189/72 190/71 191/70
f 190/71 192/73 191/70
f 193/72 194/71 195/70
f 194/71 196/73 195/70
f 197/76 198/75 181/74
f 198/75 182/77 181/74
f 199/76 200/75 185/74
f 200/75 186/77 185/74
f 201/76 202/75 189/74
f 202/75 190/77 189/74
f 203/76 204/75 193/74
f 204/75 194/77 193/74
f 183/80 184/79 197/78
f 184/79 198/81 197/78
f 187/80 188/79 199/78
f 188/79 200/81 199/78
f 191/80 192/79 201/78
f 192/79 202/81 201/78
f 195/80 196/79 203/78
f 196/79 204/81 203/78
f 205/80 206/79 207/78
f 206/79 208/81 207/78
f 209/80 210/79 211/78
f 210/79 212/81 211/78
f 213/80 214/79 215/78
f 214/79 216/81 215/78
f 217/80 218/79 219/78
f 218/79 220/81 219/78
f 207/76 208/75 221/74
f 208/75 222/77 221/74
f 211/76 212/75 223/74
f 212/75 224/77 223/74
f 215/76 216/75 225/74
f 216/75 226/77 225/74
f 219/76 220/75 227/74
f 220/75 228/77 227/74
f 221/72 222/71 205/70
f 222/71 206/73 205/70
f 223/72 224/71 209/70
f 224/71 210/73 209/70
f 225/72 226/71 213/70
f 226/71 214/73 213/70
f 227/72 228/71 217/70
f 228/71 218/73 217/70
f 229/44 230/43 231/42
f 231/42 230/43 232/45
f 233/47 231/42 234/46
f 231/42 232/45 234/46
f 235/50 236/49 237/48
f 238/51 237/48 236/49
f 238/51 236/49 229/44
f 229/44 236/49 230/43
f 239/53 235/50 240/52
f 235/50 237/48 240/52
f 239/53 240/52 241/54
f 240/52 242/55 241/54
f 243/58 244/57 245/56
f 245/56 244/57 246/59
f 244/57 247/60 246/59
f 246/59 247/60 248/61
f 249/63 241/54 250/62
f 242/55 250/62 241/54
f 250/62 243/58 249/63
f 249/63 243/58 245/56
f 233/66 234/65 251/64
f 251/64 234/65 252/67
f 251/64 252/67 247/68
f 247/68 252/67 248/69
f 253/44 254/43 255/42
f 255/42 254/43 256/45
f 257/47 255/42 258/46
f 255/42 256/45 258/46
f 259/50 260/49 261/48
f 262/51 261/48 260/49
f 262/51 260/49 253/44
f 253/44 260/49 254/43
f 263/53 259/50 264/52
f 259/50 261/48 264/52
f 263/53 264/52 265/54
f 264/52 266/55 265/54
f 267/58 268/57 269/56
f 269/56 268/57 270/59
f 268/57 271/60 270/59
f 270/59 271/60 272/61
f 273/63 265/54 274/62
f 266/55 274/62 265/54
f 274/62 267/58 273/63
f 273/63 267/58 269/56
f 257/66 258/65 275/64
f 275/64 258/65 276/67
f 275/64 276/67 271/68
f 271/68 276/67 272/69
f 277/80 278/79 279/78
f 278/79 280/81 279/78
f 281/80 282/79 283/78
f 282/79 284/81 283/78
f 285/80 286/79 287/78
f 286/79 288/81 287/78
f 289/80 290/79 291/78
f 290/79 292/81 291/78
f 279/76 280/75 293/74
f 280/75 294/77 293/74
f 283/76 284/75 295/74
f 284/75 296/77 295/74
f 287/76 288/75 297/74
f 288/75 298/77 297/74
f 291/76 292/75 299/74
f 292/75 300/77 299/74
f 293/72 294/71 277/70
f 294/71 278/73 277/70
f 295/72 296/71 281/70
f 296/71 282/73 281/70
f 297/72 298/71 285/70
f 298/71 286/73 285/70
f 299/72 300/71 289/70
f 300/71 290/73 289/70
f 301/44 302/43 303/42
f 303/42 302/43 304/45
f 305/47 303/42 306/46
f 303/42 304/45 306/46
f 307/50 308/49 309/48
f 310/51 309/48 308/49
f 310/51 308/49 301/44
f 301/44 308/49 302/43
f 311/53 307/50 312/52
f 307/50 309/48 312/52
f 311/53 312/52 313/54
f 312/52 314/55 313/54
f 315/58 316/57 317/56
f 317/56 316/57 318/59
f 316/57 319/60 318/59
f 318/59 319/60 320/61
f 321/63 313/54 322/62
f 314/55 322/62 313/54
f 322/62 315/58 321/63
f 321/63 315/58 317/56
f 305/66 306/65 323/64
f 323/64 306/65 324/67
f 323/64 324/67 319/68
f 319/68 324/67 320/69
f 325/72 326/71 327/70
f 326/71 328/73 327/70
f 329/72 330/71 331/70
f 330/71 332/73 331/70
f 333/72 334/71 335/70
f 334/71 336/73 335/70
f 337/72 338/71 339/70
f 338/71 340/73 339/70
f 341/76 342/75 325/74
f 342/75 326/77 325/74
f 343/76 344/75 329/74
f 344/75 330/77 329/74
f 345/76 346/75 333/74
f 346/75 334/77 333/74
f 347/76 348/75 337/74
f 348/75 338/77 337/74
f 327/80 328/79 341/78
f 328/79 342/81 341/78
f 331/80 332/79 343/78
f 332/79 344/81 343/78
f 335/80 336/79 345/78
f 336/79 346/81 345/78
f 339/80 340/79 347/78
f 340/79 348/81 347/78
f 349/72 350/71 351/70
f 350/71 352/73 351/70
f 353/72 354/71 355/70
f 354/71 356/73 355/70
f 357/72 358/71 359/70
f 358/71 360/73 359/70
f 361/72 362/71 363/70
f 362/71 364/73 363/70
f 365/76 366/75 349/74
f 366/75 350/77 349/74
f 367/76 368/75 353/74
f 368/75 354/77 353/74
f 369/76 370/75 357/74
f 370/75 358/77 357/74
f 371/76 372/75 361/74
f 372/75 362/77 361/74
f 351/80 352/79 365/78
f 352/79 366/81 365/78
f 355/80 356/79 367/78
f 356/79 368/81 367/78
f 359/80 360/79 369/78
f 360/79 370/81 369/78
f 363/80 364/79 371/78
f 364/79 372/81 371/78
f 373/80 374/79 375/78
f 374/79 376/81 375/78
f 377/80 378/79 379/78
f 378/79 380/81 379/78
f 381/80 382/79 383/78
f 382/79 384/81 383/78
f 385/80 386/79 387/78
f 386/79 388/81 387/78
f 375/76 376/75 389/74
f 376/75 390/77 389/74
f 379/76 380/75 391/74
f 380/75 392/77 391/74
f 383/76 384/75 393/74
f 384/75 394/77 393/74
f 387/76 388/75 395/74
f 388/75 396/77 395/74
f 389/72 390/71 373/70
f 390/71 374/73 373/70
f 391/72 392/71 377/70
f 392/71 378/73 377/70
f 393/72 394/71 381/70
f 394/71 382/73 381/70
f 395/72 396/71 385/70
f 396/71 386/73 385/70
f 397/84 398/83 399/82
f 399/82 398/83 400/85
f 399/82 400/85 401/86
f 401/86 400/85 402/87
f 403/90 404/89 405/88
f 406/91 405/88 404/89
f 406/91 404/89 397/84
f 397/84 404/89 398/83
f 407/93 403/90 408/92
f 403/90 405/88 408/92
f 407/93 408/92 409/94
f 408/92 410/95 409/94
f 411/98 412/97 413/96
f 413/96 412/97 414/99
f 412/97 415/100 414/99
f 414/99 415/100 416/101
f 417/103 409/94 418/102
f 410/95 418/102 409/94
f 418/102 411/98 417/103
f 417/103 411/98 413/96
f 401/106 402/105 419/104
f 419/104 402/105 420/107
f 419/104 420/107 415/108
f 415/108 420/107 416/109
f 421/112 422/111 423/110
f 423/110 422/111 424/113
f 425/115 423/110 426/114
f 423/110 424/113 426/114
f 427/118 428/117 429/116
f 430/119 429/116 428/117
f 430/119 428/117 421/112
f 421/112 428/117 422/111
f 431/121 427/118 432/120
f 427/118 429/116 432/120
f 431/121 432/120 433/122
f 432/120 434/123 433/122
f 435/126 436/125 437/124
f 437/124 436/125 438/127
f 436/125 439/128 438/127
f 438/127 439/128 440/129
f 441/131 433/122 442/130
f 434/123 442/130 433/122
f 442/130 435/126 441/131
f 441/131 435/126 437/124
f 425/134 426/133 443/132
f 443/132 426/133 444/135
f 443/132 444/135 439/136
f 439/136 444/135 440/137
f 445/80 446/79 447/78
f 446/79 448/81 447/78
f 449/80 450/79 451/78
f 450/79 452/81 451/78
f 453/80 454/79 455/78
f 454/79 456/81 455/78
f 457/80 458/79 459/78
f 458/79 460/81 459/78
f 447/76 448/75 461/74
f 448/75 462/77 461/74
f 451/76 452/75 463/74
f 452/75 464/77 463/74
f 455/76 456/75 465/74
f 456/75 466/77 465/74
f 459/76 460/75 467/74
f 460/75 468/77 467/74
f 461/72 462/71 445/70
f 462/71 446/73 445/70
f 463/72 464/71 449/70
f 464/71 450/73 449/70
f 465/72 466/71 453/70
f 466/71 454/73 453/70
f 467/72 468/71 457/70
f 468/71 458/73 457/70
f 469/140 470/139 471/138
f 470/139 472/141 471/138
f 473/144 474/143 475/142
f 474/143 476/145 475/142
f 477/140 478/139 479/138
f 478/139 480/141 479/138
f 481/144 482/143 483/142
f 482/143 484/145 483/142
f 485/140 486/139 487/138
f 486/139 488/141 487/138
f 489/144 490/143 491/142
f 490/143 492/145 491/142
f 493/140 494/139 495/138
f 494/139 496/141 495/138
f 497/144 498/143 499/142
f 498/143 500/145 499/142
usemtl texture1
f 501/148 502/147 503/146
f 502/147 504/149 503/146
f 505/148 506/147 507/146
f 506/147 508/149 507/146
f 509/148 510/147 511/146
f 510/147 512/149 511/146
f 513/148 514/147 515/146
f 514/147 516/149 515/146
f 517/148 518/147 519/146
f 518/147 520/149 519/146
f 521/148 522/147 523/146
f 522/147 524/149 523/146
f 525/148 526/147 527/146
f 526/147 528/149 527/146
f 529/148 530/147 531/146
f 530/147 532/149 531/146
f 533/148 534/147 535/146
f 534/147 536/149 535/146
f 537/148 538/147 539/146
f 538/147 540/149 539/146
f 541/148 542/147 543/146
f 542/147 544/149 543/146
f 545/148 546/147 547/146
f 546/147 548/149 547/146
f 549/148 550/147 551/146
f 550/147 552/149 551/146
f 553/148 554/147 555/146
f 554/147 556/149 555/146
f 557/148 558/147 559/146
f 558/147 560/149 559/146
f 561/148 562/147 563/146
f 562/147 564/149 563/146
f 534/152 501/151 536/150
f 501/151 503/153 536/150
f 535/150 504/153 533/152
f 504/153 502/151 533/152
f 538/152 505/151 540/150
f 505/151 507/153 540/150
f 539/150 508/153 537/152
f 508/153 506/151 537/152
f 542/152 509/151 544/150
f 509/151 511/153 544/150
f 543/150 512/153 541/152
f 512/153 510/151 541/152
f 546/152 513/151 548/150
f 513/151 515/153 548/150
f 547/150 516/153 545/152
f 516/153 514/151 545/152
f 550/152 517/151 552/150
f 517/151 519/153 552/150
f 551/150 520/153 549/152
f 520/153 518/151 549/152
f 554/152 521/151 556/150
f 521/151 523/153 556/150
f 555/150 524/153 553/152
f 524/153 522/151 553/152
f 558/152 525/151 560/150
f 525/151 527/153 560/150
f 559/150 528/153 557/152
f 528/153 526/151 557/152
f 562/152 529/151 564/150
f 529/151 531/153 564/150
f 563/150 532/153 561/152
f 532/153 530/151 561/152
f 533/156 502/155 534/154
f 502/155 501/157 534/154
f 537/160 506/159 538/158
f 506/159 505/161 538/158
f 541/164 510/163 542/162
f 510/163 509/165 542/162
f 545/168 514/167 546/166
f 514/167 513/169 546/166
f 549/172 518/171 550/170
f 518/171 517/173 550/170
f 553/176 522/175 554/174
f 522/175 521/177 554/174
f 557/180 526/179 558/178
f 526/179 525/181 558/178
f 561/184 530/183 562/182
f 530/183 529/185 562/182
f 536/188 503/187 535/186
f 503/187 504/189 535/186
f 540/192 507/191 539/190
f 507/191 508/193 539/190
f 544/196 511/195 543/194
f 511/195 512/197 543/194
f 548/200 515/199 547/198
f 515/199 516/201 547/198
f 552/204 519/203 551/202
f 519/203 520/205 551/202
f 556/208 523/207 555/206
f 523/207 524/209 555/206
f 560/212 527/211 559/210
f 527/211 528/213 559/210
f 564/216 531/215 563/214
f 531/215 532/217 563/214
f 565/148 566/147 567/146
f 566/147 568/149 567/146
f 569/148 570/147 571/146
f 570/147 572/149 571/146
f 573/148 574/147 575/146
f 574/147 576/149 575/146
f 577/148 578/147 579/146
f 578/147 580/149 579/146
f 581/148 582/147 583/146
f 582/147 584/149 583/146
f 585/148 586/147 587/146
f 586/147 588/149 587/146
f 589/148 590/147 591/146
f 590/147 592/149 591/146
f 593/148 594/147 595/146
f 594/147 596/149 595/146
f 597/148 598/147 599/146
f 598/147 600/149 599/146
f 601/148 602/147 603/146
f 602/147 604/149 603/146
f 605/148 606/147 607/146
f 606/147 608/149 607/146
f 609/148 610/147 611/146
f 610/147 612/149 611/146
f 613/148 614/147 615/146
f 614/147 616/149 615/146
f 617/148 618/147 619/146
f 618/147 620/149 619/146
f 621/148 622/147 623/146
f 622/147 624/149 623/146
f 625/148 626/147 627/146
f 626/147 628/149 627/146
f 567/150 600/153 565/152
f 600/153 598/151 565/152
f 566/152 597/151 568/150
f 597/151 599/153 568/150
f 571/150 604/153 569/152
f 604/153 602/151 569/152
f 570/152 601/151 572/150
f 601/151 603/153 572/150
f 575/150 608/153 573/152
f 608/153 606/151 573/152
f 574/152 605/151 576/150
f 605/151 607/153 576/150
f 579/150 612/153 577/152
f 612/153 610/151 577/152
f 578/152 609/151 580/150
f 609/151 611/153 580/150
f 583/150 616/153 581/152
f 616/153 614/151 581/152
f 582/152 613/151 584/150
f 613/151 615/153 584/150
f 587/150 620/153 585/152
f 620/153 618/151 585/152
f 586/152 617/151 588/150
f 617/151 619/153 588/150
f 591/150 624/153 589/152
f 624/153 622/151 589/152
f 590/152 621/151 592/150
f 621/151 623/153 592/150
f 595/150 628/153 593/152
f 628/153 626/151 593/152
f 594/152 625/151 596/150
f 625/151 627/153 596/150
f 565/184 598/183 566/182
f 598/183 597/185 566/182
f 569/180 602/179 570/178
f 602/179 601/181 570/178
f 573/176 606/175 574/174
f 606/175 605/177 574/174
f 577/172 610/171 578/170
f 610/171 609/173 578/170
f 581/168 614/167 582/166
f 614/167 613/169 582/166
f 585/164 618/163 586/162
f 618/163 617/165 586/162
f 589/160 622/159 590/158
f 622/159 621/161 590/158
f 593/156 626/155 594/154
f 626/155 625/157 594/154
f 568/216 599/215 567/214
f 599/215 600/217 567/214
f 572/212 603/211 571/210
f 603/211 604/213 571/210
f 576/208 607/207 575/206
f 607/207 608/209 575/206
f 580/204 611/203 579/202
f 611/203 612/205 579/202
f 584/200 615/199 583/198
f 615/199 616/201 583/198
f 588/196 619/195 587/194
f 619/195 620/197 587/194
f 592/192 623/191 591/190
f 623/191 624/193 591/190
f 596/188 627/187 595/186
f 627/187 628/189 595/186
f 629/148 630/147 631/146
f 630/147 632/149 631/146
f 633/148 634/147 635/146
f 634/147 636/149 635/146
f 637/148 638/147 639/146
f 638/147 640/149 639/146
f 641/148 642/147 643/146
f 642/147 644/149 643/146
f 645/148 646/147 647/146
f 646/147 648/149 647/146
f 649/148 650/147 651/146
f 650/147 652/149 651/146
f 653/148 654/147 655/146
f 654/147 656/149 655/146
f 657/148 658/147 659/146
f 658/147 660/149 659/146
f 661/148 662/147 663/146
f 662/147 664/149 663/146
f 665/148 666/147 667/146
f 666/147 668/149 667/146
f 669/148 670/147 671/146
f 670/147 672/149 671/146
f 673/148 674/147 675/146
f 674/147 676/149 675/146
f 677/148 678/147 679/146
f 678/147 680/149 679/146
f 681/148 682/147 683/146
f 682/147 684/149 683/146
f 685/148 686/147 687/146
f 686/147 688/149 687/146
f 689/148 690/147 691/146
f 690/147 692/149 691/146
f 631/150 664/153 629/152
f 664/153 662/151 629/152
f 630/152 661/151 632/150
f 661/151 663/153 632/150
f 635/150 668/153 633/152
f 668/153 666/151 633/152
f 634/152 665/151 636/150
f 665/151 667/153 636/150
f 639/150 672/153 637/152
f 672/153 670/151 637/152
f 638/152 669/151 640/150
f 669/151 671/153 640/150
f 643/150 676/153 641/152
f 676/153 674/151 641/152
f 642/152 673/151 644/150
f 673/151 675/153 644/150
f 647/150 680/153 645/152
f 680/153 678/151 645/152
f 646/152 677/151 648/150
f 677/151 679/153 648/150
f 651/150 684/153 649/152
f 684/153 682/151 649/152
f 650/152 681/151 652/150
f 681/151 683/153 652/150
f 655/150 688/153 653/152
f 688/153 686/151 653/152
f 654/152 685/151 656/150
f 685/151 687/153 656/150
f 659/150 692/153 657/152
f 692/153 690/151 657/152
f 658/152 689/151 660/150
f 689/151 691/153 660/150
f 629/184 662/183 630/182
f 662/183 661/185 630/182
f 633/180 666/179 634/178
f 666/179 665/181 634/178
f 637/176 670/175 638/174
f 670/175 669/177 638/174
f 641/172 674/171 642/170
f 674/171 673/173 642/170
f 645/168 678/167 646/166
f 678/167 677/169 646/166
f 649/164 682/163 650/162
f 682/163 681/165 650/162
f 653/160 686/159 654/158
f 686/159 685/161 654/158
f 657/156 690/155 658/154
f 690/155 689/157 658/154
f 632/216 663/215 631/214
f 663/215 664/217 631/214
f 636/212 667/211 635/210
f 667/211 668/213 635/210
f 640/208 671/207 639/206
f 671/207 672/209 639/206
f 644/204 675/203 643/202
f 675/203 676/205 643/202
f 648/200 679/199 647/198
f 679/199 680/201 647/198
f 652/196 683/195 651/194
f 683/195 684/197 651/194
f 656/192 687/191 655/190
f 687/191 688/193 655/190
f 660/188 691/187 659/186
f 691/187 692/189 659/186
f 693/148 694/147 695/146
f 694/147 696/149 695/146
f 697/148 698/147 699/146
f 698/147 700/149 699/146
f 701/148 702/147 703/146
f 702/147 704/149 703/146
f 705/148 706/147 707/146
f 706/147 708/149 707/146
f 709/148 710/147 711/146
f 710/147 712/149 711/146
f 713/148 714/147 715/146
f 714/147 716/149 715/146
f 717/148 718/147 719/146
f 718/147 720/149 719/146
f 721/148 722/147 723/146
f 722/147 724/149 723/146
f 725/148 726/147 727/146
f 726/147 728/149 727/146
f 729/148 730/147 731/146
f 730/147 732/149 731/146
f 733/148 734/147 735/146
f 734/147 736/149 735/146
f 737/148 738/147 739/146
f 738/147 740/149 739/146
f 741/148 742/147 743/146
f 742/147 744/149 743/146
f 745/148 746/147 747/146
f 746/147 748/149 747/146
f 749/148 750/147 751/146
f 750/147 752/149 751/146
f 753/148 754/147 755/146
f 754/147 756/149 755/146
f 726/152 693/151 728/150
f 693/151 695/153 728/150
f 727/150 696/153 725/152
f 696/153 694/151 725/152
f 730/152 697/151 732/150
f 697/151 699/153 732/150
f 731/150 700/153 729/152
f 700/153 698/151 729/152
f 734/152 701/151 736/150
f 701/151 703/153 736/150
f 735/150 704/153 733/152
f 704/153 702/151 733/152
f 738/152 705/151 740/150
f 705/151 707/153 740/150
f 739/150 708/153 737/152
f 708/153 706/151 737/152
f 742/152 709/151 744/150
f 709/151 711/153 744/150
f 743/150 712/153 741/152
f 712/153 710/151 741/152
f 746/152 713/151 748/150
f 713/151 715/153 748/150
f 747/150 716/153 745/152
f 716/153 714/151 745/152
f 750/152 717/151 752/150
f 717/151 719/153 752/150
f 751/150 720/153 749/152
f 720/153 718/151 749/152
f 754/152 721/151 756/150
f 721/151 723/153 756/150
f 755/150 724/153 753/152
f 724/153 722/151 753/152
f 725/156 694/155 726/154
f 694/155 693/157 726/154
f 729/160 698/159 730/158
f 698/159 697/161 730/158
f 733/164 702/163 734/162
f 702/163 701/165 734/162
f 737/168 706/167 738/166
f 706/167 705/169 738/166
f 741/172 710/171 742/170
f 710/171 709/173 742/170
f 745/176 714/175 746/174
f 714/175 713/177 746/174
f 749/180 718/179 750/178
f 718/179 717/181 750/178
f 753/184 722/183 754/182
f 722/183 721/185 754/182
f 728/188 695/187 727/186
f 695/187 696/189 727/186
f 732/192 699/191 731/190
f 699/191 700/193 731/190
f 736/196 703/195 735/194
f 703/195 704/197 735/194
f 740/200 707/199 739/198
f 707/199 708/201 739/198
f 744/204 711/203 743/202
f 711/203 712/205 743/202
f 748/208 715/207 747/206
f 715/207 716/209 747/206
f 752/212 719/211 751/210
f 719/211 720/213 751/210
f 756/216 723/215 755/214
f 723/215 724/217 755/214
f 757/220 758/219 759/218
f 758/219 760/221 759/218
f 758/219 761/222 760/221
f 761/222 762/223 760/221
f 761/222 763/224 762/223
f 763/224 764/225 762/223
f 763/224 765/226 764/225
f 765/226 766/227 764/225
f 759/218 767/228 757/220
f 767/228 768/229 757/220
f 765/226 769/230 766/227
f 769/230 770/231 766/227
f 771/226 772/230 773/227
f 772/230 774/231 773/227
f 775/218 776/228 777/220
f 776/228 778/229 777/220
f 779/224 771/226 780/225
f 771/226 773/227 780/225
f 781/222 779/224 782/223
f 779/224 780/225 782/223
f 783/219 781/222 784/221
f 781/222 782/223 784/221
f 777/220 783/219 775/218
f 783/219 784/221 775/218
f 785/220 786/219 787/218
f 786/219 788/221 787/218
f 786/219 789/222 788/221
f 789/222 790/223 788/221
f 789/222 791/224 790/223
f 791/224 792/225 790/223
f 791/224 793/226 792/225
f 793/226 794/227 792/225
f 787/218 795/228 785/220
f 795/228 796/229 785/220
f 793/226 797/230 794/227
f 797/230 798/231 794/227
f 799/226 800/230 801/227
f 800/230 802/231 801/227
f 803/218 804/228 805/220
f 804/228 806/229 805/220
f 807/224 799/226 808/225
f 799/226 801/227 808/225
f 809/222 807/224 810/223
f 807/224 808/225 810/223
f 811/219 809/222 812/221
f 809/222 810/223 812/221
f 805/220 811/219 803/218
f 811/219 812/221 803/218
f 813/220 814/219 815/218
f 814/219 816/221 815/218
f 814/219 817/222 816/221
f 817/222 818/223 816/221
f 817/222 819/224 818/223
f 819/224 820/225 818/223
f 819/224 821/226 820/225
f 821/226 822/227 820/225
f 815/218 823/228 813/220
f 823/228 824/229 813/220
f 821/226 825/230 822/227
f 825/230 826/231 822/227
f 827/226 828/230 829/227
f 828/230 830/231 829/227
f 831/218 832/228 833/220
f 832/228 834/229 833/220
f 835/224 827/226 836/225
f 827/226 829/227 836/225
f 837/222 835/224 838/223
f 835/224 836/225 838/223
f 839/219 837/222 840/221
f 837/222 838/223 840/221
f 833/220 839/219 831/218
f 839/219 840/221 831/218
f 841/220 842/219 843/218
f 842/219 844/221 843/218
f 842/219 845/222 844/221
f 845/222 846/223 844/221
f 845/222 847/224 846/223
f 847/224 848/225 846/223
f 847/224 849/226 848/225
f 849/226 850/227 848/225
f 843/218 851/228 841/220
f 851/228 852/229 841/220
f 849/226 853/230 850/227
f 853/230 854/231 850/227
f 855/226 856/230 857/227
f 856/230 858/231 857/227
f 859/218 860/228 861/220
f 860/228 862/229 861/220
f 863/224 855/226 864/225
f 855/226 857/227 864/225
f 865/222 863/224 866/223
f 863/224 864/225 866/223
f 867/219 865/222 868/221
f 865/222 866/223 868/221
f 861/220 867/219 859/218
f 867/219 868/221 859/218
usemtl texture2
f 869/234 870/233 871/232
f 870/233 872/235 871/232
f 873/237 874/236 869/234
f 874/236 870/233 869/234
f 875/239 876/238 873/237
f 876/238 874/236 873/237
f 877/241 876/238 878/240
f 876/238 875/239 878/240
f 879/244 880/243 881/242
f 880/243 882/245 881/242
f 883/248 884/247 885/246
f 884/247 886/249 885/246
f 887/241 888/238 889/240
f 888/238 890/239 889/240
f 890/239 888/238 891/237
f 888/238 892/236 891/237
f 891/237 892/236 893/234
f 892/236 894/233 893/234
f 893/234 894/233 895/232
f 894/233 896/235 895/232
f 897/234 898/233 899/232
f 898/233 900/235 899/232
f 901/237 902/236 897/234
f 902/236 898/233 897/234
f 903/239 904/238 901/237
f 904/238 902/236 901/237
f 905/241 904/238 906/240
f 904/238 903/239 906/240
f 907/241 908/238 909/240
f 908/238 910/239 909/240
f 910/239 908/238 911/237
f 908/238 912/236 911/237
f 911/237 912/236 913/234
f 912/236 914/233 913/234
f 913/234 914/233 915/232
f 914/233 916/235 915/232
f 917/248 918/247 919/246
f 918/247 920/249 919/246
f 921/244 922/243 923/242
f 922/243 924/245 923/242
f 925/234 926/233 927/232
f 926/233 928/235 927/232
f 929/237 930/236 925/234
f 930/236 926/233 925/234
f 931/239 932/238 929/237
f 932/238 930/236 929/237
f 933/241 932/238 934/240
f 932/238 931/239 934/240
f 935/241 936/238 937/240
f 936/238 938/239 937/240
f 938/239 936/238 939/237
f 936/238 940/236 939/237
f 939/237 940/236 941/234
f 940/236 942/233 941/234
f 941/234 942/233 943/232
f 942/233 944/235 943/232
f 945/248 946/247 947/246
f 946/247 948/249 947/246
f 949/244 950/243 951/242
f 950/243 952/245 951/242
f 953/234 954/233 955/232
f 954/233 956/235 955/232
f 957/237 958/236 953/234
f 958/236 954/233 953/234
f 959/239 960/238 957/237
f 960/238 958/236 957/237
f 961/241 960/238 962/240
f 960/238 959/239 962/240
f 963/241 964/238 965/240
f 964/238 966/239 965/240
f 966/239 964/238 967/237
f 964/238 968/236 967/237
f 967/237 968/236 969/234
f 968/236 970/233 969/234
f 969/234 970/233 971/232
f 970/233 972/235 971/232
f 973/248 974/247 975/246
f 974/247 976/249 975/246
f 977/244 978/243 979/242
f 978/243 980/245 979/242
f 981/252 982/251 983/250
f 982/251 984/253 983/250
f 985/46 986/47 987/254
f 986/47 988/255 987/254
f 983/47 984/256 986/250
f 984/256 988/257 986/250
f 984/256 982/46 988/257
f 982/46 987/252 988/257
f 989/252 990/251 991/250
f 990/251 992/253 991/250
f 993/46 994/47 995/254
f 994/47 996/255 995/254
f 991/47 992/256 994/250
f 992/256 996/257 994/250
f 992/256 990/46 996/257
f 990/46 995/252 996/257
f 475/260 476/259 469/258
f 476/259 470/261 469/258
f 471/258 472/261 473/260
f 472/261 474/259 473/260
f 483/260 484/259 477/258
f 484/259 478/261 477/258
f 479/258 480/261 481/260
f 480/261 482/259 481/260
f 491/260 492/259 485/258
f 492/259 486/261 485/258
f 487/258 488/261 489/260
f 488/261 490/259 489/260
f 499/260 500/259 493/258
f 500/259 494/261 493/258
f 495/258 496/261 497/260
f 496/261 498/259 497/260
usemtl texture3
f 997/264 998/263 879/262
f 998/263 880/265 879/262
f 885/268 886/267 999/266
f 886/267 1000/269 999/266
f 898/272 1001/271 900/270
f 1001/271 796/273 900/270
f 902/275 1002/274 898/272
f 1002/274 1001/271 898/272
f 904/277 1003/276 902/275
f 1003/276 1002/274 902/275
f 797/279 1003/276 905/278
f 1003/276 904/277 905/278
f 800/279 1004/276 907/278
f 1004/276 908/277 907/278
f 908/277 1004/276 912/275
f 1004/276 1005/274 912/275
f 912/275 1005/274 914/272
f 1005/274 1006/271 914/272
f 914/272 1006/271 916/270
f 1006/271 806/273 916/270
f 919/268 920/267 1007/266
f 920/267 1008/269 1007/266
f 1009/264 1010/263 921/262
f 1010/263 922/265 921/262
f 947/268 948/267 1011/266
f 948/267 1012/269 1011/266
f 1013/264 1014/263 949/262
f 1014/263 950/265 949/262
f 975/268 976/267 1015/266
f 976/267 1016/269 1015/266
f 1017/264 1018/263 977/262
f 1018/263 978/265 977/262
usemtl texture4
f 155/282 1019/281 1020/280
f 1020/280 1019/281 1021/283
f 1022/285 1023/284 1021/283
f 1023/284 1020/280 1021/283
f 1024/287 1023/284 1025/286
f 1023/284 1022/285 1025/286
f 1026/47 144/288 1025/286
f 144/288 1024/287 1025/286
f 144/291 1026/290 146/289
f 1026/290 1027/292 146/289
f 1028/295 1029/294 148/293
f 1029/294 151/296 148/293
f 147/298 1030/297 148/293
f 1030/297 1028/295 148/293
f 1031/300 1030/297 154/299
f 1030/297 147/298 154/299
f 146/289 1027/292 154/299
f 1027/292 1031/300 154/299
f 151/303 1029/302 155/301
f 1029/302 1019/304 155/301
f 1032/307 1033/306 1034/305
f 1033/306 1035/308 1034/305
f 251/310 1036/309 1035/308
f 1035/308 1036/309 1034/305
f 1037/312 1033/306 1038/311
f 1033/306 1032/307 1038/311
f 1039/314 240/313 1038/311
f 240/313 1037/312 1038/311
f 240/317 1039/316 242/315
f 1039/316 1040/318 242/315
f 1041/321 1042/320 244/319
f 1042/320 247/322 244/319
f 243/324 1043/323 244/319
f 1043/323 1041/321 244/319
f 1044/326 1043/323 250/325
f 1043/323 243/324 250/325
f 242/315 1040/318 250/325
f 1040/318 1044/326 250/325
f 247/303 1042/302 251/301
f 1042/302 1036/304 251/301
f 275/282 1045/281 1046/280
f 1046/280 1045/281 1047/283
f 1048/285 1049/284 1047/283
f 1049/284 1046/280 1047/283
f 1050/287 1049/284 1051/286
f 1049/284 1048/285 1051/286
f 1052/47 264/288 1051/286
f 264/288 1050/287 1051/286
f 264/291 1052/290 266/289
f 1052/290 1053/292 266/289
f 1054/295 1055/294 268/293
f 1055/294 271/296 268/293
f 267/298 1056/297 268/293
f 1056/297 1054/295 268/293
f 1057/300 1056/297 274/299
f 1056/297 267/298 274/299
f 266/289 1053/292 274/299
f 1053/292 1057/300 274/299
f 271/303 1055/302 275/301
f 1055/302 1045/304 275/301
f 1058/329 1059/328 1060/327
f 1059/328 1061/330 1060/327
f 323/332 1062/331 1061/330
f 1061/330 1062/331 1060/327
f 1063/334 1059/328 1064/333
f 1059/328 1058/329 1064/333
f 1065/336 312/335 1064/333
f 312/335 1063/334 1064/333
f 312/339 1065/338 314/337
f 1065/338 1066/340 314/337
f 1067/343 1068/342 316/341
f 1068/342 319/344 316/341
f 315/346 1069/345 316/341
f 1069/345 1067/343 316/341
f 1070/348 1069/345 322/347
f 1069/345 315/346 322/347
f 314/337 1066/340 322/347
f 1066/340 1070/348 322/347
f 319/351 1068/350 323/349
f 1068/350 1062/352 323/349
f 419/355 1071/354 1072/353
f 1072/353 1071/354 1073/356
f 1074/358 1075/357 1073/356
f 1075/357 1072/353 1073/356
f 1076/360 1075/357 1077/359
f 1075/357 1074/358 1077/359
f 1078/86 408/361 1077/359
f 408/361 1076/360 1077/359
f 1078/364 1079/363 408/362
f 408/362 1079/363 410/365
f 1080/368 1081/367 412/366
f 1081/367 415/369 412/366
f 411/371 1082/370 412/366
f 1082/370 1080/368 412/366
f 1083/373 1082/370 418/372
f 1082/370 411/371 418/372
f 410/365 1079/363 418/372
f 1079/363 1083/373 418/372
f 415/376 1081/375 419/374
f 1081/375 1071/377 419/374
f 443/380 1084/379 1085/378
f 1085/378 1084/379 1086/381
f 1087/383 1088/382 1086/381
f 1088/382 1085/378 1086/381
f 1089/385 1088/382 1090/384
f 1088/382 1087/383 1090/384
f 1091/115 432/386 1090/384
f 432/386 1089/385 1090/384
f 1091/389 1092/388 432/387
f 432/387 1092/388 434/390
f 1093/393 1094/392 436/391
f 1094/392 439/394 436/391
f 435/396 1095/395 436/391
f 1095/395 1093/393 436/391
f 1096/398 1095/395 442/397
f 1095/395 435/396 442/397
f 434/390 1092/388 442/397
f 1092/388 1096/398 442/397
f 439/401 1094/400 443/399
f 1094/400 1084/402 443/399
f 1097/405 1098/404 1099/403
f 1100/406 1099/403 1098/404
f 1101/409 1102/408 1103/407
f 1104/410 1103/407 1102/408
f 1102/408 1097/405 1104/410
f 1099/403 1104/410 1097/405
f 1099/403 1100/406 1105/411
f 1103/407 1104/410 1105/411
f 1104/410 1099/403 1105/411
f 1106/408 1107/405 1108/410
f 1109/403 1108/410 1107/405
f 1098/409 1106/408 1100/407
f 1108/410 1100/407 1106/408
f 1107/405 1101/404 1109/403
f 1103/406 1109/403 1101/404
f 1108/410 1109/403 1105/411
f 1100/407 1108/410 1105/411
f 1109/403 1103/406 1105/411
f 1110/405 1111/404 1112/403
f 1113/406 1112/403 1111/404
f 1114/409 1115/408 1116/407
f 1117/410 1116/407 1115/408
f 1115/408 1110/405 1117/410
f 1112/403 1117/410 1110/405
f 1112/403 1113/406 1118/411
f 1116/407 1117/410 1118/411
f 1117/410 1112/403 1118/411
f 1119/408 1120/405 1121/410
f 1122/403 1121/410 1120/405
f 1111/409 1119/408 1113/407
f 1121/410 1113/407 1119/408
f 1120/405 1114/404 1122/403
f 1116/406 1122/403 1114/404
f 1121/410 1122/403 1118/411
f 1113/407 1121/410 1118/411
f 1122/403 1116/406 1118/411
usemtl texture5
f 1123/414 1124/413 1125/412
f 1124/413 1126/415 1125/412
f 1127/418 1128/417 1129/416
f 1128/417 1130/419 1129/416
f 1128/417 1127/418 1131/420
f 1132/421 1131/420 1127/418
f 1125/412 1133/422 1123/414
f 1123/414 1133/422 1134/423
f 1135/414 1136/413 1137/412
f 1136/413 1138/415 1137/412
f 1139/418 1140/417 1141/416
f 1140/417 1142/419 1141/416
f 1140/417 1139/418 1143/420
f 1144/421 1143/420 1139/418
f 1137/412 1145/422 1135/414
f 1135/414 1145/422 1146/423
f 1147/412 1148/422 1149/414
f 1149/414 1148/422 1150/423
f 1151/417 1152/418 1153/420
f 1154/421 1153/420 1152/418
f 1152/418 1151/417 1155/416
f 1151/417 1156/419 1155/416
f 1149/414 1157/413 1147/412
f 1157/413 1158/415 1147/412
f 1159/412 1160/422 1161/414
f 1161/414 1160/422 1162/423
f 1163/417 1164/418 1165/420
f 1166/421 1165/420 1164/418
f 1164/418 1163/417 1167/416
f 1163/417 1168/419 1167/416
f 1161/414 1169/413 1159/412
f 1169/413 1170/415 1159/412
f 1171/414 1172/413 1173/412
f 1172/413 1174/415 1173/412
f 1175/418 1176/417 1177/416
f 1176/417 1178/419 1177/416
f 1176/417 1175/418 1179/420
f 1180/421 1179/420 1175/418
f 1173/412 1181/422 1171/414
f 1171/414 1181/422 1182/423
f 1183/414 1184/413 1185/412
f 1184/413 1186/415 1185/412
f 1187/418 1188/417 1189/416
f 1188/417 1190/419 1189/416
f 1188/417 1187/418 1191/420
f 1192/421 1191/420 1187/418
f 1185/412 1193/422 1183/414
f 1183/414 1193/422 1194/423
f 1195/412 1196/422 1197/414
f 1197/414 1196/422 1198/423
f 1199/417 1200/418 1201/420
f 1202/421 1201/420 1200/418
f 1200/418 1199/417 1203/416
f 1199/417 1204/419 1203/416
f 1197/414 1205/413 1195/412
f 1205/413 1206/415 1195/412
f 1072/426 1075/425 399/424
f 1075/425 397/427 399/424
f 1075/425 1076/428 397/427
f 1076/428 406/429 397/427
f 419/431 1072/426 401/430
f 1072/426 399/424 401/430
f 1076/428 408/432 406/429
f 408/432 405/433 406/429
f 1080/436 1073/435 1081/434
f 1073/435 1071/437 1081/434
f 1082/439 1074/438 1080/436
f 1074/438 1073/435 1080/436
f 1083/441 1077/440 1082/439
f 1077/440 1074/438 1082/439
f 1078/443 1077/440 1079/442
f 1077/440 1083/441 1079/442
f 1093/446 1086/445 1094/444
f 1086/445 1084/447 1094/444
f 1095/449 1087/448 1093/446
f 1087/448 1086/445 1093/446
f 1096/451 1090/450 1095/449
f 1090/450 1087/448 1095/449
f 1091/453 1090/450 1092/452
f 1090/450 1096/451 1092/452
f 1207/412 1208/422 1209/414
f 1209/414 1208/422 1210/423
f 1211/417 1212/418 1213/420
f 1214/421 1213/420 1212/418
f 1212/418 1211/417 1215/416
f 1211/417 1216/419 1215/416
f 1209/414 1217/413 1207/412
f 1217/413 1218/415 1207/412
usemtl texture6
f 1219/456 1220/455 1221/454
f 1220/455 1222/457 1221/454
f 1223/456 1224/455 1225/454
f 1224/455 1226/457 1225/454
f 1227/456 1228/455 1229/454
f 1228/455 1230/457 1229/454
f 1231/456 1232/455 1233/454
f 1232/455 1234/457 1233/454
f 1235/456 1236/455 1237/454
f 1236/455 1238/457 1237/454
f 1239/456 1240/455 1241/454
f 1240/455 1242/457 1241/454
f 1243/456 1244/455 1245/454
f 1244/455 1246/457 1245/454
f 1247/456 1248/455 1249/454
f 1248/455 1250/457 1249/454
f 1251/456 1252/455 1253/454
f 1252/455 1254/457 1253/454
f 1255/456 1256/455 1257/454
f 1256/455 1258/457 1257/454
f 1259/456 1260/455 1261/454
f 1260/455 1262/457 1261/454
f 1263/456 1264/455 1265/454
f 1264/455 1266/457 1265/454
f 1267/456 1268/455 1269/454
f 1268/455 1270/457 1269/454
f 1271/456 1272/455 1273/454
f 1272/455 1274/457 1273/454
f 1275/456 1276/455 1277/454
f 1276/455 1278/457 1277/454
f 1279/456 1280/455 1281/454
f 1280/455 1282/457 1281/454
f 1221/460 1258/459 1219/458
f 1258/459 1256/461 1219/458
f 1220/460 1255/459 1222/458
f 1255/459 1257/461 1222/458
f 1225/460 1266/459 1223/458
f 1266/459 1264/461 1223/458
f 1224/460 1263/459 1226/458
f 1263/459 1265/461 1226/458
f 1229/460 1274/459 1227/458
f 1274/459 1272/461 1227/458
f 1228/460 1271/459 1230/458
f 1271/459 1273/461 1230/458
f 1233/460 1282/459 1231/458
f 1282/459 1280/461 1231/458
f 1232/460 1279/459 1234/458
f 1279/459 1281/461 1234/458
f 1237/460 1254/459 1235/458
f 1254/459 1252/461 1235/458
f 1236/460 1251/459 1238/458
f 1251/459 1253/461 1238/458
f 1241/460 1262/459 1239/458
f 1262/459 1260/461 1239/458
f 1240/460 1259/459 1242/458
f 1259/459 1261/461 1242/458
f 1245/460 1270/459 1243/458
f 1270/459 1268/461 1243/458
f 1244/460 1267/459 1246/458
f 1267/459 1269/461 1246/458
f 1249/460 1278/459 1247/458
f 1278/459 1276/461 1247/458
f 1248/460 1275/459 1250/458
f 1275/459 1277/461 1250/458
f 1219/458 1256/463 1220/462
f 1256/463 1255/464 1220/462
f 1223/458 1264/463 1224/462
f 1264/463 1263/464 1224/462
f 1227/458 1272/463 1228/462
f 1272/463 1271/464 1228/462
f 1231/458 1280/463 1232/462
f 1280/463 1279/464 1232/462
f 1222/458 1257/463 1221/462
f 1257/463 1258/464 1221/462
f 1226/458 1265/463 1225/462
f 1265/463 1266/464 1225/462
f 1230/458 1273/463 1229/462
f 1273/463 1274/464 1229/462
f 1234/458 1281/463 1233/462
f 1281/463 1282/464 1233/462
f 1235/458 1252/463 1236/462
f 1252/463 1251/464 1236/462
f 1239/458 1260/463 1240/462
f 1260/463 1259/464 1240/462
f 1243/458 1268/463 1244/462
f 1268/463 1267/464 1244/462
f 1247/458 1276/463 1248/462
f 1276/463 1275/464 1248/462
f 1238/458 1253/463 1237/462
f 1253/463 1254/464 1237/462
f 1242/458 1261/463 1241/462
f 1261/463 1262/464 1241/462
f 1246/458 1269/463 1245/462
f 1269/463 1270/464 1245/462
f 1250/458 1277/463 1249/462
f 1277/463 1278/464 1249/462
f 1283/456 1284/455 1285/454
f 1284/455 1286/457 1285/454
f 1287/456 1288/455 1289/454
f 1288/455 1290/457 1289/454
f 1291/456 1292/455 1293/454
f 1292/455 1294/457 1293/454
f 1295/456 1296/455 1297/454
f 1296/455 1298/457 1297/454
f 1299/456 1300/455 1301/454
f 1300/455 1302/457 1301/454
f 1303/456 1304/455 1305/454
f 1304/455 1306/457 1305/454
f 1307/456 1308/455 1309/454
f 1308/455 1310/457 1309/454
f 1311/456 1312/455 1313/454
f 1312/455 1314/457 1313/454
f 1315/456 1316/455 1317/454
f 1316/455 1318/457 1317/454
f 1319/456 1320/455 1321/454
f 1320/455 1322/457 1321/454
f 1323/456 1324/455 1325/454
f 1324/455 1326/457 1325/454
f 1327/456 1328/455 1329/454
f 1328/455 1330/457 1329/454
f 1331/456 1332/455 1333/454
f 1332/455 1334/457 1333/454
f 1335/456 1336/455 1337/454
f 1336/455 1338/457 1337/454
f 1339/456 1340/455 1341/454
f 1340/455 1342/457 1341/454
f 1343/456 1344/455 1345/454
f 1344/455 1346/457 1345/454
f 1285/460 1322/459 1283/458
f 1322/459 1320/461 1283/458
f 1284/460 1319/459 1286/458
f 1319/459 1321/461 1286/458
f 1289/460 1330/459 1287/458
f 1330/459 1328/461 1287/458
f 1288/460 1327/459 1290/458
f 1327/459 1329/461 1290/458
f 1293/460 1338/459 1291/458
f 1338/459 1336/461 1291/458
f 1292/460 1335/459 1294/458
f 1335/459 1337/461 1294/458
f 1297/460 1346/459 1295/458
f 1346/459 1344/461 1295/458
f 1296/460 1343/459 1298/458
f 1343/459 1345/461 1298/458
f 1301/460 1318/459 1299/458
f 1318/459 1316/461 1299/458
f 1300/460 1315/459 1302/458
f 1315/459 1317/461 1302/458
f 1305/460 1326/459 1303/458
f 1326/459 1324/461 1303/458
f 1304/460 1323/459 1306/458
f 1323/459 1325/461 1306/458
f 1309/460 1334/459 1307/458
f 1334/459 1332/461 1307/458
f 1308/460 1331/459 1310/458
f 1331/459 1333/461 1310/458
f 1313/460 1342/459 1311/458
f 1342/459 1340/461 1311/458
f 1312/460 1339/459 1314/458
f 1339/459 1341/461 1314/458
f 1283/458 1320/463 1284/462
f 1320/463 1319/464 1284/462
f 1287/458 1328/463 1288/462
f 1328/463 1327/464 1288/462
f 1291/458 1336/463 1292/462
f 1336/463 1335/464 1292/462
f 1295/458 1344/463 1296/462
f 1344/463 1343/464 1296/462
f 1286/458 1321/463 1285/462
f 1321/463 1322/464 1285/462
f 1290/458 1329/463 1289/462
f 1329/463 1330/464 1289/462
f 1294/458 1337/463 1293/462
f 1337/463 1338/464 1293/462
f 1298/458 1345/463 1297/462
f 1345/463 1346/464 1297/462
f 1299/458 1316/463 1300/462
f 1316/463 1315/464 1300/462
f 1303/458 1324/463 1304/462
f 1324/463 1323/464 1304/462
f 1307/458 1332/463 1308/462
f 1332/463 1331/464 1308/462
f 1311/458 1340/463 1312/462
f 1340/463 1339/464 1312/462
f 1302/458 1317/463 1301/462
f 1317/463 1318/464 1301/462
f 1306/458 1325/463 1305/462
f 1325/463 1326/464 1305/462
f 1310/458 1333/463 1309/462
f 1333/463 1334/464 1309/462
f 1314/458 1341/463 1313/462
f 1341/463 1342/464 1313/462
f 1347/456 1348/455 1349/454
f 1348/455 1350/457 1349/454
f 1351/456 1352/455 1353/454
f 1352/455 1354/457 1353/454
f 1355/456 1356/455 1357/454
f 1356/455 1358/457 1357/454
f 1359/456 1360/455 1361/454
f 1360/455 1362/457 1361/454
f 1363/456 1364/455 1365/454
f 1364/455 1366/457 1365/454
f 1367/456 1368/455 1369/454
f 1368/455 1370/457 1369/454
f 1371/456 1372/455 1373/454
f 1372/455 1374/457 1373/454
f 1375/456 1376/455 1377/454
f 1376/455 1378/457 1377/454
f 1379/456 1380/455 1381/454
f 1380/455 1382/457 1381/454
f 1383/456 1384/455 1385/454
f 1384/455 1386/457 1385/454
f 1387/456 1388/455 1389/454
f 1388/455 1390/457 1389/454
f 1391/456 1392/455 1393/454
f 1392/455 1394/457 1393/454
f 1395/456 1396/455 1397/454
f 1396/455 1398/457 1397/454
f 1399/456 1400/455 1401/454
f 1400/455 1402/457 1401/454
f 1403/456 1404/455 1405/454
f 1404/455 1406/457 1405/454
f 1407/456 1408/455 1409/454
f 1408/455 1410/457 1409/454
f 1380/460 1351/459 1382/458
f 1351/459 1353/461 1382/458
f 1381/460 1354/459 1379/458
f 1354/459 1352/461 1379/458
f 1384/460 1359/459 1386/458
f 1359/459 1361/461 1386/458
f 1385/460 1362/459 1383/458
f 1362/459 1360/461 1383/458
f 1388/460 1367/459 1390/458
f 1367/459 1369/461 1390/458
f 1389/460 1370/459 1387/458
f 1370/459 1368/461 1387/458
f 1392/460 1375/459 1394/458
f 1375/459 1377/461 1394/458
f 1393/460 1378/459 1391/458
f 1378/459 1376/461 1391/458
f 1396/460 1347/459 1398/458
f 1347/459 1349/461 1398/458
f 1397/460 1350/459 1395/458
f 1350/459 1348/461 1395/458
f 1400/460 1355/459 1402/458
f 1355/459 1357/461 1402/458
f 1401/460 1358/459 1399/458
f 1358/459 1356/461 1399/458
f 1404/460 1363/459 1406/458
f 1363/459 1365/461 1406/458
f 1405/460 1366/459 1403/458
f 1366/459 1364/461 1403/458
f 1408/460 1371/459 1410/458
f 1371/459 1373/461 1410/458
f 1409/460 1374/459 1407/458
f 1374/459 1372/461 1407/458
f 1379/458 1352/463 1380/462
f 1352/463 1351/464 1380/462
f 1383/458 1360/463 1384/462
f 1360/463 1359/464 1384/462
f 1387/458 1368/463 1388/462
f 1368/463 1367/464 1388/462
f 1391/458 1376/463 1392/462
f 1376/463 1375/464 1392/462
f 1382/458 1353/463 1381/462
f 1353/463 1354/464 1381/462
f 1386/458 1361/463 1385/462
f 1361/463 1362/464 1385/462
f 1390/458 1369/463 1389/462
f 1369/463 1370/464 1389/462
f 1394/458 1377/463 1393/462
f 1377/463 1378/464 1393/462
f 1395/458 1348/463 1396/462
f 1348/463 1347/464 1396/462
f 1399/458 1356/463 1400/462
f 1356/463 1355/464 1400/462
f 1403/458 1364/463 1404/462
f 1364/463 1363/464 1404/462
f 1407/458 1372/463 1408/462
f 1372/463 1371/464 1408/462
f 1398/458 1349/463 1397/462
f 1349/463 1350/464 1397/462
f 1402/458 1357/463 1401/462
f 1357/463 1358/464 1401/462
f 1406/458 1365/463 1405/462
f 1365/463 1366/464 1405/462
f 1410/458 1373/463 1409/462
f 1373/463 1374/464 1409/462
f 1411/456 1412/455 1413/454
f 1412/455 1414/457 1413/454
f 1415/456 1416/455 1417/454
f 1416/455 1418/457 1417/454
f 1419/456 1420/455 1421/454
f 1420/455 1422/457 1421/454
f 1423/456 1424/455 1425/454
f 1424/455 1426/457 1425/454
f 1427/456 1428/455 1429/454
f 1428/455 1430/457 1429/454
f 1431/456 1432/455 1433/454
f 1432/455 1434/457 1433/454
f 1435/456 1436/455 1437/454
f 1436/455 1438/457 1437/454
f 1439/456 1440/455 1441/454
f 1440/455 1442/457 1441/454
f 1443/456 1444/455 1445/454
f 1444/455 1446/457 1445/454
f 1447/456 1448/455 1449/454
f 1448/455 1450/457 1449/454
f 1451/456 1452/455 1453/454
f 1452/455 1454/457 1453/454
f 1455/456 1456/455 1457/454
f 1456/455 1458/457 1457/454
f 1459/456 1460/455 1461/454
f 1460/455 1462/457 1461/454
f 1463/456 1464/455 1465/454
f 1464/455 1466/457 1465/454
f 1467/456 1468/455 1469/454
f 1468/455 1470/457 1469/454
f 1471/456 1472/455 1473/454
f 1472/455 1474/457 1473/454
f 1444/460 1415/459 1446/458
f 1415/459 1417/461 1446/458
f 1445/460 1418/459 1443/458
f 1418/459 1416/461 1443/458
f 1448/460 1423/459 1450/458
f 1423/459 1425/461 1450/458
f 1449/460 1426/459 1447/458
f 1426/459 1424/461 1447/458
f 1452/460 1431/459 1454/458
f 1431/459 1433/461 1454/458
f 1453/460 1434/459 1451/458
f 1434/459 1432/461 1451/458
f 1456/460 1439/459 1458/458
f 1439/459 1441/461 1458/458
f 1457/460 1442/459 1455/458
f 1442/459 1440/461 1455/458
f 1460/460 1411/459 1462/458
f 1411/459 1413/461 1462/458
f 1461/460 1414/459 1459/458
f 1414/459 1412/461 1459/458
f 1464/460 1419/459 1466/458
f 1419/459 1421/461 1466/458
f 1465/460 1422/459 1463/458
f 1422/459 1420/461 1463/458
f 1468/460 1427/459 1470/458
f 1427/459 1429/461 1470/458
f 1469/460 1430/459 1467/458
f 1430/459 1428/461 1467/458
f 1472/460 1435/459 1474/458
f 1435/459 1437/461 1474/458
f 1473/460 1438/459 1471/458
f 1438/459 1436/461 1471/458
f 1443/458 1416/463 1444/462
f 1416/463 1415/464 1444/462
f 1447/458 1424/463 1448/462
f 1424/463 1423/464 1448/462
f 1451/458 1432/463 1452/462
f 1432/463 1431/464 1452/462
f 1455/458 1440/463 1456/462
f 1440/463 1439/464 1456/462
f 1446/458 1417/463 1445/462
f 1417/463 1418/464 1445/462
f 1450/458 1425/463 1449/462
f 1425/463 1426/464 1449/462
f 1454/458 1433/463 1453/462
f 1433/463 1434/464 1453/462
f 1458/458 1441/463 1457/462
f 1441/463 1442/464 1457/462
f 1459/458 1412/463 1460/462
f 1412/463 1411/464 1460/462
f 1463/458 1420/463 1464/462
f 1420/463 1419/464 1464/462
f 1467/458 1428/463 1468/462
f 1428/463 1427/464 1468/462
f 1471/458 1436/463 1472/462
f 1436/463 1435/464 1472/462
f 1462/458 1413/463 1461/462
f 1413/463 1414/464 1461/462
f 1466/458 1421/463 1465/462
f 1421/463 1422/464 1465/462
f 1470/458 1429/463 1469/462
f 1429/463 1430/464 1469/462
f 1474/458 1437/463 1473/462
f 1437/463 1438/464 1473/462
f 1475/456 1476/455 1477/454
f 1476/455 1478/457 1477/454
f 1479/456 1480/455 1481/454
f 1480/455 1482/457 1481/454
f 1483/456 1484/455 1485/454
f 1484/455 1486/457 1485/454
f 1487/456 1488/455 1489/454
f 1488/455 1490/457 1489/454
f 1491/456 1492/455 1493/454
f 1492/455 1494/457 1493/454
f 1495/456 1496/455 1497/454
f 1496/455 1498/457 1497/454
f 1499/456 1500/455 1501/454
f 1500/455 1502/457 1501/454
f 1503/456 1504/455 1505/454
f 1504/455 1506/457 1505/454
f 1507/456 1508/455 1509/454
f 1508/455 1510/457 1509/454
f 1511/456 1512/455 1513/454
f 1512/455 1514/457 1513/454
f 1515/456 1516/455 1517/454
f 1516/455 1518/457 1517/454
f 1519/456 1520/455 1521/454
f 1520/455 1522/457 1521/454
f 1523/456 1524/455 1525/454
f 1524/455 1526/457 1525/454
f 1527/456 1528/455 1529/454
f 1528/455 1530/457 1529/454
f 1531/456 1532/455 1533/454
f 1532/455 1534/457 1533/454
f 1535/456 1536/455 1537/454
f 1536/455 1538/457 1537/454
f 1477/460 1514/459 1475/458
f 1514/459 1512/461 1475/458
f 1476/460 1511/459 1478/458
f 1511/459 1513/461 1478/458
f 1481/460 1522/459 1479/458
f 1522/459 1520/461 1479/458
f 1480/460 1519/459 1482/458
f 1519/459 1521/461 1482/458
f 1485/460 1530/459 1483/458
f 1530/459 1528/461 1483/458
f 1484/460 1527/459 1486/458
f 1527/459 1529/461 1486/458
f 1489/460 1538/459 1487/458
f 1538/459 1536/461 1487/458
f 1488/460 1535/459 1490/458
f 1535/459 1537/461 1490/458
f 1493/460 1510/459 1491/458
f 1510/459 1508/461 1491/458
f 1492/460 1507/459 1494/458
f 1507/459 1509/461 1494/458
f 1497/460 1518/459 1495/458
f 1518/459 1516/461 1495/458
f 1496/460 1515/459 1498/458
f 1515/459 1517/461 1498/458
f 1501/460 1526/459 1499/458
f 1526/459 1524/461 1499/458
f 1500/460 1523/459 1502/458
f 1523/459 1525/461 1502/458
f 1505/460 1534/459 1503/458
f 1534/459 1532/461 1503/458
f 1504/460 1531/459 1506/458
f 1531/459 1533/461 1506/458
f 1475/458 1512/463 1476/462
f 1512/463 1511/464 1476/462
f 1479/458 1520/463 1480/462
f 1520/463 1519/464 1480/462
f 1483/458 1528/463 1484/462
f 1528/463 1527/464 1484/462
f 1487/458 1536/463 1488/462
f 1536/463 1535/464 1488/462
f 1478/458 1513/463 1477/462
f 1513/463 1514/464 1477/462
f 1482/458 1521/463 1481/462
f 1521/463 1522/464 1481/462
f 1486/458 1529/463 1485/462
f 1529/463 1530/464 1485/462
f 1490/458 1537/463 1489/462
f 1537/463 1538/464 1489/462
f 1491/458 1508/463 1492/462
f 1508/463 1507/464 1492/462
f 1495/458 1516/463 1496/462
f 1516/463 1515/464 1496/462
f 1499/458 1524/463 1500/462
f 1524/463 1523/464 1500/462
f 1503/458 1532/463 1504/462
f 1532/463 1531/464 1504/462
f 1494/458 1509/463 1493/462
f 1509/463 1510/464 1493/462
f 1498/458 1517/463 1497/462
f 1517/463 1518/464 1497/462
f 1502/458 1525/463 1501/462
f 1525/463 1526/464 1501/462
f 1506/458 1533/463 1505/462
f 1533/463 1534/464 1505/462
f 1539/456 1540/455 1541/454
f 1540/455 1542/457 1541/454
f 1543/456 1544/455 1545/454
f 1544/455 1546/457 1545/454
f 1547/456 1548/455 1549/454
f 1548/455 1550/457 1549/454
f 1551/456 1552/455 1553/454
f 1552/455 1554/457 1553/454
f 1555/456 1556/455 1557/454
f 1556/455 1558/457 1557/454
f 1559/456 1560/455 1561/454
f 1560/455 1562/457 1561/454
f 1563/456 1564/455 1565/454
f 1564/455 1566/457 1565/454
f 1567/456 1568/455 1569/454
f 1568/455 1570/457 1569/454
f 1571/456 1572/455 1573/454
f 1572/455 1574/457 1573/454
f 1575/456 1576/455 1577/454
f 1576/455 1578/457 1577/454
f 1579/456 1580/455 1581/454
f 1580/455 1582/457 1581/454
f 1583/456 1584/455 1585/454
f 1584/455 1586/457 1585/454
f 1587/456 1588/455 1589/454
f 1588/455 1590/457 1589/454
f 1591/456 1592/455 1593/454
f 1592/455 1594/457 1593/454
f 1595/456 1596/455 1597/454
f 1596/455 1598/457 1597/454
f 1599/456 1600/455 1601/454
f 1600/455 1602/457 1601/454
f 1541/460 1578/459 1539/458
f 1578/459 1576/461 1539/458
f 1540/460 1575/459 1542/458
f 1575/459 1577/461 1542/458
f 1545/460 1586/459 1543/458
f 1586/459 1584/461 1543/458
f 1544/460 1583/459 1546/458
f 1583/459 1585/461 1546/458
f 1549/460 1594/459 1547/458
f 1594/459 1592/461 1547/458
f 1548/460 1591/459 1550/458
f 1591/459 1593/461 1550/458
f 1553/460 1602/459 1551/458
f 1602/459 1600/461 1551/458
f 1552/460 1599/459 1554/458
f 1599/459 1601/461 1554/458
f 1557/460 1574/459 1555/458
f 1574/459 1572/461 1555/458
f 1556/460 1571/459 1558/458
f 1571/459 1573/461 1558/458
f 1561/460 1582/459 1559/458
f 1582/459 1580/461 1559/458
f 1560/460 1579/459 1562/458
f 1579/459 1581/461 1562/458
f 1565/460 1590/459 1563/458
f 1590/459 1588/461 1563/458
f 1564/460 1587/459 1566/458
f 1587/459 1589/461 1566/458
f 1569/460 1598/459 1567/458
f 1598/459 1596/461 1567/458
f 1568/460 1595/459 1570/458
f 1595/459 1597/461 1570/458
f 1539/458 1576/463 1540/462
f 1576/463 1575/464 1540/462
f 1543/458 1584/463 1544/462
f 1584/463 1583/464 1544/462
f 1547/458 1592/463 1548/462
f 1592/463 1591/464 1548/462
f 1551/458 1600/463 1552/462
f 1600/463 1599/464 1552/462
f 1542/458 1577/463 1541/462
f 1577/463 1578/464 1541/462
f 1546/458 1585/463 1545/462
f 1585/463 1586/464 1545/462
f 1550/458 1593/463 1549/462
f 1593/463 1594/464 1549/462
f 1554/458 1601/463 1553/462
f 1601/463 1602/464 1553/462
f 1555/458 1572/463 1556/462
f 1572/463 1571/464 1556/462
f 1559/458 1580/463 1560/462
f 1580/463 1579/464 1560/462
f 1563/458 1588/463 1564/462
f 1588/463 1587/464 1564/462
f 1567/458 1596/463 1568/462
f 1596/463 1595/464 1568/462
f 1558/458 1573/463 1557/462
f 1573/463 1574/464 1557/462
f 1562/458 1581/463 1561/462
f 1581/463 1582/464 1561/462
f 1566/458 1589/463 1565/462
f 1589/463 1590/464 1565/462
f 1570/458 1597/463 1569/462
f 1597/463 1598/464 1569/462
f 1603/456 1604/455 1605/454
f 1604/455 1606/457 1605/454
f 1607/456 1608/455 1609/454
f 1608/455 1610/457 1609/454
f 1611/456 1612/455 1613/454
f 1612/455 1614/457 1613/454
f 1615/456 1616/455 1617/454
f 1616/455 1618/457 1617/454
f 1619/456 1620/455 1621/454
f 1620/455 1622/457 1621/454
f 1623/456 1624/455 1625/454
f 1624/455 1626/457 1625/454
f 1627/456 1628/455 1629/454
f 1628/455 1630/457 1629/454
f 1631/456 1632/455 1633/454
f 1632/455 1634/457 1633/454
f 1635/456 1636/455 1637/454
f 1636/455 1638/457 1637/454
f 1639/456 1640/455 1641/454
f 1640/455 1642/457 1641/454
f 1643/456 1644/455 1645/454
f 1644/455 1646/457 1645/454
f 1647/456 1648/455 1649/454
f 1648/455 1650/457 1649/454
f 1651/456 1652/455 1653/454
f 1652/455 1654/457 1653/454
f 1655/456 1656/455 1657/454
f 1656/455 1658/457 1657/454
f 1659/456 1660/455 1661/454
f 1660/455 1662/457 1661/454
f 1663/456 1664/455 1665/454
f 1664/455 1666/457 1665/454
f 1636/460 1607/459 1638/458
f 1607/459 1609/461 1638/458
f 1637/460 1610/459 1635/458
f 1610/459 1608/461 1635/458
f 1640/460 1615/459 1642/458
f 1615/459 1617/461 1642/458
f 1641/460 1618/459 1639/458
f 1618/459 1616/461 1639/458
f 1644/460 1623/459 1646/458
f 1623/459 1625/461 1646/458
f 1645/460 1626/459 1643/458
f 1626/459 1624/461 1643/458
f 1648/460 1631/459 1650/458
f 1631/459 1633/461 1650/458
f 1649/460 1634/459 1647/458
f 1634/459 1632/461 1647/458
f 1652/460 1603/459 1654/458
f 1603/459 1605/461 1654/458
f 1653/460 1606/459 1651/458
f 1606/459 1604/461 1651/458
f 1656/460 1611/459 1658/458
f 1611/459 1613/461 1658/458
f 1657/460 1614/459 1655/458
f 1614/459 1612/461 1655/458
f 1660/460 1619/459 1662/458
f 1619/459 1621/461 1662/458
f 1661/460 1622/459 1659/458
f 1622/459 1620/461 1659/458
f 1664/460 1627/459 1666/458
f 1627/459 1629/461 1666/458
f 1665/460 1630/459 1663/458
f 1630/459 1628/461 1663/458
f 1635/458 1608/463 1636/462
f 1608/463 1607/464 1636/462
f 1639/458 1616/463 1640/462
f 1616/463 1615/464 1640/462
f 1643/458 1624/463 1644/462
f 1624/463 1623/464 1644/462
f 1647/458 1632/463 1648/462
f 1632/463 1631/464 1648/462
f 1638/458 1609/463 1637/462
f 1609/463 1610/464 1637/462
f 1642/458 1617/463 1641/462
f 1617/463 1618/464 1641/462
f 1646/458 1625/463 1645/462
f 1625/463 1626/464 1645/462
f 1650/458 1633/463 1649/462
f 1633/463 1634/464 1649/462
f 1651/458 1604/463 1652/462
f 1604/463 1603/464 1652/462
f 1655/458 1612/463 1656/462
f 1612/463 1611/464 1656/462
f 1659/458 1620/463 1660/462
f 1620/463 1619/464 1660/462
f 1663/458 1628/463 1664/462
f 1628/463 1627/464 1664/462
f 1654/458 1605/463 1653/462
f 1605/463 1606/464 1653/462
f 1658/458 1613/463 1657/462
f 1613/463 1614/464 1657/462
f 1662/458 1621/463 1661/462
f 1621/463 1622/464 1661/462
f 1666/458 1629/463 1665/462
f 1629/463 1630/464 1665/462
f 1667/456 1668/455 1669/454
f 1668/455 1670/457 1669/454
f 1671/456 1672/455 1673/454
f 1672/455 1674/457 1673/454
f 1675/456 1676/455 1677/454
f 1676/455 1678/457 1677/454
f 1679/456 1680/455 1681/454
f 1680/455 1682/457 1681/454
f 1683/456 1684/455 1685/454
f 1684/455 1686/457 1685/454
f 1687/456 1688/455 1689/454
f 1688/455 1690/457 1689/454
f 1691/456 1692/455 1693/454
f 1692/455 1694/457 1693/454
f 1695/456 1696/455 1697/454
f 1696/455 1698/457 1697/454
f 1699/456 1700/455 1701/454
f 1700/455 1702/457 1701/454
f 1703/456 1704/455 1705/454
f 1704/455 1706/457 1705/454
f 1707/456 1708/455 1709/454
f 1708/455 1710/457 1709/454
f 1711/456 1712/455 1713/454
f 1712/455 1714/457 1713/454
f 1715/456 1716/455 1717/454
f 1716/455 1718/457 1717/454
f 1719/456 1720/455 1721/454
f 1720/455 1722/457 1721/454
f 1723/456 1724/455 1725/454
f 1724/455 1726/457 1725/454
f 1727/456 1728/455 1729/454
f 1728/455 1730/457 1729/454
f 1700/460 1671/459 1702/458
f 1671/459 1673/461 1702/458
f 1701/460 1674/459 1699/458
f 1674/459 1672/461 1699/458
f 1704/460 1679/459 1706/458
f 1679/459 1681/461 1706/458
f 1705/460 1682/459 1703/458
f 1682/459 1680/461 1703/458
f 1708/460 1687/459 1710/458
f 1687/459 1689/461 1710/458
f 1709/460 1690/459 1707/458
f 1690/459 1688/461 1707/458
f 1712/460 1695/459 1714/458
f 1695/459 1697/461 1714/458
f 1713/460 1698/459 1711/458
f 1698/459 1696/461 1711/458
f 1716/460 1667/459 1718/458
f 1667/459 1669/461 1718/458
f 1717/460 1670/459 1715/458
f 1670/459 1668/461 1715/458
f 1720/460 1675/459 1722/458
f 1675/459 1677/461 1722/458
f 1721/460 1678/459 1719/458
f 1678/459 1676/461 1719/458
f 1724/460 1683/459 1726/458
f 1683/459 1685/461 1726/458
f 1725/460 1686/459 1723/458
f 1686/459 1684/461 1723/458
f 1728/460 1691/459 1730/458
f 1691/459 1693/461 1730/458
f 1729/460 1694/459 1727/458
f 1694/459 1692/461 1727/458
f 1699/458 1672/463 1700/462
f 1672/463 1671/464 1700/462
f 1703/458 1680/463 1704/462
f 1680/463 1679/464 1704/462
f 1707/458 1688/463 1708/462
f 1688/463 1687/464 1708/462
f 1711/458 1696/463 1712/462
f 1696/463 1695/464 1712/462
f 1702/458 1673/463 1701/462
f 1673/463 1674/464 1701/462
f 1706/458 1681/463 1705/462
f 1681/463 1682/464 1705/462
f 1710/458 1689/463 1709/462
f 1689/463 1690/464 1709/462
f 1714/458 1697/463 1713/462
f 1697/463 1698/464 1713/462
f 1715/458 1668/463 1716/462
f 1668/463 1667/464 1716/462
f 1719/458 1676/463 1720/462
f 1676/463 1675/464 1720/462
f 1723/458 1684/463 1724/462
f 1684/463 1683/464 1724/462
f 1727/458 1692/463 1728/462
f 1692/463 1691/464 1728/462
f 1718/458 1669/463 1717/462
f 1669/463 1670/464 1717/462
f 1722/458 1677/463 1721/462
f 1677/463 1678/464 1721/462
f 1726/458 1685/463 1725/462
f 1685/463 1686/464 1725/462
f 1730/458 1693/463 1729/462
f 1693/463 1694/464 1729/462
f 1731/467 1732/466 1733/465
f 1734/468 1733/465 1732/466
f 1735/470 1731/467 1736/469
f 1733/465 1736/469 1731/467
f 1737/472 1735/470 1738/471
f 1736/469 1738/471 1735/470
f 1739/474 1737/472 1740/473
f 1738/471 1740/473 1737/472
f 1741/476 1739/474 1742/475
f 1740/473 1742/475 1739/474
f 1732/468 1743/465 1734/466
f 1744/467 1734/466 1743/465
f 1743/465 1745/469 1744/467
f 1746/470 1744/467 1745/469
f 1747/471 1748/472 1745/469
f 1748/472 1746/470 1745/469
f 1747/471 1749/473 1748/472
f 1750/474 1748/472 1749/473
f 1749/473 1741/475 1750/474
f 1742/476 1750/474 1741/475
f 1751/479 1752/478 1753/477
f 1752/478 1754/480 1753/477
f 1755/479 1756/478 1757/477
f 1756/478 1758/480 1757/477
f 1754/480 1752/478 1759/481
f 1752/478 1760/482 1759/481
f 1758/480 1756/478 1761/481
f 1756/478 1762/482 1761/481
f 1763/467 1764/466 1765/465
f 1766/468 1765/465 1764/466
f 1767/470 1763/467 1768/469
f 1765/465 1768/469 1763/467
f 1769/472 1767/470 1770/471
f 1768/469 1770/471 1767/470
f 1771/474 1769/472 1772/473
f 1770/471 1772/473 1769/472
f 1773/476 1771/474 1774/475
f 1772/473 1774/475 1771/474
f 1764/468 1775/465 1766/466
f 1776/467 1766/466 1775/465
f 1775/465 1777/469 1776/467
f 1778/470 1776/467 1777/469
f 1779/471 1780/472 1777/469
f 1780/472 1778/470 1777/469
f 1779/471 1781/473 1780/472
f 1782/474 1780/472 1781/473
f 1781/473 1773/475 1782/474
f 1774/476 1782/474 1773/475
f 1783/479 1784/478 1785/477
f 1784/478 1786/480 1785/477
f 1787/479 1788/478 1789/477
f 1788/478 1790/480 1789/477
f 1786/480 1784/478 1791/481
f 1784/478 1792/482 1791/481
f 1790/480 1788/478 1793/481
f 1788/478 1794/482 1793/481
usemtl texture7
f 1129/485 1130/484 1124/483
f 1130/484 1126/486 1124/483
f 1129/485 1124/483 1127/487
f 1124/483 1123/488 1127/487
f 1127/487 1123/488 1132/489
f 1123/488 1134/490 1132/489
f 1126/486 1130/484 1125/491
f 1130/484 1128/492 1125/491
f 1134/495 1133/494 1132/493
f 1133/494 1131/496 1132/493
f 1125/491 1128/492 1133/497
f 1128/492 1131/498 1133/497
f 1141/485 1142/484 1136/483
f 1142/484 1138/486 1136/483
f 1141/485 1136/483 1139/487
f 1136/483 1135/488 1139/487
f 1139/487 1135/488 1144/489
f 1135/488 1146/490 1144/489
f 1138/486 1142/484 1137/491
f 1142/484 1140/492 1137/491
f 1146/495 1145/494 1144/493
f 1145/494 1143/496 1144/493
f 1137/491 1140/492 1145/497
f 1140/492 1143/498 1145/497
f 1147/491 1151/492 1148/497
f 1151/492 1153/498 1148/497
f 1150/495 1148/494 1154/493
f 1148/494 1153/496 1154/493
f 1158/486 1156/484 1147/491
f 1156/484 1151/492 1147/491
f 1152/487 1149/488 1154/489
f 1149/488 1150/490 1154/489
f 1155/485 1157/483 1152/487
f 1157/483 1149/488 1152/487
f 1155/485 1156/484 1157/483
f 1156/484 1158/486 1157/483
f 1159/491 1163/492 1160/497
f 1163/492 1165/498 1160/497
f 1162/495 1160/494 1166/493
f 1160/494 1165/496 1166/493
f 1170/486 1168/484 1159/491
f 1168/484 1163/492 1159/491
f 1164/487 1161/488 1166/489
f 1161/488 1162/490 1166/489
f 1167/485 1169/483 1164/487
f 1169/483 1161/488 1164/487
f 1167/485 1168/484 1169/483
f 1168/484 1170/486 1169/483
f 1177/485 1178/484 1172/483
f 1178/484 1174/486 1172/483
f 1177/485 1172/483 1175/487
f 1172/483 1171/488 1175/487
f 1175/487 1171/488 1180/489
f 1171/488 1182/490 1180/489
f 1174/486 1178/484 1173/491
f 1178/484 1176/492 1173/491
f 1182/495 1181/494 1180/493
f 1181/494 1179/496 1180/493
f 1173/491 1176/492 1181/497
f 1176/492 1179/498 1181/497
f 1189/485 1190/484 1184/483
f 1190/484 1186/486 1184/483
f 1189/485 1184/483 1187/487
f 1184/483 1183/488 1187/487
f 1187/487 1183/488 1192/489
f 1183/488 1194/490 1192/489
f 1186/486 1190/484 1185/491
f 1190/484 1188/492 1185/491
f 1194/495 1193/494 1192/493
f 1193/494 1191/496 1192/493
f 1185/491 1188/492 1193/497
f 1188/492 1191/498 1193/497
f 1195/491 1199/492 1196/497
f 1199/492 1201/498 1196/497
f 1198/495 1196/494 1202/493
f 1196/494 1201/496 1202/493
f 1206/486 1204/484 1195/491
f 1204/484 1199/492 1195/491
f 1200/487 1197/488 1202/489
f 1197/488 1198/490 1202/489
f 1203/485 1205/483 1200/487
f 1205/483 1197/488 1200/487
f 1203/485 1204/484 1205/483
f 1204/484 1206/486 1205/483
f 1207/491 1211/492 1208/497
f 1211/492 1213/498 1208/497
f 1210/495 1208/494 1214/493
f 1208/494 1213/496 1214/493
f 1218/486 1216/484 1207/491
f 1216/484 1211/492 1207/491
f 1212/487 1209/488 1214/489
f 1209/488 1210/490 1214/489
f 1215/485 1217/483 1212/487
f 1217/483 1209/488 1212/487
f 1215/485 1216/484 1217/483
f 1216/484 1218/486 1217/483
usemtl texture8
f 785/501 796/500 786/499
f 796/500 1001/502 786/499
f 786/499 1001/502 789/503
f 1001/502 1002/504 789/503
f 789/503 1002/504 791/505
f 1002/504 1003/506 791/505
f 791/505 1003/506 793/507
f 1003/506 797/508 793/507
f 807/505 1004/506 799/507
f 1004/506 800/508 799/507
f 809/503 1005/504 807/505
f 1005/504 1004/506 807/505
f 811/499 1006/502 809/503
f 1006/502 1005/504 809/503
f 805/501 806/500 811/499
f 806/500 1006/502 811/499
f 1795/510 1796/250 1797/509
f 1796/250 1798/511 1797/509
f 1795/510 1797/509 1799/252
f 1797/509 1800/512 1799/252
f 1797/509 1798/511 1801/513
f 1798/511 1802/514 1801/513
f 1797/509 1801/513 1800/512
f 1801/513 1803/515 1800/512
f 1801/513 1804/516 1803/515
f 1805/517 1803/515 1804/516
f 1801/513 1802/514 1804/516
f 1802/514 1806/518 1804/516
f 1804/516 1807/519 1805/517
f 1807/519 1808/520 1805/517
f 1807/519 1804/516 1809/521
f 1806/518 1809/521 1804/516
f 1807/519 1810/522 1808/520
f 1810/522 1811/46 1808/520
f 1807/519 1809/521 1810/522
f 1809/521 1812/47 1810/522
f 1813/509 1814/511 1795/510
f 1814/511 1796/250 1795/510
f 1813/509 1795/510 1815/512
f 1795/510 1799/252 1815/512
f 1816/513 1817/514 1813/509
f 1817/514 1814/511 1813/509
f 1816/513 1813/509 1818/515
f 1813/509 1815/512 1818/515
f 1819/516 1820/518 1816/513
f 1820/518 1817/514 1816/513
f 1819/516 1816/513 1821/517
f 1816/513 1818/515 1821/517
f 1822/519 1819/516 1823/520
f 1819/516 1821/517 1823/520
f 1822/519 1824/521 1819/516
f 1824/521 1820/518 1819/516
f 1810/522 1822/519 1811/46
f 1822/519 1823/520 1811/46
f 1810/522 1812/47 1822/519
f 1812/47 1824/521 1822/519
f 1825/510 1826/250 1827/509
f 1826/250 1828/511 1827/509
f 1825/510 1827/509 1829/252
f 1827/509 1830/512 1829/252
f 1827/509 1828/511 1831/513
f 1828/511 1832/514 1831/513
f 1827/509 1831/513 1830/512
f 1831/513 1833/515 1830/512
f 1831/513 1834/516 1833/515
f 1835/517 1833/515 1834/516
f 1831/513 1832/514 1834/516
f 1832/514 1836/518 1834/516
f 1834/516 1837/519 1835/517
f 1837/519 1838/520 1835/517
f 1837/519 1834/516 1839/521
f 1836/518 1839/521 1834/516
f 1837/519 1840/522 1838/520
f 1840/522 1841/46 1838/520
f 1837/519 1839/521 1840/522
f 1839/521 1842/47 1840/522
f 1843/509 1844/511 1825/510
f 1844/511 1826/250 1825/510
f 1843/509 1825/510 1845/512
f 1825/510 1829/252 1845/512
f 1846/513 1847/514 1843/509
f 1847/514 1844/511 1843/509
f 1846/513 1843/509 1848/515
f 1843/509 1845/512 1848/515
f 1849/516 1846/513 1850/517
f 1846/513 1848/515 1850/517
f 1849/516 1851/518 1846/513
f 1851/518 1847/514 1846/513
f 1852/519 1849/516 1853/520
f 1849/516 1850/517 1853/520
f 1852/519 1854/521 1849/516
f 1854/521 1851/518 1849/516
f 1840/522 1852/519 1841/46
f 1852/519 1853/520 1841/46
f 1840/522 1842/47 1852/519
f 1842/47 1854/521 1852/519
usemtl texture9
f 1855/525 1856/524 1857/523
f 1856/524 1858/526 1857/523
f 1859/529 1860/528 1861/527
f 1860/528 1862/530 1861/527
f 1863/532 1864/531 1856/524
f 1856/524 1864/531 1858/526
f 1859/529 1861/527 1863/532
f 1863/532 1861/527 1864/531
f 1865/532 1866/529 1867/531
f 1866/529 1868/527 1867/531
f 1869/524 1865/532 1870/526
f 1865/532 1867/531 1870/526
f 1866/529 1855/528 1868/527
f 1855/528 1857/530 1868/527
f 1860/525 1869/524 1862/523
f 1869/524 1870/526 1862/523
f 1871/535 1872/534 1873/533
f 1872/534 1874/536 1873/533
f 1875/538 1876/537 1871/535
f 1876/537 1872/534 1871/535
f 1873/533 1874/536 1877/539
f 1874/536 1878/540 1877/539
f 1875/538 1879/541 1876/537
f 1880/542 1876/537 1879/541
f 1881/538 1877/541 1882/537
f 1878/542 1882/537 1877/541
f 1879/539 1883/533 1880/540
f 1884/536 1880/540 1883/533
f 1885/535 1881/538 1886/534
f 1882/537 1886/534 1881/538
f 1883/533 1885/535 1884/536
f 1886/534 1884/536 1885/535
f 1887/525 1888/524 1889/523
f 1888/524 1890/526 1889/523
f 1891/529 1892/528 1893/527
f 1892/528 1894/530 1893/527
f 1895/532 1896/531 1888/524
f 1888/524 1896/531 1890/526
f 1891/529 1893/527 1895/532
f 1895/532 1893/527 1896/531
f 1897/532 1898/529 1899/531
f 1898/529 1900/527 1899/531
f 1901/524 1897/532 1902/526
f 1897/532 1899/531 1902/526
f 1898/529 1887/528 1900/527
f 1887/528 1889/530 1900/527
f 1892/525 1901/524 1894/523
f 1901/524 1902/526 1894/523
f 1903/535 1904/534 1905/533
f 1904/534 1906/536 1905/533
f 1907/538 1908/537 1903/535
f 1908/537 1904/534 1903/535
f 1905/533 1906/536 1909/539
f 1906/536 1910/540 1909/539
f 1907/538 1911/541 1908/537
f 1912/542 1908/537 1911/541
f 1913/538 1909/541 1914/537
f 1910/542 1914/537 1909/541
f 1911/539 1915/533 1912/540
f 1916/536 1912/540 1915/533
f 1917/535 1913/538 1918/534
f 1914/537 1918/534 1913/538
f 1915/533 1917/535 1916/536
f 1918/534 1916/536 1917/535
f 1919/545 1920/544 1921/543
f 1920/544 1922/546 1921/543
f 1920/544 1923/547 1922/546
f 1923/547 1924/548 1922/546
f 1925/551 1926/550 1921/549
f 1926/550 1919/552 1921/549
f 1923/547 1927/553 1924/548
f 1927/553 1928/554 1924/548
f 1929/556 1926/550 1930/555
f 1926/550 1925/551 1930/555
f 1928/554 1927/553 1931/557
f 1927/553 1932/558 1931/557
f 1933/547 1929/556 1934/548
f 1929/556 1930/555 1934/548
f 1932/560 1933/547 1931/559
f 1933/547 1934/548 1931/559
f 1935/545 1936/544 1937/543
f 1936/544 1938/546 1937/543
f 1936/544 1939/547 1938/546
f 1939/547 1940/548 1938/546
f 1941/551 1942/550 1937/549
f 1942/550 1935/552 1937/549
f 1939/547 1943/553 1940/548
f 1943/553 1944/554 1940/548
f 1945/556 1942/550 1946/555
f 1942/550 1941/551 1946/555
f 1944/554 1943/553 1947/557
f 1943/553 1948/558 1947/557
f 1949/547 1945/556 1950/548
f 1945/556 1946/555 1950/548
f 1948/560 1949/547 1947/559
f 1949/547 1950/548 1947/559
f 1951/545 1952/544 1953/543
f 1952/544 1954/546 1953/543
f 1952/544 1955/547 1954/546
f 1955/547 1956/548 1954/546
f 1957/551 1958/550 1953/549
f 1958/550 1951/552 1953/549
f 1955/547 1959/553 1956/548
f 1959/553 1960/554 1956/548
f 1961/556 1958/550 1962/555
f 1958/550 1957/551 1962/555
f 1960/554 1959/553 1963/557
f 1959/553 1964/558 1963/557
f 1965/547 1961/556 1966/548
f 1961/556 1962/555 1966/548
f 1964/560 1965/547 1963/559
f 1965/547 1966/548 1963/559
f 1967/560 1968/547 1969/559
f 1968/547 1970/548 1969/559
f 1968/547 1971/556 1970/548
f 1971/556 1972/555 1970/548
f 1973/554 1974/553 1969/557
f 1974/553 1967/558 1969/557
f 1971/556 1975/550 1972/555
f 1975/550 1976/551 1972/555
f 1977/547 1974/553 1978/548
f 1974/553 1973/554 1978/548
f 1976/551 1975/550 1979/549
f 1975/550 1980/552 1979/549
f 1981/544 1977/547 1982/546
f 1977/547 1978/548 1982/546
f 1980/545 1981/544 1979/543
f 1981/544 1982/546 1979/543
f 1983/560 1984/547 1985/559
f 1984/547 1986/548 1985/559
f 1984/547 1987/556 1986/548
f 1987/556 1988/555 1986/548
f 1989/554 1990/553 1985/557
f 1990/553 1983/558 1985/557
f 1987/556 1991/550 1988/555
f 1991/550 1992/551 1988/555
f 1993/547 1990/553 1994/548
f 1990/553 1989/554 1994/548
f 1992/551 1991/550 1995/549
f 1991/550 1996/552 1995/549
f 1997/544 1993/547 1998/546
f 1993/547 1994/548 1998/546
f 1996/545 1997/544 1995/543
f 1997/544 1998/546 1995/543
f 1999/560 2000/547 2001/559
f 2000/547 2002/548 2001/559
f 2000/547 2003/556 2002/548
f 2003/556 2004/555 2002/548
f 2005/554 2006/553 2001/557
f 2006/553 1999/558 2001/557
f 2003/556 2007/550 2004/555
f 2007/550 2008/551 2004/555
f 2009/547 2006/553 2010/548
f 2006/553 2005/554 2010/548
f 2008/551 2007/550 2011/549
f 2007/550 2012/552 2011/549
f 2013/544 2009/547 2014/546
f 2009/547 2010/548 2014/546
f 2012/545 2013/544 2011/543
f 2013/544 2014/546 2011/543
f 2015/545 2016/544 2017/543
f 2016/544 2018/546 2017/543
f 2016/544 2019/547 2018/546
f 2019/547 2020/548 2018/546
f 2021/551 2022/550 2017/549
f 2022/550 2015/552 2017/549
f 2019/547 2023/553 2020/548
f 2023/553 2024/554 2020/548
f 2024/554 2023/553 2025/557
f 2023/553 2026/558 2025/557
f 2027/556 2022/550 2028/555
f 2022/550 2021/551 2028/555
f 2026/560 2029/547 2025/559
f 2029/547 2030/548 2025/559
f 2029/547 2027/556 2030/548
f 2027/556 2028/555 2030/548
f 2031/545 2032/544 2033/543
f 2032/544 2034/546 2033/543
f 2032/544 2035/547 2034/546
f 2035/547 2036/548 2034/546
f 2037/551 2038/550 2033/549
f 2038/550 2031/552 2033/549
f 2035/547 2039/553 2036/548
f 2039/553 2040/554 2036/548
f 2041/556 2038/550 2042/555
f 2038/550 2037/551 2042/555
f 2040/554 2039/553 2043/557
f 2039/553 2044/558 2043/557
f 2045/547 2041/556 2046/548
f 2041/556 2042/555 2046/548
f 2044/560 2045/547 2043/559
f 2045/547 2046/548 2043/559
f 2047/545 2048/544 2049/543
f 2048/544 2050/546 2049/543
f 2048/544 2051/547 2050/546
f 2051/547 2052/548 2050/546
f 2053/551 2054/550 2049/549
f 2054/550 2047/552 2049/549
f 2051/547 2055/553 2052/548
f 2055/553 2056/554 2052/548
f 2056/554 2055/553 2057/557
f 2055/553 2058/558 2057/557
f 2059/556 2054/550 2060/555
f 2054/550 2053/551 2060/555
f 2058/560 2061/547 2057/559
f 2061/547 2062/548 2057/559
f 2061/547 2059/556 2062/548
f 2059/556 2060/555 2062/548
f 2063/547 2064/556 2065/548
f 2064/556 2066/555 2065/548
f 2067/560 2063/547 2068/559
f 2063/547 2065/548 2068/559
f 2064/556 2069/550 2066/555
f 2069/550 2070/551 2066/555
f 2071/554 2072/553 2068/557
f 2072/553 2067/558 2068/557
f 2073/547 2072/553 2074/548
f 2072/553 2071/554 2074/548
f 2070/551 2069/550 2075/549
f 2069/550 2076/552 2075/549
f 2077/544 2073/547 2078/546
f 2073/547 2074/548 2078/546
f 2076/545 2077/544 2075/543
f 2077/544 2078/546 2075/543
f 2079/560 2080/547 2081/559
f 2080/547 2082/548 2081/559
f 2080/547 2083/556 2082/548
f 2083/556 2084/555 2082/548
f 2085/554 2086/553 2081/557
f 2086/553 2079/558 2081/557
f 2083/556 2087/550 2084/555
f 2087/550 2088/551 2084/555
f 2089/547 2086/553 2090/548
f 2086/553 2085/554 2090/548
f 2088/551 2087/550 2091/549
f 2087/550 2092/552 2091/549
f 2093/544 2089/547 2094/546
f 2089/547 2090/548 2094/546
f 2092/545 2093/544 2091/543
f 2093/544 2094/546 2091/543
f 2095/547 2096/556 2097/548
f 2096/556 2098/555 2097/548
f 2099/560 2095/547 2100/559
f 2095/547 2097/548 2100/559
f 2096/556 2101/550 2098/555
f 2101/550 2102/551 2098/555
f 2103/554 2104/553 2100/557
f 2104/553 2099/558 2100/557
f 2105/547 2104/553 2106/548
f 2104/553 2103/554 2106/548
f 2102/551 2101/550 2107/549
f 2101/550 2108/552 2107/549
f 2109/544 2105/547 2110/546
f 2105/547 2106/548 2110/546
f 2108/545 2109/544 2107/543
f 2109/544 2110/546 2107/543
f 2111/545 2112/544 2113/543
f 2112/544 2114/546 2113/543
f 2112/544 2115/547 2114/546
f 2115/547 2116/548 2114/546
f 2117/551 2118/550 2113/549
f 2118/550 2111/552 2113/549
f 2115/547 2119/553 2116/548
f 2119/553 2120/554 2116/548
f 2121/556 2118/550 2122/555
f 2118/550 2117/551 2122/555
f 2120/554 2119/553 2123/557
f 2119/553 2124/558 2123/557
f 2125/547 2121/556 2126/548
f 2121/556 2122/555 2126/548
f 2124/560 2125/547 2123/559
f 2125/547 2126/548 2123/559
f 2127/545 2128/544 2129/543
f 2128/544 2130/546 2129/543
f 2128/544 2131/547 2130/546
f 2131/547 2132/548 2130/546
f 2133/551 2134/550 2129/549
f 2134/550 2127/552 2129/549
f 2131/547 2135/553 2132/548
f 2135/553 2136/554 2132/548
f 2137/556 2134/550 2138/555
f 2134/550 2133/551 2138/555
f 2136/554 2135/553 2139/557
f 2135/553 2140/558 2139/557
f 2141/547 2137/556 2142/548
f 2137/556 2138/555 2142/548
f 2140/560 2141/547 2139/559
f 2141/547 2142/548 2139/559
f 2143/545 2144/544 2145/543
f 2144/544 2146/546 2145/543
f 2144/544 2147/547 2146/546
f 2147/547 2148/548 2146/546
f 2149/551 2150/550 2145/549
f 2150/550 2143/552 2145/549
f 2147/547 2151/553 2148/548
f 2151/553 2152/554 2148/548
f 2153/556 2150/550 2154/555
f 2150/550 2149/551 2154/555
f 2152/554 2151/553 2155/557
f 2151/553 2156/558 2155/557
f 2157/547 2153/556 2158/548
f 2153/556 2154/555 2158/548
f 2156/560 2157/547 2155/559
f 2157/547 2158/548 2155/559
f 2159/560 2160/547 2161/559
f 2160/547 2162/548 2161/559
f 2160/547 2163/556 2162/548
f 2163/556 2164/555 2162/548
f 2165/554 2166/553 2161/557
f 2166/553 2159/558 2161/557
f 2163/556 2167/550 2164/555
f 2167/550 2168/551 2164/555
f 2169/547 2166/553 2170/548
f 2166/553 2165/554 2170/548
f 2168/551 2167/550 2171/549
f 2167/550 2172/552 2171/549
f 2173/544 2169/547 2174/546
f 2169/547 2170/548 2174/546
f 2172/545 2173/544 2171/543
f 2173/544 2174/546 2171/543
f 2175/560 2176/547 2177/559
f 2176/547 2178/548 2177/559
f 2176/547 2179/556 2178/548
f 2179/556 2180/555 2178/548
f 2181/554 2182/553 2177/557
f 2182/553 2175/558 2177/557
f 2179/556 2183/550 2180/555
f 2183/550 2184/551 2180/555
f 2185/547 2182/553 2186/548
f 2182/553 2181/554 2186/548
f 2184/551 2183/550 2187/549
f 2183/550 2188/552 2187/549
f 2189/544 2185/547 2190/546
f 2185/547 2186/548 2190/546
f 2188/545 2189/544 2187/543
f 2189/544 2190/546 2187/543
f 2191/560 2192/547 2193/559
f 2192/547 2194/548 2193/559
f 2192/547 2195/556 2194/548
f 2195/556 2196/555 2194/548
f 2197/554 2198/553 2193/557
f 2198/553 2191/558 2193/557
f 2195/556 2199/550 2196/555
f 2199/550 2200/551 2196/555
f 2201/547 2198/553 2202/548
f 2198/553 2197/554 2202/548
f 2200/551 2199/550 2203/549
f 2199/550 2204/552 2203/549
f 2205/544 2201/547 2206/546
f 2201/547 2202/548 2206/546
f 2204/545 2205/544 2203/543
f 2205/544 2206/546 2203/543
f 2207/545 2208/544 2209/543
f 2208/544 2210/546 2209/543
f 2208/544 2211/547 2210/546
f 2211/547 2212/548 2210/546
f 2213/551 2214/550 2209/549
f 2214/550 2207/552 2209/549
f 2211/547 2215/553 2212/548
f 2215/553 2216/554 2212/548
f 2217/556 2214/550 2218/555
f 2214/550 2213/551 2218/555
f 2216/554 2215/553 2219/557
f 2215/553 2220/558 2219/557
f 2221/547 2217/556 2222/548
f 2217/556 2218/555 2222/548
f 2220/560 2221/547 2219/559
f 2221/547 2222/548 2219/559
f 2223/545 2224/544 2225/543
f 2224/544 2226/546 2225/543
f 2224/544 2227/547 2226/546
f 2227/547 2228/548 2226/546
f 2229/551 2230/550 2225/549
f 2230/550 2223/552 2225/549
f 2227/547 2231/553 2228/548
f 2231/553 2232/554 2228/548
f 2233/556 2230/550 2234/555
f 2230/550 2229/551 2234/555
f 2232/554 2231/553 2235/557
f 2231/553 2236/558 2235/557
f 2237/547 2233/556 2238/548
f 2233/556 2234/555 2238/548
f 2236/560 2237/547 2235/559
f 2237/547 2238/548 2235/559
f 2239/545 2240/544 2241/543
f 2240/544 2242/546 2241/543
f 2240/544 2243/547 2242/546
f 2243/547 2244/548 2242/546
f 2245/551 2246/550 2241/549
f 2246/550 2239/552 2241/549
f 2243/547 2247/553 2244/548
f 2247/553 2248/554 2244/548
f 2249/556 2246/550 2250/555
f 2246/550 2245/551 2250/555
f 2248/554 2247/553 2251/557
f 2247/553 2252/558 2251/557
f 2253/547 2249/556 2254/548
f 2249/556 2250/555 2254/548
f 2252/560 2253/547 2251/559
f 2253/547 2254/548 2251/559
f 2255/560 2256/547 2257/559
f 2256/547 2258/548 2257/559
f 2256/547 2259/556 2258/548
f 2259/556 2260/555 2258/548
f 2261/554 2262/553 2257/557
f 2262/553 2255/558 2257/557
f 2259/556 2263/550 2260/555
f 2263/550 2264/551 2260/555
f 2265/547 2262/553 2266/548
f 2262/553 2261/554 2266/548
f 2264/551 2263/550 2267/549
f 2263/550 2268/552 2267/549
f 2269/544 2265/547 2270/546
f 2265/547 2266/548 2270/546
f 2268/545 2269/544 2267/543
f 2269/544 2270/546 2267/543
f 2271/560 2272/547 2273/559
f 2272/547 2274/548 2273/559
f 2272/547 2275/556 2274/548
f 2275/556 2276/555 2274/548
f 2277/554 2278/553 2273/557
f 2278/553 2271/558 2273/557
f 2275/556 2279/550 2276/555
f 2279/550 2280/551 2276/555
f 2281/547 2278/553 2282/548
f 2278/553 2277/554 2282/548
f 2280/551 2279/550 2283/549
f 2279/550 2284/552 2283/549
f 2285/544 2281/547 2286/546
f 2281/547 2282/548 2286/546
f 2284/545 2285/544 2283/543
f 2285/544 2286/546 2283/543
f 2287/560 2288/547 2289/559
f 2288/547 2290/548 2289/559
f 2288/547 2291/556 2290/548
f 2291/556 2292/555 2290/548
f 2293/554 2294/553 2289/557
f 2294/553 2287/558 2289/557
f 2291/556 2295/550 2292/555
f 2295/550 2296/551 2292/555
f 2297/547 2294/553 2298/548
f 2294/553 2293/554 2298/548
f 2296/551 2295/550 2299/549
f 2295/550 2300/552 2299/549
f 2301/544 2297/547 2302/546
f 2297/547 2298/548 2302/546
f 2300/545 2301/544 2299/543
f 2301/544 2302/546 2299/543
usemtl texture10
f 1874/563 1872/562 2303/561
f 1872/562 1876/564 2303/561
f 1867/567 1868/566 2304/565
f 1870/568 1867/567 2304/565
f 1878/569 1874/563 2303/561
f 1876/564 1880/570 2303/561
f 1868/566 1857/571 2304/565
f 1862/572 1870/568 2304/565
f 1882/573 1878/569 2303/561
f 1880/570 1884/574 2303/561
f 1857/571 1858/575 2304/565
f 1861/576 1862/572 2304/565
f 1886/577 1882/573 2303/561
f 1884/574 1886/577 2303/561
f 1858/575 1864/578 2304/565
f 1864/578 1861/576 2304/565
f 1906/563 1904/562 2305/561
f 1904/562 1908/564 2305/561
f 1899/567 1900/566 2306/565
f 1902/568 1899/567 2306/565
f 1910/569 1906/563 2305/561
f 1908/564 1912/570 2305/561
f 1900/566 1889/571 2306/565
f 1894/572 1902/568 2306/565
f 1914/573 1910/569 2305/561
f 1912/570 1916/574 2305/561
f 1889/571 1890/575 2306/565
f 1893/576 1894/572 2306/565
f 1918/577 1914/573 2305/561
f 1916/574 1918/577 2305/561
f 1890/575 1896/578 2306/565
f 1896/578 1893/576 2306/565
usemtl texture11
f 1873/581 2307/580 1871/579
f 1871/579 2307/580 2308/582
f 2308/582 2307/580 1865/583
f 2307/580 1866/584 1865/583
f 1875/586 1871/579 2309/585
f 1871/579 2308/582 2309/585
f 2309/585 2308/582 1869/587
f 2308/582 1865/583 1869/587
f 1879/589 1875/586 2310/588
f 1875/586 2309/585 2310/588
f 2310/588 2309/585 1860/590
f 2309/585 1869/587 1860/590
f 1883/581 1879/591 2311/580
f 1879/591 2310/592 2311/580
f 2311/580 2310/592 1859/584
f 2310/592 1860/593 1859/584
f 1885/579 1883/581 2312/582
f 1883/581 2311/580 2312/582
f 2311/580 1859/584 2312/582
f 2312/582 1859/584 1863/583
f 1905/581 2313/580 1903/579
f 1903/579 2313/580 2314/582
f 2314/582 2313/580 1897/583
f 2313/580 1898/584 1897/583
f 1907/586 1903/579 2315/585
f 1903/579 2314/582 2315/585
f 2315/585 2314/582 1901/587
f 2314/582 1897/583 1901/587
f 1911/589 1907/586 2316/588
f 1907/586 2315/585 2316/588
f 2316/588 2315/585 1892/590
f 2315/585 1901/587 1892/590
f 1915/581 1911/591 2317/580
f 1911/591 2316/592 2317/580
f 2317/580 2316/592 1891/584
f 2316/592 1892/593 1891/584
f 1917/579 1915/581 2318/582
f 1915/581 2317/580 2318/582
f 2317/580 1891/584 2318/582
f 2318/582 1891/584 1895/583
usemtl texture12
f 1799/596 1800/595 2319/594
f 1800/595 2320/597 2319/594
f 2319/594 2320/597 1732/598
f 2320/597 1743/599 1732/598
f 1800/595 1803/600 2320/597
f 1803/600 2321/601 2320/597
f 2320/597 2321/601 1743/599
f 2321/601 1745/602 1743/599
f 1803/600 1805/603 2321/601
f 2322/604 2321/601 1805/603
f 2321/601 2322/604 1745/602
f 1747/605 1745/602 2322/604
f 2322/604 2323/606 1747/605
f 2323/606 1749/607 1747/605
f 1805/603 1808/608 2322/604
f 1808/608 2323/606 2322/604
f 2323/606 2324/609 1749/607
f 2324/609 1741/610 1749/607
f 1808/608 1811/611 2323/606
f 1811/611 2324/609 2323/606
f 1815/595 1799/596 2325/597
f 1799/596 2319/594 2325/597
f 2325/597 2319/594 1731/599
f 2319/594 1732/598 1731/599
f 1818/600 1815/595 2326/601
f 1815/595 2325/597 2326/601
f 2326/601 2325/597 1735/602
f 2325/597 1731/599 1735/602
f 1821/603 1818/600 2327/604
f 1818/600 2326/601 2327/604
f 2327/604 2326/601 1737/605
f 2326/601 1735/602 1737/605
f 2328/606 2327/604 1739/607
f 2327/604 1737/605 1739/607
f 1823/608 1821/603 2328/606
f 1821/603 2327/604 2328/606
f 2324/609 2328/606 1741/610
f 2328/606 1739/607 1741/610
f 1811/611 1823/608 2324/609
f 1823/608 2328/606 2324/609
f 1798/614 1796/613 2329/612
f 2330/615 2329/612 1796/613
f 2329/612 2330/615 1744/616
f 1734/617 1744/616 2330/615
f 1802/619 1798/614 2331/618
f 2329/612 2331/618 1798/614
f 2331/618 2329/612 1746/620
f 1744/616 1746/620 2329/612
f 2332/622 2331/618 1748/621
f 2331/618 1746/620 1748/621
f 1806/623 1802/619 2332/622
f 1802/619 2331/618 2332/622
f 2333/625 2332/622 1750/624
f 1748/621 1750/624 2332/622
f 1809/626 1806/623 2333/625
f 2332/622 2333/625 1806/623
f 2334/628 2333/625 1742/627
f 1750/624 1742/627 2333/625
f 1812/629 1809/626 2334/628
f 2333/625 2334/628 1809/626
f 1796/613 1814/614 2330/615
f 2335/612 2330/615 1814/614
f 2330/615 2335/612 1734/617
f 1733/616 1734/617 2335/612
f 1814/614 1817/619 2335/612
f 2336/618 2335/612 1817/619
f 2335/612 2336/618 1733/616
f 1736/620 1733/616 2336/618
f 2336/618 2337/622 1736/620
f 1738/621 1736/620 2337/622
f 1817/619 1820/623 2336/618
f 2337/622 2336/618 1820/623
f 2337/622 2338/625 1738/621
f 1740/624 1738/621 2338/625
f 1820/623 1824/626 2337/622
f 2338/625 2337/622 1824/626
f 2338/625 2334/628 1740/624
f 1742/627 1740/624 2334/628
f 1824/626 1812/629 2338/625
f 2334/628 2338/625 1812/629
f 1758/632 1752/631 1757/630
f 1757/630 1752/631 1751/633
f 1756/636 1755/635 1754/634
f 1753/637 1754/634 1755/635
f 1761/639 1760/638 1758/632
f 1752/631 1758/632 1760/638
f 1762/641 1756/636 1759/640
f 1754/634 1759/640 1756/636
f 1829/596 1830/595 2339/594
f 1830/595 2340/597 2339/594
f 2339/594 2341/597 1764/598
f 2341/597 1775/599 1764/598
f 1830/595 1833/600 2340/597
f 1833/600 2342/601 2340/597
f 2340/597 2342/601 1775/599
f 2342/601 1777/602 1775/599
f 1833/600 1835/603 2342/601
f 2343/604 2342/601 1835/603
f 2342/601 2343/604 1777/602
f 1779/605 1777/602 2343/604
f 2343/604 2344/606 1779/605
f 2344/606 1781/607 1779/605
f 1835/603 1838/608 2343/604
f 1838/608 2344/606 2343/604
f 2344/606 2345/609 1781/607
f 2345/609 1773/610 1781/607
f 1838/608 1841/611 2344/606
f 1841/611 2345/609 2344/606
f 1845/595 1829/596 2346/597
f 1829/596 2339/594 2346/597
f 2346/597 2339/594 1763/599
f 2339/594 1764/598 1763/599
f 1848/600 1845/595 2347/601
f 1845/595 2346/597 2347/601
f 2347/601 2346/597 1767/602
f 2346/597 1763/599 1767/602
f 1850/603 1848/600 2348/604
f 1848/600 2347/601 2348/604
f 2348/604 2347/601 1769/605
f 2347/601 1767/602 1769/605
f 2349/606 2348/604 1771/607
f 2348/604 1769/605 1771/607
f 1853/608 1850/603 2349/606
f 1850/603 2348/604 2349/606
f 2345/609 2349/606 1773/610
f 2349/606 1771/607 1773/610
f 1841/611 1853/608 2345/609
f 1853/608 2349/606 2345/609
f 1828/614 1826/613 2350/612
f 2351/615 2350/612 1826/613
f 2350/612 2351/615 1776/616
f 1766/617 1776/616 2351/615
f 1832/619 1828/614 2352/618
f 2350/612 2352/618 1828/614
f 2352/618 2350/612 1778/620
f 1776/616 1778/620 2350/612
f 2353/622 2352/618 1780/621
f 2352/618 1778/620 1780/621
f 1836/623 1832/619 2353/622
f 1832/619 2352/618 2353/622
f 2354/625 2353/622 1782/624
f 1780/621 1782/624 2353/622
f 1839/626 1836/623 2354/625
f 2353/622 2354/625 1836/623
f 2355/628 2354/625 1774/627
f 1782/624 1774/627 2354/625
f 1842/629 1839/626 2355/628
f 2354/625 2355/628 1839/626
f 1826/613 1844/614 2351/615
f 2356/612 2351/615 1844/614
f 2351/615 2356/612 1766/617
f 1765/616 1766/617 2356/612
f 1844/614 1847/619 2356/612
f 2357/618 2356/612 1847/619
f 2356/612 2357/618 1765/616
f 1768/620 1765/616 2357/618
f 1847/619 1851/623 2357/618
f 2358/622 2357/618 1851/623
f 2357/618 2358/622 1768/620
f 1770/621 1768/620 2358/622
f 2358/622 2359/625 1770/621
f 1772/624 1770/621 2359/625
f 1851/623 1854/626 2358/622
f 2359/625 2358/622 1854/626
f 2359/625 2355/628 1772/624
f 1774/627 1772/624 2355/628
f 1854/626 1842/629 2359/625
f 2355/628 2359/625 1842/629
f 1790/632 1784/631 1789/630
f 1789/630 1784/631 1783/633
f 1788/636 1787/635 1786/634
f 1785/637 1786/634 1787/635
f 1793/639 1792/638 1790/632
f 1784/631 1790/632 1792/638
f 1794/641 1788/636 1791/640
f 1786/634 1791/640 1788/636
f 2360/644 2361/643 2362/642
f 2362/642 2361/643 2363/645
f 2364/646 2361/643 2360/644
f 2365/644 2366/643 2367/642
f 2367/642 2366/643 2368/645
f 2369/646 2366/643 2365/644
f 2370/644 2371/643 2372/642
f 2372/642 2371/643 2373/645
f 2374/646 2371/643 2370/644
f 2375/646 2376/643 2377/644
f 2378/642 2376/643 2379/645
f 2377/644 2376/643 2378/642
f 2380/646 2381/643 2382/644
f 2383/642 2381/643 2384/645
f 2382/644 2381/643 2383/642
f 2385/646 2386/643 2387/644
f 2388/642 2386/643 2389/645
f 2387/644 2386/643 2388/642
f 2390/644 2391/643 2392/642
f 2392/642 2391/643 2393/645
f 2394/646 2391/643 2390/644
f 2395/644 2396/643 2397/642
f 2397/642 2396/643 2398/645
f 2399/646 2396/643 2395/644
f 2400/644 2401/643 2402/642
f 2402/642 2401/643 2403/645
f 2404/646 2401/643 2400/644
f 2405/646 2406/643 2407/644
f 2406/643 2408/645 2407/644
f 2409/642 2407/644 2408/645
f 2410/646 2411/643 2412/644
f 2413/642 2411/643 2414/645
f 2412/644 2411/643 2413/642
f 2415/646 2416/643 2417/644
f 2416/643 2418/645 2417/644
f 2419/642 2417/644 2418/645
usemtl texture13
f 982/46 981/648 987/647
f 981/648 985/649 987/647
f 990/46 989/648 995/647
f 989/648 993/649 995/647
usemtl texture14
f 2420/652 2421/651 2422/650
f 2423/653 2421/651 2420/652
f 2424/654 2421/651 2423/653
f 2422/650 2421/651 2425/655
f 2425/655 2421/651 2426/656
f 2426/656 2421/651 2424/654
f 2427/652 2428/651 2429/650
f 2430/653 2428/651 2427/652
f 2431/654 2428/651 2430/653
f 2429/650 2428/651 2432/655
f 2432/655 2428/651 2433/656
f 2433/656 2428/651 2431/654
usemtl texture16
f 2446/659 2447/658 1919/657
f 2447/658 1920/660 1919/657
f 2447/658 2448/661 1920/660
f 2448/661 1923/662 1920/660
f 2434/664 2446/659 1926/663
f 2446/659 1919/657 1926/663
f 2448/661 2435/665 1923/662
f 2435/665 1927/666 1923/662
f 2449/659 2450/658 1935/657
f 2450/658 1936/660 1935/657
f 2450/658 2451/661 1936/660
f 2451/661 1939/662 1936/660
f 2452/664 2449/659 1942/663
f 2449/659 1935/657 1942/663
f 2451/661 2453/665 1939/662
f 2453/665 1943/666 1939/662
f 2454/659 2455/658 1951/657
f 2455/658 1952/660 1951/657
f 2455/658 2456/661 1952/660
f 2456/661 1955/662 1952/660
f 2457/664 2454/659 1958/663
f 2454/659 1951/657 1958/663
f 2456/661 2458/665 1955/662
f 2458/665 1959/666 1955/662
f 2459/661 2437/665 1977/662
f 2437/665 1974/666 1977/662
f 2436/664 2460/659 1975/663
f 2460/659 1980/657 1975/663
f 2461/658 2459/661 1981/660
f 2459/661 1977/662 1981/660
f 2460/659 2461/658 1980/657
f 2461/658 1981/660 1980/657
f 2462/661 2463/665 1993/662
f 2463/665 1990/666 1993/662
f 2464/664 2465/659 1991/663
f 2465/659 1996/657 1991/663
f 2466/658 2462/661 1997/660
f 2462/661 1993/662 1997/660
f 2465/659 2466/658 1996/657
f 2466/658 1997/660 1996/657
f 2467/661 2439/665 2009/662
f 2439/665 2006/666 2009/662
f 2438/664 2468/659 2007/663
f 2468/659 2012/657 2007/663
f 2469/658 2467/661 2013/660
f 2467/661 2009/662 2013/660
f 2468/659 2469/658 2012/657
f 2469/658 2013/660 2012/657
f 2360/659 2362/658 2015/657
f 2362/658 2016/660 2015/657
f 2362/658 2363/661 2016/660
f 2363/661 2019/662 2016/660
f 2364/664 2360/659 2022/663
f 2360/659 2015/657 2022/663
f 2363/661 2361/665 2019/662
f 2361/665 2023/666 2019/662
f 2365/659 2367/658 2031/657
f 2367/658 2032/660 2031/657
f 2367/658 2368/661 2032/660
f 2368/661 2035/662 2032/660
f 2369/664 2365/659 2038/663
f 2365/659 2031/657 2038/663
f 2368/661 2366/665 2035/662
f 2366/665 2039/666 2035/662
f 2370/659 2372/658 2047/657
f 2372/658 2048/660 2047/657
f 2372/658 2373/661 2048/660
f 2373/661 2051/662 2048/660
f 2374/664 2370/659 2054/663
f 2370/659 2047/657 2054/663
f 2373/661 2371/665 2051/662
f 2371/665 2055/666 2051/662
f 2379/661 2376/665 2073/662
f 2376/665 2072/666 2073/662
f 2375/664 2377/659 2069/663
f 2377/659 2076/657 2069/663
f 2378/658 2379/661 2077/660
f 2379/661 2073/662 2077/660
f 2377/659 2378/658 2076/657
f 2378/658 2077/660 2076/657
f 2384/661 2381/665 2089/662
f 2381/665 2086/666 2089/662
f 2380/664 2382/659 2087/663
f 2382/659 2092/657 2087/663
f 2383/658 2384/661 2093/660
f 2384/661 2089/662 2093/660
f 2382/659 2383/658 2092/657
f 2383/658 2093/660 2092/657
f 2389/661 2386/665 2105/662
f 2386/665 2104/666 2105/662
f 2385/664 2387/659 2101/663
f 2387/659 2108/657 2101/663
f 2388/658 2389/661 2109/660
f 2389/661 2105/662 2109/660
f 2387/659 2388/658 2108/657
f 2388/658 2109/660 2108/657
f 2470/659 2471/658 2111/657
f 2471/658 2112/660 2111/657
f 2471/658 2472/661 2112/660
f 2472/661 2115/662 2112/660
f 2473/664 2470/659 2118/663
f 2470/659 2111/657 2118/663
f 2472/661 2474/665 2115/662
f 2474/665 2119/666 2115/662
f 2475/659 2476/658 2127/657
f 2476/658 2128/660 2127/657
f 2476/658 2477/661 2128/660
f 2477/661 2131/662 2128/660
f 2478/664 2475/659 2134/663
f 2475/659 2127/657 2134/663
f 2477/661 2479/665 2131/662
f 2479/665 2135/666 2131/662
f 2480/659 2481/658 2143/657
f 2481/658 2144/660 2143/657
f 2481/658 2482/661 2144/660
f 2482/661 2147/662 2144/660
f 2440/664 2480/659 2150/663
f 2480/659 2143/657 2150/663
f 2482/661 2441/665 2147/662
f 2441/665 2151/666 2147/662
f 2483/661 2443/665 2169/662
f 2443/665 2166/666 2169/662
f 2442/664 2484/659 2167/663
f 2484/659 2172/657 2167/663
f 2485/658 2483/661 2173/660
f 2483/661 2169/662 2173/660
f 2484/659 2485/658 2172/657
f 2485/658 2173/660 2172/657
f 2486/661 2487/665 2185/662
f 2487/665 2182/666 2185/662
f 2488/664 2489/659 2183/663
f 2489/659 2188/657 2183/663
f 2490/658 2486/661 2189/660
f 2486/661 2185/662 2189/660
f 2489/659 2490/658 2188/657
f 2490/658 2189/660 2188/657
f 2491/661 2445/665 2201/662
f 2445/665 2198/666 2201/662
f 2444/664 2492/659 2199/663
f 2492/659 2204/657 2199/663
f 2493/658 2491/661 2205/660
f 2491/661 2201/662 2205/660
f 2492/659 2493/658 2204/657
f 2493/658 2205/660 2204/657
f 2390/659 2392/658 2207/657
f 2392/658 2208/660 2207/657
f 2392/658 2393/661 2208/660
f 2393/661 2211/662 2208/660
f 2394/664 2390/659 2214/663
f 2390/659 2207/657 2214/663
f 2393/661 2391/665 2211/662
f 2391/665 2215/666 2211/662
f 2395/659 2397/658 2223/657
f 2397/658 2224/660 2223/657
f 2397/658 2398/661 2224/660
f 2398/661 2227/662 2224/660
f 2399/664 2395/659 2230/663
f 2395/659 2223/657 2230/663
f 2398/661 2396/665 2227/662
f 2396/665 2231/666 2227/662
f 2400/659 2402/658 2239/657
f 2402/658 2240/660 2239/657
f 2402/658 2403/661 2240/660
f 2403/661 2243/662 2240/660
f 2404/664 2400/659 2246/663
f 2400/659 2239/657 2246/663
f 2403/661 2401/665 2243/662
f 2401/665 2247/666 2243/662
f 2408/661 2406/665 2265/662
f 2406/665 2262/666 2265/662
f 2405/664 2407/659 2263/663
f 2407/659 2268/657 2263/663
f 2409/658 2408/661 2269/660
f 2408/661 2265/662 2269/660
f 2407/659 2409/658 2268/657
f 2409/658 2269/660 2268/657
f 2414/661 2411/665 2281/662
f 2411/665 2278/666 2281/662
f 2410/664 2412/659 2279/663
f 2412/659 2284/657 2279/663
f 2413/658 2414/661 2285/660
f 2414/661 2281/662 2285/660
f 2412/659 2413/658 2284/657
f 2413/658 2285/660 2284/657
f 2418/661 2416/665 2297/662
f 2416/665 2294/666 2297/662
f 2415/664 2417/659 2295/663
f 2417/659 2300/657 2295/663
f 2419/658 2418/661 2301/660
f 2418/661 2297/662 2301/660
f 2417/659 2419/658 2300/657
f 2419/658 2301/660 2300/657
g obj2
usemtl mat2
f 2494/264 2495/263 2496/262
f 2495/263 2497/265 2496/262
f 2498/669 2499/668 2500/667
f 2499/668 2501/670 2500/667
f 2502/673 2503/672 2504/671
f 2503/672 2505/674 2504/671
f 2503/672 2506/675 2505/674
f 2506/675 2507/676 2505/674
f 2502/673 2504/671 2508/677
f 2508/677 2504/671 2509/678
f 2507/676 2510/679 2505/674
f 2510/679 2511/680 2505/674
f 2505/674 2511/680 2504/671
f 2511/680 2512/681 2504/671
f 2504/671 2512/681 2509/678
f 2512/681 2513/682 2509/678
f 2514/684 2515/683 2506/675
f 2506/675 2515/683 2507/676
f 2515/683 2516/685 2507/676
f 2516/685 2510/679 2507/676
f 2517/688 2518/687 2519/686
f 2518/687 2520/689 2519/686
f 2521/692 2522/691 2523/690
f 2522/691 2524/693 2523/690
f 2518/687 2525/694 2520/689
f 2525/694 2526/695 2520/689
f 2525/694 2521/692 2526/695
f 2521/692 2523/690 2526/695
f 2527/698 2528/697 2529/696
f 2528/697 2530/699 2529/696
f 2528/697 2531/700 2530/699
f 2531/700 2532/701 2530/699
f 2533/703 2527/698 2534/702
f 2527/698 2529/696 2534/702
f 2531/700 2535/704 2532/701
f 2535/704 2536/705 2532/701
f 2537/708 2538/707 2539/706
f 2538/707 2540/709 2539/706
f 2540/709 2541/710 2539/706
f 2541/710 2542/711 2539/706
f 2538/714 2543/713 2540/712
f 2543/713 2544/715 2540/712
f 2544/715 2545/716 2540/712
f 2545/716 2541/717 2540/712
f 2546/688 2547/687 2548/686
f 2547/687 2549/689 2548/686
f 2550/692 2551/691 2552/690
f 2551/691 2553/693 2552/690
f 2547/687 2554/694 2549/689
f 2554/694 2555/695 2549/689
f 2554/694 2550/692 2555/695
f 2550/692 2552/690 2555/695
f 2556/698 2557/697 2558/696
f 2557/697 2559/699 2558/696
f 2557/697 2560/700 2559/699
f 2560/700 2561/701 2559/699
f 2562/703 2556/698 2563/702
f 2556/698 2558/696 2563/702
f 2560/700 2564/704 2561/701
f 2564/704 2565/705 2561/701
f 2566/669 2567/668 2568/667
f 2567/668 2569/670 2568/667
f 2570/264 2571/263 2572/262
f 2571/263 2573/265 2572/262
f 2574/720 2575/719 2576/718
f 2575/719 2577/721 2576/718
f 2575/719 2578/722 2577/721
f 2578/722 2579/723 2577/721
f 2574/720 2576/718 2580/724
f 2580/724 2576/718 2581/725
f 2579/723 2582/726 2577/721
f 2582/726 2583/727 2577/721
f 2577/721 2583/727 2576/718
f 2583/727 2584/728 2576/718
f 2576/718 2584/728 2581/725
f 2584/728 2585/729 2581/725
f 2586/731 2587/730 2578/722
f 2578/722 2587/730 2579/723
f 2587/730 2588/732 2579/723
f 2588/732 2582/726 2579/723
f 2589/708 2590/707 2591/706
f 2590/707 2592/709 2591/706
f 2592/709 2593/710 2591/706
f 2593/710 2594/711 2591/706
f 2595/713 2596/715 2590/714
f 2590/714 2596/715 2592/712
f 2596/715 2597/716 2592/712
f 2597/716 2593/717 2592/712
f 2598/688 2599/687 2600/686
f 2599/687 2601/689 2600/686
f 2602/692 2603/691 2604/690
f 2603/691 2605/693 2604/690
f 2599/687 2606/694 2601/689
f 2606/694 2607/695 2601/689
f 2606/694 2602/692 2607/695
f 2602/692 2604/690 2607/695
f 2608/698 2609/697 2610/696
f 2609/697 2611/699 2610/696
f 2609/697 2612/700 2611/699
f 2612/700 2613/701 2611/699
f 2614/703 2608/698 2615/702
f 2608/698 2610/696 2615/702
f 2612/700 2616/704 2613/701
f 2616/704 2617/705 2613/701
f 2618/669 2619/668 2620/667
f 2619/668 2621/670 2620/667
f 2622/264 2623/263 2624/262
f 2623/263 2625/265 2624/262
f 2626/688 2627/687 2628/686
f 2627/687 2629/689 2628/686
f 2630/692 2631/691 2632/690
f 2631/691 2633/693 2632/690
f 2627/687 2634/694 2629/689
f 2634/694 2635/695 2629/689
f 2634/694 2630/692 2635/695
f 2630/692 2632/690 2635/695
f 2636/698 2637/697 2638/696
f 2637/697 2639/699 2638/696
f 2637/697 2640/700 2639/699
f 2640/700 2641/701 2639/699
f 2642/703 2636/698 2643/702
f 2636/698 2638/696 2643/702
f 2640/700 2644/704 2641/701
f 2644/704 2645/705 2641/701
f 2646/669 2647/668 2648/667
f 2647/668 2649/670 2648/667
f 2650/264 2651/263 2652/262
f 2651/263 2653/265 2652/262
f 2654/734 2655/719 2656/733
f 2655/719 2657/721 2656/733
f 2655/719 2658/735 2657/721
f 2658/735 2659/736 2657/721
f 2654/734 2656/733 2660/737
f 2660/737 2656/733 2661/738
f 2659/736 2662/739 2657/721
f 2662/739 2663/727 2657/721
f 2657/721 2663/727 2656/733
f 2663/727 2664/740 2656/733
f 2656/733 2664/740 2661/738
f 2664/740 2665/741 2661/738
f 2658/735 2666/742 2659/736
f 2666/742 2667/743 2659/736
f 2667/743 2668/744 2659/736
f 2668/744 2662/739 2659/736
f 2669/746 2670/672 2671/745
f 2670/672 2672/674 2671/745
f 2670/672 2673/747 2672/674
f 2673/747 2674/748 2672/674
f 2669/746 2671/745 2675/749
f 2675/749 2671/745 2676/750
f 2674/748 2677/751 2672/674
f 2677/751 2678/680 2672/674
f 2672/674 2678/680 2671/745
f 2678/680 2679/752 2671/745
f 2671/745 2679/752 2676/750
f 2679/752 2680/753 2676/750
f 2673/747 2681/754 2674/748
f 2681/754 2682/755 2674/748
f 2682/755 2683/756 2674/748
f 2683/756 2677/751 2674/748
usemtl mat3
f 2522/759 2521/758 2684/757
f 2684/757 2521/758 2685/760
f 2521/758 2525/761 2685/760
f 2685/760 2525/761 2686/762
f 2687/765 2518/764 2688/763
f 2518/764 2517/766 2688/763
f 2686/762 2525/761 2687/765
f 2525/761 2518/764 2687/765
f 2689/765 2527/764 2690/763
f 2527/764 2533/766 2690/763
f 2691/762 2528/761 2689/765
f 2528/761 2527/764 2689/765
f 2531/758 2528/761 2692/760
f 2692/760 2528/761 2691/762
f 2535/759 2531/758 2693/757
f 2693/757 2531/758 2692/760
f 2551/759 2550/758 2694/757
f 2694/757 2550/758 2695/760
f 2550/758 2554/761 2695/760
f 2695/760 2554/761 2696/762
f 2697/765 2547/764 2698/763
f 2547/764 2546/766 2698/763
f 2696/762 2554/761 2697/765
f 2554/761 2547/764 2697/765
f 2699/762 2557/761 2700/765
f 2557/761 2556/764 2700/765
f 2700/765 2556/764 2701/763
f 2556/764 2562/766 2701/763
f 2560/758 2557/761 2702/760
f 2702/760 2557/761 2699/762
f 2564/759 2560/758 2703/757
f 2703/757 2560/758 2702/760
f 2603/759 2602/758 2704/757
f 2704/757 2602/758 2705/760
f 2602/758 2606/761 2705/760
f 2705/760 2606/761 2706/762
f 2707/765 2599/764 2708/763
f 2599/764 2598/766 2708/763
f 2706/762 2606/761 2707/765
f 2606/761 2599/764 2707/765
f 2709/765 2608/764 2710/763
f 2608/764 2614/766 2710/763
f 2711/762 2609/761 2709/765
f 2609/761 2608/764 2709/765
f 2612/758 2609/761 2712/760
f 2712/760 2609/761 2711/762
f 2616/759 2612/758 2713/757
f 2713/757 2612/758 2712/760
f 2631/759 2630/758 2714/757
f 2714/757 2630/758 2715/760
f 2630/758 2634/761 2715/760
f 2715/760 2634/761 2716/762
f 2717/765 2627/764 2718/763
f 2627/764 2626/766 2718/763
f 2716/762 2634/761 2717/765
f 2634/761 2627/764 2717/765
f 2719/762 2637/761 2720/765
f 2637/761 2636/764 2720/765
f 2720/765 2636/764 2721/763
f 2636/764 2642/766 2721/763
f 2640/758 2637/761 2722/760
f 2722/760 2637/761 2719/762
f 2644/759 2640/758 2723/757
f 2723/757 2640/758 2722/760
usemtl mat4
f 2724/769 2725/768 2726/767
f 2726/767 2725/768 2727/770
f 2724/769 2726/767 2728/771
f 2726/767 2729/772 2728/771
f 2730/774 2731/773 2726/767
f 2726/767 2731/773 2729/772
f 2730/774 2726/767 2732/775
f 2726/767 2727/770 2732/775
f 2733/769 2734/767 2735/771
f 2734/767 2736/772 2735/771
f 2733/769 2737/768 2734/767
f 2734/767 2737/768 2738/770
f 2739/774 2740/773 2734/767
f 2734/767 2740/773 2736/772
f 2739/774 2734/767 2741/775
f 2734/767 2738/770 2741/775
f 2742/769 2743/767 2744/771
f 2743/767 2745/772 2744/771
f 2742/769 2746/768 2743/767
f 2743/767 2746/768 2747/770
f 2748/774 2749/773 2743/767
f 2743/767 2749/773 2745/772
f 2748/774 2743/767 2750/775
f 2743/767 2747/770 2750/775
f 2751/774 2752/767 2753/775
f 2752/767 2754/770 2753/775
f 2751/774 2755/773 2752/767
f 2752/767 2755/773 2756/772
f 2757/769 2758/768 2752/767
f 2752/767 2758/768 2754/770
f 2757/769 2752/767 2759/771
f 2752/767 2756/772 2759/771
f 2760/774 2761/767 2762/775
f 2761/767 2763/770 2762/775
f 2760/774 2764/773 2761/767
f 2761/767 2764/773 2765/772
f 2766/769 2767/768 2761/767
f 2761/767 2767/768 2763/770
f 2766/769 2761/767 2768/771
f 2761/767 2765/772 2768/771
f 2769/774 2770/767 2771/775
f 2770/767 2772/770 2771/775
f 2769/774 2773/773 2770/767
f 2770/767 2773/773 2774/772
f 2775/769 2776/768 2770/767
f 2770/767 2776/768 2772/770
f 2775/769 2770/767 2777/771
f 2770/767 2774/772 2777/771
f 2778/769 2779/767 2780/771
f 2779/767 2781/772 2780/771
f 2778/769 2782/768 2779/767
f 2779/767 2782/768 2783/770
f 2784/774 2785/773 2779/767
f 2779/767 2785/773 2781/772
f 2784/774 2779/767 2786/775
f 2779/767 2783/770 2786/775
f 2787/769 2788/768 2789/767
f 2789/767 2788/768 2790/770
f 2787/769 2789/767 2791/771
f 2789/767 2792/772 2791/771
f 2793/774 2789/767 2794/775
f 2789/767 2790/770 2794/775
f 2793/774 2795/773 2789/767
f 2789/767 2795/773 2792/772
f 2796/769 2797/767 2798/771
f 2797/767 2799/772 2798/771
f 2796/769 2800/768 2797/767
f 2797/767 2800/768 2801/770
f 2802/774 2803/773 2797/767
f 2797/767 2803/773 2799/772
f 2802/774 2797/767 2804/775
f 2797/767 2801/770 2804/775
f 2805/774 2806/767 2807/775
f 2806/767 2808/770 2807/775
f 2805/774 2809/773 2806/767
f 2806/767 2809/773 2810/772
f 2811/769 2812/768 2806/767
f 2806/767 2812/768 2808/770
f 2811/769 2806/767 2813/771
f 2806/767 2810/772 2813/771
f 2814/774 2815/767 2816/775
f 2815/767 2817/770 2816/775
f 2814/774 2818/773 2815/767
f 2815/767 2818/773 2819/772
f 2820/769 2815/767 2821/771
f 2815/767 2819/772 2821/771
f 2820/769 2822/768 2815/767
f 2815/767 2822/768 2817/770
f 2823/774 2824/773 2825/767
f 2825/767 2824/773 2826/772
f 2823/774 2825/767 2827/775
f 2825/767 2828/770 2827/775
f 2829/769 2825/767 2830/771
f 2825/767 2826/772 2830/771
f 2829/769 2831/768 2825/767
f 2825/767 2831/768 2828/770
f 2832/769 2833/767 2834/771
f 2833/767 2835/772 2834/771
f 2832/769 2836/768 2833/767
f 2833/767 2836/768 2837/770
f 2838/774 2839/773 2833/767
f 2833/767 2839/773 2835/772
f 2838/774 2833/767 2840/775
f 2833/767 2837/770 2840/775
f 2841/769 2842/767 2843/771
f 2842/767 2844/772 2843/771
f 2841/769 2845/768 2842/767
f 2842/767 2845/768 2846/770
f 2847/774 2848/773 2842/767
f 2842/767 2848/773 2844/772
f 2847/774 2842/767 2849/775
f 2842/767 2846/770 2849/775
f 2850/769 2851/768 2852/767
f 2852/767 2851/768 2853/770
f 2850/769 2852/767 2854/771
f 2852/767 2855/772 2854/771
f 2856/774 2857/773 2852/767
f 2852/767 2857/773 2855/772
f 2856/774 2852/767 2858/775
f 2852/767 2853/770 2858/775
f 2859/774 2860/773 2861/767
f 2861/767 2860/773 2862/772
f 2859/774 2861/767 2863/775
f 2861/767 2864/770 2863/775
f 2865/769 2866/768 2861/767
f 2861/767 2866/768 2864/770
f 2865/769 2861/767 2867/771
f 2861/767 2862/772 2867/771
f 2868/774 2869/773 2870/767
f 2870/767 2869/773 2871/772
f 2868/774 2870/767 2872/775
f 2870/767 2873/770 2872/775
f 2874/769 2870/767 2875/771
f 2870/767 2871/772 2875/771
f 2874/769 2876/768 2870/767
f 2870/767 2876/768 2873/770
f 2877/774 2878/773 2879/767
f 2879/767 2878/773 2880/772
f 2877/774 2879/767 2881/775
f 2879/767 2882/770 2881/775
f 2883/769 2884/768 2879/767
f 2879/767 2884/768 2882/770
f 2883/769 2879/767 2885/771
f 2879/767 2880/772 2885/771
f 2886/769 2887/768 2888/767
f 2888/767 2887/768 2889/770
f 2886/769 2888/767 2890/771
f 2888/767 2891/772 2890/771
f 2892/774 2893/773 2888/767
f 2888/767 2893/773 2891/772
f 2892/774 2888/767 2894/775
f 2888/767 2889/770 2894/775
f 2895/769 2896/767 2897/771
f 2896/767 2898/772 2897/771
f 2895/769 2899/768 2896/767
f 2896/767 2899/768 2900/770
f 2901/774 2902/773 2896/767
f 2896/767 2902/773 2898/772
f 2901/774 2896/767 2903/775
f 2896/767 2900/770 2903/775
f 2904/769 2905/768 2906/767
f 2906/767 2905/768 2907/770
f 2904/769 2906/767 2908/771
f 2906/767 2909/772 2908/771
f 2910/774 2911/773 2906/767
f 2906/767 2911/773 2909/772
f 2910/774 2906/767 2912/775
f 2906/767 2907/770 2912/775
f 2913/774 2914/767 2915/775
f 2914/767 2916/770 2915/775
f 2913/774 2917/773 2914/767
f 2914/767 2917/773 2918/772
f 2919/769 2920/768 2914/767
f 2914/767 2920/768 2916/770
f 2919/769 2914/767 2921/771
f 2914/767 2918/772 2921/771
f 2922/774 2923/767 2924/775
f 2923/767 2925/770 2924/775
f 2922/774 2926/773 2923/767
f 2923/767 2926/773 2927/772
f 2928/769 2929/768 2923/767
f 2923/767 2929/768 2925/770
f 2928/769 2923/767 2930/771
f 2923/767 2927/772 2930/771
f 2931/774 2932/773 2933/767
f 2933/767 2932/773 2934/772
f 2931/774 2933/767 2935/775
f 2933/767 2936/770 2935/775
f 2937/769 2933/767 2938/771
f 2933/767 2934/772 2938/771
f 2937/769 2939/768 2933/767
f 2933/767 2939/768 2936/770
# 3720 elements

