# Created by Metasequoia

mtllib Egg_treat8.mtl

v 64.999901 0.003700 -10515.004883
v 64.999901 -0.200000 -10470.000000
v 64.999901 -4.999900 -10470.000000
v 64.999901 4.919300 -10515.004883
v 64.999901 0.000000 -14434.995117
v 64.999901 -40.080601 -14434.994141
v 64.999901 -5.002200 -14479.994141
v 64.999901 -45.002201 -14479.994141
v 64.999901 -40.080601 -10515.004883
v 64.999901 -44.999901 -10470.000000
v 64.999901 -29.947701 -14389.994141
v 64.999901 0.000000 -14389.994141
v 64.999901 -29.947701 -10560.004883
v 64.999901 -0.000500 -10560.004883
v 64.999901 -23.001101 -10605.004883
v 64.999901 0.000000 -10605.004883
v 64.999901 -23.001101 -14344.994141
v 64.999901 0.000000 -14344.994141
v 64.999901 -19.999901 -14300.000000
v 64.999901 0.000000 -14300.000000
v 64.999901 -19.999901 -10650.000000
v 64.999901 0.000000 -10650.000000
v 64.999901 4.919300 -14434.994141
v 64.999901 15.052200 -14389.994141
v 64.999901 15.052200 -10560.004883
v 64.999901 21.998800 -10605.004883
v 64.999901 21.998800 -14344.994141
v 64.999901 24.999901 -14300.000000
v 64.999901 24.999901 -10650.000000
v 3255.005127 -0.202200 2720.000000
v 3300.005127 0.000000 2720.000000
v 3255.005127 -5.002200 2720.000000
v 3300.005127 0.000000 2850.000000
v 3255.005127 -0.202200 2850.000000
v 3255.005127 -5.002200 2850.000000
v 3300.005371 4.919300 2720.000000
v 3300.005371 4.919300 2850.000000
v 3210.005371 -5.001100 2720.000000
v 3210.005371 -0.201100 2720.000000
v 3210.005371 -5.001100 2850.000000
v 3210.005371 -0.201100 2850.000000
v 3300.005371 0.000000 2720.000000
v 3300.005371 -40.080601 2720.000000
v 3255.005371 -45.002201 2720.000000
v 3300.005371 0.000000 2850.000000
v 3300.005371 -40.080601 2850.000000
v 3255.005371 -45.002201 2850.000000
v 3345.005371 0.000000 2850.000000
v 3345.005371 15.052200 2850.000000
v 3345.005371 -29.947701 2720.000000
v 3345.005371 0.000000 2720.000000
v 3345.005371 -29.947701 2850.000000
v 3345.005371 15.052200 2720.000000
v 3390.005371 -23.001101 2720.000000
v 3390.005371 0.000000 2720.000000
v 3390.005371 -23.001101 2850.000000
v 3390.005371 0.000000 2850.000000
v 3390.005371 21.998800 2720.000000
v 3390.005371 21.998800 2850.000000
v 3435.000000 -19.999901 2720.000000
v 3435.000000 0.000000 2720.000000
v 3435.000000 -19.999901 2850.000000
v 3435.000000 0.000000 2850.000000
v 3435.000000 24.999901 2720.000000
v 3435.000000 24.999901 2850.000000
v 7219.994629 0.003700 2720.000000
v 7219.994629 4.919300 2720.000000
v 7265.000000 -0.200000 2720.000000
v 7219.994629 4.919300 2850.000000
v 7219.994629 0.003700 2850.000000
v 7265.000000 -0.200000 2850.000000
v 7265.000000 -4.999900 2720.000000
v 7265.000000 -4.999900 2850.000000
v 7085.000000 -19.999901 2720.000000
v 7085.000000 0.000000 2720.000000
v 7085.000000 -19.999901 2850.000000
v 7085.000000 0.000000 2850.000000
v 7085.000000 24.999901 2720.000000
v 7085.000000 24.999901 2850.000000
v 7129.994629 -23.001101 2720.000000
v 7129.994629 0.000000 2720.000000
v 7129.994629 -23.001101 2850.000000
v 7129.994629 0.000000 2850.000000
v 7129.994629 21.998800 2720.000000
v 7129.994629 21.998800 2850.000000
v 7174.994629 -29.947701 2720.000000
v 7174.994629 -0.000500 2720.000000
v 7174.994629 -29.947701 2850.000000
v 7174.994629 -0.000500 2850.000000
v 7174.994629 15.052200 2850.000000
v 7174.994629 15.052200 2720.000000
v 7219.994629 -40.080601 2720.000000
v 7219.994629 -40.080601 2850.000000
v 7265.000000 -44.999901 2720.000000
v 7265.000000 -44.999901 2850.000000
v 7310.000000 -4.999900 2720.000000
v 7310.000000 -0.200000 2720.000000
v 7310.000000 -0.200000 2850.000000
v 7310.000000 -4.999900 2850.000000
v 8255.005859 -0.202200 2720.000000
v 8300.005859 0.000000 2720.000000
v 8255.005859 -5.002200 2720.000000
v 8300.005859 0.000000 2850.000000
v 8255.005859 -0.202200 2850.000000
v 8255.005859 -5.002200 2850.000000
v 8300.005859 4.919300 2720.000000
v 8300.005859 4.919300 2850.000000
v 12219.995117 0.003700 2720.000000
v 12219.995117 4.919300 2720.000000
v 12265.000000 -0.200000 2720.000000
v 12219.995117 4.919300 2850.000000
v 12219.995117 0.003700 2850.000000
v 12265.000000 -0.200000 2850.000000
v 12265.000000 -4.999900 2720.000000
v 12265.000000 -4.999900 2850.000000
v 8210.005859 -5.001100 2720.000000
v 8210.005859 -0.201100 2720.000000
v 8210.005859 -5.001100 2850.000000
v 8210.005859 -0.201100 2850.000000
v 8300.005859 -40.080601 2850.000000
v 8255.005859 -45.002201 2850.000000
v 8300.005859 -40.080601 2720.000000
v 8255.005859 -45.002201 2720.000000
v 8345.005859 -29.947701 2720.000000
v 8345.005859 0.000000 2720.000000
v 8345.005859 -29.947701 2850.000000
v 8345.005859 0.000000 2850.000000
v 8345.005859 15.052200 2720.000000
v 8345.005859 15.052200 2850.000000
v 8390.005859 -23.001101 2720.000000
v 8390.005859 0.000000 2720.000000
v 8390.005859 -23.001101 2850.000000
v 8390.005859 0.000000 2850.000000
v 8390.005859 21.998800 2720.000000
v 8390.005859 21.998800 2850.000000
v 8435.000000 -19.999901 2720.000000
v 8435.000000 0.000000 2720.000000
v 8435.000000 -19.999901 2850.000000
v 8435.000000 0.000000 2850.000000
v 8435.000000 24.999901 2720.000000
v 8435.000000 24.999901 2850.000000
v 12085.000000 -19.999901 2720.000000
v 12085.000000 0.000000 2720.000000
v 12085.000000 -19.999901 2850.000000
v 12085.000000 0.000000 2850.000000
v 12085.000000 24.999901 2720.000000
v 12085.000000 24.999901 2850.000000
v 12129.995117 -23.001101 2720.000000
v 12129.995117 0.000000 2720.000000
v 12129.995117 -23.001101 2850.000000
v 12129.995117 0.000000 2850.000000
v 12129.995117 21.998800 2720.000000
v 12129.995117 21.998800 2850.000000
v 12174.995117 -29.947701 2720.000000
v 12174.995117 -0.000500 2720.000000
v 12174.995117 -29.947701 2850.000000
v 12174.995117 -0.000500 2850.000000
v 12174.995117 15.052200 2850.000000
v 12174.995117 15.052200 2720.000000
v 12219.995117 -40.080601 2720.000000
v 12219.995117 -40.080601 2850.000000
v 12265.000000 -44.999901 2720.000000
v 12265.000000 -44.999901 2850.000000
v 12310.000000 -4.999900 2720.000000
v 12310.000000 -0.200000 2720.000000
v 12310.000000 -0.200000 2850.000000
v 12310.000000 -4.999900 2850.000000
v 13255.004883 -0.202200 2720.000000
v 13300.004883 0.000000 2720.000000
v 13255.004883 -5.002200 2720.000000
v 13300.004883 0.000000 2850.000000
v 13255.004883 -0.202200 2850.000000
v 13255.004883 -5.002200 2850.000000
v 13300.005859 4.919300 2720.000000
v 13300.005859 4.919300 2850.000000
v 17219.994141 0.003700 2720.000000
v 17219.994141 4.919300 2720.000000
v 17265.000000 -0.200000 2720.000000
v 17219.994141 4.919300 2850.000000
v 17219.994141 0.003700 2850.000000
v 17265.000000 -0.200000 2850.000000
v 17265.000000 -4.999900 2720.000000
v 17265.000000 -4.999900 2850.000000
v 13210.005859 -5.001100 2720.000000
v 13210.004883 -0.201100 2720.000000
v 13210.005859 -5.001100 2850.000000
v 13210.004883 -0.201100 2850.000000
v 13300.005859 0.000000 2720.000000
v 13300.005859 -40.080601 2720.000000
v 13255.005859 -45.002201 2720.000000
v 13300.005859 0.000000 2850.000000
v 13300.005859 -40.080601 2850.000000
v 13255.005859 -45.002201 2850.000000
v 13345.005859 0.000000 2850.000000
v 13345.005859 15.052200 2850.000000
v 13345.005859 -29.947701 2720.000000
v 13345.005859 0.000000 2720.000000
v 13345.005859 -29.947701 2850.000000
v 13345.005859 15.052200 2720.000000
v 13390.005859 -23.001101 2720.000000
v 13390.005859 0.000000 2720.000000
v 13390.005859 -23.001101 2850.000000
v 13390.005859 0.000000 2850.000000
v 13390.005859 21.998800 2720.000000
v 13390.005859 21.998800 2850.000000
v 13435.000000 -19.999901 2720.000000
v 13435.000000 0.000000 2720.000000
v 13435.000000 -19.999901 2850.000000
v 13435.000000 0.000000 2850.000000
v 13435.000000 24.999901 2720.000000
v 13435.000000 24.999901 2850.000000
v 17085.000000 -19.999901 2720.000000
v 17085.000000 0.000000 2720.000000
v 17085.000000 -19.999901 2850.000000
v 17085.000000 0.000000 2850.000000
v 17085.000000 24.999901 2720.000000
v 17085.000000 24.999901 2850.000000
v 17129.994141 -23.001101 2720.000000
v 17129.994141 0.000000 2720.000000
v 17129.994141 -23.001101 2850.000000
v 17129.994141 0.000000 2850.000000
v 17129.994141 21.998800 2720.000000
v 17129.994141 21.998800 2850.000000
v 17174.994141 -29.947701 2720.000000
v 17174.994141 -0.000500 2720.000000
v 17174.994141 -29.947701 2850.000000
v 17174.994141 -0.000500 2850.000000
v 17174.994141 15.052200 2850.000000
v 17174.994141 15.052200 2720.000000
v 17219.994141 -40.080601 2720.000000
v 17219.994141 -40.080601 2850.000000
v 17265.000000 -44.999901 2720.000000
v 17265.000000 -44.999901 2850.000000
v 17310.000000 -4.999900 2720.000000
v 17310.000000 -0.200000 2720.000000
v 17310.000000 -0.200000 2850.000000
v 17310.000000 -4.999900 2850.000000
v 18255.005859 -0.202200 2720.000000
v 18300.005859 0.000000 2720.000000
v 18255.005859 -5.002200 2720.000000
v 18300.005859 0.000000 2850.000000
v 18255.005859 -0.202200 2850.000000
v 18255.005859 -5.002200 2850.000000
v 18300.005859 4.919300 2720.000000
v 18300.005859 4.919300 2850.000000
v 22219.994141 0.003700 2720.000000
v 22219.994141 4.919300 2720.000000
v 22265.000000 -0.200000 2720.000000
v 22219.994141 4.919300 2850.000000
v 22219.994141 0.003700 2850.000000
v 22265.000000 -0.200000 2850.000000
v 22265.000000 -4.999900 2720.000000
v 22265.000000 -4.999900 2850.000000
v 18210.005859 -5.001100 2720.000000
v 18210.005859 -0.201100 2720.000000
v 18210.005859 -5.001100 2850.000000
v 18210.005859 -0.201100 2850.000000
v 18300.005859 -40.080601 2850.000000
v 18255.005859 -45.002201 2850.000000
v 18300.005859 -40.080601 2720.000000
v 18255.005859 -45.002201 2720.000000
v 18345.005859 -29.947701 2720.000000
v 18345.005859 0.000000 2720.000000
v 18345.005859 -29.947701 2850.000000
v 18345.005859 0.000000 2850.000000
v 18345.005859 15.052200 2720.000000
v 18345.005859 15.052200 2850.000000
v 18390.005859 -23.001101 2720.000000
v 18390.005859 0.000000 2720.000000
v 18390.005859 -23.001101 2850.000000
v 18390.005859 0.000000 2850.000000
v 18390.005859 21.998800 2720.000000
v 18390.005859 21.998800 2850.000000
v 18435.000000 -19.999901 2720.000000
v 18435.000000 0.000000 2720.000000
v 18435.000000 -19.999901 2850.000000
v 18435.000000 0.000000 2850.000000
v 18435.000000 24.999901 2720.000000
v 18435.000000 24.999901 2850.000000
v 22085.000000 -19.999901 2720.000000
v 22085.000000 0.000000 2720.000000
v 22085.000000 -19.999901 2850.000000
v 22085.000000 0.000000 2850.000000
v 22085.000000 24.999901 2720.000000
v 22085.000000 24.999901 2850.000000
v 22129.994141 -23.001101 2720.000000
v 22129.994141 0.000000 2720.000000
v 22129.994141 -23.001101 2850.000000
v 22129.994141 0.000000 2850.000000
v 22129.994141 21.998800 2720.000000
v 22129.994141 21.998800 2850.000000
v 22174.994141 -29.947701 2720.000000
v 22174.994141 -0.000500 2720.000000
v 22174.994141 -29.947701 2850.000000
v 22174.994141 -0.000500 2850.000000
v 22174.994141 15.052200 2850.000000
v 22174.994141 15.052200 2720.000000
v 22219.994141 -40.080601 2720.000000
v 22219.994141 -40.080601 2850.000000
v 22265.000000 -44.999901 2720.000000
v 22265.000000 -44.999901 2850.000000
v 22310.000000 -4.999900 2720.000000
v 22310.000000 -0.200000 2720.000000
v 22310.000000 -0.200000 2850.000000
v 22310.000000 -4.999900 2850.000000
v 25455.000000 0.000000 -4434.994629
v 25455.000000 -0.202200 -4479.994629
v 25455.000000 -5.002200 -4479.994629
v 25455.000000 -0.200000 -469.999908
v 25455.000000 0.003700 -515.005310
v 25455.000000 -4.999900 -469.999908
v 25455.000000 4.919300 -4434.994629
v 25455.000000 4.919300 -515.005310
v 25455.000000 -40.080601 -4434.994629
v 25455.000000 -45.002201 -4479.994629
v 25455.000000 -40.080601 -515.005310
v 25455.000000 -44.999901 -469.999908
v 25455.000000 -29.947701 -4389.994629
v 25455.000000 0.000000 -4389.994629
v 25455.000000 -29.947701 -560.005310
v 25455.000000 -0.000500 -560.005310
v 25455.000000 -23.001101 -605.005310
v 25455.000000 0.000000 -605.005310
v 25455.000000 -23.001101 -4344.994629
v 25455.000000 0.000000 -4344.994629
v 25455.000000 -19.999901 -4300.000000
v 25455.000000 0.000000 -4300.000000
v 25455.000000 -19.999901 -649.999878
v 25455.000000 0.000000 -649.999878
v 25455.000000 15.052200 -4389.994629
v 25455.000000 15.052200 -560.005310
v 25455.000000 21.998800 -605.005310
v 25455.000000 21.998800 -4344.994629
v 25455.000000 24.999901 -4300.000000
v 25455.000000 24.999901 -649.999878
v 25455.000000 0.000000 -19434.994141
v 25455.000000 -0.202200 -19479.994141
v 25455.000000 -5.002200 -19479.994141
v 25455.000000 -0.200000 -15470.000000
v 25455.000000 0.003700 -15515.004883
v 25455.000000 -4.999900 -15470.000000
v 25455.000000 4.919300 -19434.994141
v 25455.000000 4.919300 -15515.004883
v 25455.000000 -40.080601 -19434.994141
v 25455.000000 -45.002201 -19479.994141
v 25455.000000 -40.080601 -15515.004883
v 25455.000000 -44.999901 -15470.000000
v 25455.000000 -29.947701 -19389.994141
v 25455.000000 0.000000 -19389.994141
v 25455.000000 -29.947701 -15560.004883
v 25455.000000 -0.000500 -15560.004883
v 25455.000000 -23.001101 -15605.004883
v 25455.000000 0.000000 -15605.004883
v 25455.000000 -23.001101 -19344.994141
v 25455.000000 0.000000 -19344.994141
v 25455.000000 -19.999901 -19300.000000
v 25455.000000 0.000000 -19300.000000
v 25455.000000 -19.999901 -15650.000000
v 25455.000000 0.000000 -15650.000000
v 25455.000000 15.052200 -19389.994141
v 25455.000000 15.052200 -15560.004883
v 25455.000000 21.998800 -15605.004883
v 25455.000000 21.998800 -19344.994141
v 25455.000000 24.999901 -19300.000000
v 25455.000000 24.999901 -15650.000000
v 25455.000000 0.000000 -14434.994141
v 25455.000000 -0.202200 -14479.994141
v 25455.000000 -5.002200 -14479.994141
v 25455.000000 -0.200000 -10470.000000
v 25455.000000 0.003700 -10515.004883
v 25455.000000 -4.999900 -10470.000000
v 25455.000000 4.919300 -14434.994141
v 25455.000000 4.919300 -10515.004883
v 25455.000000 -40.080601 -14434.994141
v 25455.000000 -45.002201 -14479.994141
v 25455.000000 -40.080601 -10515.004883
v 25455.000000 -44.999901 -10470.000000
v 25455.000000 -29.947701 -14389.994141
v 25455.000000 0.000000 -14389.994141
v 25455.000000 -29.947701 -10560.004883
v 25455.000000 -0.000500 -10560.004883
v 25455.000000 -23.001101 -10605.004883
v 25455.000000 0.000000 -10605.004883
v 25455.000000 -23.001101 -14344.994141
v 25455.000000 0.000000 -14344.994141
v 25455.000000 -19.999901 -14300.000000
v 25455.000000 0.000000 -14300.000000
v 25455.000000 -19.999901 -10650.000000
v 25455.000000 0.000000 -10650.000000
v 25455.000000 15.052200 -14389.994141
v 25455.000000 15.052200 -10560.004883
v 25455.000000 21.998800 -10605.004883
v 25455.000000 21.998800 -14344.994141
v 25455.000000 24.999901 -14300.000000
v 25455.000000 24.999901 -10650.000000
v 25455.000000 0.000000 -9434.994141
v 25455.000000 -0.202200 -9479.994141
v 25455.000000 -5.002200 -9479.994141
v 25455.000000 -0.200000 -5470.000000
v 25455.000000 0.003700 -5515.005371
v 25455.000000 -4.999900 -5470.000000
v 25455.000000 4.919300 -9434.994141
v 25455.000000 4.919300 -5515.005371
v 25455.000000 -40.080601 -9434.994141
v 25455.000000 -45.002201 -9479.994141
v 25455.000000 -40.080601 -5515.005371
v 25455.000000 -44.999901 -5470.000000
v 25455.000000 -29.947701 -9389.994141
v 25455.000000 0.000000 -9389.994141
v 25455.000000 -29.947701 -5560.005371
v 25455.000000 -0.000500 -5560.005371
v 25455.000000 -23.001101 -5605.005371
v 25455.000000 0.000000 -5605.005371
v 25455.000000 -23.001101 -9344.994141
v 25455.000000 0.000000 -9344.994141
v 25455.000000 -19.999901 -9300.000000
v 25455.000000 0.000000 -9300.000000
v 25455.000000 -19.999901 -5650.000000
v 25455.000000 0.000000 -5650.000000
v 25455.000000 15.052200 -9389.994141
v 25455.000000 15.052200 -5560.005371
v 25455.000000 21.998800 -5605.005371
v 25455.000000 21.998800 -9344.994141
v 25455.000000 24.999901 -9300.000000
v 25455.000000 24.999901 -5650.000000
v 64.999901 0.003700 -515.005310
v 64.999901 -0.200000 -469.999908
v 64.999901 -4.999900 -469.999908
v 64.999901 4.919300 -515.005310
v 64.999901 0.000000 -4434.994629
v 64.999901 -40.080601 -4434.994629
v 64.999901 -5.002200 -4479.994629
v 64.999901 -45.002201 -4479.994629
v 64.999901 -40.080601 -515.005310
v 64.999901 -44.999901 -469.999908
v 64.999901 -29.947701 -4389.994629
v 64.999901 0.000000 -4389.994629
v 64.999901 -29.947701 -560.005310
v 64.999901 -0.000500 -560.005310
v 64.999901 -23.001101 -605.005310
v 64.999901 0.000000 -605.005310
v 64.999901 -23.001101 -4344.994629
v 64.999901 0.000000 -4344.994629
v 64.999901 -19.999901 -4300.000000
v 64.999901 0.000000 -4300.000000
v 64.999901 -19.999901 -649.999878
v 64.999901 0.000000 -649.999878
v 64.999901 4.919300 -4434.994629
v 64.999901 15.052200 -4389.994629
v 64.999901 15.052200 -560.005310
v 64.999901 21.998800 -605.005310
v 64.999901 21.998800 -4344.994629
v 64.999901 24.999901 -4300.000000
v 64.999901 24.999901 -649.999878
v 64.999901 0.003700 -5515.005371
v 64.999901 -0.200000 -5470.000000
v 64.999901 -4.999900 -5470.000000
v 64.999901 4.919300 -5515.005371
v 64.999901 0.000000 -9434.994141
v 64.999901 -40.080601 -9434.994141
v 64.999901 -5.002200 -9479.994141
v 64.999901 -45.002201 -9479.994141
v 64.999901 -40.080601 -5515.005371
v 64.999901 -44.999901 -5470.000000
v 64.999901 -29.947701 -9389.994141
v 64.999901 0.000000 -9389.994141
v 64.999901 -29.947701 -5560.005371
v 64.999901 -0.000500 -5560.005371
v 64.999901 -23.001101 -5605.005371
v 64.999901 0.000000 -5605.005371
v 64.999901 -23.001101 -9344.994141
v 64.999901 0.000000 -9344.994141
v 64.999901 -19.999901 -9300.000000
v 64.999901 0.000000 -9300.000000
v 64.999901 -19.999901 -5650.000000
v 64.999901 0.000000 -5650.000000
v 64.999901 4.919300 -9434.994141
v 64.999901 15.052200 -9389.994141
v 64.999901 15.052200 -5560.005371
v 64.999901 21.998800 -5605.005371
v 64.999901 21.998800 -9344.994141
v 64.999901 24.999901 -9300.000000
v 64.999901 24.999901 -5650.000000
v -64.999901 -104.999901 -9479.995117
v 64.997200 -104.999901 -9479.994141
v -64.999901 -45.002201 -9479.995117
v 64.999901 -45.002201 -9479.995117
v 224.676498 -104.999901 -9544.707031
v 224.676498 -4.999900 -9544.707031
v 64.999901 -5.002200 -9479.995117
v 302.152100 -104.999901 -10348.901367
v 198.335205 -104.999901 -10440.322266
v 302.152100 -4.999900 -10348.901367
v 198.335205 -4.999900 -10440.322266
v 334.691711 -104.999901 -9676.416016
v 334.691711 -4.999900 -9676.416016
v 350.186798 -104.999901 -10234.238281
v 350.186798 -4.999900 -10234.238281
v 362.582794 -104.999901 -9791.079102
v 362.582794 -4.999900 -9791.079102
v 365.681885 -104.999901 -10121.124023
v 365.681885 -4.999900 -10121.124023
v 365.681885 -104.999901 -9873.203125
v 365.681885 -4.999900 -9873.203125
v 365.681885 -104.999901 -10018.856445
v 365.681885 -4.999900 -10018.856445
v 365.681885 -104.999901 -9955.327148
v 365.681885 -4.999900 -9955.327148
v -64.999901 -104.999901 -14479.995117
v 64.997200 -104.999901 -14479.994141
v -64.999901 -45.002201 -14479.995117
v 64.999901 -45.002201 -14479.995117
v 224.676498 -104.999901 -14544.707031
v 224.676498 -4.999900 -14544.707031
v 64.999901 -5.002200 -14479.995117
v 334.691711 -104.999901 -14676.416016
v 334.691711 -4.999900 -14676.416016
v 350.186798 -104.999901 -15234.238281
v 302.152100 -104.999901 -15348.901367
v 350.186798 -4.999900 -15234.238281
v 302.152100 -4.999900 -15348.901367
v 362.582794 -104.999901 -14791.079102
v 362.582794 -4.999900 -14791.079102
v 365.681885 -104.999901 -15121.124023
v 365.681885 -4.999900 -15121.124023
v 365.681885 -104.999901 -14873.203125
v 365.681885 -4.999900 -14873.203125
v 365.681885 -104.999901 -15018.856445
v 365.681885 -4.999900 -15018.856445
v 365.681885 -104.999901 -14955.327148
v 365.681885 -4.999900 -14955.327148
v 3190.293213 -104.999901 2560.323486
v 3190.293213 -4.999900 2560.323486
v 3207.337158 -104.999901 2989.536865
v 3207.337158 -4.999900 2989.536865
v 3255.005371 -104.999901 2720.002686
v 3255.005371 -5.002200 2720.000000
v 3255.005371 -104.999901 2850.000000
v 3255.005371 -5.002200 2850.000000
v 2943.921143 -104.999901 2422.417236
v 2861.796875 -104.999901 2419.318115
v 2943.921143 -4.999900 2422.417236
v 2861.796875 -4.999900 2419.318115
v 2846.302002 -104.999901 3125.893066
v 2968.713135 -104.999901 3118.145508
v 2846.302002 -4.999900 3125.893066
v 2968.713135 -4.999900 3118.145508
v 3058.583984 -104.999901 2450.308350
v 3058.583984 -4.999900 2450.308350
v 3106.619385 -104.999901 3077.858398
v 3106.619385 -4.999900 3077.858398
v 7294.678223 -104.999901 2586.664795
v 7264.997559 -104.999901 2719.999268
v 7294.678223 -4.999900 2586.664795
v 7265.000000 -104.999901 2850.000000
v 7328.767090 -104.999901 2989.536865
v 7328.767090 -4.999900 2989.536865
v 8255.004883 -45.002201 2720.000000
v 8190.292969 -104.999901 2560.323486
v 8190.292969 -4.999900 2560.323486
v 8207.336914 -104.999901 2989.536865
v 8255.004883 -45.002201 2850.000000
v 8207.336914 -4.999900 2989.536865
v 8255.004883 -5.002200 2720.000000
v 8255.005859 -104.999901 2720.002686
v 8255.004883 -104.999901 2850.000000
v 8255.004883 -5.002200 2850.000000
v 7386.099121 -104.999901 2482.847900
v 7386.099121 -4.999900 2482.847900
v 7418.638184 -104.999901 3070.111084
v 7418.638184 -4.999900 3070.111084
v 7500.762207 -104.999901 2434.813232
v 7500.762207 -4.999900 2434.813232
v 7506.960449 -104.999901 3111.947998
v 7506.960449 -4.999900 3111.947998
v 7599.931152 -104.999901 3125.893066
v 7599.931152 -4.999900 3125.893066
v 7613.875977 -104.999901 2419.318115
v 7613.875977 -4.999900 2419.318115
v 7685.153809 -104.999901 3125.893066
v 7685.153809 -4.999900 3125.893066
v 7716.144043 -104.999901 2419.318115
v 7716.144043 -4.999900 2419.318115
v 7748.682617 -104.999901 3125.893066
v 7748.682617 -4.999900 3125.893066
v 7779.672852 -104.999901 2419.318115
v 7779.672852 -4.999900 2419.318115
v 7846.301758 -104.999901 3125.893066
v 7846.301758 -4.999900 3125.893066
v 7861.796875 -104.999901 2419.318115
v 7861.796875 -4.999900 2419.318115
v 7943.920898 -104.999901 2422.417236
v 7943.920898 -4.999900 2422.417236
v 7968.712891 -104.999901 3118.145508
v 7968.712891 -4.999900 3118.145508
v 8058.583984 -104.999901 2450.308350
v 8058.583984 -4.999900 2450.308350
v 8106.619141 -104.999901 3077.858398
v 8106.619141 -4.999900 3077.858398
v 12294.676758 -104.999901 2586.664795
v 12264.997070 -104.999901 2719.999268
v 12294.676758 -4.999900 2586.664795
v 12265.000000 -104.999901 2850.000000
v 12328.766602 -104.999901 2989.536865
v 12328.766602 -4.999900 2989.536865
v 13255.004883 -45.002201 2720.000000
v 13190.292969 -104.999901 2560.323486
v 13190.292969 -4.999900 2560.323486
v 13207.336914 -104.999901 2989.536865
v 13255.004883 -45.002201 2850.000000
v 13207.336914 -4.999900 2989.536865
v 13255.005859 -104.999901 2720.002686
v 13255.004883 -104.999901 2850.000000
v 12386.098633 -104.999901 2482.847900
v 12386.098633 -4.999900 2482.847900
v 12418.637695 -104.999901 3070.111084
v 12418.637695 -4.999900 3070.111084
v 12500.761719 -104.999901 2434.813232
v 12500.761719 -4.999900 2434.813232
v 12506.959961 -104.999901 3111.947998
v 12506.959961 -4.999900 3111.947998
v 12599.930664 -104.999901 3125.893066
v 12599.930664 -4.999900 3125.893066
v 12613.875977 -104.999901 2419.318115
v 12613.875977 -4.999900 2419.318115
v 12685.153320 -104.999901 3125.893066
v 12685.153320 -4.999900 3125.893066
v 12716.143555 -104.999901 2419.318115
v 12716.143555 -4.999900 2419.318115
v 12748.682617 -104.999901 3125.893066
v 12748.682617 -4.999900 3125.893066
v 12779.672852 -104.999901 2419.318115
v 12779.672852 -4.999900 2419.318115
v 12846.301758 -104.999901 3125.893066
v 12846.301758 -4.999900 3125.893066
v 12861.796875 -104.999901 2419.318115
v 12861.796875 -4.999900 2419.318115
v 12943.920898 -104.999901 2422.417236
v 12943.920898 -4.999900 2422.417236
v 12968.712891 -104.999901 3118.145508
v 12968.712891 -4.999900 3118.145508
v 13058.583984 -104.999901 2450.308350
v 13058.583984 -4.999900 2450.308350
v 13106.619141 -104.999901 3077.858398
v 13106.619141 -4.999900 3077.858398
v 17294.677734 -104.999901 2586.664795
v 17264.998047 -104.999901 2719.999268
v 17294.677734 -4.999900 2586.664795
v 17265.000000 -104.999901 2850.000000
v 17328.767578 -104.999901 2989.536865
v 17328.767578 -4.999900 2989.536865
v 18190.292969 -104.999901 2560.323486
v 18190.292969 -4.999900 2560.323486
v 18207.337891 -104.999901 2989.536865
v 18207.337891 -4.999900 2989.536865
v 18255.005859 -104.999901 2720.002686
v 18255.005859 -104.999901 2850.000000
v 17386.099609 -104.999901 2482.847900
v 17386.099609 -4.999900 2482.847900
v 17418.638672 -104.999901 3070.111084
v 17418.638672 -4.999900 3070.111084
v 17500.761719 -104.999901 2434.813232
v 17500.761719 -4.999900 2434.813232
v 17506.960938 -104.999901 3111.947998
v 17506.960938 -4.999900 3111.947998
v 17599.931641 -104.999901 3125.893066
v 17599.931641 -4.999900 3125.893066
v 17613.876953 -104.999901 2419.318115
v 17613.876953 -4.999900 2419.318115
v 17685.154297 -104.999901 3125.893066
v 17685.154297 -4.999900 3125.893066
v 17716.144531 -104.999901 2419.318115
v 17716.144531 -4.999900 2419.318115
v 17748.683594 -104.999901 3125.893066
v 17748.683594 -4.999900 3125.893066
v 17779.673828 -104.999901 2419.318115
v 17779.673828 -4.999900 2419.318115
v 17846.302734 -104.999901 3125.893066
v 17846.302734 -4.999900 3125.893066
v 17861.796875 -104.999901 2419.318115
v 17861.796875 -4.999900 2419.318115
v 17943.921875 -104.999901 2422.417236
v 17943.921875 -4.999900 2422.417236
v 17968.712891 -104.999901 3118.145508
v 17968.712891 -4.999900 3118.145508
v 18058.583984 -104.999901 2450.308350
v 18058.583984 -4.999900 2450.308350
v 18106.619141 -104.999901 3077.858398
v 18106.619141 -4.999900 3077.858398
v 22294.677734 -104.999901 2586.664795
v 22264.998047 -104.999901 2719.999268
v 22294.677734 -4.999900 2586.664795
v 22265.000000 -104.999901 2850.000000
v 22328.767578 -104.999901 2989.536865
v 22328.767578 -4.999900 2989.536865
v 22386.099609 -104.999901 2482.847900
v 22386.099609 -4.999900 2482.847900
v 22418.638672 -104.999901 3070.111084
v 22418.638672 -4.999900 3070.111084
v 22500.761719 -104.999901 2434.813232
v 22500.761719 -4.999900 2434.813232
v 22506.960938 -104.999901 3111.947998
v 22506.960938 -4.999900 3111.947998
v 22599.931641 -104.999901 3125.893066
v 22599.931641 -4.999900 3125.893066
v 22613.876953 -104.999901 2419.318115
v 22613.876953 -4.999900 2419.318115
v 22685.154297 -104.999901 3125.893066
v 22685.154297 -4.999900 3125.893066
v 25315.462891 -104.999901 -19527.662109
v 25315.462891 -4.999900 -19527.662109
v 25455.000000 -104.999901 -19479.994141
v 25179.107422 -104.999901 -20135.068359
v 25179.107422 -104.999901 -20049.845703
v 25179.107422 -4.999900 -20135.068359
v 25179.107422 -4.999900 -20049.845703
v 25179.107422 -104.999901 -19986.316406
v 25179.107422 -4.999900 -19986.316406
v 25179.107422 -104.999901 -19888.697266
v 25179.107422 -4.999900 -19888.697266
v 25186.853516 -104.999901 -19766.287109
v 25186.853516 -4.999900 -19766.287109
v 25193.052734 -104.999901 -20228.039063
v 25193.052734 -4.999900 -20228.039063
v 25227.140625 -104.999901 -19628.380859
v 25227.140625 -4.999900 -19628.380859
v 25234.888672 -104.999901 -20316.361328
v 25234.888672 -4.999900 -20316.361328
v 25584.998047 -104.999901 -19479.994141
v 25585.000000 -45.002201 -19479.994141
v 25315.462891 -104.999901 472.337067
v 25455.000000 -45.002201 520.005310
v 25315.462891 -4.999900 472.337067
v 25455.000000 -104.999901 520.005310
v 25455.000000 -5.002200 520.005310
v 25179.107422 -104.999901 -135.069000
v 25179.107422 -104.999901 -49.846401
v 25179.107422 -4.999900 -135.069000
v 25179.107422 -4.999900 -49.846401
v 25179.107422 -104.999901 13.682800
v 25179.107422 -4.999900 13.682800
v 25179.107422 -104.999901 111.302002
v 25179.107422 -4.999900 111.302002
v 25186.853516 -104.999901 233.713104
v 25186.853516 -4.999900 233.713104
v 25193.052734 -104.999901 -228.039703
v 25193.052734 -4.999900 -228.039703
v 25227.140625 -104.999901 371.619293
v 25227.140625 -4.999900 371.619293
v 25234.888672 -104.999901 -316.362000
v 25234.888672 -4.999900 -316.362000
v 25315.462891 -104.999901 -406.233093
v 25315.462891 -4.999900 -406.233093
v 25584.998047 -104.999901 520.005371
v 25585.000000 -45.002201 520.005310
v 25315.462891 -104.999901 -4527.663086
v 25315.462891 -4.999900 -4527.663086
v 25455.000000 -104.999901 -4479.994629
v 25179.107422 -104.999901 -5135.068848
v 25179.107422 -104.999901 -5049.846191
v 25179.107422 -4.999900 -5135.068848
v 25179.107422 -4.999900 -5049.846191
v 25179.107422 -104.999901 -4986.317383
v 25179.107422 -4.999900 -4986.317383
v 25179.107422 -104.999901 -4888.698242
v 25179.107422 -4.999900 -4888.698242
v 25186.853516 -104.999901 -4766.287109
v 25186.853516 -4.999900 -4766.287109
v 25193.052734 -104.999901 -5228.039551
v 25193.052734 -4.999900 -5228.039551
v 25227.140625 -104.999901 -4628.380859
v 25227.140625 -4.999900 -4628.380859
v 25234.888672 -104.999901 -5316.361816
v 25234.888672 -4.999900 -5316.361816
v 25315.462891 -104.999901 -5406.232910
v 25315.462891 -4.999900 -5406.232910
v 25584.998047 -104.999901 -4479.994629
v 25585.000000 -45.002201 -4479.994629
v 25315.462891 -104.999901 -9527.663086
v 25455.000000 -45.002201 -9479.995117
v 25315.462891 -4.999900 -9527.663086
v 25455.000000 -104.999901 -9479.995117
v 25455.000000 -5.002200 -9479.995117
v 25179.107422 -104.999901 -10135.069336
v 25179.107422 -104.999901 -10049.846680
v 25179.107422 -4.999900 -10135.069336
v 25179.107422 -4.999900 -10049.846680
v 25179.107422 -104.999901 -9986.317383
v 25179.107422 -4.999900 -9986.317383
v 25179.107422 -104.999901 -9888.698242
v 25179.107422 -4.999900 -9888.698242
v 25186.853516 -104.999901 -9766.287109
v 25186.853516 -4.999900 -9766.287109
v 25193.052734 -104.999901 -10228.040039
v 25193.052734 -4.999900 -10228.040039
v 25227.140625 -104.999901 -9628.380859
v 25227.140625 -4.999900 -9628.380859
v 25234.888672 -104.999901 -10316.362305
v 25234.888672 -4.999900 -10316.362305
v 25315.462891 -104.999901 -10406.233398
v 25315.462891 -4.999900 -10406.233398
v 25584.998047 -104.999901 -9479.994141
v 25585.000000 -45.002201 -9479.995117
v 25315.462891 -104.999901 -14527.663086
v 25455.000000 -45.002201 -14479.995117
v 25315.462891 -4.999900 -14527.663086
v 25455.000000 -104.999901 -14479.995117
v 25455.000000 -5.002200 -14479.995117
v 25179.107422 -104.999901 -15135.069336
v 25179.107422 -104.999901 -15049.846680
v 25179.107422 -4.999900 -15135.069336
v 25179.107422 -4.999900 -15049.846680
v 25179.107422 -104.999901 -14986.317383
v 25179.107422 -4.999900 -14986.317383
v 25179.107422 -104.999901 -14888.698242
v 25179.107422 -4.999900 -14888.698242
v 25186.853516 -104.999901 -14766.287109
v 25186.853516 -4.999900 -14766.287109
v 25193.052734 -104.999901 -15228.040039
v 25193.052734 -4.999900 -15228.040039
v 25227.140625 -104.999901 -14628.380859
v 25227.140625 -4.999900 -14628.380859
v 25234.888672 -104.999901 -15316.362305
v 25234.888672 -4.999900 -15316.362305
v 25315.462891 -104.999901 -15406.233398
v 25315.462891 -4.999900 -15406.233398
v 25584.998047 -104.999901 -14479.994141
v 25585.000000 -45.002201 -14479.995117
v 2310.000000 -4.999900 2720.000000
v 2294.677979 -4.999900 2586.664795
v 2265.000000 -4.999900 2720.000000
v 2328.766846 -4.999900 2989.536865
v 2310.000000 -4.999900 2850.000000
v 2265.000000 -4.999900 2850.000000
v 2413.427979 -4.999800 2646.794189
v 2418.159424 -4.999800 2914.849854
v 2386.098877 -4.999900 2482.847900
v 2386.488525 -4.999800 2739.687744
v 2387.418213 -4.999800 2820.505615
v 2485.105713 -4.999800 2973.072510
v 2418.637939 -4.999900 3070.111084
v 2487.743408 -4.999800 2578.981689
v 2500.761963 -4.999900 2434.813232
v 2558.087158 -4.999800 3003.897705
v 2506.960205 -4.999900 3111.947998
v 2573.205322 -4.999800 2565.047607
v 2599.930908 -4.999900 3125.893311
v 2613.876221 -4.999900 2419.318115
v 2623.810791 -4.999800 3009.197998
v 2652.438721 -4.999800 2564.118896
v 3005.024658 -4.999800 2997.699463
v 2908.721924 -4.999800 3011.317871
v 2910.671875 -4.999900 2571.832764
v 2983.129150 -4.999900 2590.411377
v 3059.302002 -4.999900 2656.365967
v 3067.973877 -4.999800 2923.330811
v 3210.005127 -4.999900 2720.000000
v 3210.005127 -4.999900 2850.000000
v 2685.153564 -4.999900 3125.893066
v 2687.413330 -4.999800 3011.318115
v 2716.143799 -4.999900 2419.318115
v 2717.190674 -4.999800 2566.905518
v 2748.682861 -4.999900 3125.893066
v 2748.896729 -4.999800 3011.317871
v 2784.337158 -4.999900 2567.187744
v 2779.673096 -4.999900 2419.318115
v 2818.779541 -4.999800 3011.317871
v 2845.646729 -4.999900 2569.045654
v 3084.926025 -4.999900 2748.072998
v 3084.926025 -4.999900 2833.036377
v -64.999901 -104.999901 520.005310
v 64.997200 -104.999901 520.005371
v -64.999901 -45.002201 520.005310
v 64.999901 -45.002201 520.005310
v 224.676498 -104.999901 455.293213
v 224.676498 -4.999900 455.293213
v 64.999901 -5.002200 520.005310
v 302.152100 -104.999901 -348.901093
v 198.335205 -104.999901 -440.321991
v 302.152100 -4.999900 -348.901093
v 198.335205 -4.999900 -440.321991
v 334.691711 -104.999901 323.584106
v 334.691711 -4.999900 323.584106
v 350.186798 -104.999901 -234.238007
v 350.186798 -4.999900 -234.238007
v 362.582794 -104.999901 208.921097
v 362.582794 -4.999900 208.921097
v 365.681885 -104.999901 -121.123802
v 365.681885 -4.999900 -121.123802
v 365.681885 -104.999901 126.796997
v 365.681885 -4.999900 126.796997
v 365.681885 -104.999901 -18.856199
v 365.681885 -4.999900 -18.856199
v 365.681885 -104.999901 44.673000
v 365.681885 -4.999900 44.673000
v -64.999901 -104.999901 -4479.994629
v 64.997200 -104.999901 -4479.994629
v -64.999901 -45.002201 -4479.994629
v 224.676498 -104.999901 -4544.707031
v 224.676498 -4.999900 -4544.707031
v 302.152100 -104.999901 -5348.900879
v 198.335205 -104.999901 -5440.321777
v 302.152100 -4.999900 -5348.900879
v 198.335205 -4.999900 -5440.321777
v 334.691711 -104.999901 -4676.416016
v 334.691711 -4.999900 -4676.416016
v 350.186798 -104.999901 -5234.237793
v 350.186798 -4.999900 -5234.237793
v 362.582794 -104.999901 -4791.079102
v 362.582794 -4.999900 -4791.079102
v 365.681885 -104.999901 -5121.124023
v 365.681885 -4.999900 -5121.124023
v 365.681885 -104.999901 -4873.203125
v 365.681885 -4.999900 -4873.203125
v 365.681885 -104.999901 -5018.855957
v 365.681885 -4.999900 -5018.855957
v 365.681885 -104.999901 -4955.327148
v 365.681885 -4.999900 -4955.327148
v 22413.425781 -4.999800 2646.794189
v 22418.158203 -4.999800 2914.849854
v 22386.486328 -4.999800 2739.687744
v 22387.417969 -4.999800 2820.505615
v 22485.107422 -4.999800 2973.072510
v 22487.744141 -4.999800 2578.981689
v 22500.759766 -4.999900 2434.813232
v 22558.087891 -4.999800 3003.897705
v 22573.205078 -4.999800 2565.047607
v 22599.931641 -4.999900 3125.893311
v 22623.810547 -4.999800 3009.197998
v 22652.439453 -4.999800 2564.118896
v 23005.025391 -4.999800 2997.699463
v 22908.722656 -4.999800 3011.317871
v 22968.712891 -4.999900 3118.145508
v 22910.671875 -4.999900 2571.832764
v 23058.583984 -4.999900 2450.308350
v 22943.921875 -4.999900 2422.417236
v 22983.130859 -4.999900 2590.411377
v 23106.619141 -4.999900 3077.858398
v 23190.292969 -4.999900 2560.323486
v 23059.302734 -4.999900 2656.365967
v 23207.337891 -4.999900 2989.536865
v 23067.974609 -4.999800 2923.330811
v 23210.005859 -4.999900 2720.000000
v 23255.005859 -5.002200 2720.000000
v 23255.005859 -5.002200 2850.000000
v 23210.005859 -4.999900 2850.000000
v 22687.414063 -4.999800 3011.318115
v 22716.144531 -4.999900 2419.318115
v 22717.191406 -4.999800 2566.905518
v 22748.683594 -4.999900 3125.893066
v 22748.896484 -4.999800 3011.317871
v 22784.337891 -4.999900 2567.187744
v 22779.673828 -4.999900 2419.318115
v 22846.302734 -4.999900 3125.893066
v 22818.779297 -4.999800 3011.317871
v 22861.796875 -4.999900 2419.318115
v 22845.646484 -4.999900 2569.045654
v 23084.923828 -4.999900 2748.072998
v 23084.925781 -4.999900 2833.036377
v 50.000000 4.919300 565.005371
v 65.000000 4.919300 565.005371
v 50.000000 -0.202200 520.005371
v 65.000000 -0.202200 520.005371
v 50.000000 15.052200 610.005371
v 65.000000 15.052200 610.005371
v 50.000000 21.998800 655.005371
v 65.000000 21.998800 655.005371
v 50.000000 24.999901 700.000000
v 65.000000 24.999901 700.000000
v 50.000240 24.999901 850.000122
v 65.000000 24.999901 850.000854
v 59.077148 24.999901 1034.762939
v 74.000237 24.999901 1033.293579
v 86.220703 24.999901 1217.744873
v 100.927254 24.999901 1214.820923
v 131.166992 24.999901 1397.186890
v 145.517578 24.999901 1392.834351
v 193.488037 24.999901 1571.358398
v 207.341309 24.999901 1565.619995
v 272.579590 24.999901 1738.582764
v 285.802979 25.000000 1731.514526
v 367.679443 24.999901 1897.249878
v 380.148193 25.000000 1888.919312
v 477.875732 24.999901 2045.830811
v 489.467285 25.000000 2036.318481
v 602.104248 24.999901 2182.895508
v 612.706787 24.999901 2172.292969
v 739.168945 25.000000 2307.124023
v 748.681885 24.999901 2295.532959
v 887.750244 25.000000 2417.320557
v 896.081299 24.999901 2404.852783
v 1046.417236 25.000000 2512.421143
v 1053.485596 24.999901 2499.196777
v 1213.641846 24.999901 2591.511963
v 1219.379761 24.999901 2577.658691
v 2219.994629 4.919300 2735.000000
v 2219.994629 0.003700 2735.000000
v 2265.000000 -0.200000 2735.000000
v 2265.000000 -4.999900 2735.000000
v 1387.813354 24.999901 2653.832520
v 1392.165771 24.999901 2639.482422
v 1567.254395 24.999901 2698.780029
v 1570.179565 24.999901 2684.072510
v 1750.237427 24.999901 2725.923096
v 1751.706787 24.999901 2710.999512
v 1934.999878 24.999901 2735.000000
v 1934.999878 24.999901 2720.000000
v 1934.999878 19.999901 2735.000000
v 2085.000000 24.999901 2735.000000
v 2085.000000 19.999901 2735.000000
v 2085.000000 24.999901 2720.000000
v 2085.000000 24.999901 2850.000000
v 2085.000000 24.999901 2835.000000
v 1934.999878 24.999901 2850.000000
v 1934.999878 24.999901 2835.000000
v 2129.994629 21.998800 2735.000000
v 2129.994629 16.998800 2735.000000
v 2129.994629 21.998800 2720.000000
v 2129.994629 21.998800 2835.000000
v 2129.994629 21.998800 2850.000000
v 2174.994629 15.052200 2735.000000
v 2174.994629 10.052200 2735.000000
v 2174.994629 15.052200 2720.000000
v 2174.994629 15.052200 2835.000000
v 2174.994629 15.052200 2850.000000
v 2219.994629 4.919300 2720.000000
v 2219.994629 4.919300 2835.000000
v 2219.994629 4.919300 2850.000000
v 2265.000000 -0.200000 2720.000000
v 2265.000000 -0.200000 2835.000000
v 2265.000000 -0.200000 2850.000000
v 2310.000000 -0.200000 2735.000000
v 2310.000000 -4.999900 2735.000000
v 2310.000000 -0.200000 2720.000000
v 2310.000000 -0.200000 2835.000000
v 2310.000000 -0.200000 2850.000000
v 2310.000000 -4.999900 2835.000000
v 23300.005859 0.003700 2835.000000
v 23255.000000 -4.999900 2835.000000
v 23255.000000 -0.199900 2835.000000
v 23300.005859 4.919300 2835.000000
v 24853.785156 24.999901 2396.020264
v 24988.605469 24.999901 2253.606445
v 24844.269531 24.999901 2384.425293
v 23210.000000 -5.000000 2850.000000
v 23210.000000 -0.200000 2850.000000
v 23210.000000 -4.999900 2835.000000
v 23210.000000 -0.200000 2835.000000
v 23210.000000 -4.999900 2735.000000
v 23210.000000 -0.200000 2735.000000
v 23210.000000 -4.999900 2720.000000
v 23210.000000 -0.200000 2720.000000
v 23255.000000 -0.200000 2720.000000
v 23255.000000 -0.200000 2735.000000
v 23255.000000 -0.200000 2850.000000
v 23300.005859 4.919300 2720.000000
v 23300.005859 4.919300 2735.000000
v 23300.005859 4.919300 2850.000000
v 23345.005859 15.052200 2835.000000
v 23345.005859 10.052200 2835.000000
v 23345.005859 15.052200 2720.000000
v 23345.005859 15.052200 2735.000000
v 23345.005859 15.052200 2850.000000
v 23390.005859 16.998800 2835.000000
v 23390.005859 21.998800 2835.000000
v 23390.005859 21.998800 2720.000000
v 23390.005859 21.998800 2735.000000
v 23390.005859 21.998800 2850.000000
v 23435.000000 19.999901 2835.000000
v 23435.000000 24.999901 2835.000000
v 23435.000000 24.999901 2720.000000
v 23435.000000 24.999901 2735.000000
v 23435.000000 24.999901 2850.000000
v 23585.000000 19.999901 2835.000000
v 23585.000000 24.999901 2835.000000
v 23585.000000 24.999901 2720.000000
v 23585.000000 24.999901 2735.000000
v 23585.000000 24.999901 2850.000000
v 23769.761719 24.999901 2725.923096
v 23768.292969 24.999901 2710.999512
v 23779.564453 19.999901 2825.441406
v 23779.564453 24.999901 2825.441406
v 23781.035156 24.999901 2840.369629
v 23952.746094 24.999901 2698.780029
v 23949.820313 24.999901 2684.072510
v 23972.253906 19.999901 2796.858398
v 23972.253906 24.999901 2796.858398
v 23975.181641 24.999901 2811.570313
v 24132.187500 24.999901 2653.832520
v 24127.833984 24.999901 2639.482422
v 24161.214844 25.000000 2749.526367
v 24161.214844 20.000000 2749.526367
v 24165.570313 24.999901 2763.880371
v 24306.357422 25.000000 2591.511963
v 24300.621094 25.000000 2577.658691
v 24344.626953 24.999901 2683.900879
v 24344.626953 20.000000 2683.900879
v 24350.367188 24.999901 2697.758789
v 24473.582031 25.000000 2512.421143
v 24466.513672 24.999901 2499.196777
v 24520.722656 24.999901 2600.613525
v 24520.722656 19.999901 2600.613525
v 24527.792969 24.999901 2613.842285
v 24632.250000 25.000000 2417.320557
v 24623.917969 24.999901 2404.852783
v 24687.806641 19.999901 2500.467041
v 24687.806641 24.999901 2500.467041
v 24696.140625 24.999901 2512.938965
v 24780.832031 25.000000 2307.124023
v 24771.318359 24.999901 2295.532959
v 24844.269531 19.999901 2384.425293
v 24917.896484 24.999901 2182.895508
v 24907.292969 24.999901 2172.292969
v 24988.605469 19.999901 2253.606445
v 25042.125000 24.999901 2045.830811
v 25030.533203 25.000000 2036.318481
v 25152.320313 24.999901 1897.249756
v 25139.851563 25.000000 1888.919434
v 25247.419922 24.999901 1738.582764
v 25234.197266 25.000000 1731.514526
v 25326.511719 25.000000 1571.358398
v 25312.658203 24.999901 1565.619995
v 25388.832031 24.999901 1397.186890
v 25374.482422 24.999901 1392.834351
v 25433.779297 24.999901 1217.744873
v 25419.072266 24.999901 1214.820923
v 25460.921875 24.999901 1034.762939
v 25446.000000 24.999901 1033.293579
v 25470.000000 24.999901 850.000122
v 25455.000000 24.999901 850.000854
v 25470.000000 -0.202200 520.005371
v 25470.000000 -0.201100 475.005371
v 25455.000000 -0.202200 520.005371
v 25455.000000 -0.201100 475.005371
v 25470.000000 4.919300 565.005371
v 25455.000000 4.919300 565.005371
v 25470.000000 15.052200 610.005371
v 25455.000000 15.052200 610.005371
v 25470.000000 21.998800 655.005371
v 25455.000000 21.998800 655.005371
v 25470.000000 24.999901 700.000000
v 25455.000000 24.999901 700.000000
v 65.000000 0.000000 565.005371
v 65.000000 -5.002200 520.005371
v 65.000000 -40.080601 565.005371
v 65.000000 -45.002201 520.005371
v 65.000000 -29.947701 610.005371
v 65.000000 0.000000 610.005371
v 65.000000 -23.001101 655.005371
v 65.000000 0.000000 655.005371
v 65.000000 -19.999901 700.000000
v 65.000000 0.000000 700.000000
v 65.000000 -19.999901 850.000854
v 65.000000 0.000000 850.000854
v 74.000237 0.000000 1033.293579
v 74.000488 -19.999901 1033.293457
v 100.927254 0.000000 1214.820923
v 100.927254 -19.999901 1214.820923
v 145.517578 -19.999901 1392.834351
v 145.517578 0.000000 1392.834351
v 207.341309 -19.999901 1565.619995
v 207.341309 0.000000 1565.619995
v 285.802979 -19.999901 1731.514526
v 285.802979 0.000000 1731.514526
v 380.148193 -19.999901 1888.919312
v 380.148193 0.000000 1888.919312
v 489.467285 -19.999901 2036.318481
v 489.467285 0.000000 2036.318481
v 612.706787 -19.999901 2172.292969
v 612.706787 0.000000 2172.292969
v 748.681885 -19.999901 2295.532959
v 748.681885 0.000000 2295.532959
v 896.081299 0.000000 2404.852783
v 896.081299 -19.999901 2404.852783
v 1053.485596 -19.999901 2499.196777
v 1053.485596 0.000000 2499.196777
v 1219.379761 -19.999901 2577.658691
v 1219.379761 0.000000 2577.658691
v 2219.994629 0.003700 2720.000000
v 2219.994629 0.003700 2850.000000
v 1392.165771 -19.999901 2639.482422
v 1392.165771 0.000000 2639.482422
v 1570.179565 0.000000 2684.072510
v 1570.179565 -19.999901 2684.072510
v 1751.706787 -19.999901 2710.999512
v 1751.706787 0.000000 2710.999512
v 1934.999878 -19.999901 2720.000000
v 1934.999878 0.000000 2720.000000
v 2085.000000 -19.999901 2720.000000
v 2085.000000 0.000000 2720.000000
v 1934.999878 0.000000 2850.000000
v 1934.999878 -19.999901 2850.000000
v 2085.000000 0.000000 2850.000000
v 2085.000000 -19.999901 2850.000000
v 2129.994629 -23.001101 2720.000000
v 2129.994629 0.000000 2720.000000
v 2129.994629 -23.001101 2850.000000
v 2129.994629 0.000000 2850.000000
v 2174.994629 -29.947701 2720.000000
v 2174.994629 -0.000500 2720.000000
v 2174.994629 -29.947701 2850.000000
v 2174.994629 -0.000500 2850.000000
v 2219.994629 -40.080601 2720.000000
v 2219.994629 -40.080601 2850.000000
v 2265.000000 -44.999901 2720.000000
v 2265.000000 -44.999901 2850.000000
v 23300.005859 0.003700 2720.000000
v 23255.000000 -4.999900 2720.000000
v 25455.000000 0.000000 565.005371
v 23255.000000 -44.999901 2720.000000
v 23300.005859 -40.080601 2720.000000
v 23345.005859 -29.947701 2720.000000
v 23345.005859 -0.000500 2720.000000
v 23390.005859 -23.001101 2720.000000
v 23390.005859 0.000000 2720.000000
v 23435.000000 -19.999901 2720.000000
v 23435.000000 0.000000 2720.000000
v 23585.000000 -19.999901 2720.000000
v 23585.000000 0.000000 2720.000000
v 23768.292969 -19.999901 2710.999512
v 23768.292969 0.000000 2710.999512
v 23949.820313 -19.999901 2684.072510
v 23949.820313 0.000000 2684.072510
v 24127.833984 0.000000 2639.482422
v 24127.833984 -19.999901 2639.482422
v 24300.621094 -19.999901 2577.658691
v 24300.621094 0.000000 2577.658691
v 24466.513672 -19.999901 2499.196777
v 24466.513672 0.000000 2499.196777
v 24623.917969 -19.999901 2404.852783
v 24623.917969 0.000000 2404.852783
v 24771.318359 0.000000 2295.532959
v 24771.318359 -19.999901 2295.532959
v 24907.292969 -19.999901 2172.292969
v 24907.292969 0.000000 2172.292969
v 25030.533203 -19.999901 2036.318481
v 25030.533203 0.000000 2036.318481
v 25139.851563 0.000000 1888.919434
v 25139.851563 -19.999901 1888.919434
v 25234.197266 -19.999901 1731.514526
v 25234.197266 0.000000 1731.514526
v 25312.658203 -19.999901 1565.619995
v 25312.658203 0.000000 1565.619995
v 25374.482422 -19.999901 1392.834351
v 25374.482422 0.000000 1392.834351
v 25419.072266 -19.999901 1214.820923
v 25419.072266 0.000000 1214.820923
v 25446.000000 -19.999901 1033.293457
v 25446.000000 0.000000 1033.293579
v 25455.000000 -19.999901 850.000977
v 25455.000000 0.000000 850.000977
v 25455.000000 -40.080601 565.005371
v 25455.000000 -29.947701 610.005371
v 25455.000000 0.000000 610.005371
v 25455.000000 -23.001101 655.005371
v 25455.000000 0.000000 655.005371
v 25455.000000 -19.999901 700.000000
v 25455.000000 0.000000 700.000000
v 25455.000000 -5.001100 475.005371
v 3300.005127 0.000000 2735.000000
v 3255.005371 -0.202200 2735.000000
v 3255.005371 -5.002200 2735.000000
v 3255.005127 -0.202200 2835.000000
v 3300.005127 0.000000 2835.000000
v 3255.005371 -5.002200 2835.000000
v 3300.005371 4.919300 2735.000000
v 3300.005371 4.919300 2835.000000
v 3210.005371 -5.001100 2735.000000
v 3210.005371 -0.201100 2735.000000
v 3210.005371 -5.001100 2835.000000
v 3210.005371 -0.201100 2835.000000
v 3255.005371 -0.202200 2720.000000
v 3255.005371 -0.202200 2850.000000
v 3255.005371 -0.202200 2835.000000
v 3345.005371 15.052200 2735.000000
v 3345.005371 10.052200 2735.000000
v 3345.005371 15.052200 2835.000000
v 3345.005371 10.052200 2835.000000
v 3390.005127 21.998800 2735.000000
v 3390.005371 16.998800 2735.000000
v 3390.005371 21.998800 2835.000000
v 3390.005371 16.998800 2835.000000
v 3435.000000 24.999901 2735.000000
v 3390.005371 21.998800 2735.000000
v 3435.000000 19.999901 2735.000000
v 3435.000000 24.999901 2835.000000
v 3435.000000 19.999901 2835.000000
v 7219.994629 4.919300 2735.000000
v 7219.994629 0.003700 2735.000000
v 7265.000000 -0.200000 2735.000000
v 7219.994629 0.003700 2835.000000
v 7219.994629 4.919300 2835.000000
v 7265.000000 -0.200000 2835.000000
v 7265.000000 -4.999900 2735.000000
v 7265.000000 -4.999900 2835.000000
v 7085.000000 19.999901 2735.000000
v 7085.000000 24.999901 2735.000000
v 7085.000000 19.999901 2835.000000
v 7085.000000 24.999901 2835.000000
v 7129.994629 21.998800 2735.000000
v 7129.994629 16.998800 2735.000000
v 7129.994629 21.998800 2835.000000
v 7129.994629 16.998800 2835.000000
v 7174.994629 15.052200 2735.000000
v 7174.994629 10.052200 2735.000000
v 7174.994629 15.052200 2835.000000
v 7174.994629 10.052200 2835.000000
v 7310.000000 -0.200000 2735.000000
v 7310.000000 -4.999900 2735.000000
v 7310.000000 -4.999900 2835.000000
v 7310.000000 -0.200000 2835.000000
v 8300.005859 0.000000 2735.000000
v 8255.005859 -0.202200 2735.000000
v 8255.005859 -5.002200 2735.000000
v 8255.005859 -0.202200 2835.000000
v 8300.005859 0.000000 2835.000000
v 8255.005859 -5.002200 2835.000000
v 8300.005859 4.919300 2735.000000
v 8300.005859 4.919300 2835.000000
v 12219.995117 4.919300 2735.000000
v 12219.995117 0.003700 2735.000000
v 12265.000000 -0.200000 2735.000000
v 12219.995117 0.003700 2835.000000
v 12219.995117 4.919300 2835.000000
v 12265.000000 -0.200000 2835.000000
v 12265.000000 -4.999900 2735.000000
v 12265.000000 -4.999900 2835.000000
v 8210.005859 -5.001100 2735.000000
v 8210.005859 -0.201100 2735.000000
v 8210.005859 -5.001100 2835.000000
v 8210.005859 -0.201100 2835.000000
v 8345.005859 15.052200 2735.000000
v 8345.005859 10.052200 2735.000000
v 8345.005859 15.052200 2835.000000
v 8345.005859 10.052200 2835.000000
v 8390.005859 21.998800 2735.000000
v 8390.005859 16.998800 2735.000000
v 8390.005859 21.998800 2835.000000
v 8390.005859 16.998800 2835.000000
v 8435.000000 24.999901 2735.000000
v 8435.000000 19.999901 2735.000000
v 8435.000000 24.999901 2835.000000
v 8435.000000 19.999901 2835.000000
v 12085.000000 19.999901 2735.000000
v 12085.000000 24.999901 2735.000000
v 12085.000000 19.999901 2835.000000
v 12085.000000 24.999901 2835.000000
v 12129.995117 21.998800 2735.000000
v 12129.995117 16.998800 2735.000000
v 12129.995117 21.998800 2835.000000
v 12129.995117 16.998800 2835.000000
v 12174.995117 15.052200 2735.000000
v 12174.995117 10.052200 2735.000000
v 12174.995117 15.052200 2835.000000
v 12174.995117 10.052200 2835.000000
v 12310.000000 -0.200000 2735.000000
v 12310.000000 -4.999900 2735.000000
v 12310.000000 -4.999900 2835.000000
v 12310.000000 -0.200000 2835.000000
v 13300.004883 0.000000 2735.000000
v 13255.005859 -0.202200 2735.000000
v 13255.005859 -5.002200 2735.000000
v 13255.004883 -0.202200 2835.000000
v 13300.004883 0.000000 2835.000000
v 13255.005859 -5.002200 2835.000000
v 13300.005859 4.919300 2735.000000
v 13300.005859 4.919300 2835.000000
v 17219.994141 4.919300 2735.000000
v 17219.994141 0.003700 2735.000000
v 17265.000000 -0.200000 2735.000000
v 17219.994141 0.003700 2835.000000
v 17219.994141 4.919300 2835.000000
v 17265.000000 -0.200000 2835.000000
v 17265.000000 -4.999900 2735.000000
v 17265.000000 -4.999900 2835.000000
v 13210.005859 -5.001100 2735.000000
v 13210.004883 -0.201100 2735.000000
v 13210.005859 -5.001100 2835.000000
v 13210.004883 -0.201100 2835.000000
v 13255.005859 -0.202200 2720.000000
v 13255.005859 -0.202200 2850.000000
v 13255.005859 -0.202200 2835.000000
v 13345.005859 15.052200 2735.000000
v 13345.005859 10.052200 2735.000000
v 13345.005859 15.052200 2835.000000
v 13345.005859 10.052200 2835.000000
v 13390.005859 21.998800 2735.000000
v 13390.005859 16.998800 2735.000000
v 13390.005859 21.998800 2835.000000
v 13390.005859 16.998800 2835.000000
v 13435.000000 24.999901 2735.000000
v 13435.000000 19.999901 2735.000000
v 13435.000000 24.999901 2835.000000
v 13435.000000 19.999901 2835.000000
v 17085.000000 19.999901 2735.000000
v 17085.000000 24.999901 2735.000000
v 17085.000000 19.999901 2835.000000
v 17085.000000 24.999901 2835.000000
v 17129.994141 21.998800 2735.000000
v 17129.994141 16.998800 2735.000000
v 17129.994141 21.998800 2835.000000
v 17129.994141 16.998800 2835.000000
v 17174.994141 15.052200 2735.000000
v 17174.994141 10.052200 2735.000000
v 17174.994141 15.052200 2835.000000
v 17174.994141 10.052200 2835.000000
v 17310.000000 -0.200000 2735.000000
v 17310.000000 -4.999900 2735.000000
v 17310.000000 -4.999900 2835.000000
v 17310.000000 -0.200000 2835.000000
v 18300.005859 0.000000 2735.000000
v 18255.005859 -0.202200 2735.000000
v 18255.005859 -5.002200 2735.000000
v 18255.005859 -0.202200 2835.000000
v 18300.005859 0.000000 2835.000000
v 18255.005859 -5.002200 2835.000000
v 18300.005859 4.919300 2735.000000
v 18300.005859 4.919300 2835.000000
v 22219.994141 4.919300 2735.000000
v 22219.994141 0.003700 2735.000000
v 22265.000000 -0.200000 2735.000000
v 22219.994141 0.003700 2835.000000
v 22219.994141 4.919300 2835.000000
v 22265.000000 -0.200000 2835.000000
v 22265.000000 -4.999900 2735.000000
v 22265.000000 -4.999900 2835.000000
v 18210.005859 -5.001100 2735.000000
v 18210.005859 -0.201100 2735.000000
v 18210.005859 -5.001100 2835.000000
v 18210.005859 -0.201100 2835.000000
v 18345.005859 15.052200 2735.000000
v 18345.005859 10.052200 2735.000000
v 18345.005859 15.052200 2835.000000
v 18345.005859 10.052200 2835.000000
v 18390.005859 21.998800 2735.000000
v 18390.005859 16.998800 2735.000000
v 18390.005859 21.998800 2835.000000
v 18390.005859 16.998800 2835.000000
v 18435.000000 24.999901 2735.000000
v 18435.000000 19.999901 2735.000000
v 18435.000000 24.999901 2835.000000
v 18435.000000 19.999901 2835.000000
v 22085.000000 19.999901 2735.000000
v 22085.000000 24.999901 2735.000000
v 22085.000000 19.999901 2835.000000
v 22085.000000 24.999901 2835.000000
v 22129.994141 21.998800 2735.000000
v 22129.994141 16.998800 2735.000000
v 22129.994141 21.998800 2835.000000
v 22129.994141 16.998800 2835.000000
v 22174.994141 15.052200 2735.000000
v 22174.994141 10.052200 2735.000000
v 22174.994141 15.052200 2835.000000
v 22174.994141 10.052200 2835.000000
v 22310.000000 -0.200000 2735.000000
v 22310.000000 -4.999900 2735.000000
v 22310.000000 -4.999900 2835.000000
v 22310.000000 -0.200000 2835.000000
v 1750.237427 19.999901 2725.923096
v 1934.999878 19.999901 2835.000000
v 2085.000000 19.999901 2835.000000
v 2129.994629 16.998800 2835.000000
v 2174.994629 10.052200 2835.000000
v 2219.994629 0.003700 2835.000000
v 2265.000000 -4.999900 2835.000000
v 23255.005859 -5.002200 2835.000000
v 23255.005859 -5.002200 2735.000000
v 23210.005859 -5.001100 2835.000000
v 23210.005859 -5.001100 2735.000000
v 23300.005859 0.000000 2835.000000
v 23300.005859 0.000000 2735.000000
v 23345.005859 10.052200 2735.000000
v 23390.005859 16.998800 2735.000000
v 23435.000000 19.999901 2735.000000
v 23585.000000 19.999901 2834.998779
v 23585.000000 19.999901 2734.999756
v 23769.763672 19.999901 2725.922852
v 23972.253906 19.999901 2796.858887
v 23952.744141 19.999901 2698.779297
v 24161.214844 19.999901 2749.526855
v 24132.187500 19.999901 2653.833008
v 24344.626953 19.999901 2683.900635
v 24306.359375 19.999901 2591.511963
v 24520.722656 19.999901 2600.613281
v 24473.582031 19.999901 2512.420410
v 24687.806641 19.999901 2500.466797
v 24632.250000 19.999901 2417.320557
v 24844.269531 19.999901 2384.425537
v 24780.830078 19.999901 2307.124268
v 24988.607422 19.999901 2253.606201
v 24917.896484 19.999901 2182.895752
v 25119.425781 19.999901 2109.270508
v 25042.123047 19.999901 2045.831055
v 25235.466797 19.999901 1952.806641
v 25152.320313 19.999901 1897.249756
v 25335.613281 19.999901 1785.722656
v 25247.421875 19.999901 1738.582764
v 25418.900391 19.999901 1609.626343
v 25326.511719 19.999901 1571.358154
v 25484.525391 19.999901 1426.215210
v 25388.832031 19.999901 1397.186646
v 25531.859375 19.999901 1237.254272
v 25433.779297 19.999901 1217.745605
v 25560.441406 19.999901 1044.564209
v 25460.923828 19.999901 1034.762573
v 25570.000000 19.999901 850.000122
v 25470.000000 19.999901 850.000122
v 25470.000000 -4.999900 519.999878
v 25570.000000 -4.999900 519.999878
v 25470.000000 -4.999900 474.999908
v 25570.000000 -4.999900 474.999908
v 25470.000000 0.003700 565.005310
v 25570.000000 0.003700 565.005310
v 25470.000000 10.052200 610.005310
v 25570.000000 10.052200 610.005310
v 25470.000000 16.998800 655.005310
v 25570.000000 16.998800 655.005310
v 25470.000000 19.999901 699.999878
v 25570.000000 19.999901 699.999878
v 2502.978760 5.999800 2827.300781
v 2465.140869 5.999900 2754.911377
v 2465.307861 5.999800 2809.511963
v 2483.932861 6.001100 2861.156494
v 2493.959229 6.000800 2760.294189
v 2482.310791 6.001100 2693.501221
v 2515.544189 5.999800 2702.382080
v 2525.897705 5.999900 2653.041260
v 2563.284424 6.000300 2860.702881
v 2518.809814 5.999900 2884.739990
v 2573.636963 6.000300 2671.439697
v 2568.127197 6.000300 2888.257568
v 2582.906494 5.998800 2641.143799
v 2622.111572 5.998800 2886.445068
v 2655.215088 5.999000 2644.532471
v 2675.815674 5.998100 2679.152100
v 2648.874268 5.999800 2856.768311
v 2689.092041 5.999400 2890.553467
v 2715.829346 6.002300 2663.163818
v 2767.601807 6.000000 2874.550537
v 2792.196533 5.999800 2713.073486
v 2754.161377 5.988400 2906.836670
v 2780.898682 5.993400 2679.447021
v 2814.775635 5.999900 2925.467773
v 2847.879150 5.998800 2683.555420
v 2895.325928 5.999200 2714.131104
v 2875.009033 5.998300 2892.552490
v 2895.325684 5.999200 2714.131104
v 2887.084229 5.998600 2928.856689
v 2901.863525 5.999600 2681.742920
v 2943.169189 6.019000 2863.766602
v 2966.543213 5.999300 2809.274658
v 2951.180908 6.001100 2685.260498
v 2944.093018 6.017700 2916.958984
v 2953.720947 6.003100 2741.133545
v 2987.679932 6.003500 2876.499268
v 2986.057861 6.003500 2708.843994
v 3004.849854 6.000500 2815.089111
v 3004.682861 5.999900 2760.488525
v 22502.978516 5.999800 2827.300781
v 22465.140625 5.999900 2754.911377
v 22465.308594 5.999800 2809.511963
v 22483.931641 6.001100 2861.156494
v 22493.958984 6.000800 2760.294189
v 22482.310547 6.001100 2693.501221
v 22515.544922 5.999800 2702.382080
v 22525.898438 5.999900 2653.041260
v 22563.283203 6.000300 2860.702881
v 22518.810547 5.999900 2884.739990
v 22573.638672 6.000300 2671.439697
v 22568.126953 6.000300 2888.257568
v 22582.906250 5.998800 2641.143799
v 22622.111328 5.998800 2886.445068
v 22655.212891 5.999000 2644.532471
v 22675.814453 5.998100 2679.152100
v 22648.875000 5.999800 2856.768311
v 22689.091797 5.999400 2890.553467
v 22715.830078 6.002300 2663.163818
v 22767.601563 6.000000 2874.550537
v 22792.197266 5.999800 2713.073486
v 22754.162109 5.988400 2906.836670
v 22780.898438 5.993400 2679.447021
v 22814.775391 5.999900 2925.467773
v 22847.880859 5.998800 2683.555420
v 22895.326172 5.999200 2714.131104
v 22875.009766 5.998300 2892.552490
v 22887.083984 5.998600 2928.856689
v 22901.863281 5.999600 2681.742920
v 22943.169922 6.019000 2863.766602
v 22966.544922 5.999300 2809.274658
v 22951.181641 6.001100 2685.260498
v 22944.093750 6.017700 2916.958984
v 22953.720703 6.003100 2741.133545
v 22987.679688 6.003500 2876.499268
v 22986.058594 6.003500 2708.843994
v 23004.849609 6.000500 2815.089111
v 23004.681641 5.999900 2760.488525
v 2434.995361 0.000000 2815.379150
v 2454.853760 0.000000 2673.019287
v 2434.995361 0.000000 2747.753174
v 2454.241455 0.000000 2886.671631
v 2465.307861 6.499800 2809.511963
v 2465.140869 6.499900 2754.911377
v 2482.310791 6.501100 2693.501221
v 2483.932861 6.501100 2861.156494
v 2505.257080 0.000000 2613.768311
v 2506.097900 0.000000 2925.279053
v 2518.809814 6.499900 2884.739990
v 2525.897705 6.499900 2653.041260
v 2567.149658 0.000000 2930.752197
v 2580.457275 0.000000 2592.692139
v 2582.906494 6.498800 2641.143799
v 2568.127197 6.500300 2888.257568
v 2622.111572 6.498800 2886.445068
v 2624.067627 0.000000 2919.691650
v 2659.791260 0.000000 2598.483643
v 2655.215088 6.499000 2644.532471
v 2685.825439 0.000000 2924.845947
v 2689.092041 6.499400 2890.553467
v 2715.829346 6.502300 2663.163818
v 2719.911377 0.000000 2620.785400
v 2750.079346 0.000000 2949.215088
v 2754.161377 6.488400 2906.836670
v 2748.896729 -4.999800 3011.317627
v 2784.165283 0.000000 2645.154053
v 2780.898682 6.493400 2679.447021
v 2810.199463 0.000000 2971.517090
v 2818.779541 -4.999800 3011.317627
v 2814.775635 6.499900 2925.467773
v 2847.879150 6.498800 2683.555420
v 2845.923096 0.000000 2650.308838
v 2887.084229 6.498600 2928.856689
v 2889.533447 0.000000 2977.308350
v 2902.841553 0.000000 2639.247803
v 2908.721924 -4.999800 3011.317627
v 2901.863525 6.499600 2681.742920
v 2964.734131 0.000000 2956.232178
v 2951.180908 6.501100 2685.260498
v 2963.892822 0.000000 2644.721436
v 2944.093018 6.517700 2916.958984
v 2987.679932 6.503500 2876.499268
v 3015.749268 0.000000 2683.328857
v 2986.057861 6.503500 2708.843994
v 3015.136963 0.000000 2896.981201
v 3004.682861 6.499900 2760.488525
v 3034.995361 0.000000 2754.621338
v 3034.995361 0.000000 2822.247314
v 3004.849854 6.500500 2815.089111
v 22434.998047 0.000000 2815.379150
v 22387.416016 -4.999800 2820.505615
v 22454.853516 0.000000 2673.019287
v 22413.427734 -4.999800 2646.794189
v 22434.998047 0.000000 2747.753174
v 22454.242188 0.000000 2886.671631
v 22465.306641 6.499800 2809.511963
v 22465.140625 6.499900 2754.911377
v 22482.310547 6.501100 2693.501221
v 22483.931641 6.501100 2861.156494
v 22505.261719 0.000000 2613.768311
v 22506.097656 0.000000 2925.279053
v 22518.810547 6.499900 2884.739990
v 22525.898438 6.499900 2653.041260
v 22567.154297 0.000000 2930.752197
v 22580.455078 0.000000 2592.692139
v 22582.906250 6.498800 2641.143799
v 22568.126953 6.500300 2888.257568
v 22622.111328 6.498800 2886.445068
v 22624.068359 0.000000 2919.691650
v 22659.794922 0.000000 2598.483643
v 22655.214844 6.499000 2644.532471
v 22685.826172 0.000000 2924.845947
v 22689.091797 6.499400 2890.553467
v 22717.193359 -4.999800 2566.905518
v 22715.830078 6.502300 2663.163818
v 22719.912109 0.000000 2620.785400
v 22750.080078 0.000000 2949.215088
v 22754.162109 6.488400 2906.836670
v 22748.896484 -4.999800 3011.317627
v 22784.166016 0.000000 2645.154053
v 22780.898438 6.493400 2679.447021
v 22810.201172 0.000000 2971.517090
v 22818.779297 -4.999800 3011.317627
v 22814.775391 6.499900 2925.467773
v 22847.878906 6.498800 2683.555420
v 22845.923828 0.000000 2650.308838
v 22887.083984 6.498600 2928.856689
v 22889.533203 0.000000 2977.308350
v 22902.841797 0.000000 2639.247803
v 22908.724609 -4.999800 3011.317627
v 22901.863281 6.499600 2681.742920
v 22964.734375 0.000000 2956.232178
v 22951.181641 6.501100 2685.260498
v 22963.892578 0.000000 2644.721436
v 22944.093750 6.517700 2916.958984
v 22983.128906 -4.999900 2590.411377
v 22987.679688 6.503500 2876.499268
v 23015.750000 0.000000 2683.328857
v 22986.056641 6.503500 2708.843994
v 23015.136719 0.000000 2896.981201
v 23004.683594 6.499900 2760.488525
v 23034.998047 0.000000 2754.621338
v 23034.998047 0.000000 2822.247314
v 23004.849609 6.500500 2815.089111
v 23084.927734 -4.999900 2833.036377
v 7465.141113 6.499900 2754.911377
v 7465.308105 6.499800 2809.511963
v 7502.979004 6.199800 2827.300781
v 7483.933105 6.501100 2861.156494
v 7493.959473 6.200800 2760.294189
v 7515.544434 6.199800 2702.382080
v 7482.311035 6.501100 2693.501221
v 7525.897949 6.499900 2653.041260
v 7563.284180 6.200300 2860.702881
v 7518.810059 6.499900 2884.739990
v 7573.637207 6.200300 2671.439697
v 7568.126953 6.500300 2888.257568
v 7582.906250 6.498800 2641.143799
v 7622.111816 6.498800 2886.445068
v 7655.215332 6.499000 2644.532471
v 7648.874512 6.199800 2856.768311
v 7675.815918 6.198100 2679.152100
v 7689.092285 6.499400 2890.553467
v 7715.829590 6.502300 2663.163818
v 7767.601563 6.200000 2874.550293
v 7792.196289 6.199800 2713.073486
v 7754.161133 6.488400 2906.836670
v 7780.898438 6.493400 2679.447021
v 7814.775391 6.499900 2925.467773
v 7847.878906 6.498800 2683.555420
v 7875.009277 6.198300 2892.552490
v 7895.325195 6.199200 2714.131104
v 7887.083984 6.498600 2928.856689
v 7901.863281 6.499600 2681.742920
v 7943.168945 6.219000 2863.766602
v 7951.181152 6.501100 2685.260498
v 7944.092773 6.517700 2916.958984
v 7953.720703 6.203100 2741.133545
v 7987.679688 6.503500 2876.499268
v 7986.057617 6.503500 2708.843994
v 8004.849609 6.500500 2815.089111
v 7966.542969 6.199300 2809.274658
v 8004.682129 6.499900 2760.488525
v 12465.140625 6.499900 2754.911377
v 12465.307617 6.499800 2809.511963
v 12502.978516 6.199800 2827.300781
v 12483.932617 6.501100 2861.156494
v 12493.958984 6.200800 2760.294189
v 12515.543945 6.199800 2702.382080
v 12482.310547 6.501100 2693.501221
v 12525.897461 6.499900 2653.041260
v 12563.284180 6.200300 2860.702881
v 12518.809570 6.499900 2884.739990
v 12573.636719 6.200300 2671.439697
v 12568.126953 6.500300 2888.257568
v 12582.906250 6.498800 2641.143799
v 12622.112305 6.498800 2886.445068
v 12655.214844 6.499000 2644.532471
v 12648.874023 6.199800 2856.768311
v 12675.815430 6.198100 2679.152100
v 12689.090820 6.499400 2890.553467
v 12715.829102 6.502300 2663.163818
v 12767.601563 6.200000 2874.550293
v 12792.196289 6.199800 2713.073486
v 12754.161133 6.488400 2906.836670
v 12780.898438 6.493400 2679.447021
v 12814.776367 6.499900 2925.467773
v 12847.878906 6.498800 2683.555420
v 12875.008789 6.198300 2892.552490
v 12895.325195 6.199200 2714.131104
v 12887.083008 6.498600 2928.856689
v 12901.863281 6.499600 2681.742920
v 12943.168945 6.219000 2863.766602
v 12951.180664 6.501100 2685.260498
v 12944.092773 6.517700 2916.958984
v 12953.720703 6.203100 2741.133545
v 12987.679688 6.503500 2876.499268
v 12986.057617 6.503500 2708.843994
v 13004.848633 6.500500 2815.089111
v 12966.542969 6.199300 2809.274658
v 13004.682617 6.499900 2760.488525
v 17465.140625 6.499900 2754.911377
v 17465.308594 6.499800 2809.511963
v 17502.978516 6.199800 2827.300781
v 17483.933594 6.501100 2861.156494
v 17493.958984 6.200800 2760.294189
v 17515.544922 6.199800 2702.382080
v 17482.310547 6.501100 2693.501221
v 17525.898438 6.499900 2653.041260
v 17563.285156 6.200300 2860.702881
v 17518.810547 6.499900 2884.739990
v 17573.636719 6.200300 2671.439697
v 17568.126953 6.500300 2888.257568
v 17582.906250 6.498800 2641.143799
v 17622.111328 6.498800 2886.445068
v 17655.214844 6.499000 2644.532471
v 17648.875000 6.199800 2856.768311
v 17675.816406 6.198100 2679.152100
v 17689.091797 6.499400 2890.553467
v 17715.830078 6.502300 2663.163818
v 17767.601563 6.200000 2874.550293
v 17792.197266 6.199800 2713.073486
v 17754.162109 6.488400 2906.836670
v 17780.898438 6.493400 2679.447021
v 17814.775391 6.499900 2925.467773
v 17847.878906 6.498800 2683.555420
v 17875.009766 6.198300 2892.552490
v 17895.326172 6.199200 2714.131104
v 17887.083984 6.498600 2928.856689
v 17901.863281 6.499600 2681.742920
v 17943.169922 6.219000 2863.766602
v 17951.181641 6.501100 2685.260498
v 17944.093750 6.517700 2916.958984
v 17953.720703 6.203100 2741.133545
v 17987.679688 6.503500 2876.499268
v 17986.058594 6.503500 2708.843994
v 18004.849609 6.500500 2815.089111
v 17966.542969 6.199300 2809.274658
v 18004.683594 6.499900 2760.488525
v 6135.000000 0.000000 2720.000000
v 7035.000000 0.000000 2541.666748
v 6135.000000 0.000000 2285.000000
v 6135.000000 0.000000 3285.000000
v 7035.000000 0.000000 3028.333252
v 6135.000000 0.000000 2850.000000
v 7035.000000 0.000000 2185.000000
v 7035.000000 0.000000 2720.000000
v 7035.000000 0.000000 2850.000000
v 7035.000000 0.000000 3385.000000
v 7157.630371 0.000000 2641.946777
v 7165.524414 0.000000 2563.893799
v 7165.688965 0.000000 2929.315186
v 7181.643066 0.000000 3008.630371
v 7264.472656 0.000000 2720.000000
v 7035.000000 0.000000 4085.000000
v 7388.272949 0.000000 3420.999512
v 7264.472656 0.000000 2850.000000
v 7398.090332 0.000000 2129.364990
v 7035.000000 0.000000 1485.000122
v 7296.048340 0.000000 2586.120850
v 7328.286133 0.000000 2988.927246
v 7280.261230 0.000000 2653.060547
v 7296.379395 0.000000 2919.463623
v 7385.458008 0.000000 2480.903809
v 7419.210449 0.000000 3071.904053
v 7349.733398 0.000000 2733.876709
v 7349.733398 0.000000 2832.689453
v 7499.682617 0.000000 2434.859863
v 7507.772461 0.000000 3112.498535
v 7375.451660 0.000000 2629.570068
v 7391.264160 0.000000 2937.799316
v 7738.272949 0.000000 4120.999512
v 7748.090332 0.000000 1429.364746
v 7598.598633 0.000000 3125.939453
v 7612.938477 0.000000 2418.874023
v 7686.029785 0.000000 3126.934814
v 7714.558594 0.000000 2420.341309
v 7741.545410 0.000000 3456.998291
v 7761.181152 0.000000 2073.729736
v 7748.794434 0.000000 3126.911133
v 7780.302734 0.000000 2419.869629
v 7845.922852 0.000000 3126.481201
v 7858.717773 0.000000 2419.180664
v 8088.272949 0.000000 3420.999268
v 8098.090332 0.000000 2129.364990
v 7943.920898 0.000000 2423.340332
v 7969.019531 0.000000 3118.052002
v 8435.000000 0.000000 4085.000000
v 8435.000000 0.000000 1485.000122
v 8059.059082 0.000000 2449.112061
v 8435.000000 0.000000 2185.000000
v 8223.015625 -0.001100 2640.177002
v 8103.388184 0.000000 2621.841553
v 8145.000977 -0.001100 2737.310791
v 8145.000977 -0.001100 2836.123535
v 8111.899414 0.000000 2942.015381
v 8231.833984 -0.001100 2918.524902
v 8435.000000 0.000000 3385.000000
v 8105.630859 0.000000 3078.379883
v 8191.026367 0.000000 2560.354248
v 8208.662109 0.000000 2987.049805
v 8255.004883 -0.002200 2720.000000
v 8255.004883 -0.002200 2850.000000
v 8313.013672 0.000000 2551.010498
v 8329.007813 -0.000500 2635.505371
v 8333.416992 -0.000500 2928.845703
v 8321.831055 0.000000 3007.691406
v 8435.000000 0.000000 2720.000000
v 8435.000000 0.000000 2850.000000
v 8435.000000 0.000000 2541.666748
v 8435.000000 0.000000 3028.333252
v 9335.000000 0.000000 2285.000000
v 9335.000000 0.000000 2720.000000
v 9335.000000 0.000000 2850.000000
v 9335.000000 0.000000 3285.000000
v 6135.000000 0.000000 1535.000122
v 6135.000000 0.000000 785.000122
v 5235.000000 0.000000 1535.000122
v 5235.000000 0.000000 785.000122
v 5235.000000 0.000000 2285.000000
v 5235.000000 0.000000 2720.000000
v 5235.000000 0.000000 3285.000000
v 5235.000000 0.000000 2850.000000
v 6135.000000 0.000000 4034.999756
v 5235.000000 0.000000 4034.999756
v 6135.000000 0.000000 4785.000000
v 5235.000000 0.000000 4785.000000
v 7035.000000 0.000000 785.000122
v 7035.000000 0.000000 4785.000000
v 7219.994629 0.003700 2835.000000
v 7219.994629 0.003700 2735.000000
v 7445.357422 0.000000 2547.335938
v 7735.000000 0.000000 4785.000000
v 7735.000000 0.000000 785.000122
v 7434.995605 0.000000 2815.379150
v 7434.995605 0.000000 2747.753174
v 7462.654297 0.000000 2998.591553
v 7454.854004 0.000000 2673.019287
v 7454.241699 0.000000 2886.671387
v 7505.257324 0.000000 2613.768311
v 7506.098145 0.000000 2925.279053
v 7540.070313 0.000000 2513.775879
v 7537.461426 0.000000 3021.625488
v 7580.457520 0.000000 2592.692139
v 7567.149902 0.000000 2930.752686
v 7611.333008 0.000000 3022.815430
v 7636.364746 0.000000 2508.678955
v 7624.067871 0.000000 2919.691650
v 7659.791504 0.000000 2598.483643
v 7685.927734 0.000000 3025.890625
v 7685.825684 0.000000 2924.846191
v 7717.234863 0.000000 2520.563477
v 7719.911621 0.000000 2620.785400
v 7749.437012 0.000000 3038.062988
v 7750.079102 0.000000 2949.215088
v 7782.233887 0.000000 2532.511719
v 7784.165039 0.000000 2645.154053
v 7828.061035 0.000000 3048.999023
v 7810.199219 0.000000 2971.516602
v 7852.320801 0.000000 2534.744873
v 7845.922852 0.000000 2650.308838
v 7929.276367 0.000000 3047.680176
v 7889.533203 0.000000 2977.308350
v 7923.380859 0.000000 2531.293945
v 7902.840820 0.000000 2639.247803
v 8011.476074 0.000000 2546.916748
v 7963.892578 0.000000 2644.721436
v 8035.182129 0.000000 3017.305908
v 7964.733398 0.000000 2956.232178
v 8015.749023 0.000000 2683.328857
v 8015.136719 0.000000 2896.981201
v 8034.995117 0.000000 2754.621338
v 8034.995117 0.000000 2822.247314
v 8435.000000 0.000000 4785.000000
v 8435.000000 0.000000 785.000122
v 8300.004883 0.000000 2735.000000
v 8300.004883 0.000000 2835.000000
v 9335.000000 0.000000 1535.000122
v 9335.000000 0.000000 785.000122
v 9335.000000 0.000000 4035.000000
v 9335.000000 0.000000 4785.000000
v 10235.000000 0.000000 1535.000122
v 10235.000000 0.000000 785.000122
v 10235.000000 0.000000 2285.000000
v 10235.000000 0.000000 2720.000000
v 10235.000000 0.000000 3285.000000
v 10235.000000 0.000000 2850.000000
v 10235.000000 0.000000 4035.000000
v 10235.000000 0.000000 4785.000000
v 11135.000000 0.000000 2720.000000
v 12035.000000 0.000000 2541.666748
v 11135.000000 0.000000 2285.000000
v 11135.000000 0.000000 3285.000000
v 12035.000000 0.000000 3028.333252
v 11135.000000 0.000000 2850.000000
v 12035.000000 0.000000 2185.000000
v 12035.000000 0.000000 2720.000000
v 12035.000000 0.000000 2850.000000
v 12035.000000 0.000000 3385.000000
v 12157.629883 0.000000 2641.946777
v 12165.524414 0.000000 2563.893799
v 12165.689453 0.000000 2929.315186
v 12181.642578 0.000000 3008.630371
v 12264.472656 0.000000 2720.000000
v 12035.000000 0.000000 4085.000000
v 12388.272461 0.000000 3420.999756
v 12264.472656 0.000000 2850.000000
v 12398.092773 0.000000 2129.364990
v 12035.000000 0.000000 1485.000122
v 12296.048828 0.000000 2586.120850
v 12328.286133 0.000000 2988.927246
v 12280.260742 0.000000 2653.060547
v 12296.378906 0.000000 2919.463623
v 12385.458008 0.000000 2480.903809
v 12419.209961 0.000000 3071.904053
v 12349.734375 0.000000 2733.876709
v 12349.734375 0.000000 2832.689453
v 12499.683594 0.000000 2434.859863
v 12507.773438 0.000000 3112.498535
v 12375.451172 0.000000 2629.570068
v 12391.263672 0.000000 2937.799316
v 12738.272461 0.000000 4120.999512
v 12748.090820 0.000000 1429.364746
v 12598.598633 0.000000 3125.939453
v 12612.938477 0.000000 2418.874023
v 12686.029297 0.000000 3126.934814
v 12714.558594 0.000000 2420.341309
v 12741.545898 0.000000 3456.998291
v 12761.180664 0.000000 2073.729736
v 12748.793945 0.000000 3126.911133
v 12780.302734 0.000000 2419.869629
v 12845.921875 0.000000 3126.481201
v 12858.717773 0.000000 2419.180664
v 13088.272461 0.000000 3420.999268
v 13098.090820 0.000000 2129.364990
v 12943.920898 0.000000 2423.340332
v 12969.019531 0.000000 3118.052002
v 13435.000000 0.000000 4085.000000
v 13435.000000 0.000000 1485.000122
v 13059.058594 0.000000 2449.112061
v 13435.000000 0.000000 2185.000000
v 13223.015625 -0.001100 2640.177002
v 13103.387695 0.000000 2621.841553
v 13145.000000 -0.001100 2737.310791
v 13145.000000 -0.001100 2836.123535
v 13111.900391 0.000000 2942.015381
v 13231.834961 -0.001100 2918.525146
v 13435.000000 0.000000 3385.000000
v 13105.630859 0.000000 3078.379883
v 13191.028320 0.000000 2560.354248
v 13208.662109 0.000000 2987.049805
v 13255.004883 -0.002200 2720.000000
v 13255.004883 -0.002200 2850.000000
v 13313.013672 0.000000 2551.010498
v 13321.831055 0.000000 3007.691406
v 13329.007813 -0.000500 2635.505371
v 13333.416992 -0.000500 2928.845703
v 13435.000000 0.000000 2720.000000
v 13435.000000 0.000000 2850.000000
v 13435.000000 0.000000 2541.666748
v 13435.000000 0.000000 3028.333252
v 14335.000000 0.000000 2285.000000
v 14335.000000 0.000000 2720.000000
v 14335.000000 0.000000 2850.000000
v 14335.000000 0.000000 3285.000000
v 11135.000000 0.000000 1535.000122
v 11135.000000 0.000000 785.000122
v 11135.000000 0.000000 4034.999756
v 10235.000000 0.000000 4034.999756
v 11135.000000 0.000000 4785.000000
v 12035.000000 0.000000 785.000122
v 12035.000000 0.000000 4785.000000
v 12219.995117 0.003700 2835.000000
v 12219.995117 0.003700 2735.000000
v 12445.357422 0.000000 2547.335938
v 12735.000000 0.000000 4785.000000
v 12735.000000 0.000000 785.000122
v 12434.995117 0.000000 2815.379150
v 12434.995117 0.000000 2747.753174
v 12462.654297 0.000000 2998.591553
v 12454.853516 0.000000 2673.019287
v 12454.241211 0.000000 2886.671387
v 12505.256836 0.000000 2613.768311
v 12506.097656 0.000000 2925.279053
v 12540.070313 0.000000 2513.775879
v 12537.460938 0.000000 3021.625488
v 12580.457031 0.000000 2592.692139
v 12567.149414 0.000000 2930.752686
v 12611.333008 0.000000 3022.815430
v 12636.365234 0.000000 2508.678955
v 12624.067383 0.000000 2919.691650
v 12659.791016 0.000000 2598.483643
v 12685.927734 0.000000 3025.890625
v 12685.825195 0.000000 2924.846191
v 12717.235352 0.000000 2520.563477
v 12719.911133 0.000000 2620.785400
v 12749.436523 0.000000 3038.062988
v 12750.079102 0.000000 2949.215088
v 12782.234375 0.000000 2532.511719
v 12784.165039 0.000000 2645.154053
v 12828.060547 0.000000 3048.999023
v 12810.199219 0.000000 2971.516602
v 12852.320313 0.000000 2534.744873
v 12845.922852 0.000000 2650.308838
v 12929.276367 0.000000 3047.680176
v 12889.533203 0.000000 2977.308350
v 12923.380859 0.000000 2531.293945
v 12902.840820 0.000000 2639.247803
v 13011.475586 0.000000 2546.916748
v 12963.892578 0.000000 2644.721436
v 13035.182617 0.000000 3017.305908
v 12964.733398 0.000000 2956.232178
v 13015.749023 0.000000 2683.328857
v 13015.136719 0.000000 2896.981201
v 13034.995117 0.000000 2754.621338
v 13034.995117 0.000000 2822.247314
v 13435.000000 0.000000 4785.000000
v 13435.000000 0.000000 785.000122
v 13300.004883 0.000000 2735.000000
v 13300.004883 0.000000 2835.000000
v 14335.000000 0.000000 1535.000122
v 14335.000000 0.000000 785.000122
v 14335.000000 0.000000 4035.000000
v 14335.000000 0.000000 4785.000000
v 15235.000000 0.000000 1535.000122
v 15235.000000 0.000000 785.000122
v 15235.000000 0.000000 2285.000000
v 15235.000000 0.000000 2720.000000
v 15235.000000 0.000000 3285.000000
v 15235.000000 0.000000 2850.000000
v 15235.000000 0.000000 4035.000000
v 15235.000000 0.000000 4785.000000
v 16135.000000 0.000000 2720.000000
v 17035.000000 0.000000 2541.666748
v 16135.000000 0.000000 2285.000000
v 16135.000000 0.000000 3285.000000
v 17035.000000 0.000000 3028.333252
v 16135.000000 0.000000 2850.000000
v 17035.000000 0.000000 2185.000000
v 17035.000000 0.000000 2720.000000
v 17035.000000 0.000000 2850.000000
v 17035.000000 0.000000 3385.000000
v 17157.630859 0.000000 2641.946777
v 17165.523438 0.000000 2563.893799
v 17165.689453 0.000000 2929.315186
v 17181.642578 0.000000 3008.630371
v 17264.472656 0.000000 2720.000000
v 17035.000000 0.000000 4085.000000
v 17388.273438 0.000000 3420.999756
v 17264.472656 0.000000 2850.000000
v 17398.091797 0.000000 2129.364990
v 17035.000000 0.000000 1485.000122
v 17296.048828 0.000000 2586.120850
v 17328.285156 0.000000 2988.927246
v 17280.259766 0.000000 2653.060547
v 17296.376953 0.000000 2919.463623
v 17385.458984 0.000000 2480.903809
v 17419.210938 0.000000 3071.904053
v 17349.734375 0.000000 2733.876709
v 17349.734375 0.000000 2832.689453
v 17499.683594 0.000000 2434.859863
v 17507.773438 0.000000 3112.498535
v 17375.451172 0.000000 2629.570068
v 17391.263672 0.000000 2937.799316
v 17738.273438 0.000000 4120.999512
v 17748.091797 0.000000 1429.364746
v 17598.597656 0.000000 3125.939453
v 17612.939453 0.000000 2418.874023
v 17686.029297 0.000000 3126.934814
v 17714.558594 0.000000 2420.341309
v 17741.544922 0.000000 3456.998291
v 17761.181641 0.000000 2073.729736
v 17748.794922 0.000000 3126.911133
v 17780.302734 0.000000 2419.869629
v 17845.921875 0.000000 3126.481201
v 17858.718750 0.000000 2419.180664
v 18088.273438 0.000000 3420.999268
v 18098.091797 0.000000 2129.364990
v 17943.921875 0.000000 2423.340332
v 17969.019531 0.000000 3118.052002
v 18435.000000 0.000000 4085.000000
v 18435.000000 0.000000 1485.000122
v 18059.058594 0.000000 2449.112061
v 18435.000000 0.000000 2185.000000
v 18223.015625 -0.001100 2640.177002
v 18103.388672 0.000000 2621.841553
v 18145.000000 -0.001100 2737.310791
v 18145.000000 -0.001100 2836.123535
v 18111.898438 0.000000 2942.015381
v 18231.833984 -0.001100 2918.525146
v 18435.000000 0.000000 3385.000000
v 18105.630859 0.000000 3078.379883
v 18191.027344 0.000000 2560.354248
v 18208.662109 0.000000 2987.049805
v 18255.005859 -0.002200 2720.000000
v 18255.005859 -0.002200 2850.000000
v 18313.013672 0.000000 2551.010498
v 18321.830078 0.000000 3007.691406
v 18329.007813 -0.000500 2635.505371
v 18333.416016 -0.000500 2928.845703
v 18435.000000 0.000000 2720.000000
v 18435.000000 0.000000 2850.000000
v 18435.000000 0.000000 2541.666748
v 18435.000000 0.000000 3028.333252
v 19335.000000 0.000000 2285.000000
v 19335.000000 0.000000 2720.000000
v 19335.000000 0.000000 2850.000000
v 19335.000000 0.000000 3285.000000
v 16135.000000 0.000000 1535.000122
v 16135.000000 0.000000 785.000122
v 16135.000000 0.000000 4034.999756
v 15235.000000 0.000000 4034.999756
v 16135.000000 0.000000 4785.000000
v 17035.000000 0.000000 785.000122
v 17035.000000 0.000000 4785.000000
v 17219.994141 0.003700 2835.000000
v 17219.994141 0.003700 2735.000000
v 17445.357422 0.000000 2547.335938
v 17735.000000 0.000000 4785.000000
v 17735.000000 0.000000 785.000122
v 17434.996094 0.000000 2815.379150
v 17434.996094 0.000000 2747.753174
v 17462.654297 0.000000 2998.591553
v 17454.853516 0.000000 2673.019287
v 17454.242188 0.000000 2886.671387
v 17505.257813 0.000000 2613.768311
v 17506.097656 0.000000 2925.279053
v 17540.070313 0.000000 2513.775879
v 17537.460938 0.000000 3021.625488
v 17580.457031 0.000000 2592.692139
v 17567.150391 0.000000 2930.752686
v 17611.332031 0.000000 3022.815430
v 17636.365234 0.000000 2508.678955
v 17624.068359 0.000000 2919.691650
v 17659.791016 0.000000 2598.483643
v 17685.927734 0.000000 3025.890625
v 17685.826172 0.000000 2924.846191
v 17717.234375 0.000000 2520.563477
v 17719.912109 0.000000 2620.785400
v 17749.437500 0.000000 3038.062988
v 17750.080078 0.000000 2949.215088
v 17782.234375 0.000000 2532.511719
v 17784.166016 0.000000 2645.154053
v 17828.060547 0.000000 3048.999023
v 17810.199219 0.000000 2971.516602
v 17852.320313 0.000000 2534.744873
v 17845.923828 0.000000 2650.308838
v 17929.277344 0.000000 3047.680176
v 17889.533203 0.000000 2977.308350
v 17923.380859 0.000000 2531.293945
v 17902.841797 0.000000 2639.247803
v 18011.476563 0.000000 2546.916748
v 17963.892578 0.000000 2644.721436
v 18035.181641 0.000000 3017.305908
v 17964.734375 0.000000 2956.232178
v 18015.750000 0.000000 2683.328857
v 18015.136719 0.000000 2896.981201
v 18034.996094 0.000000 2754.621338
v 18034.996094 0.000000 2822.247314
v 18435.000000 0.000000 4785.000000
v 18435.000000 0.000000 785.000122
v 18300.005859 0.000000 2735.000000
v 18300.005859 0.000000 2835.000000
v 19335.000000 0.000000 1535.000122
v 19335.000000 0.000000 785.000122
v 19335.000000 0.000000 4035.000000
v 19335.000000 0.000000 4785.000000
v 20235.000000 0.000000 1535.000122
v 20235.000000 0.000000 785.000122
v 20235.000000 0.000000 2285.000000
v 20235.000000 0.000000 2720.000000
v 20235.000000 0.000000 3285.000000
v 20235.000000 0.000000 2850.000000
v 20235.000000 0.000000 4035.000000
v 20235.000000 0.000000 4785.000000
v 21135.000000 0.000000 1535.000122
v 21135.000000 0.000000 785.000122
v 21135.000000 0.000000 2285.000000
v 21135.000000 0.000000 2720.000000
v 21135.000000 0.000000 3285.000000
v 21135.000000 0.000000 2850.000000
v 21135.000000 0.000000 4034.999756
v 20235.000000 0.000000 4034.999756
v 21135.000000 0.000000 4785.000000
v 22035.000000 0.000000 1485.000122
v 22035.000000 0.000000 785.000122
v 22035.000000 0.000000 2185.000000
v 22035.000000 0.000000 2720.000000
v 22035.000000 0.000000 3385.000000
v 22035.000000 0.000000 2850.000000
v 22035.000000 0.000000 4085.000000
v 22035.000000 0.000000 4785.000000
v 3390.005371 16.998800 2835.199951
v 3390.005371 16.998800 2734.800049
v 3345.005371 10.052200 2835.199951
v 3345.005371 10.052200 2734.800049
v 3435.000000 19.999901 2835.199951
v 3435.000000 19.999901 2734.800049
v 7085.000000 19.999901 2835.199951
v 7085.000000 19.999901 2734.800049
v 7129.994629 16.998800 2734.800049
v 7129.994629 16.998800 2835.199951
v 7174.994629 10.052200 2734.800049
v 7174.994629 10.052200 2835.199951
v 7219.994629 0.003700 2734.800049
v 7219.994629 0.003700 2835.199951
v 7265.000000 -4.999900 2734.800049
v 7265.000000 -4.999900 2835.199951
v 7310.000000 -4.999900 2734.800049
v 7310.000000 -4.999900 2835.199951
v 8255.005859 -5.002200 2835.199951
v 8255.005859 -5.002200 2734.800049
v 8210.005859 -5.001100 2835.199951
v 8210.005859 -5.001100 2734.800049
v 8300.005859 0.000000 2835.199951
v 8300.005859 0.000000 2734.800049
v 8345.005859 10.052200 2835.199951
v 8345.005859 10.052200 2734.800049
v 8390.005859 16.998800 2835.199951
v 8390.005859 16.998800 2734.800049
v 8435.000000 19.999901 2835.199951
v 8435.000000 19.999901 2734.800049
v 12085.000000 19.999901 2835.199951
v 12085.000000 19.999901 2734.800049
v 12129.995117 16.998800 2734.800049
v 12129.995117 16.998800 2835.199951
v 12174.995117 10.052200 2734.800049
v 12174.995117 10.052200 2835.199951
v 12219.995117 0.003700 2734.800049
v 12219.995117 0.003700 2835.199951
v 12265.000000 -4.999900 2734.800049
v 12265.000000 -4.999900 2835.199951
v 12310.000000 -4.999900 2734.800049
v 12310.000000 -4.999900 2835.199951
v 13255.005859 -5.002200 2835.199951
v 13255.005859 -5.002200 2734.800049
v 13210.005859 -5.001100 2835.199951
v 13210.005859 -5.001100 2734.800049
v 13300.005859 0.000000 2835.199951
v 13300.005859 0.000000 2734.800049
v 13345.005859 10.052200 2835.199951
v 13345.005859 10.052200 2734.800049
v 13390.005859 16.998800 2835.199951
v 13390.005859 16.998800 2734.800049
v 13435.000000 19.999901 2835.199951
v 13435.000000 19.999901 2734.800049
v 17085.000000 19.999901 2835.199951
v 17085.000000 19.999901 2734.800049
v 17129.994141 16.998800 2734.800049
v 17129.994141 16.998800 2835.199951
v 17174.994141 10.052200 2734.800049
v 17174.994141 10.052200 2835.199951
v 17219.994141 0.003700 2734.800049
v 17219.994141 0.003700 2835.199951
v 17265.000000 -4.999900 2734.800049
v 17265.000000 -4.999900 2835.199951
v 17310.000000 -4.999900 2734.800049
v 17310.000000 -4.999900 2835.199951
v 18255.005859 -5.002200 2835.199951
v 18255.005859 -5.002200 2734.800049
v 18210.005859 -5.001100 2835.199951
v 18210.005859 -5.001100 2734.800049
v 18300.005859 0.000000 2835.199951
v 18300.005859 0.000000 2734.800049
v 18345.005859 10.052200 2835.199951
v 18345.005859 10.052200 2734.800049
v 18390.005859 16.998800 2835.199951
v 18390.005859 16.998800 2734.800049
v 18435.000000 19.999901 2835.199951
v 18435.000000 19.999901 2734.800049
v 22085.000000 19.999901 2835.199951
v 22085.000000 19.999901 2734.800049
v 22129.994141 16.998800 2734.800049
v 22129.994141 16.998800 2835.199951
v 22174.994141 10.052200 2734.800049
v 22174.994141 10.052200 2835.199951
v 22219.994141 0.003700 2734.800049
v 22219.994141 0.003700 2835.199951
v 22265.000000 -4.999900 2734.800049
v 22265.000000 -4.999900 2835.199951
v 22310.000000 -4.999900 2734.800049
v 22310.000000 -4.999900 2835.199951
v 7434.995605 0.000000 2815.379150
v 7386.488770 -4.999800 2739.687744
v 7387.419434 -4.999800 2820.505615
v 7454.854004 0.000000 2673.019287
v 7413.428223 -4.999800 2646.794189
v 7434.995605 0.000000 2747.753174
v 7454.241699 0.000000 2886.671631
v 7418.159668 -4.999800 2914.849854
v 7465.308105 6.499800 2809.511963
v 7465.141113 6.499900 2754.911377
v 7482.311035 6.501100 2693.501221
v 7483.933105 6.501100 2861.156494
v 7505.257324 0.000000 2613.768311
v 7506.098633 0.000000 2925.279053
v 7487.743652 -4.999800 2578.981689
v 7485.105957 -4.999800 2973.072510
v 7518.810059 6.499900 2884.739990
v 7525.897949 6.499900 2653.041260
v 7567.148926 0.000000 2930.752197
v 7580.457520 0.000000 2592.692139
v 7558.087402 -4.999800 3003.897705
v 7582.906250 6.498800 2641.143799
v 7573.204590 -4.999800 2565.047607
v 7568.126953 6.500300 2888.257568
v 7623.811035 -4.999800 3009.197998
v 7622.111816 6.498800 2886.445068
v 7652.438965 -4.999800 2564.118896
v 7624.067871 0.000000 2919.691650
v 7659.792480 0.000000 2598.483643
v 7655.215332 6.499000 2644.532471
v 7685.825684 0.000000 2924.845947
v 7687.413574 -4.999800 3011.318115
v 7689.092285 6.499400 2890.553467
v 7717.189941 -4.999800 2566.905518
v 7715.829590 6.502300 2663.163818
v 7719.911621 0.000000 2620.785400
v 7750.079102 0.000000 2949.215088
v 7754.161133 6.488400 2906.836670
v 7748.896973 -4.999800 3011.317627
v 7784.164551 0.000000 2645.154053
v 7784.336426 -4.999900 2567.187744
v 7780.898438 6.493400 2679.447021
v 7810.199219 0.000000 2971.517090
v 7818.779785 -4.999800 3011.317627
v 7814.775391 6.499900 2925.467773
v 7847.878906 6.498800 2683.555420
v 7845.922852 0.000000 2650.308838
v 7845.646973 -4.999900 2569.045654
v 7887.083984 6.498600 2928.856689
v 7889.532715 0.000000 2977.308350
v 7902.840332 0.000000 2639.247803
v 7908.721191 -4.999800 3011.317627
v 7901.863281 6.499600 2681.742920
v 7910.671875 -4.999900 2571.832764
v 7964.733887 0.000000 2956.232178
v 7951.180664 6.501100 2685.260498
v 7963.892090 0.000000 2644.721436
v 7944.092773 6.517700 2916.958984
v 7983.128906 -4.999900 2590.411377
v 8005.023926 -4.999800 2997.699463
v 7987.679688 6.503500 2876.499268
v 8015.749512 0.000000 2683.328857
v 7986.057129 6.503500 2708.843994
v 8015.136719 0.000000 2896.981201
v 8059.302246 -4.999900 2656.365967
v 8004.682617 6.499900 2760.488525
v 8034.995605 0.000000 2754.621338
v 8034.995605 0.000000 2822.247314
v 8004.849609 6.500500 2815.089111
v 8067.974121 -4.999800 2923.330811
v 8084.925781 -4.999900 2833.036377
v 8084.925781 -4.999900 2748.072998
v 12434.995117 0.000000 2815.379150
v 12386.488281 -4.999800 2739.687744
v 12387.417969 -4.999800 2820.505615
v 12454.853516 0.000000 2673.019287
v 12413.428711 -4.999800 2646.794189
v 12434.995117 0.000000 2747.753174
v 12454.241211 0.000000 2886.671631
v 12418.159180 -4.999800 2914.849854
v 12465.307617 6.499800 2809.511963
v 12465.140625 6.499900 2754.911377
v 12482.310547 6.501100 2693.501221
v 12483.932617 6.501100 2861.156494
v 12505.256836 0.000000 2613.768311
v 12506.097656 0.000000 2925.279053
v 12487.743164 -4.999800 2578.981689
v 12485.105469 -4.999800 2973.072510
v 12518.809570 6.499900 2884.739990
v 12525.897461 6.499900 2653.041260
v 12567.149414 0.000000 2930.752197
v 12580.457031 0.000000 2592.692139
v 12558.086914 -4.999800 3003.897705
v 12582.906250 6.498800 2641.143799
v 12573.205078 -4.999800 2565.047607
v 12568.126953 6.500300 2888.257568
v 12623.809570 -4.999800 3009.197998
v 12622.111328 6.498800 2886.445068
v 12652.438477 -4.999800 2564.118896
v 12624.067383 0.000000 2919.691650
v 12659.790039 0.000000 2598.483643
v 12655.214844 6.499000 2644.532471
v 12685.825195 0.000000 2924.845947
v 12687.413086 -4.999800 3011.318115
v 12689.091797 6.499400 2890.553467
v 12717.190430 -4.999800 2566.905518
v 12715.829102 6.502300 2663.163818
v 12719.911133 0.000000 2620.785400
v 12750.079102 0.000000 2949.215088
v 12754.161133 6.488400 2906.836670
v 12748.895508 -4.999800 3011.317627
v 12784.165039 0.000000 2645.154053
v 12784.336914 -4.999900 2567.187744
v 12780.898438 6.493400 2679.447021
v 12810.197266 0.000000 2971.517090
v 12818.778320 -4.999800 3011.317627
v 12814.775391 6.499900 2925.467773
v 12847.878906 6.498800 2683.555420
v 12845.922852 0.000000 2650.308838
v 12845.645508 -4.999900 2569.045654
v 12887.083984 6.498600 2928.856689
v 12889.533203 0.000000 2977.308350
v 12902.842773 0.000000 2639.247803
v 12908.721680 -4.999800 3011.317627
v 12901.863281 6.499600 2681.742920
v 12910.671875 -4.999900 2571.832764
v 12964.733398 0.000000 2956.232178
v 12951.180664 6.501100 2685.260498
v 12963.891602 0.000000 2644.721436
v 12944.092773 6.517700 2916.958984
v 12983.128906 -4.999900 2590.411377
v 13005.024414 -4.999800 2997.699463
v 12987.679688 6.503500 2876.499268
v 13015.749023 0.000000 2683.328857
v 12986.057617 6.503500 2708.843994
v 13015.136719 0.000000 2896.981201
v 13059.301758 -4.999900 2656.365967
v 13004.682617 6.499900 2760.488525
v 13034.995117 0.000000 2754.621338
v 13034.995117 0.000000 2822.247314
v 13004.848633 6.500500 2815.089111
v 13067.973633 -4.999800 2923.330811
v 13084.925781 -4.999900 2833.036377
v 13084.925781 -4.999900 2748.072998
v 17434.998047 0.000000 2815.379150
v 17386.486328 -4.999800 2739.687744
v 17387.417969 -4.999800 2820.505615
v 17454.853516 0.000000 2673.019287
v 17413.427734 -4.999800 2646.794189
v 17434.998047 0.000000 2747.753174
v 17454.242188 0.000000 2886.671631
v 17418.158203 -4.999800 2914.849854
v 17465.308594 6.499800 2809.511963
v 17465.140625 6.499900 2754.911377
v 17482.310547 6.501100 2693.501221
v 17483.933594 6.501100 2861.156494
v 17505.257813 0.000000 2613.768311
v 17506.097656 0.000000 2925.279053
v 17487.744141 -4.999800 2578.981689
v 17485.107422 -4.999800 2973.072510
v 17518.810547 6.499900 2884.739990
v 17525.898438 6.499900 2653.041260
v 17567.150391 0.000000 2930.752197
v 17580.455078 0.000000 2592.692139
v 17558.087891 -4.999800 3003.897705
v 17582.906250 6.498800 2641.143799
v 17573.205078 -4.999800 2565.047607
v 17568.126953 6.500300 2888.257568
v 17623.810547 -4.999800 3009.197998
v 17622.111328 6.498800 2886.445068
v 17652.439453 -4.999800 2564.118896
v 17624.068359 0.000000 2919.691650
v 17659.791016 0.000000 2598.483643
v 17655.214844 6.499000 2644.532471
v 17685.826172 0.000000 2924.845947
v 17687.414063 -4.999800 3011.318115
v 17689.091797 6.499400 2890.553467
v 17717.191406 -4.999800 2566.905518
v 17715.830078 6.502300 2663.163818
v 17719.912109 0.000000 2620.785400
v 17750.080078 0.000000 2949.215088
v 17754.162109 6.488400 2906.836670
v 17748.896484 -4.999800 3011.317627
v 17784.166016 0.000000 2645.154053
v 17784.337891 -4.999900 2567.187744
v 17780.898438 6.493400 2679.447021
v 17810.201172 0.000000 2971.517090
v 17818.779297 -4.999800 3011.317627
v 17814.775391 6.499900 2925.467773
v 17847.878906 6.498800 2683.555420
v 17845.923828 0.000000 2650.308838
v 17845.646484 -4.999900 2569.045654
v 17887.083984 6.498600 2928.856689
v 17889.533203 0.000000 2977.308350
v 17902.841797 0.000000 2639.247803
v 17908.722656 -4.999800 3011.317627
v 17901.863281 6.499600 2681.742920
v 17910.671875 -4.999900 2571.832764
v 17964.734375 0.000000 2956.232178
v 17951.181641 6.501100 2685.260498
v 17963.892578 0.000000 2644.721436
v 17944.093750 6.517700 2916.958984
v 17983.128906 -4.999900 2590.411377
v 18005.025391 -4.999800 2997.699463
v 17987.679688 6.503500 2876.499268
v 18015.750000 0.000000 2683.328857
v 17986.058594 6.503500 2708.843994
v 18015.136719 0.000000 2896.981201
v 18059.302734 -4.999900 2656.365967
v 18004.683594 6.499900 2760.488525
v 18034.998047 0.000000 2754.621338
v 18034.998047 0.000000 2822.247314
v 18004.849609 6.500500 2815.089111
v 18067.974609 -4.999800 2923.330811
v 18084.925781 -4.999900 2833.036377
v 18084.923828 -4.999900 2748.072998
v 7310.000000 -4.999900 2720.000000
v 7294.678223 -4.999900 2586.664795
v 7265.000000 -4.999900 2720.000000
v 7328.767090 -4.999900 2989.536865
v 7310.000000 -4.999900 2850.000000
v 7265.000000 -4.999900 2850.000000
v 7413.428711 -4.999800 2646.794189
v 7386.099121 -4.999900 2482.847900
v 7387.418945 -4.999800 2820.505615
v 7418.638184 -4.999900 3070.111084
v 7500.762207 -4.999900 2434.813232
v 7506.960449 -4.999900 3111.947998
v 7599.931152 -4.999900 3125.893311
v 7613.876465 -4.999900 2419.318115
v 7652.438477 -4.999800 2564.118896
v 7908.721680 -4.999800 3011.317871
v 7968.712891 -4.999900 3118.145508
v 8058.583984 -4.999900 2450.308350
v 7943.920898 -4.999900 2422.417236
v 8106.619141 -4.999900 3077.858398
v 8190.292969 -4.999900 2560.323486
v 8059.301758 -4.999900 2656.365967
v 8207.336914 -4.999900 2989.536865
v 8067.973633 -4.999800 2923.330811
v 8210.004883 -4.999900 2720.000000
v 8255.004883 -5.002200 2720.000000
v 8255.004883 -5.002200 2850.000000
v 8210.004883 -4.999900 2850.000000
v 7685.153809 -4.999900 3125.893066
v 7716.144043 -4.999900 2419.318115
v 7717.190430 -4.999800 2566.905518
v 7748.682617 -4.999900 3125.893066
v 7748.896973 -4.999800 3011.317871
v 7779.672852 -4.999900 2419.318115
v 7846.301758 -4.999900 3125.893066
v 7818.779785 -4.999800 3011.317871
v 7861.796875 -4.999900 2419.318115
v 12310.000000 -4.999900 2720.000000
v 12294.676758 -4.999900 2586.664795
v 12265.000000 -4.999900 2720.000000
v 12328.766602 -4.999900 2989.536865
v 12310.000000 -4.999900 2850.000000
v 12265.000000 -4.999900 2850.000000
v 12386.098633 -4.999900 2482.847900
v 12418.637695 -4.999900 3070.111084
v 12500.761719 -4.999900 2434.813232
v 12506.959961 -4.999900 3111.947998
v 12573.206055 -4.999800 2565.047607
v 12599.930664 -4.999900 3125.893311
v 12613.875977 -4.999900 2419.318115
v 12623.810547 -4.999800 3009.197998
v 12908.721680 -4.999800 3011.317871
v 12968.713867 -4.999900 3118.145508
v 13058.583008 -4.999900 2450.308350
v 12943.920898 -4.999900 2422.417236
v 13106.619141 -4.999900 3077.858398
v 13190.292969 -4.999900 2560.323486
v 13207.336914 -4.999900 2989.536865
v 13210.004883 -4.999900 2720.000000
v 13255.004883 -5.002200 2720.000000
v 13255.004883 -5.002200 2850.000000
v 13210.004883 -4.999900 2850.000000
v 12685.153320 -4.999900 3125.893066
v 12716.143555 -4.999900 2419.318115
v 12748.682617 -4.999900 3125.893066
v 12748.896484 -4.999800 3011.317871
v 12779.672852 -4.999900 2419.318115
v 12846.301758 -4.999900 3125.893066
v 12818.779297 -4.999800 3011.317871
v 12861.796875 -4.999900 2419.318115
v 12845.646484 -4.999900 2569.045654
v 17310.000000 -4.999900 2720.000000
v 17294.677734 -4.999900 2586.664795
v 17265.000000 -4.999900 2720.000000
v 17328.767578 -4.999900 2989.536865
v 17310.000000 -4.999900 2850.000000
v 17265.000000 -4.999900 2850.000000
v 17386.099609 -4.999900 2482.847900
v 17418.638672 -4.999900 3070.111084
v 17500.761719 -4.999900 2434.813232
v 17506.960938 -4.999900 3111.947998
v 17599.931641 -4.999900 3125.893311
v 17613.876953 -4.999900 2419.318115
v 17908.722656 -4.999800 3011.317871
v 17968.712891 -4.999900 3118.145508
v 18058.583984 -4.999900 2450.308350
v 17943.921875 -4.999900 2422.417236
v 18106.619141 -4.999900 3077.858398
v 18190.292969 -4.999900 2560.323486
v 18207.337891 -4.999900 2989.536865
v 18210.005859 -4.999900 2720.000000
v 18255.005859 -5.002200 2720.000000
v 18255.005859 -5.002200 2850.000000
v 18210.005859 -4.999900 2850.000000
v 17685.154297 -4.999900 3125.893066
v 17716.144531 -4.999900 2419.318115
v 17748.683594 -4.999900 3125.893066
v 17748.896484 -4.999800 3011.317871
v 17779.673828 -4.999900 2419.318115
v 17846.302734 -4.999900 3125.893066
v 17818.779297 -4.999800 3011.317871
v 17861.796875 -4.999900 2419.318115
v 7502.979004 5.999800 2827.300781
v 7465.141113 5.999900 2754.911377
v 7465.308105 5.999800 2809.511963
v 7483.933105 6.001100 2861.156494
v 7493.959473 6.000800 2760.294189
v 7482.311035 6.001100 2693.501221
v 7515.543457 5.999800 2702.382080
v 7525.897949 5.999900 2653.041260
v 7563.284668 6.000300 2860.702881
v 7518.810059 5.999900 2884.739990
v 7573.637207 6.000300 2671.439697
v 7568.126953 6.000300 2888.257568
v 7582.906250 5.998800 2641.143799
v 7622.111816 5.998800 2886.445068
v 7655.215332 5.999000 2644.532471
v 7675.815918 5.998100 2679.152100
v 7648.874023 5.999800 2856.768311
v 7689.092285 5.999400 2890.553467
v 7715.829590 6.002300 2663.163818
v 7767.601563 6.000000 2874.550537
v 7792.195801 5.999800 2713.073486
v 7754.161133 5.988400 2906.836670
v 7780.898438 5.993400 2679.447021
v 7814.775391 5.999900 2925.467773
v 7847.878906 5.998800 2683.555420
v 7895.324707 5.999200 2714.131104
v 7875.008301 5.998300 2892.552490
v 7887.083984 5.998600 2928.856689
v 7901.863281 5.999600 2681.742920
v 7943.168457 6.019000 2863.766602
v 7966.542969 5.999300 2809.274658
v 7951.181152 6.001100 2685.260498
v 7944.092773 6.017700 2916.958984
v 7953.720215 6.003100 2741.133545
v 7987.679688 6.003500 2876.499268
v 7986.057617 6.003500 2708.843994
v 8004.849609 6.000500 2815.089111
v 8004.682129 5.999900 2760.488525
v 12502.977539 5.999800 2827.300781
v 12465.140625 5.999900 2754.911377
v 12465.307617 5.999800 2809.511963
v 12483.932617 6.001100 2861.156494
v 12493.958008 6.000800 2760.294189
v 12482.310547 6.001100 2693.501221
v 12515.545898 5.999800 2702.382080
v 12525.897461 5.999900 2653.041260
v 12563.282227 6.000300 2860.702881
v 12518.809570 5.999900 2884.739990
v 12573.636719 6.000300 2671.439697
v 12568.126953 6.000300 2888.257568
v 12582.906250 5.998800 2641.143799
v 12622.112305 5.998800 2886.445068
v 12655.214844 5.999000 2644.532471
v 12675.813477 5.998100 2679.152100
v 12648.874023 5.999800 2856.768311
v 12689.090820 5.999400 2890.553467
v 12715.829102 6.002300 2663.163818
v 12767.601563 6.000000 2874.550537
v 12792.196289 5.999800 2713.073486
v 12754.161133 5.988400 2906.836670
v 12780.898438 5.993400 2679.447021
v 12814.776367 5.999900 2925.467773
v 12847.878906 5.998800 2683.555420
v 12895.327148 5.999200 2714.131104
v 12875.008789 5.998300 2892.552490
v 12887.083008 5.998600 2928.856689
v 12901.863281 5.999600 2681.742920
v 12943.168945 6.019000 2863.766602
v 12966.542969 5.999300 2809.274658
v 12951.180664 6.001100 2685.260498
v 12944.092773 6.017700 2916.958984
v 12953.720703 6.003100 2741.133545
v 12987.679688 6.003500 2876.499268
v 12986.057617 6.003500 2708.843994
v 13004.848633 6.000500 2815.089111
v 13004.682617 5.999900 2760.488525
v 17502.978516 5.999800 2827.300781
v 17465.140625 5.999900 2754.911377
v 17465.308594 5.999800 2809.511963
v 17483.933594 6.001100 2861.156494
v 17493.958984 6.000800 2760.294189
v 17482.310547 6.001100 2693.501221
v 17515.544922 5.999800 2702.382080
v 17525.898438 5.999900 2653.041260
v 17563.283203 6.000300 2860.702881
v 17518.810547 5.999900 2884.739990
v 17573.638672 6.000300 2671.439697
v 17568.126953 6.000300 2888.257568
v 17582.906250 5.998800 2641.143799
v 17622.111328 5.998800 2886.445068
v 17655.214844 5.999000 2644.532471
v 17675.814453 5.998100 2679.152100
v 17648.875000 5.999800 2856.768311
v 17689.091797 5.999400 2890.553467
v 17715.830078 6.002300 2663.163818
v 17767.601563 6.000000 2874.550537
v 17792.197266 5.999800 2713.073486
v 17754.162109 5.988400 2906.836670
v 17780.898438 5.993400 2679.447021
v 17814.775391 5.999900 2925.467773
v 17847.878906 5.998800 2683.555420
v 17895.326172 5.999200 2714.131104
v 17875.009766 5.998300 2892.552490
v 17887.083984 5.998600 2928.856689
v 17901.863281 5.999600 2681.742920
v 17943.169922 6.019000 2863.766602
v 17966.544922 5.999300 2809.274658
v 17951.181641 6.001100 2685.260498
v 17944.093750 6.017700 2916.958984
v 17953.720703 6.003100 2741.133545
v 17987.679688 6.003500 2876.499268
v 17986.058594 6.003500 2708.843994
v 18004.849609 6.000500 2815.089111
v 18004.683594 5.999900 2760.488525
# 2792 vertices

vt 1.07810 -24.75010
vt 1.00390 -24.75010
vt 1.07810 -24.50010
vt 1.00390 -24.50010
vt 1.06240 -0.25010
vt 1.49600 -0.50010
vt 1.06640 -0.50010
vt 1.49600 -0.25010
vt 1.49600 -24.50010
vt 1.49600 -24.75010
vt 1.49600 -0.75010
vt 1.17570 -0.75010
vt 1.49600 -24.25010
vt 1.18740 -24.25010
vt 1.49600 -24.00010
vt 1.24990 -24.00010
vt 1.49600 -1.00010
vt 1.24600 -1.00010
vt 1.49600 -1.25010
vt 1.27990 -1.25010
vt 1.49600 -23.75010
vt 1.27990 -23.75010
vt 1.00390 -0.50010
vt 1.00390 -0.75010
vt 1.00390 -24.25010
vt 1.00390 -24.00010
vt 1.00390 -1.00010
vt 1.00390 -1.25010
vt 1.00390 -23.75010
vt 1.06240 0.74990
vt 1.06640 0.49990
vt 1.00390 0.74990
vt 1.00390 0.49990
vt 1.06240 0.99990
vt 1.00090 0.99990
vt 1.49600 0.49990
vt 1.49600 0.74990
vt 1.17570 0.24990
vt 1.00390 0.24990
vt 1.49600 0.24990
vt 1.49600 -0.00010
vt 1.24600 -0.00010
vt 1.00390 -0.00010
vt 1.27990 -0.25010
vt 1.00390 -0.25010
vt 1.00390 -23.50010
vt 1.07810 -23.50010
vt 1.07810 -23.75010
vt 1.27990 -22.75010
vt 1.49600 -22.75010
vt 1.00390 -22.75010
vt 1.24990 -23.00010
vt 1.49600 -23.00010
vt 1.00390 -23.00010
vt 1.18740 -23.25010
vt 1.49600 -23.25010
vt 1.00390 -23.25010
vt 1.49600 -23.50010
vt 1.07810 -24.00000
vt 1.00390 -24.00000
vt 1.00090 -24.00000
vt 1.17900 -24.00000
vt 1.06240 -0.00010
vt 1.00090 -0.00010
vt 1.07810 -25.00000
vt 1.00390 -25.00000
vt 1.00090 -25.00000
vt 1.17900 -25.00000
vt 1.06240 -1.25010
vt 1.06640 -1.50010
vt 1.00390 -1.50010
vt 1.00390 -25.75010
vt 1.00390 -25.50010
vt 1.07810 -25.50010
vt 1.07810 -25.75010
vt 1.06240 -1.00010
vt 1.00090 -1.00010
vt 1.49600 -1.50010
vt 1.49600 -1.75010
vt 1.17570 -1.75010
vt 1.00390 -1.75010
vt 1.49600 -2.00010
vt 1.24600 -2.00010
vt 1.00390 -2.00010
vt 1.49600 -2.25010
vt 1.27990 -2.25010
vt 1.00390 -2.25010
vt 1.27990 -24.75010
vt 1.24990 -25.00010
vt 1.49600 -25.00010
vt 1.00390 -25.00010
vt 1.18740 -25.25010
vt 1.49600 -25.25010
vt 1.00390 -25.25010
vt 1.49600 -25.50010
vt 1.49600 -25.75010
vt 1.07810 -26.00000
vt 1.00390 -26.00000
vt 1.00090 -26.00000
vt 1.17900 -26.00000
vt 0.49990 -0.58600
vt 0.00000 -0.00010
vt 0.49990 -0.00010
vt 0.00000 -0.58600
vt 0.00000 -0.99220
vt 0.49990 -0.99220
vt 0.99990 -0.00010
vt 0.99990 -0.99220
vt 0.49990 -0.56650
vt 0.99990 -0.56650
vt 0.00000 -0.00790
vt 0.49990 -0.00790
vt 0.99990 -0.00790
vt 0.99990 -0.67580
vt 0.49990 -0.67580
vt 0.85150 0.74990
vt 0.99800 0.49990
vt 0.85150 0.49990
vt 0.99800 0.74990
vt 0.99800 0.24990
vt 0.85150 0.24990
vt 0.99800 -0.00010
vt 0.85150 -0.00010
vt 0.99800 -0.25010
vt 0.85150 -0.25010
vt 0.85150 -1.00010
vt 0.99800 -1.00010
vt 0.85150 -2.00010
vt 0.99800 -2.00010
vt 0.85150 -3.00010
vt 0.99800 -3.00010
vt 0.85150 -4.00010
vt 0.99800 -4.00010
vt 0.85150 -5.00010
vt 0.99800 -5.00010
vt 0.85150 -6.00010
vt 0.99800 -6.00010
vt 0.85150 -7.00010
vt 0.99800 -7.00010
vt 0.85150 -8.00010
vt 0.99800 -8.00010
vt 0.85150 -9.00010
vt 0.99800 -9.00010
vt 0.85150 -10.00010
vt 0.99800 -10.00010
vt 0.85150 -11.00010
vt 0.99800 -11.00010
vt 0.85150 -12.00010
vt 0.99800 -12.00010
vt 0.85150 -13.00010
vt 0.99800 -13.00010
vt 0.85150 -18.75010
vt 0.74800 -18.50010
vt 0.85150 -18.50010
vt 0.74800 -18.75010
vt 0.85150 -14.00010
vt 0.99800 -14.00010
vt 0.85150 -15.00010
vt 0.99800 -15.00010
vt 0.85150 -16.00010
vt 0.99800 -16.00010
vt 0.85150 -17.00010
vt 0.99800 -17.00010
vt 0.85150 -17.75010
vt 0.74800 -17.00010
vt 0.74800 -17.75010
vt 0.99800 -17.75010
vt 0.85150 -18.00010
vt 0.74800 -18.00010
vt 0.99800 -18.00010
vt 0.85150 -18.25010
vt 0.74800 -18.25010
vt 0.99800 -18.25010
vt 0.99800 -18.50010
vt 0.99800 -18.75010
vt 0.85150 -19.00000
vt 0.74800 -19.00000
vt 0.99800 -19.00000
vt 0.74800 -19.51170
vt 0.85350 -19.51170
vt 0.85150 -19.51170
vt 0.74800 -16.00010
vt 0.74800 -15.00010
vt 0.74800 -14.00010
vt 0.74800 -13.00010
vt 0.74800 -12.00010
vt 0.74800 -11.00010
vt 0.74800 -10.00010
vt 0.74800 -9.00010
vt 0.85150 0.99990
vt 0.99800 0.99990
vt 1.27990 -1.00010
vt 1.27990 -2.00010
vt 1.27990 -3.00010
vt 1.00390 -3.00010
vt 1.49600 -3.00010
vt 1.27990 -4.00010
vt 1.49600 -4.00010
vt 1.00390 -4.00010
vt 1.27990 -5.00010
vt 1.49600 -5.00010
vt 1.00390 -5.00010
vt 1.27990 -6.00010
vt 1.49600 -6.00010
vt 1.00390 -6.00010
vt 1.27990 -7.00010
vt 1.49600 -7.00010
vt 1.00390 -7.00010
vt 1.27990 -8.00010
vt 1.49600 -8.00010
vt 1.00390 -8.00010
vt 1.27990 -9.00010
vt 1.49600 -9.00010
vt 1.00390 -9.00010
vt 1.27990 -10.00010
vt 1.49600 -10.00010
vt 1.00390 -10.00010
vt 1.49600 -11.00010
vt 1.27990 -11.00010
vt 1.00390 -11.00010
vt 1.27990 -12.00010
vt 1.49600 -12.00010
vt 1.00390 -12.00010
vt 1.27990 -13.00010
vt 1.49600 -13.00010
vt 1.00390 -13.00010
vt 1.00390 -18.75010
vt 1.00390 -18.50010
vt 1.07810 -18.50010
vt 1.07810 -18.75010
vt 1.27990 -14.00010
vt 1.49600 -14.00010
vt 1.00390 -14.00010
vt 1.49600 -15.00010
vt 1.27990 -15.00010
vt 1.00390 -15.00010
vt 1.27990 -16.00010
vt 1.49600 -16.00010
vt 1.00390 -16.00010
vt 1.27990 -17.00010
vt 1.49600 -17.00010
vt 1.00390 -17.00010
vt 1.27990 -17.75010
vt 1.49600 -17.75010
vt 1.00390 -17.75010
vt 1.24990 -18.00010
vt 1.49600 -18.00010
vt 1.00390 -18.00010
vt 1.18740 -18.25010
vt 1.49600 -18.25010
vt 1.00390 -18.25010
vt 1.49600 -18.50010
vt 1.49600 -18.75010
vt 1.07810 -19.00000
vt 1.00390 -19.00000
vt 1.00090 -19.00000
vt 1.17900 -19.00000
vt 0.74800 0.74990
vt 0.74800 0.49990
vt 0.74800 0.99990
vt 2.74800 0.74990
vt 2.00190 0.49990
vt 2.74800 0.49990
vt 2.00190 0.74990
vt 0.74800 0.24990
vt 2.00190 0.24990
vt 2.74800 0.24990
vt 2.00190 -0.00010
vt 2.74800 -0.00010
vt 0.74800 -0.00010
vt 2.00190 -0.25010
vt 2.74800 -0.25010
vt 0.74800 -0.25010
vt 0.85150 -23.75010
vt 0.74800 -23.50010
vt 0.85150 -23.50010
vt 0.74800 -23.75010
vt 2.00190 -22.75010
vt 2.74800 -22.75010
vt 0.74800 -22.75010
vt 0.85150 -22.75010
vt 0.99800 -22.75010
vt 2.00190 -23.00010
vt 2.74800 -23.00010
vt 0.85150 -23.00010
vt 0.74800 -23.00010
vt 0.99800 -23.00010
vt 2.00190 -23.25010
vt 2.74800 -23.25010
vt 0.85150 -23.25010
vt 0.74800 -23.25010
vt 0.99800 -23.25010
vt 2.00190 -23.50010
vt 2.74800 -23.50010
vt 0.99800 -23.50010
vt 2.00190 -23.75010
vt 2.74800 -23.75010
vt 0.99800 -23.75010
vt 0.85150 -24.00000
vt 0.74800 -24.00000
vt 0.99800 -24.00000
vt 0.74800 -24.51170
vt 0.85350 -24.51170
vt 0.85150 -24.51170
vt 0.74800 -0.50010
vt 0.85150 -0.50010
vt 0.85150 -24.75010
vt 0.74800 -24.50010
vt 0.85150 -24.50010
vt 0.74800 -24.75010
vt 0.85150 0.48820
vt 0.74800 0.48820
vt 2.00190 -0.50010
vt 2.74800 -0.50010
vt 0.99800 -0.50010
vt 2.00190 -0.75010
vt 2.74800 -0.75010
vt 0.74800 -0.75010
vt 0.85150 -0.75010
vt 0.99800 -0.75010
vt 2.00190 -1.00010
vt 2.74800 -1.00010
vt 0.74800 -1.00010
vt 2.00190 -1.25010
vt 2.74800 -1.25010
vt 0.74800 -1.25010
vt 0.85150 -1.25010
vt 0.99800 -1.25010
vt 2.00190 -24.00010
vt 2.74800 -24.00010
vt 0.85150 -24.00010
vt 0.74800 -24.00010
vt 0.99800 -24.00010
vt 2.00190 -24.25010
vt 2.74800 -24.25010
vt 0.85150 -24.25010
vt 0.74800 -24.25010
vt 0.99800 -24.25010
vt 2.00190 -24.50010
vt 2.74800 -24.50010
vt 0.99800 -24.50010
vt 2.00190 -24.75010
vt 2.74800 -24.75010
vt 0.99800 -24.75010
vt 0.85150 -25.00000
vt 0.74800 -25.00000
vt 0.99800 -25.00000
vt 0.74800 -25.51170
vt 0.85350 -25.51170
vt 0.85150 -25.51170
vt 0.74800 -1.50010
vt 0.85150 -1.50010
vt 0.85150 -25.75010
vt 0.74800 -25.50010
vt 0.85150 -25.50010
vt 0.74800 -25.75010
vt 0.85150 -0.51180
vt 0.74800 -0.51180
vt 2.00190 -1.50010
vt 2.74800 -1.50010
vt 0.99800 -1.50010
vt 2.00190 -1.75010
vt 2.74800 -1.75010
vt 0.74800 -1.75010
vt 0.85150 -1.75010
vt 0.99800 -1.75010
vt 2.00190 -2.00010
vt 2.74800 -2.00010
vt 0.74800 -2.00010
vt 2.00190 -2.25010
vt 2.74800 -2.25010
vt 0.74800 -2.25010
vt 0.85150 -2.25010
vt 0.99800 -2.25010
vt 2.00190 -25.00010
vt 2.74800 -25.00010
vt 0.85150 -25.00010
vt 0.74800 -25.00010
vt 0.99800 -25.00010
vt 2.00190 -25.25010
vt 2.74800 -25.25010
vt 0.85150 -25.25010
vt 0.74800 -25.25010
vt 0.99800 -25.25010
vt 2.00190 -25.50010
vt 2.74800 -25.50010
vt 0.99800 -25.50010
vt 2.00190 -25.75010
vt 2.74800 -25.75010
vt 0.99800 -25.75010
vt 0.85150 -26.00000
vt 0.74800 -26.00000
vt 0.99800 -26.00000
vt 0.00190 -18.00010
vt 0.74800 -19.00010
vt 0.74800 -17.25010
vt 0.00190 -17.25010
vt 0.00190 -17.00010
vt 0.74800 -16.75010
vt 0.00190 -16.75010
vt 0.74800 -16.50010
vt 0.00190 -16.50010
vt 0.74800 -16.25010
vt 0.00190 -16.25010
vt 0.00190 -16.00010
vt 0.00190 -20.00000
vt 0.74800 -19.75010
vt 0.00190 -19.75010
vt 0.74800 -20.00000
vt 0.74800 -19.50010
vt 0.00190 -19.50010
vt 0.74800 -19.25010
vt 0.00190 -19.25010
vt 0.00190 -19.00010
vt 0.00190 -18.75010
vt 0.00190 -15.00010
vt 0.00190 -14.00010
vt 0.00190 -13.00010
vt 0.00190 -12.00010
vt 0.00190 -11.00010
vt 0.00190 -10.00010
vt 0.00190 -9.00010
vt 0.00190 -8.00010
vt 0.74800 -8.00010
vt 0.00190 -7.00010
vt 0.74800 -7.00010
vt 0.00190 -6.00010
vt 0.74800 -6.00010
vt 0.00190 -5.00010
vt 0.74800 -5.00010
vt 0.00190 -4.00010
vt 0.74800 -4.00010
vt 0.00190 -3.00010
vt 0.74800 -3.00010
vt 0.00190 -2.00010
vt 0.00190 -0.25010
vt 0.00190 -0.00010
vt 0.00190 -0.50010
vt 0.00190 -0.75010
vt 0.00190 -1.00010
vt 0.00190 -1.25010
vt -1.73420 2.67020
vt -1.06060 3.06180
vt -1.68420 2.07600
vt -2.23900 2.07070
vt -0.92070 2.66590
vt -0.05050 2.81140
vt -0.17870 3.28700
vt 0.63330 3.03500
vt -1.66520 1.08960
vt -2.28070 1.46980
vt 0.74780 2.31160
vt -1.97100 0.83300
vt 1.18860 2.41280
vt -1.56200 0.17630
vt 1.66460 1.49180
vt 1.38430 0.98920
vt -1.00360 0.05610
vt -1.13310 -0.68380
vt 1.86840 0.60700
vt -0.37310 -1.54330
vt 1.79850 -0.69630
vt -0.86840 -1.60700
vt 2.13310 -0.31630
vt -0.66460 -2.49180
vt 2.56200 -1.17630
vt 2.52390 -1.98300
vt 0.17350 -3.00400
vt -0.18860 -3.41280
vt 2.97100 -1.83300
vt 1.01730 -3.64410
vt 1.85810 -3.54520
vt 3.28070 -2.46980
vt 0.36660 -4.03500
vt 2.60840 -2.89990
vt 1.17870 -4.28700
vt 3.23900 -3.07070
vt 2.06060 -4.06180
vt 2.73420 -3.67020
vt -5.34870 6.98730
vt -3.42950 8.12240
vt -4.62600 6.01840
vt -0.87030 8.81510
vt -0.97420 7.54820
vt -3.01030 6.95120
vt -7.21490 5.01420
vt -6.08640 4.61450
vt -4.10340 5.43700
vt -2.80100 6.19380
vt -1.11720 6.66570
vt -5.10230 4.31760
vt 1.07710 7.26410
vt -6.35460 2.94880
vt 1.68730 8.12660
vt -7.76130 2.74820
vt -5.22570 3.23020
vt 0.39930 6.27130
vt -5.71520 1.53920
vt 2.52940 5.91160
vt -7.57700 0.72830
vt 1.40270 5.18970
vt 3.09840 6.45130
vt -4.68750 2.10400
vt -6.87450 -0.78100
vt -3.96320 0.94940
vt 4.12020 4.73280
vt -4.73280 0.44810
vt 3.39190 4.09810
vt 2.23400 3.56290
vt -4.07680 -0.97250
vt -6.12270 -2.19990
vt -3.21630 -0.57090
vt 4.87050 3.27940
vt 2.55360 1.98140
vt 3.61760 2.47680
vt -3.84840 -2.71260
vt -2.78440 -2.21730
vt -5.34710 -3.54340
vt 3.84600 0.73660
vt 5.71090 1.80830
vt 2.98550 0.33490
vt -3.62280 -4.33400
vt -4.46540 -5.07050
vt -2.46490 -3.79880
vt 3.73230 -1.18520
vt 4.50200 -0.68400
vt 6.44000 0.44300
vt -1.63360 -5.42560
vt -2.76030 -6.14740
vt 5.48430 -1.77510
vt -3.33070 -7.03580
vt 4.45670 -2.33990
vt 7.19370 -1.01630
vt -1.30800 -7.49990
vt 4.99480 -3.46600
vt 6.12370 -3.18460
vt -0.63010 -6.50720
vt 7.66400 -2.85580
vt -1.79040 -8.95230
vt 0.88630 -6.90150
vt 5.85560 -4.85030
vt 4.87140 -4.55350
vt 0.74340 -7.78400
vt 7.04920 -5.43010
vt 4.39510 -6.25430
vt 3.87250 -5.67280
vt 2.57010 -6.42960
vt 2.77940 -7.18710
vt 0.78040 -9.30200
vt 3.15160 -8.42700
vt 5.18150 -7.25500
vt -3.97060 3.39870
vt -4.10340 4.43700
vt -2.80100 5.19380
vt -5.10230 3.31760
vt -2.56600 4.48980
vt -1.11720 5.66570
vt -0.63070 4.78320
vt 0.39930 5.27130
vt -4.25510 1.92390
vt -5.22570 2.23020
vt 0.56200 3.97440
vt -4.68750 1.10400
vt 1.40270 4.18970
vt -3.96320 -0.05060
vt 2.23400 2.56290
vt -3.00630 -0.29340
vt 1.54960 1.64250
vt -3.21630 -1.57090
vt 2.55360 0.98140
vt -1.75710 -3.52290
vt 2.67320 -1.65090
vt -2.78440 -3.21730
vt 2.98550 -0.66510
vt -2.46490 -4.79880
vt 3.73230 -2.18520
vt -1.01340 -5.71570
vt 3.60040 -3.64380
vt -1.63360 -6.42560
vt 4.45670 -3.33990
vt 0.24470 -6.61640
vt 4.99480 -4.46600
vt -0.63010 -7.50720
vt 3.66090 -5.21310
vt 0.88630 -7.90150
vt 4.87140 -5.55350
vt 2.22580 -6.51240
vt 2.57010 -7.42960
vt 3.87250 -6.67280
vt 4.04910 -11.98200
vt 6.54910 -6.57580
vt 7.79910 -11.98200
vt 7.79910 17.32410
vt 6.54910 11.42410
vt 4.04910 17.32410
vt 4.04910 -6.57580
vt 7.79910 -6.57580
vt 7.79910 11.42410
vt 4.04910 11.42410
vt 7.93660 -5.82580
vt 7.54910 -5.45080
vt 8.01160 10.67410
vt 7.69910 10.29910
vt 8.84910 -5.82580
vt 4.04910 5.92220
vt 0.54910 11.42410
vt 8.84910 10.67410
vt 0.54910 -6.57580
vt 4.04910 -1.53670
vt 8.54910 -4.32580
vt 8.84910 9.17410
vt 8.69910 -5.07580
vt 8.84910 9.92410
vt 8.54910 -2.82580
vt 8.54910 7.67410
vt 10.19910 -5.82580
vt 10.19910 10.67410
vt 8.54910 -1.32580
vt 8.54910 6.17410
vt 10.04910 -4.32580
vt 10.19910 9.17410
vt 0.54910 2.10200
vt 8.54910 4.67420
vt 8.54910 0.17420
vt 8.54910 3.17420
vt 8.54910 1.67420
vt 4.04910 2.06680
vt 4.04910 19.29910
vt 7.79910 19.29910
vt 7.79910 -14.45080
vt 4.04910 -14.45080
vt 0.54910 -16.56860
vt -0.95080 -11.98200
vt 0.54910 -11.98200
vt -0.95080 -16.56860
vt 4.04910 -16.56860
vt 7.79910 -16.56860
vt 4.04910 21.89780
vt 7.79910 21.89780
vt 0.54910 21.89780
vt 0.54910 17.32410
vt -0.95080 21.89780
vt -0.95080 17.32410
vt -0.95080 -6.57580
vt -0.95080 11.42410
vt 7.97910 -7.23200
vt 8.84910 -7.32580
vt 7.97910 -6.00160
vt 10.19910 -7.32580
vt 10.04910 -2.82580
vt -0.95080 2.13710
vt 11.54910 -7.32580
vt 11.54910 -5.82580
vt 10.04910 7.67410
vt 11.54910 -4.32580
vt 11.54910 9.17410
vt 11.54910 10.67410
vt 11.54910 -2.82580
vt 11.54910 7.67410
vt 10.04910 -1.32580
vt 10.04910 6.17410
vt 11.54910 -1.32580
vt 11.54910 6.17410
vt 10.04910 4.67420
vt 10.04910 0.17420
vt 11.54910 4.67420
vt 11.54910 0.17420
vt 10.04910 3.17420
vt 11.54910 3.17420
vt 10.04910 1.67420
vt 11.54910 1.67420
vt -0.95080 19.29910
vt 0.54910 19.29910
vt 0.54910 -14.45080
vt -0.95080 -14.45080
vt -0.95080 26.99990
vt 0.54910 26.99990
vt 4.04910 26.99990
vt 7.79910 26.99990
vt 7.79910 -21.99990
vt 4.04910 -21.99990
vt 0.54910 -21.99990
vt -0.95080 -21.99990
vt 0.54910 -14.59350
vt -0.95080 -11.32360
vt 0.54910 -11.32360
vt -0.95080 -14.59350
vt 4.04910 -14.59350
vt 4.04910 -11.32360
vt 7.79910 -14.59350
vt 7.79910 -11.32360
vt 4.04910 19.42890
vt 7.79910 16.00740
vt 4.04910 16.00740
vt 7.79910 19.42890
vt 0.54910 19.42890
vt 0.54910 16.00740
vt -0.95080 19.42890
vt -0.95080 16.00740
vt 0.00190 -24.25010
vt 0.00190 -24.00010
vt 0.00190 -23.75010
vt 0.00190 -25.00000
vt 0.00190 -24.75010
vt 0.00190 -24.50010
# 705 texture vertices

g Object_2
usemtl texture0
f 1/3 2/2 3/1
f 1/3 4/4 2/2
f 5/7 6/6 7/5
f 6/6 8/8 7/5
f 1/3 3/1 9/9
f 9/9 3/1 10/10
f 6/6 5/7 11/11
f 12/12 11/11 5/7
f 9/9 13/13 1/3
f 13/13 14/14 1/3
f 13/13 15/15 14/14
f 15/15 16/16 14/14
f 11/11 12/12 17/17
f 18/18 17/17 12/12
f 17/17 18/18 19/19
f 20/20 19/19 18/18
f 15/15 21/21 16/16
f 21/21 22/22 16/16
f 21/21 19/19 22/22
f 19/19 20/20 22/22
f 5/7 23/23 12/12
f 24/24 12/12 23/23
f 1/3 14/14 4/4
f 14/14 25/25 4/4
f 26/26 25/25 16/16
f 16/16 25/25 14/14
f 27/27 18/18 24/24
f 18/18 12/12 24/24
f 28/28 20/20 27/27
f 20/20 18/18 27/27
f 29/29 26/26 22/22
f 22/22 26/26 16/16
f 22/22 20/20 29/29
f 20/20 28/28 29/29
f 30/32 31/31 32/30
f 33/31 34/32 35/30
f 36/33 31/31 30/32
f 33/31 37/33 34/32
f 32/30 38/34 30/32
f 30/32 38/34 39/35
f 35/30 34/32 40/34
f 34/32 41/35 40/34
f 42/31 43/36 32/30
f 43/36 44/37 32/30
f 45/31 35/30 46/36
f 46/36 35/30 47/37
f 33/31 48/38 37/33
f 48/38 49/39 37/33
f 43/36 42/31 50/40
f 51/38 50/40 42/31
f 46/36 52/40 45/31
f 52/40 48/38 45/31
f 31/31 36/33 51/38
f 53/39 51/38 36/33
f 50/40 51/38 54/41
f 55/42 54/41 51/38
f 52/40 56/41 48/38
f 56/41 57/42 48/38
f 58/43 55/42 53/39
f 55/42 51/38 53/39
f 59/43 49/39 57/42
f 57/42 49/39 48/38
f 54/41 55/42 60/8
f 61/44 60/8 55/42
f 56/41 62/8 57/42
f 62/8 63/44 57/42
f 64/45 61/44 58/43
f 61/44 55/42 58/43
f 65/45 59/43 63/44
f 63/44 59/43 57/42
f 66/47 67/46 68/29
f 69/46 70/47 71/29
f 66/47 68/29 72/48
f 71/29 70/47 73/48
f 74/50 60/8 75/49
f 60/8 61/44 75/49
f 62/8 76/50 63/44
f 76/50 77/49 63/44
f 75/49 61/44 78/51
f 61/44 64/45 78/51
f 63/44 77/49 65/45
f 77/49 79/51 65/45
f 80/53 74/50 81/52
f 74/50 75/49 81/52
f 82/53 83/52 76/50
f 77/49 76/50 83/52
f 78/51 84/54 75/49
f 75/49 84/54 81/52
f 79/51 77/49 85/54
f 77/49 83/52 85/54
f 86/56 80/53 87/55
f 80/53 81/52 87/55
f 88/56 89/55 82/53
f 83/52 82/53 89/55
f 85/54 83/52 90/57
f 83/52 89/55 90/57
f 84/54 91/57 81/52
f 81/52 91/57 87/55
f 92/58 86/56 66/47
f 86/56 87/55 66/47
f 93/58 70/47 88/56
f 89/55 88/56 70/47
f 66/47 87/55 67/46
f 87/55 91/57 67/46
f 70/47 69/46 89/55
f 90/57 89/55 69/46
f 66/47 72/48 92/58
f 92/58 72/48 94/21
f 70/47 93/58 73/48
f 93/58 95/21 73/48
f 72/48 68/29 96/59
f 68/29 97/60 96/59
f 71/29 73/48 98/61
f 73/48 99/62 98/61
f 100/45 101/7 102/5
f 103/7 104/45 105/5
f 106/23 101/7 100/45
f 103/7 107/23 104/45
f 108/3 109/4 110/2
f 111/4 112/3 113/2
f 108/3 110/2 114/1
f 113/2 112/3 115/1
f 102/5 116/63 100/45
f 100/45 116/63 117/64
f 105/5 104/45 118/63
f 104/45 119/64 118/63
f 103/7 105/5 120/6
f 120/6 105/5 121/8
f 101/7 122/6 102/5
f 122/6 123/8 102/5
f 122/6 101/7 124/11
f 125/12 124/11 101/7
f 120/6 126/11 103/7
f 126/11 127/12 103/7
f 101/7 106/23 125/12
f 128/24 125/12 106/23
f 103/7 127/12 107/23
f 127/12 129/24 107/23
f 124/11 125/12 130/17
f 131/18 130/17 125/12
f 126/11 132/17 127/12
f 132/17 133/18 127/12
f 134/27 131/18 128/24
f 131/18 125/12 128/24
f 135/27 129/24 133/18
f 133/18 129/24 127/12
f 130/17 131/18 136/19
f 137/20 136/19 131/18
f 132/17 138/19 133/18
f 138/19 139/20 133/18
f 140/28 137/20 134/27
f 137/20 131/18 134/27
f 141/28 135/27 139/20
f 139/20 135/27 133/18
f 142/21 136/19 143/22
f 136/19 137/20 143/22
f 138/19 144/21 139/20
f 144/21 145/22 139/20
f 143/22 137/20 146/29
f 137/20 140/28 146/29
f 139/20 145/22 141/28
f 145/22 147/29 141/28
f 148/15 142/21 149/16
f 142/21 143/22 149/16
f 150/15 151/16 144/21
f 145/22 144/21 151/16
f 146/29 152/26 143/22
f 143/22 152/26 149/16
f 147/29 145/22 153/26
f 145/22 151/16 153/26
f 154/13 148/15 155/14
f 148/15 149/16 155/14
f 156/13 157/14 150/15
f 151/16 150/15 157/14
f 153/26 151/16 158/25
f 151/16 157/14 158/25
f 152/26 159/25 149/16
f 149/16 159/25 155/14
f 160/9 154/13 108/3
f 154/13 155/14 108/3
f 161/9 112/3 156/13
f 157/14 156/13 112/3
f 108/3 155/14 109/4
f 155/14 159/25 109/4
f 112/3 111/4 157/14
f 158/25 157/14 111/4
f 108/3 114/1 160/9
f 160/9 114/1 162/10
f 112/3 161/9 115/1
f 161/9 163/10 115/1
f 114/1 110/2 164/65
f 110/2 165/66 164/65
f 113/2 115/1 166/67
f 115/1 167/68 166/67
f 168/45 169/7 170/5
f 171/7 172/45 173/5
f 174/23 169/7 168/45
f 171/7 175/23 172/45
f 176/3 177/4 178/2
f 179/4 180/3 181/2
f 176/3 178/2 182/1
f 181/2 180/3 183/1
f 170/5 184/63 168/45
f 168/45 184/63 185/64
f 173/5 172/45 186/63
f 172/45 187/64 186/63
f 188/7 189/6 170/5
f 189/6 190/8 170/5
f 191/7 173/5 192/6
f 192/6 173/5 193/8
f 171/7 194/12 175/23
f 194/12 195/24 175/23
f 189/6 188/7 196/11
f 197/12 196/11 188/7
f 192/6 198/11 191/7
f 198/11 194/12 191/7
f 169/7 174/23 197/12
f 199/24 197/12 174/23
f 196/11 197/12 200/17
f 201/18 200/17 197/12
f 198/11 202/17 194/12
f 202/17 203/18 194/12
f 204/27 201/18 199/24
f 201/18 197/12 199/24
f 205/27 195/24 203/18
f 203/18 195/24 194/12
f 200/17 201/18 206/19
f 207/20 206/19 201/18
f 202/17 208/19 203/18
f 208/19 209/20 203/18
f 210/28 207/20 204/27
f 207/20 201/18 204/27
f 211/28 205/27 209/20
f 209/20 205/27 203/18
f 212/21 206/19 213/22
f 206/19 207/20 213/22
f 208/19 214/21 209/20
f 214/21 215/22 209/20
f 213/22 207/20 216/29
f 207/20 210/28 216/29
f 209/20 215/22 211/28
f 215/22 217/29 211/28
f 218/15 212/21 219/16
f 212/21 213/22 219/16
f 220/15 221/16 214/21
f 215/22 214/21 221/16
f 216/29 222/26 213/22
f 213/22 222/26 219/16
f 217/29 215/22 223/26
f 215/22 221/16 223/26
f 224/13 218/15 225/14
f 218/15 219/16 225/14
f 226/13 227/14 220/15
f 221/16 220/15 227/14
f 223/26 221/16 228/25
f 221/16 227/14 228/25
f 222/26 229/25 219/16
f 219/16 229/25 225/14
f 230/9 224/13 176/3
f 224/13 225/14 176/3
f 231/9 180/3 226/13
f 227/14 226/13 180/3
f 176/3 225/14 177/4
f 225/14 229/25 177/4
f 180/3 179/4 227/14
f 228/25 227/14 179/4
f 176/3 182/1 230/9
f 230/9 182/1 232/10
f 180/3 231/9 183/1
f 231/9 233/10 183/1
f 182/1 178/2 234/65
f 178/2 235/66 234/65
f 181/2 183/1 236/67
f 183/1 237/68 236/67
f 238/28 239/70 240/69
f 241/70 242/28 243/69
f 244/71 239/70 238/28
f 241/70 245/71 242/28
f 246/74 247/73 248/72
f 249/73 250/74 251/72
f 246/74 248/72 252/75
f 251/72 250/74 253/75
f 240/69 254/76 238/28
f 238/28 254/76 255/77
f 243/69 242/28 256/76
f 242/28 257/77 256/76
f 241/70 243/69 258/78
f 258/78 243/69 259/19
f 239/70 260/78 240/69
f 260/78 261/19 240/69
f 260/78 239/70 262/79
f 263/80 262/79 239/70
f 258/78 264/79 241/70
f 264/79 265/80 241/70
f 239/70 244/71 263/80
f 266/81 263/80 244/71
f 241/70 265/80 245/71
f 265/80 267/81 245/71
f 262/79 263/80 268/82
f 269/83 268/82 263/80
f 264/79 270/82 265/80
f 270/82 271/83 265/80
f 272/84 269/83 266/81
f 269/83 263/80 266/81
f 273/84 267/81 271/83
f 271/83 267/81 265/80
f 268/82 269/83 274/85
f 275/86 274/85 269/83
f 270/82 276/85 271/83
f 276/85 277/86 271/83
f 278/87 275/86 272/84
f 275/86 269/83 272/84
f 279/87 273/84 277/86
f 277/86 273/84 271/83
f 280/10 274/85 281/88
f 274/85 275/86 281/88
f 276/85 282/10 277/86
f 282/10 283/88 277/86
f 281/88 275/86 284/2
f 275/86 278/87 284/2
f 277/86 283/88 279/87
f 283/88 285/2 279/87
f 286/90 280/10 287/89
f 280/10 281/88 287/89
f 288/90 289/89 282/10
f 283/88 282/10 289/89
f 284/2 290/91 281/88
f 281/88 290/91 287/89
f 285/2 283/88 291/91
f 283/88 289/89 291/91
f 292/93 286/90 293/92
f 286/90 287/89 293/92
f 294/93 295/92 288/90
f 289/89 288/90 295/92
f 291/91 289/89 296/94
f 289/89 295/92 296/94
f 290/91 297/94 287/89
f 287/89 297/94 293/92
f 298/95 292/93 246/74
f 292/93 293/92 246/74
f 299/95 250/74 294/93
f 295/92 294/93 250/74
f 246/74 293/92 247/73
f 293/92 297/94 247/73
f 250/74 249/73 295/92
f 296/94 295/92 249/73
f 246/74 252/75 298/95
f 298/95 252/75 300/96
f 250/74 299/95 253/75
f 299/95 301/96 253/75
f 252/75 248/72 302/97
f 248/72 303/98 302/97
f 251/72 253/75 304/99
f 253/75 305/100 304/99
f 306/7 307/45 308/5
f 309/2 310/3 311/1
f 306/7 312/23 307/45
f 313/4 310/3 309/2
f 306/7 308/5 314/6
f 314/6 308/5 315/8
f 310/3 316/9 311/1
f 316/9 317/10 311/1
f 314/6 318/11 306/7
f 318/11 319/12 306/7
f 316/9 310/3 320/13
f 321/14 320/13 310/3
f 320/13 321/14 322/15
f 323/16 322/15 321/14
f 318/11 324/17 319/12
f 324/17 325/18 319/12
f 324/17 326/19 325/18
f 326/19 327/20 325/18
f 322/15 323/16 328/21
f 329/22 328/21 323/16
f 326/19 328/21 327/20
f 328/21 329/22 327/20
f 306/7 319/12 312/23
f 319/12 330/24 312/23
f 310/3 313/4 321/14
f 331/25 321/14 313/4
f 332/26 323/16 331/25
f 323/16 321/14 331/25
f 333/27 330/24 325/18
f 325/18 330/24 319/12
f 334/28 333/27 327/20
f 327/20 333/27 325/18
f 335/29 329/22 332/26
f 329/22 323/16 332/26
f 327/20 329/22 334/28
f 329/22 335/29 334/28
f 336/7 337/45 338/5
f 339/2 340/3 341/1
f 336/7 342/23 337/45
f 343/4 340/3 339/2
f 336/7 338/5 344/6
f 344/6 338/5 345/8
f 340/3 346/9 341/1
f 346/9 347/10 341/1
f 344/6 348/11 336/7
f 348/11 349/12 336/7
f 346/9 340/3 350/13
f 351/14 350/13 340/3
f 350/13 351/14 352/15
f 353/16 352/15 351/14
f 348/11 354/17 349/12
f 354/17 355/18 349/12
f 354/17 356/19 355/18
f 356/19 357/20 355/18
f 352/15 353/16 358/21
f 359/22 358/21 353/16
f 356/19 358/21 357/20
f 358/21 359/22 357/20
f 336/7 349/12 342/23
f 349/12 360/24 342/23
f 340/3 343/4 351/14
f 361/25 351/14 343/4
f 362/26 353/16 361/25
f 353/16 351/14 361/25
f 363/27 360/24 355/18
f 355/18 360/24 349/12
f 364/28 363/27 357/20
f 357/20 363/27 355/18
f 365/29 359/22 362/26
f 359/22 353/16 362/26
f 357/20 359/22 364/28
f 359/22 365/29 364/28
f 366/7 367/45 368/5
f 369/2 370/3 371/1
f 366/7 372/23 367/45
f 373/4 370/3 369/2
f 366/7 368/5 374/6
f 374/6 368/5 375/8
f 370/3 376/9 371/1
f 376/9 377/10 371/1
f 374/6 378/11 366/7
f 378/11 379/12 366/7
f 376/9 370/3 380/13
f 381/14 380/13 370/3
f 380/13 381/14 382/15
f 383/16 382/15 381/14
f 378/11 384/17 379/12
f 384/17 385/18 379/12
f 384/17 386/19 385/18
f 386/19 387/20 385/18
f 382/15 383/16 388/21
f 389/22 388/21 383/16
f 386/19 388/21 387/20
f 388/21 389/22 387/20
f 366/7 379/12 372/23
f 379/12 390/24 372/23
f 370/3 373/4 381/14
f 391/25 381/14 373/4
f 392/26 383/16 391/25
f 383/16 381/14 391/25
f 393/27 390/24 385/18
f 385/18 390/24 379/12
f 394/28 393/27 387/20
f 387/20 393/27 385/18
f 395/29 389/22 392/26
f 389/22 383/16 392/26
f 387/20 389/22 394/28
f 389/22 395/29 394/28
f 396/7 397/45 398/5
f 399/2 400/3 401/1
f 396/7 402/23 397/45
f 403/4 400/3 399/2
f 396/7 398/5 404/6
f 404/6 398/5 405/8
f 400/3 406/9 401/1
f 406/9 407/10 401/1
f 404/6 408/11 396/7
f 408/11 409/12 396/7
f 406/9 400/3 410/13
f 411/14 410/13 400/3
f 410/13 411/14 412/15
f 413/16 412/15 411/14
f 408/11 414/17 409/12
f 414/17 415/18 409/12
f 414/17 416/19 415/18
f 416/19 417/20 415/18
f 412/15 413/16 418/21
f 419/22 418/21 413/16
f 416/19 418/21 417/20
f 418/21 419/22 417/20
f 396/7 409/12 402/23
f 409/12 420/24 402/23
f 400/3 403/4 411/14
f 421/25 411/14 403/4
f 422/26 413/16 421/25
f 413/16 411/14 421/25
f 423/27 420/24 415/18
f 415/18 420/24 409/12
f 424/28 423/27 417/20
f 417/20 423/27 415/18
f 425/29 419/22 422/26
f 419/22 413/16 422/26
f 417/20 419/22 424/28
f 419/22 425/29 424/28
f 426/3 427/2 428/1
f 426/3 429/4 427/2
f 430/7 431/6 432/5
f 431/6 433/8 432/5
f 426/3 428/1 434/9
f 434/9 428/1 435/10
f 431/6 430/7 436/11
f 437/12 436/11 430/7
f 434/9 438/13 426/3
f 438/13 439/14 426/3
f 438/13 440/15 439/14
f 440/15 441/16 439/14
f 436/11 437/12 442/17
f 443/18 442/17 437/12
f 442/17 443/18 444/19
f 445/20 444/19 443/18
f 440/15 446/21 441/16
f 446/21 447/22 441/16
f 446/21 444/19 447/22
f 444/19 445/20 447/22
f 430/7 448/23 437/12
f 449/24 437/12 448/23
f 426/3 439/14 429/4
f 439/14 450/25 429/4
f 451/26 450/25 441/16
f 441/16 450/25 439/14
f 452/27 443/18 449/24
f 443/18 437/12 449/24
f 453/28 445/20 452/27
f 445/20 443/18 452/27
f 454/29 451/26 447/22
f 447/22 451/26 441/16
f 447/22 445/20 454/29
f 445/20 453/28 454/29
f 455/3 456/2 457/1
f 455/3 458/4 456/2
f 459/7 460/6 461/5
f 460/6 462/8 461/5
f 455/3 457/1 463/9
f 463/9 457/1 464/10
f 460/6 459/7 465/11
f 466/12 465/11 459/7
f 463/9 467/13 455/3
f 467/13 468/14 455/3
f 467/13 469/15 468/14
f 469/15 470/16 468/14
f 465/11 466/12 471/17
f 472/18 471/17 466/12
f 471/17 472/18 473/19
f 474/20 473/19 472/18
f 469/15 475/21 470/16
f 475/21 476/22 470/16
f 475/21 473/19 476/22
f 473/19 474/20 476/22
f 459/7 477/23 466/12
f 478/24 466/12 477/23
f 455/3 468/14 458/4
f 468/14 479/25 458/4
f 480/26 479/25 470/16
f 470/16 479/25 468/14
f 481/27 472/18 478/24
f 472/18 466/12 478/24
f 482/28 474/20 481/27
f 474/20 472/18 481/27
f 483/29 480/26 476/22
f 476/22 480/26 470/16
f 476/22 474/20 483/29
f 474/20 482/28 483/29
usemtl texture1
f 484/103 485/102 486/101
f 485/102 487/104 486/101
f 485/102 488/103 487/104
f 487/104 489/106 490/105
f 487/104 488/103 489/106
f 491/103 492/107 493/106
f 492/107 494/108 493/106
f 488/103 495/107 489/106
f 495/107 496/108 489/106
f 497/102 491/103 498/105
f 491/103 493/106 498/105
f 495/107 499/103 496/108
f 499/103 500/106 496/108
f 501/103 497/102 502/106
f 497/102 498/105 502/106
f 499/103 503/102 500/106
f 503/102 504/105 500/106
f 505/107 501/103 506/108
f 501/103 502/106 506/108
f 507/103 505/107 508/106
f 505/107 506/108 508/106
f 503/102 507/103 504/105
f 507/103 508/106 504/105
f 509/103 510/102 511/101
f 510/102 512/104 511/101
f 510/102 513/103 512/104
f 512/104 514/106 515/105
f 512/104 513/103 514/106
f 513/103 516/107 514/106
f 516/107 517/108 514/106
f 518/102 519/103 520/105
f 519/103 521/106 520/105
f 516/107 522/103 517/108
f 522/103 523/106 517/108
f 524/103 518/102 525/106
f 518/102 520/105 525/106
f 522/103 526/102 523/106
f 526/102 527/105 523/106
f 528/107 524/103 529/108
f 524/103 525/106 529/108
f 530/103 528/107 531/106
f 528/107 529/108 531/106
f 526/102 530/103 527/105
f 530/103 531/106 527/105
f 44/104 532/103 533/106
f 534/107 47/101 535/108
f 536/102 532/103 44/104
f 44/104 533/106 537/105
f 534/107 538/103 47/101
f 535/108 47/101 539/106
f 540/103 541/102 542/106
f 541/102 543/105 542/106
f 544/103 545/102 546/106
f 545/102 547/105 546/106
f 548/107 540/103 549/108
f 540/103 542/106 549/108
f 545/102 550/103 547/105
f 550/103 551/106 547/105
f 532/103 548/107 533/106
f 548/107 549/108 533/106
f 550/103 534/107 551/106
f 534/107 535/108 551/106
f 538/103 536/102 47/101
f 536/102 44/104 47/101
f 552/107 553/103 94/101
f 554/108 94/101 72/106
f 552/107 94/101 554/108
f 555/102 556/103 95/104
f 95/104 557/106 73/105
f 95/104 556/103 557/106
f 558/104 559/103 560/106
f 561/107 562/101 563/108
f 558/104 560/106 564/105
f 565/102 559/103 558/104
f 561/107 566/103 562/101
f 563/108 562/101 567/106
f 553/103 555/102 94/101
f 555/102 95/104 94/101
f 568/103 552/107 569/106
f 552/107 554/108 569/106
f 556/103 570/107 557/106
f 570/107 571/108 557/106
f 572/102 568/103 573/105
f 568/103 569/106 573/105
f 570/107 574/103 571/108
f 574/103 575/106 571/108
f 574/103 576/102 575/106
f 576/102 577/105 575/106
f 578/103 572/102 579/106
f 572/102 573/105 579/106
f 576/102 580/103 577/105
f 580/103 581/106 577/105
f 582/107 578/103 583/108
f 578/103 579/106 583/108
f 580/103 584/107 581/106
f 584/107 585/108 581/106
f 586/103 582/107 587/106
f 582/107 583/108 587/106
f 584/107 588/103 585/108
f 588/103 589/106 585/108
f 590/102 586/103 591/105
f 586/103 587/106 591/105
f 592/103 590/102 593/106
f 590/102 591/105 593/106
f 588/103 594/102 589/106
f 594/102 595/105 589/106
f 596/107 592/103 597/108
f 592/103 593/106 597/108
f 594/102 598/103 595/105
f 598/103 599/106 595/105
f 559/103 596/107 560/106
f 596/107 597/108 560/106
f 598/103 561/107 599/106
f 561/107 563/108 599/106
f 566/103 565/102 562/101
f 565/102 558/104 562/101
f 600/107 601/103 162/101
f 602/108 162/101 114/106
f 600/107 162/101 602/108
f 603/102 604/103 163/104
f 163/104 605/106 115/105
f 163/104 604/103 605/106
f 606/104 607/103 608/106
f 609/107 610/101 611/108
f 606/104 608/106 170/105
f 612/102 607/103 606/104
f 609/107 613/103 610/101
f 611/108 610/101 173/106
f 601/103 603/102 162/101
f 603/102 163/104 162/101
f 614/103 600/107 615/106
f 600/107 602/108 615/106
f 604/103 616/107 605/106
f 616/107 617/108 605/106
f 618/102 614/103 619/105
f 614/103 615/106 619/105
f 616/107 620/103 617/108
f 620/103 621/106 617/108
f 620/103 622/102 621/106
f 622/102 623/105 621/106
f 624/103 618/102 625/106
f 618/102 619/105 625/106
f 622/102 626/103 623/105
f 626/103 627/106 623/105
f 628/107 624/103 629/108
f 624/103 625/106 629/108
f 626/103 630/107 627/106
f 630/107 631/108 627/106
f 632/103 628/107 633/106
f 628/107 629/108 633/106
f 630/107 634/103 631/108
f 634/103 635/106 631/108
f 636/102 632/103 637/105
f 632/103 633/106 637/105
f 638/103 636/102 639/106
f 636/102 637/105 639/106
f 634/103 640/102 635/106
f 640/102 641/105 635/106
f 642/107 638/103 643/108
f 638/103 639/106 643/108
f 640/102 644/103 641/105
f 644/103 645/106 641/105
f 607/103 642/107 608/106
f 642/107 643/108 608/106
f 644/103 609/107 645/106
f 609/107 611/108 645/106
f 613/103 612/102 610/101
f 612/102 606/104 610/101
f 646/107 647/103 232/101
f 648/108 232/101 182/106
f 646/107 232/101 648/108
f 649/102 650/103 233/104
f 233/104 651/106 183/105
f 233/104 650/103 651/106
f 261/104 652/103 653/106
f 654/107 259/101 655/108
f 656/102 652/103 261/104
f 261/104 653/106 240/105
f 654/107 657/103 259/101
f 655/108 259/101 243/106
f 647/103 649/102 232/101
f 649/102 233/104 232/101
f 658/103 646/107 659/106
f 646/107 648/108 659/106
f 650/103 660/107 651/106
f 660/107 661/108 651/106
f 662/102 658/103 663/105
f 658/103 659/106 663/105
f 660/107 664/103 661/108
f 664/103 665/106 661/108
f 664/103 666/102 665/106
f 666/102 667/105 665/106
f 668/103 662/102 669/106
f 662/102 663/105 669/106
f 666/102 670/103 667/105
f 670/103 671/106 667/105
f 672/107 668/103 673/108
f 668/103 669/106 673/108
f 670/103 674/107 671/106
f 674/107 675/108 671/106
f 676/103 672/107 677/106
f 672/107 673/108 677/106
f 674/107 678/103 675/108
f 678/103 679/106 675/108
f 680/102 676/103 681/105
f 676/103 677/106 681/105
f 682/103 680/102 683/106
f 680/102 681/105 683/106
f 678/103 684/102 679/106
f 684/102 685/105 679/106
f 686/107 682/103 687/108
f 682/103 683/106 687/108
f 684/102 688/103 685/105
f 688/103 689/106 685/105
f 652/103 686/107 653/106
f 686/107 687/108 653/106
f 688/103 654/107 689/106
f 654/107 655/108 689/106
f 657/103 656/102 259/101
f 656/102 261/104 259/101
f 690/107 691/103 300/101
f 692/108 300/101 252/106
f 690/107 300/101 692/108
f 693/102 694/103 301/104
f 301/104 695/106 253/105
f 301/104 694/103 695/106
f 691/103 693/102 300/101
f 693/102 301/104 300/101
f 696/103 690/107 697/106
f 690/107 692/108 697/106
f 694/103 698/107 695/106
f 698/107 699/108 695/106
f 700/102 696/103 701/105
f 696/103 697/106 701/105
f 698/107 702/103 699/108
f 702/103 703/106 699/108
f 702/103 704/102 703/106
f 704/102 705/105 703/106
f 706/103 700/102 707/106
f 700/102 701/105 707/106
f 704/102 708/103 705/105
f 708/103 709/106 705/105
f 710/107 345/101 711/108
f 710/107 712/103 345/101
f 711/108 345/101 338/106
f 713/102 714/103 715/105
f 714/103 716/106 715/105
f 714/103 717/107 716/106
f 717/107 718/108 716/106
f 717/107 719/103 718/108
f 719/103 720/106 718/108
f 719/103 721/102 720/106
f 721/102 722/105 720/106
f 723/103 713/102 724/106
f 713/102 715/105 724/106
f 721/102 725/103 722/105
f 725/103 726/106 722/105
f 727/107 723/103 728/108
f 723/103 724/106 728/108
f 725/103 710/107 726/106
f 710/107 711/108 726/106
f 712/103 729/102 345/101
f 729/102 730/104 345/101
f 731/107 732/101 733/108
f 731/107 734/103 732/101
f 733/108 732/101 735/106
f 736/102 737/103 738/105
f 737/103 739/106 738/105
f 737/103 740/107 739/106
f 740/107 741/108 739/106
f 740/107 742/103 741/108
f 742/103 743/106 741/108
f 742/103 744/102 743/106
f 744/102 745/105 743/106
f 746/103 736/102 747/106
f 736/102 738/105 747/106
f 744/102 748/103 745/105
f 748/103 749/106 745/105
f 750/107 746/103 751/108
f 746/103 747/106 751/108
f 748/103 731/107 749/106
f 731/107 733/108 749/106
f 752/103 750/107 753/106
f 750/107 751/108 753/106
f 734/103 754/102 732/101
f 754/102 755/104 732/101
f 756/107 315/101 757/108
f 756/107 758/103 315/101
f 757/108 315/101 308/106
f 759/102 760/103 761/105
f 760/103 762/106 761/105
f 760/103 763/107 762/106
f 763/107 764/108 762/106
f 763/107 765/103 764/108
f 765/103 766/106 764/108
f 765/103 767/102 766/106
f 767/102 768/105 766/106
f 769/103 759/102 770/106
f 759/102 761/105 770/106
f 767/102 771/103 768/105
f 771/103 772/106 768/105
f 773/107 769/103 774/108
f 769/103 770/106 774/108
f 771/103 756/107 772/106
f 756/107 757/108 772/106
f 775/103 773/107 776/106
f 773/107 774/108 776/106
f 758/103 777/102 315/101
f 777/102 778/104 315/101
f 779/107 780/101 781/108
f 779/107 782/103 780/101
f 781/108 780/101 783/106
f 784/102 785/103 786/105
f 785/103 787/106 786/105
f 785/103 788/107 787/106
f 788/107 789/108 787/106
f 788/107 790/103 789/108
f 790/103 791/106 789/108
f 790/103 792/102 791/106
f 792/102 793/105 791/106
f 794/103 784/102 795/106
f 784/102 786/105 795/106
f 792/102 796/103 793/105
f 796/103 797/106 793/105
f 798/107 794/103 799/108
f 794/103 795/106 799/108
f 796/103 779/107 797/106
f 779/107 781/108 797/106
f 800/103 798/107 801/106
f 798/107 799/108 801/106
f 782/103 802/102 780/101
f 802/102 803/104 780/101
f 804/107 805/101 806/108
f 804/107 807/103 805/101
f 806/108 805/101 808/106
f 809/102 810/103 811/105
f 810/103 812/106 811/105
f 810/103 813/107 812/106
f 813/107 814/108 812/106
f 813/107 815/103 814/108
f 815/103 816/106 814/108
f 815/103 817/102 816/106
f 817/102 818/105 816/106
f 819/103 809/102 820/106
f 809/102 811/105 820/106
f 817/102 821/103 818/105
f 821/103 822/106 818/105
f 823/107 819/103 824/108
f 819/103 820/106 824/108
f 821/103 804/107 822/106
f 804/107 806/108 822/106
f 825/103 823/107 826/106
f 823/107 824/108 826/106
f 807/103 827/102 805/101
f 827/102 828/104 805/101
f 829/109 830/105 831/106
f 832/106 833/110 834/108
f 829/109 835/111 830/105
f 836/112 833/110 832/106
f 837/106 830/105 835/111
f 838/112 835/111 829/109
f 836/112 839/113 833/110
f 840/111 836/112 832/106
f 840/111 832/106 841/105
f 837/106 835/111 842/112
f 842/112 843/108 837/106
f 840/111 841/105 844/112
f 844/112 841/105 845/106
f 842/112 846/113 843/108
f 847/108 844/112 845/106
f 848/106 843/108 846/113
f 849/113 844/112 847/108
f 848/106 846/113 850/112
f 851/112 852/113 547/108
f 853/112 549/105 542/106
f 853/112 854/111 549/105
f 851/112 547/108 551/106
f 533/106 549/105 854/111
f 533/106 854/111 855/112
f 851/112 535/105 856/111
f 551/106 535/105 851/112
f 533/106 857/114 537/108
f 539/106 858/115 535/105
f 833/110 839/113 829/109
f 839/113 838/112 829/109
f 847/108 859/106 849/113
f 860/112 849/113 859/106
f 848/106 850/112 861/105
f 850/112 862/111 861/105
f 859/106 863/105 860/112
f 863/105 864/111 860/112
f 865/112 866/106 862/111
f 866/106 861/105 862/111
f 546/106 867/112 863/105
f 867/112 864/111 863/105
f 543/108 866/106 868/113
f 865/112 868/113 866/106
f 547/108 852/113 546/106
f 852/113 867/112 546/106
f 542/106 543/108 853/112
f 543/108 868/113 853/112
f 533/106 855/112 857/114
f 855/112 869/113 857/114
f 535/105 858/115 856/111
f 858/115 870/112 856/111
f 857/114 869/113 858/115
f 869/113 870/112 858/115
f 871/103 872/102 873/101
f 872/102 874/104 873/101
f 872/102 875/103 874/104
f 874/104 876/106 877/105
f 874/104 875/103 876/106
f 878/103 879/107 880/106
f 879/107 881/108 880/106
f 875/103 882/107 876/106
f 882/107 883/108 876/106
f 884/102 878/103 885/105
f 878/103 880/106 885/105
f 882/107 886/103 883/108
f 886/103 887/106 883/108
f 888/103 884/102 889/106
f 884/102 885/105 889/106
f 886/103 890/102 887/106
f 890/102 891/105 887/106
f 892/107 888/103 893/108
f 888/103 889/106 893/108
f 894/103 892/107 895/106
f 892/107 893/108 895/106
f 890/102 894/103 891/105
f 894/103 895/106 891/105
f 896/103 897/102 898/101
f 897/102 433/104 898/101
f 897/102 899/103 433/104
f 433/104 900/106 432/105
f 433/104 899/103 900/106
f 901/103 902/107 903/106
f 902/107 904/108 903/106
f 899/103 905/107 900/106
f 905/107 906/108 900/106
f 907/102 901/103 908/105
f 901/103 903/106 908/105
f 905/107 909/103 906/108
f 909/103 910/106 906/108
f 911/103 907/102 912/106
f 907/102 908/105 912/106
f 909/103 913/102 910/106
f 913/102 914/105 910/106
f 915/107 911/103 916/108
f 911/103 912/106 916/108
f 917/103 915/107 918/106
f 915/107 916/108 918/106
f 913/102 917/103 914/105
f 917/103 918/106 914/105
f 302/109 692/105 252/106
f 695/106 305/110 253/108
f 302/109 919/111 692/105
f 920/112 305/110 695/106
f 697/106 692/105 919/111
f 921/112 919/111 302/109
f 920/112 922/113 305/110
f 923/111 920/112 695/106
f 923/111 695/106 699/105
f 697/106 919/111 924/112
f 924/112 925/108 697/106
f 923/111 699/105 926/112
f 926/112 699/105 703/106
f 924/112 927/113 925/108
f 928/108 926/112 703/106
f 707/106 925/108 927/113
f 929/113 926/112 928/108
f 707/106 927/113 930/112
f 931/112 932/113 933/108
f 934/112 935/105 936/106
f 934/112 937/111 935/105
f 931/112 933/108 938/106
f 939/106 935/105 937/111
f 939/106 937/111 940/112
f 931/112 941/105 942/111
f 938/106 941/105 931/112
f 939/106 943/114 944/108
f 945/106 946/115 941/105
f 305/110 922/113 302/109
f 922/113 921/112 302/109
f 928/108 709/106 929/113
f 947/112 929/113 709/106
f 707/106 930/112 948/105
f 930/112 949/111 948/105
f 709/106 950/105 947/112
f 950/105 951/111 947/112
f 952/112 953/106 949/111
f 953/106 948/105 949/111
f 954/106 955/112 950/105
f 955/112 951/111 950/105
f 956/108 953/106 957/113
f 952/112 957/113 953/106
f 933/108 932/113 954/106
f 932/113 955/112 954/106
f 936/106 956/108 934/112
f 956/108 957/113 934/112
f 939/106 940/112 943/114
f 940/112 958/113 943/114
f 941/105 946/115 942/111
f 946/115 959/112 942/111
f 943/114 958/113 946/115
f 958/113 959/112 946/115
usemtl texture2
f 960/118 961/117 962/116
f 961/117 963/119 962/116
f 964/121 965/120 960/118
f 965/120 961/117 960/118
f 966/123 967/122 964/121
f 967/122 965/120 964/121
f 968/125 969/124 966/123
f 969/124 967/122 966/123
f 968/125 970/126 969/124
f 970/126 971/127 969/124
f 970/126 972/128 971/127
f 971/127 972/128 973/129
f 972/128 974/130 973/129
f 974/130 975/131 973/129
f 974/130 976/132 975/131
f 975/131 976/132 977/133
f 976/132 978/134 977/133
f 978/134 979/135 977/133
f 978/134 980/136 979/135
f 980/136 981/137 979/135
f 980/136 982/138 981/137
f 982/138 983/139 981/137
f 982/138 984/140 983/139
f 984/140 985/141 983/139
f 984/140 986/142 985/141
f 986/142 987/143 985/141
f 986/142 988/144 987/143
f 988/144 989/145 987/143
f 988/144 990/146 989/145
f 990/146 991/147 989/145
f 990/146 992/148 991/147
f 992/148 993/149 991/147
f 992/148 994/150 993/149
f 993/149 994/150 995/151
f 996/154 997/153 998/152
f 998/152 997/153 999/155
f 994/150 1000/156 995/151
f 995/151 1000/156 1001/157
f 1000/156 1002/158 1001/157
f 1001/157 1002/158 1003/159
f 1002/158 1004/160 1003/159
f 1003/159 1004/160 1005/161
f 1004/160 1006/162 1005/161
f 1005/161 1006/162 1007/163
f 1006/162 1008/165 1009/164
f 1008/165 1010/166 1009/164
f 1007/163 1006/162 1011/167
f 1006/162 1009/164 1011/167
f 1012/167 1013/164 1014/163
f 1013/164 1015/162 1014/163
f 1009/164 1010/166 1016/168
f 1010/166 1017/169 1016/168
f 1011/167 1009/164 1018/170
f 1009/164 1016/168 1018/170
f 1013/164 1012/167 1019/168
f 1012/167 1020/170 1019/168
f 1016/168 1017/169 1021/171
f 1017/169 1022/172 1021/171
f 1018/170 1016/168 1023/173
f 1016/168 1021/171 1023/173
f 1019/168 1020/170 1024/171
f 1020/170 1025/173 1024/171
f 1021/171 1022/172 996/154
f 1022/172 997/153 996/154
f 1023/173 1021/171 1026/174
f 1021/171 996/154 1026/174
f 1024/171 1025/173 1027/154
f 1025/173 1028/174 1027/154
f 1026/174 996/154 1029/175
f 996/154 998/152 1029/175
f 1027/154 1028/174 1030/152
f 1028/174 1031/175 1030/152
f 998/152 999/155 1032/176
f 999/155 1033/177 1032/176
f 1029/175 998/152 1034/178
f 998/152 1032/176 1034/178
f 1030/152 1031/175 1035/176
f 1031/175 1036/178 1035/176
f 1033/177 829/179 1032/176
f 829/179 1034/180 1032/176
f 833/179 1037/177 1036/181
f 1037/177 1035/176 1036/181
f 1038/153 1039/155 1040/152
f 1038/153 1040/152 1041/154
f 1042/145 1043/142 1044/144
f 1045/179 1046/181 1047/177
f 1046/181 1048/176 1047/177
f 1049/177 1050/176 1051/179
f 1050/176 1052/180 1051/179
f 1039/155 1047/177 1040/152
f 1047/177 1048/176 1040/152
f 1053/175 1052/178 1054/152
f 1052/178 1050/176 1054/152
f 1040/152 1048/176 1055/175
f 1048/176 1046/178 1055/175
f 1056/174 1053/175 1057/154
f 1053/175 1054/152 1057/154
f 1041/154 1040/152 1058/174
f 1040/152 1055/175 1058/174
f 1059/171 1060/172 1041/154
f 1060/172 1038/153 1041/154
f 1061/173 1056/174 1062/171
f 1056/174 1057/154 1062/171
f 1059/171 1041/154 1063/173
f 1041/154 1058/174 1063/173
f 1060/172 1059/171 1064/169
f 1064/169 1059/171 1065/168
f 1066/170 1061/173 1067/168
f 1061/173 1062/171 1067/168
f 1065/168 1059/171 1068/170
f 1059/171 1063/173 1068/170
f 1064/169 1065/168 1069/166
f 1069/166 1065/168 1070/164
f 1071/167 1066/170 1072/164
f 1066/170 1067/168 1072/164
f 1070/164 1065/168 1073/167
f 1065/168 1068/170 1073/167
f 1069/166 1070/164 1074/165
f 1070/164 1075/162 1074/165
f 1076/163 1071/167 1077/162
f 1071/167 1072/164 1077/162
f 1073/167 1078/163 1070/164
f 1078/163 1075/162 1070/164
f 1077/162 1079/160 1076/163
f 1080/161 1076/163 1079/160
f 1074/165 1075/162 1081/182
f 1075/162 1082/160 1081/182
f 1078/163 1083/161 1075/162
f 1083/161 1082/160 1075/162
f 1079/160 1084/158 1080/161
f 1085/159 1080/161 1084/158
f 1081/182 1082/160 1086/183
f 1082/160 1087/158 1086/183
f 1083/161 1088/159 1082/160
f 1088/159 1087/158 1082/160
f 1084/158 1089/156 1085/159
f 1090/157 1085/159 1089/156
f 1087/158 1091/156 1086/183
f 1091/156 1092/184 1086/183
f 1088/159 1093/157 1087/158
f 1093/157 1091/156 1087/158
f 1089/156 1094/150 1090/157
f 1095/151 1090/157 1094/150
f 1091/156 1096/150 1092/184
f 1096/150 1097/185 1092/184
f 1093/157 1098/151 1091/156
f 1098/151 1096/150 1091/156
f 1094/150 1099/148 1095/151
f 1100/149 1095/151 1099/148
f 1096/150 1101/148 1097/185
f 1097/185 1101/148 1102/186
f 1098/151 1103/149 1096/150
f 1103/149 1101/148 1096/150
f 1104/146 1105/147 1099/148
f 1105/147 1100/149 1099/148
f 1102/186 1101/148 1106/187
f 1101/148 1107/146 1106/187
f 1103/149 1108/147 1101/148
f 1108/147 1107/146 1101/148
f 1109/144 1110/145 1104/146
f 1110/145 1105/147 1104/146
f 1107/146 1044/144 1106/187
f 1044/144 1111/188 1106/187
f 1108/147 1042/145 1107/146
f 1042/145 1044/144 1107/146
f 1112/142 1113/143 1109/144
f 1113/143 1110/145 1109/144
f 1044/144 1043/142 1111/188
f 1043/142 1114/189 1111/188
f 1115/140 1116/141 1112/142
f 1116/141 1113/143 1112/142
f 1117/138 1118/139 1115/140
f 1118/139 1116/141 1115/140
f 1119/136 1120/137 1117/138
f 1120/137 1118/139 1117/138
f 1121/134 1122/135 1119/136
f 1122/135 1120/137 1119/136
f 1123/132 1124/133 1121/134
f 1124/133 1122/135 1121/134
f 1123/132 1125/130 1124/133
f 1126/131 1124/133 1125/130
f 1127/128 1128/129 1125/130
f 1128/129 1126/131 1125/130
f 1127/128 1129/126 1128/129
f 1130/127 1128/129 1129/126
f 1131/116 1132/190 1133/119
f 1132/190 1134/191 1133/119
f 1135/118 1131/116 1136/117
f 1131/116 1133/119 1136/117
f 1137/121 1135/118 1138/120
f 1135/118 1136/117 1138/120
f 1139/123 1137/121 1140/122
f 1137/121 1138/120 1140/122
f 1141/125 1139/123 1142/124
f 1139/123 1140/122 1142/124
f 1141/125 1142/124 1129/126
f 1142/124 1130/127 1129/126
usemtl texture3
f 963/32 1143/31 1144/30
f 961/33 1143/31 963/32
f 1143/31 1145/36 1144/30
f 1145/36 1146/37 1144/30
f 1145/36 1143/31 1147/40
f 1148/38 1147/40 1143/31
f 1147/40 1148/38 1149/41
f 1150/42 1149/41 1148/38
f 1149/41 1150/42 1151/8
f 1152/44 1151/8 1150/42
f 1153/17 1151/8 1154/192
f 1151/8 1152/44 1154/192
f 1143/31 961/33 1148/38
f 965/39 1148/38 961/33
f 967/43 1150/42 965/39
f 1150/42 1148/38 965/39
f 969/45 1152/44 967/43
f 1152/44 1150/42 967/43
f 971/27 1154/192 969/45
f 1154/192 1152/44 969/45
f 973/84 1155/193 971/27
f 1155/193 1154/192 971/27
f 1156/82 1153/17 1155/193
f 1153/17 1154/192 1155/193
f 975/195 1157/194 973/84
f 1157/194 1155/193 973/84
f 1158/196 1156/82 1157/194
f 1156/82 1155/193 1157/194
f 1159/198 1158/196 1160/197
f 1158/196 1157/194 1160/197
f 977/199 1160/197 975/195
f 1160/197 1157/194 975/195
f 1161/201 1159/198 1162/200
f 1159/198 1160/197 1162/200
f 979/202 1162/200 977/199
f 1162/200 1160/197 977/199
f 1163/204 1161/201 1164/203
f 1161/201 1162/200 1164/203
f 981/205 1164/203 979/202
f 1164/203 1162/200 979/202
f 1165/207 1163/204 1166/206
f 1163/204 1164/203 1166/206
f 983/208 1166/206 981/205
f 1166/206 1164/203 981/205
f 1167/210 1165/207 1168/209
f 1165/207 1166/206 1168/209
f 985/211 1168/209 983/208
f 1168/209 1166/206 983/208
f 1169/213 1167/210 1170/212
f 1167/210 1168/209 1170/212
f 987/214 1170/212 985/211
f 1170/212 1168/209 985/211
f 1171/216 1169/213 1172/215
f 1169/213 1170/212 1172/215
f 989/217 1172/215 987/214
f 1172/215 1170/212 987/214
f 1173/219 1174/218 1172/215
f 1174/218 1171/216 1172/215
f 991/220 1173/219 989/217
f 1173/219 1172/215 989/217
f 1175/222 1174/218 1176/221
f 1174/218 1173/219 1176/221
f 1176/221 1173/219 993/223
f 1173/219 991/220 993/223
f 1177/225 1175/222 1178/224
f 1175/222 1176/221 1178/224
f 1178/224 1176/221 995/226
f 1176/221 993/223 995/226
f 1179/229 1026/228 1029/227
f 1028/228 1180/229 1031/227
f 1179/229 1029/227 831/230
f 1031/227 1180/229 834/230
f 1181/232 1177/225 1182/231
f 1177/225 1178/224 1182/231
f 1001/233 1182/231 995/226
f 1182/231 1178/224 995/226
f 1183/235 1184/234 1182/231
f 1184/234 1181/232 1182/231
f 1003/236 1183/235 1001/233
f 1183/235 1182/231 1001/233
f 1185/238 1184/234 1186/237
f 1184/234 1183/235 1186/237
f 1186/237 1183/235 1005/239
f 1183/235 1003/236 1005/239
f 1187/241 1185/238 1188/240
f 1185/238 1186/237 1188/240
f 1188/240 1186/237 1007/242
f 1186/237 1005/239 1007/242
f 1189/244 1187/241 1190/243
f 1187/241 1188/240 1190/243
f 1191/240 1192/241 1193/243
f 1192/241 1194/244 1193/243
f 1190/243 1188/240 1011/245
f 1188/240 1007/242 1011/245
f 1014/242 1191/240 1012/245
f 1191/240 1193/243 1012/245
f 1195/247 1189/244 1196/246
f 1189/244 1190/243 1196/246
f 1197/247 1198/246 1194/244
f 1193/243 1194/244 1198/246
f 1011/245 1018/248 1190/243
f 1190/243 1018/248 1196/246
f 1012/245 1193/243 1020/248
f 1193/243 1198/246 1020/248
f 1199/250 1195/247 1200/249
f 1195/247 1196/246 1200/249
f 1201/250 1202/249 1197/247
f 1198/246 1197/247 1202/249
f 1020/248 1198/246 1025/251
f 1198/246 1202/249 1025/251
f 1018/248 1023/251 1196/246
f 1196/246 1023/251 1200/249
f 1203/252 1199/250 1179/229
f 1199/250 1200/249 1179/229
f 1204/252 1180/229 1201/250
f 1202/249 1201/250 1180/229
f 1179/229 1200/249 1026/228
f 1200/249 1023/251 1026/228
f 1180/229 1028/228 1202/249
f 1025/251 1202/249 1028/228
f 1179/229 831/230 1203/252
f 1203/252 831/230 1205/253
f 1180/229 1204/252 834/230
f 1204/252 1206/253 834/230
f 831/230 1029/227 829/254
f 1029/227 1034/255 829/254
f 1031/227 834/230 1036/256
f 834/230 833/257 1036/256
f 1207/229 1208/230 1053/227
f 1207/229 1053/227 1056/228
f 1133/32 735/30 1209/31
f 1136/33 1133/32 1209/31
f 1208/230 1051/254 1053/227
f 1051/254 1052/255 1053/227
f 1210/253 1208/230 1211/252
f 1211/252 1208/230 1207/229
f 1211/252 1207/229 1212/250
f 1212/250 1207/229 1213/249
f 1207/229 1056/228 1213/249
f 1213/249 1056/228 1061/251
f 1212/250 1213/249 1214/247
f 1214/247 1213/249 1215/246
f 1066/248 1215/246 1061/251
f 1215/246 1213/249 1061/251
f 1214/247 1215/246 1216/244
f 1216/244 1215/246 1217/243
f 1071/245 1217/243 1066/248
f 1217/243 1215/246 1066/248
f 1216/244 1217/243 1218/241
f 1217/243 1219/240 1218/241
f 1217/243 1071/245 1219/240
f 1071/245 1076/242 1219/240
f 1218/241 1219/240 1220/238
f 1219/240 1221/237 1220/238
f 1219/240 1076/242 1221/237
f 1076/242 1080/239 1221/237
f 1220/238 1221/237 1222/234
f 1221/237 1223/235 1222/234
f 1221/237 1080/239 1223/235
f 1080/239 1085/236 1223/235
f 1223/235 1224/231 1222/234
f 1224/231 1225/232 1222/234
f 1085/236 1090/233 1223/235
f 1090/233 1224/231 1223/235
f 1225/232 1224/231 1226/225
f 1224/231 1227/224 1226/225
f 1090/233 1095/226 1224/231
f 1095/226 1227/224 1224/231
f 1226/225 1227/224 1228/222
f 1227/224 1229/221 1228/222
f 1227/224 1095/226 1229/221
f 1095/226 1100/223 1229/221
f 1228/222 1229/221 1230/218
f 1229/221 1231/219 1230/218
f 1229/221 1100/223 1231/219
f 1100/223 1105/220 1231/219
f 1231/219 1232/215 1230/218
f 1232/215 1233/216 1230/218
f 1105/220 1110/217 1231/219
f 1110/217 1232/215 1231/219
f 1233/216 1232/215 1234/213
f 1232/215 1235/212 1234/213
f 1110/217 1113/214 1232/215
f 1113/214 1235/212 1232/215
f 1234/213 1235/212 1236/210
f 1235/212 1237/209 1236/210
f 1113/214 1116/211 1235/212
f 1116/211 1237/209 1235/212
f 1116/211 1118/208 1237/209
f 1118/208 1238/206 1237/209
f 1236/210 1237/209 1239/207
f 1237/209 1238/206 1239/207
f 1239/207 1238/206 1240/204
f 1238/206 1241/203 1240/204
f 1118/208 1120/205 1238/206
f 1120/205 1241/203 1238/206
f 1240/204 1241/203 1242/201
f 1241/203 1243/200 1242/201
f 1120/205 1122/202 1241/203
f 1122/202 1243/200 1241/203
f 1242/201 1243/200 1244/198
f 1243/200 1245/197 1244/198
f 1122/202 1124/199 1243/200
f 1124/199 1245/197 1243/200
f 1244/198 1245/197 1246/196
f 1245/197 1247/194 1246/196
f 1124/199 1126/195 1245/197
f 1126/195 1247/194 1245/197
f 1246/196 1247/194 1248/82
f 1247/194 1249/193 1248/82
f 1126/195 1128/84 1247/194
f 1128/84 1249/193 1247/194
f 1248/82 1249/193 1250/17
f 1249/193 1251/192 1250/17
f 1128/84 1130/27 1249/193
f 1130/27 1251/192 1249/193
f 1209/31 735/30 1252/36
f 735/30 732/37 1252/36
f 1252/36 1253/40 1209/31
f 1254/38 1209/31 1253/40
f 1253/40 1255/41 1254/38
f 1256/42 1254/38 1255/41
f 1255/41 1257/8 1256/42
f 1258/44 1256/42 1257/8
f 1250/17 1251/192 1257/8
f 1251/192 1258/44 1257/8
f 1134/35 1259/34 1133/32
f 1133/32 1259/34 735/30
f 1209/31 1254/38 1136/33
f 1138/39 1136/33 1254/38
f 1140/43 1138/39 1256/42
f 1138/39 1254/38 1256/42
f 1142/45 1140/43 1258/44
f 1140/43 1256/42 1258/44
f 1130/27 1142/45 1251/192
f 1142/45 1258/44 1251/192
usemtl texture4
f 1260/259 1261/116 1262/258
f 1263/116 1264/259 1265/258
f 1260/259 1266/118 1261/116
f 1267/118 1264/259 1263/116
f 1262/258 1261/116 1268/260
f 1261/116 1269/190 1268/260
f 1265/258 1270/260 1263/116
f 1263/116 1270/260 1271/190
f 1261/116 1272/119 1269/190
f 1272/119 39/191 1269/190
f 1273/119 1274/116 41/191
f 1274/116 1271/190 41/191
f 43/263 46/262 44/261
f 46/262 47/264 44/261
f 1266/118 36/117 1261/116
f 36/117 1272/119 1261/116
f 37/117 1267/118 1273/119
f 1267/118 1274/116 1273/119
f 1275/121 1266/118 1276/265
f 1276/265 1266/118 1260/259
f 50/267 52/266 43/263
f 52/266 46/262 43/263
f 1277/121 1278/265 1267/118
f 1278/265 1264/259 1267/118
f 1275/121 53/120 1266/118
f 53/120 36/117 1266/118
f 49/120 1277/121 37/117
f 1277/121 1267/118 37/117
f 54/269 56/268 50/267
f 56/268 52/266 50/267
f 1279/123 1275/121 1280/270
f 1280/270 1275/121 1276/265
f 1281/123 1282/270 1277/121
f 1282/270 1278/265 1277/121
f 1279/123 58/122 1275/121
f 58/122 53/120 1275/121
f 59/122 1281/123 49/120
f 1281/123 1277/121 49/120
f 1283/125 64/124 1279/123
f 64/124 58/122 1279/123
f 60/272 62/271 54/269
f 62/271 56/268 54/269
f 1283/125 1284/123 1285/273
f 1285/273 1284/123 1280/270
f 1286/125 1287/273 1281/123
f 1287/273 1282/270 1281/123
f 65/124 1286/125 59/122
f 1286/125 1281/123 59/122
f 1288/276 1289/275 1290/274
f 1291/275 1292/276 1293/274
f 1290/274 1289/275 1294/277
f 1291/275 1293/274 1295/277
f 62/271 60/272 76/278
f 60/272 74/279 76/278
f 1285/273 1296/280 1283/125
f 1296/280 1297/281 1283/125
f 1298/280 1287/273 1299/281
f 1287/273 1286/125 1299/281
f 1283/125 1297/281 64/124
f 1297/281 78/282 64/124
f 79/282 1299/281 65/124
f 1299/281 1286/125 65/124
f 76/278 74/279 82/283
f 74/279 80/284 82/283
f 1297/281 1296/280 1300/285
f 1296/280 1301/286 1300/285
f 1299/281 1302/285 1298/280
f 1298/280 1302/285 1303/286
f 78/282 1297/281 84/287
f 1297/281 1300/285 84/287
f 1299/281 79/282 1302/285
f 79/282 85/287 1302/285
f 82/283 80/284 88/288
f 80/284 86/289 88/288
f 1300/285 1301/286 1304/290
f 1301/286 1305/291 1304/290
f 1302/285 1306/290 1303/286
f 1303/286 1306/290 1307/291
f 84/287 1300/285 91/292
f 1300/285 1304/290 91/292
f 1302/285 85/287 1306/290
f 85/287 90/292 1306/290
f 88/288 86/289 93/293
f 86/289 92/294 93/293
f 1304/290 1305/291 1288/276
f 1305/291 1289/275 1288/276
f 1306/290 1292/276 1307/291
f 1307/291 1292/276 1291/275
f 91/292 1304/290 67/295
f 1304/290 1288/276 67/295
f 1306/290 90/292 1292/276
f 90/292 69/295 1292/276
f 93/293 92/294 95/296
f 92/294 94/297 95/296
f 67/295 1288/276 68/298
f 1288/276 1290/274 68/298
f 1292/276 69/295 1293/274
f 69/295 71/298 1293/274
f 1290/274 1294/277 1308/299
f 1294/277 1309/300 1308/299
f 1295/277 1293/274 1310/300
f 1293/274 1311/299 1310/300
f 68/298 1290/274 97/301
f 1290/274 1308/299 97/301
f 1293/274 71/298 1311/299
f 71/298 98/301 1311/299
f 1309/300 96/302 1308/299
f 96/302 97/303 1308/299
f 99/302 1310/300 98/304
f 1310/300 1311/299 98/304
f 1312/305 1313/125 1314/273
f 1315/125 1316/305 1317/273
f 1312/305 1318/306 1313/125
f 1319/306 1316/305 1315/125
f 1320/309 1321/308 1322/307
f 1323/308 1324/309 1325/307
f 1322/307 1321/308 1326/310
f 1323/308 1325/307 1327/310
f 116/312 1328/270 117/311
f 1328/270 1329/123 117/311
f 1330/270 118/312 1331/123
f 118/312 119/311 1331/123
f 1314/273 1313/125 1328/270
f 1313/125 1329/123 1328/270
f 1317/273 1330/270 1315/125
f 1315/125 1330/270 1331/123
f 1313/125 100/124 1329/123
f 100/124 117/122 1329/123
f 104/124 1315/125 119/122
f 1315/125 1331/123 119/122
f 122/314 120/313 123/272
f 120/313 121/271 123/272
f 1318/306 106/315 1313/125
f 106/315 100/124 1313/125
f 107/315 1319/306 104/124
f 1319/306 1315/125 104/124
f 124/317 126/316 122/314
f 126/316 120/313 122/314
f 1332/319 1318/306 1333/318
f 1333/318 1318/306 1312/305
f 1334/319 1335/318 1319/306
f 1335/318 1316/305 1319/306
f 1332/319 128/320 1318/306
f 128/320 106/315 1318/306
f 129/320 1334/319 107/315
f 1334/319 1319/306 107/315
f 130/322 132/321 124/317
f 132/321 126/316 124/317
f 1336/126 1332/319 1337/323
f 1337/323 1332/319 1333/318
f 1338/126 1339/323 1334/319
f 1339/323 1335/318 1334/319
f 1336/126 134/127 1332/319
f 134/127 128/320 1332/319
f 135/127 1338/126 129/320
f 1338/126 1334/319 129/320
f 136/325 138/324 130/322
f 138/324 132/321 130/322
f 1340/327 1336/126 1341/326
f 1341/326 1336/126 1337/323
f 1342/327 1343/326 1338/126
f 1343/326 1339/323 1338/126
f 1340/327 140/328 1336/126
f 140/328 134/127 1336/126
f 141/328 1342/327 135/127
f 1342/327 1338/126 135/127
f 138/324 136/325 144/296
f 136/325 142/297 144/296
f 1341/326 1344/277 1340/327
f 1344/277 1345/274 1340/327
f 1346/277 1343/326 1347/274
f 1343/326 1342/327 1347/274
f 1340/327 1345/274 140/328
f 1345/274 146/298 140/328
f 147/298 1347/274 141/328
f 1347/274 1342/327 141/328
f 144/296 142/297 150/329
f 142/297 148/330 150/329
f 1345/274 1344/277 1348/331
f 1344/277 1349/332 1348/331
f 1347/274 1350/331 1346/277
f 1346/277 1350/331 1351/332
f 146/298 1345/274 152/333
f 1345/274 1348/331 152/333
f 1347/274 147/298 1350/331
f 147/298 153/333 1350/331
f 150/329 148/330 156/334
f 148/330 154/335 156/334
f 1348/331 1349/332 1352/336
f 1349/332 1353/337 1352/336
f 1350/331 1354/336 1351/332
f 1351/332 1354/336 1355/337
f 152/333 1348/331 159/338
f 1348/331 1352/336 159/338
f 1350/331 153/333 1354/336
f 153/333 158/338 1354/336
f 156/334 154/335 161/339
f 154/335 160/340 161/339
f 1352/336 1353/337 1320/309
f 1353/337 1321/308 1320/309
f 1354/336 1324/309 1355/337
f 1355/337 1324/309 1323/308
f 159/338 1352/336 109/341
f 1352/336 1320/309 109/341
f 1354/336 158/338 1324/309
f 158/338 111/341 1324/309
f 161/339 160/340 163/342
f 160/340 162/343 163/342
f 109/341 1320/309 110/344
f 1320/309 1322/307 110/344
f 1324/309 111/341 1325/307
f 111/341 113/344 1325/307
f 1322/307 1326/310 1356/345
f 1326/310 1357/346 1356/345
f 1327/310 1325/307 1358/346
f 1325/307 1359/345 1358/346
f 110/344 1322/307 165/347
f 1322/307 1356/345 165/347
f 1325/307 113/344 1359/345
f 113/344 166/347 1359/345
f 1357/346 164/348 1356/345
f 164/348 165/349 1356/345
f 167/348 1358/346 166/350
f 1358/346 1359/345 166/350
f 1360/305 1361/125 1362/273
f 1363/125 1364/305 1365/273
f 1360/305 1366/306 1361/125
f 1367/306 1364/305 1363/125
f 1368/309 1369/308 1370/307
f 1371/308 1372/309 1373/307
f 1370/307 1369/308 1374/310
f 1371/308 1373/307 1375/310
f 184/312 1376/270 185/311
f 1376/270 1377/123 185/311
f 1378/270 186/312 1379/123
f 186/312 187/311 1379/123
f 1365/273 1378/270 1363/125
f 1363/125 1378/270 1379/123
f 1361/125 1380/124 1377/123
f 1380/124 185/122 1377/123
f 1381/124 1382/125 187/122
f 1382/125 1379/123 187/122
f 1362/273 1361/125 1376/270
f 1361/125 1377/123 1376/270
f 189/314 192/313 190/272
f 192/313 193/271 190/272
f 1366/306 174/315 1361/125
f 174/315 1380/124 1361/125
f 175/315 1367/306 1381/124
f 1367/306 1382/125 1381/124
f 1383/319 1366/306 1384/318
f 1384/318 1366/306 1360/305
f 196/317 198/316 189/314
f 198/316 192/313 189/314
f 1385/319 1386/318 1367/306
f 1386/318 1364/305 1367/306
f 1383/319 199/320 1366/306
f 199/320 174/315 1366/306
f 195/320 1385/319 175/315
f 1385/319 1367/306 175/315
f 200/322 202/321 196/317
f 202/321 198/316 196/317
f 1387/126 1383/319 1388/323
f 1388/323 1383/319 1384/318
f 1389/126 1390/323 1385/319
f 1390/323 1386/318 1385/319
f 1387/126 204/127 1383/319
f 204/127 199/320 1383/319
f 205/127 1389/126 195/320
f 1389/126 1385/319 195/320
f 206/325 208/324 200/322
f 208/324 202/321 200/322
f 1391/327 1387/126 1392/326
f 1392/326 1387/126 1388/323
f 1393/327 1394/326 1389/126
f 1394/326 1390/323 1389/126
f 1391/327 210/328 1387/126
f 210/328 204/127 1387/126
f 211/328 1393/327 205/127
f 1393/327 1389/126 205/127
f 208/324 206/325 214/296
f 206/325 212/297 214/296
f 1392/326 1395/277 1391/327
f 1395/277 1396/274 1391/327
f 1397/277 1394/326 1398/274
f 1394/326 1393/327 1398/274
f 1391/327 1396/274 210/328
f 1396/274 216/298 210/328
f 217/298 1398/274 211/328
f 1398/274 1393/327 211/328
f 214/296 212/297 220/329
f 212/297 218/330 220/329
f 1396/274 1395/277 1399/331
f 1395/277 1400/332 1399/331
f 1398/274 1401/331 1397/277
f 1397/277 1401/331 1402/332
f 216/298 1396/274 222/333
f 1396/274 1399/331 222/333
f 1398/274 217/298 1401/331
f 217/298 223/333 1401/331
f 220/329 218/330 226/334
f 218/330 224/335 226/334
f 1399/331 1400/332 1403/336
f 1400/332 1404/337 1403/336
f 1401/331 1405/336 1402/332
f 1402/332 1405/336 1406/337
f 222/333 1399/331 229/338
f 1399/331 1403/336 229/338
f 1401/331 223/333 1405/336
f 223/333 228/338 1405/336
f 226/334 224/335 231/339
f 224/335 230/340 231/339
f 1403/336 1404/337 1368/309
f 1404/337 1369/308 1368/309
f 1405/336 1372/309 1406/337
f 1406/337 1372/309 1371/308
f 229/338 1403/336 177/341
f 1403/336 1368/309 177/341
f 1405/336 228/338 1372/309
f 228/338 179/341 1372/309
f 231/339 230/340 233/342
f 230/340 232/343 233/342
f 177/341 1368/309 178/344
f 1368/309 1370/307 178/344
f 1372/309 179/341 1373/307
f 179/341 181/344 1373/307
f 1370/307 1374/310 1407/345
f 1374/310 1408/346 1407/345
f 1375/310 1373/307 1409/346
f 1373/307 1410/345 1409/346
f 178/344 1370/307 235/347
f 1370/307 1407/345 235/347
f 1373/307 181/344 1410/345
f 181/344 236/347 1410/345
f 1408/346 234/348 1407/345
f 234/348 235/349 1407/345
f 237/348 1409/346 236/350
f 1409/346 1410/345 236/350
f 1411/351 1412/327 1413/326
f 1414/327 1415/351 1416/326
f 1411/351 1417/352 1412/327
f 1418/352 1415/351 1414/327
f 1419/355 1420/354 1421/353
f 1422/354 1423/355 1424/353
f 1421/353 1420/354 1425/356
f 1422/354 1424/353 1426/356
f 254/358 1427/323 255/357
f 1427/323 1428/126 255/357
f 1429/323 256/358 1430/126
f 256/358 257/357 1430/126
f 1413/326 1412/327 1427/323
f 1412/327 1428/126 1427/323
f 1416/326 1429/323 1414/327
f 1414/327 1429/323 1430/126
f 1412/327 238/328 1428/126
f 238/328 255/127 1428/126
f 242/328 1414/327 257/127
f 1414/327 1430/126 257/127
f 260/360 258/359 261/325
f 258/359 259/324 261/325
f 1417/352 244/361 1412/327
f 244/361 238/328 1412/327
f 245/361 1418/352 242/328
f 1418/352 1414/327 242/328
f 262/363 264/362 260/360
f 264/362 258/359 260/360
f 1431/365 1417/352 1432/364
f 1432/364 1417/352 1411/351
f 1433/365 1434/364 1418/352
f 1434/364 1415/351 1418/352
f 1431/365 266/366 1417/352
f 266/366 244/361 1417/352
f 267/366 1433/365 245/361
f 1433/365 1418/352 245/361
f 268/368 270/367 262/363
f 270/367 264/362 262/363
f 1435/128 1431/365 1436/369
f 1436/369 1431/365 1432/364
f 1437/128 1438/369 1433/365
f 1438/369 1434/364 1433/365
f 1435/128 272/129 1431/365
f 272/129 266/366 1431/365
f 273/129 1437/128 267/366
f 1437/128 1433/365 267/366
f 274/371 276/370 268/368
f 276/370 270/367 268/368
f 1439/373 1435/128 1440/372
f 1440/372 1435/128 1436/369
f 1441/373 1442/372 1437/128
f 1442/372 1438/369 1437/128
f 1439/373 278/374 1435/128
f 278/374 272/129 1435/128
f 279/374 1441/373 273/129
f 1441/373 1437/128 273/129
f 276/370 274/371 282/342
f 274/371 280/343 282/342
f 1440/372 1443/310 1439/373
f 1443/310 1444/307 1439/373
f 1445/310 1442/372 1446/307
f 1442/372 1441/373 1446/307
f 1439/373 1444/307 278/374
f 1444/307 284/344 278/374
f 285/344 1446/307 279/374
f 1446/307 1441/373 279/374
f 282/342 280/343 288/375
f 280/343 286/376 288/375
f 1444/307 1443/310 1447/377
f 1443/310 1448/378 1447/377
f 1446/307 1449/377 1445/310
f 1445/310 1449/377 1450/378
f 284/344 1444/307 290/379
f 1444/307 1447/377 290/379
f 1446/307 285/344 1449/377
f 285/344 291/379 1449/377
f 288/375 286/376 294/380
f 286/376 292/381 294/380
f 1447/377 1448/378 1451/382
f 1448/378 1452/383 1451/382
f 1449/377 1453/382 1450/378
f 1450/378 1453/382 1454/383
f 290/379 1447/377 297/384
f 1447/377 1451/382 297/384
f 1449/377 291/379 1453/382
f 291/379 296/384 1453/382
f 294/380 292/381 299/385
f 292/381 298/386 299/385
f 1451/382 1452/383 1419/355
f 1452/383 1420/354 1419/355
f 1453/382 1423/355 1454/383
f 1454/383 1423/355 1422/354
f 297/384 1451/382 247/387
f 1451/382 1419/355 247/387
f 1453/382 296/384 1423/355
f 296/384 249/387 1423/355
f 299/385 298/386 301/388
f 298/386 300/389 301/388
f 247/387 1419/355 248/390
f 1419/355 1421/353 248/390
f 1423/355 249/387 1424/353
f 249/387 251/390 1424/353
f 1421/353 1425/356 1455/391
f 1425/356 1456/392 1455/391
f 1426/356 1424/353 1457/392
f 1424/353 1458/391 1457/392
f 248/390 1421/353 303/393
f 1421/353 1455/391 303/393
f 1424/353 251/390 1458/391
f 251/390 304/393 1458/391
f 1459/395 1460/394 1008/169
f 1008/169 1460/394 1010/396
f 1460/394 1461/397 1010/396
f 1010/396 1461/397 1017/165
f 1461/397 1462/398 1017/165
f 1017/165 1462/398 1022/399
f 1462/398 1463/400 1022/399
f 1022/399 1463/400 997/401
f 1463/400 1464/402 997/401
f 997/401 1464/402 999/403
f 1464/402 1465/404 999/403
f 999/403 1465/404 1033/182
f 1465/404 1037/405 1033/182
f 1466/408 1467/407 1468/406
f 1467/407 1469/409 1468/406
f 1470/411 1471/410 1466/408
f 1471/410 1467/407 1466/408
f 1060/413 1472/412 1470/411
f 1472/412 1471/410 1470/411
f 1064/414 1473/395 1060/413
f 1473/395 1472/412 1060/413
f 1069/415 1474/155 1064/414
f 1474/155 1473/395 1064/414
f 1069/415 1475/394 1474/155
f 1475/394 1476/169 1474/155
f 1475/394 1081/398 1476/169
f 1476/169 1081/398 1477/165
f 1081/398 1478/405 1477/165
f 1478/405 1479/182 1477/165
f 1478/405 1480/416 1479/182
f 1479/182 1480/416 1481/183
f 1480/416 1482/417 1481/183
f 1482/417 1483/184 1481/183
f 1482/417 1484/418 1483/184
f 1484/418 1485/185 1483/184
f 1484/418 1486/419 1485/185
f 1486/419 1487/186 1485/185
f 1486/419 1488/420 1487/186
f 1488/420 1489/187 1487/186
f 1488/420 1490/421 1489/187
f 1490/421 1491/188 1489/187
f 1490/421 1492/422 1491/188
f 1492/422 1493/189 1491/188
f 1492/422 1494/423 1493/189
f 1494/423 1495/424 1493/189
f 1494/423 1496/425 1495/424
f 1496/425 1497/426 1495/424
f 1496/425 1498/427 1497/426
f 1497/426 1498/427 1499/428
f 1498/427 1500/429 1499/428
f 1499/428 1500/429 1501/430
f 1500/429 1502/431 1501/430
f 1501/430 1502/431 1503/432
f 1502/431 1504/433 1503/432
f 1503/432 1504/433 1505/434
f 1504/433 1506/435 1505/434
f 1505/434 1506/435 1507/369
f 1508/273 1509/436 1510/270
f 1509/436 1511/437 1510/270
f 1512/305 1513/438 1508/273
f 1513/438 1509/436 1508/273
f 1514/318 1515/439 1512/305
f 1515/439 1513/438 1512/305
f 1516/323 1517/440 1514/318
f 1517/440 1515/439 1514/318
f 1518/326 1519/441 1516/323
f 1519/441 1517/440 1516/323
f 1507/369 1506/435 1518/326
f 1506/435 1519/441 1518/326
usemtl texture5
f 1520/444 1521/443 1522/442
f 1520/444 1522/442 1523/445
f 1524/446 1521/443 1520/444
f 1525/448 1521/443 1526/447
f 1526/447 1521/443 1524/446
f 1520/444 1526/447 1524/446
f 1525/448 1526/447 1527/449
f 1520/444 1523/445 1528/450
f 1528/450 1523/445 1529/451
f 1528/450 1526/447 1520/444
f 1527/449 1526/447 1530/452
f 1531/453 1528/450 1529/451
f 1530/452 1526/447 1528/450
f 1527/449 1530/452 1532/454
f 1533/455 1528/450 1531/453
f 1530/452 1534/456 1532/454
f 1535/457 1530/452 1528/450
f 1536/458 1528/450 1533/455
f 1536/458 1535/457 1528/450
f 1535/457 1534/456 1530/452
f 1536/458 1533/455 1537/459
f 1534/456 1535/457 1538/460
f 1539/461 1535/457 1536/458
f 1539/461 1536/458 1537/459
f 1538/460 1535/457 1540/462
f 1539/461 1537/459 1541/463
f 1540/462 1535/457 1539/461
f 1538/460 1540/462 1542/464
f 1539/461 1541/463 1543/465
f 1544/466 1542/464 1540/462
f 1545/467 1540/462 1539/461
f 1543/465 1546/468 1539/461
f 1545/467 1544/466 1540/462
f 1546/468 1547/467 1539/461
f 1548/469 1546/468 1543/465
f 1549/470 1544/466 1545/467
f 1548/469 1550/471 1546/468
f 1546/468 1551/472 1545/467
f 1545/467 1552/473 1549/470
f 1553/474 1550/471 1548/469
f 1546/468 1550/471 1551/472
f 1554/475 1552/473 1545/467
f 1551/472 1554/475 1545/467
f 1555/476 1550/471 1553/474
f 1556/477 1552/473 1554/475
f 1557/478 1551/472 1550/471
f 1558/479 1554/475 1551/472
f 1557/478 1550/471 1555/476
f 1556/477 1554/475 1558/479
f 1558/479 1551/472 1557/478
f 1559/444 1560/443 1561/442
f 1559/444 1561/442 1562/445
f 1563/446 1560/443 1559/444
f 1564/448 1560/443 1565/447
f 1565/447 1560/443 1563/446
f 1559/444 1565/447 1563/446
f 1564/448 1565/447 1566/449
f 1559/444 1562/445 1567/450
f 1567/450 1562/445 1568/451
f 1567/450 1565/447 1559/444
f 1566/449 1565/447 1569/452
f 1570/453 1567/450 1568/451
f 1569/452 1565/447 1567/450
f 1566/449 1569/452 1571/454
f 1572/455 1567/450 1570/453
f 1569/452 1573/456 1571/454
f 1574/457 1569/452 1567/450
f 1575/458 1567/450 1572/455
f 1575/458 1574/457 1567/450
f 1574/457 1573/456 1569/452
f 1575/458 1572/455 1576/459
f 1573/456 1574/457 1577/460
f 1578/461 1574/457 1575/458
f 1578/461 1575/458 1576/459
f 1577/460 1574/457 1579/462
f 1578/461 1576/459 1580/463
f 1579/462 1574/457 1578/461
f 1577/460 1579/462 1581/464
f 1578/461 1580/463 1582/465
f 1583/466 1581/464 1579/462
f 1584/467 1579/462 1578/461
f 1582/465 1585/468 1578/461
f 1584/467 1583/466 1579/462
f 1585/468 1584/467 1578/461
f 1586/469 1585/468 1582/465
f 1587/470 1583/466 1584/467
f 1586/469 1588/471 1585/468
f 1585/468 1589/472 1584/467
f 1584/467 1590/473 1587/470
f 1591/474 1588/471 1586/469
f 1585/468 1588/471 1589/472
f 1592/475 1590/473 1584/467
f 1589/472 1592/475 1584/467
f 1593/476 1588/471 1591/474
f 1594/477 1590/473 1592/475
f 1595/478 1589/472 1588/471
f 1596/479 1592/475 1589/472
f 1595/478 1588/471 1593/476
f 1594/477 1592/475 1596/479
f 1596/479 1589/472 1595/478
usemtl texture6
f 1597/482 838/481 839/480
f 1598/484 835/483 838/481
f 1597/482 1599/485 838/481
f 1600/487 839/480 836/486
f 1598/484 838/481 1599/485
f 1600/487 1597/482 839/480
f 1599/485 1597/482 1601/488
f 1599/485 1601/488 1602/489
f 1599/485 1603/490 1598/484
f 1604/491 1597/482 1600/487
f 1605/492 835/483 1598/484
f 1606/493 1600/487 836/486
f 1602/489 1603/490 1599/485
f 1604/491 1601/488 1597/482
f 842/494 835/483 1605/492
f 1606/493 836/486 840/495
f 1605/492 1598/484 1603/490
f 1607/496 1604/491 1600/487
f 1607/496 1600/487 1606/493
f 1605/492 1603/490 1608/497
f 1606/493 840/495 1609/498
f 1610/499 842/494 1605/492
f 1609/498 1607/496 1606/493
f 1609/498 840/495 844/500
f 1608/497 1611/501 1605/492
f 1610/499 846/502 842/494
f 1612/503 1607/496 1609/498
f 1605/492 1611/501 1610/499
f 849/504 1609/498 844/500
f 1613/505 1612/503 1609/498
f 850/506 846/502 1610/499
f 1613/505 1609/498 1614/507
f 1614/507 1609/498 849/504
f 1615/508 1610/499 1611/501
f 850/506 1610/499 1615/508
f 1615/508 1611/501 1616/509
f 1617/510 1613/505 1614/507
f 1614/507 849/504 860/511
f 1618/512 1613/505 1617/510
f 1614/507 860/511 1617/510
f 1615/508 862/513 850/506
f 1615/508 1616/509 1619/514
f 1615/508 1619/514 1620/515
f 1620/515 862/513 1615/508
f 860/511 1621/516 1617/510
f 1622/517 1618/512 1617/510
f 860/511 1623/518 1621/516
f 1622/517 1617/510 1621/516
f 1619/514 1624/519 1620/515
f 865/520 862/513 1620/515
f 1619/514 1625/521 1624/519
f 865/520 1620/515 1624/519
f 1621/516 1623/518 1626/522
f 1626/522 1622/517 1621/516
f 1626/522 1623/518 1627/523
f 1628/524 1622/517 1626/522
f 1625/521 1629/525 1624/519
f 1630/526 865/520 1624/519
f 1630/526 868/527 865/520
f 1624/519 1629/525 1630/526
f 1626/522 1631/528 1628/524
f 1632/529 1626/522 1627/523
f 1632/529 1631/528 1626/522
f 1633/530 868/527 1630/526
f 1630/526 1629/525 1633/530
f 1632/529 1627/523 1634/531
f 1633/530 1629/525 1635/532
f 853/533 868/527 1633/530
f 1636/534 1631/528 1632/529
f 1635/532 1637/535 1633/530
f 1632/529 1634/531 1636/534
f 1638/536 853/533 1633/530
f 1636/534 1639/537 1631/528
f 1633/530 1637/535 1638/536
f 1638/536 854/538 853/533
f 1636/534 1634/531 851/539
f 1640/540 1639/537 1636/534
f 1638/536 1637/535 1641/541
f 1641/541 1637/535 1642/542
f 1640/540 1636/534 1643/543
f 855/544 854/538 1638/536
f 1642/542 1644/546 1645/545
f 1646/548 1647/547 1640/540
f 1642/542 1645/545 1641/541
f 851/539 856/549 1636/534
f 1646/548 1640/540 1643/543
f 855/544 1638/536 1641/541
f 1645/545 1644/546 1647/547
f 1636/534 856/549 1643/543
f 1645/545 1647/547 1646/548
f 870/550 1646/548 1643/543
f 1641/541 1645/545 869/551
f 869/551 1645/545 1646/548
f 1641/541 869/551 855/544
f 870/550 1643/543 856/549
f 869/551 1646/548 870/550
f 1648/482 921/481 1649/480
f 1650/484 1651/483 921/481
f 1648/482 1652/485 921/481
f 1653/487 1649/480 920/486
f 1650/484 921/481 1652/485
f 1653/487 1648/482 1649/480
f 1652/485 1648/482 1654/488
f 1652/485 1654/488 1655/489
f 1652/485 1656/490 1650/484
f 1657/491 1648/482 1653/487
f 1658/492 1651/483 1650/484
f 1659/493 1653/487 920/486
f 1655/489 1656/490 1652/485
f 1657/491 1654/488 1648/482
f 924/494 1651/483 1658/492
f 1659/493 920/486 923/495
f 1658/492 1650/484 1656/490
f 1660/496 1657/491 1653/487
f 1660/496 1653/487 1659/493
f 1658/492 1656/490 1661/497
f 1659/493 923/495 1662/498
f 1663/499 924/494 1658/492
f 1662/498 1660/496 1659/493
f 1662/498 923/495 926/500
f 1661/497 1664/501 1658/492
f 1663/499 927/502 924/494
f 1665/503 1660/496 1662/498
f 1658/492 1664/501 1663/499
f 929/504 1662/498 926/500
f 1666/505 1665/503 1662/498
f 930/506 927/502 1663/499
f 1666/505 1662/498 1667/507
f 1667/507 1662/498 929/504
f 1668/508 1663/499 1664/501
f 930/506 1663/499 1668/508
f 1668/508 1664/501 1669/509
f 1670/510 1666/505 1667/507
f 1667/507 929/504 947/511
f 1671/512 1666/505 1670/510
f 1667/507 947/511 1670/510
f 1668/508 1672/513 930/506
f 1668/508 1669/509 1673/514
f 1668/508 1673/514 1674/515
f 1674/515 1672/513 1668/508
f 947/511 1675/516 1670/510
f 1676/517 1671/512 1670/510
f 947/511 1677/518 1675/516
f 1676/517 1670/510 1675/516
f 1673/514 1678/519 1674/515
f 952/520 1672/513 1674/515
f 1673/514 1679/521 1678/519
f 952/520 1674/515 1678/519
f 1675/516 1677/518 1680/522
f 1680/522 1676/517 1675/516
f 1680/522 1677/518 1681/523
f 1682/524 1676/517 1680/522
f 1679/521 1683/525 1678/519
f 1684/526 952/520 1678/519
f 1684/526 957/527 952/520
f 1678/519 1683/525 1684/526
f 1680/522 1685/528 1682/524
f 1686/529 1680/522 1681/523
f 1686/529 1685/528 1680/522
f 1687/530 957/527 1684/526
f 1684/526 1683/525 1687/530
f 1686/529 1681/523 1688/531
f 1687/530 1683/525 1689/532
f 934/533 957/527 1687/530
f 1690/534 1685/528 1686/529
f 1689/532 1691/535 1687/530
f 1686/529 1688/531 1690/534
f 1692/536 934/533 1687/530
f 1690/534 1693/537 1685/528
f 1687/530 1691/535 1692/536
f 1692/536 1694/538 934/533
f 1690/534 1688/531 931/539
f 1695/540 1693/537 1690/534
f 1692/536 1691/535 1696/541
f 1696/541 1691/535 1697/542
f 1695/540 1690/534 1698/543
f 940/544 1694/538 1692/536
f 1697/542 1699/546 1700/545
f 1701/548 1702/547 1695/540
f 1697/542 1700/545 1696/541
f 931/539 942/549 1690/534
f 1701/548 1695/540 1698/543
f 940/544 1692/536 1696/541
f 1700/545 1699/546 1702/547
f 1690/534 942/549 1698/543
f 1700/545 1702/547 1701/548
f 1703/550 1701/548 1698/543
f 1696/541 1700/545 958/551
f 958/551 1700/545 1701/548
f 1696/541 958/551 940/544
f 1703/550 1698/543 942/549
f 958/551 1701/548 1703/550
g obj1
usemtl mat1
f 1704/554 1705/553 1706/552
f 1706/552 1705/553 1707/555
f 1704/554 1706/552 1708/556
f 1709/558 1710/557 1704/554
f 1709/558 1704/554 1708/556
f 1711/559 1710/557 1709/558
f 1712/560 1706/552 1707/555
f 1712/560 1707/555 1713/561
f 1714/562 1711/559 1709/558
f 1715/563 1712/560 1713/561
f 1714/562 1716/564 1711/559
f 1715/563 1717/565 1712/560
f 1714/562 1718/566 1716/564
f 1712/560 1717/565 1719/567
f 1720/568 1718/566 1714/562
f 1719/567 1717/565 1721/569
f 1718/566 1720/568 1722/570
f 1723/571 1719/567 1721/569
f 1720/568 1724/572 1722/570
f 1723/571 1721/569 1725/573
f 1722/570 1724/572 1726/574
f 1723/571 1725/573 1727/575
f 1724/572 1728/576 1726/574
f 1727/575 1729/577 1723/571
f 1728/576 1724/572 1730/578
f 1727/575 1731/579 1729/577
f 1728/576 1730/578 1732/580
f 1731/579 1733/581 1729/577
f 1730/578 1734/582 1732/580
f 1735/583 1733/581 1731/579
f 1730/578 1736/584 1734/582
f 1733/581 1735/583 1737/585
f 1734/582 1736/584 1738/586
f 1739/588 1740/587 1733/581
f 1741/589 1736/584 1740/587
f 1739/588 1733/581 1737/585
f 1736/584 1741/589 1738/586
f 1741/589 1740/587 1739/588
f 1742/554 1743/553 1744/552
f 1744/552 1743/553 1745/555
f 1742/554 1744/552 1746/556
f 1747/558 1748/557 1742/554
f 1747/558 1742/554 1746/556
f 1749/559 1748/557 1747/558
f 1750/560 1744/552 1745/555
f 1750/560 1745/555 1751/561
f 1752/562 1749/559 1747/558
f 1753/563 1750/560 1751/561
f 1752/562 1754/564 1749/559
f 1753/563 1755/565 1750/560
f 1752/562 1756/566 1754/564
f 1750/560 1755/565 1757/567
f 1758/568 1756/566 1752/562
f 1757/567 1755/565 1759/569
f 1756/566 1758/568 1760/570
f 1761/571 1757/567 1759/569
f 1758/568 1762/572 1760/570
f 1761/571 1759/569 1763/573
f 1760/570 1762/572 1764/574
f 1761/571 1763/573 1765/575
f 1762/572 1766/576 1764/574
f 1765/575 1767/577 1761/571
f 1766/576 1762/572 1768/578
f 1765/575 1769/579 1767/577
f 1766/576 1768/578 1770/580
f 1769/579 1771/581 1767/577
f 1768/578 1772/582 1770/580
f 1773/583 1771/581 1769/579
f 1768/578 1774/584 1772/582
f 1771/581 1773/583 1775/585
f 1772/582 1774/584 1776/586
f 1777/588 1778/587 1771/581
f 1779/589 1774/584 1778/587
f 1777/588 1771/581 1775/585
f 1774/584 1779/589 1776/586
f 1779/589 1778/587 1777/588
f 1780/554 1781/553 1782/552
f 1782/552 1781/553 1783/555
f 1780/554 1782/552 1784/556
f 1785/558 1786/557 1780/554
f 1785/558 1780/554 1784/556
f 1787/559 1786/557 1785/558
f 1788/560 1782/552 1783/555
f 1788/560 1783/555 1789/561
f 1790/562 1787/559 1785/558
f 1791/563 1788/560 1789/561
f 1790/562 1792/564 1787/559
f 1791/563 1793/565 1788/560
f 1790/562 1794/566 1792/564
f 1788/560 1793/565 1795/567
f 1796/568 1794/566 1790/562
f 1795/567 1793/565 1797/569
f 1794/566 1796/568 1798/570
f 1799/571 1795/567 1797/569
f 1796/568 1800/572 1798/570
f 1799/571 1797/569 1801/573
f 1798/570 1800/572 1802/574
f 1799/571 1801/573 1803/575
f 1800/572 1804/576 1802/574
f 1803/575 1805/577 1799/571
f 1804/576 1800/572 1806/578
f 1803/575 1807/579 1805/577
f 1804/576 1806/578 1808/580
f 1807/579 1809/581 1805/577
f 1806/578 1810/582 1808/580
f 1811/583 1809/581 1807/579
f 1806/578 1812/584 1810/582
f 1809/581 1811/583 1813/585
f 1810/582 1812/584 1814/586
f 1815/588 1816/587 1809/581
f 1817/589 1812/584 1816/587
f 1815/588 1809/581 1813/585
f 1812/584 1817/589 1814/586
f 1817/589 1816/587 1815/588
g obj2
usemtl mat2
f 1818/592 1819/591 1820/590
f 1821/595 1822/594 1823/593
f 1819/591 1824/596 1820/590
f 1825/597 1819/591 1818/592
f 1822/594 1826/598 1823/593
f 1827/599 1822/594 1821/595
f 1825/597 1828/600 1819/591
f 1829/601 1824/596 1819/591
f 1822/594 1830/602 1826/598
f 1827/599 1831/603 1822/594
f 1819/591 1828/600 1829/601
f 1831/603 1830/602 1822/594
f 1828/600 1825/597 1832/604
f 1833/606 1834/605 1827/599
f 1830/602 1835/607 1826/598
f 1836/609 1837/608 1824/596
f 1838/610 1824/596 1829/601
f 1839/611 1831/603 1827/599
f 1840/612 1829/601 1828/600
f 1841/613 1830/602 1831/603
f 1840/612 1828/600 1832/604
f 1838/610 1842/614 1824/596
f 1841/613 1835/607 1830/602
f 1840/612 1838/610 1829/601
f 1827/599 1843/615 1839/611
f 1841/613 1831/603 1839/611
f 1844/616 1840/612 1832/604
f 1841/613 1845/617 1835/607
f 1842/614 1846/618 1824/596
f 1834/605 1847/619 1827/599
f 1824/596 1846/618 1836/609
f 1840/612 1848/620 1838/610
f 1827/599 1847/619 1843/615
f 1844/616 1848/620 1840/612
f 1849/621 1841/613 1839/611
f 1849/621 1845/617 1841/613
f 1850/622 1834/605 1833/606
f 1851/622 1837/608 1836/609
f 1834/605 1852/623 1847/619
f 1836/609 1846/618 1853/624
f 1834/605 1854/625 1852/623
f 1853/624 1855/626 1836/609
f 1856/627 1854/625 1834/605
f 1850/622 1856/627 1834/605
f 1836/609 1855/626 1857/627
f 1851/622 1836/609 1857/627
f 1856/627 1858/626 1854/625
f 1855/626 1859/625 1857/627
f 1856/627 1860/624 1858/626
f 1859/625 1861/623 1857/627
f 1850/622 1862/609 1856/627
f 1863/605 1851/622 1857/627
f 1862/609 1860/624 1856/627
f 1857/627 1861/623 1863/605
f 1863/605 1861/623 1864/619
f 1862/609 1865/618 1860/624
f 1866/608 1862/609 1850/622
f 1863/605 1867/606 1851/622
f 1864/619 1868/615 1869/599
f 1870/613 1871/621 1872/617
f 1863/605 1864/619 1869/599
f 1873/616 1874/620 1875/612
f 1876/596 1865/618 1862/609
f 1876/596 1877/614 1865/618
f 1878/611 1871/621 1870/613
f 1875/612 1874/620 1879/610
f 1870/613 1872/617 1880/607
f 1873/616 1875/612 1881/604
f 1878/611 1869/599 1868/615
f 1870/613 1882/603 1878/611
f 1876/596 1879/610 1877/614
f 1880/607 1883/602 1870/613
f 1884/600 1881/604 1875/612
f 1883/602 1882/603 1870/613
f 1878/611 1882/603 1869/599
f 1866/608 1876/596 1862/609
f 1876/596 1885/601 1879/610
f 1863/605 1869/599 1867/606
f 1883/602 1880/607 1886/598
f 1884/600 1887/597 1881/604
f 1883/602 1888/594 1882/603
f 1889/591 1884/600 1885/601
f 1869/599 1882/603 1888/594
f 1889/591 1885/601 1876/596
f 1886/598 1888/594 1883/602
f 1887/597 1884/600 1889/591
f 1888/594 1890/628 1869/599
f 1891/629 1888/594 1886/598
f 1889/591 1892/630 1887/597
f 1893/631 1889/591 1876/596
f 1891/629 1890/628 1888/594
f 1893/631 1892/630 1889/591
f 1894/634 1895/633 1896/632
f 1895/633 1897/635 1896/632
f 1820/590 1894/634 1898/636
f 1894/634 1896/632 1898/636
f 1818/592 1820/590 1899/637
f 1820/590 1898/636 1899/637
f 1821/595 1823/593 1900/638
f 1823/593 1901/639 1900/638
f 1902/641 1821/595 1903/640
f 1821/595 1900/638 1903/640
f 1904/643 1902/641 1905/642
f 1902/641 1903/640 1905/642
f 1894/634 1837/608 1895/633
f 1837/608 1906/644 1895/633
f 1820/590 1824/596 1894/634
f 1824/596 1837/608 1894/634
f 1821/595 1902/641 1827/599
f 1833/606 1827/599 1902/641
f 1902/641 1904/643 1833/606
f 1907/645 1833/606 1904/643
f 1835/647 1832/604 1908/646
f 1832/604 1909/648 1908/646
f 1835/647 1845/649 1832/604
f 1845/649 1844/616 1832/604
f 1838/610 1848/620 1842/614
f 1842/614 1848/620 1910/650
f 1833/606 1907/645 1850/622
f 1911/651 1850/622 1907/645
f 1837/608 1851/622 1906/644
f 1912/651 1906/644 1851/622
f 1845/649 1913/652 1844/616
f 1913/652 1914/653 1844/616
f 1843/615 1915/654 1839/611
f 1915/654 1849/621 1839/611
f 1848/620 1844/616 1916/655
f 1916/655 1844/616 1914/653
f 1849/621 1917/656 1845/617
f 1913/657 1845/617 1917/656
f 1848/620 1916/655 1910/650
f 1910/650 1916/655 1918/658
f 1849/621 1915/654 1917/656
f 1917/656 1915/654 1919/659
f 1842/614 1910/650 1846/618
f 1910/650 1920/660 1846/618
f 1847/619 1921/661 1843/615
f 1921/661 1915/654 1843/615
f 1910/650 1918/658 1920/660
f 1922/662 1920/660 1918/658
f 1923/663 1919/659 1921/661
f 1921/661 1919/659 1915/654
f 1847/619 1852/623 1921/661
f 1852/623 1924/664 1921/661
f 1846/618 1920/660 1853/624
f 1920/660 1925/665 1853/624
f 1926/666 1923/663 1924/664
f 1924/664 1923/663 1921/661
f 1920/660 1922/662 1925/665
f 1927/667 1925/665 1922/662
f 1852/623 1854/625 1924/664
f 1854/625 1928/668 1924/664
f 1924/664 1928/668 1926/666
f 1928/668 1929/669 1926/666
f 1853/624 1925/665 1855/626
f 1925/665 1930/670 1855/626
f 1925/665 1927/667 1930/670
f 1931/671 1930/670 1927/667
f 1928/668 1854/625 1932/670
f 1858/626 1932/670 1854/625
f 1929/669 1928/668 1933/671
f 1932/670 1933/671 1928/668
f 1934/668 1859/625 1930/670
f 1930/670 1859/625 1855/626
f 1935/669 1934/668 1931/671
f 1934/668 1930/670 1931/671
f 1936/665 1937/667 1932/670
f 1932/670 1937/667 1933/671
f 1860/624 1936/665 1858/626
f 1858/626 1936/665 1932/670
f 1934/668 1935/669 1938/664
f 1939/666 1938/664 1935/669
f 1861/623 1859/625 1938/664
f 1934/668 1938/664 1859/625
f 1940/660 1941/662 1936/665
f 1937/667 1936/665 1941/662
f 1942/661 1938/664 1943/663
f 1943/663 1938/664 1939/666
f 1865/618 1940/660 1860/624
f 1940/660 1936/665 1860/624
f 1864/619 1861/623 1942/661
f 1938/664 1942/661 1861/623
f 1944/654 1942/661 1945/659
f 1945/659 1942/661 1943/663
f 1946/650 1947/658 1940/660
f 1941/662 1940/660 1947/658
f 1868/615 1864/619 1944/654
f 1942/661 1944/654 1864/619
f 1877/614 1946/650 1865/618
f 1946/650 1940/660 1865/618
f 1871/621 1944/654 1948/656
f 1944/654 1945/659 1948/656
f 1874/620 1949/655 1946/650
f 1949/655 1947/658 1946/650
f 1871/621 1948/656 1872/617
f 1948/656 1950/657 1872/617
f 1873/616 1951/653 1874/620
f 1951/653 1949/655 1874/620
f 1866/608 1850/622 1952/644
f 1952/644 1850/622 1911/651
f 1867/606 1953/645 1851/622
f 1851/622 1953/645 1912/651
f 1873/616 1872/649 1951/653
f 1872/649 1950/652 1951/653
f 1878/611 1868/615 1871/621
f 1868/615 1944/654 1871/621
f 1879/610 1874/620 1877/614
f 1874/620 1946/650 1877/614
f 1881/604 1880/647 1873/616
f 1880/647 1872/649 1873/616
f 1879/610 1885/601 1875/612
f 1884/600 1875/612 1885/601
f 1880/647 1881/604 1954/646
f 1955/648 1954/646 1881/604
f 1956/673 1957/672 1867/606
f 1957/672 1953/645 1867/606
f 1890/628 1956/673 1869/599
f 1956/673 1867/606 1869/599
f 1893/631 1876/596 1958/674
f 1958/674 1876/596 1866/608
f 1958/674 1866/608 1959/675
f 1959/675 1866/608 1952/644
f 1960/677 1961/676 1956/673
f 1961/676 1957/672 1956/673
f 1962/678 1960/677 1890/628
f 1960/677 1956/673 1890/628
f 1963/679 1962/678 1891/629
f 1962/678 1890/628 1891/629
f 1964/681 1965/680 1893/631
f 1965/680 1892/630 1893/631
f 1966/682 1964/681 1958/674
f 1964/681 1893/631 1958/674
f 1967/683 1966/682 1959/675
f 1966/682 1958/674 1959/675
f 1968/630 1969/591 1970/631
f 1971/628 1972/594 1973/629
f 1969/591 1974/596 1970/631
f 1975/597 1969/591 1968/630
f 1972/594 1976/598 1973/629
f 1977/599 1972/594 1971/628
f 1975/597 1978/600 1969/591
f 1979/601 1974/596 1969/591
f 1972/594 1980/602 1976/598
f 1977/599 1981/603 1972/594
f 1969/591 1978/600 1979/601
f 1981/603 1980/602 1972/594
f 1978/600 1975/597 1982/604
f 1983/606 1984/605 1977/599
f 1980/602 1985/607 1976/598
f 1986/609 1987/608 1974/596
f 1988/610 1974/596 1979/601
f 1989/611 1981/603 1977/599
f 1990/612 1979/601 1978/600
f 1991/613 1980/602 1981/603
f 1990/612 1978/600 1982/604
f 1988/610 1992/614 1974/596
f 1991/613 1985/607 1980/602
f 1990/612 1988/610 1979/601
f 1977/599 1993/615 1989/611
f 1991/613 1981/603 1989/611
f 1994/616 1990/612 1982/604
f 1991/613 1995/617 1985/607
f 1992/614 1996/618 1974/596
f 1984/605 1997/619 1977/599
f 1974/596 1996/618 1986/609
f 1990/612 1998/620 1988/610
f 1977/599 1997/619 1993/615
f 1994/616 1998/620 1990/612
f 1999/621 1991/613 1989/611
f 1999/621 1995/617 1991/613
f 2000/622 1984/605 1983/606
f 2001/622 1987/608 1986/609
f 1984/605 2002/623 1997/619
f 1986/609 1996/618 2003/624
f 1984/605 2004/625 2002/623
f 2003/624 2005/626 1986/609
f 2006/627 2004/625 1984/605
f 2000/622 2006/627 1984/605
f 1986/609 2005/626 2007/627
f 2001/622 1986/609 2007/627
f 2006/627 2008/626 2004/625
f 2005/626 2009/625 2007/627
f 2006/627 2010/624 2008/626
f 2009/625 2011/623 2007/627
f 2000/622 2012/609 2006/627
f 2013/605 2001/622 2007/627
f 2012/609 2010/624 2006/627
f 2007/627 2011/623 2013/605
f 2013/605 2011/623 2014/619
f 2012/609 2015/618 2010/624
f 2016/608 2012/609 2000/622
f 2013/605 2017/606 2001/622
f 2014/619 2018/615 2019/599
f 2020/613 2021/621 2022/617
f 2013/605 2014/619 2019/599
f 2023/616 2024/620 2025/612
f 2026/596 2015/618 2012/609
f 2026/596 2027/614 2015/618
f 2028/611 2021/621 2020/613
f 2025/612 2024/620 2029/610
f 2020/613 2022/617 2030/607
f 2023/616 2025/612 2031/604
f 2028/611 2019/599 2018/615
f 2020/613 2032/603 2028/611
f 2026/596 2029/610 2027/614
f 2033/601 2025/612 2029/610
f 2030/607 2034/602 2020/613
f 2035/600 2031/604 2025/612
f 2034/602 2032/603 2020/613
f 2035/600 2025/612 2033/601
f 2028/611 2032/603 2019/599
f 2016/608 2026/596 2012/609
f 2026/596 2033/601 2029/610
f 2013/605 2019/599 2017/606
f 2034/602 2030/607 2036/598
f 2035/600 2037/597 2031/604
f 2034/602 2038/594 2032/603
f 2039/591 2035/600 2033/601
f 2019/599 2032/603 2038/594
f 2039/591 2033/601 2026/596
f 2036/598 2038/594 2034/602
f 2037/597 2035/600 2039/591
f 2038/594 2040/628 2019/599
f 2041/629 2038/594 2036/598
f 2039/591 2042/630 2037/597
f 2043/631 2039/591 2026/596
f 2041/629 2040/628 2038/594
f 2043/631 2042/630 2039/591
f 2044/674 2045/675 1960/682
f 2045/675 1961/683 1960/682
f 1970/631 2044/674 1962/681
f 2044/674 1960/682 1962/681
f 1968/630 1970/631 1963/680
f 1970/631 1962/681 1963/680
f 1971/628 1973/629 1964/678
f 1973/629 1965/679 1964/678
f 2046/673 1971/628 2047/677
f 1971/628 1964/678 2047/677
f 2048/672 2046/673 1967/676
f 2046/673 2047/677 1967/676
f 2044/674 1987/608 2045/675
f 1987/608 2049/644 2045/675
f 1970/631 1974/596 2044/674
f 1974/596 1987/608 2044/674
f 1971/628 2046/673 1977/599
f 1983/606 1977/599 2046/673
f 2046/673 2048/672 1983/606
f 2050/645 1983/606 2048/672
f 1985/647 1982/604 2051/646
f 1982/604 2052/648 2051/646
f 1985/647 1995/649 1982/604
f 1995/649 1994/616 1982/604
f 1988/610 1998/620 1992/614
f 1992/614 1998/620 2053/650
f 1983/606 2050/645 2000/622
f 2054/651 2000/622 2050/645
f 1987/608 2001/622 2049/644
f 2055/651 2049/644 2001/622
f 1995/649 2056/652 1994/616
f 2056/652 2057/653 1994/616
f 1993/615 2058/654 1989/611
f 2058/654 1999/621 1989/611
f 1998/620 1994/616 2059/655
f 2059/655 1994/616 2057/653
f 1999/621 2060/656 1995/617
f 2056/657 1995/617 2060/656
f 1998/620 2059/655 2053/650
f 2053/650 2059/655 2061/658
f 1999/621 2058/654 2060/656
f 2060/656 2058/654 2062/659
f 1992/614 2053/650 1996/618
f 2053/650 2063/660 1996/618
f 1997/619 2064/661 1993/615
f 2064/661 2058/654 1993/615
f 2053/650 2061/658 2063/660
f 2065/662 2063/660 2061/658
f 2066/663 2062/659 2064/661
f 2064/661 2062/659 2058/654
f 1997/619 2002/623 2064/661
f 2002/623 2067/664 2064/661
f 1996/618 2063/660 2003/624
f 2063/660 2068/665 2003/624
f 2069/666 2066/663 2067/664
f 2067/664 2066/663 2064/661
f 2063/660 2065/662 2068/665
f 2070/667 2068/665 2065/662
f 2002/623 2004/625 2067/664
f 2004/625 2071/668 2067/664
f 2067/664 2071/668 2069/666
f 2071/668 2072/669 2069/666
f 2003/624 2068/665 2005/626
f 2068/665 2073/670 2005/626
f 2068/665 2070/667 2073/670
f 2074/671 2073/670 2070/667
f 2071/668 2004/625 2075/670
f 2008/626 2075/670 2004/625
f 2072/669 2071/668 2076/671
f 2075/670 2076/671 2071/668
f 2077/668 2009/625 2073/670
f 2073/670 2009/625 2005/626
f 2078/669 2077/668 2074/671
f 2077/668 2073/670 2074/671
f 2079/665 2080/667 2075/670
f 2075/670 2080/667 2076/671
f 2010/624 2079/665 2008/626
f 2008/626 2079/665 2075/670
f 2077/668 2078/669 2081/664
f 2082/666 2081/664 2078/669
f 2011/623 2009/625 2081/664
f 2077/668 2081/664 2009/625
f 2083/660 2084/662 2079/665
f 2080/667 2079/665 2084/662
f 2085/661 2081/664 2086/663
f 2086/663 2081/664 2082/666
f 2015/618 2083/660 2010/624
f 2083/660 2079/665 2010/624
f 2014/619 2011/623 2085/661
f 2081/664 2085/661 2011/623
f 2087/654 2085/661 2088/659
f 2088/659 2085/661 2086/663
f 2089/650 2090/658 2083/660
f 2084/662 2083/660 2090/658
f 2018/615 2014/619 2087/654
f 2085/661 2087/654 2014/619
f 2027/614 2089/650 2015/618
f 2089/650 2083/660 2015/618
f 2021/621 2087/654 2091/656
f 2087/654 2088/659 2091/656
f 2024/620 2092/655 2089/650
f 2092/655 2090/658 2089/650
f 2021/621 2091/656 2022/617
f 2091/656 2093/657 2022/617
f 2023/616 2094/653 2024/620
f 2094/653 2092/655 2024/620
f 2016/608 2000/622 2095/644
f 2095/644 2000/622 2054/651
f 2017/606 2096/645 2001/622
f 2001/622 2096/645 2055/651
f 2023/616 2022/649 2094/653
f 2022/649 2093/652 2094/653
f 2028/611 2018/615 2021/621
f 2018/615 2087/654 2021/621
f 2029/610 2024/620 2027/614
f 2024/620 2089/650 2027/614
f 2031/604 2030/647 2023/616
f 2030/647 2022/649 2023/616
f 2030/647 2031/604 2097/646
f 2098/648 2097/646 2031/604
f 2099/673 2100/672 2017/606
f 2100/672 2096/645 2017/606
f 2040/628 2099/673 2019/599
f 2099/673 2017/606 2019/599
f 2043/631 2026/596 2101/674
f 2101/674 2026/596 2016/608
f 2101/674 2016/608 2102/675
f 2102/675 2016/608 2095/644
f 2103/677 2104/676 2099/673
f 2104/676 2100/672 2099/673
f 2105/678 2103/677 2040/628
f 2103/677 2099/673 2040/628
f 2106/679 2105/678 2041/629
f 2105/678 2040/628 2041/629
f 2107/681 2108/680 2043/631
f 2108/680 2042/630 2043/631
f 2109/682 2107/681 2101/674
f 2107/681 2043/631 2101/674
f 2110/683 2109/682 2102/675
f 2109/682 2101/674 2102/675
f 2111/630 2112/591 2113/631
f 2114/628 2115/594 2116/629
f 2112/591 2117/596 2113/631
f 2118/597 2112/591 2111/630
f 2115/594 2119/598 2116/629
f 2120/599 2115/594 2114/628
f 2118/597 2121/600 2112/591
f 2122/601 2117/596 2112/591
f 2115/594 2123/602 2119/598
f 2120/599 2124/603 2115/594
f 2112/591 2121/600 2122/601
f 2124/603 2123/602 2115/594
f 2121/600 2118/597 2125/604
f 2126/606 2127/605 2120/599
f 2123/602 2128/607 2119/598
f 2129/609 2130/608 2117/596
f 2131/610 2117/596 2122/601
f 2132/611 2124/603 2120/599
f 2133/612 2122/601 2121/600
f 2134/613 2123/602 2124/603
f 2133/612 2121/600 2125/604
f 2131/610 2135/614 2117/596
f 2134/613 2128/607 2123/602
f 2133/612 2131/610 2122/601
f 2120/599 2136/615 2132/611
f 2134/613 2124/603 2132/611
f 2137/616 2133/612 2125/604
f 2134/613 2138/617 2128/607
f 2135/614 2139/618 2117/596
f 2127/605 2140/619 2120/599
f 2117/596 2139/618 2129/609
f 2133/612 2141/620 2131/610
f 2120/599 2140/619 2136/615
f 2137/616 2141/620 2133/612
f 2142/621 2134/613 2132/611
f 2142/621 2138/617 2134/613
f 2143/622 2127/605 2126/606
f 2144/622 2130/608 2129/609
f 2127/605 2145/623 2140/619
f 2129/609 2139/618 2146/624
f 2127/605 2147/625 2145/623
f 2146/624 2148/626 2129/609
f 2149/627 2147/625 2127/605
f 2143/622 2149/627 2127/605
f 2129/609 2148/626 2150/627
f 2144/622 2129/609 2150/627
f 2149/627 2151/626 2147/625
f 2148/626 2152/625 2150/627
f 2149/627 2153/624 2151/626
f 2152/625 2154/623 2150/627
f 2143/622 2155/609 2149/627
f 2156/605 2144/622 2150/627
f 2155/609 2153/624 2149/627
f 2150/627 2154/623 2156/605
f 2156/605 2154/623 2157/619
f 2155/609 2158/618 2153/624
f 2159/608 2155/609 2143/622
f 2156/605 2160/606 2144/622
f 2157/619 2161/615 2162/599
f 2163/613 2164/621 2165/617
f 2156/605 2157/619 2162/599
f 2166/616 2167/620 2168/612
f 2169/596 2158/618 2155/609
f 2169/596 2170/614 2158/618
f 2171/611 2164/621 2163/613
f 2168/612 2167/620 2172/610
f 2163/613 2165/617 2173/607
f 2166/616 2168/612 2174/604
f 2171/611 2162/599 2161/615
f 2163/613 2175/603 2171/611
f 2169/596 2172/610 2170/614
f 2176/601 2168/612 2172/610
f 2173/607 2177/602 2163/613
f 2178/600 2174/604 2168/612
f 2177/602 2175/603 2163/613
f 2178/600 2168/612 2176/601
f 2171/611 2175/603 2162/599
f 2159/608 2169/596 2155/609
f 2169/596 2176/601 2172/610
f 2156/605 2162/599 2160/606
f 2177/602 2173/607 2179/598
f 2178/600 2180/597 2174/604
f 2177/602 2181/594 2175/603
f 2182/591 2178/600 2176/601
f 2162/599 2175/603 2181/594
f 2182/591 2176/601 2169/596
f 2179/598 2181/594 2177/602
f 2180/597 2178/600 2182/591
f 2181/594 2183/628 2162/599
f 2184/629 2181/594 2179/598
f 2182/591 2185/630 2180/597
f 2186/631 2182/591 2169/596
f 2184/629 2183/628 2181/594
f 2186/631 2185/630 2182/591
f 2187/674 2188/675 2103/682
f 2188/675 2104/683 2103/682
f 2113/631 2187/674 2105/681
f 2187/674 2103/682 2105/681
f 2111/630 2113/631 2106/680
f 2113/631 2105/681 2106/680
f 2114/628 2116/629 2107/678
f 2116/629 2108/679 2107/678
f 2189/673 2114/628 2190/677
f 2114/628 2107/678 2190/677
f 2191/672 2189/673 2110/676
f 2189/673 2190/677 2110/676
f 2187/674 2130/608 2188/675
f 2130/608 2192/644 2188/675
f 2113/631 2117/596 2187/674
f 2117/596 2130/608 2187/674
f 2114/628 2189/673 2120/599
f 2126/606 2120/599 2189/673
f 2189/673 2191/672 2126/606
f 2193/645 2126/606 2191/672
f 2128/647 2125/604 2194/646
f 2125/604 2195/648 2194/646
f 2128/647 2138/649 2125/604
f 2138/649 2137/616 2125/604
f 2131/610 2141/620 2135/614
f 2135/614 2141/620 2196/650
f 2126/606 2193/645 2143/622
f 2197/651 2143/622 2193/645
f 2130/608 2144/622 2192/644
f 2198/651 2192/644 2144/622
f 2138/649 2199/652 2137/616
f 2199/652 2200/653 2137/616
f 2136/615 2201/654 2132/611
f 2201/654 2142/621 2132/611
f 2141/620 2137/616 2202/655
f 2202/655 2137/616 2200/653
f 2142/621 2203/656 2138/617
f 2199/657 2138/617 2203/656
f 2141/620 2202/655 2196/650
f 2196/650 2202/655 2204/658
f 2142/621 2201/654 2203/656
f 2203/656 2201/654 2205/659
f 2135/614 2196/650 2139/618
f 2196/650 2206/660 2139/618
f 2140/619 2207/661 2136/615
f 2207/661 2201/654 2136/615
f 2196/650 2204/658 2206/660
f 2208/662 2206/660 2204/658
f 2209/663 2205/659 2207/661
f 2207/661 2205/659 2201/654
f 2140/619 2145/623 2207/661
f 2145/623 2210/664 2207/661
f 2139/618 2206/660 2146/624
f 2206/660 2211/665 2146/624
f 2212/666 2209/663 2210/664
f 2210/664 2209/663 2207/661
f 2206/660 2208/662 2211/665
f 2213/667 2211/665 2208/662
f 2145/623 2147/625 2210/664
f 2147/625 2214/668 2210/664
f 2210/664 2214/668 2212/666
f 2214/668 2215/669 2212/666
f 2146/624 2211/665 2148/626
f 2211/665 2216/670 2148/626
f 2211/665 2213/667 2216/670
f 2217/671 2216/670 2213/667
f 2214/668 2147/625 2218/670
f 2151/626 2218/670 2147/625
f 2215/669 2214/668 2219/671
f 2218/670 2219/671 2214/668
f 2220/668 2152/625 2216/670
f 2216/670 2152/625 2148/626
f 2221/669 2220/668 2217/671
f 2220/668 2216/670 2217/671
f 2222/665 2223/667 2218/670
f 2218/670 2223/667 2219/671
f 2153/624 2222/665 2151/626
f 2151/626 2222/665 2218/670
f 2220/668 2221/669 2224/664
f 2225/666 2224/664 2221/669
f 2154/623 2152/625 2224/664
f 2220/668 2224/664 2152/625
f 2226/660 2227/662 2222/665
f 2223/667 2222/665 2227/662
f 2228/661 2224/664 2229/663
f 2229/663 2224/664 2225/666
f 2158/618 2226/660 2153/624
f 2226/660 2222/665 2153/624
f 2157/619 2154/623 2228/661
f 2224/664 2228/661 2154/623
f 2230/654 2228/661 2231/659
f 2231/659 2228/661 2229/663
f 2232/650 2233/658 2226/660
f 2227/662 2226/660 2233/658
f 2161/615 2157/619 2230/654
f 2228/661 2230/654 2157/619
f 2170/614 2232/650 2158/618
f 2232/650 2226/660 2158/618
f 2164/621 2230/654 2234/656
f 2230/654 2231/659 2234/656
f 2167/620 2235/655 2232/650
f 2235/655 2233/658 2232/650
f 2164/621 2234/656 2165/617
f 2234/656 2236/657 2165/617
f 2166/616 2237/653 2167/620
f 2237/653 2235/655 2167/620
f 2159/608 2143/622 2238/644
f 2238/644 2143/622 2197/651
f 2160/606 2239/645 2144/622
f 2144/622 2239/645 2198/651
f 2166/616 2165/649 2237/653
f 2165/649 2236/652 2237/653
f 2171/611 2161/615 2164/621
f 2161/615 2230/654 2164/621
f 2172/610 2167/620 2170/614
f 2167/620 2232/650 2170/614
f 2174/604 2173/647 2166/616
f 2173/647 2165/649 2166/616
f 2173/647 2174/604 2240/646
f 2241/648 2240/646 2174/604
f 2242/673 2243/672 2160/606
f 2243/672 2239/645 2160/606
f 2183/628 2242/673 2162/599
f 2242/673 2160/606 2162/599
f 2186/631 2169/596 2244/674
f 2244/674 2169/596 2159/608
f 2244/674 2159/608 2245/675
f 2245/675 2159/608 2238/644
f 2246/677 2247/676 2242/673
f 2247/676 2243/672 2242/673
f 2248/678 2246/677 2183/628
f 2246/677 2242/673 2183/628
f 2249/679 2248/678 2184/629
f 2248/678 2183/628 2184/629
f 2250/681 2251/680 2186/631
f 2251/680 2185/630 2186/631
f 2252/682 2250/681 2244/674
f 2250/681 2186/631 2244/674
f 2253/683 2252/682 2245/675
f 2252/682 2244/674 2245/675
f 2254/686 2255/685 2246/684
f 2255/685 2247/687 2246/684
f 2256/689 2254/686 2248/688
f 2254/686 2246/684 2248/688
f 2257/691 2256/689 2249/690
f 2256/689 2248/688 2249/690
f 2258/694 2259/693 2250/692
f 2259/693 2251/695 2250/692
f 2260/697 2258/694 2261/696
f 2258/694 2250/692 2261/696
f 2262/699 2260/697 2253/698
f 2260/697 2261/696 2253/698
f 2254/686 2263/608 2255/685
f 2263/608 2264/644 2255/685
f 2256/689 2265/596 2254/686
f 2265/596 2263/608 2254/686
f 2265/596 2256/689 2266/597
f 2266/597 2256/689 2257/691
f 2267/599 2268/598 2258/694
f 2268/598 2259/693 2258/694
f 2258/694 2260/697 2267/599
f 2269/606 2267/599 2260/697
f 2260/697 2262/699 2269/606
f 2270/645 2269/606 2262/699
g obj3
usemtl mat3
f 2271/701 2272/332 2273/700
f 2272/332 2274/337 2273/700
f 2275/702 2276/277 2271/701
f 2276/277 2272/332 2271/701
f 2275/702 2277/441 2276/277
f 2277/441 2278/326 2276/277
f 2278/326 2277/441 2279/323
f 2277/441 2280/440 2279/323
f 2279/323 2280/440 2281/318
f 2280/440 2282/439 2281/318
f 2281/318 2282/439 2283/305
f 2282/439 2284/438 2283/305
f 2283/305 2284/438 2285/273
f 2284/438 2286/436 2285/273
f 2285/273 2286/436 2287/270
f 2286/436 2288/437 2287/270
f 2289/704 2290/310 2291/703
f 2290/310 2292/346 2291/703
f 2293/705 2294/308 2289/704
f 2294/308 2290/310 2289/704
f 2295/700 2296/337 2293/705
f 2296/337 2294/308 2293/705
f 2297/701 2298/332 2295/700
f 2298/332 2296/337 2295/700
f 2299/702 2300/277 2297/701
f 2300/277 2298/332 2297/701
f 2299/702 2301/441 2300/277
f 2301/441 2302/326 2300/277
f 2302/326 2301/441 2303/323
f 2301/441 2304/440 2303/323
f 2303/323 2304/440 2305/318
f 2304/440 2306/439 2305/318
f 2305/318 2306/439 2307/305
f 2306/439 2308/438 2307/305
f 2307/305 2308/438 2309/273
f 2308/438 2310/436 2309/273
f 2309/273 2310/436 2311/270
f 2310/436 2312/437 2311/270
f 2313/704 2314/310 2315/703
f 2314/310 2316/346 2315/703
f 2317/705 2318/308 2313/704
f 2318/308 2314/310 2313/704
f 2319/700 2320/337 2317/705
f 2320/337 2318/308 2317/705
f 2321/701 2322/332 2319/700
f 2322/332 2320/337 2319/700
f 2323/702 2324/277 2321/701
f 2324/277 2322/332 2321/701
f 2323/702 2325/441 2324/277
f 2325/441 2326/326 2324/277
f 2326/326 2325/441 2327/323
f 2325/441 2328/440 2327/323
f 2327/323 2328/440 2329/318
f 2328/440 2330/439 2329/318
f 2329/318 2330/439 2331/305
f 2330/439 2332/438 2331/305
f 2331/305 2332/438 2333/273
f 2332/438 2334/436 2333/273
f 2333/273 2334/436 2335/270
f 2334/436 2336/437 2335/270
f 2337/704 2338/310 2339/703
f 2338/310 2340/346 2339/703
f 2341/705 2342/308 2337/704
f 2342/308 2338/310 2337/704
f 2343/700 2344/337 2341/705
f 2344/337 2342/308 2341/705
f 2345/701 2346/332 2343/700
f 2346/332 2344/337 2343/700
f 2347/702 2348/277 2345/701
f 2348/277 2346/332 2345/701
f 2347/702 2349/441 2348/277
f 2349/441 2350/326 2348/277
f 2350/326 2349/441 2351/323
f 2349/441 2352/440 2351/323
f 2351/323 2352/440 2353/318
f 2352/440 2354/439 2353/318
f 2353/318 2354/439 2355/305
f 2354/439 2356/438 2355/305
f 2355/305 2356/438 2357/273
f 2356/438 2358/436 2357/273
f 2357/273 2358/436 2359/270
f 2358/436 2360/437 2359/270
usemtl mat4
f 2361/482 2362/481 2363/480
f 2364/484 2365/483 2362/481
f 2361/482 2366/485 2362/481
f 2367/487 2363/480 2368/486
f 2364/484 2362/481 2366/485
f 2367/487 2361/482 2363/480
f 2366/485 2361/482 2369/488
f 2366/485 2369/488 2370/489
f 2366/485 2371/490 2364/484
f 2372/491 2361/482 2367/487
f 2373/492 2365/483 2364/484
f 2374/493 2367/487 2368/486
f 2370/489 2371/490 2366/485
f 2372/491 2369/488 2361/482
f 2375/494 2365/483 2373/492
f 2374/493 2368/486 2376/495
f 2373/492 2364/484 2371/490
f 2377/496 2372/491 2367/487
f 2377/496 2367/487 2374/493
f 2373/492 2371/490 2378/497
f 2374/493 2376/495 2379/498
f 2380/499 2375/494 2373/492
f 2379/498 2377/496 2374/493
f 2379/498 2376/495 2381/500
f 2378/497 2382/501 2373/492
f 2380/499 2383/502 2375/494
f 2384/503 2377/496 2379/498
f 2373/492 2382/501 2380/499
f 2385/504 2379/498 2381/500
f 2386/505 2384/503 2379/498
f 2387/506 2383/502 2380/499
f 2386/505 2379/498 2388/507
f 2388/507 2379/498 2385/504
f 2389/508 2380/499 2382/501
f 2387/506 2380/499 2389/508
f 2389/508 2382/501 2390/509
f 2391/510 2386/505 2388/507
f 2388/507 2385/504 2392/511
f 2393/512 2386/505 2391/510
f 2388/507 2392/511 2391/510
f 2389/508 2394/513 2387/506
f 2389/508 2390/509 2395/514
f 2389/508 2395/514 2396/515
f 2396/515 2394/513 2389/508
f 2392/511 2397/516 2391/510
f 2398/517 2393/512 2391/510
f 2392/511 2399/518 2397/516
f 2398/517 2391/510 2397/516
f 2395/514 2400/519 2396/515
f 2401/520 2394/513 2396/515
f 2395/514 2402/521 2400/519
f 2401/520 2396/515 2400/519
f 2397/516 2399/518 2403/522
f 2403/522 2398/517 2397/516
f 2403/522 2399/518 2404/523
f 2405/524 2398/517 2403/522
f 2402/521 2406/525 2400/519
f 2407/526 2401/520 2400/519
f 2407/526 2408/527 2401/520
f 2400/519 2406/525 2407/526
f 2403/522 2409/528 2405/524
f 2410/529 2403/522 2404/523
f 2410/529 2409/528 2403/522
f 2411/530 2408/527 2407/526
f 2407/526 2406/525 2411/530
f 2410/529 2404/523 2412/531
f 2411/530 2406/525 2413/532
f 2414/533 2408/527 2411/530
f 2415/534 2409/528 2410/529
f 2413/532 2416/535 2411/530
f 2410/529 2412/531 2415/534
f 2417/536 2414/533 2411/530
f 2415/534 2418/537 2409/528
f 2411/530 2416/535 2417/536
f 2417/536 2419/538 2414/533
f 2415/534 2412/531 2420/539
f 2421/540 2418/537 2415/534
f 2417/536 2416/535 2422/541
f 2422/541 2416/535 2423/542
f 2421/540 2415/534 2424/543
f 2425/544 2419/538 2417/536
f 2423/542 2426/546 2427/545
f 2428/548 2429/547 2421/540
f 2423/542 2427/545 2422/541
f 2420/539 2430/549 2415/534
f 2428/548 2421/540 2424/543
f 2425/544 2417/536 2422/541
f 2427/545 2426/546 2429/547
f 2415/534 2430/549 2424/543
f 2427/545 2429/547 2428/548
f 2431/550 2428/548 2424/543
f 2422/541 2427/545 2432/551
f 2432/551 2427/545 2428/548
f 2422/541 2432/551 2425/544
f 2431/550 2424/543 2430/549
f 2432/551 2428/548 2431/550
f 2433/482 2434/481 2435/480
f 2436/484 2437/483 2434/481
f 2433/482 2438/485 2434/481
f 2439/487 2435/480 2440/486
f 2436/484 2434/481 2438/485
f 2439/487 2433/482 2435/480
f 2438/485 2433/482 2441/488
f 2438/485 2441/488 2442/489
f 2438/485 2443/490 2436/484
f 2444/491 2433/482 2439/487
f 2445/492 2437/483 2436/484
f 2446/493 2439/487 2440/486
f 2442/489 2443/490 2438/485
f 2444/491 2441/488 2433/482
f 2447/494 2437/483 2445/492
f 2446/493 2440/486 2448/495
f 2445/492 2436/484 2443/490
f 2449/496 2444/491 2439/487
f 2449/496 2439/487 2446/493
f 2445/492 2443/490 2450/497
f 2446/493 2448/495 2451/498
f 2452/499 2447/494 2445/492
f 2451/498 2449/496 2446/493
f 2451/498 2448/495 2453/500
f 2450/497 2454/501 2445/492
f 2452/499 2455/502 2447/494
f 2456/503 2449/496 2451/498
f 2445/492 2454/501 2452/499
f 2457/504 2451/498 2453/500
f 2458/505 2456/503 2451/498
f 2459/506 2455/502 2452/499
f 2458/505 2451/498 2460/507
f 2460/507 2451/498 2457/504
f 2461/508 2452/499 2454/501
f 2459/506 2452/499 2461/508
f 2461/508 2454/501 2462/509
f 2463/510 2458/505 2460/507
f 2460/507 2457/504 2464/511
f 2465/512 2458/505 2463/510
f 2460/507 2464/511 2463/510
f 2461/508 2466/513 2459/506
f 2461/508 2462/509 2467/514
f 2461/508 2467/514 2468/515
f 2468/515 2466/513 2461/508
f 2464/511 2469/516 2463/510
f 2470/517 2465/512 2463/510
f 2464/511 2471/518 2469/516
f 2470/517 2463/510 2469/516
f 2467/514 2472/519 2468/515
f 2473/520 2466/513 2468/515
f 2467/514 2474/521 2472/519
f 2473/520 2468/515 2472/519
f 2469/516 2471/518 2475/522
f 2475/522 2470/517 2469/516
f 2475/522 2471/518 2476/523
f 2477/524 2470/517 2475/522
f 2474/521 2478/525 2472/519
f 2479/526 2473/520 2472/519
f 2479/526 2480/527 2473/520
f 2472/519 2478/525 2479/526
f 2475/522 2481/528 2477/524
f 2482/529 2475/522 2476/523
f 2482/529 2481/528 2475/522
f 2483/530 2480/527 2479/526
f 2479/526 2478/525 2483/530
f 2482/529 2476/523 2484/531
f 2483/530 2478/525 2485/532
f 2486/533 2480/527 2483/530
f 2487/534 2481/528 2482/529
f 2485/532 2488/535 2483/530
f 2482/529 2484/531 2487/534
f 2489/536 2486/533 2483/530
f 2487/534 2490/537 2481/528
f 2483/530 2488/535 2489/536
f 2489/536 2491/538 2486/533
f 2487/534 2484/531 2492/539
f 2493/540 2490/537 2487/534
f 2489/536 2488/535 2494/541
f 2494/541 2488/535 2495/542
f 2493/540 2487/534 2496/543
f 2497/544 2491/538 2489/536
f 2495/542 2498/546 2499/545
f 2500/548 2501/547 2493/540
f 2495/542 2499/545 2494/541
f 2492/539 2502/549 2487/534
f 2500/548 2493/540 2496/543
f 2497/544 2489/536 2494/541
f 2499/545 2498/546 2501/547
f 2487/534 2502/549 2496/543
f 2499/545 2501/547 2500/548
f 2503/550 2500/548 2496/543
f 2494/541 2499/545 2504/551
f 2504/551 2499/545 2500/548
f 2494/541 2504/551 2497/544
f 2503/550 2496/543 2502/549
f 2504/551 2500/548 2503/550
f 2505/482 2506/481 2507/480
f 2508/484 2509/483 2506/481
f 2505/482 2510/485 2506/481
f 2511/487 2507/480 2512/486
f 2508/484 2506/481 2510/485
f 2511/487 2505/482 2507/480
f 2510/485 2505/482 2513/488
f 2510/485 2513/488 2514/489
f 2510/485 2515/490 2508/484
f 2516/491 2505/482 2511/487
f 2517/492 2509/483 2508/484
f 2518/493 2511/487 2512/486
f 2514/489 2515/490 2510/485
f 2516/491 2513/488 2505/482
f 2519/494 2509/483 2517/492
f 2518/493 2512/486 2520/495
f 2517/492 2508/484 2515/490
f 2521/496 2516/491 2511/487
f 2521/496 2511/487 2518/493
f 2517/492 2515/490 2522/497
f 2518/493 2520/495 2523/498
f 2524/499 2519/494 2517/492
f 2523/498 2521/496 2518/493
f 2523/498 2520/495 2525/500
f 2522/497 2526/501 2517/492
f 2524/499 2527/502 2519/494
f 2528/503 2521/496 2523/498
f 2517/492 2526/501 2524/499
f 2529/504 2523/498 2525/500
f 2530/505 2528/503 2523/498
f 2531/506 2527/502 2524/499
f 2530/505 2523/498 2532/507
f 2532/507 2523/498 2529/504
f 2533/508 2524/499 2526/501
f 2531/506 2524/499 2533/508
f 2533/508 2526/501 2534/509
f 2535/510 2530/505 2532/507
f 2532/507 2529/504 2536/511
f 2537/512 2530/505 2535/510
f 2532/507 2536/511 2535/510
f 2533/508 2538/513 2531/506
f 2533/508 2534/509 2539/514
f 2533/508 2539/514 2540/515
f 2540/515 2538/513 2533/508
f 2536/511 2541/516 2535/510
f 2542/517 2537/512 2535/510
f 2536/511 2543/518 2541/516
f 2542/517 2535/510 2541/516
f 2539/514 2544/519 2540/515
f 2545/520 2538/513 2540/515
f 2539/514 2546/521 2544/519
f 2545/520 2540/515 2544/519
f 2541/516 2543/518 2547/522
f 2547/522 2542/517 2541/516
f 2547/522 2543/518 2548/523
f 2549/524 2542/517 2547/522
f 2546/521 2550/525 2544/519
f 2551/526 2545/520 2544/519
f 2551/526 2552/527 2545/520
f 2544/519 2550/525 2551/526
f 2547/522 2553/528 2549/524
f 2554/529 2547/522 2548/523
f 2554/529 2553/528 2547/522
f 2555/530 2552/527 2551/526
f 2551/526 2550/525 2555/530
f 2554/529 2548/523 2556/531
f 2555/530 2550/525 2557/532
f 2558/533 2552/527 2555/530
f 2559/534 2553/528 2554/529
f 2557/532 2560/535 2555/530
f 2554/529 2556/531 2559/534
f 2561/536 2558/533 2555/530
f 2559/534 2562/537 2553/528
f 2555/530 2560/535 2561/536
f 2561/536 2563/538 2558/533
f 2559/534 2556/531 2564/539
f 2565/540 2562/537 2559/534
f 2561/536 2560/535 2566/541
f 2566/541 2560/535 2567/542
f 2565/540 2559/534 2568/543
f 2569/544 2563/538 2561/536
f 2567/542 2570/546 2571/545
f 2572/548 2573/547 2565/540
f 2567/542 2571/545 2566/541
f 2564/539 2574/549 2559/534
f 2572/548 2565/540 2568/543
f 2569/544 2561/536 2566/541
f 2571/545 2570/546 2573/547
f 2559/534 2574/549 2568/543
f 2571/545 2573/547 2572/548
f 2575/550 2572/548 2568/543
f 2566/541 2571/545 2576/551
f 2576/551 2571/545 2572/548
f 2566/541 2576/551 2569/544
f 2575/550 2568/543 2574/549
f 2576/551 2572/548 2575/550
usemtl mat5
f 2577/109 2578/105 2579/106
f 2580/106 2581/110 2582/108
f 2577/109 2583/111 2578/105
f 2368/112 2581/110 2580/106
f 2584/106 2578/105 2583/111
f 2362/112 2583/111 2577/109
f 2368/112 2585/113 2581/110
f 2376/111 2368/112 2580/106
f 2376/111 2580/106 2586/105
f 2584/106 2583/111 2375/112
f 2375/112 2587/108 2584/106
f 2376/111 2586/105 2381/112
f 2381/112 2586/105 2588/106
f 2375/112 2383/113 2587/108
f 2589/108 2381/112 2588/106
f 2590/106 2587/108 2383/113
f 2385/113 2381/112 2589/108
f 2590/106 2383/113 2591/112
f 2420/112 2592/113 2593/108
f 2414/112 2594/105 2595/106
f 2414/112 2419/111 2594/105
f 2420/112 2593/108 2596/106
f 2597/106 2594/105 2419/111
f 2597/106 2419/111 2598/112
f 2420/112 2599/105 2600/111
f 2596/106 2599/105 2420/112
f 2597/106 2601/114 2602/108
f 2603/106 2604/115 2599/105
f 2581/110 2585/113 2577/109
f 2585/113 2362/112 2577/109
f 2589/108 2605/106 2385/113
f 2392/112 2385/113 2605/106
f 2590/106 2591/112 2606/105
f 2591/112 2607/111 2606/105
f 2605/106 2608/105 2392/112
f 2608/105 2609/111 2392/112
f 2401/112 2610/106 2607/111
f 2610/106 2606/105 2607/111
f 2611/106 2612/112 2608/105
f 2612/112 2609/111 2608/105
f 2613/108 2610/106 2408/113
f 2401/112 2408/113 2610/106
f 2593/108 2592/113 2611/106
f 2592/113 2612/112 2611/106
f 2595/106 2613/108 2414/112
f 2613/108 2408/113 2414/112
f 2597/106 2598/112 2601/114
f 2598/112 2432/113 2601/114
f 2599/105 2604/115 2600/111
f 2604/115 2431/112 2600/111
f 2601/114 2432/113 2604/115
f 2432/113 2431/112 2604/115
f 2614/109 2615/105 2616/106
f 2617/106 2618/110 2619/108
f 2614/109 2437/111 2615/105
f 2440/112 2618/110 2617/106
f 2620/106 2615/105 2437/111
f 2434/112 2437/111 2614/109
f 2440/112 2435/113 2618/110
f 2448/111 2440/112 2617/106
f 2448/111 2617/106 2621/105
f 2620/106 2437/111 2447/112
f 2447/112 2622/108 2620/106
f 2448/111 2621/105 2453/112
f 2453/112 2621/105 2623/106
f 2447/112 2624/113 2622/108
f 2625/108 2453/112 2623/106
f 2626/106 2622/108 2624/113
f 2627/113 2453/112 2625/108
f 2626/106 2624/113 2459/112
f 2492/112 2628/113 2629/108
f 2486/112 2630/105 2631/106
f 2486/112 2491/111 2630/105
f 2492/112 2629/108 2632/106
f 2633/106 2630/105 2491/111
f 2633/106 2491/111 2497/112
f 2492/112 2634/105 2502/111
f 2632/106 2634/105 2492/112
f 2633/106 2635/114 2636/108
f 2637/106 2638/115 2634/105
f 2618/110 2435/113 2614/109
f 2435/113 2434/112 2614/109
f 2625/108 2639/106 2627/113
f 2464/112 2627/113 2639/106
f 2626/106 2459/112 2640/105
f 2459/112 2466/111 2640/105
f 2639/106 2641/105 2464/112
f 2641/105 2642/111 2464/112
f 2473/112 2643/106 2466/111
f 2643/106 2640/105 2466/111
f 2644/106 2645/112 2641/105
f 2645/112 2642/111 2641/105
f 2646/108 2643/106 2647/113
f 2473/112 2647/113 2643/106
f 2629/108 2628/113 2644/106
f 2628/113 2645/112 2644/106
f 2631/106 2646/108 2486/112
f 2646/108 2647/113 2486/112
f 2633/106 2497/112 2635/114
f 2497/112 2504/113 2635/114
f 2634/105 2638/115 2502/111
f 2638/115 2503/112 2502/111
f 2635/114 2504/113 2638/115
f 2504/113 2503/112 2638/115
f 2648/109 2649/105 2650/106
f 2651/106 2652/110 2653/108
f 2648/109 2509/111 2649/105
f 2512/112 2652/110 2651/106
f 2654/106 2649/105 2509/111
f 2506/112 2509/111 2648/109
f 2512/112 2507/113 2652/110
f 2520/111 2512/112 2651/106
f 2520/111 2651/106 2655/105
f 2654/106 2509/111 2519/112
f 2519/112 2656/108 2654/106
f 2520/111 2655/105 2525/112
f 2525/112 2655/105 2657/106
f 2519/112 2527/113 2656/108
f 2658/108 2525/112 2657/106
f 2659/106 2656/108 2527/113
f 2529/113 2525/112 2658/108
f 2659/106 2527/113 2531/112
f 2564/112 2660/113 2661/108
f 2558/112 2662/105 2663/106
f 2558/112 2563/111 2662/105
f 2564/112 2661/108 2664/106
f 2665/106 2662/105 2563/111
f 2665/106 2563/111 2569/112
f 2564/112 2666/105 2574/111
f 2664/106 2666/105 2564/112
f 2665/106 2667/114 2668/108
f 2669/106 2670/115 2666/105
f 2652/110 2507/113 2648/109
f 2507/113 2506/112 2648/109
f 2658/108 2671/106 2529/113
f 2536/112 2529/113 2671/106
f 2659/106 2531/112 2672/105
f 2531/112 2538/111 2672/105
f 2671/106 2673/105 2536/112
f 2673/105 2674/111 2536/112
f 2545/112 2675/106 2538/111
f 2675/106 2672/105 2538/111
f 2676/106 2677/112 2673/105
f 2677/112 2674/111 2673/105
f 2678/108 2675/106 2552/113
f 2545/112 2552/113 2675/106
f 2661/108 2660/113 2676/106
f 2660/113 2677/112 2676/106
f 2663/106 2678/108 2558/112
f 2678/108 2552/113 2558/112
f 2665/106 2569/112 2667/114
f 2569/112 2576/113 2667/114
f 2666/105 2670/115 2574/111
f 2670/115 2575/112 2574/111
f 2667/114 2576/113 2670/115
f 2576/113 2575/112 2670/115
usemtl mat6
f 2679/444 2680/443 2681/442
f 2679/444 2681/442 2682/445
f 2683/446 2680/443 2679/444
f 2684/448 2680/443 2685/447
f 2685/447 2680/443 2683/446
f 2679/444 2685/447 2683/446
f 2684/448 2685/447 2686/449
f 2679/444 2682/445 2687/450
f 2687/450 2682/445 2688/451
f 2687/450 2685/447 2679/444
f 2686/449 2685/447 2689/452
f 2690/453 2687/450 2688/451
f 2689/452 2685/447 2687/450
f 2686/449 2689/452 2691/454
f 2692/455 2687/450 2690/453
f 2689/452 2693/456 2691/454
f 2694/457 2689/452 2687/450
f 2695/458 2687/450 2692/455
f 2695/458 2694/457 2687/450
f 2694/457 2693/456 2689/452
f 2695/458 2692/455 2696/459
f 2693/456 2694/457 2697/460
f 2698/461 2694/457 2695/458
f 2698/461 2695/458 2696/459
f 2697/460 2694/457 2699/462
f 2698/461 2696/459 2700/463
f 2699/462 2694/457 2698/461
f 2697/460 2699/462 2701/464
f 2698/461 2700/463 2702/465
f 2703/466 2701/464 2699/462
f 2704/467 2699/462 2698/461
f 2702/465 2705/468 2698/461
f 2704/467 2703/466 2699/462
f 2705/468 2704/467 2698/461
f 2706/469 2705/468 2702/465
f 2707/470 2703/466 2704/467
f 2706/469 2708/471 2705/468
f 2705/468 2709/472 2704/467
f 2704/467 2710/473 2707/470
f 2711/474 2708/471 2706/469
f 2705/468 2708/471 2709/472
f 2712/475 2710/473 2704/467
f 2709/472 2712/475 2704/467
f 2713/476 2708/471 2711/474
f 2714/477 2710/473 2712/475
f 2715/478 2709/472 2708/471
f 2716/479 2712/475 2709/472
f 2715/478 2708/471 2713/476
f 2714/477 2712/475 2716/479
f 2716/479 2709/472 2715/478
f 2717/444 2718/443 2719/442
f 2717/444 2719/442 2720/445
f 2721/446 2718/443 2717/444
f 2722/448 2718/443 2723/447
f 2723/447 2718/443 2721/446
f 2717/444 2723/447 2721/446
f 2722/448 2723/447 2724/449
f 2717/444 2720/445 2725/450
f 2725/450 2720/445 2726/451
f 2725/450 2723/447 2717/444
f 2724/449 2723/447 2727/452
f 2728/453 2725/450 2726/451
f 2727/452 2723/447 2725/450
f 2724/449 2727/452 2729/454
f 2730/455 2725/450 2728/453
f 2727/452 2731/456 2729/454
f 2732/457 2727/452 2725/450
f 2733/458 2725/450 2730/455
f 2733/458 2732/457 2725/450
f 2732/457 2731/456 2727/452
f 2733/458 2730/455 2734/459
f 2731/456 2732/457 2735/460
f 2736/461 2732/457 2733/458
f 2736/461 2733/458 2734/459
f 2735/460 2732/457 2737/462
f 2736/461 2734/459 2738/463
f 2737/462 2732/457 2736/461
f 2735/460 2737/462 2739/464
f 2736/461 2738/463 2740/465
f 2741/466 2739/464 2737/462
f 2742/467 2737/462 2736/461
f 2740/465 2743/468 2736/461
f 2742/467 2741/466 2737/462
f 2743/468 2742/467 2736/461
f 2744/469 2743/468 2740/465
f 2745/470 2741/466 2742/467
f 2744/469 2746/471 2743/468
f 2743/468 2747/472 2742/467
f 2742/467 2748/473 2745/470
f 2749/474 2746/471 2744/469
f 2743/468 2746/471 2747/472
f 2750/475 2748/473 2742/467
f 2747/472 2750/475 2742/467
f 2751/476 2746/471 2749/474
f 2752/477 2748/473 2750/475
f 2753/478 2747/472 2746/471
f 2754/479 2750/475 2747/472
f 2753/478 2746/471 2751/476
f 2752/477 2750/475 2754/479
f 2754/479 2747/472 2753/478
f 2755/444 2756/443 2757/442
f 2755/444 2757/442 2758/445
f 2759/446 2756/443 2755/444
f 2760/448 2756/443 2761/447
f 2761/447 2756/443 2759/446
f 2755/444 2761/447 2759/446
f 2760/448 2761/447 2762/449
f 2755/444 2758/445 2763/450
f 2763/450 2758/445 2764/451
f 2763/450 2761/447 2755/444
f 2762/449 2761/447 2765/452
f 2766/453 2763/450 2764/451
f 2765/452 2761/447 2763/450
f 2762/449 2765/452 2767/454
f 2768/455 2763/450 2766/453
f 2765/452 2769/456 2767/454
f 2770/457 2765/452 2763/450
f 2771/458 2763/450 2768/455
f 2771/458 2770/457 2763/450
f 2770/457 2769/456 2765/452
f 2771/458 2768/455 2772/459
f 2769/456 2770/457 2773/460
f 2774/461 2770/457 2771/458
f 2774/461 2771/458 2772/459
f 2773/460 2770/457 2775/462
f 2774/461 2772/459 2776/463
f 2775/462 2770/457 2774/461
f 2773/460 2775/462 2777/464
f 2774/461 2776/463 2778/465
f 2779/466 2777/464 2775/462
f 2780/467 2775/462 2774/461
f 2778/465 2781/468 2774/461
f 2780/467 2779/466 2775/462
f 2781/468 2780/467 2774/461
f 2782/469 2781/468 2778/465
f 2783/470 2779/466 2780/467
f 2782/469 2784/471 2781/468
f 2781/468 2785/472 2780/467
f 2780/467 2786/473 2783/470
f 2787/474 2784/471 2782/469
f 2781/468 2784/471 2785/472
f 2788/475 2786/473 2780/467
f 2785/472 2788/475 2780/467
f 2789/476 2784/471 2787/474
f 2790/477 2786/473 2788/475
f 2791/478 2785/472 2784/471
f 2792/479 2788/475 2785/472
f 2791/478 2784/471 2789/476
f 2790/477 2788/475 2792/479
f 2792/479 2785/472 2791/478
# 3829 elements

