# Created by Metasequoia

mtllib 2PEgg_fleet5.mtl

v -2964.000000 800.000000 -4365.000000
v -2964.000000 800.000000 -4338.000000
v -2849.000000 800.000000 -4365.000000
v -2849.000000 800.000000 -4338.000000
v -2964.000000 800.000000 -4310.000000
v -2849.000000 800.000000 -4310.000000
v -2734.000000 800.000000 -4365.000000
v -2734.000000 800.000000 -4338.000000
v -2734.000000 800.000000 -4310.000000
v -2959.068359 600.051392 -4211.832520
v -2959.068359 600.051392 -4213.893555
v -2966.731201 600.051392 -4211.832520
v -2966.731201 600.051392 -4213.893555
v -2883.652832 600.081665 -4251.994141
v -2883.652832 600.081665 -4254.460938
v -2888.940918 600.081665 -4251.994141
v -2888.940918 600.081665 -4254.460938
v -2882.871582 600.080383 -4211.729980
v -2882.871582 600.080383 -4213.805664
v -2889.531006 600.080383 -4211.729980
v -2889.531006 600.080383 -4213.805664
v -2808.678955 600.098267 -4211.775391
v -2808.678955 600.098267 -4213.984375
v -2816.813721 600.143799 -4211.775391
v -2816.813721 600.143799 -4213.984375
v -2807.766846 600.045959 -4252.157227
v -2807.766846 600.045959 -4254.234375
v -2816.149658 600.009705 -4252.157227
v -2816.149658 600.009705 -4254.234375
v -2734.892578 600.046570 -4211.916016
v -2734.892578 600.046570 -4213.979492
v -2741.774170 600.046570 -4211.916016
v -2741.774170 600.046570 -4213.979492
v -2905.275391 800.109863 -4300.372559
v -2905.275391 800.109863 -4301.730469
v -2909.799316 800.109863 -4300.372559
v -2909.799316 800.109863 -4301.730469
v -2905.335938 800.087952 -4373.259766
v -2905.335938 800.087952 -4374.761230
v -2908.648926 800.087952 -4373.259766
v -2908.648926 800.087952 -4374.761230
v -2848.980957 800.023926 -4300.356934
v -2848.980957 800.023926 -4301.633789
v -2853.294678 800.069458 -4300.356934
v -2853.294678 800.069458 -4301.633789
v -2846.872803 800.047424 -4373.341797
v -2846.872803 800.047424 -4374.712402
v -2851.777344 800.011169 -4373.341797
v -2851.777344 800.011169 -4374.712402
v -2788.940674 800.237244 -4300.399414
v -2788.940674 800.237244 -4301.743652
v -2795.822754 800.237244 -4300.399414
v -2795.822754 800.237244 -4301.743652
v -2788.292480 800.102722 -4373.163574
v -2788.292480 800.102722 -4374.581543
v -2793.051514 800.102722 -4373.163574
v -2793.051514 800.102722 -4374.581543
v -2029.000122 393.999786 -4273.731445
v -2091.000244 393.999786 -4273.731445
v -2029.000122 395.499786 -4272.865234
v -2091.000244 395.499786 -4272.865234
v -2029.000122 393.999786 -4271.999512
v -2091.000244 393.999786 -4271.999512
v -1955.000122 393.999786 -4273.731445
v -2017.000122 393.999786 -4273.731445
v -1955.000122 395.499786 -4272.865234
v -2017.000122 395.499786 -4272.865234
v -1955.000122 393.999786 -4271.999512
v -2017.000122 393.999786 -4271.999512
v -1881.000122 393.999786 -4273.731445
v -1943.000122 393.999786 -4273.731445
v -1881.000122 395.499786 -4272.865234
v -1943.000122 395.499786 -4272.865234
v -1881.000122 393.999786 -4271.999512
v -1943.000122 393.999786 -4271.999512
v -1808.000000 393.999786 -4273.731445
v -1869.000122 393.999786 -4273.731445
v -1808.000000 395.499786 -4272.865234
v -1869.000122 395.499786 -4272.865234
v -1808.000000 393.999786 -4271.999512
v -1869.000122 393.999786 -4271.999512
v -2029.000122 393.999786 -4191.731445
v -2091.000244 393.999786 -4191.731445
v -2029.000122 395.499786 -4190.865234
v -2091.000244 395.499786 -4190.865234
v -2029.000122 393.999786 -4189.999512
v -2091.000244 393.999786 -4189.999512
v -1955.000122 393.999786 -4191.731445
v -2017.000122 393.999786 -4191.731445
v -1955.000122 395.499786 -4190.865234
v -2017.000122 395.499786 -4190.865234
v -1955.000122 393.999786 -4189.999512
v -2017.000122 393.999786 -4189.999512
v -1881.000122 393.999786 -4191.731445
v -1943.000122 393.999786 -4191.731445
v -1881.000122 395.499786 -4190.865234
v -1943.000122 395.499786 -4190.865234
v -1881.000122 393.999786 -4189.999512
v -1943.000122 393.999786 -4189.999512
v -1808.000000 393.999786 -4191.731445
v -1869.000122 393.999786 -4191.731445
v -1808.000000 395.499786 -4190.865234
v -1869.000122 395.499786 -4190.865234
v -1808.000000 393.999786 -4189.999512
v -1869.000122 393.999786 -4189.999512
v -2029.000122 563.999756 -4041.731445
v -2091.000244 563.999756 -4041.731445
v -2029.000122 565.499756 -4040.865234
v -2091.000244 565.499756 -4040.865234
v -2029.000122 563.999756 -4039.999512
v -2091.000244 563.999756 -4039.999512
v -1955.000122 563.999756 -4041.731445
v -2017.000122 563.999756 -4041.731445
v -1955.000122 565.499756 -4040.865234
v -2017.000122 565.499756 -4040.865234
v -1955.000122 563.999756 -4039.999512
v -2017.000122 563.999756 -4039.999512
v -1881.000122 563.999756 -4041.731445
v -1943.000122 563.999756 -4041.731445
v -1881.000122 565.499756 -4040.865234
v -1943.000122 565.499756 -4040.865234
v -1881.000122 563.999756 -4039.999512
v -1943.000122 563.999756 -4039.999512
v -1808.000000 563.999756 -4041.731445
v -1869.000122 563.999756 -4041.731445
v -1808.000000 565.499756 -4040.865234
v -1869.000122 565.499756 -4040.865234
v -1808.000000 563.999756 -4039.999512
v -1869.000122 563.999756 -4039.999512
v -2029.000122 563.999756 -3959.731445
v -2091.000244 563.999756 -3959.731445
v -2029.000122 565.499756 -3958.865234
v -2091.000244 565.499756 -3958.865234
v -2029.000122 563.999756 -3957.999512
v -2091.000244 563.999756 -3957.999512
v -1955.000122 563.999756 -3959.731445
v -2017.000122 563.999756 -3959.731445
v -1955.000122 565.499756 -3958.865234
v -2017.000122 565.499756 -3958.865234
v -1955.000122 563.999756 -3957.999512
v -2017.000122 563.999756 -3957.999512
v -1881.000122 563.999756 -3959.731445
v -1943.000122 563.999756 -3959.731445
v -1881.000122 565.499756 -3958.865234
v -1943.000122 565.499756 -3958.865234
v -1881.000122 563.999756 -3957.999512
v -1943.000122 563.999756 -3957.999512
v -1808.000000 563.999756 -3959.731445
v -1869.000122 563.999756 -3959.731445
v -1808.000000 565.499756 -3958.865234
v -1869.000122 565.499756 -3958.865234
v -1808.000000 563.999756 -3957.999512
v -1869.000122 563.999756 -3957.999512
v -2100.500000 560.500000 -4001.000000
v -2080.000000 560.447754 -4001.000000
v -2100.500000 560.500000 -4010.000000
v -2080.000000 560.447754 -4010.000000
v -2100.500000 560.500000 -3990.000000
v -2080.000000 560.447754 -3990.000000
v -2100.500000 560.500000 -3999.000000
v -2080.000000 560.447754 -3999.000000
v -2070.000000 560.395264 -4010.000000
v -2070.000000 560.395264 -4001.000000
v -2070.000000 560.395264 -3990.000000
v -2070.000000 560.395264 -3999.000000
v -2854.000000 793.000000 -4310.000000
v -2854.000000 793.000000 -4365.000000
v -2844.000000 793.000000 -4310.000000
v -2844.000000 793.000000 -4365.000000
v -2844.000000 797.000000 -4310.000000
v -2844.000000 797.000000 -4365.000000
v -2854.000000 797.000000 -4310.000000
v -2854.000000 797.000000 -4365.000000
v -2887.429199 640.572388 -4271.234375
v -2887.428955 640.572388 -4267.654297
v -2887.429199 669.212463 -4271.234375
v -2887.428955 669.212463 -4267.654297
v -2815.828857 669.212463 -4271.234375
v -2815.828857 669.212463 -4267.654297
v -2815.828857 640.572388 -4271.234375
v -2815.828857 640.572388 -4267.654297
v -2100.000000 370.000061 -4252.000977
v -2100.000000 389.999969 -4252.000977
v -2100.000000 370.000061 -4272.000977
v -2100.000000 389.999969 -4272.000977
v -2100.000000 370.000092 -4192.000977
v -2100.000000 389.999969 -4192.000977
v -2024.999878 389.999969 -4272.000977
v -2024.999878 370.000061 -4272.000977
v -2024.999878 370.000061 -4192.000977
v -2024.999878 389.999969 -4192.000977
v -1950.000244 389.999969 -4272.000977
v -1950.000244 370.000061 -4272.000977
v -1950.000000 370.000061 -4192.000977
v -1950.000000 389.999969 -4192.000977
v -1875.000122 389.999969 -4272.000977
v -1875.000122 370.000061 -4272.000977
v -1875.000122 370.000061 -4192.000977
v -1875.000122 389.999969 -4192.000977
v -1800.000122 370.000061 -4272.000977
v -1800.000122 389.999969 -4272.000977
v -1800.000122 370.000092 -4192.000977
v -1800.000122 389.999969 -4192.000977
v -1800.000122 389.999969 -4252.000977
v -1800.000244 370.000061 -4252.000977
v -2100.000000 540.000122 -4020.000000
v -2100.000000 560.000000 -4020.000000
v -2100.000000 540.000122 -4040.000000
v -2100.000000 560.000000 -4040.000000
v -2100.000000 540.000122 -3960.000000
v -2100.000000 560.000000 -3960.000000
v -2024.999878 560.000000 -4040.000000
v -2024.999878 540.000122 -4040.000000
v -2024.999878 540.000122 -3960.000000
v -2024.999878 560.000000 -3960.000000
v -1950.000244 560.000000 -4040.000000
v -1950.000244 540.000122 -4040.000000
v -1950.000000 540.000122 -3960.000000
v -1950.000000 560.000000 -3960.000000
v -1875.000122 560.000000 -4040.000000
v -1875.000122 540.000122 -4040.000000
v -1875.000122 540.000122 -3960.000000
v -1875.000122 560.000000 -3960.000000
v -1800.000122 540.000122 -4040.000000
v -1800.000122 560.000000 -4040.000000
v -1800.000122 540.000122 -3960.000000
v -1800.000122 560.000000 -3960.000000
v -1800.000122 560.000000 -4020.000000
v -1800.000244 540.000122 -4020.000000
v -3000.000000 600.000000 -4210.000000
v -3000.000000 600.000000 -4270.000000
v -3000.000000 580.000122 -4210.000000
v -3000.000000 580.000122 -4270.000000
v -3000.000000 600.000000 -4190.000000
v -3000.000000 580.000122 -4190.000000
v -2925.000000 580.000122 -4190.000000
v -2925.000000 600.000000 -4190.000000
v -2850.000000 600.000000 -4190.000000
v -2850.000000 580.000122 -4190.000000
v -2775.000000 600.000000 -4190.000000
v -2775.000000 580.000122 -4190.000000
v -2700.000000 600.000000 -4190.000000
v -2700.000000 580.000122 -4190.000000
v -2700.000000 580.000122 -4270.000000
v -2700.000000 600.000000 -4270.000000
v -2700.000000 580.000122 -4210.000000
v -2700.000000 600.000000 -4210.000000
v -2091.000244 383.999786 -4274.000000
v -2096.000244 383.999786 -4274.000000
v -2091.000244 395.999786 -4274.000000
v -2096.000244 395.999786 -4274.000000
v -2096.000244 383.999786 -4271.999512
v -2091.000244 383.999786 -4271.999512
v -2096.000244 395.999786 -4271.999512
v -2091.000244 395.999786 -4271.999512
v -2024.000122 383.999786 -4274.000000
v -2029.000122 383.999786 -4274.000000
v -2024.000122 395.999786 -4274.000000
v -2029.000122 395.999786 -4274.000000
v -2029.000122 383.999786 -4271.999512
v -2024.000122 383.999786 -4271.999512
v -2029.000122 395.999786 -4271.999512
v -2024.000122 395.999786 -4271.999512
v -2017.000122 383.999786 -4274.000000
v -2022.000122 383.999786 -4274.000000
v -2017.000122 395.999786 -4274.000000
v -2022.000122 395.999786 -4274.000000
v -2022.000122 383.999786 -4271.999512
v -2017.000122 383.999786 -4271.999512
v -2022.000122 395.999786 -4271.999512
v -2017.000122 395.999786 -4271.999512
v -1950.000122 383.999786 -4274.000000
v -1955.000122 383.999786 -4274.000000
v -1950.000122 395.999786 -4274.000000
v -1955.000122 395.999786 -4274.000000
v -1955.000122 383.999786 -4271.999512
v -1950.000122 383.999786 -4271.999512
v -1955.000122 395.999786 -4271.999512
v -1950.000122 395.999786 -4271.999512
v -1943.000122 383.999786 -4274.000000
v -1948.000122 383.999786 -4274.000000
v -1943.000122 395.999786 -4274.000000
v -1948.000122 395.999786 -4274.000000
v -1948.000122 383.999786 -4271.999512
v -1943.000122 383.999786 -4271.999512
v -1948.000122 395.999786 -4271.999512
v -1943.000122 395.999786 -4271.999512
v -1876.000122 383.999786 -4274.000000
v -1881.000122 383.999786 -4274.000000
v -1876.000122 395.999786 -4274.000000
v -1881.000122 395.999786 -4274.000000
v -1881.000122 383.999786 -4271.999512
v -1876.000122 383.999786 -4271.999512
v -1881.000122 395.999786 -4271.999512
v -1876.000122 395.999786 -4271.999512
v -1869.000122 383.999786 -4274.000000
v -1874.000122 383.999786 -4274.000000
v -1869.000122 395.999786 -4274.000000
v -1874.000122 395.999786 -4274.000000
v -1874.000122 383.999786 -4271.999512
v -1869.000122 383.999786 -4271.999512
v -1874.000122 395.999786 -4271.999512
v -1869.000122 395.999786 -4271.999512
v -1803.000000 383.999786 -4274.000000
v -1808.000000 383.999786 -4274.000000
v -1803.000000 395.999786 -4274.000000
v -1808.000000 395.999786 -4274.000000
v -1808.000000 383.999786 -4271.999512
v -1803.000000 383.999786 -4271.999512
v -1808.000000 395.999786 -4271.999512
v -1803.000000 395.999786 -4271.999512
v -2091.000244 383.999786 -4192.000000
v -2096.000244 383.999786 -4192.000000
v -2091.000244 395.999786 -4192.000000
v -2096.000244 395.999786 -4192.000000
v -2096.000244 383.999786 -4189.999512
v -2091.000244 383.999786 -4189.999512
v -2096.000244 395.999786 -4189.999512
v -2091.000244 395.999786 -4189.999512
v -2024.000122 383.999786 -4192.000000
v -2029.000122 383.999786 -4192.000000
v -2024.000122 395.999786 -4192.000000
v -2029.000122 395.999786 -4192.000000
v -2029.000122 383.999786 -4189.999512
v -2024.000122 383.999786 -4189.999512
v -2029.000122 395.999786 -4189.999512
v -2024.000122 395.999786 -4189.999512
v -2017.000122 383.999786 -4192.000000
v -2022.000122 383.999786 -4192.000000
v -2017.000122 395.999786 -4192.000000
v -2022.000122 395.999786 -4192.000000
v -2022.000122 383.999786 -4189.999512
v -2017.000122 383.999786 -4189.999512
v -2022.000122 395.999786 -4189.999512
v -2017.000122 395.999786 -4189.999512
v -1950.000122 383.999786 -4192.000000
v -1955.000122 383.999786 -4192.000000
v -1950.000122 395.999786 -4192.000000
v -1955.000122 395.999786 -4192.000000
v -1955.000122 383.999786 -4189.999512
v -1950.000122 383.999786 -4189.999512
v -1955.000122 395.999786 -4189.999512
v -1950.000122 395.999786 -4189.999512
v -1943.000122 383.999786 -4192.000000
v -1948.000122 383.999786 -4192.000000
v -1943.000122 395.999786 -4192.000000
v -1948.000122 395.999786 -4192.000000
v -1948.000122 383.999786 -4189.999512
v -1943.000122 383.999786 -4189.999512
v -1948.000122 395.999786 -4189.999512
v -1943.000122 395.999786 -4189.999512
v -1876.000122 383.999786 -4192.000000
v -1881.000122 383.999786 -4192.000000
v -1876.000122 395.999786 -4192.000000
v -1881.000122 395.999786 -4192.000000
v -1881.000122 383.999786 -4189.999512
v -1876.000122 383.999786 -4189.999512
v -1881.000122 395.999786 -4189.999512
v -1876.000122 395.999786 -4189.999512
v -1869.000122 383.999786 -4192.000000
v -1874.000122 383.999786 -4192.000000
v -1869.000122 395.999786 -4192.000000
v -1874.000122 395.999786 -4192.000000
v -1874.000122 383.999786 -4189.999512
v -1869.000122 383.999786 -4189.999512
v -1874.000122 395.999786 -4189.999512
v -1869.000122 395.999786 -4189.999512
v -1803.000000 383.999786 -4192.000000
v -1808.000000 383.999786 -4192.000000
v -1803.000000 395.999786 -4192.000000
v -1808.000000 395.999786 -4192.000000
v -1808.000000 383.999786 -4189.999512
v -1803.000000 383.999786 -4189.999512
v -1808.000000 395.999786 -4189.999512
v -1803.000000 395.999786 -4189.999512
v -2091.000244 553.999756 -4042.000000
v -2096.000244 553.999756 -4042.000000
v -2091.000244 565.999756 -4042.000000
v -2096.000244 565.999756 -4042.000000
v -2096.000244 553.999756 -4039.999268
v -2091.000244 553.999756 -4039.999268
v -2096.000244 565.999756 -4039.999268
v -2091.000244 565.999756 -4039.999268
v -2024.000122 553.999756 -4042.000000
v -2029.000122 553.999756 -4042.000000
v -2024.000122 565.999756 -4042.000000
v -2029.000122 565.999756 -4042.000000
v -2029.000122 553.999756 -4039.999268
v -2024.000122 553.999756 -4039.999268
v -2029.000122 565.999756 -4039.999268
v -2024.000122 565.999756 -4039.999268
v -2017.000122 553.999756 -4042.000000
v -2022.000122 553.999756 -4042.000000
v -2017.000122 565.999756 -4042.000000
v -2022.000122 565.999756 -4042.000000
v -2022.000122 553.999756 -4039.999268
v -2017.000122 553.999756 -4039.999268
v -2022.000122 565.999756 -4039.999268
v -2017.000122 565.999756 -4039.999268
v -1950.000122 553.999756 -4042.000000
v -1955.000122 553.999756 -4042.000000
v -1950.000122 565.999756 -4042.000000
v -1955.000122 565.999756 -4042.000000
v -1955.000122 553.999756 -4039.999268
v -1950.000122 553.999756 -4039.999268
v -1955.000122 565.999756 -4039.999268
v -1950.000122 565.999756 -4039.999268
v -1943.000122 553.999756 -4042.000000
v -1948.000122 553.999756 -4042.000000
v -1943.000122 565.999756 -4042.000000
v -1948.000122 565.999756 -4042.000000
v -1948.000122 553.999756 -4039.999268
v -1943.000122 553.999756 -4039.999268
v -1948.000122 565.999756 -4039.999268
v -1943.000122 565.999756 -4039.999268
v -1876.000122 553.999756 -4042.000000
v -1881.000122 553.999756 -4042.000000
v -1876.000122 565.999756 -4042.000000
v -1881.000122 565.999756 -4042.000000
v -1881.000122 553.999756 -4039.999268
v -1876.000122 553.999756 -4039.999268
v -1881.000122 565.999756 -4039.999268
v -1876.000122 565.999756 -4039.999268
v -1869.000122 553.999756 -4042.000000
v -1874.000122 553.999756 -4042.000000
v -1869.000122 565.999756 -4042.000000
v -1874.000122 565.999756 -4042.000000
v -1874.000122 553.999756 -4039.999268
v -1869.000122 553.999756 -4039.999268
v -1874.000122 565.999756 -4039.999268
v -1869.000122 565.999756 -4039.999268
v -1803.000000 553.999756 -4042.000000
v -1808.000000 553.999756 -4042.000000
v -1803.000000 565.999756 -4042.000000
v -1808.000000 565.999756 -4042.000000
v -1808.000000 553.999756 -4039.999268
v -1803.000000 553.999756 -4039.999268
v -1808.000000 565.999756 -4039.999268
v -1803.000000 565.999756 -4039.999268
v -2091.000244 553.999756 -3960.000000
v -2096.000244 553.999756 -3960.000000
v -2091.000244 565.999756 -3960.000000
v -2096.000244 565.999756 -3960.000000
v -2096.000244 553.999756 -3957.999268
v -2091.000244 553.999756 -3957.999268
v -2096.000244 565.999756 -3957.999268
v -2091.000244 565.999756 -3957.999268
v -2024.000122 553.999756 -3960.000000
v -2029.000122 553.999756 -3960.000000
v -2024.000122 565.999756 -3960.000000
v -2029.000122 565.999756 -3960.000000
v -2029.000122 553.999756 -3957.999268
v -2024.000122 553.999756 -3957.999268
v -2029.000122 565.999756 -3957.999268
v -2024.000122 565.999756 -3957.999268
v -2017.000122 553.999756 -3960.000000
v -2022.000122 553.999756 -3960.000000
v -2017.000122 565.999756 -3960.000000
v -2022.000122 565.999756 -3960.000000
v -2022.000122 553.999756 -3957.999268
v -2017.000122 553.999756 -3957.999268
v -2022.000122 565.999756 -3957.999268
v -2017.000122 565.999756 -3957.999268
v -1950.000122 553.999756 -3960.000000
v -1955.000122 553.999756 -3960.000000
v -1950.000122 565.999756 -3960.000000
v -1955.000122 565.999756 -3960.000000
v -1955.000122 553.999756 -3957.999268
v -1950.000122 553.999756 -3957.999268
v -1955.000122 565.999756 -3957.999268
v -1950.000122 565.999756 -3957.999268
v -1943.000122 553.999756 -3960.000000
v -1948.000122 553.999756 -3960.000000
v -1943.000122 565.999756 -3960.000000
v -1948.000122 565.999756 -3960.000000
v -1948.000122 553.999756 -3957.999268
v -1943.000122 553.999756 -3957.999268
v -1948.000122 565.999756 -3957.999268
v -1943.000122 565.999756 -3957.999268
v -1876.000122 553.999756 -3960.000000
v -1881.000122 553.999756 -3960.000000
v -1876.000122 565.999756 -3960.000000
v -1881.000122 565.999756 -3960.000000
v -1881.000122 553.999756 -3957.999268
v -1876.000122 553.999756 -3957.999268
v -1881.000122 565.999756 -3957.999268
v -1876.000122 565.999756 -3957.999268
v -1869.000122 553.999756 -3960.000000
v -1874.000122 553.999756 -3960.000000
v -1869.000122 565.999756 -3960.000000
v -1874.000122 565.999756 -3960.000000
v -1874.000122 553.999756 -3957.999268
v -1869.000122 553.999756 -3957.999268
v -1874.000122 565.999756 -3957.999268
v -1869.000122 565.999756 -3957.999268
v -1803.000000 553.999756 -3960.000000
v -1808.000000 553.999756 -3960.000000
v -1803.000000 565.999756 -3960.000000
v -1808.000000 565.999756 -3960.000000
v -1808.000000 553.999756 -3957.999268
v -1803.000000 553.999756 -3957.999268
v -1808.000000 565.999756 -3957.999268
v -1803.000000 565.999756 -3957.999268
v -2100.500000 554.918701 -4001.000000
v -2100.500000 554.918701 -4010.000000
v -2100.500000 554.918945 -3990.000000
v -2100.500000 554.918945 -3999.000000
v -2974.000000 800.000000 -4310.000000
v -2974.000000 800.000000 -4365.000000
v -2974.000000 790.000122 -4310.000000
v -2974.000000 790.000122 -4365.000000
v -2973.999756 790.000183 -4310.000000
v -2973.999756 790.000183 -4300.000000
v -2973.999756 800.000000 -4310.000000
v -2973.999756 800.000000 -4300.000000
v -2724.000000 800.000000 -4310.000000
v -2724.000000 800.000000 -4300.000000
v -2724.000000 790.000183 -4310.000000
v -2724.000000 790.000183 -4300.000000
v -2911.499756 790.000183 -4300.000000
v -2911.499756 800.000000 -4300.000000
v -2786.500000 800.000000 -4300.000000
v -2786.500000 790.000183 -4300.000000
v -2724.000000 790.000122 -4365.000000
v -2724.000000 800.000000 -4365.000000
v -2974.000000 790.000183 -4395.000000
v -2974.000000 790.000122 -4375.000000
v -2974.000000 800.000000 -4395.000000
v -2974.000000 800.000000 -4375.000000
v -2911.500000 790.000122 -4395.000000
v -2911.500000 800.000000 -4395.000000
v -2849.000000 790.000122 -4395.000000
v -2849.000000 800.000000 -4395.000000
v -2786.500000 790.000122 -4395.000000
v -2786.500000 800.000000 -4395.000000
v -2724.000000 790.000183 -4395.000000
v -2724.000000 800.000000 -4395.000000
v -2724.000000 800.000000 -4375.000000
v -2724.000000 790.000122 -4375.000000
v -1850.118164 132.557999 -4350.453125
v -1830.123535 132.094269 -4350.453125
v -1848.381592 207.437866 -4276.866699
v -1838.384277 207.206009 -4276.866699
v -1849.994629 137.882660 -4355.874512
v -1848.258057 212.762329 -4282.287598
v -1830.000122 137.418945 -4355.874512
v -1838.260742 212.530457 -4282.287598
v -1850.862427 100.466919 -4381.990723
v -1790.878540 99.075752 -4381.990723
v -1850.739014 105.791351 -4387.411621
v -1790.755127 104.400177 -4387.411621
v -1752.183594 47.054001 -4432.705566
v -1752.183594 59.638241 -4450.026367
v -1869.840332 49.299049 -4431.976074
v -1869.840332 61.025780 -4448.116699
v -1752.183594 79.999977 -4456.642090
v -1869.840332 79.999977 -4454.281738
v -1752.183472 100.361641 -4450.026367
v -1869.840332 98.974213 -4448.116699
v -1752.183594 112.945900 -4432.705566
v -1869.840332 110.700996 -4431.976074
v -1752.183472 112.945877 -4411.295898
v -1869.840332 110.700996 -4412.025391
v -1784.265991 34.714802 -4436.714844
v -1784.265991 52.012211 -4460.522461
v -1759.201538 38.240299 -4435.569336
v -1759.201538 54.190979 -4457.523926
v -1784.265991 79.999977 -4469.616699
v -1759.201660 79.999977 -4465.909668
v -1784.265991 107.987740 -4460.522461
v -1759.201538 105.808861 -4457.523926
v -1784.265991 125.285202 -4436.714844
v -1759.201538 121.759682 -4435.569336
v -1784.265991 125.285202 -4407.286621
v -1759.201538 121.759697 -4408.432129
v -1751.431641 42.206459 -4434.280762
v -1751.431641 56.642319 -4454.149902
v -1751.431641 79.999962 -4461.739258
v -1751.431641 103.357628 -4454.149902
v -1751.431641 117.793457 -4434.280762
v -1751.431641 117.793442 -4409.720703
v -1752.183472 47.054001 -4411.295898
v -1869.840332 49.298901 -4412.025391
v -1752.183594 59.638241 -4393.975098
v -1869.840332 61.025661 -4395.884766
v -1752.183472 79.999962 -4387.359375
v -1869.840332 80.000000 -4389.719727
v -1752.183472 100.361549 -4393.975586
v -1869.840332 98.974274 -4395.884766
v -1784.265991 34.714779 -4407.286621
v -1759.201538 38.240318 -4408.432129
v -1784.265991 52.012058 -4383.479004
v -1759.201538 54.191021 -4386.478027
v -1784.265991 80.000000 -4374.385254
v -1759.201538 80.000000 -4378.091797
v -1784.265991 107.987770 -4383.479004
v -1759.201538 105.808899 -4386.477539
v -1751.431641 42.206459 -4409.720703
v -1751.431641 56.642342 -4389.851563
v -1751.431641 80.000000 -4382.262207
v -1751.431641 103.357674 -4389.851563
v -1861.966064 53.510120 -4458.460938
v -1861.966064 37.138561 -4435.927246
v -1894.273682 58.684898 -4451.338379
v -1894.273682 45.511459 -4433.206543
v -1861.966064 79.999962 -4467.067871
v -1894.273682 80.000053 -4458.264160
v -1861.966064 106.489807 -4458.460938
v -1894.273682 101.315224 -4451.338379
v -1861.966064 122.861427 -4435.927246
v -1894.273682 114.488663 -4433.206543
v -1861.966064 122.861366 -4408.074219
v -1894.273682 114.488663 -4410.794922
v -1861.966064 37.138561 -4408.074219
v -1894.273682 45.511459 -4410.794922
v -1861.966064 53.510120 -4385.540527
v -1894.273682 58.684879 -4392.663086
v -1861.966064 80.000000 -4376.933594
v -1894.273682 80.000000 -4385.737305
v -1861.966064 106.489807 -4385.540527
v -1894.273682 101.315102 -4392.663086
v -1850.118164 302.558014 -4118.452148
v -1830.123535 302.094299 -4118.452148
v -1848.381592 377.437897 -4044.865479
v -1838.384277 377.206024 -4044.865479
v -1849.994629 307.882690 -4123.873535
v -1848.258057 382.762360 -4050.286621
v -1830.000122 307.418976 -4123.873535
v -1838.260742 382.530487 -4050.286621
v -1850.862427 270.466949 -4149.989746
v -1790.878540 269.075775 -4149.989746
v -1850.739014 275.791382 -4155.410645
v -1790.755127 274.400208 -4155.410645
v -1752.183594 217.054001 -4200.705078
v -1752.183594 229.638245 -4218.025879
v -1869.840332 219.299057 -4199.975586
v -1869.840332 231.025787 -4216.116211
v -1752.183594 250.000000 -4224.641602
v -1869.840332 250.000000 -4222.281250
v -1752.183472 270.361664 -4218.025879
v -1869.840332 268.974213 -4216.116211
v -1752.183594 282.945892 -4200.705078
v -1869.840332 280.701019 -4199.975586
v -1752.183472 282.945892 -4179.295410
v -1869.840332 280.701019 -4180.024902
v -1784.265991 204.714798 -4204.714355
v -1784.265991 222.012222 -4228.521973
v -1759.201538 208.240311 -4203.568848
v -1759.201538 224.190979 -4225.523438
v -1784.265991 250.000000 -4237.616211
v -1759.201660 250.000000 -4233.909180
v -1784.265991 277.987762 -4228.521973
v -1759.201538 275.808868 -4225.523438
v -1784.265991 295.285217 -4204.714355
v -1759.201538 291.759674 -4203.568848
v -1784.265991 295.285217 -4175.286133
v -1759.201538 291.759705 -4176.431641
v -1751.431641 212.206467 -4202.280273
v -1751.431641 226.642334 -4222.149414
v -1751.431641 249.999969 -4229.738770
v -1751.431641 273.357635 -4222.149414
v -1751.431641 287.793488 -4202.280273
v -1751.431641 287.793457 -4177.720215
v -1752.183472 217.054001 -4179.295410
v -1869.840332 219.298904 -4180.024902
v -1752.183594 229.638245 -4161.974609
v -1869.840332 231.025665 -4163.884277
v -1752.183472 249.999969 -4155.358887
v -1869.840332 250.000000 -4157.719238
v -1752.183472 270.361542 -4161.975098
v -1869.840332 268.974274 -4163.884277
v -1784.265991 204.714783 -4175.286133
v -1759.201538 208.240326 -4176.431641
v -1784.265991 222.012070 -4151.478516
v -1759.201538 224.191040 -4154.477539
v -1784.265991 250.000000 -4142.384766
v -1759.201538 250.000000 -4146.091309
v -1784.265991 277.987762 -4151.478516
v -1759.201538 275.808899 -4154.477051
v -1751.431641 212.206467 -4177.720215
v -1751.431641 226.642349 -4157.851074
v -1751.431641 250.000000 -4150.261719
v -1751.431641 273.357666 -4157.851074
v -1861.966064 223.510132 -4226.460449
v -1861.966064 207.138565 -4203.926758
v -1894.273682 228.684906 -4219.337891
v -1894.273682 215.511459 -4201.206055
v -1861.966064 249.999969 -4235.067383
v -1894.273682 250.000061 -4226.263672
v -1861.966064 276.489807 -4226.460449
v -1894.273682 271.315216 -4219.337891
v -1861.966064 292.861420 -4203.926758
v -1894.273682 284.488678 -4201.206055
v -1861.966064 292.861359 -4176.073730
v -1894.273682 284.488678 -4178.794434
v -1861.966064 207.138565 -4176.073730
v -1894.273682 215.511459 -4178.794434
v -1861.966064 223.510132 -4153.540039
v -1894.273682 228.684891 -4160.662598
v -1861.966064 250.000000 -4144.933105
v -1894.273682 250.000000 -4153.736816
v -1861.966064 276.489838 -4153.540039
v -1894.273682 271.315094 -4160.662598
v -2119.000000 555.000000 -4006.000000
v -2119.000000 559.242676 -4004.242676
v -2080.000000 555.000000 -4006.000000
v -2080.000000 559.242676 -4004.242676
v -2119.000000 559.242676 -3995.757324
v -2119.000000 555.000000 -3994.000000
v -2080.000000 559.242676 -3995.757324
v -2080.000000 555.000000 -3994.000000
v -2119.000000 561.000000 -4000.000000
v -2080.000000 561.000000 -4000.000000
v -2119.000000 549.000000 -4000.000000
v -2119.000000 550.757324 -4004.242676
v -2080.000000 549.000000 -4000.000000
v -2080.000000 550.757324 -4004.242676
v -2119.000000 550.757324 -3995.757324
v -2080.000000 550.757324 -3995.757324
v -2080.000000 555.000000 -4000.000000
v -2739.863525 552.000000 -4018.990723
v -2739.863525 552.000000 -4063.990723
v -2739.863525 492.000000 -4018.990723
v -2739.863525 532.000000 -4063.990723
v -2739.863525 552.000000 -4168.990723
v -2739.863525 542.000000 -4168.990723
v -2730.000000 552.000000 -4018.990967
v -2730.000000 492.000000 -4018.990967
v -2730.000000 552.000000 -4063.990723
v -2730.000000 532.000000 -4063.990723
v -2730.000000 552.000000 -4168.990723
v -2730.000000 542.000000 -4168.990723
v -2734.863525 547.734070 -4026.606201
v -2762.851318 547.734070 -4017.512451
v -2734.863525 572.798462 -4022.899414
v -2760.672607 572.798462 -4014.513428
v -2734.863525 580.568298 -4018.729004
v -2758.221191 580.568359 -4011.139648
v -2734.863525 579.816467 -4013.632080
v -2755.225342 579.816467 -4007.016113
v -2734.863525 462.159637 -4011.271484
v -2753.837891 462.159637 -4005.106445
v -2714.501709 579.816467 -4007.016113
v -2715.889404 462.159637 -4005.106445
v -2711.505859 580.568359 -4011.139648
v -2709.054688 572.798462 -4014.513428
v -2706.875732 547.734070 -4017.512451
v -2701.917725 579.816467 -3989.695313
v -2704.162598 462.159637 -3988.966064
v -2714.501953 579.816467 -3950.965088
v -2701.917725 579.816467 -3968.285889
v -2715.889404 462.159637 -3952.874756
v -2704.162598 462.159637 -3969.015381
v -2697.070068 580.568298 -3991.270508
v -2711.505859 580.568359 -3946.841553
v -2697.070068 580.568359 -3966.710693
v -2693.104004 572.798401 -3992.559082
v -2709.054688 572.798462 -3943.467773
v -2693.103760 572.798462 -3965.421875
v -2689.578369 547.734070 -3993.704590
v -2706.875732 547.734070 -3940.468750
v -2689.578369 547.734070 -3964.276611
v -2780.148682 547.734070 -3993.704590
v -2780.148926 547.734070 -3964.276611
v -2776.623291 572.798462 -3992.559082
v -2776.623291 572.798462 -3965.422119
v -2772.656982 580.568359 -3991.270508
v -2772.656982 580.568359 -3966.710693
v -2767.809082 579.816589 -3989.695313
v -2767.809326 579.816528 -3968.285889
v -2762.851318 547.734070 -3940.468506
v -2760.672607 572.798462 -3943.467529
v -2758.221191 580.568359 -3946.841553
v -2765.564697 462.159637 -3988.966064
v -2765.564453 462.159637 -3969.015381
v -2755.225342 579.816467 -3950.965088
v -2753.837646 462.159637 -3952.874756
v -2734.863525 547.734070 -3931.375000
v -2734.863525 572.798462 -3935.081787
v -2734.863525 580.568359 -3939.252197
v -2734.863525 579.816467 -3944.349121
v -2734.863525 462.159637 -3946.709717
v -2761.353271 470.033936 -4015.450684
v -2734.863525 470.033936 -4024.057861
v -2756.178711 437.726288 -4008.328369
v -2734.863525 437.726288 -4015.254150
v -2708.373779 470.033936 -4015.450684
v -2713.548584 437.726318 -4008.328369
v -2692.002197 470.033936 -3992.917236
v -2700.375000 437.726288 -3990.196777
v -2692.002197 470.033936 -3965.063965
v -2708.373779 470.033936 -3942.530518
v -2700.375000 437.726288 -3967.784668
v -2713.548584 437.726288 -3949.652832
v -2777.725098 470.033936 -3965.063965
v -2777.725098 470.033936 -3992.917236
v -2769.352295 437.726288 -3967.784668
v -2769.352295 437.726288 -3990.196533
v -2761.353271 470.033936 -3942.530518
v -2756.178711 437.726318 -3949.652832
v -2734.863525 470.033936 -3933.923340
v -2734.863525 437.726288 -3942.727295
v -2024.999878 370.000061 -4252.000977
v -1950.000000 370.000061 -4252.000977
v -1875.000122 370.000061 -4252.000977
v -2024.999878 540.000122 -4020.000000
v -1950.000000 540.000122 -4020.000000
v -1875.000122 540.000122 -4020.000000
v -3041.882568 709.999878 -4300.000000
v -3093.844482 709.999878 -4270.000000
v -3067.863525 709.999817 -4315.000000
v -3093.844482 709.999817 -4300.000000
v -3067.863525 709.999817 -4255.000000
v -3041.882568 709.999817 -4270.000000
v -2708.864014 551.000000 -4190.000000
v -2708.864014 551.000000 -4185.000000
v -2708.864014 570.000000 -4190.000000
v -2708.864014 570.000000 -4185.000000
v -2708.864014 609.999878 -4190.000000
v -2708.864014 609.999878 -4185.000000
v -2700.864014 551.000000 -4185.000000
v -2700.864014 570.000000 -4185.000000
v -2700.864014 609.999878 -4185.000000
v -2700.864014 570.000000 -4190.000000
v -2700.864014 551.000000 -4190.000000
v -2700.864014 609.999878 -4190.000000
v -2997.864014 551.000000 -4190.000000
v -2997.864014 551.000000 -4185.000000
v -2997.864014 570.000000 -4190.000000
v -2997.864014 570.000000 -4185.000000
v -2997.864014 609.999878 -4190.000000
v -2997.864014 609.999878 -4185.000000
v -2989.864014 551.000000 -4185.000000
v -2989.864014 570.000000 -4185.000000
v -2989.864014 609.999878 -4185.000000
v -2989.864014 570.000000 -4190.000000
v -2989.864014 551.000000 -4190.000000
v -2989.864014 609.999878 -4190.000000
v -2850.000000 580.000122 -4300.000000
v -2850.000000 580.000122 -4270.000000
v -2948.000000 580.000122 -4300.000000
v -2948.000000 580.000122 -4270.000000
v -2752.000000 580.000122 -4300.000000
v -2752.000000 580.000122 -4270.000000
v -2911.500000 790.000122 -4375.000000
v -2849.000000 790.000122 -4375.000000
v -2786.500000 790.000122 -4375.000000
v -1862.157227 114.127029 -4441.659668
v -1862.157227 79.575790 -4461.607910
v -1918.496826 96.851410 -4431.685547
v -1918.496826 79.575790 -4441.659668
v -1862.157104 79.575790 -4381.814941
v -1862.157104 114.127029 -4401.763184
v -1918.496826 79.575790 -4401.763184
v -1918.496826 96.851387 -4411.737305
v -1940.042358 79.575798 -4421.711426
v -1862.157227 45.024509 -4441.659668
v -1862.157104 45.024509 -4401.763184
v -1918.496826 62.300152 -4431.685547
v -1918.496826 62.300152 -4411.737305
v -1862.157227 284.127045 -4209.658691
v -1862.157227 249.575790 -4229.606934
v -1918.496826 266.851410 -4199.684570
v -1918.496826 249.575790 -4209.658691
v -1862.157104 249.575790 -4149.813965
v -1862.157104 284.127045 -4169.762207
v -1918.496826 249.575790 -4169.762207
v -1918.496826 266.851410 -4179.736328
v -1940.042358 249.575790 -4189.710449
v -1862.157227 215.024521 -4209.658691
v -1862.157104 215.024521 -4169.762207
v -1918.496826 232.300156 -4199.684570
v -1918.496826 232.300156 -4179.736328
v -2769.414795 469.842926 -3959.331543
v -2769.414795 469.842896 -3999.227783
v -2752.139160 413.503235 -3969.305664
v -2752.139160 413.503204 -3989.253906
v -2734.863525 469.842896 -4019.176025
v -2734.863525 413.503204 -3999.227783
v -2734.863525 469.842926 -3939.383301
v -2734.863525 413.503235 -3959.331543
v -2734.863525 391.957733 -3979.279541
v -2700.312256 469.842896 -3999.227783
v -2717.587891 413.503204 -3989.253906
v -2700.312256 469.842926 -3959.331543
v -2717.587891 413.503235 -3969.305664
v -2954.863525 710.000061 -4295.000000
v -2954.863525 710.000061 -4275.000000
v -2954.863525 769.999939 -4295.000000
v -2954.863525 769.999939 -4275.000000
v -2947.863525 710.000061 -4295.000000
v -2947.863525 769.999939 -4295.000000
v -2947.863525 710.000061 -4275.000000
v -2947.863525 769.999939 -4275.000000
v -2024.999878 190.000076 -4272.000977
v -2100.000000 190.000076 -4272.000977
v -2024.999878 290.000061 -4272.000977
v -2100.000000 290.000061 -4272.000977
v -2024.999878 190.000076 -4252.000977
v -2024.999878 290.000061 -4252.000977
v -2100.000000 190.000076 -4252.000977
v -2100.000000 290.000061 -4252.000977
v -1950.000000 290.000061 -4272.000977
v -1950.000000 190.000076 -4272.000977
v -1950.000000 190.000076 -4252.000977
v -1950.000000 290.000061 -4252.000977
v -1875.000122 290.000061 -4272.000977
v -1875.000122 190.000076 -4272.000977
v -1875.000122 190.000076 -4252.000977
v -1875.000122 290.000061 -4252.000977
v -1800.000122 190.000076 -4272.000977
v -1800.000122 290.000061 -4272.000977
v -1800.000122 190.000076 -4252.000977
v -1800.000122 290.000061 -4252.000977
v -2024.999878 360.000122 -4040.000000
v -2100.000000 360.000122 -4040.000000
v -2024.999878 460.000092 -4040.000000
v -2100.000000 460.000092 -4040.000000
v -2024.999878 360.000122 -4020.000000
v -2024.999878 460.000092 -4020.000000
v -2100.000000 360.000122 -4020.000000
v -2100.000000 460.000092 -4020.000000
v -1950.000000 460.000092 -4040.000000
v -1950.000000 360.000122 -4040.000000
v -1950.000000 360.000122 -4020.000000
v -1950.000000 460.000092 -4020.000000
v -1875.000122 460.000092 -4040.000000
v -1875.000122 360.000122 -4040.000000
v -1875.000122 360.000122 -4020.000000
v -1875.000122 460.000092 -4020.000000
v -1800.000122 360.000122 -4040.000000
v -1800.000122 460.000092 -4040.000000
v -1800.000122 360.000122 -4020.000000
v -1800.000122 460.000092 -4020.000000
v -3000.000000 506.000092 -4210.000000
v -3000.000000 506.000092 -4190.000000
v -2925.000000 506.000092 -4210.000000
v -2925.000000 580.000122 -4210.000000
v -2925.000000 506.000092 -4190.000000
v -2850.000000 580.000122 -4210.000000
v -2850.000000 506.000092 -4210.000000
v -2850.000000 506.000092 -4190.000000
v -2775.000000 506.000092 -4210.000000
v -2775.000000 580.000122 -4210.000000
v -2775.000000 506.000092 -4190.000000
v -2700.000000 506.000092 -4210.000000
v -2700.000000 506.000092 -4190.000000
v -2948.000000 600.000000 -4300.000000
v -2948.000000 600.000000 -4270.000000
v -2850.000000 600.000000 -4300.000000
v -2752.000000 600.000000 -4300.000000
v -2752.000000 600.000000 -4270.000000
v -1785.824951 45.024509 -4441.659668
v -1797.821899 79.575798 -4421.711426
v -1785.824707 45.024509 -4401.763184
v -1785.824951 79.575790 -4461.607910
v -1785.824829 114.127029 -4441.659668
v -1785.824707 79.575790 -4381.814941
v -1785.824707 114.127029 -4401.763184
v -1785.824951 215.024521 -4209.658691
v -1797.821899 249.575790 -4189.710449
v -1785.824707 215.024521 -4169.762207
v -1785.824951 249.575790 -4229.606934
v -1785.824829 284.127045 -4209.658691
v -1785.824707 249.575790 -4149.813965
v -1785.824707 284.127045 -4169.762207
v -2119.000000 555.000000 -4000.000000
v -2769.414795 546.175354 -3959.331543
v -2734.863525 534.178284 -3979.279541
v -2769.414795 546.175293 -3999.227783
v -2734.863525 546.175171 -4019.176025
v -2734.863525 546.175354 -3939.383301
v -2700.312256 546.175171 -3999.227783
v -2700.312256 546.175354 -3959.331543
v -2757.863525 560.000061 -4170.958496
v -2748.843262 584.021240 -4179.979492
v -2757.863525 560.000061 -4189.000000
v -2739.822754 560.000061 -4189.000000
v -2739.822754 560.000061 -4170.958496
v -1865.402832 419.760468 -4040.000000
v -1865.402832 419.760651 -4060.000000
v -1865.136963 369.761200 -4040.000244
v -1865.243286 389.761078 -4060.000244
v -1820.374146 419.999969 -4040.000000
v -1820.108154 370.000702 -4040.000244
v -1820.374146 420.000153 -4060.000000
v -1820.214478 390.000580 -4060.000244
v -1865.402832 249.760483 -4272.000977
v -1865.402832 249.760666 -4292.000977
v -1865.136963 199.761230 -4272.001465
v -1865.243286 219.761093 -4292.000977
v -1820.374146 249.999985 -4272.000977
v -1820.108154 200.000732 -4272.001465
v -1820.374146 250.000168 -4292.000977
v -1820.214478 220.000595 -4292.000977
v -2779.980713 799.999878 -4395.000000
v -2779.980713 805.999878 -4395.000000
v -2779.980713 799.999878 -4410.000000
v -2779.980713 805.999878 -4410.000000
v -2779.980713 805.999878 -4380.000000
v -2779.980713 799.999878 -4380.000000
v -2754.000000 799.999878 -4365.000000
v -2754.000000 805.999878 -4365.000000
v -2728.019287 799.999878 -4380.000000
v -2728.019287 805.999878 -4380.000000
v -2728.019287 799.999878 -4395.000000
v -2728.019287 799.999878 -4410.000000
v -2728.019287 805.999878 -4395.000000
v -2728.019287 805.999878 -4410.000000
v -2754.000000 799.999878 -4425.000000
v -2754.000000 805.999878 -4425.000000
v -2969.980713 799.999878 -4395.000000
v -2969.980713 805.999878 -4395.000000
v -2969.980713 799.999878 -4410.000000
v -2969.980713 805.999878 -4410.000000
v -2969.980713 805.999878 -4380.000000
v -2969.980713 799.999878 -4380.000000
v -2944.000000 799.999878 -4365.000000
v -2944.000000 805.999878 -4365.000000
v -2918.019287 799.999878 -4380.000000
v -2918.019287 805.999878 -4380.000000
v -2918.019287 799.999878 -4395.000000
v -2918.019287 799.999878 -4410.000000
v -2918.019287 805.999878 -4395.000000
v -2918.019287 805.999878 -4410.000000
v -2944.000000 799.999878 -4425.000000
v -2944.000000 805.999878 -4425.000000
v -2750.894043 577.000061 -4183.099121
v -2750.894043 577.000061 -4176.859375
v -2749.092529 924.722412 -4179.979492
v -2745.489990 577.000061 -4179.979492
v -2964.000000 790.000122 -4310.000000
v -2964.000000 790.000122 -4365.000000
v -2964.000000 800.000000 -4310.000000
v -2964.000000 800.000000 -4365.000000
v -2911.499756 790.000122 -4310.000000
v -2911.499756 800.000000 -4310.000000
v -2848.999756 790.000122 -4310.000000
v -2848.999756 800.000000 -4310.000000
v -2786.500000 790.000122 -4310.000000
v -2786.500000 800.000000 -4310.000000
v -2734.000000 800.000000 -4310.000000
v -2734.000000 800.000000 -4365.000000
v -2734.000000 790.000122 -4310.000000
v -2734.000000 790.000122 -4365.000000
v -2911.500000 790.000122 -4365.000000
v -2911.500000 800.000000 -4365.000000
v -2849.000000 800.000000 -4365.000000
v -2849.000000 790.000122 -4365.000000
v -2786.500000 800.000000 -4365.000000
v -2786.500000 790.000122 -4365.000000
v -2848.999756 790.000122 -4300.000000
v -2881.118652 642.029419 -4267.053711
v -2825.502197 642.029419 -4267.053711
v -2881.118652 666.345581 -4267.053711
v -2825.502197 666.345581 -4267.053711
v -2650.589355 590.482788 -4229.062012
v -2650.589355 590.482788 -4234.939453
v -2627.734863 554.398926 -4229.062012
v -2627.734863 554.398926 -4234.939453
v -2646.254150 594.011902 -4227.245605
v -2622.728760 556.886414 -4227.245605
v -2646.254150 594.011902 -4236.755859
v -2622.728760 556.886414 -4236.755859
v -2643.574707 596.192993 -4232.000977
v -2619.634766 558.423828 -4232.000488
v -2611.663086 514.444397 -4234.939453
v -2611.663086 514.444397 -4229.062012
v -2606.346680 516.172424 -4227.245605
v -2606.346680 516.172424 -4236.755859
v -2603.061035 517.240417 -4232.000977
v -2600.410156 472.643585 -4234.939453
v -2600.410156 472.643585 -4229.062012
v -2594.953125 473.855408 -4236.755859
v -2594.953125 473.855408 -4227.245605
v -2591.580322 474.604401 -4232.000488
v -2592.414307 429.942993 -4229.062012
v -2592.414307 429.942993 -4234.939453
v -2586.892090 430.811890 -4236.755859
v -2586.892090 430.811890 -4227.245605
v -2586.520752 386.804504 -4234.939453
v -2586.520752 386.804504 -4229.062012
v -2583.479004 431.348785 -4232.000977
v -2580.970947 387.473907 -4236.755859
v -2580.970947 387.473907 -4227.245605
v -2581.644775 343.417694 -4229.062012
v -2581.644775 343.417694 -4234.939453
v -2577.540771 387.887695 -4232.000488
v -2576.086426 344.013794 -4236.755859
v -2576.086426 344.013794 -4227.245605
v -2576.627930 299.936005 -4234.939453
v -2576.627930 299.936005 -4229.062012
v -2572.651367 344.382202 -4232.000488
v -2571.087158 300.676697 -4236.755859
v -2571.087158 300.676697 -4227.245605
v -2569.145996 256.494598 -4234.939453
v -2569.145996 256.494598 -4229.062012
v -2567.662598 301.134399 -4232.000488
v -2563.688232 257.704010 -4236.755859
v -2563.688232 257.704010 -4227.245605
v -2560.315186 258.451385 -4232.000977
v -2556.215576 214.161301 -4229.062012
v -2556.215576 214.161301 -4234.939453
v -2551.054443 216.308807 -4236.755859
v -2551.054443 216.308807 -4227.245605
v -2547.864746 217.636093 -4232.000488
v -2532.239990 176.026306 -4234.939453
v -2532.239990 176.026306 -4229.062012
v -2528.274170 179.966095 -4236.755859
v -2528.274170 179.966095 -4227.245605
v -2525.823242 182.401001 -4232.000488
v -2493.185059 153.155899 -4229.062012
v -2493.185059 153.155899 -4234.939453
v -2491.615234 158.521194 -4236.755859
v -2491.615234 158.521194 -4227.245605
v -2490.645264 161.837097 -4232.000488
v -2448.050293 151.083801 -4234.939453
v -2448.050293 151.083801 -4229.062012
v -2449.138916 156.566895 -4236.755859
v -2449.138916 156.566895 -4227.245605
v -2449.811768 159.955704 -4232.000977
v -2410.695313 174.724197 -4236.755859
v -2412.899658 177.384598 -4232.000977
v -2410.695313 174.724197 -4227.245605
v -2407.128906 170.419495 -4234.939453
v -2407.128906 170.419495 -4229.062012
v -2383.627930 208.158798 -4236.755859
v -2386.578613 209.956207 -4232.000977
v -2383.627930 208.158798 -4227.245605
v -2378.854004 205.250504 -4234.939453
v -2378.854004 205.250504 -4229.062012
v -2362.768066 246.358002 -4236.755859
v -2365.832520 247.953506 -4232.000977
v -2362.768066 246.358002 -4227.245605
v -2357.809814 243.776398 -4234.939453
v -2357.809814 243.776398 -4229.062012
v -2345.149414 286.620697 -4232.000488
v -2342.126465 284.947815 -4236.755859
v -2342.126465 284.947815 -4227.245605
v -2337.235352 282.240997 -4234.939453
v -2337.235352 282.240997 -4229.062012
v -2321.705078 324.247009 -4232.000488
v -2318.939453 322.176392 -4236.755859
v -2318.939453 322.176392 -4227.245605
v -2314.464600 318.826111 -4234.939453
v -2314.464600 318.826111 -4229.062012
v -2290.152100 356.289215 -4232.000488
v -2288.084717 353.521088 -4236.755859
v -2288.084717 353.521088 -4227.245605
v -2284.739502 349.042297 -4234.939453
v -2284.739502 349.042297 -4229.062012
v -2250.654053 377.712585 -4232.000977
v -2249.384277 374.499390 -4236.755859
v -2249.384277 374.499390 -4227.245605
v -2247.330078 369.300415 -4234.939453
v -2247.330078 369.300415 -4229.062012
v -2206.581543 387.755890 -4232.000488
v -2206.506592 384.301788 -4236.755859
v -2206.506592 384.301788 -4227.245605
v -2206.385010 378.712891 -4234.939453
v -2206.385010 378.712891 -4229.062012
v -2711.751953 664.201111 -4203.833984
v -2711.892578 664.201111 -4197.958008
v -2736.916260 665.954773 -4203.938965
v -2736.916260 665.954773 -4198.061035
v -2736.916260 671.545105 -4196.244629
v -2711.119629 669.731323 -4196.122559
v -2710.892090 669.731323 -4205.630371
v -2736.916260 671.545105 -4205.755371
v -2736.916260 674.999878 -4201.000000
v -2710.501465 673.149109 -4200.864258
v -2687.564941 658.216370 -4202.166016
v -2688.341553 658.216370 -4196.339844
v -2686.711182 663.478394 -4194.290039
v -2685.454346 663.478394 -4203.717285
v -2684.926758 666.730591 -4198.849609
v -2665.194824 648.589417 -4198.216797
v -2666.478516 648.589417 -4192.480469
v -2664.542480 653.642578 -4190.186035
v -2662.465332 653.642578 -4199.466797
v -2662.062012 656.765625 -4194.503906
v -2643.346436 637.483704 -4192.734863
v -2644.993408 637.483704 -4187.092285
v -2642.996582 642.426880 -4184.617188
v -2640.331299 642.426880 -4193.746582
v -2640.115234 645.481873 -4188.729980
v -2622.306152 624.951782 -4185.884766
v -2624.383057 624.951782 -4180.385742
v -2622.271973 629.704712 -4177.646973
v -2618.911377 629.704712 -4186.543945
v -2618.890381 632.642212 -4181.452637
v -2602.853516 615.449219 -4169.348145
v -2604.992432 610.881775 -4172.366699
v -2602.482910 610.881775 -4177.682129
v -2599.021973 618.272095 -4172.797852
v -2598.792969 615.449219 -4177.948242
v -2584.992676 600.125427 -4159.967285
v -2587.095703 595.731201 -4163.255859
v -2584.186035 595.731201 -4168.363281
v -2580.782959 602.841309 -4163.041992
v -2580.284424 600.125427 -4168.230957
v -2568.446045 583.784912 -4149.711914
v -2570.495117 579.559998 -4153.247559
v -2567.249512 579.559998 -4158.147949
v -2563.933838 586.395996 -4152.427246
v -2563.194336 583.784912 -4157.641113
v -2553.317139 566.444702 -4138.791992
v -2555.263672 562.414001 -4142.601563
v -2551.660400 562.414001 -4147.245605
v -2548.510498 568.935791 -4141.081543
v -2547.486572 566.444702 -4146.306152
v -2539.687988 548.300903 -4127.345215
v -2541.497070 544.412720 -4131.364746
v -2537.607178 544.412720 -4135.771484
v -2534.679932 550.703918 -4129.267090
v -2533.394043 548.300903 -4134.475098
v -2526.713623 529.803406 -4115.481934
v -2528.423584 525.955017 -4119.582520
v -2524.397217 525.955017 -4123.864746
v -2521.630615 532.181885 -4117.229980
v -2520.198975 529.803406 -4122.410645
v -2514.721924 510.932312 -4103.355957
v -2516.211670 507.221710 -4107.664063
v -2511.881836 507.221710 -4111.639160
v -2509.471436 513.225525 -4104.667969
v -2507.716064 510.932312 -4109.787598
v -2505.054443 488.018311 -4094.903320
v -2503.805664 491.836700 -4090.612793
v -2500.565918 488.018311 -4098.698242
v -2498.545166 494.196594 -4091.755859
v -2496.542725 491.836700 -4096.752930
v -2492.127686 470.166412 -4080.248779
v -2491.026855 474.603210 -4076.553955
v -2487.949707 470.166412 -4084.383057
v -2486.168457 477.345306 -4078.404785
v -2484.266602 474.603210 -4083.243408
v -2474.564697 456.949005 -4064.710449
v -2473.993408 462.166687 -4062.064941
v -2471.137695 456.949005 -4069.485840
v -2470.213379 465.391296 -4065.205322
v -2468.448242 462.166687 -4069.791748
v -2451.954834 451.220703 -4050.946533
v -2452.334717 456.786987 -4049.096924
v -2449.244141 451.220703 -4056.162109
v -2449.858643 460.227203 -4053.169434
v -2447.948486 456.786987 -4057.535889
v -2427.950684 450.856995 -4039.646240
v -2428.935791 456.439606 -4038.092773
v -2427.223145 459.889801 -4042.532471
v -2425.629395 450.856995 -4045.046387
v -2425.179688 456.439606 -4046.830078
v -2404.009521 453.459991 -4030.116211
v -2405.385498 458.993805 -4028.690430
v -2404.183594 462.414001 -4033.317383
v -2401.957275 453.459991 -4035.624023
v -2402.064697 458.993805 -4037.602539
v -2381.460693 463.368103 -4020.246826
v -2380.602295 466.754700 -4024.973633
v -2379.836426 457.888306 -4021.619385
v -2378.447754 463.368103 -4029.267578
v -2377.974365 457.888306 -4027.194580
v -2357.564697 469.011993 -4012.642334
v -2356.991943 472.363708 -4017.436768
v -2355.741699 463.588715 -4013.989258
v -2354.815186 469.011993 -4021.746826
v -2354.042480 463.588715 -4019.616211
v -2333.801758 475.714294 -4005.832031
v -2333.504883 479.028198 -4010.677490
v -2331.801758 470.352386 -4007.173340
v -2331.321533 475.714294 -4015.013428
v -2330.268799 470.352386 -4012.847656
v -2309.958252 483.725189 -3999.983398
v -2310.195557 486.954498 -4004.889160
v -2307.644043 478.500092 -4001.358887
v -2308.027832 483.725189 -4009.296143
v -2306.450928 478.500092 -4007.114258
v -2286.637207 494.259705 -3996.408936
v -2287.826904 497.310089 -4001.290283
v -2285.784912 494.259705 -4005.881104
v -2283.860107 489.324188 -3997.982666
v -2283.333252 489.324188 -4003.836914
v -2263.995117 506.752686 -3995.279297
v -2265.607178 509.766998 -4000.061035
v -2263.842773 506.752686 -4004.788818
v -2261.234619 501.875397 -3997.051758
v -2261.140625 501.875397 -4002.928711
v -2242.782227 521.875671 -3999.957764
v -2241.215088 518.783630 -3995.210938
v -2241.267090 518.783630 -4004.721436
v -2238.731201 513.780518 -3997.040771
v -2238.763428 513.780518 -4002.918701
v -2219.278564 532.732788 -4000.039551
v -2217.917480 529.554626 -4004.792969
v -2217.930176 529.554626 -3995.282471
v -2215.727539 524.412170 -4002.973633
v -2215.735352 524.412170 -3997.095703
v -2195.225830 542.256714 -3999.983154
v -2194.037109 539.015015 -3995.226318
v -2194.024414 539.015015 -4004.736816
v -2192.101318 533.769775 -3997.040039
v -2192.093506 533.769775 -4002.917969
v -2170.676514 550.527405 -3999.994141
v -2169.694824 547.217102 -4004.750977
v -2169.680176 547.217102 -3995.240479
v -2168.091797 541.860901 -4002.937012
v -2168.082520 541.860901 -3997.059326
v -2145.335205 556.802795 -4000.012939
v -2144.684326 553.409424 -4004.768066
v -2144.688232 553.409424 -3995.257568
v -2143.635010 547.918701 -4002.951172
v -2143.637451 547.918701 -3997.073486
v -2119.237793 559.994324 -4000.000000
v -2119.073486 556.543274 -3995.244629
v -2119.073486 556.543274 -4004.755371
v -2118.807617 550.959412 -3997.061035
v -2118.807617 550.959412 -4002.938965
v -2530.767578 533.067322 -4228.299316
v -2551.528076 550.332520 -4228.061035
v -2530.955566 533.067322 -4234.174316
v -2551.528076 550.332520 -4233.938965
v -2548.026123 554.689819 -4235.755371
v -2527.346924 537.285217 -4236.106934
v -2527.042725 537.285217 -4226.601074
v -2548.026123 554.689819 -4226.244629
v -2545.861572 557.382629 -4231.000000
v -2524.928467 539.892029 -4231.426758
v -2510.740723 514.936523 -4229.204590
v -2511.152832 514.936523 -4235.067871
v -2507.433594 518.983704 -4237.150391
v -2506.766602 518.983704 -4227.663086
v -2504.722656 521.484924 -4232.573730
v -2491.667236 495.881592 -4230.838379
v -2492.351318 495.881592 -4236.676270
v -2488.529297 499.723389 -4238.953125
v -2487.422607 499.723389 -4229.506836
v -2485.483398 502.097809 -4234.521973
v -2473.759521 475.842590 -4233.261230
v -2474.777100 475.842590 -4239.050781
v -2470.880371 479.443787 -4241.579590
v -2469.233887 479.443787 -4232.212402
v -2467.454590 481.669403 -4237.353516
v -2457.155518 454.801300 -4236.507813
v -2458.534180 454.801300 -4242.221680
v -2454.616943 458.161102 -4245.035156
v -2452.386475 458.161102 -4235.789551
v -2450.817383 460.237701 -4241.060059
v -2441.845215 432.882690 -4240.501465
v -2443.592285 432.882690 -4246.113770
v -2439.712402 436.016998 -4249.223633
v -2436.885742 436.016998 -4240.143066
v -2435.567627 437.954102 -4245.533691
v -2427.800049 410.238007 -4245.146484
v -2429.919922 410.238007 -4250.628906
v -2426.132080 413.163605 -4254.041016
v -2422.701904 413.163605 -4245.170410
v -2421.671143 414.971710 -4250.667480
v -2414.989990 387.014893 -4250.348633
v -2417.475098 387.014893 -4255.675293
v -2413.826416 389.753510 -4259.381348
v -2409.805664 389.753510 -4250.762695
v -2409.086670 391.446106 -4256.345703
v -2403.276367 363.327789 -4256.009277
v -2406.051025 363.327789 -4261.191406
v -2402.545898 365.928497 -4265.128418
v -2398.056641 365.928497 -4256.743652
v -2397.605225 367.535889 -4262.379395
v -2392.361572 339.292603 -4261.983398
v -2395.317139 339.292603 -4267.063965
v -2391.914307 341.806213 -4271.145020
v -2387.132080 341.806213 -4262.924316
v -2386.855957 343.359711 -4268.586426
v -2381.926025 315.028290 -4268.115234
v -2384.939209 315.028290 -4273.162109
v -2381.565918 317.501892 -4277.291504
v -2376.690674 317.501892 -4269.125488
v -2376.468018 319.030701 -4274.796875
v -2374.582275 290.655609 -4279.334961
v -2371.636475 290.655609 -4274.248535
v -2371.156006 293.132813 -4283.417969
v -2366.389648 293.132813 -4275.187988
v -2366.092773 294.663788 -4280.855469
v -2363.949951 266.309113 -4285.414551
v -2361.183838 266.309113 -4280.228516
v -2360.402100 268.829315 -4289.365723
v -2355.926270 268.829315 -4280.974121
v -2355.443115 270.386902 -4286.621094
v -2352.759277 242.124802 -4291.235840
v -2350.276855 242.124802 -4285.907715
v -2349.043701 244.731201 -4294.970703
v -2345.027100 244.731201 -4286.350098
v -2344.264893 246.342102 -4291.951172
v -2340.724609 218.237701 -4296.622559
v -2338.614502 218.237701 -4291.136719
v -2336.829590 220.978699 -4300.066895
v -2333.415283 220.978699 -4291.190430
v -2332.312012 222.672699 -4296.709961
v -2327.606934 194.786606 -4301.387695
v -2325.894775 194.786606 -4295.765137
v -2323.574951 197.705002 -4304.514160
v -2320.804443 197.705002 -4295.416016
v -2319.370850 199.508698 -4300.823730
v -2313.285645 171.898697 -4305.458984
v -2311.942871 171.898697 -4299.736328
v -2309.189453 175.026199 -4308.285645
v -2307.017090 175.026199 -4299.026367
v -2305.315430 176.959000 -4304.310059
v -2297.654785 149.692703 -4308.830078
v -2296.646729 149.692703 -4303.039551
v -2293.567139 153.055695 -4311.385742
v -2291.936035 153.055695 -4302.016113
v -2290.032715 155.134094 -4307.173828
v -2280.608398 128.288696 -4311.498535
v -2279.895508 128.288696 -4305.664063
v -2276.599609 131.907898 -4313.817871
v -2275.446289 131.907898 -4304.377441
v -2273.409180 134.144699 -4309.416992
v -2262.062012 107.906700 -4313.491211
v -2261.576660 107.906700 -4307.633301
v -2258.229004 111.815002 -4315.631348
v -2257.443604 111.815002 -4306.153320
v -2255.374512 114.230499 -4311.096191
v -2241.968994 88.995102 -4314.936523
v -2241.642578 88.995102 -4309.067383
v -2238.420654 93.225197 -4316.952637
v -2237.892822 93.225197 -4307.457031
v -2235.901611 95.839500 -4312.330078
v -2220.281982 72.036598 -4315.977051
v -2220.058838 72.036598 -4310.103516
v -2217.135742 76.608101 -4317.914063
v -2216.774902 76.608101 -4308.410645
v -2214.968262 79.433403 -4313.237793
v -2196.966797 57.517502 -4316.753906
v -2196.802734 57.517502 -4310.878418
v -2194.339355 62.423801 -4318.644531
v -2194.073730 62.423801 -4309.137695
v -2192.551514 65.456100 -4313.937500
v -2172.168457 45.801899 -4317.381348
v -2172.035645 45.801899 -4311.504883
v -2170.122070 50.987499 -4319.244141
v -2169.907227 50.987499 -4309.736328
v -2168.724609 54.192402 -4314.519531
v -2146.154053 37.088402 -4317.941895
v -2146.031250 37.088402 -4312.065430
v -2144.738037 42.486099 -4319.788574
v -2144.539307 42.486099 -4310.279785
v -2143.740234 45.822102 -4315.052734
v -2119.061768 31.566500 -4312.640625
v -2119.192871 31.566500 -4318.517090
v -2118.452148 37.101700 -4320.350586
v -2118.239746 37.101700 -4310.842285
v -2117.863037 40.522701 -4315.607422
v -2091.430420 29.416000 -4313.311523
v -2091.588135 29.416000 -4319.187012
v -2091.550781 35.005501 -4321.005371
v -2091.295410 35.005501 -4311.498047
v -2091.369873 38.459999 -4316.252930
v -2064.522949 36.278099 -4321.832520
v -2064.734375 39.712299 -4317.066895
v -2064.189941 36.278099 -4312.327637
v -2063.847900 30.721600 -4320.038574
v -2063.642090 30.721600 -4314.164063
v -2037.969360 40.952801 -4322.914063
v -2038.560303 44.309502 -4318.125000
v -2037.517822 40.952801 -4313.414063
v -2036.561646 35.521400 -4321.162598
v -2036.282471 35.521400 -4315.291016
v -2012.492920 49.059502 -4324.330566
v -2013.448242 52.272800 -4319.502441
v -2011.870605 49.059502 -4314.840332
v -2010.324707 43.860298 -4322.652344
v -2009.939941 43.860298 -4316.787109
v -1988.586060 60.562901 -4326.139648
v -1989.862671 63.572300 -4321.254883
v -1987.758301 60.562901 -4316.665527
v -1985.692505 55.693600 -4324.569336
v -1985.180908 55.693600 -4318.713867
v -1966.423828 75.148300 -4328.302734
v -1967.954346 77.919403 -4323.350586
v -1965.383057 75.148300 -4318.849609
v -1962.906372 70.664597 -4326.862793
v -1962.263428 70.664597 -4321.020020
v -1946.137817 92.423500 -4330.751465
v -1947.854248 94.936302 -4325.722656
v -1944.870728 92.423500 -4321.325684
v -1942.093140 88.357803 -4329.462402
v -1941.310059 88.357803 -4323.636719
v -1927.860229 111.994400 -4333.415527
v -1929.695923 114.238899 -4328.302734
v -1926.345459 111.994400 -4324.026367
v -1923.375366 108.362602 -4332.299316
v -1922.439453 108.362602 -4326.496582
v -1911.559570 133.433899 -4336.227051
v -1913.451416 135.435303 -4331.034180
v -1909.807251 133.433899 -4326.879395
v -1906.746338 130.195602 -4335.281250
v -1905.663330 130.195602 -4329.504395
v -1896.946045 156.224197 -4339.102051
v -1898.857056 158.027802 -4333.844238
v -1894.999146 156.224197 -4329.792969
v -1891.907349 153.305893 -4338.300293
v -1890.703857 153.305893 -4332.547363
v -1883.706055 179.830307 -4341.954590
v -1885.630371 181.485306 -4336.653320
v -1881.635010 179.830307 -4332.672363
v -1878.521240 177.152298 -4341.250488
v -1877.241333 177.152298 -4335.513672
v -1871.531250 203.728104 -4344.698242
v -1873.482056 205.282394 -4339.375977
v -1869.416626 203.728104 -4335.425781
v -1866.259766 201.212997 -4344.037598
v -1864.953003 201.212997 -4338.306641
v -1860.136841 227.697601 -4347.324707
v -1862.081055 229.185501 -4341.980957
v -1857.955444 227.697601 -4338.067871
v -1854.809570 225.290207 -4346.714355
v -1853.461426 225.290207 -4340.993164
v -1851.059448 253.291504 -4344.587891
v -1849.163452 251.834900 -4349.957520
v -1846.873657 251.834900 -4340.726563
v -1843.806152 249.478195 -4349.415039
v -1842.391113 249.478195 -4343.709961
v -1840.047852 277.711090 -4347.334961
v -1838.236450 276.249512 -4352.732422
v -1835.806274 276.249512 -4343.537109
v -1832.875244 273.884613 -4352.270508
v -1831.373169 273.884613 -4346.587891
v -1828.755859 302.500488 -4350.345703
v -1827.031860 301.021088 -4355.767090
v -1824.467041 301.021088 -4346.608887
v -1821.677368 298.627502 -4355.380371
v -1820.092163 298.627502 -4349.720215
v -1815.740845 326.053497 -4358.973633
v -1817.431152 327.508301 -4353.535156
v -1813.100342 326.053497 -4349.836914
v -1810.365356 323.699585 -4358.636230
v -1808.733643 323.699585 -4352.989746
v -1804.835571 351.189911 -4362.141602
v -1806.542969 352.574188 -4356.690430
v -1802.172852 351.189911 -4353.011719
v -1799.410156 348.949890 -4361.832031
v -1797.764526 348.949890 -4356.188965
v -1794.784058 376.271912 -4365.063965
v -1796.562866 377.534698 -4359.605957
v -1792.159668 376.271912 -4355.922363
v -1789.281372 374.228607 -4364.753906
v -1787.659546 374.228607 -4359.104004
v -1785.709717 401.157593 -4367.661621
v -1787.478271 402.389801 -4362.193359
v -1783.049316 401.157593 -4358.530762
v -1780.187622 399.163788 -4367.378418
v -1778.543457 399.163788 -4361.735352
v -1777.729858 426.957794 -4365.037598
v -1776.182373 425.511108 -4370.520508
v -1773.297852 425.511108 -4361.458008
v -1770.794067 423.170288 -4370.329590
v -1769.011353 423.170288 -4364.728516
v -1765.441650 450.739990 -4369.024414
v -1764.274048 448.864410 -4374.471191
v -1761.132202 448.864410 -4365.494629
v -1759.242920 445.829498 -4374.308105
v -1757.301147 445.829498 -4368.760254
v -1748.756470 473.106506 -4375.001953
v -1748.100220 470.704987 -4380.326660
v -1744.761353 470.704987 -4371.421387
v -1743.699341 466.819305 -4380.036621
v -1741.635864 466.819305 -4374.532715
v -1727.291138 492.672394 -4383.229004
v -1727.213623 489.837891 -4388.377441
v -1723.697754 489.837891 -4379.540527
v -1723.572144 485.251587 -4387.871582
v -1721.399414 485.251587 -4382.410156
v -1703.005371 507.102386 -4393.164063
v -1703.676270 503.901306 -4398.047852
v -1701.029053 498.721893 -4397.203125
v -1699.943359 503.901306 -4389.300781
v -1698.722046 498.721893 -4391.796875
v -1677.979248 513.799377 -4404.292969
v -1679.787720 510.352386 -4408.696777
v -1678.672729 504.775085 -4407.213867
v -1675.746460 510.352386 -4400.087891
v -1676.175049 504.775085 -4401.893066
v -1657.897339 506.623596 -4419.674805
v -1658.847900 501.425812 -4417.100098
v -1654.523560 509.835999 -4416.090332
v -1656.061646 501.425812 -4411.924316
v -1653.389160 506.623596 -4411.300293
v -1639.711670 492.911102 -4430.301270
v -1641.918945 488.771515 -4426.760254
v -1638.781250 488.771515 -4421.789551
v -1635.209961 495.469513 -4427.519531
v -1634.635010 492.911102 -4422.259277
v -1625.686646 472.154785 -4440.141113
v -1628.254761 469.045105 -4435.865234
v -1624.663940 469.045105 -4431.211914
v -1620.508545 474.076599 -4438.130371
v -1619.876465 472.154785 -4432.611816
v -1616.218872 447.251404 -4448.754883
v -1618.427002 444.998505 -4443.794922
v -1614.166504 444.998505 -4439.745605
v -1610.593750 448.643799 -4447.770508
v -1609.325317 447.251404 -4442.202637
v -1610.889648 421.106201 -4455.959473
v -1612.398926 419.327393 -4450.564453
v -1607.557617 419.327393 -4447.231445
v -1605.115356 422.205505 -4455.960938
v -1603.056152 421.106201 -4450.566406
v -1606.619751 394.324005 -4458.795898
v -1604.075562 396.668488 -4463.547852
v -1602.675903 394.324005 -4454.437500
v -1598.559448 398.117493 -4462.126465
v -1597.694336 396.668488 -4456.496094
v -1593.791260 372.605896 -4468.120117
v -1591.177856 376.707001 -4471.421875
v -1591.207153 372.605896 -4462.840820
v -1586.978638 379.241699 -4468.182617
v -1586.996826 376.707001 -4462.879395
v -1567.957153 358.097595 -4478.502930
v -1567.130249 363.490509 -4480.689941
v -1566.110352 358.097595 -4472.922852
v -1564.772461 366.823486 -4476.461426
v -1564.142212 363.490509 -4471.661133
v -2925.000000 580.000122 -4270.000000
v -2775.000000 580.000122 -4270.000000
v -2779.980713 779.999878 -4410.000000
v -2728.019287 779.999878 -4410.000000
v -2779.980713 779.999817 -4395.000000
v -2728.019287 779.999817 -4395.000000
v -2754.000000 779.999817 -4425.000000
v -2969.980713 779.999878 -4410.000000
v -2918.019287 779.999878 -4410.000000
v -2969.980713 779.999817 -4395.000000
v -2918.019287 779.999817 -4395.000000
v -2944.000000 779.999817 -4425.000000
v -2948.000000 619.999878 -4300.000000
v -2948.000000 619.999878 -4270.000000
v -2850.000000 600.000000 -4270.000000
v -2850.000000 619.999878 -4270.000000
v -2752.000000 619.999878 -4270.000000
v -2752.000000 619.999878 -4300.000000
v -2850.000000 619.999878 -4300.000000
v -2850.000000 709.999878 -4300.000000
v -2948.000000 709.999878 -4300.000000
v -2948.000000 709.999878 -4270.000000
v -2850.000000 709.999878 -4270.000000
v -2850.000000 799.999878 -4300.000000
v -2948.000000 799.999878 -4300.000000
v -2948.000000 799.999878 -4270.000000
v -2850.000000 799.999878 -4270.000000
v -2752.000000 709.999878 -4300.000000
v -2752.000000 709.999878 -4270.000000
v -2752.000000 799.999878 -4300.000000
v -2752.000000 799.999878 -4270.000000
v -3093.844482 789.999878 -4300.000000
v -3093.844482 789.999878 -4270.000000
v -3067.863525 789.999878 -4315.000000
v -3067.863525 789.999878 -4255.000000
v -3041.882568 789.999878 -4300.000000
v -3041.882568 789.999878 -4270.000000
v -2714.460938 560.254211 -4170.000000
v -2714.460938 560.254028 -4190.000000
v -2759.489502 560.000122 -4170.000000
v -2759.489502 559.999939 -4190.000000
v -2759.207520 510.000793 -4189.999512
v -2759.320313 530.000610 -4170.000000
v -2714.291748 530.254700 -4170.000000
v -2714.178711 510.254883 -4189.999512
v -3041.863525 764.999878 -4290.000000
v -2954.863525 764.999878 -4290.000000
v -3041.863525 754.999878 -4290.000000
v -2954.863525 754.999878 -4290.000000
v -3041.863525 754.999878 -4280.000000
v -2954.863525 754.999878 -4280.000000
v -3041.863525 764.999878 -4280.000000
v -2954.863525 764.999878 -4280.000000
v -2999.844238 579.999878 -4285.000000
v -2947.882813 579.999878 -4285.000000
v -2999.844482 579.999878 -4270.000000
v -2947.882813 579.999878 -4270.000000
v -2973.863525 579.999878 -4300.000000
v -2751.844238 579.999878 -4285.000000
v -2699.882813 579.999878 -4285.000000
v -2751.844482 579.999878 -4270.000000
v -2699.882813 579.999878 -4270.000000
v -2725.863525 579.999878 -4300.000000
v -2999.844238 599.999878 -4270.000000
v -2999.844238 605.999878 -4270.000000
v -2999.844238 599.999878 -4285.000000
v -2999.844482 605.999878 -4285.000000
v -2999.844482 605.999878 -4255.000000
v -2999.844238 599.999878 -4255.000000
v -2973.863525 599.999878 -4240.000000
v -2973.863525 605.999878 -4240.000000
v -2947.882813 599.999878 -4255.000000
v -2947.882813 605.999878 -4255.000000
v -2947.882813 599.999878 -4270.000000
v -2947.882813 599.999878 -4285.000000
v -2947.882813 605.999878 -4270.000000
v -2947.882813 605.999878 -4285.000000
v -2973.863525 599.999878 -4300.000000
v -2973.863525 605.999878 -4300.000000
v -2751.844238 599.999878 -4270.000000
v -2751.844238 605.999878 -4270.000000
v -2751.844238 599.999878 -4285.000000
v -2751.844482 605.999878 -4285.000000
v -2751.844482 605.999878 -4255.000000
v -2751.844238 599.999878 -4255.000000
v -2725.863525 599.999878 -4240.000000
v -2725.863525 605.999878 -4240.000000
v -2699.882813 599.999878 -4255.000000
v -2699.882813 605.999878 -4255.000000
v -2699.882813 599.999878 -4270.000000
v -2699.882813 599.999878 -4285.000000
v -2699.882813 605.999878 -4270.000000
v -2699.882813 605.999878 -4285.000000
v -2725.863525 599.999878 -4300.000000
v -2725.863525 605.999878 -4300.000000
v -2973.863525 605.999878 -4270.000000
v -2725.863525 605.999878 -4270.000000
v -2100.000000 389.999969 -4192.000977
v -2024.999878 389.999969 -4192.000977
v -2100.000000 389.999969 -4252.000488
v -2024.999878 389.999969 -4252.000977
v -1949.999878 389.999969 -4192.000977
v -1950.000122 389.999969 -4252.000977
v -1874.999878 389.999969 -4192.000488
v -1875.000122 389.999969 -4252.000977
v -1799.999878 389.999969 -4192.000488
v -1800.000122 389.999969 -4252.000977
v -2100.000000 560.000000 -3960.000000
v -2025.000122 560.000000 -3960.000000
v -2100.000000 560.000000 -4020.000244
v -2024.999878 560.000000 -4020.000000
v -1949.999878 560.000000 -3959.999756
v -1950.000244 560.000000 -4020.000000
v -1874.999878 560.000000 -3960.000000
v -1874.999878 560.000000 -4020.000000
v -1800.000122 560.000000 -3960.000000
v -1800.000122 560.000000 -4019.999756
v -2948.000000 799.999878 -4300.000000
v -2948.000000 799.999878 -4270.000000
v -2850.000000 799.999878 -4300.000000
v -2850.000000 799.999878 -4270.000000
v -2752.000000 799.999878 -4300.000000
v -2752.000000 799.999878 -4270.000000
v -2753.999756 805.999878 -4425.000000
v -2779.980713 806.000000 -4410.000000
v -2754.000000 805.999878 -4395.000000
v -2779.980713 805.999878 -4395.000000
v -2754.000000 805.999878 -4365.000000
v -2779.980957 805.999878 -4380.000000
v -2728.019043 805.999878 -4380.000000
v -2728.019043 805.999878 -4395.000000
v -2728.019043 805.999878 -4410.000000
v -2943.999756 805.999878 -4425.000000
v -2969.980713 805.999878 -4410.000000
v -2944.000000 805.999878 -4395.000000
v -2969.980713 805.999878 -4395.000000
v -2944.000000 806.000000 -4365.000000
v -2969.980713 806.000000 -4380.000000
v -2918.019043 805.999878 -4410.000000
v -2918.019287 805.999878 -4395.000000
v -2918.019287 805.999878 -4380.000000
v -3093.844482 789.999878 -4300.000000
v -3093.844482 789.999878 -4270.000000
v -3041.882568 789.999878 -4270.000000
v -3067.863525 789.999878 -4255.000000
v -3067.863281 790.000122 -4315.000000
v -3041.882324 790.000122 -4300.000000
v -2024.999878 389.999969 -4272.000488
v -2100.000000 389.999969 -4272.000488
v -1950.000122 389.999969 -4272.000977
v -1875.000122 389.999969 -4272.000977
v -1800.000122 389.999969 -4272.000977
v -2024.999878 560.000000 -4040.000000
v -2100.000000 560.000000 -4040.000244
v -1950.000244 560.000000 -4040.000000
v -1874.999878 560.000000 -4040.000000
v -1799.999878 560.000000 -4039.999756
v -3000.000000 600.000000 -4210.000000
v -3000.000000 600.000000 -4190.000000
v -2925.000000 600.000000 -4210.000000
v -2925.000000 600.000000 -4190.000000
v -2850.000000 600.000000 -4210.000000
v -2850.000244 600.000000 -4190.000488
v -2775.000000 600.000000 -4210.000000
v -2775.000000 600.000000 -4190.000000
v -2700.000000 600.000000 -4210.000000
v -2700.000000 600.000000 -4190.000000
v -2925.000000 600.000000 -4270.000000
v -3000.000000 600.000000 -4270.000000
v -2850.000000 600.000000 -4270.000000
v -2775.000000 600.000000 -4269.999512
v -2699.999756 600.000000 -4269.999512
v -2973.999756 800.000000 -4310.000000
v -2973.999756 800.000000 -4300.000000
v -2911.499756 800.000000 -4310.000000
v -2911.499756 800.000000 -4300.000000
v -2848.999756 799.999878 -4310.000000
v -2848.999756 799.999878 -4300.000000
v -2786.499756 799.999878 -4310.000000
v -2786.500000 799.999878 -4300.000000
v -2723.999756 799.999878 -4300.000000
v -2723.999756 799.999878 -4310.000000
v -2724.000000 800.000000 -4310.000000
v -2724.000000 800.000000 -4365.000000
v -2734.000000 800.000000 -4310.000000
v -2734.000000 800.000000 -4365.000000
v -2911.500000 800.000000 -4375.000000
v -2974.000000 800.000000 -4375.000000
v -2911.500244 800.000000 -4365.000000
v -2974.000000 800.000000 -4365.000000
v -2849.000000 800.000000 -4375.000000
v -2849.000000 800.000000 -4365.000000
v -2786.500000 799.999878 -4375.000000
v -2786.499756 799.999878 -4365.000000
v -2724.000000 800.000000 -4375.000000
v -2723.999756 800.000000 -4365.000000
v -2974.000244 800.000000 -4395.000000
v -2911.500000 800.000000 -4395.000000
v -2848.999756 800.000000 -4395.000000
v -2786.500000 800.000000 -4395.000000
v -2724.000000 800.000000 -4395.000000
# 1822 vertices

vt -0.25810 -0.50010
vt 0.49990 -3.25140
vt -0.25810 -3.25140
vt 0.49990 -0.50010
vt 1.25810 -3.25140
vt 1.25810 -0.50010
vt -0.25810 2.25140
vt 0.49990 2.25140
vt 1.25810 2.25140
vt 0.00190 -0.99810
vt 0.99800 -0.50010
vt 0.99800 -0.99810
vt 0.00190 -0.50010
vt 0.99800 -0.00200
vt 0.00190 -0.00200
vt 7.18350 -0.15490
vt 12.39590 -0.84510
vt 7.18350 -0.84510
vt 12.39590 -0.15490
vt 0.96230 -0.15490
vt 6.17470 -0.84510
vt 0.96230 -0.84510
vt 6.17470 -0.15490
vt -5.25880 -0.15490
vt -0.04640 -0.84510
vt -5.25880 -0.84510
vt -0.04640 -0.15490
vt -11.39590 -0.15490
vt -6.26760 -0.84510
vt -11.39590 -0.84510
vt -6.26760 -0.15490
vt -6.02250 -0.83490
vt -11.10920 -0.16520
vt -6.02250 -0.16520
vt -11.10920 -0.83490
vt 0.04870 -0.83490
vt -5.03790 -0.16520
vt 0.04870 -0.16520
vt -5.03790 -0.83490
vt 6.12000 -0.83490
vt 1.03320 -0.16520
vt 6.12000 -0.16520
vt 1.03320 -0.83490
vt 12.10920 -0.83490
vt 7.10450 -0.16520
vt 12.10920 -0.16520
vt 7.10450 -0.83490
vt 1.43670 0.85940
vt 0.50230 0.49990
vt 1.43670 0.49990
vt 0.50230 0.85940
vt -0.08450 0.51040
vt 0.87320 0.13540
vt -0.08450 0.13540
vt 0.87320 0.51040
vt 0.00340 0.85940
vt 0.00340 0.49990
vt 1.37120 0.13540
vt 1.37120 0.51040
vt -0.99880 -0.00200
vt 1.99880 -0.99810
vt -0.99880 -0.99810
vt 1.99880 -0.00200
vt -1.00120 -0.00200
vt 2.00120 -0.99810
vt -1.00120 -0.99810
vt 2.00120 -0.00200
vt 0.00080 -0.13670
vt 0.99800 -0.13670
vt 0.00080 -0.00200
vt -1.99910 -0.13670
vt -1.99910 -0.00200
vt -3.00320 -0.13670
vt -3.00320 -0.00200
vt 2.28820 -0.00010
vt 0.34530 -0.12510
vt 0.34530 -0.00010
vt 2.28820 -0.12510
vt -0.51430 -2.00000
vt 0.13730 -1.00000
vt 0.13730 -2.00000
vt -0.51430 -1.00000
vt 1.99990 -1.00000
vt 1.99990 -2.00000
vt 15.50560 -1.00200
vt 13.74890 -1.99810
vt 13.74890 -1.00200
vt 15.50560 -1.99810
vt -0.99990 -1.99810
vt 0.99990 -1.00200
vt 0.99990 -1.99810
vt -0.99990 -1.00200
vt 12.23690 -1.99810
vt 12.23690 -1.00200
vt 2.49210 -1.99810
vt 2.49210 -1.00200
vt 10.75270 -1.99810
vt 10.75270 -1.00200
vt 4.19070 -1.99810
vt 4.19070 -1.00200
vt 8.75140 -1.00200
vt 8.75140 -1.99810
vt 6.00550 -1.99810
vt 6.00550 -1.00200
vt 8.00680 -1.99810
vt 8.00680 -1.00200
vt 2.00330 -11.99810
vt 0.00190 -11.00200
vt 2.00330 -11.00200
vt 0.00190 -11.99810
vt 2.74810 -11.00200
vt 2.74810 -11.99810
vt 5.24810 -11.99810
vt 5.24810 -11.00200
vt 7.74030 -11.00200
vt 7.74030 -11.99810
vt 10.25200 -11.00200
vt 10.25200 -11.99810
vt 12.73630 -11.00200
vt 12.73630 -11.99810
vt 13.49300 -11.99810
vt 15.74950 -11.00200
vt 15.74950 -11.99810
vt 13.49300 -11.00200
vt 0.54240 -0.06380
vt 1.16740 -0.35400
vt 1.16740 -0.06380
vt 0.54240 -0.35400
vt 1.04900 -0.09640
vt 0.44550 -0.32140
vt 0.44550 -0.09640
vt 1.04900 -0.32140
vt -6.40310 -0.02210
vt -6.16750 -0.06740
vt -6.16750 -0.02210
vt -6.40310 -0.06740
vt -3.23190 -0.01830
vt -3.36380 -0.07220
vt -3.36380 -0.01830
vt -3.23190 -0.07220
vt -3.24600 -0.02210
vt -3.01040 -0.06740
vt -3.01040 -0.02210
vt -3.24600 -0.06740
vt -1.46480 -0.01830
vt -1.59670 -0.07220
vt -1.59670 -0.01830
vt -1.46480 -0.07220
vt -2.91620 -0.02210
vt -2.68060 -0.06740
vt -2.68060 -0.02210
vt -2.91620 -0.06740
vt -1.28020 -0.01830
vt -1.41210 -0.07220
vt -1.41210 -0.01830
vt -1.28020 -0.07220
vt 0.24080 -0.02210
vt 0.47640 -0.06740
vt 0.47640 -0.02210
vt 0.24080 -0.06740
vt 0.48680 -0.01830
vt 0.35490 -0.07220
vt 0.35490 -0.01830
vt 0.48680 -0.07220
vt 0.57060 -0.02210
vt 0.80620 -0.06740
vt 0.80620 -0.02210
vt 0.57060 -0.06740
vt 0.67140 -0.01830
vt 0.53950 -0.07220
vt 0.53950 -0.01830
vt 0.67140 -0.07220
vt 3.72770 -0.02210
vt 3.96330 -0.06740
vt 3.96330 -0.02210
vt 3.72770 -0.06740
vt 2.43850 -0.01830
vt 2.30660 -0.07220
vt 2.30660 -0.01830
vt 2.43850 -0.07220
vt 4.05760 -0.02210
vt 4.29320 -0.06740
vt 4.29320 -0.02210
vt 4.05760 -0.06740
vt 2.62310 -0.01830
vt 2.49120 -0.07220
vt 2.49120 -0.01830
vt 2.62310 -0.07220
vt 7.16750 -0.02210
vt 7.40310 -0.06740
vt 7.40310 -0.02210
vt 7.16750 -0.06740
vt 4.36380 -0.01830
vt 4.23190 -0.07220
vt 4.23190 -0.01830
vt 4.36380 -0.07220
vt 1.27620 0.00000
vt 2.00270 0.63030
vt 1.27620 0.63030
vt 2.00270 0.00000
vt -1.00270 0.00000
vt -0.31960 0.63030
vt -1.00270 0.63030
vt -0.31970 0.00000
vt 0.99800 -0.40060
vt 0.00190 -0.40060
vt 0.00000 8.59970
vt 0.34060 8.99990
vt 0.00000 8.99990
vt 0.34060 8.59970
vt 3.45160 8.59980
vt 2.08870 9.00000
vt 3.45160 9.00000
vt 2.08870 8.59980
vt -1.99990 8.59980
vt -0.63700 9.00000
vt -0.63700 8.59980
vt -1.99990 9.00000
vt 0.00190 3.60140
vt 1.49460 3.99800
vt 0.00190 3.99800
vt 1.49460 3.60140
vt 0.73690 -0.39810
vt 0.25840 -0.00200
vt 0.73690 -0.00200
vt 0.25840 -0.39810
vt 0.00190 -0.39810
vt 1.73740 -0.39810
vt 1.73740 -0.00200
vt 2.74980 -0.39810
vt 2.74980 -0.00200
vt 3.74420 -0.39810
vt 3.74420 -0.00200
vt 4.73870 -0.39810
vt 4.73870 -0.00200
vt 5.25920 -0.39810
vt 5.25920 -0.00200
vt 5.50370 -0.39810
vt 5.50370 -0.00200
vt 1.80210 -0.16880
vt 0.74620 -0.41590
vt 0.74620 -0.16880
vt 1.80210 -0.29830
vt 0.11160 -0.98240
vt 0.11160 -0.16880
vt 1.99990 -0.74360
vt 1.61400 -1.64700
vt 1.99990 -1.64700
vt 1.61400 -0.74360
vt 1.23800 -1.64700
vt 1.23800 -0.74360
vt 0.83010 -1.64700
vt 0.83010 -0.74360
vt 0.39590 -1.64700
vt 0.39590 -0.74360
vt 0.00000 -1.64700
vt 0.00000 -0.74360
vt 1.99990 -1.54210
vt 1.61400 -0.99950
vt 1.99990 -0.99950
vt 1.61400 -1.54210
vt 1.23800 -0.99950
vt 1.23800 -1.54210
vt 0.83010 -0.99950
vt 0.83010 -1.54210
vt 0.39590 -0.99950
vt 0.39590 -1.54210
vt 0.00000 -0.99950
vt 0.00000 -1.54210
vt 1.99990 -1.74520
vt 1.61400 -1.74520
vt 1.23800 -1.74520
vt 0.83010 -1.74520
vt 0.39590 -1.74520
vt 0.00000 -1.74520
vt 0.39590 -1.54220
vt 0.00000 -1.54220
vt 0.83010 -1.54220
vt 1.23800 -1.54220
vt 1.61400 -1.54220
vt 1.99990 -1.54220
vt -0.09940 -1.75010
vt -0.49900 -1.00200
vt -0.09940 -1.00200
vt -0.49900 -1.75010
vt 0.30010 -1.75010
vt 0.30010 -1.00200
vt 0.69980 -1.75010
vt 0.69980 -1.00200
vt 1.09940 -1.75010
vt 1.09940 -1.00200
vt 1.49900 -1.75010
vt 1.49900 -1.00200
vt 1.09600 -1.00200
vt 1.49330 -1.14100
vt 1.09600 -1.14100
vt 1.49330 -1.00200
vt 0.69860 -1.00200
vt 0.69860 -1.14100
vt 0.30130 -1.00200
vt 0.30130 -1.14100
vt -0.09600 -1.00200
vt -0.09600 -1.14100
vt -0.49330 -1.00200
vt -0.49330 -1.14100
vt 0.00190 -0.12550
vt 0.25090 0.99800
vt 0.00190 0.99800
vt 0.25090 -0.12550
vt 0.74900 -0.12550
vt 0.99800 0.99800
vt 0.74900 0.99800
vt 0.99800 -0.12550
vt 0.49990 0.99800
vt 0.49990 -0.12550
vt -0.22530 0.52740
vt -0.04270 0.34490
vt -0.22530 0.26920
vt -0.22530 0.78560
vt -0.04270 0.71000
vt 0.03280 0.52740
vt -0.01830 -0.16460
vt 1.93110 -1.00000
vt -0.01830 -1.00000
vt 1.93110 -0.16460
vt -0.50910 -1.80740
vt -0.00780 -1.16980
vt -0.50910 -1.16980
vt -0.00780 -1.80740
vt 0.49340 -1.16980
vt 0.49340 -1.80740
vt 0.99480 -1.16980
vt 0.99480 -1.80740
vt 1.49610 -1.16980
vt 1.49610 -1.80740
vt 0.08440 -0.59470
vt 0.67130 -0.98600
vt 0.28010 -0.20340
vt 0.28010 -0.98600
vt 0.86700 -0.59470
vt 0.67130 -0.20340
vt 0.00190 1.74990
vt 0.99800 0.67620
vt 0.00190 0.67620
vt 0.99800 1.74990
vt 0.00190 -2.74990
vt 0.99800 -2.74990
vt 0.00190 2.44830
vt 0.99800 -1.68470
vt 0.99800 2.44830
vt 0.00190 -1.68470
vt 0.00190 -3.44830
vt 0.99800 -3.44830
vt 0.99800 0.00190
vt 0.00190 0.00190
vt 2.00070 0.55750
vt 1.00050 1.56230
vt 2.00070 1.56230
vt 1.00050 0.55750
vt 2.00070 -2.36470
vt 1.00050 -2.36470
vt -0.00250 1.56230
vt -0.00250 0.55750
vt -0.00250 -2.36470
vt -1.00070 1.56230
vt -1.00070 0.55750
vt -1.00070 -2.36470
vt 1.00000 0.33740
vt 0.00000 1.61700
vt 1.00000 1.61700
vt 0.00000 0.33740
vt 1.00000 -2.35630
vt 0.00000 -2.35630
vt 0.40190 -1.99810
vt 0.00430 -1.00010
vt 0.40190 -1.00010
vt 0.00430 -1.99810
vt 0.79960 -1.00010
vt 0.79960 -1.99810
vt 1.19720 -1.00010
vt 1.19720 -1.99810
vt 1.59490 -1.00010
vt 1.59490 -1.99810
vt 1.99260 -1.00010
vt 1.99260 -1.99810
vt 7.24530 -2.30010
vt 5.49300 -2.72110
vt 5.49300 -2.30010
vt 7.24530 -2.72110
vt 3.74070 -2.72110
vt 3.74070 -2.30010
vt 0.99800 -0.25000
vt 0.74900 -0.75010
vt 0.74900 -0.25000
vt 0.99800 -0.75010
vt 0.49990 -0.75010
vt 0.49990 -0.25000
vt 0.25090 -0.75010
vt 0.25090 -0.25000
vt 0.00190 -0.75010
vt 0.00190 -0.25000
vt 0.25110 -0.09880
vt 0.99450 0.78890
vt 0.49890 0.78890
vt 0.49890 -0.09880
vt -0.49220 -0.09880
vt -0.49220 0.78890
vt -0.98780 0.78890
vt -0.24440 -0.09880
vt 0.00330 -0.36850
vt -0.24440 0.69320
vt 0.49890 -0.01190
vt -0.49220 -0.01190
vt 0.25110 0.69320
vt 0.99450 -0.01190
vt 0.49890 0.69320
vt -0.49220 0.69320
vt -0.98780 -0.01190
vt 0.00330 0.96280
vt 0.00000 -0.01700
vt 0.50860 -0.91530
vt 0.00000 -0.91530
vt 0.50860 -0.01700
vt 0.03990 -0.01510
vt -0.06770 -0.92310
vt 0.03990 -0.92310
vt -0.06770 -0.01510
vt 0.00570 -0.01440
vt 0.50190 -0.15570
vt 0.00570 -0.15570
vt 0.50190 -0.01440
vt 1.49450 -0.89390
vt 2.05010 -1.99240
vt 1.49450 -1.99240
vt 2.05010 -0.89390
vt 1.20070 -1.99240
vt 0.68220 -0.89390
vt 0.68220 -1.99240
vt 1.20070 -0.89390
vt 2.05010 -0.00510
vt 1.49450 -0.00510
vt 0.68220 -0.00510
vt 1.20070 -0.00510
vt 0.93890 -1.99240
vt 0.93890 -0.89390
vt 0.13580 -1.99240
vt 0.13580 -0.89390
vt 0.93890 -0.00510
vt 0.13580 -0.00510
vt 0.38330 -1.99240
vt 0.38330 -0.89390
vt -0.42930 -1.99240
vt -0.42930 -0.89390
vt 0.38330 -0.00510
vt -0.42930 -0.00510
vt -0.17220 -1.99240
vt -0.17220 -0.89390
vt -0.94770 -0.89390
vt -0.94770 -1.99240
vt -0.17220 -0.00510
vt -0.94770 -0.00510
vt -0.05520 -1.99140
vt -0.28750 -0.89540
vt -0.28750 -1.99140
vt -0.05520 -0.89540
vt -0.28750 -0.00850
vt -0.05520 -0.00850
vt -0.74620 -1.26650
vt -0.06170 -1.00010
vt -0.06170 -1.26650
vt -0.74620 -1.00010
vt 0.62260 -1.00010
vt 0.62260 -1.26650
vt 1.30700 -1.00010
vt 1.30700 -1.26650
vt 1.99140 -1.26650
vt 1.99140 -1.00010
vt 0.05290 -0.89540
vt 0.34130 -1.99140
vt 0.05290 -1.99140
vt 0.34130 -0.89540
vt 0.34130 -0.00850
vt 0.05290 -0.00850
vt -0.25060 -11.00010
vt -0.00100 -12.00000
vt -0.25060 -12.00000
vt -0.00100 -11.00010
vt 1.13520 -12.00000
vt 0.69720 -11.00010
vt 0.69720 -12.00000
vt 1.13520 -11.00010
vt 0.50080 -11.00010
vt 0.50080 -12.00000
vt 1.60680 -11.00010
vt 1.60680 -12.00000
vt 0.99920 -12.00000
vt 0.99920 -11.00010
vt 2.01780 -12.00000
vt 2.01780 -11.00010
vt 1.50110 -11.00010
vt 1.50110 -12.00000
vt 2.50290 -12.00000
vt 2.50290 -11.00010
vt 1.99620 -12.00000
vt 1.99620 -11.00010
vt 0.52610 -11.00010
vt 0.99990 -12.00000
vt 0.99990 -11.00010
vt 0.52610 -12.00000
vt 2.27260 -2.00200
vt 2.72800 -2.26480
vt 2.27260 -2.26480
vt 2.72800 -2.00200
vt 1.27710 -2.00200
vt 1.27710 -2.26480
vt 0.32560 -2.00200
vt 0.32560 -2.26480
vt 0.00190 -2.00200
vt 0.00190 -2.26480
vt 0.16040 0.69620
vt 0.49440 0.50330
vt 0.16040 0.31050
vt 0.49440 0.11760
vt 0.82840 0.31050
vt 0.49440 0.88910
vt 0.82840 0.69620
vt 0.16320 0.69530
vt 0.49850 0.50170
vt 0.16320 0.30810
vt 0.49850 0.11440
vt 0.83390 0.30810
vt 0.49850 0.88890
vt 0.83390 0.69530
vt 0.49890 0.50020
vt 0.49890 0.82530
vt 0.72880 0.73010
vt 0.26900 0.73010
vt 0.82400 0.50020
vt 0.17380 0.50020
vt 0.72880 0.27030
vt 0.26900 0.27030
vt 0.49890 0.17510
vt 0.82410 0.31410
vt 0.49620 0.50340
vt 0.82410 0.69270
vt 0.49620 0.12480
vt 0.49620 0.88200
vt 0.16830 0.31410
vt 0.16830 0.69270
vt 0.08240 0.38410
vt 0.49990 0.99990
vt 0.91750 0.38410
vt 0.50000 0.99990
vt 0.00000 -1.00000
vt 0.49710 -0.00010
vt 0.00000 -0.00010
vt 0.49710 -0.60010
vt 0.99800 -0.59650
vt 0.00190 -0.59650
vt -1.49720 0.37810
vt -1.24960 0.53880
vt -1.24960 0.37810
vt -1.49720 0.53880
vt -1.00190 0.53880
vt -1.00190 0.37810
vt -0.25170 0.37810
vt -0.25170 0.53880
vt 0.50250 0.37810
vt 0.50250 0.53880
vt 0.75260 0.53880
vt 0.99800 0.37810
vt 0.75260 0.37810
vt 0.99800 0.53880
vt 0.74980 0.54110
vt 1.50040 0.37530
vt 0.74980 0.37530
vt 1.50040 0.54110
vt 0.00190 0.54110
vt 0.00190 0.37530
vt 7.40600 0.24430
vt -6.19420 -0.01080
vt -6.19420 0.49960
vt -6.19420 0.24430
vt 0.00000 -0.35190
vt 0.41910 -0.00010
vt 0.41910 -0.35190
vt -1.00740 -0.99800
vt 2.00740 -0.61620
vt -1.00740 -0.61620
vt 2.00740 -0.99800
vt -0.01230 -0.00200
vt 1.48690 -0.99810
vt -0.01230 -0.99810
vt 1.48690 -0.00200
vt 2.34710 9.00000
vt 3.96840 8.00000
vt 2.34710 8.00000
vt 3.96840 9.00000
vt 0.72580 9.00000
vt 0.72580 8.00000
vt -0.89540 9.00000
vt -0.89540 8.00000
vt -2.51670 9.00000
vt -2.51670 8.00000
vt -0.07370 3.00190
vt 1.43350 3.99800
vt -0.07370 3.99800
vt 1.43350 3.00190
vt 3.42310 -0.00600
vt 1.80100 -1.00000
vt 3.42310 -1.00000
vt 1.80100 -0.00600
vt 0.17900 -0.00600
vt 0.17900 -1.00000
vt -1.44300 -0.00600
vt -1.44300 -1.00000
vt -3.06500 -0.00600
vt -3.06500 -1.00000
vt 0.81150 -1.00000
vt 0.97920 -0.00010
vt 0.97920 -1.00000
vt 0.81150 -0.00010
vt 0.80840 2.66830
vt 0.98290 1.83420
vt 0.80840 1.83420
vt 0.98290 2.66830
vt 0.98290 1.00010
vt 0.80840 1.00010
vt 0.98290 0.16590
vt 0.80840 0.16590
vt 0.98290 -0.66820
vt 0.80840 -0.66820
vt 0.02040 1.31360
vt 0.18450 -0.01740
vt 0.18450 1.31360
vt 0.02040 -0.01740
vt 0.81330 -2.00360
vt 0.98320 -1.25180
vt 0.98320 -2.00360
vt 0.81330 -1.25180
vt 0.81330 -0.50010
vt 0.98320 -0.50010
vt 0.81330 0.25180
vt 0.98320 0.25180
vt 0.81330 1.00360
vt 0.98320 1.00360
vt 11.00240 -0.60010
vt 11.58240 -0.40000
vt 11.58240 -0.60010
vt 11.00240 -0.40000
vt 11.00240 -0.80010
vt 11.58240 -0.80010
vt 11.00240 -0.20000
vt 11.58240 -0.20000
vt 11.00240 -0.00010
vt 11.58240 -0.00010
vt 11.00240 -1.00000
vt 11.58240 -1.00000
vt 10.42250 -0.40000
vt 10.42250 -0.60010
vt 10.42250 -0.80010
vt 10.42250 -0.20000
vt 10.42250 -0.00010
vt 10.42250 -1.00000
vt 9.84250 -0.40000
vt 9.84250 -0.60010
vt 9.84250 -0.20000
vt 9.84250 -0.80010
vt 9.84250 -0.00010
vt 9.84250 -1.00000
vt 9.26260 -0.40000
vt 9.26260 -0.60010
vt 9.26260 -0.20000
vt 9.26260 -0.80010
vt 8.68260 -0.60010
vt 8.68260 -0.40000
vt 9.26260 -1.00000
vt 9.26260 -0.00010
vt 8.68260 -0.20000
vt 8.68260 -0.80010
vt 8.10260 -0.60010
vt 8.10260 -0.40000
vt 8.68260 -0.00010
vt 8.68260 -1.00000
vt 8.10260 -0.20000
vt 8.10260 -0.80010
vt 7.52270 -0.40000
vt 7.52270 -0.60010
vt 8.10260 -0.00010
vt 8.10260 -1.00000
vt 7.52270 -0.20000
vt 7.52270 -0.80010
vt 6.94270 -0.40000
vt 6.94270 -0.60010
vt 7.52270 -0.00010
vt 7.52270 -1.00000
vt 6.94270 -0.20000
vt 6.94270 -0.80010
vt 6.94270 -0.00010
vt 6.94270 -1.00000
vt 6.36280 -0.40000
vt 6.36280 -0.60010
vt 6.36280 -0.20000
vt 6.36280 -0.80010
vt 6.36280 -0.00010
vt 6.36280 -1.00000
vt 5.78280 -0.60010
vt 5.78280 -0.40000
vt 5.78280 -0.20000
vt 5.78280 -0.80010
vt 5.78280 -0.00010
vt 5.78280 -1.00000
vt 5.20290 -0.60010
vt 5.20290 -0.40000
vt 5.20290 -0.20000
vt 5.20290 -0.80010
vt 5.20290 -0.00010
vt 5.20290 -1.00000
vt 4.62290 -0.40000
vt 4.62290 -0.60010
vt 4.62290 -0.20000
vt 4.62290 -0.80010
vt 4.62290 -0.00010
vt 4.62290 -1.00000
vt 4.04290 -0.00010
vt 4.04290 -0.20000
vt 4.04290 -0.80010
vt 4.04290 -1.00000
vt 4.04290 -0.40000
vt 4.04290 -0.60010
vt 3.46300 -0.20000
vt 3.46300 -0.00010
vt 3.46300 -0.80010
vt 3.46300 -1.00000
vt 3.46300 -0.40000
vt 3.46300 -0.60010
vt 2.88300 -0.00010
vt 2.88300 -0.20000
vt 2.88300 -0.80010
vt 2.88300 -1.00000
vt 2.88300 -0.40000
vt 2.88300 -0.60010
vt 2.30310 -0.00010
vt 2.30310 -0.20000
vt 2.30310 -0.80010
vt 2.30310 -1.00000
vt 2.30310 -0.40000
vt 2.30310 -0.60010
vt 1.72310 -0.20000
vt 1.72310 -0.00010
vt 1.72310 -0.80010
vt 1.72310 -1.00000
vt 1.72310 -0.40000
vt 1.72310 -0.60010
vt 1.14320 -0.00010
vt 1.14320 -0.20000
vt 1.14320 -1.00000
vt 1.14320 -0.80010
vt 1.14320 -0.40000
vt 1.14320 -0.60010
vt 0.56320 -0.00010
vt 0.56320 -0.20000
vt 0.56320 -0.80010
vt 0.56320 -1.00000
vt 0.56320 -0.40000
vt 0.56320 -0.60010
vt -0.01670 -0.20000
vt -0.01670 -0.00010
vt -0.01670 -0.80010
vt -0.01670 -1.00000
vt -0.01670 -0.40000
vt -0.01670 -0.60010
vt 11.26890 -0.40000
vt 10.84430 -0.60010
vt 10.84430 -0.40000
vt 11.26890 -0.60010
vt 10.84430 -0.80010
vt 11.26890 -0.80010
vt 11.26890 -0.20000
vt 10.84430 -0.20000
vt 10.84430 -1.00000
vt 11.26890 -1.00000
vt 10.84430 -0.00010
vt 11.26890 -0.00010
vt 10.37890 -0.60010
vt 10.37890 -0.40000
vt 10.37890 -0.80010
vt 10.37890 -0.20000
vt 10.37890 -1.00000
vt 10.37890 -0.00010
vt 9.82510 -0.60010
vt 9.82510 -0.40000
vt 9.82510 -0.80010
vt 9.82510 -0.20000
vt 9.82510 -1.00000
vt 9.82510 -0.00010
vt 9.38010 -0.60010
vt 9.38010 -0.40000
vt 9.38010 -0.80010
vt 9.38010 -0.20000
vt 9.38010 -1.00000
vt 9.38010 -0.00010
vt 9.02350 -0.60010
vt 9.02350 -0.40000
vt 9.02350 -0.80010
vt 9.02350 -0.20000
vt 9.02350 -1.00000
vt 9.02350 -0.00010
vt 8.66690 -0.80010
vt 8.66690 -0.60010
vt 8.66690 -0.40000
vt 8.66690 -1.00000
vt 8.66690 -0.20000
vt 8.66690 -0.00010
vt 8.31020 -0.80010
vt 8.31020 -0.60010
vt 8.31020 -0.40000
vt 8.31020 -1.00000
vt 8.31020 -0.20000
vt 8.31020 -0.00010
vt 7.95360 -0.80010
vt 7.95360 -0.60010
vt 7.95360 -0.40000
vt 7.95360 -1.00000
vt 7.95360 -0.20000
vt 7.95360 -0.00010
vt 7.59700 -0.80010
vt 7.59700 -0.60010
vt 7.59700 -0.40000
vt 7.59700 -1.00000
vt 7.59700 -0.20000
vt 7.59700 -0.00010
vt 7.24040 -0.80010
vt 7.24040 -0.60010
vt 7.24040 -0.40000
vt 7.24040 -1.00000
vt 7.24040 -0.20000
vt 7.24040 -0.00010
vt 6.88370 -0.80010
vt 6.88370 -0.60010
vt 6.88370 -0.40000
vt 6.88370 -1.00000
vt 6.88370 -0.20000
vt 6.88370 -0.00010
vt 6.52710 -0.80010
vt 6.52710 -0.60010
vt 6.52710 -0.40000
vt 6.52710 -1.00000
vt 6.52710 -0.20000
vt 6.52710 -0.00010
vt 6.17050 -0.80010
vt 6.17050 -0.60010
vt 6.17050 -0.40000
vt 6.17050 -1.00000
vt 6.17050 -0.20000
vt 6.17050 -0.00010
vt 5.81390 -0.60010
vt 5.81390 -0.80010
vt 5.81390 -0.40000
vt 5.81390 -1.00000
vt 5.81390 -0.20000
vt 5.81390 -0.00010
vt 5.45720 -0.60010
vt 5.45720 -0.80010
vt 5.45720 -0.40000
vt 5.45720 -1.00000
vt 5.45720 -0.20000
vt 5.45720 -0.00010
vt 5.10060 -0.60010
vt 5.10060 -0.80010
vt 5.10060 -0.40000
vt 5.10060 -1.00000
vt 5.10060 -0.20000
vt 5.10060 -0.00010
vt 4.74400 -0.60010
vt 4.74400 -0.80010
vt 4.74400 -1.00000
vt 4.74400 -0.40000
vt 4.74400 -0.00010
vt 4.74400 -0.20000
vt 4.38740 -0.60010
vt 4.38740 -0.80010
vt 4.38740 -1.00000
vt 4.38740 -0.40000
vt 4.38740 -0.00010
vt 4.38740 -0.20000
vt 4.03070 -1.00000
vt 4.03070 -0.80010
vt 4.03070 -0.60010
vt 4.03070 -0.00010
vt 4.03070 -0.20000
vt 4.03070 -0.40000
vt 3.67410 -1.00000
vt 3.67410 -0.80010
vt 3.67410 -0.60010
vt 3.67410 -0.20000
vt 3.67410 -0.00010
vt 3.67410 -0.40000
vt 3.31750 -1.00000
vt 3.31750 -0.80010
vt 3.31750 -0.60010
vt 3.31750 -0.20000
vt 3.31750 -0.00010
vt 3.31750 -0.40000
vt 2.96090 -1.00000
vt 2.96090 -0.80010
vt 2.96090 -0.60010
vt 2.96090 -0.20000
vt 2.96090 -0.00010
vt 2.96090 -0.40000
vt 2.60420 -1.00000
vt 2.60420 -0.80010
vt 2.60420 -0.20000
vt 2.60420 -0.00010
vt 2.60420 -0.60010
vt 2.60420 -0.40000
vt 2.24760 -1.00000
vt 2.24760 -0.80010
vt 2.24760 -0.20000
vt 2.24760 -0.00010
vt 2.24760 -0.60010
vt 2.24760 -0.40000
vt 1.89100 -1.00000
vt 1.89100 -0.80010
vt 1.89100 -0.20000
vt 1.89100 -0.00010
vt 1.89100 -0.60010
vt 1.89100 -0.40000
vt 1.53440 -0.00010
vt 1.53440 -0.20000
vt 1.53440 -0.80010
vt 1.53440 -1.00000
vt 1.53440 -0.40000
vt 1.53440 -0.60010
vt 1.17770 -0.80010
vt 1.17770 -1.00000
vt 1.17770 -0.00010
vt 1.17770 -0.20000
vt 1.17770 -0.60010
vt 1.17770 -0.40000
vt 0.82110 -0.00010
vt 0.82110 -0.20000
vt 0.82110 -0.80010
vt 0.82110 -1.00000
vt 0.82110 -0.40000
vt 0.82110 -0.60010
vt 0.46450 -0.00010
vt 0.46450 -0.20000
vt 0.46450 -0.80010
vt 0.46450 -1.00000
vt 0.46450 -0.40000
vt 0.46450 -0.60010
vt 0.10790 -0.80010
vt 0.10790 -1.00000
vt 0.10790 -0.00010
vt 0.10790 -0.20000
vt 0.10790 -0.60010
vt 0.10790 -0.40000
vt 23.03060 -0.40000
vt 23.56310 -0.60010
vt 23.03060 -0.60010
vt 23.56310 -0.40000
vt 23.03060 -0.20000
vt 23.56310 -0.20000
vt 23.56310 -0.80010
vt 23.03060 -0.80010
vt 23.03060 -0.00010
vt 23.56310 -0.00010
vt 23.56310 -1.00000
vt 23.03060 -1.00000
vt 22.64050 -0.40000
vt 22.64050 -0.60010
vt 22.64050 -0.20000
vt 22.64050 -0.80010
vt 22.64050 -0.00010
vt 22.64050 -1.00000
vt 22.25040 -0.40000
vt 22.25040 -0.60010
vt 22.25040 -0.20000
vt 22.25040 -0.80010
vt 22.25040 -0.00010
vt 22.25040 -1.00000
vt 21.86030 -0.40000
vt 21.86030 -0.60010
vt 21.86030 -0.20000
vt 21.86030 -0.80010
vt 21.86030 -0.00010
vt 21.86030 -1.00000
vt 21.47030 -0.40000
vt 21.47030 -0.60010
vt 21.47030 -0.20000
vt 21.47030 -0.80010
vt 21.47030 -0.00010
vt 21.47030 -1.00000
vt 21.08020 -0.40000
vt 21.08020 -0.60010
vt 21.08020 -0.20000
vt 21.08020 -0.80010
vt 21.08020 -0.00010
vt 21.08020 -1.00000
vt 20.69010 -0.40000
vt 20.69010 -0.60010
vt 20.69010 -0.20000
vt 20.69010 -0.80010
vt 20.69010 -0.00010
vt 20.69010 -1.00000
vt 20.30000 -0.40000
vt 20.30000 -0.60010
vt 20.30000 -0.20000
vt 20.30000 -0.80010
vt 20.30000 -0.00010
vt 20.30000 -1.00000
vt 19.90990 -0.40000
vt 19.90990 -0.60010
vt 19.90990 -0.20000
vt 19.90990 -0.80010
vt 19.90990 -0.00010
vt 19.90990 -1.00000
vt 19.51980 -0.40000
vt 19.51980 -0.60010
vt 19.51980 -0.20000
vt 19.51980 -0.80010
vt 19.51980 -0.00010
vt 19.51980 -1.00000
vt 19.12980 -0.40000
vt 19.12980 -0.60010
vt 19.12980 -0.20000
vt 19.12980 -0.80010
vt 19.12980 -0.00010
vt 19.12980 -1.00000
vt 18.73970 -0.60010
vt 18.73970 -0.40000
vt 18.73970 -0.20000
vt 18.73970 -0.80010
vt 18.73970 -0.00010
vt 18.73970 -1.00000
vt 18.34960 -0.60010
vt 18.34960 -0.40000
vt 18.34960 -0.20000
vt 18.34960 -0.80010
vt 18.34960 -0.00010
vt 18.34960 -1.00000
vt 17.95950 -0.60010
vt 17.95950 -0.40000
vt 17.95950 -0.20000
vt 17.95950 -0.80010
vt 17.95950 -0.00010
vt 17.95950 -1.00000
vt 17.56940 -0.60010
vt 17.56940 -0.40000
vt 17.56940 -0.20000
vt 17.56940 -0.80010
vt 17.56940 -0.00010
vt 17.56940 -1.00000
vt 17.17930 -0.60010
vt 17.17930 -0.40000
vt 17.17930 -0.20000
vt 17.17930 -0.80010
vt 17.17930 -0.00010
vt 17.17930 -1.00000
vt 16.78930 -0.60010
vt 16.78930 -0.40000
vt 16.78930 -0.20000
vt 16.78930 -0.80010
vt 16.78930 -0.00010
vt 16.78930 -1.00000
vt 16.39920 -0.60010
vt 16.39920 -0.40000
vt 16.39920 -0.20000
vt 16.39920 -0.80010
vt 16.39920 -0.00010
vt 16.39920 -1.00000
vt 16.00910 -0.60010
vt 16.00910 -0.40000
vt 16.00910 -0.20000
vt 16.00910 -0.80010
vt 16.00910 -0.00010
vt 16.00910 -1.00000
vt 15.61900 -0.60010
vt 15.61900 -0.40000
vt 15.61900 -0.20000
vt 15.61900 -0.80010
vt 15.61900 -0.00010
vt 15.61900 -1.00000
vt 15.22890 -0.60010
vt 15.22890 -0.40000
vt 15.22890 -0.20000
vt 15.22890 -0.80010
vt 15.22890 -0.00010
vt 15.22890 -1.00000
vt 14.83880 -0.60010
vt 14.83880 -0.40000
vt 14.83880 -0.20000
vt 14.83880 -0.80010
vt 14.83880 -0.00010
vt 14.83880 -1.00000
vt 14.44880 -0.60010
vt 14.44880 -0.40000
vt 14.44880 -0.20000
vt 14.44880 -0.80010
vt 14.44880 -0.00010
vt 14.44880 -1.00000
vt 14.05870 -0.40000
vt 14.05870 -0.60010
vt 14.05870 -0.20000
vt 14.05870 -0.80010
vt 14.05870 -0.00010
vt 14.05870 -1.00000
vt 13.66860 -0.40000
vt 13.66860 -0.60010
vt 13.66860 -0.20000
vt 13.66860 -0.80010
vt 13.66860 -0.00010
vt 13.66860 -1.00000
vt 13.27850 -0.40000
vt 13.27850 -0.60010
vt 13.27850 -0.20000
vt 13.27850 -0.80010
vt 13.27850 -0.00010
vt 13.27850 -1.00000
vt 12.88840 -0.40000
vt 12.88840 -0.60010
vt 12.88840 -0.20000
vt 12.88840 -0.80010
vt 12.88840 -0.00010
vt 12.88840 -1.00000
vt 12.49830 -0.20000
vt 12.49830 -0.00010
vt 12.49830 -0.80010
vt 12.49830 -1.00000
vt 12.49830 -0.40000
vt 12.49830 -0.60010
vt 12.10820 -0.00010
vt 12.10820 -0.20000
vt 12.10820 -0.80010
vt 12.10820 -1.00000
vt 12.10820 -0.40000
vt 12.10820 -0.60010
vt 11.71820 -0.00010
vt 11.71820 -0.20000
vt 11.71820 -0.80010
vt 11.71820 -1.00000
vt 11.71820 -0.40000
vt 11.71820 -0.60010
vt 11.32810 -0.20000
vt 11.32810 -0.00010
vt 11.32810 -1.00000
vt 11.32810 -0.80010
vt 11.32810 -0.40000
vt 11.32810 -0.60010
vt 10.93800 -0.20000
vt 10.93800 -0.00010
vt 10.93800 -1.00000
vt 10.93800 -0.80010
vt 10.93800 -0.40000
vt 10.93800 -0.60010
vt 10.54790 -0.20000
vt 10.54790 -0.00010
vt 10.54790 -1.00000
vt 10.54790 -0.80010
vt 10.54790 -0.40000
vt 10.54790 -0.60010
vt 10.15780 -0.20000
vt 10.15780 -0.00010
vt 10.15780 -1.00000
vt 10.15780 -0.80010
vt 10.15780 -0.40000
vt 10.15780 -0.60010
vt 9.76770 -0.20000
vt 9.76770 -0.00010
vt 9.76770 -1.00000
vt 9.76770 -0.80010
vt 9.76770 -0.40000
vt 9.76770 -0.60010
vt 9.37770 -0.20000
vt 9.37770 -0.00010
vt 9.37770 -1.00000
vt 9.37770 -0.80010
vt 9.37770 -0.40000
vt 9.37770 -0.60010
vt 8.98760 -0.20000
vt 8.98760 -0.00010
vt 8.98760 -1.00000
vt 8.98760 -0.80010
vt 8.98760 -0.40000
vt 8.98760 -0.60010
vt 8.59750 -0.20000
vt 8.59750 -0.00010
vt 8.59750 -1.00000
vt 8.59750 -0.80010
vt 8.59750 -0.40000
vt 8.59750 -0.60010
vt 8.20740 -0.20000
vt 8.20740 -0.00010
vt 8.20740 -1.00000
vt 8.20740 -0.80010
vt 8.20740 -0.40000
vt 8.20740 -0.60010
vt 7.81730 -0.20000
vt 7.81730 -0.00010
vt 7.81730 -1.00000
vt 7.81730 -0.80010
vt 7.81730 -0.40000
vt 7.81730 -0.60010
vt 7.42730 -0.20000
vt 7.42730 -0.00010
vt 7.42730 -1.00000
vt 7.42730 -0.80010
vt 7.42730 -0.40000
vt 7.42730 -0.60010
vt 7.03720 -0.20000
vt 7.03720 -0.00010
vt 7.03720 -1.00000
vt 7.03720 -0.80010
vt 7.03720 -0.40000
vt 7.03720 -0.60010
vt 6.64710 -0.20000
vt 6.64710 -0.00010
vt 6.64710 -1.00000
vt 6.64710 -0.80010
vt 6.64710 -0.40000
vt 6.64710 -0.60010
vt 6.25700 -0.00010
vt 6.25700 -0.20000
vt 6.25700 -0.80010
vt 6.25700 -1.00000
vt 6.25700 -0.40000
vt 6.25700 -0.60010
vt 5.86690 -0.00010
vt 5.86690 -0.20000
vt 5.86690 -0.80010
vt 5.86690 -1.00000
vt 5.86690 -0.40000
vt 5.86690 -0.60010
vt 5.47680 -0.20000
vt 5.47680 -0.00010
vt 5.47680 -1.00000
vt 5.47680 -0.80010
vt 5.47680 -0.40000
vt 5.47680 -0.60010
vt 5.08680 -0.20000
vt 5.08680 -0.00010
vt 5.08680 -1.00000
vt 5.08680 -0.80010
vt 5.08680 -0.40000
vt 5.08680 -0.60010
vt 4.69670 -0.20000
vt 4.69670 -0.00010
vt 4.69670 -1.00000
vt 4.69670 -0.80010
vt 4.69670 -0.40000
vt 4.69670 -0.60010
vt 4.30660 -0.20000
vt 4.30660 -0.00010
vt 4.30660 -1.00000
vt 4.30660 -0.80010
vt 4.30660 -0.40000
vt 4.30660 -0.60010
vt 3.91650 -0.20000
vt 3.91650 -0.00010
vt 3.91650 -1.00000
vt 3.91650 -0.80010
vt 3.91650 -0.40000
vt 3.91650 -0.60010
vt 3.52640 -0.20000
vt 3.52640 -0.00010
vt 3.52640 -0.40000
vt 3.52640 -1.00000
vt 3.52640 -0.80010
vt 3.52640 -0.60010
vt 3.13630 -0.20000
vt 3.13630 -0.00010
vt 3.13630 -0.40000
vt 3.13630 -1.00000
vt 3.13630 -0.80010
vt 3.13630 -0.60010
vt 2.74630 -0.20000
vt 2.74630 -0.40000
vt 2.74630 -0.00010
vt 2.74630 -0.60010
vt 2.74630 -0.80010
vt 2.74630 -1.00000
vt 2.26090 -0.20000
vt 2.26090 -0.40000
vt 2.26090 -0.60010
vt 2.26090 -0.00010
vt 2.26090 -0.80010
vt 2.26090 -1.00000
vt 1.73330 -0.20000
vt 1.73330 -0.40000
vt 1.73330 -0.60010
vt 1.73330 -0.00010
vt 1.73330 -0.80010
vt 1.73330 -1.00000
vt 1.11040 -0.20000
vt 1.11040 -0.40000
vt 1.11040 -0.60010
vt 1.11040 -0.00010
vt 1.11040 -0.80010
vt 1.11040 -1.00000
vt 0.57220 -0.20000
vt 0.57220 -0.40000
vt 0.57220 -0.60010
vt 0.57220 -0.00010
vt 0.57220 -0.80010
vt 0.03400 -0.40000
vt 0.03400 -0.20000
vt 0.03400 -0.60010
vt 0.57220 -1.00000
vt 0.03400 -0.00010
vt 0.03400 -0.80010
vt 0.03400 -1.00000
vt -0.40890 -0.40000
vt -0.40890 -0.20000
vt -0.40890 -0.60010
vt -0.40890 -0.00010
vt -0.40890 -0.80010
vt -0.40890 -1.00000
vt -1.01060 -0.40000
vt -1.01060 -0.20000
vt -1.01060 -0.60010
vt -1.01060 -0.00010
vt -1.01060 -0.80010
vt -1.01060 -1.00000
vt 0.26200 -0.80460
vt -0.00010 -0.18610
vt 0.26200 -0.18610
vt -0.00010 -0.80460
vt 0.79720 0.02830
vt -0.00860 -2.99400
vt -0.00860 0.02830
vt 0.79720 -2.99400
vt -0.04470 -4.46990
vt 1.06770 -2.97230
vt 1.06770 -4.46990
vt -0.04470 -2.97230
vt 0.79720 -6.01620
vt -0.00860 -6.01620
vt -0.04470 -5.96750
vt 1.06770 -5.96750
vt 0.79720 -9.03840
vt -0.00860 -9.03840
vt -0.04470 -7.46510
vt 1.06770 -7.46510
vt 0.79720 -12.06060
vt -0.00860 -12.06060
vt -0.04470 -8.96260
vt 1.06770 -8.96260
vt -0.01130 0.68170
vt 0.37820 -0.66780
vt 0.37820 0.68170
vt -0.01130 -0.66780
vt 0.76780 0.00690
vt -0.47870 -2.50210
vt 0.02030 -2.99810
vt -0.47870 -2.99810
vt 0.02030 -2.50210
vt 1.43370 -2.99810
vt 1.43370 -2.50210
vt 3.00650 -2.99810
vt 3.00650 -2.50210
vt 3.50920 -2.99810
vt 3.50920 -2.50210
vt 1.04440 -2.50010
vt 2.07050 -2.99810
vt 1.04440 -2.99810
vt 2.07050 -2.50010
vt 0.00190 -2.50010
vt 0.00190 -2.99810
vt 1.55340 0.00190
vt 1.89020 0.47080
vt 1.89020 0.00190
vt 1.55340 0.47080
vt 1.04900 0.00190
vt 1.04900 0.47080
vt 0.47330 0.47080
vt 0.47330 0.00190
vt 0.11450 0.47080
vt 0.11450 0.00190
vt 0.11040 0.46930
vt 0.98350 0.00190
vt 0.11040 0.00190
vt 0.98350 0.46930
vt 1.00140 -1.99860
vt -0.00300 -2.99810
vt 1.00140 -2.99810
vt -0.00300 -1.99860
vt 1.00140 -0.99910
vt -0.00300 -0.99910
vt 2.00590 -1.99860
vt 2.00590 -2.99810
vt 2.00590 -0.99910
vt 1.00330 -2.94390
vt 3.25450 -2.00010
vt 3.25450 -2.94390
vt 1.00330 -2.00010
vt -1.25450 -2.94390
vt -1.25450 -2.00010
vt 3.25450 -2.95650
vt 1.00330 -2.95650
vt -1.25450 -2.95650
vt 0.34060 -0.00200
vt 0.67260 -0.99810
vt 0.34060 -0.99810
vt 0.67260 -0.00200
vt 1.00460 -0.00200
vt 1.33660 -0.99810
vt 1.00460 -0.99810
vt 1.33660 -0.00200
vt 0.99990 -1.00000
vt 0.99990 -0.00010
vt -1.04400 -0.35050
vt 1.44530 0.00000
vt -1.04400 0.00000
vt 1.44530 -0.35050
vt 0.84430 -0.49490
vt 0.49750 -0.89530
vt 0.49750 -0.49490
vt 0.84430 -0.69510
vt 0.49750 -0.09450
vt 0.84430 -0.29470
vt 0.15080 -0.49490
vt 0.15080 -0.69510
vt 0.15080 -0.29470
vt 1.00000 1.99620
vt 0.00000 0.74810
vt 0.00000 1.99620
vt 1.00000 0.74810
vt 0.00000 -0.50000
vt 1.00000 -0.50000
vt 0.00000 -1.74810
vt 1.00000 -1.74810
vt 0.00000 -2.99620
vt 1.00000 -2.99620
vt 0.99800 -3.00000
vt 0.00190 -3.00000
vt 0.00190 2.00000
vt 0.99800 2.00000
vt 0.49750 0.50510
vt 0.84430 0.30490
vt 0.49750 0.10470
vt 0.84430 0.50510
vt 0.84430 0.70530
vt 0.49750 0.90550
vt 0.15080 0.70530
vt 0.15080 0.50510
vt 0.15080 0.30490
vt 0.69560 -0.10880
vt 0.69560 -0.89130
vt 0.30430 -0.89130
vt 0.89120 -0.50010
vt 0.10870 -0.50010
vt 0.30430 -0.10880
vt 2.00020 0.00000
vt 1.25010 -0.50000
vt 1.25010 0.00000
vt 2.00020 -0.50000
vt 0.50000 -0.50010
vt 0.50000 0.00000
vt -0.25010 -0.50010
vt -0.25010 0.00000
vt -1.00020 -0.50010
vt -1.00020 0.00000
vt 1.49680 11.99800
vt 2.49360 11.49210
vt 2.49360 11.99800
vt 1.49680 11.49210
vt 0.49990 11.99800
vt 0.49990 11.49210
vt -0.49680 11.99800
vt -0.49680 11.49210
vt -1.49360 11.99800
vt -1.49360 11.49210
vt 2.50450 0.00190
vt 2.99990 0.99990
vt 2.99990 0.00190
vt 2.50450 0.99990
vt 1.25130 0.00190
vt 1.25130 0.99990
vt -0.00210 0.99990
vt -0.00210 0.00190
vt -0.74340 0.99990
vt -0.74340 0.00190
vt 1.97970 0.00190
vt 2.47510 0.99990
vt 2.47510 0.00190
vt 1.97970 0.99990
vt 0.72650 0.00190
vt 0.72650 0.99990
vt -0.52690 0.99990
vt -0.52690 0.00190
vt -1.26810 0.99990
vt -1.26810 0.00190
vt 0.80960 3.00270
vt 0.00000 4.00480
vt 0.00000 3.00270
vt 0.80960 4.00480
vt 0.80960 2.00060
vt 0.00000 2.00060
vt 0.80960 0.99850
vt 0.00000 0.99850
vt 0.80960 -0.00360
vt 0.00000 -0.00360
vt 0.97870 -1.58990
vt 0.75100 -2.67990
vt 0.97870 -2.67990
vt 0.75100 -1.58990
vt 0.97870 -0.50010
vt 0.75100 -0.50010
vt 0.97870 0.58990
vt 0.75100 0.58990
vt 0.75100 1.67990
vt 0.97870 1.67990
vt 0.98090 -0.00200
vt 0.81440 -0.99810
vt 0.81440 -0.00200
vt 0.98090 -0.99810
vt 0.98190 -1.57210
vt 0.74990 -2.64800
vt 0.74990 -1.57210
vt 0.98190 -2.64800
vt 0.98190 -0.49620
vt 0.74990 -0.49620
vt 0.74990 0.57980
vt 0.98190 0.57980
vt 0.74990 1.65570
vt 0.98190 1.65570
vt 1.37880 -0.86940
vt 2.25760 -0.43080
vt 2.25760 -0.86940
vt 1.37880 -0.43080
vt 0.50000 -0.86940
vt 0.50000 -0.43080
vt -0.37880 -0.86940
vt -0.37880 -0.43080
vt -1.25760 -0.86940
vt -1.25760 -0.43080
vt 0.99990 0.99920
vt 0.00000 -1.99920
vt 0.00000 0.99920
vt 0.99990 -1.99920
# 1541 texture vertices

g Object_2
usemtl texture0
f 1/3 2/2 3/1
f 2/2 4/4 3/1
f 2/2 5/5 4/4
f 5/5 6/6 4/4
f 3/1 4/4 7/7
f 4/4 8/8 7/7
f 4/4 6/6 8/8
f 6/6 9/9 8/8
g obj1
usemtl mat1
f 10/12 11/11 12/10
f 11/11 13/13 12/10
f 14/12 15/11 16/10
f 15/11 17/13 16/10
f 18/11 19/14 20/13
f 19/14 21/15 20/13
f 22/13 23/10 24/11
f 23/10 25/12 24/11
f 26/12 27/11 28/10
f 27/11 29/13 28/10
f 30/15 31/13 32/14
f 31/13 33/11 32/14
f 34/11 35/14 36/13
f 35/14 37/15 36/13
f 38/12 39/11 40/10
f 39/11 41/13 40/10
f 42/13 43/10 44/11
f 43/10 45/12 44/11
f 46/12 47/11 48/10
f 47/11 49/13 48/10
f 50/15 51/13 52/14
f 51/13 53/11 52/14
f 54/12 55/11 56/10
f 55/11 57/13 56/10
g obj2
usemtl mat2
f 58/18 59/17 60/16
f 59/17 61/19 60/16
f 60/16 61/19 62/18
f 61/19 63/17 62/18
f 64/22 65/21 66/20
f 65/21 67/23 66/20
f 66/20 67/23 68/22
f 67/23 69/21 68/22
f 70/26 71/25 72/24
f 71/25 73/27 72/24
f 72/24 73/27 74/26
f 73/27 75/25 74/26
f 76/30 77/29 78/28
f 77/29 79/31 78/28
f 78/28 79/31 80/30
f 79/31 81/29 80/30
f 62/34 63/33 58/32
f 63/33 59/35 58/32
f 68/38 69/37 64/36
f 69/37 65/39 64/36
f 74/42 75/41 70/40
f 75/41 71/43 70/40
f 80/46 81/45 76/44
f 81/45 77/47 76/44
f 82/18 83/17 84/16
f 83/17 85/19 84/16
f 84/16 85/19 86/18
f 85/19 87/17 86/18
f 88/22 89/21 90/20
f 89/21 91/23 90/20
f 90/20 91/23 92/22
f 91/23 93/21 92/22
f 94/26 95/25 96/24
f 95/25 97/27 96/24
f 96/24 97/27 98/26
f 97/27 99/25 98/26
f 100/30 101/29 102/28
f 101/29 103/31 102/28
f 102/28 103/31 104/30
f 103/31 105/29 104/30
f 86/34 87/33 82/32
f 87/33 83/35 82/32
f 92/38 93/37 88/36
f 93/37 89/39 88/36
f 98/42 99/41 94/40
f 99/41 95/43 94/40
f 104/46 105/45 100/44
f 105/45 101/47 100/44
f 106/18 107/17 108/16
f 107/17 109/19 108/16
f 108/16 109/19 110/18
f 109/19 111/17 110/18
f 112/22 113/21 114/20
f 113/21 115/23 114/20
f 114/20 115/23 116/22
f 115/23 117/21 116/22
f 118/26 119/25 120/24
f 119/25 121/27 120/24
f 120/24 121/27 122/26
f 121/27 123/25 122/26
f 124/30 125/29 126/28
f 125/29 127/31 126/28
f 126/28 127/31 128/30
f 127/31 129/29 128/30
f 110/34 111/33 106/32
f 111/33 107/35 106/32
f 116/38 117/37 112/36
f 117/37 113/39 112/36
f 122/42 123/41 118/40
f 123/41 119/43 118/40
f 128/46 129/45 124/44
f 129/45 125/47 124/44
f 130/18 131/17 132/16
f 131/17 133/19 132/16
f 132/16 133/19 134/18
f 133/19 135/17 134/18
f 136/22 137/21 138/20
f 137/21 139/23 138/20
f 138/20 139/23 140/22
f 139/23 141/21 140/22
f 142/26 143/25 144/24
f 143/25 145/27 144/24
f 144/24 145/27 146/26
f 145/27 147/25 146/26
f 148/30 149/29 150/28
f 149/29 151/31 150/28
f 150/28 151/31 152/30
f 151/31 153/29 152/30
f 134/34 135/33 130/32
f 135/33 131/35 130/32
f 140/38 141/37 136/36
f 141/37 137/39 136/36
f 146/42 147/41 142/40
f 147/41 143/43 142/40
f 152/46 153/45 148/44
f 153/45 149/47 148/44
f 154/50 155/49 156/48
f 155/49 157/51 156/48
f 158/54 159/53 160/52
f 159/53 161/55 160/52
f 157/51 155/49 162/56
f 155/49 163/57 162/56
f 159/53 164/58 161/55
f 164/58 165/59 161/55
f 166/62 167/61 168/60
f 167/61 169/63 168/60
f 170/66 171/65 172/64
f 171/65 173/67 172/64
f 174/69 175/14 176/68
f 175/14 177/70 176/68
f 176/68 177/70 178/71
f 177/70 179/72 178/71
f 178/71 179/72 180/73
f 179/72 181/74 180/73
f 180/77 181/76 174/75
f 181/76 175/78 174/75
f 182/81 183/80 184/79
f 184/79 183/80 185/82
f 186/84 187/83 182/81
f 182/81 187/83 183/80
f 188/87 189/86 185/85
f 189/86 184/88 185/85
f 190/91 191/90 186/89
f 186/89 191/90 187/92
f 192/94 193/93 188/87
f 193/93 189/86 188/87
f 190/91 194/95 191/90
f 194/95 195/96 191/90
f 196/98 197/97 192/94
f 197/97 193/93 192/94
f 194/95 198/99 195/96
f 198/99 199/100 195/96
f 200/102 197/97 201/101
f 197/97 196/98 201/101
f 198/99 202/103 199/100
f 202/103 203/104 199/100
f 204/106 203/104 205/105
f 203/104 202/103 205/105
f 204/106 205/105 201/101
f 205/105 200/102 201/101
f 206/81 207/80 208/79
f 208/79 207/80 209/82
f 210/84 211/83 206/81
f 206/81 211/83 207/80
f 212/87 213/86 209/85
f 213/86 208/88 209/85
f 214/91 215/90 210/89
f 210/89 215/90 211/92
f 216/94 217/93 212/87
f 217/93 213/86 212/87
f 214/91 218/95 215/90
f 218/95 219/96 215/90
f 220/98 221/97 216/94
f 221/97 217/93 216/94
f 218/95 222/99 219/96
f 222/99 223/100 219/96
f 224/102 221/97 225/101
f 221/97 220/98 225/101
f 222/99 226/103 223/100
f 226/103 227/104 223/100
f 228/106 227/104 229/105
f 227/104 226/103 229/105
f 228/106 229/105 225/101
f 229/105 224/102 225/101
f 230/109 231/108 232/107
f 231/108 233/110 232/107
f 230/109 232/107 234/111
f 232/107 235/112 234/111
f 235/112 236/113 234/111
f 236/113 237/114 234/111
f 237/114 236/113 238/115
f 236/113 239/116 238/115
f 238/115 239/116 240/117
f 239/116 241/118 240/117
f 240/117 241/118 242/119
f 241/118 243/120 242/119
f 244/123 245/122 246/121
f 246/121 245/122 247/124
f 246/121 247/124 243/120
f 243/120 247/124 242/119
usemtl texture1
f 248/127 249/126 250/125
f 249/126 251/128 250/125
f 252/127 253/126 254/125
f 253/126 255/128 254/125
f 256/127 257/126 258/125
f 257/126 259/128 258/125
f 260/127 261/126 262/125
f 261/126 263/128 262/125
f 264/127 265/126 266/125
f 265/126 267/128 266/125
f 268/127 269/126 270/125
f 269/126 271/128 270/125
f 272/127 273/126 274/125
f 273/126 275/128 274/125
f 276/127 277/126 278/125
f 277/126 279/128 278/125
f 280/127 281/126 282/125
f 281/126 283/128 282/125
f 284/127 285/126 286/125
f 285/126 287/128 286/125
f 288/127 289/126 290/125
f 289/126 291/128 290/125
f 292/127 293/126 294/125
f 293/126 295/128 294/125
f 296/127 297/126 298/125
f 297/126 299/128 298/125
f 300/127 301/126 302/125
f 301/126 303/128 302/125
f 304/127 305/126 306/125
f 305/126 307/128 306/125
f 308/127 309/126 310/125
f 309/126 311/128 310/125
f 249/131 252/130 251/129
f 252/130 254/132 251/129
f 250/129 255/132 248/131
f 255/132 253/130 248/131
f 257/131 260/130 259/129
f 260/130 262/132 259/129
f 258/129 263/132 256/131
f 263/132 261/130 256/131
f 265/131 268/130 267/129
f 268/130 270/132 267/129
f 266/129 271/132 264/131
f 271/132 269/130 264/131
f 273/131 276/130 275/129
f 276/130 278/132 275/129
f 274/129 279/132 272/131
f 279/132 277/130 272/131
f 281/131 284/130 283/129
f 284/130 286/132 283/129
f 282/129 287/132 280/131
f 287/132 285/130 280/131
f 289/131 292/130 291/129
f 292/130 294/132 291/129
f 290/129 295/132 288/131
f 295/132 293/130 288/131
f 297/131 300/130 299/129
f 300/130 302/132 299/129
f 298/129 303/132 296/131
f 303/132 301/130 296/131
f 305/131 308/130 307/129
f 308/130 310/132 307/129
f 306/129 311/132 304/131
f 311/132 309/130 304/131
f 248/135 253/134 249/133
f 253/134 252/136 249/133
f 251/139 254/138 250/137
f 254/138 255/140 250/137
f 256/143 261/142 257/141
f 261/142 260/144 257/141
f 259/147 262/146 258/145
f 262/146 263/148 258/145
f 264/151 269/150 265/149
f 269/150 268/152 265/149
f 267/155 270/154 266/153
f 270/154 271/156 266/153
f 272/159 277/158 273/157
f 277/158 276/160 273/157
f 275/163 278/162 274/161
f 278/162 279/164 274/161
f 280/167 285/166 281/165
f 285/166 284/168 281/165
f 283/171 286/170 282/169
f 286/170 287/172 282/169
f 288/175 293/174 289/173
f 293/174 292/176 289/173
f 291/179 294/178 290/177
f 294/178 295/180 290/177
f 296/183 301/182 297/181
f 301/182 300/184 297/181
f 299/187 302/186 298/185
f 302/186 303/188 298/185
f 304/191 309/190 305/189
f 309/190 308/192 305/189
f 307/195 310/194 306/193
f 310/194 311/196 306/193
f 312/127 313/126 314/125
f 313/126 315/128 314/125
f 316/127 317/126 318/125
f 317/126 319/128 318/125
f 320/127 321/126 322/125
f 321/126 323/128 322/125
f 324/127 325/126 326/125
f 325/126 327/128 326/125
f 328/127 329/126 330/125
f 329/126 331/128 330/125
f 332/127 333/126 334/125
f 333/126 335/128 334/125
f 336/127 337/126 338/125
f 337/126 339/128 338/125
f 340/127 341/126 342/125
f 341/126 343/128 342/125
f 344/127 345/126 346/125
f 345/126 347/128 346/125
f 348/127 349/126 350/125
f 349/126 351/128 350/125
f 352/127 353/126 354/125
f 353/126 355/128 354/125
f 356/127 357/126 358/125
f 357/126 359/128 358/125
f 360/127 361/126 362/125
f 361/126 363/128 362/125
f 364/127 365/126 366/125
f 365/126 367/128 366/125
f 368/127 369/126 370/125
f 369/126 371/128 370/125
f 372/127 373/126 374/125
f 373/126 375/128 374/125
f 313/131 316/130 315/129
f 316/130 318/132 315/129
f 314/129 319/132 312/131
f 319/132 317/130 312/131
f 321/131 324/130 323/129
f 324/130 326/132 323/129
f 322/129 327/132 320/131
f 327/132 325/130 320/131
f 329/131 332/130 331/129
f 332/130 334/132 331/129
f 330/129 335/132 328/131
f 335/132 333/130 328/131
f 337/131 340/130 339/129
f 340/130 342/132 339/129
f 338/129 343/132 336/131
f 343/132 341/130 336/131
f 345/131 348/130 347/129
f 348/130 350/132 347/129
f 346/129 351/132 344/131
f 351/132 349/130 344/131
f 353/131 356/130 355/129
f 356/130 358/132 355/129
f 354/129 359/132 352/131
f 359/132 357/130 352/131
f 361/131 364/130 363/129
f 364/130 366/132 363/129
f 362/129 367/132 360/131
f 367/132 365/130 360/131
f 369/131 372/130 371/129
f 372/130 374/132 371/129
f 370/129 375/132 368/131
f 375/132 373/130 368/131
f 312/135 317/134 313/133
f 317/134 316/136 313/133
f 315/139 318/138 314/137
f 318/138 319/140 314/137
f 320/143 325/142 321/141
f 325/142 324/144 321/141
f 323/147 326/146 322/145
f 326/146 327/148 322/145
f 328/151 333/150 329/149
f 333/150 332/152 329/149
f 331/155 334/154 330/153
f 334/154 335/156 330/153
f 336/159 341/158 337/157
f 341/158 340/160 337/157
f 339/163 342/162 338/161
f 342/162 343/164 338/161
f 344/167 349/166 345/165
f 349/166 348/168 345/165
f 347/171 350/170 346/169
f 350/170 351/172 346/169
f 352/175 357/174 353/173
f 357/174 356/176 353/173
f 355/179 358/178 354/177
f 358/178 359/180 354/177
f 360/183 365/182 361/181
f 365/182 364/184 361/181
f 363/187 366/186 362/185
f 366/186 367/188 362/185
f 368/191 373/190 369/189
f 373/190 372/192 369/189
f 371/195 374/194 370/193
f 374/194 375/196 370/193
f 376/127 377/126 378/125
f 377/126 379/128 378/125
f 380/127 381/126 382/125
f 381/126 383/128 382/125
f 384/127 385/126 386/125
f 385/126 387/128 386/125
f 388/127 389/126 390/125
f 389/126 391/128 390/125
f 392/127 393/126 394/125
f 393/126 395/128 394/125
f 396/127 397/126 398/125
f 397/126 399/128 398/125
f 400/127 401/126 402/125
f 401/126 403/128 402/125
f 404/127 405/126 406/125
f 405/126 407/128 406/125
f 408/127 409/126 410/125
f 409/126 411/128 410/125
f 412/127 413/126 414/125
f 413/126 415/128 414/125
f 416/127 417/126 418/125
f 417/126 419/128 418/125
f 420/127 421/126 422/125
f 421/126 423/128 422/125
f 424/127 425/126 426/125
f 425/126 427/128 426/125
f 428/127 429/126 430/125
f 429/126 431/128 430/125
f 432/127 433/126 434/125
f 433/126 435/128 434/125
f 436/127 437/126 438/125
f 437/126 439/128 438/125
f 377/131 380/130 379/129
f 380/130 382/132 379/129
f 378/129 383/132 376/131
f 383/132 381/130 376/131
f 385/131 388/130 387/129
f 388/130 390/132 387/129
f 386/129 391/132 384/131
f 391/132 389/130 384/131
f 393/131 396/130 395/129
f 396/130 398/132 395/129
f 394/129 399/132 392/131
f 399/132 397/130 392/131
f 401/131 404/130 403/129
f 404/130 406/132 403/129
f 402/129 407/132 400/131
f 407/132 405/130 400/131
f 409/131 412/130 411/129
f 412/130 414/132 411/129
f 410/129 415/132 408/131
f 415/132 413/130 408/131
f 417/131 420/130 419/129
f 420/130 422/132 419/129
f 418/129 423/132 416/131
f 423/132 421/130 416/131
f 425/131 428/130 427/129
f 428/130 430/132 427/129
f 426/129 431/132 424/131
f 431/132 429/130 424/131
f 433/131 436/130 435/129
f 436/130 438/132 435/129
f 434/129 439/132 432/131
f 439/132 437/130 432/131
f 376/135 381/134 377/133
f 381/134 380/136 377/133
f 379/139 382/138 378/137
f 382/138 383/140 378/137
f 384/143 389/142 385/141
f 389/142 388/144 385/141
f 387/147 390/146 386/145
f 390/146 391/148 386/145
f 392/151 397/150 393/149
f 397/150 396/152 393/149
f 395/155 398/154 394/153
f 398/154 399/156 394/153
f 400/159 405/158 401/157
f 405/158 404/160 401/157
f 403/163 406/162 402/161
f 406/162 407/164 402/161
f 408/167 413/166 409/165
f 413/166 412/168 409/165
f 411/171 414/170 410/169
f 414/170 415/172 410/169
f 416/175 421/174 417/173
f 421/174 420/176 417/173
f 419/179 422/178 418/177
f 422/178 423/180 418/177
f 424/183 429/182 425/181
f 429/182 428/184 425/181
f 427/187 430/186 426/185
f 430/186 431/188 426/185
f 432/191 437/190 433/189
f 437/190 436/192 433/189
f 435/195 438/194 434/193
f 438/194 439/196 434/193
f 440/127 441/126 442/125
f 441/126 443/128 442/125
f 444/127 445/126 446/125
f 445/126 447/128 446/125
f 448/127 449/126 450/125
f 449/126 451/128 450/125
f 452/127 453/126 454/125
f 453/126 455/128 454/125
f 456/127 457/126 458/125
f 457/126 459/128 458/125
f 460/127 461/126 462/125
f 461/126 463/128 462/125
f 464/127 465/126 466/125
f 465/126 467/128 466/125
f 468/127 469/126 470/125
f 469/126 471/128 470/125
f 472/127 473/126 474/125
f 473/126 475/128 474/125
f 476/127 477/126 478/125
f 477/126 479/128 478/125
f 480/127 481/126 482/125
f 481/126 483/128 482/125
f 484/127 485/126 486/125
f 485/126 487/128 486/125
f 488/127 489/126 490/125
f 489/126 491/128 490/125
f 492/127 493/126 494/125
f 493/126 495/128 494/125
f 496/127 497/126 498/125
f 497/126 499/128 498/125
f 500/127 501/126 502/125
f 501/126 503/128 502/125
f 441/131 444/130 443/129
f 444/130 446/132 443/129
f 442/129 447/132 440/131
f 447/132 445/130 440/131
f 449/131 452/130 451/129
f 452/130 454/132 451/129
f 450/129 455/132 448/131
f 455/132 453/130 448/131
f 457/131 460/130 459/129
f 460/130 462/132 459/129
f 458/129 463/132 456/131
f 463/132 461/130 456/131
f 465/131 468/130 467/129
f 468/130 470/132 467/129
f 466/129 471/132 464/131
f 471/132 469/130 464/131
f 473/131 476/130 475/129
f 476/130 478/132 475/129
f 474/129 479/132 472/131
f 479/132 477/130 472/131
f 481/131 484/130 483/129
f 484/130 486/132 483/129
f 482/129 487/132 480/131
f 487/132 485/130 480/131
f 489/131 492/130 491/129
f 492/130 494/132 491/129
f 490/129 495/132 488/131
f 495/132 493/130 488/131
f 497/131 500/130 499/129
f 500/130 502/132 499/129
f 498/129 503/132 496/131
f 503/132 501/130 496/131
f 440/135 445/134 441/133
f 445/134 444/136 441/133
f 443/139 446/138 442/137
f 446/138 447/140 442/137
f 448/143 453/142 449/141
f 453/142 452/144 449/141
f 451/147 454/146 450/145
f 454/146 455/148 450/145
f 456/151 461/150 457/149
f 461/150 460/152 457/149
f 459/155 462/154 458/153
f 462/154 463/156 458/153
f 464/159 469/158 465/157
f 469/158 468/160 465/157
f 467/163 470/162 466/161
f 470/162 471/164 466/161
f 472/167 477/166 473/165
f 477/166 476/168 473/165
f 475/171 478/170 474/169
f 478/170 479/172 474/169
f 480/175 485/174 481/173
f 485/174 484/176 481/173
f 483/179 486/178 482/177
f 486/178 487/180 482/177
f 488/183 493/182 489/181
f 493/182 492/184 489/181
f 491/187 494/186 490/185
f 494/186 495/188 490/185
f 496/191 501/190 497/189
f 501/190 500/192 497/189
f 499/195 502/194 498/193
f 502/194 503/196 498/193
f 154/199 156/198 504/197
f 156/198 505/200 504/197
f 158/203 160/202 506/201
f 160/202 507/204 506/201
f 508/206 509/205 510/15
f 509/205 511/14 510/15
f 512/209 513/208 514/207
f 513/208 515/210 514/207
f 516/207 517/210 518/209
f 517/210 519/208 518/209
f 513/213 520/212 515/211
f 520/212 521/214 515/211
f 522/217 523/216 517/215
f 523/216 519/218 517/215
f 518/221 524/220 516/219
f 524/220 525/222 516/219
f 526/225 527/224 528/223
f 527/224 529/226 528/223
f 529/226 527/224 509/227
f 527/224 511/15 509/227
f 530/229 526/225 531/228
f 526/225 528/223 531/228
f 532/231 530/229 533/230
f 530/229 531/228 533/230
f 534/233 532/231 535/232
f 532/231 533/230 535/232
f 536/235 534/233 537/234
f 534/233 535/232 537/234
f 537/234 538/236 536/235
f 538/236 539/237 536/235
f 538/236 525/238 539/237
f 525/238 524/239 539/237
usemtl texture2
f 540/242 541/241 542/240
f 542/240 541/241 543/243
f 544/242 545/240 546/241
f 547/243 546/241 545/240
f 548/245 549/244 540/242
f 541/241 540/242 549/244
f 550/245 544/242 551/244
f 546/241 551/244 544/242
f 552/248 553/247 554/246
f 555/249 554/246 553/247
f 553/247 556/250 555/249
f 557/251 555/249 556/250
f 556/250 558/252 557/251
f 559/253 557/251 558/252
f 558/252 560/254 559/253
f 561/255 559/253 560/254
f 560/254 562/256 561/255
f 563/257 561/255 562/256
f 564/260 565/259 566/258
f 565/259 567/261 566/258
f 565/259 568/262 567/261
f 568/262 569/263 567/261
f 568/262 570/264 569/263
f 570/264 571/265 569/263
f 570/264 572/266 571/265
f 572/266 573/267 571/265
f 572/266 574/268 573/267
f 574/268 575/269 573/267
f 566/258 567/261 576/270
f 567/261 577/271 576/270
f 567/261 569/263 577/271
f 569/263 578/272 577/271
f 569/263 571/265 578/272
f 571/265 579/273 578/272
f 571/265 573/267 579/273
f 573/267 580/274 579/273
f 573/267 575/269 580/274
f 575/269 581/275 580/274
f 576/270 577/271 552/248
f 577/271 553/247 552/248
f 577/271 578/272 553/247
f 578/272 556/250 553/247
f 578/272 579/273 556/250
f 579/273 558/252 556/250
f 579/273 580/274 558/252
f 580/274 560/254 558/252
f 580/274 581/275 560/254
f 581/275 562/256 560/254
f 552/256 554/257 582/254
f 554/257 583/255 582/254
f 584/252 582/254 585/253
f 583/255 585/253 582/254
f 586/250 584/252 587/251
f 585/253 587/251 584/252
f 588/247 586/250 589/249
f 587/251 589/249 586/250
f 562/248 588/247 563/246
f 589/249 563/246 588/247
f 590/266 564/268 591/276
f 566/277 591/276 564/268
f 592/264 590/266 593/278
f 590/266 591/276 593/278
f 594/262 592/264 595/279
f 592/264 593/278 595/279
f 596/259 594/262 597/280
f 594/262 595/279 597/280
f 574/260 596/259 575/281
f 596/259 597/280 575/281
f 591/276 566/277 598/274
f 576/275 598/274 566/277
f 593/278 591/276 599/273
f 591/276 598/274 599/273
f 595/279 593/278 600/272
f 593/278 599/273 600/272
f 597/280 595/279 601/271
f 595/279 600/272 601/271
f 575/281 597/280 581/270
f 597/280 601/271 581/270
f 598/274 576/275 582/254
f 552/256 582/254 576/275
f 599/273 598/274 584/252
f 598/274 582/254 584/252
f 600/272 599/273 586/250
f 599/273 584/252 586/250
f 601/271 600/272 588/247
f 600/272 586/250 588/247
f 581/270 601/271 562/248
f 601/271 588/247 562/248
f 602/284 603/283 604/282
f 605/285 604/282 603/283
f 606/287 602/284 607/286
f 604/282 607/286 602/284
f 608/289 606/287 609/288
f 607/286 609/288 606/287
f 610/291 608/289 611/290
f 609/288 611/290 608/289
f 612/293 610/291 613/292
f 611/290 613/292 610/291
f 603/293 614/291 605/292
f 614/291 615/290 605/292
f 614/291 616/289 615/290
f 617/288 615/290 616/289
f 616/289 618/287 617/288
f 619/286 617/288 618/287
f 618/287 620/284 619/286
f 621/282 619/286 620/284
f 620/284 612/283 621/282
f 613/285 621/282 612/283
f 605/296 615/295 554/294
f 615/295 583/297 554/294
f 604/299 605/296 555/298
f 554/294 555/298 605/296
f 607/301 604/299 557/300
f 555/298 557/300 604/299
f 609/303 607/301 559/302
f 557/300 559/302 607/301
f 611/305 609/303 561/304
f 559/302 561/304 609/303
f 615/295 617/296 583/297
f 585/294 583/297 617/296
f 617/296 619/299 585/294
f 587/298 585/294 619/299
f 619/299 621/301 587/298
f 589/300 587/298 621/301
f 621/301 613/303 589/300
f 563/302 589/300 613/303
f 613/303 611/305 563/302
f 561/304 563/302 611/305
f 622/242 623/241 624/240
f 624/240 623/241 625/243
f 626/242 627/240 628/241
f 629/243 628/241 627/240
f 630/245 631/244 622/242
f 623/241 622/242 631/244
f 632/245 626/242 633/244
f 628/241 633/244 626/242
f 634/248 635/247 636/246
f 637/249 636/246 635/247
f 635/247 638/250 637/249
f 639/251 637/249 638/250
f 638/250 640/252 639/251
f 641/253 639/251 640/252
f 640/252 642/254 641/253
f 643/255 641/253 642/254
f 642/254 644/256 643/255
f 645/257 643/255 644/256
f 646/260 647/259 648/258
f 647/259 649/261 648/258
f 647/259 650/262 649/261
f 650/262 651/263 649/261
f 650/262 652/264 651/263
f 652/264 653/265 651/263
f 652/264 654/266 653/265
f 654/266 655/267 653/265
f 654/266 656/268 655/267
f 656/268 657/269 655/267
f 648/258 649/261 658/270
f 649/261 659/271 658/270
f 649/261 651/263 659/271
f 651/263 660/272 659/271
f 651/263 653/265 660/272
f 653/265 661/273 660/272
f 653/265 655/267 661/273
f 655/267 662/274 661/273
f 655/267 657/269 662/274
f 657/269 663/275 662/274
f 658/270 659/271 634/248
f 659/271 635/247 634/248
f 659/271 660/272 635/247
f 660/272 638/250 635/247
f 660/272 661/273 638/250
f 661/273 640/252 638/250
f 661/273 662/274 640/252
f 662/274 642/254 640/252
f 662/274 663/275 642/254
f 663/275 644/256 642/254
f 634/256 636/257 664/254
f 636/257 665/255 664/254
f 666/252 664/254 667/253
f 665/255 667/253 664/254
f 668/250 666/252 669/251
f 667/253 669/251 666/252
f 670/247 668/250 671/249
f 669/251 671/249 668/250
f 644/248 670/247 645/246
f 671/249 645/246 670/247
f 672/266 646/268 673/276
f 648/277 673/276 646/268
f 674/264 672/266 675/278
f 672/266 673/276 675/278
f 676/262 674/264 677/279
f 674/264 675/278 677/279
f 678/259 676/262 679/280
f 676/262 677/279 679/280
f 656/260 678/259 657/281
f 678/259 679/280 657/281
f 673/276 648/277 680/274
f 658/275 680/274 648/277
f 675/278 673/276 681/273
f 673/276 680/274 681/273
f 677/279 675/278 682/272
f 675/278 681/273 682/272
f 679/280 677/279 683/271
f 677/279 682/272 683/271
f 657/281 679/280 663/270
f 679/280 683/271 663/270
f 680/274 658/275 664/254
f 634/256 664/254 658/275
f 681/273 680/274 666/252
f 680/274 664/254 666/252
f 682/272 681/273 668/250
f 681/273 666/252 668/250
f 683/271 682/272 670/247
f 682/272 668/250 670/247
f 663/270 683/271 644/248
f 683/271 670/247 644/248
f 684/284 685/283 686/282
f 687/285 686/282 685/283
f 688/287 684/284 689/286
f 686/282 689/286 684/284
f 690/289 688/287 691/288
f 689/286 691/288 688/287
f 692/291 690/289 693/290
f 691/288 693/290 690/289
f 694/293 692/291 695/292
f 693/290 695/292 692/291
f 685/293 696/291 687/292
f 696/291 697/290 687/292
f 696/291 698/289 697/290
f 699/288 697/290 698/289
f 698/289 700/287 699/288
f 701/286 699/288 700/287
f 700/287 702/284 701/286
f 703/282 701/286 702/284
f 702/284 694/283 703/282
f 695/285 703/282 694/283
f 687/296 697/295 636/294
f 697/295 665/297 636/294
f 686/299 687/296 637/298
f 636/294 637/298 687/296
f 689/301 686/299 639/300
f 637/298 639/300 686/299
f 691/303 689/301 641/302
f 639/300 641/302 689/301
f 693/305 691/303 643/304
f 641/302 643/304 691/303
f 697/295 699/296 665/297
f 667/294 665/297 699/296
f 699/296 701/299 667/294
f 669/298 667/294 701/299
f 701/299 703/301 669/298
f 671/300 669/298 703/301
f 703/301 695/303 671/300
f 645/302 671/300 695/303
f 695/303 693/305 645/302
f 643/304 645/302 693/305
f 704/308 705/307 706/306
f 705/307 707/309 706/306
f 708/312 709/311 710/310
f 709/311 711/313 710/310
f 705/307 712/314 707/309
f 712/314 713/315 707/309
f 712/314 708/312 713/315
f 708/312 710/310 713/315
f 714/314 715/312 716/315
f 715/312 717/310 716/315
f 718/307 714/314 719/309
f 714/314 716/315 719/309
f 715/312 704/311 717/310
f 704/311 706/313 717/310
f 709/308 718/307 711/306
f 718/307 719/309 711/306
f 706/318 707/317 720/316
f 710/320 711/319 720/316
f 707/317 713/321 720/316
f 713/321 710/320 720/316
f 721/245 722/242 723/244
f 724/241 723/244 722/242
f 722/242 725/240 724/241
f 726/243 724/241 725/240
f 727/245 728/244 729/242
f 730/241 729/242 728/244
f 729/242 730/241 731/240
f 731/240 730/241 732/243
f 733/266 734/268 735/267
f 734/268 736/269 735/267
f 735/267 736/269 737/274
f 736/269 738/275 737/274
f 737/274 738/275 739/254
f 738/275 740/256 739/254
f 739/254 740/256 741/255
f 742/257 741/255 740/256
f 743/252 739/254 744/253
f 741/255 744/253 739/254
f 745/273 737/274 743/252
f 737/274 739/254 743/252
f 746/265 735/267 745/273
f 735/267 737/274 745/273
f 747/264 733/266 746/265
f 733/266 735/267 746/265
f 748/250 743/252 749/251
f 744/253 749/251 743/252
f 750/248 751/247 752/246
f 753/249 752/246 751/247
f 754/272 745/273 748/250
f 745/273 743/252 748/250
f 755/270 756/271 750/248
f 756/271 751/247 750/248
f 751/247 748/250 753/249
f 749/251 753/249 748/250
f 757/263 746/265 754/272
f 746/265 745/273 754/272
f 758/258 759/261 755/270
f 759/261 756/271 755/270
f 760/262 747/264 757/263
f 747/264 746/265 757/263
f 761/260 762/259 758/258
f 762/259 759/261 758/258
f 756/271 754/272 751/247
f 754/272 748/250 751/247
f 759/261 757/263 756/271
f 757/263 754/272 756/271
f 762/259 760/262 759/261
f 760/262 757/263 759/261
f 763/259 764/262 765/280
f 764/262 766/279 765/280
f 765/280 766/279 767/271
f 766/279 768/272 767/271
f 767/271 768/272 769/247
f 768/272 770/250 769/247
f 734/260 763/259 736/281
f 763/259 765/280 736/281
f 764/262 771/264 766/279
f 771/264 772/278 766/279
f 766/279 772/278 768/272
f 772/278 773/273 768/272
f 736/281 765/280 738/270
f 765/280 767/271 738/270
f 769/247 770/250 774/249
f 775/251 774/249 770/250
f 768/272 773/273 770/250
f 773/273 776/252 770/250
f 738/270 767/271 740/248
f 767/271 769/247 740/248
f 770/250 776/252 775/251
f 777/253 775/251 776/252
f 740/248 769/247 742/246
f 774/249 742/246 769/247
f 771/264 778/266 772/278
f 778/266 779/276 772/278
f 772/278 779/276 773/273
f 779/276 780/274 773/273
f 773/273 780/274 776/252
f 780/274 781/254 776/252
f 776/252 781/254 777/253
f 782/255 777/253 781/254
f 750/256 752/257 781/254
f 752/257 782/255 781/254
f 780/274 755/275 781/254
f 750/256 781/254 755/275
f 779/276 758/277 780/274
f 755/275 780/274 758/277
f 778/266 761/268 779/276
f 758/277 779/276 761/268
f 783/293 784/291 785/292
f 786/290 785/292 784/291
f 784/291 787/289 786/290
f 788/288 786/290 787/289
f 787/289 789/287 788/288
f 790/286 788/288 789/287
f 791/284 792/283 793/282
f 794/285 793/282 792/283
f 789/287 791/284 790/286
f 793/282 790/286 791/284
f 795/287 796/284 797/286
f 798/282 797/286 796/284
f 796/284 783/283 798/282
f 785/285 798/282 783/283
f 799/289 795/287 800/288
f 797/286 800/288 795/287
f 801/291 799/289 802/290
f 800/288 802/290 799/289
f 792/293 801/291 794/292
f 801/291 802/290 794/292
f 786/305 788/303 741/304
f 744/302 741/304 788/303
f 794/296 802/295 752/294
f 802/295 782/297 752/294
f 793/299 794/296 753/298
f 752/294 753/298 794/296
f 788/303 790/301 744/302
f 749/300 744/302 790/301
f 790/301 793/299 749/300
f 753/298 749/300 793/299
f 797/299 798/301 775/298
f 774/300 775/298 798/301
f 798/301 785/303 774/300
f 742/302 774/300 785/303
f 800/296 797/299 777/294
f 775/298 777/294 797/299
f 785/303 786/305 742/302
f 741/304 742/302 786/305
f 802/295 800/296 782/297
f 777/294 782/297 800/296
f 175/324 181/323 177/322
f 181/323 179/325 177/322
f 182/328 803/327 186/326
f 803/327 190/329 186/326
f 803/327 804/330 190/329
f 804/330 194/331 190/329
f 804/330 805/332 194/331
f 805/332 198/333 194/331
f 805/332 205/334 198/333
f 205/334 202/335 198/333
f 206/328 806/327 210/326
f 806/327 214/329 210/326
f 806/327 807/330 214/329
f 807/330 218/331 214/329
f 807/330 808/332 218/331
f 808/332 222/333 218/331
f 808/332 229/334 222/333
f 229/334 226/335 222/333
f 809/338 810/337 811/336
f 812/339 811/336 810/337
f 810/337 809/338 813/340
f 814/341 813/340 809/338
usemtl texture3
f 540/344 544/343 548/342
f 544/343 550/345 548/342
f 545/347 544/343 542/346
f 544/343 540/344 542/346
f 543/350 541/349 547/348
f 541/349 546/351 547/348
f 546/351 541/349 551/352
f 541/349 549/353 551/352
f 622/344 626/343 630/342
f 626/343 632/345 630/342
f 627/347 626/343 624/346
f 626/343 622/344 624/346
f 625/350 623/349 629/348
f 623/349 628/351 629/348
f 628/351 623/349 633/352
f 623/349 631/353 633/352
f 165/311 163/308 161/354
f 163/308 155/355 161/354
f 724/351 730/349 723/352
f 730/349 728/353 723/352
f 732/350 730/349 726/348
f 730/349 724/351 726/348
f 725/347 722/343 731/346
f 722/343 729/344 731/346
f 729/344 722/343 727/342
f 722/343 721/345 727/342
f 815/358 816/357 817/356
f 816/357 818/359 817/356
f 817/356 818/359 819/360
f 818/359 820/361 819/360
f 816/357 821/362 818/359
f 821/362 822/363 818/359
f 818/359 822/363 820/361
f 822/363 823/364 820/361
f 824/366 822/363 825/365
f 822/363 821/362 825/365
f 826/367 823/364 824/366
f 823/364 822/363 824/366
f 825/370 815/369 824/368
f 815/369 817/371 824/368
f 824/368 817/371 826/372
f 817/371 819/373 826/372
f 827/358 828/357 829/356
f 828/357 830/359 829/356
f 829/356 830/359 831/360
f 830/359 832/361 831/360
f 828/357 833/362 830/359
f 833/362 834/363 830/359
f 830/359 834/363 832/361
f 834/363 835/364 832/361
f 836/366 834/363 837/365
f 834/363 833/362 837/365
f 838/367 835/364 836/366
f 835/364 834/363 836/366
f 837/370 827/369 836/368
f 827/369 829/371 836/368
f 836/368 829/371 838/372
f 829/371 831/373 838/372
usemtl texture4
f 565/376 564/375 602/374
f 603/377 602/374 564/375
f 565/376 602/374 568/378
f 602/374 606/379 568/378
f 568/378 606/379 570/380
f 606/379 608/381 570/380
f 570/380 608/381 572/382
f 608/381 610/383 572/382
f 572/382 610/383 574/384
f 610/383 612/385 574/384
f 590/382 614/383 564/384
f 614/383 603/385 564/384
f 592/380 616/381 590/382
f 616/381 614/383 590/382
f 594/378 618/379 592/380
f 618/379 616/381 592/380
f 596/376 620/374 594/378
f 620/374 618/379 594/378
f 574/375 612/377 596/376
f 612/377 620/374 596/376
f 647/376 646/375 684/374
f 685/377 684/374 646/375
f 647/376 684/374 650/378
f 684/374 688/379 650/378
f 650/378 688/379 652/380
f 688/379 690/381 652/380
f 652/380 690/381 654/382
f 690/381 692/383 654/382
f 654/382 692/383 656/384
f 692/383 694/385 656/384
f 672/382 696/383 646/384
f 696/383 685/385 646/384
f 674/380 698/381 672/382
f 698/381 696/383 672/382
f 676/378 700/379 674/380
f 700/379 698/381 674/380
f 678/376 702/374 676/378
f 702/374 700/379 676/378
f 656/375 694/377 678/376
f 694/377 702/374 678/376
f 733/382 784/383 734/384
f 784/383 783/385 734/384
f 747/380 787/381 733/382
f 787/381 784/383 733/382
f 760/378 789/379 747/380
f 789/379 787/381 747/380
f 762/376 761/375 791/374
f 792/377 791/374 761/375
f 762/376 791/374 760/378
f 791/374 789/379 760/378
f 763/376 796/374 764/378
f 796/374 795/379 764/378
f 764/378 795/379 771/380
f 795/379 799/381 771/380
f 734/375 783/377 763/376
f 783/377 796/374 763/376
f 771/380 799/381 778/382
f 799/381 801/383 778/382
f 778/382 801/383 761/384
f 801/383 792/385 761/384
f 839/388 840/387 841/386
f 840/387 842/389 841/386
f 843/391 844/390 839/388
f 844/390 840/387 839/388
f 530/394 845/393 526/392
f 845/393 527/395 526/392
f 532/397 846/396 530/394
f 846/396 845/393 530/394
f 534/399 847/398 532/397
f 847/398 846/396 532/397
f 536/401 539/400 534/399
f 539/400 847/398 534/399
usemtl texture5
f 848/404 849/403 850/402
f 851/405 850/402 849/403
f 852/408 853/407 854/406
f 855/409 854/406 853/407
f 853/407 848/404 855/409
f 850/402 855/409 848/404
f 850/402 851/405 856/410
f 854/406 855/409 856/410
f 855/409 850/402 856/410
f 857/404 858/407 859/402
f 860/409 859/402 858/407
f 849/403 857/404 851/405
f 859/402 851/405 857/404
f 858/407 852/408 860/409
f 854/406 860/409 852/408
f 859/402 860/409 856/410
f 851/405 859/402 856/410
f 860/409 854/406 856/410
f 861/404 862/403 863/402
f 864/405 863/402 862/403
f 865/408 866/407 867/406
f 868/409 867/406 866/407
f 866/407 861/404 868/409
f 863/402 868/409 861/404
f 863/402 864/405 869/410
f 867/406 868/409 869/410
f 868/409 863/402 869/410
f 870/404 871/407 872/402
f 873/409 872/402 871/407
f 862/403 870/404 864/405
f 872/402 864/405 870/404
f 871/407 865/408 873/409
f 867/406 873/409 865/408
f 872/402 873/409 869/410
f 864/405 872/402 869/410
f 873/409 867/406 869/410
f 874/413 875/412 876/411
f 877/414 876/411 875/412
f 875/412 878/415 877/414
f 879/416 877/414 878/415
f 880/418 874/413 881/417
f 876/411 881/417 874/413
f 876/411 877/414 882/419
f 877/414 879/416 882/419
f 881/417 876/411 882/419
f 878/415 883/412 879/416
f 884/414 879/416 883/412
f 885/413 880/418 886/411
f 881/417 886/411 880/418
f 883/412 885/413 884/414
f 886/411 884/414 885/413
f 879/416 884/414 882/419
f 886/411 881/417 882/419
f 884/414 886/411 882/419
f 887/422 888/421 889/420
f 888/421 890/423 889/420
f 891/426 887/425 892/424
f 887/425 889/427 892/424
f 888/425 893/426 890/427
f 893/426 894/424 890/427
f 891/430 893/429 887/428
f 893/429 888/431 887/428
f 889/428 890/431 892/430
f 890/431 894/429 892/430
f 895/434 896/433 897/432
f 897/432 896/433 898/435
f 899/438 900/437 901/436
f 901/436 900/437 902/439
f 189/441 897/432 184/440
f 897/432 898/435 184/440
f 900/437 803/442 902/439
f 902/439 803/442 182/443
f 903/445 904/444 897/432
f 904/444 895/434 897/432
f 899/438 905/446 900/437
f 905/446 906/447 900/437
f 193/448 903/445 189/441
f 903/445 897/432 189/441
f 900/437 906/447 803/442
f 906/447 804/449 803/442
f 907/451 908/450 903/445
f 908/450 904/444 903/445
f 905/446 909/452 906/447
f 909/452 910/453 906/447
f 197/454 907/451 193/448
f 907/451 903/445 193/448
f 906/447 910/453 804/449
f 910/453 805/455 804/449
f 908/450 907/451 911/456
f 911/456 907/451 912/457
f 913/459 914/458 909/452
f 909/452 914/458 910/453
f 912/457 907/451 200/460
f 907/451 197/454 200/460
f 910/453 914/458 805/455
f 914/458 205/461 805/455
f 901/464 902/463 896/462
f 902/463 898/465 896/462
f 184/467 898/465 182/466
f 898/465 902/463 182/466
f 895/470 899/469 896/468
f 899/469 901/471 896/468
f 904/473 905/472 895/470
f 905/472 899/469 895/470
f 908/475 909/474 904/473
f 909/474 905/472 904/473
f 913/477 909/474 911/476
f 909/474 908/475 911/476
f 913/480 911/479 914/478
f 914/478 911/479 912/481
f 205/483 914/478 200/482
f 914/478 912/481 200/482
f 915/434 916/433 917/432
f 917/432 916/433 918/435
f 919/438 920/437 921/436
f 921/436 920/437 922/439
f 920/437 806/442 922/439
f 922/439 806/442 206/443
f 213/441 917/432 208/440
f 917/432 918/435 208/440
f 923/445 924/444 917/432
f 924/444 915/434 917/432
f 919/438 925/446 920/437
f 925/446 926/447 920/437
f 920/437 926/447 806/442
f 926/447 807/449 806/442
f 217/448 923/445 213/441
f 923/445 917/432 213/441
f 927/451 928/450 923/445
f 928/450 924/444 923/445
f 925/446 929/452 926/447
f 929/452 930/453 926/447
f 926/447 930/453 807/449
f 930/453 808/455 807/449
f 221/454 927/451 217/448
f 927/451 923/445 217/448
f 928/450 927/451 931/456
f 931/456 927/451 932/457
f 933/459 934/458 929/452
f 929/452 934/458 930/453
f 932/457 927/451 224/460
f 927/451 221/454 224/460
f 930/453 934/458 808/455
f 934/458 229/461 808/455
f 921/464 922/463 916/462
f 922/463 918/465 916/462
f 208/467 918/465 206/466
f 918/465 922/463 206/466
f 915/470 919/469 916/468
f 919/469 921/471 916/468
f 924/473 925/472 915/470
f 925/472 919/469 915/470
f 928/475 929/474 924/473
f 929/474 925/472 924/473
f 933/477 929/474 931/476
f 929/474 928/475 931/476
f 933/480 931/479 934/478
f 934/478 931/479 932/481
f 229/483 934/478 224/482
f 934/478 932/481 224/482
f 935/486 936/485 232/484
f 232/484 936/485 235/487
f 935/490 232/489 937/488
f 232/489 938/491 937/488
f 235/487 936/485 236/492
f 936/485 939/493 236/492
f 938/491 940/494 937/488
f 940/494 941/495 937/488
f 939/493 942/496 236/492
f 942/496 239/497 236/492
f 941/495 940/494 943/498
f 940/494 944/499 943/498
f 239/497 942/496 241/500
f 942/496 945/501 241/500
f 246/503 946/502 944/499
f 944/499 946/502 943/498
f 945/501 947/504 241/500
f 947/504 243/505 241/500
f 243/508 947/507 246/506
f 947/507 946/509 246/506
f 841/512 842/511 948/510
f 842/511 949/513 948/510
f 839/515 841/512 950/514
f 841/512 948/510 950/514
f 843/517 839/515 951/516
f 839/515 950/514 951/516
f 951/516 952/518 843/517
f 952/518 844/519 843/517
usemtl texture6
f 953/522 954/521 955/520
f 956/523 954/521 953/522
f 957/524 954/521 956/523
f 955/520 954/521 958/525
f 958/525 954/521 959/526
f 959/526 954/521 957/524
f 960/529 961/528 962/527
f 963/530 961/528 960/529
f 964/531 961/528 963/530
f 962/527 961/528 965/532
f 965/532 961/528 966/533
f 966/533 961/528 964/531
f 715/536 714/535 967/534
f 714/535 718/537 967/534
f 704/538 715/536 967/534
f 718/537 709/539 967/534
f 705/540 704/538 967/534
f 709/539 708/541 967/534
f 712/542 705/540 967/534
f 708/541 712/542 967/534
f 968/545 969/544 970/543
f 970/543 969/544 971/546
f 972/547 969/544 968/545
f 971/546 969/544 973/548
f 974/549 969/544 972/547
f 973/548 969/544 974/549
usemtl texture7
f 975/552 976/551 977/550
f 978/550 976/551 979/552
f 977/550 976/553 978/552
f 979/552 976/553 975/550
f 980/556 981/555 982/554
f 981/555 983/557 982/554
f 984/556 985/554 986/555
f 985/554 987/557 986/555
f 983/559 981/15 987/558
f 981/15 986/14 987/558
f 982/10 983/559 985/12
f 983/559 987/558 985/12
f 988/556 989/555 990/554
f 989/555 991/557 990/554
f 992/556 993/554 994/555
f 993/554 995/557 994/555
f 991/559 989/15 995/558
f 989/15 994/14 995/558
f 990/10 991/559 993/12
f 991/559 995/558 993/12
f 996/562 997/561 998/560
f 998/560 997/561 999/563
f 997/561 996/562 1000/564
f 996/562 1001/565 1000/564
f 1001/565 1002/566 1000/564
f 1002/566 1003/567 1000/564
f 1002/566 1004/568 1003/567
f 1004/568 1005/569 1003/567
f 1006/572 1007/571 1008/570
f 1008/570 1007/571 1009/573
f 1004/568 1006/572 1005/569
f 1006/572 1008/570 1005/569
f 1010/576 998/575 1011/574
f 998/575 999/577 1011/574
f 1007/579 1010/576 1009/578
f 1010/576 1011/574 1009/578
f 1012/562 1013/561 1014/560
f 1014/560 1013/561 1015/563
f 1013/561 1012/562 1016/564
f 1012/562 1017/565 1016/564
f 1017/565 1018/566 1016/564
f 1018/566 1019/567 1016/564
f 1018/566 1020/568 1019/567
f 1020/568 1021/569 1019/567
f 1022/572 1023/571 1024/570
f 1024/570 1023/571 1025/573
f 1020/568 1022/572 1021/569
f 1022/572 1024/570 1021/569
f 1026/576 1014/575 1027/574
f 1014/575 1015/577 1027/574
f 1023/579 1026/576 1025/578
f 1026/576 1027/574 1025/578
usemtl texture8
f 1028/582 1029/581 1030/580
f 1031/583 1028/582 1030/580
f 1029/581 1031/583 1030/580
usemtl texture9
f 825/586 821/585 815/584
f 821/585 816/556 815/584
f 819/586 820/585 826/584
f 820/585 823/556 826/584
f 837/586 833/585 827/584
f 833/585 828/556 827/584
f 831/586 832/585 838/584
f 832/585 835/556 838/584
f 172/589 173/588 166/587
f 173/588 167/590 166/587
f 168/587 169/590 170/589
f 169/590 171/588 170/589
f 1032/593 1033/592 1034/591
f 1033/592 1035/594 1034/591
f 1036/597 512/596 1037/595
f 512/596 514/598 1037/595
f 1038/600 1036/597 1039/599
f 1036/597 1037/595 1039/599
f 1040/602 1038/600 1041/601
f 1038/600 1039/599 1041/601
f 518/604 1040/602 516/603
f 1040/602 1041/601 516/603
f 1042/607 1043/606 1044/605
f 1043/606 1045/608 1044/605
f 511/611 1046/610 509/609
f 1046/610 1047/612 509/609
f 1047/612 1046/610 1048/613
f 1046/610 1049/614 1048/613
f 1048/613 1049/614 1050/615
f 1049/614 1051/616 1050/615
f 1050/615 1051/616 525/617
f 1051/616 524/618 525/617
usemtl texture10
f 510/621 511/620 1032/619
f 511/620 1033/622 1032/619
f 1034/621 1035/620 508/619
f 1035/620 509/622 508/619
f 1036/625 520/624 512/623
f 520/624 513/626 512/623
f 1038/628 1052/627 1036/625
f 1052/627 520/624 1036/625
f 1040/630 523/629 1038/628
f 523/629 1052/627 1038/628
f 518/632 519/631 1040/630
f 519/631 523/629 1040/630
f 1044/635 1045/634 518/633
f 1045/634 524/636 518/633
f 527/639 845/638 511/637
f 845/638 1046/640 511/637
f 1046/640 845/638 1049/641
f 845/638 846/642 1049/641
f 1049/641 846/642 1051/643
f 846/642 847/644 1051/643
f 1051/643 847/644 524/645
f 847/644 539/646 524/645
usemtl texture12
f 1057/649 1058/648 1059/647
f 1058/648 1060/650 1059/647
f 1061/652 1057/649 1062/651
f 1057/649 1059/647 1062/651
f 1063/654 1064/653 1058/648
f 1058/648 1064/653 1060/650
f 1065/656 1066/655 1063/654
f 1063/654 1066/655 1064/653
f 1065/658 1061/652 1066/657
f 1066/657 1061/652 1062/651
f 1060/650 1067/659 1059/647
f 1067/659 1068/660 1059/647
f 1069/661 1062/651 1068/660
f 1059/647 1068/660 1062/651
f 1064/653 1070/662 1060/650
f 1070/662 1067/659 1060/650
f 1066/655 1071/663 1064/653
f 1071/663 1070/662 1064/653
f 1071/664 1066/657 1069/661
f 1066/657 1062/651 1069/661
f 1067/659 1072/665 1068/660
f 1072/665 1073/666 1068/660
f 1074/667 1072/665 1070/662
f 1072/665 1067/659 1070/662
f 1069/661 1068/660 1075/668
f 1068/660 1073/666 1075/668
f 1071/663 1076/669 1070/662
f 1076/669 1074/667 1070/662
f 1076/670 1071/664 1075/668
f 1071/664 1069/661 1075/668
f 1077/672 1073/666 1078/671
f 1073/666 1072/665 1078/671
f 1074/667 1079/673 1072/665
f 1078/671 1072/665 1079/673
f 1075/668 1073/666 1080/674
f 1073/666 1077/672 1080/674
f 1081/676 1082/675 1078/671
f 1082/675 1077/672 1078/671
f 1083/677 1076/670 1080/674
f 1076/670 1075/668 1080/674
f 1076/669 1083/678 1074/667
f 1083/678 1079/673 1074/667
f 1084/679 1081/676 1079/673
f 1081/676 1078/671 1079/673
f 1085/680 1080/674 1082/675
f 1077/672 1082/675 1080/674
f 1082/675 1081/676 1086/681
f 1081/676 1087/682 1086/681
f 1083/678 1088/683 1079/673
f 1088/683 1084/679 1079/673
f 1088/684 1083/677 1085/680
f 1083/677 1080/674 1085/680
f 1084/679 1089/685 1081/676
f 1081/676 1089/685 1087/682
f 1085/680 1082/675 1090/686
f 1082/675 1086/681 1090/686
f 1087/682 1091/687 1086/681
f 1091/687 1092/688 1086/681
f 1088/683 1093/689 1084/679
f 1084/679 1093/689 1089/685
f 1093/690 1088/684 1090/686
f 1088/684 1085/680 1090/686
f 1091/687 1087/682 1094/691
f 1089/685 1094/691 1087/682
f 1086/681 1092/688 1090/686
f 1092/688 1095/692 1090/686
f 1091/687 1096/693 1092/688
f 1096/693 1097/694 1092/688
f 1094/691 1089/685 1098/695
f 1093/689 1098/695 1089/685
f 1090/686 1095/692 1093/690
f 1098/696 1093/690 1095/692
f 1096/693 1091/687 1099/697
f 1099/697 1091/687 1094/691
f 1092/688 1097/694 1095/692
f 1095/692 1097/694 1100/698
f 1099/697 1094/691 1101/699
f 1098/695 1101/699 1094/691
f 1095/692 1100/698 1098/696
f 1101/700 1098/696 1100/698
f 1102/702 1097/694 1103/701
f 1097/694 1096/693 1103/701
f 1103/701 1096/693 1104/703
f 1096/693 1099/697 1104/703
f 1097/694 1102/702 1100/698
f 1100/698 1102/702 1105/704
f 1104/703 1099/697 1106/705
f 1101/699 1106/705 1099/697
f 1100/698 1105/704 1101/700
f 1106/706 1101/700 1105/704
f 1107/708 1108/707 1103/701
f 1108/707 1102/702 1103/701
f 1107/708 1103/701 1109/709
f 1109/709 1103/701 1104/703
f 1108/707 1110/710 1102/702
f 1102/702 1110/710 1105/704
f 1109/709 1104/703 1111/711
f 1106/705 1111/711 1104/703
f 1110/710 1111/712 1105/704
f 1111/712 1106/706 1105/704
f 1108/707 1107/708 1112/713
f 1107/708 1113/714 1112/713
f 1107/708 1109/709 1113/714
f 1109/709 1114/715 1113/714
f 1108/707 1112/713 1110/710
f 1110/710 1112/713 1115/716
f 1109/709 1111/711 1114/715
f 1111/711 1116/717 1114/715
f 1110/710 1115/716 1111/712
f 1116/718 1111/712 1115/716
f 1113/714 1117/719 1112/713
f 1117/719 1118/720 1112/713
f 1117/719 1113/714 1119/721
f 1114/715 1119/721 1113/714
f 1112/713 1118/720 1115/716
f 1118/720 1120/722 1115/716
f 1119/721 1114/715 1121/723
f 1116/717 1121/723 1114/715
f 1115/716 1120/722 1116/718
f 1121/724 1116/718 1120/722
f 1122/726 1119/721 1123/725
f 1121/723 1123/725 1119/721
f 1120/722 1124/727 1121/724
f 1123/728 1121/724 1124/727
f 1125/729 1117/719 1122/726
f 1122/726 1117/719 1119/721
f 1118/720 1126/730 1120/722
f 1120/722 1126/730 1124/727
f 1117/719 1125/729 1118/720
f 1125/729 1126/730 1118/720
f 1122/726 1123/725 1127/731
f 1123/725 1128/732 1127/731
f 1124/727 1129/733 1123/728
f 1128/734 1123/728 1129/733
f 1130/735 1125/729 1127/731
f 1125/729 1122/726 1127/731
f 1131/736 1129/733 1126/730
f 1124/727 1126/730 1129/733
f 1131/736 1126/730 1130/735
f 1126/730 1125/729 1130/735
f 1132/738 1127/731 1133/737
f 1128/732 1133/737 1127/731
f 1129/733 1134/739 1128/734
f 1133/740 1128/734 1134/739
f 1130/735 1127/731 1135/741
f 1132/738 1135/741 1127/731
f 1131/736 1136/742 1129/733
f 1136/742 1134/739 1129/733
f 1135/741 1136/742 1130/735
f 1136/742 1131/736 1130/735
f 1133/737 1137/743 1132/738
f 1132/738 1137/743 1138/744
f 1137/746 1133/740 1139/745
f 1133/740 1134/739 1139/745
f 1132/738 1138/744 1135/741
f 1135/741 1138/744 1140/747
f 1134/739 1136/742 1139/745
f 1136/742 1141/748 1139/745
f 1136/742 1135/741 1141/748
f 1135/741 1140/747 1141/748
f 1142/750 1143/749 1137/743
f 1137/743 1143/749 1138/744
f 1142/752 1137/746 1144/751
f 1137/746 1139/745 1144/751
f 1143/749 1145/753 1138/744
f 1138/744 1145/753 1140/747
f 1144/751 1139/745 1146/754
f 1141/748 1146/754 1139/745
f 1140/747 1145/753 1141/748
f 1145/753 1146/754 1141/748
f 1142/750 1147/755 1143/749
f 1147/755 1148/756 1143/749
f 1142/752 1144/751 1147/757
f 1147/757 1144/751 1149/758
f 1148/756 1150/759 1143/749
f 1150/759 1145/753 1143/749
f 1144/751 1146/754 1149/758
f 1146/754 1151/760 1149/758
f 1145/753 1150/759 1146/754
f 1150/759 1151/760 1146/754
f 1147/755 1152/761 1148/756
f 1152/761 1153/762 1148/756
f 1152/764 1147/757 1154/763
f 1147/757 1149/758 1154/763
f 1148/756 1153/762 1150/759
f 1155/765 1150/759 1153/762
f 1149/758 1151/760 1154/763
f 1151/760 1156/766 1154/763
f 1156/766 1151/760 1155/765
f 1151/760 1150/759 1155/765
f 1157/768 1158/767 1152/761
f 1152/761 1158/767 1153/762
f 1157/770 1152/764 1159/769
f 1152/764 1154/763 1159/769
f 1158/767 1160/771 1153/762
f 1160/771 1155/765 1153/762
f 1159/769 1154/763 1161/772
f 1156/766 1161/772 1154/763
f 1160/771 1161/772 1155/765
f 1161/772 1156/766 1155/765
f 1162/775 1163/774 1164/773
f 1165/776 1164/773 1163/774
f 1166/778 1165/776 1167/777
f 1165/776 1163/774 1167/777
f 1168/780 1162/775 1169/779
f 1164/773 1169/779 1162/775
f 1170/782 1166/778 1171/781
f 1171/781 1166/778 1167/777
f 1170/784 1171/783 1169/779
f 1169/779 1171/783 1168/780
f 1172/786 1173/785 1162/775
f 1162/775 1173/785 1163/774
f 1167/777 1163/774 1174/787
f 1163/774 1173/785 1174/787
f 1175/788 1172/786 1168/780
f 1168/780 1172/786 1162/775
f 1171/781 1167/777 1176/789
f 1176/789 1167/777 1174/787
f 1176/790 1175/788 1171/783
f 1171/783 1175/788 1168/780
f 1177/792 1178/791 1172/786
f 1178/791 1173/785 1172/786
f 1174/787 1173/785 1179/793
f 1173/785 1178/791 1179/793
f 1180/794 1177/792 1175/788
f 1177/792 1172/786 1175/788
f 1176/789 1174/787 1181/795
f 1181/795 1174/787 1179/793
f 1175/788 1176/790 1180/794
f 1176/790 1181/796 1180/794
f 1182/798 1183/797 1177/792
f 1183/797 1178/791 1177/792
f 1179/793 1178/791 1184/799
f 1178/791 1183/797 1184/799
f 1185/800 1182/798 1180/794
f 1182/798 1177/792 1180/794
f 1181/795 1179/793 1186/801
f 1186/801 1179/793 1184/799
f 1180/794 1181/796 1185/800
f 1181/796 1186/802 1185/800
f 1187/804 1188/803 1182/798
f 1183/797 1182/798 1188/803
f 1184/799 1183/797 1189/805
f 1183/797 1188/803 1189/805
f 1190/806 1187/804 1185/800
f 1182/798 1185/800 1187/804
f 1186/801 1184/799 1191/807
f 1191/807 1184/799 1189/805
f 1185/800 1186/802 1190/806
f 1186/802 1191/808 1190/806
f 1189/805 1188/803 1192/809
f 1188/803 1193/810 1192/809
f 1194/811 1193/810 1187/804
f 1187/804 1193/810 1188/803
f 1191/807 1189/805 1195/812
f 1195/812 1189/805 1192/809
f 1196/813 1194/811 1190/806
f 1190/806 1194/811 1187/804
f 1190/806 1191/808 1196/813
f 1191/808 1195/814 1196/813
f 1192/809 1193/810 1197/815
f 1193/810 1198/816 1197/815
f 1199/817 1198/816 1194/811
f 1198/816 1193/810 1194/811
f 1195/812 1192/809 1200/818
f 1200/818 1192/809 1197/815
f 1201/819 1199/817 1196/813
f 1199/817 1194/811 1196/813
f 1196/813 1195/814 1201/819
f 1195/814 1200/820 1201/819
f 1197/815 1198/816 1202/821
f 1198/816 1203/822 1202/821
f 1204/823 1203/822 1199/817
f 1203/822 1198/816 1199/817
f 1200/818 1197/815 1205/824
f 1205/824 1197/815 1202/821
f 1206/825 1204/823 1201/819
f 1204/823 1199/817 1201/819
f 1201/819 1200/820 1206/825
f 1200/820 1205/826 1206/825
f 1202/821 1203/822 1207/827
f 1203/822 1208/828 1207/827
f 1209/829 1208/828 1204/823
f 1203/822 1204/823 1208/828
f 1205/824 1202/821 1210/830
f 1210/830 1202/821 1207/827
f 1211/831 1209/829 1206/825
f 1204/823 1206/825 1209/829
f 1206/825 1205/826 1211/831
f 1205/826 1210/832 1211/831
f 1207/827 1208/828 1212/833
f 1208/828 1213/834 1212/833
f 1214/835 1213/834 1209/829
f 1209/829 1213/834 1208/828
f 1210/830 1207/827 1215/836
f 1215/836 1207/827 1212/833
f 1216/837 1214/835 1211/831
f 1211/831 1214/835 1209/829
f 1211/831 1210/832 1216/837
f 1210/832 1215/838 1216/837
f 1212/833 1213/834 1217/839
f 1213/834 1218/840 1217/839
f 1219/841 1218/840 1214/835
f 1218/840 1213/834 1214/835
f 1215/836 1212/833 1220/842
f 1220/842 1212/833 1217/839
f 1221/843 1219/841 1216/837
f 1219/841 1214/835 1216/837
f 1216/837 1215/838 1221/843
f 1215/838 1220/844 1221/843
f 1217/839 1218/840 1222/845
f 1218/840 1223/846 1222/845
f 1224/847 1223/846 1219/841
f 1223/846 1218/840 1219/841
f 1220/842 1217/839 1225/848
f 1225/848 1217/839 1222/845
f 1226/849 1224/847 1221/843
f 1224/847 1219/841 1221/843
f 1221/843 1220/844 1226/849
f 1220/844 1225/850 1226/849
f 1227/852 1228/851 1223/846
f 1222/845 1223/846 1228/851
f 1229/853 1227/852 1224/847
f 1223/846 1224/847 1227/852
f 1225/848 1222/845 1230/854
f 1230/854 1222/845 1228/851
f 1224/847 1226/849 1229/853
f 1226/849 1231/855 1229/853
f 1226/849 1225/850 1231/855
f 1225/850 1230/856 1231/855
f 1227/852 1232/857 1228/851
f 1232/857 1233/858 1228/851
f 1232/857 1227/852 1234/859
f 1229/853 1234/859 1227/852
f 1228/851 1233/858 1230/854
f 1235/860 1230/854 1233/858
f 1234/859 1229/853 1236/861
f 1231/855 1236/861 1229/853
f 1236/861 1231/855 1235/862
f 1230/856 1235/862 1231/855
f 1232/857 1237/863 1233/858
f 1233/858 1237/863 1238/864
f 1237/863 1232/857 1239/865
f 1234/859 1239/865 1232/857
f 1233/858 1238/864 1235/860
f 1240/866 1235/860 1238/864
f 1239/865 1234/859 1241/867
f 1241/867 1234/859 1236/861
f 1241/867 1236/861 1240/868
f 1235/862 1240/868 1236/861
f 1237/863 1242/869 1238/864
f 1238/864 1242/869 1243/870
f 1242/869 1237/863 1244/871
f 1237/863 1239/865 1244/871
f 1238/864 1243/870 1240/866
f 1245/872 1240/866 1243/870
f 1244/871 1239/865 1246/873
f 1239/865 1241/867 1246/873
f 1246/873 1241/867 1245/874
f 1241/867 1240/868 1245/874
f 1242/869 1247/875 1243/870
f 1247/875 1248/876 1243/870
f 1243/870 1248/876 1245/872
f 1249/877 1245/872 1248/876
f 1247/875 1242/869 1250/878
f 1244/871 1250/878 1242/869
f 1251/880 1246/873 1249/879
f 1245/874 1249/879 1246/873
f 1250/878 1244/871 1251/880
f 1246/873 1251/880 1244/871
f 1247/875 1252/881 1248/876
f 1248/876 1252/881 1253/882
f 1253/882 1254/883 1248/876
f 1254/883 1249/877 1248/876
f 1252/881 1247/875 1255/884
f 1247/875 1250/878 1255/884
f 1256/886 1251/880 1254/885
f 1249/879 1254/885 1251/880
f 1250/878 1251/880 1255/884
f 1255/884 1251/880 1256/886
f 1257/888 1258/887 1253/882
f 1258/887 1254/883 1253/882
f 1259/889 1257/888 1252/881
f 1252/881 1257/888 1253/882
f 1260/891 1256/886 1258/890
f 1254/885 1258/890 1256/886
f 1252/881 1255/884 1259/889
f 1261/892 1259/889 1255/884
f 1255/884 1256/886 1261/892
f 1260/891 1261/892 1256/886
f 1262/894 1263/893 1257/888
f 1263/893 1258/887 1257/888
f 1264/895 1262/894 1259/889
f 1257/888 1259/889 1262/894
f 1260/891 1258/890 1265/896
f 1258/890 1263/897 1265/896
f 1259/889 1261/892 1264/895
f 1261/892 1266/898 1264/895
f 1261/892 1260/891 1266/898
f 1260/891 1265/896 1266/898
f 1267/900 1268/899 1262/894
f 1268/899 1263/893 1262/894
f 1269/901 1267/900 1264/895
f 1264/895 1267/900 1262/894
f 1268/903 1270/902 1263/897
f 1263/897 1270/902 1265/896
f 1264/895 1266/898 1269/901
f 1266/898 1271/904 1269/901
f 1266/898 1265/896 1271/904
f 1265/896 1270/902 1271/904
f 1272/906 1273/905 1267/900
f 1273/905 1268/899 1267/900
f 1274/907 1272/906 1269/901
f 1267/900 1269/901 1272/906
f 1273/909 1275/908 1268/903
f 1268/903 1275/908 1270/902
f 1269/901 1271/904 1274/907
f 1274/907 1271/904 1276/910
f 1271/904 1270/902 1276/910
f 1276/910 1270/902 1275/908
f 1277/912 1278/911 1272/906
f 1278/911 1273/905 1272/906
f 1278/914 1279/913 1273/909
f 1273/909 1279/913 1275/908
f 1280/915 1277/912 1274/907
f 1274/907 1277/912 1272/906
f 1276/910 1275/908 1281/916
f 1279/913 1281/916 1275/908
f 1274/907 1276/910 1280/915
f 1281/916 1280/915 1276/910
f 1282/918 1283/917 1277/912
f 1283/917 1278/911 1277/912
f 1283/920 1284/919 1278/914
f 1279/913 1278/914 1284/919
f 1277/912 1280/915 1282/918
f 1280/915 1285/921 1282/918
f 1281/916 1279/913 1286/922
f 1279/913 1284/919 1286/922
f 1280/915 1281/916 1285/921
f 1281/916 1286/922 1285/921
f 1283/917 1282/918 1287/923
f 1287/923 1282/918 1288/924
f 1287/926 1289/925 1283/920
f 1283/920 1289/925 1284/919
f 1282/918 1285/921 1288/924
f 1285/921 1290/927 1288/924
f 1289/925 1291/928 1284/919
f 1284/919 1291/928 1286/922
f 1285/921 1286/922 1290/927
f 1286/922 1291/928 1290/927
f 1287/926 1292/929 1289/925
f 1292/929 1293/930 1289/925
f 1292/932 1287/923 1294/931
f 1287/923 1288/924 1294/931
f 1289/925 1293/930 1291/928
f 1295/933 1291/928 1293/930
f 1288/924 1290/927 1294/931
f 1290/927 1296/934 1294/931
f 1291/928 1295/933 1290/927
f 1296/934 1290/927 1295/933
f 1297/936 1292/932 1298/935
f 1292/932 1294/931 1298/935
f 1292/929 1297/937 1293/930
f 1297/937 1299/938 1293/930
f 1298/935 1294/931 1300/939
f 1296/934 1300/939 1294/931
f 1299/938 1301/940 1293/930
f 1301/940 1295/933 1293/930
f 1300/939 1296/934 1301/940
f 1301/940 1296/934 1295/933
f 1297/937 1302/941 1299/938
f 1299/938 1302/941 1303/942
f 1302/944 1297/936 1304/943
f 1297/936 1298/935 1304/943
f 1303/942 1305/945 1299/938
f 1301/940 1299/938 1305/945
f 1304/943 1298/935 1306/946
f 1298/935 1300/939 1306/946
f 1300/939 1301/940 1306/946
f 1301/940 1305/945 1306/946
f 1302/941 1307/947 1303/942
f 1307/947 1308/948 1303/942
f 1307/950 1302/944 1309/949
f 1302/944 1304/943 1309/949
f 1303/942 1308/948 1305/945
f 1308/948 1310/951 1305/945
f 1309/949 1304/943 1311/952
f 1306/946 1311/952 1304/943
f 1305/945 1310/951 1306/946
f 1310/951 1311/952 1306/946
f 1312/954 1307/950 1313/953
f 1307/950 1309/949 1313/953
f 1307/947 1312/955 1308/948
f 1312/955 1314/956 1308/948
f 1309/949 1311/952 1313/953
f 1311/952 1315/957 1313/953
f 1314/956 1316/958 1308/948
f 1316/958 1310/951 1308/948
f 1310/951 1316/958 1311/952
f 1316/958 1315/957 1311/952
f 1317/961 1318/960 1319/959
f 1318/960 1320/962 1319/959
f 1321/964 1322/963 1320/962
f 1320/962 1322/963 1319/959
f 1323/966 1324/965 1317/961
f 1324/965 1318/960 1317/961
f 1325/968 1326/967 1321/964
f 1321/964 1326/967 1322/963
f 1326/970 1325/969 1323/966
f 1325/969 1324/965 1323/966
f 1327/972 1317/961 1328/971
f 1319/959 1328/971 1317/961
f 1322/963 1329/973 1319/959
f 1329/973 1328/971 1319/959
f 1330/974 1323/966 1327/972
f 1317/961 1327/972 1323/966
f 1326/967 1331/975 1322/963
f 1331/975 1329/973 1322/963
f 1331/976 1326/970 1330/974
f 1326/970 1323/966 1330/974
f 1332/978 1327/972 1333/977
f 1327/972 1328/971 1333/977
f 1329/973 1334/979 1328/971
f 1333/977 1328/971 1334/979
f 1335/980 1330/974 1332/978
f 1330/974 1327/972 1332/978
f 1331/975 1336/981 1329/973
f 1336/981 1334/979 1329/973
f 1336/982 1331/976 1335/980
f 1331/976 1330/974 1335/980
f 1337/984 1332/978 1338/983
f 1338/983 1332/978 1333/977
f 1334/979 1339/985 1333/977
f 1339/985 1338/983 1333/977
f 1340/986 1335/980 1337/984
f 1332/978 1337/984 1335/980
f 1336/981 1341/987 1334/979
f 1341/987 1339/985 1334/979
f 1341/988 1336/982 1340/986
f 1336/982 1335/980 1340/986
f 1342/990 1337/984 1343/989
f 1337/984 1338/983 1343/989
f 1339/985 1344/991 1338/983
f 1338/983 1344/991 1343/989
f 1345/992 1340/986 1342/990
f 1340/986 1337/984 1342/990
f 1341/987 1346/993 1339/985
f 1339/985 1346/993 1344/991
f 1346/994 1341/988 1345/992
f 1341/988 1340/986 1345/992
f 1347/996 1342/990 1348/995
f 1343/989 1348/995 1342/990
f 1344/991 1349/997 1343/989
f 1349/997 1348/995 1343/989
f 1350/998 1345/992 1347/996
f 1342/990 1347/996 1345/992
f 1346/993 1351/999 1344/991
f 1351/999 1349/997 1344/991
f 1351/1000 1346/994 1350/998
f 1346/994 1345/992 1350/998
f 1352/1002 1347/996 1353/1001
f 1347/996 1348/995 1353/1001
f 1349/997 1354/1003 1348/995
f 1353/1001 1348/995 1354/1003
f 1355/1004 1350/998 1352/1002
f 1350/998 1347/996 1352/1002
f 1351/999 1356/1005 1349/997
f 1356/1005 1354/1003 1349/997
f 1356/1006 1351/1000 1355/1004
f 1351/1000 1350/998 1355/1004
f 1357/1008 1352/1002 1358/1007
f 1358/1007 1352/1002 1353/1001
f 1354/1003 1359/1009 1353/1001
f 1359/1009 1358/1007 1353/1001
f 1360/1010 1355/1004 1357/1008
f 1352/1002 1357/1008 1355/1004
f 1356/1005 1361/1011 1354/1003
f 1361/1011 1359/1009 1354/1003
f 1361/1012 1356/1006 1360/1010
f 1356/1006 1355/1004 1360/1010
f 1362/1014 1357/1008 1363/1013
f 1357/1008 1358/1007 1363/1013
f 1359/1009 1364/1015 1358/1007
f 1358/1007 1364/1015 1363/1013
f 1365/1016 1360/1010 1362/1014
f 1360/1010 1357/1008 1362/1014
f 1361/1011 1366/1017 1359/1009
f 1359/1009 1366/1017 1364/1015
f 1366/1018 1361/1012 1365/1016
f 1361/1012 1360/1010 1365/1016
f 1367/1020 1362/1014 1368/1019
f 1363/1013 1368/1019 1362/1014
f 1364/1015 1369/1021 1363/1013
f 1369/1021 1368/1019 1363/1013
f 1370/1022 1365/1016 1367/1020
f 1362/1014 1367/1020 1365/1016
f 1366/1017 1371/1023 1364/1015
f 1371/1023 1369/1021 1364/1015
f 1371/1024 1366/1018 1370/1022
f 1366/1018 1365/1016 1370/1022
f 1372/1026 1367/1020 1373/1025
f 1367/1020 1368/1019 1373/1025
f 1369/1021 1374/1027 1368/1019
f 1373/1025 1368/1019 1374/1027
f 1375/1028 1370/1022 1372/1026
f 1370/1022 1367/1020 1372/1026
f 1371/1023 1376/1029 1369/1021
f 1376/1029 1374/1027 1369/1021
f 1376/1030 1371/1024 1375/1028
f 1371/1024 1370/1022 1375/1028
f 1377/1032 1378/1031 1373/1025
f 1378/1031 1372/1026 1373/1025
f 1379/1033 1377/1032 1374/1027
f 1377/1032 1373/1025 1374/1027
f 1378/1031 1380/1034 1372/1026
f 1372/1026 1380/1034 1375/1028
f 1374/1027 1376/1029 1379/1033
f 1376/1029 1381/1035 1379/1033
f 1376/1030 1375/1028 1381/1036
f 1381/1036 1375/1028 1380/1034
f 1382/1038 1383/1037 1377/1032
f 1378/1031 1377/1032 1383/1037
f 1377/1032 1379/1033 1382/1038
f 1379/1033 1384/1039 1382/1038
f 1383/1037 1385/1040 1378/1031
f 1380/1034 1378/1031 1385/1040
f 1379/1033 1381/1035 1384/1039
f 1381/1035 1386/1041 1384/1039
f 1381/1036 1380/1034 1386/1042
f 1386/1042 1380/1034 1385/1040
f 1387/1044 1388/1043 1382/1038
f 1382/1038 1388/1043 1383/1037
f 1389/1045 1387/1044 1384/1039
f 1384/1039 1387/1044 1382/1038
f 1388/1043 1390/1046 1383/1037
f 1383/1037 1390/1046 1385/1040
f 1384/1039 1386/1041 1389/1045
f 1386/1041 1391/1047 1389/1045
f 1386/1042 1385/1040 1391/1048
f 1391/1048 1385/1040 1390/1046
f 1392/1050 1393/1049 1387/1044
f 1387/1044 1393/1049 1388/1043
f 1387/1044 1389/1045 1392/1050
f 1394/1051 1392/1050 1389/1045
f 1393/1049 1395/1052 1388/1043
f 1390/1046 1388/1043 1395/1052
f 1389/1045 1391/1047 1394/1051
f 1391/1047 1396/1053 1394/1051
f 1391/1048 1390/1046 1396/1054
f 1396/1054 1390/1046 1395/1052
f 1397/1056 1398/1055 1392/1050
f 1393/1049 1392/1050 1398/1055
f 1392/1050 1394/1051 1397/1056
f 1394/1051 1399/1057 1397/1056
f 1398/1055 1400/1058 1393/1049
f 1395/1052 1393/1049 1400/1058
f 1394/1051 1396/1053 1399/1057
f 1396/1053 1401/1059 1399/1057
f 1396/1054 1395/1052 1401/1060
f 1401/1060 1395/1052 1400/1058
f 1402/1062 1403/1061 1397/1056
f 1397/1056 1403/1061 1398/1055
f 1397/1056 1399/1057 1402/1062
f 1399/1057 1404/1063 1402/1062
f 1403/1061 1405/1064 1398/1055
f 1398/1055 1405/1064 1400/1058
f 1399/1057 1401/1059 1404/1063
f 1401/1059 1406/1065 1404/1063
f 1401/1060 1400/1058 1406/1066
f 1406/1066 1400/1058 1405/1064
f 1407/1068 1408/1067 1402/1062
f 1408/1067 1403/1061 1402/1062
f 1402/1062 1404/1063 1407/1068
f 1407/1068 1404/1063 1409/1069
f 1408/1067 1410/1070 1403/1061
f 1405/1064 1403/1061 1410/1070
f 1404/1063 1406/1065 1409/1069
f 1406/1065 1411/1071 1409/1069
f 1406/1066 1405/1064 1411/1072
f 1411/1072 1405/1064 1410/1070
f 1412/1074 1413/1073 1407/1068
f 1413/1073 1408/1067 1407/1068
f 1407/1068 1409/1069 1412/1074
f 1414/1075 1412/1074 1409/1069
f 1413/1073 1415/1076 1408/1067
f 1408/1067 1415/1076 1410/1070
f 1409/1069 1411/1071 1414/1075
f 1411/1071 1416/1077 1414/1075
f 1411/1072 1410/1070 1416/1078
f 1416/1078 1410/1070 1415/1076
f 1417/1080 1418/1079 1412/1074
f 1413/1073 1412/1074 1418/1079
f 1412/1074 1414/1075 1417/1080
f 1414/1075 1419/1081 1417/1080
f 1418/1079 1420/1082 1413/1073
f 1415/1076 1413/1073 1420/1082
f 1414/1075 1416/1077 1419/1081
f 1416/1077 1421/1083 1419/1081
f 1420/1082 1421/1084 1415/1076
f 1421/1084 1416/1078 1415/1076
f 1422/1086 1423/1085 1417/1080
f 1417/1080 1423/1085 1418/1079
f 1417/1080 1419/1081 1422/1086
f 1419/1081 1424/1087 1422/1086
f 1423/1085 1425/1088 1418/1079
f 1418/1079 1425/1088 1420/1082
f 1419/1081 1421/1083 1424/1087
f 1421/1083 1426/1089 1424/1087
f 1425/1088 1426/1090 1420/1082
f 1426/1090 1421/1084 1420/1082
f 1427/1092 1428/1091 1422/1086
f 1428/1091 1423/1085 1422/1086
f 1422/1086 1424/1087 1427/1092
f 1427/1092 1424/1087 1429/1093
f 1428/1091 1430/1094 1423/1085
f 1425/1088 1423/1085 1430/1094
f 1424/1087 1426/1089 1429/1093
f 1426/1089 1431/1095 1429/1093
f 1430/1094 1431/1096 1425/1088
f 1431/1096 1426/1090 1425/1088
f 1432/1098 1433/1097 1427/1092
f 1433/1097 1428/1091 1427/1092
f 1427/1092 1429/1093 1432/1098
f 1434/1099 1432/1098 1429/1093
f 1433/1097 1435/1100 1428/1091
f 1428/1091 1435/1100 1430/1094
f 1429/1093 1431/1095 1434/1099
f 1431/1095 1436/1101 1434/1099
f 1435/1100 1436/1102 1430/1094
f 1436/1102 1431/1096 1430/1094
f 1432/1098 1437/1103 1433/1097
f 1433/1097 1437/1103 1438/1104
f 1432/1098 1434/1099 1437/1103
f 1434/1099 1439/1105 1437/1103
f 1438/1104 1440/1106 1433/1097
f 1435/1100 1433/1097 1440/1106
f 1434/1099 1436/1101 1439/1105
f 1436/1101 1441/1107 1439/1105
f 1435/1100 1440/1106 1436/1102
f 1441/1108 1436/1102 1440/1106
f 1437/1103 1442/1109 1438/1104
f 1442/1109 1443/1110 1438/1104
f 1442/1109 1437/1103 1444/1111
f 1439/1105 1444/1111 1437/1103
f 1438/1104 1443/1110 1440/1106
f 1443/1110 1445/1112 1440/1106
f 1444/1111 1439/1105 1446/1113
f 1441/1107 1446/1113 1439/1105
f 1440/1106 1445/1112 1441/1108
f 1446/1114 1441/1108 1445/1112
f 1447/1116 1443/1110 1448/1115
f 1443/1110 1442/1109 1448/1115
f 1448/1115 1442/1109 1449/1117
f 1442/1109 1444/1111 1449/1117
f 1443/1110 1447/1116 1445/1112
f 1445/1112 1447/1116 1450/1118
f 1449/1117 1444/1111 1451/1119
f 1446/1113 1451/1119 1444/1111
f 1445/1112 1450/1118 1446/1114
f 1451/1120 1446/1114 1450/1118
f 1452/1122 1447/1116 1453/1121
f 1453/1121 1447/1116 1448/1115
f 1453/1121 1448/1115 1454/1123
f 1454/1123 1448/1115 1449/1117
f 1447/1116 1452/1122 1450/1118
f 1452/1122 1455/1124 1450/1118
f 1454/1123 1449/1117 1456/1125
f 1451/1119 1456/1125 1449/1117
f 1450/1118 1455/1124 1451/1120
f 1456/1126 1451/1120 1455/1124
f 1454/1123 1456/1125 1457/1127
f 1456/1125 1458/1128 1457/1127
f 1455/1124 1459/1129 1456/1126
f 1458/1130 1456/1126 1459/1129
f 1453/1121 1454/1123 1460/1131
f 1454/1123 1457/1127 1460/1131
f 1452/1122 1461/1132 1455/1124
f 1455/1124 1461/1132 1459/1129
f 1452/1122 1453/1121 1461/1132
f 1453/1121 1460/1131 1461/1132
f 1462/1134 1457/1127 1463/1133
f 1458/1128 1463/1133 1457/1127
f 1459/1129 1464/1135 1458/1130
f 1463/1136 1458/1130 1464/1135
f 1460/1131 1457/1127 1465/1137
f 1457/1127 1462/1134 1465/1137
f 1466/1138 1464/1135 1461/1132
f 1461/1132 1464/1135 1459/1129
f 1466/1138 1461/1132 1465/1137
f 1460/1131 1465/1137 1461/1132
f 1467/1140 1462/1134 1468/1139
f 1463/1133 1468/1139 1462/1134
f 1464/1135 1469/1141 1463/1136
f 1468/1142 1463/1136 1469/1141
f 1465/1137 1462/1134 1470/1143
f 1467/1140 1470/1143 1462/1134
f 1471/1144 1469/1141 1466/1138
f 1464/1135 1466/1138 1469/1141
f 1466/1138 1465/1137 1471/1144
f 1465/1137 1470/1143 1471/1144
f 1467/1140 1468/1139 1472/1145
f 1468/1139 1473/1146 1472/1145
f 1474/1148 1473/1147 1469/1141
f 1473/1147 1468/1142 1469/1141
f 1470/1143 1467/1140 1475/1149
f 1467/1140 1472/1145 1475/1149
f 1476/1150 1474/1148 1471/1144
f 1469/1141 1471/1144 1474/1148
f 1471/1144 1470/1143 1476/1150
f 1470/1143 1475/1149 1476/1150
f 1472/1145 1473/1146 1477/1151
f 1473/1146 1478/1152 1477/1151
f 1479/1154 1478/1153 1474/1148
f 1478/1153 1473/1147 1474/1148
f 1475/1149 1472/1145 1480/1155
f 1472/1145 1477/1151 1480/1155
f 1481/1156 1479/1154 1476/1150
f 1476/1150 1479/1154 1474/1148
f 1476/1150 1475/1149 1481/1156
f 1475/1149 1480/1155 1481/1156
f 1477/1151 1478/1152 1482/1157
f 1478/1152 1483/1158 1482/1157
f 1484/1160 1483/1159 1479/1154
f 1483/1159 1478/1153 1479/1154
f 1480/1155 1477/1151 1485/1161
f 1485/1161 1477/1151 1482/1157
f 1486/1162 1484/1160 1481/1156
f 1479/1154 1481/1156 1484/1160
f 1481/1156 1480/1155 1486/1162
f 1486/1162 1480/1155 1485/1161
f 1482/1157 1483/1158 1487/1163
f 1483/1158 1488/1164 1487/1163
f 1489/1166 1488/1165 1484/1160
f 1488/1165 1483/1159 1484/1160
f 1485/1161 1482/1157 1490/1167
f 1487/1163 1490/1167 1482/1157
f 1491/1168 1489/1166 1486/1162
f 1486/1162 1489/1166 1484/1160
f 1486/1162 1485/1161 1491/1168
f 1490/1167 1491/1168 1485/1161
f 1487/1163 1488/1164 1492/1169
f 1488/1164 1493/1170 1492/1169
f 1494/1172 1493/1171 1489/1166
f 1493/1171 1488/1165 1489/1166
f 1490/1167 1487/1163 1495/1173
f 1487/1163 1492/1169 1495/1173
f 1496/1174 1494/1172 1491/1168
f 1489/1166 1491/1168 1494/1172
f 1491/1168 1490/1167 1496/1174
f 1490/1167 1495/1173 1496/1174
f 1492/1169 1493/1170 1497/1175
f 1493/1170 1498/1176 1497/1175
f 1499/1178 1498/1177 1494/1172
f 1498/1177 1493/1171 1494/1172
f 1495/1173 1492/1169 1500/1179
f 1492/1169 1497/1175 1500/1179
f 1501/1180 1499/1178 1496/1174
f 1496/1174 1499/1178 1494/1172
f 1496/1174 1495/1173 1501/1180
f 1495/1173 1500/1179 1501/1180
f 1497/1175 1498/1176 1502/1181
f 1498/1176 1503/1182 1502/1181
f 1504/1184 1503/1183 1499/1178
f 1503/1183 1498/1177 1499/1178
f 1500/1179 1497/1175 1505/1185
f 1505/1185 1497/1175 1502/1181
f 1506/1186 1504/1184 1501/1180
f 1499/1178 1501/1180 1504/1184
f 1501/1180 1500/1179 1506/1186
f 1506/1186 1500/1179 1505/1185
f 1502/1181 1503/1182 1507/1187
f 1503/1182 1508/1188 1507/1187
f 1509/1190 1508/1189 1504/1184
f 1508/1189 1503/1183 1504/1184
f 1505/1185 1502/1181 1510/1191
f 1507/1187 1510/1191 1502/1181
f 1511/1192 1509/1190 1506/1186
f 1506/1186 1509/1190 1504/1184
f 1506/1186 1505/1185 1511/1192
f 1510/1191 1511/1192 1505/1185
f 1507/1187 1508/1188 1512/1193
f 1508/1188 1513/1194 1512/1193
f 1514/1196 1513/1195 1509/1190
f 1513/1195 1508/1189 1509/1190
f 1510/1191 1507/1187 1515/1197
f 1507/1187 1512/1193 1515/1197
f 1516/1198 1514/1196 1511/1192
f 1509/1190 1511/1192 1514/1196
f 1511/1192 1510/1191 1516/1198
f 1510/1191 1515/1197 1516/1198
f 1517/1200 1518/1199 1513/1194
f 1513/1194 1518/1199 1512/1193
f 1519/1202 1517/1201 1514/1196
f 1517/1201 1513/1195 1514/1196
f 1515/1197 1512/1193 1520/1203
f 1512/1193 1518/1199 1520/1203
f 1521/1204 1519/1202 1516/1198
f 1516/1198 1519/1202 1514/1196
f 1516/1198 1515/1197 1521/1204
f 1515/1197 1520/1203 1521/1204
f 1522/1206 1523/1205 1517/1200
f 1517/1200 1523/1205 1518/1199
f 1524/1208 1522/1207 1519/1202
f 1522/1207 1517/1201 1519/1202
f 1520/1203 1518/1199 1525/1209
f 1525/1209 1518/1199 1523/1205
f 1519/1202 1521/1204 1524/1208
f 1521/1204 1526/1210 1524/1208
f 1521/1204 1520/1203 1526/1210
f 1526/1210 1520/1203 1525/1209
f 1527/1212 1528/1211 1522/1206
f 1522/1206 1528/1211 1523/1205
f 1522/1207 1524/1208 1527/1213
f 1527/1213 1524/1208 1529/1214
f 1528/1211 1530/1215 1523/1205
f 1530/1215 1525/1209 1523/1205
f 1524/1208 1526/1210 1529/1214
f 1526/1210 1531/1216 1529/1214
f 1526/1210 1525/1209 1531/1216
f 1530/1215 1531/1216 1525/1209
f 1528/1211 1527/1212 1532/1217
f 1527/1212 1533/1218 1532/1217
f 1534/1220 1533/1219 1529/1214
f 1533/1219 1527/1213 1529/1214
f 1530/1215 1528/1211 1535/1221
f 1528/1211 1532/1217 1535/1221
f 1536/1222 1534/1220 1531/1216
f 1529/1214 1531/1216 1534/1220
f 1531/1216 1530/1215 1536/1222
f 1530/1215 1535/1221 1536/1222
f 1537/1224 1532/1217 1538/1223
f 1533/1218 1538/1223 1532/1217
f 1534/1220 1539/1225 1533/1219
f 1538/1226 1533/1219 1539/1225
f 1540/1227 1535/1221 1537/1224
f 1532/1217 1537/1224 1535/1221
f 1536/1222 1541/1228 1534/1220
f 1541/1228 1539/1225 1534/1220
f 1540/1227 1541/1228 1535/1221
f 1535/1221 1541/1228 1536/1222
f 1542/1230 1537/1224 1543/1229
f 1538/1223 1543/1229 1537/1224
f 1539/1225 1544/1231 1538/1226
f 1543/1232 1538/1226 1544/1231
f 1545/1233 1540/1227 1542/1230
f 1542/1230 1540/1227 1537/1224
f 1541/1228 1546/1234 1539/1225
f 1539/1225 1546/1234 1544/1231
f 1540/1227 1545/1233 1541/1228
f 1545/1233 1546/1234 1541/1228
f 1542/1230 1543/1229 1547/1235
f 1543/1229 1548/1236 1547/1235
f 1549/1238 1548/1237 1544/1231
f 1548/1237 1543/1232 1544/1231
f 1545/1233 1542/1230 1550/1239
f 1542/1230 1547/1235 1550/1239
f 1544/1231 1546/1234 1549/1238
f 1546/1234 1551/1240 1549/1238
f 1546/1234 1545/1233 1551/1240
f 1545/1233 1550/1239 1551/1240
f 1552/1242 1553/1241 1548/1236
f 1548/1236 1553/1241 1547/1235
f 1548/1237 1549/1238 1552/1243
f 1552/1243 1549/1238 1554/1244
f 1553/1241 1555/1245 1547/1235
f 1547/1235 1555/1245 1550/1239
f 1549/1238 1551/1240 1554/1244
f 1551/1240 1556/1246 1554/1244
f 1551/1240 1550/1239 1556/1246
f 1550/1239 1555/1245 1556/1246
f 1557/1248 1558/1247 1552/1242
f 1552/1242 1558/1247 1553/1241
f 1552/1243 1554/1244 1557/1249
f 1557/1249 1554/1244 1559/1250
f 1558/1247 1560/1251 1553/1241
f 1560/1251 1555/1245 1553/1241
f 1554/1244 1556/1246 1559/1250
f 1556/1246 1561/1252 1559/1250
f 1556/1246 1555/1245 1561/1252
f 1561/1252 1555/1245 1560/1251
f 1562/1254 1563/1253 1557/1248
f 1557/1248 1563/1253 1558/1247
f 1557/1249 1559/1250 1562/1255
f 1562/1255 1559/1250 1564/1256
f 1563/1253 1565/1257 1558/1247
f 1565/1257 1560/1251 1558/1247
f 1559/1250 1561/1252 1564/1256
f 1561/1252 1566/1258 1564/1256
f 1561/1252 1560/1251 1566/1258
f 1565/1257 1566/1258 1560/1251
f 1567/1260 1568/1259 1562/1254
f 1563/1253 1562/1254 1568/1259
f 1562/1255 1564/1256 1567/1261
f 1567/1261 1564/1256 1569/1262
f 1568/1259 1570/1263 1563/1253
f 1565/1257 1563/1253 1570/1263
f 1564/1256 1566/1258 1569/1262
f 1566/1258 1571/1264 1569/1262
f 1566/1258 1565/1257 1571/1264
f 1565/1257 1570/1263 1571/1264
f 1572/1266 1573/1265 1567/1260
f 1567/1260 1573/1265 1568/1259
f 1573/1265 1574/1267 1568/1259
f 1568/1259 1574/1267 1570/1263
f 1567/1261 1569/1262 1572/1268
f 1572/1268 1569/1262 1575/1269
f 1571/1264 1570/1263 1576/1270
f 1570/1263 1574/1267 1576/1270
f 1569/1262 1571/1264 1575/1269
f 1571/1264 1576/1270 1575/1269
f 1577/1272 1578/1271 1572/1266
f 1572/1266 1578/1271 1573/1265
f 1578/1271 1579/1273 1573/1265
f 1579/1273 1574/1267 1573/1265
f 1572/1268 1575/1269 1577/1274
f 1577/1274 1575/1269 1580/1275
f 1576/1270 1574/1267 1581/1276
f 1581/1276 1574/1267 1579/1273
f 1580/1275 1575/1269 1581/1276
f 1575/1269 1576/1270 1581/1276
f 1578/1271 1582/1277 1579/1273
f 1582/1277 1583/1278 1579/1273
f 1577/1272 1584/1279 1578/1271
f 1584/1279 1582/1277 1578/1271
f 1585/1280 1581/1276 1583/1278
f 1583/1278 1581/1276 1579/1273
f 1584/1282 1577/1274 1586/1281
f 1577/1274 1580/1275 1586/1281
f 1586/1281 1580/1275 1585/1280
f 1581/1276 1585/1280 1580/1275
f 1582/1277 1587/1283 1583/1278
f 1583/1278 1587/1283 1588/1284
f 1589/1285 1585/1280 1588/1284
f 1585/1280 1583/1278 1588/1284
f 1584/1279 1590/1286 1582/1277
f 1582/1277 1590/1286 1587/1283
f 1591/1287 1586/1281 1589/1285
f 1586/1281 1585/1280 1589/1285
f 1590/1288 1584/1282 1591/1287
f 1584/1282 1586/1281 1591/1287
f 1587/1283 1592/1289 1588/1284
f 1592/1289 1593/1290 1588/1284
f 1594/1291 1589/1285 1593/1290
f 1588/1284 1593/1290 1589/1285
f 1590/1286 1595/1292 1587/1283
f 1595/1292 1592/1289 1587/1283
f 1596/1293 1591/1287 1594/1291
f 1589/1285 1594/1291 1591/1287
f 1595/1294 1590/1288 1596/1293
f 1590/1288 1591/1287 1596/1293
f 1592/1289 1597/1295 1593/1290
f 1598/1296 1593/1290 1597/1295
f 1599/1297 1594/1291 1598/1296
f 1594/1291 1593/1290 1598/1296
f 1595/1292 1600/1298 1592/1289
f 1600/1298 1597/1295 1592/1289
f 1601/1299 1596/1293 1599/1297
f 1596/1293 1594/1291 1599/1297
f 1600/1300 1595/1294 1601/1299
f 1595/1294 1596/1293 1601/1299
f 1597/1295 1602/1301 1598/1296
f 1602/1301 1603/1302 1598/1296
f 1604/1303 1599/1297 1603/1302
f 1603/1302 1599/1297 1598/1296
f 1600/1298 1605/1304 1597/1295
f 1605/1304 1602/1301 1597/1295
f 1606/1305 1601/1299 1604/1303
f 1599/1297 1604/1303 1601/1299
f 1603/1302 1602/1301 1607/1306
f 1602/1301 1608/1307 1607/1306
f 1607/1306 1609/1308 1603/1302
f 1604/1303 1603/1302 1609/1308
f 1605/1309 1600/1300 1606/1305
f 1600/1300 1601/1299 1606/1305
f 1602/1301 1605/1304 1608/1307
f 1605/1304 1610/1310 1608/1307
f 1609/1308 1611/1311 1604/1303
f 1606/1305 1604/1303 1611/1311
f 1605/1309 1606/1305 1610/1312
f 1610/1312 1606/1305 1611/1311
f 1607/1306 1608/1307 1612/1313
f 1608/1307 1613/1314 1612/1313
f 1612/1313 1614/1315 1607/1306
f 1607/1306 1614/1315 1609/1308
f 1608/1307 1610/1310 1613/1314
f 1610/1310 1615/1316 1613/1314
f 1614/1315 1616/1317 1609/1308
f 1609/1308 1616/1317 1611/1311
f 1616/1317 1615/1318 1611/1311
f 1615/1318 1610/1312 1611/1311
f 1612/1313 1613/1314 1617/1319
f 1618/1320 1617/1319 1613/1314
f 1617/1319 1619/1321 1612/1313
f 1612/1313 1619/1321 1614/1315
f 1613/1314 1615/1316 1618/1320
f 1615/1316 1620/1322 1618/1320
f 1619/1321 1621/1323 1614/1315
f 1616/1317 1614/1315 1621/1323
f 1621/1323 1620/1324 1616/1317
f 1620/1324 1615/1318 1616/1317
usemtl texture13
f 981/1327 980/1326 986/1325
f 980/1326 984/1328 986/1325
f 989/1327 988/1326 994/1325
f 988/1326 992/1328 994/1325
usemtl texture14
f 935/1331 937/1330 936/1329
f 937/1330 939/1332 936/1329
f 938/1335 232/1334 1622/1333
f 232/1334 233/1336 1622/1333
f 939/1332 937/1330 942/1337
f 937/1330 941/1338 942/1337
f 940/1340 938/1335 840/1339
f 938/1335 1622/1333 840/1339
f 942/1337 941/1338 945/1341
f 941/1338 943/1342 945/1341
f 944/1344 940/1340 1623/1343
f 940/1340 840/1339 1623/1343
f 945/1341 943/1342 947/1345
f 943/1342 946/1346 947/1345
f 246/1348 944/1344 244/1347
f 944/1344 1623/1343 244/1347
f 1624/1351 1625/1350 1626/1349
f 1625/1350 1627/1352 1626/1349
f 1624/1351 1628/1353 1625/1350
f 1629/1351 1630/1350 1631/1349
f 1630/1350 1632/1352 1631/1349
f 1629/1351 1633/1353 1630/1350
usemtl texture15
f 948/1356 949/1355 1634/1354
f 949/1355 1635/1357 1634/1354
f 949/1355 1636/1358 1635/1357
f 1636/1358 1637/1359 1635/1357
f 1636/1358 952/1360 1637/1359
f 952/1360 1638/1361 1637/1359
f 1639/1363 1638/1361 951/1362
f 1638/1361 952/1360 951/1362
f 950/1366 948/1365 1640/1364
f 948/1365 1634/1367 1640/1364
f 951/1369 950/1366 1639/1368
f 950/1366 1640/1364 1639/1368
f 1626/1372 996/1371 1624/1370
f 1624/1370 996/1371 998/1373
f 1624/1370 998/1373 1628/1374
f 1628/1374 998/1373 1010/1375
f 1625/1377 1628/1374 1007/1376
f 1628/1374 1010/1375 1007/1376
f 1627/1379 1625/1377 1006/1378
f 1006/1378 1625/1377 1007/1376
f 1626/1382 1627/1381 996/1380
f 1627/1381 1006/1383 996/1380
f 1631/1372 1012/1371 1629/1370
f 1629/1370 1012/1371 1014/1373
f 1629/1370 1014/1373 1633/1374
f 1633/1374 1014/1373 1026/1375
f 1630/1377 1633/1374 1023/1376
f 1633/1374 1026/1375 1023/1376
f 1632/1379 1630/1377 1022/1378
f 1022/1378 1630/1377 1023/1376
f 1631/1382 1632/1381 1012/1380
f 1632/1381 1022/1383 1012/1380
usemtl texture16
f 1640/1386 1634/1385 1641/1384
f 1634/1385 1642/1387 1641/1384
f 1635/1385 1637/1386 1643/1387
f 1637/1386 1644/1384 1643/1387
f 1641/1384 1642/1387 1645/1388
f 1642/1387 1646/1389 1645/1388
f 1643/1387 1644/1384 1647/1389
f 1644/1384 1648/1388 1647/1389
f 1639/1391 1640/1386 1649/1390
f 1640/1386 1641/1384 1649/1390
f 1644/1384 1637/1386 1650/1390
f 1637/1386 1638/1391 1650/1390
f 1649/1390 1641/1384 1651/1392
f 1641/1384 1645/1388 1651/1392
f 1648/1388 1644/1384 1652/1392
f 1644/1384 1650/1390 1652/1392
usemtl texture17
f 1634/1395 1635/1394 1642/1393
f 1635/1394 1643/1396 1642/1393
f 1642/1393 1643/1396 1646/1397
f 1643/1396 1647/1398 1646/1397
f 1649/1400 1650/1396 1639/1399
f 1650/1396 1638/1394 1639/1399
f 1651/1401 1652/1398 1649/1400
f 1652/1398 1650/1396 1649/1400
usemtl texture18
f 812/1404 810/1403 1653/1402
f 810/1403 1654/1405 1653/1402
f 811/1408 812/1407 1655/1406
f 812/1407 1653/1409 1655/1406
f 810/1403 813/1408 1654/1405
f 813/1408 1656/1406 1654/1405
f 809/1403 811/1408 1657/1405
f 811/1408 1655/1406 1657/1405
f 813/1408 814/1407 1656/1406
f 814/1407 1658/1409 1656/1406
f 814/1404 809/1403 1658/1402
f 809/1403 1657/1405 1658/1402
usemtl texture11
f 1053/554 1054/1410 1055/556
f 1054/1410 1056/1411 1055/556
g obj3
usemtl mat3
f 1659/1410 1660/554 1661/1411
f 1660/554 1662/556 1661/1411
usemtl mat4
f 1662/556 1663/554 1661/555
f 1663/554 1664/557 1661/555
f 1665/559 1659/15 1664/558
f 1659/15 1661/14 1664/558
f 1666/10 1665/559 1663/12
f 1665/559 1664/558 1663/12
f 1660/556 1659/555 1666/554
f 1659/555 1665/557 1666/554
f 1667/1414 1668/1413 1669/1412
f 1668/1413 1670/1415 1669/1412
f 1671/1412 1672/1415 1673/1414
f 1672/1415 1674/1413 1673/1414
usemtl mat5
f 1675/1351 1676/1350 1677/1349
f 1676/1350 1678/1352 1677/1349
f 1675/1351 1679/1353 1676/1350
f 1680/1351 1681/1350 1682/1349
f 1681/1350 1683/1352 1682/1349
f 1680/1351 1684/1353 1681/1350
usemtl mat6
f 1685/562 1686/561 1687/560
f 1687/560 1686/561 1688/563
f 1686/561 1685/562 1689/564
f 1685/562 1690/565 1689/564
f 1690/565 1691/566 1689/564
f 1691/566 1692/567 1689/564
f 1693/568 1694/569 1691/566
f 1691/566 1694/569 1692/567
f 1695/572 1696/571 1697/570
f 1697/570 1696/571 1698/573
f 1693/568 1695/572 1694/569
f 1695/572 1697/570 1694/569
f 1687/575 1688/577 1699/576
f 1699/576 1688/577 1700/574
f 1696/579 1699/576 1698/578
f 1699/576 1700/574 1698/578
f 1701/562 1702/561 1703/560
f 1703/560 1702/561 1704/563
f 1702/561 1701/562 1705/564
f 1701/562 1706/565 1705/564
f 1706/565 1707/566 1705/564
f 1707/566 1708/567 1705/564
f 1709/568 1710/569 1707/566
f 1707/566 1710/569 1708/567
f 1711/572 1712/571 1713/570
f 1713/570 1712/571 1714/573
f 1709/568 1711/572 1710/569
f 1711/572 1713/570 1710/569
f 1703/575 1704/577 1715/576
f 1715/576 1704/577 1716/574
f 1712/579 1715/576 1714/578
f 1715/576 1716/574 1714/578
usemtl mat7
f 1717/1418 1700/1417 1686/1416
f 1700/1417 1688/1419 1686/1416
f 1717/1418 1686/1416 1692/1420
f 1686/1416 1689/1421 1692/1420
f 1717/1418 1697/1422 1700/1417
f 1697/1422 1698/1423 1700/1417
f 1717/1418 1692/1420 1697/1422
f 1692/1420 1694/1424 1697/1422
f 1718/1418 1716/1417 1702/1416
f 1716/1417 1704/1419 1702/1416
f 1718/1418 1702/1416 1708/1420
f 1702/1416 1705/1421 1708/1420
f 1718/1418 1713/1422 1716/1417
f 1713/1422 1714/1423 1716/1417
f 1718/1418 1708/1420 1713/1422
f 1708/1420 1710/1424 1713/1422
f 1719/1427 1720/1426 1721/1425
f 1720/1426 1722/1428 1721/1425
f 1720/1426 1723/1429 1722/1428
f 1723/1429 1724/1430 1722/1428
f 1723/1429 1725/1431 1724/1430
f 1725/1431 1726/1432 1724/1430
f 1725/1431 1727/1433 1726/1432
f 1727/1433 1728/1434 1726/1432
f 1729/1427 1730/1426 1731/1425
f 1730/1426 1732/1428 1731/1425
f 1730/1426 1733/1429 1732/1428
f 1733/1429 1734/1430 1732/1428
f 1733/1429 1735/1431 1734/1430
f 1735/1431 1736/1432 1734/1430
f 1735/1431 1737/1433 1736/1432
f 1737/1433 1738/1434 1736/1432
f 1739/1436 1740/1435 1741/13
f 1740/1435 1742/11 1741/13
f 1741/13 1742/11 1743/1437
f 1742/11 1744/1438 1743/1437
f 1745/1441 1746/1440 1747/1439
f 1747/1439 1746/1440 1748/1442
f 1749/1444 1747/1439 1750/1443
f 1747/1439 1748/1442 1750/1443
f 1749/1444 1751/1445 1747/1439
f 1747/1439 1751/1445 1752/1446
f 1745/1441 1747/1439 1753/1447
f 1747/1439 1752/1446 1753/1447
f 1754/1441 1755/1440 1756/1439
f 1756/1439 1755/1440 1757/1442
f 1758/1444 1756/1439 1759/1443
f 1756/1439 1757/1442 1759/1443
f 1754/1441 1756/1439 1760/1447
f 1756/1439 1761/1446 1760/1447
f 1758/1444 1762/1445 1756/1439
f 1756/1439 1762/1445 1761/1446
f 1763/1450 1764/1449 1765/1448
f 1764/1449 1766/1451 1765/1448
f 1763/1450 1765/1448 1767/1452
f 1765/1448 1768/1453 1767/1452
usemtl mat8
f 1677/1382 1678/1381 1685/1380
f 1678/1381 1695/1383 1685/1380
f 1682/1382 1683/1381 1701/1380
f 1683/1381 1711/1383 1701/1380
f 1722/1456 1769/1455 1721/1454
f 1769/1455 1770/1457 1721/1454
f 1724/1459 1771/1458 1722/1456
f 1771/1458 1769/1455 1722/1456
f 1726/1461 1772/1460 1724/1459
f 1772/1460 1771/1458 1724/1459
f 1728/1463 1773/1462 1726/1461
f 1773/1462 1772/1460 1726/1461
f 1732/1456 1774/1455 1731/1454
f 1774/1455 1775/1457 1731/1454
f 1734/1459 1776/1458 1732/1456
f 1776/1458 1774/1455 1732/1456
f 1736/1461 1777/1460 1734/1459
f 1777/1460 1776/1458 1734/1459
f 1738/1463 1778/1462 1736/1461
f 1778/1462 1777/1460 1736/1461
f 1779/1466 1780/1465 1781/1464
f 1780/1465 1782/1467 1781/1464
f 1781/1464 1782/1467 1783/1468
f 1782/1467 1784/1469 1783/1468
f 1783/1468 1784/1469 1785/1470
f 1784/1469 1786/1471 1785/1470
f 1785/1470 1786/1471 1787/1472
f 1786/1471 1788/1473 1787/1472
usemtl mat9
f 1677/1476 1685/1475 1675/1474
f 1675/1474 1685/1475 1687/1477
f 1675/1474 1687/1477 1679/1478
f 1679/1478 1687/1477 1699/1479
f 1676/1481 1679/1478 1696/1480
f 1679/1478 1699/1479 1696/1480
f 1678/1483 1676/1481 1695/1482
f 1695/1482 1676/1481 1696/1480
f 1682/1486 1701/1485 1680/1484
f 1680/1484 1701/1485 1703/1487
f 1680/1484 1703/1487 1684/1488
f 1684/1488 1703/1487 1715/1489
f 1681/1491 1684/1488 1712/1490
f 1684/1488 1715/1489 1712/1490
f 1683/1493 1681/1491 1711/1492
f 1711/1492 1681/1491 1712/1490
usemtl mat10
f 1789/1496 1790/1495 1781/1494
f 1790/1495 1779/1497 1781/1494
f 1791/1499 1789/1496 1783/1498
f 1789/1496 1781/1494 1783/1498
f 1792/1501 1791/1499 1785/1500
f 1791/1499 1783/1498 1785/1500
f 1793/1503 1792/1501 1787/1502
f 1792/1501 1785/1500 1787/1502
f 1794/1506 1795/1505 1796/1504
f 1795/1505 1797/1507 1796/1504
f 1796/1504 1797/1507 1798/1508
f 1797/1507 1799/1509 1798/1508
f 1798/1508 1799/1509 1800/1510
f 1799/1509 1801/1511 1800/1510
f 1801/1511 1802/1512 1800/1510
f 1800/1510 1802/1512 1803/1513
f 1804/1516 1805/1515 1806/1514
f 1805/1515 1807/1517 1806/1514
f 1808/1520 1809/1519 1810/1518
f 1809/1519 1811/1521 1810/1518
f 1812/1523 1808/1520 1813/1522
f 1808/1520 1810/1518 1813/1522
f 1812/1523 1813/1522 1814/1524
f 1814/1524 1813/1522 1815/1525
f 1814/1524 1815/1525 1816/1526
f 1816/1526 1815/1525 1817/1527
usemtl mat11
f 1818/1530 1809/1529 1819/1528
f 1809/1529 1808/1531 1819/1528
f 1819/1528 1808/1531 1820/1532
f 1808/1531 1812/1533 1820/1532
f 1820/1532 1812/1533 1821/1534
f 1812/1533 1814/1535 1821/1534
f 1821/1534 1814/1535 1822/1536
f 1814/1535 1816/1537 1822/1536
usemtl mat12
f 1669/1540 1670/1539 1671/1538
f 1670/1539 1672/1541 1671/1538
f 1673/1538 1674/1541 1667/1540
f 1674/1541 1668/1539 1667/1540
# 2893 elements

