# Created by Metasequoia

mtllib 2PEgg_fleet7.mtl

v -4935.000000 320.000000 -6162.000000
v -4935.000000 320.000000 -6190.000000
v -5050.000000 320.000000 -6162.000000
v -5050.000000 320.000000 -6190.000000
v -4935.000000 320.000000 -6135.000000
v -5050.000000 320.000000 -6135.000000
v -4820.000000 320.000000 -6162.000000
v -4820.000000 320.000000 -6190.000000
v -4820.000000 320.000000 -6135.000000
v -4066.999756 299.999969 -5317.000000
v -3991.999756 299.999969 -5317.000000
v -4066.999756 299.999969 -5376.999512
v -3991.999756 299.999969 -5377.000000
v -3916.999756 299.999969 -5317.000000
v -3917.000244 299.999969 -5377.000000
v -3842.000000 299.999969 -5317.000488
v -3842.000244 299.999969 -5377.000488
v -3767.000244 299.999969 -5317.000488
v -3767.000244 299.999969 -5377.000488
v -4500.000000 399.999969 -5317.000000
v -4425.000000 399.999969 -5317.000000
v -4499.999512 399.999969 -5377.000000
v -4425.000000 399.999969 -5376.999512
v -4350.000000 399.999969 -5317.000000
v -4350.000488 399.999969 -5377.000000
v -4275.000000 399.999969 -5317.000000
v -4275.000000 399.999969 -5377.000000
v -4200.000000 399.999969 -5317.000000
v -4200.000000 399.999969 -5377.000000
v -3992.000000 299.999969 -5396.999512
v -4066.999756 299.999969 -5396.999512
v -3917.000488 299.999969 -5397.000000
v -3842.000244 299.999969 -5397.000488
v -3767.000244 299.999969 -5397.000488
v -4424.999512 399.999969 -5396.999512
v -4499.999512 399.999969 -5396.999512
v -4350.000488 399.999969 -5396.999512
v -4275.000000 399.999969 -5397.000000
v -4200.000000 399.999969 -5397.000000
v -5004.284180 172.800018 -5384.000000
v -5004.284668 172.800034 -5336.000000
v -5004.284180 217.961227 -5384.000000
v -5004.284180 217.961136 -5336.000000
v -5004.284180 220.800018 -5379.751465
v -5004.284180 220.799942 -5340.248535
v -5027.035645 172.799942 -5336.000000
v -5036.976563 172.800003 -5360.000000
v -5027.035645 172.800003 -5384.000000
v -5015.221191 220.799942 -5375.221191
v -5021.525879 220.799942 -5360.000000
v -5015.221191 220.799942 -5344.778809
v -5024.000000 207.818176 -5384.000000
v -5027.014160 203.307373 -5384.000000
v -5030.059082 188.000015 -5384.000000
v -5010.343262 216.284241 -5336.000000
v -5030.059082 187.999939 -5336.000000
v -5024.000000 207.818176 -5336.000000
v -5010.343262 216.284241 -5384.000000
v -3934.211182 849.896118 -5344.999023
v -3874.211182 849.896118 -5344.999023
v -3934.211182 829.896118 -5344.999023
v -3874.211182 829.896118 -5344.999023
v -3934.211182 829.896118 -5314.999023
v -3874.211182 829.896118 -5314.999023
v -3934.211182 849.896118 -5314.999023
v -3874.211182 849.896118 -5314.999023
v -3814.211182 849.896118 -5344.999023
v -3814.211182 829.896118 -5344.999023
v -3814.211182 849.896118 -5314.999023
v -3814.211182 829.896118 -5314.999023
v -3924.211914 749.896057 -5233.019043
v -3954.211914 749.896057 -5233.019043
v -3954.211914 749.896057 -5284.980469
v -3969.211914 749.896057 -5258.999512
v -3924.211914 749.896057 -5284.980469
v -3909.211914 749.896057 -5258.999512
v -3874.211914 828.896057 -5285.000488
v -3900.192627 828.896057 -5300.000488
v -3874.211914 828.896057 -5345.000488
v -3900.192627 828.896057 -5330.000488
v -3848.231201 828.896057 -5330.000488
v -3848.231201 828.896057 -5300.000488
v -3874.211914 828.896057 -5365.000488
v -3900.192627 828.896057 -5380.000488
v -3874.211914 828.896057 -5425.000488
v -3900.192627 828.896057 -5410.000488
v -3848.231201 828.896057 -5410.000488
v -3848.231201 828.896057 -5380.000488
v -3794.211914 749.896057 -5425.019043
v -3824.211914 749.896057 -5425.019043
v -3824.211914 749.896057 -5476.980469
v -3839.211914 749.896057 -5450.999512
v -3794.211914 749.896057 -5476.980469
v -3779.211914 749.896057 -5450.999512
v -3924.211914 749.896057 -5425.019043
v -3954.211914 749.896057 -5425.019043
v -3954.211914 749.896057 -5476.980469
v -3969.211914 749.896057 -5450.999512
v -3924.211914 749.896057 -5476.980469
v -3909.211914 749.896057 -5450.999512
v -3934.211670 849.896118 -5395.000000
v -3874.211670 849.896118 -5395.000000
v -3934.211670 829.896118 -5395.000000
v -3874.211670 829.896118 -5395.000000
v -3934.211670 829.896118 -5365.000000
v -3874.211670 829.896118 -5365.000000
v -3934.211670 849.896118 -5365.000000
v -3874.211670 849.896118 -5365.000000
v -3814.211670 849.896118 -5395.000000
v -3814.211670 829.896118 -5395.000000
v -3814.211670 849.896118 -5365.000000
v -3814.211670 829.896118 -5365.000000
v -4990.000000 142.000031 -5350.000000
v -4930.000000 142.000031 -5350.000000
v -4990.000000 122.000031 -5350.000000
v -4930.000000 122.000031 -5350.000000
v -4990.000000 122.000031 -5320.000000
v -4930.000000 122.000031 -5320.000000
v -4990.000000 142.000031 -5320.000000
v -4930.000000 142.000031 -5320.000000
v -4870.000000 142.000031 -5350.000000
v -4870.000000 122.000031 -5350.000000
v -4870.000000 142.000031 -5320.000000
v -4870.000000 122.000031 -5320.000000
v -4990.000000 142.000031 -5400.000000
v -4930.000000 142.000031 -5400.000000
v -4990.000000 122.000031 -5400.000000
v -4930.000000 122.000031 -5400.000000
v -4990.000000 122.000031 -5370.000000
v -4930.000000 122.000031 -5370.000000
v -4990.000000 142.000031 -5370.000000
v -4930.000000 142.000031 -5370.000000
v -4870.000000 142.000031 -5400.000000
v -4870.000000 122.000031 -5400.000000
v -4870.000000 142.000031 -5370.000000
v -4870.000000 122.000031 -5370.000000
v -4930.000000 120.999878 -5370.000488
v -4955.980469 120.999878 -5385.000488
v -4930.000000 120.999878 -5430.000488
v -4955.980469 120.999878 -5415.000488
v -4904.019043 120.999878 -5415.000488
v -4904.019043 120.999878 -5385.000488
v -4930.000000 120.999878 -5290.000488
v -4955.980469 120.999878 -5305.000488
v -4930.000000 120.999878 -5350.000488
v -4955.980469 120.999878 -5335.000488
v -4904.019043 120.999878 -5335.000488
v -4904.019043 120.999878 -5305.000488
v -4980.000000 41.999882 -5238.019043
v -5010.000000 41.999882 -5238.019043
v -5010.000000 41.999882 -5289.980469
v -5025.000000 41.999882 -5263.999512
v -4980.000000 41.999882 -5289.980469
v -4965.000000 41.999882 -5263.999512
v -4850.000000 41.999882 -5238.019043
v -4880.000000 41.999882 -5238.019043
v -4880.000000 41.999882 -5289.980469
v -4895.000000 41.999882 -5263.999512
v -4850.000000 41.999882 -5289.980469
v -4835.000000 41.999882 -5263.999512
v -4850.000000 41.999882 -5430.019043
v -4880.000000 41.999882 -5430.019043
v -4880.000000 41.999882 -5481.980469
v -4895.000000 41.999882 -5455.999512
v -4850.000000 41.999882 -5481.980469
v -4835.000000 41.999882 -5455.999512
v -4980.000000 41.999882 -5430.019043
v -5010.000000 41.999882 -5430.019043
v -5010.000000 41.999882 -5481.980469
v -5025.000000 41.999882 -5455.999512
v -4980.000000 41.999882 -5481.980469
v -4965.000000 41.999882 -5455.999512
v -4850.000000 -201.162598 -5578.019043
v -4880.000000 -201.162598 -5578.019043
v -4880.000000 -201.162598 -5629.980469
v -4895.000000 -201.162598 -5603.999512
v -4850.000000 -201.162598 -5629.980469
v -4835.000000 -201.162598 -5603.999512
v -4980.000000 -201.162598 -5578.019043
v -5010.000000 -201.162598 -5578.019043
v -5010.000000 -201.162598 -5629.980469
v -5025.000000 -201.162598 -5603.999512
v -4980.000000 -201.162598 -5629.980469
v -4965.000000 -201.162598 -5603.999512
v -4850.000000 -201.162598 -5770.019043
v -4880.000000 -201.162598 -5770.019043
v -4880.000000 -201.162598 -5821.980469
v -4895.000000 -201.162598 -5795.999512
v -4850.000000 -201.162598 -5821.980469
v -4835.000000 -201.162598 -5795.999512
v -4930.000000 50.999882 -5630.000488
v -4955.980469 50.999882 -5645.000488
v -4930.000000 50.999882 -5690.000488
v -4955.980469 50.999882 -5675.000488
v -4904.019043 50.999882 -5675.000488
v -4904.019043 50.999882 -5645.000488
v -4990.000000 72.000031 -5690.000000
v -4930.000000 72.000031 -5690.000000
v -4990.000000 52.000031 -5690.000000
v -4930.000000 52.000031 -5690.000000
v -4990.000000 52.000031 -5660.000000
v -4930.000000 52.000031 -5660.000000
v -4990.000000 72.000031 -5660.000000
v -4930.000000 72.000031 -5660.000000
v -4870.000000 72.000031 -5690.000000
v -4870.000000 52.000031 -5690.000000
v -4870.000000 72.000031 -5660.000000
v -4870.000000 52.000031 -5660.000000
v -4990.000000 72.000031 -5740.000000
v -4930.000000 72.000031 -5740.000000
v -4990.000000 52.000031 -5740.000000
v -4930.000000 52.000031 -5740.000000
v -4990.000000 52.000031 -5710.000000
v -4930.000000 52.000031 -5710.000000
v -4990.000000 72.000031 -5710.000000
v -4930.000000 72.000031 -5710.000000
v -4870.000000 72.000031 -5740.000000
v -4870.000000 52.000031 -5740.000000
v -4870.000000 72.000031 -5710.000000
v -4870.000000 52.000031 -5710.000000
v -4930.000000 50.999882 -5710.000488
v -4955.980469 50.999882 -5725.000488
v -4930.000000 50.999882 -5770.000488
v -4955.980469 50.999882 -5755.000488
v -4904.019043 50.999882 -5755.000488
v -4904.019043 50.999882 -5725.000488
v -4980.000000 -201.162598 -5770.019043
v -5010.000000 -201.162598 -5770.019043
v -5010.000000 -201.162598 -5821.980469
v -5025.000000 -201.162598 -5795.999512
v -4980.000000 -201.162598 -5821.980469
v -4965.000000 -201.162598 -5795.999512
v -5004.284180 102.799873 -5724.000000
v -5004.284668 102.799873 -5676.000000
v -5004.284180 147.961075 -5724.000000
v -5004.284180 147.960968 -5676.000000
v -5004.284180 150.799866 -5719.751465
v -5004.284180 150.799789 -5680.248535
v -5027.035645 102.799782 -5676.000000
v -5036.976563 102.799873 -5700.000000
v -5027.035645 102.799873 -5724.000000
v -5015.221191 150.799789 -5715.221191
v -5021.525879 150.799789 -5700.000000
v -5015.221191 150.799789 -5684.778809
v -5024.000000 137.818024 -5724.000000
v -5027.014160 133.307220 -5724.000000
v -5030.059082 117.999863 -5724.000000
v -5010.343262 146.284088 -5676.000000
v -5030.059082 117.999786 -5676.000000
v -5024.000000 137.818024 -5676.000000
v -5010.343262 146.284088 -5724.000000
v -3948.496094 880.696167 -5379.000000
v -3948.496094 880.696228 -5331.000000
v -3948.496094 925.857422 -5379.000000
v -3948.496094 925.857300 -5331.000000
v -3948.496094 928.696106 -5374.751465
v -3948.496094 928.696106 -5335.248535
v -3981.188232 880.696106 -5355.000000
v -3971.247314 880.696106 -5379.000000
v -3971.247314 880.696106 -5331.000000
v -3959.432861 928.696106 -5370.221191
v -3965.737793 928.696106 -5355.000000
v -3959.432861 928.696106 -5339.778809
v -3968.211670 915.714355 -5379.000000
v -3971.225830 911.203552 -5379.000000
v -3974.270996 895.896179 -5379.000000
v -3954.554932 924.180420 -5379.000000
v -3954.554932 924.180420 -5331.000000
v -3974.270752 895.896179 -5331.000000
v -3968.211670 915.714355 -5331.000000
v -3794.211914 749.896057 -5233.019043
v -3824.211914 749.896057 -5233.019043
v -3824.211914 749.896057 -5284.980469
v -3839.211914 749.896057 -5258.999512
v -3794.211914 749.896057 -5284.980469
v -3779.211914 749.896057 -5258.999512
v -5010.823730 224.955215 -5370.823730
v -5015.307129 224.955215 -5360.000000
v -5010.823730 224.955215 -5349.176270
v -5026.131348 203.307373 -5386.131348
v -5027.014160 203.307373 -5336.000000
v -5026.131348 203.307373 -5333.868652
v -5000.000000 203.307373 -5396.955078
v -5000.000000 203.307373 -5323.044922
v -5000.000000 227.999939 -5360.000000
v -5000.000000 224.955231 -5375.307129
v -5000.000000 224.955231 -5344.692871
v -5004.284180 217.961121 -5384.000000
v -5000.000000 216.284241 -5388.284180
v -5000.000000 216.284241 -5331.715820
v -5028.284668 187.999939 -5388.284668
v -5000.000000 187.999939 -5400.000000
v -5026.131348 172.692673 -5386.131348
v -5000.000000 172.692673 -5396.955078
v -5028.284668 187.999939 -5331.715332
v -5026.131348 172.692673 -5333.868652
v -5000.000000 187.999939 -5320.000000
v -5000.000000 172.692673 -5323.044922
v -5036.955078 172.692673 -5360.000000
v -5028.284180 159.715683 -5360.000000
v -5020.000000 159.715683 -5380.000000
v -5020.000000 159.715683 -5340.000000
v -5015.307129 151.044815 -5360.000000
v -5010.823730 151.044815 -5370.823730
v -5010.823730 151.044815 -5349.176270
v -5000.000000 159.715683 -5388.284180
v -5000.000000 159.715683 -5331.715820
v -5000.000000 151.044815 -5375.307129
v -5000.000000 151.044815 -5344.692871
v -5000.000000 147.999939 -5360.000000
v -3817.118164 42.557991 -5475.452148
v -3797.123535 42.094269 -5475.452148
v -3815.381348 117.437866 -5401.865723
v -3805.384033 117.206001 -5401.865723
v -3816.994629 47.882660 -5480.873535
v -3815.257813 122.762321 -5407.286621
v -3797.000000 47.418941 -5480.873535
v -3805.260498 122.530457 -5407.286621
v -3817.862305 10.466920 -5506.989746
v -3757.878418 9.075750 -5506.989746
v -3817.738770 15.791350 -5512.410645
v -3757.754883 14.400180 -5512.410645
v -3719.183350 -42.945992 -5557.705078
v -3719.183350 -30.361750 -5575.025879
v -3836.840332 -40.700951 -5556.975586
v -3836.840332 -28.974211 -5573.116211
v -3719.183350 -10.000010 -5581.641602
v -3836.840332 -10.000010 -5579.281250
v -3719.183350 10.361650 -5575.025879
v -3836.840332 8.974220 -5573.116211
v -3719.183350 22.945900 -5557.705078
v -3836.840332 20.701010 -5556.975586
v -3719.183350 22.945890 -5536.295410
v -3836.840332 20.701010 -5537.024902
v -3751.265869 -55.285191 -5561.714355
v -3751.265869 -37.987782 -5585.521973
v -3726.201416 -51.759689 -5560.568848
v -3726.201416 -35.809021 -5582.523438
v -3751.265869 -10.000010 -5594.616211
v -3726.201416 -10.000010 -5590.909180
v -3751.265869 17.987749 -5585.521973
v -3726.201416 15.808870 -5582.523438
v -3751.265869 35.285210 -5561.714355
v -3726.201416 31.759689 -5560.568848
v -3751.265869 35.285210 -5532.286133
v -3726.201416 31.759710 -5533.431641
v -3718.431641 -47.793530 -5559.280273
v -3718.431641 -33.357670 -5579.149414
v -3718.431641 -10.000030 -5586.738770
v -3718.431641 13.357630 -5579.149414
v -3718.431641 27.793470 -5559.280273
v -3718.431641 27.793449 -5534.720215
v -3719.183350 -30.361750 -5518.974609
v -3719.183350 -42.945992 -5536.295410
v -3836.840332 -28.974340 -5520.884277
v -3836.840332 -40.701099 -5537.024902
v -3719.183350 -10.000030 -5512.358887
v -3836.840332 -10.000000 -5514.719238
v -3719.183350 10.361550 -5518.975098
v -3836.840332 8.974270 -5520.884277
v -3751.265869 -55.285210 -5532.286133
v -3726.201416 -51.759670 -5533.431641
v -3751.265869 -37.987930 -5508.478516
v -3726.201416 -35.808971 -5511.477539
v -3751.265869 -10.000000 -5499.384766
v -3726.201416 -10.000000 -5503.091309
v -3751.265869 17.987770 -5508.478516
v -3726.201416 15.808900 -5511.477051
v -3718.431641 -47.793530 -5534.720215
v -3718.431641 -33.357651 -5514.851074
v -3718.431641 -10.000000 -5507.261719
v -3718.431641 13.357670 -5514.851074
v -3828.966064 -36.489880 -5583.460449
v -3828.966064 -52.861431 -5560.926758
v -3861.273682 -31.315100 -5576.337891
v -3861.273682 -44.488529 -5558.206055
v -3828.966064 -10.000030 -5592.067383
v -3861.273682 -9.999950 -5583.263672
v -3828.966064 16.489811 -5583.460449
v -3861.273682 11.315230 -5576.337891
v -3828.966064 32.861431 -5560.926758
v -3861.273682 24.488661 -5558.206055
v -3828.966064 32.861370 -5533.073730
v -3861.273682 24.488661 -5535.794434
v -3828.966064 -52.861431 -5533.073730
v -3861.273682 -44.488529 -5535.794434
v -3828.966064 -36.489880 -5510.540039
v -3861.273682 -31.315109 -5517.662598
v -3828.966064 -10.000000 -5501.933105
v -3861.273682 -10.000000 -5510.736816
v -3828.966064 16.489820 -5510.540039
v -3861.273682 11.315110 -5517.662598
v -4086.000000 295.000000 -5363.000000
v -4086.000000 299.242676 -5361.242676
v -4047.000000 295.000000 -5363.000000
v -4047.000000 299.242676 -5361.242676
v -4086.000000 299.242676 -5352.757324
v -4086.000000 295.000000 -5351.000000
v -4047.000000 299.242676 -5352.757324
v -4047.000000 295.000000 -5351.000000
v -4086.000000 301.000000 -5357.000000
v -4047.000000 301.000000 -5357.000000
v -4086.000000 289.000000 -5357.000000
v -4086.000000 290.757324 -5361.242676
v -4047.000000 289.000000 -5357.000000
v -4047.000000 290.757324 -5361.242676
v -4086.000000 290.757324 -5352.757324
v -4047.000000 290.757324 -5352.757324
v -4047.000000 295.000000 -5357.000000
v -4250.118164 142.557999 -5475.452148
v -4230.123535 142.094269 -5475.452148
v -4248.381836 217.437866 -5401.865723
v -4238.384277 217.206009 -5401.865723
v -4249.994629 147.882660 -5480.873535
v -4248.258301 222.762329 -5407.286621
v -4230.000000 147.418945 -5480.873535
v -4238.260742 222.530457 -5407.286621
v -4250.862793 110.466919 -5506.989746
v -4190.878906 109.075752 -5506.989746
v -4250.739258 115.791351 -5512.410645
v -4190.755371 114.400177 -5512.410645
v -4152.183594 57.054001 -5557.705078
v -4152.183594 69.638237 -5575.025879
v -4269.840332 59.299049 -5556.975586
v -4269.840332 71.025780 -5573.116211
v -4152.183594 89.999977 -5581.641602
v -4269.840332 89.999977 -5579.281250
v -4152.183594 110.361641 -5575.025879
v -4269.840332 108.974213 -5573.116211
v -4152.183594 122.945900 -5557.705078
v -4269.840332 120.700996 -5556.975586
v -4152.183594 122.945877 -5536.295410
v -4269.840332 120.700996 -5537.024902
v -4184.265625 44.714802 -5561.714355
v -4184.265625 62.012211 -5585.521973
v -4159.201660 48.240299 -5560.568848
v -4159.201660 64.190979 -5582.523438
v -4184.265625 89.999977 -5594.616211
v -4159.201660 89.999977 -5590.909180
v -4184.265625 117.987740 -5585.521973
v -4159.201660 115.808861 -5582.523438
v -4184.265625 135.285202 -5561.714355
v -4159.201660 131.759674 -5560.568848
v -4184.265625 135.285202 -5532.286133
v -4159.201660 131.759705 -5533.431641
v -4151.431641 52.206459 -5559.280273
v -4151.431641 66.642319 -5579.149414
v -4151.431641 89.999962 -5586.738770
v -4151.431641 113.357628 -5579.149414
v -4151.431641 127.793457 -5559.280273
v -4151.431641 127.793442 -5534.720215
v -4152.183594 57.054001 -5536.295410
v -4269.840332 59.298901 -5537.024902
v -4152.183594 69.638237 -5518.974609
v -4269.840332 71.025658 -5520.884277
v -4152.183594 89.999962 -5512.358887
v -4269.840332 90.000000 -5514.719238
v -4152.183105 110.361549 -5518.975098
v -4269.840332 108.974274 -5520.884277
v -4184.265625 44.714779 -5532.286133
v -4159.201660 48.240318 -5533.431641
v -4184.265625 62.012058 -5508.478516
v -4159.201660 64.191017 -5511.477539
v -4184.265625 90.000000 -5499.384766
v -4159.201660 90.000000 -5503.091309
v -4184.265625 117.987770 -5508.478516
v -4159.201660 115.808899 -5511.477051
v -4151.431641 52.206459 -5534.720215
v -4151.431641 66.642342 -5514.851074
v -4151.431641 90.000000 -5507.261719
v -4151.431641 113.357674 -5514.851074
v -4261.965820 63.510120 -5583.460449
v -4261.965820 47.138561 -5560.926758
v -4294.273438 68.684898 -5576.337891
v -4294.273438 55.511459 -5558.206055
v -4261.965820 89.999962 -5592.067383
v -4294.273438 90.000053 -5583.263672
v -4261.965820 116.489807 -5583.460449
v -4294.273438 111.315224 -5576.337891
v -4261.965820 132.861420 -5560.926758
v -4294.273438 124.488663 -5558.206055
v -4261.965820 132.861359 -5533.073730
v -4294.273438 124.488663 -5535.794434
v -4261.965820 47.138561 -5533.073730
v -4294.273438 55.511459 -5535.794434
v -4261.965820 63.510120 -5510.540039
v -4294.273438 68.684883 -5517.662598
v -4261.965820 90.000000 -5501.933105
v -4294.273438 90.000000 -5510.736816
v -4261.965820 116.489807 -5510.540039
v -4294.273438 111.315102 -5517.662598
v -4519.000000 395.000000 -5363.000000
v -4519.000000 399.242676 -5361.242676
v -4480.000000 395.000000 -5363.000000
v -4480.000000 399.242676 -5361.242676
v -4519.000000 399.242676 -5352.757324
v -4519.000000 395.000000 -5351.000000
v -4480.000000 399.242676 -5352.757324
v -4480.000000 395.000000 -5351.000000
v -4519.000000 401.000000 -5357.000000
v -4480.000000 401.000000 -5357.000000
v -4519.000000 389.000000 -5357.000000
v -4519.000000 390.757324 -5361.242676
v -4480.000000 389.000000 -5357.000000
v -4480.000000 390.757324 -5361.242676
v -4519.000000 390.757324 -5352.757324
v -4480.000000 390.757324 -5352.757324
v -4480.000000 395.000000 -5357.000000
v -4771.117676 -155.487396 -5319.843750
v -4771.543457 -155.906219 -5299.853027
v -4844.724609 -80.607140 -5319.843750
v -4844.937500 -80.816559 -5309.848633
v -4765.700195 -150.162216 -5319.617188
v -4839.307129 -75.282173 -5319.617188
v -4766.126465 -150.581039 -5299.625977
v -4839.520020 -75.491592 -5309.621582
v -4739.571777 -187.578613 -5319.843750
v -4740.850098 -188.835129 -5259.870605
v -4734.154297 -182.253677 -5319.617188
v -4735.432617 -183.510178 -5259.643555
v -4689.294922 -175.054108 -5221.809570
v -4710.704590 -175.054123 -5221.809570
v -4690.024414 -177.299011 -5339.466309
v -4709.975098 -177.299011 -5339.466309
v -4687.719727 -170.206543 -5221.057617
v -4712.279785 -170.206558 -5221.057617
v -4686.431152 -166.240326 -5228.827637
v -4713.568359 -166.240311 -5228.827637
v -4685.285645 -162.714798 -5253.891602
v -4714.713867 -162.714798 -5253.891602
v -4689.294922 -240.946014 -5221.809570
v -4671.974121 -228.361771 -5221.809570
v -4690.024414 -238.700958 -5339.466309
v -4673.883789 -226.974228 -5339.466309
v -4671.974121 -187.638367 -5221.809570
v -4673.883789 -189.025787 -5339.466309
v -4687.719727 -245.793549 -5221.057617
v -4667.850586 -231.357681 -5221.057617
v -4667.850586 -184.642380 -5221.057617
v -4686.431152 -249.759705 -5228.827637
v -4664.476563 -233.809036 -5228.827637
v -4664.476563 -182.191147 -5228.827637
v -4685.285645 -253.285217 -5253.891602
v -4661.478027 -235.987793 -5253.891602
v -4661.478027 -180.012268 -5253.891602
v -4665.358398 -208.000015 -5221.809570
v -4667.718750 -208.000015 -5339.466309
v -4660.261230 -208.000046 -5221.057617
v -4656.090820 -208.000015 -5228.827637
v -4652.383789 -208.000015 -5253.891602
v -4747.615234 -208.000015 -5253.891602
v -4738.521484 -235.987946 -5253.891602
v -4743.908691 -208.000015 -5228.827637
v -4735.522461 -233.808975 -5228.827637
v -4738.521484 -180.012238 -5253.891602
v -4735.522949 -182.191116 -5228.827637
v -4739.738281 -208.000015 -5221.057617
v -4732.148926 -231.357666 -5221.057617
v -4732.148926 -184.642349 -5221.057617
v -4734.641113 -208.000046 -5221.809570
v -4728.025391 -228.361771 -5221.809570
v -4728.024902 -187.638458 -5221.809082
v -4732.280762 -208.000015 -5339.466309
v -4726.115723 -226.974350 -5339.466309
v -4726.115723 -189.025742 -5339.466309
v -4714.713867 -253.285233 -5253.891602
v -4713.568359 -249.759689 -5228.827637
v -4712.279785 -245.793549 -5221.057617
v -4710.704590 -240.946014 -5221.809570
v -4709.975098 -238.701111 -5339.466309
v -4713.926270 -165.138641 -5331.591797
v -4686.073242 -165.138580 -5331.591797
v -4711.205566 -173.511353 -5363.899414
v -4688.793945 -173.511353 -5363.899414
v -4663.539551 -234.489883 -5331.591797
v -4686.073242 -250.861450 -5331.591797
v -4670.662109 -229.315109 -5363.899414
v -4688.793945 -242.488556 -5363.899414
v -4663.539551 -181.510208 -5331.591797
v -4670.662109 -186.684784 -5363.899414
v -4654.932617 -208.000046 -5331.591797
v -4663.736328 -207.999954 -5363.899414
v -4745.066895 -208.000015 -5331.591797
v -4736.459961 -181.510193 -5331.591797
v -4736.263184 -208.000015 -5363.899414
v -4729.337402 -186.684906 -5363.899414
v -4736.459961 -234.489883 -5331.591797
v -4729.337402 -229.315125 -5363.899414
v -4713.926270 -250.861450 -5331.591797
v -4711.205566 -242.488556 -5363.899414
v -4771.117676 -225.487396 -5659.843750
v -4771.543457 -225.906235 -5639.853027
v -4844.724609 -150.607147 -5659.843750
v -4844.937500 -150.816559 -5649.848633
v -4765.700195 -220.162216 -5659.617188
v -4839.307129 -145.282181 -5659.617188
v -4766.126465 -220.581039 -5639.625977
v -4839.520020 -145.491592 -5649.621582
v -4739.571777 -257.578613 -5659.843750
v -4740.850098 -258.835114 -5599.870605
v -4734.154297 -252.253677 -5659.617188
v -4735.432617 -253.510193 -5599.643555
v -4689.294922 -245.054108 -5561.809570
v -4710.704590 -245.054123 -5561.809570
v -4690.024414 -247.299011 -5679.466309
v -4709.975098 -247.299011 -5679.466309
v -4687.719727 -240.206543 -5561.057617
v -4712.279785 -240.206558 -5561.057617
v -4686.431152 -236.240326 -5568.827637
v -4713.568359 -236.240311 -5568.827637
v -4685.285645 -232.714798 -5593.891602
v -4714.713867 -232.714798 -5593.891602
v -4689.294922 -310.946014 -5561.809570
v -4671.974121 -298.361755 -5561.809570
v -4690.024414 -308.700958 -5679.466309
v -4673.883789 -296.974243 -5679.466309
v -4671.974121 -257.638367 -5561.809570
v -4673.883789 -259.025787 -5679.466309
v -4687.719727 -315.793549 -5561.057617
v -4667.850586 -301.357697 -5561.057617
v -4667.850586 -254.642380 -5561.057617
v -4686.431152 -319.759705 -5568.827637
v -4664.476563 -303.809021 -5568.827637
v -4664.476563 -252.191147 -5568.827637
v -4685.285645 -323.285217 -5593.891602
v -4661.478027 -305.987793 -5593.891602
v -4661.478027 -250.012268 -5593.891602
v -4665.358398 -278.000031 -5561.809570
v -4667.718750 -278.000031 -5679.466309
v -4660.261230 -278.000061 -5561.057617
v -4656.090820 -278.000031 -5568.827637
v -4652.383789 -278.000031 -5593.891602
v -4747.615234 -278.000000 -5593.891602
v -4738.521484 -305.987946 -5593.891602
v -4743.908691 -278.000000 -5568.827637
v -4735.522461 -303.808990 -5568.827637
v -4738.521484 -250.012238 -5593.891602
v -4735.522949 -252.191116 -5568.827637
v -4739.738281 -278.000000 -5561.057617
v -4732.148926 -301.357666 -5561.057617
v -4732.148926 -254.642349 -5561.057617
v -4734.641113 -278.000061 -5561.809570
v -4728.025391 -298.361755 -5561.809570
v -4728.024902 -257.638458 -5561.809082
v -4732.280762 -278.000000 -5679.466309
v -4726.115723 -296.974365 -5679.466309
v -4726.115723 -259.025757 -5679.466309
v -4714.713867 -323.285217 -5593.891602
v -4713.568359 -319.759674 -5568.827637
v -4712.279785 -315.793549 -5561.057617
v -4710.704590 -310.946014 -5561.809570
v -4709.975098 -308.701111 -5679.466309
v -4713.926270 -235.138641 -5671.591797
v -4686.073242 -235.138580 -5671.591797
v -4711.205566 -243.511353 -5703.899414
v -4688.793945 -243.511353 -5703.899414
v -4663.539551 -304.489899 -5671.591797
v -4686.073242 -320.861450 -5671.591797
v -4670.662109 -299.315125 -5703.899414
v -4688.793945 -312.488556 -5703.899414
v -4663.539551 -251.510208 -5671.591797
v -4670.662109 -256.684784 -5703.899414
v -4654.932617 -278.000061 -5671.591797
v -4663.736328 -277.999969 -5703.899414
v -4745.066895 -278.000000 -5671.591797
v -4736.459961 -251.510193 -5671.591797
v -4736.263184 -278.000000 -5703.899414
v -4729.337402 -256.684906 -5703.899414
v -4736.459961 -304.489899 -5671.591797
v -4729.337402 -299.315125 -5703.899414
v -4713.926270 -320.861450 -5671.591797
v -4711.205566 -312.488556 -5703.899414
v -3794.211670 669.896179 -5285.000000
v -3794.358398 670.150269 -5330.028320
v -3794.205322 619.896973 -5285.282227
v -3794.352295 620.151123 -5330.310547
v -3715.329590 552.408813 -5314.843750
v -3715.755615 551.989990 -5294.853027
v -3788.936523 627.289063 -5314.843750
v -3789.149414 627.079651 -5304.848633
v -3709.912109 557.734009 -5314.617188
v -3783.519043 632.614014 -5314.617188
v -3710.338379 557.315186 -5294.625977
v -3783.732178 632.404602 -5304.621582
v -3683.783691 520.317566 -5314.843750
v -3685.061768 519.061096 -5254.870605
v -3678.366455 525.642517 -5314.617188
v -3679.644531 524.386047 -5254.643555
v -3633.507080 532.842041 -5216.809570
v -3654.916748 532.842041 -5216.809570
v -3634.236572 530.597168 -5334.466309
v -3654.187256 530.597168 -5334.466309
v -3631.932129 537.689636 -5216.057617
v -3656.491699 537.689636 -5216.057617
v -3630.643311 541.655823 -5223.827637
v -3657.780518 541.655884 -5223.827637
v -3629.497803 545.181396 -5248.891602
v -3658.926025 545.181396 -5248.891602
v -3633.507080 466.950165 -5216.809570
v -3616.186523 479.534424 -5216.809570
v -3634.236572 469.195221 -5334.466309
v -3618.095947 480.921936 -5334.466309
v -3616.186279 520.257813 -5216.809570
v -3618.096191 518.870361 -5334.466309
v -3631.932129 462.102631 -5216.057617
v -3612.062744 476.538483 -5216.057617
v -3612.062744 523.253784 -5216.057617
v -3630.643311 458.136475 -5223.827637
v -3608.688965 474.087158 -5223.827637
v -3608.688965 525.705017 -5223.827637
v -3629.497803 454.610962 -5248.891602
v -3605.689941 471.908386 -5248.891602
v -3605.689941 527.883911 -5248.891602
v -3609.570557 499.896149 -5216.809570
v -3611.930908 499.896149 -5334.466309
v -3604.473389 499.896118 -5216.057617
v -3600.303223 499.896149 -5223.827637
v -3596.596191 499.896149 -5248.891602
v -3691.827637 499.896179 -5248.891602
v -3682.733887 471.908234 -5248.891602
v -3688.120605 499.896179 -5223.827637
v -3679.734863 474.087189 -5223.827637
v -3682.733887 527.883911 -5248.891602
v -3679.734863 525.705078 -5223.827637
v -3683.950439 499.896179 -5216.057617
v -3676.361084 476.538513 -5216.057617
v -3676.361084 523.253845 -5216.057617
v -3678.853271 499.896118 -5216.809570
v -3672.237305 479.534424 -5216.809570
v -3672.237061 520.257690 -5216.809082
v -3676.492920 499.896179 -5334.466309
v -3670.327637 480.921814 -5334.466309
v -3670.327637 518.870422 -5334.466309
v -3658.926025 454.610962 -5248.891602
v -3657.780518 458.136505 -5223.827637
v -3656.491699 462.102631 -5216.057617
v -3654.916504 466.950165 -5216.809570
v -3654.187256 469.195068 -5334.466309
v -3658.138428 542.757507 -5326.591797
v -3630.285400 542.757568 -5326.591797
v -3655.417969 534.384827 -5358.899414
v -3633.005859 534.384827 -5358.899414
v -3607.751709 473.406281 -5326.591797
v -3630.285400 457.034729 -5326.591797
v -3614.874023 478.581055 -5358.899414
v -3633.005859 465.407623 -5358.899414
v -3607.751709 526.385986 -5326.591797
v -3614.874268 521.211365 -5358.899414
v -3599.144775 499.896118 -5326.591797
v -3607.948486 499.896210 -5358.899414
v -3680.671875 473.406281 -5326.591797
v -3689.279053 499.896179 -5326.591797
v -3673.549561 478.581055 -5358.899414
v -3680.475342 499.896179 -5358.899414
v -3680.672119 526.385986 -5326.591797
v -3673.549805 521.211243 -5358.899414
v -3658.138428 457.034729 -5326.591797
v -3655.417969 465.407623 -5358.899414
v -3824.211670 539.896240 -5285.000000
v -3824.211426 747.396118 -5285.000000
v -3824.211670 539.896240 -5315.000000
v -3824.211426 747.396118 -5315.000000
v -3824.211670 957.895996 -5424.999512
v -3824.211670 747.396118 -5424.999512
v -3824.211670 957.895996 -5394.999512
v -3824.211426 747.396118 -5394.999512
v -3824.211670 539.896240 -5424.999512
v -3824.211670 539.896240 -5394.999512
v -3824.211670 957.895996 -5285.000000
v -3824.211670 957.895996 -5315.000000
v -3794.211670 747.396118 -5394.999512
v -3794.211670 539.896240 -5394.999512
v -3794.211670 747.396118 -5424.999512
v -3794.211670 539.896240 -5424.999512
v -3794.211670 539.896240 -5315.000000
v -3794.211426 747.396118 -5315.000000
v -3794.211670 539.896240 -5285.000000
v -3794.211426 747.396118 -5285.000000
v -3794.211670 957.895996 -5394.999512
v -3794.211670 957.895996 -5424.999512
v -3794.211670 957.895996 -5315.000000
v -3794.211670 957.895996 -5285.000000
v -3944.211670 409.896332 -5445.000000
v -3934.211670 409.896332 -5445.000000
v -3944.211670 409.896332 -5265.000000
v -3934.211670 409.896332 -5265.000000
v -5000.000000 112.000099 -5450.000000
v -4990.000000 112.000099 -5450.000000
v -5000.000000 112.000099 -5270.000000
v -4990.000000 112.000099 -5270.000000
v -5010.000000 39.499969 -5429.999512
v -5010.000000 -167.999893 -5429.999512
v -5010.000000 39.499969 -5399.999512
v -5010.000000 -167.999893 -5399.999512
v -5010.000000 -167.999893 -5290.000000
v -5010.000000 39.499969 -5290.000000
v -5010.000000 -167.999893 -5320.000000
v -5010.000000 39.499969 -5320.000000
v -5010.000000 249.999878 -5429.999512
v -5010.000000 249.999878 -5399.999512
v -5010.000000 249.999878 -5290.000000
v -5010.000000 249.999878 -5320.000000
v -4980.000000 39.499969 -5399.999512
v -4980.000000 -167.999893 -5399.999512
v -4980.000000 39.499969 -5429.999512
v -4980.000000 -167.999893 -5429.999512
v -4980.000000 -167.999893 -5320.000000
v -4980.000000 39.499969 -5320.000000
v -4980.000000 -167.999893 -5290.000000
v -4980.000000 39.499969 -5290.000000
v -4980.000000 249.999878 -5399.999512
v -4980.000000 249.999878 -5429.999512
v -4980.000000 249.999878 -5320.000000
v -4980.000000 249.999878 -5290.000000
v -4870.000000 112.000099 -5450.000000
v -4860.000000 112.000099 -5450.000000
v -4870.000000 112.000099 -5270.000000
v -4860.000000 112.000099 -5270.000000
v -4880.000000 39.499969 -5429.999512
v -4880.000000 -167.999893 -5429.999512
v -4880.000000 39.499969 -5399.999512
v -4880.000000 -167.999893 -5399.999512
v -4880.000000 -167.999893 -5290.000000
v -4880.000000 39.499969 -5290.000000
v -4880.000000 -167.999893 -5320.000000
v -4880.000000 39.499969 -5320.000000
v -4880.000000 249.999878 -5429.999512
v -4880.000000 249.999878 -5399.999512
v -4880.000000 249.999878 -5290.000000
v -4880.000000 249.999878 -5320.000000
v -4850.000000 39.499969 -5399.999512
v -4850.000000 -167.999893 -5399.999512
v -4850.000000 39.499969 -5429.999512
v -4850.000000 -167.999893 -5429.999512
v -4850.000000 -167.999893 -5320.000000
v -4850.000000 39.499969 -5320.000000
v -4850.000000 -167.999893 -5290.000000
v -4850.000000 39.499969 -5290.000000
v -4850.000000 249.999878 -5399.999512
v -4850.000000 249.999878 -5429.999512
v -4850.000000 249.999878 -5320.000000
v -4850.000000 249.999878 -5290.000000
v -5000.000000 -297.999878 -5450.000000
v -4990.000000 -297.999878 -5450.000000
v -5000.000000 -297.999878 -5270.000000
v -4990.000000 -297.999878 -5270.000000
v -4850.000000 -38.000011 -5290.000000
v -4850.146973 -37.745899 -5335.028320
v -4849.993652 -87.999184 -5290.282227
v -4850.140137 -87.745064 -5335.310547
v -4850.000000 -108.000023 -5630.000000
v -4850.146973 -107.745903 -5675.028809
v -4849.993652 -157.999176 -5630.282715
v -4850.140137 -157.745071 -5675.310547
v -4880.000000 -30.500031 -5769.999512
v -4880.000000 -237.999893 -5769.999512
v -4880.000000 -30.500031 -5739.999512
v -4880.000000 -237.999893 -5739.999512
v -4880.000000 -237.999893 -5630.000000
v -4880.000000 -30.500031 -5630.000000
v -4880.000000 -237.999893 -5660.000000
v -4880.000000 -30.500031 -5660.000000
v -4880.000000 179.999878 -5769.999512
v -4880.000000 179.999878 -5739.999512
v -4880.000000 179.999878 -5630.000000
v -4880.000000 179.999878 -5660.000000
v -4850.000000 -30.500031 -5739.999512
v -4850.000000 -237.999893 -5739.999512
v -4850.000000 -30.500031 -5769.999512
v -4850.000000 -237.999893 -5769.999512
v -4850.000000 -237.999893 -5660.000000
v -4850.000000 -30.500031 -5660.000000
v -4850.000000 -237.999893 -5630.000000
v -4850.000000 -30.500031 -5630.000000
v -4850.000000 179.999878 -5739.999512
v -4850.000000 179.999878 -5769.999512
v -4850.000000 179.999878 -5660.000000
v -4850.000000 179.999878 -5630.000000
v -5000.000000 -367.999878 -5790.000000
v -4990.000000 -367.999878 -5790.000000
v -5000.000000 -367.999878 -5610.000000
v -4990.000000 -367.999878 -5610.000000
v -5000.000000 42.000111 -5790.000000
v -4990.000000 42.000111 -5790.000000
v -5000.000000 42.000111 -5610.000000
v -4990.000000 42.000111 -5610.000000
v -4870.000000 42.000111 -5790.000000
v -4860.000000 42.000111 -5790.000000
v -4870.000000 42.000111 -5610.000000
v -4860.000000 42.000111 -5610.000000
v -5010.823730 154.955063 -5710.823730
v -5015.307129 154.955063 -5700.000000
v -5010.823730 154.955063 -5689.176270
v -5026.131348 133.307220 -5726.131348
v -5027.014160 133.307220 -5676.000000
v -5026.131348 133.307220 -5673.868652
v -5000.000000 133.307220 -5736.955078
v -5000.000000 133.307220 -5663.044922
v -5000.000000 157.999786 -5700.000000
v -5000.000000 154.955063 -5715.307129
v -5000.000000 154.955063 -5684.692871
v -5004.284180 147.960968 -5724.000000
v -5000.000000 146.284088 -5728.283691
v -5000.000000 146.284088 -5671.716309
v -5028.284668 117.999786 -5728.284668
v -5000.000000 117.999786 -5740.000000
v -5026.131348 102.692528 -5726.131348
v -5000.000000 102.692513 -5736.955078
v -5028.284668 117.999786 -5671.715332
v -5026.131348 102.692528 -5673.868652
v -5000.000000 117.999786 -5660.000000
v -5000.000000 102.692513 -5663.044922
v -5036.955078 102.692513 -5700.000000
v -5028.284180 89.715538 -5700.000000
v -5020.000000 89.715538 -5720.000000
v -5020.000000 89.715538 -5680.000000
v -5015.307129 81.044662 -5700.000000
v -5010.823730 81.044662 -5710.823730
v -5010.823730 81.044662 -5689.176270
v -5000.000000 89.715538 -5728.284180
v -5000.000000 89.715538 -5671.715820
v -5000.000000 81.044662 -5715.307129
v -5000.000000 81.044662 -5684.692871
v -5000.000000 77.999786 -5700.000000
v -5010.000000 -30.500031 -5769.999512
v -5010.000000 -237.999893 -5769.999512
v -5010.000000 -30.500031 -5739.999512
v -5010.000000 -237.999893 -5739.999512
v -5010.000000 -237.999893 -5630.000000
v -5010.000000 -30.500031 -5630.000000
v -5010.000000 -237.999893 -5660.000000
v -5010.000000 -30.500031 -5660.000000
v -5010.000000 179.999878 -5769.999512
v -5010.000000 179.999878 -5739.999512
v -5010.000000 179.999878 -5630.000000
v -5010.000000 179.999878 -5660.000000
v -4980.000000 -30.500031 -5739.999512
v -4980.000000 -237.999893 -5739.999512
v -4980.000000 -30.500031 -5769.999512
v -4980.000000 -237.999893 -5769.999512
v -4980.000000 -237.999893 -5660.000000
v -4980.000000 -30.500031 -5660.000000
v -4980.000000 -237.999893 -5630.000000
v -4980.000000 -30.500031 -5630.000000
v -4980.000000 179.999878 -5739.999512
v -4980.000000 179.999878 -5769.999512
v -4980.000000 179.999878 -5660.000000
v -4980.000000 179.999878 -5630.000000
v -3954.211670 539.896362 -5285.000000
v -3954.211426 747.396240 -5285.000000
v -3954.211670 539.896362 -5315.000000
v -3954.211426 747.396240 -5315.000000
v -3954.211670 957.896179 -5424.999512
v -3954.211670 747.396240 -5424.999512
v -3954.211670 957.896179 -5394.999512
v -3954.211426 747.396240 -5394.999512
v -3954.211670 539.896362 -5424.999512
v -3954.211670 539.896362 -5394.999512
v -3954.211670 957.896179 -5285.000000
v -3954.211670 957.896179 -5315.000000
v -3924.211670 747.396240 -5394.999512
v -3924.211670 539.896362 -5394.999512
v -3924.211670 747.396240 -5424.999512
v -3924.211670 539.896362 -5424.999512
v -3924.211670 539.896362 -5315.000000
v -3924.211426 747.396240 -5315.000000
v -3924.211670 539.896362 -5285.000000
v -3924.211426 747.396240 -5285.000000
v -3924.211670 957.896179 -5394.999512
v -3924.211670 957.896179 -5424.999512
v -3924.211670 957.896179 -5315.000000
v -3924.211670 957.896179 -5285.000000
v -3814.211670 819.896301 -5445.000000
v -3804.211670 819.896301 -5445.000000
v -3814.211670 819.896301 -5265.000000
v -3804.211670 819.896301 -5265.000000
v -3955.035400 932.851379 -5365.823730
v -3959.518799 932.851379 -5355.000000
v -3955.035400 932.851379 -5344.176270
v -3970.343018 911.203552 -5381.131348
v -3971.225830 911.203552 -5331.000000
v -3970.343018 911.203552 -5328.868652
v -3944.211670 911.203552 -5391.955078
v -3944.211670 911.203552 -5318.044922
v -3944.211670 935.896118 -5355.000000
v -3944.211670 932.851379 -5370.307129
v -3944.211670 932.851379 -5339.692871
v -3948.496094 925.857239 -5379.000000
v -3944.211670 924.180420 -5383.284180
v -3944.211670 924.180420 -5326.715820
v -3972.496094 895.896057 -5383.284668
v -3944.211670 895.896118 -5395.000000
v -3970.343018 880.588867 -5381.131348
v -3944.211670 880.588867 -5391.955078
v -3972.496094 895.896057 -5326.715332
v -3970.343018 880.588867 -5328.868652
v -3944.211670 895.896118 -5315.000000
v -3944.211670 880.588867 -5318.044922
v -3981.167236 880.588867 -5355.000000
v -3972.496094 867.611877 -5355.000000
v -3964.211670 867.611877 -5375.000000
v -3964.211670 867.611877 -5335.000000
v -3959.518799 858.940979 -5355.000000
v -3955.035400 858.940979 -5365.823730
v -3955.035400 858.940979 -5344.176270
v -3944.211670 867.611877 -5383.284180
v -3944.211670 867.611877 -5326.715820
v -3944.211670 858.940979 -5370.307129
v -3944.211670 858.940979 -5339.692871
v -3944.211670 855.896118 -5355.000000
v -3944.211670 819.896301 -5445.000000
v -3934.211670 819.896301 -5445.000000
v -3944.211670 819.896301 -5265.000000
v -3934.211670 819.896301 -5265.000000
v -4067.000000 280.000061 -5377.000000
v -3992.000000 280.000061 -5377.000000
v -4067.000000 280.000061 -5317.000000
v -3992.000000 280.000061 -5317.000000
v -3917.000000 280.000061 -5377.000000
v -3917.000000 280.000061 -5317.000000
v -3842.000000 280.000061 -5377.000000
v -3842.000000 280.000061 -5317.000000
v -3767.000000 280.000061 -5377.000000
v -3767.000000 280.000061 -5317.000000
v -4500.000000 380.000061 -5377.000000
v -4425.000000 380.000061 -5377.000000
v -4500.000000 380.000092 -5317.000000
v -4425.000000 380.000061 -5317.000000
v -4350.000000 380.000061 -5377.000000
v -4350.000000 380.000061 -5317.000000
v -4275.000000 380.000061 -5377.000000
v -4275.000000 380.000061 -5317.000000
v -4200.000000 380.000061 -5377.000000
v -4200.000000 380.000092 -5317.000000
v -3832.402832 159.760483 -5397.000000
v -3832.403076 159.760666 -5417.000000
v -3832.136963 109.761223 -5397.000488
v -3832.243164 129.761093 -5417.000000
v -3787.374023 159.999985 -5397.000000
v -3787.108154 110.000717 -5397.000488
v -3787.374023 160.000153 -5417.000000
v -3787.214600 130.000595 -5417.000000
v -4265.402832 259.760468 -5397.000000
v -4265.402832 259.760651 -5417.000000
v -4265.136719 209.761230 -5397.000488
v -4265.243164 229.761093 -5417.000000
v -4220.374023 259.999969 -5397.000000
v -4220.108398 210.000732 -5397.000488
v -4220.374023 260.000153 -5417.000000
v -4220.214355 230.000595 -5417.000000
v -4865.980469 319.999908 -6120.000000
v -4865.980469 319.999908 -6105.000000
v -4865.980469 325.999908 -6120.000000
v -4865.980469 325.999908 -6105.000000
v -4865.980469 325.999908 -6090.000000
v -4865.980469 319.999908 -6090.000000
v -4840.000000 319.999908 -6135.000000
v -4840.000000 325.999908 -6135.000000
v -4814.019531 319.999908 -6120.000000
v -4814.019531 325.999908 -6120.000000
v -4814.019531 325.999908 -6105.000000
v -4814.019531 319.999908 -6105.000000
v -4814.019531 319.999908 -6090.000000
v -4814.019531 325.999908 -6090.000000
v -4840.000000 319.999908 -6075.000000
v -4840.000000 325.999908 -6075.000000
v -4955.980469 319.999908 -6120.000000
v -4955.980469 319.999908 -6105.000000
v -4955.980469 325.999908 -6120.000000
v -4955.980469 325.999908 -6105.000000
v -4955.980469 325.999908 -6090.000000
v -4955.980469 319.999908 -6090.000000
v -4930.000000 319.999908 -6135.000000
v -4930.000000 325.999908 -6135.000000
v -4904.019531 319.999908 -6120.000000
v -4904.019531 325.999908 -6120.000000
v -4904.019531 325.999908 -6105.000000
v -4904.019531 319.999908 -6105.000000
v -4904.019531 319.999908 -6090.000000
v -4904.019531 325.999908 -6090.000000
v -4930.000000 319.999908 -6075.000000
v -4930.000000 325.999908 -6075.000000
v -5055.980469 319.999908 -6120.000000
v -5055.980469 319.999908 -6105.000000
v -5055.980469 325.999908 -6120.000000
v -5055.980469 325.999908 -6105.000000
v -5055.980469 325.999908 -6090.000000
v -5055.980469 319.999908 -6090.000000
v -5030.000000 319.999908 -6135.000000
v -5030.000000 325.999908 -6135.000000
v -5004.019531 319.999908 -6120.000000
v -5004.019531 325.999908 -6120.000000
v -5004.019531 325.999908 -6105.000000
v -5004.019531 319.999908 -6105.000000
v -5004.019531 319.999908 -6090.000000
v -5004.019531 325.999908 -6090.000000
v -5030.000000 319.999908 -6075.000000
v -5030.000000 325.999908 -6075.000000
v -3793.211182 669.896179 -5286.000000
v -3784.190918 693.917358 -5295.020996
v -3793.211182 669.896179 -5304.041504
v -3775.170410 669.896179 -5304.041504
v -3775.170410 669.896179 -5286.000000
v -4848.999512 -107.999962 -5631.000000
v -4839.979004 -83.978767 -5640.020996
v -4848.999512 -107.999962 -5649.041504
v -4830.958496 -107.999962 -5649.041504
v -4830.958496 -107.999962 -5631.000000
v -3969.211914 769.896057 -5258.999512
v -3954.211914 769.896057 -5233.019043
v -3969.211914 776.896057 -5258.999512
v -3954.211914 776.896057 -5233.019043
v -3924.211914 769.896057 -5233.019043
v -3924.211914 776.896057 -5233.019043
v -3909.211914 769.896057 -5258.999512
v -3909.211914 776.896057 -5258.999512
v -3954.211914 769.896057 -5284.980469
v -3954.211914 776.896057 -5284.980469
v -3924.211914 776.896057 -5284.980469
v -3924.211914 769.896057 -5284.980469
v -3900.192627 848.896057 -5330.000488
v -3900.192627 848.896057 -5300.000488
v -3900.192627 855.896057 -5330.000488
v -3900.192627 855.896057 -5300.000488
v -3874.211914 848.896057 -5285.000488
v -3874.211914 855.896057 -5285.000488
v -3848.231201 848.896057 -5300.000488
v -3848.231201 855.896057 -5300.000488
v -3874.211914 848.896057 -5345.000488
v -3874.211914 855.896057 -5345.000488
v -3848.230957 855.896057 -5330.000488
v -3848.230957 848.896057 -5330.000488
v -3900.192627 848.896057 -5410.000488
v -3900.192627 848.896057 -5380.000488
v -3900.192627 855.896057 -5410.000488
v -3900.192627 855.896057 -5380.000488
v -3874.211914 848.896057 -5365.000488
v -3874.211914 855.896057 -5365.000488
v -3848.231201 848.896057 -5380.000488
v -3848.231201 855.896057 -5380.000488
v -3874.211914 848.896057 -5425.000488
v -3874.211914 855.896057 -5425.000488
v -3848.230957 855.896057 -5410.000488
v -3848.230957 848.896057 -5410.000488
v -3839.211914 769.896057 -5450.999512
v -3824.211914 769.896057 -5425.019043
v -3839.211914 776.896057 -5450.999512
v -3824.211914 776.896057 -5425.019043
v -3794.211914 769.896057 -5425.019043
v -3794.211914 776.896057 -5425.019043
v -3779.211914 769.896057 -5450.999512
v -3779.211914 776.896057 -5450.999512
v -3824.211914 769.896057 -5476.980469
v -3824.211914 776.896057 -5476.980469
v -3794.211914 776.896057 -5476.980469
v -3794.211914 769.896057 -5476.980469
v -3969.211914 769.896057 -5450.999512
v -3954.211914 769.896057 -5425.019043
v -3969.211914 776.896057 -5450.999512
v -3954.211914 776.896057 -5425.019043
v -3924.211914 769.896057 -5425.019043
v -3924.211914 776.896057 -5425.019043
v -3909.211914 769.896057 -5450.999512
v -3909.211914 776.896057 -5450.999512
v -3954.211914 769.896057 -5476.980469
v -3954.211914 776.896057 -5476.980469
v -3924.211914 776.896057 -5476.980469
v -3924.211914 769.896057 -5476.980469
v -4955.980469 140.999878 -5415.000488
v -4955.980469 140.999878 -5385.000488
v -4955.980469 147.999878 -5415.000488
v -4955.980469 147.999878 -5385.000488
v -4930.000000 140.999878 -5370.000488
v -4930.000000 147.999878 -5370.000488
v -4904.019043 140.999878 -5385.000488
v -4904.019043 147.999878 -5385.000488
v -4930.000000 140.999878 -5430.000488
v -4930.000000 147.999878 -5430.000488
v -4904.019043 147.999878 -5415.000488
v -4904.019043 140.999878 -5415.000488
v -4955.980469 140.999878 -5335.000488
v -4955.980469 140.999878 -5305.000488
v -4955.980469 147.999878 -5335.000488
v -4955.980469 147.999878 -5305.000488
v -4930.000000 140.999878 -5290.000488
v -4930.000000 147.999878 -5290.000488
v -4904.019043 140.999878 -5305.000488
v -4904.019043 147.999878 -5305.000488
v -4930.000000 140.999878 -5350.000488
v -4930.000000 147.999878 -5350.000488
v -4904.019043 147.999878 -5335.000488
v -4904.019043 140.999878 -5335.000488
v -5025.000000 61.999882 -5263.999512
v -5010.000000 61.999882 -5238.019043
v -5025.000000 68.999878 -5263.999512
v -5010.000000 68.999878 -5238.019043
v -4980.000000 61.999882 -5238.019043
v -4980.000000 68.999878 -5238.019043
v -4965.000000 61.999882 -5263.999512
v -4965.000000 68.999878 -5263.999512
v -5010.000000 61.999882 -5289.980469
v -5010.000000 68.999878 -5289.980469
v -4980.000000 68.999878 -5289.980469
v -4980.000000 61.999882 -5289.980469
v -4895.000000 61.999882 -5263.999512
v -4880.000000 61.999882 -5238.019043
v -4895.000000 68.999878 -5263.999512
v -4880.000000 68.999878 -5238.019043
v -4850.000000 61.999882 -5238.019043
v -4850.000000 68.999878 -5238.019043
v -4835.000000 61.999882 -5263.999512
v -4835.000000 68.999878 -5263.999512
v -4880.000000 61.999882 -5289.980469
v -4880.000000 68.999878 -5289.980469
v -4850.000000 68.999878 -5289.980469
v -4850.000000 61.999882 -5289.980469
v -4895.000000 61.999882 -5455.999512
v -4880.000000 61.999882 -5430.019043
v -4895.000000 68.999878 -5455.999512
v -4880.000000 68.999878 -5430.019043
v -4850.000000 61.999882 -5430.019043
v -4850.000000 68.999878 -5430.019043
v -4835.000000 61.999882 -5455.999512
v -4835.000000 68.999878 -5455.999512
v -4880.000000 61.999882 -5481.980469
v -4880.000000 68.999878 -5481.980469
v -4850.000000 68.999878 -5481.980469
v -4850.000000 61.999882 -5481.980469
v -5025.000000 61.999882 -5455.999512
v -5010.000000 61.999882 -5430.019043
v -5025.000000 68.999878 -5455.999512
v -5010.000000 68.999878 -5430.019043
v -4980.000000 61.999882 -5430.019043
v -4980.000000 68.999878 -5430.019043
v -4965.000000 61.999882 -5455.999512
v -4965.000000 68.999878 -5455.999512
v -5010.000000 61.999882 -5481.980469
v -5010.000000 68.999878 -5481.980469
v -4980.000000 68.999878 -5481.980469
v -4980.000000 61.999882 -5481.980469
v -4848.999512 -37.999901 -5291.000000
v -4839.979004 -13.978710 -5300.020996
v -4848.999512 -37.999901 -5309.041504
v -4830.958496 -37.999901 -5309.041504
v -4830.958496 -37.999901 -5291.000000
v -4895.000000 -181.162598 -5603.999512
v -4880.000000 -181.162598 -5578.019043
v -4895.000000 -174.162598 -5603.999512
v -4880.000000 -174.162598 -5578.019043
v -4850.000000 -181.162598 -5578.019043
v -4850.000000 -174.162598 -5578.019043
v -4835.000000 -181.162598 -5603.999512
v -4835.000000 -174.162598 -5603.999512
v -4880.000000 -181.162598 -5629.980469
v -4880.000000 -174.162598 -5629.980469
v -4850.000000 -174.162598 -5629.980469
v -4850.000000 -181.162598 -5629.980469
v -5025.000000 -181.162598 -5603.999512
v -5010.000000 -181.162598 -5578.019043
v -5025.000000 -174.162598 -5603.999512
v -5010.000000 -174.162598 -5578.019043
v -4980.000000 -181.162598 -5578.019043
v -4980.000000 -174.162598 -5578.019043
v -4965.000000 -181.162598 -5603.999512
v -4965.000000 -174.162598 -5603.999512
v -5010.000000 -181.162598 -5629.980469
v -5010.000000 -174.162598 -5629.980469
v -4980.000000 -174.162598 -5629.980469
v -4980.000000 -181.162598 -5629.980469
v -4895.000000 -181.162598 -5795.999512
v -4880.000000 -181.162598 -5770.019043
v -4895.000000 -174.162598 -5795.999512
v -4880.000000 -174.162598 -5770.019043
v -4850.000000 -181.162598 -5770.019043
v -4850.000000 -174.162598 -5770.019043
v -4835.000000 -181.162598 -5795.999512
v -4835.000000 -174.162598 -5795.999512
v -4880.000000 -181.162598 -5821.980469
v -4880.000000 -174.162598 -5821.980469
v -4850.000000 -174.162598 -5821.980469
v -4850.000000 -181.162598 -5821.980469
v -4955.980469 70.999878 -5675.000488
v -4955.980469 70.999878 -5645.000488
v -4955.980469 77.999878 -5675.000488
v -4955.980469 77.999878 -5645.000488
v -4930.000000 70.999878 -5630.000488
v -4930.000000 77.999878 -5630.000488
v -4904.019043 70.999878 -5645.000488
v -4904.019043 77.999878 -5645.000488
v -4930.000000 70.999878 -5690.000488
v -4930.000000 77.999878 -5690.000488
v -4904.019043 77.999878 -5675.000488
v -4904.019043 70.999878 -5675.000488
v -4955.980469 70.999878 -5755.000488
v -4955.980469 70.999878 -5725.000488
v -4955.980469 77.999878 -5755.000488
v -4955.980469 77.999878 -5725.000488
v -4930.000000 70.999878 -5710.000488
v -4930.000000 77.999878 -5710.000488
v -4904.019043 70.999878 -5725.000488
v -4904.019043 77.999878 -5725.000488
v -4930.000000 70.999878 -5770.000488
v -4930.000000 77.999878 -5770.000488
v -4904.019043 77.999878 -5755.000488
v -4904.019043 70.999878 -5755.000488
v -5025.000000 -181.162598 -5795.999512
v -5010.000000 -181.162598 -5770.019043
v -5025.000000 -174.162598 -5795.999512
v -5010.000000 -174.162598 -5770.019043
v -4980.000000 -181.162598 -5770.019043
v -4980.000000 -174.162598 -5770.019043
v -4965.000000 -181.162598 -5795.999512
v -4965.000000 -174.162598 -5795.999512
v -5010.000000 -181.162598 -5821.980469
v -5010.000000 -174.162598 -5821.980469
v -4980.000000 -174.162598 -5821.980469
v -4980.000000 -181.162598 -5821.980469
v -3839.211914 769.896057 -5258.999512
v -3824.211914 769.896057 -5233.019043
v -3839.211914 776.896057 -5258.999512
v -3824.211914 776.896057 -5233.019043
v -3794.211914 769.896057 -5233.019043
v -3794.211914 776.896057 -5233.019043
v -3779.211914 769.896057 -5258.999512
v -3779.211914 776.896057 -5258.999512
v -3824.211914 769.896057 -5284.980469
v -3824.211914 776.896057 -5284.980469
v -3794.211914 776.896057 -5284.980469
v -3794.211914 769.896057 -5284.980469
v -4840.000000 325.999908 -6105.000000
v -4930.000000 325.999908 -6105.000000
v -5030.000000 325.999908 -6105.000000
v -3944.211670 559.896057 -5265.000000
v -3934.211670 559.896057 -5265.000000
v -3944.211670 559.896057 -5445.000000
v -3934.211670 559.896057 -5445.000000
v -5000.000000 261.999908 -5270.000000
v -4990.000000 261.999908 -5270.000000
v -5000.000000 261.999908 -5450.000000
v -4990.000000 261.999908 -5450.000000
v -4870.000000 261.999908 -5270.000000
v -4860.000000 261.999908 -5270.000000
v -4870.000000 261.999908 -5450.000000
v -4860.000000 261.999908 -5450.000000
v -5000.000000 -148.000092 -5270.000000
v -4990.000000 -148.000092 -5270.000000
v -5000.000000 -148.000092 -5450.000000
v -4990.000000 -148.000092 -5450.000000
v -5000.000000 -218.000076 -5610.000000
v -4990.000000 -218.000076 -5610.000000
v -5000.000000 -218.000076 -5790.000000
v -4990.000000 -218.000076 -5790.000000
v -5000.000000 191.999893 -5610.000000
v -4990.000000 191.999893 -5610.000000
v -5000.000000 191.999893 -5790.000000
v -4990.000000 191.999893 -5790.000000
v -4870.000000 191.999893 -5610.000000
v -4860.000000 191.999893 -5610.000000
v -4870.000000 191.999893 -5790.000000
v -4860.000000 191.999893 -5790.000000
v -3814.211670 969.896057 -5265.000000
v -3804.211670 969.896057 -5265.000000
v -3814.211670 969.896057 -5445.000000
v -3804.211670 969.896057 -5445.000000
v -3944.211670 969.896057 -5265.000000
v -3934.211670 969.896057 -5265.000000
v -3944.211670 969.896057 -5445.000000
v -3934.211670 969.896057 -5445.000000
v -4037.000000 300.395264 -5356.000000
v -4037.000000 300.395264 -5358.000000
v -4047.000000 300.447754 -5356.000000
v -4047.000000 300.447754 -5358.000000
v -4470.000000 400.395264 -5356.000000
v -4470.000000 400.395264 -5358.000000
v -4480.000000 400.447754 -5356.000000
v -4480.000000 400.447754 -5358.000000
v -4997.500000 320.000000 -6105.000000
v -4997.500000 320.000000 -6125.000000
v -5060.000000 320.000000 -6105.000000
v -5060.000000 320.000000 -6125.000000
v -4935.000000 320.000000 -6105.000000
v -4935.000000 320.000000 -6125.000000
v -4872.500000 320.000000 -6105.000000
v -4872.500000 320.000000 -6125.000000
v -4810.000000 320.000000 -6105.000000
v -4810.000000 320.000000 -6125.000000
v -5060.000000 310.000092 -6105.000000
v -5060.000000 310.000092 -6125.000000
v -4997.500000 310.000092 -6105.000000
v -4997.500000 310.000092 -6125.000000
v -4935.000000 310.000092 -6105.000000
v -4935.000000 310.000092 -6125.000000
v -4872.500000 310.000092 -6105.000000
v -4872.500000 310.000092 -6125.000000
v -4810.000000 310.000092 -6105.000000
v -4810.000000 310.000092 -6125.000000
v -3829.157227 -10.424210 -5506.813965
v -3829.157227 24.127029 -5526.762207
v -3885.496826 -10.424210 -5526.762207
v -3885.496826 6.851390 -5536.736328
v -3829.157227 24.127029 -5566.658691
v -3829.157227 -10.424210 -5586.606934
v -3885.496826 6.851410 -5556.684570
v -3885.496826 -10.424210 -5566.658691
v -3907.042236 -10.424210 -5546.710449
v -3829.157227 -44.975491 -5566.658691
v -3829.157227 -44.975491 -5526.762207
v -3885.496826 -27.699850 -5556.684570
v -3885.496826 -27.699850 -5536.736328
v -4262.156738 124.127029 -5566.658691
v -4262.156738 89.575790 -5586.606934
v -4318.496582 106.851410 -5556.684570
v -4318.496582 89.575790 -5566.658691
v -4262.156738 89.575790 -5506.813965
v -4262.156738 124.127029 -5526.762207
v -4318.496582 89.575790 -5526.762207
v -4318.496582 106.851387 -5536.736328
v -4340.042480 89.575798 -5546.710449
v -4262.156738 55.024509 -5566.658691
v -4262.156738 55.024509 -5526.762207
v -4318.496582 72.300148 -5556.684570
v -4318.496582 72.300148 -5536.736328
v -4740.186035 -208.424210 -5331.782715
v -4720.237793 -173.872971 -5331.782715
v -4720.237793 -208.424210 -5388.122559
v -4710.263672 -191.148605 -5388.122559
v -4680.341309 -173.872971 -5331.782715
v -4690.315430 -191.148590 -5388.122559
v -4660.393066 -208.424210 -5331.782715
v -4680.341309 -208.424210 -5388.122559
v -4700.289551 -208.424210 -5409.667969
v -4720.237793 -242.975479 -5331.782715
v -4710.263672 -225.699844 -5388.122559
v -4680.341309 -242.975479 -5331.782715
v -4690.315430 -225.699844 -5388.122559
v -4740.186035 -278.424194 -5671.782715
v -4720.237793 -243.872971 -5671.782715
v -4720.237793 -278.424194 -5728.122559
v -4710.263672 -261.148590 -5728.122559
v -4680.341309 -243.872971 -5671.782715
v -4690.315430 -261.148590 -5728.122559
v -4660.393066 -278.424194 -5671.782715
v -4680.341309 -278.424194 -5728.122559
v -4700.289551 -278.424194 -5749.667969
v -4720.237793 -312.975494 -5671.782715
v -4710.263672 -295.699860 -5728.122559
v -4680.341309 -312.975494 -5671.782715
v -4690.315430 -295.699860 -5728.122559
v -3684.397461 499.472015 -5326.782715
v -3664.449219 534.023254 -5326.782715
v -3664.449219 499.472015 -5383.122559
v -3654.475098 516.747620 -5383.122559
v -3624.552979 534.023254 -5326.782715
v -3634.526855 516.747620 -5383.122559
v -3604.604736 499.472015 -5326.782715
v -3624.552979 499.472015 -5383.122559
v -3644.500732 499.472015 -5404.667969
v -3664.449219 464.920715 -5326.782715
v -3654.475098 482.196350 -5383.122559
v -3624.552979 464.920715 -5326.782715
v -3634.526855 482.196350 -5383.122559
v -3992.000000 100.000076 -5397.000000
v -4067.000000 100.000076 -5397.000000
v -3992.000000 200.000061 -5397.000000
v -4067.000000 200.000061 -5397.000000
v -3992.000000 100.000076 -5377.000000
v -3992.000000 200.000061 -5377.000000
v -4067.000000 100.000076 -5377.000000
v -4067.000000 200.000061 -5377.000000
v -3992.000000 280.000061 -5397.000000
v -4067.000000 280.000061 -5397.000000
v -3917.000000 200.000061 -5397.000000
v -3917.000000 100.000076 -5397.000000
v -3917.000000 100.000076 -5377.000000
v -3917.000000 200.000061 -5377.000000
v -3917.000244 280.000061 -5397.000000
v -3842.000000 200.000061 -5397.000000
v -3842.000000 100.000076 -5397.000000
v -3842.000000 100.000076 -5377.000000
v -3842.000000 200.000061 -5377.000000
v -3842.000000 280.000061 -5397.000000
v -3767.000000 100.000076 -5397.000000
v -3767.000000 200.000061 -5397.000000
v -3767.000000 100.000076 -5377.000000
v -3767.000000 200.000061 -5377.000000
v -3767.000000 280.000061 -5397.000000
v -4425.000000 200.000076 -5397.000000
v -4500.000000 200.000076 -5397.000000
v -4425.000000 300.000061 -5397.000000
v -4500.000000 300.000061 -5397.000000
v -4425.000000 200.000076 -5377.000000
v -4425.000000 300.000061 -5377.000000
v -4500.000000 200.000076 -5377.000000
v -4500.000000 300.000061 -5377.000000
v -4425.000000 380.000061 -5397.000000
v -4500.000000 380.000061 -5397.000000
v -4350.000000 300.000061 -5397.000000
v -4350.000000 200.000076 -5397.000000
v -4350.000000 200.000076 -5377.000000
v -4350.000000 300.000061 -5377.000000
v -4350.000488 380.000061 -5397.000000
v -4275.000000 300.000061 -5397.000000
v -4275.000000 200.000076 -5397.000000
v -4275.000000 200.000076 -5377.000000
v -4275.000000 300.000061 -5377.000000
v -4275.000000 380.000061 -5397.000000
v -4200.000000 200.000076 -5397.000000
v -4200.000000 300.000061 -5397.000000
v -4200.000000 200.000076 -5377.000000
v -4200.000000 300.000061 -5377.000000
v -4200.000000 380.000061 -5397.000000
v -3752.824951 -44.975491 -5566.658691
v -3764.822021 -10.424210 -5546.710449
v -3752.824707 -44.975491 -5526.762207
v -3752.824951 -10.424210 -5586.606934
v -3752.824707 -10.424210 -5506.813965
v -3752.824707 24.127029 -5566.658691
v -3752.824707 24.127029 -5526.762207
v -4086.000000 295.000000 -5357.000000
v -4185.824707 55.024509 -5566.658691
v -4197.820801 89.575798 -5546.710449
v -4185.824707 55.024509 -5526.762207
v -4185.824707 89.575790 -5586.606934
v -4185.824707 89.575790 -5506.813965
v -4185.824707 124.127029 -5566.658691
v -4185.824707 124.127029 -5526.762207
v -4519.000000 395.000000 -5357.000000
v -4720.237793 -242.975479 -5255.450684
v -4700.289551 -208.424210 -5267.447266
v -4740.186035 -208.424210 -5255.450684
v -4720.237793 -173.872971 -5255.450684
v -4680.341309 -242.975479 -5255.450684
v -4680.341309 -173.872971 -5255.450684
v -4660.393066 -208.424210 -5255.450684
v -4720.237793 -312.975494 -5595.450684
v -4700.289551 -278.424194 -5607.447266
v -4740.186035 -278.424194 -5595.450684
v -4720.237793 -243.872971 -5595.450684
v -4680.341309 -312.975494 -5595.450684
v -4680.341309 -243.872971 -5595.450684
v -4660.393066 -278.424194 -5595.450684
v -3664.449219 464.920715 -5250.450684
v -3644.500732 499.472015 -5262.447266
v -3684.397461 499.472015 -5250.450684
v -3664.449219 534.023254 -5250.450684
v -3624.552979 464.920715 -5250.450684
v -3624.552979 534.023254 -5250.450684
v -3604.604736 499.472015 -5250.450684
v -4067.500000 300.500000 -5358.000000
v -4067.500000 300.500000 -5367.000000
v -4047.000000 300.447754 -5367.000000
v -4067.500000 300.500000 -5347.000000
v -4047.000000 300.447754 -5347.000000
v -4067.500000 300.500000 -5356.000000
v -4037.000000 300.395264 -5367.000000
v -4037.000000 300.395264 -5347.000000
v -4500.500000 400.500000 -5358.000000
v -4500.500000 400.500000 -5367.000000
v -4480.000000 400.447754 -5367.000000
v -4500.500000 400.500000 -5347.000000
v -4480.000000 400.447754 -5347.000000
v -4500.500000 400.500000 -5356.000000
v -4470.000000 400.395264 -5367.000000
v -4470.000000 400.395264 -5347.000000
v -4940.000000 313.000000 -6135.000000
v -4940.000000 313.000000 -6190.000000
v -4930.000000 313.000000 -6135.000000
v -4930.000000 313.000000 -6190.000000
v -4930.000000 317.000000 -6135.000000
v -4930.000000 317.000000 -6190.000000
v -4940.000000 317.000000 -6135.000000
v -4940.000000 317.000000 -6190.000000
v -4067.000000 299.999969 -5377.000000
v -4067.000000 299.999969 -5397.000000
v -4067.000000 299.999969 -5317.000000
v -3992.000000 299.999969 -5397.000000
v -3992.000000 299.999969 -5317.000000
v -3917.000244 299.999969 -5397.000000
v -3917.000000 299.999969 -5317.000000
v -3842.000000 299.999969 -5397.000000
v -3842.000000 299.999969 -5317.000000
v -3767.000000 299.999969 -5397.000000
v -3767.000000 299.999969 -5317.000000
v -3767.000000 299.999969 -5377.000000
v -4500.000000 399.999969 -5377.000000
v -4500.000000 399.999969 -5397.000000
v -4500.000000 399.999969 -5317.000000
v -4425.000000 399.999969 -5397.000000
v -4425.000000 399.999969 -5317.000000
v -4350.000488 399.999969 -5397.000000
v -4350.000000 399.999969 -5317.000000
v -4275.000000 399.999969 -5397.000000
v -4275.000000 399.999969 -5317.000000
v -4200.000000 399.999969 -5397.000000
v -4200.000000 399.999969 -5317.000000
v -4200.000000 399.999969 -5377.000000
v -4067.500000 294.918701 -5358.000000
v -4067.500000 294.918701 -5367.000000
v -4067.500000 294.918945 -5347.000000
v -4067.500000 294.918945 -5356.000000
v -4500.500000 394.918701 -5358.000000
v -4500.500000 394.918701 -5367.000000
v -4500.500000 394.918945 -5347.000000
v -4500.500000 394.918945 -5356.000000
v -5060.000000 320.000000 -6135.000000
v -5060.000000 310.000092 -6135.000000
v -4810.000000 320.000000 -6135.000000
v -4810.000000 310.000092 -6135.000000
v -5060.000000 320.000000 -6190.000000
v -5060.000000 320.000000 -6200.000000
v -5060.000000 310.000092 -6190.000000
v -5060.000000 310.000092 -6200.000000
v -4810.000000 310.000092 -6190.000000
v -4810.000000 310.000092 -6200.000000
v -4810.000000 320.000000 -6190.000000
v -4810.000000 320.000000 -6200.000000
v -4997.500000 320.000000 -6200.000000
v -4997.500000 310.000092 -6200.000000
v -4935.000000 320.000000 -6200.000000
v -4935.000000 310.000092 -6200.000000
v -4872.500000 320.000000 -6200.000000
v -4872.500000 310.000092 -6200.000000
v -3774.358643 670.153259 -5330.093750
v -3774.211914 669.899109 -5285.065430
v -4830.146973 -37.742920 -5335.093750
v -4830.000000 -37.997040 -5290.065430
v -4830.146973 -107.742928 -5675.093750
v -4830.000000 -107.997040 -5630.064941
v -4814.019531 299.999908 -6090.000000
v -4865.980469 299.999908 -6090.000000
v -4814.019531 299.999908 -6105.000000
v -4865.980469 299.999908 -6105.000000
v -4840.000000 299.999908 -6075.000000
v -4904.019531 299.999908 -6090.000000
v -4955.980469 299.999908 -6090.000000
v -4904.019531 299.999908 -6105.000000
v -4955.980469 299.999908 -6105.000000
v -4930.000000 299.999908 -6075.000000
v -5004.019531 299.999908 -6090.000000
v -5055.980469 299.999908 -6090.000000
v -5004.019531 299.999908 -6105.000000
v -5055.980469 299.999908 -6105.000000
v -5030.000000 299.999908 -6075.000000
v -4997.500000 320.000000 -6135.000000
v -4935.000000 320.000000 -6135.000000
v -4872.500000 320.000000 -6135.000000
v -4997.500000 310.000092 -6135.000000
v -4935.000000 310.000092 -6135.000000
v -4872.500000 310.000092 -6135.000000
v -4997.500000 320.000000 -6190.000000
v -4935.000000 320.000000 -6190.000000
v -4872.500000 320.000000 -6190.000000
v -4997.500000 310.000092 -6190.000000
v -4935.000000 310.000092 -6190.000000
v -4872.500000 310.000092 -6190.000000
v -4820.000000 320.000000 -6135.000000
v -4820.000000 320.000000 -6190.000000
v -4820.000000 310.000092 -6135.000000
v -4820.000000 310.000092 -6190.000000
v -5050.000000 310.000092 -6135.000000
v -5050.000000 310.000092 -6190.000000
v -5050.000000 320.000000 -6135.000000
v -5050.000000 320.000000 -6190.000000
v -3774.354736 640.153748 -5330.263184
v -3774.208008 639.899597 -5285.234863
v -4830.143066 -67.742432 -5335.263184
v -4829.996094 -67.996552 -5290.234863
v -4830.143066 -137.742432 -5675.263184
v -4829.996094 -137.996552 -5630.234863
v -3786.241699 686.896179 -5298.140625
v -3786.241699 686.896179 -5291.900879
v -3784.440186 1034.618652 -5295.020996
v -3780.837646 686.896179 -5295.020996
v -4842.029785 -90.999962 -5643.140625
v -4842.029785 -90.999962 -5636.900879
v -4840.228516 256.722443 -5640.020996
v -4836.625977 -90.999962 -5640.020996
v -4842.029785 -20.999901 -5303.140625
v -4842.029785 -20.999901 -5296.900879
v -4840.228516 326.722504 -5300.020996
v -4836.625977 -20.999901 -5300.020996
v -4259.000000 510.954895 -5359.938965
v -4212.627930 509.565887 -5359.927734
v -4259.000000 510.954895 -5354.061035
v -4212.628906 509.565887 -5354.049805
v -4212.025879 515.123413 -5352.233398
v -4259.000000 516.545105 -5352.244629
v -4212.024414 515.123413 -5361.744141
v -4259.000000 516.545105 -5361.755371
v -4211.652344 518.558228 -5356.988770
v -4259.000000 519.999878 -5357.000000
v -4169.596680 496.188110 -5354.065918
v -4169.601074 496.188110 -5359.943359
v -4166.670898 500.947998 -5361.761719
v -4166.664063 500.947998 -5352.251465
v -4164.855957 503.889801 -5357.007813
v -4136.052734 466.545685 -5359.842773
v -4136.130371 466.545685 -5353.965332
v -4132.032715 470.322205 -5352.094727
v -4131.907715 470.322205 -5361.604492
v -4129.423340 472.656189 -5356.816406
v -4104.382813 431.971588 -5359.083496
v -4104.590332 431.971588 -5353.209473
v -4100.603027 435.820587 -5351.250977
v -4100.267090 435.820587 -5360.755371
v -4097.931152 438.199310 -5355.914551
v -4071.187744 399.008209 -5352.048340
v -4071.022949 399.008209 -5357.923828
v -4067.468506 403.134186 -5350.126953
v -4067.201660 403.134186 -5359.633789
v -4065.005127 405.684204 -5354.814941
v -4034.270020 369.270294 -5351.319336
v -4034.206299 369.270294 -5357.196777
v -4031.139404 373.888214 -5349.468750
v -4031.036377 373.888214 -5358.978516
v -4029.140869 376.742188 -5354.202637
v -3991.860352 347.138214 -5351.064453
v -3991.849609 347.138214 -5356.942383
v -3989.962891 352.395386 -5349.244629
v -3989.945557 352.395386 -5358.755371
v -3988.779541 355.644501 -5353.998047
v -3944.812744 339.011292 -5351.058105
v -3944.817383 339.011292 -5356.936035
v -3944.999512 344.598297 -5349.241699
v -3945.006836 344.598297 -5358.751953
v -3945.119385 348.051300 -5353.996582
v -3901.698242 357.138611 -5358.765625
v -3903.393555 360.149597 -5354.010742
v -3901.700684 357.138611 -5349.254883
v -3898.957764 352.266602 -5356.948242
v -3898.959229 352.266602 -5351.070313
v -3866.251953 387.325287 -5349.240234
v -3868.936279 389.498596 -5353.996094
v -3866.249023 387.325287 -5358.750488
v -3861.906006 383.808685 -5351.055176
v -3861.904053 383.808685 -5356.933105
v -3843.193115 426.958893 -5358.751953
v -3846.363770 428.325500 -5353.995117
v -3843.188232 426.958893 -5349.241699
v -3838.057861 424.747589 -5356.938477
v -3838.054932 424.747589 -5351.060547
v -3827.054443 470.705505 -5358.758789
v -3830.325928 471.816315 -5354.003418
v -3827.054688 470.705505 -5349.248047
v -3821.760986 468.908203 -5356.942383
v -3821.761230 468.908203 -5351.064453
v -3815.278076 516.181519 -5354.000977
v -3812.017822 515.042114 -5349.244629
v -3812.015137 515.042114 -5358.755371
v -3806.739746 513.198608 -5351.059570
v -3806.738037 513.198608 -5356.937500
v -3798.747314 560.088318 -5353.998047
v -3795.543213 558.794922 -5349.243164
v -3795.544189 558.794922 -5358.753906
v -3790.359619 556.702026 -5351.060059
v -3790.360352 556.702026 -5356.937988
v -3780.504150 603.223511 -5354.000488
v -3777.339355 601.838013 -5358.755859
v -3777.338867 601.838013 -5349.245605
v -3772.218262 599.596313 -5356.939941
v -3772.217773 599.596313 -5351.062012
v -3760.578125 645.894104 -5354.000488
v -3757.508057 644.308899 -5358.755859
v -3757.508789 644.308899 -5349.245117
v -3752.541748 641.744019 -5351.061035
v -3752.541260 641.744019 -5356.938965
v -3735.746582 686.537109 -5353.999512
v -3732.972412 684.477783 -5349.244141
v -3732.972656 684.477783 -5358.754883
v -3728.483887 681.145813 -5351.060547
v -3728.483887 681.145813 -5356.938477
v -3701.898682 720.232727 -5354.000000
v -3699.952881 717.377930 -5358.755371
v -3699.952637 717.377930 -5349.244629
v -3696.804443 712.758606 -5356.938965
v -3696.804443 712.758606 -5351.061035
v -3656.546143 737.794006 -5354.000488
v -3655.953857 734.390320 -5358.755371
v -3655.953857 734.390320 -5349.245117
v -3654.995605 728.882874 -5356.938965
v -3654.995605 728.882874 -5351.061523
v -3608.691895 739.990417 -5354.000000
v -3608.904785 736.542114 -5349.244629
v -3608.904785 736.542114 -5358.755371
v -3609.249268 730.962524 -5356.938965
v -3609.249268 730.962524 -5351.061035
v -4761.613281 197.154404 -5356.860840
v -4780.294434 166.054504 -5356.957031
v -4758.672363 195.352203 -5352.101563
v -4777.353516 164.294403 -5352.181641
v -4777.289551 164.294403 -5361.692383
v -4758.659180 195.352203 -5361.611816
v -4772.531250 161.446503 -5353.965820
v -4753.900879 192.436096 -5353.911133
v -4772.491211 161.446503 -5359.843262
v -4753.892578 192.436096 -5359.789063
v -4742.332031 227.936401 -5356.855469
v -4739.437012 226.066299 -5361.617188
v -4739.416992 226.066299 -5352.106445
v -4734.732422 223.040604 -5359.810547
v -4734.720215 223.040604 -5353.932617
v -4722.165039 258.212708 -5356.910156
v -4719.340820 256.247803 -5361.675781
v -4719.306152 256.247803 -5352.165527
v -4714.736328 253.068405 -5359.876465
v -4714.714844 253.068405 -5353.998535
v -4700.830078 287.727203 -5356.989746
v -4698.093750 285.639313 -5361.754883
v -4698.061035 285.639313 -5352.244141
v -4693.633789 282.260986 -5359.953613
v -4693.613281 282.260986 -5354.075684
v -4677.990234 316.182404 -5357.058105
v -4675.369629 313.941010 -5361.818359
v -4675.353027 313.941010 -5352.307617
v -4671.112305 310.314301 -5360.009277
v -4671.102051 310.314301 -5354.131348
v -4653.039551 343.069000 -5357.083496
v -4650.633301 340.589386 -5361.838867
v -4650.633789 340.589386 -5352.328125
v -4646.740234 336.577515 -5360.022461
v -4646.740723 336.577515 -5354.144531
v -4624.719238 366.778687 -5357.070801
v -4622.730469 363.956604 -5352.313965
v -4622.722168 363.956604 -5361.824219
v -4619.503906 359.390289 -5354.127441
v -4619.499023 359.390289 -5360.005371
v -4592.471680 385.216705 -5357.040039
v -4591.075684 382.058289 -5352.283203
v -4591.066895 382.058289 -5361.793945
v -4588.808594 376.947815 -5354.097656
v -4588.802734 376.947815 -5359.975586
v -4556.960938 396.390686 -5357.011719
v -4556.292480 393.001587 -5352.255859
v -4556.287109 393.001587 -5361.766602
v -4555.205566 387.517914 -5354.071777
v -4555.202148 387.517914 -5359.949707
v -4519.000000 399.999908 -5357.000000
v -4519.000000 396.545013 -5352.244629
v -4519.000000 396.545013 -5361.755371
v -4519.000000 390.954895 -5354.061035
v -4519.000000 390.954895 -5359.938965
v -4955.240234 273.110687 -5422.003418
v -4956.039551 291.240997 -5408.195801
v -4956.731445 276.670807 -5426.436523
v -4956.595703 294.841492 -5412.808105
v -4954.528809 309.766815 -5394.990723
v -4954.424316 313.153107 -5399.793945
v -4953.728027 255.892899 -5436.739258
v -4954.849121 259.547699 -5441.204102
v -4951.791504 278.871094 -5428.739746
v -4951.205566 296.137207 -5414.761719
v -4949.738770 261.806488 -5443.029785
v -4951.071777 239.040497 -5451.544434
v -4951.983887 242.792603 -5455.976074
v -4948.854492 313.522095 -5401.634766
v -4950.305176 290.311493 -5407.298340
v -4949.378418 273.110687 -5421.566895
v -4949.023926 308.042999 -5393.863281
v -4949.782227 328.191803 -5382.321289
v -4950.190918 331.387207 -5387.237793
v -4947.924805 255.892899 -5435.805664
v -4946.799316 245.111496 -5457.489258
v -4947.747559 222.578400 -5466.540039
v -4948.604492 226.441101 -5470.886719
v -4944.936035 331.347809 -5389.871582
v -4945.323242 239.040497 -5450.318848
v -4944.274902 326.177704 -5381.916504
v -4947.247070 276.670807 -5425.730469
v -4947.317871 293.337494 -5411.355957
v -4945.459473 259.547699 -5439.693359
v -4945.516602 310.363892 -5397.969727
v -4943.408203 228.828293 -5472.246094
v -4942.020996 222.578400 -5465.212891
v -4944.217285 206.542801 -5481.887695
v -4945.154785 210.524506 -5486.108398
v -4942.682617 242.792603 -5453.992676
v -4941.447754 346.369507 -5370.894531
v -4943.223633 349.635406 -5375.447754
v -4941.280273 328.128113 -5386.583008
v -4938.899414 349.706696 -5379.428223
v -4939.991699 212.985306 -5487.463379
v -4938.474609 206.542801 -5480.633789
v -4940.934082 190.969498 -5497.778320
v -4942.052734 195.086594 -5501.821289
v -4939.339355 226.441101 -5468.739258
v -4936.025879 344.422485 -5372.061523
v -4936.959473 197.631104 -5503.280762
v -4938.172852 176.070999 -5514.493164
v -4939.484863 180.384995 -5518.263672
v -4934.451172 346.484985 -5377.335449
v -4935.148438 190.969498 -5496.739258
v -4935.863281 210.524506 -5484.079590
v -4934.473633 183.051193 -5519.788574
v -4935.981934 162.298096 -5532.229980
v -4937.473633 166.867203 -5535.613281
v -4930.284668 364.281586 -5361.489258
v -4933.280762 367.754089 -5365.165527
v -4932.350586 176.070999 -5513.687988
v -4930.246094 368.132507 -5370.185059
v -4932.692383 195.086594 -5500.139648
v -4932.545898 169.690994 -5537.127441
v -4934.395508 150.123596 -5551.168945
v -4936.039551 154.984406 -5554.035645
v -4933.437988 140.003693 -5571.423828
v -4935.187500 145.137604 -5573.688965
v -4931.188965 157.988495 -5555.447754
v -4930.132324 162.298096 -5531.653320
v -4933.003906 132.041000 -5592.748047
v -4934.803223 137.368195 -5594.460938
v -4932.959961 118.681000 -5682.250977
v -4932.965820 119.681198 -5659.750977
v -4934.775879 124.270103 -5682.365234
v -4934.782227 125.257103 -5660.149902
v -4932.939941 122.037498 -5637.233398
v -4934.757813 127.573196 -5638.008301
v -4932.940430 118.644501 -5704.725098
v -4934.756836 124.234100 -5704.647949
v -4932.900879 126.098503 -5614.796387
v -4934.717285 131.554504 -5616.013184
v -4932.945313 137.599396 -5838.598633
v -4932.946777 130.373703 -5816.847656
v -4934.761719 142.802994 -5836.556152
v -4934.763184 135.761505 -5815.356934
v -4932.941895 125.309799 -5794.596680
v -4934.757813 130.809494 -5793.594238
v -4932.940430 147.193497 -5859.354004
v -4934.757324 152.112396 -5856.698730
v -4932.940918 248.897995 -5947.541016
v -4932.941406 229.157196 -5936.515625
v -4934.757324 251.521103 -5942.604492
v -4934.756836 231.986603 -5931.693848
v -4932.939453 268.937195 -5957.687500
v -4934.756348 271.366302 -5952.652832
v -4932.939453 209.771896 -5924.443359
v -4934.754883 212.870895 -5919.790527
v -4932.939941 373.620209 -5998.503418
v -4932.938965 352.198395 -5991.466797
v -4934.755371 375.301392 -5993.171875
v -4934.754883 354.007385 -5986.177246
v -4932.939453 395.142609 -6005.029785
v -4934.755859 396.711792 -5999.664551
v -4932.938965 416.673401 -6011.189941
v -4934.755859 418.190796 -6005.809570
v -4932.937988 289.287689 -5967.061523
v -4934.755371 291.539001 -5961.945313
v -4934.755371 439.694305 -6011.885742
v -4932.938477 438.160095 -6017.261230
v -4932.936035 159.362305 -5878.603516
v -4934.752930 163.859802 -5875.283691
v -4932.937988 330.954987 -5983.896484
v -4934.753906 332.900696 -5978.655762
v -4934.754883 461.176086 -6018.176758
v -4932.938477 459.556702 -6023.527344
v -4934.754883 482.583893 -6024.932129
v -4932.938477 480.842987 -6030.244141
v -4934.754883 503.877686 -6032.112793
v -4932.938477 502.052795 -6037.396484
v -4934.754883 525.049316 -6039.539063
v -4932.938965 523.180115 -6044.807617
v -4932.938965 544.217102 -6052.298340
v -4934.755371 546.091614 -6047.031738
v -4932.937500 309.963196 -5975.770508
v -4934.753906 312.055206 -5970.586426
v -4932.937012 191.238602 -5910.999512
v -4934.752441 194.720703 -5906.625977
v -4932.932129 122.073196 -5772.166504
v -4934.748535 127.629700 -5771.553223
v -4932.935059 174.210602 -5895.834473
v -4934.751465 178.174606 -5891.893066
v -4932.925781 119.184898 -5727.169922
v -4934.742188 124.772202 -5726.990234
v -4932.924316 120.190300 -5749.662598
v -4934.740723 125.770203 -5749.323730
v -4930.063965 180.384995 -5516.960938
v -4925.398438 362.513885 -5364.236816
v -4930.393555 148.310501 -5574.913574
v -4930.037598 140.660599 -5595.459961
v -4930.020996 127.724297 -5682.431152
v -4930.026855 128.703201 -5660.397949
v -4930.003418 130.994400 -5638.499023
v -4930.001953 127.688698 -5704.595215
v -4930.006836 146.018997 -5835.292969
v -4930.007813 139.091293 -5814.436035
v -4930.002441 134.208496 -5792.976563
v -4930.002441 155.152405 -5855.055664
v -4929.962402 134.926498 -5616.766602
v -4930.002441 253.142303 -5939.553223
v -4930.001465 233.735199 -5928.714844
v -4930.001953 272.867615 -5949.540527
v -4930.000488 292.930298 -5958.782227
v -4930.000977 419.128601 -6002.483887
v -4930.000977 397.681610 -5996.348145
v -4930.000488 440.642487 -6008.563477
v -4929.999023 214.786194 -5916.916016
v -4930.000000 376.340515 -5989.876953
v -4929.999512 526.204590 -6036.283203
v -4930.000000 547.250000 -6043.776855
v -4929.998047 166.639496 -5873.230957
v -4929.999023 313.348114 -5967.382813
v -4930.000000 462.176910 -6014.870117
v -4929.999512 483.659912 -6021.648926
v -4929.999023 355.125397 -5982.908691
v -4929.998535 334.103302 -5975.416992
v -4929.999512 505.005615 -6028.847168
v -4929.996582 196.872894 -5903.924316
v -4929.992676 131.063797 -5771.176270
v -4929.996094 180.624405 -5889.457031
v -4929.986816 128.225296 -5726.877441
v -4929.985352 129.218796 -5749.115234
v -4928.528809 150.123596 -5550.809082
v -4925.375000 364.893890 -5369.611328
v -4928.008789 166.867203 -5534.680176
v -4927.562988 140.003693 -5571.248047
v -4927.126465 132.041000 -5592.688965
v -4927.087891 119.681198 -5659.752441
v -4927.082031 118.681000 -5682.247070
v -4927.062012 122.037498 -5637.245605
v -4927.022949 126.098503 -5614.797852
v -4927.062988 118.644501 -5704.719727
v -4927.068848 130.373703 -5816.848145
v -4927.067383 137.599396 -5838.597656
v -4927.063965 125.309799 -5794.598633
v -4927.062500 147.193497 -5859.352539
v -4927.063477 229.157196 -5936.516113
v -4927.062988 248.897995 -5947.540527
v -4927.061523 209.771896 -5924.444336
v -4927.061523 268.937195 -5957.686523
v -4927.062012 373.620209 -5998.503906
v -4927.062012 395.142609 -6005.029785
v -4927.061035 352.198395 -5991.467773
v -4927.061523 416.673401 -6011.189453
v -4927.060059 289.287689 -5967.061035
v -4927.060547 438.160095 -6017.260742
v -4927.061035 523.180115 -6044.807617
v -4927.061035 502.052795 -6037.396973
v -4927.061035 544.217102 -6052.298340
v -4927.059082 191.238602 -5911.000488
v -4927.060059 330.954987 -5983.896484
v -4927.060547 459.556702 -6023.526855
v -4927.060547 480.842987 -6030.244141
v -4927.058105 159.362305 -5878.602051
v -4927.059570 309.963196 -5975.770508
v -4927.054199 122.073196 -5772.169434
v -4927.057129 174.210602 -5895.834473
v -4927.047852 119.184898 -5727.167969
v -4927.046875 120.190300 -5749.663574
v -4926.546875 154.984406 -5553.453613
v -4925.681152 145.137604 -5573.404785
v -4925.292969 137.368195 -5594.365234
v -4925.271484 125.257103 -5660.152344
v -4925.265625 124.270103 -5682.358398
v -4925.247070 127.573196 -5638.027832
v -4925.246582 124.234100 -5704.639648
v -4925.251465 142.802994 -5836.554688
v -4925.252441 135.761505 -5815.357422
v -4925.247559 130.809494 -5793.597656
v -4925.247070 152.112396 -5856.696289
v -4925.207031 131.554504 -5616.015137
v -4925.246582 231.986603 -5931.694824
v -4925.247070 251.521103 -5942.604004
v -4925.246094 271.366302 -5952.651367
v -4925.244141 212.870895 -5919.792480
v -4925.244629 291.539001 -5961.943848
v -4925.245117 375.301392 -5993.172363
v -4925.245605 396.711792 -5999.664063
v -4925.245117 418.190796 -6005.809082
v -4925.244629 439.694305 -6011.885254
v -4925.242188 163.859802 -5875.281738
v -4925.243652 312.055206 -5970.586426
v -4925.244141 354.007385 -5986.178223
v -4925.244141 461.176086 -6018.176270
v -4925.244141 482.583893 -6024.932129
v -4925.244141 503.877686 -6032.112793
v -4925.244629 525.049316 -6039.539551
v -4925.244629 546.091614 -6047.031738
v -4925.243652 332.900696 -5978.656250
v -4925.241699 194.720703 -5906.627441
v -4925.237793 127.629700 -5771.557129
v -4925.240723 178.174606 -5891.893066
v -4925.231445 124.772202 -5726.987305
v -4925.230469 125.770203 -5749.325684
v -4920.789063 385.366089 -5356.684570
v -4919.232422 386.212585 -5362.289063
v -4916.936035 381.640015 -5354.271973
v -4914.417480 383.009613 -5363.340332
v -4912.998047 380.183594 -5358.385742
v -4906.274414 402.120514 -5350.260254
v -4906.186035 403.544312 -5355.962402
v -4902.032227 398.164307 -5349.310059
v -4901.889648 400.467896 -5358.536133
v -4899.322266 397.142914 -5354.424805
v -4890.267578 417.814392 -5346.013672
v -4891.394043 419.856110 -5351.409180
v -4887.930664 416.989685 -5355.195801
v -4886.107910 413.686096 -5346.465332
v -4884.663574 413.176392 -5352.140137
v -4873.138184 432.487488 -5343.749023
v -4875.088379 435.103210 -5348.638184
v -4872.533691 432.487488 -5353.240234
v -4869.378418 428.255096 -5345.329102
v -4869.004395 428.255096 -5351.195313
v -4857.573242 449.315399 -5347.990723
v -4855.417969 446.566803 -5343.263184
v -4855.542480 446.566803 -5352.772949
v -4852.054688 442.119598 -5345.123535
v -4852.131836 442.119598 -5351.000977
v -4839.132813 462.520996 -5348.624023
v -4837.538086 459.652405 -5353.500000
v -4836.885742 459.652405 -5344.012207
v -4834.305664 455.010712 -5351.901855
v -4833.902344 455.010712 -5346.037598
v -4819.849121 474.622711 -5350.194824
v -4818.584961 471.634186 -5355.095703
v -4817.663086 471.634186 -5345.629883
v -4815.616699 466.798798 -5353.559570
v -4815.047363 466.798798 -5347.709473
v -4799.778809 485.382690 -5352.215332
v -4798.750977 482.276398 -5357.098145
v -4797.796875 482.276398 -5347.635742
v -4796.133789 477.250305 -5355.536621
v -4795.544434 477.250305 -5349.687988
v -4778.969238 494.554504 -5354.187988
v -4778.104004 491.336304 -5359.029785
v -4777.329102 491.336304 -5349.551270
v -4775.929199 486.129211 -5357.385254
v -4775.450195 486.129211 -5351.526855
v -4757.470215 501.890900 -5355.646973
v -4756.746582 498.572815 -5360.444824
v -4756.270508 498.572815 -5350.945801
v -4755.100098 493.204010 -5358.708496
v -4754.805664 493.204010 -5352.837891
v -4735.356934 507.157990 -5356.501953
v -4734.850586 503.761108 -5361.271973
v -4734.602539 503.761108 -5351.764648
v -4733.783203 498.264801 -5359.482910
v -4733.630371 498.264801 -5353.606934
v -4712.723145 510.130493 -5356.901855
v -4712.504883 506.685608 -5361.659180
v -4712.414063 506.685608 -5352.149414
v -4712.061035 501.111786 -5359.847168
v -4712.004883 501.111786 -5353.969727
v -4689.666016 510.583313 -5357.000000
v -4689.796875 507.130890 -5361.755371
v -4689.796875 507.130890 -5352.244629
v -4690.008789 501.544708 -5359.938965
v -4690.008789 501.544708 -5354.061035
v -5131.990234 -41.911400 -5469.320313
v -5130.625488 -47.098598 -5466.916504
v -5133.638672 -32.464699 -5444.728516
v -5131.659668 -37.654598 -5442.805176
v -5129.002930 -29.257200 -5446.393555
v -5127.073730 -38.705399 -5469.634766
v -5128.498047 -23.297701 -5420.341309
v -5126.143066 -28.545700 -5419.132324
v -5124.413086 -20.054300 -5423.050781
v -5124.865723 -47.098598 -5465.745117
v -5125.801270 -37.654598 -5443.281738
v -5123.902344 -51.178299 -5492.806152
v -5123.102539 -56.411499 -5490.252441
v -5120.602539 -28.545700 -5421.094727
v -5124.159180 -32.464699 -5445.499512
v -5122.670410 -41.911400 -5467.424805
v -5119.084961 -47.944000 -5491.868164
v -5119.533203 -23.297701 -5423.516113
v -5117.790527 -56.411499 -5487.735840
v -5117.331055 -15.053100 -5397.609863
v -5114.905762 -20.393299 -5397.222656
v -5113.913086 -11.752700 -5401.070313
v -5115.307617 -51.178299 -5488.734375
v -5109.989258 -20.393299 -5400.443848
v -5110.596191 -59.968601 -5514.609375
v -5110.198242 -65.266899 -5512.095703
v -5109.375977 -15.053100 -5402.821777
v -5106.119629 -56.694000 -5512.663574
v -5105.475586 -65.266899 -5508.596191
v -5102.955078 -59.968601 -5508.947266
v -5100.895508 -8.382400 -5377.915039
v -5098.741211 -13.830800 -5378.388672
v -5098.214355 -5.015100 -5381.917480
v -5094.729004 -13.830800 -5382.684082
v -5094.403320 -8.382400 -5384.865234
v -5093.068359 -73.353203 -5531.876953
v -5093.210449 -67.987099 -5534.270996
v -5089.202148 -64.670601 -5531.535645
v -5088.972168 -73.353203 -5527.661133
v -5086.583008 -67.987099 -5527.450195
v -5079.895020 -3.939000 -5362.686035
v -5078.423828 -9.486100 -5363.956055
v -5078.013672 -0.510600 -5367.074219
v -5075.632324 -9.486100 -5369.128906
v -5075.378906 -3.939000 -5371.056152
v -5072.815918 -74.935600 -5551.313477
v -5072.820313 -80.366997 -5549.066406
v -5069.362305 -71.578796 -5547.943848
v -5069.369629 -80.366997 -5544.308105
v -5067.232422 -74.935600 -5543.614746
v -5055.360352 -2.136300 -5353.170898
v -5054.749512 -7.724300 -5354.888672
v -5054.244141 1.317200 -5357.794434
v -5053.255859 -7.724300 -5360.573242
v -5052.943848 -2.136300 -5362.369141
v -5050.640625 -86.122398 -5563.379883
v -5050.598633 -80.640701 -5565.500488
v -5047.703613 -86.122398 -5558.288086
v -5047.636230 -77.252899 -5561.720215
v -5045.846680 -80.640701 -5557.262207
v -5028.776855 -2.073900 -5348.585938
v -5028.675293 -7.663500 -5350.400879
v -5028.267090 1.380600 -5353.313965
v -5028.103516 -7.663500 -5356.250977
v -5027.851074 -2.073900 -5358.051270
v -5027.811035 -90.926697 -5575.888184
v -5027.819824 -85.418900 -5577.940918
v -5025.050781 -90.926697 -5570.698730
v -5025.064941 -82.014900 -5574.020020
v -5023.354004 -85.418900 -5569.544434
v -5005.498535 -95.220398 -5588.078125
v -5005.618652 -89.705498 -5590.107910
v -5002.744629 -86.297096 -5586.277344
v -5002.550781 -95.220398 -5582.992676
v -5001.230957 -2.421300 -5347.342285
v -5001.249512 -8.011400 -5349.158691
v -5001.204590 1.033500 -5352.097656
v -5001.234375 -8.011400 -5355.036621
v -5001.206543 -2.421300 -5356.853027
v -5000.848633 -89.705498 -5581.879883
v -4984.820313 -99.442101 -5601.373535
v -4985.123047 -93.936401 -5603.409668
v -4981.812500 -90.533699 -5599.943848
v -4981.322754 -99.442101 -5596.649902
v -4979.463867 -93.936401 -5595.766113
v -4974.134277 1.589200 -5352.713379
v -4974.141113 -1.860600 -5357.472168
v -4973.768066 -7.442700 -5355.669434
v -4973.757324 -1.860600 -5347.969238
v -4973.530762 -7.442700 -5349.796387
v -4966.778809 -104.019699 -5617.161621
v -4967.364258 -98.535202 -5619.192871
v -4963.437988 -95.145500 -5616.428223
v -4962.490723 -104.019699 -5613.141602
v -4960.425781 -98.535202 -5612.687988
v -4947.764648 0.901800 -5358.587402
v -4948.141113 4.311100 -5353.813965
v -4947.399902 0.901800 -5349.083984
v -4946.790527 -4.614500 -5356.807129
v -4946.564941 -4.614500 -5350.933594
v -4951.752930 -109.049500 -5636.140137
v -4952.655273 -103.574997 -5638.080078
v -4948.291016 -100.191597 -5636.065918
v -4946.831055 -109.049500 -5632.926270
v -4944.691895 -103.574997 -5632.880371
v -4939.818359 -114.225502 -5657.791016
v -4941.021973 -108.745903 -5659.544434
v -4936.404297 -105.359299 -5658.219727
v -4934.456543 -114.225502 -5655.382813
v -4932.346680 -108.745903 -5655.647461
v -4931.060059 -119.215797 -5681.467285
v -4932.524414 -113.718803 -5682.946289
v -4922.759766 6.535600 -5359.416016
v -4923.583984 9.855300 -5354.635742
v -4922.495117 6.535600 -5349.909180
v -4921.161621 1.164200 -5357.643555
v -4927.780762 -110.321404 -5682.234375
v -4920.997559 1.164200 -5351.768066
v -4933.050781 78.360802 -5996.230469
v -4933.080566 54.097599 -5986.707520
v -4934.886230 80.333397 -5991.006836
v -4934.883789 56.207298 -5981.525879
v -4933.042480 30.038700 -5976.431152
v -4934.812988 32.324799 -5971.313965
v -4932.985840 102.783600 -6005.146973
v -4934.841309 104.645500 -5999.889648
v -4932.971191 301.239807 -6066.424805
v -4932.979492 276.136993 -6059.456543
v -4934.792480 302.705505 -6061.032227
v -4934.786621 277.656891 -6054.073730
v -4932.915527 127.328400 -6013.589355
v -4934.774902 129.106903 -6008.304688
v -4932.951660 326.424011 -6073.116211
v -4934.782227 327.825500 -6067.709473
v -4932.966797 251.132004 -6052.265137
v -4934.759277 252.698593 -6046.891113
v -4932.931152 6.372100 -5965.138184
v -4934.687012 8.910100 -5960.135742
v -4932.930176 351.668915 -6079.474121
v -4934.763672 352.995514 -6074.049316
v -4932.933105 226.220901 -6044.880859
v -4934.723145 227.830795 -6039.519043
v -4934.755371 478.862000 -6103.267578
v -4932.946289 477.315613 -6108.642090
v -4934.744141 453.787109 -6096.658691
v -4932.937012 452.469086 -6102.094238
v -4932.916016 376.953796 -6085.442383
v -4934.745117 378.194702 -6079.995605
v -4934.735352 428.619507 -6090.908203
v -4932.926270 427.428986 -6096.372559
v -4934.734863 403.407013 -6085.519043
v -4932.916992 402.239807 -6090.985352
v -4932.869629 151.957703 -6021.690918
v -4934.714355 153.680801 -6016.382813
v -4932.895020 201.394196 -6037.315918
v -4934.693848 203.044495 -6031.969238
v -4932.868164 176.643097 -6029.582520
v -4934.685547 178.330704 -6024.253418
v -4932.774902 -16.599400 -5952.495117
v -4934.531738 -13.735800 -5947.672363
v -4932.603516 -38.566898 -5938.167480
v -4934.372070 -35.313000 -5933.603027
v -4932.447754 -59.214298 -5921.818848
v -4934.232422 -55.523701 -5917.606445
v -4932.295410 -78.143402 -5903.263184
v -4934.066895 -74.016800 -5899.470703
v -4931.959473 -94.833603 -5882.670898
v -4933.693848 -90.288803 -5879.371094
v -4925.411621 -119.215797 -5679.841797
v -4930.142578 81.552498 -5987.756836
v -4930.120605 57.511101 -5978.338379
v -4930.109863 105.796204 -5996.597168
v -4930.029297 33.737701 -5968.204102
v -4931.220215 -108.748398 -5860.262695
v -4932.914551 -103.813698 -5857.556152
v -4930.046387 130.206100 -6004.990723
v -4930.036133 328.691589 -6064.352051
v -4930.040527 303.611389 -6057.693359
v -4930.025391 278.596313 -6050.757324
v -4930.019531 353.815399 -6070.678223
v -4929.989746 253.666702 -6043.595703
v -4929.998047 378.961609 -6076.615723
v -4929.976563 154.745605 -6013.071289
v -4929.982910 454.601715 -6093.309570
v -4929.995117 479.817810 -6099.954102
v -4929.980469 404.128387 -6082.138672
v -4929.976074 429.355194 -6087.538574
v -4929.894531 10.478700 -5957.115234
v -4929.952148 228.825806 -6036.233398
v -4929.931152 179.373703 -6020.958984
v -4929.927734 204.064499 -6028.683594
v -4929.740234 -11.966000 -5944.763672
v -4929.587891 -33.301998 -5930.843750
v -4929.457520 -53.242802 -5915.047852
v -4929.284180 -71.466400 -5897.196289
v -4928.889160 -87.480003 -5877.479492
v -4929.854980 -119.339600 -5836.260254
v -4931.531738 -114.069901 -5834.268066
v -4928.090332 -100.763802 -5856.151367
v -4927.202637 54.097599 -5986.722168
v -4927.173340 78.360802 -5996.209473
v -4927.165039 30.038700 -5976.484375
v -4927.108398 102.783600 -6005.103516
v -4927.053711 6.372100 -5965.209473
v -4927.093262 301.239807 -6066.418945
v -4927.101563 276.136993 -6059.466797
v -4927.088867 251.132004 -6052.291016
v -4927.073730 326.424011 -6073.100586
v -4927.038086 127.328400 -6013.541992
v -4927.055176 226.220901 -6044.909668
v -4927.068359 477.315613 -6108.649902
v -4927.059082 452.469086 -6102.104492
v -4927.052246 351.668915 -6079.455078
v -4927.048340 427.428986 -6096.379883
v -4927.038086 376.953796 -6085.428223
v -4927.039063 402.239807 -6090.983887
v -4923.384766 -113.718803 -5680.315918
v -4927.017090 201.394196 -6037.335449
v -4926.992188 151.957703 -6021.660156
v -4926.990234 176.643097 -6029.581055
v -4926.897461 -16.599400 -5952.567871
v -4926.705566 -110.813004 -5833.462402
v -4926.726074 -38.566898 -5938.229004
v -4927.689941 -126.091400 -5810.968750
v -4929.399902 -120.595596 -5809.776367
v -4926.570313 -59.214298 -5921.863281
v -4926.417969 -78.143402 -5903.332520
v -4926.083496 -94.833603 -5882.818359
v -4925.548340 -123.687798 -5706.505371
v -4927.217773 -118.165100 -5707.628418
v -4925.348145 -108.748398 -5860.530273
v -4924.605957 -117.198997 -5809.604004
v -4925.373535 56.207298 -5981.550293
v -4925.375977 80.333397 -5990.972168
v -4925.330566 104.645500 -5999.819336
v -4925.302734 32.324799 -5971.399414
v -4925.264648 129.106903 -6008.227539
v -4925.271973 327.825500 -6067.684082
v -4925.282227 302.705505 -6061.022949
v -4925.275879 277.656891 -6054.090332
v -4925.253418 352.995514 -6074.019043
v -4925.249023 252.698593 -6046.932617
v -4925.234863 378.194702 -6079.973633
v -4925.203613 153.680801 -6016.332520
v -4925.244629 478.862000 -6103.280273
v -4925.233398 453.787109 -6096.675293
v -4925.224121 403.407013 -6085.516602
v -4925.225098 428.619507 -6090.920410
v -4923.992676 -119.339600 -5836.685059
v -4925.177246 8.910100 -5960.250977
v -4925.212891 227.830795 -6039.564941
v -4925.175293 178.330704 -6024.251465
v -4925.183105 203.044495 -6032.000488
v -4922.435547 -114.751801 -5707.459473
v -4925.021973 -13.735800 -5947.789551
v -4925.224609 -129.182999 -5784.958008
v -4927.006836 -123.601898 -5784.484375
v -4924.862305 -35.313000 -5933.702637
v -4924.722168 -55.523701 -5917.678223
v -4924.557129 -74.016800 -5899.583496
v -4924.186035 -90.288803 -5879.609863
v -4923.414063 -103.813698 -5857.989746
v -4921.839355 -126.091400 -5811.533203
v -4922.252441 -120.152496 -5784.702148
v -4919.734375 -123.687798 -5705.642578
v -4923.229004 -127.266602 -5732.343262
v -4925.023926 -121.710701 -5733.021484
v -4923.424316 -129.334595 -5758.623535
v -4925.249023 -123.749001 -5758.770020
v -4922.045898 -114.069901 -5834.956055
v -4920.504395 -120.296898 -5759.119141
v -4920.258301 -118.277000 -5733.245117
v -4919.369141 -129.182999 -5785.468262
v -4919.933105 -120.595596 -5810.689453
v -4917.810547 -118.165100 -5706.231934
v -4917.354492 -127.266602 -5732.147461
v -4917.552246 -129.334595 -5758.882324
v -4917.532227 -123.601898 -5785.310059
v -4915.747559 -123.749001 -5759.188477
v -4915.518555 -121.710701 -5732.705078
v -4899.015137 14.820000 -5359.981445
v -4900.233887 18.015600 -5355.200684
v -4898.827148 14.820000 -5350.472656
v -4896.854980 9.649300 -5358.207031
v -4896.738770 9.649300 -5352.330566
v -4876.338379 25.465700 -5360.370605
v -4877.882813 28.520201 -5355.591797
v -4876.198242 25.465700 -5350.860840
v -4873.699707 20.523399 -5358.592773
v -4873.612793 20.523399 -5352.715332
v -4854.541016 38.183601 -5360.670898
v -4856.334473 41.097000 -5355.891113
v -4854.414063 38.183601 -5351.161133
v -4851.512207 33.469700 -5358.894531
v -4851.433594 33.469700 -5353.017090
v -4833.409668 52.649799 -5360.960938
v -4835.372070 55.446201 -5356.177734
v -4833.276367 52.649799 -5351.451660
v -4830.101563 48.125301 -5359.190918
v -4830.019043 48.125301 -5353.313477
v -4812.640625 68.279999 -5361.249023
v -4814.688965 71.014397 -5356.465820
v -4812.513672 68.279999 -5351.739258
v -4809.199707 63.855801 -5359.478516
v -4809.121582 63.855801 -5353.601074
v -4793.985352 87.098701 -5356.728516
v -4791.924316 84.366096 -5361.507324
v -4791.818359 84.366096 -5351.997070
v -4788.483398 79.944603 -5359.729004
v -4788.417969 79.944603 -5353.851563
v -4772.949219 102.987801 -5356.937988
v -4770.948242 100.197098 -5361.708008
v -4770.876953 100.197098 -5352.197754
v -4767.639160 95.681602 -5359.916504
v -4767.594727 95.681602 -5354.039063
v -4751.266602 117.961899 -5357.063477
v -4749.401855 115.062103 -5361.823730
v -4749.375488 115.062103 -5352.313477
v -4746.357910 110.370003 -5360.016113
v -4746.341797 110.370003 -5354.138184
v -4728.931152 131.593307 -5357.091309
v -4727.198242 128.602203 -5361.845215
v -4727.206055 128.602203 -5352.334961
v -4724.401855 123.762497 -5360.026855
v -4724.406738 123.762497 -5354.148926
v -4706.179199 144.217407 -5357.053223
v -4704.559570 141.172302 -5352.293945
v -4704.534180 141.172302 -5361.804199
v -4701.914063 136.245407 -5354.103027
v -4701.898438 136.245407 -5359.980957
v -4683.226074 156.278305 -5356.986328
v -4681.648926 153.211700 -5352.226563
v -4681.620605 153.211700 -5361.736816
v -4679.068848 148.249802 -5354.035156
v -4679.051270 148.249802 -5359.913086
v -4658.683105 165.158401 -5352.168457
v -4660.282715 168.216400 -5356.926270
v -4658.666504 165.158401 -5361.679199
v -4656.078613 160.210297 -5353.980469
v -4656.068359 160.210297 -5359.857910
v -4635.841797 177.408401 -5352.152344
v -4637.499512 180.440704 -5356.906738
v -4635.845703 177.408401 -5361.662598
v -4633.163574 172.501999 -5353.969727
v -4633.166016 172.501999 -5359.847168
v -4613.103027 189.928101 -5361.687500
v -4614.764160 192.952805 -5356.929688
v -4613.086426 189.928101 -5352.177246
v -4610.398438 185.034103 -5359.875977
v -4610.388184 185.034103 -5353.998047
v -4591.944336 205.465607 -5356.975098
v -4590.308594 202.428101 -5361.733887
v -4590.287598 202.428101 -5352.223633
v -4587.640625 197.513504 -5359.923340
v -4587.627930 197.513504 -5354.045898
v -4568.909180 217.684998 -5357.023438
v -4567.332031 214.615295 -5361.781250
v -4567.315430 214.615295 -5352.270996
v -4564.763672 209.648300 -5359.969727
v -4564.753418 209.648300 -5354.091797
v -4545.527344 229.314896 -5357.053223
v -4544.043945 226.195801 -5361.809570
v -4544.039551 226.195801 -5352.298828
v -4541.639160 221.148804 -5359.994141
v -4541.636719 221.148804 -5354.116211
v -4521.734375 240.102997 -5357.051758
v -4520.365234 236.929504 -5361.806152
v -4520.372070 236.929504 -5352.295410
v -4518.160645 231.794693 -5354.110352
v -4518.156738 231.794693 -5359.988281
v -4497.541992 249.941895 -5357.027832
v -4496.312988 246.715393 -5352.270996
v -4496.300781 246.715393 -5361.781738
v -4494.311523 241.494705 -5354.084961
v -4494.304199 241.494705 -5359.962891
v -4472.960449 258.751312 -5356.995605
v -4471.872559 255.474106 -5352.238770
v -4471.860352 255.474106 -5361.749512
v -4470.100586 250.171402 -5354.052734
v -4470.093262 250.171402 -5359.930664
v -4448.000000 266.450592 -5356.968750
v -4447.062500 263.126190 -5352.212402
v -4447.055664 263.126190 -5361.723145
v -4445.538574 257.747406 -5354.027832
v -4445.534180 257.747406 -5359.905762
v -4422.684082 272.967010 -5356.959961
v -4421.899902 269.602112 -5352.204590
v -4421.900879 269.602112 -5361.715332
v -4420.632813 264.157501 -5354.020996
v -4420.633301 264.157501 -5359.898926
v -4397.099121 278.359497 -5356.970215
v -4396.457031 274.965393 -5361.726074
v -4396.450684 274.965393 -5352.215332
v -4395.411621 269.473602 -5359.910645
v -4395.407715 269.473602 -5354.032715
v -4371.327637 282.791290 -5356.991211
v -4370.802734 279.377197 -5361.747070
v -4370.793945 279.377197 -5352.236328
v -4369.944336 273.853088 -5359.931152
v -4369.938965 273.853088 -5354.053223
v -4345.448730 286.428101 -5357.012695
v -4345.016602 283.000702 -5361.768555
v -4345.009766 283.000702 -5352.257813
v -4344.310059 277.455200 -5359.952637
v -4344.305664 277.455200 -5354.074707
v -4319.541504 289.434387 -5357.026367
v -4319.178223 285.998810 -5361.781738
v -4319.175781 285.998810 -5352.270996
v -4318.588379 280.439697 -5359.965332
v -4318.586914 280.439697 -5354.087402
v -4293.648926 291.950104 -5357.025879
v -4293.342773 288.508606 -5361.781250
v -4293.345215 288.508606 -5352.270508
v -4292.850098 282.940308 -5359.964355
v -4292.851563 282.940308 -5354.086914
v -4267.758301 294.034790 -5357.015137
v -4267.510254 290.588989 -5352.259766
v -4267.505371 290.588989 -5361.770508
v -4267.104004 285.013489 -5354.075684
v -4267.100586 285.013489 -5359.953613
v -4241.854980 295.731903 -5357.000488
v -4241.655762 292.282898 -5352.245117
v -4241.649902 292.282898 -5361.755371
v -4241.327637 286.702301 -5354.061035
v -4241.324219 286.702301 -5359.938965
v -4215.922852 297.084991 -5356.987305
v -4215.765625 293.633698 -5352.231934
v -4215.761719 293.633698 -5361.742188
v -4215.507813 288.049500 -5354.047852
v -4215.505371 288.049500 -5359.925781
v -4189.948242 298.137085 -5356.981445
v -4189.826660 294.684296 -5352.226074
v -4189.826172 294.684296 -5361.736816
v -4189.629883 289.097595 -5354.042480
v -4189.629883 289.097595 -5359.920410
v -4163.938965 298.924500 -5356.983398
v -4163.851563 295.470703 -5361.738770
v -4163.849609 295.470703 -5352.228516
v -4163.708496 289.882385 -5359.922363
v -4163.707031 289.882385 -5354.044922
v -4137.926270 299.477509 -5356.990234
v -4137.868652 296.023102 -5361.745605
v -4137.865723 296.023102 -5352.234863
v -4137.771973 290.433685 -5359.929199
v -4137.770508 290.433685 -5354.051270
v -4111.942383 299.825989 -5356.997070
v -4111.909180 296.371185 -5361.751953
v -4111.907227 296.371185 -5352.241699
v -4111.853516 290.781311 -5359.936035
v -4111.852539 290.781311 -5354.058105
v -4086.018555 299.999908 -5357.000000
v -4086.005859 296.545013 -5361.755371
v -4086.005859 296.545013 -5352.244629
v -4085.984863 290.954895 -5359.938965
v -4085.984863 290.954895 -5354.061035
# 2601 vertices

vt 0.49990 1.74890
vt 1.25020 -0.50010
vt 0.49990 -0.50010
vt 1.25020 1.74890
vt -0.25020 1.74890
vt -0.25020 -0.50010
vt 1.25020 -2.74890
vt 0.49990 -2.74890
vt -0.25020 -2.74890
vt 1.00000 1.99620
vt 0.00000 0.74810
vt 0.00000 1.99620
vt 1.00000 0.74810
vt 0.00000 -0.50000
vt 1.00000 -0.50000
vt 0.00000 -1.74810
vt 1.00000 -1.74810
vt 0.00000 -2.99620
vt 1.00000 -2.99620
vt 2.00020 0.00000
vt 1.25010 -0.50000
vt 1.25010 0.00000
vt 2.00020 -0.50000
vt 0.50000 -0.50010
vt 0.50000 0.00000
vt -0.25010 -0.50010
vt -0.25010 0.00000
vt -1.00020 -0.50010
vt -1.00020 0.00000
vt 0.01660 0.60880
vt 0.96930 0.01060
vt 0.01660 0.01060
vt 0.10100 0.66770
vt 0.96930 0.60880
vt 0.88500 0.66770
vt 0.49330 0.10980
vt 0.97430 0.68100
vt 0.97430 0.34120
vt 0.01240 0.34120
vt 0.01240 0.68100
vt 0.49330 0.48280
vt 0.88910 -0.04450
vt 0.18830 0.29000
vt 0.79840 0.29000
vt 0.09760 -0.04450
vt 0.15600 0.20260
vt 0.20010 0.40210
vt 0.24390 0.46080
vt 0.44200 0.57110
vt 0.52990 0.59300
vt 0.19980 0.00450
vt 0.52990 0.00450
vt -0.00070 0.72880
vt 0.99800 0.99260
vt -0.00070 0.99260
vt 0.99800 0.72880
vt -0.00500 -0.03330
vt 0.99500 -0.27650
vt -0.00500 -0.27650
vt 0.99500 -0.03330
vt 1.99690 0.99260
vt 1.99690 0.72880
vt 1.99520 -0.03330
vt 1.99520 -0.27650
vt -0.15700 -0.88450
vt -0.15680 -0.36480
vt 0.14320 -0.36490
vt -0.30690 -0.62450
vt 0.14290 -0.88460
vt 0.29310 -0.62490
vt 0.42260 0.02880
vt 0.05590 -0.13950
vt 0.42670 -0.13950
vt 0.12910 0.02880
vt 0.03260 -0.84790
vt 0.11150 -0.66530
vt 0.00000 -0.84790
vt 0.95580 -0.84790
vt 0.64650 -0.32240
vt 0.95580 0.47100
vt 0.95580 0.02880
vt 0.82660 -0.13950
vt 0.95580 -0.32240
vt 0.83150 -0.25450
vt 0.29330 -1.00000
vt 1.00000 -0.56430
vt 0.23500 -0.56430
vt 1.00000 -1.00000
vt 0.29330 -0.12850
vt 1.00000 -0.12850
vt 0.00050 -1.00000
vt 0.26880 -0.99700
vt 0.00000 -0.99700
vt 0.18700 -0.56430
vt 0.26940 -0.12850
vt 0.35090 -0.00010
vt 0.00610 -0.52560
vt 0.49170 0.00000
vt -0.14380 0.00000
vt 0.58570 -0.52560
vt 0.47570 -0.99940
vt 0.72820 -0.99940
vt 0.99990 0.00000
vt 0.99990 -0.52560
vt 0.99990 -0.99940
vt 0.99990 -1.16070
vt -0.48240 0.78550
vt 0.56020 0.19580
vt -0.48240 0.19580
vt 0.56020 0.78550
vt 1.60280 0.78550
vt 1.60280 0.19580
vt 1.80210 -0.16880
vt 0.74620 -0.41590
vt 0.74620 -0.16880
vt 1.80210 -0.29830
vt 0.11160 -0.98240
vt 0.11160 -0.16880
vt 1.99990 -0.74360
vt 1.61400 -1.64700
vt 1.99990 -1.64700
vt 1.61400 -0.74360
vt 1.23800 -1.64700
vt 1.23800 -0.74360
vt 0.83010 -1.64700
vt 0.83010 -0.74360
vt 0.39590 -1.64700
vt 0.39590 -0.74360
vt 0.00000 -1.64700
vt 0.00000 -0.74360
vt 1.99990 -1.54210
vt 1.61400 -0.99950
vt 1.99990 -0.99950
vt 1.61400 -1.54210
vt 1.23800 -0.99950
vt 1.23800 -1.54210
vt 0.83010 -0.99950
vt 0.83010 -1.54210
vt 0.39590 -0.99950
vt 0.39590 -1.54210
vt 0.00000 -0.99950
vt 0.00000 -1.54210
vt 1.99990 -1.74520
vt 1.61400 -1.74520
vt 1.23800 -1.74520
vt 0.83010 -1.74520
vt 0.39590 -1.74520
vt 0.00000 -1.74520
vt 0.39590 -1.54220
vt 0.00000 -1.54220
vt 0.83010 -1.54220
vt 1.23800 -1.54220
vt 1.61400 -1.54220
vt 1.99990 -1.54220
vt -0.09940 -1.75010
vt -0.49900 -1.00200
vt -0.09940 -1.00200
vt -0.49900 -1.75010
vt 0.30010 -1.75010
vt 0.30010 -1.00200
vt 0.69980 -1.75010
vt 0.69980 -1.00200
vt 1.09940 -1.75010
vt 1.09940 -1.00200
vt 1.49900 -1.75010
vt 1.49900 -1.00200
vt 1.09600 -1.00200
vt 1.49330 -1.14100
vt 1.09600 -1.14100
vt 1.49330 -1.00200
vt 0.69860 -1.00200
vt 0.69860 -1.14100
vt 0.30130 -1.00200
vt 0.30130 -1.14100
vt -0.09600 -1.00200
vt -0.09600 -1.14100
vt -0.49330 -1.00200
vt -0.49330 -1.14100
vt 0.00190 -0.12550
vt 0.25090 0.99800
vt 0.00190 0.99800
vt 0.25090 -0.12550
vt 0.74900 -0.12550
vt 0.99800 0.99800
vt 0.74900 0.99800
vt 0.99800 -0.12550
vt 0.49990 0.99800
vt 0.49990 -0.12550
vt -0.22530 0.52740
vt -0.04270 0.34490
vt -0.22530 0.26920
vt -0.22530 0.78560
vt -0.04270 0.71000
vt 0.03280 0.52740
vt 0.00000 -1.00000
vt 0.99990 -0.16610
vt 0.00000 -0.16610
vt 0.99990 -1.00000
vt -3.61600 -0.28070
vt 0.49990 -0.80030
vt -3.61600 -0.80030
vt 0.49990 -0.28070
vt 4.61600 -0.28070
vt 0.50000 -0.80030
vt 4.61600 -0.80030
vt 0.50000 -0.28070
vt -0.12160 -1.12490
vt 1.84610 -1.04450
vt 1.84610 -1.12490
vt -0.12160 -1.04450
vt -0.11850 -1.12490
vt 1.84300 -1.03790
vt 1.84300 -1.12490
vt -0.11850 -1.03790
vt -0.50910 -1.80740
vt -0.00780 -1.16980
vt -0.50910 -1.16980
vt -0.00780 -1.80740
vt 0.49340 -1.16980
vt 0.49340 -1.80740
vt 0.99480 -1.16980
vt 0.99480 -1.80740
vt 1.49610 -1.16980
vt 1.49610 -1.80740
vt 0.49710 -0.00010
vt 0.00000 -0.00010
vt 0.49710 -0.60010
vt 0.99800 -0.59650
vt 0.00190 -0.00200
vt 0.00190 -0.59650
vt 0.99800 -0.00200
vt 0.99800 -0.99810
vt 0.00190 -0.99810
vt 0.50250 0.53880
vt 0.75260 0.37810
vt 0.50250 0.37810
vt 0.75260 0.53880
vt 0.99800 0.53880
vt 0.99800 0.37810
vt -0.25170 0.53880
vt -0.25170 0.37810
vt -1.00190 0.53880
vt -1.00190 0.37810
vt -1.24960 0.37810
vt -1.24960 0.53880
vt -1.49720 0.53880
vt -1.49720 0.37810
vt 0.00190 0.54110
vt 0.74980 0.37530
vt 0.00190 0.37530
vt 0.74980 0.54110
vt 1.50040 0.37530
vt 1.50040 0.54110
vt 0.08240 0.38410
vt 0.49990 0.99990
vt 0.91750 0.38410
vt 0.50000 0.99990
vt -0.49740 -0.46020
vt 0.16750 -0.61900
vt -0.49740 -0.61900
vt 0.16750 -0.46020
vt 0.83240 -0.46020
vt 0.83240 -0.61900
vt 1.49740 -0.61900
vt 1.49740 -0.46020
vt 0.49990 -0.99820
vt 0.00000 -0.99820
vt 0.49990 -0.00010
vt 0.49750 -0.49490
vt 0.15080 -0.29470
vt 0.49750 -0.09450
vt 0.15080 -0.49490
vt 0.15080 -0.69510
vt 0.49750 -0.89530
vt 0.84430 -0.29470
vt 0.84430 -0.49490
vt 0.84430 -0.69510
vt 0.14400 -0.29870
vt 0.84140 -0.29870
vt 0.84140 -0.70140
vt 0.49270 -0.09740
vt 0.14400 -0.70140
vt 0.49270 -0.90270
vt 0.14020 -0.69470
vt 0.50030 -0.09740
vt 0.84520 -0.30540
vt 0.14790 -0.29210
vt 0.48510 -0.90270
vt 0.83760 -0.70800
vt 0.14230 -0.69840
vt 0.49610 -0.09740
vt 0.84310 -0.30170
vt 0.14570 -0.29580
vt 0.48930 -0.90270
vt 0.83970 -0.70430
vt 1.49860 0.07780
vt -1.00220 -0.07880
vt -1.00220 0.07780
vt 1.49860 -0.07880
vt 0.00190 1.74990
vt 0.99800 0.67620
vt 0.00190 0.67620
vt 0.99800 1.74990
vt 0.00190 -2.74990
vt 0.99800 -2.74990
vt 0.00190 2.44830
vt 0.99800 -1.68470
vt 0.99800 2.44830
vt 0.00190 -1.68470
vt 0.00190 -3.44830
vt 0.99800 -3.44830
vt 0.99800 0.00190
vt 0.00190 0.00190
vt 0.40190 -1.99810
vt 0.00430 -1.00010
vt 0.40190 -1.00010
vt 0.00430 -1.99810
vt 0.79960 -1.00010
vt 0.79960 -1.99810
vt 1.19720 -1.00010
vt 1.19720 -1.99810
vt 1.59490 -1.00010
vt 1.59490 -1.99810
vt 1.99260 -1.00010
vt 1.99260 -1.99810
vt -1.25760 -0.86940
vt -0.37880 -0.43080
vt -0.37880 -0.86940
vt -1.25760 -0.43080
vt 0.50000 -0.43080
vt 0.50000 -0.86940
vt 1.37880 -0.43080
vt 1.37880 -0.86940
vt 2.25760 -0.43080
vt 2.25760 -0.86940
vt 0.25090 -0.25000
vt 0.00190 -0.75010
vt 0.00190 -0.25000
vt 0.25090 -0.75010
vt 0.49990 -0.25000
vt 0.49990 -0.75010
vt 0.74900 -0.25000
vt 0.74900 -0.75010
vt 0.99800 -0.25000
vt 0.99800 -0.75010
vt -0.49220 -0.09880
vt -0.49220 0.78890
vt -0.98780 0.78890
vt -0.24440 -0.09880
vt 0.25110 -0.09880
vt 0.99450 0.78890
vt 0.49890 0.78890
vt 0.49890 -0.09880
vt 0.00330 -0.36850
vt 1.99530 0.00000
vt 0.00000 -1.25630
vt 1.99530 -1.25630
vt 0.00000 0.00000
vt -0.01860 0.00000
vt 0.01890 -1.25630
vt -0.01860 -1.25630
vt 0.01890 0.00000
vt 1.49450 -0.89390
vt 2.05010 -1.99240
vt 1.49450 -1.99240
vt 2.05010 -0.89390
vt 1.20070 -1.99240
vt 0.68220 -0.89390
vt 0.68220 -1.99240
vt 1.20070 -0.89390
vt 2.05010 -0.00510
vt 1.49450 -0.00510
vt 0.68220 -0.00510
vt 1.20070 -0.00510
vt 0.93890 -1.99240
vt 0.93890 -0.89390
vt 0.13580 -1.99240
vt 0.13580 -0.89390
vt 0.93890 -0.00510
vt 0.13580 -0.00510
vt 0.38330 -1.99240
vt 0.38330 -0.89390
vt -0.42930 -1.99240
vt -0.42930 -0.89390
vt 0.38330 -0.00510
vt -0.42930 -0.00510
vt -0.17220 -1.99240
vt -0.17220 -0.89390
vt -0.94770 -0.89390
vt -0.94770 -1.99240
vt -0.17220 -0.00510
vt -0.94770 -0.00510
vt -0.05520 -1.99140
vt -0.28750 -0.89540
vt -0.28750 -1.99140
vt -0.05520 -0.89540
vt -0.28750 -0.00850
vt -0.05520 -0.00850
vt -0.74620 -1.26650
vt -0.06170 -1.00010
vt -0.06170 -1.26650
vt -0.74620 -1.00010
vt 0.62260 -1.00010
vt 0.62260 -1.26650
vt 1.30700 -1.00010
vt 1.30700 -1.26650
vt 1.99140 -1.26650
vt 1.99140 -1.00010
vt 0.05290 -0.89540
vt 0.34130 -1.99140
vt 0.05290 -1.99140
vt 0.34130 -0.89540
vt 0.34130 -0.00850
vt 0.05290 -0.00850
vt 0.16320 0.69530
vt 0.49850 0.50170
vt 0.16320 0.30810
vt 0.49850 0.11440
vt 0.49850 0.88890
vt 0.83390 0.30810
vt 0.83390 0.69530
vt 0.49890 0.50020
vt 0.49890 0.82530
vt 0.72880 0.73010
vt 0.26900 0.73010
vt 0.82400 0.50020
vt 0.17380 0.50020
vt 0.72880 0.27030
vt 0.26900 0.27030
vt 0.49890 0.17510
vt 1.43670 0.85940
vt 0.50230 0.49990
vt 1.43670 0.49990
vt 0.50230 0.85940
vt -0.08450 0.51040
vt 0.87320 0.13540
vt -0.08450 0.13540
vt 0.87320 0.51040
vt 0.00340 0.85940
vt 0.00340 0.49990
vt 1.37120 0.13540
vt 1.37120 0.51040
vt -0.99880 -0.00200
vt 1.99880 -0.99810
vt -0.99880 -0.99810
vt 1.99880 -0.00200
vt -1.00120 -0.00200
vt 2.00120 -0.99810
vt -1.00120 -0.99810
vt 2.00120 -0.00200
vt 0.53760 -1.00000
vt 5.74670 -0.00010
vt 0.53760 -0.00010
vt 5.74670 -1.00000
vt -4.74660 -1.00000
vt -4.74660 -0.00010
vt 0.99990 -0.00010
vt 1.00000 -0.00010
vt 0.25820 -0.00010
vt 1.25820 -1.00000
vt 0.25820 -1.00000
vt 1.25820 -0.00010
vt -0.51430 -2.00000
vt 0.13730 -1.00000
vt 0.13730 -2.00000
vt -0.51430 -1.00000
vt 1.99990 -1.00000
vt 1.99990 -2.00000
vt 15.50560 -1.00200
vt 13.74890 -1.99810
vt 13.74890 -1.00200
vt 15.50560 -1.99810
vt -0.99990 -1.99810
vt 0.99990 -1.00200
vt 0.99990 -1.99810
vt -0.99990 -1.00200
vt 12.23690 -1.99810
vt 12.23690 -1.00200
vt 2.49210 -1.99810
vt 2.49210 -1.00200
vt 10.75270 -1.99810
vt 10.75270 -1.00200
vt 4.19070 -1.99810
vt 4.19070 -1.00200
vt 8.75140 -1.00200
vt 8.75140 -1.99810
vt 6.00550 -1.99810
vt 6.00550 -1.00200
vt 8.00680 -1.99810
vt 8.00680 -1.00200
vt 1.27620 0.00000
vt 2.00270 0.63030
vt 1.27620 0.63030
vt 2.00270 0.00000
vt -1.00270 0.00000
vt -0.31960 0.63030
vt -1.00270 0.63030
vt -0.31970 0.00000
vt 5.25920 -0.00200
vt 5.50370 -0.39810
vt 5.25920 -0.39810
vt 5.50370 -0.00200
vt 4.73870 -0.00200
vt 4.73870 -0.39810
vt 3.74420 -0.00200
vt 3.74420 -0.39810
vt 2.74980 -0.00200
vt 2.74980 -0.39810
vt 1.73740 -0.00200
vt 1.73740 -0.39810
vt 0.73690 -0.00200
vt 0.73690 -0.39810
vt 0.00190 -0.39810
vt 0.25840 -0.00200
vt 0.25840 -0.39810
vt 0.00000 6.99990
vt 0.34060 6.59970
vt 0.00000 6.59970
vt 0.34060 6.99990
vt -1.99990 6.59980
vt -0.63700 7.00000
vt -0.63700 6.59980
vt -1.99990 7.00000
vt 0.72580 7.00000
vt 0.72580 6.59980
vt 2.08870 7.00000
vt 2.08870 6.59980
vt 3.45160 6.59980
vt 3.45160 7.00000
vt 0.00190 3.60140
vt 1.49460 3.99800
vt 0.00190 3.99800
vt 1.49460 3.60140
vt 0.99800 -0.40060
vt 0.00190 -0.40060
vt 0.00000 -0.37510
vt 0.99990 -0.37510
vt -0.01130 0.68170
vt 0.37820 -0.66780
vt 0.37820 0.68170
vt -0.01130 -0.66780
vt 0.76780 0.00690
vt 0.47330 0.47080
vt 0.11450 0.00190
vt 0.11450 0.47080
vt 0.47330 0.00190
vt 1.04900 0.00190
vt 1.04900 0.47080
vt 1.55340 0.00190
vt 1.55340 0.47080
vt 1.89020 0.00190
vt 1.89020 0.47080
vt 0.66600 -0.52920
vt 0.99800 -0.52920
vt 0.66600 -0.99810
vt 0.33390 -0.99810
vt 0.33390 -0.52920
vt 0.00190 -0.52920
vt 0.98190 1.65570
vt 0.74990 0.57980
vt 0.74990 1.65570
vt 0.98190 0.57980
vt 0.74990 -0.49620
vt 0.98190 -0.49620
vt 0.74990 -1.57210
vt 0.98190 -1.57210
vt 0.74990 -2.64800
vt 0.98190 -2.64800
vt 0.81330 1.00360
vt 0.98320 0.25180
vt 0.81330 0.25180
vt 0.98320 1.00360
vt 0.98320 -0.50010
vt 0.81330 -0.50010
vt 0.98320 -1.25180
vt 0.81330 -1.25180
vt 0.81330 -2.00360
vt 0.98320 -2.00360
vt 0.97870 8.67990
vt 0.75100 7.58990
vt 0.97870 7.58990
vt 0.75100 8.67990
vt 0.75100 6.49990
vt 0.97870 6.49990
vt 0.75100 5.41010
vt 0.97870 5.41010
vt 0.75100 4.32010
vt 0.97870 4.32010
vt 0.80840 -1.83410
vt 0.98290 -2.66820
vt 0.80840 -2.66820
vt 0.98290 -1.83410
vt 0.80840 -0.99990
vt 0.98290 -0.99990
vt 0.80840 -0.16580
vt 0.98290 -0.16580
vt 0.80840 0.66830
vt 0.98290 0.66830
vt 0.98090 3.99800
vt 0.81440 3.00190
vt 0.81440 3.99800
vt 0.98090 3.00190
vt 0.02040 1.31360
vt 0.18450 -0.01740
vt 0.18450 1.31360
vt 0.02040 -0.01740
vt 0.81150 -1.00000
vt 0.97920 -0.00010
vt 0.97920 -1.00000
vt 0.81150 -0.00010
vt -3.06500 -0.00600
vt -1.44300 -1.00000
vt -1.44300 -0.00600
vt -3.06500 -1.00000
vt 0.17900 -1.00000
vt 0.17900 -0.00600
vt 1.80100 -1.00000
vt 1.80100 -0.00600
vt 3.42310 -0.00600
vt 3.42310 -1.00000
vt -2.51670 7.00000
vt -0.89540 6.00000
vt -2.51670 6.00000
vt -0.89540 7.00000
vt 0.72580 6.00000
vt 2.34710 6.00000
vt 2.34710 7.00000
vt 3.96840 6.00000
vt 3.96840 7.00000
vt -1.00740 -0.99800
vt 2.00740 -0.61620
vt -1.00740 -0.61620
vt 2.00740 -0.99800
vt -0.07370 3.00190
vt 1.43350 3.99800
vt -0.07370 3.99800
vt 1.43350 3.00190
vt -0.01230 -0.00200
vt 1.48690 -0.99810
vt -0.01230 -0.99810
vt 1.48690 -0.00200
vt 7.40600 0.24430
vt -6.19420 -0.01080
vt -6.19420 0.49960
vt -6.19420 0.24430
vt 16.57050 -0.60010
vt 15.72790 -0.40000
vt 16.57050 -0.40000
vt 15.72790 -0.60010
vt 16.57050 -0.80010
vt 15.72790 -0.80010
vt 16.57050 -0.20000
vt 15.72790 -0.20000
vt 16.57050 -1.00000
vt 15.72790 -1.00000
vt 16.57050 -0.00010
vt 15.72790 -0.00010
vt 14.90120 -0.40000
vt 14.90120 -0.60010
vt 14.90120 -0.20000
vt 14.90120 -0.80010
vt 14.90120 -0.00010
vt 14.90120 -1.00000
vt 14.07450 -0.60010
vt 14.07450 -0.40000
vt 14.07450 -0.80010
vt 14.07450 -0.20000
vt 14.07450 -1.00000
vt 14.07450 -0.00010
vt 13.24780 -0.60010
vt 13.24780 -0.40000
vt 13.24780 -0.80010
vt 13.24780 -0.20000
vt 13.24780 -1.00000
vt 13.24780 -0.00010
vt 12.42110 -0.40000
vt 12.42110 -0.60010
vt 12.42110 -0.80010
vt 12.42110 -0.20000
vt 12.42110 -1.00000
vt 12.42110 -0.00010
vt 11.59440 -0.40000
vt 11.59440 -0.60010
vt 11.59440 -0.80010
vt 11.59440 -0.20000
vt 11.59440 -1.00000
vt 11.59440 -0.00010
vt 10.76770 -0.40000
vt 10.76770 -0.60010
vt 10.76770 -0.80010
vt 10.76770 -0.20000
vt 10.76770 -1.00000
vt 10.76770 -0.00010
vt 9.94100 -0.40000
vt 9.94100 -0.60010
vt 9.94100 -0.80010
vt 9.94100 -0.20000
vt 9.94100 -1.00000
vt 9.94100 -0.00010
vt 9.11430 -0.00010
vt 9.11430 -0.20000
vt 9.11430 -0.80010
vt 9.11430 -1.00000
vt 9.11430 -0.40000
vt 9.11430 -0.60010
vt 8.28760 -0.80010
vt 8.28760 -1.00000
vt 8.28760 -0.00010
vt 8.28760 -0.20000
vt 8.28760 -0.60010
vt 8.28760 -0.40000
vt 7.46100 -0.20000
vt 7.46100 -0.00010
vt 7.46100 -0.80010
vt 7.46100 -1.00000
vt 7.46100 -0.40000
vt 7.46100 -0.60010
vt 6.63430 -0.20000
vt 6.63430 -0.00010
vt 6.63430 -0.80010
vt 6.63430 -1.00000
vt 6.63430 -0.40000
vt 6.63430 -0.60010
vt 5.80760 -0.80010
vt 5.80760 -1.00000
vt 5.80760 -0.20000
vt 5.80760 -0.00010
vt 5.80760 -0.60010
vt 5.80760 -0.40000
vt 4.98090 -0.80010
vt 4.98090 -1.00000
vt 4.98090 -0.00010
vt 4.98090 -0.20000
vt 4.98090 -0.60010
vt 4.98090 -0.40000
vt 4.15420 -0.00010
vt 4.15420 -0.20000
vt 4.15420 -0.80010
vt 4.15420 -1.00000
vt 4.15420 -0.40000
vt 4.15420 -0.60010
vt 3.32750 -0.00010
vt 3.32750 -0.20000
vt 3.32750 -0.80010
vt 3.32750 -1.00000
vt 3.32750 -0.60010
vt 3.32750 -0.40000
vt 2.50080 -0.80010
vt 2.50080 -1.00000
vt 2.50080 -0.00010
vt 2.50080 -0.20000
vt 2.50080 -0.60010
vt 2.50080 -0.40000
vt 1.67410 -0.20000
vt 1.67410 -0.00010
vt 1.67410 -0.80010
vt 1.67410 -1.00000
vt 1.67410 -0.40000
vt 1.67410 -0.60010
vt 0.84740 -0.00010
vt 0.84740 -0.20000
vt 0.84740 -1.00000
vt 0.84740 -0.80010
vt 0.84740 -0.40000
vt 0.84740 -0.60010
vt 0.02070 -0.80010
vt 0.02070 -1.00000
vt 0.02070 -0.00010
vt 0.02070 -0.20000
vt 0.02070 -0.40000
vt 0.02070 -0.60010
vt 5.85980 0.15280
vt 6.51140 -0.04710
vt 5.85980 -0.04710
vt 6.51140 0.15280
vt 6.51140 0.75280
vt 5.85980 0.95280
vt 6.51140 0.95280
vt 5.85980 0.75280
vt 6.51140 0.35280
vt 5.85980 0.35280
vt 6.51140 0.55280
vt 5.85980 0.55280
vt 5.20820 0.95280
vt 5.20820 0.75280
vt 5.20820 0.15280
vt 5.20820 -0.04710
vt 5.20820 0.55280
vt 5.20820 0.35280
vt 4.55660 0.95280
vt 4.55660 0.75280
vt 4.55660 0.15280
vt 4.55660 -0.04710
vt 4.55660 0.55280
vt 4.55660 0.35280
vt 3.90500 0.95280
vt 3.90500 0.75280
vt 3.90500 0.15280
vt 3.90500 -0.04710
vt 3.90500 0.55280
vt 3.90500 0.35280
vt 3.25340 0.95280
vt 3.25340 0.75280
vt 3.25340 0.15280
vt 3.25340 -0.04710
vt 3.25340 0.55280
vt 3.25340 0.35280
vt 2.60180 0.95280
vt 2.60180 0.75280
vt 2.60180 0.15280
vt 2.60180 -0.04710
vt 2.60180 0.55280
vt 2.60180 0.35280
vt 1.95020 0.15280
vt 1.95020 -0.04710
vt 1.95020 0.95280
vt 1.95020 0.75280
vt 1.95020 0.35280
vt 1.95020 0.55280
vt 1.29860 0.15280
vt 1.29860 -0.04710
vt 1.29860 0.95280
vt 1.29860 0.75280
vt 1.29860 0.35280
vt 1.29860 0.55280
vt 0.64700 0.15280
vt 0.64700 -0.04710
vt 0.64700 0.95280
vt 0.64700 0.75280
vt 0.64700 0.35280
vt 0.64700 0.55280
vt -0.00450 0.15280
vt -0.00450 -0.04710
vt -0.00450 0.95280
vt -0.00450 0.75280
vt -0.00450 0.35280
vt -0.00450 0.55280
vt 5.88240 -0.80010
vt 5.55600 -0.60000
vt 5.88240 -0.60000
vt 5.55600 -0.80010
vt 5.22960 -0.60000
vt 5.22960 -0.80010
vt 6.20870 -0.60000
vt 6.20870 -0.80010
vt 5.88240 -1.00000
vt 5.55600 -1.00000
vt 6.20870 -1.00000
vt 6.53510 -0.60000
vt 6.53510 -0.80010
vt 5.22960 -1.00000
vt 5.55600 -0.40000
vt 5.88240 -0.40000
vt 5.22960 -0.40000
vt 4.90320 -0.80010
vt 4.90320 -0.60000
vt 6.20870 -0.40000
vt 6.53510 -1.00000
vt 6.86150 -0.60000
vt 6.86150 -0.80010
vt 4.90320 -1.00000
vt 6.53510 -0.40000
vt 4.90320 -0.40000
vt 5.88240 -0.20000
vt 5.55600 -0.00010
vt 5.88240 -0.00010
vt 5.55600 -0.20000
vt 6.20870 -0.20000
vt 6.20870 -0.00010
vt 5.22960 -0.00010
vt 5.22960 -0.20000
vt 6.86150 -1.00000
vt 6.86150 -0.40000
vt 7.18790 -0.80010
vt 7.18790 -0.60000
vt 6.53510 -0.00010
vt 6.53510 -0.20000
vt 4.57690 -0.80010
vt 4.57690 -0.60000
vt 4.90320 -0.20000
vt 4.90320 -0.00010
vt 4.57690 -1.00000
vt 7.18790 -1.00000
vt 7.18790 -0.40000
vt 7.51420 -0.80010
vt 7.51420 -0.60000
vt 6.86150 -0.00010
vt 6.86150 -0.20000
vt 4.57690 -0.40000
vt 7.51420 -1.00000
vt 7.84060 -0.80010
vt 7.84060 -0.60000
vt 4.57690 -0.20000
vt 4.57690 -0.00010
vt 7.51420 -0.40000
vt 7.18790 -0.20000
vt 7.18790 -0.00010
vt 7.84060 -1.00000
vt 8.16700 -0.80010
vt 8.16700 -0.60000
vt 4.25050 -0.80010
vt 4.25050 -0.60000
vt 7.84060 -0.40000
vt 4.25050 -1.00000
vt 7.51420 -0.20000
vt 7.51420 -0.00010
vt 8.16700 -1.00000
vt 8.49340 -0.80010
vt 8.49340 -0.60000
vt 8.81970 -0.80010
vt 8.81970 -0.60000
vt 8.49340 -1.00000
vt 8.16700 -0.40000
vt 9.14610 -0.80010
vt 9.14610 -0.60000
vt 10.45160 -0.80010
vt 10.12520 -0.60000
vt 10.45160 -0.60000
vt 10.12520 -0.80010
vt 9.79890 -0.80010
vt 9.79890 -0.60000
vt 10.77800 -0.80010
vt 10.77800 -0.60000
vt 9.47250 -0.80010
vt 9.47250 -0.60000
vt 12.73630 -0.80010
vt 12.40990 -0.60000
vt 12.73630 -0.60000
vt 12.40990 -0.80010
vt 12.08350 -0.60000
vt 12.08350 -0.80010
vt 13.06260 -0.80010
vt 13.06260 -0.60000
vt 15.02090 -0.80010
vt 14.69450 -0.60000
vt 15.02090 -0.60000
vt 14.69450 -0.80010
vt 15.34730 -0.80010
vt 15.34730 -0.60000
vt 14.36810 -0.60000
vt 14.36810 -0.80010
vt 16.97920 -0.80010
vt 16.65280 -0.60000
vt 16.97920 -0.60000
vt 16.65280 -0.80010
vt 17.30550 -0.80010
vt 17.30550 -0.60000
vt 17.63190 -0.80010
vt 17.63190 -0.60000
vt 15.67370 -0.80010
vt 15.67370 -0.60000
vt 17.95830 -0.80010
vt 17.95830 -0.60000
vt 13.38900 -0.80010
vt 13.38900 -0.60000
vt 16.32640 -0.60000
vt 16.32640 -0.80010
vt 18.28470 -0.60000
vt 18.28470 -0.80010
vt 18.61100 -0.80010
vt 18.61100 -0.60000
vt 18.93740 -0.60000
vt 18.93740 -0.80010
vt 19.26380 -0.80010
vt 19.26380 -0.60000
vt 19.59020 -0.80010
vt 19.59020 -0.60000
vt 16.00000 -0.80010
vt 16.00000 -0.60000
vt 14.04180 -0.60000
vt 14.04180 -0.80010
vt 11.75710 -0.60000
vt 11.75710 -0.80010
vt 13.71540 -0.60000
vt 13.71540 -0.80010
vt 11.10440 -0.80010
vt 11.10440 -0.60000
vt 11.43080 -0.60000
vt 11.43080 -0.80010
vt 7.84060 -0.20000
vt 7.84060 -0.00010
vt 4.25050 -0.40000
vt 8.81970 -1.00000
vt 9.14610 -1.00000
vt 10.45160 -1.00000
vt 10.12520 -1.00000
vt 9.79890 -1.00000
vt 10.77800 -1.00000
vt 12.73630 -1.00000
vt 12.40990 -1.00000
vt 12.08350 -1.00000
vt 13.06260 -1.00000
vt 9.47250 -1.00000
vt 15.02090 -1.00000
vt 14.69450 -1.00000
vt 15.34730 -1.00000
vt 15.67370 -1.00000
vt 17.63190 -1.00000
vt 17.30550 -1.00000
vt 17.95830 -1.00000
vt 14.36810 -1.00000
vt 16.97920 -1.00000
vt 19.59020 -1.00000
vt 19.26380 -1.00000
vt 13.38900 -1.00000
vt 16.00000 -1.00000
vt 18.28470 -1.00000
vt 18.61100 -1.00000
vt 16.65280 -1.00000
vt 16.32640 -1.00000
vt 18.93740 -1.00000
vt 14.04180 -1.00000
vt 11.75710 -1.00000
vt 13.71540 -1.00000
vt 11.10440 -1.00000
vt 11.43080 -1.00000
vt 8.49340 -0.40000
vt 4.25050 -0.20000
vt 4.25050 -0.00010
vt 8.16700 -0.20000
vt 8.16700 -0.00010
vt 8.81970 -0.40000
vt 9.14610 -0.40000
vt 10.12520 -0.40000
vt 10.45160 -0.40000
vt 9.79890 -0.40000
vt 9.47250 -0.40000
vt 10.77800 -0.40000
vt 12.40990 -0.40000
vt 12.73630 -0.40000
vt 12.08350 -0.40000
vt 13.06260 -0.40000
vt 14.69450 -0.40000
vt 15.02090 -0.40000
vt 14.36810 -0.40000
vt 15.34730 -0.40000
vt 16.97920 -0.40000
vt 17.30550 -0.40000
vt 16.65280 -0.40000
vt 17.63190 -0.40000
vt 15.67370 -0.40000
vt 17.95830 -0.40000
vt 18.93740 -0.40000
vt 19.26380 -0.40000
vt 19.59020 -0.40000
vt 14.04180 -0.40000
vt 16.32640 -0.40000
vt 18.28470 -0.40000
vt 18.61100 -0.40000
vt 13.38900 -0.40000
vt 16.00000 -0.40000
vt 11.75710 -0.40000
vt 13.71540 -0.40000
vt 11.10440 -0.40000
vt 11.43080 -0.40000
vt 8.49340 -0.20000
vt 8.49340 -0.00010
vt 8.81970 -0.20000
vt 8.81970 -0.00010
vt 9.14610 -0.20000
vt 9.14610 -0.00010
vt 10.12520 -0.00010
vt 10.45160 -0.20000
vt 10.12520 -0.20000
vt 10.45160 -0.00010
vt 9.79890 -0.00010
vt 9.79890 -0.20000
vt 10.77800 -0.00010
vt 10.77800 -0.20000
vt 12.40990 -0.20000
vt 12.73630 -0.00010
vt 12.73630 -0.20000
vt 12.40990 -0.00010
vt 12.08350 -0.00010
vt 12.08350 -0.20000
vt 13.06260 -0.20000
vt 13.06260 -0.00010
vt 9.47250 -0.20000
vt 9.47250 -0.00010
vt 14.69450 -0.00010
vt 15.02090 -0.20000
vt 14.69450 -0.20000
vt 15.02090 -0.00010
vt 15.34730 -0.20000
vt 15.34730 -0.00010
vt 14.36810 -0.20000
vt 14.36810 -0.00010
vt 15.67370 -0.00010
vt 15.67370 -0.20000
vt 16.97920 -0.00010
vt 17.30550 -0.20000
vt 16.97920 -0.20000
vt 17.30550 -0.00010
vt 17.63190 -0.20000
vt 17.63190 -0.00010
vt 17.95830 -0.20000
vt 17.95830 -0.00010
vt 13.38900 -0.00010
vt 13.38900 -0.20000
vt 16.00000 -0.20000
vt 16.00000 -0.00010
vt 16.65280 -0.20000
vt 16.65280 -0.00010
vt 18.28470 -0.20000
vt 18.28470 -0.00010
vt 18.61100 -0.20000
vt 18.61100 -0.00010
vt 18.93740 -0.20000
vt 18.93740 -0.00010
vt 19.26380 -0.20000
vt 19.26380 -0.00010
vt 19.59020 -0.00010
vt 19.59020 -0.20000
vt 16.32640 -0.20000
vt 16.32640 -0.00010
vt 14.04180 -0.00010
vt 14.04180 -0.20000
vt 11.75710 -0.20000
vt 11.75710 -0.00010
vt 13.71540 -0.20000
vt 13.71540 -0.00010
vt 11.10440 -0.20000
vt 11.10440 -0.00010
vt 11.43080 -0.00010
vt 11.43080 -0.20000
vt 3.92410 -1.00000
vt 3.92410 -0.80010
vt 3.92410 -0.60000
vt 3.92410 -0.20000
vt 3.92410 -0.00010
vt 3.92410 -0.40000
vt 3.59770 -1.00000
vt 3.59770 -0.80010
vt 3.59770 -0.60000
vt 3.59770 -0.20000
vt 3.59770 -0.00010
vt 3.59770 -0.40000
vt 3.27130 -1.00000
vt 3.27130 -0.80010
vt 3.27130 -0.20000
vt 3.27130 -0.00010
vt 3.27130 -0.60000
vt 3.27130 -0.40000
vt 2.94500 -1.00000
vt 2.94500 -0.80010
vt 2.94500 -0.20000
vt 2.94500 -0.00010
vt 2.94500 -0.60000
vt 2.94500 -0.40000
vt 2.61860 -1.00000
vt 2.61860 -0.80010
vt 2.61860 -0.20000
vt 2.61860 -0.00010
vt 2.61860 -0.60000
vt 2.61860 -0.40000
vt 2.29220 -0.20000
vt 2.29220 -0.00010
vt 2.29220 -1.00000
vt 2.29220 -0.80010
vt 2.29220 -0.40000
vt 2.29220 -0.60000
vt 1.96580 -0.20000
vt 1.96580 -0.00010
vt 1.96580 -1.00000
vt 1.96580 -0.80010
vt 1.96580 -0.40000
vt 1.96580 -0.60000
vt 1.63950 -0.00010
vt 1.63950 -0.20000
vt 1.63950 -0.80010
vt 1.63950 -1.00000
vt 1.63950 -0.40000
vt 1.63950 -0.60000
vt 1.31310 -0.00010
vt 1.31310 -0.20000
vt 1.31310 -0.80010
vt 1.31310 -1.00000
vt 1.31310 -0.40000
vt 1.31310 -0.60000
vt 0.98670 -0.00010
vt 0.98670 -0.20000
vt 0.98670 -0.80010
vt 0.98670 -1.00000
vt 0.98670 -0.40000
vt 0.98670 -0.60000
vt 0.66030 -0.00010
vt 0.66030 -0.20000
vt 0.66030 -0.80010
vt 0.66030 -1.00000
vt 0.66030 -0.40000
vt 0.66030 -0.60000
vt 0.33400 -0.00010
vt 0.33400 -0.20000
vt 0.33400 -0.80010
vt 0.33400 -1.00000
vt 0.33400 -0.40000
vt 0.33400 -0.60000
vt 0.00760 -0.00010
vt 0.00760 -0.20000
vt 0.00760 -0.80010
vt 0.00760 -1.00000
vt 0.00760 -0.40000
vt 0.00760 -0.60000
vt 1.00620 -0.45470
vt 0.64660 -0.66670
vt 0.64660 -0.24260
vt 0.86880 -0.79780
vt 0.90780 -0.24260
vt 0.64660 -0.89520
vt 0.64660 -0.39670
vt 15.91530 -0.80010
vt 16.26890 -0.60010
vt 16.26890 -0.80010
vt 15.91530 -0.60010
vt 15.91530 -1.00000
vt 16.26890 -1.00000
vt 15.56170 -0.80010
vt 15.56170 -0.60010
vt 15.56170 -1.00000
vt 16.26890 -0.40000
vt 15.91530 -0.40000
vt 16.62250 -0.60010
vt 16.62250 -0.80010
vt 15.56170 -0.40000
vt 16.26890 -0.00010
vt 15.91530 -0.20000
vt 15.91530 -0.00010
vt 16.26890 -0.20000
vt 16.62250 -1.00000
vt 15.56170 -0.20000
vt 15.56170 -0.00010
vt 16.62250 -0.40000
vt 15.20810 -0.80010
vt 15.20810 -0.60010
vt 15.20810 -1.00000
vt 16.62250 -0.00010
vt 16.62250 -0.20000
vt 15.20810 -0.40000
vt 16.97610 -0.60010
vt 16.97610 -0.80010
vt 15.20810 -0.20000
vt 15.20810 -0.00010
vt 16.97610 -1.00000
vt 16.97610 -0.40000
vt 16.97610 -0.00010
vt 16.97610 -0.20000
vt 14.85450 -0.80010
vt 14.85450 -0.60010
vt 14.85450 -1.00000
vt 14.85450 -0.40000
vt 14.85450 -0.20000
vt 14.85450 -0.00010
vt 17.32970 -0.60010
vt 17.32970 -0.80010
vt 17.32970 -1.00000
vt 17.32970 -0.40000
vt 17.32970 -0.00010
vt 17.32970 -0.20000
vt 14.50090 -0.80010
vt 14.50090 -0.60010
vt 14.50090 -1.00000
vt 14.50090 -0.40000
vt 14.50090 -0.20000
vt 14.50090 -0.00010
vt 17.68330 -0.60010
vt 17.68330 -0.80010
vt 17.68330 -1.00000
vt 17.68330 -0.40000
vt 17.68330 -0.00010
vt 17.68330 -0.20000
vt 14.14730 -0.80010
vt 14.14730 -0.60010
vt 14.14730 -1.00000
vt 14.14730 -0.40000
vt 14.14730 -0.20000
vt 14.14730 -0.00010
vt 18.03690 -0.60010
vt 18.03690 -0.80010
vt 18.03690 -0.40000
vt 18.03690 -1.00000
vt 18.03690 -0.20000
vt 18.03690 -0.00010
vt 13.79370 -0.80010
vt 13.79370 -0.60010
vt 13.79370 -1.00000
vt 13.79370 -0.40000
vt 13.79370 -0.20000
vt 13.79370 -0.00010
vt 18.39050 -0.60010
vt 18.39050 -0.80010
vt 18.39050 -0.40000
vt 18.39050 -1.00000
vt 18.39050 -0.20000
vt 18.39050 -0.00010
vt 18.74410 -0.80010
vt 18.74410 -0.60010
vt 18.74410 -1.00000
vt 18.74410 -0.40000
vt 13.44010 -0.60010
vt 13.44010 -0.80010
vt 13.44010 -1.00000
vt 13.44010 -0.40000
vt 13.44010 -0.00010
vt 13.44010 -0.20000
vt 18.74410 -0.20000
vt 18.74410 -0.00010
vt 19.09770 -0.80010
vt 19.09770 -0.60010
vt 19.09770 -1.00000
vt 19.09770 -0.40000
vt 19.09770 -0.20000
vt 19.09770 -0.00010
vt 13.08650 -0.00010
vt 13.08650 -0.20000
vt 13.08650 -0.40000
vt 13.08650 -0.80010
vt 13.08650 -1.00000
vt 13.08650 -0.60010
vt 19.45130 -0.80010
vt 19.45130 -0.60010
vt 19.45130 -1.00000
vt 19.45130 -0.40000
vt 19.45130 -0.20000
vt 19.45130 -0.00010
vt 12.73290 -0.00010
vt 12.73290 -0.20000
vt 12.73290 -0.80010
vt 12.73290 -1.00000
vt 12.73290 -0.40000
vt 12.73290 -0.60010
vt 19.80490 -0.80010
vt 19.80490 -0.60010
vt 19.80490 -1.00000
vt 19.80490 -0.40000
vt 19.80490 -0.20000
vt 19.80490 -0.00010
vt 20.15850 -0.80010
vt 20.15850 -0.60010
vt 20.15850 -1.00000
vt 20.15850 -0.40000
vt 20.15850 -0.20000
vt 20.15850 -0.00010
vt 20.51210 -0.80010
vt 20.51210 -0.60010
vt 12.37930 -0.00010
vt 12.37930 -0.20000
vt 12.37930 -0.80010
vt 12.37930 -1.00000
vt 12.37930 -0.40000
vt 20.51210 -1.00000
vt 12.37930 -0.60010
vt 26.16970 -0.80010
vt 25.81610 -0.60010
vt 26.16970 -0.60010
vt 25.81610 -0.80010
vt 25.46250 -0.60010
vt 25.46250 -0.80010
vt 26.52330 -0.80010
vt 26.52330 -0.60010
vt 29.35210 -0.80010
vt 28.99850 -0.60010
vt 29.35210 -0.60010
vt 28.99850 -0.80010
vt 26.87690 -0.80010
vt 26.87690 -0.60010
vt 29.70570 -0.80010
vt 29.70570 -0.60010
vt 28.64490 -0.60010
vt 28.64490 -0.80010
vt 25.10890 -0.60010
vt 25.10890 -0.80010
vt 30.05930 -0.80010
vt 30.05930 -0.60010
vt 28.29130 -0.60010
vt 28.29130 -0.80010
vt 31.47370 -0.80010
vt 31.82730 -0.60010
vt 31.82730 -0.80010
vt 31.47370 -0.60010
vt 30.41290 -0.80010
vt 30.41290 -0.60010
vt 31.12010 -0.60010
vt 31.12010 -0.80010
vt 30.76650 -0.80010
vt 30.76650 -0.60010
vt 27.23050 -0.80010
vt 27.23050 -0.60010
vt 27.93770 -0.60010
vt 27.93770 -0.80010
vt 27.58410 -0.60010
vt 27.58410 -0.80010
vt 24.75530 -0.80010
vt 24.75530 -0.60010
vt 24.40170 -0.60010
vt 24.40170 -0.80010
vt 24.04810 -0.60010
vt 24.04810 -0.80010
vt 23.69450 -0.60010
vt 23.69450 -0.80010
vt 23.34090 -0.60010
vt 23.34090 -0.80010
vt 20.51210 -0.40000
vt 26.16970 -1.00000
vt 25.81610 -1.00000
vt 26.52330 -1.00000
vt 25.46250 -1.00000
vt 22.98730 -0.60010
vt 22.98730 -0.80010
vt 26.87690 -1.00000
vt 29.70570 -1.00000
vt 29.35210 -1.00000
vt 28.99850 -1.00000
vt 30.05930 -1.00000
vt 28.64490 -1.00000
vt 30.41290 -1.00000
vt 27.23050 -1.00000
vt 31.82730 -1.00000
vt 31.47370 -1.00000
vt 30.76650 -1.00000
vt 31.12010 -1.00000
vt 25.10890 -1.00000
vt 28.29130 -1.00000
vt 27.58410 -1.00000
vt 27.93770 -1.00000
vt 24.75530 -1.00000
vt 24.40170 -1.00000
vt 24.04810 -1.00000
vt 23.69450 -1.00000
vt 23.34090 -1.00000
vt 22.63370 -0.60010
vt 22.63370 -0.80010
vt 22.98730 -1.00000
vt 25.81610 -0.40000
vt 26.16970 -0.40000
vt 25.46250 -0.40000
vt 26.52330 -0.40000
vt 25.10890 -0.40000
vt 28.99850 -0.40000
vt 29.35210 -0.40000
vt 28.64490 -0.40000
vt 29.70570 -0.40000
vt 26.87690 -0.40000
vt 28.29130 -0.40000
vt 31.82730 -0.40000
vt 31.47370 -0.40000
vt 30.05930 -0.40000
vt 31.12010 -0.40000
vt 30.41290 -0.40000
vt 30.76650 -0.40000
vt 20.51210 -0.20000
vt 20.51210 -0.00010
vt 27.93770 -0.40000
vt 27.23050 -0.40000
vt 27.58410 -0.40000
vt 24.75530 -0.40000
vt 22.63370 -1.00000
vt 24.40170 -0.40000
vt 22.28010 -0.60010
vt 22.28010 -0.80010
vt 24.04810 -0.40000
vt 23.69450 -0.40000
vt 23.34090 -0.40000
vt 20.86570 -0.80010
vt 20.86570 -0.60010
vt 22.98730 -0.40000
vt 22.28010 -1.00000
vt 25.81610 -0.00010
vt 26.16970 -0.20000
vt 25.81610 -0.20000
vt 26.16970 -0.00010
vt 26.52330 -0.00010
vt 26.52330 -0.20000
vt 25.46250 -0.00010
vt 25.46250 -0.20000
vt 26.87690 -0.20000
vt 26.87690 -0.00010
vt 29.35210 -0.20000
vt 29.70570 -0.00010
vt 29.70570 -0.20000
vt 29.35210 -0.00010
vt 28.99850 -0.00010
vt 28.99850 -0.20000
vt 30.05930 -0.20000
vt 30.05930 -0.00010
vt 28.64490 -0.00010
vt 28.64490 -0.20000
vt 30.41290 -0.20000
vt 30.41290 -0.00010
vt 27.23050 -0.20000
vt 27.23050 -0.00010
vt 31.82730 -0.20000
vt 31.47370 -0.00010
vt 31.82730 -0.00010
vt 31.47370 -0.20000
vt 30.76650 -0.00010
vt 30.76650 -0.20000
vt 31.12010 -0.00010
vt 31.12010 -0.20000
vt 22.63370 -0.40000
vt 25.10890 -0.00010
vt 25.10890 -0.20000
vt 28.29130 -0.20000
vt 28.29130 -0.00010
vt 27.58410 -0.00010
vt 27.58410 -0.20000
vt 27.93770 -0.00010
vt 27.93770 -0.20000
vt 20.86570 -1.00000
vt 24.75530 -0.20000
vt 24.75530 -0.00010
vt 21.92650 -0.80010
vt 21.92650 -0.60010
vt 24.40170 -0.00010
vt 24.40170 -0.20000
vt 24.04810 -0.00010
vt 24.04810 -0.20000
vt 23.69450 -0.00010
vt 23.69450 -0.20000
vt 23.34090 -0.00010
vt 23.34090 -0.20000
vt 22.98730 -0.00010
vt 22.98730 -0.20000
vt 22.28010 -0.40000
vt 21.92650 -1.00000
vt 20.86570 -0.40000
vt 21.21930 -0.80010
vt 21.21930 -0.60010
vt 21.57290 -0.60010
vt 21.57290 -0.80010
vt 22.63370 -0.00010
vt 22.63370 -0.20000
vt 21.57290 -1.00000
vt 21.21930 -1.00000
vt 21.92650 -0.40000
vt 22.28010 -0.00010
vt 22.28010 -0.20000
vt 20.86570 -0.20000
vt 20.86570 -0.00010
vt 21.21930 -0.40000
vt 21.57290 -0.40000
vt 21.92650 -0.00010
vt 21.92650 -0.20000
vt 21.57290 -0.20000
vt 21.57290 -0.00010
vt 21.21930 -0.20000
vt 21.21930 -0.00010
vt 12.02570 -0.00010
vt 12.02570 -0.20000
vt 12.02570 -0.80010
vt 12.02570 -1.00000
vt 12.02570 -0.40000
vt 12.02570 -0.60010
vt 11.67210 -0.20000
vt 11.67210 -0.00010
vt 11.67210 -0.80010
vt 11.67210 -1.00000
vt 11.67210 -0.40000
vt 11.67210 -0.60010
vt 11.31850 -0.00010
vt 11.31850 -0.20000
vt 11.31850 -0.80010
vt 11.31850 -1.00000
vt 11.31850 -0.40000
vt 11.31850 -0.60010
vt 10.96490 -0.00010
vt 10.96490 -0.20000
vt 10.96490 -0.80010
vt 10.96490 -1.00000
vt 10.96490 -0.40000
vt 10.96490 -0.60010
vt 10.61130 -0.20000
vt 10.61130 -0.00010
vt 10.61130 -0.80010
vt 10.61130 -1.00000
vt 10.61130 -0.40000
vt 10.61130 -0.60010
vt 10.25770 -0.20000
vt 10.25770 -0.00010
vt 10.25770 -0.80010
vt 10.25770 -1.00000
vt 10.25770 -0.40000
vt 10.25770 -0.60010
vt 9.90410 -0.00010
vt 9.90410 -0.20000
vt 9.90410 -0.80010
vt 9.90410 -1.00000
vt 9.90410 -0.40000
vt 9.90410 -0.60010
vt 9.55050 -0.00010
vt 9.55050 -0.20000
vt 9.55050 -0.80010
vt 9.55050 -1.00000
vt 9.55050 -0.40000
vt 9.55050 -0.60010
vt 9.19690 -0.00010
vt 9.19690 -0.20000
vt 9.19690 -0.80010
vt 9.19690 -1.00000
vt 9.19690 -0.40000
vt 9.19690 -0.60010
vt 8.84330 -0.80010
vt 8.84330 -1.00000
vt 8.84330 -0.00010
vt 8.84330 -0.20000
vt 8.84330 -0.60010
vt 8.84330 -0.40000
vt 8.48970 -0.80010
vt 8.48970 -1.00000
vt 8.48970 -0.00010
vt 8.48970 -0.20000
vt 8.48970 -0.60010
vt 8.48970 -0.40000
vt 8.13610 -0.80010
vt 8.13610 -1.00000
vt 8.13610 -0.00010
vt 8.13610 -0.20000
vt 8.13610 -0.60010
vt 8.13610 -0.40000
vt 7.78250 -0.80010
vt 7.78250 -1.00000
vt 7.78250 -0.00010
vt 7.78250 -0.20000
vt 7.78250 -0.60010
vt 7.78250 -0.40000
vt 7.42890 -0.00010
vt 7.42890 -0.20000
vt 7.42890 -0.80010
vt 7.42890 -1.00000
vt 7.42890 -0.40000
vt 7.42890 -0.60010
vt 7.07530 -0.00010
vt 7.07530 -0.20000
vt 7.07530 -0.80010
vt 7.07530 -1.00000
vt 7.07530 -0.40000
vt 7.07530 -0.60010
vt 6.72170 -0.00010
vt 6.72170 -0.20000
vt 6.72170 -0.80010
vt 6.72170 -1.00000
vt 6.72170 -0.40000
vt 6.72170 -0.60010
vt 6.36810 -0.00010
vt 6.36810 -0.20000
vt 6.36810 -0.80010
vt 6.36810 -1.00000
vt 6.36810 -0.40000
vt 6.36810 -0.60010
vt 6.01450 -0.00010
vt 6.01450 -0.20000
vt 6.01450 -0.80010
vt 6.01450 -1.00000
vt 6.01450 -0.60010
vt 6.01450 -0.40000
vt 5.66090 -0.80010
vt 5.66090 -1.00000
vt 5.66090 -0.00010
vt 5.66090 -0.20000
vt 5.66090 -0.60010
vt 5.66090 -0.40000
vt 5.30730 -0.80010
vt 5.30730 -1.00000
vt 5.30730 -0.00010
vt 5.30730 -0.20000
vt 5.30730 -0.60010
vt 5.30730 -0.40000
vt 4.95370 -0.80010
vt 4.95370 -1.00000
vt 4.95370 -0.00010
vt 4.95370 -0.20000
vt 4.95370 -0.60010
vt 4.95370 -0.40000
vt 4.60010 -0.80010
vt 4.60010 -1.00000
vt 4.60010 -0.00010
vt 4.60010 -0.20000
vt 4.60010 -0.60010
vt 4.60010 -0.40000
vt 4.24650 -0.00010
vt 4.24650 -0.20000
vt 4.24650 -0.80010
vt 4.24650 -1.00000
vt 4.24650 -0.40000
vt 4.24650 -0.60010
vt 3.89290 -0.00010
vt 3.89290 -0.20000
vt 3.89290 -0.80010
vt 3.89290 -1.00000
vt 3.89290 -0.40000
vt 3.89290 -0.60010
vt 3.53930 -0.00010
vt 3.53930 -0.20000
vt 3.53930 -0.80010
vt 3.53930 -1.00000
vt 3.53930 -0.40000
vt 3.53930 -0.60010
vt 3.18570 -0.00010
vt 3.18570 -0.20000
vt 3.18570 -0.80010
vt 3.18570 -1.00000
vt 3.18570 -0.40000
vt 3.18570 -0.60010
vt 2.83210 -0.00010
vt 2.83210 -0.20000
vt 2.83210 -0.80010
vt 2.83210 -1.00000
vt 2.83210 -0.40000
vt 2.83210 -0.60010
vt 2.47850 -0.80010
vt 2.47850 -1.00000
vt 2.47850 -0.00010
vt 2.47850 -0.20000
vt 2.47850 -0.60010
vt 2.47850 -0.40000
vt 2.12490 -0.80010
vt 2.12490 -1.00000
vt 2.12490 -0.00010
vt 2.12490 -0.20000
vt 2.12490 -0.60010
vt 2.12490 -0.40000
vt 1.77130 -0.80010
vt 1.77130 -1.00000
vt 1.77130 -0.00010
vt 1.77130 -0.20000
vt 1.77130 -0.60010
vt 1.77130 -0.40000
vt 1.41770 -0.80010
vt 1.41770 -1.00000
vt 1.41770 -0.00010
vt 1.41770 -0.20000
vt 1.41770 -0.60010
vt 1.41770 -0.40000
vt 1.06410 -0.00010
vt 1.06410 -0.20000
vt 1.06410 -0.80010
vt 1.06410 -1.00000
vt 1.06410 -0.40000
vt 1.06410 -0.60010
vt 0.71050 -0.00010
vt 0.71050 -0.20000
vt 0.71050 -0.80010
vt 0.71050 -1.00000
vt 0.71050 -0.40000
vt 0.71050 -0.60010
vt 0.35690 -0.00010
vt 0.35690 -0.20000
vt 0.35690 -0.80010
vt 0.35690 -1.00000
vt 0.35690 -0.40000
vt 0.35690 -0.60010
vt 0.00000 -0.20000
vt 0.00000 -0.80010
vt 0.00000 -0.40000
vt 0.00000 -0.60010
# 1754 texture vertices

g Object_2
usemtl texture0
f 1/3 2/2 3/1
f 2/2 4/4 3/1
f 5/6 1/3 6/5
f 1/3 3/1 6/5
f 7/8 8/7 1/3
f 8/7 2/2 1/3
f 9/9 7/8 5/6
f 7/8 1/3 5/6
g obj1
usemtl mat1
f 10/12 11/11 12/10
f 11/11 13/13 12/10
f 11/11 14/14 13/13
f 14/14 15/15 13/13
f 14/14 16/16 15/15
f 16/16 17/17 15/15
f 16/16 18/18 17/17
f 18/18 19/19 17/17
f 20/12 21/11 22/10
f 21/11 23/13 22/10
f 21/11 24/14 23/13
f 24/14 25/15 23/13
f 24/14 26/16 25/15
f 26/16 27/17 25/15
f 26/16 28/18 27/17
f 28/18 29/19 27/17
usemtl texture1
f 13/22 30/21 12/20
f 30/21 31/23 12/20
f 15/25 32/24 13/22
f 32/24 30/21 13/22
f 17/27 33/26 15/25
f 33/26 32/24 15/25
f 19/29 34/28 17/27
f 34/28 33/26 17/27
f 35/21 36/23 23/22
f 23/22 36/23 22/20
f 25/25 37/24 23/22
f 37/24 35/21 23/22
f 27/27 38/26 25/25
f 38/26 37/24 25/25
f 29/29 39/28 27/27
f 39/28 38/26 27/27
g obj2
usemtl mat2
f 40/32 41/31 42/30
f 41/31 43/34 44/33
f 42/30 41/31 44/33
f 43/34 45/35 44/33
f 46/38 41/37 47/36
f 47/36 40/40 48/39
f 41/37 40/40 47/36
f 49/43 45/42 50/41
f 45/42 51/44 50/41
f 44/45 45/42 49/43
f 52/48 53/47 54/46
f 55/49 56/46 57/48
f 58/49 52/48 54/46
f 46/51 56/46 43/50
f 48/51 42/50 54/46
f 43/50 56/46 55/49
f 42/50 58/49 54/46
f 41/52 46/51 43/50
f 40/52 42/50 48/51
f 59/55 60/54 61/53
f 60/54 62/56 61/53
f 63/59 64/58 65/57
f 64/58 66/60 65/57
f 60/54 67/61 62/56
f 67/61 68/62 62/56
f 66/60 64/58 69/63
f 64/58 70/64 69/63
f 71/67 72/66 73/65
f 72/66 74/68 73/65
f 73/65 75/69 71/67
f 75/69 76/70 71/67
f 77/67 78/66 79/65
f 78/66 80/68 79/65
f 79/65 81/69 77/67
f 81/69 82/70 77/67
f 83/67 84/66 85/65
f 84/66 86/68 85/65
f 85/65 87/69 83/67
f 87/69 88/70 83/67
f 89/67 90/66 91/65
f 90/66 92/68 91/65
f 91/65 93/69 89/67
f 93/69 94/70 89/67
f 95/67 96/66 97/65
f 96/66 98/68 97/65
f 97/65 99/69 95/67
f 99/69 100/70 95/67
f 101/55 102/54 103/53
f 102/54 104/56 103/53
f 105/59 106/58 107/57
f 106/58 108/60 107/57
f 102/54 109/61 104/56
f 109/61 110/62 104/56
f 108/60 106/58 111/63
f 106/58 112/64 111/63
f 113/55 114/54 115/53
f 114/54 116/56 115/53
f 117/59 118/58 119/57
f 118/58 120/60 119/57
f 114/54 121/61 116/56
f 121/61 122/62 116/56
f 120/60 118/58 123/63
f 118/58 124/64 123/63
f 125/55 126/54 127/53
f 126/54 128/56 127/53
f 129/59 130/58 131/57
f 130/58 132/60 131/57
f 126/54 133/61 128/56
f 133/61 134/62 128/56
f 132/60 130/58 135/63
f 130/58 136/64 135/63
f 137/67 138/66 139/65
f 138/66 140/68 139/65
f 139/65 141/69 137/67
f 141/69 142/70 137/67
f 143/67 144/66 145/65
f 144/66 146/68 145/65
f 145/65 147/69 143/67
f 147/69 148/70 143/67
f 149/67 150/66 151/65
f 150/66 152/68 151/65
f 151/65 153/69 149/67
f 153/69 154/70 149/67
f 155/67 156/66 157/65
f 156/66 158/68 157/65
f 157/65 159/69 155/67
f 159/69 160/70 155/67
f 161/67 162/66 163/65
f 162/66 164/68 163/65
f 163/65 165/69 161/67
f 165/69 166/70 161/67
f 167/67 168/66 169/65
f 168/66 170/68 169/65
f 169/65 171/69 167/67
f 171/69 172/70 167/67
f 173/67 174/66 175/65
f 174/66 176/68 175/65
f 175/65 177/69 173/67
f 177/69 178/70 173/67
f 179/67 180/66 181/65
f 180/66 182/68 181/65
f 181/65 183/69 179/67
f 183/69 184/70 179/67
f 185/67 186/66 187/65
f 186/66 188/68 187/65
f 187/65 189/69 185/67
f 189/69 190/70 185/67
f 191/67 192/66 193/65
f 192/66 194/68 193/65
f 193/65 195/69 191/67
f 195/69 196/70 191/67
f 197/55 198/54 199/53
f 198/54 200/56 199/53
f 201/59 202/58 203/57
f 202/58 204/60 203/57
f 198/54 205/61 200/56
f 205/61 206/62 200/56
f 204/60 202/58 207/63
f 202/58 208/64 207/63
f 209/55 210/54 211/53
f 210/54 212/56 211/53
f 213/59 214/58 215/57
f 214/58 216/60 215/57
f 210/54 217/61 212/56
f 217/61 218/62 212/56
f 216/60 214/58 219/63
f 214/58 220/64 219/63
f 221/67 222/66 223/65
f 222/66 224/68 223/65
f 223/65 225/69 221/67
f 225/69 226/70 221/67
f 227/67 228/66 229/65
f 228/66 230/68 229/65
f 229/65 231/69 227/67
f 231/69 232/70 227/67
f 233/32 234/31 235/30
f 234/31 236/34 237/33
f 235/30 234/31 237/33
f 236/34 238/35 237/33
f 239/38 234/37 240/36
f 240/36 233/40 241/39
f 234/37 233/40 240/36
f 242/43 238/42 243/41
f 238/42 244/44 243/41
f 237/45 238/42 242/43
f 245/48 246/47 247/46
f 248/49 249/46 250/48
f 251/49 245/48 247/46
f 239/51 249/46 236/50
f 241/51 235/50 247/46
f 236/50 249/46 248/49
f 235/50 251/49 247/46
f 234/52 239/51 236/50
f 233/52 235/50 241/51
f 252/32 253/31 254/30
f 253/31 255/34 256/33
f 254/30 253/31 256/33
f 255/34 257/35 256/33
f 258/36 252/40 259/39
f 260/38 253/37 258/36
f 253/37 252/40 258/36
f 261/43 257/42 262/41
f 257/42 263/44 262/41
f 256/45 257/42 261/43
f 264/48 265/47 266/46
f 267/49 264/48 266/46
f 268/49 269/46 270/48
f 260/51 269/46 255/50
f 259/51 254/50 266/46
f 254/50 267/49 266/46
f 255/50 269/46 268/49
f 253/52 260/51 255/50
f 252/52 254/50 259/51
f 271/67 272/66 273/65
f 272/66 274/68 273/65
f 273/65 275/69 271/67
f 275/69 276/70 271/67
usemtl mat3
f 49/73 50/72 277/71
f 50/72 278/74 277/71
f 51/73 279/71 50/72
f 50/72 279/71 278/74
f 53/77 52/76 280/75
f 57/76 281/77 282/75
f 280/75 52/76 283/78
f 282/75 284/78 57/76
f 52/76 58/79 283/78
f 55/79 57/76 284/78
f 277/71 278/74 285/80
f 278/74 279/71 285/80
f 277/71 286/81 49/73
f 279/71 51/73 287/81
f 44/82 49/73 286/81
f 287/81 51/73 45/82
f 58/79 288/84 289/83
f 55/79 290/83 43/84
f 286/81 277/71 285/80
f 279/71 287/81 285/80
f 289/83 283/78 58/79
f 290/83 55/79 284/78
f 288/84 44/82 286/81
f 43/84 287/81 45/82
f 289/83 288/84 286/81
f 290/83 287/81 43/84
f 291/87 292/86 293/85
f 294/88 293/85 292/86
f 295/87 296/85 297/86
f 296/85 298/88 297/86
f 291/87 280/89 292/86
f 292/86 280/89 283/90
f 295/87 297/86 282/89
f 297/86 284/90 282/89
f 47/93 48/92 299/91
f 47/93 299/91 46/92
f 299/91 48/92 293/85
f 299/91 296/85 46/92
f 54/94 291/87 48/92
f 56/94 46/92 295/87
f 54/94 53/95 291/87
f 56/94 295/87 281/95
f 48/92 291/87 293/85
f 46/92 296/85 295/87
f 53/95 280/89 291/87
f 281/95 295/87 282/89
f 57/96 56/94 281/95
f 299/99 293/98 300/97
f 301/100 300/97 293/98
f 299/99 300/97 296/98
f 300/97 302/100 296/98
f 300/97 301/100 303/101
f 304/102 303/101 301/100
f 302/100 300/97 305/102
f 303/101 305/102 300/97
f 293/98 294/103 301/100
f 306/104 301/100 294/103
f 296/98 302/100 298/103
f 302/100 307/104 298/103
f 306/104 308/105 301/100
f 308/105 304/102 301/100
f 307/104 302/100 309/105
f 305/102 309/105 302/100
f 303/101 304/102 310/106
f 305/102 303/101 310/106
f 304/102 308/105 310/106
f 309/105 305/102 310/106
f 61/109 62/108 63/107
f 62/108 64/110 63/107
f 65/107 66/110 59/109
f 66/110 60/108 59/109
f 64/110 62/108 70/111
f 62/108 68/112 70/111
f 60/108 66/110 67/112
f 66/110 69/111 67/112
f 311/115 312/114 313/113
f 313/113 312/114 314/116
f 315/115 316/113 317/114
f 318/116 317/114 316/113
f 319/118 320/117 311/115
f 312/114 311/115 320/117
f 321/118 315/115 322/117
f 317/114 322/117 315/115
f 323/121 324/120 325/119
f 326/122 325/119 324/120
f 324/120 327/123 326/122
f 328/124 326/122 327/123
f 327/123 329/125 328/124
f 330/126 328/124 329/125
f 329/125 331/127 330/126
f 332/128 330/126 331/127
f 331/127 333/129 332/128
f 334/130 332/128 333/129
f 335/133 336/132 337/131
f 336/132 338/134 337/131
f 336/132 339/135 338/134
f 339/135 340/136 338/134
f 339/135 341/137 340/136
f 341/137 342/138 340/136
f 341/137 343/139 342/138
f 343/139 344/140 342/138
f 343/139 345/141 344/140
f 345/141 346/142 344/140
f 337/131 338/134 347/143
f 338/134 348/144 347/143
f 338/134 340/136 348/144
f 340/136 349/145 348/144
f 340/136 342/138 349/145
f 342/138 350/146 349/145
f 342/138 344/140 350/146
f 344/140 351/147 350/146
f 344/140 346/142 351/147
f 346/142 352/148 351/147
f 347/143 348/144 323/121
f 348/144 324/120 323/121
f 348/144 349/145 324/120
f 349/145 327/123 324/120
f 349/145 350/146 327/123
f 350/146 329/125 327/123
f 350/146 351/147 329/125
f 351/147 331/127 329/125
f 351/147 352/148 331/127
f 352/148 333/129 331/127
f 353/125 354/127 355/126
f 356/128 355/126 354/127
f 357/123 353/125 358/124
f 355/126 358/124 353/125
f 359/120 357/123 360/122
f 358/124 360/122 357/123
f 333/121 359/120 334/119
f 360/122 334/119 359/120
f 323/129 325/130 354/127
f 325/130 356/128 354/127
f 361/139 335/141 362/149
f 337/150 362/149 335/141
f 363/137 361/139 364/151
f 361/139 362/149 364/151
f 365/135 363/137 366/152
f 363/137 364/151 366/152
f 367/132 365/135 368/153
f 365/135 366/152 368/153
f 345/133 367/132 346/154
f 367/132 368/153 346/154
f 362/149 337/150 369/147
f 347/148 369/147 337/150
f 364/151 362/149 370/146
f 362/149 369/147 370/146
f 366/152 364/151 371/145
f 364/151 370/146 371/145
f 368/153 366/152 372/144
f 366/152 371/145 372/144
f 346/154 368/153 352/143
f 368/153 372/144 352/143
f 369/147 347/148 354/127
f 323/129 354/127 347/148
f 370/146 369/147 353/125
f 369/147 354/127 353/125
f 371/145 370/146 357/123
f 370/146 353/125 357/123
f 372/144 371/145 359/120
f 371/145 357/123 359/120
f 352/143 372/144 333/121
f 372/144 359/120 333/121
f 373/157 374/156 375/155
f 376/158 375/155 374/156
f 377/160 373/157 378/159
f 375/155 378/159 373/157
f 379/162 377/160 380/161
f 378/159 380/161 377/160
f 381/164 379/162 382/163
f 380/161 382/163 379/162
f 383/166 381/164 384/165
f 382/163 384/165 381/164
f 374/166 385/164 376/165
f 385/164 386/163 376/165
f 385/164 387/162 386/163
f 388/161 386/163 387/162
f 387/162 389/160 388/161
f 390/159 388/161 389/160
f 389/160 391/157 390/159
f 392/155 390/159 391/157
f 391/157 383/156 392/155
f 384/158 392/155 383/156
f 376/169 386/168 325/167
f 386/168 356/170 325/167
f 375/172 376/169 326/171
f 325/167 326/171 376/169
f 378/174 375/172 328/173
f 326/171 328/173 375/172
f 380/176 378/174 330/175
f 328/173 330/175 378/174
f 382/178 380/176 332/177
f 330/175 332/177 380/176
f 386/168 388/169 356/170
f 355/167 356/170 388/169
f 388/169 390/172 355/167
f 358/171 355/167 390/172
f 390/172 392/174 358/171
f 360/173 358/171 392/174
f 392/174 384/176 360/173
f 334/175 360/173 384/176
f 384/176 382/178 334/175
f 332/177 334/175 382/178
f 393/181 394/180 395/179
f 394/180 396/182 395/179
f 397/185 398/184 399/183
f 398/184 400/186 399/183
f 394/180 401/187 396/182
f 401/187 402/188 396/182
f 401/187 397/185 402/188
f 397/185 399/183 402/188
f 403/187 404/185 405/188
f 404/185 406/183 405/188
f 407/180 403/187 408/182
f 403/187 405/188 408/182
f 404/185 393/184 406/183
f 393/184 395/186 406/183
f 398/181 407/180 400/179
f 407/180 408/182 400/179
f 395/191 396/190 409/189
f 399/193 400/192 409/189
f 396/190 402/194 409/189
f 402/194 399/193 409/189
f 410/115 411/114 412/113
f 412/113 411/114 413/116
f 414/115 415/113 416/114
f 417/116 416/114 415/113
f 418/118 419/117 410/115
f 411/114 410/115 419/117
f 420/118 414/115 421/117
f 416/114 421/117 414/115
f 422/121 423/120 424/119
f 425/122 424/119 423/120
f 423/120 426/123 425/122
f 427/124 425/122 426/123
f 426/123 428/125 427/124
f 429/126 427/124 428/125
f 428/125 430/127 429/126
f 431/128 429/126 430/127
f 430/127 432/129 431/128
f 433/130 431/128 432/129
f 434/133 435/132 436/131
f 435/132 437/134 436/131
f 435/132 438/135 437/134
f 438/135 439/136 437/134
f 438/135 440/137 439/136
f 440/137 441/138 439/136
f 440/137 442/139 441/138
f 442/139 443/140 441/138
f 442/139 444/141 443/140
f 444/141 445/142 443/140
f 436/131 437/134 446/143
f 437/134 447/144 446/143
f 437/134 439/136 447/144
f 439/136 448/145 447/144
f 439/136 441/138 448/145
f 441/138 449/146 448/145
f 441/138 443/140 449/146
f 443/140 450/147 449/146
f 443/140 445/142 450/147
f 445/142 451/148 450/147
f 446/143 447/144 422/121
f 447/144 423/120 422/121
f 447/144 448/145 423/120
f 448/145 426/123 423/120
f 448/145 449/146 426/123
f 449/146 428/125 426/123
f 449/146 450/147 428/125
f 450/147 430/127 428/125
f 450/147 451/148 430/127
f 451/148 432/129 430/127
f 422/129 424/130 452/127
f 424/130 453/128 452/127
f 454/125 452/127 455/126
f 453/128 455/126 452/127
f 456/123 454/125 457/124
f 455/126 457/124 454/125
f 458/120 456/123 459/122
f 457/124 459/122 456/123
f 432/121 458/120 433/119
f 459/122 433/119 458/120
f 460/139 434/141 461/149
f 436/150 461/149 434/141
f 462/137 460/139 463/151
f 460/139 461/149 463/151
f 464/135 462/137 465/152
f 462/137 463/151 465/152
f 466/132 464/135 467/153
f 464/135 465/152 467/153
f 444/133 466/132 445/154
f 466/132 467/153 445/154
f 461/149 436/150 468/147
f 446/148 468/147 436/150
f 463/151 461/149 469/146
f 461/149 468/147 469/146
f 465/152 463/151 470/145
f 463/151 469/146 470/145
f 467/153 465/152 471/144
f 465/152 470/145 471/144
f 445/154 467/153 451/143
f 467/153 471/144 451/143
f 468/147 446/148 452/127
f 422/129 452/127 446/148
f 469/146 468/147 454/125
f 468/147 452/127 454/125
f 470/145 469/146 456/123
f 469/146 454/125 456/123
f 471/144 470/145 458/120
f 470/145 456/123 458/120
f 451/143 471/144 432/121
f 471/144 458/120 432/121
f 472/157 473/156 474/155
f 475/158 474/155 473/156
f 476/160 472/157 477/159
f 474/155 477/159 472/157
f 478/162 476/160 479/161
f 477/159 479/161 476/160
f 480/164 478/162 481/163
f 479/161 481/163 478/162
f 482/166 480/164 483/165
f 481/163 483/165 480/164
f 473/166 484/164 475/165
f 484/164 485/163 475/165
f 484/164 486/162 485/163
f 487/161 485/163 486/162
f 486/162 488/160 487/161
f 489/159 487/161 488/160
f 488/160 490/157 489/159
f 491/155 489/159 490/157
f 490/157 482/156 491/155
f 483/158 491/155 482/156
f 475/169 485/168 424/167
f 485/168 453/170 424/167
f 474/172 475/169 425/171
f 424/167 425/171 475/169
f 477/174 474/172 427/173
f 425/171 427/173 474/172
f 479/176 477/174 429/175
f 427/173 429/175 477/174
f 481/178 479/176 431/177
f 429/175 431/177 479/176
f 485/168 487/169 453/170
f 455/167 453/170 487/169
f 487/169 489/172 455/167
f 457/171 455/167 489/172
f 489/172 491/174 457/171
f 459/173 457/171 491/174
f 491/174 483/176 459/173
f 433/175 459/173 483/176
f 483/176 481/178 433/175
f 431/177 433/175 481/178
f 492/181 493/180 494/179
f 493/180 495/182 494/179
f 496/185 497/184 498/183
f 497/184 499/186 498/183
f 493/180 500/187 495/182
f 500/187 501/188 495/182
f 500/187 496/185 501/188
f 496/185 498/183 501/188
f 502/187 503/185 504/188
f 503/185 505/183 504/188
f 506/180 502/187 507/182
f 502/187 504/188 507/182
f 503/185 492/184 505/183
f 492/184 494/186 505/183
f 497/181 506/180 499/179
f 506/180 507/182 499/179
f 494/191 495/190 508/189
f 498/193 499/192 508/189
f 495/190 501/194 508/189
f 501/194 498/193 508/189
f 509/115 510/114 511/113
f 511/113 510/114 512/116
f 513/115 514/113 515/114
f 516/116 515/114 514/113
f 517/118 518/117 509/115
f 510/114 509/115 518/117
f 519/118 513/115 520/117
f 515/114 520/117 513/115
f 521/127 522/129 523/128
f 524/130 523/128 522/129
f 525/147 526/148 521/127
f 526/148 522/129 521/127
f 527/140 528/142 525/147
f 528/142 526/148 525/147
f 529/139 530/141 527/140
f 530/141 528/142 527/140
f 531/121 532/120 533/119
f 534/122 533/119 532/120
f 535/125 521/127 536/126
f 523/128 536/126 521/127
f 537/143 538/144 531/121
f 538/144 532/120 531/121
f 539/146 525/147 535/125
f 525/147 521/127 535/125
f 540/131 541/134 537/143
f 541/134 538/144 537/143
f 542/138 527/140 539/146
f 527/140 525/147 539/146
f 543/133 544/132 540/131
f 544/132 541/134 540/131
f 545/137 529/139 542/138
f 529/139 527/140 542/138
f 546/123 535/125 547/124
f 536/126 547/124 535/125
f 532/120 546/123 534/122
f 547/124 534/122 546/123
f 548/145 539/146 546/123
f 539/146 535/125 546/123
f 538/144 548/145 532/120
f 548/145 546/123 532/120
f 541/134 549/136 538/144
f 549/136 548/145 538/144
f 549/136 542/138 548/145
f 542/138 539/146 548/145
f 544/132 550/135 541/134
f 550/135 549/136 541/134
f 550/135 545/137 549/136
f 545/137 542/138 549/136
f 551/135 552/137 553/152
f 552/137 554/151 553/152
f 555/132 551/135 556/153
f 551/135 553/152 556/153
f 553/152 554/151 557/145
f 554/151 558/146 557/145
f 556/153 553/152 559/144
f 553/152 557/145 559/144
f 557/145 558/146 560/123
f 558/146 561/125 560/123
f 559/144 557/145 562/120
f 557/145 560/123 562/120
f 560/123 561/125 563/124
f 564/126 563/124 561/125
f 562/120 560/123 565/122
f 563/124 565/122 560/123
f 552/137 566/139 554/151
f 566/139 567/149 554/151
f 530/133 555/132 528/154
f 555/132 556/153 528/154
f 554/151 567/149 558/146
f 567/149 568/147 558/146
f 528/154 556/153 526/143
f 556/153 559/144 526/143
f 558/146 568/147 561/125
f 568/147 569/127 561/125
f 526/143 559/144 522/121
f 559/144 562/120 522/121
f 561/125 569/127 564/126
f 570/128 564/126 569/127
f 522/121 562/120 524/119
f 565/122 524/119 562/120
f 566/139 543/141 567/149
f 540/150 567/149 543/141
f 567/149 540/150 568/147
f 537/148 568/147 540/150
f 568/147 537/148 569/127
f 531/129 569/127 537/148
f 531/129 533/130 569/127
f 533/130 570/128 569/127
f 571/166 572/164 573/165
f 574/163 573/165 572/164
f 575/157 576/156 577/155
f 578/158 577/155 576/156
f 572/164 579/162 574/163
f 580/161 574/163 579/162
f 581/160 575/157 582/159
f 577/155 582/159 575/157
f 579/162 581/160 580/161
f 582/159 580/161 581/160
f 583/160 584/157 585/159
f 586/155 585/159 584/157
f 587/162 583/160 588/161
f 585/159 588/161 583/160
f 589/164 587/162 590/163
f 588/161 590/163 587/162
f 584/157 571/156 586/155
f 573/158 586/155 571/156
f 576/166 589/164 578/165
f 589/164 590/163 578/165
f 578/169 590/168 533/167
f 590/168 570/170 533/167
f 577/172 578/169 534/171
f 533/167 534/171 578/169
f 574/178 580/176 523/177
f 536/175 523/177 580/176
f 582/174 577/172 547/173
f 534/171 547/173 577/172
f 580/176 582/174 536/175
f 547/173 536/175 582/174
f 588/169 585/172 564/167
f 563/171 564/167 585/172
f 585/172 586/174 563/171
f 565/173 563/171 586/174
f 590/168 588/169 570/170
f 564/167 570/170 588/169
f 586/174 573/176 565/173
f 524/175 565/173 573/176
f 573/176 574/178 524/175
f 523/177 524/175 574/178
f 591/115 592/114 593/113
f 593/113 592/114 594/116
f 595/115 596/113 597/114
f 598/116 597/114 596/113
f 599/118 600/117 591/115
f 592/114 591/115 600/117
f 601/118 595/115 602/117
f 597/114 602/117 595/115
f 603/127 604/129 605/128
f 606/130 605/128 604/129
f 607/147 608/148 603/127
f 608/148 604/129 603/127
f 609/140 610/142 607/147
f 610/142 608/148 607/147
f 611/139 612/141 609/140
f 612/141 610/142 609/140
f 613/121 614/120 615/119
f 616/122 615/119 614/120
f 617/125 603/127 618/126
f 605/128 618/126 603/127
f 619/143 620/144 613/121
f 620/144 614/120 613/121
f 621/146 607/147 617/125
f 607/147 603/127 617/125
f 622/131 623/134 619/143
f 623/134 620/144 619/143
f 624/138 609/140 621/146
f 609/140 607/147 621/146
f 625/133 626/132 622/131
f 626/132 623/134 622/131
f 627/137 611/139 624/138
f 611/139 609/140 624/138
f 628/123 617/125 629/124
f 618/126 629/124 617/125
f 614/120 628/123 616/122
f 629/124 616/122 628/123
f 630/145 621/146 628/123
f 621/146 617/125 628/123
f 620/144 630/145 614/120
f 630/145 628/123 614/120
f 623/134 631/136 620/144
f 631/136 630/145 620/144
f 631/136 624/138 630/145
f 624/138 621/146 630/145
f 626/132 632/135 623/134
f 632/135 631/136 623/134
f 632/135 627/137 631/136
f 627/137 624/138 631/136
f 633/135 634/137 635/152
f 634/137 636/151 635/152
f 637/132 633/135 638/153
f 633/135 635/152 638/153
f 635/152 636/151 639/145
f 636/151 640/146 639/145
f 638/153 635/152 641/144
f 635/152 639/145 641/144
f 639/145 640/146 642/123
f 640/146 643/125 642/123
f 641/144 639/145 644/120
f 639/145 642/123 644/120
f 642/123 643/125 645/124
f 646/126 645/124 643/125
f 644/120 642/123 647/122
f 645/124 647/122 642/123
f 634/137 648/139 636/151
f 648/139 649/149 636/151
f 612/133 637/132 610/154
f 637/132 638/153 610/154
f 636/151 649/149 640/146
f 649/149 650/147 640/146
f 610/154 638/153 608/143
f 638/153 641/144 608/143
f 640/146 650/147 643/125
f 650/147 651/127 643/125
f 608/143 641/144 604/121
f 641/144 644/120 604/121
f 643/125 651/127 646/126
f 652/128 646/126 651/127
f 604/121 644/120 606/119
f 647/122 606/119 644/120
f 648/139 625/141 649/149
f 622/150 649/149 625/141
f 649/149 622/150 650/147
f 619/148 650/147 622/150
f 650/147 619/148 651/127
f 613/129 651/127 619/148
f 613/129 615/130 651/127
f 615/130 652/128 651/127
f 653/166 654/164 655/165
f 656/163 655/165 654/164
f 657/157 658/156 659/155
f 660/158 659/155 658/156
f 654/164 661/162 656/163
f 662/161 656/163 661/162
f 663/160 657/157 664/159
f 659/155 664/159 657/157
f 661/162 663/160 662/161
f 664/159 662/161 663/160
f 665/160 666/157 667/159
f 668/155 667/159 666/157
f 669/162 665/160 670/161
f 667/159 670/161 665/160
f 671/164 669/162 672/163
f 670/161 672/163 669/162
f 666/157 653/156 668/155
f 655/158 668/155 653/156
f 658/166 671/164 660/165
f 671/164 672/163 660/165
f 660/169 672/168 615/167
f 672/168 652/170 615/167
f 659/172 660/169 616/171
f 615/167 616/171 660/169
f 656/178 662/176 605/177
f 618/175 605/177 662/176
f 664/174 659/172 629/173
f 616/171 629/173 659/172
f 662/176 664/174 618/175
f 629/173 618/175 664/174
f 670/169 667/172 646/167
f 645/171 646/167 667/172
f 667/172 668/174 645/171
f 647/173 645/171 668/174
f 672/168 670/169 652/170
f 646/167 652/170 670/169
f 668/174 655/176 647/173
f 606/175 647/173 655/176
f 655/176 656/178 606/175
f 605/177 606/175 656/178
f 673/197 674/196 675/195
f 674/196 676/198 675/195
f 677/115 678/114 679/113
f 679/113 678/114 680/116
f 681/115 682/113 683/114
f 684/116 683/114 682/113
f 685/118 686/117 677/115
f 678/114 677/115 686/117
f 687/118 681/115 688/117
f 683/114 688/117 681/115
f 689/127 690/129 691/128
f 692/130 691/128 690/129
f 693/147 694/148 689/127
f 694/148 690/129 689/127
f 695/140 696/142 693/147
f 696/142 694/148 693/147
f 697/139 698/141 695/140
f 698/141 696/142 695/140
f 699/121 700/120 701/119
f 702/122 701/119 700/120
f 703/125 689/127 704/126
f 691/128 704/126 689/127
f 705/143 706/144 699/121
f 706/144 700/120 699/121
f 707/146 693/147 703/125
f 693/147 689/127 703/125
f 708/131 709/134 705/143
f 709/134 706/144 705/143
f 710/138 695/140 707/146
f 695/140 693/147 707/146
f 711/133 712/132 708/131
f 712/132 709/134 708/131
f 713/137 697/139 710/138
f 697/139 695/140 710/138
f 714/123 703/125 715/124
f 704/126 715/124 703/125
f 700/120 714/123 702/122
f 715/124 702/122 714/123
f 706/144 716/145 700/120
f 716/145 714/123 700/120
f 716/145 707/146 714/123
f 707/146 703/125 714/123
f 709/134 717/136 706/144
f 717/136 716/145 706/144
f 717/136 710/138 716/145
f 710/138 707/146 716/145
f 712/132 718/135 709/134
f 718/135 717/136 709/134
f 718/135 713/137 717/136
f 713/137 710/138 717/136
f 719/135 720/137 721/152
f 720/137 722/151 721/152
f 723/132 719/135 724/153
f 719/135 721/152 724/153
f 721/152 722/151 725/145
f 722/151 726/146 725/145
f 724/153 721/152 727/144
f 721/152 725/145 727/144
f 725/145 726/146 728/123
f 726/146 729/125 728/123
f 727/144 725/145 730/120
f 725/145 728/123 730/120
f 728/123 729/125 731/124
f 732/126 731/124 729/125
f 730/120 728/123 733/122
f 731/124 733/122 728/123
f 720/137 734/139 722/151
f 734/139 735/149 722/151
f 698/133 723/132 696/154
f 723/132 724/153 696/154
f 722/151 735/149 726/146
f 735/149 736/147 726/146
f 696/154 724/153 694/143
f 724/153 727/144 694/143
f 726/146 736/147 729/125
f 736/147 737/127 729/125
f 694/143 727/144 690/121
f 727/144 730/120 690/121
f 690/121 730/120 692/119
f 733/122 692/119 730/120
f 729/125 737/127 732/126
f 738/128 732/126 737/127
f 734/139 711/141 735/149
f 708/150 735/149 711/141
f 735/149 708/150 736/147
f 705/148 736/147 708/150
f 736/147 705/148 737/127
f 699/129 737/127 705/148
f 699/129 701/130 737/127
f 701/130 738/128 737/127
f 739/166 740/164 741/165
f 742/163 741/165 740/164
f 743/157 744/156 745/155
f 746/158 745/155 744/156
f 740/164 747/162 742/163
f 748/161 742/163 747/162
f 749/160 743/157 750/159
f 745/155 750/159 743/157
f 747/162 749/160 748/161
f 750/159 748/161 749/160
f 751/162 752/160 753/161
f 754/159 753/161 752/160
f 752/160 755/157 754/159
f 756/155 754/159 755/157
f 757/164 751/162 758/163
f 753/161 758/163 751/162
f 755/157 739/156 756/155
f 741/158 756/155 739/156
f 744/166 757/164 746/165
f 757/164 758/163 746/165
f 746/169 758/168 701/167
f 758/168 738/170 701/167
f 745/172 746/169 702/171
f 701/167 702/171 746/169
f 742/178 748/176 691/177
f 704/175 691/177 748/176
f 750/174 745/172 715/173
f 702/171 715/173 745/172
f 748/176 750/174 704/175
f 715/173 704/175 750/174
f 753/169 754/172 732/167
f 731/171 732/167 754/172
f 754/172 756/174 731/171
f 733/173 731/171 756/174
f 758/168 753/169 738/170
f 732/167 738/170 753/169
f 756/174 741/176 733/173
f 692/175 733/173 741/176
f 741/176 742/178 692/175
f 691/177 692/175 742/178
f 759/201 760/200 761/199
f 760/200 762/202 761/199
f 763/205 764/204 765/203
f 764/204 766/206 765/203
f 764/204 767/201 766/206
f 767/201 768/199 766/206
f 760/200 769/205 762/202
f 769/205 770/203 762/202
f 771/204 772/201 773/206
f 772/201 774/199 773/206
f 775/201 776/200 777/199
f 776/200 778/202 777/199
f 779/205 771/204 780/203
f 771/204 773/206 780/203
f 776/200 781/205 778/202
f 781/205 782/203 778/202
f 103/109 104/108 105/107
f 104/108 106/110 105/107
f 107/107 108/110 101/109
f 108/110 102/108 101/109
f 106/110 104/108 112/111
f 104/108 110/112 112/111
f 102/108 108/110 109/112
f 108/110 111/111 109/112
f 783/209 784/208 785/207
f 784/208 786/210 785/207
f 787/209 788/208 789/207
f 788/208 790/210 789/207
f 791/204 792/201 793/206
f 792/201 794/199 793/206
f 795/201 796/200 797/199
f 796/200 798/202 797/199
f 799/205 791/204 800/203
f 791/204 793/206 800/203
f 796/200 801/205 798/202
f 801/205 802/203 798/202
f 803/204 804/201 805/206
f 804/201 806/199 805/206
f 807/201 808/200 809/199
f 808/200 810/202 809/199
f 811/205 803/204 812/203
f 803/204 805/206 812/203
f 808/200 813/205 810/202
f 813/205 814/203 810/202
f 115/109 116/108 117/107
f 116/108 118/110 117/107
f 119/107 120/110 113/109
f 120/110 114/108 113/109
f 118/110 116/108 124/111
f 116/108 122/112 124/111
f 114/108 120/110 121/112
f 120/110 123/111 121/112
f 127/109 128/108 129/107
f 128/108 130/110 129/107
f 131/107 132/110 125/109
f 132/110 126/108 125/109
f 130/110 128/108 136/111
f 128/108 134/112 136/111
f 126/108 132/110 133/112
f 132/110 135/111 133/112
f 815/213 816/212 817/211
f 816/212 818/214 817/211
f 819/204 820/201 821/206
f 820/201 822/199 821/206
f 823/201 824/200 825/199
f 824/200 826/202 825/199
f 827/205 819/204 828/203
f 819/204 821/206 828/203
f 824/200 829/205 826/202
f 829/205 830/203 826/202
f 831/204 832/201 833/206
f 832/201 834/199 833/206
f 835/201 836/200 837/199
f 836/200 838/202 837/199
f 839/205 831/204 840/203
f 831/204 833/206 840/203
f 836/200 841/205 838/202
f 841/205 842/203 838/202
f 843/209 844/208 845/207
f 844/208 846/210 845/207
f 847/197 848/196 849/195
f 848/196 850/198 849/195
f 851/197 852/196 853/195
f 852/196 854/198 853/195
f 855/204 856/201 857/206
f 856/201 858/199 857/206
f 859/201 860/200 861/199
f 860/200 862/202 861/199
f 863/205 855/204 864/203
f 855/204 857/206 864/203
f 860/200 865/205 862/202
f 865/205 866/203 862/202
f 867/204 868/201 869/206
f 868/201 870/199 869/206
f 871/201 872/200 873/199
f 872/200 874/202 873/199
f 875/205 867/204 876/203
f 867/204 869/206 876/203
f 872/200 877/205 874/202
f 877/205 878/203 874/202
f 879/209 880/208 881/207
f 880/208 882/210 881/207
f 199/109 200/108 201/107
f 200/108 202/110 201/107
f 203/107 204/110 197/109
f 204/110 198/108 197/109
f 202/110 200/108 208/111
f 200/108 206/112 208/111
f 198/108 204/110 205/112
f 204/110 207/111 205/112
f 211/109 212/108 213/107
f 212/108 214/110 213/107
f 215/107 216/110 209/109
f 216/110 210/108 209/109
f 214/110 212/108 220/111
f 212/108 218/112 220/111
f 210/108 216/110 217/112
f 216/110 219/111 217/112
f 883/209 884/208 885/207
f 884/208 886/210 885/207
f 887/213 888/212 889/211
f 888/212 890/214 889/211
f 242/73 243/72 891/71
f 243/72 892/74 891/71
f 244/73 893/71 243/72
f 243/72 893/71 892/74
f 246/77 245/76 894/75
f 250/76 895/77 896/75
f 894/75 245/76 897/78
f 896/75 898/78 250/76
f 245/76 251/79 897/78
f 248/79 250/76 898/78
f 891/71 892/74 899/80
f 892/74 893/71 899/80
f 891/71 900/81 242/73
f 893/71 244/73 901/81
f 237/82 242/73 900/81
f 901/81 244/73 238/82
f 251/79 902/84 903/83
f 248/79 904/83 236/84
f 900/81 891/71 899/80
f 893/71 901/81 899/80
f 903/83 897/78 251/79
f 904/83 248/79 898/78
f 902/84 237/82 900/81
f 236/84 901/81 238/82
f 903/83 902/84 900/81
f 904/83 901/81 236/84
f 905/87 906/86 907/85
f 908/88 907/85 906/86
f 909/87 910/85 911/86
f 910/85 912/88 911/86
f 905/87 894/89 906/86
f 906/86 894/89 897/90
f 909/87 911/86 896/89
f 911/86 898/90 896/89
f 240/93 241/92 913/91
f 240/93 913/91 239/92
f 913/91 241/92 907/85
f 913/91 910/85 239/92
f 247/94 905/87 241/92
f 249/94 239/92 909/87
f 247/94 246/95 905/87
f 249/94 909/87 895/95
f 241/92 905/87 907/85
f 239/92 910/85 909/87
f 246/95 894/89 905/87
f 895/95 909/87 896/89
f 250/96 249/94 895/95
f 913/99 907/98 914/97
f 915/100 914/97 907/98
f 913/99 914/97 910/98
f 914/97 916/100 910/98
f 914/97 915/100 917/101
f 918/102 917/101 915/100
f 916/100 914/97 919/102
f 917/101 919/102 914/97
f 907/98 908/103 915/100
f 920/104 915/100 908/103
f 910/98 916/100 912/103
f 916/100 921/104 912/103
f 920/104 922/105 915/100
f 922/105 918/102 915/100
f 921/104 916/100 923/105
f 919/102 923/105 916/100
f 917/101 918/102 924/106
f 919/102 917/101 924/106
f 918/102 922/105 924/106
f 923/105 919/102 924/106
f 925/204 926/201 927/206
f 926/201 928/199 927/206
f 929/201 930/200 931/199
f 930/200 932/202 931/199
f 933/205 925/204 934/203
f 925/204 927/206 934/203
f 930/200 935/205 932/202
f 935/205 936/203 932/202
f 937/204 938/201 939/206
f 938/201 940/199 939/206
f 941/201 942/200 943/199
f 942/200 944/202 943/199
f 945/205 937/204 946/203
f 937/204 939/206 946/203
f 942/200 947/205 944/202
f 947/205 948/203 944/202
f 949/201 950/200 951/199
f 950/200 952/202 951/199
f 953/205 954/204 955/203
f 954/204 956/206 955/203
f 954/204 957/201 956/206
f 957/201 958/199 956/206
f 950/200 959/205 952/202
f 959/205 960/203 952/202
f 961/204 962/201 963/206
f 962/201 964/199 963/206
f 965/201 966/200 967/199
f 966/200 968/202 967/199
f 969/205 961/204 970/203
f 961/204 963/206 970/203
f 966/200 971/205 968/202
f 971/205 972/203 968/202
f 973/213 974/212 975/211
f 974/212 976/214 975/211
f 261/73 262/72 977/71
f 262/72 978/74 977/71
f 263/73 979/71 262/72
f 262/72 979/71 978/74
f 265/77 264/76 980/75
f 270/76 981/77 982/75
f 980/75 264/76 983/78
f 982/75 984/78 270/76
f 264/76 267/79 983/78
f 268/79 270/76 984/78
f 977/71 978/74 985/80
f 978/74 979/71 985/80
f 977/71 986/81 261/73
f 979/71 263/73 987/81
f 256/82 261/73 986/81
f 987/81 263/73 257/82
f 267/79 988/84 989/83
f 268/79 990/83 255/84
f 986/81 977/71 985/80
f 979/71 987/81 985/80
f 989/83 983/78 267/79
f 990/83 268/79 984/78
f 988/84 256/82 986/81
f 255/84 987/81 257/82
f 989/83 988/84 986/81
f 990/83 987/81 255/84
f 991/87 992/86 993/85
f 994/88 993/85 992/86
f 995/87 996/85 997/86
f 996/85 998/88 997/86
f 991/87 980/89 992/86
f 992/86 980/89 983/90
f 995/87 997/86 982/89
f 997/86 984/90 982/89
f 258/93 259/92 999/91
f 258/93 999/91 260/92
f 999/91 259/92 993/85
f 999/91 996/85 260/92
f 266/94 991/87 259/92
f 269/94 260/92 995/87
f 266/94 265/95 991/87
f 269/94 995/87 981/95
f 259/92 991/87 993/85
f 260/92 996/85 995/87
f 265/95 980/89 991/87
f 981/95 995/87 982/89
f 270/96 269/94 981/95
f 999/99 993/98 1000/97
f 1001/100 1000/97 993/98
f 999/99 1000/97 996/98
f 1000/97 1002/100 996/98
f 1000/97 1001/100 1003/101
f 1004/102 1003/101 1001/100
f 1002/100 1000/97 1005/102
f 1003/101 1005/102 1000/97
f 993/98 994/103 1001/100
f 1006/104 1001/100 994/103
f 996/98 1002/100 998/103
f 1002/100 1007/104 998/103
f 1006/104 1008/105 1001/100
f 1008/105 1004/102 1001/100
f 1007/104 1002/100 1009/105
f 1005/102 1009/105 1002/100
f 1003/101 1004/102 1010/106
f 1005/102 1003/101 1010/106
f 1004/102 1008/105 1010/106
f 1009/105 1005/102 1010/106
f 1011/209 1012/208 1013/207
f 1012/208 1014/210 1013/207
f 1015/217 1016/216 1017/215
f 1016/216 1018/218 1017/215
f 1016/216 1019/219 1018/218
f 1019/219 1020/220 1018/218
f 1019/219 1021/221 1020/220
f 1021/221 1022/222 1020/220
f 1021/221 1023/223 1022/222
f 1023/223 1024/224 1022/222
f 1025/217 1026/216 1027/215
f 1026/216 1028/218 1027/215
f 1026/216 1029/219 1028/218
f 1029/219 1030/220 1028/218
f 1029/219 1031/221 1030/220
f 1031/221 1032/222 1030/220
f 1031/221 1033/223 1032/222
f 1033/223 1034/224 1032/222
usemtl texture2
f 1035/226 1036/225 1037/195
f 1036/225 1038/227 1037/195
f 1039/226 1040/195 1041/225
f 1040/195 1042/227 1041/225
f 1038/230 1036/229 1042/228
f 1036/229 1041/231 1042/228
f 1037/233 1038/230 1040/232
f 1038/230 1042/228 1040/232
f 1043/226 1044/225 1045/195
f 1044/225 1046/227 1045/195
f 1047/226 1048/195 1049/225
f 1048/195 1050/227 1049/225
f 1046/230 1044/229 1050/228
f 1044/229 1049/231 1050/228
f 1045/233 1046/230 1048/232
f 1046/230 1050/228 1048/232
f 1051/236 1052/235 1053/234
f 1052/235 1054/237 1053/234
f 1054/237 1052/235 1055/238
f 1052/235 1056/239 1055/238
f 1057/241 1051/236 1058/240
f 1051/236 1053/234 1058/240
f 1059/243 1057/241 1060/242
f 1057/241 1058/240 1060/242
f 1061/245 1062/244 1060/242
f 1062/244 1059/243 1060/242
f 1063/247 1062/244 1064/246
f 1062/244 1061/245 1064/246
f 1056/250 1065/249 1055/248
f 1065/249 1066/251 1055/248
f 1065/249 1063/252 1066/251
f 1063/252 1064/253 1066/251
f 1067/236 1068/235 1069/234
f 1068/235 1070/237 1069/234
f 1070/237 1068/235 1071/238
f 1068/235 1072/239 1071/238
f 1073/241 1067/236 1074/240
f 1067/236 1069/234 1074/240
f 1075/243 1073/241 1076/242
f 1073/241 1074/240 1076/242
f 1077/245 1078/244 1076/242
f 1078/244 1075/243 1076/242
f 1079/247 1078/244 1080/246
f 1078/244 1077/245 1080/246
f 1072/250 1081/249 1071/248
f 1081/249 1082/251 1071/248
f 1081/249 1079/252 1082/251
f 1079/252 1080/253 1082/251
f 1083/236 1084/235 1085/234
f 1084/235 1086/237 1085/234
f 1086/237 1084/235 1087/238
f 1084/235 1088/239 1087/238
f 1089/241 1083/236 1090/240
f 1083/236 1085/234 1090/240
f 1091/243 1089/241 1092/242
f 1089/241 1090/240 1092/242
f 1093/245 1094/244 1092/242
f 1094/244 1091/243 1092/242
f 1095/247 1094/244 1096/246
f 1094/244 1093/245 1096/246
f 1088/250 1097/249 1087/248
f 1097/249 1098/251 1087/248
f 1097/249 1095/252 1098/251
f 1095/252 1096/253 1098/251
f 1099/256 1100/255 1101/254
f 1102/254 1100/255 1103/256
f 1101/254 1100/257 1102/256
f 1103/256 1100/257 1099/254
f 1104/256 1105/255 1106/254
f 1107/254 1105/255 1108/256
f 1106/254 1105/257 1107/256
f 1108/256 1105/257 1104/254
f 1109/260 1110/259 1111/258
f 1110/259 1112/261 1111/258
f 1113/263 1114/262 1110/259
f 1110/259 1114/262 1112/261
f 1113/263 1115/264 1114/262
f 1115/264 1116/265 1114/262
f 1109/264 1111/265 1117/263
f 1117/263 1111/265 1118/262
f 1118/262 1119/261 1117/263
f 1119/261 1120/259 1117/263
f 1115/260 1120/259 1116/258
f 1120/259 1119/261 1116/258
f 1121/260 1122/259 1123/258
f 1122/259 1124/261 1123/258
f 1125/263 1126/262 1122/259
f 1122/259 1126/262 1124/261
f 1125/263 1127/264 1126/262
f 1127/264 1128/265 1126/262
f 1121/264 1123/265 1129/263
f 1129/263 1123/265 1130/262
f 1130/262 1131/261 1129/263
f 1131/261 1132/259 1129/263
f 1127/260 1132/259 1128/258
f 1132/259 1131/261 1128/258
f 1133/260 1134/259 1135/258
f 1134/259 1136/261 1135/258
f 1137/263 1138/262 1134/259
f 1134/259 1138/262 1136/261
f 1137/263 1139/264 1138/262
f 1139/264 1140/265 1138/262
f 1133/264 1135/265 1141/263
f 1141/263 1135/265 1142/262
f 1142/262 1143/261 1141/263
f 1143/261 1144/259 1141/263
f 1139/260 1144/259 1140/258
f 1144/259 1143/261 1140/258
f 1145/260 1146/259 1147/258
f 1146/259 1148/261 1147/258
f 1149/263 1150/262 1146/259
f 1146/259 1150/262 1148/261
f 1149/263 1151/264 1150/262
f 1151/264 1152/265 1150/262
f 1145/264 1147/265 1153/263
f 1153/263 1147/265 1154/262
f 1154/262 1155/261 1153/263
f 1155/261 1156/259 1153/263
f 1151/260 1156/259 1152/258
f 1156/259 1155/261 1152/258
f 1157/260 1158/259 1159/258
f 1158/259 1160/261 1159/258
f 1161/263 1162/262 1158/259
f 1158/259 1162/262 1160/261
f 1161/263 1163/264 1162/262
f 1163/264 1164/265 1162/262
f 1157/264 1159/265 1165/263
f 1165/263 1159/265 1166/262
f 1166/262 1167/261 1165/263
f 1167/261 1168/259 1165/263
f 1163/260 1168/259 1164/258
f 1168/259 1167/261 1164/258
f 1169/260 1170/259 1171/258
f 1170/259 1172/261 1171/258
f 1173/263 1174/262 1170/259
f 1170/259 1174/262 1172/261
f 1173/263 1175/264 1174/262
f 1175/264 1176/265 1174/262
f 1169/264 1171/265 1177/263
f 1177/263 1171/265 1178/262
f 1178/262 1179/261 1177/263
f 1179/261 1180/259 1177/263
f 1175/260 1180/259 1176/258
f 1180/259 1179/261 1176/258
f 1181/260 1182/259 1183/258
f 1182/259 1184/261 1183/258
f 1185/263 1186/262 1182/259
f 1182/259 1186/262 1184/261
f 1185/263 1187/264 1186/262
f 1187/264 1188/265 1186/262
f 1181/264 1183/265 1189/263
f 1189/263 1183/265 1190/262
f 1190/262 1191/261 1189/263
f 1191/261 1192/259 1189/263
f 1187/260 1192/259 1188/258
f 1192/259 1191/261 1188/258
f 1193/260 1194/259 1195/258
f 1194/259 1196/261 1195/258
f 1197/263 1198/262 1194/259
f 1194/259 1198/262 1196/261
f 1197/263 1199/264 1198/262
f 1199/264 1200/265 1198/262
f 1193/264 1195/265 1201/263
f 1201/263 1195/265 1202/262
f 1202/262 1203/261 1201/263
f 1203/261 1204/259 1201/263
f 1199/260 1204/259 1200/258
f 1204/259 1203/261 1200/258
f 1205/260 1206/259 1207/258
f 1206/259 1208/261 1207/258
f 1209/263 1210/262 1206/259
f 1206/259 1210/262 1208/261
f 1209/263 1211/264 1210/262
f 1211/264 1212/265 1210/262
f 1205/264 1207/265 1213/263
f 1213/263 1207/265 1214/262
f 1214/262 1215/261 1213/263
f 1215/261 1216/259 1213/263
f 1211/260 1216/259 1212/258
f 1216/259 1215/261 1212/258
f 1217/260 1218/259 1219/258
f 1218/259 1220/261 1219/258
f 1221/263 1222/262 1218/259
f 1218/259 1222/262 1220/261
f 1221/263 1223/264 1222/262
f 1223/264 1224/265 1222/262
f 1217/264 1219/265 1225/263
f 1225/263 1219/265 1226/262
f 1226/262 1227/261 1225/263
f 1227/261 1228/259 1225/263
f 1223/260 1228/259 1224/258
f 1228/259 1227/261 1224/258
f 1229/260 1230/259 1231/258
f 1230/259 1232/261 1231/258
f 1233/263 1234/262 1230/259
f 1230/259 1234/262 1232/261
f 1233/263 1235/264 1234/262
f 1235/264 1236/265 1234/262
f 1229/264 1231/265 1237/263
f 1237/263 1231/265 1238/262
f 1238/262 1239/261 1237/263
f 1239/261 1240/259 1237/263
f 1235/260 1240/259 1236/258
f 1240/259 1239/261 1236/258
f 1241/256 1242/255 1243/254
f 1244/254 1242/255 1245/256
f 1243/254 1242/257 1244/256
f 1245/256 1242/257 1241/254
f 1246/260 1247/259 1248/258
f 1247/259 1249/261 1248/258
f 1250/263 1251/262 1247/259
f 1247/259 1251/262 1249/261
f 1250/263 1252/264 1251/262
f 1252/264 1253/265 1251/262
f 1246/264 1248/265 1254/263
f 1254/263 1248/265 1255/262
f 1255/262 1256/261 1254/263
f 1256/261 1257/259 1254/263
f 1252/260 1257/259 1253/258
f 1257/259 1256/261 1253/258
f 1258/260 1259/259 1260/258
f 1259/259 1261/261 1260/258
f 1262/263 1263/262 1259/259
f 1259/259 1263/262 1261/261
f 1262/263 1264/264 1263/262
f 1264/264 1265/265 1263/262
f 1258/264 1260/265 1266/263
f 1266/263 1260/265 1267/262
f 1267/262 1268/261 1266/263
f 1268/261 1269/259 1266/263
f 1264/260 1269/259 1265/258
f 1269/259 1268/261 1265/258
f 1270/260 1271/259 1272/258
f 1271/259 1273/261 1272/258
f 1274/263 1275/262 1271/259
f 1271/259 1275/262 1273/261
f 1274/263 1276/264 1275/262
f 1276/264 1277/265 1275/262
f 1270/264 1272/265 1278/263
f 1278/263 1272/265 1279/262
f 1279/262 1280/261 1278/263
f 1280/261 1281/259 1278/263
f 1276/260 1281/259 1277/258
f 1281/259 1280/261 1277/258
f 1282/260 1283/259 1284/258
f 1283/259 1285/261 1284/258
f 1286/263 1287/262 1283/259
f 1283/259 1287/262 1285/261
f 1286/263 1288/264 1287/262
f 1288/264 1289/265 1287/262
f 1282/264 1284/265 1290/263
f 1290/263 1284/265 1291/262
f 1291/262 1292/261 1290/263
f 1292/261 1293/259 1290/263
f 1288/260 1293/259 1289/258
f 1293/259 1292/261 1289/258
f 1294/260 1295/259 1296/258
f 1295/259 1297/261 1296/258
f 1298/263 1299/262 1295/259
f 1295/259 1299/262 1297/261
f 1298/263 1300/264 1299/262
f 1300/264 1301/265 1299/262
f 1294/264 1296/265 1302/263
f 1302/263 1296/265 1303/262
f 1303/262 1304/261 1302/263
f 1304/261 1305/259 1302/263
f 1300/260 1305/259 1301/258
f 1305/259 1304/261 1301/258
f 1306/260 1307/259 1308/258
f 1307/259 1309/261 1308/258
f 1310/263 1311/262 1307/259
f 1307/259 1311/262 1309/261
f 1310/263 1312/264 1311/262
f 1312/264 1313/265 1311/262
f 1306/264 1308/265 1314/263
f 1314/263 1308/265 1315/262
f 1315/262 1316/261 1314/263
f 1316/261 1317/259 1314/263
f 1312/260 1317/259 1313/258
f 1317/259 1316/261 1313/258
f 1318/260 1319/259 1320/258
f 1319/259 1321/261 1320/258
f 1322/263 1323/262 1319/259
f 1319/259 1323/262 1321/261
f 1322/263 1324/264 1323/262
f 1324/264 1325/265 1323/262
f 1318/264 1320/265 1326/263
f 1326/263 1320/265 1327/262
f 1327/262 1328/261 1326/263
f 1328/261 1329/259 1326/263
f 1324/260 1329/259 1325/258
f 1329/259 1328/261 1325/258
usemtl texture3
f 1036/267 1035/266 1041/226
f 1035/266 1039/268 1041/226
f 1044/267 1043/266 1049/226
f 1043/266 1047/268 1049/226
f 1058/271 1053/270 1330/269
f 1330/269 1053/270 1054/272
f 1066/274 1330/269 1055/273
f 1330/269 1054/272 1055/273
f 1058/271 1330/269 1060/275
f 1330/269 1061/276 1060/275
f 1066/274 1064/277 1330/269
f 1330/269 1064/277 1061/276
f 1074/271 1069/270 1331/269
f 1331/269 1069/270 1070/272
f 1082/274 1331/269 1071/273
f 1331/269 1070/272 1071/273
f 1074/271 1331/269 1076/275
f 1331/269 1077/276 1076/275
f 1082/274 1080/277 1331/269
f 1331/269 1080/277 1077/276
f 1090/271 1085/270 1332/269
f 1332/269 1085/270 1086/272
f 1098/274 1332/269 1087/273
f 1332/269 1086/272 1087/273
f 1090/271 1332/269 1092/275
f 1332/269 1093/276 1092/275
f 1098/274 1096/277 1332/269
f 1332/269 1096/277 1093/276
f 1119/280 1118/279 1112/278
f 1112/278 1118/279 1111/281
f 1112/278 1114/282 1119/280
f 1114/282 1116/283 1119/280
f 1131/286 1130/285 1124/284
f 1124/284 1130/285 1123/287
f 1124/284 1126/288 1131/286
f 1126/288 1128/289 1131/286
f 1143/292 1142/291 1136/290
f 1136/290 1142/291 1135/293
f 1136/290 1138/294 1143/292
f 1138/294 1140/295 1143/292
f 1155/280 1154/279 1148/278
f 1148/278 1154/279 1147/281
f 1148/278 1150/282 1155/280
f 1150/282 1152/283 1155/280
f 1167/280 1166/279 1160/278
f 1160/278 1166/279 1159/281
f 1160/278 1162/282 1167/280
f 1162/282 1164/283 1167/280
f 1333/298 1334/297 1335/296
f 1334/297 1336/299 1335/296
f 1337/298 1338/297 1339/296
f 1338/297 1340/299 1339/296
f 1179/292 1178/291 1172/290
f 1172/290 1178/291 1171/293
f 1172/290 1174/294 1179/292
f 1174/294 1176/295 1179/292
f 1191/286 1190/285 1184/284
f 1184/284 1190/285 1183/287
f 1184/284 1186/288 1191/286
f 1186/288 1188/289 1191/286
f 1203/280 1202/279 1196/278
f 1196/278 1202/279 1195/281
f 1196/278 1198/282 1203/280
f 1198/282 1200/283 1203/280
f 1215/280 1214/279 1208/278
f 1208/278 1214/279 1207/281
f 1208/278 1210/282 1215/280
f 1210/282 1212/283 1215/280
f 1341/298 1342/297 1343/296
f 1342/297 1344/299 1343/296
f 1345/298 1346/297 1347/296
f 1346/297 1348/299 1347/296
f 1227/280 1226/279 1220/278
f 1220/278 1226/279 1219/281
f 1220/278 1222/282 1227/280
f 1222/282 1224/283 1227/280
f 1239/280 1238/279 1232/278
f 1232/278 1238/279 1231/281
f 1232/278 1234/282 1239/280
f 1234/282 1236/283 1239/280
f 1256/280 1255/279 1249/278
f 1249/278 1255/279 1248/281
f 1249/278 1251/282 1256/280
f 1251/282 1253/283 1256/280
f 1268/280 1267/279 1261/278
f 1261/278 1267/279 1260/281
f 1261/278 1263/282 1268/280
f 1263/282 1265/283 1268/280
f 1349/298 1350/297 1351/296
f 1350/297 1352/299 1351/296
f 1280/280 1279/279 1273/278
f 1273/278 1279/279 1272/281
f 1273/278 1275/282 1280/280
f 1275/282 1277/283 1280/280
f 1292/286 1291/285 1285/284
f 1285/284 1291/285 1284/287
f 1285/284 1287/288 1292/286
f 1287/288 1289/289 1292/286
f 1304/292 1303/291 1297/290
f 1297/290 1303/291 1296/293
f 1297/290 1299/294 1304/292
f 1299/294 1301/295 1304/292
f 1316/280 1315/279 1309/278
f 1309/278 1315/279 1308/281
f 1309/278 1311/282 1316/280
f 1311/282 1313/283 1316/280
f 1353/298 1354/297 1355/296
f 1354/297 1356/299 1355/296
f 1357/298 1358/297 1359/296
f 1358/297 1360/299 1359/296
f 1361/298 1362/297 1363/296
f 1362/297 1364/299 1363/296
f 1365/298 1366/297 1367/296
f 1366/297 1368/299 1367/296
f 1328/280 1327/279 1321/278
f 1321/278 1327/279 1320/281
f 1321/278 1323/282 1328/280
f 1323/282 1325/283 1328/280
usemtl texture4
f 311/302 315/301 319/300
f 315/301 321/303 319/300
f 316/305 315/301 313/304
f 315/301 311/302 313/304
f 314/308 312/307 318/306
f 312/307 317/309 318/306
f 317/309 312/307 322/310
f 312/307 320/311 322/310
f 1369/184 1370/181 1371/312
f 1370/181 1372/313 1371/312
f 410/302 414/301 418/300
f 414/301 420/303 418/300
f 415/305 414/301 412/304
f 414/301 410/302 412/304
f 413/308 411/307 417/306
f 411/307 416/309 417/306
f 416/309 411/307 421/310
f 411/307 419/311 421/310
f 1373/184 1374/181 1375/312
f 1374/181 1376/313 1375/312
f 512/308 510/307 516/306
f 510/307 515/309 516/306
f 514/305 513/301 511/304
f 513/301 509/302 511/304
f 515/309 510/307 520/310
f 510/307 518/311 520/310
f 509/302 513/301 517/300
f 513/301 519/303 517/300
f 594/308 592/307 598/306
f 592/307 597/309 598/306
f 596/305 595/301 593/304
f 595/301 591/302 593/304
f 597/309 592/307 602/310
f 592/307 600/311 602/310
f 591/302 595/301 599/300
f 595/301 601/303 599/300
f 680/308 678/307 684/306
f 678/307 683/309 684/306
f 682/305 681/301 679/304
f 681/301 677/302 679/304
f 683/309 678/307 688/310
f 678/307 686/311 688/310
f 677/302 681/301 685/300
f 681/301 687/303 685/300
usemtl texture5
f 336/316 335/315 373/314
f 374/317 373/314 335/315
f 336/316 373/314 339/318
f 373/314 377/319 339/318
f 339/318 377/319 341/320
f 377/319 379/321 341/320
f 341/320 379/321 343/322
f 379/321 381/323 343/322
f 343/322 381/323 345/324
f 381/323 383/325 345/324
f 361/322 385/323 335/324
f 385/323 374/325 335/324
f 363/320 387/321 361/322
f 387/321 385/323 361/322
f 365/318 389/319 363/320
f 389/319 387/321 363/320
f 367/316 391/314 365/318
f 391/314 389/319 365/318
f 345/315 383/317 367/316
f 383/317 391/314 367/316
f 435/316 434/315 472/314
f 473/317 472/314 434/315
f 435/316 472/314 438/318
f 472/314 476/319 438/318
f 438/318 476/319 440/320
f 476/319 478/321 440/320
f 440/320 478/321 442/322
f 478/321 480/323 442/322
f 442/322 480/323 444/324
f 480/323 482/325 444/324
f 460/322 484/323 434/324
f 484/323 473/325 434/324
f 462/320 486/321 460/322
f 486/321 484/323 460/322
f 464/318 488/319 462/320
f 488/319 486/321 462/320
f 466/316 490/314 464/318
f 490/314 488/319 464/318
f 444/315 482/317 466/316
f 482/317 490/314 466/316
f 1377/328 1378/327 1379/326
f 1378/327 1380/329 1379/326
f 1381/331 1382/330 1377/328
f 1382/330 1378/327 1377/328
f 1383/333 1384/332 1381/331
f 1384/332 1382/330 1381/331
f 1385/335 1386/334 1383/333
f 1386/334 1384/332 1383/333
f 1387/338 1388/337 1389/336
f 1388/337 1390/339 1389/336
f 1389/336 1390/339 1391/340
f 1390/339 1392/341 1391/340
f 1391/340 1392/341 1393/342
f 1392/341 1394/343 1393/342
f 1393/342 1394/343 1395/344
f 1394/343 1396/345 1395/344
f 529/322 572/323 530/324
f 572/323 571/325 530/324
f 544/316 543/315 575/314
f 576/317 575/314 543/315
f 545/320 579/321 529/322
f 579/321 572/323 529/322
f 544/316 575/314 550/318
f 575/314 581/319 550/318
f 550/318 581/319 545/320
f 581/319 579/321 545/320
f 551/318 583/319 552/320
f 583/319 587/321 552/320
f 555/316 584/314 551/318
f 584/314 583/319 551/318
f 552/320 587/321 566/322
f 587/321 589/323 566/322
f 530/315 571/317 555/316
f 571/317 584/314 555/316
f 566/322 589/323 543/324
f 589/323 576/325 543/324
f 611/322 654/323 612/324
f 654/323 653/325 612/324
f 626/316 625/315 657/314
f 658/317 657/314 625/315
f 627/320 661/321 611/322
f 661/321 654/323 611/322
f 626/316 657/314 632/318
f 657/314 663/319 632/318
f 632/318 663/319 627/320
f 663/319 661/321 627/320
f 633/318 665/319 634/320
f 665/319 669/321 634/320
f 637/316 666/314 633/318
f 666/314 665/319 633/318
f 634/320 669/321 648/322
f 669/321 671/323 648/322
f 612/315 653/317 637/316
f 653/317 666/314 637/316
f 648/322 671/323 625/324
f 671/323 658/325 625/324
f 697/322 740/323 698/324
f 740/323 739/325 698/324
f 712/316 711/315 743/314
f 744/317 743/314 711/315
f 713/320 747/321 697/322
f 747/321 740/323 697/322
f 718/318 749/319 713/320
f 749/319 747/321 713/320
f 712/316 743/314 718/318
f 743/314 749/319 718/318
f 723/316 755/314 719/318
f 755/314 752/319 719/318
f 719/318 752/319 720/320
f 752/319 751/321 720/320
f 698/315 739/317 723/316
f 739/317 755/314 723/316
f 720/320 751/321 734/322
f 751/321 757/323 734/322
f 734/322 757/323 711/324
f 757/323 744/325 711/324
usemtl texture6
f 1397/348 1398/347 1399/346
f 1400/349 1399/346 1398/347
f 1401/352 1402/351 1403/350
f 1404/353 1403/350 1402/351
f 1398/347 1401/352 1400/349
f 1403/350 1400/349 1401/352
f 1399/346 1400/349 1405/354
f 1403/350 1404/353 1405/354
f 1400/349 1403/350 1405/354
f 1406/352 1407/347 1408/350
f 1409/349 1408/350 1407/347
f 1402/351 1406/352 1404/353
f 1408/350 1404/353 1406/352
f 1407/347 1397/348 1409/349
f 1399/346 1409/349 1397/348
f 1408/350 1409/349 1405/354
f 1404/353 1408/350 1405/354
f 1409/349 1399/346 1405/354
f 1410/352 1411/351 1412/350
f 1413/353 1412/350 1411/351
f 1414/348 1415/347 1416/346
f 1417/349 1416/346 1415/347
f 1415/347 1410/352 1417/349
f 1412/350 1417/349 1410/352
f 1412/350 1413/353 1418/354
f 1416/346 1417/349 1418/354
f 1417/349 1412/350 1418/354
f 1419/352 1420/347 1421/350
f 1422/349 1421/350 1420/347
f 1411/351 1419/352 1413/353
f 1421/350 1413/353 1419/352
f 1420/347 1414/348 1422/349
f 1416/346 1422/349 1414/348
f 1421/350 1422/349 1418/354
f 1413/353 1421/350 1418/354
f 1422/349 1416/346 1418/354
f 1423/348 1424/347 1425/346
f 1426/349 1425/346 1424/347
f 1424/347 1427/352 1426/349
f 1428/350 1426/349 1427/352
f 1427/352 1429/351 1428/350
f 1430/353 1428/350 1429/351
f 1425/346 1426/349 1431/354
f 1426/349 1428/350 1431/354
f 1428/350 1430/353 1431/354
f 1432/347 1423/348 1433/349
f 1425/346 1433/349 1423/348
f 1434/352 1432/347 1435/350
f 1433/349 1435/350 1432/347
f 1429/351 1434/352 1430/353
f 1435/350 1430/353 1434/352
f 1433/349 1425/346 1431/354
f 1435/350 1433/349 1431/354
f 1430/353 1435/350 1431/354
f 1436/348 1437/347 1438/346
f 1439/349 1438/346 1437/347
f 1437/347 1440/352 1439/349
f 1441/350 1439/349 1440/352
f 1440/352 1442/351 1441/350
f 1443/353 1441/350 1442/351
f 1438/346 1439/349 1444/354
f 1439/349 1441/350 1444/354
f 1441/350 1443/353 1444/354
f 1445/347 1436/348 1446/349
f 1438/346 1446/349 1436/348
f 1447/352 1445/347 1448/350
f 1446/349 1448/350 1445/347
f 1442/351 1447/352 1443/353
f 1448/350 1443/353 1447/352
f 1446/349 1438/346 1444/354
f 1448/350 1446/349 1444/354
f 1443/353 1448/350 1444/354
f 1449/348 1450/347 1451/346
f 1452/349 1451/346 1450/347
f 1450/347 1453/352 1452/349
f 1454/350 1452/349 1453/352
f 1453/352 1455/351 1454/350
f 1456/353 1454/350 1455/351
f 1451/346 1452/349 1457/354
f 1452/349 1454/350 1457/354
f 1454/350 1456/353 1457/354
f 1458/347 1449/348 1459/349
f 1451/346 1459/349 1449/348
f 1460/352 1458/347 1461/350
f 1459/349 1461/350 1458/347
f 1455/351 1460/352 1456/353
f 1461/350 1456/353 1460/352
f 1459/349 1451/346 1457/354
f 1461/350 1459/349 1457/354
f 1456/353 1461/350 1457/354
f 783/357 785/356 1335/355
f 785/356 1333/358 1335/355
f 785/361 786/360 1333/359
f 786/360 1334/362 1333/359
f 1335/359 1336/362 783/361
f 1336/362 784/360 783/361
f 786/356 784/357 1334/358
f 784/357 1336/355 1334/358
f 787/357 789/356 1339/355
f 789/356 1337/358 1339/355
f 789/361 790/360 1337/359
f 790/360 1338/362 1337/359
f 1339/359 1340/362 787/361
f 1340/362 788/360 787/361
f 790/356 788/357 1338/358
f 788/357 1340/355 1338/358
f 815/357 817/356 1343/355
f 817/356 1341/358 1343/355
f 817/361 818/360 1341/359
f 818/360 1342/362 1341/359
f 1343/359 1344/362 815/361
f 1344/362 816/360 815/361
f 818/356 816/357 1342/358
f 816/357 1344/355 1342/358
f 843/357 845/356 1347/355
f 845/356 1345/358 1347/355
f 845/361 846/360 1345/359
f 846/360 1346/362 1345/359
f 1347/359 1348/362 843/361
f 1348/362 844/360 843/361
f 846/356 844/357 1346/358
f 844/357 1348/355 1346/358
f 879/357 881/356 1351/355
f 881/356 1349/358 1351/355
f 1351/359 1352/362 879/361
f 1352/362 880/360 879/361
f 881/361 882/360 1349/359
f 882/360 1350/362 1349/359
f 882/356 880/357 1350/358
f 880/357 1352/355 1350/358
f 883/357 885/356 1355/355
f 885/356 1353/358 1355/355
f 1355/359 1356/362 883/361
f 1356/362 884/360 883/361
f 885/361 886/360 1353/359
f 886/360 1354/362 1353/359
f 886/356 884/357 1354/358
f 884/357 1356/355 1354/358
f 887/357 889/356 1359/355
f 889/356 1357/358 1359/355
f 1359/359 1360/362 887/361
f 1360/362 888/360 887/361
f 889/361 890/360 1357/359
f 890/360 1358/362 1357/359
f 890/356 888/357 1358/358
f 888/357 1360/355 1358/358
f 973/357 975/356 1363/355
f 975/356 1361/358 1363/355
f 1363/359 1364/362 973/361
f 1364/362 974/360 973/361
f 975/361 976/360 1361/359
f 976/360 1362/362 1361/359
f 976/356 974/357 1362/358
f 974/357 1364/355 1362/358
f 1011/357 1013/356 1367/355
f 1013/356 1365/358 1367/355
f 1367/359 1368/362 1011/361
f 1368/362 1012/360 1011/361
f 1013/361 1014/360 1365/359
f 1014/360 1366/362 1365/359
f 1014/356 1012/357 1366/358
f 1012/357 1368/355 1366/358
f 1462/365 1463/364 1464/363
f 1464/363 1463/364 1465/366
f 1466/369 1467/368 1468/367
f 1468/367 1467/368 1469/370
f 1470/372 1464/363 1471/371
f 1464/363 1465/366 1471/371
f 1467/368 1016/373 1469/370
f 1469/370 1016/373 1015/374
f 1472/376 1473/375 1464/363
f 1473/375 1462/365 1464/363
f 1466/369 1474/377 1467/368
f 1474/377 1475/378 1467/368
f 1476/379 1472/376 1470/372
f 1472/376 1464/363 1470/372
f 1467/368 1475/378 1016/373
f 1475/378 1019/380 1016/373
f 1477/382 1478/381 1472/376
f 1478/381 1473/375 1472/376
f 1474/377 1479/383 1475/378
f 1479/383 1480/384 1475/378
f 1481/385 1477/382 1476/379
f 1477/382 1472/376 1476/379
f 1475/378 1480/384 1019/380
f 1480/384 1021/386 1019/380
f 1478/381 1477/382 1482/387
f 1482/387 1477/382 1483/388
f 1484/390 1485/389 1479/383
f 1479/383 1485/389 1480/384
f 1483/388 1477/382 1486/391
f 1477/382 1481/385 1486/391
f 1480/384 1485/389 1021/386
f 1485/389 1023/392 1021/386
f 1468/395 1469/394 1463/393
f 1469/394 1465/396 1463/393
f 1471/398 1465/396 1015/397
f 1465/396 1469/394 1015/397
f 1462/401 1466/400 1463/399
f 1466/400 1468/402 1463/399
f 1473/404 1474/403 1462/401
f 1474/403 1466/400 1462/401
f 1478/406 1479/405 1473/404
f 1479/405 1474/403 1473/404
f 1484/408 1479/405 1482/407
f 1479/405 1478/406 1482/407
f 1484/411 1482/410 1485/409
f 1485/409 1482/410 1483/412
f 1023/414 1485/409 1486/413
f 1485/409 1483/412 1486/413
f 1487/365 1488/364 1489/363
f 1489/363 1488/364 1490/366
f 1491/369 1492/368 1493/367
f 1493/367 1492/368 1494/370
f 1495/372 1489/363 1496/371
f 1489/363 1490/366 1496/371
f 1492/368 1026/373 1494/370
f 1494/370 1026/373 1025/374
f 1497/376 1498/375 1489/363
f 1498/375 1487/365 1489/363
f 1491/369 1499/377 1492/368
f 1499/377 1500/378 1492/368
f 1501/379 1497/376 1495/372
f 1497/376 1489/363 1495/372
f 1492/368 1500/378 1026/373
f 1500/378 1029/380 1026/373
f 1502/382 1503/381 1497/376
f 1503/381 1498/375 1497/376
f 1499/377 1504/383 1500/378
f 1504/383 1505/384 1500/378
f 1506/385 1502/382 1501/379
f 1502/382 1497/376 1501/379
f 1500/378 1505/384 1029/380
f 1505/384 1031/386 1029/380
f 1503/381 1502/382 1507/387
f 1507/387 1502/382 1508/388
f 1509/390 1510/389 1504/383
f 1504/383 1510/389 1505/384
f 1508/388 1502/382 1511/391
f 1502/382 1506/385 1511/391
f 1505/384 1510/389 1031/386
f 1510/389 1033/392 1031/386
f 1493/395 1494/394 1488/393
f 1494/394 1490/396 1488/393
f 1496/398 1490/396 1025/397
f 1490/396 1494/394 1025/397
f 1487/401 1491/400 1488/399
f 1491/400 1493/402 1488/399
f 1498/404 1499/403 1487/401
f 1499/403 1491/400 1487/401
f 1503/406 1504/405 1498/404
f 1504/405 1499/403 1498/404
f 1509/408 1504/405 1507/407
f 1504/405 1503/406 1507/407
f 1509/411 1507/410 1510/409
f 1510/409 1507/410 1508/412
f 1033/414 1510/409 1511/413
f 1510/409 1508/412 1511/413
usemtl texture7
f 1512/417 1513/416 1514/415
f 1515/418 1513/416 1512/417
f 1514/415 1513/416 1516/419
f 1517/420 1513/416 1515/418
f 1516/419 1513/416 1518/421
f 1518/421 1513/416 1517/420
f 404/424 403/423 1519/422
f 403/423 407/425 1519/422
f 393/426 404/424 1519/422
f 407/425 398/427 1519/422
f 394/428 393/426 1519/422
f 398/427 397/429 1519/422
f 401/430 394/428 1519/422
f 397/429 401/430 1519/422
f 1520/417 1521/416 1522/415
f 1523/418 1521/416 1520/417
f 1522/415 1521/416 1524/419
f 1525/420 1521/416 1523/418
f 1524/419 1521/416 1526/421
f 1526/421 1521/416 1525/420
f 503/424 502/423 1527/422
f 502/423 506/425 1527/422
f 492/426 503/424 1527/422
f 506/425 497/427 1527/422
f 493/428 492/426 1527/422
f 497/427 496/429 1527/422
f 500/430 493/428 1527/422
f 496/429 500/430 1527/422
f 1528/415 1529/416 1530/419
f 1530/419 1529/416 1531/421
f 1532/417 1529/416 1528/415
f 1531/421 1529/416 1533/420
f 1534/418 1529/416 1532/417
f 1533/420 1529/416 1534/418
f 1535/415 1536/416 1537/419
f 1537/419 1536/416 1538/421
f 1539/417 1536/416 1535/415
f 1538/421 1536/416 1540/420
f 1541/418 1536/416 1539/417
f 1540/420 1536/416 1541/418
f 1542/415 1543/416 1544/419
f 1544/419 1543/416 1545/421
f 1546/417 1543/416 1542/415
f 1545/421 1543/416 1547/420
f 1548/418 1543/416 1546/417
f 1547/420 1543/416 1548/418
usemtl texture8
f 1549/433 1372/432 1550/431
f 1372/432 1551/434 1550/431
f 1552/437 1553/436 1554/435
f 1553/436 1371/438 1554/435
f 1551/434 1372/432 1555/439
f 1372/432 1370/440 1555/439
f 1553/436 1556/441 1371/438
f 1556/441 1369/442 1371/438
f 1557/433 1376/432 1558/431
f 1376/432 1559/434 1558/431
f 1560/437 1561/436 1562/435
f 1561/436 1375/438 1562/435
f 1559/434 1376/432 1563/439
f 1376/432 1374/440 1563/439
f 1561/436 1564/441 1375/438
f 1564/441 1373/442 1375/438
f 1565/445 1566/444 1567/443
f 1566/444 1568/446 1567/443
f 1569/449 1570/448 1571/447
f 1570/448 1572/450 1571/447
f 773/453 774/452 764/451
f 774/452 767/454 764/451
f 771/453 766/451 772/452
f 766/451 768/454 772/452
f 777/452 778/453 759/454
f 778/453 760/451 759/454
f 779/456 765/455 771/453
f 765/455 766/451 771/453
f 780/456 773/453 763/455
f 773/453 764/451 763/455
f 776/453 762/451 781/456
f 762/451 770/455 781/456
f 775/452 761/454 776/453
f 761/454 762/451 776/453
f 778/453 782/456 760/451
f 782/456 769/455 760/451
f 772/226 768/195 774/457
f 768/195 767/198 774/457
f 761/198 775/458 759/195
f 775/458 777/226 759/195
f 763/461 765/460 780/459
f 765/460 779/462 780/459
f 770/461 769/460 781/459
f 781/459 769/460 782/462
f 805/453 806/452 791/451
f 806/452 792/454 791/451
f 803/453 793/451 804/452
f 793/451 794/454 804/452
f 807/452 797/454 808/453
f 797/454 798/451 808/453
f 809/452 810/453 795/454
f 810/453 796/451 795/454
f 812/456 805/453 799/455
f 805/453 791/451 799/455
f 808/453 798/451 813/456
f 798/451 802/455 813/456
f 811/456 800/455 803/453
f 800/455 793/451 803/453
f 810/453 814/456 796/451
f 814/456 801/455 796/451
f 804/226 794/195 806/457
f 794/195 792/198 806/457
f 797/198 807/458 795/195
f 807/458 809/226 795/195
f 799/461 800/460 812/459
f 800/460 811/462 812/459
f 802/461 801/460 813/459
f 813/459 801/460 814/462
f 833/453 834/452 819/451
f 834/452 820/454 819/451
f 831/453 821/451 832/452
f 821/451 822/454 832/452
f 835/452 825/454 836/453
f 825/454 826/451 836/453
f 837/452 838/453 823/454
f 838/453 824/451 823/454
f 840/456 833/453 827/455
f 833/453 819/451 827/455
f 836/453 826/451 841/456
f 826/451 830/455 841/456
f 839/456 828/455 831/453
f 828/455 821/451 831/453
f 838/453 842/456 824/451
f 842/456 829/455 824/451
f 832/226 822/195 834/457
f 822/195 820/198 834/457
f 825/198 835/458 823/195
f 835/458 837/226 823/195
f 827/461 828/460 840/459
f 828/460 839/462 840/459
f 830/461 829/460 841/459
f 841/459 829/460 842/462
f 869/453 870/452 855/451
f 870/452 856/454 855/451
f 871/452 861/454 872/453
f 861/454 862/451 872/453
f 873/452 874/453 859/454
f 874/453 860/451 859/454
f 867/453 857/451 868/452
f 857/451 858/454 868/452
f 876/456 869/453 863/455
f 869/453 855/451 863/455
f 875/456 864/455 867/453
f 864/455 857/451 867/453
f 872/453 862/451 877/456
f 862/451 866/455 877/456
f 874/453 878/456 860/451
f 878/456 865/455 860/451
f 868/226 858/195 870/457
f 858/195 856/198 870/457
f 861/198 871/458 859/195
f 871/458 873/226 859/195
f 863/461 864/460 876/459
f 864/460 875/462 876/459
f 866/461 865/460 877/459
f 877/459 865/460 878/462
f 939/453 940/452 925/451
f 940/452 926/454 925/451
f 941/452 931/454 942/453
f 931/454 932/451 942/453
f 943/452 944/453 929/454
f 944/453 930/451 929/454
f 937/453 927/451 938/452
f 927/451 928/454 938/452
f 946/456 939/453 933/455
f 939/453 925/451 933/455
f 945/456 934/455 937/453
f 934/455 927/451 937/453
f 942/453 932/451 947/456
f 932/451 936/455 947/456
f 944/453 948/456 930/451
f 948/456 935/455 930/451
f 938/226 928/195 940/457
f 928/195 926/198 940/457
f 931/198 941/458 929/195
f 941/458 943/226 929/195
f 933/461 934/460 946/459
f 934/460 945/462 946/459
f 936/461 935/460 947/459
f 947/459 935/460 948/462
f 963/453 964/452 954/451
f 964/452 957/454 954/451
f 961/453 956/451 962/452
f 956/451 958/454 962/452
f 967/452 968/453 949/454
f 968/453 950/451 949/454
f 969/456 955/455 961/453
f 955/455 956/451 961/453
f 970/456 963/453 953/455
f 963/453 954/451 953/455
f 966/453 952/451 971/456
f 952/451 960/455 971/456
f 965/452 951/454 966/453
f 951/454 952/451 966/453
f 968/453 972/456 950/451
f 972/456 959/455 950/451
f 962/226 958/195 964/457
f 958/195 957/198 964/457
f 951/198 965/458 949/195
f 965/458 967/226 949/195
f 953/461 955/460 970/459
f 955/460 969/462 970/459
f 960/461 959/460 971/459
f 971/459 959/460 972/462
f 1015/465 1573/464 1471/463
f 1471/463 1573/464 1574/466
f 1017/468 1575/467 1015/465
f 1015/465 1575/467 1573/464
f 1576/471 1470/470 1574/469
f 1470/470 1471/472 1574/469
f 1018/475 1577/474 1017/473
f 1017/473 1577/474 1575/476
f 1578/478 1476/477 1576/471
f 1476/477 1470/470 1576/471
f 1018/475 1020/479 1577/474
f 1020/479 1579/480 1577/474
f 1580/482 1481/481 1578/478
f 1481/481 1476/477 1578/478
f 1020/479 1022/483 1579/480
f 1022/483 1581/484 1579/480
f 1486/486 1481/481 1582/485
f 1481/481 1580/482 1582/485
f 1022/483 1024/487 1581/484
f 1024/487 1583/488 1581/484
f 1584/490 1023/489 1582/485
f 1023/489 1486/486 1582/485
f 1584/490 1583/488 1023/489
f 1583/488 1024/487 1023/489
f 1025/465 1585/464 1496/463
f 1496/463 1585/464 1586/466
f 1027/468 1587/467 1025/465
f 1025/465 1587/467 1585/464
f 1588/471 1495/470 1586/469
f 1495/470 1496/472 1586/469
f 1028/475 1589/474 1027/473
f 1027/473 1589/474 1587/476
f 1590/478 1501/477 1588/471
f 1501/477 1495/470 1588/471
f 1028/475 1030/479 1589/474
f 1030/479 1591/480 1589/474
f 1592/482 1506/481 1590/478
f 1506/481 1501/477 1590/478
f 1030/479 1032/483 1591/480
f 1032/483 1593/484 1591/480
f 1511/486 1506/481 1594/485
f 1506/481 1592/482 1594/485
f 1032/483 1034/487 1593/484
f 1034/487 1595/488 1593/484
f 1596/490 1033/489 1594/485
f 1033/489 1511/486 1594/485
f 1596/490 1595/488 1033/489
f 1595/488 1034/487 1033/489
usemtl texture9
f 1549/493 1550/492 1597/491
f 1550/492 1598/494 1597/491
f 1552/497 1554/496 1599/495
f 1554/496 1600/498 1599/495
f 1557/493 1558/492 1601/491
f 1558/492 1602/494 1601/491
f 1560/497 1562/496 1603/495
f 1562/496 1604/498 1603/495
f 1380/501 1605/500 1388/499
f 1605/500 1606/502 1388/499
f 1379/504 1380/501 1387/503
f 1380/501 1388/499 1387/503
f 1387/503 1389/505 1379/504
f 1389/505 1377/506 1379/504
f 1389/505 1391/507 1377/506
f 1391/507 1381/508 1377/506
f 1391/507 1393/509 1381/508
f 1393/509 1383/510 1381/508
f 1393/509 1395/511 1383/510
f 1395/511 1385/512 1383/510
f 1386/515 1396/514 1607/513
f 1396/514 1608/229 1607/513
f 1395/511 1396/514 1385/512
f 1396/514 1386/515 1385/512
f 1609/518 1610/517 1611/516
f 1610/517 1612/519 1611/516
f 1613/516 1614/519 1615/518
f 1614/519 1616/517 1615/518
f 1617/522 1618/521 1610/520
f 1618/521 1612/523 1610/520
f 1619/525 1620/524 1617/522
f 1620/524 1618/521 1617/522
f 1621/527 1622/526 1619/525
f 1622/526 1620/524 1619/525
f 1614/529 1622/526 1616/528
f 1622/526 1621/527 1616/528
f 1608/532 1613/531 1607/530
f 1613/531 1615/533 1607/530
f 1605/535 1609/534 1606/229
f 1609/534 1611/231 1606/229
f 1623/195 674/536 1624/198
f 674/536 673/537 1624/198
f 1625/195 848/536 1626/198
f 848/536 847/537 1626/198
f 1627/195 852/536 1628/198
f 852/536 851/537 1628/198
usemtl texture10
f 1629/540 1630/539 1631/538
f 1630/539 1632/541 1631/538
f 1629/540 1633/542 1630/539
f 1634/540 1635/539 1636/538
f 1635/539 1637/541 1636/538
f 1634/540 1638/542 1635/539
f 1639/540 1640/539 1641/538
f 1640/539 1642/541 1641/538
f 1639/540 1643/542 1640/539
usemtl texture11
f 1052/545 1632/544 1056/543
f 1632/544 1630/546 1056/543
f 1630/546 1633/547 1056/543
f 1633/547 1065/548 1056/543
f 1633/547 1629/549 1065/548
f 1629/549 1063/550 1065/548
f 1629/549 1631/551 1063/550
f 1631/551 1062/552 1063/550
f 1068/545 1637/544 1072/543
f 1637/544 1635/546 1072/543
f 1635/546 1638/547 1072/543
f 1638/547 1081/548 1072/543
f 1638/547 1634/549 1081/548
f 1634/549 1079/550 1081/548
f 1634/549 1636/551 1079/550
f 1636/551 1078/552 1079/550
f 1084/545 1642/544 1088/543
f 1642/544 1640/546 1088/543
f 1640/546 1643/547 1088/543
f 1643/547 1097/548 1088/543
f 1643/547 1639/549 1097/548
f 1639/549 1095/550 1097/548
f 1639/549 1641/551 1095/550
f 1641/551 1094/552 1095/550
f 1117/554 1120/553 73/232
f 1120/553 75/555 73/232
f 75/555 1120/553 76/556
f 76/556 1120/553 1115/557
f 71/233 76/556 1113/558
f 76/556 1115/557 1113/558
f 73/233 74/556 1117/558
f 74/556 1109/557 1117/558
f 74/556 72/555 1109/557
f 72/555 1110/553 1109/557
f 71/232 1113/554 72/555
f 72/555 1113/554 1110/553
f 77/233 82/556 1125/558
f 82/556 1127/557 1125/558
f 1129/554 1132/553 79/232
f 1132/553 81/555 79/232
f 81/555 1132/553 82/556
f 82/556 1132/553 1127/557
f 80/556 78/555 1121/557
f 78/555 1122/553 1121/557
f 79/233 80/556 1129/558
f 80/556 1121/557 1129/558
f 77/232 1125/554 78/555
f 78/555 1125/554 1122/553
f 83/233 88/556 1137/558
f 88/556 1139/557 1137/558
f 1141/554 1144/553 85/232
f 1144/553 87/555 85/232
f 87/555 1144/553 88/556
f 88/556 1144/553 1139/557
f 86/556 84/555 1133/557
f 84/555 1134/553 1133/557
f 85/233 86/556 1141/558
f 86/556 1133/557 1141/558
f 83/232 1137/554 84/555
f 84/555 1137/554 1134/553
f 1153/554 1156/553 91/232
f 1156/553 93/555 91/232
f 93/555 1156/553 94/556
f 94/556 1156/553 1151/557
f 89/233 94/556 1149/558
f 94/556 1151/557 1149/558
f 91/233 92/556 1153/558
f 92/556 1145/557 1153/558
f 92/556 90/555 1145/557
f 90/555 1146/553 1145/557
f 89/232 1149/554 90/555
f 90/555 1149/554 1146/553
f 1165/554 1168/553 97/232
f 1168/553 99/555 97/232
f 99/555 1168/553 100/556
f 100/556 1168/553 1163/557
f 95/233 100/556 1161/558
f 100/556 1163/557 1161/558
f 97/233 98/556 1165/558
f 98/556 1157/557 1165/558
f 98/556 96/555 1157/557
f 96/555 1158/553 1157/557
f 95/232 1161/554 96/555
f 96/555 1161/554 1158/553
f 1177/554 1180/553 139/232
f 1180/553 141/555 139/232
f 137/233 142/556 1173/558
f 142/556 1175/557 1173/558
f 141/555 1180/553 142/556
f 142/556 1180/553 1175/557
f 140/556 138/555 1169/557
f 138/555 1170/553 1169/557
f 139/233 140/556 1177/558
f 140/556 1169/557 1177/558
f 137/232 1173/554 138/555
f 138/555 1173/554 1170/553
f 1189/554 1192/553 145/232
f 1192/553 147/555 145/232
f 143/233 148/556 1185/558
f 148/556 1187/557 1185/558
f 147/555 1192/553 148/556
f 148/556 1192/553 1187/557
f 146/556 144/555 1181/557
f 144/555 1182/553 1181/557
f 145/233 146/556 1189/558
f 146/556 1181/557 1189/558
f 143/232 1185/554 144/555
f 144/555 1185/554 1182/553
f 1201/554 1204/553 151/232
f 1204/553 153/555 151/232
f 153/555 1204/553 154/556
f 154/556 1204/553 1199/557
f 149/233 154/556 1197/558
f 154/556 1199/557 1197/558
f 151/233 152/556 1201/558
f 152/556 1193/557 1201/558
f 152/556 150/555 1193/557
f 150/555 1194/553 1193/557
f 149/232 1197/554 150/555
f 150/555 1197/554 1194/553
f 1213/554 1216/553 157/232
f 1216/553 159/555 157/232
f 159/555 1216/553 160/556
f 160/556 1216/553 1211/557
f 155/233 160/556 1209/558
f 160/556 1211/557 1209/558
f 157/233 158/556 1213/558
f 158/556 1205/557 1213/558
f 158/556 156/555 1205/557
f 156/555 1206/553 1205/557
f 155/232 1209/554 156/555
f 156/555 1209/554 1206/553
f 1225/554 1228/553 163/232
f 1228/553 165/555 163/232
f 165/555 1228/553 166/556
f 166/556 1228/553 1223/557
f 161/233 166/556 1221/558
f 166/556 1223/557 1221/558
f 163/233 164/556 1225/558
f 164/556 1217/557 1225/558
f 164/556 162/555 1217/557
f 162/555 1218/553 1217/557
f 161/232 1221/554 162/555
f 162/555 1221/554 1218/553
f 1237/554 1240/553 169/232
f 1240/553 171/555 169/232
f 171/555 1240/553 172/556
f 172/556 1240/553 1235/557
f 167/233 172/556 1233/558
f 172/556 1235/557 1233/558
f 169/233 170/556 1237/558
f 170/556 1229/557 1237/558
f 170/556 168/555 1229/557
f 168/555 1230/553 1229/557
f 167/232 1233/554 168/555
f 168/555 1233/554 1230/553
f 1254/554 1257/553 175/232
f 1257/553 177/555 175/232
f 177/555 1257/553 178/556
f 178/556 1257/553 1252/557
f 173/233 178/556 1250/558
f 178/556 1252/557 1250/558
f 175/233 176/556 1254/558
f 176/556 1246/557 1254/558
f 176/556 174/555 1246/557
f 174/555 1247/553 1246/557
f 173/232 1250/554 174/555
f 174/555 1250/554 1247/553
f 1266/554 1269/553 181/232
f 1269/553 183/555 181/232
f 183/555 1269/553 184/556
f 184/556 1269/553 1264/557
f 179/233 184/556 1262/558
f 184/556 1264/557 1262/558
f 181/233 182/556 1266/558
f 182/556 1258/557 1266/558
f 182/556 180/555 1258/557
f 180/555 1259/553 1258/557
f 179/232 1262/554 180/555
f 180/555 1262/554 1259/553
f 1278/554 1281/553 187/232
f 1281/553 189/555 187/232
f 189/555 1281/553 190/556
f 190/556 1281/553 1276/557
f 185/233 190/556 1274/558
f 190/556 1276/557 1274/558
f 187/233 188/556 1278/558
f 188/556 1270/557 1278/558
f 188/556 186/555 1270/557
f 186/555 1271/553 1270/557
f 185/232 1274/554 186/555
f 186/555 1274/554 1271/553
f 1290/554 1293/553 193/232
f 1293/553 195/555 193/232
f 191/233 196/556 1286/558
f 196/556 1288/557 1286/558
f 195/555 1293/553 196/556
f 196/556 1293/553 1288/557
f 194/556 192/555 1282/557
f 192/555 1283/553 1282/557
f 193/233 194/556 1290/558
f 194/556 1282/557 1290/558
f 191/232 1286/554 192/555
f 192/555 1286/554 1283/553
f 1302/554 1305/553 223/232
f 1305/553 225/555 223/232
f 221/233 226/556 1298/558
f 226/556 1300/557 1298/558
f 225/555 1305/553 226/556
f 226/556 1305/553 1300/557
f 224/556 222/555 1294/557
f 222/555 1295/553 1294/557
f 223/233 224/556 1302/558
f 224/556 1294/557 1302/558
f 221/232 1298/554 222/555
f 222/555 1298/554 1295/553
f 1314/554 1317/553 229/232
f 1317/553 231/555 229/232
f 231/555 1317/553 232/556
f 232/556 1317/553 1312/557
f 227/233 232/556 1310/558
f 232/556 1312/557 1310/558
f 229/233 230/556 1314/558
f 230/556 1306/557 1314/558
f 230/556 228/555 1306/557
f 228/555 1307/553 1306/557
f 227/232 1310/554 228/555
f 228/555 1310/554 1307/553
f 1326/554 1329/553 273/232
f 1329/553 275/555 273/232
f 275/555 1329/553 276/556
f 276/556 1329/553 1324/557
f 271/233 276/556 1322/558
f 276/556 1324/557 1322/558
f 273/233 274/556 1326/558
f 274/556 1318/557 1326/558
f 274/556 272/555 1318/557
f 272/555 1319/553 1318/557
f 271/232 1322/554 272/555
f 272/555 1322/554 1319/553
usemtl texture12
f 1380/561 1378/560 1605/559
f 1378/560 1644/562 1605/559
f 1378/560 1382/563 1644/562
f 1382/563 1645/564 1644/562
f 1382/563 1384/565 1645/564
f 1384/565 1646/566 1645/564
f 1384/565 1386/567 1646/566
f 1386/567 1607/568 1646/566
f 1647/571 1390/570 1606/569
f 1390/570 1388/572 1606/569
f 1648/574 1392/573 1647/571
f 1392/573 1390/570 1647/571
f 1649/576 1394/575 1648/574
f 1394/575 1392/573 1648/574
f 1396/578 1394/575 1608/577
f 1394/575 1649/576 1608/577
f 1650/581 1617/580 1609/579
f 1617/580 1610/582 1609/579
f 1651/584 1619/583 1650/581
f 1619/583 1617/580 1650/581
f 1652/586 1621/585 1651/584
f 1621/585 1619/583 1651/584
f 1615/588 1616/587 1652/586
f 1616/587 1621/585 1652/586
f 1611/591 1612/590 1653/589
f 1612/590 1618/592 1653/589
f 1653/589 1618/592 1654/593
f 1618/592 1620/594 1654/593
f 1654/593 1620/594 1655/595
f 1620/594 1622/596 1655/595
f 1655/595 1622/596 1613/597
f 1622/596 1614/598 1613/597
f 1607/601 1615/600 1656/599
f 1615/600 1657/602 1656/599
f 1658/605 1659/604 1608/603
f 1659/604 1613/606 1608/603
f 1606/609 1611/608 1660/607
f 1611/608 1661/610 1660/607
f 1662/609 1663/608 1605/607
f 1663/608 1609/610 1605/607
usemtl texture13
f 1644/613 1647/612 1605/611
f 1647/612 1606/614 1605/611
f 1645/616 1648/615 1644/613
f 1648/615 1647/612 1644/613
f 1646/618 1649/617 1645/616
f 1649/617 1648/615 1645/616
f 1608/620 1649/617 1607/619
f 1649/617 1646/618 1607/619
f 1611/623 1653/622 1609/621
f 1653/622 1650/624 1609/621
f 1653/622 1654/625 1650/624
f 1654/625 1651/524 1650/624
f 1654/625 1655/626 1651/524
f 1655/626 1652/627 1651/524
f 1655/626 1613/628 1652/627
f 1613/628 1615/629 1652/627
f 1571/632 1572/631 1565/630
f 1572/631 1566/633 1565/630
f 1567/630 1568/633 1569/632
f 1568/633 1570/631 1569/632
f 1656/636 1657/635 1658/634
f 1657/635 1659/637 1658/634
f 1660/640 1661/639 1662/638
f 1661/639 1663/641 1662/638
f 674/226 1623/225 676/195
f 1623/225 1664/227 676/195
f 676/233 1664/230 675/232
f 1664/230 1665/228 675/232
f 673/226 675/195 1624/225
f 675/195 1665/227 1624/225
f 1664/230 1623/229 1665/228
f 1623/229 1624/231 1665/228
f 848/226 1625/225 850/195
f 1625/225 1666/227 850/195
f 850/233 1666/230 849/232
f 1666/230 1667/228 849/232
f 847/226 849/195 1626/225
f 849/195 1667/227 1626/225
f 1666/230 1625/229 1667/228
f 1625/229 1626/231 1667/228
f 852/226 1627/225 854/195
f 1627/225 1668/227 854/195
f 854/233 1668/230 853/232
f 1668/230 1669/228 853/232
f 851/226 853/195 1628/225
f 853/195 1669/227 1628/225
f 1668/230 1627/229 1669/228
f 1627/229 1628/231 1669/228
usemtl texture14
f 1670/644 1671/643 1672/642
f 1673/645 1670/644 1672/642
f 1671/643 1673/645 1672/642
f 1674/644 1675/643 1676/642
f 1677/645 1674/644 1676/642
f 1675/643 1677/645 1676/642
f 1678/644 1679/643 1680/642
f 1681/645 1678/644 1680/642
f 1679/643 1681/645 1680/642
usemtl texture15
f 1682/648 1683/647 1684/646
f 1684/646 1683/647 1685/649
f 1686/651 1687/650 1685/649
f 1687/650 1684/646 1685/649
f 1688/653 1683/647 1689/652
f 1682/648 1689/652 1683/647
f 1690/655 1691/654 1686/651
f 1691/654 1687/650 1686/651
f 1690/657 1688/653 1691/656
f 1689/652 1691/656 1688/653
f 1692/659 1685/649 1693/658
f 1683/647 1693/658 1685/649
f 1694/660 1693/658 1688/653
f 1688/653 1693/658 1683/647
f 1695/661 1686/651 1692/659
f 1685/649 1692/659 1686/651
f 1696/662 1694/660 1690/657
f 1690/657 1694/660 1688/653
f 1696/663 1690/655 1695/661
f 1690/655 1686/651 1695/661
f 1697/665 1698/664 1693/658
f 1693/658 1698/664 1692/659
f 1695/661 1692/659 1699/666
f 1692/659 1698/664 1699/666
f 1700/667 1697/665 1694/660
f 1697/665 1693/658 1694/660
f 1696/663 1695/661 1701/668
f 1701/668 1695/661 1699/666
f 1701/669 1700/667 1696/662
f 1696/662 1700/667 1694/660
f 1702/671 1703/670 1697/665
f 1703/670 1698/664 1697/665
f 1703/670 1704/672 1698/664
f 1699/666 1698/664 1704/672
f 1697/665 1700/667 1702/671
f 1702/671 1700/667 1705/673
f 1701/668 1699/666 1706/674
f 1706/674 1699/666 1704/672
f 1700/667 1701/669 1705/673
f 1701/669 1706/675 1705/673
f 1707/677 1703/670 1708/676
f 1708/676 1703/670 1702/671
f 1707/677 1709/678 1703/670
f 1703/670 1709/678 1704/672
f 1708/676 1702/671 1710/679
f 1710/679 1702/671 1705/673
f 1704/672 1709/678 1706/674
f 1711/680 1706/674 1709/678
f 1710/679 1705/673 1711/681
f 1706/675 1711/681 1705/673
f 1712/683 1707/677 1713/682
f 1707/677 1708/676 1713/682
f 1707/677 1712/683 1709/678
f 1709/678 1712/683 1714/684
f 1713/682 1708/676 1715/685
f 1708/676 1710/679 1715/685
f 1709/678 1714/684 1711/680
f 1716/686 1711/680 1714/684
f 1715/685 1710/679 1716/687
f 1710/679 1711/681 1716/687
f 1717/689 1712/683 1718/688
f 1713/682 1718/688 1712/683
f 1717/689 1719/690 1712/683
f 1712/683 1719/690 1714/684
f 1718/688 1713/682 1720/691
f 1715/685 1720/691 1713/682
f 1714/684 1719/690 1716/686
f 1721/692 1716/686 1719/690
f 1720/691 1715/685 1721/693
f 1716/687 1721/693 1715/685
f 1722/695 1717/689 1723/694
f 1718/688 1723/694 1717/689
f 1722/695 1724/696 1717/689
f 1719/690 1717/689 1724/696
f 1723/694 1718/688 1725/697
f 1725/697 1718/688 1720/691
f 1719/690 1724/696 1721/692
f 1726/698 1721/692 1724/696
f 1725/697 1720/691 1726/699
f 1721/693 1726/699 1720/691
f 1727/701 1725/697 1728/700
f 1726/699 1728/700 1725/697
f 1724/696 1729/702 1726/698
f 1728/703 1726/698 1729/702
f 1723/694 1725/697 1730/704
f 1730/704 1725/697 1727/701
f 1722/695 1731/705 1724/696
f 1724/696 1731/705 1729/702
f 1723/694 1730/704 1722/695
f 1731/705 1722/695 1730/704
f 1729/702 1732/706 1728/703
f 1733/707 1728/703 1732/706
f 1734/709 1727/701 1733/708
f 1728/700 1733/708 1727/701
f 1731/705 1735/710 1729/702
f 1735/710 1732/706 1729/702
f 1736/711 1730/704 1734/709
f 1734/709 1730/704 1727/701
f 1735/710 1731/705 1736/711
f 1736/711 1731/705 1730/704
f 1734/709 1733/708 1737/712
f 1733/708 1738/713 1737/712
f 1732/706 1739/714 1733/707
f 1738/715 1733/707 1739/714
f 1736/711 1734/709 1740/716
f 1734/709 1737/712 1740/716
f 1735/710 1741/717 1732/706
f 1732/706 1741/717 1739/714
f 1735/710 1736/711 1741/717
f 1736/711 1740/716 1741/717
f 1737/712 1738/713 1742/718
f 1738/713 1743/719 1742/718
f 1739/714 1744/720 1738/715
f 1743/721 1738/715 1744/720
f 1740/716 1737/712 1745/722
f 1737/712 1742/718 1745/722
f 1741/717 1746/723 1739/714
f 1746/723 1744/720 1739/714
f 1740/716 1745/722 1741/717
f 1745/722 1746/723 1741/717
f 1747/725 1743/721 1748/724
f 1743/721 1744/720 1748/724
f 1747/727 1749/726 1743/719
f 1743/719 1749/726 1742/718
f 1746/723 1750/728 1744/720
f 1744/720 1750/728 1748/724
f 1749/726 1751/729 1742/718
f 1751/729 1745/722 1742/718
f 1745/722 1751/729 1746/723
f 1751/729 1750/728 1746/723
f 1752/731 1747/725 1753/730
f 1747/725 1748/724 1753/730
f 1747/727 1752/732 1749/726
f 1752/732 1754/733 1749/726
f 1748/724 1750/728 1753/730
f 1750/728 1755/734 1753/730
f 1749/726 1754/733 1751/729
f 1756/735 1751/729 1754/733
f 1755/734 1750/728 1756/735
f 1750/728 1751/729 1756/735
f 1752/732 1757/736 1754/733
f 1757/736 1758/737 1754/733
f 1757/739 1752/731 1759/738
f 1752/731 1753/730 1759/738
f 1758/737 1760/740 1754/733
f 1760/740 1756/735 1754/733
f 1759/738 1753/730 1761/741
f 1755/734 1761/741 1753/730
f 1760/740 1761/741 1756/735
f 1761/741 1755/734 1756/735
f 1757/736 1762/742 1758/737
f 1758/737 1762/742 1763/743
f 1762/745 1757/739 1764/744
f 1757/739 1759/738 1764/744
f 1764/744 1759/738 1765/746
f 1759/738 1761/741 1765/746
f 1763/743 1766/747 1758/737
f 1760/740 1758/737 1766/747
f 1760/740 1766/747 1761/741
f 1761/741 1766/747 1765/746
f 1767/749 1762/745 1768/748
f 1762/745 1764/744 1768/748
f 1762/742 1767/750 1763/743
f 1767/750 1769/751 1763/743
f 1768/748 1764/744 1770/752
f 1765/746 1770/752 1764/744
f 1763/743 1769/751 1766/747
f 1769/751 1771/753 1766/747
f 1771/753 1770/752 1766/747
f 1766/747 1770/752 1765/746
f 1772/755 1773/754 1767/750
f 1767/750 1773/754 1769/751
f 1772/757 1767/749 1774/756
f 1767/749 1768/748 1774/756
f 1773/754 1775/758 1769/751
f 1775/758 1771/753 1769/751
f 1774/756 1768/748 1776/759
f 1768/748 1770/752 1776/759
f 1771/753 1775/758 1770/752
f 1775/758 1776/759 1770/752
f 1772/755 1777/760 1773/754
f 1777/760 1778/761 1773/754
f 1772/757 1774/756 1777/762
f 1777/762 1774/756 1779/763
f 1773/754 1778/761 1775/758
f 1780/764 1775/758 1778/761
f 1774/756 1776/759 1779/763
f 1776/759 1781/765 1779/763
f 1781/765 1776/759 1780/764
f 1776/759 1775/758 1780/764
f 1782/767 1777/762 1783/766
f 1777/762 1779/763 1783/766
f 1777/760 1782/768 1778/761
f 1782/768 1784/769 1778/761
f 1784/769 1785/770 1778/761
f 1785/770 1780/764 1778/761
f 1783/766 1779/763 1786/771
f 1781/765 1786/771 1779/763
f 1785/770 1786/771 1780/764
f 1786/771 1781/765 1780/764
f 1787/774 1788/773 1789/772
f 1788/773 1790/775 1789/772
f 1788/778 1787/777 1791/776
f 1791/776 1787/777 1792/779
f 1790/775 1793/780 1789/772
f 1793/780 1794/781 1789/772
f 1791/776 1792/779 1795/782
f 1795/782 1792/779 1796/783
f 1793/780 1795/782 1794/781
f 1795/782 1796/783 1794/781
f 1787/777 1797/784 1792/779
f 1797/784 1798/785 1792/779
f 1797/787 1787/774 1799/786
f 1787/774 1789/772 1799/786
f 1792/779 1798/785 1796/783
f 1798/785 1800/788 1796/783
f 1799/786 1789/772 1801/789
f 1794/781 1801/789 1789/772
f 1801/789 1794/781 1800/788
f 1796/783 1800/788 1794/781
f 1797/784 1802/790 1798/785
f 1802/790 1803/791 1798/785
f 1802/793 1797/787 1804/792
f 1797/787 1799/786 1804/792
f 1803/791 1805/794 1798/785
f 1805/794 1800/788 1798/785
f 1799/786 1801/789 1804/792
f 1801/789 1806/795 1804/792
f 1806/795 1801/789 1805/794
f 1800/788 1805/794 1801/789
f 1802/790 1807/796 1803/791
f 1807/796 1808/797 1803/791
f 1807/799 1802/793 1809/798
f 1802/793 1804/792 1809/798
f 1803/791 1808/797 1805/794
f 1810/800 1805/794 1808/797
f 1804/792 1806/795 1809/798
f 1806/795 1811/801 1809/798
f 1805/794 1810/800 1806/795
f 1811/801 1806/795 1810/800
f 1807/796 1812/802 1808/797
f 1812/802 1813/803 1808/797
f 1812/805 1807/799 1814/804
f 1807/799 1809/798 1814/804
f 1813/803 1815/806 1808/797
f 1815/806 1810/800 1808/797
f 1814/804 1809/798 1816/807
f 1811/801 1816/807 1809/798
f 1815/806 1816/807 1810/800
f 1816/807 1811/801 1810/800
f 1812/802 1817/808 1813/803
f 1813/803 1817/808 1818/809
f 1817/811 1812/805 1819/810
f 1812/805 1814/804 1819/810
f 1813/803 1818/809 1815/806
f 1815/806 1818/809 1820/812
f 1814/804 1816/807 1819/810
f 1816/807 1821/813 1819/810
f 1815/806 1820/812 1816/807
f 1816/807 1820/812 1821/813
f 1822/815 1817/811 1823/814
f 1817/811 1819/810 1823/814
f 1817/808 1822/816 1818/809
f 1822/816 1824/817 1818/809
f 1823/814 1819/810 1825/818
f 1821/813 1825/818 1819/810
f 1818/809 1824/817 1820/812
f 1824/817 1826/819 1820/812
f 1820/812 1826/819 1821/813
f 1826/819 1825/818 1821/813
f 1827/821 1822/815 1828/820
f 1822/815 1823/814 1828/820
f 1822/816 1827/822 1824/817
f 1827/822 1829/823 1824/817
f 1828/820 1823/814 1830/824
f 1823/814 1825/818 1830/824
f 1829/823 1831/825 1824/817
f 1831/825 1826/819 1824/817
f 1826/819 1831/825 1825/818
f 1831/825 1830/824 1825/818
f 1832/827 1827/821 1833/826
f 1827/821 1828/820 1833/826
f 1827/822 1832/828 1829/823
f 1832/828 1834/829 1829/823
f 1828/820 1830/824 1833/826
f 1830/824 1835/830 1833/826
f 1829/823 1834/829 1831/825
f 1836/831 1831/825 1834/829
f 1835/830 1830/824 1836/831
f 1830/824 1831/825 1836/831
f 1837/833 1832/827 1838/832
f 1832/827 1833/826 1838/832
f 1832/828 1837/834 1834/829
f 1837/834 1839/835 1834/829
f 1833/826 1835/830 1838/832
f 1835/830 1840/836 1838/832
f 1834/829 1839/835 1836/831
f 1839/835 1841/837 1836/831
f 1840/836 1835/830 1841/837
f 1841/837 1835/830 1836/831
f 1842/840 1843/839 1844/838
f 1844/838 1843/839 1845/841
f 1843/839 1846/842 1845/841
f 1846/842 1847/843 1845/841
f 1842/840 1844/838 1848/844
f 1848/844 1844/838 1849/845
f 1844/838 1845/841 1850/846
f 1851/847 1850/846 1845/841
f 1844/838 1850/846 1849/845
f 1850/846 1852/848 1849/845
f 1848/844 1849/845 1853/849
f 1854/850 1853/849 1849/845
f 1845/841 1847/843 1851/847
f 1855/851 1851/847 1847/843
f 1843/839 1842/840 1856/852
f 1842/840 1857/853 1856/852
f 1846/842 1843/839 1858/854
f 1856/852 1858/854 1843/839
f 1859/856 1860/855 1846/842
f 1847/843 1846/842 1860/855
f 1848/844 1861/857 1842/840
f 1857/853 1842/840 1861/857
f 1849/845 1852/848 1854/850
f 1852/848 1862/858 1854/850
f 1853/849 1854/850 1863/859
f 1863/859 1854/850 1864/860
f 1860/855 1865/861 1847/843
f 1865/861 1855/851 1847/843
f 1853/849 1866/862 1848/844
f 1848/844 1866/862 1861/857
f 1846/842 1858/854 1859/856
f 1858/854 1867/863 1859/856
f 1850/866 1851/865 1868/864
f 1868/864 1851/865 1869/867
f 1856/852 1857/853 1869/867
f 1857/853 1868/864 1869/867
f 1852/869 1850/866 1870/868
f 1850/866 1868/864 1870/868
f 1851/865 1855/870 1869/867
f 1855/870 1871/871 1869/867
f 1858/854 1856/852 1871/871
f 1869/867 1871/871 1856/852
f 1854/850 1862/858 1864/860
f 1862/858 1872/872 1864/860
f 1857/853 1861/857 1868/864
f 1868/864 1861/857 1870/868
f 1863/859 1873/873 1853/849
f 1873/873 1866/862 1853/849
f 1874/875 1863/859 1875/874
f 1875/874 1863/859 1864/860
f 1852/869 1870/868 1862/876
f 1862/876 1870/868 1876/877
f 1877/879 1878/878 1859/856
f 1860/855 1859/856 1878/878
f 1866/862 1876/877 1861/857
f 1861/857 1876/877 1870/868
f 1865/881 1879/880 1855/870
f 1855/870 1879/880 1871/871
f 1858/854 1871/871 1867/863
f 1879/880 1867/863 1871/871
f 1878/878 1880/882 1860/855
f 1880/882 1865/861 1860/855
f 1875/874 1864/860 1881/883
f 1872/872 1881/883 1864/860
f 1882/884 1873/873 1874/875
f 1874/875 1873/873 1863/859
f 1883/886 1874/875 1884/885
f 1874/875 1875/874 1884/885
f 1862/876 1876/877 1872/887
f 1872/887 1876/877 1885/888
f 1859/856 1867/863 1877/879
f 1867/863 1886/889 1877/879
f 1873/873 1885/888 1866/862
f 1885/888 1876/877 1866/862
f 1881/883 1887/890 1875/874
f 1887/890 1884/885 1875/874
f 1888/892 1883/886 1889/891
f 1889/891 1883/886 1884/885
f 1880/894 1890/893 1865/881
f 1879/880 1865/881 1890/893
f 1891/895 1882/884 1883/886
f 1882/884 1874/875 1883/886
f 1885/888 1892/896 1872/887
f 1892/896 1881/897 1872/887
f 1867/863 1879/880 1886/889
f 1879/880 1890/893 1886/889
f 1873/873 1882/884 1885/888
f 1882/884 1892/896 1885/888
f 1887/890 1893/898 1884/885
f 1893/898 1889/891 1884/885
f 1894/900 1888/892 1895/899
f 1888/892 1889/891 1895/899
f 1896/902 1897/901 1877/879
f 1877/879 1897/901 1878/878
f 1898/903 1891/895 1888/892
f 1883/886 1888/892 1891/895
f 1897/901 1899/904 1878/878
f 1899/904 1880/882 1878/878
f 1892/896 1900/905 1881/897
f 1887/906 1881/897 1900/905
f 1895/899 1889/891 1901/907
f 1893/898 1901/907 1889/891
f 1902/909 1894/900 1903/908
f 1903/908 1894/900 1895/899
f 1882/884 1891/895 1892/896
f 1892/896 1891/895 1900/905
f 1904/911 1902/909 1905/910
f 1902/909 1903/908 1905/910
f 1903/908 1895/899 1906/912
f 1901/907 1906/912 1895/899
f 1907/913 1898/903 1894/900
f 1898/903 1888/892 1894/900
f 1908/915 1904/911 1909/914
f 1909/914 1904/911 1905/910
f 1910/918 1911/917 1912/916
f 1911/917 1913/919 1912/916
f 1914/921 1915/920 1911/917
f 1913/919 1911/917 1915/920
f 1916/923 1910/918 1917/922
f 1917/922 1910/918 1912/916
f 1918/925 1908/915 1919/924
f 1908/915 1909/914 1919/924
f 1920/928 1921/927 1922/926
f 1922/926 1921/927 1923/929
f 1921/927 1924/930 1923/929
f 1924/930 1925/931 1923/929
f 1926/933 1920/928 1927/932
f 1920/928 1922/926 1927/932
f 1928/936 1929/935 1930/934
f 1930/934 1929/935 1931/937
f 1932/939 1928/936 1933/938
f 1928/936 1930/934 1933/938
f 1929/935 1934/940 1931/937
f 1931/937 1934/940 1935/941
f 1936/944 1937/943 1938/942
f 1938/942 1937/943 1939/945
f 1940/947 1936/944 1941/946
f 1936/944 1938/942 1941/946
f 1942/949 1940/947 1943/948
f 1943/948 1940/947 1941/946
f 1944/951 1932/939 1945/950
f 1945/950 1932/939 1933/938
f 1943/948 1946/952 1942/949
f 1947/953 1942/949 1946/952
f 1948/955 1926/933 1949/954
f 1949/954 1926/933 1927/932
f 1937/943 1950/956 1939/945
f 1950/956 1951/957 1939/945
f 1952/959 1953/958 1946/952
f 1953/958 1947/953 1946/952
f 1952/959 1954/960 1953/958
f 1955/961 1953/958 1954/960
f 1956/963 1957/962 1954/960
f 1957/962 1955/961 1954/960
f 1956/963 1958/964 1957/962
f 1959/965 1957/962 1958/964
f 1960/967 1959/965 1961/966
f 1961/966 1959/965 1958/964
f 1962/969 1944/951 1963/968
f 1944/951 1945/950 1963/968
f 1934/940 1964/970 1935/941
f 1964/970 1965/971 1935/941
f 1950/956 1962/969 1951/957
f 1951/957 1962/969 1963/968
f 1924/930 1966/972 1925/931
f 1925/931 1966/972 1967/973
f 1964/970 1968/974 1965/971
f 1965/971 1968/974 1969/975
f 1968/974 1948/955 1969/975
f 1948/955 1949/954 1969/975
f 1970/977 1916/923 1971/976
f 1916/923 1917/922 1971/976
f 1966/972 1972/978 1967/973
f 1972/978 1973/979 1967/973
f 1972/978 1970/977 1973/979
f 1973/979 1970/977 1971/976
f 1914/921 1918/925 1915/920
f 1915/920 1918/925 1919/924
f 1900/905 1974/980 1887/906
f 1893/981 1887/906 1974/980
f 1877/879 1886/889 1896/902
f 1886/889 1975/982 1896/902
f 1905/910 1903/908 1976/983
f 1906/912 1976/983 1903/908
f 1909/914 1905/910 1977/984
f 1976/983 1977/984 1905/910
f 1891/895 1898/903 1900/905
f 1898/903 1974/980 1900/905
f 1912/916 1913/919 1978/985
f 1979/986 1978/985 1913/919
f 1913/919 1915/920 1979/986
f 1980/987 1979/986 1915/920
f 1917/922 1912/916 1981/988
f 1978/985 1981/988 1912/916
f 1922/926 1923/929 1982/989
f 1983/990 1982/989 1923/929
f 1923/929 1925/931 1983/990
f 1984/991 1983/990 1925/931
f 1927/932 1922/926 1985/992
f 1982/989 1985/992 1922/926
f 1919/924 1909/914 1986/993
f 1977/984 1986/993 1909/914
f 1930/934 1931/937 1987/994
f 1988/995 1987/994 1931/937
f 1933/938 1930/934 1989/996
f 1987/994 1989/996 1930/934
f 1945/950 1933/938 1990/997
f 1989/996 1990/997 1933/938
f 1943/948 1941/946 1991/998
f 1992/999 1991/998 1941/946
f 1991/998 1993/1000 1943/948
f 1993/1000 1946/952 1943/948
f 1931/937 1935/941 1988/995
f 1994/1001 1988/995 1935/941
f 1941/946 1938/942 1992/999
f 1995/1002 1992/999 1938/942
f 1996/1004 1997/1003 1958/964
f 1997/1003 1961/966 1958/964
f 1949/954 1927/932 1998/1005
f 1985/992 1998/1005 1927/932
f 1963/968 1945/950 1999/1006
f 1990/997 1999/1006 1945/950
f 1993/1000 2000/1007 1946/952
f 2000/1007 1952/959 1946/952
f 2000/1007 2001/1008 1952/959
f 2001/1008 1954/960 1952/959
f 1939/945 1951/957 2002/1009
f 2003/1010 2002/1009 1951/957
f 1938/942 1939/945 1995/1002
f 2002/1009 1995/1002 1939/945
f 2001/1008 2004/1011 1954/960
f 2004/1011 1956/963 1954/960
f 2004/1011 1996/1004 1956/963
f 1996/1004 1958/964 1956/963
f 1951/957 1963/968 2003/1010
f 1999/1006 2003/1010 1963/968
f 1935/941 1965/971 1994/1001
f 2005/1012 1994/1001 1965/971
f 1925/931 1967/973 1984/991
f 2006/1013 1984/991 1967/973
f 1969/975 1949/954 2007/1014
f 1998/1005 2007/1014 1949/954
f 1965/971 1969/975 2005/1012
f 2007/1014 2005/1012 1969/975
f 1971/976 1917/922 2008/1015
f 1981/988 2008/1015 1917/922
f 1967/973 1973/979 2006/1013
f 2009/1016 2006/1013 1973/979
f 1973/979 1971/976 2009/1016
f 2008/1015 2009/1016 1971/976
f 1915/920 1919/924 1980/987
f 1986/993 1980/987 1919/924
f 2010/1017 1907/913 1902/909
f 1902/909 1907/913 1894/900
f 1899/1019 2011/1018 1880/894
f 1880/894 2011/1018 1890/893
f 1974/980 2012/1020 1893/981
f 1901/1021 1893/981 2012/1020
f 2013/1022 2010/1017 1904/911
f 2010/1017 1902/909 1904/911
f 1886/889 1890/893 1975/982
f 1890/893 2011/1018 1975/982
f 2014/1023 2013/1022 1908/915
f 1904/911 1908/915 2013/1022
f 1898/903 1907/913 1974/980
f 2012/1020 1974/980 1907/913
f 1911/917 1910/918 2015/1024
f 2016/1025 2015/1024 1910/918
f 1914/921 1911/917 2017/1026
f 2015/1024 2017/1026 1911/917
f 2018/1027 2014/1023 1918/925
f 2014/1023 1908/915 1918/925
f 1916/923 2019/1028 1910/918
f 2019/1028 2016/1025 1910/918
f 1921/927 1920/928 2020/1029
f 1920/928 2021/1030 2020/1029
f 1924/930 1921/927 2022/1031
f 2022/1031 1921/927 2020/1029
f 1920/928 1926/933 2021/1030
f 2023/1032 2021/1030 1926/933
f 1929/935 1928/936 2024/1033
f 2025/1034 2024/1033 1928/936
f 1929/935 2024/1033 1934/940
f 2024/1033 2026/1035 1934/940
f 2027/1036 2025/1034 1932/939
f 2025/1034 1928/936 1932/939
f 1936/944 1940/947 2028/1037
f 2028/1037 1940/947 2029/1038
f 1936/944 2028/1037 1937/943
f 2028/1037 2030/1039 1937/943
f 1940/947 1942/949 2029/1038
f 1942/949 2031/1040 2029/1038
f 1944/951 2032/1041 1932/939
f 2032/1041 2027/1036 1932/939
f 2033/1042 2031/1040 1947/953
f 2031/1040 1942/949 1947/953
f 2034/1044 2035/1043 1959/965
f 2035/1043 1957/962 1959/965
f 1960/967 2036/1045 1959/965
f 2036/1045 2034/1044 1959/965
f 2026/1035 2037/1046 1934/940
f 2037/1046 1964/970 1934/940
f 2030/1039 2038/1047 1937/943
f 2038/1047 1950/956 1937/943
f 1953/958 2039/1048 1947/953
f 2039/1048 2033/1042 1947/953
f 2039/1048 1953/958 2040/1049
f 1953/958 1955/961 2040/1049
f 1955/961 1957/962 2040/1049
f 1957/962 2035/1043 2040/1049
f 2041/1050 2023/1032 1948/955
f 1948/955 2023/1032 1926/933
f 2032/1041 1944/951 2042/1051
f 1944/951 1962/969 2042/1051
f 1950/956 2038/1047 1962/969
f 1962/969 2038/1047 2042/1051
f 1924/930 2022/1031 1966/972
f 2022/1031 2043/1052 1966/972
f 1964/970 2037/1046 1968/974
f 1968/974 2037/1046 2044/1053
f 2041/1050 1948/955 2044/1053
f 1948/955 1968/974 2044/1053
f 2019/1028 1916/923 2045/1054
f 1916/923 1970/977 2045/1054
f 2043/1052 2046/1055 1966/972
f 2046/1055 1972/978 1966/972
f 2046/1055 2045/1054 1972/978
f 1970/977 1972/978 2045/1054
f 2017/1026 2018/1027 1914/921
f 1914/921 2018/1027 1918/925
f 2012/1020 2047/1056 1901/1021
f 2047/1056 1906/1057 1901/1021
f 2047/1056 2048/1058 1906/1057
f 1976/1059 1906/1057 2048/1058
f 1907/913 2010/1017 2012/1020
f 2010/1017 2047/1056 2012/1020
f 2048/1058 2049/1060 1976/1059
f 1977/1061 1976/1059 2049/1060
f 2050/1064 2051/1063 1979/1062
f 1978/1065 1979/1062 2051/1063
f 2052/1067 2050/1064 1980/1066
f 1979/1062 1980/1066 2050/1064
f 2053/1069 1981/1068 2051/1063
f 1981/1068 1978/1065 2051/1063
f 2054/1072 1982/1071 2055/1070
f 1982/1071 1983/1073 2055/1070
f 2056/1075 2055/1070 1984/1074
f 1983/1073 1984/1074 2055/1070
f 2054/1072 2057/1076 1982/1071
f 1985/1077 1982/1071 2057/1076
f 2049/1060 2058/1078 1977/1061
f 1986/1079 1977/1061 2058/1078
f 2059/1082 2060/1081 1988/1080
f 1987/1083 1988/1080 2060/1081
f 2060/1081 2061/1084 1987/1083
f 1989/1085 1987/1083 2061/1084
f 2059/1082 1988/1080 2062/1086
f 1988/1080 1994/1087 2062/1086
f 2063/1089 1990/1088 2061/1084
f 1990/1088 1989/1085 2061/1084
f 2064/1092 2065/1091 1995/1090
f 1992/1093 1995/1090 2065/1091
f 2065/1091 2066/1094 1992/1093
f 1991/1095 1992/1093 2066/1094
f 1993/1097 1991/1095 2067/1096
f 1991/1095 2066/1094 2067/1096
f 2068/1099 1998/1098 2057/1076
f 1998/1098 1985/1077 2057/1076
f 2063/1089 2069/1100 1990/1088
f 1999/1101 1990/1088 2069/1100
f 2064/1092 1995/1090 2070/1102
f 1995/1090 2002/1103 2070/1102
f 2000/1105 1993/1097 2071/1104
f 2071/1104 1993/1097 2067/1096
f 2001/1107 2000/1105 2072/1106
f 2000/1105 2071/1104 2072/1106
f 2004/1109 2001/1107 2073/1108
f 2001/1107 2072/1106 2073/1108
f 1996/1111 2004/1109 2074/1110
f 2004/1109 2073/1108 2074/1110
f 2075/1113 1997/1112 2074/1110
f 1997/1112 1996/1111 2074/1110
f 2069/1100 2076/1114 1999/1101
f 2003/1115 1999/1101 2076/1114
f 2076/1114 2070/1102 2003/1115
f 2002/1103 2003/1115 2070/1102
f 2077/1117 2062/1086 2005/1116
f 1994/1087 2005/1116 2062/1086
f 2056/1075 1984/1074 2078/1118
f 1984/1074 2006/1119 2078/1118
f 2068/1099 2079/1120 1998/1098
f 2007/1121 1998/1098 2079/1120
f 2079/1120 2077/1117 2007/1121
f 2005/1116 2007/1121 2077/1117
f 2053/1069 2080/1122 1981/1068
f 2008/1123 1981/1068 2080/1122
f 2081/1125 2078/1118 2009/1124
f 2006/1119 2009/1124 2078/1118
f 2080/1122 2081/1125 2008/1123
f 2009/1124 2008/1123 2081/1125
f 2052/1067 1980/1066 2058/1078
f 1980/1066 1986/1079 2058/1078
f 2010/1017 2013/1022 2047/1056
f 2047/1056 2013/1022 2048/1058
f 2013/1022 2014/1023 2048/1058
f 2014/1023 2049/1060 2048/1058
f 2015/1024 2016/1025 2050/1064
f 2051/1063 2050/1064 2016/1025
f 2017/1026 2015/1024 2052/1067
f 2052/1067 2015/1024 2050/1064
f 2019/1028 2053/1069 2016/1025
f 2053/1069 2051/1063 2016/1025
f 2014/1023 2018/1027 2049/1060
f 2058/1078 2049/1060 2018/1027
f 2020/1029 2021/1030 2055/1070
f 2021/1030 2054/1072 2055/1070
f 2022/1031 2020/1029 2056/1075
f 2056/1075 2020/1029 2055/1070
f 2021/1030 2023/1032 2054/1072
f 2057/1076 2054/1072 2023/1032
f 2024/1033 2025/1034 2059/1082
f 2059/1082 2025/1034 2060/1081
f 2024/1033 2059/1082 2026/1035
f 2059/1082 2062/1086 2026/1035
f 2025/1034 2027/1036 2060/1081
f 2061/1084 2060/1081 2027/1036
f 2028/1037 2029/1038 2064/1092
f 2064/1092 2029/1038 2065/1091
f 2032/1041 2063/1089 2027/1036
f 2063/1089 2061/1084 2027/1036
f 2029/1038 2031/1040 2065/1091
f 2031/1040 2066/1094 2065/1091
f 2067/1096 2066/1094 2033/1042
f 2066/1094 2031/1040 2033/1042
f 2028/1037 2064/1092 2030/1039
f 2064/1092 2070/1102 2030/1039
f 2036/1045 2075/1113 2034/1044
f 2075/1113 2074/1110 2034/1044
f 2041/1050 2068/1099 2023/1032
f 2068/1099 2057/1076 2023/1032
f 2038/1047 2030/1039 2076/1114
f 2070/1102 2076/1114 2030/1039
f 2071/1104 2067/1096 2039/1048
f 2039/1048 2067/1096 2033/1042
f 2071/1104 2039/1048 2072/1106
f 2039/1048 2040/1049 2072/1106
f 2073/1108 2072/1106 2035/1043
f 2040/1049 2035/1043 2072/1106
f 2074/1110 2073/1108 2034/1044
f 2073/1108 2035/1043 2034/1044
f 2032/1041 2042/1051 2063/1089
f 2063/1089 2042/1051 2069/1100
f 2042/1051 2038/1047 2069/1100
f 2038/1047 2076/1114 2069/1100
f 2037/1046 2026/1035 2077/1117
f 2062/1086 2077/1117 2026/1035
f 2022/1031 2056/1075 2043/1052
f 2056/1075 2078/1118 2043/1052
f 2041/1050 2044/1053 2068/1099
f 2068/1099 2044/1053 2079/1120
f 2044/1053 2037/1046 2079/1120
f 2037/1046 2077/1117 2079/1120
f 2019/1028 2045/1054 2053/1069
f 2053/1069 2045/1054 2080/1122
f 2046/1055 2043/1052 2081/1125
f 2078/1118 2081/1125 2043/1052
f 2045/1054 2046/1055 2080/1122
f 2046/1055 2081/1125 2080/1122
f 2017/1026 2052/1067 2018/1027
f 2052/1067 2058/1078 2018/1027
f 2082/1127 2083/1126 1897/901
f 2083/1126 1899/904 1897/901
f 1897/901 1896/902 2082/1127
f 1896/902 2084/1128 2082/1127
f 2083/1130 2085/1129 1899/1019
f 1899/1019 2085/1129 2011/1018
f 1896/902 1975/982 2084/1128
f 2084/1128 1975/982 2086/1131
f 1975/982 2011/1018 2086/1131
f 2086/1131 2011/1018 2085/1129
f 2087/1133 2088/1132 2082/1127
f 2088/1132 2083/1126 2082/1127
f 2082/1127 2084/1128 2087/1133
f 2084/1128 2089/1134 2087/1133
f 2088/1136 2090/1135 2083/1130
f 2083/1130 2090/1135 2085/1129
f 2084/1128 2086/1131 2089/1134
f 2091/1137 2089/1134 2086/1131
f 2086/1131 2085/1129 2091/1137
f 2090/1135 2091/1137 2085/1129
f 2092/1139 2093/1138 2087/1133
f 2093/1138 2088/1132 2087/1133
f 2093/1141 2094/1140 2088/1136
f 2090/1135 2088/1136 2094/1140
f 2087/1133 2089/1134 2092/1139
f 2089/1134 2095/1142 2092/1139
f 2091/1137 2090/1135 2096/1143
f 2090/1135 2094/1140 2096/1143
f 2089/1134 2091/1137 2095/1142
f 2091/1137 2096/1143 2095/1142
f 2097/1145 2098/1144 2092/1139
f 2098/1144 2093/1138 2092/1139
f 2098/1147 2099/1146 2093/1141
f 2093/1141 2099/1146 2094/1140
f 2092/1139 2095/1142 2097/1145
f 2095/1142 2100/1148 2097/1145
f 2099/1146 2101/1149 2094/1140
f 2094/1140 2101/1149 2096/1143
f 2095/1142 2096/1143 2100/1148
f 2096/1143 2101/1149 2100/1148
f 2098/1144 2097/1145 2102/1150
f 2102/1150 2097/1145 2103/1151
f 2102/1153 2104/1152 2098/1147
f 2098/1147 2104/1152 2099/1146
f 2097/1145 2100/1148 2103/1151
f 2100/1148 2105/1154 2103/1151
f 2104/1152 2106/1155 2099/1146
f 2106/1155 2101/1149 2099/1146
f 2100/1148 2101/1149 2105/1154
f 2105/1154 2101/1149 2106/1155
f 2107/1157 2108/1156 2102/1153
f 2102/1153 2108/1156 2104/1152
f 2102/1150 2103/1151 2107/1158
f 2107/1158 2103/1151 2109/1159
f 2108/1156 2110/1160 2104/1152
f 2110/1160 2106/1155 2104/1152
f 2103/1151 2105/1154 2109/1159
f 2105/1154 2111/1161 2109/1159
f 2105/1154 2106/1155 2111/1161
f 2110/1160 2111/1161 2106/1155
f 2112/1163 2113/1162 2107/1157
f 2108/1156 2107/1157 2113/1162
f 2107/1158 2109/1159 2112/1164
f 2112/1164 2109/1159 2114/1165
f 2113/1162 2115/1166 2108/1156
f 2110/1160 2108/1156 2115/1166
f 2109/1159 2111/1161 2114/1165
f 2111/1161 2116/1167 2114/1165
f 2111/1161 2110/1160 2116/1167
f 2110/1160 2115/1166 2116/1167
f 2112/1163 2117/1168 2113/1162
f 2117/1168 2118/1169 2113/1162
f 2117/1171 2112/1164 2119/1170
f 2112/1164 2114/1165 2119/1170
f 2113/1162 2118/1169 2115/1166
f 2118/1169 2120/1172 2115/1166
f 2119/1170 2114/1165 2121/1173
f 2116/1167 2121/1173 2114/1165
f 2120/1172 2121/1173 2115/1166
f 2115/1166 2121/1173 2116/1167
f 2117/1168 2122/1174 2118/1169
f 2122/1174 2123/1175 2118/1169
f 2122/1177 2117/1171 2124/1176
f 2117/1171 2119/1170 2124/1176
f 2118/1169 2123/1175 2120/1172
f 2125/1178 2120/1172 2123/1175
f 2124/1176 2119/1170 2126/1179
f 2119/1170 2121/1173 2126/1179
f 2120/1172 2125/1178 2121/1173
f 2126/1179 2121/1173 2125/1178
f 2122/1174 2127/1180 2123/1175
f 2127/1180 2128/1181 2123/1175
f 2127/1183 2122/1177 2129/1182
f 2122/1177 2124/1176 2129/1182
f 2123/1175 2128/1181 2125/1178
f 2128/1181 2130/1184 2125/1178
f 2129/1182 2124/1176 2131/1185
f 2126/1179 2131/1185 2124/1176
f 2125/1178 2130/1184 2126/1179
f 2130/1184 2131/1185 2126/1179
f 2127/1180 2132/1186 2128/1181
f 2128/1181 2132/1186 2133/1187
f 2132/1189 2127/1183 2134/1188
f 2127/1183 2129/1182 2134/1188
f 2128/1181 2133/1187 2130/1184
f 2130/1184 2133/1187 2135/1190
f 2134/1188 2129/1182 2136/1191
f 2129/1182 2131/1185 2136/1191
f 2130/1184 2135/1190 2131/1185
f 2131/1185 2135/1190 2136/1191
f 2132/1186 2137/1192 2133/1187
f 2137/1192 2138/1193 2133/1187
f 2137/1195 2132/1189 2139/1194
f 2132/1189 2134/1188 2139/1194
f 2133/1187 2138/1193 2135/1190
f 2138/1193 2140/1196 2135/1190
f 2139/1194 2134/1188 2141/1197
f 2136/1191 2141/1197 2134/1188
f 2135/1190 2140/1196 2136/1191
f 2140/1196 2141/1197 2136/1191
f 2137/1192 2142/1198 2138/1193
f 2142/1198 2143/1199 2138/1193
f 2142/1201 2137/1195 2144/1200
f 2137/1195 2139/1194 2144/1200
f 2143/1199 2145/1202 2138/1193
f 2145/1202 2140/1196 2138/1193
f 2139/1194 2141/1197 2144/1200
f 2141/1197 2146/1203 2144/1200
f 2140/1196 2145/1202 2141/1197
f 2145/1202 2146/1203 2141/1197
f 2142/1206 2144/1205 2145/1204
f 2144/1205 2146/1207 2145/1204
f 2143/1210 2142/1209 2145/1208
f 2147/1213 2148/1212 2149/1211
f 2148/1212 2150/1214 2149/1211
f 2149/1211 2151/1215 2147/1213
f 2151/1215 2152/1216 2147/1213
f 2149/1211 2150/1214 2153/1217
f 2150/1214 2154/1218 2153/1217
f 2153/1217 2155/1219 2149/1211
f 2155/1219 2151/1215 2149/1211
f 2148/1212 2156/1220 2150/1214
f 2156/1220 2157/1221 2150/1214
f 2158/1223 2159/1222 2147/1213
f 2159/1222 2148/1212 2147/1213
f 2150/1214 2157/1221 2154/1218
f 2157/1221 2160/1224 2154/1218
f 2151/1227 2161/1226 2152/1225
f 2162/1228 2152/1225 2161/1226
f 2147/1213 2152/1216 2158/1223
f 2152/1216 2163/1229 2158/1223
f 2156/1220 2162/1228 2157/1221
f 2162/1228 2161/1226 2157/1221
f 2155/1231 2164/1230 2151/1227
f 2151/1227 2164/1230 2161/1226
f 2159/1222 2165/1232 2148/1212
f 2156/1220 2148/1212 2165/1232
f 2157/1221 2161/1226 2160/1224
f 2161/1226 2164/1230 2160/1224
f 2153/1217 2154/1218 2166/1233
f 2154/1218 2167/1234 2166/1233
f 2166/1233 2168/1235 2153/1217
f 2168/1235 2155/1219 2153/1217
f 2152/1225 2162/1228 2163/1236
f 2163/1236 2162/1228 2169/1237
f 2165/1232 2169/1237 2156/1220
f 2162/1228 2156/1220 2169/1237
f 2154/1218 2160/1224 2167/1234
f 2160/1224 2170/1238 2167/1234
f 2171/1240 2172/1239 2158/1223
f 2172/1239 2159/1222 2158/1223
f 2168/1242 2173/1241 2155/1231
f 2155/1231 2173/1241 2164/1230
f 2158/1223 2163/1229 2171/1240
f 2163/1229 2174/1243 2171/1240
f 2173/1241 2170/1238 2164/1230
f 2170/1238 2160/1224 2164/1230
f 2172/1239 2175/1244 2159/1222
f 2159/1222 2175/1244 2165/1232
f 2163/1236 2169/1237 2174/1245
f 2174/1245 2169/1237 2176/1246
f 2175/1244 2176/1246 2165/1232
f 2165/1232 2176/1246 2169/1237
f 2166/1233 2167/1234 2177/1247
f 2167/1234 2178/1248 2177/1247
f 2177/1247 2179/1249 2166/1233
f 2179/1249 2168/1235 2166/1233
f 2167/1234 2170/1238 2178/1248
f 2170/1238 2180/1250 2178/1248
f 2179/1252 2181/1251 2168/1242
f 2173/1241 2168/1242 2181/1251
f 2170/1238 2173/1241 2180/1250
f 2173/1241 2181/1251 2180/1250
f 2172/1239 2171/1240 2182/1253
f 2182/1253 2171/1240 2183/1254
f 2171/1240 2174/1243 2183/1254
f 2174/1243 2184/1255 2183/1254
f 2182/1253 2185/1256 2172/1239
f 2185/1256 2175/1244 2172/1239
f 2174/1245 2176/1246 2184/1257
f 2184/1257 2176/1246 2186/1258
f 2185/1256 2186/1258 2175/1244
f 2186/1258 2176/1246 2175/1244
f 2177/1247 2178/1248 2187/1259
f 2178/1248 2188/1260 2187/1259
f 2187/1259 2189/1261 2177/1247
f 2189/1261 2179/1249 2177/1247
f 2178/1248 2180/1250 2188/1260
f 2180/1250 2190/1262 2188/1260
f 2189/1264 2191/1263 2179/1252
f 2179/1252 2191/1263 2181/1251
f 2191/1263 2190/1262 2181/1251
f 2181/1251 2190/1262 2180/1250
f 2192/1266 2193/1265 2183/1254
f 2193/1265 2182/1253 2183/1254
f 2183/1254 2184/1255 2192/1266
f 2184/1255 2194/1267 2192/1266
f 2193/1265 2195/1268 2182/1253
f 2195/1268 2185/1256 2182/1253
f 2184/1257 2186/1258 2194/1269
f 2196/1270 2194/1269 2186/1258
f 2195/1268 2196/1270 2185/1256
f 2196/1270 2186/1258 2185/1256
f 2187/1259 2188/1260 2197/1271
f 2188/1260 2198/1272 2197/1271
f 2197/1271 2199/1273 2187/1259
f 2199/1273 2189/1261 2187/1259
f 2188/1260 2190/1262 2198/1272
f 2190/1262 2200/1274 2198/1272
f 2199/1276 2201/1275 2189/1264
f 2189/1264 2201/1275 2191/1263
f 2201/1275 2200/1274 2191/1263
f 2200/1274 2190/1262 2191/1263
f 2193/1265 2192/1266 2202/1277
f 2203/1278 2202/1277 2192/1266
f 2202/1277 2204/1279 2193/1265
f 2204/1279 2195/1268 2193/1265
f 2192/1266 2194/1267 2203/1278
f 2194/1267 2205/1280 2203/1278
f 2204/1279 2206/1281 2195/1268
f 2196/1270 2195/1268 2206/1281
f 2194/1269 2196/1270 2205/1282
f 2205/1282 2196/1270 2206/1281
f 2197/1271 2198/1272 2207/1283
f 2198/1272 2208/1284 2207/1283
f 2197/1271 2207/1283 2199/1273
f 2209/1285 2199/1273 2207/1283
f 2198/1272 2200/1274 2208/1284
f 2200/1274 2210/1286 2208/1284
f 2209/1288 2211/1287 2199/1276
f 2201/1275 2199/1276 2211/1287
f 2200/1274 2201/1275 2210/1286
f 2201/1275 2211/1287 2210/1286
f 2202/1277 2203/1278 2212/1289
f 2212/1289 2203/1278 2213/1290
f 2212/1289 2214/1291 2202/1277
f 2214/1291 2204/1279 2202/1277
f 2203/1278 2205/1280 2213/1290
f 2205/1280 2215/1292 2213/1290
f 2214/1291 2216/1293 2204/1279
f 2216/1293 2206/1281 2204/1279
f 2205/1282 2206/1281 2215/1294
f 2215/1294 2206/1281 2216/1293
f 2217/1296 2212/1289 2218/1295
f 2218/1295 2212/1289 2213/1290
f 2215/1292 2219/1297 2213/1290
f 2219/1297 2218/1295 2213/1290
f 2220/1298 2214/1291 2217/1296
f 2217/1296 2214/1291 2212/1289
f 2221/1300 2207/1283 2222/1299
f 2208/1284 2222/1299 2207/1283
f 2207/1283 2221/1300 2209/1285
f 2223/1301 2209/1285 2221/1300
f 2222/1299 2208/1284 2224/1302
f 2210/1286 2224/1302 2208/1284
f 2209/1288 2223/1303 2211/1287
f 2223/1303 2225/1304 2211/1287
f 2224/1302 2210/1286 2225/1304
f 2211/1287 2225/1304 2210/1286
f 2216/1293 2226/1305 2215/1294
f 2226/1305 2219/1306 2215/1294
f 2226/1305 2216/1293 2220/1298
f 2220/1298 2216/1293 2214/1291
f 2227/1308 2217/1296 2228/1307
f 2228/1307 2217/1296 2218/1295
f 2219/1297 2229/1309 2218/1295
f 2229/1309 2228/1307 2218/1295
f 2230/1310 2220/1298 2227/1308
f 2220/1298 2217/1296 2227/1308
f 2226/1305 2231/1311 2219/1306
f 2229/1312 2219/1306 2231/1311
f 2231/1311 2226/1305 2230/1310
f 2226/1305 2220/1298 2230/1310
f 2223/1303 2232/1313 2225/1304
f 2232/1313 2233/1314 2225/1304
f 2234/1315 2224/1302 2233/1314
f 2233/1314 2224/1302 2225/1304
f 2221/1300 2235/1316 2223/1301
f 2232/1317 2223/1301 2235/1316
f 2236/1318 2222/1299 2234/1315
f 2224/1302 2234/1315 2222/1299
f 2222/1299 2236/1318 2221/1300
f 2221/1300 2236/1318 2235/1316
f 2237/1320 2227/1308 2238/1319
f 2227/1308 2228/1307 2238/1319
f 2229/1309 2239/1321 2228/1307
f 2239/1321 2238/1319 2228/1307
f 2240/1322 2230/1310 2237/1320
f 2230/1310 2227/1308 2237/1320
f 2231/1311 2241/1323 2229/1312
f 2239/1324 2229/1312 2241/1323
f 2241/1323 2231/1311 2240/1322
f 2231/1311 2230/1310 2240/1322
f 2242/1326 2233/1314 2243/1325
f 2233/1314 2232/1313 2243/1325
f 2235/1316 2244/1327 2232/1317
f 2243/1328 2232/1317 2244/1327
f 2234/1315 2233/1314 2245/1329
f 2233/1314 2242/1326 2245/1329
f 2236/1318 2246/1330 2235/1316
f 2235/1316 2246/1330 2244/1327
f 2236/1318 2234/1315 2246/1330
f 2234/1315 2245/1329 2246/1330
f 2247/1332 2237/1320 2248/1331
f 2248/1331 2237/1320 2238/1319
f 2239/1321 2249/1333 2238/1319
f 2249/1333 2248/1331 2238/1319
f 2250/1334 2240/1322 2247/1332
f 2247/1332 2240/1322 2237/1320
f 2241/1323 2251/1335 2239/1324
f 2251/1335 2249/1336 2239/1324
f 2251/1335 2241/1323 2250/1334
f 2250/1334 2241/1323 2240/1322
f 2252/1338 2247/1332 2253/1337
f 2253/1337 2247/1332 2248/1331
f 2249/1333 2254/1339 2248/1331
f 2254/1339 2253/1337 2248/1331
f 2255/1340 2250/1334 2252/1338
f 2250/1334 2247/1332 2252/1338
f 2251/1335 2256/1341 2249/1336
f 2254/1342 2249/1336 2256/1341
f 2256/1341 2251/1335 2255/1340
f 2251/1335 2250/1334 2255/1340
f 2257/1344 2252/1338 2258/1343
f 2252/1338 2253/1337 2258/1343
f 2259/1346 2242/1326 2260/1345
f 2243/1325 2260/1345 2242/1326
f 2244/1327 2261/1347 2243/1328
f 2260/1348 2243/1328 2261/1347
f 2262/1349 2245/1329 2259/1346
f 2242/1326 2259/1346 2245/1329
f 2254/1339 2263/1350 2253/1337
f 2263/1350 2258/1343 2253/1337
f 2246/1330 2264/1351 2244/1327
f 2264/1351 2261/1347 2244/1327
f 2265/1354 2266/1353 2267/1352
f 2266/1353 2268/1355 2267/1352
f 2266/1353 2269/1356 2268/1355
f 2268/1355 2269/1356 2270/1357
f 2271/1359 2265/1354 2272/1358
f 2272/1358 2265/1354 2267/1352
f 2273/1362 2274/1361 2275/1360
f 2274/1361 2276/1363 2275/1360
f 2277/1365 2271/1359 2278/1364
f 2278/1364 2271/1359 2272/1358
f 2245/1329 2262/1349 2246/1330
f 2262/1349 2264/1351 2246/1330
f 2279/1367 2273/1362 2280/1366
f 2280/1366 2273/1362 2275/1360
f 2274/1361 2281/1368 2276/1363
f 2276/1363 2281/1368 2282/1369
f 2269/1356 2283/1370 2270/1357
f 2283/1370 2284/1371 2270/1357
f 2285/1373 2279/1367 2286/1372
f 2286/1372 2279/1367 2280/1366
f 2281/1368 2287/1374 2282/1369
f 2282/1369 2287/1374 2288/1375
f 2289/1378 2290/1377 2291/1376
f 2290/1377 2292/1379 2291/1376
f 2293/1381 2285/1373 2294/1380
f 2285/1373 2286/1372 2294/1380
f 2295/1383 2291/1376 2296/1382
f 2292/1379 2296/1382 2291/1376
f 2295/1383 2296/1382 2297/1384
f 2296/1382 2298/1385 2297/1384
f 2298/1385 2293/1381 2297/1384
f 2297/1384 2293/1381 2294/1380
f 2299/1387 2277/1365 2300/1386
f 2277/1365 2278/1364 2300/1386
f 2287/1374 2301/1388 2288/1375
f 2301/1388 2302/1389 2288/1375
f 2301/1388 2303/1390 2302/1389
f 2302/1389 2303/1390 2304/1391
f 2299/1387 2300/1386 2303/1390
f 2304/1391 2303/1390 2300/1386
f 2305/1393 2306/1392 2283/1370
f 2284/1371 2283/1370 2306/1392
f 2305/1393 2307/1394 2306/1392
f 2307/1394 2308/1395 2306/1392
f 2307/1394 2309/1396 2308/1395
f 2308/1395 2309/1396 2310/1397
f 2309/1396 2311/1398 2310/1397
f 2310/1397 2311/1398 2312/1399
f 2311/1398 2313/1400 2312/1399
f 2313/1400 2314/1401 2312/1399
f 2315/1402 2255/1340 2257/1344
f 2255/1340 2252/1338 2257/1344
f 2267/1352 2268/1355 2316/1403
f 2317/1404 2316/1403 2268/1355
f 2272/1358 2267/1352 2318/1405
f 2316/1403 2318/1405 2267/1352
f 2268/1355 2270/1357 2317/1404
f 2319/1406 2317/1404 2270/1357
f 2313/1400 2320/1407 2314/1401
f 2314/1401 2320/1407 2321/1408
f 2278/1364 2272/1358 2322/1409
f 2318/1405 2322/1409 2272/1358
f 2280/1366 2275/1360 2323/1410
f 2324/1411 2323/1410 2275/1360
f 2275/1360 2276/1363 2324/1411
f 2325/1412 2324/1411 2276/1363
f 2286/1372 2280/1366 2326/1413
f 2323/1410 2326/1413 2280/1366
f 2276/1363 2282/1369 2325/1412
f 2327/1414 2325/1412 2282/1369
f 2294/1380 2286/1372 2328/1415
f 2326/1413 2328/1415 2286/1372
f 2300/1386 2278/1364 2329/1416
f 2322/1409 2329/1416 2278/1364
f 2330/1418 2331/1417 2291/1376
f 2331/1417 2289/1378 2291/1376
f 2297/1384 2294/1380 2332/1419
f 2328/1415 2332/1419 2294/1380
f 2333/1420 2330/1418 2295/1383
f 2330/1418 2291/1376 2295/1383
f 2332/1419 2333/1420 2297/1384
f 2333/1420 2295/1383 2297/1384
f 2270/1357 2284/1371 2319/1406
f 2334/1421 2319/1406 2284/1371
f 2282/1369 2288/1375 2327/1414
f 2335/1422 2327/1414 2288/1375
f 2300/1386 2329/1416 2304/1391
f 2329/1416 2336/1423 2304/1391
f 2288/1375 2302/1389 2335/1422
f 2337/1424 2335/1422 2302/1389
f 2302/1389 2304/1391 2337/1424
f 2336/1423 2337/1424 2304/1391
f 2284/1371 2306/1392 2334/1421
f 2338/1425 2334/1421 2306/1392
f 2306/1392 2308/1395 2338/1425
f 2339/1426 2338/1425 2308/1395
f 2308/1395 2310/1397 2339/1426
f 2340/1427 2339/1426 2310/1397
f 2310/1397 2312/1399 2340/1427
f 2341/1428 2340/1427 2312/1399
f 2312/1399 2314/1401 2341/1428
f 2342/1429 2341/1428 2314/1401
f 2320/1407 2343/1430 2321/1408
f 2321/1408 2343/1430 2344/1431
f 2314/1401 2321/1408 2342/1429
f 2345/1432 2342/1429 2321/1408
f 2266/1353 2265/1354 2346/1433
f 2347/1434 2346/1433 2265/1354
f 2269/1356 2266/1353 2348/1435
f 2266/1353 2346/1433 2348/1435
f 2271/1359 2349/1436 2265/1354
f 2349/1436 2347/1434 2265/1354
f 2283/1370 2269/1356 2350/1437
f 2350/1437 2269/1356 2348/1435
f 2351/1439 2352/1438 2273/1362
f 2352/1438 2274/1361 2273/1362
f 2352/1438 2353/1440 2274/1361
f 2353/1440 2281/1368 2274/1361
f 2354/1441 2351/1439 2279/1367
f 2279/1367 2351/1439 2273/1362
f 2355/1442 2349/1436 2277/1365
f 2349/1436 2271/1359 2277/1365
f 2281/1368 2353/1440 2287/1374
f 2353/1440 2356/1443 2287/1374
f 2290/1377 2357/1444 2292/1379
f 2357/1444 2358/1445 2292/1379
f 2359/1446 2354/1441 2285/1373
f 2354/1441 2279/1367 2285/1373
f 2360/1447 2296/1382 2358/1445
f 2358/1445 2296/1382 2292/1379
f 2361/1448 2359/1446 2293/1381
f 2359/1446 2285/1373 2293/1381
f 2362/1449 2298/1385 2360/1447
f 2360/1447 2298/1385 2296/1382
f 2256/1341 2363/1450 2254/1342
f 2263/1451 2254/1342 2363/1450
f 2298/1385 2362/1449 2293/1381
f 2362/1449 2361/1448 2293/1381
f 2364/1452 2301/1388 2356/1443
f 2356/1443 2301/1388 2287/1374
f 2365/1453 2355/1442 2299/1387
f 2355/1442 2277/1365 2299/1387
f 2366/1454 2303/1390 2364/1452
f 2364/1452 2303/1390 2301/1388
f 2303/1390 2366/1454 2299/1387
f 2366/1454 2365/1453 2299/1387
f 2283/1370 2350/1437 2305/1393
f 2350/1437 2367/1455 2305/1393
f 2321/1408 2344/1431 2345/1432
f 2368/1456 2345/1432 2344/1431
f 2367/1455 2369/1457 2305/1393
f 2369/1457 2307/1394 2305/1393
f 2343/1430 2370/1458 2344/1431
f 2370/1458 2371/1459 2344/1431
f 2369/1457 2372/1460 2307/1394
f 2372/1460 2309/1396 2307/1394
f 2309/1396 2372/1460 2311/1398
f 2372/1460 2373/1461 2311/1398
f 2313/1400 2311/1398 2374/1462
f 2373/1461 2374/1462 2311/1398
f 2375/1464 2257/1344 2376/1463
f 2376/1463 2257/1344 2258/1343
f 2363/1450 2256/1341 2315/1402
f 2256/1341 2255/1340 2315/1402
f 2320/1407 2313/1400 2377/1465
f 2374/1462 2377/1465 2313/1400
f 2344/1431 2371/1459 2368/1456
f 2378/1466 2368/1456 2371/1459
f 2379/1469 2380/1468 2317/1467
f 2316/1470 2317/1467 2380/1468
f 2381/1472 2318/1471 2380/1468
f 2318/1471 2316/1470 2380/1468
f 2382/1474 2379/1469 2319/1473
f 2317/1467 2319/1473 2379/1469
f 2381/1472 2383/1475 2318/1471
f 2322/1476 2318/1471 2383/1475
f 2384/1479 2323/1478 2385/1477
f 2323/1478 2324/1480 2385/1477
f 2386/1482 2385/1477 2325/1481
f 2324/1480 2325/1481 2385/1477
f 2384/1479 2387/1483 2323/1478
f 2326/1484 2323/1478 2387/1483
f 2388/1486 2386/1482 2327/1485
f 2325/1481 2327/1485 2386/1482
f 2387/1483 2389/1487 2326/1484
f 2328/1488 2326/1484 2389/1487
f 2383/1475 2390/1489 2322/1476
f 2329/1490 2322/1476 2390/1489
f 2331/1493 2330/1492 2391/1491
f 2391/1491 2330/1492 2392/1494
f 2393/1496 2332/1495 2389/1487
f 2332/1495 2328/1488 2389/1487
f 2330/1492 2333/1497 2392/1494
f 2333/1497 2394/1498 2392/1494
f 2343/1430 2320/1407 2395/1499
f 2320/1407 2377/1465 2395/1499
f 2333/1497 2332/1495 2394/1498
f 2332/1495 2393/1496 2394/1498
f 2396/1501 2382/1474 2334/1500
f 2319/1473 2334/1500 2382/1474
f 2388/1486 2327/1485 2397/1502
f 2327/1485 2335/1503 2397/1502
f 2398/1505 2336/1504 2390/1489
f 2336/1504 2329/1490 2390/1489
f 2399/1507 2397/1502 2337/1506
f 2335/1503 2337/1506 2397/1502
f 2398/1505 2399/1507 2336/1504
f 2337/1506 2336/1504 2399/1507
f 2263/1350 2400/1508 2258/1343
f 2400/1508 2376/1463 2258/1343
f 2396/1501 2334/1500 2401/1509
f 2334/1500 2338/1510 2401/1509
f 2402/1512 2403/1511 2370/1458
f 2371/1459 2370/1458 2403/1511
f 2404/1514 2401/1509 2339/1513
f 2338/1510 2339/1513 2401/1509
f 2405/1516 2404/1514 2340/1515
f 2339/1513 2340/1515 2404/1514
f 2406/1518 2405/1516 2341/1517
f 2405/1516 2340/1515 2341/1517
f 2407/1520 2406/1518 2342/1519
f 2341/1517 2342/1519 2406/1518
f 2346/1433 2347/1434 2379/1469
f 2380/1468 2379/1469 2347/1434
f 2348/1435 2346/1433 2382/1474
f 2346/1433 2379/1469 2382/1474
f 2349/1436 2381/1472 2347/1434
f 2381/1472 2380/1468 2347/1434
f 2352/1438 2351/1439 2386/1482
f 2385/1477 2386/1482 2351/1439
f 2349/1436 2355/1442 2381/1472
f 2381/1472 2355/1442 2383/1475
f 2354/1441 2384/1479 2351/1439
f 2384/1479 2385/1477 2351/1439
f 2353/1440 2352/1438 2388/1486
f 2388/1486 2352/1438 2386/1482
f 2350/1437 2348/1435 2396/1501
f 2396/1501 2348/1435 2382/1474
f 2354/1441 2359/1446 2384/1479
f 2384/1479 2359/1446 2387/1483
f 2353/1440 2388/1486 2356/1443
f 2388/1486 2397/1502 2356/1443
f 2391/1491 2392/1494 2357/1444
f 2357/1444 2392/1494 2358/1445
f 2408/1522 2407/1520 2345/1521
f 2342/1519 2345/1521 2407/1520
f 2359/1446 2361/1448 2387/1483
f 2389/1487 2387/1483 2361/1448
f 2392/1494 2394/1498 2358/1445
f 2394/1498 2360/1447 2358/1445
f 2393/1496 2362/1449 2394/1498
f 2362/1449 2360/1447 2394/1498
f 2362/1449 2393/1496 2361/1448
f 2393/1496 2389/1487 2361/1448
f 2355/1442 2365/1453 2383/1475
f 2390/1489 2383/1475 2365/1453
f 2364/1452 2356/1443 2399/1507
f 2397/1502 2399/1507 2356/1443
f 2366/1454 2364/1452 2398/1505
f 2398/1505 2364/1452 2399/1507
f 2366/1454 2398/1505 2365/1453
f 2398/1505 2390/1489 2365/1453
f 2367/1455 2350/1437 2401/1509
f 2350/1437 2396/1501 2401/1509
f 2369/1457 2367/1455 2404/1514
f 2401/1509 2404/1514 2367/1455
f 2370/1458 2343/1430 2409/1523
f 2395/1499 2409/1523 2343/1430
f 2371/1459 2403/1511 2378/1466
f 2410/1524 2378/1466 2403/1511
f 2372/1460 2369/1457 2405/1516
f 2405/1516 2369/1457 2404/1514
f 2373/1461 2372/1460 2406/1518
f 2372/1460 2405/1516 2406/1518
f 2411/1525 2315/1402 2375/1464
f 2375/1464 2315/1402 2257/1344
f 2374/1462 2373/1461 2407/1520
f 2406/1518 2407/1520 2373/1461
f 2412/1527 2375/1464 2413/1526
f 2413/1526 2375/1464 2376/1463
f 2402/1512 2414/1528 2403/1511
f 2403/1511 2414/1528 2415/1529
f 2416/1531 2408/1522 2368/1530
f 2408/1522 2345/1521 2368/1530
f 2377/1465 2374/1462 2408/1522
f 2408/1522 2374/1462 2407/1520
f 2414/1528 2412/1527 2415/1529
f 2412/1527 2413/1526 2415/1529
f 2403/1511 2415/1529 2410/1524
f 2417/1532 2410/1524 2415/1529
f 2400/1508 2418/1533 2376/1463
f 2418/1533 2413/1526 2376/1463
f 2395/1499 2377/1465 2416/1531
f 2377/1465 2408/1522 2416/1531
f 2409/1523 2419/1534 2370/1458
f 2419/1534 2402/1512 2370/1458
f 2420/1536 2416/1531 2378/1535
f 2368/1530 2378/1535 2416/1531
f 2363/1450 2421/1537 2263/1451
f 2421/1537 2400/1538 2263/1451
f 2418/1533 2417/1532 2413/1526
f 2417/1532 2415/1529 2413/1526
f 2409/1523 2395/1499 2420/1536
f 2416/1531 2420/1536 2395/1499
f 2421/1537 2363/1450 2411/1525
f 2411/1525 2363/1450 2315/1402
f 2422/1539 2411/1525 2412/1527
f 2411/1525 2375/1464 2412/1527
f 2419/1534 2423/1540 2402/1512
f 2402/1512 2423/1540 2414/1528
f 2424/1542 2420/1536 2410/1541
f 2378/1535 2410/1541 2420/1536
f 2423/1540 2422/1539 2414/1528
f 2422/1539 2412/1527 2414/1528
f 2409/1523 2420/1536 2419/1534
f 2424/1542 2419/1534 2420/1536
f 2424/1542 2410/1541 2425/1543
f 2410/1541 2417/1544 2425/1543
f 2421/1537 2426/1545 2400/1538
f 2418/1546 2400/1538 2426/1545
f 2426/1545 2425/1543 2418/1546
f 2417/1544 2418/1546 2425/1543
f 2411/1525 2422/1539 2421/1537
f 2421/1537 2422/1539 2426/1545
f 2419/1534 2424/1542 2423/1540
f 2424/1542 2425/1543 2423/1540
f 2422/1539 2423/1540 2426/1545
f 2425/1543 2426/1545 2423/1540
f 2427/1548 2259/1346 2428/1547
f 2260/1345 2428/1547 2259/1346
f 2261/1347 2429/1549 2260/1348
f 2428/1550 2260/1348 2429/1549
f 2430/1551 2262/1349 2427/1548
f 2427/1548 2262/1349 2259/1346
f 2264/1351 2431/1552 2261/1347
f 2261/1347 2431/1552 2429/1549
f 2262/1349 2430/1551 2264/1351
f 2430/1551 2431/1552 2264/1351
f 2427/1548 2428/1547 2432/1553
f 2428/1547 2433/1554 2432/1553
f 2429/1549 2434/1555 2428/1550
f 2433/1556 2428/1550 2434/1555
f 2430/1551 2427/1548 2435/1557
f 2427/1548 2432/1553 2435/1557
f 2431/1552 2436/1558 2429/1549
f 2429/1549 2436/1558 2434/1555
f 2430/1551 2435/1557 2431/1552
f 2431/1552 2435/1557 2436/1558
f 2437/1560 2432/1553 2438/1559
f 2433/1554 2438/1559 2432/1553
f 2434/1555 2439/1561 2433/1556
f 2438/1562 2433/1556 2439/1561
f 2440/1563 2435/1557 2437/1560
f 2432/1553 2437/1560 2435/1557
f 2436/1558 2441/1564 2434/1555
f 2441/1564 2439/1561 2434/1555
f 2435/1557 2440/1563 2436/1558
f 2440/1563 2441/1564 2436/1558
f 2442/1566 2437/1560 2443/1565
f 2438/1559 2443/1565 2437/1560
f 2439/1561 2444/1567 2438/1562
f 2443/1568 2438/1562 2444/1567
f 2440/1563 2437/1560 2445/1569
f 2442/1566 2445/1569 2437/1560
f 2441/1564 2446/1570 2439/1561
f 2439/1561 2446/1570 2444/1567
f 2446/1570 2441/1564 2445/1569
f 2440/1563 2445/1569 2441/1564
f 2442/1566 2443/1565 2447/1571
f 2443/1565 2448/1572 2447/1571
f 2444/1567 2449/1573 2443/1568
f 2448/1574 2443/1568 2449/1573
f 2445/1569 2442/1566 2450/1575
f 2442/1566 2447/1571 2450/1575
f 2446/1570 2451/1576 2444/1567
f 2444/1567 2451/1576 2449/1573
f 2445/1569 2450/1575 2446/1570
f 2446/1570 2450/1575 2451/1576
f 2452/1578 2453/1577 2448/1572
f 2448/1572 2453/1577 2447/1571
f 2452/1580 2448/1574 2454/1579
f 2448/1574 2449/1573 2454/1579
f 2453/1577 2455/1581 2447/1571
f 2447/1571 2455/1581 2450/1575
f 2451/1576 2456/1582 2449/1573
f 2456/1582 2454/1579 2449/1573
f 2450/1575 2455/1581 2451/1576
f 2455/1581 2456/1582 2451/1576
f 2452/1578 2457/1583 2453/1577
f 2457/1583 2458/1584 2453/1577
f 2457/1586 2452/1580 2459/1585
f 2452/1580 2454/1579 2459/1585
f 2458/1584 2460/1587 2453/1577
f 2460/1587 2455/1581 2453/1577
f 2454/1579 2456/1582 2459/1585
f 2456/1582 2461/1588 2459/1585
f 2455/1581 2460/1587 2456/1582
f 2460/1587 2461/1588 2456/1582
f 2457/1583 2462/1589 2458/1584
f 2458/1584 2462/1589 2463/1590
f 2462/1592 2457/1586 2464/1591
f 2457/1586 2459/1585 2464/1591
f 2458/1584 2463/1590 2460/1587
f 2460/1587 2463/1590 2465/1593
f 2459/1585 2461/1588 2464/1591
f 2461/1588 2466/1594 2464/1591
f 2460/1587 2465/1593 2461/1588
f 2461/1588 2465/1593 2466/1594
f 2462/1589 2467/1595 2463/1590
f 2467/1595 2468/1596 2463/1590
f 2467/1598 2462/1592 2469/1597
f 2462/1592 2464/1591 2469/1597
f 2463/1590 2468/1596 2465/1593
f 2468/1596 2470/1599 2465/1593
f 2469/1597 2464/1591 2471/1600
f 2466/1594 2471/1600 2464/1591
f 2465/1593 2470/1599 2466/1594
f 2470/1599 2471/1600 2466/1594
f 2472/1602 2467/1598 2473/1601
f 2467/1598 2469/1597 2473/1601
f 2467/1595 2472/1603 2468/1596
f 2472/1603 2474/1604 2468/1596
f 2469/1597 2471/1600 2473/1601
f 2471/1600 2475/1605 2473/1601
f 2474/1604 2476/1606 2468/1596
f 2476/1606 2470/1599 2468/1596
f 2470/1599 2476/1606 2471/1600
f 2476/1606 2475/1605 2471/1600
f 2477/1608 2472/1602 2478/1607
f 2472/1602 2473/1601 2478/1607
f 2472/1603 2477/1609 2474/1604
f 2474/1604 2477/1609 2479/1610
f 2473/1601 2475/1605 2478/1607
f 2475/1605 2480/1611 2478/1607
f 2474/1604 2479/1610 2476/1606
f 2476/1606 2479/1610 2481/1612
f 2476/1606 2481/1612 2475/1605
f 2475/1605 2481/1612 2480/1611
f 2478/1607 2482/1613 2477/1608
f 2483/1614 2477/1608 2482/1613
f 2484/1616 2479/1610 2483/1615
f 2477/1609 2483/1615 2479/1610
f 2480/1611 2485/1617 2478/1607
f 2485/1617 2482/1613 2478/1607
f 2486/1618 2481/1612 2484/1616
f 2479/1610 2484/1616 2481/1612
f 2485/1617 2480/1611 2486/1618
f 2481/1612 2486/1618 2480/1611
f 2482/1613 2487/1619 2483/1614
f 2488/1620 2483/1614 2487/1619
f 2489/1622 2484/1616 2488/1621
f 2483/1615 2488/1621 2484/1616
f 2485/1617 2490/1623 2482/1613
f 2482/1613 2490/1623 2487/1619
f 2491/1624 2486/1618 2489/1622
f 2486/1618 2484/1616 2489/1622
f 2490/1623 2485/1617 2491/1624
f 2485/1617 2486/1618 2491/1624
f 2492/1626 2489/1622 2493/1625
f 2488/1621 2493/1625 2489/1622
f 2487/1619 2494/1627 2488/1620
f 2493/1628 2488/1620 2494/1627
f 2495/1629 2491/1624 2492/1626
f 2492/1626 2491/1624 2489/1622
f 2490/1623 2496/1630 2487/1619
f 2496/1630 2494/1627 2487/1619
f 2496/1630 2490/1623 2495/1629
f 2495/1629 2490/1623 2491/1624
f 2493/1625 2497/1631 2492/1626
f 2492/1626 2497/1631 2498/1632
f 2497/1634 2493/1628 2499/1633
f 2493/1628 2494/1627 2499/1633
f 2492/1626 2498/1632 2495/1629
f 2495/1629 2498/1632 2500/1635
f 2494/1627 2496/1630 2499/1633
f 2496/1630 2501/1636 2499/1633
f 2496/1630 2495/1629 2501/1636
f 2495/1629 2500/1635 2501/1636
f 2497/1631 2502/1637 2498/1632
f 2502/1637 2503/1638 2498/1632
f 2502/1640 2497/1634 2504/1639
f 2497/1634 2499/1633 2504/1639
f 2498/1632 2503/1638 2500/1635
f 2503/1638 2505/1641 2500/1635
f 2504/1639 2499/1633 2506/1642
f 2501/1636 2506/1642 2499/1633
f 2500/1635 2505/1641 2501/1636
f 2505/1641 2506/1642 2501/1636
f 2502/1637 2507/1643 2503/1638
f 2507/1643 2508/1644 2503/1638
f 2507/1646 2502/1640 2509/1645
f 2502/1640 2504/1639 2509/1645
f 2508/1644 2510/1647 2503/1638
f 2510/1647 2505/1641 2503/1638
f 2504/1639 2506/1642 2509/1645
f 2506/1642 2511/1648 2509/1645
f 2505/1641 2510/1647 2506/1642
f 2510/1647 2511/1648 2506/1642
f 2507/1643 2512/1649 2508/1644
f 2508/1644 2512/1649 2513/1650
f 2512/1652 2507/1646 2514/1651
f 2507/1646 2509/1645 2514/1651
f 2509/1645 2511/1648 2514/1651
f 2511/1648 2515/1653 2514/1651
f 2508/1644 2513/1650 2510/1647
f 2510/1647 2513/1650 2516/1654
f 2510/1647 2516/1654 2511/1648
f 2511/1648 2516/1654 2515/1653
f 2517/1656 2512/1652 2518/1655
f 2512/1652 2514/1651 2518/1655
f 2512/1649 2517/1657 2513/1650
f 2517/1657 2519/1658 2513/1650
f 2518/1655 2514/1651 2520/1659
f 2515/1653 2520/1659 2514/1651
f 2513/1650 2519/1658 2516/1654
f 2519/1658 2521/1660 2516/1654
f 2516/1654 2521/1660 2515/1653
f 2521/1660 2520/1659 2515/1653
f 2522/1662 2517/1656 2523/1661
f 2517/1656 2518/1655 2523/1661
f 2517/1657 2522/1663 2519/1658
f 2522/1663 2524/1664 2519/1658
f 2518/1655 2520/1659 2523/1661
f 2520/1659 2525/1665 2523/1661
f 2524/1664 2526/1666 2519/1658
f 2526/1666 2521/1660 2519/1658
f 2521/1660 2526/1666 2520/1659
f 2526/1666 2525/1665 2520/1659
f 2527/1668 2522/1662 2528/1667
f 2522/1662 2523/1661 2528/1667
f 2522/1663 2527/1669 2524/1664
f 2524/1664 2527/1669 2529/1670
f 2523/1661 2525/1665 2528/1667
f 2525/1665 2530/1671 2528/1667
f 2524/1664 2529/1670 2526/1666
f 2526/1666 2529/1670 2531/1672
f 2525/1665 2526/1666 2530/1671
f 2526/1666 2531/1672 2530/1671
f 2532/1674 2527/1668 2533/1673
f 2527/1668 2528/1667 2533/1673
f 2527/1669 2532/1675 2529/1670
f 2532/1675 2534/1676 2529/1670
f 2533/1673 2528/1667 2535/1677
f 2530/1671 2535/1677 2528/1667
f 2529/1670 2534/1676 2531/1672
f 2534/1676 2536/1678 2531/1672
f 2535/1677 2530/1671 2536/1678
f 2531/1672 2536/1678 2530/1671
f 2532/1675 2537/1679 2534/1676
f 2537/1679 2538/1680 2534/1676
f 2537/1682 2532/1674 2539/1681
f 2532/1674 2533/1673 2539/1681
f 2538/1680 2540/1683 2534/1676
f 2540/1683 2536/1678 2534/1676
f 2533/1673 2535/1677 2539/1681
f 2535/1677 2541/1684 2539/1681
f 2541/1684 2535/1677 2540/1683
f 2536/1678 2540/1683 2535/1677
f 2537/1679 2542/1685 2538/1680
f 2538/1680 2542/1685 2543/1686
f 2542/1688 2537/1682 2544/1687
f 2537/1682 2539/1681 2544/1687
f 2538/1680 2543/1686 2540/1683
f 2540/1683 2543/1686 2545/1689
f 2539/1681 2541/1684 2544/1687
f 2541/1684 2546/1690 2544/1687
f 2541/1684 2540/1683 2546/1690
f 2540/1683 2545/1689 2546/1690
f 2542/1685 2547/1691 2543/1686
f 2547/1691 2548/1692 2543/1686
f 2547/1694 2542/1688 2549/1693
f 2542/1688 2544/1687 2549/1693
f 2543/1686 2548/1692 2545/1689
f 2548/1692 2550/1695 2545/1689
f 2549/1693 2544/1687 2551/1696
f 2546/1690 2551/1696 2544/1687
f 2545/1689 2550/1695 2546/1690
f 2550/1695 2551/1696 2546/1690
f 2547/1691 2552/1697 2548/1692
f 2552/1697 2553/1698 2548/1692
f 2552/1700 2547/1694 2554/1699
f 2547/1694 2549/1693 2554/1699
f 2553/1698 2555/1701 2548/1692
f 2555/1701 2550/1695 2548/1692
f 2549/1693 2551/1696 2554/1699
f 2551/1696 2556/1702 2554/1699
f 2550/1695 2555/1701 2551/1696
f 2555/1701 2556/1702 2551/1696
f 2552/1697 2557/1703 2553/1698
f 2553/1698 2557/1703 2558/1704
f 2557/1706 2552/1700 2559/1705
f 2552/1700 2554/1699 2559/1705
f 2553/1698 2558/1704 2555/1701
f 2555/1701 2558/1704 2560/1707
f 2554/1699 2556/1702 2559/1705
f 2556/1702 2561/1708 2559/1705
f 2555/1701 2560/1707 2556/1702
f 2556/1702 2560/1707 2561/1708
f 2562/1710 2557/1706 2563/1709
f 2557/1706 2559/1705 2563/1709
f 2557/1703 2562/1711 2558/1704
f 2562/1711 2564/1712 2558/1704
f 2563/1709 2559/1705 2565/1713
f 2561/1708 2565/1713 2559/1705
f 2558/1704 2564/1712 2560/1707
f 2564/1712 2566/1714 2560/1707
f 2560/1707 2566/1714 2561/1708
f 2566/1714 2565/1713 2561/1708
f 2567/1716 2562/1710 2568/1715
f 2562/1710 2563/1709 2568/1715
f 2562/1711 2567/1717 2564/1712
f 2567/1717 2569/1718 2564/1712
f 2563/1709 2565/1713 2568/1715
f 2565/1713 2570/1719 2568/1715
f 2569/1718 2571/1720 2564/1712
f 2571/1720 2566/1714 2564/1712
f 2566/1714 2571/1720 2565/1713
f 2571/1720 2570/1719 2565/1713
f 2572/1722 2567/1716 2573/1721
f 2567/1716 2568/1715 2573/1721
f 2567/1717 2572/1723 2569/1718
f 2569/1718 2572/1723 2574/1724
f 2568/1715 2570/1719 2573/1721
f 2570/1719 2575/1725 2573/1721
f 2569/1718 2574/1724 2571/1720
f 2571/1720 2574/1724 2576/1726
f 2570/1719 2571/1720 2575/1725
f 2571/1720 2576/1726 2575/1725
f 2577/1728 2572/1722 2578/1727
f 2572/1722 2573/1721 2578/1727
f 2572/1723 2577/1729 2574/1724
f 2577/1729 2579/1730 2574/1724
f 2578/1727 2573/1721 2580/1731
f 2575/1725 2580/1731 2573/1721
f 2574/1724 2579/1730 2576/1726
f 2579/1730 2581/1732 2576/1726
f 2580/1731 2575/1725 2581/1732
f 2576/1726 2581/1732 2575/1725
f 2577/1729 2582/1733 2579/1730
f 2582/1733 2583/1734 2579/1730
f 2582/1736 2577/1728 2584/1735
f 2577/1728 2578/1727 2584/1735
f 2583/1734 2585/1737 2579/1730
f 2585/1737 2581/1732 2579/1730
f 2578/1727 2580/1731 2584/1735
f 2580/1731 2586/1738 2584/1735
f 2586/1738 2580/1731 2585/1737
f 2581/1732 2585/1737 2580/1731
f 2582/1733 2587/1739 2583/1734
f 2583/1734 2587/1739 2588/1740
f 2587/1742 2582/1736 2589/1741
f 2582/1736 2584/1735 2589/1741
f 2583/1734 2588/1740 2585/1737
f 2585/1737 2588/1740 2590/1743
f 2584/1735 2586/1738 2589/1741
f 2586/1738 2591/1744 2589/1741
f 2586/1738 2585/1737 2591/1744
f 2585/1737 2590/1743 2591/1744
f 2587/1739 2592/1745 2588/1740
f 2592/1745 2593/1746 2588/1740
f 2592/1748 2587/1742 2594/1747
f 2587/1742 2589/1741 2594/1747
f 2588/1740 2593/1746 2590/1743
f 2593/1746 2595/1749 2590/1743
f 2594/1747 2589/1741 2596/1750
f 2591/1744 2596/1750 2589/1741
f 2590/1743 2595/1749 2591/1744
f 2595/1749 2596/1750 2591/1744
f 2592/1745 2597/226 2593/1746
f 2597/226 2598/1751 2593/1746
f 2597/195 2592/1748 2599/1752
f 2592/1748 2594/1747 2599/1752
f 2598/1751 2600/1753 2593/1746
f 2600/1753 2595/1749 2593/1746
f 2594/1747 2596/1750 2599/1752
f 2596/1750 2601/1754 2599/1752
f 2595/1749 2600/1753 2596/1750
f 2600/1753 2601/1754 2596/1750
# 4563 elements

