# Blender v2.66 (sub 1) OBJ File: ''
# www.blender.org
mtllib Robot storm 1.mtl
o Object_2.001
v -139.998001 0.000000 -0.078100
v -100.857399 -0.000196 -27.025299
v -135.228500 0.000006 -36.312401
v -100.857399 -0.000204 27.025299
v -135.228500 -0.000006 36.156200
v -121.242104 0.000011 -70.078102
v -121.242104 -0.000011 69.921806
v -73.833000 -0.000188 -73.833900
v -73.833000 -0.000212 73.832001
v -98.994102 0.000016 -99.072197
v -98.994102 -0.000016 98.917900
v -69.999901 0.000020 -121.320297
v -69.999901 -0.000020 121.166008
v 0.000000 -0.000100 -0.000000
v -27.025299 -0.000184 -100.857399
v -27.025299 -0.000216 100.857399
v -36.301701 -0.000022 135.189407
v -36.234299 0.000022 -135.269501
v -0.067300 -0.000023 139.958893
v 0.033200 0.000023 -139.980392
v 27.025299 -0.000116 100.857399
v 27.025299 -0.000084 -100.857399
v 36.168900 -0.000022 135.191406
v 36.235298 0.000022 -135.230392
v 73.833000 -0.000088 -73.833900
v 73.833000 -0.000112 73.833900
v 69.999901 -0.000020 121.244102
v 69.999901 0.000020 -121.244102
v 100.857399 0.000004 -27.023399
v 100.857399 -0.000004 27.023399
v 98.995102 0.000016 -98.957001
v 98.995102 -0.000016 99.033203
v 121.244102 0.000011 -69.960899
v 121.244102 -0.000011 70.039001
v 139.999893 -0.000000 0.039000
v 135.230392 0.000006 -36.197201
v 135.230392 -0.000006 36.273399
v -74.999901 0.000021 -129.980392
v -106.065399 0.000017 -106.144501
v -69.999901 0.000020 -121.320297
v -98.994102 0.000016 -99.072197
v -139.998001 0.000000 -0.078100
v -144.887604 0.000006 -38.939400
v -149.998001 0.000000 -0.115200
v -135.228500 -0.000006 36.156200
v -144.887604 -0.000006 38.707001
v -135.228500 0.000006 -36.312401
v -129.902298 0.000012 -75.078102
v -121.242104 -0.000011 69.921806
v -129.902298 -0.000012 74.921799
v -121.242104 0.000011 -70.078102
v -98.994102 -0.000016 98.917900
v -106.065399 -0.000017 105.988197
v -74.999901 -0.000021 129.826096
v -38.921799 -0.000024 144.830002
v -69.999901 -0.000020 121.166008
v -36.301701 -0.000022 135.189407
v -38.823200 0.000024 -144.927704
v -36.234299 0.000022 -135.269501
v -69.999901 -0.000020 121.166008
v -74.999901 -0.000021 129.826096
v -0.066400 -0.000024 149.958893
v -0.067300 -0.000023 139.958893
v 0.033200 0.000024 -149.980392
v 0.033200 0.000023 -139.980392
v 38.755798 -0.000024 144.849594
v 36.168900 -0.000022 135.191406
v 38.822201 0.000024 -144.888596
v 36.235298 0.000022 -135.230392
v 69.999901 -0.000020 121.244102
v 74.999901 -0.000021 129.904205
v 106.065399 -0.000017 106.103493
v 98.995102 -0.000016 99.033203
v 74.999901 0.000021 -129.904205
v 69.999901 0.000020 -121.244102
v 98.995102 0.000016 -98.957001
v 129.904205 0.000012 -74.960899
v 106.065399 0.000017 -106.027298
v 129.904205 -0.000012 75.039001
v 121.244102 0.000011 -69.960899
v 121.244102 -0.000011 70.039001
v 135.230392 0.000006 -36.197201
v 144.888596 -0.000006 38.861301
v 135.230392 -0.000006 36.273399
v 144.889603 0.000006 -38.785099
v 139.999893 -0.000000 0.039000
v 149.999893 -0.000000 0.039000
v 74.999901 0.000021 -129.904205
v 69.999901 0.000020 -121.244102
vt -1.999900 0.000900
vt -1.440800 0.385900
vt -1.931800 0.518500
vt -1.440800 -0.386200
vt -1.931800 -0.516600
vt -1.732000 1.000900
vt -1.732000 -0.999000
vt -1.054700 1.054600
vt -1.054700 -1.054800
vt -1.414200 1.415100
vt -1.414200 -1.413200
vt -0.999900 1.732900
vt -0.999900 -1.731000
vt 0.000000 -0.000100
vt -0.386000 1.440600
vt -0.386000 -1.440900
vt -0.518600 -1.931400
vt -0.517600 1.932200
vt -0.000900 -1.999500
vt 0.000400 1.999500
vt 0.386000 -1.440900
vt 0.386000 1.440600
vt 0.516600 -1.931400
vt 0.517600 1.931700
vt 1.054700 1.054600
vt 1.054700 -1.054900
vt 0.999900 -1.732200
vt 0.999900 1.731900
vt 1.440800 0.385800
vt 1.440800 -0.386200
vt 1.414200 1.413500
vt 1.414200 -1.414900
vt 1.732000 0.999200
vt 1.732000 -1.000700
vt 1.999900 -0.000700
vt 1.931800 0.516900
vt 1.931800 -0.518300
vt -6.988200 1.035100
vt -6.199200 1.035100
vt -6.988200 1.285100
vt -6.199200 1.285100
vt -3.999900 1.285100
vt -4.746000 1.035100
vt -3.999900 1.035100
vt -3.253900 1.285100
vt -3.253900 1.035100
vt -4.746000 1.285100
vt -5.496000 1.035100
vt -2.499900 1.285100
vt -2.499900 1.035100
vt -5.496000 1.285100
vt -1.742100 1.285100
vt -1.742100 1.035100
vt -9.999900 1.035000
vt -9.249900 1.035000
vt -9.999900 1.285000
vt -9.249900 1.285000
vt -7.749900 1.035000
vt -7.749900 1.285000
vt -0.999900 1.285100
vt -0.999900 1.035100
vt -8.499900 1.035000
vt -8.499900 1.285000
usemtl texture0b
s 1
f 1/1 2/2 3/3
f 4/4 1/1 5/5
f 2/2 6/6 3/3
f 7/7 4/4 5/5
f 2/2 1/1 4/4
f 2/2 8/8 6/6
f 9/9 4/4 7/7
f 6/6 8/8 10/10
f 9/9 7/7 11/11
f 10/10 8/8 12/12
f 13/13 9/9 11/11
f 4/4 14/14 2/2
f 2/2 14/14 8/8
f 9/9 14/14 4/4
f 8/8 15/15 12/12
f 16/16 9/9 13/13
f 16/16 13/13 17/17
f 12/12 15/15 18/18
f 8/8 14/14 15/15
f 16/16 14/14 9/9
f 19/19 16/16 17/17
f 15/15 20/20 18/18
f 21/21 16/16 19/19
f 15/15 14/14 22/22
f 21/21 14/14 16/16
f 20/20 15/15 22/22
f 21/21 19/19 23/23
f 20/20 22/22 24/24
f 22/22 14/14 25/25
f 26/26 14/14 21/21
f 27/27 21/21 23/23
f 22/22 28/28 24/24
f 25/25 28/28 22/22
f 26/26 21/21 27/27
f 29/29 25/25 14/14
f 26/26 30/30 14/14
f 14/14 30/30 29/29
f 31/31 28/28 25/25
f 26/26 27/27 32/32
f 25/25 33/33 31/31
f 34/34 26/26 32/32
f 25/25 29/29 33/33
f 30/30 26/26 34/34
f 35/35 29/29 30/30
f 33/33 29/29 36/36
f 30/30 34/34 37/37
f 37/37 35/35 30/30
f 36/36 29/29 35/35
usemtl texture1b
f 38/38 39/39 40/40
f 40/40 39/39 41/41
f 42/42 43/43 44/44
f 45/45 44/44 46/46
f 45/45 42/42 44/44
f 42/42 47/47 43/43
f 47/47 48/48 43/43
f 49/49 45/45 46/46
f 49/49 46/46 50/50
f 47/47 51/51 48/48
f 51/51 41/41 48/48
f 52/52 49/49 50/50
f 48/48 41/41 39/39
f 52/52 50/50 53/53
f 54/54 55/55 56/56
f 55/55 57/57 56/56
f 38/38 40/40 58/58
f 40/40 59/59 58/58
f 53/53 60/60 52/52
f 61/61 60/60 53/53
f 55/55 62/62 57/57
f 57/57 62/62 63/63
f 64/62 58/58 65/63
f 59/59 65/63 58/58
f 62/62 66/58 63/63
f 67/59 63/63 66/58
f 64/62 65/63 68/55
f 65/63 69/57 68/55
f 70/40 71/38 72/39
f 70/40 72/39 73/41
f 71/38 70/40 66/58
f 70/40 67/59 66/58
f 74/54 68/55 75/56
f 69/57 75/56 68/55
f 76/52 77/50 78/53
f 79/48 73/41 72/39
f 80/49 77/50 76/52
f 79/48 81/51 73/41
f 77/50 80/49 82/45
f 81/51 79/48 83/43
f 81/51 83/43 84/47
f 77/50 82/45 85/46
f 86/42 85/46 82/45
f 84/47 87/44 86/42
f 84/47 83/43 87/44
f 87/44 85/46 86/42
f 78/53 88/61 76/52
f 76/52 88/61 89/60
o Object_5
v -2270.566895 724.161194 -265.787964
v -2550.566406 724.161194 -265.787964
v -2270.566406 559.160950 -265.787994
v -2550.566406 559.160950 -265.787994
v -2270.566162 724.161194 -545.787964
v -2270.566895 724.161194 -265.787964
v -2270.566406 559.160950 -545.788025
v -2270.566406 559.160950 -265.787994
v -1530.000000 453.332245 1287.249390
v -1530.000000 388.332245 1287.249268
v -1670.000000 453.332245 1287.249390
v -1670.000000 388.332245 1287.249390
v -1530.000000 453.332245 1287.249390
v -1530.000000 453.332214 1507.249146
v -1530.000000 388.332245 1287.249268
v -1530.000000 388.332214 1507.249146
v -1871.307251 249.999359 3253.543701
v -1871.306763 100.043175 3253.542969
v -2069.296875 249.999329 3451.533203
v -2069.296875 100.043137 3451.533203
v -1673.316772 249.999329 3451.532959
v -1673.316772 100.043137 3451.532959
v -1871.307251 249.999359 3253.543701
v -1871.306763 100.043175 3253.542969
v -1309.357910 239.457428 3450.000000
v -1119.357910 239.457458 3260.000000
v -1309.357910 100.043137 3450.000000
v -1119.357910 100.043167 3260.000000
v -929.357910 239.457428 3450.000000
v -929.357910 100.043137 3450.000000
v -1119.357910 239.457458 3260.000000
v -1119.357910 100.043167 3260.000000
v -671.307312 265.043182 3253.543701
v -671.306885 100.043175 3253.542969
v -869.296875 265.043152 3451.533203
v -869.296875 100.043137 3451.533203
v -473.316895 265.043152 3451.532959
v -473.316986 100.043137 3451.532959
v -671.307312 265.043182 3253.543701
v -671.306885 100.043175 3253.542969
v -2667.093994 859.117310 -122.026230
v -2440.820068 859.117310 -122.026230
v -2667.093994 859.117310 104.247208
v -2440.820068 859.117371 104.247208
v -2523.703613 1059.117432 -518.924622
v -2297.429443 1059.117432 -518.924622
v -2523.703613 1059.117310 -292.651184
v -2297.429443 1059.117310 -292.651184
v -1656.568481 610.000000 1343.431763
v -1543.431274 610.000000 1343.431763
v -1656.568481 610.000000 1456.568481
v -1543.431396 610.000000 1456.568481
v -1984.443970 599.999329 3338.396484
v -1758.169922 599.999329 3338.396484
v -1984.443970 599.999268 3564.669922
v -1758.169922 599.999268 3564.669922
v -1584.444336 399.999359 3338.396484
v -1358.170044 399.999359 3338.396484
v -1584.444336 399.999329 3564.669922
v -1358.170044 399.999329 3564.669922
v -1229.357910 585.378967 3340.000000
v -1009.357910 585.378967 3340.000000
v -1229.357910 585.378906 3560.000000
v -1009.357910 585.378906 3560.000000
v -784.444092 599.999329 3338.396484
v -558.169922 599.999329 3338.396484
v -784.444092 599.999268 3564.669922
v -558.169922 599.999268 3564.669922
v -2553.957031 1299.611328 -8.889439
v -2667.093994 859.117310 104.247208
v -2440.820068 859.117371 104.247208
v -2440.820068 859.117371 104.247208
v -2440.820068 859.117310 -122.026230
v -2410.566650 1486.559570 -405.787842
v -2523.703613 1059.117310 -292.651184
v -2297.429443 1059.117310 -292.651184
v -2297.429443 1059.117310 -292.651184
v -2297.429443 1059.117432 -518.924622
v -1600.000000 879.999878 1400.000122
v -1543.431274 610.000000 1343.431763
v -1656.568481 610.000000 1343.431763
v -1543.431396 610.000000 1456.568481
v -1543.431274 610.000000 1343.431763
v -1871.307129 1027.441650 3451.533447
v -1984.443970 599.999329 3338.396484
v -1984.443970 599.999268 3564.669922
v -1758.169922 599.999329 3338.396484
v -1984.443970 599.999329 3338.396484
v -1758.169922 599.999268 3564.669922
v -1758.169922 599.999329 3338.396484
v -1471.307129 840.493530 3451.533447
v -1584.444336 399.999359 3338.396484
v -1584.444336 399.999329 3564.669922
v -1358.170044 399.999359 3338.396484
v -1584.444336 399.999359 3338.396484
v -1358.170044 399.999329 3564.669922
v -1358.170044 399.999359 3338.396484
v -1119.357910 1085.379028 3450.000244
v -1229.357910 585.378967 3340.000000
v -1229.357910 585.378906 3560.000000
v -1009.357910 585.378967 3340.000000
v -1229.357910 585.378967 3340.000000
v -1009.357910 585.378906 3560.000000
v -1009.357910 585.378967 3340.000000
v -671.307129 1027.441650 3451.533447
v -784.444092 599.999329 3338.396484
v -784.444092 599.999268 3564.669922
v -558.169922 599.999329 3338.396484
v -784.444092 599.999329 3338.396484
v -558.169922 599.999268 3564.669922
v -558.169922 599.999329 3338.396484
v -2463.957031 859.117310 83.034317
v -2643.957031 859.117310 83.034317
v -2463.957031 559.117188 83.034271
v -2643.957031 559.117188 83.034271
v -2463.957031 859.117310 -100.813339
v -2463.957031 559.117188 -100.813385
v -2463.957031 559.117188 83.034271
v -2320.566650 1059.117310 -313.864075
v -2500.566650 1059.117310 -313.864075
v -2320.566650 709.117249 -313.864136
v -2500.566650 709.117249 -313.864136
v -2320.566650 1059.117432 -497.711731
v -2320.566650 709.117249 -497.711792
v -2320.566650 709.117249 -313.864136
v -1961.307129 599.999329 3543.457031
v -1961.307129 599.999329 3359.609375
v -1961.307129 249.999313 3543.457031
v -1961.307129 249.999344 3359.609375
v -1781.307129 599.999329 3359.609375
v -1781.307129 249.999344 3359.609375
v -1781.307129 599.999329 3359.609375
v -1781.307129 599.999329 3543.457031
v -1781.307129 249.999344 3359.609375
v -1781.307129 249.999313 3543.457031
v -1561.307129 399.999329 3543.457031
v -1561.307129 399.999359 3359.609375
v -1561.307129 99.999519 3543.457031
v -1561.307129 99.999550 3359.609375
v -1381.307129 399.999359 3359.609375
v -1381.307129 99.999550 3359.609375
v -1561.307129 399.999359 3359.609375
v -1561.307129 99.999550 3359.609375
v -1381.307129 399.999359 3359.609375
v -1381.307129 399.999329 3543.457031
v -1381.307129 99.999550 3359.609375
v -1381.307129 99.999519 3543.457031
v -1209.357910 585.378967 3540.000000
v -1209.357910 585.378967 3360.000000
v -1209.357910 235.378922 3540.000000
v -1209.357910 235.378952 3360.000000
v -1029.357910 585.378967 3360.000000
v -1029.357910 235.378952 3360.000000
v -1029.357910 585.378967 3360.000000
v -1029.357910 585.378967 3540.000000
v -1029.357910 235.378952 3360.000000
v -1029.357910 235.378922 3540.000000
v -761.307129 599.999329 3543.457031
v -761.307129 599.999329 3359.609375
v -761.307129 249.999313 3543.457031
v -761.307129 249.999344 3359.609375
v -581.307129 599.999329 3359.609375
v -581.307129 249.999344 3359.609375
v -581.307129 599.999329 3359.609375
v -581.307129 599.999329 3543.457031
v -581.307129 249.999344 3359.609375
v -581.307129 249.999313 3543.457031
v -361.307098 399.999329 3543.457031
v -361.307098 399.999359 3359.609375
v -361.307098 99.999519 3543.457031
v -361.307098 99.999550 3359.609375
v -3275.000000 459.116547 250.000320
v -3200.000000 409.116547 100.002686
v -2550.000000 459.116638 250.000320
v -2600.000000 409.116547 100.000191
v -2250.000000 459.117249 -49.999744
v -2400.000000 409.117279 -99.999748
v -2600.000000 409.116547 100.000191
v -1580.000122 133.332245 1687.249023
v -1530.000122 133.332245 1687.249023
v -1580.000122 133.332336 1107.249023
v -1530.000122 133.332336 1107.249023
v -1530.000000 83.332359 997.249268
v -1530.000000 83.332230 1797.249268
v -1560.000000 13.332353 1027.249268
v -1560.000000 13.332232 1767.249268
v -2930.000000 83.332359 997.249023
v -1530.000122 83.332359 997.249023
v -2900.000000 13.332353 1027.249023
v -1560.000122 13.332353 1027.249023
v -1950.000244 -0.000505 3100.283203
v -1900.000244 -50.000530 3250.283203
v -2250.000244 -0.001154 3400.283203
v -2100.000000 -50.001263 3450.283203
v -250.000305 -0.001105 3100.283203
v -300.000305 -50.001232 3250.283203
v -1946.587402 -77.781731 226.133591
v -1974.987061 -5.781610 120.144203
v -1853.412354 -77.781715 226.133560
v -1825.012939 -5.781610 120.144203
v -1853.412598 -77.781784 573.866577
v -1772.720825 -77.781761 527.279114
v -1825.012939 -5.781701 679.856323
v -1695.131104 -5.781622 195.131485
v -1853.412354 -77.781715 226.133560
v -1772.720947 -77.781738 272.720886
v -1695.131226 -5.781689 604.869080
v -1726.133545 -77.781738 353.412811
v -1726.133423 -77.781769 446.587311
v -1620.143921 -5.781667 474.987518
v -1772.720825 -77.781761 527.279114
v -1726.133545 -77.781738 353.412811
v -1620.144165 -5.781643 325.013306
v -1620.144165 -5.781643 325.013306
v -733.213196 359.999969 737.511047
v -670.723877 359.999969 629.276184
v -629.903809 299.999878 725.000122
v -649.999878 299.999878 800.000122
v -644.888855 299.999878 761.177307
v -606.065979 299.999878 693.934143
v -574.999878 299.999878 670.096313
v -562.489197 359.999969 566.786865
v -538.822815 299.999908 655.111389
v -500.000000 299.999908 650.000183
v -437.510712 360.000000 566.786865
v -461.177185 299.999908 655.111389
v -425.000092 299.999878 670.096313
v -329.276093 359.999969 629.276245
v -393.934021 299.999878 693.934143
v -425.000092 299.999847 929.903809
v -393.933990 299.999847 906.065979
v -329.276001 359.999939 970.724365
v -370.096283 299.999878 725.000244
v -370.096191 299.999847 875.000061
v -3275.000000 459.116547 250.000320
v -2550.000000 459.116638 250.000320
v -3275.000000 559.117004 250.000336
v -2550.000000 559.117126 250.000336
v -2250.000000 459.117249 -49.999744
v -2250.000000 559.117188 -49.999729
v -1555.000000 610.000000 1354.038208
v -1555.000000 450.000031 1354.038208
v -1645.000000 610.000000 1354.038208
v -1645.000000 450.000031 1354.038208
v -1555.000000 610.000000 1354.038208
v -1555.000000 610.000000 1445.962036
v -1555.000000 450.000031 1354.038208
v -1555.000000 450.000000 1445.962036
v -2250.000244 -0.001154 3400.283203
v -2250.000244 99.999344 3400.283203
v -1950.000244 -0.000505 3100.283203
v -1950.000366 99.999397 3100.283203
v -1950.000366 99.999397 3100.283203
v -250.000305 -0.001105 3100.283203
v -250.000305 99.999397 3100.282471
v -3200.000000 -4000.000000 99.999229
v -2600.000000 -4000.000000 99.999229
v -3200.000000 -440.882721 99.999809
v -2600.000000 -440.882721 99.999809
v -2400.000000 -4000.000000 -100.000771
v -2400.000000 -440.882660 -100.000191
v -2100.000000 -4000.000488 3450.282471
v -2100.000000 -900.000488 3450.282959
v -1899.999878 -4000.000488 3250.282471
v -1899.999878 -900.000488 3250.282959
v -300.000122 -900.000488 3250.282959
v -300.000122 -4000.000488 3250.282471
v -3200.000000 159.117203 99.999901
v -3200.000000 -440.882721 99.999809
v -2600.000000 159.117203 99.999901
v -2600.000000 -440.882721 99.999809
v -2400.000000 159.117233 -100.000099
v -2400.000000 -440.882660 -100.000191
v -2100.000000 -300.000580 3450.283203
v -1899.999878 -300.000549 3250.283203
v -2100.000000 -900.000488 3450.282959
v -1899.999878 -900.000488 3250.282959
v -300.000122 -900.000488 3250.282959
v -300.000000 -300.000549 3250.283203
v -3200.000000 409.117157 99.999947
v -3200.000000 159.117203 99.999901
v -2600.000000 409.117157 99.999947
v -2600.000000 159.117203 99.999901
v -2400.000000 409.117218 -100.000053
v -2400.000000 159.117233 -100.000099
v -2100.000000 -50.000622 3450.283203
v -1899.999878 -50.000591 3250.283203
v -2100.000000 -300.000580 3450.283203
v -1899.999878 -300.000549 3250.283203
v -300.000122 -50.000591 3250.283203
v -300.000000 -300.000549 3250.283203
v -1930.000000 -1166.666382 1647.253662
v -2630.000977 -1166.666382 1647.253662
v -1930.000000 -1166.666382 1197.253662
v -2630.000977 -1166.666382 1197.253662
v -1780.000000 -766.666504 1697.253784
v -2730.000000 -766.666443 1697.253784
v -1780.000000 -766.666382 1097.253784
v -2730.000000 -766.666321 1097.253784
v -1559.994141 -466.666168 1767.251831
v -2896.227539 -466.666168 1767.261597
v -1559.994141 -466.666046 1027.249878
v -2896.227539 -466.666046 1027.259644
v -2250.000244 99.999130 4125.283203
v 49.999760 99.999130 4125.283203
v -2250.000244 99.999344 3400.283203
v 49.999760 99.999344 3400.282715
v -250.000305 99.999397 3100.282471
v -1950.000366 99.999397 3100.283203
v -1219.999878 -0.000172 319.999878
v -1100.000122 -0.000153 199.999893
v -1219.999878 -0.000133 80.000099
v -980.000122 -0.000133 80.000099
v -980.000122 -0.000172 319.999878
v -869.999878 -378.007904 -280.000061
v -700.000000 -378.007874 -400.000061
v -869.999878 -378.007843 -519.999939
v -580.000000 -378.007843 -519.999939
v -580.000000 -378.007935 -280.000061
v -2630.000977 -886.666321 1197.253784
v -1930.000000 -886.666321 1197.251831
v -2630.000977 -1166.666382 1197.253662
v -1930.000000 -1166.666382 1197.253662
v -2630.000977 -766.666321 1197.253784
v -1930.000000 -766.666321 1197.251831
v -2730.000000 -526.666077 1097.253784
v -1780.000000 -526.666077 1097.253784
v -2730.000000 -766.666321 1097.253784
v -1780.000000 -766.666382 1097.253784
v -2730.000000 -466.666077 1097.253784
v -1780.000000 -466.666077 1097.253784
v -1559.994141 -251.666916 1027.250000
v -1559.994141 -466.666046 1027.249878
v -2896.227539 -251.666916 1027.259766
v -2896.227539 -466.666046 1027.259644
v -1559.994141 -251.666916 1027.250000
v -1559.994141 -251.667038 1767.251953
v -1559.994141 -466.666046 1027.249878
v -1559.994141 -466.666168 1767.251831
v -1930.000000 -886.666321 1197.251831
v -1930.000000 -1166.666382 1647.253662
v -1930.000000 -1166.666382 1197.253662
v -1930.000000 -766.666382 1647.253784
v -1930.000000 -766.666321 1197.251831
v -1780.000000 -526.666077 1097.253784
v -1780.000000 -766.666504 1697.253784
v -1780.000000 -766.666382 1097.253784
v -1780.000000 -466.666168 1697.253784
v -1780.000000 -466.666077 1097.253784
v -2393.738281 -1372.667603 1237.243896
v -1980.978516 -1372.667603 1237.243896
v -2393.738281 -4000.000244 1237.243530
v -1980.978516 -4000.000244 1237.243530
v -2393.738281 -1166.667603 1237.243896
v -1980.978516 -1166.667603 1237.243896
v -1980.978516 -1372.667603 1237.243896
v -1980.978516 -1784.667603 1487.245850
v -1980.978516 -4000.000244 1487.245483
v -1980.978516 -1166.667603 1487.245850
v -1946.587402 -617.781860 226.133499
v -1853.412598 -617.781860 226.133499
v -1946.587402 -4000.000000 226.132645
v -1853.412598 -4000.000000 226.132645
v -1772.720947 -617.781860 272.720795
v -1772.720825 -4000.000000 272.719940
v -1772.720947 -617.781860 527.279175
v -1853.412598 -617.781921 573.866455
v -1772.720825 -4000.000000 527.278320
v -1853.412598 -4000.000000 573.865662
v -1726.133301 -617.781860 446.587402
v -1726.133301 -4000.000000 446.586548
v -1772.721069 -77.781738 272.720886
v -1726.133423 -77.781738 353.412811
v -1772.720825 -191.781738 272.720856
v -1726.133301 -191.781754 353.412659
v -1726.133179 -617.781860 353.412598
v -1726.133301 -4000.000000 353.411774
v -1946.587402 -191.781723 226.133575
v -1853.412231 -191.781754 226.133530
v -1946.587402 -77.781731 226.133591
v -1853.412476 -77.781715 226.133575
v -1772.720825 -191.781784 527.279236
v -1853.412598 -77.781784 573.866577
v -1772.720825 -77.781761 527.279114
v -1726.133423 -77.781769 446.587311
v -1726.132935 -191.781799 446.587402
v -649.999878 -4000.000244 799.999329
v -649.999878 -300.000000 799.999939
v -644.888916 -4000.000244 761.176453
v -644.888794 -300.000000 761.177124
v -644.888794 -300.000000 761.177124
v -649.999878 -300.000000 799.999939
v -644.888672 149.999985 761.177185
v -649.999878 149.999969 800.000000
v -629.903809 -4000.000000 724.999329
v -629.903809 -300.000000 725.000061
v -629.903809 -300.000000 725.000061
v -629.903809 149.999985 725.000122
v -606.065979 -4000.000000 693.933350
v -606.065979 -300.000000 693.934021
v -606.065979 -300.000000 693.934021
v -606.065979 150.000000 693.934082
v -574.999878 -4000.000000 670.095520
v -574.999878 -300.000000 670.096252
v -574.999878 -300.000000 670.096252
v -574.999878 150.000000 670.096313
v -538.822815 -299.999969 655.111267
v -538.822815 -4000.000000 655.110535
v -538.822815 150.000000 655.111389
v -538.822815 -299.999969 655.111267
v -500.000000 -299.999969 650.000061
v -500.000000 -4000.000000 649.999329
v -500.000000 150.000000 650.000183
v -500.000000 -299.999969 650.000061
v -500.000000 -299.999969 650.000061
v -461.177185 -299.999969 655.111267
v -500.000000 -4000.000000 649.999329
v -461.177185 -4000.000000 655.110535
v -500.000000 150.000000 650.000183
v -461.177185 150.000000 655.111389
v -500.000000 -299.999969 650.000061
v -461.177185 -299.999969 655.111267
v -425.000092 -300.000000 670.096252
v -425.000092 -4000.000000 670.095520
v -425.000092 150.000000 670.096313
v -425.000092 -300.000000 670.096252
v -393.933990 -300.000000 693.934021
v -393.933990 -4000.000000 693.933350
v -425.000092 -4000.000244 929.903015
v -393.933990 -4000.000244 906.065247
v -425.000092 -300.000031 929.903748
v -393.933990 -300.000031 906.065918
v -393.933990 150.000000 693.934082
v -393.933990 -300.000000 693.934021
v -425.000092 -300.000031 929.903748
v -393.933990 -300.000031 906.065918
v -425.000092 149.999954 929.903809
v -393.933990 149.999954 906.065979
v -370.096191 -300.000000 725.000061
v -370.096191 -4000.000000 724.999329
v -370.096191 -4000.000244 874.999207
v -370.096191 -300.000031 874.999939
v -370.096191 149.999985 725.000183
v -370.096191 -300.000000 725.000061
v -370.096191 -300.000031 874.999939
v -370.096191 149.999969 875.000000
v -355.111206 -300.000000 761.177246
v -355.111206 -4000.000244 761.176514
v -355.111206 -4000.000244 838.822021
v -355.111206 -300.000000 838.822754
v -355.111206 149.999985 761.177307
v -355.111206 -300.000000 761.177246
v -355.111206 -300.000000 838.822754
v -355.111206 149.999969 838.822876
v -1559.994141 13.333083 1027.250000
v -1559.994141 -251.666916 1027.250000
v -2896.227539 13.333083 1027.253906
v -2896.227539 -251.666916 1027.259766
v -1559.994141 13.333083 1027.250000
v -1559.994141 13.332962 1767.251953
v -1559.994141 -251.666916 1027.250000
v -1559.994141 -251.667038 1767.251953
v -1570.000000 161.480469 1451.770020
v -1570.000000 161.480469 1519.130371
v -1552.500000 161.480469 1451.770020
v -1552.500000 161.480469 1519.130371
v -1570.000000 186.107208 1286.784668
v -1570.000000 186.107208 1354.145020
v -1552.500000 186.107208 1286.784668
v -1552.500000 186.107208 1354.145020
v -453.209778 -110.896111 651.558594
v -394.873993 -110.896118 685.238770
v -444.459778 -110.896111 636.403137
v -386.123993 -110.896111 670.083313
v -530.812195 131.738419 647.438904
v -463.464020 131.738419 648.716187
v -530.480408 131.738419 629.942078
v -463.132202 131.738419 631.219299
v -1570.000000 236.480469 1451.770020
v -1570.000000 161.480469 1451.770020
v -1552.500000 236.480469 1451.770020
v -1552.500000 161.480469 1451.770020
v -1570.000000 161.480469 1519.130371
v -1570.000000 236.480469 1519.130371
v -1552.500000 161.480469 1519.130371
v -1552.500000 236.480469 1519.130371
v -1552.500000 255.230469 1465.450195
v -1570.000000 255.230469 1465.450195
v -1552.500000 255.230469 1505.450195
v -1570.000000 255.230469 1505.450195
v -1552.500000 261.480469 1485.450195
v -1570.000000 261.480469 1485.450195
v -1570.000000 252.107208 1286.784668
v -1570.000000 186.107208 1286.784668
v -1552.500000 252.107208 1286.784668
v -1552.500000 186.107208 1286.784668
v -1570.000000 186.107208 1354.145020
v -1570.000000 252.107208 1354.145020
v -1552.500000 186.107208 1354.145020
v -1552.500000 252.107208 1354.145020
v -1552.500000 268.607208 1300.464844
v -1570.000000 268.607208 1300.464844
v -1552.500000 268.607208 1340.464844
v -1570.000000 268.607208 1340.464844
v -1552.500000 274.107208 1320.464844
v -1570.000000 274.107208 1320.464844
v -1871.307007 249.999298 3649.522949
v -1673.316772 249.999329 3451.532959
v -2069.296875 249.999329 3451.533203
v -1871.307251 249.999359 3253.543701
v -1119.357910 239.457458 3260.000000
v -1309.357910 239.457428 3450.000000
v -929.357910 239.457428 3450.000000
v -1119.357910 239.457397 3640.000000
v -671.307007 265.043121 3649.522949
v -473.316895 265.043152 3451.532959
v -869.296875 265.043152 3451.533203
v -671.307312 265.043182 3253.543701
v -1219.999878 399.999908 80.000168
v -1100.000122 399.999878 199.999954
v -1219.999878 399.999847 319.999939
v -980.000122 399.999908 80.000168
v -980.000122 399.999847 319.999939
v -819.999878 21.992214 -519.999878
v -700.000122 21.992195 -400.000092
v -819.999817 21.992176 -280.000122
v -580.000122 21.992214 -519.999878
v -580.000122 21.992176 -280.000122
v -453.209808 -50.896107 651.558594
v -453.209778 -110.896111 651.558594
v -444.459778 -50.896103 636.403137
v -444.459778 -110.896111 636.403137
v -432.612396 -35.896103 643.243225
v -441.362396 -35.896107 658.398682
v -415.291901 -30.896107 653.243225
v -424.041901 -30.896109 668.398682
v -397.971375 -35.896107 663.243225
v -406.721375 -35.896111 678.398682
v -386.123993 -50.896111 670.083313
v -394.873993 -50.896111 685.238770
v -394.873993 -110.896118 685.238770
v -386.123993 -110.896111 670.083313
v -530.812195 191.738419 647.438965
v -530.812195 131.738419 647.438904
v -530.480408 191.738419 629.942139
v -530.480408 131.738419 629.942078
v -516.802612 206.738419 630.201538
v -517.134460 206.738419 647.698364
v -496.806244 211.738419 630.580750
v -497.138092 211.738419 648.077637
v -476.809845 206.738419 630.959961
v -477.141663 206.738419 648.456848
v -463.132233 191.738419 631.219360
v -463.464020 191.738419 648.716248
v -463.464020 131.738419 648.716187
v -463.132202 131.738419 631.219299
v -1552.500000 148.980484 1440.450195
v -1552.500000 148.980469 1530.450195
v -1580.000000 148.980484 1440.450195
v -1580.000000 148.980469 1530.450195
v -1552.500000 236.480484 1440.450195
v -1552.500000 148.980484 1440.450195
v -1580.000000 236.480484 1440.450195
v -1552.500000 148.980469 1530.450195
v -1552.500000 236.480469 1530.450195
v -1580.000000 148.980469 1530.450195
v -1580.000000 236.480469 1530.450195
v -1580.000000 248.980484 1445.450195
v -1552.500000 248.980484 1445.450195
v -1580.000000 248.980469 1525.450195
v -1552.500000 248.980469 1525.450195
v -1580.000000 267.730469 1460.450195
v -1552.500000 267.730469 1460.450195
v -1580.000000 267.730469 1510.450195
v -1552.500000 267.730469 1510.450195
v -1580.000000 273.980469 1485.450195
v -1552.500000 273.980469 1485.450195
v -1552.500000 161.480469 1519.130371
v -1552.500000 161.480469 1451.770020
v -1552.500000 161.480469 1451.770020
v -1552.500000 236.480469 1451.770020
v -1552.500000 148.980469 1530.450195
v -1552.500000 161.480469 1519.130371
v -1552.500000 236.480469 1530.450195
v -1552.500000 236.480469 1519.130371
v -1552.500000 255.230469 1465.450195
v -1552.500000 248.980469 1525.450195
v -1552.500000 255.230469 1505.450195
v -1552.500000 261.480469 1485.450195
v -1552.500000 175.107208 1275.464844
v -1552.500000 175.107193 1365.464844
v -1580.000000 175.107208 1275.464844
v -1580.000000 175.107193 1365.464844
v -1552.500000 252.107208 1275.464844
v -1552.500000 175.107208 1275.464844
v -1580.000000 252.107208 1275.464844
v -1552.500000 175.107193 1365.464844
v -1552.500000 252.107193 1365.464844
v -1580.000000 175.107193 1365.464844
v -1580.000000 252.107193 1365.464844
v -1580.000000 263.107208 1280.464844
v -1552.500000 263.107208 1280.464844
v -1580.000000 263.107208 1360.464844
v -1552.500000 263.107208 1360.464844
v -1580.000000 279.607208 1295.464844
v -1552.500000 279.607208 1295.464844
v -1580.000000 279.607208 1345.464844
v -1552.500000 279.607208 1345.464844
v -1580.000000 285.107208 1320.464844
v -1552.500000 285.107208 1320.464844
v -1552.500000 186.107208 1354.145020
v -1552.500000 186.107208 1286.784668
v -1552.500000 252.107208 1275.464844
v -1552.500000 186.107208 1286.784668
v -1552.500000 252.107208 1286.784668
v -1552.500000 186.107208 1354.145020
v -1552.500000 252.107208 1354.145020
v -1552.500000 268.607208 1300.464844
v -1552.500000 263.107208 1280.464844
v -1552.500000 268.607208 1340.464844
v -1552.500000 274.107208 1320.464844
v -1040.000122 1699.999878 80.000374
v -1040.000122 399.999908 80.000168
v -1159.999878 1699.999878 80.000374
v -1159.999878 399.999908 80.000168
v -1159.999878 1699.999878 320.000153
v -1159.999878 399.999847 319.999939
v -1040.000122 1699.999878 320.000153
v -1040.000122 399.999847 319.999939
v -980.000122 1699.999878 260.000183
v -980.000122 399.999878 259.999969
v -980.000122 1699.999878 140.000366
v -980.000122 399.999878 140.000153
v -1040.000122 -0.000133 80.000099
v -1040.000122 -4000.000000 79.999451
v -1159.999878 -0.000133 80.000099
v -1159.999878 -4000.000000 79.999451
v -1159.999878 -0.000172 319.999878
v -1159.999878 -4000.000000 319.999237
v -1040.000122 -0.000172 319.999878
v -1040.000122 -4000.000000 319.999237
v -980.000122 -0.000162 259.999908
v -980.000122 -4000.000000 259.999268
v -980.000122 -0.000143 140.000092
v -980.000122 -4000.000000 139.999435
v -640.000000 -478.007904 -280.000092
v -759.999878 -478.007874 -280.000092
v -639.998108 -4000.000000 -280.000824
v -759.997986 -4000.000000 -280.000824
v -580.000000 -378.007843 -519.999939
v -580.000000 -378.007935 -280.000061
v -580.000000 -478.007874 -460.000000
v -580.000000 -478.007874 -340.000092
v -580.000000 -478.007874 -340.000092
v -579.998108 -4000.000000 -340.000824
v -580.000000 -478.007874 -460.000000
v -579.998108 -4000.000000 -460.000732
v -819.999817 -478.007904 -280.000092
v -869.999878 -378.007904 -280.000061
v -869.999878 -478.007904 -280.000092
v -759.999878 -478.007874 -280.000092
v -580.000000 -378.007935 -280.000061
v -640.000000 -478.007904 -280.000092
v -580.000000 -478.007904 -280.000092
v -580.000000 -478.007843 -519.999939
v -580.000000 -478.007904 -280.000092
v -759.999878 1321.992065 -279.999908
v -759.999878 21.992176 -280.000122
v -640.000122 1321.992065 -279.999908
v -640.000122 21.992176 -280.000122
v -580.000122 1321.992065 -339.999878
v -580.000122 21.992186 -340.000092
v -580.000122 1321.992188 -459.999695
v -580.000122 21.992205 -459.999908
v -454.263031 -50.896103 630.743225
v -454.263031 -120.896103 630.743225
v -468.013031 -50.896107 654.558899
v -468.013031 -120.896111 654.558899
v -463.682892 -40.896107 657.058899
v -449.932892 -40.896103 633.243225
v -450.692535 -25.896109 664.558899
v -436.942535 -25.896105 640.743225
v -444.459778 -110.896111 636.403137
v -444.459808 -50.896103 636.403137
v -432.612396 -35.896103 643.243225
v -429.041901 -20.896111 677.058899
v -415.291901 -20.896107 653.243225
v -415.291901 -30.896107 653.243225
v -454.263031 -120.896103 630.743225
v -376.320740 -120.896111 675.743225
v -468.013031 -120.896111 654.558899
v -390.070740 -120.896118 699.558899
v -376.320740 -120.896111 675.743225
v -386.123993 -110.896111 670.083313
v -444.459778 -110.896111 636.403137
v -407.391266 -25.896112 689.558899
v -393.641266 -25.896109 665.743225
v -397.971375 -35.896107 663.243225
v -394.400879 -40.896114 697.058899
v -380.650879 -40.896111 673.243225
v -380.650879 -40.896111 673.243225
v -386.123993 -50.896111 670.083313
v -390.070740 -50.896114 699.558899
v -376.320740 -50.896111 675.743225
v -376.320740 -120.896111 675.743225
v -390.070740 -120.896118 699.558899
v -376.320740 -120.896111 675.743225
v -386.123993 -110.896111 670.083313
v -376.320740 -50.896111 675.743225
v -541.798157 191.738419 629.727478
v -541.798157 121.738434 629.727417
v -542.319580 191.738419 657.222534
v -542.319580 121.738426 657.222473
v -537.320496 201.738419 657.317383
v -536.799072 201.738419 629.822327
v -530.480408 131.738419 629.942078
v -530.480408 191.738419 629.942139
v -522.323181 216.738419 657.601807
v -521.801758 216.738419 630.106750
v -516.802612 206.738419 630.201538
v -497.327667 221.738419 658.075806
v -496.806244 221.738419 630.580750
v -496.806244 211.738419 630.580750
v -541.798157 121.738434 629.727417
v -451.814331 121.738434 631.433960
v -542.319580 121.738426 657.222473
v -452.335785 121.738426 658.929016
v -451.814331 121.738434 631.433960
v -463.132202 131.738419 631.219299
v -530.480408 131.738419 629.942078
v -471.810730 216.738419 631.054810
v -476.809845 206.738419 630.959961
v -472.332153 216.738419 658.549866
v -456.813446 201.738419 631.339233
v -463.132233 191.738419 631.219360
v -457.334869 201.738419 658.834290
v -456.813446 201.738419 631.339233
v -451.814331 121.738434 631.433960
v -463.132202 131.738419 631.219299
v -451.814331 191.738419 631.434021
v -452.335785 191.738419 658.929077
v -451.814331 191.738419 631.434021
v -451.814331 121.738434 631.433960
v -452.335785 121.738426 658.929016
v -644.888672 149.999985 761.177185
v -649.999878 149.999969 800.000000
v -644.888855 299.999878 761.177307
v -649.999878 299.999878 800.000122
v -629.903809 149.999985 725.000122
v -629.903809 299.999878 725.000122
v -606.065979 150.000000 693.934082
v -606.065979 299.999878 693.934143
v -574.999878 150.000000 670.096313
v -574.999878 299.999878 670.096313
v -538.822815 150.000000 655.111389
v -538.822815 299.999908 655.111389
v -500.000000 150.000000 650.000183
v -500.000000 299.999908 650.000183
v -461.177185 150.000000 655.111389
v -500.000000 150.000000 650.000183
v -461.177185 299.999908 655.111389
v -500.000000 299.999908 650.000183
v -425.000092 150.000000 670.096313
v -425.000092 299.999878 670.096313
v -393.933990 150.000000 693.934082
v -393.934021 299.999878 693.934143
v -393.933990 149.999954 906.065979
v -393.933990 299.999847 906.065979
v -425.000092 149.999954 929.903809
v -425.000092 299.999847 929.903809
v -370.096191 149.999985 725.000183
v -370.096252 299.999878 725.000183
v -370.096191 149.999969 875.000000
v -370.096191 299.999847 875.000061
v -355.111206 149.999985 761.177307
v -355.111206 299.999878 761.177429
v -355.111206 299.999878 838.822998
v -355.111206 149.999969 838.822876
v -1562.018555 261.572998 1463.157227
v -1562.018555 261.572998 1468.356934
v -1562.018555 161.480469 1463.157227
v -1562.018555 161.480469 1468.356934
v -1561.293457 261.572998 1482.044434
v -1561.293457 261.572998 1487.244141
v -1561.293457 161.480469 1482.044434
v -1561.292969 161.480469 1487.244141
v -1560.624023 261.572998 1501.139160
v -1560.624023 261.572998 1506.338867
v -1560.624023 161.480469 1501.139160
v -1560.624023 161.480469 1506.339355
v -1570.000000 161.480469 1451.770020
v -1570.000000 261.480469 1485.450195
v -1570.000000 161.480469 1519.130371
v -1570.000000 255.230469 1465.450195
v -1570.000000 236.480469 1451.770020
v -1570.000000 255.230469 1505.450195
v -1570.000000 236.480469 1519.130371
v -1562.018555 274.188507 1298.171875
v -1562.018555 274.188507 1303.371582
v -1562.018555 186.107208 1298.171875
v -1562.018555 186.107208 1303.371582
v -1561.293457 274.188507 1317.059082
v -1561.293457 274.188507 1322.258789
v -1561.293457 186.107208 1317.059082
v -1561.292969 186.107208 1322.258789
v -1560.624023 274.188507 1336.153809
v -1560.624023 274.188507 1341.353516
v -1560.624023 186.107208 1336.153809
v -1560.624023 186.107208 1341.354004
v -1570.000000 186.107208 1286.784668
v -1570.000000 274.107208 1320.464844
v -1570.000000 186.107208 1354.145020
v -1570.000000 268.607208 1300.464844
v -1570.000000 252.107208 1286.784668
v -1570.000000 268.607208 1340.464844
v -1570.000000 252.107208 1354.145020
v -441.362396 -35.896107 658.398682
v -453.209778 -110.896111 651.558594
v -453.209808 -50.896107 651.558594
v -424.041901 -30.896109 668.398682
v -394.873993 -110.896118 685.238770
v -406.721375 -35.896111 678.398682
v -394.873993 -50.896111 685.238770
v -517.134460 206.738419 647.698364
v -530.812195 131.738419 647.438904
v -530.812195 191.738419 647.438965
v -497.138092 211.738419 648.077637
v -463.464020 131.738419 648.716187
v -477.141663 206.738419 648.456848
v -463.464020 191.738419 648.716248
v -1530.000122 323.332428 1317.249023
v -1580.000122 323.332428 1317.249023
v -1530.000122 133.332336 1107.249023
v -1580.000122 133.332336 1107.249023
v -1530.000122 133.332245 1687.249023
v -1580.000122 133.332245 1687.249023
v -1530.000122 323.332397 1477.249023
v -1580.000122 323.332397 1477.249023
v -1530.000122 323.332397 1477.249023
v -1580.000122 323.332428 1317.249023
v -1580.000122 323.332397 1477.249023
v -1530.000122 133.332352 997.249023
v -1530.000122 388.332428 1287.249146
v -1530.000122 133.332336 1107.249023
v -1530.000122 323.332428 1317.249023
v -1530.000122 133.332230 1797.249023
v -1530.000122 133.332245 1687.249023
v -1530.000122 388.332397 1507.249146
v -1530.000122 323.332397 1477.249023
v -1530.000122 388.332428 1287.249146
v -2930.000000 133.332352 997.249023
v -2930.000000 483.332428 1397.249146
v -1640.000122 483.332428 1397.249146
v -1530.000122 133.332352 997.249023
v -1580.000122 133.332245 1687.249023
v -1580.000122 133.332336 1107.249023
v -1580.000122 323.332397 1477.249023
v -1580.000122 323.332428 1317.249023
v -1530.000000 83.332359 997.249268
v -1530.000000 133.332382 997.249268
v -1530.000000 83.332230 1797.249268
v -1530.000000 133.332260 1797.249268
v -1530.000122 83.332359 997.249023
v -2930.000000 83.332359 997.249023
v -1530.000122 133.332382 997.249023
v -2930.000000 133.332382 997.249023
v -1159.999878 399.999908 80.000168
v -1219.999878 399.999908 80.000168
v -1159.999878 1699.999878 80.000374
v -1219.999878 1699.999878 80.000374
v -1159.999878 1699.999878 320.000153
v -1219.999878 1699.999878 320.000153
v -1159.999878 399.999847 319.999939
v -1219.999878 399.999847 319.999939
v -980.000122 399.999908 80.000168
v -1040.000122 399.999908 80.000168
v -980.000122 1699.999878 80.000374
v -1040.000122 1699.999878 80.000374
v -980.000122 1699.999878 320.000153
v -1040.000122 1699.999878 320.000153
v -980.000122 399.999847 319.999939
v -1040.000122 399.999847 319.999939
v -980.000122 1699.999878 140.000366
v -980.000122 399.999878 140.000153
v -980.000122 1699.999878 80.000374
v -980.000122 1699.999878 320.000153
v -980.000122 399.999847 319.999939
v -980.000122 1699.999878 260.000183
v -980.000122 399.999878 259.999969
v -1159.999878 -4000.000000 79.999451
v -1219.999878 -4000.000000 79.999451
v -1159.999878 -0.000133 80.000099
v -1219.999878 -0.000133 80.000099
v -1159.999878 -0.000172 319.999878
v -1219.999878 -0.000172 319.999878
v -1159.999878 -4000.000000 319.999237
v -1219.999878 -4000.000000 319.999237
v -980.000122 -4000.000000 79.999451
v -1040.000122 -4000.000000 79.999451
v -980.000122 -0.000133 80.000099
v -1040.000122 -0.000133 80.000099
v -980.000122 -0.000172 319.999878
v -1040.000122 -0.000172 319.999878
v -980.000122 -4000.000000 319.999237
v -1040.000122 -4000.000000 319.999237
v -980.000122 -0.000143 140.000092
v -980.000122 -4000.000000 139.999435
v -980.000122 -0.000133 80.000099
v -980.000122 -0.000172 319.999878
v -980.000122 -0.000162 259.999908
v -980.000122 -4000.000000 259.999268
v -759.999878 -478.007874 -280.000092
v -819.999817 -478.007904 -280.000092
v -759.997986 -4000.000000 -280.000824
v -819.997986 -4000.000000 -280.000824
v -580.000000 -478.007904 -280.000092
v -640.000000 -478.007904 -280.000092
v -579.998108 -4000.000000 -280.000824
v -639.998108 -4000.000000 -280.000824
v -580.000000 -478.007874 -460.000000
v -579.998108 -4000.000000 -460.000732
v -580.000000 -478.007843 -519.999939
v -579.998108 -4000.000000 -520.000793
v -580.000000 -478.007874 -340.000092
v -580.000000 -478.007904 -280.000092
v -579.998108 -4000.000000 -340.000824
v -759.999878 1321.992065 -279.999908
v -819.999878 1321.992065 -279.999908
v -759.999878 21.992176 -280.000122
v -819.999817 21.992176 -280.000122
v -580.000122 1321.992065 -279.999908
v -640.000122 1321.992065 -279.999908
v -580.000122 21.992176 -280.000122
v -640.000122 21.992176 -280.000122
v -580.000122 1321.992188 -459.999695
v -580.000122 21.992205 -459.999908
v -580.000122 1321.992188 -519.999634
v -580.000122 21.992214 -519.999878
v -580.000122 1321.992065 -279.999908
v -580.000122 21.992176 -280.000122
v -580.000122 1321.992065 -339.999878
v -580.000122 21.992186 -340.000092
v -1197.978760 269.283020 369.705627
v -1197.978760 269.283081 30.294535
v -1295.959839 130.719940 199.999908
v -1002.021179 130.716736 369.705627
v -1197.978760 269.283020 369.705627
v -1295.959839 130.719940 199.999908
v -1295.959839 130.719940 199.999908
v -1197.978760 269.283081 30.294535
v -1002.021179 130.716797 30.294512
v -1099.997803 407.846039 199.999954
v -1100.002197 -7.846102 199.999893
v -1100.002197 -7.846102 199.999893
v -1099.997803 407.846039 199.999954
v -1002.021179 130.716797 30.294512
v -1197.978760 269.283081 30.294535
v -1197.978760 269.283020 369.705627
v -1002.021179 130.716736 369.705627
v -1002.021179 130.716797 30.294512
v -1002.021179 130.716736 369.705627
v -904.040100 269.279999 199.999939
v -904.040100 269.279999 199.999939
v -904.040100 269.279999 199.999939
v -797.978821 -108.724693 -230.294418
v -797.978821 -108.724640 -569.705505
v -895.959778 -247.287781 -400.000122
v -895.959778 -247.287781 -400.000122
v -797.978821 -108.724640 -569.705505
v -602.021179 -247.290924 -569.705566
v -602.021179 -247.290985 -230.294464
v -797.978821 -108.724693 -230.294418
v -895.959778 -247.287781 -400.000122
v -699.997803 29.838326 -400.000092
v -700.002197 -385.853821 -400.000153
v -700.002197 -385.853821 -400.000153
v -699.997803 29.838326 -400.000092
v -602.021179 -247.290924 -569.705566
v -797.978821 -108.724640 -569.705505
v -797.978821 -108.724693 -230.294418
v -602.021179 -247.290985 -230.294464
v -602.021179 -247.290924 -569.705566
v -602.021179 -247.290985 -230.294464
v -504.040131 -108.727715 -400.000122
v -504.040131 -108.727715 -400.000122
v -504.040131 -108.727715 -400.000122
v -435.805634 -30.822124 649.388367
v -435.805634 -110.896111 649.388367
v -439.357452 -30.822126 650.340027
v -439.357452 -110.896111 650.340027
v -434.854370 -30.822126 652.939880
v -434.854370 -110.896111 652.939880
v -435.805634 -30.822124 649.388367
v -435.805634 -110.896111 649.388367
v -419.086304 -30.822126 658.203979
v -419.086304 -110.896111 658.203979
v -422.638092 -30.822126 659.155701
v -422.638092 -110.896111 659.155701
v -418.135010 -30.822128 661.755554
v -418.134766 -110.896111 661.755127
v -419.086304 -30.822126 658.203979
v -419.086304 -110.896111 658.203979
v -402.146454 -30.822128 667.052795
v -402.146454 -110.896111 667.052795
v -405.698242 -30.822128 668.004517
v -405.698242 -110.896111 668.004517
v -401.263794 -30.822128 670.723145
v -401.263367 -110.896111 670.723389
v -402.146454 -30.822128 667.052795
v -402.146454 -110.896111 667.052795
v -516.626770 211.812393 637.124573
v -516.626770 131.738419 637.124512
v -519.275696 211.812393 639.674927
v -519.275696 131.738419 639.674866
v -514.076965 211.812393 639.773499
v -514.076965 131.738419 639.773438
v -516.626770 211.812393 637.124573
v -516.626770 131.738419 637.124512
v -497.729218 211.812393 636.757751
v -497.729218 131.738419 636.757690
v -500.378174 211.812393 639.308044
v -500.378174 131.738419 639.307983
v -495.179382 211.812393 639.406677
v -495.179382 131.738419 639.406128
v -497.729218 211.812393 636.757751
v -497.729218 131.738419 636.757690
v -478.622650 211.812393 636.313293
v -478.622650 131.738419 636.313232
v -481.271606 211.812393 638.863647
v -481.271606 131.738419 638.863586
v -476.075439 211.812393 639.099365
v -476.074921 131.738419 639.099365
v -478.622650 211.812393 636.313293
v -478.622650 131.738419 636.313232
v -1853.412231 42.218372 226.133530
v -1974.987061 -5.781610 120.144203
v -1946.587402 42.218372 226.133499
v -1928.303833 126.218361 294.368835
v -1900.000000 492.218414 400.000366
v -1871.696045 126.218361 294.368835
v -1825.012939 -5.781610 120.144203
v -1822.672607 126.218353 322.672943
v -1822.672485 126.218330 477.327820
v -1871.696167 126.218323 505.631622
v -1853.412598 42.218315 573.866882
v -1822.672607 126.218353 322.672943
v -1794.368774 126.218346 371.696594
v -1794.368774 126.218338 428.304230
v -1822.672485 126.218330 477.327820
v -1772.720825 42.218365 272.720978
v -1825.012939 -5.781701 679.856323
v -1772.720825 42.218323 527.279480
v -1772.720825 42.218365 272.720978
v -1772.720825 42.218323 527.279480
v -1695.131104 -5.781622 195.131485
v -1726.133423 42.218338 446.587677
v -1726.133423 42.218353 353.412994
v -1695.131226 -5.781689 604.869080
v -1695.131104 -5.781622 195.131485
v -1695.131226 -5.781689 604.869080
v -1620.143921 -5.781667 474.987518
v -1620.144165 -5.781643 325.013306
v -644.888794 399.999969 761.177551
v -670.723877 359.999969 629.276184
v -733.213196 359.999969 737.511047
v -606.065979 399.999969 693.934143
v -538.822815 400.000000 655.111389
v -670.723877 359.999969 629.276184
v -606.065979 399.999969 693.934143
v -564.439514 469.999969 735.560852
v -588.026001 470.000000 776.413879
v -562.489197 360.000000 566.786865
v -523.586487 469.999969 711.974121
v -564.439514 469.999969 735.560852
v -500.000000 774.999939 800.000183
v -461.177216 399.999939 655.111389
v -476.413513 469.999969 711.974060
v -437.510712 360.000000 566.786865
v -435.560486 470.000000 735.560852
v -435.560486 470.000000 735.560852
v -411.974030 469.999969 776.413940
v -411.973938 469.999969 823.586853
v -435.560486 469.999969 864.439880
v -393.933990 399.999969 693.934204
v -393.933990 399.999969 693.934204
v -393.933990 399.999939 906.066284
v -329.276093 359.999969 629.276245
v -355.111206 399.999969 838.823242
v -355.111206 399.999969 761.177551
v -329.276093 359.999969 629.276245
v -329.276001 359.999939 970.724304
vt 3.999900 -2.523400
vt 3.999900 -2.753900
vt 8.053300 -2.523400
vt 8.057600 -2.753900
vt 9.980800 -2.523400
vt 9.969600 -2.753900
vt -1.499900 2.285100
vt -1.499900 2.011700
vt 0.000000 2.285100
vt 0.000000 2.011700
vt -7.125100 -1.999900
vt -3.878700 -1.999900
vt -6.999900 -2.277300
vt -4.003900 -2.277300
vt -1.962500 -1.999900
vt -7.044300 -1.999900
vt -2.061500 -2.277300
vt -6.965200 -2.277300
vt 9.980800 -1.523400
vt 9.969600 -1.753900
vt 8.053300 -1.523400
vt 8.057600 -1.753900
vt 11.984200 -1.523400
vt 11.986800 -1.753900
vt -2.999900 1.289000
vt -2.999900 1.999900
vt -3.799900 1.289000
vt -3.999900 1.999900
vt 2.999900 1.289000
vt 3.799900 1.289000
vt 2.999900 1.999900
vt -4.999900 1.999900
vt -4.199900 1.289000
vt -4.999900 1.289000
vt 3.999900 1.999900
vt -5.800000 1.289000
vt 4.999900 1.289000
vt 4.999900 1.999900
vt 4.199900 1.289000
vt 5.800000 1.289000
vt -5.999900 1.999900
vt 5.999900 1.999900
vt -0.999900 -16.000099
vt -1.999900 -16.000099
vt -1.499900 -16.711000
vt -0.499900 -16.711000
vt -0.999900 -16.711000
vt -1.999900 -16.711000
vt -2.499900 -16.711000
vt -2.999900 -16.000099
vt -2.999900 -16.711000
vt -3.499900 -16.711000
vt -3.999900 -16.000099
vt -3.999900 -16.711000
vt -4.499900 -16.711000
vt -4.999900 -16.000099
vt -4.999900 -16.711000
vt 3.499900 -16.711000
vt 3.999900 -16.711000
vt 3.999900 -16.000099
vt -5.499900 -16.711000
vt 4.499900 -16.711000
vt -4.000000 0.781200
vt -2.578100 0.781200
vt -3.999900 0.999900
vt -2.578100 0.999900
vt -1.703100 0.781200
vt -1.703100 0.999900
vt 0.999900 -1.000100
vt 0.999900 -2.000000
vt 0.000000 -1.000100
vt 0.000000 -2.000000
vt -3.249400 1.781200
vt -3.249400 2.072700
vt -2.147300 1.781200
vt -2.147300 2.072700
vt 2.131900 1.781200
vt 2.131900 2.072700
vt -5.999900 -18.000099
vt -4.163300 -18.000099
vt -5.999900 -10.000100
vt -4.163300 -10.000100
vt -3.158200 -18.000099
vt -3.158200 -10.000100
vt 2.836700 -10.000100
vt 2.836700 -18.000099
vt -5.999900 -8.000100
vt -4.163300 -8.000100
vt -3.158200 -8.000100
vt 2.836700 -8.000100
vt -1.304600 -0.992200
vt -1.304600 0.992100
vt -1.012400 -0.992200
vt -1.012400 0.992100
vt -1.304600 -2.992200
vt -1.012400 -2.992200
vt -1.304600 -1.007900
vt -1.012400 -1.007900
vt -1.304600 -1.992200
vt -1.012400 -1.992200
vt -1.304600 -0.007900
vt -1.012400 -0.007900
vt -0.999900 -2.000000
vt -0.499900 -2.000000
vt -0.999900 -1.500100
vt -0.499900 -1.500100
vt -0.999900 -3.000000
vt -0.499900 -3.000000
vt -0.999900 -2.500100
vt -0.499900 -2.500100
vt 1.949200 -2.239000
vt 2.417000 -0.983800
vt 1.537200 -0.983800
vt 2.468700 -0.687600
vt 2.906200 -1.984400
vt 1.999900 -1.984400
vt 2.468700 -1.687600
vt 2.906200 -2.984400
vt 1.999900 -2.984400
vt 0.999900 0.999900
vt 0.000000 0.999900
vt 0.999900 -0.000100
vt 0.000000 -0.000100
vt 1.999900 0.999900
vt 1.999900 -0.000100
vt -0.999900 -0.000100
vt -0.999900 -1.000100
vt -1.999900 -0.000100
vt -2.000000 -1.000100
vt 1.999900 -1.000100
vt 0.000000 -2.000100
vt 0.999900 -2.000100
vt 0.000000 -3.000000
vt 0.999900 -3.000000
vt -0.637700 -1.539000
vt -0.337600 -1.996000
vt -0.363100 -1.539000
vt -0.383900 -1.136700
vt -0.499900 -0.168000
vt -0.616000 -1.136700
vt -0.663300 -1.996000
vt -0.857100 -1.136700
vt -0.142800 -1.136700
vt -0.362200 -1.539000
vt -0.911100 -1.539000
vt -0.336600 -1.996000
vt -0.088800 -1.539000
vt -0.910900 -1.539000
vt -0.966100 -1.996000
vt -0.636800 -1.539000
vt -0.033800 -1.996000
vt -0.662300 -1.996000
vt -0.637700 -19.539000
vt -0.966100 -19.996000
vt -0.663300 -19.996000
vt -0.911100 -19.539000
vt -0.363100 -19.539000
vt -0.033800 -19.996000
vt -0.089000 -19.539000
vt -0.857100 -19.136700
vt -0.616000 -19.136700
vt -0.337600 -19.996000
vt -0.383900 -19.136700
vt -0.142800 -19.136700
vt -0.499900 -18.167999
vt -0.088800 -19.539000
vt -0.910900 -19.539000
vt -0.636800 -19.539000
vt -0.362200 -19.539000
vt -5.999900 -4.000100
vt -5.999900 -5.000100
vt -3.900000 -4.000100
vt -3.900000 -5.000100
vt -2.999900 -4.000100
vt -2.999900 -5.000100
vt 2.999900 -4.000100
vt 2.999900 -5.000100
vt 1.999900 -2.000000
vt -3.253600 -1.999700
vt -1.131700 -1.999700
vt -2.498100 -1.009000
vt -1.904100 -1.009000
vt 1.050800 1.578100
vt 0.809100 1.578100
vt 1.846700 1.007800
vt 1.374900 1.007800
vt -0.364100 1.007800
vt 0.094100 1.007800
vt 0.431700 1.578100
vt 0.652600 1.578100
vt 0.906200 1.484300
vt 0.562400 1.484300
vt 2.255500 1.007800
vt 1.165200 1.767100
vt -0.773000 1.007800
vt 0.317200 1.767100
vt 0.764100 1.767100
vt 2.235000 1.007800
vt 2.235000 2.062400
vt 0.911100 2.062400
vt 0.764500 1.007800
vt 1.221400 -0.999900
vt 1.221400 -1.999900
vt 4.771400 -0.999900
vt 4.771400 -1.999900
vt -1.224800 -0.999900
vt -1.224800 -1.999900
vt 1.513300 1.934200
vt 0.000000 1.934200
vt 1.513300 1.875600
vt 0.000000 1.875600
vt 1.007900 1.875600
vt -0.505400 1.875600
vt 1.007900 1.934200
vt -0.505400 1.934200
vt -5.507300 0.999900
vt -5.507300 1.320300
vt -3.238200 0.999900
vt -3.238200 1.320300
vt -5.061300 0.999900
vt -1.415100 0.999900
vt -5.061300 1.339800
vt -1.415100 1.339800
vt -0.792900 0.717500
vt 0.202000 0.717500
vt -0.792900 0.249900
vt 0.202000 0.249900
vt -0.792900 0.917900
vt 0.202000 0.917900
vt -1.231500 1.400000
vt 0.076700 1.400000
vt -1.231500 0.999900
vt 0.076700 0.999900
vt -1.231500 1.499900
vt 0.076700 1.499900
vt 0.000000 1.999900
vt 0.000000 1.499900
vt -1.600000 1.999900
vt -1.600000 1.499900
vt 1.200000 1.999900
vt 1.200000 1.499900
vt 0.997900 0.249900
vt 0.997900 0.917900
vt 1.123200 0.999900
vt 1.123200 1.499900
vt 0.850400 0.249900
vt 0.300000 0.249900
vt 0.850400 -2.999900
vt 0.300000 -2.999900
vt 0.850400 0.499900
vt 0.300000 0.499900
vt 0.000000 -0.250100
vt 0.000000 -2.999900
vt 0.000000 0.499900
vt 2.666700 1.833300
vt 2.333300 1.833300
vt 2.666700 -4.999900
vt 2.333300 -4.999900
vt 2.000000 1.833300
vt 2.000000 -4.999900
vt 1.000000 1.833300
vt 0.666700 1.833300
vt 1.000000 -4.999900
vt 0.666700 -4.999900
vt 1.333300 1.833300
vt 1.333300 -4.999900
vt 2.000000 3.333300
vt 1.666700 3.333300
vt 2.000000 3.016600
vt 1.666700 3.016600
vt 1.666700 1.833300
vt 1.666700 -4.999900
vt 2.666700 3.016600
vt 2.333300 3.016600
vt 2.666700 3.333300
vt 2.333300 3.333300
vt 1.000000 3.016600
vt 0.666700 3.333300
vt 1.000000 3.333300
vt 1.333300 3.333300
vt 1.333300 3.016600
vt -1.282600 -13.000100
vt -1.282600 -4.000100
vt -1.449400 -13.000100
vt -1.449400 -4.000100
vt -1.166300 -2.250100
vt -0.999800 -2.250100
vt -1.166300 -1.000100
vt -0.999800 -1.000100
vt -1.616200 -13.000100
vt -1.616200 -4.000100
vt -1.332900 -2.250100
vt -1.332900 -1.000100
vt -1.783000 -13.000100
vt -1.783000 -4.000100
vt -1.499500 -2.250100
vt -1.499500 -1.000100
vt -1.949800 -13.000100
vt -1.949800 -4.000100
vt -1.666100 -2.250100
vt -1.666100 -1.000100
vt -2.116600 -4.000100
vt -2.116600 -13.000100
vt -1.832600 -1.000100
vt -1.832600 -2.250100
vt -2.281400 -4.000100
vt -2.281400 -13.000100
vt -1.999900 -1.000100
vt -1.999900 -2.250100
vt 1.718500 -4.000100
vt 1.552800 -4.000100
vt 1.718500 -13.000100
vt 1.552800 -13.000100
vt 1.831800 -1.000100
vt 1.999900 -2.250100
vt 1.831800 -2.250100
vt 1.386000 -4.000100
vt 1.386000 -13.000100
vt 1.665200 -1.000100
vt 1.665200 -2.250100
vt 1.219200 -4.000100
vt 1.219200 -13.000100
vt 0.051600 -13.000100
vt 0.218400 -13.000100
vt 0.051600 -4.000100
vt 0.218400 -4.000100
vt 1.498600 -1.000100
vt 1.498600 -2.250100
vt 0.332700 -2.250100
vt 0.499200 -2.250100
vt 0.332700 -1.000100
vt 0.499200 -1.000100
vt 1.052400 -4.000100
vt 1.052400 -13.000100
vt 0.385200 -13.000100
vt 0.385200 -4.000100
vt 1.332100 -1.000100
vt 1.332100 -2.250100
vt 0.665800 -2.250100
vt 0.665800 -1.000100
vt 0.885600 -4.000100
vt 0.885600 -13.000100
vt 0.552000 -13.000100
vt 0.552000 -4.000100
vt 1.165500 -1.000100
vt 1.165500 -2.250100
vt 0.832400 -2.250100
vt 0.832400 -1.000100
vt 0.000000 -0.984300
vt -2.999900 -0.984300
vt 0.000000 -0.000000
vt -2.999900 -0.000000
vt 0.546800 2.484300
vt 0.984300 2.484300
vt 0.546800 2.984300
vt 0.984300 2.984300
vt -0.979400 -2.515400
vt -0.727400 -2.015500
vt -0.487000 -2.515400
vt -0.852800 -2.015500
vt -0.979400 -2.015500
vt -0.601900 -2.015500
vt -0.487000 -2.015500
vt -0.773600 -1.546800
vt -0.999900 -1.999900
vt -0.999900 -1.546800
vt -0.491900 -1.546800
vt 0.000000 -1.999900
vt -0.210200 -1.546800
vt 0.000000 -1.546800
vt -0.743200 -0.599900
vt 0.915500 -0.599900
vt -0.743200 0.524900
vt 0.915500 0.524900
vt -1.185900 -0.725000
vt 1.185900 -0.725000
vt -1.185900 0.774900
vt 1.185900 0.774900
vt -1.670200 -0.925000
vt 1.670200 -0.925000
vt -1.670200 0.925000
vt 1.670200 0.925000
vt 1.025000 1.300000
vt 1.025000 -3.300000
vt -0.424900 1.300000
vt -0.425000 -3.300000
vt -1.025000 -2.700000
vt -1.024900 0.700000
vt 0.000000 -17.000000
vt 0.999900 -16.000099
vt 1.999900 -17.000000
vt 1.999900 -15.000100
vt 0.000000 -15.000100
vt 0.000000 -16.499901
vt 0.999900 -15.011800
vt 1.999900 -16.499901
vt 1.999900 -14.000100
vt 0.000000 -14.000100
vt 2.999900 -0.984300
vt 2.999900 -0.000000
vt 4.499500 -0.000000
vt 4.499500 -0.984300
vt 5.999900 -0.000000
vt 5.999900 -0.984300
vt 0.024600 -2.975400
vt 0.024600 -2.024700
vt 0.975300 -2.975400
vt 0.975300 -2.024700
vt 0.000000 -3.000100
vt 1.499900 -4.500100
vt 2.999900 -3.000100
vt 0.000000 -5.999900
vt 2.999900 -5.999900
vt -0.601500 1.246000
vt -2.429600 1.246000
vt -0.601500 0.999900
vt -2.429600 0.999900
vt 0.560800 1.246000
vt 0.560800 0.999900
vt 3.730400 1.246000
vt 2.562200 1.246000
vt 3.730400 0.999900
vt 2.562200 0.999900
vt 0.673900 0.999900
vt 0.665400 1.246000
vt 2.414500 0.999900
vt 2.414500 1.246000
vt 1.066400 0.999900
vt 1.066400 1.246000
vt 2.074200 0.999900
vt 2.074200 1.246000
vt 1.567500 0.999900
vt 1.567500 1.246000
vt -2.217600 1.492100
vt -0.821400 1.492100
vt -0.441400 1.492100
vt 0.560800 1.492100
vt 3.558500 1.492100
vt 2.562200 1.492100
vt 1.066400 1.492100
vt 2.074200 1.492100
vt 1.567500 1.492100
vt -6.499900 0.999900
vt -6.499900 -5.000000
vt -7.499900 0.999900
vt -7.499900 -5.000000
vt -2.499900 0.999900
vt -2.499900 -5.000000
vt -3.499900 0.999900
vt -3.499900 -5.000000
vt -4.499900 0.999900
vt -4.499900 -5.000000
vt -5.499900 0.999900
vt -5.499900 -5.000000
vt -6.499900 -0.000100
vt -6.499900 -17.000000
vt -7.499900 -0.000100
vt -7.499900 -17.000000
vt -2.499900 -0.000100
vt -2.499900 -17.000000
vt -3.499900 -0.000100
vt -3.499900 -17.000000
vt -4.499900 -0.000100
vt -4.499900 -17.000000
vt -5.499900 -0.000100
vt -5.499900 -17.000000
vt -3.499900 -16.000000
vt -2.499900 -16.000000
vt 3.553700 -10.000100
vt 1.941600 -10.000100
vt 3.153900 -11.000100
vt 2.347800 -11.000100
vt -4.499900 -16.000000
vt -5.499900 -16.000000
vt 0.332700 -11.000100
vt 0.000000 -10.000100
vt 0.000000 -11.000100
vt 0.735700 -11.000100
vt 1.541800 -11.000100
vt 1.944800 -11.000100
vt 3.556900 -11.000100
vt -2.199900 -0.250100
vt -1.949900 -0.250100
vt -2.199900 0.999900
vt -1.949900 0.999900
vt -2.449900 -0.250100
vt -2.449900 0.999900
vt -2.699900 -0.250100
vt -2.699900 0.999900
vt -2.949900 -0.250100
vt -2.949900 0.999900
vt -3.199900 -0.250100
vt -3.199900 0.999900
vt -3.449900 -0.250100
vt -3.449900 0.999900
vt 2.300000 -0.250100
vt 2.550000 -0.250100
vt 2.300000 0.999900
vt 2.550000 0.999900
vt 2.050000 -0.250100
vt 2.050000 0.999900
vt 1.800000 -0.250100
vt 1.800000 0.999900
vt 0.300000 -0.250100
vt 0.300000 0.999900
vt 0.050000 -0.250100
vt 0.050000 0.999900
vt 1.550000 -0.250100
vt 1.550000 0.999900
vt 0.550000 -0.250100
vt 0.550000 0.999900
vt 1.300000 -0.250100
vt 1.300000 0.999900
vt 0.800000 0.999900
vt 0.800000 -0.250100
vt -7.999900 -5.000000
vt -7.999900 0.999900
vt -1.999900 0.999900
vt -1.999900 -5.000000
vt -5.999900 -5.000000
vt -5.999900 0.999900
vt -3.999900 -5.000000
vt -7.999900 -17.000000
vt -7.999900 -0.000100
vt -1.999900 -17.000000
vt -5.999900 -17.000000
vt -5.999900 -0.000100
vt -3.999900 -0.000100
vt -3.999900 -17.000000
vt -1.999900 -16.000000
vt -3.999900 -16.000000
vt -5.999900 -16.000000
usemtl texture4
s 1
f 261/64 262/65 263/66
f 263/66 262/65 264/67
f 265/68 263/66 266/69
f 263/66 267/67 266/69
f 268/70 269/71 270/72
f 269/71 271/73 270/72
f 272/74 273/75 274/76
f 275/77 274/76 273/75
f 276/78 277/79 278/80
f 278/80 277/79 279/81
f 280/82 281/83 282/84
f 281/83 283/85 282/84
f 280/82 284/86 281/83
f 284/86 285/87 281/83
f 286/88 287/89 288/90
f 288/90 287/89 289/91
f 290/92 291/93 292/94
f 289/91 293/95 294/96
f 294/96 293/95 295/97
f 292/94 291/93 296/98
f 295/97 293/95 297/99
f 298/100 299/101 300/102
f 300/102 299/101 296/98
f 301/103 299/101 298/100
f 297/99 293/95 302/104
f 303/105 299/101 301/103
f 304/106 305/107 306/108
f 307/109 304/106 308/110
f 304/106 306/108 308/110
f 306/108 305/107 309/111
f 305/107 310/112 309/111
f 305/107 311/113 310/112
f 310/112 311/113 312/114
f 311/113 313/115 312/114
f 314/116 313/115 311/113
f 314/116 315/117 313/115
f 314/116 316/118 315/117
f 317/119 316/118 314/116
f 317/119 318/120 316/118
f 319/121 320/122 321/123
f 317/119 322/124 318/120
f 320/122 323/125 321/123
usemtl texture5
f 324/126 325/127 326/128
f 325/127 327/129 326/128
f 325/127 328/130 327/129
f 328/130 329/131 327/129
f 330/132 331/133 332/134
f 331/133 333/135 332/134
f 334/134 335/132 336/135
f 335/132 337/133 336/135
f 338/136 339/137 340/138
f 339/137 341/139 340/138
f 340/138 342/139 343/140
f 342/139 344/141 343/140
usemtl texture6
f 345/142 346/143 347/144
f 346/143 348/145 347/144
f 346/143 349/146 348/145
f 349/146 350/147 348/145
f 351/143 352/145 353/146
f 352/145 354/147 353/146
f 354/147 355/148 353/146
f 355/148 356/149 353/146
usemtl texture7
f 357/150 358/144 359/151
f 358/144 360/145 359/151
f 359/151 360/145 361/152
f 360/145 362/147 361/152
f 363/151 364/152 365/145
f 364/152 366/147 365/145
f 367/148 366/147 368/153
f 366/147 364/152 368/153
usemtl texture0
f 90/154 91/155 92/156
f 91/155 93/157 92/156
f 94/155 95/154 96/157
f 95/154 97/156 96/157
f 98/158 99/159 100/160
f 99/159 101/161 100/160
f 102/160 103/158 104/161
f 103/158 105/159 104/161
f 106/162 107/163 108/164
f 107/163 109/165 108/164
f 110/164 111/165 112/162
f 111/165 113/163 112/162
f 114/164 115/162 116/165
f 115/162 117/163 116/165
f 118/162 119/163 120/164
f 119/163 121/165 120/164
f 122/162 123/163 124/164
f 123/163 125/165 124/164
f 126/164 127/165 128/162
f 127/165 129/163 128/162
usemtl texture1
f 130/166 131/167 132/168
f 131/167 133/169 132/168
f 134/166 135/167 136/168
f 135/167 137/169 136/168
f 138/166 139/167 140/168
f 139/167 141/169 140/168
f 142/170 143/171 144/172
f 143/171 145/173 144/172
f 146/170 147/171 148/172
f 147/171 149/173 148/172
f 150/170 151/171 152/172
f 151/171 153/173 152/172
f 154/170 155/171 156/172
f 155/171 157/173 156/172
usemtl texture2
f 158/174 159/175 160/176
f 158/174 161/175 162/176
f 163/174 164/175 165/176
f 163/174 166/175 167/176
f 168/177 169/178 170/179
f 168/177 171/178 172/179
f 173/180 174/181 175/182
f 173/180 176/181 177/182
f 173/180 178/181 179/182
f 180/180 181/181 182/182
f 180/180 183/181 184/182
f 180/180 185/181 186/182
f 187/180 188/181 189/182
f 187/180 190/181 191/182
f 187/180 192/181 193/182
f 194/180 195/181 196/182
f 194/180 197/181 198/182
f 194/180 199/181 200/182
usemtl texture3
f 201/132 202/134 203/133
f 202/134 204/135 203/133
f 205/134 201/132 206/135
f 201/132 207/133 206/135
f 208/183 209/184 210/185
f 209/184 211/186 210/185
f 212/187 208/183 213/188
f 208/183 214/185 213/188
f 215/186 216/189 217/134
f 216/189 218/190 217/134
f 219/191 220/192 216/189
f 220/192 218/190 216/189
f 221/188 222/185 223/193
f 222/185 224/132 223/193
f 225/194 226/195 227/196
f 226/195 228/197 227/196
f 229/195 230/197 231/194
f 230/197 232/196 231/194
f 233/194 234/195 235/196
f 234/195 236/197 235/196
f 237/186 238/189 239/134
f 238/189 240/190 239/134
f 241/191 242/192 238/189
f 242/192 240/190 238/189
f 243/188 244/185 245/193
f 244/185 246/132 245/193
f 247/186 248/189 249/134
f 248/189 250/190 249/134
f 251/191 252/192 248/189
f 252/192 250/190 248/189
f 253/188 254/185 255/193
f 254/185 256/132 255/193
f 257/194 258/195 259/196
f 258/195 260/197 259/196
usemtl texture19
f 1124/198 1125/199 1126/200
f 1127/201 1124/198 1126/200
f 1127/201 1128/202 1129/203
f 1124/198 1130/204 1125/199
f 1129/203 1124/198 1127/201
f 1129/203 1128/202 1131/205
f 1132/206 1128/202 1133/201
f 1133/201 1134/207 1132/206
f 1135/206 1128/202 1136/201
f 1137/203 1128/202 1138/205
f 1129/203 1139/208 1124/198
f 1136/201 1128/202 1137/203
f 1131/205 1139/208 1129/203
f 1134/207 1140/209 1141/210
f 1132/206 1134/207 1141/210
f 1136/201 1142/210 1135/206
f 1138/205 1143/211 1137/203
f 1124/198 1144/212 1130/204
f 1139/208 1144/212 1124/198
f 1137/203 1145/213 1136/201
f 1136/201 1146/207 1142/210
f 1137/203 1143/211 1145/213
f 1141/210 1140/209 1147/214
f 1136/201 1145/213 1146/207
f 1146/207 1148/214 1142/210
f 1143/211 1149/212 1145/213
f 1145/213 1150/215 1146/207
f 1146/207 1151/209 1148/214
f 1145/213 1149/212 1150/215
f 1146/207 1150/215 1151/209
f 1152/216 1153/217 1154/218
f 1155/219 1153/217 1152/216
f 1156/220 1157/221 1158/222
f 1159/223 1155/219 1152/216
f 1159/223 1152/216 1160/224
f 1156/220 1161/225 1157/221
f 1162/226 1158/222 1163/227
f 1162/226 1156/220 1158/222
f 1160/224 1164/228 1159/223
f 1163/227 1164/228 1162/226
f 1165/216 1161/225 1156/220
f 1162/226 1165/216 1156/220
f 1162/226 1164/228 1166/224
f 1166/224 1165/216 1162/226
f 1165/216 1167/218 1161/225
f 1166/224 1164/228 1168/223
f 1169/227 1164/228 1170/226
f 1171/224 1164/228 1172/223
f 1166/224 1173/219 1165/216
f 1170/226 1164/228 1171/224
f 1168/223 1173/219 1166/224
f 1170/226 1174/229 1169/227
f 1172/223 1175/230 1171/224
f 1165/216 1176/217 1167/218
f 1173/219 1176/217 1165/216
f 1171/224 1177/231 1170/226
f 1170/226 1178/232 1174/229
f 1171/224 1175/230 1177/231
f 1170/226 1177/231 1178/232
f 1178/232 1179/221 1174/229
f 1175/230 1180/217 1177/231
usemtl texture8
f 369/233 370/234 371/235
f 370/234 372/236 371/235
f 371/235 372/236 373/237
f 372/236 374/238 373/237
f 375/235 376/237 377/236
f 376/237 378/238 377/236
f 376/237 379/239 378/238
f 379/239 380/240 378/238
usemtl texture9
f 1032/186 1033/241 1034/135
f 1035/188 1036/241 1037/135
f 1038/186 1039/135 1040/241
f 1032/186 1041/188 1033/241
f 1038/186 1040/241 1042/188
f 1035/188 1037/135 1043/186
f 1044/135 1045/188 1046/241
f 1047/186 1048/188 1044/135
f 1049/188 1050/135 1043/186
f 1044/135 1051/186 1045/188
f 1044/135 1048/188 1052/241
f 1053/241 1050/135 1049/188
f 1054/186 1055/241 1056/135
f 1057/186 1058/135 1059/241
f 1060/188 1061/241 1062/135
f 1054/186 1063/188 1055/241
f 1057/186 1059/241 1064/188
f 1060/188 1062/135 1065/186
f 1066/135 1067/188 1068/241
f 1069/186 1070/188 1066/135
f 1071/188 1072/135 1065/186
f 1066/135 1070/188 1073/241
f 1066/135 1074/186 1067/188
f 1075/241 1072/135 1071/188
usemtl texture28
f 944/242 945/243 946/244
f 945/243 947/245 946/244
usemtl texture27
f 920/246 921/247 922/248
f 921/247 923/249 922/248
f 924/250 925/251 926/252
f 925/251 927/253 926/252
f 920/246 928/252 929/254
f 928/252 930/255 929/254
f 931/256 932/257 933/248
f 932/257 934/246 933/248
f 935/258 936/250 937/259
f 937/259 936/250 938/252
f 932/257 937/259 934/246
f 937/259 938/252 934/246
f 939/260 940/261 941/262
f 939/260 941/262 942/263
f 939/260 943/264 940/261
usemtl texture30
f 544/265 545/266 546/267
f 545/266 547/268 546/267
f 548/265 549/269 550/266
f 549/269 551/270 550/266
usemtl texture20
f 1076/271 1077/272 1078/273
f 1077/272 1079/274 1078/273
f 1080/275 1081/276 1082/277
f 1081/276 1083/278 1082/277
f 1084/271 1085/272 1086/273
f 1085/272 1087/274 1086/273
f 1088/275 1089/276 1090/277
f 1089/276 1091/278 1090/277
f 1092/271 1093/272 1094/273
f 1093/272 1095/274 1094/273
f 1096/275 1097/276 1098/277
f 1097/276 1099/278 1098/277
f 1100/271 1101/272 1102/273
f 1101/272 1103/274 1102/273
f 1104/275 1105/276 1106/277
f 1105/276 1107/278 1106/277
f 1108/271 1109/272 1110/273
f 1109/272 1111/274 1110/273
f 1112/275 1113/276 1114/277
f 1113/276 1115/278 1114/277
f 1116/271 1117/272 1118/273
f 1117/272 1119/274 1118/273
f 1120/275 1121/276 1122/277
f 1121/276 1123/278 1122/277
usemtl texture16
f 948/279 949/280 950/281
f 949/280 951/282 950/281
f 952/283 953/284 954/285
f 953/284 955/286 954/285
usemtl texture17
f 409/287 410/288 411/289
f 410/288 412/290 411/289
f 413/291 414/292 409/287
f 414/292 410/288 409/287
f 415/293 416/294 417/295
f 416/294 418/296 417/295
f 419/297 420/298 415/293
f 420/298 416/294 415/293
f 421/299 422/300 423/301
f 422/300 424/302 423/301
f 425/299 426/303 427/300
f 426/303 428/304 427/300
f 429/288 430/305 431/290
f 430/305 429/288 432/306
f 432/306 429/288 433/292
f 434/294 435/307 436/296
f 435/307 434/294 437/308
f 437/308 434/294 438/298
f 439/309 440/310 441/311
f 440/310 442/312 441/311
f 443/313 444/314 439/309
f 444/314 440/310 439/309
f 445/310 446/315 442/312
f 446/315 447/316 442/312
f 445/310 448/317 446/315
f 444/314 448/317 445/310
f 449/318 450/319 451/320
f 450/319 452/321 451/320
f 453/322 454/323 450/319
f 454/323 452/321 450/319
f 455/324 456/325 457/326
f 456/325 458/327 457/326
f 459/328 455/324 460/329
f 455/324 457/326 460/329
f 461/330 462/331 463/332
f 462/331 464/333 463/332
f 453/322 465/334 454/323
f 465/334 466/335 454/323
f 463/332 464/333 453/322
f 464/333 465/334 453/322
f 465/334 459/328 466/335
f 459/328 460/329 466/335
f 467/336 468/337 449/318
f 469/338 470/339 467/336
f 449/318 468/337 450/319
f 467/336 470/339 468/337
f 468/337 453/322 450/319
f 471/340 472/341 456/325
f 470/339 461/330 468/337
f 471/340 456/325 455/324
f 468/337 463/332 453/322
f 468/337 461/330 463/332
f 473/342 472/341 471/340
f 474/343 473/342 471/340
f 475/344 471/340 455/324
f 475/344 455/324 459/328
f 474/343 471/340 475/344
f 462/331 474/343 475/344
f 465/334 475/344 459/328
f 464/333 475/344 465/334
f 462/331 475/344 464/333
f 476/345 477/346 478/347
f 477/346 479/348 478/347
f 480/349 481/350 482/351
f 481/350 483/352 482/351
f 478/347 479/348 484/353
f 479/348 485/354 484/353
f 486/355 480/349 487/356
f 480/349 482/351 487/356
f 484/353 485/354 488/357
f 485/354 489/358 488/357
f 490/359 486/355 491/360
f 486/355 487/356 491/360
f 492/361 488/357 493/362
f 488/357 489/358 493/362
f 494/363 490/359 495/364
f 490/359 491/360 495/364
f 493/362 496/365 492/361
f 496/365 497/366 492/361
f 495/364 498/367 494/363
f 498/367 499/368 494/363
f 496/365 500/369 497/366
f 500/369 501/370 497/366
f 498/367 502/371 499/368
f 502/371 503/372 499/368
f 504/373 505/374 506/375
f 505/374 507/376 506/375
f 508/193 509/377 510/378
f 509/377 511/379 510/378
f 505/374 512/380 507/376
f 512/380 513/381 507/376
f 509/377 514/382 511/379
f 514/382 515/383 511/379
f 512/380 516/384 513/381
f 516/384 517/385 513/381
f 518/386 519/387 520/388
f 519/387 521/389 520/388
f 514/382 522/390 515/383
f 522/390 523/391 515/383
f 524/392 525/393 526/394
f 525/393 527/395 526/394
f 516/384 528/396 517/385
f 528/396 529/397 517/385
f 530/398 531/399 519/387
f 531/399 521/389 519/387
f 522/390 532/400 523/391
f 532/400 533/401 523/391
f 525/393 534/402 527/395
f 534/402 535/403 527/395
f 528/396 536/404 529/397
f 536/404 537/405 529/397
f 530/398 538/406 531/399
f 538/406 539/407 531/399
f 532/400 540/408 533/401
f 540/408 541/409 533/401
f 534/402 542/410 535/403
f 542/410 543/411 535/403
usemtl texture14
f 552/412 553/413 554/414
f 553/413 555/415 554/414
f 556/412 557/413 558/414
f 557/413 559/415 558/414
f 560/412 561/413 562/414
f 561/413 563/415 562/414
f 564/412 565/413 566/414
f 565/413 567/415 566/414
usemtl texture15
f 868/416 869/417 870/418
f 869/417 871/419 870/418
f 872/416 873/417 874/418
f 873/417 875/419 874/418
f 876/416 877/417 878/418
f 877/417 879/419 878/418
f 880/420 881/421 882/422
f 883/423 880/420 884/424
f 882/422 885/425 886/426
f 881/421 880/420 883/423
f 882/422 881/421 885/425
f 887/416 888/417 889/418
f 888/417 890/419 889/418
f 891/416 892/417 893/418
f 892/417 894/419 893/418
f 895/416 896/417 897/418
f 896/417 898/419 897/418
f 899/420 900/421 901/422
f 902/423 899/420 903/424
f 901/422 904/425 905/426
f 900/421 899/420 902/423
f 901/422 900/421 904/425
f 906/427 907/428 908/429
f 909/430 907/428 906/427
f 910/431 907/428 909/430
f 910/431 909/430 911/432
f 910/431 911/432 912/433
f 913/427 914/428 915/429
f 916/430 914/428 913/427
f 917/431 914/428 916/430
f 917/431 916/430 918/432
f 917/431 918/432 919/433
usemtl texture12
f 381/434 382/435 383/436
f 382/435 384/437 383/436
f 385/438 386/439 387/440
f 386/439 388/441 387/440
f 389/442 390/443 391/444
f 390/443 392/445 391/444
f 393/446 394/447 395/448
f 394/447 396/449 395/448
f 396/449 397/450 395/448
f 397/450 398/451 395/448
f 399/452 400/453 401/454
f 400/453 402/455 401/454
f 399/452 403/456 400/453
f 403/456 402/455 400/453
f 404/457 405/458 406/459
f 405/458 407/460 406/459
f 404/457 408/461 405/458
f 408/461 407/460 405/458
usemtl texture13
f 568/462 569/412 570/463
f 569/412 571/414 570/463
f 572/412 573/462 574/414
f 573/462 575/463 574/414
f 576/464 577/465 570/463
f 577/465 568/462 570/463
f 575/463 573/462 578/464
f 573/462 579/465 578/464
f 580/466 581/467 576/464
f 581/467 577/465 576/464
f 578/464 579/465 580/466
f 579/465 581/467 580/466
f 582/462 583/412 584/463
f 583/412 585/414 584/463
f 586/412 587/462 588/414
f 587/462 589/463 588/414
f 590/464 591/465 584/463
f 591/465 582/462 584/463
f 589/463 587/462 592/464
f 587/462 593/465 592/464
f 594/466 595/467 590/464
f 595/467 591/465 590/464
f 592/464 593/465 594/466
f 593/465 595/467 594/466
f 596/468 597/469 598/470
f 597/469 599/471 598/470
f 600/468 601/470 602/469
f 601/470 603/471 602/469
f 604/468 605/469 606/470
f 605/469 607/471 606/470
f 608/472 609/473 610/474
f 611/475 609/473 608/472
f 609/473 612/476 610/474
f 611/475 612/476 609/473
f 613/472 614/473 615/474
f 616/475 614/473 613/472
f 614/473 617/476 615/474
f 616/475 617/476 614/473
f 618/462 619/412 620/463
f 619/412 621/414 620/463
f 622/464 623/465 620/463
f 623/465 618/462 620/463
f 624/466 625/467 622/464
f 625/467 623/465 622/464
f 626/464 627/465 624/466
f 627/465 625/467 624/466
f 628/463 629/462 626/464
f 629/462 627/465 626/464
f 630/412 629/462 631/414
f 629/462 628/463 631/414
f 632/462 633/412 634/463
f 633/412 635/414 634/463
f 636/464 637/465 634/463
f 637/465 632/462 634/463
f 638/466 639/467 636/464
f 639/467 637/465 636/464
f 640/464 641/465 638/466
f 641/465 639/467 638/466
f 642/463 643/462 640/464
f 643/462 641/465 640/464
f 644/412 643/462 645/414
f 643/462 642/463 645/414
usemtl texture10
f 646/477 647/478 648/479
f 647/478 649/480 648/479
f 650/481 651/477 652/482
f 651/477 648/479 652/482
f 653/483 654/484 655/485
f 654/484 656/486 655/485
f 657/487 658/488 652/482
f 658/488 650/481 652/482
f 656/486 654/484 659/489
f 654/484 660/490 659/489
f 661/491 662/492 657/487
f 662/492 658/488 657/487
f 659/489 660/490 663/493
f 660/490 664/494 663/493
f 665/495 666/496 661/491
f 666/496 662/492 661/491
f 663/493 664/494 665/495
f 664/494 666/496 665/495
f 647/478 646/477 667/497
f 668/498 667/497 646/477
f 646/477 650/481 669/499
f 670/500 669/499 650/481
f 671/483 672/501 673/484
f 672/501 674/502 673/484
f 662/492 675/503 658/488
f 675/503 670/500 658/488
f 664/494 676/490 677/504
f 676/490 674/502 677/504
f 666/496 678/505 662/492
f 678/505 675/503 662/492
f 666/496 664/494 678/505
f 664/494 677/504 678/505
f 670/500 650/481 658/488
f 673/484 674/502 676/490
f 679/477 680/478 681/479
f 680/478 682/480 681/479
f 683/481 684/477 685/482
f 684/477 681/479 685/482
f 686/483 687/484 688/485
f 687/484 689/486 688/485
f 690/487 691/488 685/482
f 691/488 683/481 685/482
f 689/486 687/484 692/489
f 687/484 693/490 692/489
f 694/491 695/492 690/487
f 695/492 691/488 690/487
f 692/489 693/490 696/493
f 693/490 697/494 696/493
f 698/495 699/496 694/491
f 699/496 695/492 694/491
f 696/493 697/494 698/495
f 697/494 699/496 698/495
f 680/478 679/477 700/497
f 701/498 700/497 679/477
f 679/477 702/481 703/499
f 704/500 703/499 702/481
f 686/483 705/501 687/484
f 705/501 706/502 687/484
f 695/492 707/503 708/488
f 707/503 704/500 708/488
f 697/494 693/490 709/504
f 693/490 706/502 709/504
f 699/496 710/505 695/492
f 710/505 707/503 695/492
f 697/494 709/504 699/496
f 709/504 710/505 699/496
f 704/500 702/481 708/488
f 687/484 706/502 693/490
f 711/506 712/507 713/508
f 712/507 714/509 713/508
f 715/510 716/511 717/512
f 716/511 718/513 717/512
f 719/514 720/515 721/516
f 720/515 722/517 721/516
f 723/518 724/519 725/520
f 724/519 726/521 725/520
f 727/522 728/523 729/524
f 728/523 730/525 729/524
f 731/526 732/527 733/528
f 732/527 734/529 733/528
f 735/512 736/510 737/530
f 736/510 738/531 737/530
f 739/532 740/533 741/534
f 740/533 742/535 741/534
f 743/514 744/536 745/516
f 744/536 746/537 745/516
f 747/538 748/539 749/540
f 750/541 748/539 747/538
f 751/533 748/539 750/541
f 751/533 750/541 752/542
f 751/533 752/542 753/543
f 739/532 741/534 754/544
f 740/533 755/543 742/535
f 756/510 757/511 758/512
f 757/511 759/513 758/512
f 760/514 761/515 762/516
f 761/515 763/517 762/516
f 764/481 765/477 766/482
f 765/477 767/479 766/482
f 768/487 769/488 766/482
f 769/488 764/481 766/482
f 770/491 771/492 768/487
f 771/492 769/488 768/487
f 765/477 764/481 772/499
f 773/500 772/499 764/481
f 771/492 774/503 769/488
f 774/503 773/500 769/488
f 775/495 776/496 770/491
f 776/496 771/492 770/491
f 771/492 776/496 774/503
f 776/496 777/505 774/503
f 778/477 779/478 780/479
f 779/478 781/480 780/479
f 782/478 765/477 783/497
f 784/498 783/497 765/477
f 785/493 786/494 775/495
f 786/494 776/496 775/495
f 786/494 787/504 776/496
f 787/504 777/505 776/496
f 788/489 789/490 785/493
f 789/490 786/494 785/493
f 786/494 790/490 787/504
f 790/490 791/502 787/504
f 792/486 793/484 788/489
f 793/484 789/490 788/489
f 794/483 793/484 795/485
f 793/484 792/486 795/485
f 796/483 797/501 798/484
f 797/501 791/502 798/484
f 773/500 764/481 769/488
f 798/484 791/502 790/490
f 799/481 800/477 801/482
f 800/477 802/479 801/482
f 803/487 804/488 801/482
f 804/488 799/481 801/482
f 800/477 799/481 805/499
f 806/500 805/499 799/481
f 807/491 808/492 803/487
f 808/492 804/488 803/487
f 808/492 809/503 804/488
f 809/503 806/500 804/488
f 810/495 811/496 807/491
f 811/496 808/492 807/491
f 808/492 811/496 809/503
f 811/496 812/505 809/503
f 813/477 814/478 815/479
f 814/478 816/480 815/479
f 817/478 800/477 818/497
f 819/498 818/497 800/477
f 820/494 821/504 811/496
f 821/504 812/505 811/496
f 822/493 820/494 810/495
f 820/494 811/496 810/495
f 820/494 823/490 821/504
f 823/490 824/502 821/504
f 825/489 826/490 822/493
f 826/490 820/494 822/493
f 827/483 828/501 829/484
f 828/501 824/502 829/484
f 830/486 831/484 825/489
f 831/484 826/490 825/489
f 832/483 831/484 833/485
f 831/484 830/486 833/485
f 806/500 799/481 804/488
f 829/484 824/502 823/490
f 834/545 835/546 836/547
f 835/546 837/548 836/547
f 838/549 834/545 839/550
f 834/545 836/547 839/550
f 840/551 838/549 841/552
f 838/549 839/550 841/552
f 842/553 840/551 843/554
f 840/551 841/552 843/554
f 844/555 842/553 845/556
f 842/553 843/554 845/556
f 846/557 844/555 847/558
f 844/555 845/556 847/558
f 848/559 849/560 850/561
f 849/560 851/562 850/561
f 852/563 848/559 853/564
f 848/559 850/561 853/564
f 854/565 852/563 855/566
f 852/563 853/564 855/566
f 856/567 857/568 858/569
f 857/568 859/570 858/569
f 860/571 854/565 861/572
f 854/565 855/566 861/572
f 856/567 862/573 857/568
f 862/573 863/574 857/568
f 864/575 860/571 865/576
f 860/571 861/572 865/576
f 862/573 866/577 863/574
f 862/573 867/578 866/577
usemtl texture11
f 956/509 957/579 958/508
f 957/579 959/580 958/508
f 960/510 961/581 962/511
f 961/581 963/582 962/511
f 964/583 965/507 966/584
f 965/507 967/506 966/584
f 968/128 969/512 970/585
f 969/512 971/513 970/585
f 972/516 973/517 974/584
f 973/517 964/583 974/584
f 975/128 976/585 977/514
f 976/585 978/515 977/514
f 979/521 980/586 981/520
f 980/586 982/587 981/520
f 983/522 984/191 985/523
f 984/191 986/588 985/523
f 987/589 988/519 989/590
f 988/519 990/518 989/590
f 991/591 992/524 993/592
f 992/524 994/525 993/592
f 995/528 996/529 997/590
f 996/529 987/589 997/590
f 998/591 993/592 999/526
f 993/592 1000/527 999/526
f 1001/510 1002/581 1003/531
f 1002/581 1004/593 1003/531
f 1005/128 1006/512 1007/594
f 1006/512 1008/530 1007/594
f 1009/516 1010/537 1011/584
f 1010/537 1012/595 1011/584
f 1013/514 1014/128 1015/536
f 1014/128 1007/594 1015/536
f 1016/510 1017/581 1018/511
f 1017/581 1019/582 1018/511
f 1020/128 1021/512 1022/585
f 1021/512 1023/513 1022/585
f 1024/516 1025/517 1026/584
f 1025/517 1027/583 1026/584
f 1028/128 1029/585 1030/514
f 1029/585 1031/515 1030/514
o Object_6
v -100.000122 -4000.000488 3450.282471
v -300.000122 -4000.000488 3250.282471
v -100.000122 -900.000488 3450.282959
v -300.000122 -900.000488 3250.282959
v -100.000122 -4000.000732 4050.282471
v -100.000122 -900.000610 4050.282959
v -300.000000 -300.000549 3250.283203
v -100.000122 -300.000580 3450.283203
v -300.000122 -900.000488 3250.282959
v -100.000122 -900.000488 3450.282959
v -100.000122 -300.000702 4050.283203
v -100.000122 -900.000610 4050.282959
v -100.000122 -50.000622 3450.283203
v -100.000122 -300.000580 3450.283203
v -300.000122 -50.000591 3250.283203
v -300.000000 -300.000549 3250.283203
v -100.000122 -50.000721 4050.283203
v -100.000122 -300.000702 4050.283203
v -250.000305 -0.001105 3100.283203
v 49.999760 -0.001244 3400.283203
v -300.000305 -50.001232 3250.283203
v -100.000313 -50.001263 3450.283203
v 49.999760 -0.001362 4125.283203
v -100.002808 -50.001362 4050.283203
v -104.411957 300.000092 -0.002071
v -90.422691 300.000092 -52.211010
v -98.124992 300.000000 -0.002001
v -84.978188 300.000000 -49.066872
v -90.422691 300.000000 52.205029
v -84.977257 300.000000 49.061100
v -52.207890 300.000092 90.425636
v -49.063740 300.000000 84.979996
v -52.203011 300.000092 -90.427742
v -49.059212 300.000000 -84.982178
v -27.020390 300.000031 -100.859398
v -25.393120 300.000031 -94.785561
v -0.000920 300.000061 104.415886
v -0.000780 299.999969 98.127724
v 0.004950 300.000122 -104.417992
v 0.003820 300.000031 -98.129822
v 0.004950 300.000122 -104.417992
v 27.030359 300.000031 -100.859337
v 0.003820 300.000031 -98.129822
v 25.401751 300.000031 -94.785561
v 52.207180 300.000092 90.427612
v 49.064159 300.000000 84.981834
v 52.210991 300.000092 -90.429642
v 49.066921 300.000000 -84.983932
v 90.425873 300.000092 52.208920
v 84.980377 300.000000 49.064781
v 90.431671 300.000092 -52.208961
v 84.985817 300.000000 -49.065029
v 104.415062 300.000092 -0.000101
v 98.128036 300.000000 -0.000091
v -233.213287 760.000061 62.489441
v -233.213181 760.000061 -62.489147
v -149.999893 699.999817 -0.000056
v -170.723892 760.000061 170.724030
v -129.903793 699.999817 74.999748
v -170.723892 760.000061 -170.724060
v -129.903793 699.999817 -75.000153
v -144.888794 699.999878 38.822445
v -144.888794 699.999878 -38.822765
v -106.066002 699.999878 -106.066063
v -106.066002 699.999878 106.065643
v -74.999901 699.999817 -129.903961
v -74.999901 699.999817 129.903534
v -62.489300 760.000000 233.213364
v -62.489201 760.000122 -233.213364
v -38.822800 699.999878 144.888626
v -38.822800 699.999878 -144.888870
v 0.000000 699.999817 149.999725
v 0.000000 699.999817 -150.000168
v 62.489300 760.000000 233.213470
v 62.489300 760.000122 -233.213364
v 38.822800 699.999878 144.888626
v 38.822800 699.999878 -144.888870
v 74.999901 699.999817 -129.903961
v 74.999901 699.999817 129.903534
v 170.723892 760.000061 -170.723969
v 170.723999 760.000061 170.724030
v 106.065903 699.999878 -106.066063
v 106.066002 699.999878 106.065643
v 129.903702 699.999817 -75.000153
v 129.903793 699.999817 74.999748
v 233.213181 760.000061 -62.489048
v 144.888794 699.999878 -38.822765
v 233.213287 760.000061 62.489441
v 144.888794 699.999878 38.822445
v 233.213181 760.000061 -62.489048
v 149.999893 699.999817 -0.000056
v 144.888794 699.999878 -38.822765
v -266.786835 359.999969 737.511230
v -355.111206 299.999878 761.177429
v -370.096283 299.999878 725.000244
v -266.786652 359.999908 862.489746
v -370.096191 299.999847 875.000061
v -355.111206 299.999878 838.822937
v -266.786835 359.999969 737.511230
v -350.000122 299.999878 800.000061
v -355.111206 299.999878 761.177429
v -329.276093 359.999969 629.276245
v -329.276001 359.999939 970.724365
v -250.000305 -0.001105 3100.283203
v -250.000305 99.999397 3100.282471
v 49.999760 -0.001244 3400.283203
v 49.999760 99.999344 3400.282715
v 49.999760 -0.001362 4125.283203
v 49.999760 99.999130 4125.283203
v -384.444214 399.999359 3338.396484
v -158.170105 399.999359 3338.396484
v -384.444214 399.999329 3564.669922
v -158.170105 399.999329 3564.669922
v -271.307098 840.493530 3451.533447
v -384.444214 399.999359 3338.396484
v -384.444214 399.999329 3564.669922
v -158.170105 399.999359 3338.396484
v -384.444214 399.999359 3338.396484
v -158.170105 399.999329 3564.669922
v -158.170105 399.999359 3338.396484
v -181.307098 399.999359 3359.609375
v -181.307098 99.999550 3359.609375
v -361.307098 399.999359 3359.609375
v -361.307098 99.999550 3359.609375
v -181.307098 399.999359 3359.609375
v -181.307098 399.999329 3543.457031
v -181.307098 99.999550 3359.609375
v -181.307098 99.999519 3543.457031
v 28.938410 -430.717041 1470.322021
v 28.938410 -430.716980 1130.911011
v -69.042587 -569.280090 1300.616333
v -69.042587 -569.280090 1300.616333
v 28.938410 -430.716980 1130.911011
v 224.895996 -569.283325 1130.911011
v 224.895996 -569.283386 1470.322021
v 28.938410 -430.717041 1470.322021
v -69.042587 -569.280090 1300.616333
v 126.919411 -292.154022 1300.616455
v 126.915009 -707.846130 1300.616333
v 126.915009 -707.846130 1300.616333
v 126.919411 -292.154022 1300.616455
v 224.895996 -569.283325 1130.911011
v 28.938410 -430.716980 1130.911011
v 28.938410 -430.717041 1470.322021
v 224.895996 -569.283386 1470.322021
v 224.895996 -569.283325 1130.911011
v 224.895996 -569.283386 1470.322021
v 322.877106 -430.720062 1300.616333
v 322.877106 -430.720062 1300.616333
v 322.877106 -430.720062 1300.616333
v 509.970734 469.282959 829.374939
v 509.970734 469.282990 489.963898
v 411.989746 330.719849 659.669250
v 6.917300 -700.000183 1240.616577
v 6.917300 -4000.000244 1240.616089
v 6.917300 -700.000244 1360.616333
v 6.917300 -4000.000244 1360.615845
v 186.917114 -700.000183 1180.616577
v 186.917114 -4000.000244 1180.616089
v 66.917297 -700.000183 1180.616577
v 66.917297 -4000.000244 1180.616089
v 246.917099 -700.000244 1360.616333
v 246.917099 -4000.000244 1360.615845
v 246.917099 -700.000183 1240.616577
v 246.917099 -4000.000244 1240.616089
v 6.917300 1599.999512 1240.616943
v 6.917300 -300.000305 1240.616699
v 6.917300 1599.999512 1360.616699
v 6.917300 -300.000305 1360.616455
v 186.917114 1599.999512 1180.616943
v 186.917114 -300.000275 1180.616699
v 66.917297 1599.999512 1180.616943
v 66.917297 -300.000275 1180.616699
v 246.917099 1599.999512 1360.616699
v 246.917099 -300.000305 1360.616455
v 246.917099 1599.999512 1240.616943
v 246.917099 -300.000305 1240.616699
v 487.949615 1914.999634 599.669739
v 487.949615 599.999756 599.669556
v 487.949615 1914.999634 719.669495
v 487.949615 599.999756 719.669312
v 487.949615 199.999786 599.669495
v 487.949615 -4000.000000 599.668762
v 487.949615 199.999756 719.669250
v 487.949615 -4000.000000 719.668518
v -144.888611 299.999786 -38.823360
v -149.999771 299.999786 -0.000471
v -144.888611 499.999756 -38.823330
v -149.999771 499.999756 -0.000439
v -144.888611 299.999786 38.822350
v -144.888611 499.999756 38.822380
v -129.903610 299.999786 -75.000351
v -129.903534 499.999756 -75.000298
v -129.903595 299.999786 74.999680
v -129.903564 499.999756 74.999611
v -106.065758 299.999817 -106.066521
v -106.065758 499.999786 -106.066483
v -106.065712 299.999756 106.065308
v -106.065613 499.999725 106.065361
v -74.999763 299.999817 -129.904205
v -74.999763 499.999786 -129.904175
v -74.999847 299.999756 129.903519
v -74.999847 499.999725 129.903549
v -38.822750 299.999756 144.888535
v -38.822750 499.999725 144.888565
v -38.822708 299.999817 -144.888992
v -38.822708 499.999786 -144.888962
v 0.000040 499.999725 149.999695
v 0.000040 299.999847 149.999664
v 0.000240 299.999817 -150.000229
v 0.000240 499.999786 -150.000198
v 38.822990 299.999847 144.888428
v 38.822990 499.999725 144.888458
v 38.822941 299.999817 -144.889114
v 38.822941 499.999786 -144.889084
v 75.000122 299.999908 -129.904068
v 75.000122 499.999786 -129.904037
v 75.000267 299.999847 129.903183
v 75.000267 499.999725 129.903214
v 106.066116 299.999908 -106.066353
v 106.066116 499.999786 -106.066315
v 106.066147 299.999847 106.065475
v 106.066147 499.999725 106.065514
v 129.903839 299.999878 -75.000137
v 129.903870 499.999756 -75.000183
v 129.904037 299.999878 74.999329
v 129.904037 499.999756 74.999367
v 144.889008 299.999878 -38.823391
v 144.889008 499.999756 -38.823360
v 144.889008 299.999878 38.822418
v 144.889008 499.999756 38.822449
v 149.999954 299.999878 -0.000111
v 149.999954 499.999756 -0.000079
v 149.999954 299.999878 -0.000111
v 149.999954 499.999756 -0.000079
v -149.998001 0.000000 -0.115200
v -144.887604 0.000006 -38.939400
v -149.998001 -279.999908 -0.115246
v -144.887604 -279.999908 -38.939445
v -144.887604 -0.000006 38.707001
v -144.887604 -279.999908 38.706955
v -129.902298 0.000012 -75.078102
v -129.902298 -279.999908 -75.078148
v -129.902298 -0.000012 74.921799
v -129.902298 -279.999908 74.921753
v -106.065399 -0.000017 105.988197
v -106.065399 -279.999939 105.988152
v -106.065399 0.000017 -106.144501
v -106.065399 -279.999878 -106.144547
v -74.999901 -0.000021 129.826096
v -74.999901 -279.999939 129.826050
v -38.921799 -279.999939 144.829956
v -38.921799 -0.000024 144.830002
v -74.999901 -279.999878 -129.980438
v -74.999901 0.000021 -129.980392
v -38.823200 -279.999878 -144.927750
v -38.823200 0.000024 -144.927704
v -0.066400 -0.000024 149.958893
v -0.066400 -279.999939 149.960861
v -38.823200 0.000024 -144.927704
v 0.033200 -279.999878 -149.980438
v -38.823200 -279.999878 -144.927750
v 0.033200 0.000024 -149.980392
v 38.755798 -279.999939 144.849548
v 38.755798 -0.000024 144.849594
v 38.822201 -279.999878 -144.888641
v 38.822201 0.000024 -144.888596
v 74.999901 -279.999939 129.904160
v 74.999901 -0.000021 129.904205
v 74.999901 -279.999878 -129.904251
v 74.999901 0.000021 -129.904205
v 144.888596 -279.999908 38.861256
v 129.904205 -0.000012 75.039001
v 129.904205 -279.999908 75.038956
v 144.888596 -0.000006 38.861301
v 149.999893 -279.999908 0.038954
v 149.999893 -0.000000 0.039000
v 106.065399 0.000017 -106.027298
v 106.065399 -279.999878 -106.027344
v 106.065399 -0.000017 106.103500
v 106.065399 -279.999939 106.103455
v 129.904205 0.000012 -74.960899
v 129.904205 -279.999908 -74.960945
v 144.889603 0.000006 -38.785099
v 144.889603 -279.999908 -38.785145
v -350.000122 149.999969 800.000000
v -355.111206 149.999985 761.177307
v -350.000122 299.999878 800.000061
v -355.111206 299.999878 761.177429
v -355.111206 149.999969 838.822876
v -355.111206 299.999878 838.822998
v 6.917300 -4000.000244 1240.616089
v 6.917300 -700.000183 1240.616577
v 6.917300 -4000.000244 1180.616089
v 6.917300 -700.000183 1180.616577
v 6.917300 -4000.000244 1420.615845
v 6.917300 -700.000244 1420.616455
v 6.917300 -4000.000244 1360.615845
v 6.917300 -700.000244 1360.616333
v 66.917297 -4000.000244 1180.616089
v 66.917297 -700.000183 1180.616577
v 6.917300 -700.000183 1180.616577
v 246.917099 -4000.000244 1180.616089
v 186.917114 -4000.000244 1180.616089
v 246.917099 -700.000183 1180.616577
v 186.917114 -700.000183 1180.616577
v 246.917099 -700.000183 1240.616577
v 246.917099 -4000.000244 1240.616089
v 246.917099 -700.000183 1180.616577
v 246.917099 -700.000244 1420.616455
v 246.917099 -4000.000244 1420.615845
v 246.917099 -700.000244 1360.616333
v 246.917099 -4000.000244 1360.615845
v 6.917300 -300.000305 1240.616699
v 6.917300 1599.999512 1240.616943
v 6.917300 -300.000275 1180.616699
v 6.917300 1599.999512 1180.616943
v 6.917300 -300.000336 1420.616577
v 6.917300 1599.999512 1420.616699
v 6.917300 -300.000305 1360.616455
v 6.917300 1599.999512 1360.616699
v 66.917297 -300.000275 1180.616699
v 6.917300 -300.000275 1180.616699
v 66.917297 1599.999512 1180.616943
v 6.917300 1599.999512 1180.616943
v 246.917099 -300.000275 1180.616699
v 186.917114 -300.000275 1180.616699
v 246.917099 1599.999512 1180.616943
v 186.917114 1599.999512 1180.616943
v 246.917099 1599.999512 1240.616943
v 246.917099 -300.000305 1240.616699
v 246.917099 1599.999512 1180.616943
v 246.917099 1599.999512 1420.616699
v 246.917099 -300.000336 1420.616577
v 246.917099 1599.999512 1360.616699
v 246.917099 -300.000305 1360.616455
v 487.949615 599.999756 599.669556
v 487.949615 1914.999634 599.669739
v 487.949615 599.999817 539.669556
v 487.949615 1914.999634 539.669739
v 487.949615 599.999756 779.669312
v 487.949615 1914.999634 779.669495
v 487.949615 599.999756 719.669312
v 487.949615 1914.999634 719.669495
v 487.949615 -4000.000000 599.668762
v 487.949615 199.999786 599.669495
v 487.949615 -4000.000000 539.668762
v 487.949615 199.999786 539.669495
v 487.949615 -4000.000244 779.668518
v 487.949615 199.999756 779.669250
v 487.949615 -4000.000000 719.668518
v 487.949615 199.999756 719.669250
v 6.917300 -700.000244 1420.616455
v 126.917107 -700.000183 1300.616333
v 6.917300 -700.000183 1180.616577
v 246.917099 -700.000183 1180.616577
v 246.917099 -700.000244 1420.616455
v 6.917300 -300.000275 1180.616699
v 126.917107 -300.000305 1300.616455
v 6.917300 -300.000336 1420.616577
v 246.917099 -300.000275 1180.616699
v 246.917099 -300.000336 1420.616577
v -130.396362 300.000305 34.939400
v -134.995941 300.000305 -0.002001
v -104.411957 300.000092 -0.002071
v -130.396286 300.000305 -34.943470
v -90.422691 300.000000 52.205029
v -116.908997 300.000092 67.497986
v -116.908997 300.000305 -67.501991
v -90.422691 300.000092 -52.211010
v -95.459831 300.000275 95.458885
v -95.454964 300.000336 -95.460991
v -52.207890 300.000092 90.425636
v -52.203011 300.000092 -90.427742
v -67.500900 300.000275 116.913857
v -67.495956 300.000336 -116.916031
v -34.941330 300.000061 130.400223
v -67.500900 300.000275 116.913857
v -52.207890 300.000092 90.425636
v -0.000920 300.000061 104.415886
v 0.000070 300.000275 134.999802
v -0.000920 300.000061 104.415886
v 34.940479 300.000275 130.400223
v 0.000070 300.000275 134.999802
v 52.207180 300.000092 90.427612
v 67.500137 300.000275 116.913933
v 95.458992 300.000275 95.458885
v 95.462883 300.000336 -95.460991
v 52.210991 300.000092 -90.429642
v 67.504013 300.000336 -116.916023
v 90.425873 300.000092 52.208920
v 90.431671 300.000092 -52.208961
v 116.913109 300.000305 67.499969
v 116.917068 300.000305 -67.501991
v 104.415062 300.000092 -0.000101
v 130.399460 300.000305 34.941380
v 130.403427 300.000305 -34.943401
v 134.999054 300.000305 -0.000021
v -67.495956 300.000336 -116.916031
v -27.020390 300.000031 -100.859398
v -52.203011 300.000092 -90.427742
v -34.936451 300.000336 -130.402328
v 0.004950 300.000122 -104.417992
v -27.020390 300.000031 -100.859398
v -34.936451 300.000336 -130.402328
v 0.004030 300.000336 -135.001984
v 34.944439 300.000336 -130.402390
v 0.004950 300.000122 -104.417992
v 0.004030 300.000336 -135.001984
v 27.030359 300.000031 -100.859337
v 67.504013 300.000336 -116.916023
v 27.030359 300.000031 -100.859337
v 52.210991 300.000092 -90.429642
v -84.978188 300.000000 -49.066872
v 0.003820 300.000000 -0.001931
v -98.124992 300.000000 -0.002001
v -84.977257 300.000000 49.061100
v -98.124992 300.000000 -0.002001
v -49.063740 300.000000 84.979996
v -84.977257 300.000000 49.061100
v -49.059212 300.000000 -84.982178
v -84.978188 300.000000 -49.066872
v -25.393120 300.000031 -94.785561
v 0.003820 300.000000 -0.001931
v -49.059212 300.000000 -84.982178
v -0.000780 299.999969 98.127724
v -49.063740 300.000000 84.979996
v 0.003820 300.000031 -98.129822
v -25.393120 300.000031 -94.785561
v 25.401751 300.000031 -94.785561
v 0.003820 300.000031 -98.129822
v -0.000780 299.999969 98.127724
v 49.064159 300.000000 84.981834
v 49.066921 300.000000 -84.983932
v 25.401751 300.000031 -94.785561
v 49.064159 300.000000 84.981834
v 84.980377 300.000000 49.064781
v 84.985817 300.000000 -49.065029
v 49.066921 300.000000 -84.983932
v 84.980377 300.000000 49.064781
v 98.128036 300.000000 -0.000091
v 98.128036 300.000000 -0.000091
v 84.985817 300.000000 -49.065029
v -144.888611 299.999786 38.822350
v -149.999771 299.999786 -0.000471
v -130.399948 299.999878 34.940220
v -134.999878 299.999878 -0.000411
v -144.888611 299.999786 -38.823360
v -130.399902 299.999878 -34.940811
v -129.903595 299.999786 74.999680
v -116.913406 299.999878 67.499619
v -129.903610 299.999786 -75.000351
v -116.913353 299.999878 -67.500275
v -106.065758 299.999817 -106.066521
v -95.459396 299.999908 -95.459671
v -106.065712 299.999756 106.065308
v -95.459396 299.999847 95.459023
v -74.999763 299.999817 -129.904205
v -67.500008 299.999908 -116.913681
v -74.999847 299.999756 129.903519
v -67.499931 299.999847 116.913086
v -38.822750 299.999756 144.888535
v -34.940559 299.999847 130.399628
v -38.822708 299.999817 -144.888992
v -34.940601 299.999908 -130.400223
v 0.000040 299.999847 149.999664
v -0.000070 299.999847 134.999619
v 0.000240 299.999817 -150.000229
v 0.000050 299.999908 -135.000259
v 38.822990 299.999847 144.888428
v 34.940491 299.999847 130.399567
v 38.822941 299.999817 -144.889114
v 34.940552 299.999908 -130.400253
v 75.000122 299.999908 -129.904068
v 67.499924 299.999908 -116.913727
v 75.000267 299.999847 129.903183
v 67.499893 299.999847 116.913017
v 106.066116 299.999908 -106.066353
v 95.459290 299.999908 -95.459671
v 106.066147 299.999847 106.065475
v 95.459389 299.999847 95.459045
v 129.903839 299.999878 -75.000137
v 116.913292 299.999878 -67.500282
v 129.904037 299.999878 74.999329
v 116.913338 299.999878 67.499649
v 144.889008 299.999878 -38.823391
v 130.399841 299.999878 -34.940872
v 144.889008 299.999878 38.822418
v 130.399872 299.999878 34.940281
v 149.999954 299.999878 -0.000111
v 134.999893 299.999878 -0.000321
v 149.999954 299.999878 -0.000111
v 134.999893 299.999878 -0.000321
v -149.999771 499.999756 -0.000439
v -144.888611 499.999756 38.822380
v -149.999771 699.999756 -0.000406
v -144.888611 699.999756 38.822414
v -144.888611 499.999756 -38.823330
v -144.888519 699.999756 -38.823265
v -129.903564 499.999756 74.999611
v -129.903564 699.999756 74.999641
v -129.903534 499.999756 -75.000298
v -129.903534 699.999756 -75.000267
v -106.065758 499.999786 -106.066483
v -106.065758 699.999756 -106.066452
v -106.065613 699.999756 106.065392
v -106.065613 499.999725 106.065361
v -74.999763 499.999786 -129.904175
v -74.999763 699.999756 -129.904144
v -74.999847 499.999725 129.903549
v -74.999847 699.999756 129.903580
v -38.822750 499.999725 144.888565
v -38.822750 699.999756 144.888596
v -38.822708 499.999786 -144.888962
v -38.822708 699.999756 -144.888931
v 0.000040 499.999725 149.999695
v 0.000040 699.999756 149.999725
v 0.000240 499.999786 -150.000198
v 0.000240 699.999756 -150.000168
v 38.822990 499.999725 144.888458
v 38.822990 699.999756 144.888489
v 38.822941 499.999786 -144.889084
v 38.822941 699.999756 -144.889053
v 75.000122 499.999786 -129.904037
v 75.000122 699.999756 -129.904007
v 75.000267 499.999725 129.903214
v 75.000267 699.999756 129.903244
v 106.066116 499.999786 -106.066315
v 106.066116 699.999756 -106.066284
v 106.066147 499.999725 106.065514
v 106.066147 699.999756 106.065544
v 129.903870 499.999756 -75.000183
v 129.903870 699.999756 -75.000153
v 129.904037 499.999756 74.999367
v 129.904037 699.999756 74.999397
v 144.889008 499.999756 -38.823360
v 144.889008 699.999756 -38.823326
v 144.889008 499.999756 38.822449
v 144.889099 699.999756 38.822514
v 149.999954 499.999756 -0.000079
v 149.999954 699.999756 -0.000046
v 149.999954 499.999756 -0.000079
v 149.999954 699.999756 -0.000046
v -149.998001 -4000.000000 -0.117752
v -144.886703 -4000.000000 38.706348
v -149.998001 -279.999908 -0.115246
v -144.887604 -279.999908 38.706955
v -144.886703 -4000.000000 -38.940052
v -144.887604 -279.999908 -38.939445
v -129.902298 -4000.000000 -75.115845
v -129.902298 -279.999908 -75.078148
v -129.902298 -4000.000000 74.884048
v -129.902298 -279.999908 74.921753
v -106.065399 -279.999878 -106.144547
v -106.064400 -4000.000000 -106.145149
v -106.064400 -4000.000000 105.987549
v -106.065399 -279.999939 105.988152
v -74.998001 -4000.000000 129.825439
v -74.999901 -279.999939 129.826050
v -74.999901 -279.999878 -129.980438
v -74.998001 -4000.000000 -129.981049
v -38.921799 -4000.000000 144.829346
v -38.921799 -279.999939 144.829956
v -38.823200 -279.999878 -144.927750
v -38.821201 -4000.000000 -144.928360
v -0.066400 -279.999939 149.960861
v -0.098600 -4000.000000 149.940750
v 0.033200 -279.999878 -149.980438
v 0.032200 -4000.000000 -149.981049
v -38.823200 -279.999878 -144.927750
v -38.821201 -4000.000000 -144.928360
v 38.755798 -279.999939 144.849548
v 38.756802 -4000.000000 144.848938
v 38.822201 -279.999878 -144.888641
v 38.824200 -4000.000000 -144.889252
v 74.999901 -279.999939 129.904160
v 75.000900 -4000.000000 129.901642
v 74.999901 -279.999878 -129.904251
v 75.000900 -4000.000000 -129.904861
v 106.065399 -279.999878 -106.027344
v 106.067299 -4000.000000 -106.029846
v 106.065399 -279.999939 106.103455
v 106.067299 -4000.000000 106.102852
v 129.905197 -4000.000000 -74.963448
v 129.904205 -279.999908 -74.960945
v 129.904205 -279.999908 75.038956
v 129.905197 -4000.000000 75.036453
v 144.888596 -279.999908 38.861256
v 144.889603 -4000.000000 38.860649
v 144.889603 -279.999908 -38.785145
v 144.889603 -4000.000000 -38.785751
v 149.999893 -279.999908 0.038954
v 150.000900 -4000.000000 0.036448
v -355.111206 -300.000000 761.177246
v -350.000122 -300.000000 799.999939
v -355.111206 -4000.000244 761.176514
v -350.000122 -4000.000244 799.999329
v -355.111206 -300.000000 838.822754
v -355.111206 -4000.000244 838.822021
v -355.111206 149.999985 761.177307
v -350.000122 149.999969 800.000000
v -355.111206 -300.000000 761.177246
v -350.000122 -300.000000 799.999939
v -355.111206 149.999969 838.822876
v -355.111206 -300.000000 838.822754
v -233.213303 760.000061 62.489441
v -170.723892 760.000061 170.724030
v -144.888794 800.000122 38.822960
v -106.066002 800.000122 106.066147
v -88.026100 870.000000 23.586660
v -144.888794 800.000061 -38.822639
v -88.026001 870.000000 -23.586338
v -233.213181 760.000061 -62.489147
v -170.723892 760.000061 -170.724060
v -64.439499 870.000000 64.439667
v -106.066002 800.000122 -106.066048
v -38.822800 800.000122 -144.888840
v -170.723892 760.000061 -170.724060
v -106.066002 800.000183 -106.066048
v -106.066002 800.000183 106.066147
v -170.723892 760.000061 170.724030
v -38.822800 800.000061 144.888947
v -64.439499 870.000000 -64.439339
v -62.489300 760.000000 233.213364
v -62.489201 760.000122 -233.213364
v -23.586500 870.000000 -88.026138
v -64.439499 870.000000 -64.439339
v -64.439499 870.000000 64.439667
v -23.586500 870.000000 88.026268
v 0.000000 1179.999878 0.000122
v 38.822800 800.000061 144.888947
v 38.822800 800.000061 -144.888840
v 23.586500 870.000000 88.026268
v 23.586500 870.000000 -88.026138
v 62.489300 760.000000 233.213455
v 62.489300 760.000122 -233.213364
v 64.439499 870.000000 -64.439339
v 64.439499 870.000000 64.439667
v 64.439499 870.000000 -64.439339
v 88.026001 870.000000 -23.586229
v 88.026100 870.000000 23.586660
v 64.439499 870.000000 64.439667
v 106.066002 800.000061 -106.065948
v 106.066002 800.000061 106.066162
v 106.066002 800.000061 -106.065948
v 106.066002 800.000061 106.066162
v 170.723892 760.000061 -170.723969
v 144.888794 800.000061 38.822960
v 144.888794 800.000061 -38.822639
v 170.723999 760.000061 170.724030
v 170.723892 760.000061 -170.723969
v 170.723999 760.000061 170.724030
v 233.213303 760.000061 62.489441
v 233.213181 760.000061 -62.489048
v -355.111206 399.999969 838.823242
v -266.786652 359.999939 862.489746
v -355.111206 399.999969 761.177551
v -266.786835 359.999969 737.511230
v -329.276093 359.999969 629.276245
v -329.276001 359.999939 970.724304
vt 11.984200 -1.523400
vt 18.542500 -1.523400
vt 11.986800 -1.753900
vt 18.523800 -1.753900
vt 19.999901 -1.523400
vt 19.999901 -1.753900
vt 3.500200 -1.750100
vt 4.500200 -1.750100
vt 3.500200 -1.950000
vt 4.500200 -1.950000
vt 2.500200 -1.750100
vt 2.500200 -1.950000
vt 1.500200 -1.750100
vt 1.500200 -1.950000
vt 5.500200 -1.750100
vt 5.500200 -1.950000
vt 6.000200 -1.750100
vt 6.000200 -1.950000
vt 0.500200 -1.750100
vt 0.500200 -1.950000
vt 6.500200 -1.750100
vt 6.500200 -1.950000
vt -5.499700 -1.750100
vt -4.999700 -1.750100
vt -5.499700 -1.950000
vt -4.999700 -1.950000
vt -0.499700 -1.750100
vt -0.499700 -1.950000
vt -4.499800 -1.750100
vt -4.499800 -1.950000
vt -1.499700 -1.750100
vt -1.499700 -1.950000
vt -3.499700 -1.750100
vt -3.499700 -1.950000
vt -2.499800 -1.750100
vt -2.499800 -1.950000
vt 0.000000 0.999900
vt -0.999900 0.999900
vt -0.499900 0.289000
vt 0.999900 0.999900
vt 0.499900 0.289000
vt -1.999900 0.999900
vt -1.499900 0.289000
vt 0.000000 0.289000
vt -0.999900 0.289000
vt -1.999900 0.289000
vt 0.999900 0.289000
vt -2.499900 0.289000
vt 1.499900 0.289000
vt 1.999900 0.999900
vt -2.999900 0.999900
vt 1.999900 0.289000
vt -2.999900 0.289000
vt 2.499900 0.289000
vt -3.499900 0.289000
vt 2.999900 0.999900
vt -3.999900 0.999900
vt 2.999900 0.289000
vt -3.999900 0.289000
vt -4.499900 0.289000
vt 3.499900 0.289000
vt -4.999900 0.999900
vt 3.999900 0.999900
vt -4.999900 0.289000
vt 3.999900 0.289000
vt -5.499900 0.289000
vt 4.499900 0.289000
vt -5.999900 0.999900
vt -5.999900 0.289000
vt 4.999900 0.999900
vt 4.999900 0.289000
vt 5.999900 0.999900
vt 5.499900 0.289000
vt 5.999900 0.289000
vt -5.999900 -16.000099
vt -5.999900 -16.711000
vt -5.499900 -16.711000
vt 4.999900 -16.000099
vt 4.499900 -16.711000
vt 4.999900 -16.711000
vt 5.999900 -16.000099
vt 5.499900 -16.711000
vt 5.999900 -16.711000
vt -4.999900 -16.000099
vt 3.999900 -16.000099
vt 2.131900 1.781200
vt 2.131900 2.072700
vt 3.225700 1.781200
vt 3.225700 2.072700
vt 5.056000 1.781200
vt 5.056000 2.072700
vt 3.857000 -18.000099
vt 2.836700 -18.000099
vt 3.857000 -10.000100
vt 2.836700 -10.000100
vt 5.999900 -18.000099
vt 5.999900 -10.000100
vt 2.836700 -8.000100
vt 3.857000 -8.000100
vt 5.999900 -8.000100
vt -0.999900 -3.000000
vt -0.499900 -3.000000
vt -0.999900 -2.500100
vt -0.499900 -2.500100
vt 2.468700 -1.687600
vt 2.906200 -2.984400
vt 1.999900 -2.984400
vt 0.999900 -2.000100
vt 0.999900 -3.000000
vt 0.000000 -2.000100
vt 0.000000 -3.000000
vt 3.900000 -4.000100
vt 3.900000 -5.000100
vt 2.999900 -4.000100
vt 2.999900 -5.000100
vt 5.999900 -4.000100
vt 5.999900 -5.000100
vt 0.000000 -0.000100
vt 1.999900 -2.000000
vt 0.000000 -2.000000
vt 1.999900 -0.000100
vt 0.999900 -1.004000
vt 0.003900 -1.351600
vt 0.999900 -1.636800
vt 0.999900 -1.640700
vt 0.000000 -1.996100
vt 0.999900 -1.996100
vt 0.417000 0.996100
vt -0.000300 0.996100
vt 0.417000 0.632900
vt -0.000300 0.632900
vt -0.417600 0.996100
vt -0.417600 0.632900
vt 0.834300 0.996100
vt 0.834300 0.632900
vt -0.834900 0.996100
vt -0.834900 0.632900
vt -1.252200 0.996100
vt -1.252200 0.632900
vt 1.251600 0.996100
vt 1.251600 0.632900
vt -1.669500 0.996100
vt -1.669500 0.632900
vt 1.668900 0.996100
vt 1.668900 0.632900
vt 2.086200 0.996100
vt 2.086200 0.632900
vt -2.086800 0.996100
vt -2.086800 0.632900
vt 2.503500 0.996100
vt 2.503500 0.632900
vt -2.504100 0.996100
vt -2.504100 0.632900
vt 2.920800 0.996100
vt 2.920800 0.632900
vt -2.921500 0.996100
vt -2.921500 0.632900
vt -3.338800 0.996100
vt -3.338800 0.632900
vt 3.338200 0.996100
vt 3.338200 0.632900
vt -3.756100 0.996100
vt -3.756100 0.632900
vt 3.755500 0.996100
vt 3.755500 0.632900
vt -4.173400 0.996100
vt -4.173400 0.632900
vt 4.172800 0.996100
vt 4.172800 0.632900
vt -4.590700 0.996100
vt -4.590700 0.632900
vt 4.590100 0.996100
vt 4.590100 0.632900
vt -4.999900 0.996100
vt -4.999900 0.632900
vt 4.999900 0.996100
vt 4.999900 0.632900
vt -0.337600 -2.996000
vt -0.033800 -2.996000
vt -0.363100 -2.539000
vt -0.089000 -2.539000
vt -0.383900 -2.136700
vt -0.637700 -2.539000
vt -0.616000 -2.136700
vt -0.663300 -2.996000
vt -0.966100 -2.996000
vt -0.142800 -2.136700
vt -0.911100 -2.539000
vt -0.910900 -2.539000
vt -0.636800 -2.539000
vt -0.857100 -2.136700
vt -0.662300 -2.996000
vt -0.499900 -1.168000
vt -0.362200 -2.539000
vt -0.336600 -2.996000
vt -0.088800 -2.539000
vt -0.636800 -19.539000
vt -0.662300 -19.996000
vt -0.362200 -19.539000
vt -0.336600 -19.996000
vt -0.033800 -19.996000
vt -0.966100 -19.996000
vt 0.000200 -2.999900
vt 0.208100 -2.999900
vt 0.000200 -1.999900
vt 0.208100 -1.999900
vt -0.207500 -2.999900
vt -0.207500 -1.999900
vt 0.415900 -2.999900
vt 0.415900 -1.999900
vt -0.415300 -2.999900
vt -0.415300 -1.999900
vt -0.623100 -2.999900
vt -0.623100 -1.999900
vt 0.623700 -1.999900
vt 0.623700 -2.999900
vt -0.830900 -2.999900
vt -0.830900 -1.999900
vt 0.831500 -2.999900
vt 0.831500 -1.999900
vt 1.039300 -2.999900
vt 1.039300 -1.999900
vt -1.038700 -2.999900
vt -1.038700 -1.999900
vt 1.247200 -2.999900
vt 1.247200 -1.999900
vt -1.246600 -2.999900
vt -1.246600 -1.999900
vt 1.455000 -2.999900
vt 1.455000 -1.999900
vt -1.454400 -2.999900
vt -1.454400 -1.999900
vt -1.662200 -2.999900
vt -1.662200 -1.999900
vt 1.662800 -2.999900
vt 1.662800 -1.999900
vt -1.870000 -2.999900
vt -1.870000 -1.999900
vt 1.870600 -2.999900
vt 1.870600 -1.999900
vt -2.077800 -2.999900
vt -2.077800 -1.999900
vt 2.078400 -2.999900
vt 2.078400 -1.999900
vt -2.285700 -2.999900
vt -2.285700 -1.999900
vt 2.286300 -2.999900
vt 2.286300 -1.999900
vt -2.499900 -2.999900
vt -2.499900 -1.999900
vt 2.499900 -2.999900
vt 2.499900 -1.999900
vt -1.169300 -4.999900
vt -1.002300 -4.999900
vt -1.169300 8.000100
vt -1.002300 8.000100
vt -1.336300 -4.999900
vt -1.336300 8.000100
vt -1.503300 -4.999900
vt -1.503100 8.000100
vt -0.835300 -4.999900
vt -0.835100 8.000100
vt -1.670100 8.000100
vt -1.670100 -4.999900
vt -0.668100 -4.999900
vt -0.668100 8.000100
vt -0.501000 -4.999900
vt -0.501000 8.000100
vt -1.837000 8.000100
vt -1.837000 -4.999900
vt -0.334400 -4.999900
vt -0.334400 8.000100
vt -1.999900 8.000100
vt -1.999900 -4.999900
vt -0.167200 8.000100
vt -0.167300 -4.999900
vt 1.836800 8.000100
vt 1.836800 -4.999900
vt 1.999900 8.000100
vt 1.999900 -4.999900
vt -0.000200 8.000100
vt -0.000200 -4.999900
vt 1.669900 8.000100
vt 1.669900 -4.999900
vt 0.167000 8.000100
vt 0.167000 -4.999900
vt 1.502900 8.000100
vt 1.502900 -4.999900
vt 1.335800 8.000100
vt 1.335800 -4.999900
vt 0.333800 8.000100
vt 0.333800 -4.999900
vt 1.168800 -4.999900
vt 1.168800 8.000100
vt 0.500800 8.000100
vt 0.500800 -4.999900
vt 0.667800 8.000100
vt 0.667800 -4.999900
vt 1.001800 8.000100
vt 1.001800 -4.999900
vt 0.834800 8.000100
vt 0.834800 -4.999900
vt 0.885600 -4.000100
vt 0.718800 -4.000100
vt 0.885600 -13.000100
vt 0.718800 -13.000100
vt 0.552000 -4.000100
vt 0.552000 -13.000100
vt 1.165500 -1.000100
vt 0.998900 -1.000100
vt 1.165500 -2.250100
vt 0.998900 -2.250100
vt 0.832400 -1.000100
vt 0.832400 -2.250100
vt 0.000000 1.999900
vt -0.999900 1.999900
vt -1.000000 0.999900
vt -1.000000 1.999900
vt 0.000000 -13.000000
vt 0.999900 -12.000100
vt 1.999900 -13.000000
vt 1.999900 -11.000100
vt 0.000000 -11.000100
vt 0.000000 -6.000100
vt 1.499900 -7.500100
vt 2.999900 -6.000100
vt 0.000000 -8.999900
vt 2.999900 -8.999900
vt 10.999900 -3.999900
vt 9.999900 -3.999900
vt 9.999900 -2.999900
vt 8.999900 -3.999900
vt 11.999900 -2.999900
vt 11.999900 -3.999900
vt 7.999900 -3.999900
vt 7.999900 -2.999900
vt 12.999900 -3.999900
vt 6.999900 -3.999900
vt 13.999900 -2.999900
vt 5.999900 -2.999900
vt 13.999900 -3.999900
vt 5.999900 -3.999900
vt 0.999900 1.999900
vt -7.999900 -2.999900
vt -6.999900 -3.999900
vt -7.999900 -3.999900
vt -5.999900 -2.999900
vt -5.999900 -3.999900
vt -4.999900 -3.999900
vt 0.999900 -3.999900
vt 1.999900 -2.999900
vt 1.999900 -3.999900
vt -3.999900 -2.999900
vt 0.000000 -2.999900
vt -3.999900 -3.999900
vt 0.000000 -3.999900
vt -1.999900 -2.999900
vt -2.999900 -3.999900
vt -0.999900 -3.999900
vt -1.999900 -3.999900
vt -8.499900 -0.000100
vt -8.499900 -13.000000
vt -9.499900 -0.000100
vt -9.499900 -13.000000
vt -6.499900 -0.000100
vt -6.499900 -13.000000
vt -7.499900 -0.000100
vt -7.499900 -13.000000
vt -4.499900 -0.000100
vt -4.499900 -13.000000
vt -5.499900 -0.000100
vt -5.499900 -13.000000
vt -8.499900 0.999900
vt -8.499900 -8.000000
vt -9.499900 0.999900
vt -9.499900 -8.000000
vt -6.499900 0.999900
vt -6.499900 -8.000000
vt -7.499900 0.999900
vt -7.499900 -8.000000
vt -4.499900 0.999900
vt -4.499900 -8.000000
vt -5.499900 0.999900
vt -5.499900 -8.000000
vt -8.499900 -5.000000
vt -9.499900 -5.000000
vt -8.499900 -20.000000
vt -9.499900 -20.000000
vt -0.417600 -0.863300
vt -0.000300 -0.863300
vt -0.417600 1.499900
vt -0.000300 1.499900
vt 0.417000 -0.863300
vt 0.417000 1.499900
vt -0.834900 -0.863300
vt -0.834900 1.499900
vt 0.834300 -0.863300
vt 0.834300 1.499900
vt -1.252200 -0.863300
vt -1.252200 1.499900
vt 1.251600 -0.863300
vt 1.251600 1.499900
vt -1.669500 -0.863300
vt -1.669500 1.499900
vt 1.668900 -0.863300
vt 1.668900 1.499900
vt 2.086200 -0.863300
vt 2.086200 1.499900
vt -2.086800 -0.863300
vt -2.086800 1.499900
vt 2.503500 1.499900
vt 2.503500 -0.863300
vt -2.504100 -0.863300
vt -2.504100 1.499900
vt 2.920800 -0.863300
vt 2.920800 1.499900
vt -2.921500 -0.863300
vt -2.921500 1.499900
vt -3.338800 -0.863300
vt -3.338800 1.499900
vt 3.338200 -0.863300
vt 3.338200 1.499900
vt -3.756100 -0.863300
vt -3.756100 1.499900
vt 3.755500 -0.863300
vt 3.755500 1.499900
vt -4.173400 -0.863300
vt -4.173400 1.499900
vt 4.172800 -0.863300
vt 4.172800 1.499900
vt -4.590700 -0.863300
vt -4.590700 1.499900
vt 4.590100 -0.863300
vt 4.590100 1.499900
vt -4.999900 -0.863300
vt -4.999900 1.499900
vt 4.999900 -0.863300
vt 4.999900 1.499900
vt -2.044700 14.999900
vt -2.336700 14.999900
vt -2.044700 12.492100
vt -2.336700 12.492100
vt -1.752600 14.999900
vt -1.752600 12.492100
vt -2.628400 14.999900
vt -2.628400 12.492100
vt -1.460300 14.999900
vt -1.460300 12.492100
vt -1.168200 14.999900
vt -1.168200 12.492100
vt -2.920400 14.999900
vt -2.920400 12.492100
vt -0.876000 14.999900
vt -0.876000 12.492100
vt -0.584500 12.492100
vt -0.584500 14.999900
vt -3.212300 12.492100
vt -3.212300 14.999900
vt -3.499900 12.492100
vt -3.499900 14.999900
vt -0.292200 14.999900
vt -0.292200 12.492100
vt 3.499900 14.999900
vt 3.212400 12.492100
vt 3.499900 12.492100
vt 3.212400 14.999900
vt -0.000100 12.492100
vt -0.000100 14.999900
vt 2.920600 12.492100
vt 2.920600 14.999900
vt 0.292200 12.492100
vt 0.292200 14.999900
vt 2.628500 12.492100
vt 2.628500 14.999900
vt 1.168000 12.492100
vt 0.876000 14.999900
vt 0.876000 12.492100
vt 1.168000 14.999900
vt 1.460100 12.492100
vt 1.460100 14.999900
vt 2.336300 14.999900
vt 2.336300 12.492100
vt 0.584100 14.999900
vt 0.584100 12.492100
vt 2.044200 14.999900
vt 2.044200 12.492100
vt 1.752100 14.999900
vt 1.752100 12.492100
vt 1.050000 -0.250100
vt 1.300000 -0.250100
vt 1.050000 0.999900
vt 1.300000 0.999900
vt 0.800000 -0.250100
vt 0.800000 0.999900
vt -7.999900 -13.000000
vt -7.999900 -0.000100
vt -9.999900 -13.000000
vt -9.999900 -0.000100
vt -5.999900 -13.000000
vt -5.999900 -0.000100
vt -3.999900 -0.000100
vt -3.999900 -13.000000
vt -7.999900 -8.000000
vt -7.999900 0.999900
vt -9.999900 -8.000000
vt -9.999900 0.999900
vt -5.999900 -8.000000
vt -3.999900 -8.000000
vt -7.999900 -5.000000
vt -9.999900 -5.000000
vt -7.999900 -20.000000
vt -9.999900 -20.000000
usemtl texture4
s 1
f 1199/596 1200/597 1201/598
f 1200/597 1202/599 1201/598
f 1203/600 1204/601 1200/597
f 1200/597 1204/601 1202/599
f 1205/602 1206/603 1207/604
f 1206/603 1208/605 1207/604
f 1209/606 1205/602 1210/607
f 1205/602 1207/604 1210/607
f 1211/608 1209/606 1212/609
f 1209/606 1210/607 1212/609
f 1206/603 1213/610 1208/605
f 1213/610 1214/611 1208/605
f 1213/610 1215/612 1214/611
f 1215/612 1216/613 1214/611
f 1217/614 1211/608 1218/615
f 1211/608 1212/609 1218/615
f 1215/612 1219/616 1216/613
f 1219/616 1220/617 1216/613
f 1221/618 1222/619 1223/620
f 1222/619 1224/621 1223/620
f 1225/622 1217/614 1226/623
f 1217/614 1218/615 1226/623
f 1222/619 1227/624 1224/621
f 1227/624 1228/625 1224/621
f 1229/626 1225/622 1230/627
f 1225/622 1226/623 1230/627
f 1227/624 1231/628 1228/625
f 1231/628 1232/629 1228/625
f 1233/630 1229/626 1234/631
f 1229/626 1230/627 1234/631
f 1231/628 1233/630 1232/629
f 1233/630 1234/631 1232/629
f 1235/632 1236/633 1237/634
f 1238/635 1235/632 1239/636
f 1236/633 1240/637 1241/638
f 1235/632 1237/634 1242/639
f 1237/634 1236/633 1243/640
f 1239/636 1235/632 1242/639
f 1236/633 1241/638 1243/640
f 1241/638 1240/637 1244/641
f 1238/635 1239/636 1245/642
f 1240/637 1246/643 1244/641
f 1247/644 1238/635 1245/642
f 1248/645 1238/635 1247/644
f 1240/637 1249/646 1246/643
f 1248/645 1247/644 1250/647
f 1246/643 1249/646 1251/648
f 1252/649 1248/645 1250/647
f 1249/646 1253/650 1251/648
f 1254/651 1248/645 1252/649
f 1255/652 1253/650 1249/646
f 1252/649 1256/653 1254/651
f 1255/652 1257/654 1253/650
f 1255/652 1258/655 1257/654
f 1256/653 1259/656 1254/651
f 1260/657 1258/655 1255/652
f 1254/651 1259/656 1261/658
f 1260/657 1262/659 1258/655
f 1259/656 1263/660 1261/658
f 1260/657 1264/661 1262/659
f 1263/660 1265/662 1261/658
f 1266/663 1267/664 1264/661
f 1268/665 1265/662 1269/666
f 1270/667 1271/668 1272/669
f 1268/665 1269/666 1271/668
f 1266/663 1264/661 1260/657
f 1261/658 1265/662 1268/665
f 1268/665 1271/668 1270/667
f 1273/670 1274/671 1275/672
f 1276/673 1277/674 1278/675
f 1279/676 1280/677 1281/678
f 1276/673 1278/675 1280/677
f 1273/670 1275/672 1282/679
f 1283/680 1277/674 1276/673
f 1276/673 1280/677 1279/676
usemtl texture5
f 1284/681 1285/682 1286/683
f 1285/682 1287/684 1286/683
f 1286/683 1287/684 1288/685
f 1287/684 1289/686 1288/685
usemtl texture6
f 1181/687 1182/688 1183/689
f 1182/688 1184/690 1183/689
f 1185/691 1181/687 1186/692
f 1181/687 1183/689 1186/692
usemtl texture7
f 1187/693 1188/694 1189/690
f 1188/694 1190/689 1189/690
f 1188/694 1191/695 1190/689
f 1191/695 1192/692 1190/689
usemtl texture1
f 1290/696 1291/697 1292/698
f 1291/697 1293/699 1292/698
usemtl texture2
f 1294/700 1295/701 1296/702
f 1294/700 1297/701 1298/702
f 1294/700 1299/701 1300/702
usemtl texture3
f 1301/703 1302/704 1303/705
f 1302/704 1304/706 1303/705
f 1305/705 1306/703 1307/706
f 1306/703 1308/704 1307/706
usemtl texture8
f 1193/707 1194/708 1195/709
f 1194/708 1196/710 1195/709
f 1197/711 1198/712 1193/707
f 1198/712 1194/708 1193/707
usemtl texture9
f 1309/713 1310/714 1311/715
f 1312/713 1313/715 1314/714
f 1315/716 1316/714 1317/715
f 1309/713 1318/716 1310/714
f 1312/713 1314/714 1319/716
f 1315/716 1317/715 1320/713
f 1321/715 1322/716 1323/714
f 1324/713 1325/716 1321/715
f 1326/716 1327/715 1320/713
f 1321/715 1328/713 1322/716
f 1321/715 1325/716 1329/714
f 1330/714 1327/715 1326/716
f 1331/713 1332/714 1333/715
usemtl texture31
f 1594/717 1595/718 1596/719
f 1595/718 1597/719 1598/717
f 1595/718 1599/719 1600/717
f 1601/717 1595/718 1602/719
f 1603/720 1604/721 1605/722
f 1595/718 1606/719 1607/717
f 1608/720 1604/721 1609/722
f 1610/720 1604/721 1611/722
f 1612/717 1595/718 1613/719
f 1614/720 1604/721 1615/722
f 1616/717 1595/718 1617/719
f 1618/717 1595/718 1619/719
f 1620/717 1595/718 1621/719
f 1622/717 1595/718 1623/719
usemtl texture32
f 1624/723 1625/724 1626/725
f 1626/725 1625/724 1627/726
f 1625/724 1628/727 1627/726
f 1629/728 1627/726 1628/727
f 1630/729 1624/723 1631/730
f 1631/730 1624/723 1626/725
f 1628/727 1632/731 1629/728
f 1633/732 1629/728 1632/731
f 1632/731 1634/733 1633/732
f 1635/734 1633/732 1634/733
f 1636/735 1630/729 1637/736
f 1637/736 1630/729 1631/730
f 1634/733 1638/737 1635/734
f 1639/738 1635/734 1638/737
f 1640/739 1636/735 1641/740
f 1641/740 1636/735 1637/736
f 1642/741 1640/739 1643/742
f 1643/742 1640/739 1641/740
f 1638/737 1644/743 1639/738
f 1645/744 1639/738 1644/743
f 1646/745 1642/741 1647/746
f 1642/741 1643/742 1647/746
f 1644/743 1648/747 1645/744
f 1649/748 1645/744 1648/747
f 1650/749 1646/745 1651/750
f 1651/750 1646/745 1647/746
f 1648/747 1652/751 1649/748
f 1652/751 1653/752 1649/748
f 1652/751 1654/753 1653/752
f 1653/752 1654/753 1655/754
f 1656/755 1650/749 1657/756
f 1657/756 1650/749 1651/750
f 1658/757 1659/758 1654/753
f 1659/758 1655/754 1654/753
f 1660/759 1656/755 1661/760
f 1657/756 1661/760 1656/755
f 1658/757 1662/761 1659/758
f 1659/758 1662/761 1663/762
f 1664/763 1660/759 1665/764
f 1661/760 1665/764 1660/759
f 1662/761 1666/765 1663/762
f 1667/766 1663/762 1666/765
f 1668/767 1664/763 1669/768
f 1665/764 1669/768 1664/763
f 1666/765 1670/769 1667/766
f 1671/770 1667/766 1670/769
f 1672/771 1668/767 1673/772
f 1669/768 1673/772 1668/767
usemtl texture19
f 1786/773 1787/774 1788/775
f 1788/775 1787/774 1789/776
f 1788/775 1790/777 1791/778
f 1792/779 1791/778 1790/777
f 1791/778 1793/780 1786/773
f 1791/778 1794/781 1793/780
f 1788/775 1789/776 1790/777
f 1790/777 1789/776 1795/782
f 1791/778 1786/773 1788/775
f 1796/783 1794/781 1791/778
f 1797/775 1798/774 1799/776
f 1800/784 1801/781 1802/785
f 1803/786 1796/783 1791/778
f 1803/786 1791/778 1792/779
f 1802/785 1801/781 1804/787
f 1797/775 1805/773 1798/774
f 1806/777 1799/776 1807/782
f 1808/786 1800/784 1809/779
f 1790/777 1810/788 1792/779
f 1806/777 1797/775 1799/776
f 1809/779 1800/784 1802/785
f 1795/782 1810/788 1790/777
f 1792/779 1810/788 1803/786
f 1807/782 1810/788 1806/777
f 1809/779 1810/788 1808/786
f 1802/785 1804/787 1811/789
f 1812/778 1805/773 1797/775
f 1809/779 1802/785 1813/777
f 1806/777 1812/778 1797/775
f 1806/777 1810/788 1814/779
f 1813/777 1810/788 1809/779
f 1813/777 1802/785 1811/789
f 1814/779 1812/778 1806/777
f 1811/789 1804/787 1815/790
f 1812/778 1816/780 1805/773
f 1814/779 1810/788 1817/786
f 1818/782 1810/788 1813/777
f 1813/777 1811/789 1818/782
f 1819/782 1810/788 1820/777
f 1821/779 1810/788 1822/786
f 1814/779 1823/783 1812/778
f 1820/777 1810/788 1821/779
f 1817/786 1823/783 1814/779
f 1811/789 1815/790 1824/791
f 1818/782 1811/789 1824/791
f 1820/777 1825/791 1819/782
f 1822/786 1826/784 1821/779
f 1812/778 1827/781 1816/780
f 1823/783 1827/781 1812/778
f 1821/779 1828/785 1820/777
f 1820/777 1829/789 1825/791
f 1821/779 1826/784 1828/785
f 1824/791 1815/790 1830/774
f 1820/777 1828/785 1829/789
f 1829/789 1831/774 1825/791
f 1826/784 1832/781 1828/785
f 1828/785 1833/787 1829/789
f 1829/789 1834/790 1831/774
f 1828/785 1832/781 1833/787
f 1829/789 1833/787 1834/790
f 1835/792 1836/793 1837/794
f 1837/794 1838/795 1839/796
f 1835/792 1840/797 1836/793
f 1837/794 1836/793 1838/795
usemtl texture17
f 1674/798 1675/799 1676/800
f 1675/799 1677/801 1676/800
f 1678/802 1674/798 1679/803
f 1674/798 1676/800 1679/803
f 1675/799 1680/804 1677/801
f 1680/804 1681/805 1677/801
f 1682/806 1678/802 1683/807
f 1678/802 1679/803 1683/807
f 1684/808 1682/806 1685/809
f 1682/806 1683/807 1685/809
f 1681/805 1680/804 1686/810
f 1680/804 1687/811 1686/810
f 1688/812 1684/808 1689/813
f 1684/808 1685/809 1689/813
f 1687/811 1690/814 1686/810
f 1690/814 1691/815 1686/810
f 1690/814 1692/816 1691/815
f 1692/816 1693/817 1691/815
f 1694/818 1688/812 1695/819
f 1688/812 1689/813 1695/819
f 1692/816 1696/820 1693/817
f 1696/820 1697/821 1693/817
f 1698/822 1694/818 1699/823
f 1694/818 1695/819 1699/823
f 1696/820 1700/824 1697/821
f 1700/824 1701/825 1697/821
f 1702/826 1698/822 1703/827
f 1698/822 1699/823 1703/827
f 1704/828 1702/826 1705/829
f 1702/826 1703/827 1705/829
f 1700/824 1706/830 1701/825
f 1706/830 1707/831 1701/825
f 1708/832 1704/828 1709/833
f 1704/828 1705/829 1709/833
f 1706/830 1710/834 1707/831
f 1710/834 1711/835 1707/831
f 1712/836 1708/832 1713/837
f 1708/832 1709/833 1713/837
f 1710/834 1714/838 1711/835
f 1714/838 1715/839 1711/835
f 1716/840 1712/836 1717/841
f 1712/836 1713/837 1717/841
f 1714/838 1718/842 1715/839
f 1718/842 1719/843 1715/839
f 1720/844 1716/840 1721/845
f 1716/840 1717/841 1721/845
f 1718/842 1722/846 1719/843
f 1722/846 1723/847 1719/843
f 1724/848 1725/849 1726/850
f 1725/849 1727/851 1726/850
f 1728/852 1724/848 1729/853
f 1724/848 1726/850 1729/853
f 1730/854 1728/852 1731/855
f 1728/852 1729/853 1731/855
f 1725/849 1732/856 1727/851
f 1732/856 1733/857 1727/851
f 1734/858 1735/859 1731/855
f 1735/859 1730/854 1731/855
f 1732/856 1736/860 1733/857
f 1736/860 1737/861 1733/857
f 1736/860 1738/862 1737/861
f 1738/862 1739/863 1737/861
f 1740/864 1741/865 1734/858
f 1741/865 1735/859 1734/858
f 1738/862 1742/866 1739/863
f 1742/866 1743/867 1739/863
f 1744/868 1745/869 1740/864
f 1745/869 1741/865 1740/864
f 1743/867 1742/866 1746/870
f 1742/866 1747/871 1746/870
f 1748/872 1749/873 1750/874
f 1749/873 1751/875 1750/874
f 1746/870 1747/871 1752/876
f 1747/871 1753/877 1752/876
f 1754/878 1755/879 1748/872
f 1755/879 1749/873 1748/872
f 1756/880 1752/876 1757/881
f 1752/876 1753/877 1757/881
f 1758/882 1759/883 1754/878
f 1759/883 1755/879 1754/878
f 1758/882 1760/884 1759/883
f 1760/884 1761/885 1759/883
f 1762/886 1756/880 1763/887
f 1756/880 1757/881 1763/887
f 1761/885 1760/884 1764/888
f 1760/884 1765/889 1764/888
f 1766/890 1762/886 1767/891
f 1762/886 1763/887 1767/891
f 1768/892 1766/890 1769/893
f 1766/890 1767/891 1769/893
f 1765/889 1770/894 1764/888
f 1770/894 1771/895 1764/888
f 1772/896 1768/892 1773/897
f 1768/892 1769/893 1773/897
f 1770/894 1772/896 1771/895
f 1772/896 1773/897 1771/895
f 1774/898 1775/899 1776/900
f 1775/899 1777/901 1776/900
f 1775/899 1778/902 1777/901
f 1778/902 1779/903 1777/901
f 1780/904 1781/905 1782/906
f 1781/905 1783/907 1782/906
f 1781/905 1784/908 1783/907
f 1784/908 1785/909 1783/907
usemtl texture14
f 1579/633 1580/910 1581/632
f 1582/911 1580/910 1579/633
f 1583/632 1584/912 1585/913
f 1583/632 1585/913 1586/910
f 1587/910 1588/633 1589/913
f 1587/910 1590/632 1588/633
f 1591/632 1592/913 1587/910
f 1593/912 1592/913 1591/632
usemtl texture12
f 1533/914 1534/915 1535/916
f 1534/915 1536/917 1535/916
f 1533/914 1537/918 1534/915
f 1537/918 1536/917 1534/915
usemtl texture13
f 1538/919 1539/920 1540/921
f 1541/922 1539/920 1538/919
f 1539/920 1542/923 1540/921
f 1541/922 1542/923 1539/920
f 1543/924 1544/925 1545/926
f 1546/927 1545/926 1544/925
f 1543/924 1547/928 1548/929
f 1549/930 1550/931 1546/927
f 1547/928 1543/924 1545/926
f 1546/927 1550/931 1545/926
f 1548/929 1547/928 1551/932
f 1552/933 1550/931 1549/930
f 1553/934 1551/932 1547/928
f 1554/935 1550/931 1552/933
f 1551/932 1553/934 1555/936
f 1554/935 1552/933 1556/937
f 1557/632 1558/633 1559/911
f 1560/938 1557/632 1559/911
f 1561/635 1557/632 1560/938
f 1562/939 1563/940 1564/941
f 1562/939 1565/942 1563/940
f 1563/940 1565/942 1566/943
f 1565/942 1567/944 1566/943
f 1568/945 1569/946 1570/947
f 1565/942 1571/948 1567/944
f 1572/949 1569/946 1568/945
f 1567/944 1571/948 1573/950
f 1572/949 1568/945 1574/951
f 1571/948 1575/952 1576/953
f 1575/952 1572/949 1577/954
f 1571/948 1576/953 1573/950
f 1577/954 1572/949 1574/951
f 1576/953 1575/952 1578/955
f 1575/952 1577/954 1578/955
usemtl texture10
f 1334/956 1335/957 1336/958
f 1335/957 1337/959 1336/958
f 1338/960 1339/961 1340/962
f 1339/961 1341/963 1340/962
f 1342/964 1343/965 1344/966
f 1343/965 1345/967 1344/966
f 1346/968 1347/969 1348/970
f 1347/969 1349/971 1348/970
f 1350/972 1351/973 1352/974
f 1351/973 1353/975 1352/974
f 1354/976 1355/977 1356/978
f 1355/977 1357/979 1356/978
f 1358/968 1359/980 1360/970
f 1359/980 1361/981 1360/970
f 1362/956 1363/982 1364/958
f 1363/982 1365/983 1364/958
f 1366/984 1367/985 1368/986
f 1367/985 1369/987 1368/986
f 1367/985 1370/988 1369/987
f 1370/988 1371/989 1369/987
f 1372/990 1366/984 1373/991
f 1366/984 1368/986 1373/991
f 1370/988 1374/992 1371/989
f 1374/992 1375/993 1371/989
f 1376/994 1372/990 1377/995
f 1372/990 1373/991 1377/995
f 1374/992 1378/996 1375/993
f 1378/996 1379/997 1375/993
f 1380/998 1376/994 1381/999
f 1376/994 1377/995 1381/999
f 1378/996 1382/1000 1379/997
f 1382/1000 1383/1001 1379/997
f 1382/1000 1384/1002 1383/1001
f 1384/1002 1385/1003 1383/1001
f 1386/1004 1380/998 1387/1005
f 1380/998 1381/999 1387/1005
f 1388/1006 1385/1003 1389/1007
f 1385/1003 1384/1002 1389/1007
f 1390/1008 1386/1004 1391/1009
f 1386/1004 1387/1005 1391/1009
f 1389/1007 1392/1010 1388/1006
f 1392/1010 1393/1011 1388/1006
f 1394/1012 1390/1008 1395/1013
f 1390/1008 1391/1009 1395/1013
f 1396/1014 1394/1012 1397/1015
f 1394/1012 1395/1013 1397/1015
f 1392/1010 1398/1016 1393/1011
f 1398/1016 1399/1017 1393/1011
f 1400/1018 1396/1014 1401/1019
f 1396/1014 1397/1015 1401/1019
f 1398/1016 1402/1020 1399/1017
f 1402/1020 1403/1021 1399/1017
f 1404/1022 1400/1018 1405/1023
f 1400/1018 1401/1019 1405/1023
f 1402/1020 1406/1024 1403/1021
f 1406/1024 1407/1025 1403/1021
f 1408/1026 1404/1022 1409/1027
f 1404/1022 1405/1023 1409/1027
f 1406/1024 1410/1028 1407/1025
f 1410/1028 1411/1029 1407/1025
f 1412/1030 1408/1026 1413/1031
f 1408/1026 1409/1027 1413/1031
f 1410/1028 1414/1032 1411/1029
f 1414/1032 1415/1033 1411/1029
f 1416/1034 1417/1035 1418/1036
f 1417/1035 1419/1037 1418/1036
f 1420/1038 1416/1034 1421/1039
f 1416/1034 1418/1036 1421/1039
f 1417/1035 1422/1040 1419/1037
f 1422/1040 1423/1041 1419/1037
f 1424/1042 1420/1038 1425/1043
f 1420/1038 1421/1039 1425/1043
f 1426/1044 1424/1042 1427/1045
f 1424/1042 1425/1043 1427/1045
f 1422/1040 1428/1046 1423/1041
f 1428/1046 1429/1047 1423/1041
f 1430/1048 1426/1044 1431/1049
f 1426/1044 1427/1045 1431/1049
f 1431/1049 1432/1050 1430/1048
f 1432/1050 1433/1051 1430/1048
f 1428/1046 1434/1052 1429/1047
f 1428/1046 1435/1053 1434/1052
f 1435/1053 1436/1054 1434/1052
f 1435/1053 1437/1055 1436/1054
f 1438/1056 1433/1051 1439/1057
f 1433/1051 1432/1050 1439/1057
f 1440/1058 1441/1059 1442/1060
f 1440/1058 1443/1061 1441/1059
f 1444/1062 1445/1063 1439/1057
f 1445/1063 1438/1056 1439/1057
f 1441/1059 1443/1061 1446/1064
f 1443/1061 1447/1065 1446/1064
f 1448/1066 1449/1067 1444/1062
f 1449/1067 1445/1063 1444/1062
f 1446/1064 1447/1065 1450/1068
f 1447/1065 1451/1069 1450/1068
f 1452/1070 1453/1071 1454/1072
f 1455/1073 1453/1071 1452/1070
f 1456/1074 1455/1073 1452/1070
f 1457/1075 1455/1073 1456/1074
f 1451/1069 1458/1076 1450/1068
f 1458/1076 1459/1077 1450/1068
f 1460/1078 1449/1067 1461/1079
f 1449/1067 1448/1066 1461/1079
f 1458/1076 1462/1080 1459/1077
f 1462/1080 1463/1081 1459/1077
f 1453/1071 1460/1078 1454/1072
f 1460/1078 1461/1079 1454/1072
f 1462/1080 1464/1082 1463/1081
f 1464/1082 1465/1083 1463/1081
f 1464/1082 1457/1075 1465/1083
f 1457/1075 1456/1074 1465/1083
f 1466/1084 1467/1085 1468/1086
f 1467/1085 1469/1087 1468/1086
f 1470/1088 1466/1084 1471/1089
f 1466/1084 1468/1086 1471/1089
usemtl texture11
f 1472/957 1473/956 1474/1090
f 1473/956 1475/1091 1474/1090
f 1476/1092 1477/1093 1478/959
f 1477/1093 1479/958 1478/959
f 1480/963 1474/1090 1481/962
f 1474/1090 1482/1091 1481/962
f 1483/1094 1484/961 1485/1095
f 1484/961 1486/960 1485/1095
f 1487/966 1488/967 1489/1095
f 1488/967 1483/1094 1489/1095
f 1490/1096 1491/1097 1492/964
f 1491/1097 1493/965 1492/964
f 1494/969 1495/968 1496/1098
f 1495/968 1497/1099 1496/1098
f 1498/1100 1499/1101 1500/971
f 1499/1101 1501/970 1500/971
f 1502/975 1503/1098 1504/974
f 1503/1098 1505/1099 1504/974
f 1506/1102 1507/973 1508/663
f 1507/973 1509/972 1508/663
f 1510/978 1511/979 1512/663
f 1511/979 1506/1102 1512/663
f 1513/652 1514/1103 1515/976
f 1514/1103 1516/977 1515/976
f 1517/980 1518/968 1519/1104
f 1518/968 1520/1099 1519/1104
f 1521/1105 1522/1101 1523/981
f 1522/1101 1524/970 1523/981
f 1525/982 1526/956 1527/1106
f 1526/956 1528/1091 1527/1106
f 1529/1107 1530/1093 1531/983
f 1530/1093 1532/958 1531/983
o Object_7
v 569.069275 -668.480469 3253.486328
v 559.461670 -668.480469 3473.539062
v 569.069275 -578.480469 3253.486328
v 559.461121 -578.480469 3473.539062
v 607.135071 -668.480530 3688.581055
v 607.135071 -578.480530 3688.581055
v 635.303406 -668.480408 3043.417725
v 635.303406 -578.480408 3043.417725
v 753.650818 -668.480408 2857.649902
v 753.650818 -578.480408 2857.649902
v 916.045654 -668.480347 2708.843018
v 916.045654 -578.480347 2708.843018
v 1111.421265 -668.480347 2607.136230
v 1111.421265 -578.480347 2607.136230
v 1326.463379 -668.480347 2559.463135
v 1111.421265 -668.480347 2607.136230
v 1326.463379 -578.480347 2559.463135
v 1111.421265 -578.480347 2607.136230
v 1546.516357 -668.480347 2569.070312
v 1546.516357 -578.480347 2569.070312
v 1756.584961 -668.480347 2635.304688
v 1756.584961 -578.480347 2635.304688
v 1942.352783 -668.480347 2753.651855
v 1942.352783 -578.480347 2753.651855
v 2091.159912 -668.480408 2916.046875
v 2091.159912 -578.480408 2916.046875
v 559.460632 -578.480469 3473.535889
v 607.134216 -578.480530 3688.577393
v 629.505615 -668.480469 3467.407959
v 673.206421 -668.480530 3664.529297
v 708.840393 -578.480530 3883.952881
v 766.436890 -668.480530 3843.623535
v 857.647705 -578.480591 4046.347900
v 902.843689 -668.480591 3992.485840
v 1043.415771 -578.480591 4164.695312
v 1073.131104 -668.480591 4100.970215
v 1253.484009 -578.480591 4230.929199
v 1265.693726 -668.480591 4161.685059
v 1473.537476 -578.480591 4240.537109
v 1467.409302 -668.480591 4170.492188
v 1473.537476 -578.480591 4240.537109
v 1688.579346 -578.480591 4192.863281
v 1467.409302 -668.480591 4170.492188
v 1664.531006 -668.480591 4126.791016
v 1883.954834 -578.480591 4091.157471
v 1843.625244 -668.480591 4033.561035
v 2046.349854 -578.480591 3942.350098
v 1992.487427 -668.480530 3897.154297
v 2164.697021 -578.480530 3756.582031
v 2100.972168 -668.480530 3726.866943
v 2192.865723 -578.480408 3111.418701
v 2091.159424 -578.480408 2916.043213
v 2126.793457 -668.480408 3135.467285
v 2033.562744 -668.480408 2956.373047
v 2230.931641 -578.480469 3546.513916
v 2161.686768 -668.480469 3534.304443
v 2240.539062 -578.480469 3326.460693
v 2170.494141 -668.480469 3332.588867
v 569.069092 -2078.480225 3253.485840
v 559.461609 -2078.480225 3473.538574
v 569.069275 -668.480469 3253.486328
v 559.461670 -668.480469 3473.539062
v 607.134888 -2078.480225 3688.580566
v 607.135071 -668.480530 3688.581055
v 635.303406 -2078.480225 3043.417236
v 635.303406 -668.480408 3043.417725
v 753.650696 -2078.480225 2857.649414
v 753.650818 -668.480408 2857.649902
v 916.045654 -668.480347 2708.843018
v 916.045593 -2078.480225 2708.842529
v 1111.421265 -668.480347 2607.136230
v 1111.421143 -2078.480225 2607.135986
v 1111.421265 -668.480347 2607.136230
v 1326.463379 -668.480347 2559.463135
v 1111.421143 -2078.480225 2607.135986
v 1326.463257 -2078.480225 2559.462646
v 1546.516357 -668.480347 2569.070312
v 1546.516235 -2078.480225 2569.070068
v 1756.584961 -668.480347 2635.304688
v 1756.584839 -2078.480225 2635.304199
v 1942.352783 -668.480347 2753.651855
v 1942.352783 -2078.480225 2753.651611
v 2091.159912 -668.480408 2916.046875
v 2091.159912 -2078.480225 2916.046387
v 673.206421 -668.480530 3664.529297
v 673.206421 -2078.480225 3664.529297
v 629.505615 -668.480469 3467.407959
v 629.505615 -2078.480225 3467.407715
v 766.436890 -668.480530 3843.623535
v 766.436890 -2078.480469 3843.623291
v 902.843689 -668.480591 3992.485840
v 902.843811 -2078.480469 3992.485596
v 1073.131104 -668.480591 4100.970215
v 1073.131104 -2078.480469 4100.970215
v 1265.693726 -668.480591 4161.685059
v 1265.693726 -2078.480469 4161.684570
v 1467.409302 -668.480591 4170.492188
v 1467.409302 -2078.480469 4170.492188
v 1664.531006 -668.480591 4126.791016
v 1664.531006 -2078.480469 4126.791016
v 1467.409302 -668.480591 4170.492188
v 1467.409302 -2078.480469 4170.492188
v 1843.625244 -668.480591 4033.561035
v 1843.625244 -2078.480469 4033.561035
v 1992.487305 -2078.480469 3897.154053
v 1992.487427 -668.480530 3897.154297
v 2100.972168 -2078.480225 3726.866699
v 2100.972168 -668.480530 3726.866943
v 2126.793457 -2078.480225 3135.467041
v 2126.793457 -668.480408 3135.467285
v 2033.562744 -2078.480225 2956.372803
v 2033.562744 -668.480408 2956.373047
v 2161.686768 -2078.480225 3534.304443
v 2161.686768 -668.480469 3534.304443
v 2170.494141 -2078.480225 3332.588867
v 2170.494141 -668.480469 3332.588867
v 569.069092 -4000.000244 3253.485352
v 559.461609 -4000.000244 3473.538086
v 569.069092 -2078.480225 3253.485840
v 559.461609 -2078.480225 3473.538574
v 607.134888 -4000.000244 3688.580078
v 607.134888 -2078.480225 3688.580566
v 635.303284 -4000.000244 3043.416748
v 635.303406 -2078.480225 3043.417236
v 753.650696 -4000.000244 2857.648926
v 753.650696 -2078.480225 2857.649414
v 916.045593 -2078.480225 2708.842529
v 916.045593 -4000.000244 2708.842041
v 1111.421143 -2078.480225 2607.135986
v 1111.421143 -4000.000244 2607.135498
v 1111.421143 -2078.480225 2607.135986
v 1326.463257 -2078.480225 2559.462646
v 1111.421143 -4000.000244 2607.135498
v 1326.463257 -4000.000244 2559.462158
v 1546.516235 -2078.480225 2569.070068
v 1546.516235 -4000.000244 2569.069580
v 1756.584839 -2078.480225 2635.304199
v 1756.584839 -4000.000244 2635.303711
v 1942.352783 -2078.480225 2753.651611
v 1942.352539 -4000.000244 2753.651123
v 2091.159912 -2078.480225 2916.046387
v 2091.159912 -4000.000244 2916.045898
v 554.334900 -5.640191 -609.394043
v 674.334656 -5.640210 -489.394226
v 554.334900 -5.640230 -369.394226
v 794.334656 -5.640230 -369.394196
v 794.334656 -5.640191 -609.394043
v 487.949615 599.999817 539.669556
v 607.949402 599.999756 659.669312
v 487.949615 599.999756 779.669312
v 727.949402 599.999817 539.669556
v 727.949402 599.999756 779.669312
v 1583.838135 138.989868 -551.565063
v 1443.838135 138.989868 -551.565125
v 1583.838135 138.989838 -331.565155
v 1443.838257 138.989838 -331.565216
v 1483.838135 -139.104172 -465.502472
v 1483.838135 -79.104172 -465.502441
v 1466.338135 -139.104172 -465.502472
v 1466.338135 -79.104172 -465.502441
v 1483.838135 -79.104179 -398.142090
v 1483.838135 -139.104187 -398.142120
v 1466.338135 -79.104179 -398.142090
v 1466.338135 -139.104187 -398.142120
v 1466.338135 -64.104172 -451.822266
v 1483.838135 -64.104172 -451.822266
v 1466.338135 -64.104179 -411.822266
v 1483.838135 -64.104179 -411.822266
v 1466.338135 -59.104183 -431.822266
v 1483.838135 -59.104183 -431.822266
v 645.939270 -113.132835 149.983826
v 630.783813 -113.132835 158.733826
v 645.939270 -173.132843 149.983810
v 630.783813 -173.132843 158.733810
v 637.623779 -98.132843 170.580994
v 652.779236 -98.132835 161.830994
v 647.623779 -93.132843 187.901505
v 662.779236 -93.132843 179.151505
v 657.623779 -98.132843 205.222000
v 672.779236 -98.132843 196.472000
v 664.463867 -113.132851 217.069366
v 679.619324 -113.132843 208.319382
v 679.619324 -173.132843 208.319351
v 664.463867 -173.132843 217.069366
v 646.001526 -351.365479 49.907013
v 630.846069 -351.365479 41.157013
v 646.001526 -291.365479 49.907013
v 630.846069 -291.365479 41.157024
v 637.686157 -276.365479 29.309635
v 652.841614 -276.365479 38.059635
v 647.686157 -271.365479 11.989136
v 662.841614 -271.365479 20.739136
v 657.686157 -276.365479 -5.331375
v 672.841614 -276.365479 3.418625
v 664.526245 -291.365479 -17.178759
v 679.681702 -291.365479 -8.428758
v 679.681702 -351.365479 -8.428767
v 664.526245 -351.365479 -17.178768
v 554.334900 2294.359863 -549.393677
v 554.334900 -5.640200 -549.394043
v 554.334900 2294.359863 -429.393860
v 554.334900 -5.640220 -429.394226
v 614.334900 2294.359863 -369.393860
v 614.334900 -5.640230 -369.394226
v 734.334656 2294.359863 -369.393860
v 734.334656 -5.640230 -369.394226
v 554.334900 -405.640289 -549.394104
v 554.334900 -4000.000000 -549.394714
v 554.334900 -405.640320 -429.394287
v 554.334900 -4000.000000 -429.394867
v 614.334900 -405.640320 -369.394287
v 614.334900 -4000.000000 -369.394867
v 734.334656 -405.640320 -369.394287
v 734.334656 -4000.000000 -369.394867
v 667.949402 1914.999634 539.669739
v 667.949402 599.999817 539.669556
v 547.949646 1914.999634 539.669739
v 547.949646 599.999817 539.669556
v 667.949402 199.999786 539.669495
v 667.949402 -4000.000000 539.668762
v 547.949646 199.999786 539.669495
v 547.949646 -4000.000000 539.668762
v 1466.338135 -79.104172 -476.822266
v 1466.338257 -79.104172 -465.502441
v 1466.338135 -69.104172 -471.822266
v 1466.338135 -79.104179 -398.142090
v 1466.338135 -79.104187 -386.822266
v 1466.338135 -69.104187 -391.822266
v 1466.338135 -149.104172 -476.822296
v 1466.338135 -149.104187 -386.822296
v 1466.338135 -139.104172 -465.502472
v 1466.338135 -139.104187 -398.142120
v 1466.338135 -149.104172 -476.822296
v 1466.338135 -139.104172 -465.502472
v 1466.338135 -139.104187 -398.142120
v 1466.338135 -54.104176 -456.822266
v 1466.338135 -64.104172 -451.822266
v 1466.338135 -54.104187 -406.822266
v 1466.338135 -64.104179 -411.822266
v 1466.338135 -49.104183 -431.822266
v 1466.338135 -59.104183 -431.822266
v 1493.838135 -149.104187 -386.822296
v 1493.838135 -149.104172 -476.822296
v 1466.338135 -149.104172 -476.822296
v 1466.338135 -79.104172 -476.822266
v 1493.838135 -149.104172 -476.822296
v 1493.838135 -79.104172 -476.822266
v 1466.338135 -79.104187 -386.822266
v 1466.338135 -149.104187 -386.822296
v 1493.838135 -79.104187 -386.822266
v 1493.838135 -69.104172 -471.822266
v 1466.338135 -69.104172 -471.822266
v 1493.838135 -69.104187 -391.822266
v 1466.338135 -69.104187 -391.822266
v 1493.838135 -54.104176 -456.822266
v 1493.838135 -54.104187 -406.822266
v 1493.838135 -49.104183 -431.822266
v 630.783813 -113.132835 158.733826
v 627.623779 -103.132835 153.260483
v 625.123779 -113.132835 148.930359
v 670.123779 -113.132851 226.872635
v 667.623779 -103.132851 222.542511
v 664.463867 -113.132851 217.069366
v 625.123779 -183.132843 148.930344
v 630.783813 -173.132843 158.733810
v 635.123779 -88.132843 166.250870
v 637.623779 -98.132843 170.580994
v 625.123779 -113.132835 148.930359
v 654.594421 -113.132835 131.915466
v 625.123779 -183.132843 148.930344
v 654.594421 -183.132828 131.915451
v 655.985718 -103.132835 136.885727
v 627.623779 -103.132835 153.260483
v 647.623779 -83.132843 187.901505
v 647.623779 -93.132843 187.901505
v 661.711365 -88.132835 150.900528
v 670.123779 -183.132843 226.872620
v 630.783813 -173.132843 158.733810
v 664.463867 -173.132843 217.069366
v 660.123779 -88.132843 209.552139
v 657.623779 -98.132843 205.222000
v 671.439453 -83.132843 174.151505
v 699.594421 -183.132843 209.857727
v 686.711365 -88.132843 194.201797
v 670.123779 -183.132843 226.872620
v 664.463867 -173.132843 217.069366
v 695.985718 -103.132843 206.167755
v 667.623779 -103.132851 222.542511
v 699.594421 -113.132843 209.857742
v 670.123779 -113.132851 226.872635
v 670.123779 -183.132843 226.872620
v 699.594421 -183.132843 209.857727
v 625.186157 -291.365479 50.960274
v 627.686157 -281.365479 46.630146
v 630.846069 -291.365479 41.157024
v 664.526245 -291.365479 -17.178759
v 667.686157 -281.365479 -22.651886
v 670.186157 -291.365479 -26.982018
v 625.186157 -361.365479 50.960262
v 630.846069 -351.365479 41.157013
v 635.186157 -266.365479 33.639767
v 637.686157 -276.365479 29.309635
v 625.186157 -361.365479 50.960262
v 654.657288 -361.365479 67.975410
v 625.186157 -291.365479 50.960274
v 654.657288 -291.365479 67.975426
v 656.048523 -281.365479 63.005146
v 627.686157 -281.365479 46.630146
v 647.686157 -261.365479 11.989137
v 647.686157 -271.365479 11.989136
v 661.774170 -266.365479 48.990368
v 670.186157 -361.365479 -26.982029
v 625.186157 -361.365479 50.960262
v 664.526245 -351.365479 -17.178768
v 630.846069 -351.365479 41.157013
v 660.186157 -266.365479 -9.661504
v 657.686157 -276.365479 -5.331375
v 671.501831 -261.365479 25.739138
v 699.657288 -361.365479 -9.966869
v 654.657288 -361.365479 67.975410
v 686.774170 -266.365479 5.689096
v 664.526245 -351.365479 -17.178768
v 696.048523 -281.365479 -6.276886
v 667.686157 -281.365479 -22.651886
v 699.657288 -291.365479 -9.966858
v 670.186157 -291.365479 -26.982018
v 670.186157 -361.365479 -26.982029
v 655.111328 -149.999908 61.177177
v 650.000122 -149.999908 99.999977
v 655.111145 -0.000010 61.177299
v 650.000122 -0.000016 100.000053
v 655.111084 -149.999908 138.822876
v 655.111145 -0.000023 138.822754
v 670.096191 -149.999924 174.999969
v 670.096191 -0.000029 174.999924
v 670.096191 -149.999893 25.000074
v 670.096191 -0.000004 25.000040
v 693.934021 -149.999893 -6.065924
v 693.934021 0.000001 -6.065900
v 693.934021 -149.999924 206.065979
v 693.934021 -0.000034 206.065903
v 725.000122 -149.999893 -29.903725
v 725.000122 0.000005 -29.903761
v 725.000122 -149.999924 229.903763
v 725.000122 -0.000037 229.903732
v 761.177185 -149.999893 -44.888622
v 761.177185 0.000007 -44.888649
v 761.177185 -149.999939 244.888870
v 761.177185 -0.000040 244.888855
v 800.000000 -149.999878 -49.999825
v 800.000000 0.000008 -49.999920
v 800.000000 -149.999939 249.999969
v 800.000000 -0.000041 249.999924
v 838.822815 -149.999893 -44.888622
v 800.000000 -149.999878 -49.999825
v 838.822815 0.000007 -44.888649
v 800.000000 0.000008 -49.999920
v 838.822815 -149.999939 244.888870
v 838.822815 -0.000040 244.888855
v 554.334900 -5.640230 -369.394226
v 554.334900 2294.359863 -369.393860
v 554.334900 -5.640220 -429.394226
v 554.334900 2294.359863 -429.393860
v 614.334900 2294.359863 -369.393860
v 554.334900 2294.359863 -369.393860
v 614.334900 -5.640230 -369.394226
v 554.334900 -5.640230 -369.394226
v 794.334656 2294.359863 -369.393860
v 734.334656 2294.359863 -369.393860
v 794.334656 -5.640230 -369.394196
v 734.334656 -5.640230 -369.394226
v 554.334900 -4000.000000 -369.394867
v 554.334900 -405.640320 -369.394287
v 554.334900 -4000.000000 -429.394867
v 554.334900 -405.640320 -429.394287
v 614.334900 -405.640320 -369.394287
v 554.334900 -405.640320 -369.394287
v 614.334900 -4000.000000 -369.394867
v 554.334900 -4000.000000 -369.394867
v 794.334656 -405.640320 -369.394257
v 734.334656 -405.640320 -369.394287
v 794.334656 -4000.000000 -369.394867
v 734.334656 -4000.000000 -369.394867
v 547.949646 599.999817 539.669556
v 487.949615 599.999817 539.669556
v 547.949646 1914.999634 539.669739
v 487.949615 1914.999634 539.669739
v 727.949402 599.999817 539.669556
v 667.949402 599.999817 539.669556
v 727.949402 1914.999634 539.669739
v 667.949402 1914.999634 539.669739
v 547.949646 -4000.000000 539.668762
v 487.949615 -4000.000000 539.668762
v 547.949646 199.999786 539.669495
v 487.949615 199.999786 539.669495
v 727.949402 -4000.000000 539.668762
v 667.949402 -4000.000000 539.668762
v 727.949402 199.999786 539.669495
v 667.949402 199.999786 539.669495
v 576.355957 -136.357132 -319.688568
v 576.355957 -136.357071 -659.099609
v 478.375000 -274.920197 -489.394257
v 772.313538 -274.923401 -319.688538
v 576.355957 -136.357132 -319.688568
v 478.375000 -274.920197 -489.394257
v 674.336975 2.205890 -489.394226
v 674.332581 -413.486237 -489.394257
v 576.355957 -136.357132 -319.688568
v 772.313538 -274.923401 -319.688538
v 674.336975 2.205890 -489.394226
v 772.313538 -274.923340 -659.099670
v 772.313538 -274.923401 -319.688538
v 870.294678 -136.360153 -489.394226
v 870.294678 -136.360153 -489.394226
v 411.989746 330.719849 659.669250
v 509.970734 469.282990 489.963898
v 705.928284 330.716705 489.963898
v 705.928284 330.716675 829.375000
v 509.970734 469.282959 829.374939
v 411.989746 330.719849 659.669250
v 509.970734 469.282959 829.374939
v 607.951721 607.845947 659.669312
v 509.970734 469.282990 489.963898
v 607.947327 192.153824 659.669250
v 607.947327 192.153824 659.669250
v 607.951721 607.845947 659.669312
v 705.928284 330.716705 489.963898
v 509.970734 469.282990 489.963898
v 509.970734 469.282959 829.374939
v 705.928284 330.716675 829.375000
v 705.928284 330.716705 489.963898
v 705.928284 330.716675 829.375000
v 803.909424 469.279907 659.669250
v 803.909424 469.279907 659.669250
v 803.909424 469.279907 659.669250
v 554.334900 -405.640320 -369.394287
v 674.334656 -405.640289 -489.394287
v 554.334900 -405.640289 -609.394104
v 794.334656 -405.640320 -369.394257
v 794.334656 -405.640289 -609.394104
v 487.949615 199.999756 779.669250
v 607.949402 199.999771 659.669250
v 487.949615 199.999786 539.669495
v 727.949402 199.999786 539.669495
v 727.949402 199.999756 779.669250
v 1473.832031 -781.008606 -71.562630
v 1473.832031 -781.008545 -811.564575
v 2810.065430 -781.008667 -71.552856
v 2810.065430 -781.008545 -811.554810
v 1667.585938 -1081.008911 -151.562683
v 1667.585938 -1081.008789 -751.564636
v 2616.313477 -1081.008911 -151.552917
v 2616.313477 -1081.008789 -751.552917
v 1844.648438 -1481.008911 -201.552979
v 1844.648438 -1481.008789 -651.552979
v 2508.175781 -1481.008911 -201.552979
v 2508.175781 -1481.008789 -651.552979
v 1457.331299 338.990082 -495.573181
v 1570.468384 338.990082 -495.573181
v 1457.331421 338.990051 -382.436462
v 1570.468384 338.990051 -382.436462
v 1513.899658 618.989929 -439.004791
v 1457.331299 338.990082 -495.573181
v 1457.331421 338.990051 -382.436462
v 1570.468384 338.990051 -382.436462
v 1468.899658 338.990051 -393.042908
v 1468.899658 338.990082 -484.966736
v 1468.899658 138.989929 -393.042938
v 1468.899658 138.989944 -484.966766
v 1558.899658 338.990051 -393.042908
v 1558.899658 138.989929 -393.042938
v 1443.838135 138.989868 -551.565125
v 1443.838135 73.989868 -551.565063
v 1443.838257 138.989838 -331.565216
v 1443.838135 73.989830 -331.565247
v 1443.838257 138.989838 -331.565216
v 1443.838135 73.989830 -331.565247
v 1583.838135 138.989838 -331.565155
v 1583.838135 73.989830 -331.565186
v 1443.838013 -181.010254 -41.564972
v 2843.838135 -181.010254 -41.564972
v 1443.838013 73.989922 -331.564941
v 2843.838135 168.989944 -441.564911
v 1553.838013 168.989944 -441.564911
v 1443.838013 -181.010254 -41.564972
v 1443.838013 73.989922 -331.564941
v 1443.838013 -181.010223 -151.564972
v 1443.838013 8.989929 -361.564941
v 1443.838013 73.989960 -551.564941
v 1443.838013 8.989955 -521.564941
v 1443.838013 8.989929 -361.564941
v 1493.838013 -181.010223 -151.564972
v 1493.838013 8.989929 -361.564941
v 1443.838013 8.989955 -521.564941
v 1493.838013 8.989955 -521.564941
v 1443.838013 8.989929 -361.564941
v 1493.838013 8.989929 -361.564941
v 1493.838013 -181.010223 -151.564972
v 1493.838013 8.989929 -361.564941
v 1493.838013 -181.010132 -731.564941
v 1493.838013 -181.010223 -151.564972
v 1493.838013 -181.010132 -731.564941
v 1443.838013 -181.010223 -151.564972
v 1443.838013 -181.010132 -731.564941
v 520.144104 -5.781912 1974.987549
v 520.144104 -5.781888 1825.013306
v 626.133362 -77.781998 1946.587280
v 626.133362 -77.781998 1946.587280
v 595.131226 -5.781933 2104.868896
v 626.133423 -77.781998 1853.412842
v 672.720764 -77.781967 1772.720825
v 595.131287 -5.781866 1695.131226
v 672.720825 -77.782021 2027.279053
v 725.012817 -5.781854 1620.144287
v 672.720764 -77.781967 1772.720825
v 753.412598 -77.781975 1726.133545
v 846.587402 -77.781960 1726.133667
v 874.987122 -5.781854 1620.144165
v 1004.868713 -5.781866 1695.131592
v 846.587402 -77.781960 1726.133667
v 927.279175 -77.781982 1772.720947
v 973.866516 -77.781998 1853.412720
v 1079.855835 -5.781888 1825.013306
v 1520.144043 409.183533 1074.987671
v 1520.144043 409.183563 925.013245
v 1626.133423 337.183441 1046.587280
v 1626.133423 337.183441 1046.587280
v 1595.131104 409.183563 1204.869141
v 1626.133423 337.183472 953.412842
v 1672.720825 337.183472 872.720886
v 1595.131348 409.183594 795.131348
v 1672.720825 337.183441 1127.279053
v 1725.012817 409.183624 720.144165
v 1672.720825 337.183472 872.720886
v 1753.412598 337.183441 1173.866577
v 1725.012939 409.183502 1279.856323
v 1753.412598 337.183502 826.133667
v 1846.587646 337.183502 826.133728
v 1874.987061 409.183594 720.144226
v 2004.868652 409.183594 795.131531
v 1846.587646 337.183502 826.133728
v 1927.279175 337.183472 872.720947
v 1443.838135 -231.010162 -41.565060
v 1443.838135 -231.010025 -841.565063
v 1473.838135 -301.010162 -71.565063
v 1473.838135 -301.010040 -811.565063
v 2843.838135 -231.010162 -41.565228
v 1443.838257 -231.010162 -41.565228
v 2813.838135 -301.010162 -71.565239
v 1473.838257 -301.010162 -71.565239
v 566.786682 60.000072 162.489624
v 566.786804 60.000092 37.511013
v 650.000122 -0.000016 100.000053
v 629.276062 60.000053 270.724152
v 670.096191 -0.000029 174.999924
v 629.276123 60.000111 -70.723900
v 670.096191 -0.000004 25.000040
v 655.111145 -0.000010 61.177299
v 655.111145 -0.000023 138.822754
v 693.934021 0.000001 -6.065900
v 693.934021 -0.000034 206.065903
v 725.000183 -0.000037 229.903732
v 725.000183 0.000005 -29.903761
v 737.510681 60.000046 333.213531
v 737.510803 60.000122 -133.213181
v 761.177185 -0.000040 244.888855
v 761.177185 0.000007 -44.888649
v 800.000000 0.000008 -49.999920
v 800.000000 -0.000041 249.999924
v 862.489319 60.000122 -133.213181
v 862.489380 60.000046 333.213593
v 838.822815 0.000007 -44.888649
v 838.822815 -0.000040 244.888855
v 1483.838135 -139.104187 -398.142120
v 1483.838135 -139.104172 -465.502472
v 1466.338135 -139.104187 -398.142120
v 1466.338135 -139.104172 -465.502472
v 645.939270 -173.132843 149.983810
v 630.783813 -173.132843 158.733810
v 679.619324 -173.132843 208.319351
v 664.463867 -173.132843 217.069366
v 679.681702 -351.365479 -8.428767
v 664.526245 -351.365479 -17.178768
v 646.001526 -351.365479 49.907013
v 630.846069 -351.365479 41.157013
v 1474.462036 -59.030197 -452.710938
v 1474.462036 -139.104172 -452.711456
v 1471.861938 -59.030197 -450.111328
v 1471.861938 -139.104172 -450.111359
v 1471.861938 -59.030197 -450.111328
v 1471.861938 -139.104172 -450.111359
v 1474.462036 -59.030197 -447.511230
v 1474.462036 -139.104172 -447.511261
v 1475.131470 -59.030197 -433.616211
v 1475.130981 -139.104172 -433.616241
v 1472.531372 -59.030201 -431.016602
v 1472.531372 -139.104172 -431.016632
v 1472.531372 -59.030201 -431.016602
v 1472.531372 -139.104172 -431.016632
v 1475.131470 -59.030201 -428.416504
v 1475.131470 -139.104172 -428.416534
v 1475.856567 -59.030201 -414.729004
v 1475.856567 -139.104187 -414.729034
v 1473.256470 -59.030201 -412.129395
v 1473.256470 -139.104187 -412.129425
v 1473.256470 -59.030201 -412.129395
v 1473.256470 -139.104187 -412.129425
v 1475.856567 -59.030205 -409.529297
v 1475.856567 -139.104187 -409.529327
v 643.768799 -93.058868 167.387527
v 644.720581 -93.058861 163.835953
v 643.768799 -173.132843 167.387512
v 644.720581 -173.132843 163.835938
v 647.320557 -93.058868 168.339233
v 643.768799 -93.058868 167.387527
v 647.320557 -173.132843 168.339218
v 643.768799 -173.132843 167.387512
v 652.584412 -93.058868 184.106888
v 653.536255 -93.058868 180.555298
v 652.584412 -173.132843 184.106873
v 653.536255 -173.132843 180.555283
v 656.136230 -93.058868 185.058578
v 652.584412 -93.058868 184.106888
v 656.135803 -173.132843 185.058807
v 652.584412 -173.132843 184.106873
v 661.552185 -93.058868 200.978333
v 662.503845 -93.058868 197.426529
v 661.552185 -173.132843 200.978317
v 662.503845 -173.132843 197.426514
v 665.103821 -93.058868 201.929825
v 661.552185 -93.058868 200.978333
v 665.103821 -173.132843 201.929810
v 661.552185 -173.132843 200.978317
v 644.277466 -271.291504 34.141293
v 643.325806 -271.291504 30.589497
v 644.277466 -351.365479 34.141281
v 643.325806 -351.365479 30.589483
v 643.325806 -271.291504 30.589497
v 646.877319 -271.291504 29.638216
v 643.325806 -351.365479 30.589483
v 646.877319 -351.365479 29.638203
v 654.404602 -271.291504 17.939476
v 653.452881 -271.291504 14.387676
v 654.404175 -351.365479 17.939222
v 653.452881 -351.365479 14.387663
v 653.452881 -271.291504 14.387676
v 657.004700 -271.291504 13.435976
v 653.452881 -351.365479 14.387663
v 657.004700 -351.365479 13.435963
v 664.476135 -271.291504 1.945226
v 663.524414 -271.291504 -1.606574
v 664.476135 -351.365479 1.945213
v 663.524414 -351.365479 -1.606587
v 663.524414 -271.291504 -1.606574
v 667.076233 -271.291504 -2.558274
v 663.524414 -351.365479 -1.606587
v 667.076233 -351.365479 -2.558287
v 1491.338013 -109.104179 -431.822296
v 1483.838135 -139.104172 -465.502472
v 1483.838135 -139.104187 -398.142120
v 1483.838135 -79.104172 -465.502441
v 1483.838135 -79.104179 -398.142090
v 1483.838135 -64.104172 -451.822266
v 1483.838135 -64.104179 -411.822266
v 1483.838135 -59.104183 -431.822266
v 645.939270 -173.132843 149.983810
v 652.779236 -98.132835 161.830994
v 645.939270 -113.132835 149.983826
v 662.779236 -93.132843 179.151520
v 679.619324 -173.132843 208.319351
v 672.779236 -98.132843 196.472000
v 679.619324 -113.132843 208.319382
v 652.841614 -276.365479 38.059635
v 646.001526 -351.365479 49.907001
v 646.001526 -291.365479 49.907013
v 662.841614 -271.365479 20.739136
v 679.681702 -351.365479 -8.428767
v 672.841614 -276.365479 3.418625
v 679.681702 -291.365479 -8.428758
v 1667.585938 -841.008545 -751.564575
v 1667.585938 -1081.008789 -751.564636
v 1667.585938 -1081.008911 -151.562683
v 1667.585938 -781.008606 -151.562622
v 1667.585938 -781.008545 -751.564575
v 1844.648438 -1201.008789 -651.554871
v 1844.648438 -1481.008789 -651.552979
v 1844.648438 -1481.008911 -201.552979
v 1844.648438 -1081.008911 -201.556824
v 1844.648438 -1081.008789 -651.562683
v 1894.809570 -1481.008789 -601.552979
v 1894.809570 -1784.256348 -601.553040
v 1894.809570 -1481.008911 -351.552979
v 1473.832031 -566.009399 -811.564575
v 1473.832031 -781.008545 -811.564575
v 1473.832031 -566.009521 -71.562592
v 1473.832031 -781.008606 -71.562630
v 1894.809570 -4000.000000 -351.553375
v 1894.809570 -4000.000000 -601.553406
v 1894.809570 -1481.008911 -351.552979
v 2307.570312 -1481.008911 -351.552979
v 2307.570312 -4000.000000 -351.553375
v 1473.832031 -566.009521 -71.562592
v 1473.832031 -781.008606 -71.562630
v 2810.065430 -566.009521 -71.552818
v 2810.065430 -781.008667 -71.552856
v 1667.585938 -781.008606 -151.562622
v 1667.585938 -1081.008911 -151.562683
v 2616.313477 -781.008667 -151.552856
v 2616.313477 -1081.008911 -151.552917
v 1844.648438 -1081.008911 -201.556824
v 1844.648438 -1481.008911 -201.552979
v 2508.175781 -1081.008911 -201.552917
v 2508.175781 -1481.008911 -201.552979
v 672.720764 -77.781967 1772.720825
v 753.412598 -191.781967 1726.133667
v 672.720825 -700.000305 1772.720825
v 753.412598 -700.000305 1726.133423
v 753.412598 -77.781975 1726.133545
v 753.412598 -191.781967 1726.133667
v 846.587402 -191.781998 1726.133667
v 753.412598 -700.000305 1726.133301
v 753.412598 -77.781975 1726.133545
v 846.587402 -77.781960 1726.133667
v 846.587402 -700.000305 1726.133423
v 927.279114 -77.781982 1772.721069
v 927.279175 -700.000305 1772.720825
v 927.279175 -191.781982 1772.720947
v 626.133423 -700.000305 1946.587402
v 626.133484 -700.000305 1853.412598
v 626.133423 -4000.000244 1946.586548
v 626.133423 -4000.000244 1853.411743
v 626.133423 -77.781998 1853.412842
v 626.133362 -77.781998 1946.587280
v 672.720825 -4000.000244 1772.719971
v 672.720825 -700.000305 2027.278931
v 672.720825 -4000.000244 2027.278442
v 672.720825 -77.782021 2027.279053
v 753.412598 -4000.000244 1726.132690
v 753.412598 -4000.000244 1726.132690
v 846.587402 -4000.000244 1726.132690
v 927.279175 -4000.000244 1772.719971
v 973.866516 -77.781998 1853.412720
v 973.866699 -191.781998 1853.412720
v 973.866699 -700.000305 1853.412598
v 973.866699 -4000.000244 1853.411743
v 1672.720825 337.183472 872.720947
v 1753.412476 223.183472 826.133667
v 1672.720947 -300.000000 872.720825
v 1753.412476 -299.999969 826.133545
v 1753.412598 337.183502 826.133667
v 1753.412476 223.183472 826.133667
v 1846.587769 223.183472 826.133789
v 1753.412476 -299.999969 826.133545
v 1753.412598 337.183502 826.133667
v 1846.587524 337.183502 826.133667
v 1846.587402 -299.999969 826.133545
v 1927.279175 -300.000000 872.720825
v 1927.279175 337.183472 872.720947
v 1927.279175 223.183487 872.720947
v 1626.133423 -300.000031 1046.587524
v 1626.133545 -300.000000 953.412659
v 1626.133423 -4000.000244 1046.586548
v 1626.133423 -4000.000244 953.411743
v 1626.133423 337.183472 953.412842
v 1626.133423 337.183441 1046.587280
v 1672.720825 -4000.000244 872.719910
v 1672.720825 -300.000031 1127.279053
v 1672.720825 -4000.000244 1127.278442
v 1672.720825 337.183441 1127.279053
v 1753.412598 -4000.000244 826.132629
v 1753.412598 -300.000031 1173.866577
v 1753.412598 -4000.000244 1173.865723
v 1753.412598 337.183441 1173.866577
v 1753.412598 -4000.000244 826.132629
v 1846.587402 -4000.000244 826.132629
v 1927.279175 -4000.000244 872.719910
v 655.111084 -4000.000000 138.822037
v 655.111084 -599.999878 138.822708
v 650.000122 -4000.000000 99.999352
v 650.000122 -599.999878 99.999901
v 650.000122 -599.999878 99.999901
v 655.111084 -599.999878 138.822708
v 650.000122 -149.999908 99.999977
v 655.111084 -149.999908 138.822876
v 655.111084 -4000.000000 61.176449
v 655.111206 -599.999878 61.177101
v 655.111206 -599.999878 61.177101
v 655.111328 -149.999908 61.177177
v 670.096191 -4000.000000 24.999348
v 670.096191 -599.999878 25.000002
v 670.096191 -4000.000000 174.999252
v 670.096191 -599.999878 174.999908
v 670.096191 -599.999878 174.999908
v 670.096191 -149.999924 174.999969
v 670.096191 -599.999878 25.000002
v 670.096191 -149.999893 25.000074
v 693.934021 -4000.000000 -6.066652
v 693.934021 -599.999878 -6.065998
v 693.934021 -4000.000000 206.065247
v 693.934021 -599.999939 206.065811
v 693.934021 -599.999878 -6.065998
v 693.934021 -149.999893 -6.065924
v 693.934021 -599.999939 206.065811
v 693.934021 -149.999924 206.065979
v 725.000122 -4000.000000 -29.904442
v 725.000122 -599.999878 -29.903797
v 725.000122 -4000.000000 229.903046
v 725.000122 -599.999939 229.903702
v 725.000122 -599.999878 -29.903797
v 725.000122 -149.999893 -29.903725
v 725.000122 -599.999939 229.903702
v 725.000122 -149.999924 229.903763
v 761.177185 -599.999878 -44.888798
v 761.177185 -4000.000000 -44.889442
v 761.177185 -4000.000000 244.888046
v 761.177185 -599.999939 244.888702
v 761.177185 -149.999893 -44.888622
v 761.177185 -599.999878 -44.888798
v 761.177185 -599.999939 244.888702
v 761.177185 -149.999939 244.888870
v 800.000000 -599.999878 -49.999989
v 800.000000 -4000.000000 -50.000652
v 800.000000 -4000.000000 249.999237
v 800.000000 -599.999939 249.999908
v 800.000000 -149.999878 -49.999825
v 800.000000 -599.999878 -49.999989
v 800.000000 -599.999939 249.999908
v 800.000000 -149.999939 249.999969
v 800.000000 -599.999878 -49.999989
v 838.822815 -599.999878 -44.888798
v 800.000000 -4000.000000 -50.000652
v 838.822815 -4000.000000 -44.889442
v 838.822815 -4000.000000 244.888046
v 838.822815 -599.999939 244.888702
v 800.000000 -149.999878 -49.999825
v 838.822815 -149.999893 -44.888622
v 800.000000 -599.999878 -49.999989
v 838.822815 -599.999878 -44.888798
v 838.822815 -599.999939 244.888702
v 838.822815 -149.999939 244.888870
v 1473.832031 -301.009399 -811.564514
v 1473.832031 -566.009399 -811.564575
v 1473.832031 -301.009521 -71.562546
v 1473.832031 -566.009521 -71.562592
v 1473.832031 -301.009521 -71.562546
v 1473.832031 -566.009521 -71.562592
v 2810.065430 -301.009521 -71.552773
v 2810.065430 -566.009521 -71.552818
v 626.133362 42.218109 1853.412964
v 520.144104 -5.781888 1825.013306
v 520.144104 -5.781912 1974.987671
v 595.131287 -5.781866 1695.131226
v 626.133423 42.218094 1946.587646
v 672.720825 42.218121 1772.720947
v 753.412598 42.218128 1726.133545
v 595.131287 -5.781866 1695.131226
v 672.720825 42.218121 1772.721069
v 725.012878 -5.781854 1620.144165
v 771.696228 126.218117 1794.368774
v 722.672607 126.218109 1822.672852
v 694.368713 126.218094 1928.304199
v 800.000000 492.218170 1900.000244
v 694.368713 126.218102 1871.696533
v 722.672607 126.218109 1822.672852
v 722.672607 126.218086 1977.327759
v 846.587402 42.218128 1726.133667
v 828.303833 126.218117 1794.368774
v 874.987122 -5.781854 1620.144165
v 877.327393 126.218109 1822.672852
v 877.327393 126.218109 1822.672852
v 905.631287 126.218102 1871.696655
v 927.279236 42.218121 1772.720825
v 927.279236 42.218121 1772.720825
v 1004.868713 -5.781866 1695.131592
v 973.866516 42.218109 1853.412964
v 1004.868713 -5.781866 1695.131592
v 1079.855835 -5.781888 1825.013306
v 595.131226 -5.781933 2104.868896
v 672.720825 42.218079 2027.279541
v 1626.133423 457.183533 953.412964
v 1520.144043 409.183563 925.013245
v 1520.144043 409.183533 1074.987671
v 1595.131348 409.183594 795.131348
v 1626.133423 457.183533 1046.587769
v 1672.720947 457.183533 872.720947
v 1672.721069 457.183502 1127.279663
v 1595.131104 409.183563 1204.869141
v 1753.412598 457.183533 1173.867065
v 1753.412476 457.183563 826.133545
v 1595.131348 409.183594 795.131348
v 1672.721069 457.183533 872.720947
v 1725.012817 409.183624 720.144165
v 1725.012939 409.183502 1279.856323
v 1771.696167 541.183533 894.368774
v 1722.672607 541.183594 922.672974
v 1722.672607 541.183533 1077.327881
v 1771.696167 541.183533 1105.631714
v 1694.368652 541.183533 1028.304321
v 1800.000000 907.183472 1000.000549
v 1694.368652 541.183533 971.696533
v 1722.672607 541.183594 922.672974
v 1722.672607 541.183533 1077.327881
v 1846.587769 457.183502 826.133423
v 1828.303955 541.183594 894.368835
v 1874.987061 409.183594 720.144226
v 1877.327393 541.183594 922.672974
v 1927.279175 457.183563 872.721069
v 2004.868652 409.183594 795.131531
v 1595.131104 409.183563 1204.869141
v 1672.720947 457.183502 1127.279663
v 655.111267 100.000099 61.177505
v 566.786804 60.000092 37.511013
v 566.786682 60.000072 162.489624
v 629.276123 60.000111 -70.723900
v 655.111206 100.000076 138.823120
v 693.934021 100.000099 -6.065884
v 693.934021 100.000069 206.066345
v 629.276062 60.000053 270.724152
v 761.177185 100.000061 244.889130
v 761.177185 100.000107 -44.888683
v 629.276123 60.000111 -70.723900
v 693.934021 100.000099 -6.065884
v 735.560486 170.000107 35.560825
v 711.973999 170.000092 76.413834
v 737.510681 60.000046 333.213531
v 737.510803 60.000122 -133.213181
v 776.413513 170.000107 11.974028
v 735.560486 170.000107 35.560825
v 735.560486 170.000076 164.439819
v 776.413513 170.000076 188.026428
v 711.973877 170.000092 123.586830
v 800.000000 475.000031 100.000267
v 735.560486 170.000076 164.439819
v 838.822815 100.000114 -44.888683
v 838.822815 100.000061 244.889130
v 823.586548 170.000076 188.026428
v 823.586548 170.000107 11.974028
v 862.489319 60.000122 -133.213181
v 862.489441 60.000046 333.213593
v 864.439514 170.000076 164.439819
v 864.439514 170.000107 35.560825
v 906.065979 100.000099 -6.065784
v 906.065979 100.000069 206.066315
v 970.723877 60.000111 -70.723793
v 970.723999 60.000053 270.724182
v 629.276062 60.000053 270.724152
v 693.934021 100.000069 206.066330
v 1443.838135 -231.010025 -841.565063
v 1443.838135 -231.010162 -41.565060
v 1443.838135 -181.009995 -841.565002
v 1443.838135 -181.010132 -41.565052
v 1443.838257 -231.010162 -41.565228
v 2843.838135 -231.010162 -41.565228
v 1443.838257 -181.010132 -41.565220
v 2843.838135 -181.010132 -41.565220
vt -1.499900 2.285100
vt 0.000000 2.285100
vt -1.499900 2.011700
vt 0.000000 2.011700
vt 0.000000 1.999900
vt -0.999900 1.999900
vt -0.200000 1.289000
vt 0.200000 1.289000
vt 0.999900 1.999900
vt -0.999900 1.289000
vt -1.799900 1.289000
vt -1.999900 1.999900
vt 0.999900 1.289000
vt -2.999900 1.999900
vt -2.200000 1.289000
vt -2.999900 1.289000
vt -3.799900 1.289000
vt -3.999900 1.999900
vt -4.999900 1.999900
vt -4.199900 1.289000
vt -4.999900 1.289000
vt -5.800000 1.289000
vt -5.999900 1.999900
vt 1.799900 1.289000
vt 1.999900 1.999900
vt -3.878700 -1.999900
vt -7.125100 -1.999900
vt -4.003900 -2.277300
vt -6.999900 -2.277300
vt -1.962500 -1.999900
vt -7.044300 -1.999900
vt -2.061500 -2.277300
vt -6.965200 -2.277300
vt 0.000000 -16.000099
vt -0.999900 -16.000099
vt -0.499900 -16.711000
vt 0.999900 -16.000099
vt 0.499900 -16.711000
vt -1.999900 -16.000099
vt -1.499900 -16.711000
vt -0.999900 -16.711000
vt 0.000000 -16.711000
vt -1.999900 -16.711000
vt 0.999900 -16.711000
vt 1.499900 -16.711000
vt -2.499900 -16.711000
vt 1.999900 -16.000099
vt -2.999900 -16.000099
vt 1.999900 -16.711000
vt -2.999900 -16.711000
vt -3.499900 -16.711000
vt 2.499900 -16.711000
vt -3.999900 -16.000099
vt 2.999900 -16.000099
vt -3.999900 -16.711000
vt 2.999900 -16.711000
vt -1.304600 -0.007900
vt -1.012400 -0.007900
vt -1.304600 -1.992200
vt -1.012400 -1.992200
vt -0.999900 -2.000000
vt -0.499900 -2.000000
vt -0.999900 -1.500100
vt -0.499900 -1.500100
vt 1.981100 -2.045300
vt 1.593600 -0.978800
vt 2.323800 -0.978800
vt 0.000000 0.999900
vt -0.999900 0.999900
vt 0.000000 -0.000100
vt -0.999900 -0.000100
vt 0.999900 0.999900
vt 0.999900 -0.000100
vt 1.007900 2.235000
vt -0.505400 2.235000
vt 1.007900 2.176500
vt -0.505400 2.176500
vt 1.513300 2.176500
vt 0.000000 2.176500
vt 1.513300 2.235100
vt 0.000000 2.235100
vt 1.999900 -2.000000
vt 0.000000 -2.000000
vt 1.999900 -0.000100
vt 0.076700 0.400000
vt 0.076700 -0.000100
vt 1.123200 -0.000100
vt 1.123200 0.499900
vt 0.076700 0.499900
vt 0.202000 -0.282500
vt 0.202000 -0.750100
vt 0.997900 -0.750100
vt 0.997900 -0.082100
vt 0.202000 -0.082100
vt 8.214400 1.994600
vt 8.214400 1.595500
vt 7.943300 1.994600
vt 0.000000 0.499900
vt 1.200000 0.999900
vt 1.200000 0.499900
vt 7.943300 -2.994600
vt 8.214400 -2.994600
vt 7.495700 1.994600
vt 7.495700 -2.994600
vt 2.799900 0.999900
vt 2.799900 0.499900
vt 2.431500 0.499900
vt 2.431500 -0.000100
vt 1.992900 -0.082100
vt 1.992900 -0.750100
vt -0.999900 3.333300
vt -1.333200 3.016600
vt -0.999900 1.833300
vt -1.333200 1.833300
vt -1.333200 3.333300
vt 2.666700 3.016600
vt 2.333300 3.016600
vt 2.666700 1.833300
vt 2.666700 3.333300
vt 2.333300 3.333300
vt 2.333300 1.833300
vt 2.000000 3.333300
vt 2.000000 1.833300
vt 2.000000 3.016600
vt -0.333200 1.833300
vt -0.666600 1.833300
vt -0.333200 -4.999900
vt -0.666600 -4.999900
vt -0.666600 3.333300
vt -0.333200 3.333300
vt -0.999900 -4.999900
vt 0.000000 1.833300
vt 0.000000 -4.999900
vt 0.000000 3.333300
vt -1.333200 -4.999900
vt 2.666700 -4.999900
vt 2.333300 -4.999900
vt 2.000000 -4.999900
vt 1.666700 3.333300
vt 1.666700 3.016600
vt 1.666700 1.833300
vt 1.666700 -4.999900
vt 0.333300 1.833300
vt 0.333300 -4.999900
vt 0.333300 3.333300
vt -1.115800 -11.500100
vt -1.115800 -4.000100
vt -1.282600 -11.500100
vt -1.282600 -4.000100
vt -0.999800 -2.250100
vt -0.833200 -2.250100
vt -0.999800 -1.000100
vt -0.833200 -1.000100
vt -1.449400 -11.500100
vt -1.449400 -4.000100
vt -1.166300 -2.250100
vt -1.166300 -1.000100
vt -1.616200 -11.500100
vt -1.616200 -4.000100
vt -0.949000 -11.500100
vt -0.949000 -4.000100
vt -0.666600 -2.250100
vt -0.666600 -1.000100
vt -1.332900 -2.250100
vt -1.332900 -1.000100
vt -1.783000 -11.500100
vt -1.783000 -4.000100
vt -0.782300 -11.500100
vt -0.782300 -4.000100
vt -1.499500 -2.250100
vt -1.499500 -1.000100
vt -0.500100 -2.250100
vt -0.500100 -1.000100
vt -1.949800 -11.500100
vt -1.949800 -4.000100
vt -0.615500 -11.500100
vt -0.615500 -4.000100
vt -1.666100 -2.250100
vt -1.666100 -1.000100
vt -0.333500 -2.250100
vt -0.333500 -1.000100
vt -2.116600 -4.000100
vt -2.116600 -11.500100
vt -0.448700 -11.500100
vt -0.448700 -4.000100
vt -1.832600 -1.000100
vt -1.832600 -2.250100
vt -0.166900 -2.250100
vt -0.166900 -1.000100
vt -2.281400 -4.000100
vt -2.281400 -11.500100
vt -0.281900 -11.500100
vt -0.281900 -4.000100
vt -1.999900 -1.000100
vt -1.999900 -2.250100
vt -0.000400 -2.250100
vt -0.000400 -1.000100
vt 1.718500 -4.000100
vt 1.552800 -4.000100
vt 1.718500 -11.500100
vt 1.552800 -11.500100
vt -0.115100 -11.500100
vt -0.115100 -4.000100
vt 1.999900 -1.000100
vt 1.831800 -1.000100
vt 1.999900 -2.250100
vt 1.831800 -2.250100
vt 0.166100 -2.250100
vt 0.166100 -1.000100
vt -9.999900 -9.000000
vt -9.999900 0.999900
vt -9.499900 -9.000000
vt -9.499900 0.999900
vt -2.499900 0.999900
vt -1.999900 0.999900
vt -2.499900 -9.000000
vt -1.999900 -9.000000
vt -3.999900 0.999900
vt -3.499900 0.999900
vt -3.999900 -9.000000
vt -3.499900 -9.000000
vt -9.999900 -15.000000
vt -9.999900 -0.000100
vt -9.499900 -15.000000
vt -9.499900 -0.000100
vt -2.499900 -0.000100
vt -1.999900 -0.000100
vt -2.499900 -15.000000
vt -1.999900 -15.000000
vt -3.999900 -0.000100
vt -3.499900 -0.000100
vt -3.999900 -15.000000
vt -3.499900 -15.000000
vt -7.499900 -5.000000
vt -7.999900 -5.000000
vt -7.499900 0.999900
vt -7.999900 0.999900
vt -5.999900 -5.000000
vt -6.499900 -5.000000
vt -5.999900 0.999900
vt -6.499900 0.999900
vt -7.499900 -20.000000
vt -7.999900 -20.000000
vt -7.499900 -0.000100
vt -7.999900 -0.000100
vt -5.999900 -20.000000
vt -6.499900 -20.000000
vt -5.999900 -0.000100
vt -6.499900 -0.000100
vt 0.764500 1.007800
vt 2.235000 1.007800
vt 0.764100 1.767100
vt 2.235000 2.062400
vt 0.911100 2.062400
vt -0.773000 1.007800
vt 0.317200 1.767100
vt -0.364100 1.007800
vt 0.431700 1.578100
vt 1.165200 1.767100
vt 1.050800 1.578100
vt 0.094100 1.007800
vt 0.652600 1.578100
vt 0.906200 1.484300
vt 0.562400 1.484300
vt 1.226800 -1.999900
vt 1.226800 -2.999900
vt -1.224500 -1.999900
vt -1.224500 -2.999900
vt -4.779200 -1.999900
vt -4.779200 -2.999900
vt -4.021800 -0.750100
vt -3.523400 -0.750100
vt -4.021800 3.999900
vt -3.523400 3.999900
vt -3.025100 -0.750100
vt -3.025100 3.999900
vt -4.520100 -0.750100
vt -4.520100 3.999900
vt -5.018400 -0.750100
vt -5.018400 3.999900
vt -5.516800 3.999900
vt -5.516800 -0.750100
vt -6.034900 3.999900
vt -6.034900 -0.750100
vt 5.967000 3.999900
vt 5.446400 3.999900
vt 5.967000 -0.750100
vt 5.446400 -0.750100
vt 4.948100 3.999900
vt 4.948100 -0.750100
vt 4.449700 3.999900
vt 4.449700 -0.750100
vt 3.951400 3.999900
vt 3.951400 -0.750100
vt 3.453100 3.999900
vt 3.453100 -0.750100
vt 3.453100 -6.000100
vt 3.453100 -10.750100
vt 2.954700 -6.000100
vt 2.954700 -10.750100
vt 3.951400 -6.000100
vt 3.951400 -10.750100
vt 4.449700 -6.000100
vt 4.449700 -10.750100
vt 4.948100 -6.000100
vt 4.948100 -10.750100
vt 5.446400 -6.000100
vt 5.446400 -10.750100
vt 5.967000 -6.000100
vt 5.967000 -10.750100
vt -5.516800 -6.000100
vt -5.516800 -10.750100
vt -6.034900 -6.000100
vt -6.034900 -10.750100
vt -5.018400 -6.000100
vt -5.018400 -10.750100
vt -4.520100 -10.750100
vt -4.520100 -6.000100
vt -4.021800 -10.750100
vt -4.021800 -6.000100
vt -2.526800 -10.750100
vt -2.526800 -6.000100
vt -2.028400 -10.750100
vt -2.028400 -6.000100
vt -3.523400 -10.750100
vt -3.523400 -6.000100
vt -3.025100 -10.750100
vt -3.025100 -6.000100
vt -7.148500 9.973600
vt -6.233600 9.973600
vt -7.148500 9.026300
vt -6.233600 9.026300
vt -5.318600 9.973600
vt -5.318600 9.026300
vt -8.063400 9.973600
vt -8.063400 9.026300
vt -8.978300 9.973600
vt -8.978300 9.026300
vt -9.893200 9.973600
vt -9.893200 9.026300
vt -10.850000 9.973600
vt -10.850000 9.026300
vt 10.234600 9.973600
vt 11.149500 9.973600
vt 10.234600 9.026300
vt 11.149500 9.026300
vt 9.319700 9.973600
vt 9.319700 9.026300
vt 8.404800 9.973600
vt 8.404800 9.026300
vt 7.489900 9.973600
vt 7.489900 9.026300
vt 6.575000 9.973600
vt 6.575000 9.026300
vt 5.660100 -0.973700
vt 6.575000 -0.973700
vt 5.660100 -0.026400
vt 6.575000 -0.026400
vt 7.489900 -0.973700
vt 7.489900 -0.026400
vt 8.404800 -0.973700
vt 8.404800 -0.026400
vt 9.319700 -0.973700
vt 9.319700 -0.026400
vt 10.234600 -0.973700
vt 10.234600 -0.026400
vt 11.149500 -0.973700
vt 11.149500 -0.026400
vt -10.850000 -0.973700
vt -9.893200 -0.973700
vt -10.850000 -0.026400
vt -9.893200 -0.026400
vt -8.978300 -0.973700
vt -8.978300 -0.026400
vt -8.063400 -0.973700
vt -8.063400 -0.026400
vt -7.148500 -0.973700
vt -7.148500 -0.026400
vt -4.403700 -0.973700
vt -3.488800 -0.973700
vt -4.403700 -0.026400
vt -3.488800 -0.026400
vt -6.233600 -0.973700
vt -6.233600 -0.026400
vt -5.318600 -0.973700
vt -5.318600 -0.026400
vt -0.637700 -1.539000
vt -0.663300 -1.996000
vt -0.337600 -1.996000
vt -0.966100 -1.996000
vt -0.363100 -1.539000
vt -0.911100 -1.539000
vt -0.033800 -1.996000
vt -0.089000 -1.539000
vt -0.383900 -1.136700
vt -0.142800 -1.136700
vt -0.499900 -0.168000
vt -0.616000 -1.136700
vt -0.857100 -1.136700
vt -0.088800 -1.539000
vt -0.362200 -1.539000
vt -0.336600 -1.996000
vt -0.910900 -1.539000
vt -0.636800 -1.539000
vt -0.662300 -1.996000
vt -0.637700 -19.539000
vt -0.663300 -19.996000
vt -0.337600 -19.996000
vt -0.966100 -19.996000
vt -0.363100 -19.539000
vt -0.911100 -19.539000
vt -0.910900 -19.539000
vt -0.636800 -19.539000
vt -0.033800 -19.996000
vt -0.089000 -19.539000
vt -0.857100 -19.136700
vt -0.616000 -19.136700
vt -0.662300 -19.996000
vt -0.383900 -19.136700
vt -0.142800 -19.136700
vt -0.499900 -18.167999
vt -0.362200 -19.539000
vt -0.336600 -19.996000
vt -0.088800 -19.539000
vt -5.507300 0.999900
vt -3.238200 0.999900
vt -5.507300 1.320300
vt -3.238200 1.320300
vt -5.061300 0.999900
vt -1.415100 0.999900
vt -5.061300 1.320300
vt -1.415100 1.320300
vt -4.021800 -10.999900
vt -3.523400 -10.999900
vt -3.025100 -10.999900
vt -4.520100 -10.999900
vt -5.018400 -10.999900
vt -5.516800 -10.999900
vt -6.034900 -10.999900
vt 5.967000 -10.999900
vt 5.446400 -10.999900
vt 4.948100 -10.999900
vt 4.449700 -10.999900
vt 3.951400 -10.999900
vt 3.453100 -10.999900
vt 0.000000 -0.984300
vt -2.999900 -0.984300
vt 0.000000 -0.000000
vt -2.999900 -0.000000
vt -0.727400 -2.332900
vt -0.487000 -2.515400
vt -0.979400 -2.515400
vt -0.487000 -2.015500
vt -0.979400 -2.015500
vt -0.601900 -2.015500
vt -0.852800 -2.015500
vt -0.727400 -2.015500
vt 0.000000 -15.000000
vt 0.999900 -14.000100
vt 1.999900 -15.000000
vt 0.000000 -13.000100
vt 1.999900 -13.000100
vt 0.000000 -20.000000
vt 0.999900 -19.000099
vt 1.999900 -20.000000
vt 1.999900 -18.000099
vt 0.000000 -18.000099
vt -1.670200 -1.925000
vt -1.670200 -0.075000
vt 1.670200 -1.925000
vt 1.670200 -0.075000
vt -1.185900 -1.725000
vt -1.185900 -0.225100
vt 1.185900 -1.725000
vt 1.185900 -0.225100
vt -0.743200 -1.599900
vt -0.743200 -0.475100
vt 0.915500 -1.599900
vt 0.915500 -0.475100
vt 0.000000 -7.000100
vt 1.499900 -8.500100
vt 2.999900 -7.000100
vt 2.999900 -9.999900
vt 0.000000 -9.999900
vt 0.000000 -3.000100
vt 1.499900 -4.500100
vt 2.999900 -3.000100
vt 0.000000 -5.999900
vt 2.999900 -5.999900
vt 0.024600 -2.975400
vt 0.024600 -2.024700
vt 0.975300 -2.975400
vt 0.975300 -2.024700
vt 2.999900 -0.984300
vt 2.999900 -0.000000
vt 4.499500 -0.000000
vt 4.499500 -0.984300
vt 5.999900 -0.000000
vt 5.999900 -0.984300
vt -8.499900 0.999900
vt -8.499900 -9.000000
vt -8.499900 -0.000100
vt -8.499900 -15.000000
vt 2.562200 1.246000
vt 2.562200 1.492100
vt 2.414500 1.246000
vt 0.560800 1.492100
vt 0.560800 1.246000
vt 0.665400 1.246000
vt -2.429600 1.246000
vt -0.601500 1.246000
vt -2.217600 1.492100
vt -0.821400 1.492100
vt 3.730400 1.246000
vt 3.558500 1.492100
vt -0.441400 1.492100
vt 2.074200 1.246000
vt 2.074200 1.492100
vt 1.066400 1.246000
vt 1.066400 1.492100
vt 1.567500 1.246000
vt 1.567500 1.492100
vt -0.601500 0.999900
vt -2.429600 0.999900
vt 3.730400 0.999900
vt 2.562200 0.999900
vt 0.560800 0.999900
vt 2.414500 0.999900
vt 0.673900 0.999900
vt 2.074200 0.999900
vt 1.066400 0.999900
vt 1.567500 0.999900
vt -2.199900 -0.250100
vt -1.949900 -0.250100
vt -2.199900 0.999900
vt -1.949900 0.999900
vt -1.699900 -0.250100
vt -1.699900 0.999900
vt -1.449900 -0.250100
vt -1.449900 0.999900
vt -2.449900 -0.250100
vt -2.449900 0.999900
vt -2.699900 -0.250100
vt -2.699900 0.999900
vt -1.199900 -0.250100
vt -1.199900 0.999900
vt -2.949900 -0.250100
vt -2.949900 0.999900
vt -0.949900 -0.250100
vt -0.949900 0.999900
vt -3.199900 -0.250100
vt -3.199900 0.999900
vt -0.699900 -0.250100
vt -0.699900 0.999900
vt -3.449900 -0.250100
vt -3.449900 0.999900
vt -0.449900 -0.250100
vt -0.449900 0.999900
vt 2.300000 -0.250100
vt 2.550000 -0.250100
vt 2.300000 0.999900
vt 2.550000 0.999900
vt -0.199900 -0.250100
vt -0.199900 0.999900
vt -3.253600 -1.999700
vt -2.498100 -1.009000
vt -1.131700 -1.999700
usemtl texture4
s 1
f 2341/1108 2342/1109 2343/1110
f 2342/1109 2344/1111 2343/1110
f 2345/1112 2346/1113 2347/1114
f 2348/1115 2349/1116 2345/1112
f 2347/1114 2346/1113 2350/1117
f 2351/1118 2346/1113 2352/1119
f 2350/1117 2346/1113 2351/1118
f 2353/1120 2349/1116 2348/1115
f 2352/1119 2354/1121 2355/1122
f 2355/1122 2354/1121 2356/1123
f 2356/1123 2354/1121 2357/1124
f 2357/1124 2354/1121 2358/1125
f 2358/1125 2359/1126 2360/1127
f 2360/1127 2359/1126 2361/1128
f 2361/1128 2359/1126 2362/1129
f 2362/1129 2359/1126 2363/1130
f 2364/1112 2365/1113 2366/1114
f 2367/1115 2368/1116 2364/1112
f 2366/1114 2365/1113 2369/1117
f 2370/1118 2365/1113 2371/1119
f 2369/1117 2365/1113 2370/1118
f 2372/1120 2368/1116 2367/1115
f 2371/1119 2373/1121 2374/1122
f 2375/1131 2368/1116 2372/1120
f 2376/1132 2368/1116 2375/1131
f 2374/1122 2373/1121 2377/1123
f 2377/1123 2373/1121 2378/1124
f 2378/1124 2373/1121 2379/1125
f 2379/1125 2380/1126 2381/1127
f 2381/1127 2380/1126 2382/1128
f 2383/1133 2384/1134 2385/1135
f 2385/1135 2384/1134 2386/1136
f 2387/1137 2388/1138 2389/1139
f 2389/1139 2388/1138 2390/1140
f 2391/1141 2392/1142 2393/1143
f 2394/1144 2391/1141 2395/1145
f 2392/1142 2396/1146 2397/1147
f 2393/1143 2392/1142 2398/1148
f 2391/1141 2393/1143 2399/1149
f 2395/1145 2391/1141 2399/1149
f 2392/1142 2397/1147 2398/1148
f 2397/1147 2396/1146 2400/1150
f 2394/1144 2395/1145 2401/1151
f 2402/1152 2394/1144 2401/1151
f 2396/1146 2403/1153 2400/1150
f 2404/1154 2394/1144 2402/1152
f 2396/1146 2405/1155 2403/1153
f 2404/1154 2402/1152 2406/1156
f 2403/1153 2405/1155 2407/1157
f 2405/1155 2408/1158 2407/1157
f 2409/1159 2404/1154 2406/1156
f 2410/1160 2408/1158 2405/1155
f 2411/1161 2404/1154 2409/1159
f 2410/1160 2412/1162 2408/1158
f 2409/1159 2413/1163 2411/1161
usemtl texture0
f 2312/1164 2313/1165 2314/1166
f 2313/1165 2315/1167 2314/1166
f 2316/1166 2317/1167 2318/1164
f 2317/1167 2319/1165 2318/1164
usemtl texture1
f 2298/1168 2299/1169 2300/1170
f 2299/1169 2301/1171 2300/1170
usemtl texture2
f 2302/1172 2303/1173 2304/1174
f 2302/1172 2304/1174 2305/1173
usemtl texture3
f 2306/1175 2307/1176 2308/1177
f 2307/1176 2309/1178 2308/1177
f 2310/1179 2306/1175 2311/1180
f 2306/1175 2308/1177 2311/1180
usemtl texture20
f 2426/1181 2427/1182 2428/1183
f 2427/1182 2429/1184 2428/1183
f 2430/1185 2431/1186 2432/1187
f 2431/1186 2433/1188 2432/1187
f 2434/1181 2435/1182 2436/1183
f 2435/1182 2437/1184 2436/1183
f 2438/1185 2439/1186 2440/1187
f 2439/1186 2441/1188 2440/1187
f 2442/1181 2443/1182 2444/1183
f 2443/1182 2445/1184 2444/1183
f 2446/1185 2447/1186 2448/1187
f 2447/1186 2449/1188 2448/1187
f 2450/1185 2451/1187 2452/1186
f 2451/1187 2453/1188 2452/1186
f 2454/1181 2455/1183 2456/1182
f 2455/1183 2457/1184 2456/1182
f 2458/1185 2459/1187 2460/1186
f 2459/1187 2461/1188 2460/1186
f 2462/1181 2463/1183 2464/1182
f 2463/1183 2465/1184 2464/1182
f 2466/1185 2467/1187 2468/1186
f 2467/1187 2469/1188 2468/1186
f 2470/1181 2471/1183 2472/1182
f 2471/1183 2473/1184 2472/1182
f 2474/1181 2475/1183 2476/1182
f 2475/1183 2477/1184 2476/1182
f 2478/1185 2479/1187 2480/1186
f 2479/1187 2481/1188 2480/1186
f 2482/1181 2483/1183 2484/1182
f 2483/1183 2485/1184 2484/1182
f 2486/1185 2487/1187 2488/1186
f 2487/1187 2489/1188 2488/1186
f 2490/1181 2491/1183 2492/1182
f 2491/1183 2493/1184 2492/1182
f 2494/1185 2495/1187 2496/1186
f 2495/1187 2497/1188 2496/1186
usemtl texture9
f 2240/1177 2241/1189 2242/1190
f 2243/1191 2244/1189 2245/1190
f 2240/1177 2246/1191 2241/1189
f 2243/1191 2245/1190 2247/1177
f 2248/1177 2249/1191 2250/1190
f 2251/1191 2252/1190 2247/1177
f 2250/1190 2249/1191 2253/1189
f 2254/1189 2252/1190 2251/1191
f 2255/1177 2256/1190 2257/1189
f 2258/1191 2259/1189 2260/1190
f 2261/1177 2262/1191 2263/1189
f 2255/1177 2257/1189 2264/1191
f 2258/1191 2260/1190 2265/1177
f 2266/1190 2267/1191 2268/1189
f 2269/1177 2270/1191 2266/1190
f 2271/1191 2272/1190 2265/1177
f 2266/1190 2273/1177 2267/1191
f 2266/1190 2270/1191 2274/1189
f 2275/1189 2272/1190 2271/1191
usemtl texture17
f 2520/1192 2521/1193 2522/1194
f 2522/1194 2523/1195 2520/1192
f 2523/1195 2524/1196 2520/1192
f 2525/1197 2526/1198 2527/1199
f 2527/1199 2528/1200 2525/1197
f 2528/1200 2529/1201 2525/1197
f 2530/1202 2531/1203 2532/1204
f 2533/1175 2534/1205 2535/1206
f 2534/1205 2536/1207 2535/1206
f 2532/1204 2531/1203 2537/1208
f 2531/1203 2538/1209 2537/1208
f 2539/1204 2537/1208 2540/1210
f 2537/1208 2541/1211 2540/1210
f 2542/1206 2543/1207 2544/1212
f 2543/1207 2545/1213 2544/1212
f 2546/1195 2547/1194 2548/1214
f 2547/1194 2549/1215 2548/1214
f 2550/1200 2551/1199 2552/1216
f 2551/1199 2553/1217 2552/1216
f 2554/1218 2555/1219 2556/1220
f 2556/1220 2555/1219 2557/1221
f 2555/1219 2554/1218 2558/1222
f 2559/1223 2560/1224 2561/1225
f 2562/1226 2563/1227 2559/1223
f 2561/1225 2560/1224 2564/1228
f 2559/1223 2563/1227 2560/1224
f 2563/1227 2565/1229 2560/1224
f 2560/1224 2566/1230 2564/1228
f 2560/1224 2565/1229 2567/1231
f 2560/1224 2567/1231 2566/1230
f 2568/1232 2569/1233 2570/1234
f 2569/1233 2571/1235 2570/1234
f 2572/1236 2569/1233 2573/1237
f 2569/1233 2568/1232 2573/1237
f 2569/1233 2556/1220 2571/1235
f 2556/1220 2574/1238 2571/1235
f 2575/1239 2568/1232 2576/1240
f 2568/1232 2570/1234 2576/1240
f 2573/1237 2568/1232 2577/1241
f 2568/1232 2575/1239 2577/1241
f 2572/1236 2554/1218 2569/1233
f 2554/1218 2556/1220 2569/1233
f 2556/1220 2557/1221 2574/1238
f 2557/1221 2578/1242 2574/1238
f 2561/1225 2564/1228 2579/1243
f 2564/1228 2580/1244 2579/1243
f 2566/1230 2581/1245 2564/1228
f 2581/1245 2580/1244 2564/1228
f 2565/1229 2582/1246 2567/1231
f 2582/1246 2583/1247 2567/1231
f 2566/1230 2584/1248 2581/1245
f 2584/1248 2585/1249 2581/1245
f 2567/1231 2583/1247 2566/1230
f 2583/1247 2584/1248 2566/1230
f 2586/1218 2587/1219 2588/1220
f 2588/1220 2587/1219 2589/1221
f 2587/1219 2586/1218 2590/1222
f 2591/1223 2592/1224 2593/1225
f 2594/1226 2595/1227 2591/1223
f 2593/1225 2592/1224 2596/1228
f 2591/1223 2595/1227 2592/1224
f 2592/1224 2597/1230 2596/1228
f 2595/1227 2598/1229 2592/1224
f 2592/1224 2599/1231 2597/1230
f 2592/1224 2598/1229 2599/1231
f 2600/1232 2601/1233 2602/1234
f 2601/1233 2603/1235 2602/1234
f 2604/1236 2601/1233 2605/1237
f 2601/1233 2600/1232 2605/1237
f 2601/1233 2588/1220 2603/1235
f 2588/1220 2606/1238 2603/1235
f 2607/1239 2600/1232 2608/1240
f 2600/1232 2602/1234 2608/1240
f 2605/1237 2600/1232 2609/1241
f 2600/1232 2607/1239 2609/1241
f 2604/1236 2586/1218 2601/1233
f 2586/1218 2588/1220 2601/1233
f 2588/1220 2589/1221 2606/1238
f 2589/1221 2610/1242 2606/1238
f 2611/1250 2607/1239 2612/1251
f 2607/1239 2608/1240 2612/1251
f 2609/1241 2607/1239 2613/1252
f 2607/1239 2611/1250 2613/1252
f 2593/1225 2596/1228 2614/1243
f 2596/1228 2615/1244 2614/1243
f 2597/1230 2616/1245 2596/1228
f 2616/1245 2615/1244 2596/1228
f 2617/1253 2618/1254 2619/1255
f 2618/1254 2620/1256 2619/1255
f 2621/1257 2622/1258 2623/1259
f 2622/1258 2624/1260 2623/1259
f 2619/1255 2620/1256 2625/1261
f 2620/1256 2626/1262 2625/1261
f 2627/1263 2621/1257 2628/1264
f 2621/1257 2623/1259 2628/1264
f 2625/1261 2626/1262 2629/1265
f 2626/1262 2630/1266 2629/1265
f 2631/1267 2632/1268 2617/1253
f 2632/1268 2618/1254 2617/1253
f 2622/1258 2633/1269 2624/1260
f 2633/1269 2634/1270 2624/1260
f 2635/1271 2627/1263 2636/1272
f 2627/1263 2628/1264 2636/1272
f 2629/1265 2630/1266 2637/1273
f 2630/1266 2638/1274 2637/1273
f 2631/1267 2639/1275 2632/1268
f 2639/1275 2640/1276 2632/1268
f 2641/1277 2635/1271 2642/1278
f 2635/1271 2636/1272 2642/1278
f 2633/1269 2643/1279 2634/1270
f 2643/1279 2644/1280 2634/1270
f 2645/1281 2637/1273 2646/1282
f 2637/1273 2638/1274 2646/1282
f 2639/1275 2647/1283 2640/1276
f 2647/1283 2648/1284 2640/1276
f 2649/1285 2641/1277 2650/1286
f 2641/1277 2642/1278 2650/1286
f 2643/1279 2651/1287 2644/1280
f 2651/1287 2652/1288 2644/1280
f 2646/1282 2653/1289 2645/1281
f 2653/1289 2654/1290 2645/1281
f 2655/1291 2656/1292 2647/1283
f 2656/1292 2648/1284 2647/1283
f 2650/1286 2657/1293 2649/1285
f 2657/1293 2658/1294 2649/1285
f 2651/1287 2659/1295 2652/1288
f 2659/1295 2660/1296 2652/1288
f 2653/1289 2661/1297 2654/1290
f 2661/1297 2662/1298 2654/1290
f 2663/1299 2664/1300 2655/1291
f 2664/1300 2656/1292 2655/1291
f 2657/1293 2665/1301 2658/1294
f 2665/1301 2666/1302 2658/1294
f 2659/1295 2667/1303 2660/1296
f 2667/1303 2668/1304 2660/1296
f 2669/1305 2670/1306 2671/1307
f 2670/1306 2672/1308 2671/1307
f 2673/1309 2674/1310 2663/1299
f 2674/1310 2664/1300 2663/1299
f 2675/1311 2676/1312 2677/1313
f 2676/1312 2678/1314 2677/1313
f 2667/1303 2679/1315 2668/1304
f 2679/1315 2680/1316 2668/1304
usemtl texture11
f 2200/1317 2201/1318 2202/1319
f 2201/1318 2203/1320 2202/1319
f 2204/1321 2205/1322 2206/1323
f 2205/1322 2207/1324 2206/1323
f 2208/1325 2209/1326 2210/1327
f 2209/1326 2211/1328 2210/1327
f 2212/1329 2213/1330 2214/1331
f 2213/1330 2215/1332 2214/1331
f 2216/1333 2217/1334 2218/1335
f 2217/1334 2219/1336 2218/1335
f 2220/1337 2221/1338 2222/1339
f 2221/1338 2223/1340 2222/1339
f 2224/1341 2225/1342 2226/1343
f 2225/1342 2227/1344 2226/1343
f 2228/1345 2229/1346 2230/1347
f 2229/1346 2231/1348 2230/1347
f 2232/1349 2233/1350 2234/1351
f 2233/1350 2235/1352 2234/1351
f 2236/1353 2237/1354 2238/1355
f 2237/1354 2239/1356 2238/1355
usemtl texture27
f 2320/1357 2321/1358 2322/1359
f 2323/1360 2324/1361 2322/1359
f 2323/1360 2322/1359 2321/1358
f 2325/1362 2326/1363 2327/1364
f 2326/1363 2328/1365 2327/1364
f 2329/1366 2330/1367 2326/1363
f 2330/1367 2328/1365 2326/1363
f 2327/1364 2331/1365 2332/1368
f 2331/1365 2333/1369 2332/1368
f 2334/1367 2335/1370 2336/1365
f 2335/1370 2337/1371 2336/1365
usemtl texture30
f 2681/1372 2682/1373 2683/1374
f 2682/1373 2684/1375 2683/1374
f 2685/1374 2686/1375 2687/1376
f 2686/1375 2688/1377 2687/1376
usemtl texture22
f 1899/1378 1900/1379 1901/1380
f 1900/1379 1902/1381 1901/1380
f 1900/1379 1903/1382 1902/1381
f 1903/1382 1904/1383 1902/1381
f 1905/1384 1899/1378 1906/1385
f 1899/1378 1901/1380 1906/1385
f 1907/1386 1905/1384 1908/1387
f 1905/1384 1906/1385 1908/1387
f 1908/1387 1909/1388 1907/1386
f 1909/1388 1910/1389 1907/1386
f 1909/1388 1911/1390 1910/1389
f 1911/1390 1912/1391 1910/1389
f 1913/1392 1914/1393 1915/1394
f 1914/1393 1916/1395 1915/1394
f 1914/1393 1917/1396 1916/1395
f 1917/1396 1918/1397 1916/1395
f 1917/1396 1919/1398 1918/1397
f 1919/1398 1920/1399 1918/1397
f 1919/1398 1921/1400 1920/1399
f 1921/1400 1922/1401 1920/1399
f 1921/1400 1923/1402 1922/1401
f 1923/1402 1924/1403 1922/1401
f 1925/1404 1926/1405 1927/1406
f 1926/1405 1928/1407 1927/1406
f 1929/1408 1930/1409 1925/1404
f 1930/1409 1926/1405 1925/1404
f 1931/1410 1932/1411 1929/1408
f 1932/1411 1930/1409 1929/1408
f 1933/1412 1934/1413 1931/1410
f 1934/1413 1932/1411 1931/1410
f 1935/1414 1936/1415 1933/1412
f 1936/1415 1934/1413 1933/1412
f 1937/1416 1938/1417 1935/1414
f 1938/1417 1936/1415 1935/1414
f 1939/1418 1940/1419 1941/1420
f 1940/1419 1942/1421 1941/1420
f 1943/1422 1944/1423 1939/1418
f 1944/1423 1940/1419 1939/1418
f 1944/1423 1943/1422 1945/1424
f 1943/1422 1946/1425 1945/1424
f 1945/1424 1946/1425 1947/1426
f 1946/1425 1948/1427 1947/1426
f 1949/1428 1950/1429 1951/1430
f 1950/1429 1952/1431 1951/1430
f 1947/1426 1948/1427 1953/1432
f 1948/1427 1954/1433 1953/1432
f 1955/1434 1956/1435 1949/1428
f 1956/1435 1950/1429 1949/1428
f 1953/1432 1954/1433 1955/1434
f 1954/1433 1956/1435 1955/1434
usemtl texture21
f 1841/1436 1842/1437 1843/1438
f 1842/1437 1844/1439 1843/1438
f 1842/1437 1845/1440 1844/1439
f 1845/1440 1846/1441 1844/1439
f 1847/1442 1841/1436 1848/1443
f 1841/1436 1843/1438 1848/1443
f 1849/1444 1847/1442 1850/1445
f 1847/1442 1848/1443 1850/1445
f 1851/1446 1849/1444 1852/1447
f 1849/1444 1850/1445 1852/1447
f 1853/1448 1851/1446 1854/1449
f 1851/1446 1852/1447 1854/1449
f 1855/1450 1856/1451 1857/1452
f 1856/1451 1858/1453 1857/1452
f 1859/1454 1855/1450 1860/1455
f 1855/1450 1857/1452 1860/1455
f 1861/1456 1859/1454 1862/1457
f 1859/1454 1860/1455 1862/1457
f 1863/1458 1861/1456 1864/1459
f 1861/1456 1862/1457 1864/1459
f 1865/1460 1863/1458 1866/1461
f 1863/1458 1864/1459 1866/1461
f 1867/1462 1868/1463 1869/1464
f 1869/1464 1868/1463 1870/1465
f 1868/1463 1871/1466 1870/1465
f 1870/1465 1871/1466 1872/1467
f 1871/1466 1873/1468 1872/1467
f 1872/1467 1873/1468 1874/1469
f 1873/1468 1875/1470 1874/1469
f 1874/1469 1875/1470 1876/1471
f 1875/1470 1877/1472 1876/1471
f 1876/1471 1877/1472 1878/1473
f 1877/1472 1879/1474 1878/1473
f 1878/1473 1879/1474 1880/1475
f 1881/1476 1882/1477 1883/1478
f 1883/1478 1882/1477 1884/1479
f 1882/1477 1885/1480 1884/1479
f 1884/1479 1885/1480 1886/1481
f 1885/1480 1887/1482 1886/1481
f 1886/1481 1887/1482 1888/1483
f 1887/1482 1889/1484 1888/1483
f 1888/1483 1889/1484 1890/1485
f 1891/1486 1892/1487 1893/1488
f 1893/1488 1892/1487 1894/1489
f 1889/1484 1895/1490 1890/1485
f 1890/1485 1895/1490 1896/1491
f 1897/1492 1891/1486 1898/1493
f 1898/1493 1891/1486 1893/1488
f 1895/1490 1897/1492 1896/1491
f 1896/1491 1897/1492 1898/1493
usemtl texture19
f 2689/1494 2690/1495 2691/1496
f 2689/1494 2692/1497 2690/1495
f 2689/1494 2691/1496 2693/1498
f 2694/1499 2692/1497 2689/1494
f 2695/1498 2696/1500 2697/1501
f 2695/1498 2698/1496 2696/1500
f 2699/1502 2697/1501 2700/1503
f 2701/1502 2702/1504 2703/1505
f 2699/1502 2695/1498 2697/1501
f 2703/1505 2702/1504 2704/1506
f 2705/1503 2702/1504 2701/1502
f 2700/1503 2702/1504 2699/1502
f 2706/1494 2698/1496 2695/1498
f 2699/1502 2706/1494 2695/1498
f 2699/1502 2702/1504 2707/1505
f 2706/1494 2708/1495 2698/1496
f 2707/1505 2706/1494 2699/1502
f 2707/1505 2702/1504 2709/1506
f 2710/1503 2702/1504 2711/1502
f 2707/1505 2712/1499 2706/1494
f 2709/1506 2712/1499 2707/1505
f 2711/1502 2713/1507 2710/1503
f 2706/1494 2714/1497 2708/1495
f 2712/1499 2714/1497 2706/1494
f 2711/1502 2715/1508 2713/1507
f 2715/1508 2716/1500 2713/1507
f 2715/1508 2717/1509 2716/1500
f 2718/1500 2719/1501 2691/1496
f 2693/1498 2691/1496 2719/1501
f 2689/1494 2693/1498 2703/1505
f 2703/1505 2693/1498 2701/1502
f 2689/1494 2703/1505 2694/1499
f 2703/1505 2704/1506 2694/1499
f 2693/1498 2719/1501 2701/1502
f 2701/1502 2719/1501 2705/1503
f 2720/1494 2721/1495 2722/1496
f 2720/1494 2723/1497 2721/1495
f 2720/1494 2722/1496 2724/1498
f 2725/1499 2723/1497 2720/1494
f 2726/1510 2727/1497 2728/1511
f 2729/1498 2730/1500 2731/1501
f 2729/1498 2732/1496 2730/1500
f 2728/1511 2727/1497 2733/1512
f 2734/1502 2731/1501 2735/1503
f 2736/1506 2726/1510 2737/1505
f 2738/1502 2739/1504 2740/1505
f 2734/1502 2729/1498 2731/1501
f 2737/1505 2726/1510 2728/1511
f 2740/1505 2739/1504 2741/1506
f 2742/1503 2739/1504 2738/1502
f 2735/1503 2739/1504 2734/1502
f 2737/1505 2739/1504 2736/1506
f 2743/1494 2732/1496 2729/1498
f 2734/1502 2743/1494 2729/1498
f 2734/1502 2739/1504 2744/1505
f 2743/1494 2745/1495 2732/1496
f 2744/1505 2743/1494 2734/1502
f 2744/1505 2739/1504 2746/1506
f 2744/1505 2747/1499 2743/1494
f 2746/1506 2747/1499 2744/1505
f 2743/1494 2748/1497 2745/1495
f 2747/1499 2748/1497 2743/1494
f 2722/1496 2749/1500 2724/1498
f 2724/1498 2749/1500 2750/1501
f 2720/1494 2724/1498 2740/1505
f 2740/1505 2724/1498 2738/1502
f 2720/1494 2740/1505 2725/1499
f 2740/1505 2741/1506 2725/1499
f 2724/1498 2750/1501 2738/1502
f 2738/1502 2750/1501 2742/1503
f 2751/1513 2752/1514 2753/1515
f 2751/1513 2754/1516 2752/1514
f 2751/1513 2753/1515 2755/1517
f 2756/1518 2754/1516 2751/1513
f 2757/1519 2758/1516 2759/1520
f 2760/1517 2761/1521 2762/1522
f 2763/1523 2756/1518 2751/1513
f 2763/1523 2751/1513 2764/1524
f 2759/1520 2758/1516 2765/1525
f 2760/1517 2766/1515 2761/1521
f 2767/1526 2762/1522 2768/1527
f 2769/1523 2757/1519 2770/1524
f 2771/1526 2772/1528 2764/1524
f 2767/1526 2760/1517 2762/1522
f 2770/1524 2757/1519 2759/1520
f 2764/1524 2772/1528 2763/1523
f 2773/1527 2772/1528 2771/1526
f 2768/1527 2772/1528 2767/1526
f 2770/1524 2772/1528 2769/1523
f 2774/1513 2766/1515 2760/1517
f 2759/1520 2765/1525 2775/1529
f 2770/1524 2759/1520 2776/1526
f 2767/1526 2774/1513 2760/1517
f 2767/1526 2772/1528 2777/1524
f 2776/1526 2772/1528 2770/1524
f 2776/1526 2759/1520 2775/1529
f 2774/1513 2778/1514 2766/1515
f 2775/1529 2765/1525 2779/1530
f 2777/1524 2774/1513 2767/1526
f 2780/1527 2772/1528 2776/1526
f 2777/1524 2772/1528 2781/1523
f 2776/1526 2775/1529 2780/1527
f 2777/1524 2782/1518 2774/1513
f 2781/1523 2782/1518 2777/1524
f 2775/1529 2779/1530 2783/1531
f 2780/1527 2775/1529 2783/1531
f 2774/1513 2784/1516 2778/1514
f 2782/1518 2784/1516 2774/1513
f 2783/1531 2779/1530 2785/1521
f 2753/1515 2786/1521 2755/1517
f 2755/1517 2786/1521 2787/1522
f 2755/1517 2771/1526 2751/1513
f 2764/1524 2751/1513 2771/1526
f 2755/1517 2787/1522 2771/1526
f 2771/1526 2787/1522 2773/1527
usemtl texture16
f 2788/1532 2789/1533 2790/1534
f 2789/1533 2791/1535 2790/1534
f 2792/1536 2793/1537 2794/1538
f 2793/1537 2795/1539 2794/1538
usemtl texture23
f 1957/1540 1958/1541 1959/1378
f 1958/1541 1960/1379 1959/1378
f 1958/1541 1961/1542 1960/1379
f 1961/1542 1962/1382 1960/1379
f 1963/1543 1957/1540 1964/1384
f 1957/1540 1959/1378 1964/1384
f 1965/1544 1963/1543 1966/1386
f 1963/1543 1964/1384 1966/1386
f 1966/1386 1967/1389 1965/1544
f 1967/1389 1968/1545 1965/1544
f 1967/1389 1969/1391 1968/1545
f 1969/1391 1970/1546 1968/1545
f 1971/1394 1972/1395 1973/1547
f 1972/1395 1974/1548 1973/1547
f 1972/1395 1975/1397 1974/1548
f 1975/1397 1976/1549 1974/1548
f 1975/1397 1977/1399 1976/1549
f 1977/1399 1978/1550 1976/1549
f 1977/1399 1979/1401 1978/1550
f 1979/1401 1980/1551 1978/1550
f 1979/1401 1981/1403 1980/1551
f 1981/1403 1982/1552 1980/1551
usemtl texture14
f 2414/1553 2415/1554 2416/1555
f 2415/1554 2417/1556 2416/1555
f 2418/1553 2419/1555 2420/1554
f 2419/1555 2421/1556 2420/1554
f 2422/1553 2423/1555 2424/1554
f 2423/1555 2425/1556 2424/1554
usemtl texture15
f 2498/1557 2499/1558 2500/1559
f 2498/1557 2501/1560 2499/1558
f 2498/1557 2500/1559 2502/1561
f 2501/1560 2498/1557 2503/1562
f 2504/1563 2498/1557 2502/1561
f 2503/1562 2498/1557 2505/1564
f 2505/1564 2498/1557 2504/1563
f 2506/1559 2507/1563 2508/1561
f 2506/1559 2509/1564 2507/1563
f 2506/1559 2510/1558 2509/1564
f 2509/1564 2510/1558 2511/1562
f 2511/1562 2510/1558 2512/1560
f 2513/1562 2514/1558 2515/1560
f 2516/1564 2514/1558 2513/1562
f 2517/1559 2514/1558 2516/1564
f 2517/1559 2516/1564 2518/1563
f 2517/1559 2518/1563 2519/1561
usemtl texture12
f 2276/1565 2277/1566 2278/1567
f 2276/1565 2279/1568 2277/1566
f 2279/1568 2280/1569 2277/1566
f 2281/1570 2282/1571 2283/1572
f 2282/1571 2284/1573 2283/1572
f 2281/1570 2285/1574 2282/1571
f 2285/1574 2284/1573 2282/1571
f 2286/1575 2287/1576 2288/1577
f 2287/1576 2289/1578 2288/1577
f 2290/1579 2291/1580 2292/1581
f 2291/1580 2293/1582 2292/1581
f 2294/1583 2295/1584 2296/1585
f 2295/1584 2297/1586 2296/1585
usemtl texture13
f 1983/1587 1984/1588 1985/1589
f 1984/1588 1986/1590 1985/1589
f 1987/1591 1986/1590 1984/1588
f 1988/1592 1989/1593 1990/1594
f 1991/1595 1989/1593 1988/1592
f 1989/1593 1992/1596 1990/1594
f 1991/1595 1992/1596 1989/1593
f 1993/1597 1994/1598 1995/1599
f 1994/1598 1996/1600 1995/1599
f 1997/1553 1998/1601 1999/1555
f 1998/1601 2000/1602 1999/1555
f 2001/1601 2002/1553 2003/1602
f 2002/1553 2004/1555 2003/1602
f 2000/1602 1998/1601 2005/1603
f 1998/1601 2006/1604 2005/1603
f 2007/1603 2008/1604 2003/1602
f 2008/1604 2001/1601 2003/1602
f 2005/1603 2006/1604 2009/1605
f 2006/1604 2010/1606 2009/1605
f 2009/1605 2010/1606 2007/1603
f 2010/1606 2008/1604 2007/1603
f 2011/1601 2012/1602 2013/1553
f 2012/1602 2014/1555 2013/1553
f 2015/1603 2012/1602 2016/1604
f 2012/1602 2011/1601 2016/1604
f 2017/1605 2015/1603 2018/1606
f 2015/1603 2016/1604 2018/1606
f 2019/1603 2017/1605 2020/1604
f 2017/1605 2018/1606 2020/1604
f 2021/1602 2019/1603 2022/1601
f 2019/1603 2020/1604 2022/1601
f 2023/1553 2024/1555 2022/1601
f 2024/1555 2021/1602 2022/1601
f 2025/1553 2026/1555 2027/1601
f 2026/1555 2028/1602 2027/1601
f 2028/1602 2029/1603 2027/1601
f 2029/1603 2030/1604 2027/1601
f 2029/1603 2031/1605 2030/1604
f 2031/1605 2032/1606 2030/1604
f 2031/1605 2033/1603 2032/1606
f 2033/1603 2034/1604 2032/1606
f 2033/1603 2035/1602 2034/1604
f 2035/1602 2036/1601 2034/1604
f 2036/1601 2035/1602 2037/1553
f 2035/1602 2038/1555 2037/1553
usemtl texture10
f 2039/1607 2040/1608 2041/1320
f 2040/1608 2042/1319 2041/1320
f 2043/1321 2044/1323 2045/1326
f 2044/1323 2046/1328 2045/1326
f 2047/1609 2048/1610 2049/1332
f 2048/1610 2050/1331 2049/1332
f 2051/1333 2052/1335 2053/1338
f 2052/1335 2054/1340 2053/1338
f 2055/1348 2056/1346 2057/1343
f 2056/1346 2058/1341 2057/1343
f 2059/1356 2060/1354 2061/1351
f 2060/1354 2062/1349 2061/1351
f 2063/1611 2064/1612 2065/1613
f 2066/1614 2067/1615 2068/1616
f 2069/1617 2070/1618 2071/1619
f 2072/1620 2071/1619 2070/1618
f 2073/1621 2074/1622 2063/1611
f 2074/1622 2064/1612 2063/1611
f 2070/1618 2067/1615 2075/1623
f 2066/1614 2075/1623 2067/1615
f 2076/1624 2065/1613 2077/1625
f 2065/1613 2064/1612 2077/1625
f 2078/1626 2079/1627 2068/1616
f 2079/1627 2066/1614 2068/1616
f 2076/1624 2077/1625 2080/1628
f 2077/1625 2081/1629 2080/1628
f 2078/1626 2080/1628 2079/1627
f 2080/1628 2081/1629 2079/1627
f 2070/1618 2069/1617 2082/1630
f 2069/1617 2083/1631 2082/1630
f 2084/1621 2085/1611 2086/1632
f 2085/1611 2087/1633 2086/1632
f 2088/1615 2089/1618 2090/1634
f 2089/1618 2082/1630 2090/1634
f 2087/1633 2085/1611 2091/1635
f 2085/1611 2092/1613 2091/1635
f 2093/1636 2094/1616 2090/1634
f 2094/1616 2088/1615 2090/1634
f 2091/1635 2092/1613 2095/1637
f 2092/1613 2076/1624 2095/1637
f 2096/1638 2078/1626 2093/1636
f 2078/1626 2094/1616 2093/1636
f 2095/1637 2076/1624 2097/1639
f 2076/1624 2080/1628 2097/1639
f 2097/1639 2080/1628 2096/1638
f 2080/1628 2078/1626 2096/1638
f 2098/1614 2099/1616 2100/1615
f 2101/1611 2102/1613 2103/1612
f 2104/1618 2105/1623 2100/1615
f 2098/1614 2100/1615 2105/1623
f 2106/1626 2099/1616 2107/1627
f 2099/1616 2098/1614 2107/1627
f 2108/1615 2109/1634 2110/1618
f 2109/1634 2111/1630 2110/1618
f 2109/1634 2108/1615 2112/1636
f 2112/1636 2108/1615 2113/1616
f 2106/1626 2107/1627 2114/1628
f 2114/1628 2107/1627 2115/1629
f 2112/1636 2113/1616 2116/1638
f 2116/1638 2113/1616 2106/1626
f 2104/1618 2117/1617 2118/1620
f 2118/1620 2117/1617 2119/1619
f 2120/1624 2114/1628 2121/1625
f 2114/1628 2115/1629 2121/1625
f 2116/1638 2106/1626 2122/1639
f 2122/1639 2106/1626 2114/1628
f 2104/1618 2111/1630 2117/1617
f 2111/1630 2123/1631 2117/1617
f 2120/1624 2121/1625 2102/1613
f 2102/1613 2121/1625 2103/1612
f 2124/1637 2122/1639 2120/1624
f 2122/1639 2114/1628 2120/1624
f 2125/1621 2101/1611 2126/1622
f 2126/1622 2101/1611 2103/1612
f 2127/1635 2124/1637 2128/1613
f 2124/1637 2120/1624 2128/1613
f 2129/1633 2127/1635 2130/1611
f 2127/1635 2128/1613 2130/1611
f 2131/1621 2132/1632 2130/1611
f 2132/1632 2129/1633 2130/1611
f 2133/1611 2134/1613 2135/1612
f 2136/1614 2137/1616 2138/1615
f 2139/1621 2133/1611 2140/1622
f 2140/1622 2133/1611 2135/1612
f 2141/1624 2142/1625 2134/1613
f 2134/1613 2142/1625 2135/1612
f 2143/1621 2144/1632 2145/1611
f 2144/1632 2146/1633 2145/1611
f 2146/1633 2147/1635 2145/1611
f 2147/1635 2148/1613 2145/1611
f 2141/1624 2149/1628 2142/1625
f 2149/1628 2150/1629 2142/1625
f 2147/1635 2151/1637 2148/1613
f 2151/1637 2141/1624 2148/1613
f 2152/1618 2153/1617 2154/1620
f 2154/1620 2153/1617 2155/1619
f 2156/1626 2157/1627 2149/1628
f 2149/1628 2157/1627 2150/1629
f 2151/1637 2158/1639 2141/1624
f 2158/1639 2149/1628 2141/1624
f 2152/1618 2159/1630 2153/1617
f 2159/1630 2160/1631 2153/1617
f 2156/1626 2137/1616 2157/1627
f 2137/1616 2136/1614 2157/1627
f 2161/1638 2156/1626 2158/1639
f 2158/1639 2156/1626 2149/1628
f 2152/1618 2162/1623 2138/1615
f 2136/1614 2138/1615 2162/1623
f 2163/1636 2164/1616 2161/1638
f 2161/1638 2164/1616 2156/1626
f 2165/1634 2166/1615 2163/1636
f 2163/1636 2166/1615 2164/1616
f 2166/1615 2165/1634 2167/1618
f 2165/1634 2159/1630 2167/1618
f 2168/1640 2169/1641 2170/1642
f 2169/1641 2171/1643 2170/1642
f 2169/1641 2172/1644 2171/1643
f 2172/1644 2173/1645 2171/1643
f 2172/1644 2174/1646 2173/1645
f 2174/1646 2175/1647 2173/1645
f 2176/1648 2168/1640 2177/1649
f 2168/1640 2170/1642 2177/1649
f 2178/1650 2176/1648 2179/1651
f 2176/1648 2177/1649 2179/1651
f 2174/1646 2180/1652 2175/1647
f 2180/1652 2181/1653 2175/1647
f 2182/1654 2178/1650 2183/1655
f 2178/1650 2179/1651 2183/1655
f 2180/1652 2184/1656 2181/1653
f 2184/1656 2185/1657 2181/1653
f 2186/1658 2182/1654 2187/1659
f 2182/1654 2183/1655 2187/1659
f 2184/1656 2188/1660 2185/1657
f 2188/1660 2189/1661 2185/1657
f 2190/1662 2186/1658 2191/1663
f 2186/1658 2187/1659 2191/1663
f 2188/1660 2192/1664 2189/1661
f 2192/1664 2193/1665 2189/1661
f 2194/1666 2195/1667 2196/1668
f 2195/1667 2197/1669 2196/1668
f 2192/1664 2198/1670 2193/1665
f 2198/1670 2199/1671 2193/1665
usemtl texture28
f 2338/1672 2339/1673 2340/1674
o Object_2
v -2389.117920 709.117432 -1542.212769
v -2669.117432 709.117432 -1542.212769
v -2389.117432 559.161133 -1542.212769
v -2669.117432 559.161133 -1542.212769
v -2343.724854 784.161255 -689.760620
v -2623.724365 784.161255 -689.760620
v -2343.724365 559.161011 -689.760681
v -2623.724365 559.161011 -689.760681
v -2389.117188 709.117493 -1822.212769
v -2389.117920 709.117432 -1542.212769
v -2389.117432 559.161194 -1822.212769
v -2389.117432 559.161133 -1542.212769
v -2343.724121 784.161316 -1009.760620
v -2343.724854 784.161255 -689.760620
v -2343.724365 559.161072 -1009.760681
v -2343.724365 559.161011 -689.760681
v -645.009399 725.180481 -2098.489746
v -645.009399 725.180481 -2282.337402
v -645.009399 425.180511 -2098.489746
v -645.009399 425.180542 -2282.337402
v -465.009399 725.180481 -2098.489746
v -645.009399 725.180481 -2098.489746
v -465.009399 425.180511 -2098.489746
v -645.009399 425.180511 -2098.489746
v -465.009399 725.180481 -2282.337402
v -465.009399 725.180481 -2098.489746
v -465.009399 425.180542 -2282.337402
v -465.009399 425.180511 -2098.489746
v -249.312103 590.224182 -2034.658936
v -249.312103 590.224243 -2314.659180
v -249.312103 425.224213 -2034.658936
v -249.312103 425.224243 -2314.659180
v -199.312302 925.180420 -2082.735107
v -199.312302 925.180420 -2266.582764
v -199.312302 575.180481 -2082.735352
v -199.312302 575.180481 -2266.583008
v -2642.254639 1059.117554 -1795.349487
v -2415.980469 1059.117554 -1795.349487
v -2642.254639 1059.117554 -1569.076050
v -2415.980469 1059.117554 -1569.076050
v -2596.861572 1134.117432 -962.898254
v -2370.587402 1134.117432 -962.898254
v -2596.861572 1134.117432 -736.623840
v -2370.587402 1134.117432 -736.623840
v -2506.608643 859.117554 -1363.136597
v -2280.334717 859.117554 -1363.136597
v -2506.608643 859.117493 -1136.863159
v -2280.334717 859.117554 -1136.863159
v -668.146484 725.180481 -2303.550293
v -441.872314 725.180481 -2303.550293
v -668.146484 725.180481 -2077.276855
v -441.872314 725.180481 -2077.276855
v -2529.117676 1486.559692 -1682.212646
v -2642.254639 1059.117554 -1569.076050
v -2415.980469 1059.117554 -1569.076050
v -2483.724609 1634.117432 -849.760498
v -2596.861572 1134.117432 -736.623840
v -2370.587402 1134.117432 -736.623840
v -2415.980469 1059.117554 -1569.076050
v -2415.980469 1059.117554 -1795.349487
v -2370.587402 1134.117432 -736.623840
v -2370.587402 1134.117432 -962.898254
v -2393.471680 1299.611572 -1249.999756
v -2506.608643 859.117493 -1136.863159
v -2280.334717 859.117554 -1136.863159
v -2280.334717 859.117554 -1136.863159
v -2280.334717 859.117554 -1363.136597
v -2439.117676 1059.117554 -1590.288940
v -2619.117676 1059.117554 -1590.288940
v -2439.117676 709.117432 -1590.288940
v -2619.117676 709.117432 -1590.288940
v -2393.724609 1134.117432 -757.836731
v -2573.724609 1134.117432 -757.836731
v -2393.724609 784.117310 -757.836792
v -2573.724609 784.117310 -757.836792
v -2439.117676 1059.117554 -1774.136597
v -2439.117676 709.117493 -1774.136597
v -2439.117676 709.117432 -1590.288940
v -2393.724609 1134.117432 -941.684387
v -2393.724609 784.117371 -941.684448
v -2393.724609 784.117310 -757.836792
v -2303.471680 859.117493 -1158.076050
v -2483.471680 859.117493 -1158.076050
v -2303.471680 559.117371 -1158.076050
v -2483.471680 559.117371 -1158.076050
v -2303.471680 859.117554 -1341.923706
v -2303.471680 559.117432 -1341.923706
v -2303.471680 559.117371 -1158.076050
v -2250.000000 459.116943 -1749.999634
v -2400.000000 409.116852 -1699.999634
v -2550.000000 459.116913 -2049.999756
v -2600.000000 409.116882 -1899.999634
v -2250.000000 459.117249 -49.999744
v -2400.000000 409.117279 -99.999748
v -1499.081543 420.643799 -1869.999756
v -1469.081543 390.643799 -1899.999756
v 0.918300 420.643799 -1869.999756
v 0.918400 390.643799 -1899.999756
v -470.723907 160.000214 -629.275818
v -533.213318 160.000214 -737.510437
v -429.903809 100.000114 -725.000000
v -444.888855 100.000122 -761.177246
v -406.066010 100.000114 -693.934082
v -374.999908 100.000107 -670.096313
v -362.489288 160.000198 -566.786560
v -338.822815 100.000107 -655.111145
v -300.000000 100.000107 -650.000122
v -237.510712 160.000198 -566.786377
v -261.177185 100.000107 -655.111145
v -225.000076 100.000107 -670.096313
v -129.276001 160.000214 -629.275818
v -193.933990 100.000114 -693.934082
v -233.213425 760.000732 -3937.509766
v -233.213318 760.000793 -4062.488281
v -150.000015 700.000549 -3999.999512
v -170.724014 760.000671 -3829.275146
v -129.903915 700.000427 -3924.999268
v -233.213409 760.000732 -3937.509766
v -144.888916 700.000549 -3961.177002
v -349.819855 1490.001099 -6026.265625
v -349.819916 1490.001099 -6213.733887
v -224.999893 1400.000854 -6120.000000
v -256.085907 1490.001099 -5863.913574
v -194.855698 1400.000854 -6007.500000
v -217.333298 1400.000854 -6178.233887
v -217.333298 1400.000854 -6061.766113
v -159.098999 1400.000854 -5960.901367
v -112.499901 1400.000854 -5925.144531
v -93.733887 1490.001099 -5770.179688
v -2250.000000 459.116943 -1749.999634
v -2550.000000 459.116913 -2049.999756
v -2249.999512 559.117493 -1749.999634
v -2549.999512 559.117493 -2049.999756
v -2250.000000 459.117249 -49.999744
v -2250.000000 559.117188 -49.999729
v -3200.000000 -3999.999756 -1900.000488
v -3200.000000 -440.882385 -1900.000000
v -2600.000000 -3999.999756 -1900.000488
v -2600.000000 -440.882385 -1900.000000
v -2400.000000 -3999.999756 -1700.000488
v -2400.000000 -440.882416 -1700.000000
v -2400.000000 -440.882660 -100.000191
v -2400.000000 -4000.000000 -100.000771
v -2600.000000 159.117523 -1899.999878
v -2600.000000 -440.882385 -1900.000000
v -3200.000000 159.117523 -1899.999878
v -3200.000000 -440.882385 -1900.000000
v -2400.000000 159.117493 -1699.999878
v -2400.000000 -440.882416 -1700.000000
v -2400.000000 -440.882660 -100.000191
v -2400.000000 159.117233 -100.000099
v -3200.000000 409.117493 -1899.999756
v -2600.000000 409.117493 -1899.999756
v -3200.000000 159.117523 -1899.999878
v -2600.000000 159.117523 -1899.999878
v -2400.000000 409.117462 -1699.999756
v -2400.000000 159.117493 -1699.999878
v -2400.000000 409.117218 -100.000053
v -2400.000000 159.117233 -100.000099
v -1297.978760 469.283264 -1130.294312
v -1297.978760 469.283325 -1469.705444
v -1395.959839 330.720184 -1300.000122
v -1395.959839 330.720184 -1300.000122
v -1297.978760 469.283325 -1469.705444
v -1102.021362 330.717041 -1469.705566
v -1102.021362 330.716980 -1130.294434
v -1297.978760 469.283264 -1130.294312
v -1395.959839 330.720184 -1300.000122
v -1199.997803 607.846252 -1300.000000
v -1200.002197 192.154144 -1300.000122
v -1200.002197 192.154144 -1300.000122
v -1199.997803 607.846252 -1300.000000
v -1102.021362 330.717041 -1469.705566
v -1297.978760 469.283325 -1469.705444
v -1297.978760 469.283264 -1130.294312
v -1102.021362 330.716980 -1130.294434
v -1102.021362 330.717041 -1469.705566
v -1102.021362 330.716980 -1130.294434
v -1004.040100 469.280243 -1300.000000
v -1004.040100 469.280243 -1300.000000
v -1004.040100 469.280243 -1300.000000
v -1259.999878 200.000076 -1180.000122
v -1259.999878 -3999.999756 -1180.000732
v -1140.000122 200.000076 -1180.000122
v -1140.000122 -3999.999756 -1180.000732
v -1080.000122 200.000076 -1240.000122
v -1080.000122 -3999.999756 -1240.000732
v -1080.000122 200.000107 -1359.999878
v -1080.000122 -3999.999756 -1360.000488
v -1259.999878 1700.000122 -1179.999878
v -1259.999878 600.000061 -1180.000000
v -1140.000122 1700.000122 -1179.999878
v -1140.000122 600.000061 -1180.000000
v -1080.000122 1700.000122 -1239.999878
v -1080.000122 600.000061 -1240.000000
v -1080.000122 1700.000122 -1359.999634
v -1080.000122 600.000122 -1359.999756
v -1174.406738 284.709778 -1872.500000
v -1174.406738 284.709778 -1900.000000
v -1174.406738 214.709778 -1872.500000
v -1174.406738 214.709778 -1900.000000
v -1169.406738 294.709778 -1900.000000
v -1169.406738 294.709778 -1872.500000
v -1174.406738 214.709778 -1872.500000
v -1163.086914 224.709778 -1872.500000
v -1174.406738 284.709778 -1872.500000
v -1163.086914 284.709778 -1872.500000
v -1154.406738 309.709778 -1900.000000
v -1154.406738 309.709778 -1872.500000
v -1169.406738 294.709778 -1872.500000
v -1149.406738 299.709778 -1872.500000
v -1129.406738 314.709778 -1900.000000
v -1129.406738 314.709778 -1872.500000
v -1129.406738 304.709778 -1872.500000
v -1084.406738 214.709778 -1872.500000
v -1084.406738 214.709778 -1900.000000
v -1163.086914 224.709778 -1872.500000
v -1095.726562 224.709778 -1872.500000
v -1104.406738 309.709778 -1872.500000
v -1109.406738 299.709778 -1872.500000
v -1104.406738 309.709778 -1900.000000
v -1089.406738 294.709778 -1872.500000
v -1095.726562 284.709778 -1872.500000
v -1089.406738 294.709778 -1900.000000
v -1089.406738 294.709778 -1872.500000
v -1084.406738 214.709778 -1872.500000
v -1084.406738 284.709778 -1872.500000
v -1095.726562 224.709778 -1872.500000
v -1084.406738 284.709778 -1900.000000
v -1084.406738 284.709778 -1872.500000
v -1084.406738 214.709778 -1872.500000
v -1084.406738 214.709778 -1900.000000
v -1469.081543 390.643799 -1899.999756
v -1469.081543 148.300995 -1899.999878
v 0.918400 390.643799 -1899.999756
v 0.918400 148.300995 -1899.999756
v -345.062988 -0.052388 -624.087402
v -345.062988 -0.052383 -658.117676
v -345.062988 -70.052391 -624.087402
v -345.062988 -70.052383 -658.117676
v -340.062988 9.947617 -656.837402
v -340.062988 9.947612 -624.087402
v -345.062988 -70.052391 -624.087402
v -333.743164 -60.052387 -624.087402
v -345.062988 -0.052388 -624.087402
v -333.743164 -0.052388 -624.087402
v -325.062988 24.947617 -654.788574
v -325.062988 24.947611 -624.087402
v -340.062988 9.947612 -624.087402
v -320.062988 14.947612 -624.087402
v -300.062988 29.947617 -651.587402
v -300.062988 29.947611 -624.087402
v -300.062988 19.947611 -624.087402
v -255.062988 -70.052391 -624.087402
v -255.062988 -70.052383 -658.117676
v -333.743164 -60.052387 -624.087402
v -266.382812 -60.052387 -624.087402
v -275.062988 24.947611 -624.087402
v -280.062988 14.947612 -624.087402
v -275.062988 24.947617 -654.788574
v -260.062988 9.947612 -624.087402
v -266.382812 -0.052388 -624.087402
v -260.062988 9.947617 -656.837402
v -260.062988 9.947612 -624.087402
v -255.062988 -70.052391 -624.087402
v -255.062988 -0.052388 -624.087402
v -266.382812 -60.052387 -624.087402
v -255.062988 -0.052383 -658.117676
v -255.062988 -0.052388 -624.087402
v -255.062988 -70.052391 -624.087402
v -255.062988 -70.052383 -658.117676
v -444.888916 -49.999763 -761.177124
v -429.903809 -49.999771 -725.000000
v -444.888855 100.000122 -761.177246
v -429.903809 100.000114 -725.000000
v -406.066010 -49.999775 -693.934021
v -406.066010 100.000114 -693.934082
v -374.999908 -49.999779 -670.096191
v -374.999908 100.000107 -670.096313
v -338.822815 -49.999783 -655.111084
v -338.822815 100.000107 -655.111145
v -300.000000 -49.999783 -650.000000
v -300.000000 100.000107 -650.000122
v -261.177185 -49.999783 -655.111084
v -261.177185 100.000107 -655.111145
v -225.000092 -49.999779 -670.096191
v -225.000092 100.000107 -670.096313
v -193.933990 -49.999775 -693.934021
v -193.933990 100.000114 -693.934082
v -170.096207 -49.999748 -874.999817
v -193.933990 -49.999741 -906.065918
v -170.096268 100.000145 -874.999878
v -193.934052 100.000145 -906.065918
v -170.096207 -49.999771 -725.000000
v -170.096207 100.000114 -725.000000
v -224.999893 600.000854 -6119.990723
v -217.333298 600.000854 -6061.756348
v -224.999893 1150.000854 -6119.985352
v -217.333298 1150.000854 -6061.750977
v -194.855698 600.000854 -6007.490234
v -194.855698 1150.000854 -6007.485352
v -159.098999 600.000854 -5960.888672
v -159.098999 1150.000854 -5960.885742
v -1259.999878 200.000076 -1180.000122
v -1319.999878 200.000076 -1180.000122
v -1259.999878 -3999.999756 -1180.000732
v -1319.999878 -3999.999756 -1180.000732
v -1080.000122 200.000076 -1180.000122
v -1140.000122 200.000076 -1180.000122
v -1080.000122 -3999.999756 -1180.000732
v -1140.000122 -3999.999756 -1180.000732
v -1080.000122 200.000107 -1359.999878
v -1080.000122 -3999.999756 -1360.000488
v -1080.000122 200.000107 -1419.999878
v -1080.000122 -3999.999756 -1420.000488
v -1080.000122 200.000076 -1180.000122
v -1080.000122 200.000076 -1240.000122
v -1080.000122 -3999.999756 -1240.000732
v -1259.999878 1700.000122 -1179.999878
v -1319.999878 1700.000122 -1179.999878
v -1259.999878 600.000061 -1180.000000
v -1319.999878 600.000061 -1180.000000
v -1080.000122 1700.000122 -1179.999878
v -1140.000122 1700.000122 -1179.999878
v -1080.000122 600.000061 -1180.000000
v -1140.000122 600.000061 -1180.000000
v -1080.000122 1700.000122 -1359.999634
v -1080.000122 600.000122 -1359.999756
v -1080.000122 1700.000122 -1419.999634
v -1080.000122 600.000122 -1419.999756
v -1080.000122 1700.000122 -1179.999878
v -1080.000122 600.000061 -1180.000000
v -1080.000122 1700.000122 -1239.999878
v -1080.000122 600.000061 -1240.000000
v -1319.999878 200.000076 -1180.000122
v -1200.000122 200.000092 -1300.000122
v -1319.999878 200.000107 -1419.999878
v -1080.000122 200.000107 -1419.999878
v -1080.000122 200.000076 -1180.000122
v -1319.999878 600.000122 -1419.999756
v -1200.000122 600.000061 -1300.000000
v -1319.999878 600.000061 -1180.000000
v -1080.000122 600.000122 -1419.999756
v -1080.000122 600.000061 -1180.000000
v -1163.086914 284.709778 -1890.000000
v -1163.086914 284.709778 -1872.500000
v -1163.086914 224.709778 -1890.000000
v -1163.086914 224.709778 -1872.500000
v -1149.406738 299.709778 -1872.500000
v -1149.406738 299.709778 -1890.000000
v -1129.406738 304.709778 -1872.500000
v -1129.406738 304.709778 -1890.000000
v -1109.406738 299.709778 -1872.500000
v -1109.406738 299.709778 -1890.000000
v -1095.726562 284.709778 -1872.500000
v -1095.726562 284.709778 -1890.000000
v -1095.726562 224.709778 -1890.000000
v -1095.726562 224.709778 -1872.500000
v -333.743164 -0.052385 -641.587402
v -333.743164 -0.052388 -624.087402
v -333.743164 -60.052387 -641.587402
v -333.743164 -60.052387 -624.087402
v -320.062988 14.947612 -624.087402
v -320.062988 14.947615 -641.587402
v -300.062988 19.947611 -624.087402
v -300.062988 19.947615 -641.587402
v -280.062988 14.947612 -624.087402
v -280.062988 14.947615 -641.587402
v -266.382812 -0.052388 -624.087402
v -266.382812 -0.052385 -641.587402
v -266.382812 -60.052387 -641.587402
v -266.382812 -60.052387 -624.087402
v -1163.086914 224.709778 -1890.000000
v -1163.086914 224.709778 -1872.500000
v -1095.726562 224.709778 -1890.000000
v -1095.726562 224.709778 -1872.500000
v -333.743164 -60.052387 -641.587402
v -333.743164 -60.052387 -624.087402
v -266.382812 -60.052387 -641.587402
v -266.382812 -60.052387 -624.087402
v -1146.499756 304.783752 -1882.018555
v -1151.699707 304.783752 -1882.018555
v -1146.499756 224.709778 -1882.018555
v -1151.699707 224.709778 -1882.018555
v -1127.612671 304.783752 -1881.293457
v -1132.812622 304.783752 -1881.293457
v -1127.612671 224.709778 -1881.292969
v -1132.812622 224.709778 -1881.293457
v -1108.517822 304.783752 -1880.624023
v -1113.717773 304.783752 -1880.624023
v -1108.517822 224.709778 -1880.624023
v -1113.717773 224.709778 -1880.624023
v -1163.086914 224.709778 -1890.000000
v -1149.406738 299.709778 -1890.000000
v -1163.086914 284.709778 -1890.000000
v -1129.406738 304.709778 -1890.000000
v -1095.726562 224.709778 -1890.000000
v -1109.406738 299.709778 -1890.000000
v -1095.726562 284.709778 -1890.000000
v -333.743164 -60.052387 -641.587402
v -320.062988 14.947615 -641.587402
v -333.743164 -0.052385 -641.587402
v -300.062988 19.947615 -641.587402
v -266.382812 -60.052387 -641.587402
v -280.062988 14.947615 -641.587402
v -266.382812 -0.052385 -641.587402
v 0.918400 460.643799 -1869.999756
v -1499.081421 460.643799 -1869.999756
v 0.918300 420.643799 -1869.999756
v -1499.081543 420.643799 -1869.999756
v -1469.081543 -4149.999512 -1900.000610
v -159.999893 -4149.999512 -1900.000610
v -1469.081543 -160.160492 -1899.999878
v -159.999893 -160.160477 -1899.999878
v -429.903809 -4000.000000 -725.000793
v -429.903809 -499.999756 -725.000061
v -444.888916 -3999.999756 -761.177979
v -444.888916 -499.999756 -761.177246
v -444.888916 -499.999756 -761.177246
v -429.903809 -499.999756 -725.000061
v -444.888916 -49.999763 -761.177124
v -429.903809 -49.999771 -725.000000
v -406.066010 -4000.000000 -693.934753
v -406.066010 -499.999756 -693.934143
v -406.066010 -499.999756 -693.934143
v -406.066010 -49.999775 -693.934021
v -374.999908 -4000.000000 -670.096985
v -374.999908 -499.999756 -670.096252
v -374.999908 -499.999756 -670.096252
v -374.999908 -49.999779 -670.096191
v -338.822815 -4000.000000 -655.112000
v -338.822815 -499.999786 -655.111267
v -338.822815 -499.999786 -655.111267
v -338.822815 -49.999783 -655.111084
v -300.000000 -4000.000000 -650.000793
v -300.000000 -499.999786 -650.000061
v -300.000000 -499.999786 -650.000061
v -300.000000 -49.999783 -650.000000
v -261.177185 -4000.000000 -655.112000
v -261.177185 -499.999786 -655.111267
v -261.177185 -499.999786 -655.111267
v -261.177185 -49.999783 -655.111084
v -225.000092 -4000.000000 -670.096985
v -225.000092 -499.999756 -670.096252
v -225.000092 -499.999756 -670.096252
v -225.000092 -49.999779 -670.096191
v -193.933990 -4000.000000 -693.934753
v -193.933990 -499.999756 -693.934082
v -193.933990 -499.999756 -693.934082
v -193.933990 -49.999775 -693.934021
v -193.933990 -499.999725 -906.065979
v -170.096207 -499.999725 -874.999939
v -193.933990 -3999.999756 -906.066650
v -170.096207 -3999.999756 -875.000671
v -170.096207 -4000.000000 -725.000793
v -170.096207 -499.999756 -725.000061
v -193.933990 -49.999741 -906.065918
v -170.096207 -49.999748 -874.999817
v -193.933990 -499.999725 -906.065979
v -170.096207 -499.999725 -874.999939
v -170.096207 -499.999756 -725.000061
v -170.096207 -49.999771 -725.000000
v -224.999893 -4499.999512 -6120.067871
v -217.333298 -4499.999512 -6061.833496
v -224.999893 600.000854 -6119.990723
v -217.333298 600.000854 -6061.756348
v -217.333298 1150.000854 -6061.750977
v -217.333298 1400.000854 -6061.766113
v -224.999893 1150.000854 -6119.985352
v -224.999893 1400.000854 -6120.000000
v -194.855698 -4499.999512 -6007.567871
v -194.855698 600.000854 -6007.490234
v -194.855698 1150.000854 -6007.485352
v -194.855698 1400.000854 -6007.500000
v -159.099106 1300.001709 -5960.902832
v -159.098999 1150.000854 -5960.885742
v -159.098999 -4499.999512 -5960.968750
v -159.098999 600.000854 -5960.888672
v -159.098999 1400.000854 -5960.901367
v 0.918400 148.300995 -1899.999634
v -1469.081543 148.300995 -1899.999878
v -159.999893 -160.160477 -1899.999878
v -1469.081543 -160.160492 -1899.999878
v -555.009399 1165.674683 -2190.413330
v -668.146484 725.180481 -2303.550293
v -668.146484 725.180481 -2077.276855
v -555.009399 1165.674683 -2190.413330
v -668.146484 725.180481 -2077.276855
v -441.872314 725.180481 -2077.276855
v -441.872314 725.180481 -2077.276855
v -441.872314 725.180481 -2303.550293
v -533.213318 160.000214 -737.510437
v -470.723907 160.000214 -629.275818
v -444.888794 200.000214 -761.176819
v -406.066010 200.000198 -693.933655
v -388.026093 270.000244 -776.413147
v -364.439514 270.000244 -735.560120
v -406.066010 200.000183 -693.933716
v -470.723907 160.000214 -629.275818
v -338.822784 200.000214 -655.110840
v -362.489288 160.000198 -566.786560
v -364.439514 270.000244 -735.560120
v -323.586487 270.000244 -711.973572
v -300.000000 575.000183 -799.999817
v -261.177216 200.000214 -655.110840
v -276.413513 270.000244 -711.973572
v -237.510696 160.000198 -566.786377
v -235.560501 270.000244 -735.560181
v -235.560501 270.000275 -864.439148
v -211.973999 270.000244 -823.586060
v -211.973907 270.000244 -776.413147
v -235.560501 270.000244 -735.560120
v -193.933975 200.000214 -693.933594
v -193.934006 200.000229 -906.065674
v -193.933975 200.000214 -693.933594
v -155.111206 200.000229 -761.176758
v -155.111206 200.000244 -838.822388
v -129.276001 160.000214 -629.275818
v -233.213409 760.000732 -3937.509766
v -170.724014 760.000671 -3829.275146
v -144.888916 800.000793 -3961.176270
v -144.888916 800.000854 -4038.821777
v -233.213318 760.000793 -4062.488281
v -349.819855 1490.001099 -6026.265625
v -256.085907 1490.001099 -5863.913574
v -217.333298 1550.001099 -6061.765137
v -159.098999 1550.001099 -5960.899902
v -132.039093 1655.001099 -6084.619629
v -217.333206 1550.001099 -6178.233398
v -132.039093 1655.001099 -6155.378906
v -349.819916 1490.001099 -6213.733887
v -319.755859 20.021584 -631.006348
v -322.355957 20.021584 -633.605957
v -319.755859 -60.052387 -631.006348
v -322.355957 -60.052387 -633.605957
v -317.156006 20.021584 -633.605957
v -319.755859 20.021584 -631.006348
v -317.156006 -60.052387 -633.605957
v -319.755859 -60.052387 -631.006348
v -300.868652 20.021584 -630.280762
v -303.468750 20.021584 -632.881348
v -300.868652 -60.052387 -630.280762
v -303.468750 -60.052387 -632.881348
v -298.269043 20.021584 -632.881348
v -300.868652 20.021584 -630.280762
v -298.268555 -60.052387 -632.880371
v -300.868652 -60.052387 -630.280762
v -281.773926 20.021584 -629.611816
v -284.374023 20.021584 -632.211426
v -281.773926 -60.052387 -629.611816
v -284.374023 -60.052387 -632.211426
v -279.173828 20.021584 -632.211426
v -281.773926 20.021584 -629.611816
v -279.173828 -60.052387 -632.211426
v -281.773926 -60.052387 -629.611816
v -5230.931641 -399.999359 -3446.517334
v -5240.539551 -399.999420 -3226.464111
v -5161.687500 -489.999390 -3434.307617
v -5170.494629 -489.999420 -3232.592041
v -5046.350098 -399.999298 -3842.353760
v -5164.697266 -399.999329 -3656.585938
v -4992.487793 -489.999329 -3797.157715
v -5100.972656 -489.999359 -3626.870361
v -4883.955078 -399.999298 -3991.161133
v -4843.625488 -489.999298 -3933.564453
v -4688.579590 -399.999268 -4092.867188
v -4664.531250 -489.999298 -4026.794922
v -4473.537598 -399.999268 -4140.541016
v -4467.409668 -489.999268 -4070.495850
v -4253.484375 -399.999268 -4130.933105
v -4265.693848 -489.999268 -4061.688721
v -4043.416016 -399.999268 -4064.698730
v -4073.131348 -489.999298 -4000.973877
v -3857.647949 -399.999298 -3946.351318
v -3902.843994 -489.999298 -3892.488770
v -3708.840576 -399.999329 -3783.956787
v -3766.437256 -489.999329 -3743.626953
v -3916.044434 -489.999512 -2608.839111
v -3753.649414 -489.999481 -2757.646484
v -3916.044434 -399.999512 -2608.839111
v -3753.649414 -399.999481 -2757.646484
v -3708.840088 -489.999329 -3783.953125
v -3857.647217 -489.999298 -3946.348145
v -3708.840088 -399.999329 -3783.953125
v -3857.647217 -399.999298 -3946.348145
v -3635.302246 -489.999451 -2943.414062
v -3635.302246 -399.999451 -2943.414062
v -3607.133789 -489.999359 -3588.577881
v -3607.133789 -399.999359 -3588.577881
v -3569.067871 -489.999420 -3153.482666
v -3569.067871 -399.999420 -3153.482666
v -3559.460205 -489.999390 -3373.535889
v -3559.460205 -399.999359 -3373.535889
v -5170.494629 -489.999420 -3232.592041
v -5170.494141 -1899.999268 -3232.592285
v -5161.687500 -489.999390 -3434.307617
v -5161.687500 -1899.999146 -3434.307861
v -5100.972656 -1899.999146 -3626.870361
v -5100.972656 -489.999359 -3626.870361
v -4992.487793 -1899.999146 -3797.157715
v -4992.487793 -489.999329 -3797.157715
v -4843.625488 -1899.999146 -3933.564697
v -4843.625488 -489.999298 -3933.564453
v -4664.531250 -1899.999146 -4026.794922
v -4664.531250 -489.999298 -4026.794922
v -4467.409668 -1899.999146 -4070.496094
v -4467.409668 -489.999268 -4070.495850
v -4265.693848 -1899.999146 -4061.688721
v -4265.693848 -489.999268 -4061.688721
v -4073.131348 -1899.999146 -4000.974121
v -4073.131348 -489.999298 -4000.973877
v -3902.843994 -1899.999146 -3892.488770
v -3902.843994 -489.999298 -3892.488770
v -3766.437256 -1899.999146 -3743.627197
v -3766.437256 -489.999329 -3743.626953
v -3916.044434 -1899.999390 -2608.839600
v -3753.649414 -1899.999268 -2757.646729
v -3916.044434 -489.999512 -2608.839111
v -3753.649414 -489.999481 -2757.646484
v -3857.647217 -489.999298 -3946.348145
v -3708.840088 -489.999329 -3783.953125
v -3857.647217 -1899.999146 -3946.348389
v -3708.840088 -1899.999146 -3783.953613
v -3635.302246 -1899.999268 -2943.414551
v -3635.302246 -489.999451 -2943.414062
v -3607.133789 -489.999359 -3588.577881
v -3607.133789 -1899.999146 -3588.578125
v -3569.067871 -1899.999268 -3153.483154
v -3569.067871 -489.999420 -3153.482666
v -3559.460205 -489.999390 -3373.535889
v -3559.460449 -1899.999146 -3373.536377
v -3916.044434 -3999.999268 -2608.840088
v -3753.649414 -3999.999268 -2757.647217
v -3916.044434 -1899.999390 -2608.839600
v -3753.649414 -1899.999268 -2757.646729
v -3857.647217 -1899.999146 -3946.348389
v -3708.840088 -1899.999146 -3783.953613
v -3857.647461 -3999.999023 -3946.348877
v -3708.840088 -3999.999023 -3783.954102
v -3635.302246 -3999.999268 -2943.415039
v -3635.302246 -1899.999268 -2943.414551
v -3607.133789 -1899.999146 -3588.578125
v -3607.133789 -3999.999268 -3588.578613
v -3569.067871 -3999.999268 -3153.483643
v -3569.067871 -1899.999268 -3153.483154
v -3559.460449 -1899.999146 -3373.536377
v -3559.460449 -3999.999268 -3373.536865
v -257.475891 140.000580 -4326.249023
v -257.475891 140.000595 -4363.749023
v -257.475891 -3969.611084 -4326.249512
v -257.475891 -3969.611084 -4363.749512
v -225.000000 140.000595 -4382.499023
v -225.000000 -3969.611084 -4382.499512
v -225.000000 140.000580 -4307.499023
v -225.000000 -3969.611084 -4307.499512
v -225.000000 140.000595 -4382.499023
v -192.524109 140.000595 -4363.749023
v -225.000000 -3969.611084 -4382.499512
v -192.524109 -3969.611084 -4363.749512
v -192.524109 140.000580 -4326.249023
v -192.524109 -3969.611084 -4326.249512
v -437.475891 140.000534 -3981.249023
v -437.475891 140.000534 -4018.748779
v -437.475891 -4033.468994 -3981.249756
v -437.475891 -4033.468994 -4018.749512
v -405.000000 140.000519 -3962.499023
v -405.000000 -4033.468994 -3962.499756
v -405.000000 140.000534 -4037.499023
v -405.000000 -4033.468994 -4037.499756
v -372.524109 140.000534 -3981.249268
v -372.524109 -4033.468994 -3981.250000
v -405.000000 140.000534 -4037.499023
v -372.524109 140.000534 -4018.749023
v -405.000000 -4033.468994 -4037.499756
v -372.524109 -4033.468994 -4018.749756
v -262.475891 140.000473 -3636.249023
v -262.475891 140.000473 -3673.748779
v -262.475891 -3969.611328 -3636.249756
v -262.475891 -3969.611328 -3673.749512
v -230.000000 140.000473 -3692.499023
v -230.000000 -3969.611328 -3692.499756
v -230.000000 140.000473 -3617.499023
v -230.000000 -3969.611328 -3617.499756
v -230.000000 140.000473 -3692.499023
v -197.524109 140.000473 -3673.749023
v -230.000000 -3969.611328 -3692.499756
v -197.524109 -3969.611328 -3673.749756
v -197.524109 140.000473 -3636.249268
v -197.524109 -3969.611328 -3636.250000
v -859.999939 -426.707977 -6050.000000
v -859.999939 -799.999084 -6050.000000
v -199.999954 -426.707977 -6050.000000
v -199.999954 -799.999084 -6050.000000
v -199.999954 -1386.707886 -6050.000000
v -859.999939 -1386.707886 -6050.000000
v -199.999954 -4499.999023 -6050.000977
v -859.999939 -4499.999023 -6050.000977
v -199.999954 -799.999084 -6050.000000
v -859.999939 -799.999084 -6050.000000
vt 11.984200 -2.523400
vt 11.986800 -2.753900
vt 18.542500 -2.523400
vt 18.523800 -2.753900
vt 9.980800 -2.523400
vt 9.969600 -2.753900
vt 7.058900 -7.999900
vt 6.933600 -8.281200
vt 0.000000 -7.999900
vt 0.000000 -8.281200
vt 0.999900 -16.000099
vt 0.000000 -16.000099
vt 0.499900 -16.711000
vt 0.000000 -16.711000
vt 0.999900 -16.711000
vt 1.499900 -16.711000
vt 1.999900 -16.000099
vt 1.999900 -16.711000
vt 2.499900 -16.711000
vt 2.999900 -16.000099
vt 2.999900 -16.711000
vt 3.499900 -16.711000
vt 3.999900 -16.000099
vt 3.999900 -16.711000
vt 0.000000 0.999900
vt -0.999900 0.999900
vt -0.499900 0.289000
vt 0.999900 0.999900
vt 0.499900 0.289000
vt 0.000000 0.289000
vt -0.999900 -16.000099
vt -0.499900 -16.711000
vt -0.999900 -16.711000
vt 1.694100 0.781200
vt 2.562400 0.781200
vt 1.694100 0.999900
vt 2.562400 0.999900
vt -1.703100 0.781200
vt -1.703100 0.999900
vt 5.999900 -18.000099
vt 5.999900 -10.000100
vt 3.857000 -18.000099
vt 3.857000 -10.000100
vt 2.836700 -18.000099
vt 2.836700 -10.000100
vt -3.158200 -10.000100
vt -3.158200 -18.000099
vt 3.857000 -8.000100
vt 5.999900 -8.000100
vt 2.836700 -8.000100
vt -3.158200 -8.000100
vt -1.304600 -0.992200
vt -1.304600 0.992100
vt -1.012400 -0.992200
vt -1.012400 0.992100
vt 0.000000 -2.000100
vt 0.695300 -2.000100
vt 0.000000 -3.000000
vt 0.695300 -3.000000
vt -1.304600 -0.007900
vt -1.304600 -1.992200
vt -1.012400 -0.007900
vt -1.012400 -1.992200
vt -0.999900 -2.000000
vt -0.499900 -2.000000
vt -0.999900 -1.500100
vt -0.499900 -1.500100
vt -0.999900 -3.000000
vt -0.499900 -3.000000
vt -0.999900 -2.500100
vt -0.499900 -2.500100
vt 1.949200 -2.239000
vt 2.417000 -0.983800
vt 1.537200 -0.983800
vt 0.999900 -0.000100
vt 0.000000 -0.000100
vt 1.999900 0.999900
vt 1.999900 -0.000100
vt 0.999900 -1.000100
vt 0.000000 -1.000100
vt 0.999900 -2.000000
vt 0.000000 -2.000000
vt 0.996000 -3.000000
vt 1.121000 -2.000100
vt 0.871000 -2.000100
vt -0.337600 -19.996000
vt -0.033800 -19.996000
vt -0.363100 -19.539000
vt -0.089000 -19.539000
vt -0.383900 -19.136700
vt -0.142800 -19.136700
vt -0.910900 -19.539000
vt -0.966100 -19.996000
vt -0.636800 -19.539000
vt -0.662300 -19.996000
vt -0.857100 -19.136700
vt -0.616000 -19.136700
vt -0.499900 -18.167999
vt -0.362200 -19.539000
vt -0.336600 -19.996000
vt -0.088800 -19.539000
vt -0.337600 -2.996000
vt -0.033800 -2.996000
vt -0.363100 -2.539000
vt -0.637700 -2.539000
vt -0.663300 -2.996000
vt -0.637700 -19.539000
vt -0.663300 -19.996000
vt 5.999900 -4.000100
vt 3.900000 -4.000100
vt 5.999900 -5.000100
vt 3.900000 -5.000100
vt 2.999900 -4.000100
vt 2.999900 -5.000100
vt -2.999900 -4.000100
vt -2.999900 -5.000100
vt 1.999900 -2.000000
vt 4.745200 -0.973700
vt 5.660100 -0.973700
vt 4.745200 -0.026400
vt 5.660100 -0.026400
vt 2.915400 -0.973700
vt 3.830300 -0.973700
vt 2.915400 -0.026400
vt 3.830300 -0.026400
vt 2.000500 -0.973700
vt 2.000500 -0.026400
vt 1.085600 -0.973700
vt 1.085600 -0.026400
vt 0.170700 -0.973700
vt 0.170700 -0.026400
vt -0.744100 -0.973700
vt -0.744100 -0.026400
vt -1.659000 -0.973700
vt -1.659000 -0.026400
vt -2.573900 -0.973700
vt -2.573900 -0.026400
vt -3.488800 -0.973700
vt -3.488800 -0.026400
vt 1.085600 9.973600
vt 2.000500 9.973600
vt 1.085600 9.026300
vt 2.000500 9.026300
vt 6.575000 9.973600
vt 7.489900 9.973600
vt 6.575000 9.026300
vt 7.489900 9.026300
vt 2.915400 9.973600
vt 2.915400 9.026300
vt 5.660100 9.973600
vt 5.660100 9.026300
vt 3.830300 9.973600
vt 3.830300 9.026300
vt 4.745200 9.973600
vt 4.745200 9.026300
vt -0.333300 4.000100
vt -1.999900 4.000100
vt -0.333300 -1.499900
vt -1.999900 -1.499900
vt -0.333300 5.000100
vt -1.999900 5.000100
vt -4.499900 8.999900
vt -4.499900 7.000000
vt 0.000000 8.999900
vt 0.000000 7.000000
vt 0.166600 -0.000100
vt -0.166600 -0.000100
vt 0.166600 -35.000000
vt -0.166600 -35.000000
vt -0.499900 -0.000100
vt -0.499900 -35.000000
vt 0.500000 -0.000100
vt 0.500000 -35.000000
vt 1.500000 -0.000100
vt 1.166600 -0.000100
vt 1.500000 -35.000000
vt 1.166600 -35.000000
vt 0.833300 -0.000100
vt 0.833300 -35.000000
vt 0.463100 -10.999900
vt 0.961400 -10.999900
vt 0.463100 -0.750000
vt 0.961400 -0.750100
vt 3.951400 -0.750100
vt 3.453100 -0.750100
vt 3.951400 -10.999900
vt 3.453100 -10.999900
vt 1.459800 -10.999900
vt 1.459800 -0.750100
vt 2.954700 -0.750100
vt 2.954700 -10.999900
vt 1.958100 -10.999900
vt 1.958100 -0.750100
vt 2.456400 -0.750100
vt 2.456400 -10.999900
vt 2.954700 -6.000100
vt 2.954700 -10.750100
vt 2.456400 -6.000100
vt 2.456400 -10.750100
vt 1.958100 -10.750100
vt 1.958100 -6.000100
vt 1.459800 -10.750100
vt 1.459800 -6.000100
vt 0.961400 -10.750100
vt 0.961400 -6.000100
vt 0.463100 -10.750000
vt 0.463100 -6.000100
vt -0.035100 -10.750000
vt -0.035100 -6.000100
vt -0.533500 -10.750000
vt -0.533500 -6.000100
vt -1.031800 -10.750100
vt -1.031800 -6.000100
vt -1.530100 -10.750100
vt -1.530100 -6.000100
vt -2.028400 -10.750100
vt -2.028400 -6.000100
vt 0.463100 3.999900
vt 0.961400 3.999900
vt 3.951400 3.999900
vt 3.453100 3.999900
vt 1.459800 3.999900
vt 2.954700 3.999900
vt 1.958100 3.999900
vt 2.456400 3.999900
vt 3.999900 -7.999900
vt 7.999900 -7.999900
vt 4.421100 -9.000000
vt 7.999900 -9.000000
vt 1.513300 2.176500
vt 1.513300 2.235100
vt 0.000000 2.176500
vt 0.000000 2.235100
vt 1.007900 2.235000
vt 1.007900 2.176500
vt -0.505400 2.235000
vt -0.505400 2.176500
vt 0.000000 -4.660200
vt 6.999900 -4.660200
vt 0.000000 -5.000100
vt 6.999900 -5.000100
vt -18.499901 -9.999900
vt -16.149900 -9.999900
vt -18.499901 -1.999700
vt -16.149900 -1.999700
vt -0.949000 -12.000100
vt -0.949000 -4.000100
vt -1.115800 -12.000100
vt -1.115800 -4.000100
vt -0.833200 -2.250100
vt -0.666600 -2.250100
vt -0.833200 -1.000100
vt -0.666600 -1.000100
vt -0.782300 -12.000100
vt -0.782300 -4.000100
vt -0.500100 -2.250100
vt -0.500100 -1.000100
vt -0.615500 -12.000100
vt -0.615500 -4.000100
vt -0.333500 -2.250100
vt -0.333500 -1.000100
vt -0.448700 -12.000100
vt -0.448700 -4.000100
vt -0.166900 -2.250100
vt -0.166900 -1.000100
vt -0.281900 -12.000100
vt -0.281900 -4.000100
vt -0.000400 -2.250100
vt -0.000400 -1.000100
vt -0.115100 -12.000100
vt -0.115100 -4.000100
vt 0.166100 -2.250100
vt 0.166100 -1.000100
vt 0.051600 -12.000100
vt 0.051600 -4.000100
vt 0.332700 -2.250100
vt 0.332700 -1.000100
vt 0.218400 -12.000100
vt 0.218400 -4.000100
vt 0.499200 -2.250100
vt 0.499200 -1.000100
vt 1.219200 -4.000100
vt 1.052400 -4.000100
vt 1.219200 -12.000100
vt 1.052400 -12.000100
vt 0.385200 -12.000100
vt 0.385200 -4.000100
vt 1.498600 -1.000100
vt 1.332100 -1.000100
vt 1.498600 -2.250100
vt 1.332100 -2.250100
vt 0.665800 -2.250100
vt 0.665800 -1.000100
vt -1.001200 -14.000100
vt -0.834400 -14.000100
vt -0.996900 0.999900
vt -0.830800 0.999900
vt -0.333200 -18.916700
vt -0.333200 -18.083401
vt -0.499900 -18.916700
vt -0.499900 -18.083401
vt -0.667600 -14.000100
vt -0.664700 0.999900
vt -0.166600 -18.916700
vt -0.166600 -18.083401
vt 0.000000 -18.416700
vt 0.000000 -18.916700
vt -0.500800 -14.000100
vt -0.498600 0.999900
vt 0.000000 -18.083401
vt 0.000000 0.015700
vt 0.000000 1.000000
vt -2.999900 0.015700
vt -2.999900 1.000000
vt 0.000000 -0.984300
vt 0.000000 -0.000000
vt -2.999900 -0.984300
vt -2.999900 -0.000000
vt 0.546800 1.484300
vt 0.984300 1.484300
vt 0.546800 1.984300
vt 0.984300 1.984300
vt -0.979400 -1.515400
vt -0.852800 -1.015500
vt -0.979400 -1.015500
vt -0.727400 -1.015500
vt -0.487000 -1.515400
vt -0.601900 -1.015500
vt -0.487000 -1.015500
vt -0.979400 -2.515400
vt -0.852800 -2.015500
vt -0.979400 -2.015500
vt -0.727400 -2.015500
vt -0.487000 -2.515400
vt -0.601900 -2.015500
vt -0.487000 -2.015500
vt 0.000000 -20.000000
vt 0.999900 -19.000099
vt 1.999900 -20.000000
vt 1.999900 -18.000099
vt 0.000000 -18.000099
vt 0.000000 -3.000100
vt 1.499900 -4.500100
vt 2.999900 -3.000100
vt 0.000000 -5.999900
vt 2.999900 -5.999900
vt 2.999900 0.015700
vt 2.999900 1.000000
vt 4.499500 1.000000
vt 4.499500 0.015700
vt 5.999900 1.000000
vt 5.999900 0.015700
vt 2.999900 -0.984300
vt 2.999900 -0.000000
vt 4.499500 -0.000000
vt 4.499500 -0.984300
vt 5.999900 -0.000000
vt 5.999900 -0.984300
vt -2.499900 -0.000100
vt -2.499900 -20.000000
vt -3.499900 -0.000100
vt -3.499900 -20.000000
vt -4.499900 -0.000100
vt -4.499900 -20.000000
vt -5.499900 -0.000100
vt -5.499900 -20.000000
vt -2.499900 0.999900
vt -2.499900 -5.000000
vt -3.499900 0.999900
vt -3.499900 -5.000000
vt -4.499900 0.999900
vt -4.499900 -5.000000
vt -5.499900 0.999900
vt -5.499900 -5.000000
vt 0.560800 2.246000
vt 0.560800 1.999900
vt -0.601500 2.246000
vt -0.601500 1.999900
vt 0.673900 1.999900
vt 0.665400 2.246000
vt -0.441400 2.492100
vt 0.560800 2.492100
vt 1.066400 1.999900
vt 1.066400 2.246000
vt 1.066400 2.492100
vt 1.567500 1.999900
vt 1.567500 2.246000
vt 1.567500 2.492100
vt -2.429600 2.246000
vt -2.429600 1.999900
vt -0.821400 2.492100
vt -2.217600 2.492100
vt 2.074200 2.246000
vt 2.074200 2.492100
vt 2.074200 1.999900
vt 2.414500 2.246000
vt 2.562200 2.492100
vt 2.414500 1.999900
vt 3.730400 2.246000
vt 2.562200 2.246000
vt 3.558500 2.492100
vt 2.562200 1.999900
vt 3.730400 1.999900
vt 9.999900 -6.000100
vt 9.999900 -7.000000
vt 4.999900 -6.000100
vt 4.999900 -7.000000
vt 0.560800 1.246000
vt 0.560800 0.999900
vt -0.601500 1.246000
vt -0.601500 0.999900
vt 0.673900 0.999900
vt 0.665400 1.246000
vt -0.441400 1.492100
vt 0.560800 1.492100
vt 1.066400 0.999900
vt 1.066400 1.246000
vt 1.066400 1.492100
vt 1.567500 0.999900
vt 1.567500 1.246000
vt 1.567500 1.492100
vt -2.429600 1.246000
vt -2.429600 0.999900
vt -0.821400 1.492100
vt -2.217600 1.492100
vt 2.074200 1.246000
vt 2.074200 1.492100
vt 2.074200 0.999900
vt 2.414500 1.246000
vt 2.562200 1.492100
vt 2.414500 0.999900
vt 3.730400 1.246000
vt 2.562200 1.246000
vt 3.558500 1.492100
vt 2.562200 0.999900
vt 3.730400 0.999900
vt -1.699900 -0.250100
vt -1.449900 -0.250100
vt -1.699900 0.999900
vt -1.449900 0.999900
vt -1.199900 -0.250100
vt -1.199900 0.999900
vt -0.949900 -0.250100
vt -0.949900 0.999900
vt -0.699900 -0.250100
vt -0.699900 0.999900
vt -0.449900 -0.250100
vt -0.449900 0.999900
vt -0.199900 -0.250100
vt -0.199900 0.999900
vt 0.050000 -0.250100
vt 0.050000 0.999900
vt 0.300000 -0.250100
vt 0.300000 0.999900
vt 1.550000 -0.250100
vt 1.800000 -0.250100
vt 1.550000 0.999900
vt 1.800000 0.999900
vt 0.550000 -0.250100
vt 0.550000 0.999900
vt -1.499800 -19.499901
vt -1.166500 -19.499901
vt -1.499800 -16.000099
vt -1.166500 -16.000099
vt -0.833200 -19.499901
vt -0.833200 -16.000099
vt -0.499800 -19.499901
vt -0.499800 -16.000099
vt -1.999900 -0.000100
vt -1.999900 -20.000000
vt -3.999900 -0.000100
vt -3.999900 -20.000000
vt -5.999900 -0.000100
vt -5.999900 -20.000000
vt -1.999900 0.999900
vt -1.999900 -5.000000
vt -3.999900 0.999900
vt -3.999900 -5.000000
vt -5.999900 0.999900
vt -5.999900 -5.000000
usemtl texture4
s 1
f 2884/1675 2885/1676 2886/1677
f 2885/1676 2887/1678 2886/1677
f 2888/1679 2889/1680 2884/1675
f 2889/1680 2885/1676 2884/1675
f 2890/1681 2891/1682 2892/1683
f 2891/1682 2893/1684 2892/1683
f 2894/1685 2895/1686 2896/1687
f 2896/1687 2895/1686 2897/1688
f 2894/1685 2896/1687 2898/1689
f 2899/1690 2894/1685 2898/1689
f 2900/1691 2894/1685 2899/1690
f 2900/1691 2899/1690 2901/1692
f 2902/1693 2900/1691 2901/1692
f 2903/1694 2900/1691 2902/1693
f 2902/1693 2904/1695 2903/1694
f 2904/1695 2905/1696 2903/1694
f 2903/1694 2905/1696 2906/1697
f 2905/1696 2907/1698 2906/1697
f 2908/1699 2909/1700 2910/1701
f 2911/1702 2908/1699 2912/1703
f 2913/1699 2910/1701 2914/1704
f 2912/1703 2908/1699 2914/1704
f 2915/1686 2916/1705 2917/1706
f 2918/1685 2915/1686 2919/1687
f 2917/1706 2916/1705 2920/1707
f 2915/1686 2917/1706 2921/1688
f 2919/1687 2915/1686 2921/1688
f 2918/1685 2919/1687 2922/1689
f 2923/1690 2918/1685 2922/1689
f 2924/1691 2918/1685 2923/1690
usemtl texture5
f 2925/1708 2926/1709 2927/1710
f 2926/1709 2928/1711 2927/1710
f 2929/1712 2925/1708 2930/1713
f 2925/1708 2927/1710 2930/1713
usemtl texture6
f 2931/1714 2932/1715 2933/1716
f 2932/1715 2934/1717 2933/1716
f 2933/1716 2934/1717 2935/1718
f 2934/1717 2936/1719 2935/1718
f 2937/1720 2938/1721 2936/1719
f 2938/1721 2935/1718 2936/1719
usemtl texture7
f 2939/1722 2940/1717 2941/1723
f 2940/1717 2942/1715 2941/1723
f 2943/1724 2944/1719 2939/1722
f 2944/1719 2940/1717 2939/1722
f 2944/1719 2943/1724 2945/1720
f 2943/1724 2946/1725 2945/1720
usemtl texture0
f 2796/1726 2797/1727 2798/1728
f 2797/1727 2799/1729 2798/1728
f 2800/1726 2801/1727 2802/1728
f 2801/1727 2803/1729 2802/1728
f 2804/1727 2805/1726 2806/1729
f 2805/1726 2807/1728 2806/1729
f 2808/1727 2809/1726 2810/1729
f 2809/1726 2811/1728 2810/1729
f 2812/1730 2813/1731 2814/1732
f 2813/1731 2815/1733 2814/1732
f 2816/1730 2817/1731 2818/1732
f 2817/1731 2819/1733 2818/1732
f 2820/1730 2821/1731 2822/1732
f 2821/1731 2823/1733 2822/1732
f 2824/1734 2825/1735 2826/1736
f 2825/1735 2827/1737 2826/1736
f 2828/1730 2829/1731 2830/1732
f 2829/1731 2831/1733 2830/1732
usemtl texture1
f 2832/1738 2833/1739 2834/1740
f 2833/1739 2835/1741 2834/1740
f 2836/1738 2837/1739 2838/1740
f 2837/1739 2839/1741 2838/1740
f 2840/1738 2841/1739 2842/1740
f 2841/1739 2843/1741 2842/1740
f 2844/1742 2845/1743 2846/1744
f 2845/1743 2847/1745 2846/1744
usemtl texture2
f 2848/1746 2849/1747 2850/1748
f 2851/1746 2852/1747 2853/1748
f 2848/1746 2854/1747 2855/1748
f 2851/1746 2856/1747 2857/1748
f 2858/1746 2859/1747 2860/1748
f 2858/1746 2861/1747 2862/1748
usemtl texture3
f 2863/1702 2864/1699 2865/1749
f 2864/1699 2866/1750 2865/1749
f 2867/1702 2868/1699 2869/1749
f 2868/1699 2870/1750 2869/1749
f 2871/1751 2863/1702 2872/1752
f 2863/1702 2873/1749 2872/1752
f 2874/1751 2867/1702 2875/1752
f 2867/1702 2876/1749 2875/1752
f 2877/1753 2878/1754 2879/1755
f 2878/1754 2880/1756 2879/1755
f 2881/1754 2877/1753 2882/1756
f 2877/1753 2883/1755 2882/1756
usemtl texture19
f 3279/1757 3280/1758 3281/1759
f 3282/1757 3283/1758 3284/1759
f 3279/1757 3285/1758 3286/1759
f 3287/1760 3288/1761 3289/1762
f 3289/1762 3288/1761 3290/1763
f 3289/1762 3290/1763 3291/1764
f 3291/1764 3290/1763 3292/1765
f 3293/1766 3294/1767 3295/1768
f 3295/1768 3294/1767 3296/1769
f 3297/1770 3293/1766 3298/1771
f 3298/1771 3293/1766 3295/1768
f 3292/1765 3299/1772 3291/1764
f 3298/1771 3299/1772 3297/1770
f 3295/1768 3296/1769 3300/1773
f 3298/1771 3295/1768 3301/1764
f 3301/1764 3299/1772 3298/1771
f 3301/1764 3295/1768 3300/1773
f 3300/1773 3296/1769 3302/1774
f 3303/1765 3299/1772 3301/1764
f 3301/1764 3300/1773 3303/1765
f 3304/1765 3299/1772 3305/1764
f 3306/1771 3299/1772 3307/1770
f 3305/1764 3299/1772 3306/1771
f 3300/1773 3302/1774 3308/1775
f 3303/1765 3300/1773 3308/1775
f 3305/1764 3309/1775 3304/1765
f 3307/1770 3310/1766 3306/1771
f 3306/1771 3311/1768 3305/1764
f 3305/1764 3312/1773 3309/1775
f 3306/1771 3310/1766 3311/1768
f 3308/1775 3302/1774 3313/1761
f 3305/1764 3311/1768 3312/1773
f 3314/1776 3315/1777 3316/1778
f 3317/1779 3318/1780 3314/1776
f 3317/1779 3314/1776 3316/1778
f 3319/1760 3320/1761 3321/1762
f 3321/1762 3320/1761 3322/1763
f 3321/1762 3323/1764 3324/1781
f 3325/1771 3324/1781 3323/1764
f 3324/1781 3326/1782 3319/1760
f 3321/1762 3322/1763 3323/1764
f 3324/1781 3319/1760 3321/1762
usemtl texture8
f 2947/1783 2948/1784 2949/1785
f 2948/1784 2950/1786 2949/1785
f 2948/1784 2951/1787 2950/1786
f 2951/1787 2952/1788 2950/1786
f 2953/1789 2954/1790 2951/1787
f 2954/1790 2952/1788 2951/1787
usemtl texture9
f 2955/1750 2956/1791 2957/1756
f 2958/1750 2959/1756 2960/1791
f 2961/1752 2962/1791 2963/1756
f 2955/1750 2964/1752 2956/1791
f 2958/1750 2960/1791 2965/1752
f 2961/1752 2963/1756 2966/1750
f 2967/1756 2968/1752 2969/1791
f 2970/1750 2971/1752 2967/1756
f 2972/1752 2973/1756 2966/1750
f 2967/1756 2974/1750 2968/1752
f 2967/1756 2971/1752 2975/1791
f 2976/1791 2973/1756 2972/1752
usemtl texture21
f 3351/1792 3352/1793 3353/1794
f 3353/1794 3352/1793 3354/1795
f 3355/1796 3356/1797 3357/1798
f 3357/1798 3356/1797 3358/1799
f 3359/1800 3355/1796 3360/1801
f 3357/1798 3360/1801 3355/1796
f 3361/1802 3359/1800 3362/1803
f 3362/1803 3359/1800 3360/1801
f 3363/1804 3361/1802 3364/1805
f 3364/1805 3361/1802 3362/1803
f 3365/1806 3363/1804 3366/1807
f 3366/1807 3363/1804 3364/1805
f 3367/1808 3365/1806 3368/1809
f 3368/1809 3365/1806 3366/1807
f 3369/1810 3367/1808 3370/1811
f 3370/1811 3367/1808 3368/1809
f 3371/1812 3369/1810 3372/1813
f 3372/1813 3369/1810 3370/1811
f 3358/1799 3356/1797 3351/1792
f 3358/1799 3351/1792 3353/1794
f 3373/1814 3374/1815 3375/1816
f 3374/1815 3376/1817 3375/1816
f 3377/1818 3378/1819 3379/1820
f 3378/1819 3380/1821 3379/1820
f 3381/1822 3382/1823 3374/1815
f 3382/1823 3376/1817 3374/1815
f 3383/1824 3377/1818 3384/1825
f 3377/1818 3379/1820 3384/1825
f 3381/1822 3385/1826 3382/1823
f 3385/1826 3386/1827 3382/1823
f 3387/1828 3383/1824 3388/1829
f 3383/1824 3384/1825 3388/1829
f 3385/1826 3388/1829 3386/1827
f 3385/1826 3387/1828 3388/1829
usemtl texture26
f 3489/1830 3490/1831 3491/1832
f 3490/1831 3492/1833 3491/1832
f 3493/1834 3494/1835 3489/1830
f 3494/1835 3490/1831 3489/1830
usemtl texture25
f 3485/1836 3486/1837 3487/1838
f 3486/1837 3488/1839 3487/1838
usemtl texture24
f 3443/1840 3444/1841 3445/1842
f 3444/1841 3446/1843 3445/1842
f 3444/1841 3447/1844 3446/1843
f 3447/1844 3448/1845 3446/1843
f 3449/1846 3443/1840 3450/1847
f 3443/1840 3445/1842 3450/1847
f 3451/1848 3452/1849 3453/1850
f 3452/1849 3454/1851 3453/1850
f 3455/1852 3449/1846 3456/1853
f 3449/1846 3450/1847 3456/1853
f 3452/1849 3455/1852 3454/1851
f 3455/1852 3456/1853 3454/1851
f 3457/1840 3458/1841 3459/1842
f 3458/1841 3460/1843 3459/1842
f 3461/1846 3457/1840 3462/1847
f 3457/1840 3459/1842 3462/1847
f 3458/1841 3463/1844 3460/1843
f 3463/1844 3464/1845 3460/1843
f 3465/1852 3461/1846 3466/1853
f 3461/1846 3462/1847 3466/1853
f 3467/1848 3468/1849 3469/1850
f 3468/1849 3470/1851 3469/1850
f 3468/1849 3465/1852 3470/1851
f 3465/1852 3466/1853 3470/1851
f 3471/1840 3472/1841 3473/1842
f 3472/1841 3474/1843 3473/1842
f 3472/1841 3475/1844 3474/1843
f 3475/1844 3476/1845 3474/1843
f 3477/1846 3471/1840 3478/1847
f 3471/1840 3473/1842 3478/1847
f 3479/1848 3480/1849 3481/1850
f 3480/1849 3482/1851 3481/1850
f 3483/1852 3477/1846 3484/1853
f 3477/1846 3478/1847 3484/1853
f 3480/1849 3483/1852 3482/1851
f 3483/1852 3484/1853 3482/1851
usemtl texture23
f 3427/1854 3428/1855 3429/1856
f 3428/1855 3430/1857 3429/1856
f 3431/1858 3432/1859 3433/1860
f 3432/1859 3434/1861 3433/1860
f 3428/1855 3435/1862 3430/1857
f 3435/1862 3436/1863 3430/1857
f 3432/1859 3437/1864 3434/1861
f 3437/1864 3438/1865 3434/1861
f 3435/1862 3439/1866 3436/1863
f 3439/1866 3440/1867 3436/1863
f 3437/1864 3441/1868 3438/1865
f 3441/1868 3442/1869 3438/1865
f 3439/1866 3442/1869 3440/1867
f 3442/1869 3441/1868 3440/1867
usemtl texture22
f 3389/1870 3390/1871 3391/1872
f 3390/1871 3392/1873 3391/1872
f 3393/1874 3394/1875 3392/1873
f 3394/1875 3391/1872 3392/1873
f 3395/1876 3396/1877 3393/1874
f 3396/1877 3394/1875 3393/1874
f 3397/1878 3398/1879 3395/1876
f 3398/1879 3396/1877 3395/1876
f 3399/1880 3400/1881 3397/1878
f 3400/1881 3398/1879 3397/1878
f 3401/1882 3402/1883 3399/1880
f 3402/1883 3400/1881 3399/1880
f 3403/1884 3404/1885 3401/1882
f 3404/1885 3402/1883 3401/1882
f 3405/1886 3406/1887 3403/1884
f 3406/1887 3404/1885 3403/1884
f 3407/1888 3408/1889 3405/1886
f 3408/1889 3406/1887 3405/1886
f 3409/1890 3410/1891 3407/1888
f 3410/1891 3408/1889 3407/1888
f 3411/1856 3412/1857 3413/1892
f 3412/1857 3414/1893 3413/1892
f 3415/1894 3416/1895 3417/1858
f 3416/1895 3418/1859 3417/1858
f 3412/1857 3419/1863 3414/1893
f 3419/1863 3420/1896 3414/1893
f 3416/1895 3421/1897 3418/1859
f 3421/1897 3422/1864 3418/1859
f 3419/1863 3423/1867 3420/1896
f 3423/1867 3424/1898 3420/1896
f 3421/1897 3425/1899 3422/1864
f 3425/1899 3426/1868 3422/1864
f 3423/1867 3426/1868 3424/1898
f 3426/1868 3425/1899 3424/1898
usemtl texture18
f 3275/1900 3276/1901 3277/1902
f 3276/1901 3278/1903 3277/1902
usemtl texture20
f 3327/1904 3328/1905 3329/1906
f 3328/1905 3330/1907 3329/1906
f 3331/1908 3332/1909 3333/1910
f 3332/1909 3334/1911 3333/1910
f 3335/1904 3336/1905 3337/1906
f 3336/1905 3338/1907 3337/1906
f 3339/1908 3340/1909 3341/1910
f 3340/1909 3342/1911 3341/1910
f 3343/1904 3344/1905 3345/1906
f 3344/1905 3346/1907 3345/1906
f 3347/1908 3348/1909 3349/1910
f 3348/1909 3350/1911 3349/1910
usemtl texture16
f 3202/1912 3203/1913 3204/1914
f 3203/1913 3205/1915 3204/1914
usemtl texture17
f 3206/1916 3207/1917 3208/1918
f 3207/1917 3209/1919 3208/1918
f 3210/1920 3211/1921 3212/1922
f 3211/1921 3213/1923 3212/1922
f 3214/1924 3215/1925 3216/1926
f 3215/1925 3217/1927 3216/1926
f 3210/1920 3218/1928 3211/1921
f 3218/1928 3219/1929 3211/1921
f 3215/1925 3220/1930 3217/1927
f 3220/1930 3221/1931 3217/1927
f 3218/1928 3222/1932 3219/1929
f 3222/1932 3223/1933 3219/1929
f 3220/1930 3224/1934 3221/1931
f 3224/1934 3225/1935 3221/1931
f 3226/1936 3227/1937 3222/1932
f 3227/1937 3223/1933 3222/1932
f 3224/1934 3228/1938 3225/1935
f 3228/1938 3229/1939 3225/1935
f 3230/1940 3231/1941 3226/1936
f 3231/1941 3227/1937 3226/1936
f 3228/1938 3232/1942 3229/1939
f 3232/1942 3233/1943 3229/1939
f 3234/1944 3235/1945 3230/1940
f 3235/1945 3231/1941 3230/1940
f 3232/1942 3236/1946 3233/1943
f 3236/1946 3237/1947 3233/1943
f 3238/1948 3239/1949 3234/1944
f 3239/1949 3235/1945 3234/1944
f 3236/1946 3240/1950 3237/1947
f 3240/1950 3241/1951 3237/1947
f 3238/1948 3242/1952 3239/1949
f 3242/1952 3243/1953 3239/1949
f 3240/1950 3244/1954 3241/1951
f 3244/1954 3245/1955 3241/1951
f 3246/1956 3247/1957 3248/1958
f 3247/1957 3249/1959 3248/1958
f 3250/1960 3251/1961 3242/1952
f 3251/1961 3243/1953 3242/1952
f 3252/1962 3253/1963 3254/1964
f 3253/1963 3255/1965 3254/1964
f 3244/1954 3256/1966 3245/1955
f 3256/1966 3257/1967 3245/1955
f 3258/1968 3259/1969 3260/1970
f 3259/1969 3261/1971 3260/1970
f 3262/1972 3263/1973 3264/1974
f 3264/1974 3263/1973 3265/1975
f 3259/1969 3266/1976 3261/1971
f 3266/1976 3267/1977 3261/1971
f 3268/1978 3269/1979 3262/1972
f 3262/1972 3269/1979 3263/1973
f 3269/1979 3268/1978 3270/1980
f 3268/1978 3271/1981 3270/1980
f 3266/1976 3272/1982 3267/1977
f 3272/1982 3273/1983 3267/1977
f 3269/1979 3270/1980 3274/1984
usemtl texture14
f 3168/1985 3169/1986 3170/1987
f 3169/1986 3171/1988 3170/1987
f 3172/1989 3173/1990 3174/1991
f 3173/1990 3175/1992 3174/1991
usemtl texture15
f 3176/1993 3177/1994 3178/1995
f 3177/1994 3179/1996 3178/1995
f 3180/1993 3181/1994 3182/1995
f 3181/1994 3183/1996 3182/1995
f 3184/1993 3185/1994 3186/1995
f 3185/1994 3187/1996 3186/1995
f 3188/1997 3189/1998 3190/1999
f 3188/1997 3191/2000 3189/1998
f 3192/2001 3191/2000 3188/1997
f 3193/2002 3191/2000 3192/2001
f 3193/2002 3192/2001 3194/2003
f 3195/2004 3196/2005 3197/2006
f 3195/2004 3198/2007 3196/2005
f 3195/2004 3199/2008 3198/2007
f 3198/2007 3199/2008 3200/2009
f 3200/2009 3199/2008 3201/2010
usemtl texture12
f 3130/2011 3131/2012 3132/2013
f 3131/2012 3133/2014 3132/2013
f 3130/2011 3134/2015 3131/2012
f 3134/2015 3133/2014 3131/2012
usemtl texture13
f 3135/2016 3136/2017 3137/2018
f 3138/2019 3136/2017 3135/2016
f 3136/2017 3139/2020 3137/2018
f 3138/2019 3139/2020 3136/2017
f 3140/2021 3141/2022 3142/1985
f 3141/2022 3143/1986 3142/1985
f 3144/2023 3141/2022 3145/2024
f 3141/2022 3140/2021 3145/2024
f 3146/2025 3144/2023 3147/2026
f 3144/2023 3145/2024 3147/2026
f 3148/2023 3146/2025 3149/2024
f 3146/2025 3147/2026 3149/2024
f 3150/2022 3148/2023 3151/2021
f 3148/2023 3149/2024 3151/2021
f 3152/1985 3153/1986 3151/2021
f 3153/1986 3150/2022 3151/2021
f 3154/2027 3155/2028 3156/1989
f 3155/2028 3157/1990 3156/1989
f 3158/2029 3155/2028 3159/2030
f 3155/2028 3154/2027 3159/2030
f 3160/2031 3158/2029 3161/2032
f 3158/2029 3159/2030 3161/2032
f 3162/2029 3160/2031 3163/2030
f 3160/2031 3161/2032 3163/2030
f 3164/2028 3162/2029 3165/2027
f 3162/2029 3163/2030 3165/2027
f 3166/1989 3167/1990 3165/2027
f 3167/1990 3164/2028 3165/2027
usemtl texture10
f 2977/2033 2978/2034 2979/2035
f 2978/2034 2980/2036 2979/2035
f 2981/2037 2982/2038 2983/2039
f 2982/2038 2984/2040 2983/2039
f 2985/2041 2986/2042 2987/2043
f 2986/2042 2988/2044 2987/2043
f 2989/2045 2990/2046 2991/2047
f 2990/2046 2992/2048 2991/2047
f 2993/2049 2994/2050 2995/2051
f 2994/2050 2996/2052 2995/2051
f 2997/2053 2994/2050 2998/2054
f 2994/2050 2993/2049 2998/2054
f 2999/2051 3000/2055 3001/2049
f 3002/2056 3001/2049 3000/2055
f 3003/2057 2997/2053 3004/2058
f 2997/2053 2998/2054 3004/2058
f 3004/2058 3005/2054 3006/2059
f 3005/2054 3002/2056 3006/2059
f 3007/2060 3003/2057 3008/2061
f 3003/2057 3004/2058 3008/2061
f 3004/2058 3006/2059 3008/2061
f 3008/2061 3006/2059 3009/2062
f 2999/2051 2996/2052 3010/2063
f 2996/2052 3011/2064 3010/2063
f 2999/2051 3010/2063 3012/2065
f 3012/2065 3010/2063 3013/2066
f 3014/2067 3008/2061 3015/2068
f 3008/2061 3009/2062 3015/2068
f 3016/2069 3007/2060 3014/2067
f 3007/2060 3008/2061 3014/2067
f 3014/2067 3015/2068 3017/2070
f 3017/2070 3015/2068 3018/2071
f 3019/2072 3016/2069 3020/2070
f 3016/2069 3014/2067 3020/2070
f 3021/2073 3022/2074 3023/2075
f 3023/2075 3022/2074 3018/2071
f 3024/2076 3019/2072 3025/2074
f 3019/2072 3020/2070 3025/2074
f 3026/2073 3027/2077 3025/2074
f 3027/2077 3024/2076 3025/2074
f 3002/2056 3005/2054 3001/2049
f 3022/2074 3017/2070 3018/2071
f 3028/2078 3029/2079 3030/2080
f 3029/2079 3031/2081 3030/2080
f 3032/2082 3033/2083 3034/2084
f 3033/2083 3035/2085 3034/2084
f 3033/2083 3032/2082 3036/2086
f 3036/2086 3032/2082 3037/2087
f 3038/2084 3039/2088 3040/2082
f 3041/2089 3040/2082 3039/2088
f 3036/2086 3037/2087 3042/2090
f 3042/2090 3037/2087 3043/2091
f 3043/2091 3044/2087 3045/2092
f 3044/2087 3041/2089 3045/2092
f 3042/2090 3043/2091 3046/2093
f 3046/2093 3043/2091 3047/2094
f 3043/2091 3045/2092 3047/2094
f 3047/2094 3045/2092 3048/2095
f 3038/2084 3035/2085 3049/2096
f 3035/2085 3050/2097 3049/2096
f 3038/2084 3049/2096 3051/2098
f 3051/2098 3049/2096 3052/2099
f 3053/2100 3047/2094 3054/2101
f 3047/2094 3048/2095 3054/2101
f 3055/2102 3046/2093 3053/2100
f 3046/2093 3047/2094 3053/2100
f 3053/2100 3054/2101 3056/2103
f 3056/2103 3054/2101 3057/2104
f 3058/2105 3055/2102 3059/2103
f 3055/2102 3053/2100 3059/2103
f 3060/2106 3061/2107 3062/2108
f 3062/2108 3061/2107 3057/2104
f 3063/2109 3058/2105 3064/2107
f 3058/2105 3059/2103 3064/2107
f 3065/2106 3066/2110 3064/2107
f 3066/2110 3063/2109 3064/2107
f 3041/2089 3044/2087 3040/2082
f 3061/2107 3056/2103 3057/2104
f 3067/2111 3068/2112 3069/2113
f 3068/2112 3070/2114 3069/2113
f 3068/2112 3071/2115 3070/2114
f 3071/2115 3072/2116 3070/2114
f 3071/2115 3073/2117 3072/2116
f 3073/2117 3074/2118 3072/2116
f 3073/2117 3075/2119 3074/2118
f 3075/2119 3076/2120 3074/2118
f 3075/2119 3077/2121 3076/2120
f 3077/2121 3078/2122 3076/2120
f 3077/2121 3079/2123 3078/2122
f 3079/2123 3080/2124 3078/2122
f 3079/2123 3081/2125 3080/2124
f 3081/2125 3082/2126 3080/2124
f 3083/2127 3084/2128 3081/2125
f 3084/2128 3082/2126 3081/2125
f 3085/2129 3086/2130 3087/2131
f 3086/2130 3088/2132 3087/2131
f 3083/2127 3089/2133 3084/2128
f 3089/2133 3090/2134 3084/2128
f 3091/2135 3092/2136 3093/2137
f 3092/2136 3094/2138 3093/2137
f 3092/2136 3095/2139 3094/2138
f 3095/2139 3096/2140 3094/2138
f 3095/2139 3097/2141 3096/2140
f 3097/2141 3098/2142 3096/2140
usemtl texture11
f 3099/2033 3100/2143 3101/2034
f 3100/2143 3102/2144 3101/2034
f 3103/2145 3104/2035 3105/2146
f 3104/2035 3106/2036 3105/2146
f 3107/2039 3108/2040 3109/2147
f 3108/2040 3110/2148 3109/2147
f 3111/2145 3105/2146 3112/2037
f 3105/2146 3113/2038 3112/2037
f 3114/2041 3115/2149 3116/2042
f 3115/2149 3117/2150 3116/2042
f 3118/2151 3119/2043 3120/2152
f 3119/2043 3121/2044 3120/2152
f 3122/2047 3123/2048 3124/2153
f 3123/2048 3125/2154 3124/2153
f 3126/2151 3127/2152 3128/2045
f 3127/2152 3129/2046 3128/2045
o Object_3
v 2050.000000 550.000916 -4750.000000
v 2050.000000 550.000610 -3050.000000
v 2050.000000 650.000916 -4750.000000
v 2049.999512 650.000610 -3050.000000
v 2050.000000 550.000916 -4750.000000
v 2200.000000 450.000763 -4700.000000
v 2050.000000 550.000610 -3050.000000
v 2200.000000 450.000519 -3100.000000
v 2350.000000 550.000549 -2750.000000
v 2349.999512 650.000549 -2750.000000
v 2350.000000 550.000549 -2750.000000
v 2400.000000 450.000458 -2900.000000
v 3075.000000 550.000549 -2750.000000
v 3000.000000 450.000458 -2900.001465
v 3075.000000 550.000549 -2750.000000
v 3075.000000 650.000549 -2750.000000
v 1500.918335 420.643799 -1869.999756
v 0.918300 420.643799 -1869.999756
v 1470.918457 390.643799 -1899.999756
v 0.918400 390.643799 -1899.999756
v 1379.102051 308.000366 -1187.518677
v 1379.102051 308.000458 -1412.480347
v 1538.086060 200.000198 -1230.119019
v 1538.086060 200.000198 -1230.119019
v 1491.582886 308.000366 -992.696350
v 1538.086060 200.000229 -1369.880859
v 1607.967163 200.000244 -1490.918579
v 1491.582886 308.000458 -1607.303101
v 1607.967163 200.000183 -1109.081543
v 1729.004883 200.000168 -1039.200073
v 1686.405273 308.000336 -880.215637
v 1729.004883 200.000168 -1039.200073
v 1911.366943 308.000366 -880.215637
v 1868.767212 200.000168 -1039.200073
v 1989.804810 200.000183 -1109.081299
v 2106.189209 308.000336 -992.696228
v -129.276093 160.000244 -970.723816
v -170.096268 100.000145 -874.999817
v -193.934052 100.000145 -906.065918
v -193.933990 100.000114 -693.934082
v -170.096207 100.000114 -725.000000
v -129.276001 160.000214 -629.275818
v -66.786797 160.000244 -862.488831
v -155.111206 100.000137 -838.822632
v -66.786690 160.000229 -737.510315
v -155.111206 100.000122 -761.177124
v -66.786797 160.000244 -862.488831
v -150.000107 100.000130 -800.000000
v -155.111206 100.000137 -838.822632
v -170.724014 760.000671 -3829.275146
v -129.903915 700.000427 -3924.999268
v -106.066116 700.000488 -3893.933594
v -75.000023 700.000427 -3870.095703
v -62.489410 760.000671 -3766.785400
v -38.822922 700.000488 -3855.110840
v -0.000120 700.000427 -3849.999268
v 62.489189 760.000671 -3766.785400
v 38.822681 700.000488 -3855.110840
v 74.999779 700.000427 -3870.095703
v 170.723877 760.000671 -3829.275146
v 106.065880 700.000488 -3893.933594
v 129.903671 700.000427 -3924.999268
v 233.213165 760.000732 -3937.509766
v 144.888672 700.000549 -3961.177002
v 149.999771 700.000549 -3999.999512
v 233.213074 760.000793 -4062.488281
v -93.733887 1490.001099 -5770.179688
v -112.499901 1400.000854 -5925.144531
v -58.234200 1400.000854 -5902.666992
v -0.000100 1400.000854 -5895.000000
v 93.733887 1490.001099 -5770.179688
v 58.234200 1400.000854 -5902.666992
v 112.499901 1400.000854 -5925.144531
v 256.085968 1490.001099 -5863.913574
v 159.098999 1400.000854 -5960.901367
v 194.855698 1400.000854 -6007.500000
v 349.819855 1490.001099 -6026.265625
v 217.333298 1400.000854 -6061.766113
v 349.819794 1490.001099 -6213.732910
v 224.999893 1400.000854 -6120.000000
v 217.333206 1400.000854 -6178.233887
v 2200.000000 -149.999237 -4700.000000
v 2200.000000 -4099.999023 -4700.000488
v 2200.000000 -149.999496 -3100.000000
v 2200.000000 -4099.999512 -3100.000732
v 2400.000000 -4099.999512 -2900.000732
v 2400.000000 -149.999527 -2900.000000
v 3000.000000 -4099.999512 -2900.000732
v 3000.000000 -149.999527 -2900.000000
v 2616.313477 -781.008545 -751.552856
v 2616.313477 -841.008545 -751.552856
v 1667.585938 -781.008545 -751.564575
v 1667.585938 -841.008545 -751.564575
v -159.999893 -160.160477 -1899.999878
v -159.999893 -4149.999512 -1900.000610
v -159.999893 -389.999664 -1974.999878
v -159.999893 -4149.999512 -1975.000610
v -159.999893 -389.999664 -1974.999756
v -119.999901 -765.999512 -1975.000000
v -119.999901 -4149.999512 -1975.000610
v -159.999893 -160.159698 -1974.999878
v -119.999901 -389.999390 -1975.000000
v -159.999893 -160.159698 -1974.999756
v -99.999901 -339.999542 -1974.999756
v -69.999901 -299.999542 -1974.999756
v -29.999901 -279.999542 -1974.999878
v 159.999893 -160.159698 -1974.999756
v 29.999901 -279.996185 -1974.999878
v 69.999901 -299.995972 -1974.999756
v 99.999901 -339.996185 -1974.999756
v 119.999901 -389.995972 -1975.000000
v 119.999901 -765.996399 -1975.000000
v 159.999893 -389.996246 -1974.999756
v 159.999893 -389.996246 -1974.999878
v 159.999893 -160.160477 -1899.999878
v 159.999893 -160.159698 -1974.999878
v 159.999893 -4149.999512 -1975.000610
v 119.999901 -4149.999512 -1975.000610
v 159.999893 -4149.999512 -1900.000610
v 1470.918457 -4149.999512 -1900.000610
v 1470.918457 -160.160492 -1899.999878
v 1989.805054 29.000071 -1109.081055
v 1868.767212 200.000168 -1039.200073
v 1868.767212 -610.000000 -1039.200195
v 1989.804932 -610.000000 -1109.081177
v 1989.804810 200.000183 -1109.081299
v 1538.086060 -610.000000 -1230.118896
v 1538.086304 -609.999939 -1369.881104
v 1538.086060 -3999.999756 -1230.119751
v 1538.086060 -3999.999756 -1369.882080
v 1538.086060 200.000229 -1369.880859
v 1538.086060 200.000198 -1230.119019
v 1607.967163 -609.999939 -1490.918823
v 1607.967163 -3999.999756 -1490.919800
v 1607.967163 -610.000000 -1109.081665
v 1607.967163 -3999.999756 -1109.082153
v 1607.967163 200.000183 -1109.081543
v 1607.967163 200.000244 -1490.918579
v 1729.004883 -610.000000 -1039.200195
v 1729.004883 -3999.999756 -1039.201172
v 1729.004883 200.000168 -1039.200073
v 1868.767212 -3999.999756 -1039.201172
v 1989.804932 -3999.999756 -1109.082153
v -170.096207 -499.999725 -874.999939
v -155.111206 -499.999756 -838.822754
v -170.096207 -3999.999756 -875.000671
v -155.111206 -3999.999756 -838.823486
v -170.096207 -4000.000000 -725.000793
v -155.111206 -3999.999756 -761.177979
v -170.096207 -499.999756 -725.000061
v -155.111206 -499.999756 -761.177246
v -170.096207 -49.999748 -874.999817
v -155.111206 -49.999752 -838.822693
v -170.096207 -499.999725 -874.999939
v -155.111206 -499.999756 -838.822754
v -170.096207 -499.999756 -725.000061
v -155.111206 -499.999756 -761.177246
v -170.096207 -49.999771 -725.000000
v -155.111206 -49.999763 -761.177124
v -150.000107 -499.999756 -800.000061
v -150.000107 -3999.999756 -800.000671
v -150.000107 -49.999760 -800.000000
v -150.000107 -499.999756 -800.000061
v -149.998047 -3999.999268 -4000.117920
v -144.886719 -3999.999268 -3961.293701
v -149.998047 -279.999481 -4000.115234
v -144.887695 -279.999481 -3961.292969
v -129.902344 -3999.999268 -3925.115967
v -129.902344 -279.999481 -3925.078125
v -106.064453 -3999.999268 -3894.012451
v -106.065430 -279.999481 -3894.011719
v -74.998047 -3999.999268 -3870.174561
v -75.000000 -279.999481 -3870.173828
v -38.921879 -3999.999268 -3855.170654
v -38.921879 -279.999481 -3855.169922
v -0.066410 -279.999481 -3850.039062
v -0.098630 -3999.999268 -3850.059326
v 38.755859 -279.999481 -3855.150391
v 38.756840 -3999.999268 -3855.151123
v 75.000000 -279.999481 -3870.095703
v 75.000977 -3999.999268 -3870.098389
v 106.065430 -279.999481 -3893.896484
v 106.067383 -3999.999268 -3893.897217
v 129.904297 -279.999481 -3924.960938
v 129.905273 -3999.999268 -3924.963623
v 144.888672 -279.999481 -3961.138672
v 144.889648 -3999.999268 -3961.139404
v 150.000000 -279.999481 -3999.960938
v 150.000977 -3999.999268 -3999.963623
v -149.999771 500.000397 -4000.000488
v -144.888611 500.000397 -3961.177734
v -149.999771 700.000427 -4000.000488
v -144.888611 700.000427 -3961.177734
v -129.903564 500.000397 -3925.000488
v -129.903564 700.000366 -3925.000488
v -106.065613 700.000366 -3893.934814
v -106.065613 500.000397 -3893.934814
v -74.999847 500.000397 -3870.096436
v -74.999847 700.000366 -3870.096436
v -38.822750 500.000397 -3855.111572
v -38.822750 700.000366 -3855.111572
v 0.000040 500.000397 -3850.000488
v 0.000040 700.000366 -3850.000488
v 38.822990 500.000397 -3855.111572
v 38.822990 700.000366 -3855.111572
v 75.000267 500.000397 -3870.096924
v 75.000267 700.000366 -3870.096924
v 106.066147 500.000397 -3893.934570
v 106.066147 700.000366 -3893.934570
v 129.904037 500.000397 -3925.000732
v 129.904037 700.000366 -3925.000732
v 144.889008 500.000397 -3961.177734
v 144.889099 700.000427 -3961.177490
v 149.999954 500.000397 -4000.000244
v 149.999954 700.000427 -4000.000244
v -159.099106 1300.001709 -5960.902832
v -159.098999 1150.000854 -5960.885742
v -112.500000 1250.001709 -5925.145996
v -112.499901 1150.000854 -5925.128906
v -159.098999 -4499.999512 -5960.968750
v -112.499901 -4499.999512 -5925.211914
v -159.098999 600.000854 -5960.888672
v -112.499901 600.000854 -5925.131836
v -58.234299 1290.001831 -5902.668457
v -58.234299 1150.000854 -5902.651855
v -58.234299 -4499.999512 -5902.734375
v -58.234299 600.000854 -5902.654297
v -112.499893 1400.000854 -5925.144531
v -159.098999 1400.000854 -5960.901367
v -58.234200 1400.000854 -5902.666992
v -0.000200 1290.001831 -5895.001953
v 0.000000 1150.000854 -5894.985352
v -0.000100 1400.000854 -5895.000000
v 0.000000 -4499.999512 -5895.067871
v 0.000000 600.000854 -5894.988281
v 58.234200 1400.000854 -5902.666992
v 58.234200 1290.001831 -5902.668457
v 58.234299 1150.000854 -5902.651855
v 58.234299 -4499.999512 -5902.734375
v 58.234299 600.000854 -5902.654297
v 112.499893 1400.000854 -5925.144531
v 112.499901 1250.001709 -5925.146973
v 159.098907 1300.001709 -5960.903320
v 159.098999 1400.000854 -5960.901367
v 112.499901 1150.000854 -5925.128906
v 112.499901 -4499.999512 -5925.211914
v 112.499901 600.000854 -5925.131836
v 194.855698 1400.000854 -6007.500000
v 159.098999 1150.000854 -5960.885742
v 159.098999 -4499.999512 -5960.968750
v 159.098999 600.000854 -5960.888672
v 194.855698 1150.000854 -6007.485352
v 194.855698 -4499.999512 -6007.567871
v 194.855698 600.000854 -6007.490234
v 217.333206 -4499.999512 -6061.833496
v 217.333206 600.000854 -6061.756348
v 217.333206 1150.000854 -6061.750977
v 217.333298 1400.000854 -6061.766113
v 224.999893 -4499.999512 -6120.067871
v 224.999893 600.000854 -6119.990723
v 224.999893 1150.000854 -6119.985352
v 224.999893 1400.000854 -6120.000000
v 2200.000000 -149.999496 -3100.000000
v 2200.000000 150.000504 -3100.000000
v 2200.000000 -149.999237 -4700.000000
v 2200.000000 150.000763 -4700.000000
v 2400.000000 150.000473 -2900.000000
v 2400.000000 -149.999527 -2900.000000
v 3000.000000 150.000473 -2900.000000
v 3000.000000 -149.999527 -2900.000000
v 2200.000000 450.000763 -4700.000000
v 2200.000000 150.000763 -4700.000000
v 2200.000000 450.000519 -3100.000000
v 2200.000000 150.000504 -3100.000000
v 2400.000000 450.000458 -2900.000000
v 2400.000000 150.000473 -2900.000000
v 3000.000000 450.000458 -2900.001465
v 3000.000000 150.000473 -2900.000000
v 2160.000244 815.000793 -4160.000000
v 2160.000244 815.000854 -4440.000000
v 2160.000244 650.000793 -4160.000000
v 2160.000244 650.000854 -4440.000000
v 2210.000244 875.000732 -3759.999756
v 2210.000244 875.000793 -4039.999756
v 2210.000244 650.000732 -3760.000000
v 2210.000244 650.000793 -4040.000000
v 2260.000244 830.000610 -2909.562256
v 2260.000244 830.000671 -3189.562256
v 2260.000244 650.000610 -2909.562500
v 2260.000244 650.000671 -3189.562500
v 2440.000000 815.000793 -4160.000000
v 2160.000244 815.000793 -4160.000000
v 2440.000488 650.000793 -4160.000000
v 2160.000244 650.000793 -4160.000000
v 2490.000000 875.000732 -3759.999756
v 2210.000244 875.000732 -3759.999756
v 2490.000488 650.000732 -3760.000000
v 2210.000244 650.000732 -3760.000000
v 2540.000000 830.000610 -2909.562256
v 2260.000244 830.000610 -2909.562256
v 2540.000488 650.000610 -2909.562500
v 2260.000244 650.000610 -2909.562500
v -19.312300 925.180420 -2082.735107
v -199.312302 925.180420 -2082.735107
v -19.312300 575.180481 -2082.735352
v -199.312302 575.180481 -2082.735352
v 30.687401 590.224182 -2034.658936
v -249.312103 590.224182 -2034.658936
v 30.688000 425.224213 -2034.658936
v -249.312103 425.224213 -2034.658936
v -19.312300 925.180420 -2266.582764
v -19.312300 925.180420 -2082.735107
v -19.312300 575.180481 -2266.583008
v -19.312300 575.180481 -2082.735352
v 30.688101 590.224243 -2314.659180
v 30.687401 590.224182 -2034.658936
v 30.688000 425.224243 -2314.659180
v 30.688000 425.224213 -2034.658936
v 160.753799 600.000183 -2034.019409
v 160.753799 600.000244 -2354.019531
v 160.753799 425.224213 -2034.019409
v 160.753799 425.224274 -2354.019531
v 210.753601 1000.180420 -2102.095459
v 210.753601 1000.180420 -2285.943115
v 210.753601 600.000244 -2102.095703
v 210.753601 600.000244 -2285.943359
v 390.753601 1000.180420 -2102.095459
v 210.753601 1000.180420 -2102.095459
v 390.753601 600.000244 -2102.095703
v 210.753601 600.000244 -2102.095703
v 440.753387 600.000183 -2034.019409
v 160.753799 600.000183 -2034.019409
v 440.753998 425.224213 -2034.019409
v 160.753799 425.224213 -2034.019409
v 390.753601 1000.180420 -2285.943115
v 390.753601 1000.180420 -2102.095459
v 390.753601 600.000244 -2285.943359
v 390.753601 600.000244 -2102.095703
v 440.754089 600.000244 -2354.019531
v 440.753387 600.000183 -2034.019409
v 440.753998 425.224274 -2354.019531
v 440.753998 425.224213 -2034.019409
v 619.729797 575.180420 -2051.936768
v 619.729797 575.180481 -2331.936768
v 619.729797 425.224213 -2051.936768
v 619.729797 425.224243 -2331.936768
v 669.729614 925.180420 -2100.012451
v 669.729614 925.180420 -2283.860107
v 669.729614 575.180481 -2100.012695
v 669.729614 575.180481 -2283.860352
v 849.729614 925.180420 -2100.012451
v 669.729614 925.180420 -2100.012451
v 849.729614 575.180481 -2100.012695
v 669.729614 575.180481 -2100.012695
v 899.729370 575.180420 -2051.936768
v 619.729797 575.180420 -2051.936768
v 899.729980 425.224213 -2051.936768
v 619.729797 425.224213 -2051.936768
v 849.729614 925.180420 -2283.860107
v 849.729614 925.180420 -2100.012451
v 849.729614 575.180481 -2283.860352
v 849.729614 575.180481 -2100.012695
v 899.730103 575.180481 -2331.936768
v 899.729370 575.180420 -2051.936768
v 899.729980 425.224243 -2331.936768
v 899.729980 425.224213 -2051.936768
v 1065.426758 725.180420 -2041.627808
v 1065.426758 725.180481 -2225.475586
v 1065.426758 425.180511 -2041.627808
v 1065.426758 425.180542 -2225.475586
v 1245.426758 725.180420 -2041.627808
v 1065.426758 725.180420 -2041.627808
v 1245.426758 425.180511 -2041.627808
v 1065.426758 425.180511 -2041.627808
v 1245.426758 725.180481 -2225.475586
v 1245.426758 725.180420 -2041.627808
v 1245.426758 425.180542 -2225.475586
v 1245.426758 425.180511 -2041.627808
v 2186.863037 1150.000854 -4413.136719
v 2413.137207 1150.000854 -4413.136719
v 2186.863037 1150.000854 -4186.863281
v 2413.137207 1150.000854 -4186.863281
v 2207.915771 987.841064 -3572.346924
v 2434.189941 987.841064 -3572.346924
v 2207.915771 987.841064 -3346.073242
v 2434.189941 987.841003 -3346.073486
v 2236.863037 1150.000732 -4013.136475
v 2463.137207 1150.000732 -4013.136475
v 2236.863037 1150.000732 -3786.863037
v 2463.137207 1150.000732 -3786.863037
v 2286.863037 1175.000610 -3162.698975
v 2513.137207 1175.000610 -3162.698975
v 2286.863037 1175.000610 -2936.425537
v 2513.137207 1175.000610 -2936.425537
v -222.449203 925.180420 -2287.795654
v 3.824800 925.180420 -2287.795654
v -222.449203 925.180359 -2061.522217
v 3.824800 925.180359 -2061.522217
v 187.616592 1000.180420 -2307.156006
v 413.890808 1000.180420 -2307.156006
v 187.616592 1000.180359 -2080.882568
v 413.890778 1000.180359 -2080.882568
v 646.592590 925.180420 -2305.072998
v 872.866821 925.180420 -2305.072998
v 646.592590 925.180359 -2078.799561
v 872.866882 925.180359 -2078.799561
v 1042.289551 725.180481 -2246.688477
v 1268.563843 725.180481 -2246.688477
v 1042.289551 725.180420 -2020.414917
v 1268.563843 725.180420 -2020.414917
v 0.000000 1150.000854 -6344.984375
v 0.000000 1150.000854 -6119.984863
v -58.234299 1150.000854 -6337.318359
v -58.234299 1150.000854 -6119.984863
v 0.000000 1150.000854 -5894.985352
v -58.234299 1150.000854 -5902.651855
v 58.234299 1150.000854 -6337.318359
v 58.234299 1150.000854 -6119.984863
v 58.234299 1150.000854 -5902.651855
v 2210.000000 1150.000854 -4208.076172
v 2210.000000 1150.000854 -4391.923828
v 2210.000000 800.000793 -4208.076172
v 2210.000000 800.000854 -4391.923828
v 2231.052734 987.841003 -3367.286377
v 2231.052734 987.841003 -3551.134033
v 2231.052734 637.841003 -3367.286621
v 2231.052734 637.841003 -3551.134277
v 2260.000000 950.000854 -4608.076172
v 2260.000000 950.000916 -4791.923828
v 2260.000000 650.000854 -4608.076172
v 2260.000000 650.000916 -4791.923828
v 2260.000000 1150.000732 -3808.075928
v 2260.000000 1150.000732 -3991.923584
v 2260.000000 850.000732 -3808.075928
v 2260.000000 850.000793 -3991.923584
v 2390.000000 1150.000854 -4208.076172
v 2390.000000 800.000793 -4208.076172
v 2310.000000 1175.000610 -2957.638428
v 2310.000000 1175.000610 -3141.486084
v 2310.000000 825.000610 -2957.638428
v 2310.000000 825.000610 -3141.486084
v 2411.052734 987.841003 -3367.286377
v 2411.052734 637.841003 -3367.286621
v 2440.000000 950.000854 -4608.076172
v 2440.000000 650.000854 -4608.076172
v 2440.000000 1150.000732 -3808.075928
v 2440.000000 850.000732 -3808.075928
v 2490.000000 1175.000610 -2957.638428
v 2490.000000 825.000610 -2957.638428
v 2300.000000 1675.000732 -4299.999512
v 2186.863037 1150.000854 -4413.136719
v 2186.863037 1150.000854 -4186.863281
v 2321.052734 1512.841187 -3459.210205
v 2207.915771 987.841064 -3572.346924
v 2207.915771 987.841064 -3346.073242
v 2350.000000 1400.000854 -4700.000000
v 2236.863037 950.000916 -4813.136719
v 2236.863037 950.000854 -4586.863281
v 2350.000000 1600.000610 -3899.999756
v 2236.863037 1150.000732 -4013.136475
v 2236.863037 1150.000732 -3786.863037
v 2413.137207 1150.000854 -4186.863281
v 2434.189941 987.841003 -3346.073486
v 2400.000000 1700.000488 -3049.562256
v 2286.863037 1175.000610 -3162.698975
v 2286.863037 1175.000610 -2936.425537
v 2463.137207 950.000854 -4586.863281
v 2463.137207 1150.000732 -3786.863037
v 2513.137207 1175.000610 -2936.425537
v 794.334656 -5.640191 -609.394043
v 674.334656 -5.640210 -489.394226
v 554.334900 -5.640191 -609.394043
v 311.319824 218.076233 -1890.000000
v 311.319824 218.076233 -1872.500000
v 311.319824 158.076233 -1890.000000
v 311.319824 158.076233 -1872.500000
v 324.999939 233.076233 -1872.500000
v 324.999939 233.076233 -1890.000000
v 344.999939 238.076233 -1872.500000
v 344.999939 238.076233 -1890.000000
v 364.999939 233.076233 -1872.500000
v 364.999939 233.076233 -1890.000000
v 378.680054 218.076233 -1872.500000
v 378.680054 218.076233 -1890.000000
v 378.680054 158.076233 -1890.000000
v 378.680054 158.076233 -1872.500000
v 811.319824 280.716858 -1890.000000
v 811.319824 280.716858 -1872.500000
v 811.319824 220.716858 -1890.000000
v 811.319824 220.716858 -1872.500000
v 824.999939 295.716858 -1872.500000
v 824.999939 295.716858 -1890.000000
v 844.999939 300.716858 -1872.500000
v 844.999878 300.716858 -1890.000000
v 864.999939 295.716858 -1872.500000
v 864.999939 295.716858 -1890.000000
v 878.680054 280.716858 -1872.500000
v 878.679993 280.716858 -1890.000000
v 878.680054 220.716858 -1890.000000
v 878.680054 220.716858 -1872.500000
v 1211.319824 219.439758 -1890.000000
v 1211.319824 219.439758 -1872.500000
v 1211.319824 159.439758 -1890.000000
v 1211.319824 159.439758 -1872.500000
v 1225.000000 234.439758 -1872.500000
v 1225.000000 234.439758 -1890.000000
v 1245.000000 239.439758 -1872.500000
v 1245.000000 239.439758 -1890.000000
v 1265.000000 234.439758 -1872.500000
v 1265.000000 234.439758 -1890.000000
v 1278.680054 219.439758 -1872.500000
v 1278.680054 219.439758 -1890.000000
v 1278.680054 159.439758 -1890.000000
v 1278.680054 159.439758 -1872.500000
v -89.598633 284.709778 -1890.000000
v -89.598633 284.709778 -1872.500000
v -89.598633 224.709778 -1890.000000
v -89.598633 224.709778 -1872.500000
v -75.918518 299.709778 -1872.500000
v -75.918518 299.709778 -1890.000000
v -55.918522 304.709778 -1872.500000
v -55.918522 304.709778 -1890.000000
v -35.918522 299.709778 -1872.500000
v -35.918522 299.709778 -1890.000000
v -22.238400 284.709778 -1872.500000
v -22.238400 284.709778 -1890.000000
v -22.238400 224.709778 -1890.000000
v -22.238400 224.709778 -1872.500000
v 554.334900 -5.640200 -549.394043
v 554.334900 2294.359863 -549.393677
v 554.334900 -5.640191 -609.394043
v 554.334900 2294.359863 -609.393677
v 554.334900 -4000.000000 -549.394714
v 554.334900 -405.640289 -549.394104
v 554.334900 -4000.000000 -609.394714
v 554.334900 -405.640289 -609.394104
v 478.375000 -274.920197 -489.394257
v 576.355957 -136.357071 -659.099609
v 772.313538 -274.923340 -659.099670
v 674.332581 -413.486237 -489.394257
v 674.336975 2.205890 -489.394226
v 772.313538 -274.923340 -659.099670
v 576.355957 -136.357071 -659.099609
v 870.294678 -136.360153 -489.394226
v 674.334656 -405.640289 -489.394287
v 794.334656 -405.640289 -609.394104
v 554.334900 -405.640289 -609.394104
v 1443.838013 -181.010117 -841.564941
v 1443.838013 -181.010132 -731.564941
v 1443.838013 73.989960 -551.564941
v 1443.838013 8.989955 -521.564941
v 1443.838013 8.989955 -521.564941
v 1443.838013 -181.010132 -731.564941
v 1493.838013 8.989955 -521.564941
v 1493.838013 -181.010132 -731.564941
v 1493.838013 8.989929 -361.564941
v 1493.838013 8.989955 -521.564941
v 1493.838013 -181.010132 -731.564941
v 159.999893 -160.160477 -1899.999878
v -159.999893 -160.160477 -1899.999878
v 159.999893 -160.159698 -1974.999878
v -159.999893 -160.159698 -1974.999878
v 311.319824 158.076233 -1890.000000
v 311.319824 158.076233 -1872.500000
v 378.680054 158.076233 -1890.000000
v 378.680054 158.076233 -1872.500000
v 811.319824 220.716858 -1890.000000
v 811.319824 220.716858 -1872.500000
v 878.680054 220.716858 -1890.000000
v 878.680054 220.716858 -1872.500000
v 1211.319824 159.439758 -1890.000000
v 1211.319824 159.439758 -1872.500000
v 1278.680054 159.439758 -1890.000000
v 1278.680054 159.439758 -1872.500000
v -89.598633 224.709778 -1890.000000
v -89.598633 224.709778 -1872.500000
v -22.238400 224.709778 -1890.000000
v -22.238400 224.709778 -1872.500000
v 0.918400 390.643799 -1899.999756
v 0.918400 148.300995 -1899.999756
v 1470.918457 390.643799 -1899.999756
v 1470.918457 148.300995 -1899.999878
v 311.319824 218.076233 -1872.500000
v 304.999939 228.076233 -1872.500000
v 299.999939 218.076233 -1872.500000
v 389.999939 218.076233 -1872.500000
v 384.999939 228.076233 -1872.500000
v 378.680054 218.076233 -1872.500000
v 299.999939 218.076233 -1872.500000
v 299.999939 218.076233 -1900.000000
v 299.999939 148.076233 -1872.500000
v 299.999939 148.076233 -1900.000000
v 304.999939 228.076233 -1900.000000
v 304.999939 228.076233 -1872.500000
v 299.999939 148.076233 -1872.500000
v 311.319824 158.076233 -1872.500000
v 319.999939 243.076233 -1900.000000
v 319.999939 243.076233 -1872.500000
v 324.999939 233.076233 -1872.500000
v 344.999939 248.076233 -1900.000000
v 344.999939 248.076233 -1872.500000
v 344.999939 238.076233 -1872.500000
v 389.999939 148.076233 -1872.500000
v 389.999939 148.076233 -1900.000000
v 311.319824 158.076233 -1872.500000
v 378.680054 158.076233 -1872.500000
v 369.999939 243.076233 -1872.500000
v 364.999939 233.076233 -1872.500000
v 369.999939 243.076233 -1900.000000
v 384.999939 228.076233 -1900.000000
v 384.999939 228.076233 -1872.500000
v 389.999939 148.076233 -1872.500000
v 378.680054 158.076233 -1872.500000
v 389.999939 218.076233 -1900.000000
v 389.999939 218.076233 -1872.500000
v 389.999939 148.076233 -1872.500000
v 389.999939 148.076233 -1900.000000
v 811.319824 280.716858 -1872.500000
v 804.999939 290.716858 -1872.500000
v 799.999939 280.716858 -1872.500000
v 889.999939 280.716858 -1872.500000
v 884.999939 290.716858 -1872.500000
v 878.679993 280.716858 -1872.500000
v 799.999939 280.716858 -1872.500000
v 799.999939 280.716858 -1900.000000
v 799.999939 210.716858 -1872.500000
v 799.999939 210.716858 -1900.000000
v 804.999939 290.716858 -1900.000000
v 804.999939 290.716858 -1872.500000
v 799.999939 210.716858 -1872.500000
v 811.319824 220.716858 -1872.500000
v 819.999939 305.716858 -1900.000000
v 819.999939 305.716858 -1872.500000
v 824.999939 295.716858 -1872.500000
v 844.999939 310.716858 -1900.000000
v 844.999939 310.716858 -1872.500000
v 844.999939 300.716858 -1872.500000
v 889.999939 210.716858 -1872.500000
v 889.999939 210.716858 -1900.000000
v 811.319824 220.716858 -1872.500000
v 878.680054 220.716858 -1872.500000
v 869.999939 305.716858 -1872.500000
v 864.999939 295.716858 -1872.500000
v 869.999939 305.716858 -1900.000000
v 884.999939 290.716858 -1900.000000
v 884.999939 290.716858 -1872.500000
v 889.999939 210.716858 -1872.500000
v 878.680054 220.716858 -1872.500000
v 889.999939 280.716858 -1900.000000
v 889.999939 280.716858 -1872.500000
v 889.999939 210.716858 -1872.500000
v 889.999939 210.716858 -1900.000000
v 1211.319824 219.439758 -1872.500000
v 1205.000000 229.439758 -1872.500000
v 1200.000000 219.439758 -1872.500000
v 1290.000000 219.439758 -1872.500000
v 1285.000000 229.439758 -1872.500000
v 1278.680054 219.439758 -1872.500000
v 1200.000000 219.439758 -1872.500000
v 1200.000000 219.439758 -1900.000000
v 1200.000000 149.439758 -1872.500000
v 1200.000000 149.439758 -1900.000000
v 1205.000000 229.439758 -1900.000000
v 1205.000000 229.439758 -1872.500000
v 1200.000000 149.439758 -1872.500000
v 1211.319824 159.439758 -1872.500000
v 1220.000000 244.439758 -1900.000000
v 1220.000000 244.439758 -1872.500000
v 1225.000000 234.439758 -1872.500000
v 1245.000000 249.439758 -1900.000000
v 1245.000000 249.439758 -1872.500000
v 1245.000000 239.439758 -1872.500000
v 1290.000000 149.439758 -1872.500000
v 1290.000000 149.439758 -1900.000000
v 1211.319824 159.439758 -1872.500000
v 1278.680054 159.439758 -1872.500000
v 1270.000000 244.439758 -1872.500000
v 1265.000000 234.439758 -1872.500000
v 1270.000000 244.439758 -1900.000000
v 1285.000000 229.439758 -1900.000000
v 1285.000000 229.439758 -1872.500000
v 1290.000000 149.439758 -1872.500000
v 1278.680054 159.439758 -1872.500000
v 1290.000000 219.439758 -1900.000000
v 1290.000000 219.439758 -1872.500000
v 1290.000000 149.439758 -1872.500000
v 1290.000000 149.439758 -1900.000000
v -100.918518 284.709778 -1872.500000
v -100.918518 284.709778 -1900.000000
v -100.918518 214.709778 -1872.500000
v -100.918518 214.709778 -1900.000000
v -95.918518 294.709778 -1900.000000
v -95.918518 294.709778 -1872.500000
v -100.918518 214.709778 -1872.500000
v -89.598633 224.709778 -1872.500000
v -100.918518 284.709778 -1872.500000
v -89.598633 284.709778 -1872.500000
v -80.918518 309.709778 -1900.000000
v -80.918518 309.709778 -1872.500000
v -95.918518 294.709778 -1872.500000
v -75.918518 299.709778 -1872.500000
v -55.918522 314.709778 -1900.000000
v -55.918522 314.709778 -1872.500000
v -55.918522 304.709778 -1872.500000
v -10.918520 214.709778 -1872.500000
v -10.918520 214.709778 -1900.000000
v -89.598633 224.709778 -1872.500000
v -22.238400 224.709778 -1872.500000
v -30.918520 309.709778 -1872.500000
v -35.918522 299.709778 -1872.500000
v -30.918520 309.709778 -1900.000000
v -15.918520 294.709778 -1872.500000
v -22.238400 284.709778 -1872.500000
v -15.918520 294.709778 -1900.000000
v -15.918520 294.709778 -1872.500000
v -10.918520 214.709778 -1872.500000
v -10.918520 284.709778 -1872.500000
v -22.238400 224.709778 -1872.500000
v -10.918520 284.709778 -1900.000000
v -10.918520 284.709778 -1872.500000
v -10.918520 214.709778 -1872.500000
v -10.918520 214.709778 -1900.000000
v -155.111206 -49.999752 -838.822693
v -170.096207 -49.999748 -874.999817
v -155.111206 100.000137 -838.822632
v -170.096268 100.000145 -874.999878
v -150.000107 -49.999760 -800.000000
v -150.000107 100.000130 -800.000000
v -155.111206 -49.999763 -761.177124
v -155.111206 100.000122 -761.177063
v -170.096207 -49.999771 -725.000000
v -170.096207 100.000114 -725.000000
v -159.098999 600.000854 -5960.888672
v -112.499901 600.000854 -5925.131836
v -159.098999 1150.000854 -5960.885742
v -112.499901 1150.000854 -5925.128906
v -58.234299 600.000854 -5902.654297
v -58.234299 1150.000854 -5902.651855
v -58.234299 1150.000854 -6337.318359
v -58.234299 600.000854 -6119.988281
v -58.234299 600.000916 -6337.321289
v -58.234299 1150.000854 -5902.651855
v -58.234299 600.000854 -5902.654297
v -58.234299 1150.000854 -6119.984863
v 58.234299 600.000854 -6119.988281
v 58.234299 1150.000854 -6337.318359
v 58.234299 600.000916 -6337.321289
v 58.234299 600.000854 -5902.654297
v 58.234299 1150.000854 -5902.651855
v 58.234299 1150.000854 -6119.984863
v 58.234299 600.000854 -5902.654297
v 112.499901 600.000854 -5925.131836
v 58.234299 1150.000854 -5902.651855
v 112.499901 1150.000854 -5925.128906
v 159.098999 600.000854 -5960.888672
v 159.098999 1150.000854 -5960.885742
v 194.855698 600.000854 -6007.490234
v 194.855698 1150.000854 -6007.485352
v 217.333206 600.000854 -6061.756348
v 217.333206 1150.000854 -6061.750977
v 224.999893 600.000854 -6119.990723
v 224.999893 1150.000854 -6119.985352
v 1500.918335 460.643799 -1869.999756
v 0.918400 460.643799 -1869.999756
v 1500.918335 420.643799 -1869.999756
v 0.918300 420.643799 -1869.999756
v -119.999901 -4149.999512 -1975.000610
v -119.999901 -4150.000000 -2425.000732
v -119.999901 -765.999512 -1975.000000
v -119.999901 -765.998657 -2425.000244
v -119.999901 -389.999390 -1975.000000
v -119.999901 -389.998505 -2425.000000
v -119.999901 -389.999390 -1975.000000
v -119.999901 -389.998505 -2425.000000
v -99.999901 -339.998688 -2425.000000
v -99.999901 -339.999542 -1974.999634
v -69.999901 -299.998596 -2425.000000
v -69.999901 -299.999542 -1974.999634
v -29.999901 -279.998688 -2425.000000
v -29.999901 -279.999542 -1974.999878
v 29.999901 -279.996185 -1974.999878
v 29.999901 -279.998688 -2425.000000
v 69.999901 -299.995972 -1974.999634
v 69.999901 -299.998596 -2425.000000
v 99.999901 -339.996185 -1974.999634
v 99.999901 -339.998688 -2425.000000
v 119.999901 -389.995972 -1975.000000
v 119.999901 -389.998505 -2425.000000
v 119.999901 -4149.999512 -1975.000610
v 119.999901 -765.996399 -1975.000000
v 119.999901 -4150.000000 -2425.000732
v 119.999901 -765.998718 -2425.000244
v 119.999901 -389.995972 -1975.000000
v 119.999901 -389.998505 -2425.000000
v 0.918400 148.300995 -1899.999634
v -159.999893 -160.160477 -1899.999878
v 159.999893 -160.160477 -1899.999878
v 1470.918457 148.300995 -1899.999878
v 1470.918457 -160.160492 -1899.999878
v 311.319824 158.076233 -1890.000000
v 324.999939 233.076233 -1890.000000
v 311.319824 218.076233 -1890.000000
v 344.999908 238.076233 -1890.000000
v 378.680054 158.076233 -1890.000000
v 364.999939 233.076233 -1890.000000
v 378.680054 218.076233 -1890.000000
v 327.906860 238.150208 -1882.018555
v 322.706909 238.150208 -1882.018555
v 327.906860 158.076233 -1882.018555
v 322.706909 158.076233 -1882.018555
v 346.794006 238.150208 -1881.293457
v 341.594055 238.150208 -1881.293457
v 346.794006 158.076233 -1881.292969
v 341.594055 158.076233 -1881.293457
v 365.888855 238.150208 -1880.624023
v 360.688904 238.150208 -1880.624023
v 365.888916 158.076233 -1880.624023
v 360.688904 158.076233 -1880.624023
v 811.319824 220.716858 -1890.000000
v 824.999939 295.716858 -1890.000000
v 811.319824 280.716858 -1890.000000
v 844.999817 300.716858 -1890.000000
v 878.679993 220.716858 -1890.000000
v 864.999939 295.716858 -1890.000000
v 878.679993 280.716858 -1890.000000
v 827.906860 300.790833 -1882.018555
v 822.706909 300.790833 -1882.018555
v 827.906860 220.716858 -1882.018555
v 822.706909 220.716858 -1882.018555
v 846.794006 300.790833 -1881.293457
v 841.594055 300.790833 -1881.293457
v 846.794006 220.716858 -1881.292969
v 841.594055 220.716858 -1881.293457
v 865.888855 300.790833 -1880.624023
v 860.688904 300.790833 -1880.624023
v 865.888916 220.716858 -1880.624023
v 860.688904 220.716858 -1880.624023
v 1211.319824 159.439758 -1890.000000
v 1225.000000 234.439758 -1890.000000
v 1211.319824 219.439758 -1890.000000
v 1245.000000 239.439758 -1890.000000
v 1278.680054 159.439758 -1890.000000
v 1265.000000 234.439758 -1890.000000
v 1278.680054 219.439758 -1890.000000
v 1227.906860 239.513733 -1882.018555
v 1222.706909 239.513733 -1882.018555
v 1227.906860 159.439758 -1882.018555
v 1222.706909 159.439758 -1882.018555
v 1246.793945 239.513733 -1881.293457
v 1241.593994 239.513733 -1881.293457
v 1246.793945 159.439758 -1881.292969
v 1241.593994 159.439758 -1881.293457
v 1265.888916 239.513733 -1880.624023
v 1260.688965 239.513733 -1880.624023
v 1265.888916 159.439758 -1880.624023
v 1260.688965 159.439758 -1880.624023
v -73.011597 304.783752 -1882.018555
v -78.211548 304.783752 -1882.018555
v -73.011597 224.709778 -1882.018555
v -78.211548 224.709778 -1882.018555
v -54.124451 304.783752 -1881.293457
v -59.324402 304.783752 -1881.293457
v -54.124451 224.709778 -1881.292969
v -59.324402 224.709778 -1881.293457
v -89.598633 224.709778 -1890.000000
v -75.918518 299.709778 -1890.000000
v -89.598633 284.709778 -1890.000000
v -55.918522 304.709778 -1890.000000
v -35.029598 304.783752 -1880.624023
v -40.229549 304.783752 -1880.624023
v -35.029541 224.709778 -1880.624023
v -40.229549 224.709778 -1880.624023
v -22.238400 224.709778 -1890.000000
v -35.918522 299.709778 -1890.000000
v -22.238400 284.709778 -1890.000000
v -109.312286 1352.622803 -2174.658936
v -222.449203 925.180420 -2287.795654
v -222.449203 925.180359 -2061.522217
v -109.312286 1352.622803 -2174.658936
v -222.449203 925.180359 -2061.522217
v 3.824800 925.180359 -2061.522217
v 3.824800 925.180359 -2061.522217
v 3.824800 925.180420 -2287.795654
v 300.753601 1500.180542 -2194.019287
v 187.616592 1000.180420 -2307.156006
v 187.616592 1000.180359 -2080.882568
v 300.753601 1500.180542 -2194.019287
v 187.616592 1000.180359 -2080.882568
v 413.890778 1000.180359 -2080.882568
v 413.890778 1000.180359 -2080.882568
v 413.890808 1000.180420 -2307.156006
v 759.729675 1352.622803 -2191.936279
v 646.592590 925.180420 -2305.072998
v 646.592590 925.180359 -2078.799561
v 759.729675 1352.622803 -2191.936279
v 646.592590 925.180359 -2078.799561
v 872.866882 925.180359 -2078.799561
v 872.866882 925.180359 -2078.799561
v 872.866821 925.180420 -2305.072998
v 1155.426758 1165.674683 -2133.551514
v 1042.289551 725.180481 -2246.688477
v 1042.289551 725.180420 -2020.414917
v 1155.426758 1165.674683 -2133.551514
v 1042.289551 725.180420 -2020.414917
v 1268.563843 725.180420 -2020.414917
v 1268.563843 725.180420 -2020.414917
v 1268.563843 725.180481 -2246.688477
v 1538.086060 380.000336 -1369.880615
v 1379.102051 308.000458 -1412.480347
v 1379.102051 308.000366 -1187.518677
v 1491.582886 308.000458 -1607.303101
v 1538.086060 380.000336 -1230.118286
v 1607.967285 380.000366 -1490.918579
v 1607.967163 380.000305 -1109.080444
v 1491.582886 308.000366 -992.696350
v 1729.004883 380.000305 -1039.199463
v 1686.405273 308.000336 -880.215576
v 1682.894775 506.000275 -1184.008179
v 1756.430298 506.000275 -1141.552368
v 1640.439087 506.000305 -1257.543579
v 1798.885864 1055.000366 -1299.999512
v 1640.439087 506.000305 -1342.455078
v 1682.894775 506.000336 -1415.990601
v 1682.894775 506.000275 -1184.008179
v 1868.767212 380.000305 -1039.199463
v 1841.341553 506.000275 -1141.552368
v 1911.366821 308.000366 -880.215576
v 1914.877319 506.000275 -1184.008179
v 1989.804810 380.000305 -1109.080444
v 2106.189209 308.000336 -992.696228
v 1491.582886 308.000366 -992.696350
v 1607.967163 380.000305 -1109.080444
v -155.111206 200.000244 -838.822388
v -129.276093 160.000244 -970.723816
v -193.934006 200.000229 -906.065674
v -193.933975 200.000214 -693.933594
v -129.276001 160.000214 -629.275818
v -155.111206 200.000229 -761.176758
v -66.786690 160.000229 -737.510315
v -66.786797 160.000244 -862.488831
v -144.888916 800.000793 -3961.176270
v -170.724014 760.000671 -3829.275146
v -106.066116 800.000732 -3893.932861
v -88.026222 870.000671 -3976.412354
v -144.888916 800.000854 -4038.821777
v -88.026123 870.000671 -4023.585449
v -64.439621 870.000671 -3935.559570
v -106.066116 800.000732 -3893.932861
v -170.724014 760.000671 -3829.275146
v -38.822922 800.000671 -3855.109863
v -62.489410 760.000671 -3766.785400
v -64.439621 870.000671 -3935.559570
v -23.586620 870.000610 -3911.972900
v -0.000120 1180.000488 -3999.999268
v 38.822681 800.000671 -3855.109863
v 23.586380 870.000610 -3911.972900
v 62.489189 760.000671 -3766.785400
v 64.439377 870.000671 -3935.559570
v 88.025978 870.000671 -3976.412354
v 64.439377 870.000671 -3935.559570
v 88.025879 870.000671 -4023.585449
v 106.065880 800.000671 -3893.933105
v 106.065880 800.000671 -3893.933105
v 144.888672 800.000732 -3961.176270
v 170.723877 760.000671 -3829.275146
v 144.888672 800.000854 -4038.821777
v 170.723877 760.000671 -3829.275146
v 233.213165 760.000732 -3937.509766
v 233.213074 760.000793 -4062.488281
v -132.039093 1655.001099 -6084.619629
v -159.098999 1550.001099 -5960.899902
v -96.659302 1655.001099 -6023.339844
v -159.098999 1550.001099 -5960.899902
v -256.085907 1490.001099 -5863.913574
v -58.234200 1550.001099 -5902.666016
v -93.733887 1490.001099 -5770.179688
v -96.659302 1655.001099 -6023.339844
v -35.379700 1655.001221 -5987.959961
v 0.000000 2112.500977 -6119.999023
v -132.039093 1655.001099 -6155.378906
v 58.234200 1550.001099 -5902.666016
v 35.379700 1655.001221 -5987.959961
v 93.733887 1490.001099 -5770.179688
v 96.659302 1655.001343 -6023.339844
v 132.039093 1655.001221 -6084.619629
v 96.659302 1655.001221 -6023.339844
v 132.039093 1655.001099 -6155.378906
v 159.098999 1550.001099 -5960.899902
v 159.098999 1550.001099 -5960.899902
v 217.333298 1550.001099 -6061.765137
v 256.085968 1490.001099 -5863.913574
v 217.333206 1550.001099 -6178.233398
v 256.085968 1490.001099 -5863.913574
v 349.819855 1490.001099 -6026.265625
v 349.819794 1490.001099 -6213.732910
v 197.524109 140.000580 -4326.249023
v 197.524109 140.000595 -4363.749023
v 197.524109 -4033.468994 -4326.249512
v 197.524109 -4033.468994 -4363.749512
v 230.000000 140.000595 -4382.499023
v 230.000000 -4033.468994 -4382.499512
v 230.000000 140.000580 -4307.499023
v 230.000000 -4033.468994 -4307.499512
v 230.000000 140.000595 -4382.499023
v 262.475891 140.000595 -4363.749023
v 230.000000 -4033.468994 -4382.499512
v 262.475891 -4033.468994 -4363.749512
v 262.475891 140.000580 -4326.249023
v 262.475891 -4033.468994 -4326.249512
v 372.524109 140.000534 -3981.249023
v 372.524109 140.000534 -4018.748779
v 372.524109 -3969.611084 -3981.249756
v 372.524109 -3969.611084 -4018.749512
v 405.000000 140.000519 -3962.499023
v 405.000000 -3969.611084 -3962.499756
v 405.000000 140.000534 -4037.499023
v 405.000000 -3969.611084 -4037.499756
v 437.475891 140.000534 -3981.249268
v 437.475891 -3969.611084 -3981.250000
v 405.000000 140.000534 -4037.499023
v 437.475891 140.000534 -4018.749023
v 405.000000 -3969.611084 -4037.499756
v 437.475891 -3969.611084 -4018.749756
v 197.524109 140.000473 -3636.249023
v 197.524109 140.000473 -3673.748779
v 197.524109 -4033.469238 -3636.249756
v 197.524109 -4033.469238 -3673.749512
v 230.000000 140.000473 -3692.499023
v 230.000000 -4033.469238 -3692.499756
v 230.000000 140.000473 -3617.499023
v 230.000000 -4033.469238 -3617.499756
v 230.000000 140.000473 -3692.499023
v 262.475891 140.000473 -3673.749023
v 230.000000 -4033.469238 -3692.499756
v 262.475891 -4033.469238 -3673.749756
v 262.475891 140.000473 -3636.249268
v 262.475891 -4033.469238 -3636.250000
v 939.999817 -799.999084 -6050.000000
v 939.999817 -426.708069 -6050.000000
v 199.999954 -799.999084 -6050.000000
v 199.999954 -426.707977 -6050.000000
v 939.999756 -4499.999023 -6049.999512
v 939.999756 -1386.707886 -6049.999512
v 199.999954 -4499.999023 -6050.000977
v 199.999954 -1386.707886 -6050.000000
v 199.999954 -799.999084 -6050.000000
v 939.999817 -799.999084 -6050.000000
vt -4.499900 -15.281300
vt 0.499900 -15.281300
vt -4.499900 -14.984400
vt 0.499900 -14.984400
vt 9.980800 -18.523399
vt 9.969600 -18.753901
vt 11.984200 -18.523399
vt 11.986800 -18.753901
vt 1.999900 -15.281300
vt 1.999900 -14.984400
vt 18.542500 -18.523399
vt 18.523800 -18.753901
vt 19.999901 -18.523399
vt 19.999901 -18.753901
vt 4.015600 -15.281300
vt 4.015600 -14.984400
vt -7.058900 -7.999900
vt 0.000000 -7.999900
vt -6.933600 -8.281200
vt 0.000000 -8.281200
vt 0.000000 -0.000100
vt -0.999900 -0.000100
vt -0.200000 -0.711000
vt 0.200000 -0.711000
vt 0.999900 -0.000100
vt -0.999900 -0.711000
vt -1.799900 -0.711000
vt -1.999900 -0.000100
vt 0.999900 -0.711000
vt 1.799900 -0.711000
vt 1.999900 -0.000100
vt 2.200000 -0.711000
vt 2.999900 -0.000100
vt 2.999900 -0.711000
vt 3.799900 -0.711000
vt 3.999900 -0.000100
vt -4.999900 -16.000099
vt -5.499900 -16.711000
vt -4.999900 -16.711000
vt 3.999900 -16.711000
vt 4.499900 -16.711000
vt 3.999900 -16.000099
vt -5.999900 -16.000099
vt -5.999900 -16.711000
vt 4.999900 -16.000099
vt 4.999900 -16.711000
vt 5.999900 -16.000099
vt 5.499900 -16.711000
vt 5.999900 -16.711000
vt 0.999900 0.999900
vt 0.499900 0.289000
vt 0.999900 0.289000
vt 1.499900 0.289000
vt 1.999900 0.999900
vt 1.999900 0.289000
vt 2.499900 0.289000
vt 2.999900 0.999900
vt 2.999900 0.289000
vt 3.499900 0.289000
vt 3.999900 0.999900
vt 3.999900 0.289000
vt 4.499900 0.289000
vt 4.999900 0.999900
vt 4.999900 0.289000
vt 5.499900 0.289000
vt 5.999900 0.999900
vt 1.999900 -16.000099
vt 1.499900 -16.711000
vt 1.999900 -16.711000
vt 2.499900 -16.711000
vt 2.999900 -16.000099
vt 2.999900 -16.711000
vt 3.499900 -16.711000
vt -0.999900 -1.000100
vt -1.999900 -1.000100
vt -0.999900 -2.000100
vt -1.999900 -2.000100
vt -0.999900 -1.197100
vt -1.999900 -1.197100
vt 0.000000 -1.000100
vt 0.000000 -2.000100
vt 0.000000 -1.197100
vt 2.836700 -4.140700
vt 2.836700 -3.000100
vt -3.158200 -4.140700
vt -3.158200 -3.000100
vt 3.857000 -3.000100
vt 3.857000 -4.140700
vt 5.999900 -3.000100
vt 5.999900 -4.140700
vt -1.304600 -0.007900
vt -1.304600 -1.992200
vt -1.012400 -0.007900
vt -1.012400 -1.992200
vt 0.695300 -2.000100
vt 0.000000 -3.000000
vt 0.695300 -3.000000
vt -0.999900 -3.000000
vt -0.499900 -3.000000
vt -0.999900 -2.500100
vt -0.499900 -2.500100
vt -5.499900 -12.000100
vt -5.499900 -14.000100
vt -4.999900 -12.000100
vt -4.999900 -14.000100
vt -5.499900 -16.000099
vt -5.999900 -12.000100
vt -5.999900 -14.000100
vt 1.968700 -3.000000
vt 1.593700 -1.984400
vt 2.343700 -1.984400
vt -8.499900 -9.000000
vt -8.499900 0.999900
vt -7.999900 -9.000000
vt -7.999900 0.999900
vt -8.499900 -15.000000
vt -8.499900 -0.000100
vt -7.999900 -15.000000
vt -7.999900 -0.000100
vt -2.999900 0.999900
vt -2.999900 -0.000100
vt 3.900000 0.999900
vt 3.900000 -0.000100
vt 5.999900 -0.000100
vt 0.000000 -2.000000
vt 1.999900 -2.000000
vt 2.255500 1.007800
vt 1.846700 1.007800
vt 1.165200 1.767100
vt 1.050800 1.578100
vt 0.809100 1.578100
vt 1.374900 1.007800
vt 1.999900 -1.499900
vt 1.999900 4.000100
vt 0.533300 -1.499900
vt 0.533300 4.000100
vt 0.533300 5.000100
vt 1.999900 5.000100
vt 4.499900 7.000000
vt 4.499900 8.999900
vt 0.000000 7.000000
vt 0.000000 8.999900
vt 0.166600 -0.000100
vt -0.166600 -0.000100
vt 0.166600 -35.000000
vt -0.166600 -35.000000
vt -0.499900 -0.000100
vt -0.499900 -35.000000
vt 0.500000 -0.000100
vt 0.500000 -35.000000
vt 1.500000 -0.000100
vt 1.166600 -0.000100
vt 1.500000 -35.000000
vt 1.166600 -35.000000
vt 0.833300 -0.000100
vt 0.833300 -35.000000
vt 4.999900 -6.000100
vt 4.999900 -7.000000
vt 0.000000 -6.000100
vt 0.000000 -7.000000
vt 0.560800 2.492100
vt 0.665400 2.246000
vt 0.560800 2.246000
vt 2.562200 2.246000
vt 2.414500 2.246000
vt 2.562200 2.492100
vt 0.560800 1.999900
vt -0.601500 2.246000
vt -0.601500 1.999900
vt 0.673900 1.999900
vt -0.441400 2.492100
vt 1.066400 1.999900
vt 1.066400 2.246000
vt 1.066400 2.492100
vt 1.567500 1.999900
vt 1.567500 2.246000
vt 1.567500 2.492100
vt -2.429600 2.246000
vt -2.429600 1.999900
vt -0.821400 2.492100
vt -2.217600 2.492100
vt 2.074200 2.246000
vt 2.074200 2.492100
vt 2.074200 1.999900
vt 2.414500 1.999900
vt 3.730400 2.246000
vt 3.558500 2.492100
vt 2.562200 1.999900
vt 3.730400 1.999900
vt 1.300000 -0.250100
vt 1.550000 -0.250100
vt 1.300000 0.999900
vt 1.550000 0.999900
vt 1.050000 -0.250100
vt 1.050000 0.999900
vt 0.800000 -0.250100
vt 0.800000 0.999900
vt 0.550000 -0.250100
vt 0.550000 0.999900
vt -0.499800 -19.499901
vt -0.166500 -19.499901
vt -0.499800 -16.000099
vt -0.166500 -16.000099
vt 0.166700 -19.499901
vt 0.166700 -16.000099
vt -3.166500 -16.000099
vt -3.999700 -19.499901
vt -3.166500 -19.499901
vt -4.833000 -16.000099
vt -4.832900 -19.499901
vt -3.999700 -16.000099
vt 4.999800 -19.499901
vt 4.166700 -16.000099
vt 4.166700 -19.499901
vt 5.832900 -19.499901
vt 5.832900 -16.000099
vt 4.999800 -16.000099
vt 0.833400 -19.499901
vt 1.166700 -19.499901
vt 0.833400 -16.000099
vt 1.166700 -16.000099
vt 1.500100 -19.499901
vt 1.500100 -16.000099
vt 1.833400 -19.499901
vt 1.833400 -16.000099
vt 2.166700 -19.499901
vt 2.166700 -16.000099
vt 2.500100 -19.499901
vt 2.500100 -16.000099
vt 3.999900 -7.999900
vt 4.421100 -9.000000
vt 3.578800 -9.000000
vt 0.000000 -9.000000
vt 0.996000 -3.000000
vt 1.121000 -2.000100
vt 0.871000 -2.000100
vt -0.637700 -3.539000
vt -0.663300 -3.996000
vt -0.337600 -3.996000
vt -0.966100 -3.996000
vt -0.363100 -3.539000
vt -0.911100 -3.539000
vt -0.910900 -3.539000
vt -0.636800 -3.539000
vt -0.662300 -3.996000
vt -0.857100 -3.136700
vt -0.616000 -3.136700
vt -0.383900 -3.136700
vt -0.499900 -2.168000
vt -0.142800 -3.136700
vt -0.362200 -3.539000
vt -0.336600 -3.996000
vt -0.088800 -3.539000
vt -0.033800 -3.996000
vt -0.089000 -3.539000
vt -0.362200 -19.539000
vt -0.033800 -19.996000
vt -0.088800 -19.539000
vt -0.910900 -19.539000
vt -0.966100 -19.996000
vt -0.636800 -19.539000
vt -0.662300 -19.996000
vt -0.336600 -19.996000
vt -0.363100 -2.539000
vt -0.033800 -2.996000
vt -0.089000 -2.539000
vt -0.383900 -2.136700
vt -0.637700 -2.539000
vt -0.616000 -2.136700
vt -0.142800 -2.136700
vt -0.910900 -2.539000
vt -0.966100 -2.996000
vt -0.636800 -2.539000
vt -0.662300 -2.996000
vt -0.857100 -2.136700
vt -0.499900 -1.168000
vt -0.362200 -2.539000
vt -0.336600 -2.996000
vt -0.088800 -2.539000
vt -0.383900 -19.136700
vt -0.089000 -19.539000
vt -0.142800 -19.136700
vt -0.857100 -19.136700
vt -0.616000 -19.136700
vt -0.499900 -18.167999
vt -6.999900 -4.660200
vt 0.000000 -4.660200
vt -6.999900 -5.000100
vt 0.000000 -5.000100
vt -1.854400 -8.000100
vt -1.854400 -13.000100
vt 1.665600 -8.000100
vt 1.665600 -13.000100
vt 2.264600 -13.000100
vt 2.264600 -8.000100
vt 3.522900 -13.000100
vt 3.522900 -8.000100
vt -1.231500 0.499900
vt -1.231500 0.400000
vt 0.076700 0.499900
vt 0.076700 0.400000
vt -16.149900 -1.999700
vt -16.149900 -9.999900
vt -15.999900 -2.461600
vt -15.999900 -9.999900
vt -15.860600 -3.215400
vt -15.860600 -9.999900
vt -15.999900 -1.999700
vt -15.860600 -2.461600
vt -15.799300 -2.361100
vt -15.707400 -2.280700
vt -15.584900 -2.240500
vt -14.999900 -1.999700
vt -15.401200 -2.240500
vt -15.278700 -2.280700
vt -15.186800 -2.361100
vt -15.125500 -2.461600
vt -15.125500 -3.215400
vt -14.999900 -2.461600
vt -14.850000 -1.999700
vt -14.999900 -9.999900
vt -15.125500 -9.999900
vt -14.850000 -9.999900
vt -12.499900 -9.999900
vt -12.499900 -1.999700
vt 1.000000 1.016600
vt 0.666700 1.333300
vt 0.666700 -0.166700
vt 1.000000 -0.166700
vt 1.000000 1.333300
vt -0.333200 -0.166700
vt -0.666600 -0.166700
vt -0.333200 -4.999900
vt -0.666600 -4.999900
vt -0.666600 1.333300
vt -0.333200 1.333300
vt -0.999900 -0.166700
vt -0.999900 -4.999900
vt 0.000000 -0.166700
vt 0.000000 -4.999900
vt 0.000000 1.333300
vt -0.999900 1.333300
vt 0.333300 -0.166700
vt 0.333300 -4.999900
vt 0.333300 1.333300
vt 0.666700 -4.999900
vt 1.000000 -4.999900
vt 1.052400 -4.000100
vt 0.885600 -4.000100
vt 1.052400 -12.000100
vt 0.885600 -12.000100
vt 0.385200 -12.000100
vt 0.552000 -12.000100
vt 0.385200 -4.000100
vt 0.552000 -4.000100
vt 1.332100 -1.000100
vt 1.165500 -1.000100
vt 1.332100 -2.250100
vt 1.165500 -2.250100
vt 0.665800 -2.250100
vt 0.832400 -2.250100
vt 0.665800 -1.000100
vt 0.832400 -1.000100
vt 0.718800 -4.000100
vt 0.718800 -12.000100
vt 0.998900 -1.000100
vt 0.998900 -2.250100
vt -1.169300 0.000100
vt -1.002300 0.000100
vt -1.169300 13.000100
vt -1.002300 13.000100
vt -0.835300 0.000100
vt -0.835100 13.000100
vt -0.668100 0.000100
vt -0.668100 13.000100
vt -0.501000 0.000100
vt -0.501000 13.000100
vt -0.334400 0.000100
vt -0.334400 13.000100
vt -0.167200 13.000100
vt -0.167300 0.000100
vt -0.000200 13.000100
vt -0.000200 0.000100
vt 0.167000 13.000100
vt 0.167000 0.000100
vt 0.333800 13.000100
vt 0.333800 0.000100
vt 0.500800 13.000100
vt 0.500800 0.000100
vt 0.667800 13.000100
vt 0.667800 0.000100
vt 0.834800 13.000100
vt 0.834800 0.000100
vt 0.000200 0.000100
vt 0.208100 0.000100
vt 0.000200 1.000100
vt 0.208100 1.000100
vt 0.415900 0.000100
vt 0.415900 1.000100
vt 0.623700 1.000100
vt 0.623700 0.000100
vt 0.831500 0.000100
vt 0.831500 1.000100
vt 1.039300 0.000100
vt 1.039300 1.000100
vt 1.247200 0.000100
vt 1.247200 1.000100
vt 1.455000 0.000100
vt 1.455000 1.000100
vt 1.662800 0.000100
vt 1.662800 1.000100
vt 1.870600 0.000100
vt 1.870600 1.000100
vt 2.078400 0.000100
vt 2.078400 1.000100
vt 2.286300 0.000100
vt 2.286300 1.000100
vt 2.499900 0.000100
vt 2.499900 1.000100
vt 0.000000 -18.416700
vt 0.000000 -18.916700
vt 0.166700 -18.583401
vt 0.166700 -18.916700
vt -0.500800 -14.000100
vt -0.334000 -14.000100
vt -0.498600 0.999900
vt -0.332500 0.999900
vt 0.333300 -18.450001
vt 0.333300 -18.916700
vt -0.167200 -14.000100
vt -0.166500 0.999900
vt 0.166700 -18.083401
vt 0.000000 -18.083401
vt 0.333300 -18.083401
vt 0.500000 -18.450001
vt 0.500000 -18.916700
vt 0.500000 -18.083401
vt -0.000400 -14.000100
vt -0.000400 0.999900
vt 0.666700 -18.083401
vt 0.666700 -18.450001
vt 0.666700 -18.916700
vt 0.166300 -14.000100
vt 0.165600 0.999900
vt 0.833300 -18.083401
vt 0.833300 -18.583401
vt 1.000000 -18.416700
vt 1.000000 -18.083401
vt 0.833400 -18.916700
vt 0.333100 -14.000100
vt 0.331700 0.999900
vt 1.166700 -18.083401
vt 1.000000 -18.916700
vt 0.499900 -14.000100
vt 0.497800 0.999900
vt 1.166700 -18.916700
vt 0.666700 -14.000100
vt 0.663900 0.999900
vt 0.833500 -14.000100
vt 0.829900 0.999900
vt 1.333400 -18.916700
vt 1.333300 -18.083401
vt 1.000300 -14.000100
vt 0.996000 0.999900
vt 1.500000 -18.916700
vt 1.500000 -18.083401
vt -3.999900 -6.000100
vt -3.999900 -7.000000
vt 0.000000 0.015700
vt 0.000000 1.000000
vt -2.999900 0.015700
vt -2.999900 1.000000
vt -0.979400 -1.515400
vt -0.852800 -1.015500
vt -0.979400 -1.015500
vt -0.727400 -1.015500
vt -0.487000 -1.515400
vt -0.601900 -1.015500
vt -0.487000 -1.015500
vt 0.546800 1.484300
vt 0.984300 1.484300
vt 0.546800 1.984300
vt 0.984300 1.984300
vt 0.999900 -14.000100
vt 1.999900 -13.000100
vt 1.999900 -15.000000
vt 0.000000 -9.999900
vt 1.499900 -8.500100
vt 0.000000 -7.000100
vt 2.999900 0.015700
vt 2.999900 1.000000
vt 4.499500 1.000000
vt 4.499500 0.015700
vt 5.999900 1.000000
vt 5.999900 0.015700
vt 0.000000 2.999900
vt -0.497900 2.999900
vt 0.000000 -6.000000
vt -0.497900 -6.000100
vt -0.497900 -7.000000
vt 1.999900 -7.000000
vt 1.501900 -7.000000
vt 1.501900 -6.850100
vt 1.999900 -6.850000
vt 1.501900 -6.700000
vt 1.999900 -6.700000
vt 1.501900 -6.580000
vt 1.999900 -6.580100
vt 1.999900 -6.420100
vt 1.501900 -6.420100
vt 1.999900 -6.300100
vt 1.501900 -6.300100
vt 1.999900 -6.150000
vt 1.501900 -6.150100
vt 1.999900 -6.000100
vt 1.501900 -6.000100
vt -0.497900 -6.000000
vt -2.498100 -1.009000
vt -1.904100 -1.009000
vt -1.131700 -1.999700
usemtl texture4
s 1
f 3495/2155 3496/2156 3497/2157
f 3496/2156 3498/2158 3497/2157
f 3499/2159 3500/2160 3501/2161
f 3500/2160 3502/2162 3501/2161
f 3496/2156 3503/2163 3498/2158
f 3503/2163 3504/2164 3498/2158
f 3501/2161 3502/2162 3505/2165
f 3502/2162 3506/2166 3505/2165
f 3507/2167 3505/2165 3508/2168
f 3505/2165 3506/2166 3508/2168
f 3503/2163 3509/2169 3504/2164
f 3509/2169 3510/2170 3504/2164
f 3511/2171 3512/2172 3513/2173
f 3512/2172 3514/2174 3513/2173
f 3515/2175 3516/2176 3517/2177
f 3518/2178 3519/2179 3515/2175
f 3517/2177 3516/2176 3520/2180
f 3521/2181 3516/2176 3522/2182
f 3520/2180 3516/2176 3521/2181
f 3523/2183 3519/2179 3518/2178
f 3524/2184 3519/2179 3523/2183
f 3525/2185 3519/2179 3524/2184
f 3526/2186 3527/2187 3525/2185
f 3528/2188 3527/2187 3526/2186
f 3528/2188 3529/2189 3527/2187
f 3527/2187 3529/2189 3530/2190
f 3531/2191 3532/2192 3533/2193
f 3534/2194 3535/2195 3536/2196
f 3537/2197 3538/2198 3532/2192
f 3539/2199 3535/2195 3540/2200
f 3541/2201 3542/2202 3543/2203
f 3539/2199 3540/2200 3542/2202
f 3537/2197 3532/2192 3531/2191
f 3536/2196 3535/2195 3539/2199
f 3539/2199 3542/2202 3541/2201
f 3544/2204 3545/2205 3546/2206
f 3547/2207 3544/2204 3546/2206
f 3548/2208 3544/2204 3547/2207
f 3548/2208 3547/2207 3549/2209
f 3550/2210 3548/2208 3549/2209
f 3551/2211 3548/2208 3550/2210
f 3550/2210 3552/2212 3551/2211
f 3552/2212 3553/2213 3551/2211
f 3551/2211 3553/2213 3554/2214
f 3553/2213 3555/2215 3554/2214
f 3555/2215 3556/2216 3554/2214
f 3557/2217 3556/2216 3558/2218
f 3557/2217 3558/2218 3559/2219
f 3554/2214 3556/2216 3557/2217
f 3557/2217 3559/2219 3560/2220
f 3561/2221 3562/2222 3563/2223
f 3564/2224 3561/2221 3563/2223
f 3565/2225 3561/2221 3564/2224
f 3564/2224 3566/2226 3565/2225
f 3566/2226 3567/2227 3565/2225
f 3565/2225 3567/2227 3568/2196
f 3567/2227 3569/2194 3568/2196
f 3569/2194 3570/2195 3568/2196
f 3571/2199 3570/2195 3572/2200
f 3573/2201 3574/2202 3575/2203
f 3571/2199 3572/2200 3574/2202
f 3568/2196 3570/2195 3571/2199
f 3571/2199 3574/2202 3573/2201
usemtl texture5
f 3914/2228 3915/2229 3916/2230
f 3915/2229 3917/2231 3916/2230
f 3918/2228 3919/2229 3920/2230
f 3919/2229 3921/2231 3920/2230
f 3922/2232 3923/2233 3924/2230
f 3923/2233 3925/2231 3924/2230
f 3926/2232 3927/2233 3928/2230
f 3927/2233 3929/2231 3928/2230
f 3930/2234 3914/2228 3931/2235
f 3914/2228 3916/2230 3931/2235
f 3932/2228 3933/2229 3934/2230
f 3933/2229 3935/2231 3934/2230
f 3936/2234 3918/2228 3937/2235
f 3918/2228 3920/2230 3937/2235
f 3938/2236 3922/2232 3939/2235
f 3922/2232 3924/2230 3939/2235
f 3940/2236 3926/2232 3941/2235
f 3926/2232 3928/2230 3941/2235
f 3942/2234 3932/2228 3943/2235
f 3932/2228 3934/2230 3943/2235
usemtl texture7
f 3757/2237 3758/2238 3759/2239
f 3758/2238 3760/2240 3759/2239
f 3758/2238 3757/2237 3761/2241
f 3757/2237 3762/2242 3761/2241
f 3761/2241 3762/2242 3763/2243
f 3762/2242 3764/2244 3763/2243
usemtl texture0
f 3773/2245 3774/2246 3775/2247
f 3774/2246 3776/2248 3775/2247
f 3777/2245 3778/2246 3779/2247
f 3778/2246 3780/2248 3779/2247
f 3781/2245 3782/2246 3783/2247
f 3782/2246 3784/2248 3783/2247
f 3785/2246 3786/2245 3787/2248
f 3786/2245 3788/2247 3787/2248
f 3789/2246 3790/2245 3791/2248
f 3790/2245 3792/2247 3791/2248
f 3793/2246 3794/2245 3795/2248
f 3794/2245 3796/2247 3795/2248
f 3797/2235 3798/2249 3799/2250
f 3798/2249 3800/2251 3799/2250
f 3801/2246 3802/2245 3803/2248
f 3802/2245 3804/2247 3803/2248
f 3805/2235 3806/2249 3807/2250
f 3806/2249 3808/2251 3807/2250
f 3809/2245 3810/2246 3811/2247
f 3810/2246 3812/2248 3811/2247
f 3813/2245 3814/2246 3815/2247
f 3814/2246 3816/2248 3815/2247
f 3817/2235 3818/2249 3819/2250
f 3818/2249 3820/2251 3819/2250
f 3821/2235 3822/2249 3823/2250
f 3822/2249 3824/2251 3823/2250
f 3825/2246 3826/2245 3827/2248
f 3826/2245 3828/2247 3827/2248
f 3829/2235 3830/2249 3831/2250
f 3830/2249 3832/2251 3831/2250
f 3833/2245 3834/2246 3835/2247
f 3834/2246 3836/2248 3835/2247
f 3837/2245 3838/2246 3839/2247
f 3838/2246 3840/2248 3839/2247
f 3841/2235 3842/2249 3843/2250
f 3842/2249 3844/2251 3843/2250
f 3845/2235 3846/2249 3847/2250
f 3846/2249 3848/2251 3847/2250
f 3849/2246 3850/2245 3851/2248
f 3850/2245 3852/2247 3851/2248
f 3853/2235 3854/2249 3855/2250
f 3854/2249 3856/2251 3855/2250
f 3857/2245 3858/2246 3859/2247
f 3858/2246 3860/2248 3859/2247
f 3861/2235 3862/2249 3863/2250
f 3862/2249 3864/2251 3863/2250
f 3865/2235 3866/2249 3867/2250
f 3866/2249 3868/2251 3867/2250
f 3869/2235 3870/2249 3871/2250
f 3870/2249 3872/2251 3871/2250
usemtl texture1
f 3873/2252 3874/2253 3875/2254
f 3874/2253 3876/2255 3875/2254
f 3877/2252 3878/2253 3879/2254
f 3878/2253 3880/2255 3879/2254
f 3881/2252 3882/2253 3883/2254
f 3882/2253 3884/2255 3883/2254
f 3885/2252 3886/2253 3887/2254
f 3886/2253 3888/2255 3887/2254
f 3889/2252 3890/2253 3891/2254
f 3890/2253 3892/2255 3891/2254
f 3893/2252 3894/2253 3895/2254
f 3894/2253 3896/2255 3895/2254
f 3897/2252 3898/2253 3899/2254
f 3898/2253 3900/2255 3899/2254
f 3901/2252 3902/2253 3903/2254
f 3902/2253 3904/2255 3903/2254
f 3905/2256 3906/2257 3907/2258
f 3906/2257 3908/2259 3907/2258
f 3909/2260 3910/2191 3906/2257
f 3910/2191 3908/2259 3906/2257
f 3905/2256 3911/2261 3906/2257
f 3912/2262 3906/2257 3911/2261
f 3909/2260 3906/2257 3913/2197
f 3913/2197 3906/2257 3912/2262
usemtl texture2
f 3944/2263 3945/2264 3946/2265
f 3947/2263 3948/2264 3949/2265
f 3950/2263 3951/2264 3952/2265
f 3953/2263 3954/2264 3955/2265
f 3944/2263 3946/2265 3956/2264
f 3947/2263 3949/2265 3957/2264
f 3958/2263 3959/2264 3960/2265
f 3950/2263 3952/2265 3961/2264
f 3953/2263 3955/2265 3962/2264
f 3958/2263 3960/2265 3963/2264
usemtl texture11
f 4023/2266 4024/2267 4025/2268
f 4024/2267 4026/2269 4025/2268
f 4027/2270 4028/2271 4029/2272
f 4028/2271 4030/2273 4029/2272
usemtl texture8
f 3765/2274 3766/2275 3767/2211
f 3766/2275 3768/2187 3767/2211
f 3769/2276 3767/2211 3770/2277
f 3767/2211 3768/2187 3770/2277
f 3771/2220 3769/2276 3772/2278
f 3769/2276 3770/2277 3772/2278
usemtl texture9
f 4031/2175 4032/2279 4033/2280
f 4031/2175 4033/2280 4034/2185
f 4035/2279 4036/2185 4037/2280
f 4035/2279 4038/2175 4036/2185
usemtl texture27
f 4042/2281 4043/2282 4044/2283
f 4044/2283 4043/2282 4045/2284
f 4046/2284 4047/2282 4048/2285
f 4047/2282 4049/2286 4048/2285
usemtl texture26
f 4536/2287 4537/2288 4538/2289
f 4537/2288 4539/2290 4538/2289
f 4539/2290 4537/2288 4540/2291
f 4537/2288 4541/2292 4540/2291
usemtl texture25
f 4532/2293 4533/2294 4534/2295
f 4533/2294 4535/2296 4534/2295
usemtl texture24
f 4490/2297 4491/2298 4492/2299
f 4491/2298 4493/2300 4492/2299
f 4491/2298 4494/2301 4493/2300
f 4494/2301 4495/2302 4493/2300
f 4496/2303 4490/2297 4497/2304
f 4490/2297 4492/2299 4497/2304
f 4498/2305 4499/2306 4500/2307
f 4499/2306 4501/2308 4500/2307
f 4502/2309 4496/2303 4503/2310
f 4496/2303 4497/2304 4503/2310
f 4499/2306 4502/2309 4501/2308
f 4502/2309 4503/2310 4501/2308
f 4504/2297 4505/2298 4506/2299
f 4505/2298 4507/2300 4506/2299
f 4508/2303 4504/2297 4509/2304
f 4504/2297 4506/2299 4509/2304
f 4505/2298 4510/2301 4507/2300
f 4510/2301 4511/2302 4507/2300
f 4512/2309 4508/2303 4513/2310
f 4508/2303 4509/2304 4513/2310
f 4514/2305 4515/2306 4516/2307
f 4515/2306 4517/2308 4516/2307
f 4515/2306 4512/2309 4517/2308
f 4512/2309 4513/2310 4517/2308
f 4518/2297 4519/2298 4520/2299
f 4519/2298 4521/2300 4520/2299
f 4519/2298 4522/2301 4521/2300
f 4522/2301 4523/2302 4521/2300
f 4524/2303 4518/2297 4525/2304
f 4518/2297 4520/2299 4525/2304
f 4526/2305 4527/2306 4528/2307
f 4527/2306 4529/2308 4528/2307
f 4530/2309 4524/2303 4531/2310
f 4524/2303 4525/2304 4531/2310
f 4527/2306 4530/2309 4529/2308
f 4530/2309 4531/2310 4529/2308
usemtl texture10
f 4073/2311 4074/2312 4075/2313
f 4074/2312 4076/2314 4075/2313
f 4077/2315 4078/2316 4079/2317
f 4080/2318 4081/2319 4082/2320
f 4083/2317 4084/2321 4085/2322
f 4084/2321 4086/2323 4085/2322
f 4087/2324 4084/2321 4088/2316
f 4084/2321 4083/2317 4088/2316
f 4089/2322 4090/2325 4079/2317
f 4077/2315 4079/2317 4090/2325
f 4091/2326 4087/2324 4092/2327
f 4087/2324 4088/2316 4092/2327
f 4092/2327 4078/2316 4093/2328
f 4078/2316 4077/2315 4093/2328
f 4094/2329 4091/2326 4095/2330
f 4091/2326 4092/2327 4095/2330
f 4092/2327 4093/2328 4095/2330
f 4095/2330 4093/2328 4096/2331
f 4089/2322 4086/2323 4097/2332
f 4086/2323 4098/2333 4097/2332
f 4089/2322 4097/2332 4099/2334
f 4099/2334 4097/2332 4100/2335
f 4101/2336 4095/2330 4102/2337
f 4095/2330 4096/2331 4102/2337
f 4103/2338 4094/2329 4101/2336
f 4094/2329 4095/2330 4101/2336
f 4101/2336 4102/2337 4081/2319
f 4081/2319 4102/2337 4082/2320
f 4104/2339 4103/2338 4105/2319
f 4103/2338 4101/2336 4105/2319
f 4106/2340 4080/2318 4107/2341
f 4107/2341 4080/2318 4082/2320
f 4108/2342 4104/2339 4109/2318
f 4104/2339 4105/2319 4109/2318
f 4110/2340 4111/2343 4109/2318
f 4111/2343 4108/2342 4109/2318
f 4112/2315 4113/2316 4114/2317
f 4115/2318 4116/2319 4117/2320
f 4118/2317 4119/2321 4120/2322
f 4119/2321 4121/2323 4120/2322
f 4122/2324 4119/2321 4123/2316
f 4119/2321 4118/2317 4123/2316
f 4124/2322 4125/2325 4114/2317
f 4112/2315 4114/2317 4125/2325
f 4126/2326 4122/2324 4127/2327
f 4122/2324 4123/2316 4127/2327
f 4127/2327 4113/2316 4128/2328
f 4113/2316 4112/2315 4128/2328
f 4129/2329 4126/2326 4130/2330
f 4126/2326 4127/2327 4130/2330
f 4127/2327 4128/2328 4130/2330
f 4130/2330 4128/2328 4131/2331
f 4124/2322 4121/2323 4132/2332
f 4121/2323 4133/2333 4132/2332
f 4124/2322 4132/2332 4134/2334
f 4134/2334 4132/2332 4135/2335
f 4136/2336 4130/2330 4137/2337
f 4130/2330 4131/2331 4137/2337
f 4138/2338 4129/2329 4136/2336
f 4129/2329 4130/2330 4136/2336
f 4136/2336 4137/2337 4116/2319
f 4116/2319 4137/2337 4117/2320
f 4139/2339 4138/2338 4140/2319
f 4138/2338 4136/2336 4140/2319
f 4141/2340 4115/2318 4142/2341
f 4142/2341 4115/2318 4117/2320
f 4143/2342 4139/2339 4144/2318
f 4139/2339 4140/2319 4144/2318
f 4145/2340 4146/2343 4144/2318
f 4146/2343 4143/2342 4144/2318
f 4147/2315 4148/2316 4149/2317
f 4150/2318 4151/2319 4152/2320
f 4153/2317 4154/2321 4155/2322
f 4154/2321 4156/2323 4155/2322
f 4157/2324 4154/2321 4158/2316
f 4154/2321 4153/2317 4158/2316
f 4159/2322 4160/2325 4149/2317
f 4147/2315 4149/2317 4160/2325
f 4161/2326 4157/2324 4162/2327
f 4157/2324 4158/2316 4162/2327
f 4162/2327 4148/2316 4163/2328
f 4148/2316 4147/2315 4163/2328
f 4164/2329 4161/2326 4165/2330
f 4161/2326 4162/2327 4165/2330
f 4162/2327 4163/2328 4165/2330
f 4165/2330 4163/2328 4166/2331
f 4159/2322 4156/2323 4167/2332
f 4156/2323 4168/2333 4167/2332
f 4159/2322 4167/2332 4169/2334
f 4169/2334 4167/2332 4170/2335
f 4171/2336 4165/2330 4172/2337
f 4165/2330 4166/2331 4172/2337
f 4173/2338 4164/2329 4171/2336
f 4164/2329 4165/2330 4171/2336
f 4171/2336 4172/2337 4151/2319
f 4151/2319 4172/2337 4152/2320
f 4174/2339 4173/2338 4175/2319
f 4173/2338 4171/2336 4175/2319
f 4176/2340 4150/2318 4177/2341
f 4177/2341 4150/2318 4152/2320
f 4178/2342 4174/2339 4179/2318
f 4174/2339 4175/2319 4179/2318
f 4180/2340 4181/2343 4179/2318
f 4181/2343 4178/2342 4179/2318
f 4182/2317 4183/2321 4184/2322
f 4183/2321 4185/2323 4184/2322
f 4186/2324 4183/2321 4187/2316
f 4183/2321 4182/2317 4187/2316
f 4188/2322 4189/2325 4190/2317
f 4191/2315 4190/2317 4189/2325
f 4192/2326 4186/2324 4193/2327
f 4186/2324 4187/2316 4193/2327
f 4193/2327 4194/2316 4195/2328
f 4194/2316 4191/2315 4195/2328
f 4196/2329 4192/2326 4197/2330
f 4192/2326 4193/2327 4197/2330
f 4193/2327 4195/2328 4197/2330
f 4197/2330 4195/2328 4198/2331
f 4188/2322 4185/2323 4199/2332
f 4185/2323 4200/2333 4199/2332
f 4188/2322 4199/2332 4201/2334
f 4201/2334 4199/2332 4202/2335
f 4191/2315 4194/2316 4190/2317
f 4203/2336 4197/2330 4204/2337
f 4197/2330 4198/2331 4204/2337
f 4205/2338 4196/2329 4203/2336
f 4196/2329 4197/2330 4203/2336
f 4203/2336 4204/2337 4206/2319
f 4206/2319 4204/2337 4207/2320
f 4208/2339 4205/2338 4209/2319
f 4205/2338 4203/2336 4209/2319
f 4210/2340 4211/2318 4212/2341
f 4212/2341 4211/2318 4207/2320
f 4213/2342 4208/2339 4214/2318
f 4208/2339 4209/2319 4214/2318
f 4215/2340 4216/2343 4214/2318
f 4216/2343 4213/2342 4214/2318
f 4211/2318 4206/2319 4207/2320
f 4217/2344 4218/2345 4219/2346
f 4218/2345 4220/2347 4219/2346
f 4221/2348 4217/2344 4222/2349
f 4217/2344 4219/2346 4222/2349
f 4223/2350 4221/2348 4224/2351
f 4221/2348 4222/2349 4224/2351
f 4225/2352 4224/2351 4226/2353
f 4225/2352 4223/2350 4224/2351
f 4227/2354 4228/2355 4229/2356
f 4228/2355 4230/2357 4229/2356
f 4228/2355 4231/2358 4230/2357
f 4231/2358 4232/2359 4230/2357
f 4233/2360 4234/2361 4235/2362
f 4236/2363 4237/2364 4234/2361
f 4238/2365 4234/2361 4233/2360
f 4236/2363 4234/2361 4238/2365
f 4239/2366 4240/2367 4241/2368
f 4242/2369 4243/2370 4239/2366
f 4239/2366 4244/2371 4240/2367
f 4239/2366 4243/2370 4244/2371
f 4245/2372 4246/2373 4247/2374
f 4246/2373 4248/2375 4247/2374
f 4249/2376 4250/2377 4246/2373
f 4250/2377 4248/2375 4246/2373
f 4249/2376 4251/2378 4250/2377
f 4251/2378 4252/2379 4250/2377
f 4251/2378 4253/2380 4252/2379
f 4253/2380 4254/2381 4252/2379
f 4253/2380 4255/2382 4254/2381
f 4255/2382 4256/2383 4254/2381
usemtl texture18
f 4289/2384 4290/2385 4291/2386
f 4289/2384 4291/2386 4292/2172
f 4291/2386 4293/2387 4292/2172
usemtl texture19
f 4370/2388 4371/2389 4372/2390
f 4373/2388 4374/2389 4375/2390
f 4370/2388 4376/2389 4377/2390
f 4378/2388 4379/2389 4380/2390
f 4381/2388 4382/2389 4383/2390
f 4378/2388 4384/2389 4385/2390
f 4386/2388 4387/2389 4388/2390
f 4389/2388 4390/2389 4391/2390
f 4386/2388 4392/2389 4393/2390
f 4394/2388 4395/2389 4396/2390
f 4397/2388 4398/2389 4399/2390
f 4394/2388 4400/2389 4401/2390
f 4402/2391 4403/2392 4404/2393
f 4402/2391 4405/2394 4403/2392
f 4402/2391 4404/2393 4406/2395
f 4407/2396 4405/2394 4402/2391
f 4408/2397 4409/2394 4410/2398
f 4410/2398 4409/2394 4411/2399
f 4412/2400 4408/2397 4413/2401
f 4414/2402 4415/2403 4416/2401
f 4413/2401 4408/2397 4410/2398
f 4416/2401 4415/2403 4417/2400
f 4418/2404 4415/2403 4414/2402
f 4413/2401 4415/2403 4412/2400
f 4410/2398 4411/2399 4419/2405
f 4413/2401 4410/2398 4420/2402
f 4420/2402 4415/2403 4413/2401
f 4420/2402 4410/2398 4419/2405
f 4419/2405 4411/2399 4421/2406
f 4422/2404 4415/2403 4420/2402
f 4420/2402 4419/2405 4422/2404
f 4419/2405 4421/2406 4423/2407
f 4422/2404 4419/2405 4423/2407
f 4423/2407 4421/2406 4424/2408
f 4404/2393 4425/2408 4406/2395
f 4406/2395 4425/2408 4426/2409
f 4402/2391 4406/2395 4416/2401
f 4416/2401 4406/2395 4414/2402
f 4406/2395 4426/2409 4414/2402
f 4414/2402 4426/2409 4418/2404
f 4402/2391 4416/2401 4407/2396
f 4416/2401 4417/2400 4407/2396
f 4427/2410 4428/2411 4429/2412
f 4430/2413 4431/2414 4432/2415
f 4432/2415 4433/2416 4427/2410
f 4427/2410 4434/2417 4428/2411
f 4432/2415 4431/2414 4433/2416
f 4427/2410 4433/2416 4434/2417
f 4435/2418 4436/2419 4437/2420
f 4435/2418 4438/2421 4439/2422
f 4440/2423 4439/2422 4438/2421
f 4435/2418 4437/2420 4438/2421
f 4438/2421 4437/2420 4441/2424
f 4442/2425 4443/2426 4444/2427
f 4444/2427 4443/2426 4445/2428
f 4446/2429 4442/2425 4447/2423
f 4438/2421 4448/2430 4440/2423
f 4447/2423 4442/2425 4444/2427
f 4441/2424 4448/2430 4438/2421
f 4447/2423 4448/2430 4446/2429
f 4444/2427 4445/2428 4449/2431
f 4447/2423 4444/2427 4450/2421
f 4450/2421 4448/2430 4447/2423
f 4450/2421 4444/2427 4449/2431
f 4449/2431 4445/2428 4451/2432
f 4452/2424 4448/2430 4450/2421
f 4450/2421 4449/2431 4452/2424
f 4453/2423 4448/2430 4454/2429
f 4455/2421 4448/2430 4453/2423
f 4449/2431 4451/2432 4456/2433
f 4452/2424 4449/2431 4456/2433
f 4454/2429 4457/2425 4453/2423
f 4453/2423 4458/2427 4455/2421
f 4453/2423 4457/2425 4458/2427
f 4456/2433 4451/2432 4459/2419
f 4455/2421 4458/2427 4460/2431
f 4457/2425 4461/2426 4458/2427
f 4458/2427 4462/2428 4460/2431
f 4458/2427 4461/2426 4462/2428
f 4460/2431 4462/2428 4463/2432
f 4464/2434 4465/2435 4466/2436
f 4467/2413 4468/2414 4469/2415
f 4469/2415 4468/2414 4470/2416
f 4471/2437 4467/2413 4472/2438
f 4464/2434 4473/2439 4474/2438
f 4472/2438 4467/2413 4469/2415
f 4466/2436 4473/2439 4464/2434
f 4472/2438 4473/2439 4471/2437
f 4469/2415 4470/2416 4475/2410
f 4472/2438 4469/2415 4476/2434
f 4476/2434 4473/2439 4472/2438
f 4476/2434 4469/2415 4475/2410
f 4475/2410 4470/2416 4477/2417
f 4478/2436 4473/2439 4476/2434
f 4476/2434 4475/2410 4478/2436
f 4479/2438 4473/2439 4480/2437
f 4481/2434 4473/2439 4479/2438
f 4475/2410 4477/2417 4482/2412
f 4478/2436 4475/2410 4482/2412
f 4480/2437 4483/2413 4479/2438
f 4479/2438 4484/2415 4481/2434
f 4479/2438 4483/2413 4484/2415
f 4482/2412 4477/2417 4485/2411
f 4481/2434 4484/2415 4486/2410
f 4483/2413 4487/2414 4484/2415
f 4484/2415 4488/2416 4486/2410
f 4484/2415 4487/2414 4488/2416
f 4486/2410 4488/2416 4489/2417
usemtl texture16
f 4257/2440 4258/2441 4259/2442
f 4258/2441 4260/2443 4259/2442
usemtl texture17
f 3576/2444 3577/2445 3578/2446
f 3577/2445 3579/2447 3578/2446
f 3580/2448 3581/2449 3579/2447
f 3581/2449 3578/2446 3579/2447
f 3582/2450 3583/2451 3580/2448
f 3583/2451 3581/2449 3580/2448
f 3584/2452 3585/2453 3586/2454
f 3585/2453 3587/2455 3586/2454
f 3588/2456 3589/2457 3590/2458
f 3589/2457 3591/2459 3590/2458
f 3592/2458 3591/2459 3593/2460
f 3591/2459 3594/2461 3593/2460
f 3588/2456 3590/2458 3595/2462
f 3592/2458 3596/2463 3597/2462
f 3592/2458 3593/2460 3596/2463
f 3596/2463 3598/2464 3597/2462
f 3599/2465 3597/2462 3598/2464
f 3597/2462 3599/2465 3600/2466
f 3597/2462 3600/2466 3601/2467
f 3600/2466 3602/2468 3601/2467
f 3601/2467 3602/2468 3603/2469
f 3601/2467 3603/2469 3604/2470
f 3601/2467 3604/2470 3605/2471
f 3606/2472 3607/2473 3605/2471
f 3601/2467 3605/2471 3607/2473
f 3608/2473 3609/2474 3610/2467
f 3607/2473 3606/2472 3611/2475
f 3611/2475 3606/2472 3612/2476
f 3609/2474 3608/2473 3613/2477
f 3613/2477 3608/2473 3611/2475
f 3613/2477 3614/2478 3609/2474
f 3614/2478 3615/2479 3609/2474
f 3616/2480 3617/2481 3618/2482
f 3616/2480 3618/2482 3619/2483
f 3620/2484 3617/2481 3616/2480
f 3621/2485 3622/2486 3623/2487
f 3622/2486 3624/2488 3623/2487
f 3625/2489 3622/2486 3626/2490
f 3622/2486 3621/2485 3626/2490
f 3622/2486 3627/2491 3624/2488
f 3627/2491 3628/2492 3624/2488
f 3629/2493 3621/2485 3630/2494
f 3621/2485 3623/2487 3630/2494
f 3626/2490 3621/2485 3631/2495
f 3621/2485 3629/2493 3631/2495
f 3625/2489 3632/2496 3622/2486
f 3632/2496 3627/2491 3622/2486
f 3633/2497 3629/2493 3634/2498
f 3629/2493 3630/2494 3634/2498
f 3631/2495 3629/2493 3635/2499
f 3629/2493 3633/2497 3635/2499
f 3634/2498 3636/2500 3633/2497
f 3636/2500 3618/2482 3633/2497
f 3617/2481 3635/2499 3618/2482
f 3635/2499 3633/2497 3618/2482
f 3619/2483 3618/2482 3637/2501
f 3618/2482 3636/2500 3637/2501
f 3638/2502 3639/2503 3640/2504
f 3639/2503 3641/2505 3640/2504
f 3642/2506 3643/2507 3644/2508
f 3643/2507 3645/2509 3644/2508
f 3646/2510 3647/2511 3648/2512
f 3647/2511 3649/2513 3648/2512
f 3650/2514 3651/2515 3652/2516
f 3651/2515 3653/2517 3652/2516
f 3639/2503 3654/2518 3641/2505
f 3654/2518 3655/2519 3641/2505
f 3654/2518 3645/2509 3655/2519
f 3645/2509 3643/2507 3655/2519
f 3647/2511 3656/2520 3649/2513
f 3656/2520 3657/2521 3649/2513
f 3656/2520 3653/2517 3657/2521
f 3653/2517 3651/2515 3657/2521
f 3658/2522 3659/2523 3660/2524
f 3659/2523 3661/2525 3660/2524
f 3659/2523 3662/2526 3661/2525
f 3662/2526 3663/2527 3661/2525
f 3662/2526 3664/2528 3663/2527
f 3664/2528 3665/2529 3663/2527
f 3664/2528 3666/2530 3665/2529
f 3666/2530 3667/2531 3665/2529
f 3666/2530 3668/2532 3667/2531
f 3668/2532 3669/2533 3667/2531
f 3669/2533 3668/2532 3670/2534
f 3668/2532 3671/2535 3670/2534
f 3670/2534 3671/2535 3672/2536
f 3671/2535 3673/2537 3672/2536
f 3674/2538 3672/2536 3675/2539
f 3672/2536 3673/2537 3675/2539
f 3676/2540 3674/2538 3677/2541
f 3674/2538 3675/2539 3677/2541
f 3678/2542 3676/2540 3679/2543
f 3676/2540 3677/2541 3679/2543
f 3680/2544 3678/2542 3681/2545
f 3678/2542 3679/2543 3681/2545
f 3682/2546 3680/2544 3683/2547
f 3680/2544 3681/2545 3683/2547
f 3684/2548 3685/2549 3686/2550
f 3685/2549 3687/2551 3686/2550
f 3685/2549 3688/2552 3687/2551
f 3688/2552 3689/2553 3687/2551
f 3689/2553 3688/2552 3690/2554
f 3688/2552 3691/2555 3690/2554
f 3691/2555 3692/2556 3690/2554
f 3692/2556 3693/2557 3690/2554
f 3692/2556 3694/2558 3693/2557
f 3694/2558 3695/2559 3693/2557
f 3694/2558 3696/2560 3695/2559
f 3696/2560 3697/2561 3695/2559
f 3696/2560 3698/2562 3697/2561
f 3698/2562 3699/2563 3697/2561
f 3698/2562 3700/2564 3699/2563
f 3700/2564 3701/2565 3699/2563
f 3700/2564 3702/2566 3701/2565
f 3702/2566 3703/2567 3701/2565
f 3702/2566 3704/2568 3703/2567
f 3704/2568 3705/2569 3703/2567
f 3704/2568 3706/2570 3705/2569
f 3706/2570 3707/2571 3705/2569
f 3706/2570 3708/2572 3707/2571
f 3708/2572 3709/2573 3707/2571
f 3710/2574 3711/2575 3712/2576
f 3711/2575 3713/2577 3712/2576
f 3714/2578 3715/2579 3716/2580
f 3715/2579 3717/2581 3716/2580
f 3718/2582 3712/2576 3719/2583
f 3713/2577 3719/2583 3712/2576
f 3715/2579 3720/2584 3717/2581
f 3720/2584 3721/2585 3717/2581
f 3722/2586 3723/2587 3710/2574
f 3712/2576 3722/2586 3710/2574
f 3712/2576 3718/2582 3722/2586
f 3724/2588 3722/2586 3718/2582
f 3718/2582 3719/2583 3725/2589
f 3725/2589 3719/2583 3726/2590
f 3727/2591 3724/2588 3725/2589
f 3724/2588 3718/2582 3725/2589
f 3720/2584 3728/2592 3721/2585
f 3728/2592 3729/2593 3721/2585
f 3730/2594 3727/2591 3731/2595
f 3727/2591 3725/2589 3731/2595
f 3731/2595 3725/2589 3732/2596
f 3725/2589 3726/2590 3732/2596
f 3728/2592 3733/2597 3729/2593
f 3733/2597 3734/2598 3729/2593
f 3735/2599 3730/2594 3731/2595
f 3736/2600 3735/2599 3731/2595
f 3737/2601 3735/2599 3736/2600
f 3737/2601 3738/2602 3735/2599
f 3731/2595 3732/2596 3736/2600
f 3739/2603 3736/2600 3732/2596
f 3733/2597 3740/2604 3734/2598
f 3740/2604 3741/2605 3734/2598
f 3737/2601 3742/2606 3738/2602
f 3737/2601 3736/2600 3743/2607
f 3743/2607 3736/2600 3739/2603
f 3740/2604 3744/2608 3741/2605
f 3744/2608 3745/2609 3741/2605
f 3742/2606 3737/2601 3746/2610
f 3743/2607 3746/2610 3737/2601
f 3744/2608 3747/2611 3745/2609
f 3747/2611 3748/2612 3745/2609
f 3747/2611 3749/2613 3748/2612
f 3749/2613 3750/2614 3748/2612
f 3746/2610 3751/2615 3742/2606
f 3751/2615 3752/2616 3742/2606
f 3749/2613 3753/2617 3750/2614
f 3753/2617 3754/2618 3750/2614
f 3751/2615 3755/2619 3752/2616
f 3755/2619 3756/2620 3752/2616
usemtl texture14
f 4053/2313 4054/2621 4055/2314
f 4054/2621 4056/2622 4055/2314
f 4057/2623 4058/2624 4059/2625
f 4058/2624 4060/2626 4059/2625
f 4061/2623 4062/2624 4063/2625
f 4062/2624 4064/2626 4063/2625
f 4065/2623 4066/2624 4067/2625
f 4066/2624 4068/2626 4067/2625
f 4069/2623 4070/2624 4071/2625
f 4070/2624 4072/2626 4071/2625
usemtl texture15
f 4294/2627 4295/2628 4296/2629
f 4294/2627 4297/2630 4295/2628
f 4298/2631 4297/2630 4294/2627
f 4299/2632 4297/2630 4298/2631
f 4299/2632 4298/2631 4300/2633
f 4301/2634 4302/2635 4303/2636
f 4302/2635 4304/2637 4303/2636
f 4305/2634 4306/2635 4307/2636
f 4306/2635 4308/2637 4307/2636
f 4309/2634 4310/2635 4311/2636
f 4310/2635 4312/2637 4311/2636
f 4313/2627 4314/2628 4315/2629
f 4313/2627 4316/2630 4314/2628
f 4317/2631 4316/2630 4313/2627
f 4318/2632 4316/2630 4317/2631
f 4318/2632 4317/2631 4319/2633
f 4320/2634 4321/2635 4322/2636
f 4321/2635 4323/2637 4322/2636
f 4324/2634 4325/2635 4326/2636
f 4325/2635 4327/2637 4326/2636
f 4328/2634 4329/2635 4330/2636
f 4329/2635 4331/2637 4330/2636
f 4332/2627 4333/2628 4334/2629
f 4332/2627 4335/2630 4333/2628
f 4336/2631 4335/2630 4332/2627
f 4337/2632 4335/2630 4336/2631
f 4337/2632 4336/2631 4338/2633
f 4339/2634 4340/2635 4341/2636
f 4340/2635 4342/2637 4341/2636
f 4343/2634 4344/2635 4345/2636
f 4344/2635 4346/2637 4345/2636
f 4347/2634 4348/2635 4349/2636
f 4348/2635 4350/2637 4349/2636
f 4351/2634 4352/2635 4353/2636
f 4352/2635 4354/2637 4353/2636
f 4355/2634 4356/2635 4357/2636
f 4356/2635 4358/2637 4357/2636
f 4359/2627 4360/2628 4361/2629
f 4359/2627 4362/2630 4360/2628
f 4363/2634 4364/2635 4365/2636
f 4364/2635 4366/2637 4365/2636
f 4367/2631 4362/2630 4359/2627
f 4368/2632 4362/2630 4367/2631
f 4368/2632 4367/2631 4369/2633
usemtl texture12
f 4039/2638 4040/2639 4041/2640
usemtl texture13
f 3964/2641 3965/2642 3966/2643
f 3967/2644 3968/2645 3969/2623
f 3968/2645 3970/2624 3969/2623
f 3971/2646 3968/2645 3972/2647
f 3968/2645 3967/2644 3972/2647
f 3973/2648 3971/2646 3974/2649
f 3971/2646 3972/2647 3974/2649
f 3975/2646 3973/2648 3976/2647
f 3973/2648 3974/2649 3976/2647
f 3977/2645 3975/2646 3978/2644
f 3975/2646 3976/2647 3978/2644
f 3979/2623 3980/2624 3978/2644
f 3980/2624 3977/2645 3978/2644
f 3981/2644 3982/2645 3983/2623
f 3982/2645 3984/2624 3983/2623
f 3985/2646 3982/2645 3986/2647
f 3982/2645 3981/2644 3986/2647
f 3987/2648 3985/2646 3988/2649
f 3985/2646 3986/2647 3988/2649
f 3989/2646 3987/2648 3990/2647
f 3987/2648 3988/2649 3990/2647
f 3991/2645 3989/2646 3992/2644
f 3989/2646 3990/2647 3992/2644
f 3993/2623 3994/2624 3992/2644
f 3994/2624 3991/2645 3992/2644
f 3995/2644 3996/2645 3997/2623
f 3996/2645 3998/2624 3997/2623
f 3999/2646 3996/2645 4000/2647
f 3996/2645 3995/2644 4000/2647
f 4001/2648 3999/2646 4002/2649
f 3999/2646 4000/2647 4002/2649
f 4003/2646 4001/2648 4004/2647
f 4001/2648 4002/2649 4004/2647
f 4005/2645 4003/2646 4006/2644
f 4003/2646 4004/2647 4006/2644
f 4007/2623 4008/2624 4006/2644
f 4008/2624 4005/2645 4006/2644
f 4009/2644 4010/2645 4011/2623
f 4010/2645 4012/2624 4011/2623
f 4013/2646 4010/2645 4014/2647
f 4010/2645 4009/2644 4014/2647
f 4015/2648 4013/2646 4016/2649
f 4013/2646 4014/2647 4016/2649
f 4017/2646 4015/2648 4018/2647
f 4015/2648 4016/2649 4018/2647
f 4019/2645 4017/2646 4020/2644
f 4017/2646 4018/2647 4020/2644
f 4021/2623 4022/2624 4020/2644
f 4022/2624 4019/2645 4020/2644
usemtl texture29
f 4261/2650 4262/2651 4263/2652
f 4262/2651 4264/2653 4263/2652
f 4263/2652 4264/2653 4265/2314
f 4264/2653 4266/2654 4265/2314
f 4267/2655 4268/2656 4269/2657
f 4267/2655 4269/2657 4270/2658
f 4270/2658 4269/2657 4271/2659
f 4270/2658 4271/2659 4272/2660
f 4272/2660 4271/2659 4273/2661
f 4272/2660 4273/2661 4274/2662
f 4274/2662 4273/2661 4275/2663
f 4273/2661 4276/2664 4275/2663
f 4275/2663 4276/2664 4277/2665
f 4276/2664 4278/2666 4277/2665
f 4277/2665 4278/2666 4279/2667
f 4278/2666 4280/2668 4279/2667
f 4279/2667 4280/2668 4281/2669
f 4280/2668 4282/2670 4281/2669
f 4283/2650 4284/2313 4285/2651
f 4284/2313 4286/2671 4285/2651
f 4284/2313 4287/2314 4286/2671
f 4287/2314 4288/2654 4286/2671
usemtl texture28
f 4050/2672 4051/2673 4052/2674
