# Model created using BSP2OBJ v0.2.1 by DCx Demo*
# http://devilclanthps3.weebly.com/

mtllib S23_DN_30.obj.mtl
# Object number 1
# 2064 faces
# 2348 vertices

v -13813.36523 1133.97070 -4947.95508
v -13930.05566 901.89258 -6349.42725
v -13842.95508 631.82617 -4959.71631
v -13930.05371 631.82617 -6349.42725
v -13910.99316 1717.59961 -6249.85400
v -13910.99316 1447.53320 -6249.85449
v -13775.26953 1908.00000 -4691.07568
v -13806.64551 1445.17969 -5019.06006
v -13602.21875 901.89453 -6988.79736
v -13602.22070 631.82617 -6988.79785
v -13614.87402 1240.09180 -5290.49756
v -13676.56543 1240.09180 -6295.58984
v -13520.85059 1717.59961 -6853.22900
v -13520.85254 1447.53320 -6853.22900
v -13560.71680 2756.54492 -6306.23291
v -13498.56055 2756.54492 -5293.62451
v -13254.26660 436.12891 -6998.87549
v -13696.15332 436.12891 -5453.04688
v -13873.95508 -233.84961 -5046.74658
v -13455.43164 -108.86328 -7244.14063
v -13768.77246 -2361.33398 -5376.96338
v -13272.53320 -2361.33398 -7112.92773
v -13696.15430 436.12891 -5453.04688
v -13254.26660 436.12891 -6998.87549
v -13209.14355 2756.54492 -6719.01270
v -13511.53711 1707.44336 -7297.63672
v -13511.53711 1437.37500 -7297.63672
v -13189.04297 3393.34766 -5972.64111
v -13236.68457 3264.58203 -5872.52588
v -13572.64453 3404.67188 -5547.22217
v -13565.21484 3271.11328 -5545.87256
v -13362.64258 -4493.36328 -5886.81543
v -13132.78027 -4493.36328 -6690.92578
v -13268.55273 2756.54492 -7066.99854
v -13338.46973 3248.77148 -6093.56250
v -13394.03906 3383.08398 -6064.72266
v -12965.97949 3423.08203 -5470.41553
v -12967.46387 3289.25391 -5470.19580
v -12536.01855 -336.95117 -5271.06494
v -12744.82910 -2361.33398 -5457.53564
v -12784.36133 436.12891 -5524.79346
v -13334.40332 -33264.07813 -5981.66602
v -13014.97949 -33264.07813 -6594.54199
v -12481.49707 631.82617 -5487.76514
v -12784.36133 436.12891 -5524.79346
v -12888.34570 -4493.36328 -5924.13721
v -12987.58691 3348.79102 -6776.17432
v -13030.14355 3219.53906 -6685.91064
v -12849.31055 631.82617 -7676.85156
v -13522.83984 631.82617 -7426.59375
v -12849.31055 901.89258 -7676.85156
v -13522.84082 901.89453 -7426.59375
v -12574.62402 1133.97070 -5428.40771
v -12838.00684 1707.44141 -7547.89453
v -12838.00879 1437.37695 -7547.89453
v -13386.57324 1142.59375 -7050.70605
v -12952.03516 1240.09180 -7209.22412
v -12651.38184 1240.09180 -5664.19238
v -12568.57910 1445.17969 -5499.25000
v -12413.78125 1908.00000 -5219.13574
v -12953.82617 -33264.07813 -6089.73096
v -12830.76172 2756.54492 -7226.70264
v -12527.86230 2756.54492 -5670.11377
v -12675.69336 -4493.36328 -6668.04590
v -12695.16699 -33264.07813 -6586.01904
v -12356.83496 -212.95117 -7451.12354
v -12420.99512 -2361.33398 -7134.76709
v -12342.47559 436.12891 -7070.62158
v -12612.27148 3353.37109 -6840.06836
v -12669.35840 3222.58789 -6769.50879
v -12675.69336 -4493.36328 -6668.04590
v -12695.16699 -33264.07813 -6586.01904
v -12563.38965 3256.84375 -6248.17236
v -12503.73242 3394.84766 -6201.58398
v -12564.48926 1240.09180 -7008.82910
v -12456.92285 1445.17969 -7227.08301
v -12420.99512 -2361.33398 -7134.76709
v -12300.09668 1773.73047 -7223.04785
v -12440.32031 2756.54492 -7024.80811
v -12503.73242 3394.84766 -6201.58398
v -12563.38965 3256.84375 -6248.17236
v -12692.79980 1908.00000 -6765.49219
v -12814.02734 1445.17969 -6811.00439
v -12720.30371 2756.54492 -6698.58545
v -12356.83496 -212.95117 -7451.12354
v -12342.47559 436.12891 -7070.62158
v -12751.40820 631.82617 -6930.24902
v -12820.20410 1133.97070 -6740.87354
v -12159.40137 631.82617 -7077.22119
v -12281.55957 1133.97070 -6874.59717
v -12281.55957 1133.97070 -6874.59717
v -12423.43848 1240.09180 -6789.03809
v -12275.67578 1445.17969 -6944.65527
v -12100.78125 1908.00000 -6912.46631
v -12275.67578 1445.17969 -6944.65527
v -12298.21191 2756.54492 -6803.37354
v -12159.40137 631.82617 -7077.22119
v -12342.47559 436.12891 -7070.62207
v -12100.78125 1908.00000 -6912.46631
v -12298.21191 2756.54492 -6803.37354
v -12890.07715 3066.85742 -6302.12012
v -12979.91406 3564.09375 -6166.62061
v -12890.07715 2958.86328 -6302.12012
v -12890.07715 2958.86328 -6302.12012
v -12890.07715 3066.85742 -6302.12012
v -12979.91406 3564.09375 -6166.62061
v -12890.07715 2958.86328 -6302.12012
v -12890.07715 3066.85742 -6302.12012
v -12890.07715 2958.86328 -6302.12012
v -12979.91406 3564.09375 -6166.62061
v -12890.07715 2958.86328 -6302.12012
v -12481.50293 1058.04688 -7369.35938
v -12890.07715 2958.86328 -6302.12012
v -12979.91406 3564.09375 -6166.62061
v -12423.43848 1240.09180 -6789.03760
v -12358.71191 631.82617 -7387.79688
v -17821.75195 961.63391 4272.96680
v -17882.58984 961.63391 3971.66943
v -17821.75195 388.09363 4272.96680
v -17882.58984 388.09363 3971.66943
v -17742.73828 961.63391 3705.22656
v -17742.73828 388.09363 3705.22656
v -17471.96680 961.63391 3563.08643
v -17471.96680 388.09363 3563.08643
v -17437.92188 961.63391 5113.29883
v -17437.92188 388.09363 5113.29883
v -17228.43359 961.63391 5336.04590
v -17228.43359 388.09363 5336.04590
v -17176.14453 961.63391 3610.45508
v -17176.14453 388.09363 3610.45508
v -16931.52539 961.63391 5384.60352
v -16931.52539 388.09363 5384.60352
v -16970.62500 961.63391 3840.42603
v -16970.62500 388.09363 3840.42603
v -16657.20117 961.63391 5251.39502
v -16657.20117 388.09363 5251.39502
v -16584.78125 961.63391 4678.44092
v -16584.78125 388.09363 4678.44092
v -16525.81445 961.63391 4980.07861
v -16525.81445 388.09363 4980.07861
v -17420.50000 308.09363 3735.28369
v -17396.50977 191.63391 3739.12646
v -17420.50000 61.41248 3735.28369
v -17396.50977 121.63397 3739.12646
v -17180.62695 308.09363 3773.69287
v -17184.29297 191.63391 3781.09619
v -17180.62695 61.41248 3773.69287
v -17184.29297 121.63397 3781.09619
v -17013.97070 308.09363 3960.16748
v -17016.66602 191.63391 3961.88477
v -17013.97070 61.41248 3960.16748
v -17016.66602 121.63397 3961.88477
v -16901.18555 61.41248 4180.97998
v -16912.46094 121.63397 4158.89941
v -16901.18555 308.09363 4180.97998
v -16912.46094 191.63391 4158.89941
v -17704.14258 308.09363 4310.91504
v -17753.47852 308.09363 4066.59814
v -17704.14258 61.41248 4310.91504
v -17753.47852 61.41248 4066.59814
v -17640.07227 308.09363 3850.54541
v -17640.07227 61.41248 3850.54541
v -17392.89453 308.09363 4992.32520
v -17392.89453 61.41248 4992.32520
v -17420.50000 308.09363 3735.28369
v -17420.50000 61.41248 3735.28369
v -17223.02539 308.09363 5172.95605
v -17223.02539 61.41248 5172.95605
v -16982.25977 308.09363 5212.33350
v -16982.25977 61.41248 5212.33350
v -16759.81445 308.09363 5104.31250
v -16759.81445 61.41248 5104.31250
v -16701.09766 308.09363 4639.71094
v -16701.09766 61.41248 4639.71094
v -16901.18555 308.09363 4180.97998
v -16901.18555 61.41248 4180.97998
v -16653.27539 61.41248 4884.30859
v -16653.27539 308.09363 4884.30859
v -17882.58984 388.09363 3971.66943
v -17710.87500 388.09363 4098.04346
v -17821.75195 388.09363 4272.96680
v -17665.34180 388.09363 4323.57666
v -17742.73828 388.09363 3705.22656
v -17606.19141 388.09363 3898.61060
v -17437.92188 388.09363 5113.29883
v -17378.03516 388.09363 4952.56250
v -17471.96680 388.09363 3563.08643
v -17403.51953 388.09363 3792.22168
v -17228.43359 388.09363 5336.04590
v -17221.22852 388.09363 5119.29541
v -17176.14453 388.09363 3610.45508
v -17182.09766 388.09363 3827.67749
v -16931.52539 388.09363 5384.60352
v -16998.99219 388.09363 5155.64307
v -16970.62500 388.09363 3840.42603
v -17028.25977 388.09363 3999.80908
v -16657.20117 388.09363 5251.39502
v -16793.65625 388.09363 5055.93750
v -16584.78125 388.09363 4678.44092
v -16739.45117 388.09363 4627.07715
v -16525.81445 388.09363 4980.07861
v -16695.31445 388.09363 4852.85693
v -17437.92188 961.63391 5113.29883
v -17821.75195 961.63391 4272.96680
v -17437.92188 388.09363 5113.29883
v -17821.75195 388.09363 4272.96680
v -17665.34180 388.09363 4323.57666
v -17710.87500 388.09363 4098.04346
v -17665.34180 308.09363 4323.57666
v -17710.87500 308.09363 4098.04346
v -17606.19141 308.09363 3898.61060
v -17606.19141 388.09363 3898.61060
v -17378.03516 388.09363 4952.56250
v -17378.03516 308.09363 4952.56250
v -17403.51953 308.09363 3792.22168
v -17403.51953 388.09363 3792.22168
v -17221.22852 388.09363 5119.29541
v -17221.22852 308.09363 5119.29541
v -17182.09766 308.09363 3827.67749
v -17182.09766 388.09363 3827.67749
v -16998.99219 308.09363 5155.64307
v -16998.99219 388.09363 5155.64307
v -17028.25977 308.09363 3999.80908
v -17028.25977 388.09363 3999.80908
v -16793.65625 308.09363 5055.93750
v -16793.65625 388.09363 5055.93750
v -16739.45117 388.09363 4627.07715
v -16739.45117 308.09363 4627.07715
v -16695.31445 308.09363 4852.85693
v -16695.31445 388.09363 4852.85693
v -17392.89453 308.09363 4992.32520
v -17378.03516 308.09363 4952.56250
v -17704.14258 308.09363 4310.91504
v -17665.34180 308.09363 4323.57666
v -17765.81250 -32466.51758 4057.49048
v -17715.37891 -32466.51758 4307.25195
v -17765.81250 -450.15445 4057.49048
v -17715.37891 -450.15445 4307.25195
v -17703.16016 -89.57404 4103.74463
v -17658.31055 -89.57404 4325.86670
v -17649.88281 -32466.51758 3836.61621
v -17649.88281 -450.15445 3836.61621
v -17753.47852 61.41248 4066.59814
v -17704.14258 61.41248 4310.91504
v -17600.05469 -89.57404 3907.32422
v -17640.07227 61.41248 3850.54541
v -17397.20117 -32466.51758 5003.84375
v -17397.20117 -450.15445 5003.84375
v -17425.42383 -32466.51758 3718.79224
v -17425.42383 -450.15445 3718.79224
v -17375.34375 -89.57404 4945.35938
v -17392.89453 61.41248 4992.32520
v -17400.43945 -89.57404 3802.53320
v -17420.50000 61.41248 3735.28369
v -17397.20117 -32466.51758 5003.84375
v -17223.54102 -32466.51758 5188.49561
v -17397.20117 -450.15445 5003.84375
v -17223.54102 -450.15445 5188.49561
v -17220.90039 -89.57404 5109.57764
v -17375.34375 -89.57404 4945.35938
v -17223.02539 61.41248 5172.95605
v -17392.89453 61.41248 4992.32520
v -17180.19922 -32466.51758 3758.05566
v -17180.19922 -450.15445 3758.05566
v -17182.36328 -89.57404 3837.46069
v -17180.62695 61.41248 3773.69287
v -16982.25977 61.41248 5212.33350
v -17002.02539 -89.57404 5145.37842
v -16977.42188 -450.15445 5228.75146
v -17013.97070 61.41248 3960.16748
v -17030.84961 -89.57404 4006.99170
v -17009.83398 -450.15445 3948.69165
v -16977.42188 -32466.51758 5228.75146
v -17009.83398 -32466.51758 3948.69165
v -16759.81445 61.41248 5104.31250
v -16799.78320 -89.57404 5047.16846
v -16750.01953 -450.15445 5118.32471
v -16689.98438 -450.15445 4643.36914
v -16746.40430 -89.57404 4624.78662
v -16750.01953 -32466.51758 5118.32471
v -16689.98438 -32466.51758 4643.36914
v -16653.27539 61.41248 4884.30859
v -16702.92773 -89.57404 4847.15234
v -16641.10352 -450.15445 4893.41309
v -16701.09766 61.41248 4639.71094
v -16641.10352 -32466.51758 4893.41309
v -16901.18555 61.41248 4180.97998
v -17753.47852 308.09363 4066.59814
v -17704.14258 308.09363 4310.91504
v -17710.87500 308.09363 4098.04346
v -17665.34180 308.09363 4323.57666
v -17640.07227 308.09363 3850.54541
v -17606.19141 308.09363 3898.61060
v -17420.50000 308.09363 3735.28369
v -17403.51953 308.09363 3792.22168
v -17223.02539 308.09363 5172.95605
v -17221.22852 308.09363 5119.29541
v -17392.89453 308.09363 4992.32520
v -17378.03516 308.09363 4952.56250
v -17180.62695 308.09363 3773.69287
v -17182.09766 308.09363 3827.67749
v -16982.25977 308.09363 5212.33350
v -16998.99219 308.09363 5155.64307
v -17013.97070 308.09363 3960.16748
v -17028.25977 308.09363 3999.80933
v -16759.81445 308.09363 5104.31250
v -16793.65625 308.09363 5055.93750
v -16653.27539 308.09363 4884.30859
v -16695.31445 308.09363 4852.85693
v -16701.09766 308.09363 4639.71094
v -16739.45117 308.09363 4627.07715
v -16901.18555 308.09363 4180.97998
v -14644.89063 -557.57605 892.86523
v -15130.49512 -611.62347 211.24342
v -14600.80469 -1144.08582 828.67432
v -15047.92871 -1192.51501 197.64030
v -14469.28809 761.27643 811.20081
v -15046.92969 779.30792 147.15115
v -14533.49609 -150.01978 793.80627
v -15059.80762 -143.97397 134.91702
v -14549.75684 -1301.75146 686.03229
v -14883.27734 -1337.38293 214.44852
v -14996.74414 -1518.23132 189.72832
v -14571.42383 -1473.43506 789.83942
v -14410.63477 -336.64328 547.91980
v -14805.81543 -338.11453 52.31691
v -14408.33008 -542.54590 -604.65948
v -14377.83691 -1130.63281 -558.00146
v -14858.22852 -2464.86475 166.87381
v -14490.92578 -2430.82227 685.64520
v -14393.49023 -172.44142 -606.50323
v -14378.12109 821.80902 -668.97375
v -14444.67578 -337.98898 -490.18851
v -14514.41016 -4163.48877 714.99664
v -14901.29785 -4164.55566 169.57066
v -14383.31250 -1291.85693 -351.01959
v -14359.25195 -1460.98645 -528.67285
v -14307.37891 -2421.35913 -454.39478
v -14598.52832 1178.04858 207.15001
v -14301.88379 1176.13013 634.24048
v -14320.92773 -4163.20996 -482.50003
v -14324.80078 1193.77319 -391.04379
v -14429.78418 -8944.06836 104.70536
v -14246.36426 -8934.39746 364.10315
v -14154.18848 -8931.70605 -205.83675
v -14290.22656 1474.35974 -342.17529
v -14457.73145 1466.83093 193.66917
v -14224.16895 1466.83093 530.80029
v -14163.54980 -45879.31641 254.14465
v -14286.04590 -45879.31641 81.28072
v -14101.54102 -45879.31641 -124.91099
v -13709.04297 1474.35974 488.04315
v -14290.22656 1474.35974 -342.17529
v -14224.16895 1466.83093 530.80029
v -14457.73145 1466.83093 193.66917
v -13621.72754 -1047.68250 672.69879
v -13817.00879 -1230.60632 569.89337
v -13640.39648 -1384.32520 641.51935
v -13588.12109 -537.65356 723.48401
v -13685.18066 -2363.22778 557.89850
v -13741.79004 -334.70126 501.35275
v -13668.14746 -4161.03271 580.45911
v -13842.52539 -8915.28711 300.80695
v -13582.66992 -189.43716 645.03326
v -13894.30566 -45879.31641 212.23077
v -13706.22949 1466.83093 -311.71301
v -13743.34961 1182.81543 -429.66724
v -13446.40430 -589.35089 -786.84143
v -13739.21875 -367.98654 -495.72464
v -13396.91992 719.94446 607.81158
v -13379.85352 -166.19554 -799.13464
v -13480.93652 -1377.38489 -743.82452
v -13691.35059 -1225.03528 -518.86951
v -13454.08789 -1040.16943 -784.12817
v -13646.35938 1175.33752 490.33533
v -13709.04297 1474.35974 488.04315
v -13847.42383 -45879.31641 -185.99115
v -13772.71973 -8913.81250 -297.49066
v -13341.21191 794.16547 -748.88385
v -13522.83984 -4160.80518 -678.11151
v -13546.85254 -2357.97827 -639.47137
v -13412.81934 1466.83093 44.72285
v -13706.22949 1466.83093 -311.71301
v -13569.89453 -8903.01172 9.30406
v -13842.52539 -8915.28711 300.80695
v -13711.82324 -45879.31641 18.88920
v -13894.30566 -45879.31641 212.23077
v -13334.60449 1178.84888 -2.36307
v -13412.81934 1466.83093 44.72285
v -13094.13477 -4159.69482 -30.57854
v -13668.14746 -4161.03271 580.45911
v -13646.35938 1175.33752 490.33533
v -13709.04297 1474.35974 488.04315
v -13026.06055 -571.35077 -125.65992
v -13535.94727 -334.33640 -25.78417
v -13588.12109 -537.65356 723.48401
v -13741.79004 -334.70126 501.35275
v -12990.78516 -192.16385 -65.74352
v -13582.66992 -189.43716 645.03326
v -13009.84570 -1327.47656 -31.96569
v -13322.41406 -1185.39038 39.18015
v -13640.39648 -1384.32520 641.51935
v -13817.00879 -1230.60632 569.89337
v -13026.86133 -986.22400 -73.39572
v -13621.72754 -1047.68250 672.69879
v -13140.29199 -2320.01636 -24.84626
v -13685.18066 -2363.22778 557.89850
v -12862.74219 823.25671 -115.01118
v -13396.91992 719.94446 607.81158
v -14338.74512 1466.68933 -12.41649
v -14299.48340 1466.68933 315.88263
v -14290.18359 1546.68921 1.21564
v -14255.50586 1546.68921 291.18375
v -14134.36426 1466.68933 -272.32089
v -14109.66504 1546.68921 -228.34326
v -14299.48340 1466.68933 315.88263
v -14039.57910 1466.68933 520.26318
v -14255.50586 1546.68921 291.18375
v -14025.94727 1546.68921 471.70151
v -13806.06543 1466.68933 -311.58231
v -13819.69727 1546.68921 -263.02060
v -13711.28027 1466.68933 481.00180
v -13735.97949 1546.68921 437.02417
v -13546.16113 1466.68933 -107.20167
v -13590.13867 1546.68921 -82.50277
v -13506.89941 1466.68933 221.09740
v -13555.46094 1546.68921 207.46527
v -14134.50684 2004.31567 44.91675
v -14135.85840 2004.31567 158.72035
v -14134.50684 2084.47607 44.91675
v -14135.85840 2084.47607 158.72035
v -14080.12695 2004.31567 257.95306
v -14080.12695 2084.47607 257.95306
v -14076.43457 2004.31567 -52.96434
v -14076.43457 2084.47607 -52.96434
v -14080.12695 2004.31567 257.95306
v -13982.24609 2004.31580 316.02524
v -14080.12695 2084.47607 257.95306
v -13982.24609 2084.47607 316.02524
v -13977.20215 2004.31567 -108.69583
v -13977.20215 2084.47607 -108.69583
v -13868.44238 2004.31567 317.37674
v -13868.44238 2084.47607 317.37674
v -13863.39844 2004.31580 -107.34434
v -13863.39844 2084.47607 -107.34434
v -13769.20996 2004.31567 261.64523
v -13769.20996 2084.47607 261.64523
v -13765.51758 2004.31567 -49.27205
v -13765.51758 2084.47607 -49.27205
v -13711.13770 2004.31567 163.76416
v -13711.13770 2084.47607 163.76416
v -13709.78613 2004.31567 49.96055
v -13709.78613 2084.47607 49.96055
v -14156.81152 1553.41931 168.27956
v -14099.19434 1553.41931 270.86984
v -14156.81152 1658.96765 168.27956
v -14099.19434 1658.96765 270.86984
v -14102.81348 1699.87463 153.52437
v -14058.49316 1699.87463 232.43999
v -14102.81348 1699.87463 153.52437
v -14102.81348 2001.55115 153.52437
v -14058.49316 2001.55115 232.43999
v -13986.76172 1553.41931 -129.64835
v -14089.35156 1553.41931 -72.03122
v -13986.76172 1658.96765 -129.64835
v -14089.35156 1658.96765 -72.03122
v -13972.00586 1699.87463 -75.65091
v -14050.92188 1699.87463 -31.33004
v -13972.00586 2001.55115 -75.65091
v -14050.92188 2001.55115 -31.33004
v -14135.85840 2004.31567 158.72035
v -13769.20996 2004.31567 261.64523
v -14080.12695 2004.31567 257.95306
v -13868.44238 2004.31567 317.37674
v -14134.50684 2004.31567 44.91675
v -13711.13770 2004.31567 163.76416
v -13711.13770 2004.31567 163.76416
v -14134.50684 2004.31567 44.91675
v -13709.78613 2004.31567 49.96055
v -14076.43457 2004.31567 -52.96434
v -13977.20215 2004.31567 -108.69583
v -13765.51758 2004.31567 -49.27205
v -13873.63867 1699.87463 284.33182
v -13794.72266 1699.87463 240.01096
v -13873.63867 2001.55115 284.33182
v -13794.72266 2001.55115 240.01096
v -13858.88281 1658.96765 338.32925
v -13756.29297 1658.96765 280.71213
v -13858.88281 1553.41931 338.32925
v -13756.29297 1553.41931 280.71213
v -13742.83105 1699.87463 55.15654
v -13787.15137 1699.87463 -23.75897
v -13742.83105 2001.55115 55.15654
v -13787.15137 2001.55115 -23.75897
v -13688.83301 1658.96765 40.40136
v -13746.45020 1658.96765 -62.18882
v -13688.83301 1553.41931 40.40136
v -13746.45020 1553.41931 -62.18882
v -14134.50684 2084.47607 44.91675
v -14135.85840 2084.47607 158.72035
v -13922.82324 2118.76001 104.34045
v -14135.85840 2084.47607 158.72035
v -14080.12695 2084.47607 257.95306
v -13922.82324 2118.76001 104.34045
v -14076.43457 2084.47607 -52.96434
v -14134.50684 2084.47607 44.91675
v -14080.12695 2084.47607 257.95306
v -13982.24609 2084.47607 316.02524
v -13977.20215 2084.47607 -108.69583
v -14076.43457 2084.47607 -52.96434
v -13982.24609 2004.31580 316.02524
v -13982.24609 2084.47607 316.02524
v -13868.44238 2084.47607 317.37674
v -13863.39844 2084.47607 -107.34434
v -13977.20215 2084.47607 -108.69583
v -13863.39844 2004.31580 -107.34434
v -13868.44238 2084.47607 317.37674
v -13769.20996 2084.47607 261.64523
v -13922.82324 2118.76001 104.34045
v -13765.51758 2084.47607 -49.27205
v -13863.39844 2084.47607 -107.34434
v -13769.20996 2084.47607 261.64523
v -13711.13770 2084.47607 163.76416
v -13709.78613 2084.47607 49.96055
v -13765.51758 2084.47607 -49.27205
v -13711.13770 2084.47607 163.76416
v -13709.78613 2084.47607 49.96055
v -14089.35156 1553.41931 -72.03122
v -14156.81152 1553.41931 168.27956
v -14089.35156 1658.96765 -72.03122
v -14156.81152 1658.96765 168.27956
v -14050.92188 1699.87463 -31.33004
v -14102.81348 1699.87463 153.52437
v -14102.81348 1699.87463 153.52437
v -14050.92188 2001.55115 -31.33004
v -14102.81348 2001.55115 153.52437
v -14099.19434 1553.41931 270.86984
v -13858.88281 1553.41931 338.32925
v -14099.19434 1658.96765 270.86984
v -13858.88281 1658.96765 338.32925
v -14058.49316 1699.87463 232.43999
v -13873.63867 1699.87463 284.33182
v -14058.49316 2001.55115 232.43999
v -13873.63867 2001.55115 284.33182
v -13787.15137 1699.87463 -23.75897
v -13972.00586 1699.87463 -75.65091
v -13787.15137 2001.55115 -23.75897
v -13972.00586 2001.55115 -75.65091
v -13746.45020 1658.96765 -62.18882
v -13986.76172 1658.96765 -129.64835
v -13746.45020 1553.41931 -62.18882
v -13986.76172 1553.41931 -129.64835
v -13794.72266 1699.87463 240.01096
v -13742.83105 1699.87463 55.15654
v -13794.72266 2001.55115 240.01096
v -13742.83105 2001.55115 55.15654
v -13756.29297 1658.96765 280.71213
v -13688.83301 1658.96765 40.40136
v -13756.29297 1553.41931 280.71213
v -13688.83301 1553.41931 40.40136
v -13552.32715 1707.15271 157.53848
v -13578.76855 1707.15271 251.72902
v -13757.69238 1707.15271 99.88876
v -13784.13379 1707.15271 194.07939
v -13632.19141 1843.24536 222.31300
v -13635.94336 1794.48999 235.67905
v -13407.76855 1843.24524 285.31210
v -13448.85352 1794.48999 288.19867
v -13613.25488 1843.24536 154.85437
v -13388.83301 1843.24524 217.85347
v -13609.50293 1794.48999 141.48842
v -13422.41211 1794.48999 194.00813
v -13422.41211 1794.48999 194.00813
v -13448.85352 1794.48999 288.19867
v -13784.13379 1707.15271 194.07939
v -13635.94336 1794.48999 235.67905
v -13784.13379 1794.48999 194.07938
v -13757.69238 1794.48999 99.88875
v -13609.50293 1794.48999 141.48842
v -13757.69238 1707.15271 99.88876
v -13578.76855 1707.15271 251.72902
v -13552.32715 1707.15271 157.53848
v -13578.76855 1707.15271 251.72902
v -13552.32715 1707.15271 157.53848
v -13398.30176 1832.42224 251.58273
v -13407.76855 1843.24524 285.31210
v -13388.83301 1843.24524 217.85347
v -13869.62402 1707.15271 -266.15442
v -13775.43359 1707.15271 -239.71341
v -13927.27441 1707.15271 -60.78901
v -13833.08301 1707.15271 -34.34801
v -13872.30859 1843.24536 -205.22728
v -13809.30957 1843.24524 -429.64868
v -13885.67383 1794.48999 -208.97934
v -13833.15430 1794.48999 -396.07013
v -13833.15332 1794.48987 -396.07016
v -13738.96387 1794.48987 -369.62912
v -13804.84961 1843.24536 -186.29044
v -13791.48242 1794.48999 -182.53835
v -13741.85059 1843.24524 -410.71182
v -13738.96387 1794.48999 -369.62912
v -13927.27441 1794.48999 -60.78901
v -13885.67383 1794.48999 -208.97934
v -13927.27441 1707.15271 -60.78901
v -13869.62402 1707.15271 -266.15442
v -13869.62402 1707.15271 -266.15442
v -13833.08301 1707.15271 -34.34801
v -13791.48242 1794.48999 -182.53835
v -13833.08301 1794.48999 -34.34801
v -13809.30957 1843.24524 -429.64868
v -13775.58105 1832.42224 -420.18008
v -13775.43359 1707.15271 -239.71341
v -13775.43359 1707.15271 -239.71341
v -13741.85059 1843.24524 -410.71182
v -14423.23145 1794.48987 14.67277
v -14396.79199 1794.48987 -79.51777
v -14293.31738 1707.15271 51.14243
v -14266.87598 1707.15271 -43.04811
v -14232.38965 1843.24536 53.82654
v -14456.81152 1843.24524 -9.17255
v -14236.14258 1794.48999 67.19249
v -14423.23242 1794.48999 14.67277
v -14213.45313 1843.24536 -13.63210
v -14209.70117 1794.48999 -26.99814
v -14437.87500 1843.24524 -76.63119
v -14396.79199 1794.48999 -79.51777
v -14087.95215 1707.15271 108.79215
v -14061.51074 1707.15271 14.60153
v -14456.81152 1843.24524 -9.17255
v -14447.34082 1832.42224 -42.90184
v -14437.87500 1843.24524 -76.63119
v -14293.31738 1707.15271 51.14243
v -14266.87598 1707.15271 -43.04811
v -14087.95215 1707.15271 108.79215
v -14236.14258 1794.48999 67.19249
v -14293.31738 1707.15271 51.14243
v -14266.87598 1707.15271 -43.04811
v -14209.70117 1794.48999 -26.99814
v -14061.51074 1707.15271 14.60153
v -14087.95215 1794.48999 108.79216
v -14061.51074 1794.48999 14.60153
v -14040.79492 1843.24536 394.97134
v -14054.16113 1794.48999 391.21915
v -14103.79395 1843.24524 619.39264
v -14106.68164 1794.48999 578.31000
v -14012.48926 1794.48987 604.75098
v -14106.68262 1794.48987 578.31000
v -13976.02051 1707.15271 474.83530
v -14070.21094 1707.15271 448.39429
v -13973.33594 1843.24536 413.90817
v -14036.33496 1843.24524 638.32953
v -13959.97070 1794.48999 417.66025
v -14012.49023 1794.48999 604.75098
v -13918.37012 1707.15271 269.46991
v -14012.56152 1707.15271 243.02893
v -14070.06543 1832.42224 628.86102
v -14103.79395 1843.24524 619.39264
v -14070.21094 1707.15271 448.39429
v -14070.21094 1707.15271 448.39429
v -14054.16113 1794.48999 391.21915
v -14012.56152 1707.15271 243.02893
v -14036.33496 1843.24524 638.32953
v -14012.56152 1794.48999 243.02893
v -13976.02051 1707.15271 474.83530
v -13918.37012 1707.15271 269.46991
v -13959.97070 1794.48999 417.66025
v -13976.02051 1707.15271 474.83530
v -13918.37012 1794.48999 269.46991
v -14277.21777 1698.29089 227.64365
v -14303.91504 1698.29089 220.14922
v -14277.21680 1626.79272 227.64365
v -14303.91602 1626.79260 220.14922
v -14303.91504 1947.01123 220.14928
v -14303.91504 1698.29089 220.14922
v -14277.21777 1947.01123 227.64365
v -14277.21777 1698.29089 227.64365
v -14262.15918 1947.01123 71.40179
v -14262.15918 1698.29077 71.40173
v -14303.91504 1947.01123 220.14928
v -14303.91504 1698.29089 220.14922
v -14239.29199 2040.95276 238.29039
v -14223.55566 2025.17273 242.70753
v -14277.21777 1698.29089 227.64365
v -14235.46289 1698.29077 78.89626
v -14277.21777 1947.01123 227.64365
v -14235.46191 1947.01123 78.89616
v -14262.15918 1947.01123 71.40179
v -14303.91504 1947.01123 220.14928
v -14197.53516 2040.95276 89.54291
v -14239.29199 2040.95276 238.29039
v -14235.46191 1947.01123 78.89616
v -14235.46289 1698.29077 78.89626
v -14262.15918 1947.01123 71.40179
v -14262.15918 1698.29077 71.40173
v -14303.91602 1626.79260 220.14922
v -14262.15918 1698.29077 71.40173
v -14187.97070 1626.79260 -192.87968
v -14229.72656 1698.29077 -44.13219
v -14187.30859 1546.05005 252.88261
v -14187.30859 1564.53638 252.88261
v -14262.15918 1698.29077 71.40173
v -14235.46289 1698.29077 78.89626
v -14229.72656 1698.29077 -44.13219
v -14203.02930 1698.29077 -36.63777
v -14181.79980 2025.17273 93.96005
v -14223.55566 2025.17273 242.70753
v -14235.46191 1947.01123 78.89616
v -14277.21777 1947.01123 227.64365
v -14277.21582 1626.79260 227.64363
v -14161.27344 1626.79260 -185.38525
v -14235.46289 1698.29077 78.89626
v -14203.02930 1698.29077 -36.63777
v -14197.53516 2040.95276 89.54291
v -14181.79980 2025.17273 93.96005
v -14229.72656 1698.29077 -44.13219
v -14203.02930 1698.29077 -36.63777
v -14229.72656 1947.01123 -44.13214
v -14203.02930 1947.01123 -36.63777
v -14220.04199 1698.29089 369.48862
v -14212.54785 1698.29089 342.79126
v -14220.04199 1626.79260 369.48862
v -14212.54883 1626.79272 342.79126
v -14212.54785 1947.01123 342.79126
v -14212.54785 1698.29089 342.79126
v -14220.04199 1947.01123 369.48862
v -14220.04199 1698.29089 369.48862
v -14197.53516 2040.95276 89.54291
v -14239.29199 2040.95276 238.29039
v -14181.79980 2025.17273 93.96005
v -14223.55566 2025.17273 242.70753
v -14187.97070 1698.29089 -192.87968
v -14229.72656 1698.29077 -44.13219
v -14187.97070 1947.01123 -192.87962
v -14229.72656 1947.01123 -44.13214
v -14201.90137 2040.95276 304.86438
v -14196.64551 2025.17285 286.14142
v -14071.36426 1546.05005 -160.14629
v -14187.30859 1546.05005 252.88261
v -14187.97070 1626.79260 -192.87968
v -14303.91602 1626.79260 220.14922
v -14165.10254 2040.95276 -25.99102
v -14149.36719 2025.17273 -21.57388
v -14161.27344 1698.29089 -185.38525
v -14161.27344 1947.01123 -185.38525
v -14203.02930 1698.29077 -36.63777
v -14203.02930 1947.01123 -36.63777
v -14187.97070 1947.01123 -192.87962
v -14229.72656 1947.01123 -44.13214
v -14123.34668 2040.95276 -174.73851
v -14165.10254 2040.95276 -25.99102
v -14161.27344 1626.79272 -185.38525
v -14187.97070 1626.79260 -192.87968
v -14161.27344 1698.29089 -185.38525
v -14187.97070 1698.29089 -192.87968
v -14161.27344 1698.29089 -185.38525
v -14187.97070 1698.29089 -192.87968
v -14161.27344 1947.01123 -185.38525
v -14187.97070 1947.01123 -192.87962
v -14071.36426 1564.53638 -160.14629
v -14187.30859 1564.53638 252.88261
v -14107.61230 2025.17273 -170.32137
v -14149.36719 2025.17273 -21.57388
v -14161.27344 1947.01123 -185.38525
v -14203.02930 1947.01123 -36.63777
v -14220.04199 1698.29089 369.48862
v -14071.29492 1698.29077 411.24469
v -14220.04199 1947.01123 369.48862
v -14071.29492 1947.01123 411.24469
v -14123.34668 2040.95276 -174.73851
v -14107.61230 2025.17273 -170.32137
v -14063.80078 1947.01123 384.54730
v -14063.79980 1698.29077 384.54730
v -14212.54785 1947.01123 342.79126
v -14212.54785 1698.29089 342.79126
v -14220.04199 1947.01123 369.48862
v -14071.29492 1947.01123 411.24469
v -14201.90137 2040.95276 304.86438
v -14053.15332 2040.95276 346.62045
v -14123.34668 2040.95276 -174.73851
v -14165.10254 2040.95276 -25.99102
v -14107.61230 2025.17273 -170.32137
v -14149.36719 2025.17273 -21.57388
v -14212.54785 1947.01123 342.79126
v -14196.64551 2025.17285 286.14142
v -14063.80078 1947.01123 384.54730
v -14047.89844 2025.17285 327.89746
v -14201.90137 2040.95276 304.86438
v -14053.15332 2040.95276 346.62045
v -14196.64551 2025.17285 286.14142
v -14047.89844 2025.17285 327.89746
v -14071.36426 1546.05005 -160.14629
v -14071.36426 1564.53638 -160.14629
v -14071.29492 1698.29077 411.24469
v -14063.79980 1698.29077 384.54730
v -14071.29492 1947.01123 411.24469
v -14063.80078 1947.01123 384.54730
v -14053.15332 2040.95276 346.62045
v -14047.89844 2025.17285 327.89746
v -14038.63086 1626.79272 -276.75229
v -14046.12500 1626.79272 -250.05496
v -14038.63086 1947.01123 -276.75229
v -14046.12598 1947.01123 -250.05475
v -14056.77246 2040.95276 -212.12828
v -14062.02832 2025.17273 -193.40511
v -14046.12500 1698.29089 -250.05495
v -14038.63086 1698.29089 -276.75229
v -14038.63086 1698.29089 -276.75229
v -14046.12500 1698.29089 -250.05495
v -14220.04199 1626.79260 369.48862
v -13807.01367 1626.79260 485.43320
v -14071.29492 1698.29077 411.24469
v -13955.76074 1698.29077 443.67715
v -13955.76074 1698.29077 443.67715
v -13948.26758 1698.29077 416.97980
v -14071.29492 1698.29077 411.24469
v -14063.79980 1698.29077 384.54730
v -13799.51855 1626.79260 458.73593
v -14212.54980 1626.79260 342.79126
v -13948.26758 1698.29077 416.97980
v -14063.79980 1698.29077 384.54730
v -13774.28027 1546.05005 368.82721
v -13807.01367 1626.79260 485.43320
v -14187.30859 1546.05005 252.88261
v -14220.04199 1626.79260 369.48862
v -14187.30859 1564.53638 252.88261
v -13774.28027 1564.53638 368.82721
v -13908.02441 2040.95276 -170.37219
v -14056.77246 2040.95276 -212.12828
v -13913.28027 2025.17273 -151.64905
v -14062.02832 2025.17273 -193.40511
v -14062.02832 2025.17273 -193.40511
v -14046.12598 1947.01123 -250.05475
v -13913.28027 2025.17273 -151.64905
v -13897.37793 1947.01123 -208.29869
v -13908.02441 2040.95276 -170.37219
v -13889.88379 1947.01123 -234.99622
v -14056.77246 2040.95276 -212.12828
v -14038.63086 1947.01123 -276.75229
v -14046.12500 1698.29089 -250.05495
v -13897.37793 1698.29077 -208.29890
v -14046.12598 1947.01123 -250.05475
v -13897.37793 1947.01123 -208.29869
v -14038.63086 1698.29089 -276.75229
v -14038.63086 1947.01123 -276.75229
v -13889.88477 1698.29077 -234.99622
v -13889.88379 1947.01123 -234.99622
v -13948.26660 1947.01123 416.97977
v -13948.26758 1698.29077 416.97980
v -13955.76074 1947.01123 443.67715
v -13955.76074 1698.29077 443.67715
v -13937.62012 2040.95276 379.05289
v -13932.36426 2025.17285 360.32993
v -13889.88379 1947.01123 -234.99622
v -13908.02441 2040.95276 -170.37219
v -13897.37793 1947.01123 -208.29869
v -13913.28027 2025.17273 -151.64905
v -13897.37793 1698.29077 -208.29890
v -13889.88477 1698.29077 -234.99622
v -13955.76074 1947.01123 443.67715
v -13955.76074 1698.29077 443.67715
v -13807.01367 1947.01123 485.43320
v -13807.01367 1698.29089 485.43320
v -13799.51953 1698.29089 458.73587
v -13948.26758 1698.29077 416.97980
v -13799.51953 1947.01123 458.73587
v -13948.26660 1947.01123 416.97977
v -13937.62012 2040.95276 379.05289
v -13955.76074 1947.01123 443.67715
v -13788.87207 2040.95276 420.80899
v -13807.01367 1947.01123 485.43320
v -13948.26660 1947.01123 416.97977
v -13932.36426 2025.17285 360.32993
v -13799.51953 1947.01123 458.73587
v -13783.61621 2025.17285 402.08603
v -13932.36426 2025.17285 360.32993
v -13937.62012 2040.95276 379.05289
v -13783.61621 2025.17285 402.08603
v -13788.87207 2040.95276 420.80899
v -13633.09668 1626.79260 -134.11035
v -14046.12500 1626.79260 -250.05498
v -13658.33594 1564.53638 -44.20170
v -14071.36426 1564.53638 -160.14629
v -14038.63086 1626.79272 -276.75229
v -13625.60352 1626.79272 -160.80771
v -14071.36426 1546.05005 -160.14629
v -13658.33594 1546.05005 -44.20170
v -13897.37793 1698.29077 -208.29890
v -13781.84375 1698.29077 -175.86644
v -13889.88477 1698.29077 -234.99622
v -13897.37793 1698.29077 -208.29890
v -13774.34961 1698.29077 -202.56375
v -13781.84375 1698.29077 -175.86644
v -14038.63086 1626.79272 -276.75229
v -13889.88477 1698.29077 -234.99622
v -13625.60352 1626.79272 -160.80771
v -13774.34961 1698.29077 -202.56375
v -13807.01367 1698.29089 485.43320
v -13807.01367 1626.79260 485.43320
v -13799.51953 1698.29089 458.73587
v -13799.51855 1626.79272 458.73590
v -13807.01367 1947.01123 485.43320
v -13807.01367 1698.29089 485.43320
v -13799.51953 1947.01123 458.73587
v -13799.51953 1698.29089 458.73587
v -13788.87207 2040.95276 420.80899
v -13783.61621 2025.17285 402.08603
v -13774.28027 1546.05005 368.82721
v -13774.28027 1564.53638 368.82721
v -13774.34961 1947.01123 -202.56375
v -13781.84375 1947.01123 -175.86623
v -13792.48926 2040.95276 -137.93973
v -13797.74707 2025.17273 -119.21659
v -13774.34961 1698.29077 -202.56375
v -13781.84375 1698.29077 -175.86644
v -13657.67383 1626.79272 401.56058
v -13684.37207 1626.79260 394.06616
v -13643.74316 2040.95276 -96.18369
v -13792.48926 2040.95276 -137.93973
v -13648.99902 2025.17273 -77.46051
v -13797.74707 2025.17273 -119.21659
v -13797.74707 2025.17273 -119.21659
v -13781.84375 1947.01123 -175.86623
v -13648.99902 2025.17273 -77.46051
v -13633.09668 1947.01123 -134.11015
v -13680.54199 2040.95276 234.67198
v -13696.27734 2025.17273 230.25484
v -13722.29785 2040.95276 383.41946
v -13738.03418 2025.17273 379.00232
v -13643.74316 2040.95276 -96.18369
v -13625.60254 1947.01123 -160.80771
v -13792.48926 2040.95276 -137.93973
v -13774.34961 1947.01123 -202.56375
v -13781.84375 1947.01123 -175.86623
v -13781.84375 1698.29077 -175.86644
v -13633.09668 1947.01123 -134.11015
v -13633.09668 1698.29089 -134.11035
v -13657.67383 1947.01123 401.56058
v -13722.29785 2040.95276 383.41946
v -13684.37207 1947.01123 394.06610
v -13738.03418 2025.17273 379.00232
v -13625.60254 1698.29089 -160.80771
v -13774.34961 1698.29077 -202.56375
v -13625.60254 1947.01123 -160.80771
v -13774.34961 1947.01123 -202.56375
v -13696.27734 2025.17273 230.25484
v -13642.61523 1947.01123 245.31862
v -13738.03418 2025.17273 379.00232
v -13684.37207 1947.01123 394.06610
v -13658.33594 1564.53638 -44.20170
v -13774.28027 1564.53638 368.82721
v -13568.42676 1626.79260 -18.96274
v -13684.37207 1626.79260 394.06616
v -13657.67383 1698.29089 401.56058
v -13684.37207 1698.29089 394.06610
v -13684.37207 1698.29089 394.06610
v -13657.67383 1698.29089 401.56058
v -13615.91797 1947.01123 252.81310
v -13680.54199 2040.95276 234.67198
v -13657.67383 1947.01123 401.56058
v -13722.29785 2040.95276 383.41946
v -13642.61523 1947.01123 245.31862
v -13642.61523 1698.29077 245.31863
v -13684.37207 1947.01123 394.06610
v -13684.37207 1698.29089 394.06610
v -13615.91797 1947.01123 252.81310
v -13642.61523 1947.01123 245.31862
v -13680.54199 2040.95276 234.67198
v -13696.27734 2025.17273 230.25484
v -13541.72949 1626.79272 -11.46832
v -13657.67383 1626.79272 401.56058
v -13658.33594 1546.05005 -44.20170
v -13774.28027 1546.05005 368.82721
v -13658.33594 1546.05005 -44.20170
v -13625.60352 1626.79272 -160.80771
v -13658.33594 1564.53638 -44.20170
v -13633.09668 1626.79272 -134.11035
v -13625.60254 1947.01123 -160.80771
v -13643.74316 2040.95276 -96.18369
v -13633.09668 1947.01123 -134.11015
v -13648.99902 2025.17273 -77.46051
v -13657.67383 1698.29089 401.56058
v -13615.91895 1698.29077 252.81320
v -13657.67383 1947.01123 401.56058
v -13615.91797 1947.01123 252.81310
v -13622.08887 2025.17273 -34.02657
v -13663.84473 2025.17273 114.72091
v -13606.35449 2040.95276 -29.60943
v -13648.10938 2040.95276 119.13805
v -13625.60254 1698.29089 -160.80771
v -13633.09668 1698.29089 -134.11035
v -13625.60254 1698.29089 -160.80771
v -13633.09668 1698.29089 -134.11035
v -13615.91895 1698.29077 252.81320
v -13642.61523 1698.29077 245.31863
v -13583.48535 1947.01123 137.27917
v -13648.10938 2040.95276 119.13805
v -13610.18359 1947.01123 129.78470
v -13663.84473 2025.17273 114.72091
v -13610.18457 1698.29077 129.78470
v -13642.61523 1698.29077 245.31863
v -13568.42676 1947.01123 -18.96279
v -13610.18359 1947.01123 129.78470
v -13622.08887 2025.17273 -34.02657
v -13663.84473 2025.17273 114.72091
v -13583.48633 1698.29077 137.27917
v -13610.18457 1698.29077 129.78470
v -13615.91895 1698.29077 252.81320
v -13642.61523 1698.29077 245.31863
v -13541.72949 1626.79272 -11.46832
v -13568.42676 1626.79260 -18.96274
v -13657.67383 1626.79272 401.56058
v -13541.72949 1626.79272 -11.46832
v -13615.91895 1698.29077 252.81320
v -13583.48633 1698.29077 137.27917
v -13610.18457 1698.29077 129.78470
v -13583.48633 1698.29077 137.27917
v -13606.35449 2040.95276 -29.60943
v -13648.10938 2040.95276 119.13805
v -13541.72949 1947.01123 -11.46832
v -13583.48535 1947.01123 137.27917
v -13568.42676 1698.29089 -18.96279
v -13610.18457 1698.29077 129.78470
v -13568.42676 1947.01123 -18.96279
v -13610.18359 1947.01123 129.78470
v -13541.72949 1947.01123 -11.46832
v -13568.42676 1947.01123 -18.96279
v -13606.35449 2040.95276 -29.60943
v -13622.08887 2025.17273 -34.02657
v -13541.72949 1698.29089 -11.46832
v -13541.72949 1947.01123 -11.46832
v -13583.48633 1698.29077 137.27917
v -13583.48535 1947.01123 137.27917
v -13541.72949 1698.29089 -11.46832
v -13568.42676 1698.29089 -18.96279
v -13541.72949 1698.29089 -11.46832
v -13568.42676 1698.29089 -18.96279
v -14303.91504 1698.29089 220.14922
v -14277.21777 1698.29089 227.64365
v -14187.97070 1698.29089 -192.87968
v -14161.27344 1698.29089 -185.38525
v -14220.04199 1698.29089 369.48862
v -14212.54785 1698.29089 342.79126
v -14046.12500 1698.29089 -250.05495
v -14038.63086 1698.29089 -276.75229
v -13807.01367 1698.29089 485.43320
v -13799.51953 1698.29089 458.73587
v -13633.09668 1698.29089 -134.11035
v -13625.60254 1698.29089 -160.80771
v -13684.37207 1698.29089 394.06610
v -13657.67383 1698.29089 401.56058
v -13568.42676 1698.29089 -18.96279
v -13541.72949 1698.29089 -11.46832
v -13775.59375 1951.42969 122.71734
v -13616.75000 1951.42969 167.30751
v -13787.53906 1951.42969 165.26961
v -13628.69531 1951.42969 209.85989
v -13757.69238 1794.48999 99.88875
v -13784.13379 1794.48999 194.07938
v -13609.50293 1794.48999 141.48842
v -13635.94336 1794.48999 235.67905
v -12955.49316 1977.39258 385.06296
v -12950.71875 1977.39258 368.05112
v -13783.95410 1977.39258 152.49944
v -13779.17871 1977.39258 135.48761
v -13634.66797 1913.15381 231.13606
v -13630.74609 1874.87805 217.16298
v -12899.87695 1913.15381 437.40500
v -12895.95410 1874.87805 423.43188
v -13628.69531 1951.42969 209.85989
v -12893.90527 1951.42969 416.12888
v -13610.77734 1913.15381 146.03131
v -12875.98730 1913.15381 352.30026
v -12881.95996 1951.42969 373.57651
v -13614.70020 1874.87805 160.00450
v -12879.90820 1874.87805 366.27341
v -13407.76855 1843.24524 285.31210
v -13398.30176 1832.42224 251.58273
v -12897.40137 1843.24548 428.58200
v -12887.93164 1832.42212 394.85263
v -13388.83301 1843.24524 217.85347
v -12878.46387 1843.24548 361.12338
v -12910.94824 2006.64880 383.47958
v -12913.50488 2006.64880 392.58594
v -12890.31934 1977.39258 403.35855
v -12889.20996 2006.64880 399.40585
v -12885.54395 1977.39258 386.34671
v -12886.65332 2006.64880 390.29944
v -12895.95410 1874.87805 423.43188
v -12893.65234 1884.44702 415.23141
v -12899.87695 1913.15381 437.40500
v -12896.89063 1913.15381 426.76691
v -12893.90527 1951.42969 416.12888
v -12892.41113 1941.86084 410.80972
v -12881.95996 1951.42969 373.57651
v -12883.45215 1941.86084 378.89554
v -12895.95410 1874.87805 423.43188
v -12879.90820 1874.87805 366.27341
v -12893.65234 1884.44702 415.23141
v -12882.21094 1884.44702 374.47385
v -12875.98730 1913.15381 352.30026
v -12878.97266 1913.15381 362.93835
v -13783.95410 1977.39258 152.49944
v -13787.53906 1951.42969 165.26961
v -13779.17871 1977.39258 135.48761
v -13630.74609 1874.87805 217.16298
v -13632.19141 1843.24536 222.31300
v -13614.70020 1874.87805 160.00450
v -13613.25488 1843.24536 154.85437
v -12955.49316 1977.39258 385.06296
v -12950.71875 1977.39258 368.05112
v -12895.95410 1874.87805 423.43188
v -12879.90820 1874.87805 366.27341
v -13609.14063 1913.15393 192.39642
v -12890.31934 1977.39258 403.35855
v -12885.54395 1977.39258 386.34671
v -12897.40137 1843.24548 428.58200
v -12887.93164 1832.42212 394.85263
v -12878.46387 1843.24548 361.12338
v -13904.44531 1951.42969 -42.88811
v -13859.85645 1951.42969 -201.73146
v -13861.89355 1951.42969 -30.94293
v -13817.30273 1951.42969 -189.78624
v -13927.27441 1794.48999 -60.78901
v -13833.08301 1794.48999 -34.34801
v -13885.67383 1794.48999 -208.97934
v -13791.48242 1794.48999 -182.53835
v -13881.13184 1913.15381 -207.70406
v -13674.86230 1913.15381 -942.49500
v -13867.15918 1874.87805 -203.78154
v -13660.88965 1874.87805 -938.57239
v -13653.58594 1951.42969 -936.52240
v -13642.10059 1977.39258 -862.98761
v -13659.11035 1977.39258 -867.76312
v -13874.66309 1977.39258 -34.52774
v -13891.67480 1977.39258 -39.30327
v -13809.30957 1843.24524 -429.64868
v -13666.03906 1843.24548 -940.01825
v -13775.58008 1832.42224 -420.18008
v -13632.31055 1832.42212 -930.54968
v -13796.02637 1913.15381 -183.81364
v -13589.75781 1913.15381 -918.60455
v -13817.30273 1951.42969 -189.78624
v -13611.03418 1951.42969 -924.57715
v -13810.00000 1874.87805 -187.73613
v -13603.73242 1874.87805 -922.52722
v -13741.85059 1843.24524 -410.71182
v -13598.58105 1843.24548 -921.08130
v -13660.88965 1874.87805 -938.57239
v -13674.86230 1913.15381 -942.49500
v -13652.68848 1884.44702 -936.27045
v -13664.22461 1913.15381 -939.50867
v -13653.58594 1951.42969 -936.52240
v -13648.26758 1941.86084 -935.02924
v -13640.81641 1977.39258 -932.93774
v -13636.86328 2006.64880 -931.82794
v -13643.68359 2006.64880 -907.53363
v -13634.57715 2006.64880 -904.97723
v -13627.75684 2006.64880 -929.27148
v -13603.73145 1874.87805 -922.52716
v -13611.93164 1884.44702 -924.82910
v -13611.03418 1951.42969 -924.57715
v -13616.35254 1941.86084 -926.07031
v -13623.80469 1977.39258 -928.16187
v -13589.75781 1913.15381 -918.60455
v -13600.39551 1913.15381 -921.59088
v -13603.73242 1874.87805 -922.52722
v -13611.93164 1884.44702 -924.82910
v -13891.67480 1977.39258 -39.30327
v -13874.66309 1977.39258 -34.52774
v -13861.89355 1951.42969 -30.94293
v -13867.15918 1874.87805 -203.78154
v -13872.30859 1843.24536 -205.22728
v -13659.11035 1977.39258 -867.76312
v -13810.00000 1874.87805 -187.73613
v -13804.84961 1843.24536 -186.29044
v -13660.88965 1874.87805 -938.57239
v -13642.10059 1977.39258 -862.98761
v -13603.73242 1874.87805 -922.52722
v -13834.76660 1913.15393 -209.34093
v -13632.30957 1832.42224 -930.54962
v -13666.03906 1843.24548 -940.01825
v -13640.81641 1977.39258 -932.93774
v -13623.80469 1977.39258 -928.16187
v -13598.58105 1843.24548 -921.08130
v -14965.73535 1874.87805 -157.59261
v -14969.65723 1913.15381 -143.61934
v -14963.43359 1884.44702 -165.79294
v -14966.67188 1913.15381 -154.25743
v -14963.68457 1951.42969 -164.89549
v -14962.19238 1941.86084 -170.21463
v -14949.69043 1874.87805 -214.75108
v -14951.99219 1884.44702 -206.55049
v -14951.74121 1951.42969 -207.44788
v -14953.23340 1941.86084 -202.12881
v -14955.32520 1977.39258 -194.67763
v -14960.10059 1977.39258 -177.66582
v -14956.43457 2006.64880 -190.72490
v -14958.98926 2006.64880 -181.61848
v -14945.76758 1913.15381 -228.72409
v -14948.75391 1913.15381 -218.08600
v -14949.68945 1874.87805 -214.75108
v -14951.99219 1884.44702 -206.55049
v -14934.69629 2006.64880 -174.79863
v -14932.13965 2006.64880 -183.90503
v -14894.92480 1977.39258 -159.37019
v -14890.14941 1977.39258 -176.38200
v -14456.81152 1843.24524 -9.17255
v -14967.18066 1843.24548 -152.44237
v -14447.34180 1832.42224 -42.90184
v -14957.71289 1832.42212 -186.17172
v -14437.87500 1843.24524 -76.63119
v -14948.24512 1843.24548 -219.90100
v -14234.86719 1913.15381 62.64959
v -14969.65723 1913.15381 -143.61934
v -14230.94434 1874.87805 48.67641
v -14965.73535 1874.87805 -157.59261
v -14228.89355 1951.42969 41.37341
v -14963.68457 1951.42969 -164.89549
v -14210.97656 1913.15381 -22.45515
v -14945.76758 1913.15381 -228.72409
v -14216.95020 1951.42969 -1.17897
v -14951.74121 1951.42969 -207.44788
v -14214.89844 1874.87805 -8.48207
v -14949.68945 1874.87805 -214.75108
v -14061.69043 1977.39258 56.18147
v -14066.46582 1977.39258 73.19329
v -14087.95215 1794.48999 108.79216
v -14061.51074 1794.48999 14.60153
v -14236.14258 1794.48999 67.19249
v -14209.70117 1794.48999 -26.99814
v -14070.05078 1951.42969 85.96357
v -14058.10547 1951.42969 43.41129
v -14216.95020 1951.42969 -1.17897
v -14957.71387 1832.42224 -186.17171
v -14967.18066 1843.24548 -152.44237
v -14948.24512 1843.24548 -219.90100
v -14894.92480 1977.39258 -159.37019
v -14960.10059 1977.39258 -177.66580
v -14890.14941 1977.39258 -176.38200
v -14955.32520 1977.39258 -194.67763
v -14965.73535 1874.87805 -157.59261
v -14949.68945 1874.87805 -214.75108
v -14963.43359 1884.44702 -165.79294
v -14966.67188 1913.15381 -154.25743
v -14236.50293 1913.15393 16.28448
v -14962.19238 1941.86084 -170.21463
v -14953.23340 1941.86084 -202.12881
v -14230.94434 1874.87805 48.67641
v -14214.89844 1874.87805 -8.48207
v -14066.46582 1977.39258 73.19329
v -14061.69043 1977.39258 56.18147
v -14232.38965 1843.24536 53.82654
v -14213.45313 1843.24536 -13.63210
v -14058.10547 1951.42969 43.41129
v -14241.91406 1874.87805 1131.20801
v -14233.71289 1884.44702 1133.51001
v -14255.88672 1913.15381 1127.28552
v -14245.24902 1913.15381 1130.27173
v -14234.61035 1951.42969 1133.25793
v -14229.29199 1941.86084 1134.75122
v -14221.84082 1977.39258 1136.84314
v -14217.88770 2006.64880 1137.95251
v -14203.54590 1977.39258 1071.66846
v -14211.06738 2006.64880 1113.65820
v -14192.05957 1951.42969 1145.20325
v -14204.82813 1977.39258 1141.61829
v -14241.91406 1874.87805 1131.20801
v -14184.75586 1874.87805 1147.25342
v -14233.71289 1884.44702 1133.51001
v -14192.95605 1884.44702 1144.95142
v -14197.37695 1941.86084 1143.71008
v -14208.78125 2006.64880 1140.50879
v -14201.96094 2006.64880 1116.21436
v -14186.53223 1977.39258 1076.44421
v -14170.78223 1913.15381 1151.17590
v -14181.41992 1913.15381 1148.18958
v -14103.79395 1843.24524 619.39264
v -14070.06445 1832.42224 628.86102
v -14247.06348 1843.24548 1129.76221
v -14213.33398 1832.42212 1139.23071
v -14049.61816 1913.15381 392.49454
v -14035.64453 1874.87805 396.41708
v -14255.88672 1913.15381 1127.28552
v -14241.91406 1874.87805 1131.20801
v -14028.34180 1951.42969 398.46716
v -14234.61035 1951.42969 1133.25793
v -14036.33496 1843.24524 638.32953
v -14179.60547 1843.24548 1148.69910
v -13970.98145 1977.39258 243.20866
v -13953.96973 1977.39258 247.98418
v -13964.51270 1913.15381 416.38498
v -13985.78906 1951.42969 410.41235
v -14170.78223 1913.15381 1151.17590
v -14192.05957 1951.42969 1145.20325
v -13978.48730 1874.87805 412.46249
v -14184.75586 1874.87805 1147.25342
v -13918.37012 1794.48999 269.46991
v -14012.56152 1794.48999 243.02893
v -13959.97070 1794.48999 417.66025
v -14054.16113 1794.48999 391.21915
v -13941.19922 1951.42969 251.56902
v -13983.75098 1951.42969 239.62384
v -14028.34180 1951.42969 398.46716
v -14247.06348 1843.24548 1129.76221
v -14213.33398 1832.42212 1139.23071
v -14203.54590 1977.39258 1071.66846
v -14221.84082 1977.39258 1136.84314
v -14241.91406 1874.87805 1131.20801
v -14186.53223 1977.39258 1076.44421
v -14204.82813 1977.39258 1141.61829
v -14179.60547 1843.24548 1148.69910
v -14245.24902 1913.15381 1130.27173
v -14233.71289 1884.44702 1133.51001
v -14010.87793 1913.15393 418.02188
v -14229.29199 1941.86084 1134.75122
v -14233.71289 1884.44702 1133.51001
v -14192.95605 1884.44702 1144.95142
v -14197.37695 1941.86084 1143.71008
v -14184.75586 1874.87805 1147.25342
v -14181.41992 1913.15381 1148.18958
v -14035.64453 1874.87805 396.41708
v -13970.98145 1977.39258 243.20866
v -13978.48730 1874.87805 412.46249
v -14040.79492 1843.24536 394.97134
v -13953.96973 1977.39258 247.98418
v -13973.33594 1843.24536 413.90817
v -13983.75098 1951.42969 239.62384
v -13783.03516 1866.68933 233.93626
v -13776.14844 1805.17639 209.40500
v -13647.49512 1866.68933 271.98474
v -13640.60938 1805.17639 247.45348
v -13776.14844 1928.20227 209.40500
v -13783.03516 1866.68933 233.93626
v -13640.60938 1928.20227 247.45348
v -13647.49512 1866.68933 271.98474
v -13776.14844 1805.17639 209.40500
v -13759.52344 1779.69678 150.18124
v -13640.60938 1805.17639 247.45348
v -13623.98340 1779.69678 188.22972
v -13759.52344 1953.68188 150.18120
v -13776.14844 1928.20227 209.40500
v -13623.98340 1953.68188 188.22972
v -13640.60938 1928.20227 247.45348
v -13759.52344 1779.69678 150.18124
v -13742.89844 1805.17639 90.95750
v -13623.98340 1779.69678 188.22972
v -13607.35840 1805.17639 129.00597
v -13742.89844 1928.20227 90.95750
v -13759.52344 1953.68188 150.18120
v -13607.35840 1928.20227 129.00597
v -13623.98340 1953.68188 188.22972
v -13742.89844 1805.17639 90.95750
v -13736.01172 1866.68933 66.42623
v -13607.35840 1805.17639 129.00597
v -13600.47266 1866.68933 104.47471
v -13736.01172 1866.68933 66.42623
v -13742.89844 1928.20227 90.95750
v -13600.47266 1866.68933 104.47471
v -13607.35840 1928.20227 129.00597
v -13776.14844 1805.17639 209.40500
v -13783.03516 1866.68933 233.93626
v -13759.52344 1866.68933 150.18126
v -13783.03516 1866.68933 233.93626
v -13776.14844 1928.20227 209.40500
v -13759.52344 1779.69678 150.18124
v -13759.52344 1953.68188 150.18120
v -13742.89844 1805.17639 90.95750
v -13759.52344 1779.69678 150.18124
v -13759.52344 1953.68188 150.18120
v -13742.89844 1928.20227 90.95750
v -13736.01172 1866.68933 66.42623
v -13736.01172 1866.68933 66.42623
v -13647.49512 1866.68933 271.98474
v -13640.60938 1805.17639 247.45348
v -13623.98340 1866.68933 188.22972
v -13640.60938 1928.20227 247.45348
v -13647.49512 1866.68933 271.98474
v -13623.98340 1779.69678 188.22972
v -13623.98340 1953.68188 188.22972
v -13623.98340 1779.69678 188.22972
v -13607.35840 1805.17639 129.00597
v -13607.35840 1928.20227 129.00597
v -13623.98340 1953.68188 188.22972
v -13600.47266 1866.68933 104.47471
v -13600.47266 1866.68933 104.47471
v -13936.20605 1805.17639 -75.58315
v -13960.73730 1866.68933 -82.46951
v -13898.15723 1805.17639 -211.12306
v -13922.68848 1866.68933 -218.00943
v -13960.73730 1866.68933 -82.46951
v -13936.20605 1928.20227 -75.58315
v -13922.68848 1866.68933 -218.00943
v -13898.15723 1928.20227 -211.12306
v -13876.98242 1779.69678 -58.95798
v -13936.20605 1805.17639 -75.58315
v -13838.93359 1779.69678 -194.49789
v -13898.15723 1805.17639 -211.12306
v -13936.20605 1928.20227 -75.58315
v -13876.98242 1953.68188 -58.95778
v -13898.15723 1928.20227 -211.12306
v -13838.93359 1953.68188 -194.49789
v -13817.75879 1805.17639 -42.33282
v -13876.98242 1779.69678 -58.95798
v -13779.70996 1805.17639 -177.87273
v -13838.93359 1779.69678 -194.49789
v -13876.98242 1953.68188 -58.95778
v -13817.75879 1928.20227 -42.33282
v -13838.93359 1953.68188 -194.49789
v -13779.70996 1928.20227 -177.87273
v -13793.22754 1866.68933 -35.44645
v -13817.75879 1805.17639 -42.33282
v -13755.17871 1866.68933 -170.98636
v -13779.70996 1805.17639 -177.87273
v -13817.75879 1928.20227 -42.33282
v -13793.22754 1866.68933 -35.44645
v -13779.70996 1928.20227 -177.87273
v -13755.17871 1866.68933 -170.98636
v -13960.73730 1866.68933 -82.46951
v -13936.20605 1805.17639 -75.58315
v -13876.98340 1866.68933 -58.95798
v -13936.20605 1928.20227 -75.58315
v -13960.73730 1866.68933 -82.46951
v -13876.98242 1779.69678 -58.95798
v -13876.98242 1953.68188 -58.95778
v -13898.15723 1805.17639 -211.12306
v -13922.68848 1866.68933 -218.00943
v -13838.93652 1866.68933 -194.49791
v -13922.68848 1866.68933 -218.00943
v -13898.15723 1928.20227 -211.12306
v -13838.93359 1779.69678 -194.49789
v -13838.93359 1953.68188 -194.49789
v -13876.98242 1779.69678 -58.95798
v -13817.75879 1805.17639 -42.33282
v -13817.75879 1928.20227 -42.33282
v -13876.98242 1953.68188 -58.95778
v -13793.22754 1866.68933 -35.44645
v -13793.22754 1866.68933 -35.44645
v -13779.70996 1805.17639 -177.87273
v -13838.93359 1779.69678 -194.49789
v -13838.93359 1953.68188 -194.49789
v -13779.70996 1928.20227 -177.87273
v -13755.17871 1866.68933 -170.98636
v -13755.17871 1866.68933 -170.98636
v -14102.74609 1805.17639 117.72342
v -14109.63281 1866.68933 142.25468
v -14238.28613 1805.17639 79.67494
v -14245.17188 1866.68933 104.20621
v -14109.63281 1866.68933 142.25468
v -14102.74609 1928.20227 117.72342
v -14245.17188 1866.68933 104.20621
v -14238.28613 1928.20227 79.67494
v -14086.12109 1779.69678 58.49966
v -14102.74609 1805.17639 117.72342
v -14221.66113 1779.69678 20.45119
v -14238.28613 1805.17639 79.67494
v -14102.74609 1928.20227 117.72342
v -14086.12109 1953.68188 58.49972
v -14238.28613 1928.20227 79.67494
v -14221.66113 1953.68188 20.45119
v -14069.49609 1805.17639 -0.72409
v -14086.12109 1779.69678 58.49966
v -14205.03516 1805.17639 -38.77256
v -14221.66113 1779.69678 20.45119
v -14086.12109 1953.68188 58.49972
v -14069.49609 1928.20227 -0.72409
v -14221.66113 1953.68188 20.45119
v -14205.03516 1928.20227 -38.77256
v -14062.60938 1866.68933 -25.25535
v -14069.49609 1805.17639 -0.72409
v -14198.14941 1866.68933 -63.30383
v -14205.03516 1805.17639 -38.77256
v -14069.49609 1928.20227 -0.72409
v -14062.60938 1866.68933 -25.25535
v -14205.03516 1928.20227 -38.77256
v -14198.14941 1866.68933 -63.30383
v -14238.28613 1805.17639 79.67494
v -14245.17188 1866.68933 104.20621
v -14221.66309 1866.68933 20.45119
v -14245.17188 1866.68933 104.20621
v -14238.28613 1928.20227 79.67494
v -14221.66113 1779.69678 20.45119
v -14221.66113 1953.68188 20.45119
v -14205.03516 1805.17639 -38.77256
v -14221.66113 1779.69678 20.45119
v -14221.66113 1953.68188 20.45119
v -14205.03516 1928.20227 -38.77256
v -14198.14941 1866.68933 -63.30383
v -14198.14941 1866.68933 -63.30383
v -14109.63281 1866.68933 142.25468
v -14102.74609 1805.17639 117.72342
v -14086.12402 1866.68933 58.49966
v -14102.74609 1928.20227 117.72342
v -14109.63281 1866.68933 142.25468
v -14086.12109 1779.69678 58.49966
v -14086.12109 1953.68188 58.49972
v -14086.12109 1779.69678 58.49966
v -14069.49609 1805.17639 -0.72409
v -14069.49609 1928.20227 -0.72409
v -14086.12109 1953.68188 58.49972
v -14062.60938 1866.68933 -25.25535
v -14062.60938 1866.68933 -25.25535
v -14052.41797 1866.68933 244.12735
v -14027.88672 1805.17639 251.01372
v -14090.46680 1866.68933 379.66727
v -14065.93555 1805.17639 386.55362
v -14027.88672 1928.20227 251.01372
v -14052.41797 1866.68933 244.12735
v -14065.93555 1928.20227 386.55362
v -14090.46680 1866.68933 379.66727
v -14027.88672 1805.17639 251.01372
v -13968.66309 1779.69678 267.63889
v -14065.93555 1805.17639 386.55362
v -14006.71191 1779.69678 403.17880
v -13968.66309 1953.68188 267.63867
v -14027.88672 1928.20227 251.01372
v -14006.71191 1953.68188 403.17880
v -14065.93555 1928.20227 386.55362
v -13968.66309 1779.69678 267.63889
v -13909.43945 1805.17639 284.26404
v -14006.71191 1779.69678 403.17880
v -13947.48828 1805.17639 419.80396
v -13909.43945 1928.20227 284.26404
v -13968.66309 1953.68188 267.63867
v -13947.48828 1928.20227 419.80396
v -14006.71191 1953.68188 403.17880
v -13909.43945 1805.17639 284.26404
v -13884.90820 1866.68933 291.15042
v -13947.48828 1805.17639 419.80396
v -13922.95703 1866.68933 426.69034
v -13884.90820 1866.68933 291.15042
v -13909.43945 1928.20227 284.26404
v -13922.95703 1866.68933 426.69034
v -13947.48828 1928.20227 419.80396
v -14090.46680 1866.68933 379.66727
v -14065.93555 1805.17639 386.55362
v -14006.71191 1866.68933 403.17877
v -14065.93555 1928.20227 386.55362
v -14090.46680 1866.68933 379.66727
v -14006.71191 1779.69678 403.17880
v -14006.71191 1953.68188 403.17880
v -14027.88672 1805.17639 251.01372
v -14052.41797 1866.68933 244.12735
v -13968.66309 1866.68933 267.63889
v -14052.41797 1866.68933 244.12735
v -14027.88672 1928.20227 251.01372
v -13968.66309 1779.69678 267.63889
v -13968.66309 1953.68188 267.63867
v -14006.71191 1779.69678 403.17880
v -13947.48828 1805.17639 419.80396
v -13947.48828 1928.20227 419.80396
v -14006.71191 1953.68188 403.17880
v -13922.95703 1866.68933 426.69034
v -13922.95703 1866.68933 426.69034
v -13909.43945 1805.17639 284.26404
v -13968.66309 1779.69678 267.63889
v -13968.66309 1953.68188 267.63867
v -13909.43945 1928.20227 284.26404
v -13884.90820 1866.68933 291.15042
v -13884.90820 1866.68933 291.15042
v -17396.50781 121.63408 3739.12720
v -17396.50781 191.63394 3739.12720
v -17367.60938 129.65979 3729.37988
v -17367.60938 183.26991 3729.37988
v -17367.60938 129.65979 3729.37988
v -17367.60938 183.26991 3729.37988
v -17355.51563 136.36105 3731.50098
v -17355.51563 176.56863 3731.50098
v -17290.39844 121.63408 3760.11182
v -17396.50781 121.63408 3739.12720
v -17301.62695 129.65979 3740.95361
v -17367.60938 129.65979 3729.37988
v -17290.39844 191.63394 3760.11182
v -17301.62695 183.26991 3740.95361
v -17396.50781 191.63394 3739.12720
v -17367.60938 183.26991 3729.37988
v -17344.05078 136.36551 3733.51221
v -17344.05078 156.47548 3733.51221
v -17325.18555 136.36551 3736.82104
v -17325.18555 156.47548 3736.82104
v -17344.05078 176.58543 3733.51221
v -17325.18555 176.58543 3736.82104
v -17301.62695 129.65979 3740.95361
v -17367.60938 129.65979 3729.37988
v -17313.72070 136.36105 3738.83228
v -17355.51563 136.36105 3731.50098
v -17301.62695 183.26991 3740.95361
v -17313.72070 176.56863 3738.83228
v -17367.60938 183.26991 3729.37988
v -17355.51563 176.56863 3731.50098
v -17301.62695 183.26991 3740.95361
v -17301.62695 129.65979 3740.95361
v -17313.72070 176.56863 3738.83228
v -17313.72070 136.36105 3738.83228
v -17290.39844 191.63394 3760.11182
v -17290.39844 121.63408 3760.11182
v -17301.62695 183.26991 3740.95361
v -17301.62695 129.65979 3740.95361
v -17290.39844 191.63394 3760.11182
v -17268.94336 183.26991 3747.65137
v -17290.39844 121.63408 3760.11182
v -17268.94336 129.65979 3747.65137
v -17268.94336 129.65979 3747.65137
v -17268.94336 183.26991 3747.65137
v -17256.84961 136.36105 3749.77246
v -17256.84961 176.56863 3749.77246
v -17184.29102 121.63408 3781.09668
v -17290.39844 121.63408 3760.11182
v -17202.96094 129.65979 3759.22510
v -17268.94336 129.65979 3747.65137
v -17184.29102 191.63394 3781.09668
v -17202.96094 183.26991 3759.22510
v -17290.39844 191.63394 3760.11182
v -17268.94336 183.26991 3747.65137
v -17202.96094 129.65979 3759.22510
v -17268.94336 129.65979 3747.65137
v -17215.05469 136.36105 3757.10376
v -17256.84961 136.36105 3749.77246
v -17245.38477 136.36551 3751.78369
v -17245.38477 156.47548 3751.78369
v -17226.51953 136.36551 3755.09253
v -17226.51953 156.47548 3755.09253
v -17245.38477 176.58543 3751.78369
v -17226.51953 176.58543 3755.09253
v -17268.94336 183.26991 3747.65137
v -17202.96094 183.26991 3759.22510
v -17256.84961 176.56863 3749.77246
v -17215.05469 176.56863 3757.10376
v -17202.96094 183.26991 3759.22510
v -17202.96094 129.65979 3759.22510
v -17215.05469 176.56863 3757.10376
v -17215.05469 136.36105 3757.10376
v -17184.29102 121.63408 3781.09668
v -17202.96094 129.65979 3759.22510
v -17184.29102 191.63394 3781.09668
v -17202.96094 183.26991 3759.22510
v -17184.28906 121.63408 3781.09668
v -17184.28906 191.63394 3781.09692
v -17139.64844 129.65979 3802.49341
v -17139.64844 183.26991 3802.49341
v -17139.64844 129.65979 3802.49341
v -17139.64844 183.26991 3802.49341
v -17131.42969 136.36105 3811.61450
v -17131.42969 176.56863 3811.61450
v -17100.48047 121.63408 3871.49268
v -17184.28906 121.63408 3781.09668
v -17094.80664 129.65979 3852.25903
v -17139.64844 129.65979 3802.49341
v -17100.48047 191.63394 3871.49268
v -17094.80664 183.26991 3852.25903
v -17184.28906 191.63394 3781.09692
v -17139.64844 183.26991 3802.49341
v -17123.63867 136.36551 3820.26245
v -17123.63867 156.47548 3820.26245
v -17110.81836 136.36551 3834.49023
v -17110.81836 156.47548 3834.49023
v -17123.63867 176.58543 3820.26245
v -17110.81836 176.58543 3834.49023
v -17094.80664 129.65979 3852.25903
v -17139.64844 129.65979 3802.49341
v -17103.02539 136.36105 3843.13818
v -17131.42969 136.36105 3811.61450
v -17094.80664 183.26991 3852.25903
v -17103.02539 176.56863 3843.13818
v -17139.64844 183.26991 3802.49341
v -17131.42969 176.56863 3811.61450
v -17094.80664 183.26991 3852.25903
v -17094.80664 129.65979 3852.25903
v -17103.02539 176.56863 3843.13818
v -17103.02539 136.36105 3843.13818
v -17100.48047 191.63394 3871.49268
v -17100.48047 121.63408 3871.49268
v -17094.80664 183.26991 3852.25903
v -17094.80664 129.65979 3852.25903
v -17100.47852 121.63408 3871.49268
v -17100.47852 191.63394 3871.49268
v -17071.53516 129.65979 3877.47974
v -17071.53516 183.26991 3877.47974
v -17071.53516 129.65979 3877.47974
v -17071.53516 183.26991 3877.47974
v -17063.31641 136.36105 3886.60083
v -17063.31641 176.56863 3886.60083
v -17100.47852 121.63408 3871.49268
v -17071.53516 129.65979 3877.47974
v -17016.66211 121.63408 3961.88525
v -17026.69336 129.65979 3927.24536
v -17100.47852 191.63394 3871.49268
v -17016.66211 191.63394 3961.88525
v -17071.53516 183.26991 3877.47974
v -17026.69336 183.26991 3927.24536
v -17055.52539 136.36551 3895.24878
v -17055.52539 156.47548 3895.24878
v -17042.70508 136.36551 3909.47656
v -17042.70508 156.47548 3909.47656
v -17055.52539 176.58543 3895.24878
v -17042.70508 176.58543 3909.47656
v -17071.53516 129.65979 3877.47974
v -17063.31641 136.36105 3886.60083
v -17026.69336 129.65979 3927.24536
v -17034.91211 136.36105 3918.12451
v -17071.53516 183.26991 3877.47974
v -17026.69336 183.26991 3927.24536
v -17063.31641 176.56863 3886.60083
v -17034.91211 176.56863 3918.12451
v -17026.69336 183.26991 3927.24536
v -17026.69336 129.65979 3927.24536
v -17034.91211 176.56863 3918.12451
v -17034.91211 136.36105 3918.12451
v -17016.66211 191.63394 3961.88525
v -17016.66211 121.63408 3961.88525
v -17026.69336 183.26991 3927.24536
v -17026.69336 129.65979 3927.24536
v -17016.66406 121.63408 3961.88550
v -17016.66406 191.63394 3961.88525
v -16988.59180 129.65979 3981.32788
v -16988.59180 183.26991 3981.32788
v -16988.59180 129.65979 3981.32788
v -16988.59180 183.26991 3981.32788
v -16982.80469 136.36105 3992.15649
v -16982.80469 176.56863 3992.15649
v -16964.55664 121.63408 4060.39111
v -17016.66406 121.63408 3961.88550
v -16957.02148 129.65979 4040.41089
v -16988.59180 129.65979 3981.32788
v -16964.55664 191.63394 4060.39111
v -16957.02148 183.26991 4040.41089
v -17016.66406 191.63394 3961.88525
v -16988.59180 183.26991 3981.32788
v -16957.02148 129.65979 4040.41089
v -16988.59180 129.65979 3981.32788
v -16962.80859 136.36105 4029.58228
v -16982.80469 136.36105 3992.15649
v -16957.02148 183.26991 4040.41089
v -16962.80859 176.56863 4029.58228
v -16988.59180 183.26991 3981.32788
v -16982.80469 176.56863 3992.15649
v -16977.31836 136.36551 4002.42358
v -16977.31836 156.47548 4002.42358
v -16968.29297 136.36551 4019.31519
v -16968.29297 156.47548 4019.31519
v -16977.31836 176.58543 4002.42358
v -16968.29297 176.58543 4019.31519
v -16964.55664 121.63408 4060.39111
v -16957.02148 129.65979 4040.41089
v -16964.55664 191.63394 4060.39111
v -16957.02148 183.26991 4040.41089
v -16957.02148 183.26991 4040.41089
v -16957.02148 129.65979 4040.41089
v -16962.80859 176.56863 4029.58228
v -16962.80859 136.36105 4029.58228
v -16964.55664 121.63408 4060.39111
v -16964.55664 191.63394 4060.39111
v -16938.72070 129.65979 4076.26563
v -16938.72070 183.26991 4076.26563
v -16938.72070 129.65979 4076.26563
v -16938.72070 183.26991 4076.26563
v -16932.99805 136.36105 4087.12793
v -16932.99805 176.56863 4087.12793
v -16912.45703 121.63408 4158.89990
v -16964.55664 121.63408 4060.39111
v -16907.49805 129.65979 4135.53223
v -16938.72070 129.65979 4076.26563
v -16912.45703 191.63394 4158.89990
v -16907.49805 183.26991 4135.53223
v -16964.55664 191.63394 4060.39111
v -16938.72070 183.26991 4076.26563
v -16907.49805 129.65979 4135.53223
v -16938.72070 129.65979 4076.26563
v -16913.22070 136.36105 4124.66992
v -16932.99805 136.36105 4087.12793
v -16927.57227 136.36551 4097.42676
v -16927.57227 156.47548 4097.42676
v -16918.64648 136.36551 4114.37109
v -16918.64648 156.47548 4114.37109
v -16927.57227 176.58543 4097.42676
v -16918.64648 176.58543 4114.37109
v -16907.49805 183.26991 4135.53223
v -16913.22070 176.56863 4124.66992
v -16938.72070 183.26991 4076.26563
v -16932.99805 176.56863 4087.12793
v -16907.49805 183.26991 4135.53223
v -16907.49805 129.65979 4135.53223
v -16913.22070 176.56863 4124.66992
v -16913.22070 136.36105 4124.66992
v -16912.45703 121.63408 4158.89990
v -16907.49805 129.65979 4135.53223
v -16912.45703 191.63394 4158.89990
v -16907.49805 183.26991 4135.53223
v -17367.65430 129.65979 3729.63477
v -17367.65430 183.26991 3729.63477
v -17361.93164 129.65979 3765.93872
v -17361.93164 183.26991 3765.93872
v -17359.16992 152.73384 3757.05957
v -17359.16992 158.51353 3757.05957
v -17350.47461 152.73384 3707.48853
v -17350.47461 158.51353 3707.48853
v -17344.21289 183.26991 3769.04663
v -17344.21289 129.65979 3769.04663
v -17361.93164 183.26991 3765.93872
v -17361.93164 129.65979 3765.93872
v -17354.24023 149.84399 3757.92432
v -17345.54492 149.84399 3708.35327
v -17354.24023 161.40338 3757.92432
v -17345.54492 161.40338 3708.35327
v -17367.65430 129.65979 3729.63477
v -17334.66211 129.65979 3735.42163
v -17334.66211 183.26991 3735.42163
v -17349.30859 152.73384 3758.78906
v -17340.61328 152.73384 3709.21777
v -17349.30859 158.51353 3758.78906
v -17340.61328 158.51353 3709.21777
v -17337.12695 129.65979 3770.28979
v -17337.12695 183.26991 3770.28979
v -17319.41016 183.26991 3773.39746
v -17319.41016 129.65979 3773.39746
v -17328.83789 152.73384 3762.38013
v -17328.83789 158.51353 3762.38013
v -17320.14258 152.73384 3712.80884
v -17320.14258 158.51353 3712.80884
v -17301.67188 183.26991 3741.20825
v -17301.67188 129.65979 3741.20825
v -17323.90625 149.84399 3763.24487
v -17315.21289 149.84399 3713.67383
v -17323.90625 161.40338 3763.24487
v -17315.21289 161.40338 3713.67383
v -17318.97656 152.73384 3764.10962
v -17310.28125 152.73384 3714.53833
v -17318.97656 158.51353 3764.10962
v -17310.28125 158.51353 3714.53833
v -17319.41016 129.65979 3773.39746
v -17319.41016 183.26991 3773.39746
v -17301.67188 129.65979 3741.20825
v -17268.98828 129.65979 3747.90625
v -17268.98828 183.26991 3747.90625
v -17263.26563 129.65979 3784.21021
v -17263.26563 183.26991 3784.21021
v -17260.50391 152.73384 3775.33105
v -17260.50391 158.51353 3775.33105
v -17251.80859 152.73384 3725.76001
v -17251.80859 158.51353 3725.76001
v -17245.54688 183.26991 3787.31812
v -17245.54688 129.65979 3787.31812
v -17263.26563 183.26991 3784.21021
v -17263.26563 129.65979 3784.21021
v -17255.57422 149.84399 3776.19580
v -17246.87891 149.84399 3726.62476
v -17255.57422 161.40338 3776.19580
v -17246.87891 161.40338 3726.62476
v -17268.98828 129.65979 3747.90625
v -17235.99609 129.65979 3753.69312
v -17235.99609 183.26991 3753.69312
v -17250.64258 152.73384 3777.06055
v -17241.94727 152.73384 3727.48926
v -17250.64258 158.51353 3777.06055
v -17241.94727 158.51353 3727.48926
v -17238.46094 129.65979 3788.56128
v -17238.46094 183.26991 3788.56128
v -17220.74414 183.26991 3791.66895
v -17220.74414 129.65979 3791.66895
v -17230.17188 152.73384 3780.65161
v -17230.17188 158.51353 3780.65161
v -17221.47656 152.73384 3731.08032
v -17221.47656 158.51353 3731.08032
v -17203.00586 129.65979 3759.47974
v -17203.00586 183.26991 3759.47974
v -17225.24023 149.84399 3781.51636
v -17216.54688 149.84399 3731.94531
v -17225.24023 161.40338 3781.51636
v -17216.54688 161.40338 3731.94531
v -17220.31055 152.73384 3782.38110
v -17211.61523 152.73384 3732.80981
v -17220.31055 158.51353 3782.38110
v -17211.61523 158.51353 3732.80981
v -17220.74414 129.65979 3791.66895
v -17220.74414 183.26991 3791.66895
v -17203.00586 129.65979 3759.47974
v -17145.65820 183.26991 3848.15161
v -17145.65820 129.65979 3848.15161
v -17157.69922 183.26991 3834.78882
v -17157.69922 129.65979 3834.78882
v -17139.84180 129.65979 3802.66675
v -17139.84180 183.26991 3802.66675
v -17157.69922 129.65979 3834.78882
v -17157.69922 183.26991 3834.78882
v -17139.84180 129.65979 3802.66675
v -17117.41992 129.65979 3827.54956
v -17117.41992 183.26991 3827.54956
v -17128.80078 183.26991 3866.86011
v -17128.80078 129.65979 3866.86011
v -17140.84180 183.26991 3853.49683
v -17140.84180 129.65979 3853.49683
v -17150.05469 152.73384 3829.49585
v -17150.05469 158.51353 3829.49585
v -17112.66602 152.73384 3795.80591
v -17112.66602 158.51353 3795.80591
v -17146.70313 149.84399 3833.21411
v -17109.31445 149.84399 3799.52441
v -17146.70313 161.40338 3833.21436
v -17109.31445 161.40338 3799.52441
v -17143.35352 158.51353 3836.93262
v -17105.96484 158.51353 3803.24292
v -17143.35352 152.73384 3836.93262
v -17105.96484 152.73384 3803.24292
v -17094.99805 129.65979 3852.43237
v -17094.99805 183.26991 3852.43237
v -17128.80078 129.65979 3866.86011
v -17128.80078 183.26991 3866.86011
v -17094.99805 129.65979 3852.43237
v -17129.43945 152.73384 3852.37354
v -17129.43945 158.51353 3852.37354
v -17092.05078 152.73384 3818.68359
v -17092.05078 158.51353 3818.68359
v -17126.08984 149.84399 3856.09204
v -17088.70117 149.84399 3822.40210
v -17126.08984 161.40338 3856.09204
v -17088.70117 161.40338 3822.40210
v -17122.73828 152.73384 3859.81055
v -17085.34961 152.73384 3826.12061
v -17122.73828 158.51353 3859.81055
v -17085.34961 158.51353 3826.12061
v -17077.54492 183.26991 3923.13794
v -17077.54492 129.65979 3923.13794
v -17089.58594 183.26991 3909.77515
v -17089.58594 129.65979 3909.77515
v -17071.72852 129.65979 3877.65308
v -17071.72852 183.26991 3877.65308
v -17089.58594 129.65979 3909.77515
v -17089.58594 183.26991 3909.77515
v -17071.72852 129.65979 3877.65308
v -17049.30664 129.65979 3902.53589
v -17049.30664 183.26991 3902.53589
v -17060.68750 183.26991 3941.84644
v -17060.68750 129.65979 3941.84644
v -17072.72852 183.26991 3928.48315
v -17072.72852 129.65979 3928.48315
v -17081.94141 152.73384 3904.48218
v -17081.94141 158.51353 3904.48218
v -17044.55273 152.73384 3870.79224
v -17044.55273 158.51353 3870.79224
v -17078.58984 149.84399 3908.20044
v -17041.20117 149.84399 3874.51074
v -17078.58984 161.40338 3908.20068
v -17041.20117 161.40338 3874.51074
v -17075.24023 152.73384 3911.91895
v -17037.85156 152.73384 3878.22925
v -17075.24023 158.51353 3911.91895
v -17037.85156 158.51353 3878.22925
v -17026.88477 129.65979 3927.41870
v -17026.88477 183.26991 3927.41870
v -17060.68750 129.65979 3941.84644
v -17060.68750 183.26991 3941.84644
v -17026.88477 129.65979 3927.41870
v -17061.32617 152.73384 3927.35986
v -17061.32617 158.51353 3927.35986
v -17023.93750 152.73384 3893.66992
v -17023.93750 158.51353 3893.66992
v -17057.97656 149.84399 3931.07837
v -17020.58789 149.84399 3897.38843
v -17057.97656 161.40338 3931.07837
v -17020.58789 161.40338 3897.38843
v -17054.62500 152.73384 3934.79688
v -17017.23633 152.73384 3901.10693
v -17054.62500 158.51353 3934.79688
v -17017.23633 158.51353 3901.10693
v -17005.39648 183.26991 4024.20410
v -17005.39648 129.65979 4024.20410
v -17013.87305 183.26991 4008.33911
v -17013.87305 129.65979 4008.33911
v -16988.82031 129.65979 3981.44971
v -16988.82031 183.26991 3981.44971
v -17013.87305 129.65979 4008.33911
v -17013.87305 183.26991 4008.33911
v -16993.52930 183.26991 4046.41504
v -16993.52930 129.65979 4046.41504
v -17002.00586 183.26991 4030.55005
v -17002.00586 129.65979 4030.55005
v -16988.82031 129.65979 3981.44971
v -16973.03516 129.65979 4010.99121
v -16973.03516 183.26991 4010.99121
v -17005.17969 152.73384 4005.03857
v -17005.17969 158.51353 4005.03857
v -16960.79102 152.73384 3981.32056
v -16960.79102 158.51353 3981.32056
v -17002.82031 149.84399 4009.45313
v -16958.43164 149.84399 3985.73511
v -17002.82227 161.40338 4009.45313
v -16958.43164 161.40338 3985.73511
v -16957.25000 183.26991 4040.53271
v -16957.25000 129.65979 4040.53271
v -17000.46289 158.51353 4013.86792
v -16956.07422 158.51353 3990.14966
v -17000.46289 152.73384 4013.86792
v -16956.07422 152.73384 3990.14966
v -16993.52930 129.65979 4046.41504
v -16993.52930 183.26991 4046.41504
v -16957.25000 129.65979 4040.53271
v -16990.66797 152.73384 4032.19946
v -16990.66797 158.51353 4032.19946
v -16946.27930 152.73384 4008.48145
v -16946.27930 158.51353 4008.48145
v -16988.30859 149.84399 4036.61426
v -16943.91992 149.84399 4012.89624
v -16988.30859 161.40338 4036.61426
v -16943.91992 161.40338 4012.89624
v -16985.94922 152.73384 4041.02881
v -16941.56055 152.73384 4017.31079
v -16985.94922 158.51353 4041.02881
v -16941.56055 158.51353 4017.31079
v -16955.77734 183.26991 4119.04297
v -16955.77734 129.65979 4119.04297
v -16964.16016 183.26991 4103.12891
v -16964.16016 129.65979 4103.12891
v -16938.95117 129.65979 4076.38623
v -16938.95117 183.26991 4076.38623
v -16964.16016 129.65979 4103.12891
v -16964.16016 183.26991 4103.12891
v -16944.03906 183.26991 4141.32275
v -16944.03906 129.65979 4141.32275
v -16952.42383 183.26991 4125.40869
v -16952.42383 129.65979 4125.40869
v -16938.95117 129.65979 4076.38623
v -16923.33789 129.65979 4106.01953
v -16923.33789 183.26991 4106.01953
v -16955.44922 152.73384 4099.87891
v -16955.44922 158.51353 4099.87891
v -16910.92188 152.73384 4076.42090
v -16910.92188 158.51353 4076.42090
v -16953.11523 149.84399 4104.30762
v -16908.58984 149.84399 4080.84912
v -16953.11523 161.40338 4104.30762
v -16908.58984 161.40338 4080.84912
v -16907.72656 129.65979 4135.65283
v -16907.72656 183.26991 4135.65283
v -16950.78320 158.51353 4108.73584
v -16906.25586 158.51353 4085.27759
v -16950.78320 152.73384 4108.73584
v -16906.25586 152.73384 4085.27759
v -16944.03906 129.65979 4141.32275
v -16944.03906 183.26991 4141.32275
v -16907.72656 129.65979 4135.65283
v -16941.09570 152.73384 4127.12451
v -16941.09570 158.51353 4127.12451
v -16896.56836 152.73384 4103.66602
v -16896.56836 158.51353 4103.66602
v -16938.76172 149.84399 4131.55273
v -16894.23438 149.84399 4108.09473
v -16938.76172 161.40338 4131.55273
v -16894.23438 161.40338 4108.09473
v -16936.42773 152.73384 4135.98145
v -16891.90234 152.73384 4112.52295
v -16936.42773 158.51353 4135.98145
v -16891.90234 158.51353 4112.52295
v -17351.59180 159.26443 3706.33423
v -17351.59180 151.98302 3706.33423
v -17350.47461 158.51353 3707.48853
v -17350.47461 152.73384 3707.48853
v -17348.66211 151.98302 3689.62671
v -17348.66211 159.26443 3689.62671
v -17345.38086 148.34236 3707.42358
v -17345.54492 149.84399 3708.35327
v -17345.38086 162.90509 3707.42358
v -17345.54492 161.40338 3708.35327
v -17342.45117 148.34236 3690.71606
v -17342.45117 162.90509 3690.71606
v -17339.16992 151.98302 3708.51318
v -17340.61328 152.73384 3709.21777
v -17339.16992 159.26443 3708.51318
v -17340.61328 158.51353 3709.21777
v -17336.24023 151.98302 3691.80566
v -17336.24023 159.26443 3691.80566
v -17321.25977 159.26443 3711.65479
v -17321.25977 151.98302 3711.65479
v -17320.14258 158.51353 3712.80884
v -17320.14258 152.73384 3712.80884
v -17318.33008 151.98302 3694.94727
v -17318.33008 159.26443 3694.94727
v -17315.04883 148.34236 3712.74414
v -17315.21289 149.84399 3713.67383
v -17315.04883 162.90509 3712.74414
v -17315.21289 161.40338 3713.67383
v -17312.11914 148.34236 3696.03662
v -17312.11914 162.90509 3696.03662
v -17308.83789 151.98302 3713.83374
v -17310.28125 152.73384 3714.53833
v -17308.83789 159.26443 3713.83374
v -17310.28125 158.51353 3714.53833
v -17305.90625 151.98302 3697.12598
v -17305.90625 159.26443 3697.12598
v -17348.66211 151.98302 3689.62671
v -17348.66211 159.26443 3689.62671
v -17348.48633 155.62367 3725.13281
v -17342.45117 148.34236 3690.71606
v -17342.45117 162.90509 3690.71606
v -17336.24023 151.98302 3691.80566
v -17336.24023 159.26443 3691.80566
v -17318.33008 151.98302 3694.94727
v -17318.33008 159.26443 3694.94727
v -17318.15430 155.62367 3730.45337
v -17312.11914 148.34236 3696.03662
v -17312.11914 162.90509 3696.03662
v -17305.90625 151.98302 3697.12598
v -17305.90625 159.26443 3697.12598
v -17252.92578 159.26443 3724.60571
v -17252.92578 151.98302 3724.60571
v -17251.80859 158.51353 3725.76001
v -17251.80859 152.73384 3725.76001
v -17249.99609 151.98302 3707.89819
v -17249.99609 159.26443 3707.89819
v -17246.71484 148.34236 3725.69507
v -17246.87891 149.84399 3726.62476
v -17246.71484 162.90509 3725.69507
v -17246.87891 161.40338 3726.62476
v -17243.78516 148.34236 3708.98755
v -17243.78516 162.90509 3708.98755
v -17240.50391 151.98302 3726.78467
v -17241.94727 152.73384 3727.48926
v -17240.50391 159.26443 3726.78467
v -17241.94727 158.51353 3727.48926
v -17237.57422 151.98302 3710.07715
v -17237.57422 159.26443 3710.07715
v -17222.59375 159.26443 3729.92627
v -17222.59375 151.98302 3729.92627
v -17221.47656 158.51353 3731.08032
v -17221.47656 152.73384 3731.08032
v -17219.66406 151.98302 3713.21875
v -17219.66406 159.26443 3713.21875
v -17216.38281 148.34236 3731.01563
v -17216.54688 149.84399 3731.94531
v -17216.38281 162.90509 3731.01563
v -17216.54688 161.40338 3731.94531
v -17213.45313 148.34236 3714.30811
v -17213.45313 162.90509 3714.30811
v -17210.17188 151.98302 3732.10522
v -17211.61523 152.73384 3732.80981
v -17210.17188 159.26443 3732.10522
v -17211.61523 158.51353 3732.80981
v -17207.24023 151.98302 3715.39746
v -17207.24023 159.26443 3715.39746
v -17249.99609 151.98302 3707.89819
v -17249.99609 159.26443 3707.89819
v -17249.82227 155.62367 3743.40430
v -17243.78516 148.34236 3708.98755
v -17243.78516 162.90509 3708.98755
v -17237.57422 151.98302 3710.07715
v -17237.57422 159.26443 3710.07715
v -17219.66406 151.98302 3713.21875
v -17219.66406 159.26443 3713.21875
v -17219.48633 155.62367 3748.72485
v -17213.45313 148.34236 3714.30811
v -17213.45313 162.90509 3714.30811
v -17207.24023 151.98302 3715.39746
v -17207.24023 159.26443 3715.39746
v -17112.83594 159.26443 3794.20801
v -17112.83594 151.98302 3794.20801
v -17112.66602 158.51353 3795.80591
v -17112.66602 152.73384 3795.80591
v -17108.61328 148.34236 3798.89258
v -17109.31445 149.84399 3799.52441
v -17108.61328 162.90509 3798.89258
v -17109.31445 161.40338 3799.52441
v -17104.39258 151.98302 3803.57739
v -17105.96484 152.73384 3803.24292
v -17104.39258 159.26443 3803.57739
v -17105.96484 158.51353 3803.24292
v -17100.23438 151.98302 3782.85327
v -17100.23438 159.26443 3782.85327
v -17096.01172 148.34236 3787.53784
v -17096.01172 162.90509 3787.53784
v -17091.79102 151.98302 3792.22241
v -17091.79102 159.26443 3792.22241
v -17092.22070 159.26443 3817.08569
v -17092.22070 151.98302 3817.08569
v -17092.05078 158.51353 3818.68359
v -17092.05078 152.73384 3818.68359
v -17088.00000 148.34236 3821.77051
v -17088.70117 149.84399 3822.40210
v -17088.00000 162.90509 3821.77051
v -17088.70117 161.40338 3822.40210
v -17083.77930 151.98302 3826.45508
v -17085.34961 152.73384 3826.12061
v -17083.77930 159.26443 3826.45508
v -17085.34961 158.51353 3826.12061
v -17079.61914 151.98302 3805.73096
v -17079.61914 159.26443 3805.73096
v -17075.39844 148.34236 3810.41553
v -17075.39844 162.90509 3810.41553
v -17071.17773 151.98302 3815.10010
v -17071.17773 159.26443 3815.10010
v -17100.23438 151.98302 3782.85327
v -17100.23438 159.26443 3782.85327
v -17121.97070 155.62367 3810.92798
v -17096.01172 148.34236 3787.53784
v -17096.01172 162.90509 3787.53784
v -17091.79102 151.98302 3792.22241
v -17091.79102 159.26443 3792.22241
v -17079.61914 151.98302 3805.73096
v -17079.61914 159.26443 3805.73096
v -17101.35742 155.62367 3833.80591
v -17075.39844 148.34236 3810.41553
v -17075.39844 162.90509 3810.41553
v -17071.17773 151.98302 3815.10010
v -17071.17773 159.26443 3815.10010
v -17044.72266 159.26443 3869.19434
v -17044.72266 151.98302 3869.19434
v -17044.55273 158.51353 3870.79224
v -17044.55273 152.73384 3870.79224
v -17040.50000 148.34236 3873.87891
v -17041.20117 149.84399 3874.51074
v -17040.50000 162.90509 3873.87891
v -17041.20117 161.40338 3874.51074
v -17036.27930 151.98302 3878.56372
v -17037.85156 152.73384 3878.22925
v -17036.27930 159.26443 3878.56372
v -17037.85156 158.51353 3878.22925
v -17032.12109 151.98302 3857.83960
v -17032.12109 159.26443 3857.83960
v -17027.89844 148.34236 3862.52417
v -17027.89844 162.90509 3862.52417
v -17023.67773 151.98302 3867.20874
v -17023.67773 159.26443 3867.20874
v -17024.10742 159.26443 3892.07202
v -17024.10742 151.98302 3892.07202
v -17023.93750 158.51353 3893.66992
v -17023.93750 152.73384 3893.66992
v -17019.88672 148.34236 3896.75684
v -17020.58789 149.84399 3897.38843
v -17019.88672 162.90509 3896.75684
v -17020.58789 161.40338 3897.38843
v -17015.66602 151.98302 3901.44141
v -17017.23633 152.73384 3901.10693
v -17015.66602 159.26443 3901.44141
v -17017.23633 158.51353 3901.10693
v -17011.50586 151.98302 3880.71729
v -17011.50586 159.26443 3880.71729
v -17007.28516 148.34236 3885.40186
v -17007.28516 162.90509 3885.40186
v -17003.06445 151.98302 3890.08643
v -17003.06445 159.26443 3890.08643
v -17032.12109 151.98302 3857.83960
v -17032.12109 159.26443 3857.83960
v -17053.85742 155.62367 3885.91431
v -17027.89844 162.90509 3862.52417
v -17011.50586 151.98302 3880.71729
v -17011.50586 159.26443 3880.71729
v -17033.24414 155.62367 3908.79224
v -17007.28516 148.34236 3885.40186
v -17007.28516 162.90509 3885.40186
v -17003.06445 151.98302 3890.08643
v -17003.06445 159.26443 3890.08643
v -16960.57227 159.26443 3979.72852
v -16960.57227 151.98302 3979.72852
v -16960.79102 158.51353 3981.32056
v -16960.79102 152.73384 3981.32056
v -16957.59961 148.34236 3985.29028
v -16958.43164 149.84399 3985.73511
v -16957.59961 162.90509 3985.29028
v -16958.43164 161.40338 3985.73511
v -16954.62891 151.98302 3990.85205
v -16956.07422 152.73384 3990.14966
v -16954.62891 159.26443 3990.85205
v -16956.07422 158.51353 3990.14966
v -16945.61133 151.98302 3971.73462
v -16945.61133 159.26443 3971.73462
v -16942.63867 148.34236 3977.29639
v -16942.63867 162.90509 3977.29639
v -16939.66797 151.98302 3982.85815
v -16939.66797 159.26443 3982.85815
v -16946.05859 159.26443 4006.88965
v -16946.05859 151.98302 4006.88965
v -16946.27930 158.51353 4008.48145
v -16946.27930 152.73384 4008.48145
v -16943.08789 148.34236 4012.45142
v -16943.91992 149.84399 4012.89624
v -16943.08789 162.90509 4012.45142
v -16943.91992 161.40338 4012.89624
v -16940.11523 151.98302 4018.01318
v -16941.56055 152.73384 4017.31079
v -16940.11523 159.26443 4018.01318
v -16941.56055 158.51353 4017.31079
v -16931.09766 151.98302 3998.89575
v -16931.09766 159.26443 3998.89575
v -16928.12695 148.34236 4004.45752
v -16928.12695 162.90509 4004.45752
v -16925.15430 151.98302 4010.01904
v -16925.15430 159.26443 4010.01904
v -16945.61133 151.98302 3971.73462
v -16945.61133 159.26443 3971.73462
v -16973.45898 155.62367 3993.76343
v -16942.63867 148.34236 3977.29639
v -16942.63867 162.90509 3977.29639
v -16939.66797 151.98302 3982.85815
v -16939.66797 159.26443 3982.85815
v -16931.09766 151.98302 3998.89575
v -16931.09766 159.26443 3998.89575
v -16958.94531 155.62367 4020.92456
v -16928.12695 148.34236 4004.45752
v -16928.12695 162.90509 4004.45752
v -16925.15430 151.98302 4010.01904
v -16925.15430 159.26443 4010.01904
v -16910.69336 159.26443 4074.83032
v -16910.69336 151.98302 4074.83032
v -16910.92188 158.51353 4076.42090
v -16910.92188 152.73384 4076.42090
v -16907.75391 162.90509 4080.40918
v -16908.58984 161.40338 4080.84912
v -16907.75391 148.34236 4080.40918
v -16908.58984 149.84399 4080.84912
v -16904.81445 151.98302 4085.98828
v -16906.25586 152.73384 4085.27759
v -16904.81445 159.26443 4085.98828
v -16906.25586 158.51353 4085.27759
v -16895.68555 151.98302 4066.92383
v -16895.68555 159.26443 4066.92383
v -16892.74609 148.34236 4072.50269
v -16892.74609 162.90509 4072.50293
v -16889.80664 151.98302 4078.08179
v -16889.80664 159.26443 4078.08179
v -16896.33984 159.26443 4102.07568
v -16896.33984 151.98302 4102.07568
v -16896.56836 158.51353 4103.66602
v -16896.56836 152.73384 4103.66602
v -16893.40039 148.34236 4107.65479
v -16894.23438 149.84399 4108.09473
v -16893.40039 162.90509 4107.65479
v -16894.23438 161.40338 4108.09473
v -16890.46094 151.98302 4113.23340
v -16891.90234 152.73384 4112.52295
v -16890.46094 159.26443 4113.23340
v -16891.90234 158.51353 4112.52295
v -16881.33203 151.98302 4094.16943
v -16881.33203 159.26443 4094.16943
v -16878.39258 148.34236 4099.74805
v -16878.39258 162.90509 4099.74805
v -16875.45313 151.98302 4105.32715
v -16875.45313 159.26443 4105.32715
v -16895.68555 151.98302 4066.92383
v -16895.68555 159.26443 4066.92383
v -16923.66211 155.62367 4088.78931
v -16892.74609 148.34236 4072.50269
v -16892.74609 162.90509 4072.50293
v -16889.80664 151.98302 4078.08179
v -16889.80664 159.26443 4078.08179
v -16881.33203 151.98302 4094.16943
v -16881.33203 159.26443 4094.16943
v -16909.30664 155.62367 4116.03516
v -16878.39258 148.34236 4099.74805
v -16878.39258 162.90509 4099.74805
v -16875.45313 151.98302 4105.32715
v -16875.45313 159.26443 4105.32715

vt 1.59650 1.07150 
vt 1.26330 1.07150 
vt 1.59650 0.78590 
vt 1.26330 0.78590 
vt 1.26330 1.92840 
vt 1.26330 1.64280 
vt 1.59650 1.92840 
vt 1.59650 1.64280 
vt 1.09670 1.07150 
vt 1.09670 0.78590 
vt 1.59650 1.35710 
vt 1.26330 1.35710 
vt 1.09670 1.92840 
vt 1.09670 1.64280 
vt 1.26330 2.21410 
vt 1.59650 2.21410 
vt 0.93010 0.50030 
vt 1.42990 0.50030 
vt 0.49990 1.73550 
vt -0.10150 1.73550 
vt 0.49990 0.82680 
vt -0.10150 0.82680 
vt 0.49990 1.99990 
vt -0.10150 1.99990 
vt 1.09670 2.21410 
vt 0.93010 1.92840 
vt 0.93010 1.64280 
vt 0.49990 1.63030 
vt 0.49990 1.41980 
vt 0.66590 1.63030 
vt 0.66590 1.41980 
vt 0.49990 0.39310 
vt -0.10150 0.39310 
vt 0.93010 2.21410 
vt 0.33400 1.41980 
vt 0.33400 1.63030 
vt 1.16370 1.63030 
vt 1.16370 1.41980 
vt 1.10150 1.73550 
vt 1.10150 0.82680 
vt 1.10150 1.99990 
vt 0.49990 -1.89940 
vt -0.10150 -1.89940 
vt 1.92980 0.78590 
vt 1.92980 0.50030 
vt 1.10150 0.39310 
vt 0.00220 1.63030 
vt 0.00220 1.41980 
vt 0.76350 0.78590 
vt 0.93010 0.78590 
vt 0.76350 1.07150 
vt 0.93010 1.07150 
vt 1.92980 1.07150 
vt 0.76350 1.92840 
vt 0.76350 1.64280 
vt 0.93010 1.35710 
vt 0.76350 1.35710 
vt 1.92980 1.35710 
vt 1.92980 1.64280 
vt 1.92980 1.92840 
vt 1.10150 -1.89940 
vt 0.76350 2.21410 
vt 1.92980 2.21410 
vt -0.50250 0.39310 
vt -0.50250 -1.89940 
vt -0.50250 1.73550 
vt -0.50250 0.82680 
vt -0.50250 1.99990 
vt -0.16370 1.63030 
vt -0.16370 1.41980 
vt 1.50250 0.39310 
vt 1.50250 -1.89940 
vt 1.49550 1.41980 
vt 1.49550 1.63030 
vt 0.59690 1.35710 
vt 0.59690 1.64280 
vt 1.50250 0.82680 
vt 0.59690 1.92840 
vt 0.59690 2.21410 
vt -0.49550 1.63030 
vt -0.49550 1.41980 
vt 0.43020 1.92840 
vt 0.43020 1.64280 
vt 0.43020 2.21410 
vt 1.50250 1.73550 
vt 1.50250 1.99990 
vt 0.43020 0.78590 
vt 0.43020 1.07150 
vt 0.26360 0.78590 
vt 0.26360 1.07150 
vt 2.26300 1.07150 
vt 2.26300 1.35710 
vt 2.26300 1.64280 
vt 0.26360 1.92840 
vt 0.26360 1.64280 
vt 0.26360 2.21410 
vt 2.26300 0.78590 
vt 0.59690 0.50030 
vt 2.26300 1.92840 
vt 2.26300 2.21410 
vt 1.26330 2.49970 
vt 0.49990 1.99990 
vt 0.49990 1.00000 
vt 1.16370 1.00000 
vt 0.59690 2.49970 
vt 0.00220 1.99990 
vt -0.08070 1.00000 
vt 1.76320 2.49970 
vt -0.08070 1.00000 
vt 1.16370 1.99990 
vt 1.16370 1.00000 
vt 0.59690 1.07150 
vt -0.08070 1.00000 
vt -0.41260 1.99990 
vt 0.26360 1.35710 
vt 0.59690 0.78590 
vt 3.00140 -2.00200 
vt 2.61650 -2.00200 
vt 3.00140 -2.99810 
vt 2.61650 -2.99810 
vt 2.23170 -2.00200 
vt 2.23170 -2.99810 
vt 1.84690 -2.00200 
vt 1.84690 -2.99810 
vt -2.00140 -2.00200 
vt -2.00140 -2.99810 
vt -1.61650 -2.00200 
vt -1.61650 -2.99810 
vt 1.46200 -2.00200 
vt 1.46200 -2.99810 
vt -1.23170 -2.00200 
vt -1.23170 -2.99810 
vt 1.07720 -2.00200 
vt 1.07720 -2.99810 
vt -0.84690 -2.00200 
vt -0.84690 -2.99810 
vt -0.07720 -2.00200 
vt -0.07720 -2.99810 
vt -0.46200 -2.00200 
vt -0.46200 -2.99810 
vt 2.00660 -1.99840 
vt 1.96320 -2.47210 
vt 2.00660 -3.00160 
vt 1.96320 -2.75680 
vt 1.37800 -1.99840 
vt 1.36110 -2.47210 
vt 1.37800 -3.00160 
vt 1.36110 -2.75680 
vt 0.71320 -1.99840 
vt 0.71170 -2.47210 
vt 0.71320 -3.00160 
vt 0.71170 -2.75680 
vt -0.00150 -3.00160 
vt 0.07860 -2.75680 
vt -0.00150 -1.99840 
vt 0.07860 -2.47210 
vt -1.69750 -2.00200 
vt -2.46950 -2.00200 
vt -1.69750 -2.99810 
vt -2.46950 -2.99810 
vt -3.24160 -2.00200 
vt -3.24160 -2.99810 
vt 0.61870 -2.00200 
vt 0.61870 -2.99810 
vt -4.01370 -2.00200 
vt -4.01370 -2.99810 
vt 1.39070 -2.00200 
vt 1.39070 -2.99810 
vt 2.16280 -2.00200 
vt 2.16280 -2.99810 
vt 2.93490 -2.00200 
vt 2.93490 -2.99810 
vt 4.47900 -2.00200 
vt 4.47900 -2.99810 
vt 6.02320 -2.00200 
vt 6.02320 -2.99810 
vt 3.70700 -2.99810 
vt 3.70700 -2.00200 
vt 1.66530 -1.60360 
vt 1.49960 -1.83770 
vt 1.77460 -1.98080 
vt 1.58140 -2.12000 
vt 1.28850 -1.37060 
vt 1.21760 -1.66330 
vt 1.76930 -3.14360 
vt 1.57740 -2.99050 
vt 0.80370 -1.34810 
vt 0.85460 -1.64640 
vt 1.61200 -3.50780 
vt 1.45970 -3.26300 
vt 0.40660 -1.55600 
vt 0.55750 -1.80200 
vt 1.21420 -3.71760 
vt 1.16190 -3.42000 
vt 0.25980 -1.92640 
vt 0.44750 -2.07930 
vt 0.73000 -3.70720 
vt 0.79950 -3.41220 
vt 0.25010 -3.08760 
vt 0.44030 -2.94850 
vt 0.36230 -3.46420 
vt 0.52430 -3.23030 
vt 2.00710 -2.00200 
vt 0.00020 -2.00200 
vt 2.00710 -2.99810 
vt 0.00020 -2.99810 
vt -5.99440 -2.99810 
vt -4.99520 -2.99810 
vt -5.99440 -2.00200 
vt -4.99520 -2.00200 
vt -3.99610 -2.00200 
vt -3.99610 -2.99810 
vt 6.99440 -2.99810 
vt 6.99440 -2.00200 
vt -2.99690 -2.00200 
vt -2.99690 -2.99810 
vt 5.99520 -2.99810 
vt 5.99520 -2.00200 
vt -1.99780 -2.00200 
vt -1.99780 -2.99810 
vt 4.99610 -2.00200 
vt 4.99610 -2.99810 
vt -0.99870 -2.00200 
vt -0.99870 -2.99810 
vt 3.99690 -2.00200 
vt 3.99690 -2.99810 
vt 1.99870 -2.99810 
vt 1.99870 -2.00200 
vt 2.99780 -2.00200 
vt 2.99780 -2.99810 
vt 0.00000 -3.00000 
vt 0.99990 -3.00000 
vt -0.00840 -9.24090 
vt 1.01580 -9.24090 
vt 0.94390 -10.10830 
vt 1.00640 -10.10830 
vt 0.94390 -2.89880 
vt 1.00640 -2.89880 
vt 0.94390 -2.77380 
vt 1.00640 -2.77380 
vt 0.88140 -10.10830 
vt 0.88140 -2.89880 
vt 0.94390 -2.64880 
vt 1.00640 -2.64880 
vt 0.88140 -2.77380 
vt 0.88140 -2.64880 
vt 1.19390 -10.10830 
vt 1.19390 -2.89880 
vt 0.81890 -10.10830 
vt 0.81890 -2.89880 
vt 1.19390 -2.77380 
vt 1.19390 -2.64880 
vt 0.81890 -2.77380 
vt 0.81890 -2.64880 
vt 0.19390 -10.10830 
vt 0.25640 -10.10830 
vt 0.19390 -2.89880 
vt 0.25640 -2.89880 
vt 0.25640 -2.77380 
vt 0.19390 -2.77380 
vt 0.25640 -2.64880 
vt 0.19390 -2.64880 
vt 0.75640 -10.10830 
vt 0.75640 -2.89880 
vt 0.75640 -2.77380 
vt 0.75640 -2.64880 
vt 0.31890 -2.64880 
vt 0.31890 -2.77380 
vt 0.31890 -2.89880 
vt 0.69390 -2.64880 
vt 0.69390 -2.77380 
vt 0.69390 -2.89880 
vt 0.31890 -10.10830 
vt 0.69390 -10.10830 
vt 0.38140 -2.64880 
vt 0.38140 -2.77380 
vt 0.38140 -2.89880 
vt 0.50640 -2.89880 
vt 0.50640 -2.77380 
vt 0.38140 -10.10830 
vt 0.50640 -10.10830 
vt 0.44390 -2.64880 
vt 0.44390 -2.77380 
vt 0.44390 -2.89880 
vt 0.50640 -2.64880 
vt 0.44390 -10.10830 
vt 0.63140 -2.64880 
vt -0.00840 -7.96980 
vt -0.00840 -9.24090 
vt 1.01580 -7.96980 
vt 1.01580 -9.24090 
vt -0.00840 -6.69870 
vt 1.01580 -6.69870 
vt -0.00840 -5.42760 
vt 1.01580 -5.42760 
vt -0.00840 6.01190 
vt 1.01580 6.01190 
vt -0.00840 7.28300 
vt 1.01580 7.28300 
vt -0.00840 -4.15660 
vt 1.01580 -4.15660 
vt -0.00840 4.74090 
vt 1.01580 4.74090 
vt -0.00840 -2.88560 
vt 1.01580 -2.88560 
vt -0.00840 3.46980 
vt 1.01580 3.46980 
vt -0.00840 2.19870 
vt 1.01580 2.19870 
vt -0.00840 0.92760 
vt 1.01580 0.92760 
vt -0.00840 -1.61450 
vt 0.04210 1.05770 
vt 0.20880 1.05770 
vt 0.04210 0.87360 
vt 0.20880 0.87360 
vt 0.04210 1.72480 
vt 0.20880 1.72480 
vt 0.04210 1.39780 
vt 0.20880 1.39780 
vt 0.04210 0.84970 
vt 0.20880 0.84970 
vt 0.20880 0.78390 
vt 0.04210 0.78390 
vt 0.04210 1.22440 
vt 0.20880 1.22440 
vt 0.37540 1.05770 
vt 0.37540 0.87360 
vt 0.20880 0.57760 
vt 0.04210 0.57760 
vt 0.37540 1.39780 
vt 0.37540 1.72480 
vt 0.37540 1.22440 
vt 0.04210 0.30010 
vt 0.20880 0.30010 
vt 0.37540 0.84970 
vt 0.37540 0.78390 
vt 0.37540 0.57760 
vt 0.20880 2.04540 
vt 0.04210 2.04540 
vt 0.37540 0.30010 
vt 0.37540 2.04540 
vt 0.20880 -0.05420 
vt 0.04210 -0.05420 
vt 0.37540 -0.05420 
vt 0.37540 2.16140 
vt 0.20880 2.16140 
vt 0.04210 2.16140 
vt 0.04210 -1.87380 
vt 0.20880 -1.87380 
vt 0.37540 -1.87380 
vt 0.51610 1.45980 
vt 0.50940 1.00000 
vt 0.00000 1.40320 
vt 0.02590 1.19460 
vt -0.12450 0.87360 
vt -0.12450 0.84970 
vt -0.12450 0.78390 
vt -0.12450 1.05770 
vt -0.12450 0.57760 
vt -0.12450 1.22440 
vt -0.12450 0.30010 
vt -0.12450 -0.05420 
vt -0.12450 1.39780 
vt -0.12450 -1.87380 
vt 0.54210 2.16140 
vt 0.54210 2.04540 
vt 0.54210 1.05770 
vt 0.54210 1.22440 
vt -0.12450 1.72480 
vt 0.54210 1.39780 
vt 0.54210 0.78390 
vt 0.54210 0.84970 
vt 0.54210 0.87360 
vt -0.12450 2.04540 
vt -0.12450 2.16140 
vt 0.54210 -1.87380 
vt 0.54210 -0.05420 
vt 0.54210 1.72480 
vt 0.54210 0.30010 
vt 0.54210 0.57760 
vt 0.99310 1.45980 
vt 0.99990 1.00680 
vt 0.70880 -0.05420 
vt 0.87540 -0.05420 
vt 0.70880 -1.87380 
vt 0.87540 -1.87380 
vt 0.70880 2.04540 
vt 0.70880 2.16140 
vt 0.70880 0.30010 
vt 0.87540 0.30010 
vt 0.87540 2.04540 
vt 0.87540 2.16140 
vt 0.70880 1.05770 
vt 0.70880 1.22440 
vt 0.87540 1.05770 
vt 0.87540 1.22440 
vt 0.70880 1.39780 
vt 0.87540 1.39780 
vt 0.70880 0.78390 
vt 0.70880 0.84970 
vt 0.87540 0.78390 
vt 0.87540 0.84970 
vt 0.70880 0.87360 
vt 0.87540 0.87360 
vt 0.70880 0.57760 
vt 0.87540 0.57760 
vt 0.70880 1.72480 
vt 0.87540 1.72480 
vt 7.49990 -2.00010 
vt 10.01560 -2.00010 
vt 7.49990 -1.00010 
vt 10.01560 -1.00010 
vt 4.99980 -2.00010 
vt 4.99980 -1.00010 
vt -10.00010 -2.00010 
vt -7.50010 -2.00010 
vt -10.00010 -1.00010 
vt -7.50010 -1.00010 
vt 2.49980 -2.00010 
vt 2.49980 -1.00010 
vt -5.00010 -2.00010 
vt -5.00010 -1.00010 
vt -0.00010 -2.00010 
vt -0.00010 -1.00010 
vt -2.50010 -2.00010 
vt -2.50010 -1.00010 
vt 11.99240 0.99990 
vt 13.99050 0.99990 
vt 11.99240 1.99990 
vt 13.99050 1.99990 
vt 15.98860 0.99990 
vt 15.98860 1.99990 
vt 9.99430 0.99990 
vt 9.99430 1.99990 
vt -7.98860 0.99990 
vt -5.99050 0.99990 
vt -7.98860 1.99990 
vt -5.99050 1.99990 
vt 7.99620 0.99990 
vt 7.99620 1.99990 
vt -3.99240 0.99990 
vt -3.99240 1.99990 
vt 5.99810 0.99990 
vt 5.99810 1.99990 
vt -1.99430 0.99990 
vt -1.99430 1.99990 
vt 3.99990 0.99990 
vt 3.99990 1.99990 
vt 0.00370 0.99990 
vt 0.00370 1.99990 
vt 2.00180 0.99990 
vt 2.00180 1.99990 
vt -1.49670 -0.98440 
vt -1.00450 -0.98440 
vt -1.49670 -0.39850 
vt -1.00450 -0.39850 
vt -1.49670 -0.03130 
vt -1.00450 -0.03130 
vt -1.49670 -0.03130 
vt -1.49670 1.49990 
vt -1.00450 1.49990 
vt -1.49670 -0.98440 
vt -1.00450 -0.98440 
vt -1.49670 -0.39850 
vt -1.00450 -0.39850 
vt -1.49670 -0.03130 
vt -1.00450 -0.03130 
vt -1.49670 1.49990 
vt -1.00450 1.49990 
vt 0.00000 -1.00000 
vt 0.00000 -1.00000 
vt 0.00000 -1.00000 
vt 0.00000 -1.00000 
vt 0.49990 -1.00000 
vt 0.00000 -1.00000 
vt 0.49990 -1.00000 
vt 0.00000 -1.00000 
vt 0.00000 -1.00000 
vt 0.00000 -1.00000 
vt 0.00000 -1.00000 
vt 0.00000 -1.00000 
vt -1.49670 -0.03130 
vt -1.00450 -0.03130 
vt -1.49670 1.49990 
vt -1.00450 1.49990 
vt -1.49670 -0.39850 
vt -1.00450 -0.39850 
vt -1.49670 -0.98440 
vt -1.00450 -0.98440 
vt -1.49670 -0.03130 
vt -1.00450 -0.03130 
vt -1.49670 1.49990 
vt -1.00450 1.49990 
vt -1.49670 -0.39850 
vt -1.00450 -0.39850 
vt -1.49670 -0.98440 
vt -1.00450 -0.98440 
vt 0.00000 -1.00000 
vt 0.49990 -1.00000 
vt 0.25000 -0.00010 
vt 0.00000 -1.00000 
vt 0.49990 -1.00000 
vt 0.24990 -0.00010 
vt 0.00000 -1.00000 
vt 0.49990 -1.00000 
vt 0.00000 -1.00000 
vt 0.49990 -1.00000 
vt 0.00000 -1.00000 
vt 0.49990 -1.00000 
vt 0.00000 -1.00000 
vt 0.00000 -1.00000 
vt 0.49990 -1.00000 
vt 0.00000 -1.00000 
vt 0.49990 -1.00000 
vt 0.00000 -1.00000 
vt 0.00000 -1.00000 
vt 0.49990 -1.00000 
vt 0.24990 -0.00000 
vt 0.00000 -1.00000 
vt 0.49990 -1.00000 
vt 0.00000 -1.00000 
vt 0.49990 -1.00000 
vt 0.00000 -1.00000 
vt 0.49990 -1.00000 
vt 0.00000 -1.00000 
vt 0.49990 -1.00000 
vt 0.02820 -0.00010 
vt 0.02820 -0.99220 
vt 0.59180 -0.00010 
vt 0.59180 -0.99220 
vt 0.99550 -0.00010 
vt 0.99550 -0.99220 
vt 0.99550 -0.99220 
vt 2.12360 -0.00010 
vt 2.12360 -0.99220 
vt 0.02820 -0.00010 
vt 0.02820 -0.99220 
vt 0.59180 -0.00010 
vt 0.59180 -0.99220 
vt 0.99550 -0.00010 
vt 0.99550 -0.99220 
vt 2.12360 -0.00010 
vt 2.12360 -0.99220 
vt 0.99550 -0.00010 
vt 0.99550 -0.99220 
vt 2.12360 -0.00010 
vt 2.12360 -0.99220 
vt 0.59180 -0.00010 
vt 0.59180 -0.99220 
vt 0.02820 -0.00010 
vt 0.02820 -0.99220 
vt 0.99550 -0.00010 
vt 0.99550 -0.99220 
vt 2.12360 -0.00010 
vt 2.12360 -0.99220 
vt 0.59180 -0.00010 
vt 0.59180 -0.99220 
vt 0.02820 -0.00010 
vt 0.02820 -0.99220 
vt 0.99570 -4.28150 
vt 0.99570 -4.66620 
vt 1.86710 -4.28150 
vt 1.86710 -4.66620 
vt 0.00220 -3.01050 
vt -0.15250 -3.31690 
vt -1.00390 -3.00430 
vt -0.99850 -3.26120 
vt 0.00220 -3.01050 
vt -1.00390 -3.00430 
vt -0.15250 -3.31690 
vt -0.99850 -3.26120 
vt 0.25380 -4.28150 
vt 0.25380 -4.66620 
vt -0.99130 -4.99760 
vt -0.37750 -4.28770 
vt -0.99130 -4.28770 
vt -0.99130 -4.28770 
vt -0.37750 -4.28770 
vt -0.99130 -4.99760 
vt -0.04570 -4.99760 
vt -0.04570 -4.99760 
vt -0.99550 -4.00530 
vt -0.99550 -4.00530 
vt 0.00340 -4.47380 
vt -0.00440 -4.61160 
vt -0.00440 -4.33610 
vt 0.99570 -4.28150 
vt 0.99570 -4.66620 
vt 1.86710 -4.28150 
vt 1.86710 -4.66620 
vt 0.00220 -3.01050 
vt -1.00390 -3.00430 
vt -0.15250 -3.31690 
vt -0.99850 -3.26120 
vt 0.25380 -4.28150 
vt 0.25380 -4.66620 
vt 0.00220 -3.01050 
vt -0.15250 -3.31690 
vt -1.00390 -3.00430 
vt -0.99850 -3.26120 
vt -0.99130 -4.28770 
vt -0.37750 -4.28770 
vt -0.99130 -4.99760 
vt -0.04570 -4.99760 
vt -0.99550 -4.00530 
vt -0.99130 -4.99760 
vt -0.37750 -4.28770 
vt -0.99130 -4.28770 
vt -0.00440 -4.33610 
vt 0.00340 -4.47380 
vt -0.04570 -4.99760 
vt -0.99550 -4.00530 
vt -0.00440 -4.61160 
vt 0.25380 -4.28150 
vt 0.25380 -4.66620 
vt 0.99570 -4.28150 
vt 0.99570 -4.66620 
vt 0.00220 -3.01050 
vt -1.00390 -3.00430 
vt -0.15250 -3.31690 
vt -0.99850 -3.26120 
vt 0.00220 -3.01050 
vt -0.15250 -3.31690 
vt -1.00390 -3.00430 
vt -0.99850 -3.26120 
vt 1.86710 -4.28150 
vt 1.86710 -4.66620 
vt -0.00440 -4.33610 
vt 0.00340 -4.47380 
vt -0.00440 -4.61160 
vt -0.99550 -4.00530 
vt -0.99550 -4.00530 
vt -0.99130 -4.99760 
vt -0.37750 -4.28770 
vt -0.04570 -4.99760 
vt -0.04570 -4.99760 
vt -0.37750 -4.28770 
vt -0.99130 -4.99760 
vt -0.99130 -4.28770 
vt -0.99130 -4.28770 
vt 0.00220 -3.01050 
vt -0.15250 -3.31690 
vt -1.00390 -3.00430 
vt -0.99850 -3.26120 
vt 0.25380 -4.28150 
vt 0.25380 -4.66620 
vt 0.99570 -4.28150 
vt 0.99570 -4.66620 
vt 0.00220 -3.01050 
vt -1.00390 -3.00430 
vt -0.15250 -3.31690 
vt -0.99850 -3.26120 
vt 1.86710 -4.28150 
vt 1.86710 -4.66620 
vt 0.00340 -4.47380 
vt -0.00440 -4.61160 
vt -0.99550 -4.00530 
vt -0.04570 -4.99760 
vt -0.37750 -4.28770 
vt -0.99130 -4.99760 
vt -0.00440 -4.33610 
vt -0.99130 -4.28770 
vt -0.99550 -4.00530 
vt -0.99130 -4.99760 
vt -0.37750 -4.28770 
vt -0.04570 -4.99760 
vt -0.99130 -4.28770 
vt 1.60150 0.82810 
vt 1.89840 0.82810 
vt 1.60150 0.57030 
vt 1.89840 0.57030 
vt 1.40620 -0.10160 
vt 1.40620 -1.00000 
vt 1.10150 -0.10160 
vt 1.10150 -1.00000 
vt -1.99990 -0.10590 
vt -1.99990 -0.99140 
vt -1.49990 -0.10590 
vt -1.49990 -0.99140 
vt 1.40620 -0.49220 
vt 1.10150 -0.49220 
vt -1.99990 -0.99140 
vt -1.49990 -0.99140 
vt -1.99990 -0.10590 
vt -1.49990 -0.10590 
vt -1.99990 0.49990 
vt -1.49990 0.50000 
vt -1.99990 0.99990 
vt -1.49990 0.99990 
vt 1.10150 -0.10160 
vt 1.10150 -1.00000 
vt 1.40620 -0.10160 
vt 1.40620 -1.00000 
vt -0.25720 -1.99960 
vt -0.50280 -2.35970 
vt -0.25720 -2.99960 
vt -0.50280 -2.63940 
vt 1.89840 0.10930 
vt 1.60150 0.10930 
vt 1.59370 -0.10160 
vt 1.89840 -0.10160 
vt 1.59370 -0.89850 
vt 1.89840 -0.89850 
vt -1.50000 0.99990 
vt -2.00000 0.99990 
vt -1.49990 0.50000 
vt -1.99990 0.50000 
vt -0.33510 0.00060 
vt -0.33510 1.00060 
vt -0.49950 0.36080 
vt -0.49950 0.64050 
vt 1.40620 -0.49220 
vt 1.10150 -0.49220 
vt 1.40620 -1.00000 
vt 1.10150 -1.00000 
vt 1.40620 -0.10160 
vt 1.10150 -0.10160 
vt 1.89840 0.82810 
vt 1.60150 0.82810 
vt 1.89840 0.57030 
vt 1.60150 0.57030 
vt 1.10150 -0.10160 
vt 1.10150 -1.00000 
vt 1.40620 -0.10160 
vt 1.40620 -1.00000 
vt 1.59370 -0.10160 
vt 1.59370 -0.89850 
vt 1.89840 -0.10160 
vt 1.89840 -0.89850 
vt -1.99990 -0.99140 
vt -1.49990 -0.99140 
vt -1.99990 -0.10590 
vt -1.49990 -0.10590 
vt 1.40620 -0.49220 
vt 1.10150 -0.49220 
vt -0.98160 -2.99360 
vt -0.98160 -1.99360 
vt -1.49070 -2.99360 
vt -1.49070 -1.99360 
vt 1.40620 -0.49220 
vt 1.10150 -0.49220 
vt -1.99990 -0.10590 
vt -1.99990 -0.99140 
vt -1.49990 -0.10590 
vt -1.49990 -0.99140 
vt -1.99990 0.50000 
vt -1.49990 0.50000 
vt -2.00000 0.99990 
vt -1.50000 0.99990 
vt 1.60150 0.57030 
vt 1.89840 0.57030 
vt 1.60150 0.82810 
vt 1.89840 0.82810 
vt 1.10150 -1.00000 
vt 1.40620 -1.00000 
vt 1.10150 -0.10160 
vt 1.40620 -0.10160 
vt 0.00210 1.00060 
vt 0.00210 0.00060 
vt -1.49990 0.99990 
vt -1.99990 0.99990 
vt -1.49990 0.49990 
vt -1.99990 0.49990 
vt -1.99990 -0.10590 
vt -1.49990 -0.10590 
vt -1.99990 -0.99140 
vt -1.49990 -0.99140 
vt 1.40620 -0.49220 
vt 1.10150 -0.49220 
vt -1.99990 -0.10590 
vt -1.99990 -0.99140 
vt -1.49990 -0.10590 
vt -1.49990 -0.99140 
vt -1.99990 0.49990 
vt -1.49990 0.49990 
vt -1.99990 0.99990 
vt -1.49990 0.99990 
vt 1.59370 -0.10160 
vt 1.59370 -0.89850 
vt 1.89840 -0.10160 
vt 1.89840 -0.89850 
vt -1.49990 0.49990 
vt -1.49990 0.99990 
vt -1.99990 0.49990 
vt -1.99990 0.99990 
vt 1.89840 -0.89850 
vt 1.89840 -0.10160 
vt 1.59370 -0.89850 
vt 1.59370 -0.10160 
vt 1.89840 0.10930 
vt 1.60150 0.10930 
vt 1.40620 -1.00000 
vt 1.10150 -1.00000 
vt 1.40620 -0.10160 
vt 1.10150 -0.10160 
vt 1.40620 -0.49220 
vt 1.10150 -0.49220 
vt 1.89840 0.57030 
vt 1.60150 0.57030 
vt 1.40620 -0.10160 
vt 1.10150 -0.10160 
vt 1.40620 -0.49220 
vt 1.10150 -0.49220 
vt 1.60150 0.82810 
vt 1.89840 0.82810 
vt 1.40620 -1.00000 
vt 1.10150 -1.00000 
vt -0.25720 -2.99960 
vt -0.25720 -1.99960 
vt -0.50280 -2.63940 
vt -0.50280 -2.35970 
vt 1.59370 -0.10160 
vt 1.89840 -0.10160 
vt 1.59370 -0.89850 
vt 1.89840 -0.89850 
vt -0.33510 0.00060 
vt -0.33510 1.00060 
vt -0.49950 0.36080 
vt -0.49950 0.64050 
vt -1.49070 -2.99360 
vt -0.98160 -2.99360 
vt -1.49070 -1.99360 
vt -0.98160 -1.99360 
vt 0.00210 1.00060 
vt 0.00210 0.00060 
vt 1.59370 -0.10160 
vt 1.59370 -0.89850 
vt 1.89840 -0.10160 
vt 1.89840 -0.89850 
vt -1.99990 0.99990 
vt -1.99990 0.49990 
vt -1.49990 0.99990 
vt -1.49990 0.50000 
vt -1.99990 0.99990 
vt -1.99990 0.49990 
vt -1.49990 0.99990 
vt -1.49990 0.49990 
vt -1.99990 -0.10590 
vt -1.49990 -0.10590 
vt -1.99990 -0.99140 
vt -1.49990 -0.99140 
vt -1.49990 -0.10590 
vt -1.49990 -0.99140 
vt -1.99990 -0.10590 
vt -1.99990 -0.99140 
vt 1.10150 -0.10160 
vt 1.10150 -1.00000 
vt 1.40620 -0.10160 
vt 1.40620 -1.00000 
vt 1.40620 -0.49220 
vt 1.10150 -0.49220 
vt 1.40620 -0.10160 
vt 1.40620 -0.49220 
vt 1.10150 -0.10160 
vt 1.10150 -0.49220 
vt 1.10150 -1.00000 
vt 1.40620 -1.00000 
vt -1.99990 -0.10590 
vt -1.99990 -0.99140 
vt -1.49990 -0.10590 
vt -1.49990 -0.99140 
vt -1.99990 -0.99140 
vt -1.49990 -0.99140 
vt -1.99990 -0.10590 
vt -1.49990 -0.10590 
vt -1.99990 0.99990 
vt -1.99990 0.49990 
vt -1.49990 0.99990 
vt -1.49990 0.49990 
vt -1.49990 0.49990 
vt -1.49990 0.99990 
vt -1.99990 0.49990 
vt -1.99990 0.99990 
vt 1.89840 -0.10160 
vt 1.59370 -0.10160 
vt 1.89840 -0.89850 
vt 1.59370 -0.89850 
vt -0.33510 1.00060 
vt -0.33510 0.00060 
vt 0.00210 1.00060 
vt 0.00210 0.00060 
vt -1.49070 -1.99360 
vt -1.49070 -2.99360 
vt -0.98160 -1.99360 
vt -0.98160 -2.99360 
vt -0.49950 0.36080 
vt -0.49950 0.64050 
vt 1.59370 -0.10160 
vt 1.89840 -0.10160 
vt 1.59370 -0.89850 
vt 1.89840 -0.89850 
vt -0.25720 -1.99960 
vt -0.50280 -2.35970 
vt -0.25720 -2.99960 
vt -0.50280 -2.63940 
vt 1.89840 0.82810 
vt 1.89840 0.57030 
vt 1.60150 0.82810 
vt 1.60150 0.57030 
vt 1.40620 -0.10160 
vt 1.40620 -1.00000 
vt 1.10150 -0.10160 
vt 1.10150 -1.00000 
vt 1.40620 -0.49220 
vt 1.10150 -0.49220 
vt 1.89840 0.10930 
vt 1.60150 0.10930 
vt 1.40620 -0.10160 
vt 1.10150 -0.10160 
vt 1.40620 -0.49220 
vt 1.10150 -0.49220 
vt 1.40620 -1.00000 
vt 1.10150 -1.00000 
vt 1.89840 0.57030 
vt 1.60150 0.57030 
vt 1.59370 -0.89850 
vt 1.59370 -0.10160 
vt 1.89840 -0.89850 
vt 1.89840 -0.10160 
vt -1.99990 0.99990 
vt -1.99990 0.49990 
vt -1.49990 0.99990 
vt -1.49990 0.49990 
vt 1.89840 -0.10160 
vt 1.59370 -0.10160 
vt 1.89840 -0.89850 
vt 1.59370 -0.89850 
vt -1.99990 0.99990 
vt -1.99990 0.49990 
vt -1.49990 0.99990 
vt -1.49990 0.50000 
vt -1.99990 -0.99140 
vt -1.99990 -0.10590 
vt -1.49990 -0.99140 
vt -1.49990 -0.10590 
vt 1.40620 -0.10160 
vt 1.40620 -0.49220 
vt 1.10150 -0.10160 
vt 1.10150 -0.49220 
vt -1.99990 -0.10590 
vt -1.49990 -0.10590 
vt -1.99990 -0.99140 
vt -1.49990 -0.99140 
vt -1.99990 0.99990 
vt -1.99990 0.49990 
vt -1.49990 0.99990 
vt -1.49990 0.49990 
vt 0.00210 0.00060 
vt 0.00210 1.00060 
vt -0.33510 0.00060 
vt -0.33510 1.00060 
vt 1.89840 0.82810 
vt 1.60150 0.82810 
vt 1.10150 -1.00000 
vt 1.40620 -1.00000 
vt -1.49990 0.49990 
vt -1.49990 0.99990 
vt -1.99990 0.49990 
vt -1.99990 0.99990 
vt -1.99990 -0.10590 
vt -1.99990 -0.99140 
vt -1.49990 -0.10590 
vt -1.49990 -0.99140 
vt 1.40620 -0.10160 
vt 1.10150 -0.10160 
vt 1.40620 -0.49220 
vt 1.10150 -0.49220 
vt -0.98160 -2.99360 
vt -0.98160 -1.99360 
vt -1.49070 -2.99360 
vt -1.49070 -1.99360 
vt 1.89840 0.10930 
vt 1.89840 0.57030 
vt 1.60150 0.10930 
vt 1.60150 0.57030 
vt 1.40620 -0.10160 
vt 1.40620 -0.49220 
vt 1.10150 -0.10160 
vt 1.10150 -0.49220 
vt -1.49990 -0.10590 
vt -1.99990 -0.10590 
vt -1.49990 -0.99140 
vt -1.99990 -0.99140 
vt 1.59370 -0.10160 
vt 1.59370 -0.89850 
vt 1.89840 -0.10160 
vt 1.89840 -0.89850 
vt 1.89840 0.82810 
vt 1.60150 0.82810 
vt 1.40620 -1.00000 
vt 1.10150 -1.00000 
vt 1.40620 -1.00000 
vt 1.10150 -1.00000 
vt 1.40620 -0.10160 
vt 1.40620 -0.49220 
vt 1.10150 -0.10160 
vt 1.10150 -0.49220 
vt -0.49950 0.36080 
vt -0.49950 0.64050 
vt -1.99990 0.49990 
vt -1.49990 0.50000 
vt -1.99990 0.99990 
vt -1.49990 0.99990 
vt 1.89840 -0.89850 
vt 1.59370 -0.89850 
vt 1.89840 -0.10160 
vt 1.59370 -0.10160 
vt 1.89840 0.57030 
vt 1.60150 0.57030 
vt -0.25720 -2.99960 
vt -0.25720 -1.99960 
vt -0.50280 -2.63940 
vt -0.50280 -2.35970 
vt 1.10150 -1.00000 
vt 1.40620 -1.00000 
vt -1.49990 0.99990 
vt -1.99990 0.99990 
vt -1.49990 0.49990 
vt -1.99990 0.49990 
vt -1.99990 -0.99140 
vt -1.49990 -0.99140 
vt -1.99990 -0.10590 
vt -1.49990 -0.10590 
vt 1.40620 -0.10160 
vt 1.10150 -0.10160 
vt 1.40620 -0.49220 
vt 1.10150 -0.49220 
vt -1.99990 -0.10590 
vt -1.99990 -0.99140 
vt -1.49990 -0.10590 
vt -1.49990 -0.99140 
vt 1.89840 0.82810 
vt 1.60150 0.82810 
vt 1.40620 -1.00000 
vt 1.10150 -1.00000 
vt -0.50290 -1.99960 
vt -0.49950 0.00060 
vt -0.50280 -2.99960 
vt -0.49950 1.00060 
vt -0.50280 -2.99960 
vt -0.49950 1.00060 
vt -0.49950 0.00060 
vt -0.50280 -1.99960 
vt -0.50280 -1.99960 
vt -0.49950 0.00060 
vt -0.49950 1.00060 
vt -0.50280 -2.99960 
vt -0.49950 1.00060 
vt -0.50280 -2.99960 
vt -0.49950 0.00060 
vt -0.50280 -1.99960 
vt -1.18190 0.98430 
vt -0.58400 0.98430 
vt -1.18190 1.02920 
vt -0.58400 1.02920 
vt 0.16660 -1.84090 
vt 0.00000 -1.84090 
vt 0.16660 -1.82100 
vt 0.00000 -1.82100 
vt 0.66660 -1.60220 
vt 0.49990 -1.60220 
vt 0.66660 -1.84090 
vt 0.49990 -1.84090 
vt -0.58400 0.49990 
vt -0.58400 -0.00010 
vt 2.18190 0.49990 
vt 2.18190 -0.00010 
vt -0.58400 0.98430 
vt 2.18190 0.98430 
vt -0.58400 0.49990 
vt 2.18190 0.49990 
vt 2.18190 0.98430 
vt -0.58400 -0.00010 
vt 2.18190 -0.00010 
vt -0.17100 2.03900 
vt -0.17100 1.87930 
vt 2.34590 2.03900 
vt 2.34590 1.87930 
vt -0.17100 2.03900 
vt 2.34590 2.03900 
vt 0.49990 -1.60220 
vt 0.66660 -1.60220 
vt 0.66660 -1.52260 
vt 0.66660 -1.52260 
vt 0.49990 -1.52260 
vt 0.49990 -1.52260 
vt 0.99990 -1.64200 
vt 0.87490 -1.48280 
vt 0.83330 -1.52260 
vt 0.74990 -1.48280 
vt 0.66660 -1.52260 
vt 0.62490 -1.48280 
vt 0.49990 -1.52260 
vt 0.49990 -1.48280 
vt 0.00000 -1.64200 
vt 0.16660 -1.64200 
vt 0.12490 -1.48280 
vt 0.24990 -1.48280 
vt 0.33330 -1.52260 
vt 0.37490 -1.48280 
vt -1.18190 1.19530 
vt -1.18190 0.98430 
vt -1.18190 1.19530 
vt -1.27780 2.21090 
vt -1.27780 2.03900 
vt -1.27780 2.21090 
vt -1.27780 2.03900 
vt 1.93660 1.19530 
vt 1.93660 1.19530 
vt 2.34590 2.21090 
vt 2.34590 2.21090 
vt 0.49990 -1.36340 
vt 2.18190 1.19530 
vt 2.18190 1.19530 
vt 0.00000 -1.76130 
vt 0.08330 -1.76130 
vt 0.16660 -1.76130 
vt -1.18190 0.98430 
vt -0.58400 0.98430 
vt -1.18190 1.02920 
vt -0.58400 1.02920 
vt 0.16660 -1.84090 
vt 0.00000 -1.84090 
vt 0.16660 -1.82100 
vt 0.00000 -1.82100 
vt -0.58400 0.49990 
vt 2.18190 0.49990 
vt -0.58400 -0.00010 
vt 2.18190 -0.00010 
vt 2.18190 0.98430 
vt 0.66660 -1.60220 
vt 0.49990 -1.60220 
vt 0.66660 -1.84090 
vt 0.49990 -1.84090 
vt -0.17100 2.03900 
vt 2.34590 2.03900 
vt -0.17100 1.87930 
vt 2.34590 1.87930 
vt -0.58400 0.49990 
vt 2.18190 0.49990 
vt -0.58400 0.98430 
vt 2.18190 0.98430 
vt -0.58400 -0.00010 
vt 2.18190 -0.00010 
vt -0.17100 2.03900 
vt 2.34590 2.03900 
vt 0.16660 -1.64200 
vt 0.33330 -1.52260 
vt 0.24990 -1.48280 
vt 0.37490 -1.48280 
vt 0.49990 -1.52260 
vt 0.49990 -1.48280 
vt 0.49990 -1.52260 
vt 0.49990 -1.52260 
vt 0.49990 -1.60220 
vt 0.66660 -1.60220 
vt 0.66660 -1.52260 
vt 0.00000 -1.64200 
vt 0.12490 -1.48280 
vt 0.66660 -1.52260 
vt 0.62490 -1.48280 
vt 0.66660 -1.52260 
vt 0.83330 -1.52260 
vt 0.74990 -1.48280 
vt 0.99990 -1.64200 
vt 0.87490 -1.48280 
vt -1.18190 1.19530 
vt -1.18190 1.19530 
vt -1.18190 0.98430 
vt -1.27780 2.21090 
vt -1.27780 2.03900 
vt 1.93660 1.19530 
vt -1.27780 2.21090 
vt -1.27780 2.03900 
vt 2.34590 2.21090 
vt 1.93660 1.19530 
vt 2.34590 2.21090 
vt 0.49990 -1.36340 
vt 0.08330 -1.76130 
vt 0.16660 -1.76130 
vt 2.18190 1.19530 
vt 2.18190 1.19530 
vt 0.00000 -1.76130 
vt 0.16660 -1.64200 
vt 0.33330 -1.52260 
vt 0.24990 -1.48280 
vt 0.37490 -1.48280 
vt 0.49990 -1.52260 
vt 0.49990 -1.48280 
vt 0.00000 -1.64200 
vt 0.12490 -1.48280 
vt 0.66660 -1.52260 
vt 0.62490 -1.48280 
vt 0.66660 -1.52260 
vt 0.49990 -1.52260 
vt 0.66660 -1.52260 
vt 0.49990 -1.52260 
vt 0.83330 -1.52260 
vt 0.74990 -1.48280 
vt 0.99990 -1.64200 
vt 0.87490 -1.48280 
vt 0.49990 -1.60220 
vt 0.66660 -1.60220 
vt 0.49990 -1.60220 
vt 0.66660 -1.60220 
vt -0.17100 2.03900 
vt 2.34590 2.03900 
vt -0.17100 1.87930 
vt 2.34590 1.87930 
vt -0.17100 2.03900 
vt 2.34590 2.03900 
vt -0.58400 0.49990 
vt 2.18190 0.49990 
vt -0.58400 -0.00010 
vt 2.18190 -0.00010 
vt -0.58400 0.98430 
vt 2.18190 0.98430 
vt -0.58400 0.49990 
vt 2.18190 0.49990 
vt -0.58400 0.98430 
vt 2.18190 0.98430 
vt -0.58400 -0.00010 
vt 2.18190 -0.00010 
vt 0.66660 -1.84090 
vt 0.49990 -1.84090 
vt 0.16660 -1.84090 
vt 0.00000 -1.84090 
vt 0.16660 -1.82100 
vt 0.00000 -1.82100 
vt -1.18190 0.98430 
vt -1.18190 1.02920 
vt -0.58400 1.02920 
vt 0.08330 -1.76130 
vt 0.16660 -1.76130 
vt 0.00000 -1.76130 
vt 1.93660 1.19530 
vt 2.18190 1.19530 
vt 1.93660 1.19530 
vt 2.18190 1.19530 
vt 2.34590 2.21090 
vt 2.34590 2.21090 
vt 0.24990 -1.48280 
vt 0.37490 -1.48280 
vt 0.49990 -1.36340 
vt 0.49990 -1.48280 
vt 0.62490 -1.48280 
vt -1.27780 2.21090 
vt -1.27780 2.21090 
vt -1.18190 1.19530 
vt -1.18190 1.19530 
vt -1.27780 2.03900 
vt -1.27780 2.03900 
vt -1.18190 0.98430 
vt 0.99990 -1.64200 
vt 0.87490 -1.48280 
vt 0.83330 -1.52260 
vt 0.74990 -1.48280 
vt 0.66660 -1.52260 
vt 0.62490 -1.48280 
vt 0.66660 -1.52260 
vt 0.66660 -1.52260 
vt 0.66660 -1.60220 
vt 0.66660 -1.60220 
vt 0.49990 -1.52260 
vt 0.49990 -1.52260 
vt 0.00000 -1.64200 
vt 0.16660 -1.64200 
vt 0.12490 -1.48280 
vt 0.24990 -1.48280 
vt 0.49990 -1.48280 
vt 0.49990 -1.52260 
vt 0.49990 -1.60220 
vt 0.49990 -1.60220 
vt 0.33330 -1.52260 
vt 0.37490 -1.48280 
vt -0.17100 2.03900 
vt -0.17100 1.87930 
vt 2.34590 2.03900 
vt 2.34590 1.87930 
vt -0.58400 0.49990 
vt -0.58400 -0.00010 
vt 2.18190 0.49990 
vt 2.18190 -0.00010 
vt -0.58400 0.98430 
vt 2.18190 0.98430 
vt -0.17100 2.03900 
vt 2.34590 2.03900 
vt 0.66660 -1.84090 
vt 0.49990 -1.84090 
vt -0.58400 0.49990 
vt -0.58400 0.98430 
vt 2.18190 0.49990 
vt 2.18190 0.98430 
vt -0.58400 -0.00010 
vt 2.18190 -0.00010 
vt 0.16660 -1.84090 
vt 0.00000 -1.84090 
vt 0.16660 -1.82100 
vt 0.00000 -1.82100 
vt -1.18190 0.98430 
vt -1.18190 1.02920 
vt -0.58400 1.02920 
vt 0.00000 -1.76130 
vt 0.08330 -1.76130 
vt 1.93660 1.19530 
vt 2.18190 1.19530 
vt 2.34590 2.21090 
vt 1.93660 1.19530 
vt 2.18190 1.19530 
vt 0.16660 -1.76130 
vt 0.74990 -1.48280 
vt 0.87490 -1.48280 
vt 0.49990 -1.36340 
vt 0.62490 -1.48280 
vt 0.12490 -1.48280 
vt 0.24990 -1.48280 
vt 0.49990 -1.48280 
vt 2.34590 2.21090 
vt 0.37490 -1.48280 
vt -1.27780 2.21090 
vt -1.18190 1.19530 
vt -1.27780 2.21090 
vt -1.27780 2.03900 
vt -1.18190 1.19530 
vt -1.27780 2.03900 
vt -1.18190 0.98430 
vt 1.50760 -0.99990 
vt 1.99190 -0.99990 
vt 1.50760 0.00010 
vt 1.99190 0.00010 
vt 1.50760 -0.99990 
vt 1.99190 -0.99990 
vt 1.50760 0.00010 
vt 1.99190 0.00010 
vt 1.50760 -0.99990 
vt 1.99190 -0.99990 
vt 1.50760 0.00010 
vt 1.99190 0.00010 
vt 1.50760 -0.99990 
vt 1.99190 -0.99990 
vt 1.50760 0.00010 
vt 1.99190 0.00010 
vt 1.50760 -0.99990 
vt 1.99190 -0.99990 
vt 1.50760 0.00010 
vt 1.99190 0.00010 
vt 1.50760 -0.99990 
vt 1.99190 -0.99990 
vt 1.50760 0.00010 
vt 1.99190 0.00010 
vt 1.50760 -0.99990 
vt 1.99190 -0.99990 
vt 1.50760 0.00010 
vt 1.99190 0.00010 
vt 1.50760 -0.99990 
vt 1.99190 -0.99990 
vt 1.50760 0.00010 
vt 1.99190 0.00010 
vt 1.99990 1.49990 
vt 2.21870 1.00000 
vt 2.51560 1.49990 
vt 2.21870 1.99990 
vt 1.99990 1.49990 
vt 2.21870 1.99990 
vt 2.21870 1.00000 
vt 1.99990 1.49990 
vt 2.21870 1.00000 
vt 2.21870 1.99990 
vt 1.99990 1.49990 
vt 2.21870 1.99990 
vt 2.21870 1.00000 
vt 2.21870 1.99990 
vt 1.99990 1.49990 
vt 2.51560 1.49990 
vt 1.99990 1.49990 
vt 2.21870 1.00000 
vt 2.21870 1.00000 
vt 2.21870 1.99990 
vt 2.21870 1.99990 
vt 1.99990 1.49990 
vt 1.99990 1.49990 
vt 2.21870 1.00000 
vt 2.21870 1.00000 
vt 2.21870 1.99990 
vt 1.50760 -0.99990 
vt 1.99190 -0.99990 
vt 1.50760 0.00010 
vt 1.99190 0.00010 
vt 1.50760 -0.99990 
vt 1.99190 -0.99990 
vt 1.50760 0.00010 
vt 1.99190 0.00010 
vt 1.50760 -0.99990 
vt 1.99190 -0.99990 
vt 1.50760 0.00010 
vt 1.99190 0.00010 
vt 1.50760 -0.99990 
vt 1.99190 -0.99990 
vt 1.50760 0.00010 
vt 1.99190 0.00010 
vt 1.50760 -0.99990 
vt 1.99190 -0.99990 
vt 1.50760 0.00010 
vt 1.99190 0.00010 
vt 1.50760 -0.99990 
vt 1.99190 -0.99990 
vt 1.50760 0.00010 
vt 1.99190 0.00010 
vt 1.50760 -0.99990 
vt 1.99190 -0.99990 
vt 1.50760 0.00010 
vt 1.99190 0.00010 
vt 1.50760 -0.99990 
vt 1.99190 -0.99990 
vt 1.50760 0.00010 
vt 1.99190 0.00010 
vt 2.21870 1.99990 
vt 1.99990 1.49990 
vt 2.51560 1.49990 
vt 1.99990 1.49990 
vt 2.21870 1.00000 
vt 2.21870 1.00000 
vt 2.21870 1.99990 
vt 1.99990 1.49990 
vt 2.21870 1.00000 
vt 2.51560 1.49990 
vt 2.21870 1.99990 
vt 1.99990 1.49990 
vt 2.21870 1.99990 
vt 2.21870 1.00000 
vt 2.21870 1.99990 
vt 1.99990 1.49990 
vt 1.99990 1.49990 
vt 2.21870 1.00000 
vt 2.21870 1.00000 
vt 2.21870 1.99990 
vt 1.99990 1.49990 
vt 2.21870 1.00000 
vt 2.21870 1.99990 
vt 1.99990 1.49990 
vt 2.21870 1.99990 
vt 2.21870 1.00000 
vt 1.50760 -0.99990 
vt 1.99190 -0.99990 
vt 1.50760 0.00010 
vt 1.99190 0.00010 
vt 1.50760 -0.99990 
vt 1.99190 -0.99990 
vt 1.50760 0.00010 
vt 1.99190 0.00010 
vt 1.50760 -0.99990 
vt 1.99190 -0.99990 
vt 1.50760 0.00010 
vt 1.99190 0.00010 
vt 1.50760 -0.99990 
vt 1.99190 -0.99990 
vt 1.50760 0.00010 
vt 1.99190 0.00010 
vt 1.50760 -0.99990 
vt 1.99190 -0.99990 
vt 1.50760 0.00010 
vt 1.99190 0.00010 
vt 1.50760 -0.99990 
vt 1.99190 -0.99990 
vt 1.50760 0.00010 
vt 1.99190 0.00010 
vt 1.50760 -0.99990 
vt 1.99190 -0.99990 
vt 1.50760 0.00010 
vt 1.99190 0.00010 
vt 1.50760 -0.99990 
vt 1.99190 -0.99990 
vt 1.50760 0.00010 
vt 1.99190 0.00010 
vt 1.99990 1.49990 
vt 2.21870 1.00000 
vt 2.51560 1.49990 
vt 2.21870 1.99990 
vt 1.99990 1.49990 
vt 2.21870 1.99990 
vt 2.21870 1.00000 
vt 1.99990 1.49990 
vt 2.21870 1.00000 
vt 2.21870 1.99990 
vt 1.99990 1.49990 
vt 2.21870 1.99990 
vt 2.21870 1.00000 
vt 2.21870 1.99990 
vt 1.99990 1.49990 
vt 2.51560 1.49990 
vt 1.99990 1.49990 
vt 2.21870 1.00000 
vt 2.21870 1.00000 
vt 2.21870 1.99990 
vt 2.21870 1.99990 
vt 1.99990 1.49990 
vt 1.99990 1.49990 
vt 2.21870 1.00000 
vt 2.21870 1.00000 
vt 2.21870 1.99990 
vt 1.50760 -0.99990 
vt 1.99190 -0.99990 
vt 1.50760 0.00010 
vt 1.99190 0.00010 
vt 1.50760 -0.99990 
vt 1.99190 -0.99990 
vt 1.50760 0.00010 
vt 1.99190 0.00010 
vt 1.50760 -0.99990 
vt 1.99190 -0.99990 
vt 1.50760 0.00010 
vt 1.99190 0.00010 
vt 1.50760 -0.99990 
vt 1.99190 -0.99990 
vt 1.50760 0.00010 
vt 1.99190 0.00010 
vt 1.50760 -0.99990 
vt 1.99190 -0.99990 
vt 1.50760 0.00010 
vt 1.99190 0.00010 
vt 1.50760 -0.99990 
vt 1.99190 -0.99990 
vt 1.50760 0.00010 
vt 1.99190 0.00010 
vt 1.50760 -0.99990 
vt 1.99190 -0.99990 
vt 1.50760 0.00010 
vt 1.99190 0.00010 
vt 1.50760 -0.99990 
vt 1.99190 -0.99990 
vt 1.50760 0.00010 
vt 1.99190 0.00010 
vt 2.21870 1.99990 
vt 1.99990 1.49990 
vt 2.51560 1.49990 
vt 1.99990 1.49990 
vt 2.21870 1.00000 
vt 2.21870 1.00000 
vt 2.21870 1.99990 
vt 1.99990 1.49990 
vt 2.21870 1.00000 
vt 2.51560 1.49990 
vt 2.21870 1.99990 
vt 1.99990 1.49990 
vt 2.21870 1.99990 
vt 2.21870 1.00000 
vt 2.21870 1.99990 
vt 1.99990 1.49990 
vt 1.99990 1.49990 
vt 2.21870 1.00000 
vt 2.21870 1.00000 
vt 2.21870 1.99990 
vt 1.99990 1.49990 
vt 2.21870 1.00000 
vt 2.21870 1.99990 
vt 1.99990 1.49990 
vt 2.21870 1.99990 
vt 2.21870 1.00000 
vt 0.00000 -3.00030 
vt 0.00000 0.00010 
vt 0.49210 -2.67760 
vt 0.49210 -0.32260 
vt 2.09990 1.02920 
vt 2.09990 2.87700 
vt 2.49530 1.26120 
vt 2.49530 2.64500 
vt 0.99990 -3.09340 
vt 0.99990 0.99990 
vt 1.49990 -2.64830 
vt 1.49990 0.55480 
vt 0.99990 -3.00780 
vt 1.49990 -2.56270 
vt 0.99990 1.00000 
vt 1.49990 0.55500 
vt -0.49990 1.10080 
vt -0.49990 1.99510 
vt 0.49990 1.10080 
vt 0.49990 1.99510 
vt -0.49990 1.10080 
vt 0.49990 1.10080 
vt 2.09750 0.47230 
vt 2.09750 -2.64790 
vt 2.49690 -0.09960 
vt 2.49690 -2.07600 
vt 2.09750 0.47230 
vt 2.49690 -0.09960 
vt 2.09750 -2.64790 
vt 2.49690 -2.07600 
vt 2.09990 2.87700 
vt 2.09990 1.02920 
vt 2.49530 2.64500 
vt 2.49530 1.26120 
vt 0.00000 -0.03110 
vt 0.00000 -3.03140 
vt 0.49210 -0.35370 
vt 0.49210 -2.70870 
vt 0.00000 0.00010 
vt 0.49210 -0.32260 
vt 0.00000 -3.00030 
vt 0.49210 -2.67760 
vt 2.09990 1.02920 
vt 2.09990 2.87700 
vt 2.49530 1.26120 
vt 2.49530 2.64500 
vt 0.99990 -3.09340 
vt 0.99990 0.99990 
vt 1.49990 -2.64830 
vt 1.49990 0.55480 
vt 0.99990 -3.00780 
vt 1.49990 -2.56270 
vt 0.99990 1.00000 
vt 1.49990 0.55500 
vt 2.09750 0.47230 
vt 2.09750 -2.64790 
vt 2.49690 -0.09960 
vt 2.49690 -2.07600 
vt -0.49990 1.10080 
vt -0.49990 1.99510 
vt 0.49990 1.10080 
vt 0.49990 1.99510 
vt -0.49990 1.10080 
vt 0.49990 1.10080 
vt 2.09750 -2.64790 
vt 2.09750 0.47230 
vt 2.49690 -2.07600 
vt 2.49690 -0.09960 
vt 2.09990 2.87700 
vt 2.09990 1.02920 
vt 2.49530 2.64500 
vt 2.49530 1.26120 
vt 0.00000 -3.03140 
vt 0.49210 -2.70870 
vt 0.00000 -0.03110 
vt 0.49210 -0.35370 
vt 0.00000 -3.00030 
vt 0.00000 0.00010 
vt 0.49210 -2.67760 
vt 0.49210 -0.32260 
vt 2.09990 1.02920 
vt 2.09990 2.87700 
vt 2.49530 1.26120 
vt 2.49530 2.64500 
vt 0.99990 -3.09340 
vt 0.99990 0.99990 
vt 1.49990 -2.64830 
vt 1.49990 0.55480 
vt 0.99990 -3.00780 
vt 1.49990 -2.56270 
vt 0.99990 1.00000 
vt 1.49990 0.55500 
vt -0.49990 1.10080 
vt -0.49990 1.99510 
vt 0.49990 1.10080 
vt 0.49990 1.99510 
vt -0.49990 1.10080 
vt 0.49990 1.10080 
vt 2.09750 0.47230 
vt 2.09750 -2.64790 
vt 2.49690 -0.09960 
vt 2.49690 -2.07600 
vt 2.09750 0.47230 
vt 2.49690 -0.09960 
vt 2.09750 -2.64790 
vt 2.49690 -2.07600 
vt 2.09990 2.87700 
vt 2.09990 1.02920 
vt 2.49530 2.64500 
vt 2.49530 1.26120 
vt 0.00000 -0.03110 
vt 0.00000 -3.03140 
vt 0.49210 -0.35370 
vt 0.49210 -2.70870 
vt 0.00000 -3.00030 
vt 0.00000 0.00010 
vt 0.49210 -2.67760 
vt 0.49210 -0.32260 
vt 2.09990 1.02920 
vt 2.09990 2.87700 
vt 2.49530 1.26120 
vt 2.49530 2.64500 
vt 0.99990 0.99990 
vt 1.49990 0.55480 
vt 0.99990 -3.09340 
vt 1.49990 -2.64830 
vt 0.99990 1.00000 
vt 0.99990 -3.00780 
vt 1.49990 0.55500 
vt 1.49990 -2.56270 
vt -0.49990 1.10080 
vt -0.49990 1.99510 
vt 0.49990 1.10080 
vt 0.49990 1.99510 
vt -0.49990 1.10080 
vt 0.49990 1.10080 
vt 2.09750 -2.64790 
vt 2.49690 -2.07600 
vt 2.09750 0.47230 
vt 2.49690 -0.09960 
vt 2.09750 -2.64790 
vt 2.09750 0.47230 
vt 2.49690 -2.07600 
vt 2.49690 -0.09960 
vt 2.09990 2.87700 
vt 2.09990 1.02920 
vt 2.49530 2.64500 
vt 2.49530 1.26120 
vt 0.00000 -0.03110 
vt 0.00000 -3.03140 
vt 0.49210 -0.35370 
vt 0.49210 -2.70870 
vt 0.00000 -3.00030 
vt 0.00000 0.00010 
vt 0.49210 -2.67760 
vt 0.49210 -0.32260 
vt 2.09990 1.02920 
vt 2.09990 2.87700 
vt 2.49530 1.26120 
vt 2.49530 2.64500 
vt 0.99990 -3.09340 
vt 0.99990 0.99990 
vt 1.49990 -2.64830 
vt 1.49990 0.55480 
vt 0.99990 -3.00780 
vt 1.49990 -2.56270 
vt 0.99990 1.00000 
vt 1.49990 0.55500 
vt 2.09750 0.47230 
vt 2.09750 -2.64790 
vt 2.49690 -0.09960 
vt 2.49690 -2.07600 
vt 2.09750 0.47230 
vt 2.49690 -0.09960 
vt 2.09750 -2.64790 
vt 2.49690 -2.07600 
vt -0.49990 1.10080 
vt -0.49990 1.99510 
vt 0.49990 1.10080 
vt 0.49990 1.99510 
vt -0.49990 1.10080 
vt 0.49990 1.10080 
vt 0.00000 -3.03140 
vt 0.49210 -2.70870 
vt 0.00000 -0.03110 
vt 0.49210 -0.35370 
vt 2.09990 2.87700 
vt 2.09990 1.02920 
vt 2.49530 2.64500 
vt 2.49530 1.26120 
vt 0.00000 -3.00030 
vt 0.00000 0.00010 
vt 0.49210 -2.67760 
vt 0.49210 -0.32260 
vt 2.09990 1.02920 
vt 2.09990 2.87700 
vt 2.49530 1.26120 
vt 2.49530 2.64500 
vt 0.99990 -3.09340 
vt 0.99990 0.99990 
vt 1.49990 -2.64830 
vt 1.49990 0.55480 
vt 0.99990 -3.00780 
vt 1.49990 -2.56270 
vt 0.99990 1.00000 
vt 1.49990 0.55500 
vt 2.09750 0.47230 
vt 2.09750 -2.64790 
vt 2.49690 -0.09960 
vt 2.49690 -2.07600 
vt -0.49990 1.10080 
vt -0.49990 1.99510 
vt 0.49990 1.10080 
vt 0.49990 1.99510 
vt -0.49990 1.10080 
vt 0.49990 1.10080 
vt 2.09750 0.47230 
vt 2.49690 -0.09960 
vt 2.09750 -2.64790 
vt 2.49690 -2.07600 
vt 2.09990 2.87700 
vt 2.09990 1.02920 
vt 2.49530 2.64500 
vt 2.49530 1.26120 
vt 0.00000 -3.03140 
vt 0.49210 -2.70870 
vt 0.00000 -0.03110 
vt 0.49210 -0.35370 
vt 0.99990 1.00000 
vt 0.99990 1.99990 
vt 1.99990 1.00000 
vt 1.99990 1.99990 
vt -0.00410 1.35930 
vt -0.00410 1.73430 
vt 0.99850 1.35930 
vt 0.99850 1.73430 
vt 0.58330 2.99990 
vt 0.58330 3.99990 
vt 0.99990 2.99990 
vt 0.99990 3.99990 
vt -0.00410 0.99220 
vt 0.99850 0.99220 
vt -0.00410 2.00780 
vt 0.99850 2.00780 
vt 0.99990 4.99990 
vt 0.49990 4.99990 
vt 0.49990 1.99990 
vt -0.00410 1.35930 
vt 0.99850 1.35930 
vt -0.00410 1.73430 
vt 0.99850 1.73430 
vt 0.41660 3.99990 
vt 0.41660 2.99990 
vt 0.00000 2.99990 
vt 0.00000 3.99990 
vt -0.00410 1.35930 
vt -0.00410 1.73430 
vt 0.99850 1.35930 
vt 0.99850 1.73430 
vt 0.00000 1.99990 
vt 0.00000 4.99990 
vt -0.00410 0.99220 
vt 0.99850 0.99220 
vt -0.00410 2.00780 
vt 0.99850 2.00780 
vt -0.00410 1.35930 
vt 0.99850 1.35930 
vt -0.00410 1.73430 
vt 0.99850 1.73430 
vt -0.99990 1.00000 
vt -0.99990 1.99990 
vt 0.00000 1.00000 
vt 0.99990 1.00000 
vt 0.99990 1.99990 
vt 1.99990 1.00000 
vt 1.99990 1.99990 
vt -0.00410 1.35930 
vt -0.00410 1.73430 
vt 0.99850 1.35930 
vt 0.99850 1.73430 
vt 0.58330 2.99990 
vt 0.58330 3.99990 
vt 0.99990 2.99990 
vt 0.99990 3.99990 
vt -0.00410 0.99220 
vt 0.99850 0.99220 
vt -0.00410 2.00780 
vt 0.99850 2.00780 
vt 0.99990 4.99990 
vt 0.49990 4.99990 
vt 0.49990 1.99990 
vt -0.00410 1.35930 
vt 0.99850 1.35930 
vt -0.00410 1.73430 
vt 0.99850 1.73430 
vt 0.41660 3.99990 
vt 0.41660 2.99990 
vt 0.00000 2.99990 
vt 0.00000 3.99990 
vt -0.00410 1.35930 
vt -0.00410 1.73430 
vt 0.99850 1.35930 
vt 0.99850 1.73430 
vt 0.00000 4.99990 
vt 0.00000 1.99990 
vt -0.00410 0.99220 
vt 0.99850 0.99220 
vt -0.00410 2.00780 
vt 0.99850 2.00780 
vt -0.00410 1.35930 
vt 0.99850 1.35930 
vt -0.00410 1.73430 
vt 0.99850 1.73430 
vt -0.99990 1.00000 
vt -0.99990 1.99990 
vt 0.00000 1.00000 
vt 0.58330 2.99990 
vt 0.58330 3.99990 
vt 0.99990 2.99990 
vt 0.99990 3.99990 
vt 0.99990 1.00000 
vt 0.99990 1.99990 
vt 1.99990 1.00000 
vt 1.99990 1.99990 
vt 0.99990 4.99990 
vt 0.49990 4.99990 
vt 0.49990 1.99990 
vt 0.00000 2.99990 
vt 0.00000 3.99990 
vt 0.41660 2.99990 
vt 0.41660 3.99990 
vt -0.00410 1.35930 
vt -0.00410 1.73430 
vt 0.99850 1.35930 
vt 0.99850 1.73430 
vt -0.00410 0.99220 
vt 0.99850 0.99220 
vt -0.00410 2.00780 
vt 0.99850 2.00780 
vt -0.00410 1.73430 
vt 0.99850 1.73430 
vt -0.00410 1.35930 
vt 0.99850 1.35930 
vt 0.00000 4.99990 
vt 0.00000 1.99990 
vt -0.99990 1.00000 
vt -0.99990 1.99990 
vt 0.00000 1.00000 
vt -0.00410 1.35930 
vt -0.00410 1.73430 
vt 0.99850 1.35930 
vt 0.99850 1.73430 
vt -0.00410 0.99220 
vt 0.99850 0.99220 
vt -0.00410 2.00780 
vt 0.99850 2.00780 
vt -0.00410 1.35930 
vt 0.99850 1.35930 
vt -0.00410 1.73430 
vt 0.99850 1.73430 
vt 0.58330 2.99990 
vt 0.58330 3.99990 
vt 0.99990 2.99990 
vt 0.99990 3.99990 
vt 0.99990 1.00000 
vt 0.99990 1.99990 
vt 1.99990 1.00000 
vt 1.99990 1.99990 
vt 0.99990 4.99990 
vt 0.49990 4.99990 
vt 0.49990 1.99990 
vt 0.00000 2.99990 
vt 0.00000 3.99990 
vt 0.41660 2.99990 
vt 0.41660 3.99990 
vt -0.00410 1.35930 
vt -0.00410 1.73430 
vt 0.99850 1.35930 
vt 0.99850 1.73430 
vt -0.00410 0.99220 
vt 0.99850 0.99220 
vt -0.00410 2.00780 
vt 0.99850 2.00780 
vt -0.00410 1.35930 
vt 0.99850 1.35930 
vt -0.00410 1.73430 
vt 0.99850 1.73430 
vt 0.00000 4.99990 
vt 0.00000 1.99990 
vt -0.99990 1.00000 
vt -0.99990 1.99990 
vt 0.00000 1.00000 
vt -0.00410 1.35930 
vt -0.00410 1.73430 
vt 0.99850 1.35930 
vt 0.99850 1.73430 
vt -0.00410 0.99220 
vt 0.99850 0.99220 
vt -0.00410 2.00780 
vt 0.99850 2.00780 
vt -0.00410 1.35930 
vt 0.99850 1.35930 
vt -0.00410 1.73430 
vt 0.99850 1.73430 
vt 0.58330 2.99990 
vt 0.58330 3.99990 
vt 0.99990 2.99990 
vt 0.99990 3.99990 
vt 0.99990 1.00000 
vt 0.99990 1.99990 
vt 1.99990 1.00000 
vt 1.99990 1.99990 
vt 0.00000 2.99990 
vt 0.00000 3.99990 
vt 0.41660 2.99990 
vt 0.41660 3.99990 
vt 0.99990 4.99990 
vt 0.49990 4.99990 
vt 0.49990 1.99990 
vt -0.00410 1.35930 
vt -0.00410 1.73430 
vt 0.99850 1.35930 
vt 0.99850 1.73430 
vt -0.00410 0.99220 
vt 0.99850 0.99220 
vt -0.00410 2.00780 
vt 0.99850 2.00780 
vt 0.00000 1.99990 
vt 0.00000 4.99990 
vt -0.00410 1.73430 
vt 0.99850 1.73430 
vt -0.00410 1.35930 
vt 0.99850 1.35930 
vt -0.99990 1.00000 
vt -0.99990 1.99990 
vt 0.00000 1.00000 
vt -0.00410 1.35930 
vt -0.00410 1.73430 
vt 0.99850 1.35930 
vt 0.99850 1.73430 
vt -0.00410 0.99220 
vt 0.99850 0.99220 
vt -0.00410 2.00780 
vt 0.99850 2.00780 
vt -0.00410 1.35930 
vt 0.99850 1.35930 
vt -0.00410 1.73430 
vt 0.99850 1.73430 
vt 0.58330 2.99990 
vt 0.58330 3.99990 
vt 0.99990 2.99990 
vt 0.99990 3.99990 
vt 0.99990 1.00000 
vt 0.99990 1.99990 
vt 1.99990 1.00000 
vt 1.99990 1.99990 
vt 0.00000 2.99990 
vt 0.00000 3.99990 
vt 0.41660 2.99990 
vt 0.41660 3.99990 
vt 0.99990 4.99990 
vt 0.49990 4.99990 
vt 0.49990 1.99990 
vt -0.00410 1.35930 
vt -0.00410 1.73430 
vt 0.99850 1.35930 
vt 0.99850 1.73430 
vt -0.00410 0.99220 
vt 0.99850 0.99220 
vt -0.00410 2.00780 
vt 0.99850 2.00780 
vt 0.00000 4.99990 
vt 0.00000 1.99990 
vt -0.00410 1.73430 
vt 0.99850 1.73430 
vt -0.00410 1.35930 
vt 0.99850 1.35930 
vt -0.99990 1.00000 
vt -0.99990 1.99990 
vt 0.00000 1.00000 
vt -0.00410 1.35930 
vt -0.00410 1.73430 
vt 0.99850 1.35930 
vt 0.99850 1.73430 
vt -0.00410 0.99220 
vt 0.99850 0.99220 
vt -0.00410 2.00780 
vt 0.99850 2.00780 
vt -0.00410 1.35930 
vt 0.99850 1.35930 
vt -0.00410 1.73430 
vt 0.99850 1.73430 
vt 0.00000 -1.87670 
vt 0.99990 -1.87670 
vt 0.00000 -1.99990 
vt 0.99990 -1.99990 
vt 0.99990 -0.99990 
vt 0.00000 -0.99990 
vt 1.99990 -1.87670 
vt 1.99990 -1.99990 
vt -0.99990 -1.87670 
vt -0.99990 -1.99990 
vt 1.99990 -0.99990 
vt -0.99990 -0.99990 
vt 0.99990 -1.87670 
vt 0.99990 -1.99990 
vt 0.00000 -1.87670 
vt 0.00000 -1.99990 
vt 0.99990 -0.99990 
vt 0.00000 -0.99990 
vt 0.00000 -1.87670 
vt 0.99990 -1.87670 
vt 0.00000 -1.99990 
vt 0.99990 -1.99990 
vt 0.99990 -0.99990 
vt 0.00000 -0.99990 
vt 1.99990 -1.87670 
vt 1.99990 -1.99990 
vt -0.99990 -1.87670 
vt -0.99990 -1.99990 
vt 1.99990 -0.99990 
vt -0.99990 -0.99990 
vt 0.99990 -1.87670 
vt 0.99990 -1.99990 
vt 0.00000 -1.87670 
vt 0.00000 -1.99990 
vt 0.99990 -0.99990 
vt 0.00000 -0.99990 
vt 0.99990 -0.99990 
vt 0.00000 -0.99990 
vt 0.49990 -0.23430 
vt 1.99990 -0.99990 
vt -0.99990 -0.99990 
vt 0.99990 -0.99990 
vt 0.00000 -0.99990 
vt 0.99990 -0.99990 
vt 0.00000 -0.99990 
vt 0.49990 -0.23430 
vt 1.99990 -0.99990 
vt -0.99990 -0.99990 
vt 0.99990 -0.99990 
vt 0.00000 -0.99990 
vt 0.00000 -1.87670 
vt 0.99990 -1.87670 
vt 0.00000 -1.99990 
vt 0.99990 -1.99990 
vt 0.99990 -0.99990 
vt 0.00000 -0.99990 
vt 1.99990 -1.87670 
vt 1.99990 -1.99990 
vt -0.99990 -1.87670 
vt -0.99990 -1.99990 
vt 1.99990 -0.99990 
vt -0.99990 -0.99990 
vt 0.99990 -1.87670 
vt 0.99990 -1.99990 
vt 0.00000 -1.87670 
vt 0.00000 -1.99990 
vt 0.99990 -0.99990 
vt 0.00000 -0.99990 
vt 0.00000 -1.87670 
vt 0.99990 -1.87670 
vt 0.00000 -1.99990 
vt 0.99990 -1.99990 
vt 0.99990 -0.99990 
vt 0.00000 -0.99990 
vt 1.99990 -1.87670 
vt 1.99990 -1.99990 
vt -0.99990 -1.87670 
vt -0.99990 -1.99990 
vt 1.99990 -0.99990 
vt -0.99990 -0.99990 
vt 0.99990 -1.87670 
vt 0.99990 -1.99990 
vt 0.00000 -1.87670 
vt 0.00000 -1.99990 
vt 0.99990 -0.99990 
vt 0.00000 -0.99990 
vt 0.99990 -0.99990 
vt 0.00000 -0.99990 
vt 0.49990 -0.23430 
vt 1.99990 -0.99990 
vt -0.99990 -0.99990 
vt 0.99990 -0.99990 
vt 0.00000 -0.99990 
vt 0.99990 -0.99990 
vt 0.00000 -0.99990 
vt 0.49990 -0.23430 
vt 1.99990 -0.99990 
vt -0.99990 -0.99990 
vt 0.99990 -0.99990 
vt 0.00000 -0.99990 
vt 0.00000 -1.87670 
vt 0.99990 -1.87670 
vt 0.00000 -1.99990 
vt 0.99990 -1.99990 
vt 1.99990 -1.87670 
vt 1.99990 -1.99990 
vt -0.99990 -1.87670 
vt -0.99990 -1.99990 
vt 0.99990 -1.87670 
vt 0.99990 -1.99990 
vt 0.00000 -1.87670 
vt 0.00000 -1.99990 
vt 0.99990 -0.99990 
vt 0.00000 -0.99990 
vt 1.99990 -0.99990 
vt -0.99990 -0.99990 
vt 0.99990 -0.99990 
vt 0.00000 -0.99990 
vt 0.00000 -1.87670 
vt 0.99990 -1.87670 
vt 0.00000 -1.99990 
vt 0.99990 -1.99990 
vt 1.99990 -1.87670 
vt 1.99990 -1.99990 
vt -0.99990 -1.87670 
vt -0.99990 -1.99990 
vt 0.99990 -1.87670 
vt 0.99990 -1.99990 
vt 0.00000 -1.87670 
vt 0.00000 -1.99990 
vt 0.99990 -0.99990 
vt 0.00000 -0.99990 
vt 1.99990 -0.99990 
vt -0.99990 -0.99990 
vt 0.99990 -0.99990 
vt 0.00000 -0.99990 
vt 0.99990 -0.99990 
vt 0.00000 -0.99990 
vt 0.49990 -0.23430 
vt 1.99990 -0.99990 
vt -0.99990 -0.99990 
vt 0.99990 -0.99990 
vt 0.00000 -0.99990 
vt 0.99990 -0.99990 
vt 0.00000 -0.99990 
vt 0.49990 -0.23430 
vt 1.99990 -0.99990 
vt -0.99990 -0.99990 
vt 0.99990 -0.99990 
vt 0.00000 -0.99990 
vt 0.00000 -1.87670 
vt 0.99990 -1.87670 
vt 0.00000 -1.99990 
vt 0.99990 -1.99990 
vt 1.99990 -1.87670 
vt 1.99990 -1.99990 
vt -0.99990 -1.87670 
vt -0.99990 -1.99990 
vt 0.99990 -1.87670 
vt 0.99990 -1.99990 
vt 0.00000 -1.87670 
vt 0.00000 -1.99990 
vt 0.99990 -0.99990 
vt 0.00000 -0.99990 
vt 1.99990 -0.99990 
vt -0.99990 -0.99990 
vt 0.99990 -0.99990 
vt 0.00000 -0.99990 
vt 0.00000 -1.87670 
vt 0.99990 -1.87670 
vt 0.00000 -1.99990 
vt 0.99990 -1.99990 
vt 1.99990 -1.87670 
vt 1.99990 -1.99990 
vt -0.99990 -1.87670 
vt -0.99990 -1.99990 
vt 0.99990 -1.87670 
vt 0.99990 -1.99990 
vt 0.00000 -1.87670 
vt 0.00000 -1.99990 
vt 0.99990 -0.99990 
vt 0.00000 -0.99990 
vt 1.99990 -0.99990 
vt -0.99990 -0.99990 
vt 0.99990 -0.99990 
vt 0.00000 -0.99990 
vt 0.99990 -0.99990 
vt 0.00000 -0.99990 
vt 0.49990 -0.23430 
vt -0.99990 -0.99990 
vt 0.99990 -0.99990 
vt 0.00000 -0.99990 
vt 0.49990 -0.23430 
vt 1.99990 -0.99990 
vt -0.99990 -0.99990 
vt 0.99990 -0.99990 
vt 0.00000 -0.99990 
vt 0.00000 -1.87670 
vt 0.99990 -1.87670 
vt 0.00000 -1.99990 
vt 0.99990 -1.99990 
vt 1.99990 -1.87670 
vt 1.99990 -1.99990 
vt -0.99990 -1.87670 
vt -0.99990 -1.99990 
vt 0.99990 -1.87670 
vt 0.99990 -1.99990 
vt 0.00000 -1.87670 
vt 0.00000 -1.99990 
vt 0.99990 -0.99990 
vt 0.00000 -0.99990 
vt 1.99990 -0.99990 
vt -0.99990 -0.99990 
vt 0.99990 -0.99990 
vt 0.00000 -0.99990 
vt 0.00000 -1.87670 
vt 0.99990 -1.87670 
vt 0.00000 -1.99990 
vt 0.99990 -1.99990 
vt 1.99990 -1.87670 
vt 1.99990 -1.99990 
vt -0.99990 -1.87670 
vt -0.99990 -1.99990 
vt 0.99990 -1.87670 
vt 0.99990 -1.99990 
vt 0.00000 -1.87670 
vt 0.00000 -1.99990 
vt 0.99990 -0.99990 
vt 0.00000 -0.99990 
vt 1.99990 -0.99990 
vt -0.99990 -0.99990 
vt 0.99990 -0.99990 
vt 0.00000 -0.99990 
vt 0.99990 -0.99990 
vt 0.00000 -0.99990 
vt 0.49990 -0.23430 
vt 1.99990 -0.99990 
vt -0.99990 -0.99990 
vt 0.99990 -0.99990 
vt 0.00000 -0.99990 
vt 0.99990 -0.99990 
vt 0.00000 -0.99990 
vt 0.49990 -0.23430 
vt 1.99990 -0.99990 
vt -0.99990 -0.99990 
vt 0.99990 -0.99990 
vt 0.00000 -0.99990 
vt 0.00000 -1.87670 
vt 0.99990 -1.87670 
vt 0.00000 -1.99990 
vt 0.99990 -1.99990 
vt -0.99990 -1.87670 
vt -0.99990 -1.99990 
vt 1.99990 -1.87670 
vt 1.99990 -1.99990 
vt 0.99990 -1.87670 
vt 0.99990 -1.99990 
vt 0.00000 -1.87670 
vt 0.00000 -1.99990 
vt 0.99990 -0.99990 
vt 0.00000 -0.99990 
vt 1.99990 -0.99990 
vt -0.99990 -0.99990 
vt 0.99990 -0.99990 
vt 0.00000 -0.99990 
vt 0.00000 -1.87670 
vt 0.99990 -1.87670 
vt 0.00000 -1.99990 
vt 0.99990 -1.99990 
vt 1.99990 -1.87670 
vt 1.99990 -1.99990 
vt -0.99990 -1.87670 
vt -0.99990 -1.99990 
vt 0.99990 -1.87670 
vt 0.99990 -1.99990 
vt 0.00000 -1.87670 
vt 0.00000 -1.99990 
vt 0.99990 -0.99990 
vt 0.00000 -0.99990 
vt 1.99990 -0.99990 
vt -0.99990 -0.99990 
vt 0.99990 -0.99990 
vt 0.00000 -0.99990 
vt 0.99990 -0.99990 
vt 0.00000 -0.99990 
vt 0.49990 -0.23430 
vt 1.99990 -0.99990 
vt -0.99990 -0.99990 
vt 0.99990 -0.99990 
vt 0.00000 -0.99990 
vt 0.99990 -0.99990 
vt 0.00000 -0.99990 
vt 0.49990 -0.23430 
vt 1.99990 -0.99990 
vt -0.99990 -0.99990 
vt 0.99990 -0.99990 
vt 0.00000 -0.99990 

s 1

g Object_2

usemtl texture0

f 1/1 2/2 3/3
f 4/4 3/3 2/2
f 5/5 6/6 7/7
f 8/8 7/7 6/6
f 9/9 10/10 2/2
f 2/2 10/10 4/4
f 1/1 11/11 2/2
f 11/11 12/12 2/2
f 8/8 6/6 11/11
f 12/12 11/11 6/6
f 13/13 14/14 5/5
f 5/5 14/14 6/6
f 5/5 7/7 15/15
f 7/7 16/16 15/15
f 10/10 17/17 4/4
f 17/17 18/18 4/4
f 19/19 20/20 21/21
f 21/21 20/20 22/22
f 19/19 23/23 20/20
f 24/24 20/20 23/23
f 13/13 5/5 25/25
f 15/15 25/25 5/5
f 13/13 26/26 14/14
f 14/14 26/26 27/27
f 28/28 29/29 30/30
f 29/29 31/31 30/30
f 21/21 22/22 32/32
f 22/22 33/33 32/32
f 13/13 25/25 26/26
f 25/25 34/34 26/26
f 29/29 28/28 35/35
f 28/28 36/36 35/35
f 30/30 31/31 37/37
f 31/31 38/38 37/37
f 39/39 19/19 40/40
f 19/19 21/21 40/40
f 39/39 41/41 19/19
f 23/23 19/19 41/41
f 32/32 33/33 42/42
f 33/33 43/43 42/42
f 44/44 3/3 45/45
f 3/3 18/18 45/45
f 40/40 21/21 46/46
f 21/21 32/32 46/46
f 36/36 47/47 35/35
f 48/48 35/35 47/47
f 49/49 50/50 51/51
f 50/50 52/52 51/51
f 3/3 44/44 1/1
f 44/44 53/53 1/1
f 26/26 54/54 27/27
f 27/27 54/54 55/55
f 27/27 55/55 56/56
f 57/57 56/56 55/55
f 53/53 58/58 1/1
f 1/1 58/58 11/11
f 8/8 11/11 59/59
f 11/11 58/58 59/59
f 7/7 8/8 60/60
f 59/59 60/60 8/8
f 46/46 32/32 61/61
f 32/32 42/42 61/61
f 54/54 26/26 62/62
f 26/26 34/34 62/62
f 60/60 63/63 7/7
f 7/7 63/63 16/16
f 33/33 64/64 43/43
f 64/64 65/65 43/43
f 20/20 66/66 22/22
f 66/66 67/67 22/22
f 22/22 67/67 33/33
f 67/67 64/64 33/33
f 66/66 20/20 68/68
f 68/68 20/20 24/24
f 47/47 69/69 48/48
f 69/69 70/70 48/48
f 71/71 46/46 72/72
f 72/72 46/46 61/61
f 73/73 74/74 38/38
f 74/74 37/37 38/38
f 57/57 55/55 75/75
f 76/76 75/75 55/55
f 77/77 40/40 71/71
f 40/40 46/46 71/71
f 54/54 78/78 55/55
f 78/78 76/76 55/55
f 54/54 62/62 78/78
f 62/62 79/79 78/78
f 80/80 81/81 69/69
f 81/81 70/70 69/69
f 82/82 83/83 78/78
f 76/76 78/78 83/83
f 79/79 84/84 78/78
f 78/78 84/84 82/82
f 85/85 39/39 77/77
f 77/77 39/39 40/40
f 85/85 86/86 39/39
f 41/41 39/39 86/86
f 87/87 88/88 89/89
f 89/89 88/88 90/90
f 53/53 91/91 58/58
f 92/92 58/58 91/91
f 59/59 58/58 93/93
f 93/93 58/58 92/92
f 82/82 94/94 83/83
f 83/83 94/94 95/95
f 82/82 84/84 94/94
f 94/94 84/84 96/96
f 97/97 44/44 98/98
f 45/45 98/98 44/44
f 44/44 97/97 53/53
f 91/91 53/53 97/97
f 99/99 60/60 93/93
f 60/60 59/59 93/93
f 60/60 99/99 63/63
f 100/100 63/63 99/99
f 18/18 3/3 4/4
f 12/12 9/9 2/2
f 12/12 6/6 14/14
f 12/12 14/14 9/9
f 10/10 9/9 52/52
f 10/10 52/52 50/50
f 56/56 52/52 9/9
f 56/56 9/9 14/14
f 56/56 14/14 27/27
f 17/17 10/10 50/50
f 16/16 101/101 15/15
f 52/52 56/56 57/57
f 102/102 28/28 30/30
f 103/103 31/31 29/29
f 101/101 25/25 15/15
f 49/49 17/17 50/50
f 102/102 36/36 28/28
f 102/102 30/30 37/37
f 29/29 35/35 103/103
f 31/31 104/104 38/38
f 105/105 34/34 25/25
f 36/36 106/106 47/47
f 52/52 57/57 51/51
f 107/107 35/35 48/48
f 105/105 62/62 34/34
f 16/16 63/63 108/108
f 48/48 70/70 109/109
f 106/106 69/69 47/47
f 110/110 37/37 74/74
f 98/98 17/17 49/49
f 73/73 38/38 111/111
f 57/57 112/112 51/51
f 83/83 88/88 75/75
f 105/105 79/79 62/62
f 113/113 70/70 81/81
f 69/69 114/114 80/80
f 83/83 115/115 88/88
f 51/51 116/116 49/49
f 87/87 112/112 88/88
f 105/105 84/84 79/79
f 57/57 75/75 112/112
f 105/105 96/96 84/84
f 112/112 75/75 88/88
f 83/83 75/75 76/76
f 108/108 63/63 100/100
f 112/112 116/116 51/51
f 87/87 116/116 112/112
f 98/98 49/49 116/116
f 90/90 88/88 115/115
f 115/115 83/83 95/95
f 87/87 98/98 116/116
f 97/97 98/98 87/87

usemtl texture1

f 117/117 118/118 119/119
f 118/118 120/120 119/119
f 118/118 121/121 120/120
f 121/121 122/122 120/120
f 121/121 123/123 122/122
f 123/123 124/124 122/122
f 125/125 126/126 127/127
f 127/127 126/126 128/128
f 123/123 129/129 124/124
f 129/129 130/130 124/124
f 131/131 127/127 132/132
f 127/127 128/128 132/132
f 133/133 134/134 129/129
f 129/129 134/134 130/130
f 135/135 131/131 136/136
f 131/131 132/132 136/136
f 133/133 137/137 134/134
f 137/137 138/138 134/134
f 139/139 135/135 140/140
f 135/135 136/136 140/140
f 137/137 139/139 138/138
f 139/139 140/140 138/138
f 141/141 142/142 143/143
f 143/143 142/142 144/144
f 145/145 146/146 141/141
f 141/141 146/146 142/142
f 143/143 144/144 147/147
f 147/147 144/144 148/148
f 145/145 149/149 146/146
f 149/149 150/150 146/146
f 147/147 148/148 151/151
f 151/151 148/148 152/152
f 153/153 151/151 154/154
f 151/151 152/152 154/154
f 155/155 156/156 149/149
f 149/149 156/156 150/150
f 155/155 153/153 156/156
f 153/153 154/154 156/156
f 157/157 158/158 159/159
f 158/158 160/160 159/159
f 158/158 161/161 160/160
f 160/160 161/161 162/162
f 157/157 159/159 163/163
f 159/159 164/164 163/163
f 161/161 165/165 162/162
f 165/165 166/166 162/162
f 163/163 164/164 167/167
f 167/167 164/164 168/168
f 167/167 168/168 169/169
f 169/169 168/168 170/170
f 171/171 169/169 172/172
f 169/169 170/170 172/172
f 173/173 174/174 175/175
f 174/174 176/176 175/175
f 172/172 177/177 171/171
f 177/177 178/178 171/171
f 173/173 178/178 174/174
f 178/178 177/177 174/174
f 179/179 180/180 181/181
f 180/180 182/182 181/181
f 183/183 184/184 179/179
f 184/184 180/180 179/179
f 185/185 181/181 186/186
f 182/182 186/186 181/181
f 187/187 188/188 183/183
f 188/188 184/184 183/183
f 189/189 185/185 190/190
f 185/185 186/186 190/190
f 187/187 191/191 188/188
f 192/192 188/188 191/191
f 193/193 189/189 194/194
f 190/190 194/194 189/189
f 191/191 195/195 192/192
f 195/195 196/196 192/192
f 193/193 194/194 197/197
f 194/194 198/198 197/197
f 195/195 199/199 196/196
f 196/196 199/199 200/200
f 197/197 198/198 201/201
f 198/198 202/202 201/201
f 201/201 202/202 199/199
f 202/202 200/200 199/199
f 203/203 204/204 205/205
f 204/204 206/206 205/205

usemtl texture2

f 207/207 208/208 209/209
f 208/208 210/210 209/209
f 210/210 208/208 211/211
f 208/208 212/212 211/211
f 207/207 209/209 213/213
f 209/209 214/214 213/213
f 215/215 211/211 216/216
f 212/212 216/216 211/211
f 213/213 214/214 217/217
f 214/214 218/218 217/217
f 219/219 215/215 220/220
f 215/215 216/216 220/220
f 221/221 222/222 218/218
f 218/218 222/222 217/217
f 223/223 219/219 224/224
f 224/224 219/219 220/220
f 221/221 225/225 222/222
f 226/226 222/222 225/225
f 227/227 228/228 224/224
f 228/228 223/223 224/224
f 229/229 230/230 225/225
f 230/230 226/226 225/225
f 230/230 229/229 227/227
f 227/227 229/229 228/228

usemtl texture3

f 231/231 232/232 233/233
f 233/233 232/232 234/234

usemtl texture4

f 235/235 236/236 237/237
f 236/236 238/238 237/237
f 237/237 238/238 239/239
f 240/240 239/239 238/238
f 241/241 235/235 242/242
f 235/235 237/237 242/242
f 243/243 239/239 244/244
f 239/239 240/240 244/244
f 242/242 237/237 245/245
f 237/237 239/239 245/245
f 246/246 245/245 243/243
f 239/239 243/243 245/245
f 236/236 247/247 238/238
f 247/247 248/248 238/238
f 249/249 241/241 250/250
f 241/241 242/242 250/250
f 238/238 248/248 240/240
f 240/240 248/248 251/251
f 252/252 244/244 251/251
f 240/240 251/251 244/244
f 250/250 242/242 253/253
f 245/245 253/253 242/242
f 254/254 253/253 246/246
f 246/246 253/253 245/245
f 255/255 256/256 257/257
f 256/256 258/258 257/257
f 258/258 259/259 257/257
f 259/259 260/260 257/257
f 261/261 262/262 259/259
f 262/262 260/260 259/259
f 263/263 249/249 264/264
f 249/249 250/250 264/264
f 250/250 253/253 264/264
f 253/253 265/265 264/264
f 266/266 265/265 254/254
f 265/265 253/253 254/254
f 267/267 261/261 268/268
f 259/259 268/268 261/261
f 269/269 268/268 258/258
f 268/268 259/259 258/258
f 266/266 270/270 265/265
f 270/270 271/271 265/265
f 264/264 265/265 272/272
f 265/265 271/271 272/272
f 256/256 273/273 258/258
f 273/273 269/269 258/258
f 274/274 263/263 272/272
f 263/263 264/264 272/272
f 275/275 267/267 276/276
f 267/267 268/268 276/276
f 269/269 277/277 268/268
f 276/276 268/268 277/277
f 278/278 272/272 279/279
f 279/279 272/272 271/271
f 273/273 280/280 269/269
f 280/280 277/277 269/269
f 281/281 274/274 278/278
f 274/274 272/272 278/278
f 275/275 276/276 282/282
f 283/283 282/282 276/276
f 277/277 284/284 276/276
f 284/284 283/283 276/276
f 282/282 283/283 285/285
f 283/283 279/279 285/285
f 280/280 286/286 277/277
f 286/286 284/284 277/277
f 284/284 278/278 283/283
f 279/279 283/283 278/278
f 286/286 281/281 284/284
f 281/281 278/278 284/284
f 287/287 271/271 270/270
f 279/279 271/271 287/287
f 279/279 287/287 285/285

usemtl texture5

f 288/288 289/289 290/290
f 290/290 289/289 291/291
f 292/292 288/288 293/293
f 288/288 290/290 293/293
f 294/294 292/292 295/295
f 292/292 293/293 295/295
f 296/296 297/297 298/298
f 299/299 298/298 297/297
f 294/294 295/295 300/300
f 300/300 295/295 301/301
f 302/302 303/303 296/296
f 296/296 303/303 297/297
f 300/300 301/301 304/304
f 305/305 304/304 301/301
f 302/302 306/306 303/303
f 306/306 307/307 303/303
f 306/306 308/308 307/307
f 308/308 309/309 307/307
f 308/308 310/310 309/309
f 309/309 310/310 311/311
f 312/312 304/304 305/305
f 312/312 305/305 311/311
f 312/312 311/311 310/310

usemtl texture6

f 313/313 314/314 315/315
f 316/316 315/315 314/314
f 317/317 318/318 319/319
f 319/319 318/318 320/320
f 315/315 316/316 321/321
f 322/322 321/321 316/316
f 323/323 324/324 322/322
f 324/324 321/321 322/322
f 313/313 325/325 314/314
f 325/325 326/326 314/314
f 327/327 328/328 314/314
f 328/328 316/316 314/314
f 323/323 329/329 324/324
f 324/324 329/329 330/330
f 331/331 320/320 332/332
f 320/320 318/318 332/332
f 319/319 320/320 325/325
f 325/325 320/320 326/326
f 314/314 326/326 327/327
f 327/327 326/326 333/333
f 330/330 329/329 334/334
f 335/335 334/334 329/329
f 320/320 331/331 326/326
f 326/326 331/331 333/333
f 328/328 336/336 316/316
f 336/336 322/322 316/316
f 337/337 323/323 336/336
f 323/323 322/322 336/336
f 323/323 337/337 329/329
f 329/329 337/337 338/338
f 318/318 317/317 339/339
f 317/317 340/340 339/339
f 338/338 341/341 329/329
f 341/341 335/335 329/329
f 332/332 318/318 342/342
f 318/318 339/339 342/342
f 335/335 343/343 334/334
f 344/344 334/334 343/343
f 335/335 341/341 343/343
f 343/343 341/341 345/345
f 342/342 339/339 346/346
f 346/346 339/339 347/347
f 340/340 348/348 339/339
f 347/347 339/339 348/348
f 344/344 343/343 349/349
f 349/349 343/343 350/350
f 345/345 351/351 343/343
f 350/350 343/343 351/351
f 352/352 353/353 354/354
f 353/353 355/355 354/354
f 356/356 315/315 357/357
f 315/315 321/321 357/357
f 358/358 357/357 324/324
f 357/357 321/321 324/324
f 359/359 313/313 356/356
f 313/313 315/315 356/356
f 324/324 330/330 358/358
f 360/360 358/358 330/330
f 359/359 361/361 313/313
f 361/361 325/325 313/313
f 360/360 330/330 362/362
f 330/330 334/334 362/362
f 334/334 344/344 362/362
f 362/362 344/344 363/363
f 364/364 319/319 361/361
f 319/319 325/325 361/361
f 363/363 344/344 365/365
f 344/344 349/349 365/365
f 366/366 367/367 346/346
f 367/367 342/342 346/346
f 368/368 327/327 369/369
f 369/369 327/327 333/333
f 317/317 319/319 370/370
f 370/370 319/319 364/364
f 371/371 369/369 331/331
f 369/369 333/333 331/331
f 372/372 337/337 373/373
f 337/337 336/336 373/373
f 374/374 373/373 328/328
f 373/373 336/336 328/328
f 375/375 376/376 340/340
f 348/348 340/340 376/376
f 377/377 351/351 378/378
f 351/351 345/345 378/378
f 370/370 375/375 317/317
f 375/375 340/340 317/317
f 379/379 332/332 367/367
f 342/342 367/367 332/332
f 341/341 380/380 345/345
f 345/345 380/380 378/378
f 381/381 380/380 338/338
f 380/380 341/341 338/338
f 337/337 372/372 338/338
f 338/338 372/372 381/381
f 328/328 327/327 374/374
f 374/374 327/327 368/368
f 332/332 379/379 331/331
f 379/379 371/371 331/331
f 352/352 382/382 353/353
f 382/382 383/383 353/353
f 384/384 385/385 386/386
f 386/386 385/385 387/387
f 384/384 386/386 378/378
f 377/377 378/378 386/386
f 388/388 367/367 389/389
f 389/389 367/367 366/366
f 390/390 391/391 384/384
f 384/384 391/391 385/385
f 392/392 388/388 393/393
f 393/393 388/388 389/389
f 380/380 390/390 378/378
f 378/378 390/390 384/384
f 394/394 395/395 396/396
f 396/396 395/395 397/397
f 398/398 399/399 395/395
f 397/397 395/395 399/399
f 400/400 401/401 402/402
f 402/402 401/401 403/403
f 404/404 405/405 401/401
f 403/403 401/401 405/405
f 394/394 368/368 395/395
f 368/368 369/369 395/395
f 398/398 395/395 371/371
f 395/395 369/369 371/371
f 406/406 407/407 390/390
f 391/391 390/390 407/407
f 372/372 373/373 400/400
f 373/373 401/401 400/400
f 374/374 404/404 373/373
f 373/373 404/404 401/401
f 402/402 407/407 400/400
f 406/406 400/400 407/407
f 406/406 390/390 381/381
f 380/380 381/381 390/390
f 408/408 379/379 388/388
f 379/379 367/367 388/388
f 394/394 396/396 404/404
f 405/405 404/404 396/396
f 409/409 408/408 392/392
f 408/408 388/388 392/392
f 372/372 400/400 381/381
f 400/400 406/406 381/381
f 374/374 368/368 404/404
f 368/368 394/394 404/404
f 408/408 409/409 398/398
f 398/398 409/409 399/399
f 398/398 371/371 408/408
f 371/371 379/379 408/408

usemtl texture7

f 410/410 411/411 412/412
f 411/411 413/413 412/412
f 414/414 410/410 415/415
f 410/410 412/412 415/415
f 416/416 417/417 418/418
f 417/417 419/419 418/418
f 420/420 414/414 421/421
f 414/414 415/415 421/421
f 417/417 422/422 419/419
f 422/422 423/423 419/419
f 424/424 420/420 425/425
f 420/420 421/421 425/425
f 422/422 426/426 423/423
f 426/426 427/427 423/423
f 426/426 424/424 427/427
f 424/424 425/425 427/427
f 428/428 429/429 430/430
f 429/429 431/431 430/430
f 429/429 432/432 431/431
f 432/432 433/433 431/431
f 434/434 428/428 435/435
f 428/428 430/430 435/435
f 436/436 437/437 438/438
f 437/437 439/439 438/438
f 440/440 434/434 441/441
f 434/434 435/435 441/441
f 442/442 443/443 437/437
f 437/437 443/443 439/439
f 440/440 441/441 444/444
f 444/444 441/441 445/445
f 442/442 446/446 443/443
f 446/446 447/447 443/443
f 448/448 444/444 449/449
f 444/444 445/445 449/449
f 446/446 450/450 447/447
f 450/450 451/451 447/447
f 452/452 448/448 453/453
f 448/448 449/449 453/453
f 450/450 452/452 451/451
f 452/452 453/453 451/451

usemtl texture8

f 454/454 455/455 456/456
f 455/455 457/457 456/456
f 456/456 457/457 458/458
f 457/457 459/459 458/458
f 460/460 459/459 461/461
f 459/459 462/462 461/461
f 463/463 464/464 465/465
f 464/464 466/466 465/465
f 465/465 466/466 467/467
f 466/466 468/468 467/467
f 467/467 468/468 469/469
f 468/468 470/470 469/469
f 471/471 472/472 473/473
f 473/473 472/472 474/474
f 475/475 476/476 471/471
f 472/472 471/471 476/476
f 477/477 478/478 479/479
f 480/480 479/479 478/478
f 480/480 481/481 479/479
f 481/481 482/482 479/479
f 483/483 484/484 485/485
f 484/484 486/486 485/485
f 487/487 488/488 483/483
f 488/488 484/484 483/483
f 489/489 490/490 487/487
f 490/490 488/488 487/487
f 491/491 492/492 493/493
f 492/492 494/494 493/493
f 495/495 496/496 491/491
f 496/496 492/492 491/491
f 497/497 498/498 495/495
f 498/498 496/496 495/495
f 499/499 500/500 501/501
f 502/502 503/503 504/504
f 505/505 506/506 504/504
f 507/507 508/508 504/504
f 509/509 510/510 504/504
f 473/473 474/474 511/511
f 512/512 513/513 504/504
f 514/514 515/515 504/504
f 482/482 481/481 516/516
f 517/517 518/518 519/519
f 520/520 521/521 504/504
f 522/522 523/523 504/504
f 524/524 525/525 504/504
f 526/526 527/527 504/504

usemtl texture9

f 528/528 529/529 530/530
f 529/529 531/531 530/530
f 530/530 531/531 532/532
f 531/531 533/533 532/532
f 532/532 534/534 535/535
f 534/534 536/536 535/535
f 537/537 538/538 539/539
f 538/538 540/540 539/539
f 539/539 540/540 541/541
f 540/540 542/542 541/541
f 541/541 542/542 543/543
f 542/542 544/544 543/543
f 545/545 546/546 547/547
f 546/546 548/548 547/547
f 549/549 550/550 545/545
f 550/550 546/546 545/545
f 551/551 552/552 549/549
f 552/552 550/550 549/549
f 553/553 554/554 555/555
f 554/554 556/556 555/555
f 557/557 558/558 553/553
f 558/558 554/554 553/553
f 559/559 560/560 557/557
f 560/560 558/558 557/557
f 561/561 562/562 563/563
f 562/562 564/564 563/563
f 565/565 566/566 567/567
f 568/568 567/567 566/566
f 569/569 570/570 571/571
f 572/572 571/571 570/570
f 573/573 574/574 561/561
f 574/574 562/562 561/561
f 575/575 576/576 577/577
f 578/578 579/579 580/580
f 581/581 576/576 575/575
f 580/580 579/579 582/582
f 568/568 566/566 583/583
f 584/584 571/571 572/572
f 573/573 585/585 574/574
f 574/574 585/585 586/586
f 587/587 585/585 573/573
f 588/588 589/589 590/590
f 589/589 591/591 590/590
f 592/592 593/593 594/594
f 595/595 594/594 593/593
f 596/596 597/597 588/588
f 597/597 589/589 588/588
f 598/598 599/599 600/600
f 601/601 600/600 599/599
f 602/602 603/603 604/604
f 604/604 603/603 605/605
f 606/606 594/594 595/595
f 607/607 608/608 609/609
f 610/610 611/611 596/596
f 612/612 608/608 607/607
f 596/596 611/611 597/597
f 601/601 599/599 613/613
f 597/597 611/611 614/614
f 615/615 616/616 617/617
f 616/616 618/618 617/617
f 619/619 620/620 621/621
f 622/622 621/621 620/620
f 623/623 624/624 625/625
f 626/626 625/625 624/624
f 617/617 618/618 627/627
f 618/618 628/628 627/627
f 629/629 630/630 615/615
f 616/616 630/630 631/631
f 615/615 630/630 616/616
f 632/632 621/621 622/622
f 626/626 624/624 633/633
f 634/634 635/635 636/636
f 637/637 638/638 639/639
f 640/640 635/635 634/634
f 639/639 638/638 641/641
f 642/642 643/643 644/644
f 645/645 644/644 643/643
f 646/646 647/647 648/648
f 647/647 649/649 648/648
f 650/650 651/651 652/652
f 653/653 652/652 651/651
f 648/648 649/649 654/654
f 649/649 655/655 654/654
f 647/647 656/656 657/657
f 645/645 643/643 658/658
f 646/646 656/656 647/647
f 659/659 660/660 661/661
f 662/662 656/656 646/646
f 661/661 660/660 663/663
f 664/664 652/652 653/653
f 665/665 666/666 667/667
f 668/668 666/666 665/665

usemtl texture10

f 669/669 670/670 671/671
f 670/670 672/672 671/671
f 673/673 674/674 675/675
f 674/674 676/676 675/675
f 677/677 678/678 679/679
f 678/678 680/680 679/679
f 673/673 675/675 681/681
f 675/675 682/682 681/681
f 683/683 684/684 685/685
f 684/684 686/686 685/685
f 687/687 688/688 689/689
f 688/688 690/690 689/689
f 691/691 692/692 693/693
f 692/692 694/694 693/693
f 695/695 696/696 697/697
f 696/696 698/698 697/697
f 699/699 700/700 672/672
f 700/700 671/671 672/672
f 701/701 702/702 703/703
f 702/702 704/704 703/703
f 705/705 706/706 707/707
f 706/706 708/708 707/707
f 709/709 710/710 711/711
f 710/710 712/712 711/711
f 693/693 713/713 691/691
f 691/691 713/713 714/714
f 715/715 716/716 717/717
f 716/716 718/718 717/717
f 719/719 720/720 721/721
f 720/720 722/722 721/721
f 723/723 724/724 725/725
f 724/724 726/726 725/725
f 727/727 728/728 729/729
f 728/728 730/730 729/729
f 731/731 732/732 733/733
f 733/733 732/732 734/734
f 725/725 735/735 723/723
f 736/736 723/723 735/735
f 699/699 721/721 700/700
f 721/721 722/722 700/700
f 737/737 738/738 739/739
f 738/738 740/740 739/739
f 717/717 718/718 741/741
f 718/718 742/742 741/741
f 743/743 744/744 745/745
f 745/745 744/744 746/746
f 747/747 748/748 749/749
f 748/748 750/750 749/749
f 751/751 752/752 753/753
f 752/752 754/754 753/753
f 755/755 756/756 757/757
f 756/756 758/758 757/757
f 710/710 709/709 759/759
f 709/709 760/760 759/759
f 761/761 762/762 763/763
f 762/762 764/764 763/763
f 765/765 766/766 767/767
f 767/767 766/766 768/768
f 758/758 769/769 757/757
f 757/757 769/769 770/770
f 771/771 772/772 773/773
f 772/772 774/774 773/773
f 775/775 776/776 777/777
f 776/776 778/778 777/777
f 779/779 780/780 781/781
f 780/780 782/782 781/781
f 783/783 784/784 785/785
f 784/784 786/786 785/785
f 787/787 788/788 789/789
f 788/788 790/790 789/789
f 791/791 752/752 792/792
f 792/792 752/752 751/751
f 793/793 794/794 795/795
f 794/794 796/796 795/795
f 795/795 796/796 797/797
f 796/796 798/798 797/797
f 791/791 792/792 799/799
f 792/792 800/800 799/799
f 801/801 802/802 803/803
f 802/802 804/804 803/803
f 800/800 805/805 799/799
f 805/805 806/806 799/799
f 807/807 808/808 801/801
f 808/808 802/802 801/801
f 809/809 810/810 811/811
f 811/811 810/810 812/812
f 813/813 814/814 815/815
f 814/814 816/816 815/815
f 817/817 818/818 819/819
f 819/819 818/818 820/820
f 821/821 822/822 823/823
f 822/822 824/824 823/823
f 825/825 818/818 826/826
f 818/818 817/817 826/826
f 827/827 828/828 829/829
f 828/828 830/830 829/829
f 831/831 832/832 833/833
f 832/832 834/834 833/833
f 835/835 836/836 837/837
f 836/836 838/838 837/837
f 839/839 840/840 841/841
f 840/840 842/842 841/841
f 843/843 844/844 845/845
f 845/845 844/844 846/846
f 847/847 848/848 849/849
f 849/849 848/848 850/850
f 849/849 851/851 847/847
f 851/851 852/852 847/847
f 853/853 854/854 855/855
f 855/855 854/854 856/856
f 855/855 857/857 853/853
f 857/857 858/858 853/853
f 859/859 860/860 861/861
f 860/860 862/862 861/861
f 863/863 864/864 865/865
f 865/865 864/864 866/866
f 867/867 868/868 869/869
f 868/868 870/870 869/869
f 871/871 872/872 873/873
f 872/872 874/874 873/873
f 875/875 876/876 877/877
f 876/876 878/878 877/877
f 879/879 880/880 881/881
f 880/880 882/882 881/881
f 883/883 884/884 885/885
f 884/884 886/886 885/885
f 880/880 879/879 887/887
f 887/887 879/879 888/888
f 889/889 890/890 891/891
f 890/890 892/892 891/891
f 893/893 894/894 895/895
f 894/894 896/896 895/895
f 897/897 898/898 899/899
f 898/898 900/900 899/899
f 901/901 902/902 903/903
f 902/902 904/904 903/903
f 901/901 903/903 905/905
f 906/906 905/905 903/903
f 907/907 908/908 898/898
f 900/900 898/898 908/908
f 909/909 910/910 911/911
f 910/910 912/912 911/911
f 913/913 914/914 909/909
f 914/914 910/910 909/909
f 907/907 915/915 908/908
f 908/908 915/915 916/916
f 917/917 918/918 919/919
f 918/918 920/920 919/919
f 921/921 922/922 923/923
f 922/922 924/924 923/923
f 925/925 926/926 927/927
f 926/926 928/928 927/927
f 929/929 930/930 931/931
f 930/930 932/932 931/931
f 933/933 934/934 935/935
f 934/934 936/936 935/935
f 937/937 938/938 939/939
f 939/939 938/938 940/940
f 941/941 942/942 943/943
f 942/942 944/944 943/943
f 945/945 946/946 947/947
f 946/946 948/948 947/947
f 949/949 950/950 951/951
f 950/950 952/952 951/951
f 953/953 954/954 915/915
f 954/954 916/916 915/915
f 939/939 955/955 937/937
f 955/955 956/956 937/937
f 957/957 958/958 959/959
f 958/958 960/960 959/959
f 961/961 962/962 963/963
f 962/962 964/964 963/963
f 965/965 966/966 967/967
f 966/966 968/968 967/967
f 969/969 970/970 971/971
f 970/970 972/972 971/971
f 973/973 974/974 975/975
f 975/975 974/974 976/976
f 977/977 978/978 979/979
f 979/979 978/978 980/980
f 981/981 982/982 983/983
f 982/982 984/984 983/983
f 985/985 986/986 987/987
f 986/986 988/988 987/987
f 974/974 989/989 976/976
f 989/989 990/990 976/976
f 991/991 977/977 992/992
f 977/977 979/979 992/992
f 993/993 994/994 965/965
f 994/994 966/966 965/965
f 995/995 996/996 997/997
f 996/996 998/998 997/997
f 951/951 952/952 999/999
f 999/999 952/952 1000/1000
f 1001/1001 1002/1002 1003/1003
f 1002/1002 1004/1004 1003/1003
f 1005/1005 1006/1006 1007/1007
f 1006/1006 1008/1008 1007/1007
f 973/973 975/975 1009/1009
f 975/975 1010/1010 1009/1009
f 1011/1011 1012/1012 1013/1013
f 1012/1012 1014/1014 1013/1013
f 997/997 1015/1015 995/995
f 995/995 1015/1015 1016/1016
f 1017/1017 1018/1018 1019/1019
f 1018/1018 1020/1020 1019/1019
f 1021/1021 1022/1022 1023/1023
f 1023/1023 1022/1022 1024/1024
f 1025/1025 1026/1026 1027/1027
f 1026/1026 1028/1028 1027/1027
f 1029/1029 1030/1030 1031/1031
f 1031/1031 1030/1030 1032/1032
f 1009/1009 1010/1010 1033/1033
f 1010/1010 1034/1034 1033/1033
f 1035/1035 1036/1036 1025/1025
f 1036/1036 1026/1026 1025/1025
f 1037/1037 696/696 695/695
f 709/709 711/711 1038/1038
f 697/697 698/698 1039/1039
f 712/712 710/710 1040/1040
f 1041/1041 809/809 811/811
f 820/820 818/818 1042/1042
f 887/887 1043/1043 880/880
f 893/893 1044/1044 894/894
f 812/812 810/810 1045/1045
f 819/819 1046/1046 817/817
f 888/888 879/879 1047/1047
f 895/895 896/896 1048/1048
f 1000/1000 952/952 1049/1049
f 1011/1011 1013/1013 1050/1050
f 1051/1051 951/951 999/999
f 1014/1014 1012/1012 1052/1052

usemtl texture11

f 1053/1053 1054/1054 1055/1055
f 1054/1054 1056/1056 1055/1055
f 1057/1057 1058/1058 1059/1059
f 1058/1058 1060/1060 1059/1059
f 1061/1061 1062/1062 1063/1063
f 1062/1062 1064/1064 1063/1063
f 1065/1065 1066/1066 1067/1067
f 1066/1066 1068/1068 1067/1067
f 1065/1065 1067/1067 1069/1069
f 1069/1069 1067/1067 1070/1070
f 1071/1071 1054/1054 1072/1072
f 1054/1054 1073/1073 1072/1072
f 1071/1071 1072/1072 1074/1074
f 1074/1074 1072/1072 1075/1075
f 1076/1076 1077/1077 1078/1078
f 1077/1077 1079/1079 1078/1078
f 1080/1080 1081/1081 1077/1077
f 1077/1077 1081/1081 1079/1079
f 1062/1062 1061/1061 1082/1082
f 1061/1061 1083/1083 1082/1082
f 1084/1084 1085/1085 1061/1061
f 1061/1061 1085/1085 1083/1083
f 1086/1086 1062/1062 1087/1087
f 1062/1062 1082/1082 1087/1087
f 1082/1082 1083/1083 1087/1087
f 1083/1083 1085/1085 1087/1087
f 1088/1088 1089/1089 1090/1090
f 1090/1090 1089/1089 1091/1091
f 1092/1092 1090/1090 1093/1093
f 1090/1090 1091/1091 1093/1093
f 1094/1094 1092/1092 1095/1095
f 1092/1092 1093/1093 1095/1095
f 1092/1092 1094/1094 1084/1084
f 1094/1094 1086/1086 1084/1084
f 1096/1096 1097/1097 1098/1098
f 1097/1097 1099/1099 1098/1098
f 1084/1084 1086/1086 1085/1085
f 1086/1086 1087/1087 1085/1085
f 1094/1094 1095/1095 1100/1100
f 1100/1100 1095/1095 1101/1101
f 1097/1097 1100/1100 1099/1099
f 1100/1100 1101/1101 1099/1099
f 1069/1069 1102/1102 1103/1103
f 1104/1104 1054/1054 1053/1053
f 1076/1076 1105/1105 1106/1106
f 1107/1107 1080/1080 1108/1108
f 1109/1109 1102/1102 1069/1069
f 1110/1110 1054/1054 1104/1104
f 1111/1111 1105/1105 1076/1076
f 1107/1107 1112/1112 1080/1080
f 1069/1069 1070/1070 1109/1109
f 1073/1073 1054/1054 1110/1110
f 1091/1091 1089/1089 1113/1113
f 1093/1093 1091/1091 1113/1113
f 1098/1098 1099/1099 1113/1113
f 1095/1095 1093/1093 1113/1113
f 1101/1101 1095/1095 1113/1113
f 1099/1099 1101/1101 1113/1113
f 1111/1111 1076/1076 1078/1078
f 1080/1080 1112/1112 1081/1081
f 1109/1109 1070/1070 1114/1114
f 1073/1073 1110/1110 1115/1115
f 1116/1116 1117/1117 1096/1096
f 1096/1096 1117/1117 1097/1097
f 1117/1117 1118/1118 1097/1097
f 1119/1119 1120/1120 1121/1121
f 1120/1120 1122/1122 1121/1121
f 1123/1123 1124/1124 1125/1125
f 1124/1124 1126/1126 1125/1125
f 1127/1127 1128/1128 1129/1129
f 1129/1129 1128/1128 1130/1130
f 1127/1127 1120/1120 1128/1128
f 1120/1120 1131/1131 1128/1128
f 1132/1132 1133/1133 1134/1134
f 1133/1133 1135/1135 1134/1134
f 1136/1136 1137/1137 1138/1138
f 1138/1138 1137/1137 1139/1139
f 1140/1140 1141/1141 1142/1142
f 1142/1142 1141/1141 1143/1143
f 1140/1140 1144/1144 1141/1141
f 1144/1144 1145/1145 1141/1141
f 1146/1146 1138/1138 1147/1147
f 1138/1138 1139/1139 1147/1147
f 1148/1148 1149/1149 1150/1150
f 1149/1149 1151/1151 1150/1150
f 1152/1152 1153/1153 1149/1149
f 1149/1149 1153/1153 1151/1151
f 1154/1154 1133/1133 1155/1155
f 1133/1133 1156/1156 1155/1155
f 1133/1133 1132/1132 1156/1156
f 1132/1132 1157/1157 1156/1156
f 1157/1157 1158/1158 1156/1156
f 1156/1156 1158/1158 1155/1155
f 1159/1159 1148/1148 1160/1160
f 1148/1148 1150/1150 1160/1160
f 1152/1152 1161/1161 1153/1153
f 1161/1161 1162/1162 1153/1153
f 1161/1161 1152/1152 1163/1163
f 1152/1152 1154/1154 1163/1163
f 1163/1163 1154/1154 1158/1158
f 1154/1154 1155/1155 1158/1158
f 1163/1163 1158/1158 1132/1132
f 1132/1132 1158/1158 1157/1157
f 1161/1161 1164/1164 1162/1162
f 1164/1164 1165/1165 1162/1162
f 1166/1166 1167/1167 1164/1164
f 1164/1164 1167/1167 1165/1165
f 1168/1168 1120/1120 1119/1119
f 1142/1142 1169/1169 1170/1170
f 1171/1171 1136/1136 1172/1172
f 1173/1173 1120/1120 1168/1168
f 1146/1146 1174/1174 1175/1175
f 1171/1171 1176/1176 1136/1136
f 1177/1177 1169/1169 1142/1142
f 1131/1131 1120/1120 1173/1173
f 1178/1178 1174/1174 1146/1146
f 1150/1150 1151/1151 1179/1179
f 1151/1151 1153/1153 1179/1179
f 1136/1136 1176/1176 1137/1137
f 1160/1160 1150/1150 1179/1179
f 1153/1153 1162/1162 1179/1179
f 1142/1142 1143/1143 1177/1177
f 1162/1162 1165/1165 1179/1179
f 1165/1165 1167/1167 1179/1179
f 1180/1180 1181/1181 1148/1148
f 1131/1131 1173/1173 1182/1182
f 1178/1178 1146/1146 1147/1147
f 1159/1159 1180/1180 1148/1148
f 1177/1177 1143/1143 1183/1183
f 1184/1184 1180/1180 1159/1159
f 1185/1185 1186/1186 1187/1187
f 1186/1186 1188/1188 1187/1187
f 1189/1189 1190/1190 1186/1186
f 1186/1186 1190/1190 1188/1188
f 1191/1191 1185/1185 1192/1192
f 1185/1185 1187/1187 1192/1192
f 1189/1189 1193/1193 1190/1190
f 1193/1193 1194/1194 1190/1190
f 1193/1193 1189/1189 1195/1195
f 1189/1189 1196/1196 1195/1195
f 1195/1195 1196/1196 1197/1197
f 1196/1196 1198/1198 1197/1197
f 1193/1193 1199/1199 1194/1194
f 1199/1199 1200/1200 1194/1194
f 1201/1201 1202/1202 1199/1199
f 1199/1199 1202/1202 1200/1200
f 1203/1203 1204/1204 1198/1198
f 1204/1204 1197/1197 1198/1198
f 1196/1196 1205/1205 1198/1198
f 1205/1205 1203/1203 1198/1198
f 1195/1195 1197/1197 1206/1206
f 1206/1206 1197/1197 1204/1204
f 1205/1205 1206/1206 1203/1203
f 1206/1206 1204/1204 1203/1203
f 1207/1207 1208/1208 1209/1209
f 1209/1209 1208/1208 1210/1210
f 1211/1211 1209/1209 1212/1212
f 1209/1209 1210/1210 1212/1212
f 1213/1213 1214/1214 1215/1215
f 1215/1215 1214/1214 1216/1216
f 1213/1213 1217/1217 1214/1214
f 1217/1217 1218/1218 1214/1214
f 1219/1219 1220/1220 1221/1221
f 1221/1221 1220/1220 1222/1222
f 1219/1219 1223/1223 1220/1220
f 1223/1223 1224/1224 1220/1220
f 1206/1206 1205/1205 1225/1225
f 1205/1205 1226/1226 1225/1225
f 1227/1227 1228/1228 1229/1229
f 1228/1228 1230/1230 1229/1229
f 1231/1231 1217/1217 1232/1232
f 1217/1217 1233/1233 1232/1232
f 1234/1234 1235/1235 1185/1185
f 1191/1191 1234/1234 1185/1185
f 1236/1236 1234/1234 1191/1191
f 1218/1218 1237/1237 1238/1238
f 1239/1239 1222/1222 1240/1240
f 1207/1207 1241/1241 1208/1208
f 1242/1242 1211/1211 1212/1212
f 1243/1243 1244/1244 1245/1245
f 1244/1244 1246/1246 1245/1245
f 1192/1192 1243/1243 1245/1245
f 1246/1246 1247/1247 1245/1245
f 1247/1247 1200/1200 1245/1245
f 1200/1200 1202/1202 1245/1245
f 1218/1218 1217/1217 1237/1237
f 1221/1221 1222/1222 1239/1239
f 1248/1248 1241/1241 1207/1207
f 1242/1242 1249/1249 1211/1211
f 1237/1237 1217/1217 1250/1250
f 1239/1239 1251/1251 1221/1221
f 1248/1248 1207/1207 1252/1252
f 1211/1211 1249/1249 1253/1253
f 1250/1250 1217/1217 1231/1231
f 1221/1221 1251/1251 1254/1254
f 1255/1255 1256/1256 1257/1257
f 1257/1257 1256/1256 1258/1258
f 1259/1259 1257/1257 1260/1260
f 1257/1257 1258/1258 1260/1260
f 1261/1261 1262/1262 1263/1263
f 1263/1263 1262/1262 1264/1264
f 1259/1259 1265/1265 1261/1261
f 1265/1265 1266/1266 1261/1261
f 1267/1267 1268/1268 1269/1269
f 1268/1268 1270/1270 1269/1269
f 1265/1265 1259/1259 1271/1271
f 1259/1259 1260/1260 1271/1271
f 1261/1261 1266/1266 1262/1262
f 1266/1266 1272/1272 1262/1262
f 1273/1273 1264/1264 1272/1272
f 1264/1264 1262/1262 1272/1272
f 1274/1274 1263/1263 1273/1273
f 1263/1263 1264/1264 1273/1273
f 1266/1266 1274/1274 1272/1272
f 1274/1274 1273/1273 1272/1272
f 1265/1265 1271/1271 1275/1275
f 1275/1275 1271/1271 1276/1276
f 1268/1268 1275/1275 1270/1270
f 1275/1275 1276/1276 1270/1270
f 1277/1277 1278/1278 1279/1279
f 1278/1278 1280/1280 1279/1279
f 1281/1281 1282/1282 1283/1283
f 1282/1282 1284/1284 1283/1283
f 1281/1281 1283/1283 1285/1285
f 1285/1285 1283/1283 1286/1286
f 1287/1287 1288/1288 1278/1278
f 1278/1278 1288/1288 1280/1280
f 1263/1263 1274/1274 1289/1289
f 1274/1274 1290/1290 1289/1289
f 1291/1291 1292/1292 1293/1293
f 1292/1292 1294/1294 1293/1293
f 1291/1291 1293/1293 1295/1295
f 1295/1295 1293/1293 1296/1296
f 1297/1297 1298/1298 1299/1299
f 1298/1298 1300/1300 1299/1299
f 1301/1301 1292/1292 1302/1302
f 1292/1292 1303/1303 1302/1302
f 1304/1304 1305/1305 1267/1267
f 1306/1306 1286/1286 1307/1307
f 1267/1267 1305/1305 1268/1268
f 1308/1308 1277/1277 1279/1279
f 1294/1294 1309/1309 1310/1310
f 1305/1305 1311/1311 1268/1268
f 1312/1312 1313/1313 1314/1314
f 1315/1315 1312/1312 1314/1314
f 1285/1285 1286/1286 1306/1306
f 1316/1316 1317/1317 1314/1314
f 1318/1318 1315/1315 1314/1314
f 1287/1287 1319/1319 1288/1288
f 1320/1320 1318/1318 1314/1314
f 1317/1317 1320/1320 1314/1314
f 1308/1308 1321/1321 1277/1277
f 1294/1294 1292/1292 1309/1309
f 1306/1306 1322/1322 1285/1285
f 1323/1323 1319/1319 1287/1287
f 1277/1277 1321/1321 1324/1324
f 1309/1309 1292/1292 1325/1325
f 1323/1323 1287/1287 1326/1326
f 1285/1285 1322/1322 1327/1327
f 1325/1325 1292/1292 1301/1301

usemtl texture12

f 1328/1328 1329/1329 1330/1330
f 1329/1329 1331/1331 1330/1330
f 1332/1332 1333/1333 1334/1334
f 1333/1333 1335/1335 1334/1334
f 1336/1336 1337/1337 1338/1338
f 1337/1337 1339/1339 1338/1338
f 1340/1340 1341/1341 1342/1342
f 1341/1341 1343/1343 1342/1342
f 1344/1344 1345/1345 1346/1346
f 1345/1345 1347/1347 1346/1346
f 1348/1348 1349/1349 1350/1350
f 1349/1349 1351/1351 1350/1350
f 1352/1352 1353/1353 1354/1354
f 1353/1353 1355/1355 1354/1354
f 1356/1356 1357/1357 1358/1358
f 1357/1357 1359/1359 1358/1358
f 1360/1360 1361/1361 1362/1362
f 1363/1363 1364/1364 1362/1362
f 1365/1365 1360/1360 1362/1362
f 1364/1364 1366/1366 1362/1362
f 1367/1367 1368/1368 1362/1362
f 1369/1369 1370/1370 1362/1362
f 1371/1371 1367/1367 1362/1362
f 1370/1370 1372/1372 1362/1362
f 1373/1373 1374/1374 1375/1375
f 1376/1376 1377/1377 1375/1375
f 1374/1374 1378/1378 1375/1375
f 1379/1379 1376/1376 1375/1375
f 1380/1380 1381/1381 1375/1375
f 1382/1382 1383/1383 1375/1375
f 1381/1381 1384/1384 1375/1375
f 1385/1385 1382/1382 1375/1375
f 1386/1386 1387/1387 1388/1388
f 1387/1387 1389/1389 1388/1388
f 1390/1390 1391/1391 1392/1392
f 1391/1391 1393/1393 1392/1392
f 1394/1394 1395/1395 1396/1396
f 1395/1395 1397/1397 1396/1396
f 1398/1398 1399/1399 1400/1400
f 1399/1399 1401/1401 1400/1400
f 1402/1402 1403/1403 1404/1404
f 1403/1403 1405/1405 1404/1404
f 1406/1406 1407/1407 1408/1408
f 1407/1407 1409/1409 1408/1408
f 1410/1410 1411/1411 1412/1412
f 1411/1411 1413/1413 1412/1412
f 1414/1414 1415/1415 1416/1416
f 1415/1415 1417/1417 1416/1416
f 1418/1418 1419/1419 1420/1420
f 1421/1421 1422/1422 1420/1420
f 1419/1419 1423/1423 1420/1420
f 1424/1424 1421/1421 1420/1420
f 1425/1425 1426/1426 1427/1427
f 1428/1428 1429/1429 1427/1427
f 1430/1430 1425/1425 1427/1427
f 1429/1429 1431/1431 1427/1427
f 1432/1432 1433/1433 1420/1420
f 1434/1434 1435/1435 1420/1420
f 1433/1433 1436/1436 1420/1420
f 1437/1437 1434/1434 1420/1420
f 1438/1438 1439/1439 1427/1427
f 1440/1440 1441/1441 1427/1427
f 1442/1442 1438/1438 1427/1427
f 1441/1441 1443/1443 1427/1427
f 1444/1444 1445/1445 1446/1446
f 1445/1445 1447/1447 1446/1446
f 1448/1448 1449/1449 1450/1450
f 1449/1449 1451/1451 1450/1450
f 1452/1452 1453/1453 1454/1454
f 1453/1453 1455/1455 1454/1454
f 1456/1456 1457/1457 1458/1458
f 1457/1457 1459/1459 1458/1458
f 1460/1460 1461/1461 1462/1462
f 1461/1461 1463/1463 1462/1462
f 1464/1464 1465/1465 1466/1466
f 1465/1465 1467/1467 1466/1466
f 1468/1468 1469/1469 1470/1470
f 1469/1469 1471/1471 1470/1470
f 1472/1472 1473/1473 1474/1474
f 1473/1473 1475/1475 1474/1474
f 1476/1476 1477/1477 1478/1478
f 1479/1479 1480/1480 1478/1478
f 1481/1481 1476/1476 1478/1478
f 1480/1480 1482/1482 1478/1478
f 1483/1483 1484/1484 1478/1478
f 1485/1485 1486/1486 1478/1478
f 1487/1487 1483/1483 1478/1478
f 1486/1486 1488/1488 1478/1478
f 1489/1489 1490/1490 1491/1491
f 1492/1492 1493/1493 1491/1491
f 1490/1490 1494/1494 1491/1491
f 1495/1495 1492/1492 1491/1491
f 1496/1496 1497/1497 1491/1491
f 1498/1498 1499/1499 1491/1491
f 1497/1497 1500/1500 1491/1491
f 1501/1501 1498/1498 1491/1491
f 1502/1502 1503/1503 1504/1504
f 1503/1503 1505/1505 1504/1504
f 1506/1506 1507/1507 1508/1508
f 1507/1507 1509/1509 1508/1508
f 1510/1510 1511/1511 1512/1512
f 1511/1511 1513/1513 1512/1512
f 1514/1514 1515/1515 1516/1516
f 1515/1515 1517/1517 1516/1516
f 1518/1518 1519/1519 1520/1520
f 1519/1519 1521/1521 1520/1520
f 1522/1522 1523/1523 1524/1524
f 1523/1523 1525/1525 1524/1524
f 1526/1526 1527/1527 1528/1528
f 1527/1527 1529/1529 1528/1528
f 1530/1530 1531/1531 1532/1532
f 1531/1531 1533/1533 1532/1532
f 1534/1534 1535/1535 1536/1536
f 1537/1537 1538/1538 1536/1536
f 1535/1535 1539/1539 1536/1536
f 1540/1540 1537/1537 1536/1536
f 1541/1541 1542/1542 1543/1543
f 1544/1544 1545/1545 1543/1543
f 1546/1546 1541/1541 1543/1543
f 1545/1545 1547/1547 1543/1543
f 1548/1548 1549/1549 1536/1536
f 1550/1550 1551/1551 1536/1536
f 1549/1549 1552/1552 1536/1536
f 1553/1553 1550/1550 1536/1536
f 1554/1554 1555/1555 1543/1543
f 1556/1556 1557/1557 1543/1543
f 1558/1558 1554/1554 1543/1543
f 1557/1557 1559/1559 1543/1543

usemtl texture13

f 1560/1560 1561/1561 1562/1562
f 1563/1563 1562/1562 1561/1561
f 1564/1564 1565/1565 1566/1566
f 1567/1567 1566/1566 1565/1565
f 1568/1568 1569/1569 1570/1570
f 1569/1569 1571/1571 1570/1570
f 1572/1572 1573/1573 1574/1574
f 1573/1573 1575/1575 1574/1574
f 1576/1576 1577/1577 1578/1578
f 1577/1577 1579/1579 1578/1578
f 1577/1577 1580/1580 1579/1579
f 1580/1580 1581/1581 1579/1579
f 1582/1582 1583/1583 1584/1584
f 1583/1583 1585/1585 1584/1584
f 1586/1586 1587/1587 1588/1588
f 1588/1588 1587/1587 1589/1589
f 1590/1590 1591/1591 1592/1592
f 1591/1591 1593/1593 1592/1592
f 1594/1594 1595/1595 1596/1596
f 1595/1595 1597/1597 1596/1596
f 1598/1598 1599/1599 1600/1600
f 1599/1599 1601/1601 1600/1600
f 1602/1602 1603/1603 1604/1604
f 1605/1605 1604/1604 1603/1603
f 1606/1606 1607/1607 1608/1608
f 1607/1607 1609/1609 1608/1608
f 1610/1610 1611/1611 1612/1612
f 1611/1611 1613/1613 1612/1612
f 1614/1614 1615/1615 1616/1616
f 1615/1615 1617/1617 1616/1616
f 1618/1618 1619/1619 1620/1620
f 1619/1619 1621/1621 1620/1620
f 1619/1619 1622/1622 1621/1621
f 1622/1622 1623/1623 1621/1621
f 1624/1624 1625/1625 1626/1626
f 1625/1625 1627/1627 1626/1626
f 1628/1628 1629/1629 1630/1630
f 1629/1629 1631/1631 1630/1630
f 1632/1632 1633/1633 1634/1634
f 1633/1633 1635/1635 1634/1634
f 1636/1636 1637/1637 1638/1638
f 1639/1639 1638/1638 1637/1637
f 1640/1640 1641/1641 1642/1642
f 1643/1643 1642/1642 1641/1641
f 1644/1644 1645/1645 1646/1646
f 1645/1645 1647/1647 1646/1646
f 1648/1648 1649/1649 1650/1650
f 1649/1649 1651/1651 1650/1650
f 1652/1652 1653/1653 1654/1654
f 1653/1653 1655/1655 1654/1654
f 1653/1653 1656/1656 1655/1655
f 1656/1656 1657/1657 1655/1655
f 1658/1658 1659/1659 1660/1660
f 1659/1659 1661/1661 1660/1660
f 1662/1662 1663/1663 1664/1664
f 1664/1664 1663/1663 1665/1665
f 1666/1666 1667/1667 1668/1668
f 1667/1667 1669/1669 1668/1668
f 1670/1670 1671/1671 1672/1672
f 1671/1671 1673/1673 1672/1672
f 1674/1674 1675/1675 1676/1676
f 1677/1677 1676/1676 1675/1675
f 1678/1678 1679/1679 1680/1680
f 1681/1681 1680/1680 1679/1679
f 1682/1682 1683/1683 1684/1684
f 1684/1684 1683/1683 1685/1685
f 1686/1686 1687/1687 1688/1688
f 1687/1687 1689/1689 1688/1688
f 1690/1690 1691/1691 1692/1692
f 1691/1691 1693/1693 1692/1692
f 1691/1691 1694/1694 1693/1693
f 1694/1694 1695/1695 1693/1693
f 1696/1696 1697/1697 1698/1698
f 1698/1698 1697/1697 1699/1699
f 1700/1700 1701/1701 1702/1702
f 1701/1701 1703/1703 1702/1702
f 1704/1704 1705/1705 1706/1706
f 1705/1705 1707/1707 1706/1706
f 1708/1708 1709/1709 1710/1710
f 1709/1709 1711/1711 1710/1710
f 1712/1712 1713/1713 1714/1714
f 1715/1715 1714/1714 1713/1713
f 1716/1716 1717/1717 1718/1718
f 1719/1719 1718/1718 1717/1717
f 1720/1720 1721/1721 1722/1722
f 1721/1721 1723/1723 1722/1722
f 1724/1724 1725/1725 1726/1726
f 1725/1725 1727/1727 1726/1726
f 1728/1728 1729/1729 1730/1730
f 1729/1729 1731/1731 1730/1730
f 1732/1732 1733/1733 1734/1734
f 1734/1734 1733/1733 1735/1735
f 1736/1736 1737/1737 1738/1738
f 1737/1737 1739/1739 1738/1738
f 1737/1737 1740/1740 1739/1739
f 1740/1740 1741/1741 1739/1739
f 1742/1742 1743/1743 1744/1744
f 1743/1743 1745/1745 1744/1744
f 1746/1746 1747/1747 1748/1748
f 1747/1747 1749/1749 1748/1748
f 1750/1750 1751/1751 1752/1752
f 1753/1753 1752/1752 1751/1751
f 1754/1754 1755/1755 1756/1756
f 1757/1757 1756/1756 1755/1755
f 1758/1758 1759/1759 1760/1760
f 1759/1759 1761/1761 1760/1760
f 1762/1762 1763/1763 1764/1764
f 1763/1763 1765/1765 1764/1764
f 1766/1766 1767/1767 1768/1768
f 1767/1767 1769/1769 1768/1768
f 1770/1770 1771/1771 1772/1772
f 1771/1771 1773/1773 1772/1772
f 1771/1771 1774/1774 1773/1773
f 1774/1774 1775/1775 1773/1773
f 1776/1776 1777/1777 1778/1778
f 1778/1778 1777/1777 1779/1779
f 1780/1780 1781/1781 1782/1782
f 1781/1781 1783/1783 1782/1782
f 1784/1784 1785/1785 1786/1786
f 1785/1785 1787/1787 1786/1786

usemtl texture14

f 1788/1788 1789/1789 1790/1790
f 1789/1789 1791/1791 1790/1790
f 1792/1792 1793/1793 1794/1794
f 1793/1793 1795/1795 1794/1794
f 1796/1796 1797/1797 1798/1798
f 1797/1797 1799/1799 1798/1798
f 1800/1800 1792/1792 1801/1801
f 1792/1792 1794/1794 1801/1801
f 1793/1793 1802/1802 1795/1795
f 1802/1802 1803/1803 1795/1795
f 1804/1804 1799/1799 1805/1805
f 1797/1797 1805/1805 1799/1799
f 1789/1789 1806/1806 1798/1798
f 1806/1806 1796/1796 1798/1798
f 1807/1807 1800/1800 1808/1808
f 1800/1800 1801/1801 1808/1808
f 1802/1802 1809/1809 1803/1803
f 1809/1809 1810/1810 1803/1803
f 1809/1809 1807/1807 1810/1810
f 1807/1807 1808/1808 1810/1810
f 1797/1797 1796/1796 1805/1805
f 1796/1796 1806/1806 1805/1805
f 1805/1805 1806/1806 1811/1811
f 1806/1806 1812/1812 1811/1811
f 1813/1813 1814/1814 1812/1812
f 1814/1814 1811/1811 1812/1812
f 1815/1815 1816/1816 1817/1817
f 1816/1816 1818/1818 1817/1817
f 1819/1819 1813/1813 1806/1806
f 1813/1813 1812/1812 1806/1806
f 1820/1820 1805/1805 1814/1814
f 1814/1814 1805/1805 1811/1811
f 1821/1821 1815/1815 1822/1822
f 1815/1815 1817/1817 1822/1822
f 1816/1816 1823/1823 1818/1818
f 1823/1823 1824/1824 1818/1818
f 1825/1825 1821/1821 1826/1826
f 1821/1821 1822/1822 1826/1826
f 1823/1823 1827/1827 1824/1824
f 1827/1827 1828/1828 1824/1824
f 1827/1827 1825/1825 1828/1828
f 1825/1825 1826/1826 1828/1828
f 1829/1829 1830/1830 1831/1831
f 1830/1830 1819/1819 1831/1831
f 1832/1832 1833/1833 1834/1834
f 1833/1833 1835/1835 1834/1834
f 1836/1836 1837/1837 1838/1838
f 1837/1837 1839/1839 1838/1838
f 1840/1840 1841/1841 1842/1842
f 1841/1841 1843/1843 1842/1842
f 1844/1844 1836/1836 1845/1845
f 1836/1836 1838/1838 1845/1845
f 1837/1837 1846/1846 1839/1839
f 1846/1846 1847/1847 1839/1839
f 1848/1848 1843/1843 1849/1849
f 1841/1841 1849/1849 1843/1843
f 1833/1833 1850/1850 1842/1842
f 1850/1850 1840/1840 1842/1842
f 1851/1851 1844/1844 1852/1852
f 1844/1844 1845/1845 1852/1852
f 1846/1846 1853/1853 1847/1847
f 1853/1853 1854/1854 1847/1847
f 1853/1853 1851/1851 1854/1854
f 1851/1851 1852/1852 1854/1854
f 1841/1841 1840/1840 1849/1849
f 1840/1840 1850/1850 1849/1849
f 1849/1849 1850/1850 1855/1855
f 1850/1850 1856/1856 1855/1855
f 1857/1857 1858/1858 1856/1856
f 1858/1858 1855/1855 1856/1856
f 1859/1859 1860/1860 1861/1861
f 1860/1860 1862/1862 1861/1861
f 1863/1863 1849/1849 1858/1858
f 1858/1858 1849/1849 1855/1855
f 1864/1864 1857/1857 1850/1850
f 1857/1857 1856/1856 1850/1850
f 1865/1865 1859/1859 1866/1866
f 1859/1859 1861/1861 1866/1866
f 1860/1860 1867/1867 1862/1862
f 1867/1867 1868/1868 1862/1862
f 1869/1869 1865/1865 1870/1870
f 1865/1865 1866/1866 1870/1870
f 1867/1867 1871/1871 1868/1868
f 1871/1871 1872/1872 1868/1868
f 1871/1871 1869/1869 1872/1872
f 1869/1869 1870/1870 1872/1872
f 1873/1873 1874/1874 1875/1875
f 1874/1874 1864/1864 1875/1875
f 1876/1876 1877/1877 1878/1878
f 1877/1877 1879/1879 1878/1878
f 1880/1880 1881/1881 1882/1882
f 1881/1881 1883/1883 1882/1882
f 1884/1884 1879/1879 1885/1885
f 1877/1877 1885/1885 1879/1879
f 1881/1881 1886/1886 1878/1878
f 1886/1886 1876/1876 1878/1878
f 1887/1887 1888/1888 1889/1889
f 1888/1888 1890/1890 1889/1889
f 1877/1877 1876/1876 1885/1885
f 1876/1876 1886/1886 1885/1885
f 1891/1891 1892/1892 1893/1893
f 1892/1892 1894/1894 1893/1893
f 1895/1895 1891/1891 1896/1896
f 1891/1891 1893/1893 1896/1896
f 1892/1892 1897/1897 1894/1894
f 1897/1897 1898/1898 1894/1894
f 1885/1885 1886/1886 1890/1890
f 1886/1886 1889/1889 1890/1890
f 1897/1897 1899/1899 1898/1898
f 1899/1899 1900/1900 1898/1898
f 1901/1901 1895/1895 1902/1902
f 1895/1895 1896/1896 1902/1902
f 1899/1899 1901/1901 1900/1900
f 1901/1901 1902/1902 1900/1900
f 1903/1903 1885/1885 1888/1888
f 1888/1888 1885/1885 1890/1890
f 1904/1904 1887/1887 1886/1886
f 1887/1887 1889/1889 1886/1886
f 1905/1905 1906/1906 1907/1907
f 1906/1906 1904/1904 1907/1907
f 1908/1908 1909/1909 1910/1910
f 1909/1909 1911/1911 1910/1910
f 1912/1912 1908/1908 1913/1913
f 1908/1908 1910/1910 1913/1913
f 1909/1909 1914/1914 1911/1911
f 1914/1914 1915/1915 1911/1911
f 1916/1916 1912/1912 1917/1917
f 1912/1912 1913/1913 1917/1917
f 1914/1914 1918/1918 1915/1915
f 1918/1918 1919/1919 1915/1915
f 1918/1918 1916/1916 1919/1919
f 1916/1916 1917/1917 1919/1919
f 1920/1920 1921/1921 1922/1922
f 1921/1921 1923/1923 1922/1922
f 1924/1924 1925/1925 1926/1926
f 1925/1925 1927/1927 1926/1926
f 1928/1928 1923/1923 1929/1929
f 1921/1921 1929/1929 1923/1923
f 1925/1925 1930/1930 1922/1922
f 1930/1930 1920/1920 1922/1922
f 1931/1931 1932/1932 1933/1933
f 1932/1932 1934/1934 1933/1933
f 1921/1921 1920/1920 1929/1929
f 1920/1920 1930/1930 1929/1929
f 1935/1935 1936/1936 1937/1937
f 1936/1936 1938/1938 1937/1937
f 1939/1939 1935/1935 1940/1940
f 1935/1935 1937/1937 1940/1940
f 1936/1936 1941/1941 1938/1938
f 1941/1941 1942/1942 1938/1938
f 1929/1929 1930/1930 1934/1934
f 1930/1930 1933/1933 1934/1934
f 1943/1943 1939/1939 1944/1944
f 1939/1939 1940/1940 1944/1944
f 1941/1941 1945/1945 1942/1942
f 1945/1945 1946/1946 1942/1942
f 1945/1945 1943/1943 1946/1946
f 1943/1943 1944/1944 1946/1946
f 1947/1947 1929/1929 1932/1932
f 1932/1932 1929/1929 1934/1934
f 1948/1948 1931/1931 1930/1930
f 1931/1931 1933/1933 1930/1930
f 1949/1949 1950/1950 1951/1951
f 1950/1950 1948/1948 1951/1951
f 1952/1952 1953/1953 1954/1954
f 1953/1953 1955/1955 1954/1954
f 1956/1956 1952/1952 1957/1957
f 1952/1952 1954/1954 1957/1957
f 1953/1953 1958/1958 1955/1955
f 1958/1958 1959/1959 1955/1955
f 1960/1960 1956/1956 1961/1961
f 1956/1956 1957/1957 1961/1961
f 1958/1958 1962/1962 1959/1959
f 1962/1962 1963/1963 1959/1959
f 1962/1962 1960/1960 1963/1963
f 1960/1960 1961/1961 1963/1963
f 1964/1964 1965/1965 1966/1966
f 1965/1965 1967/1967 1966/1966
f 1968/1968 1969/1969 1970/1970
f 1969/1969 1971/1971 1970/1970
f 1972/1972 1973/1973 1974/1974
f 1973/1973 1975/1975 1974/1974
f 1976/1976 1967/1967 1977/1977
f 1965/1965 1977/1977 1967/1967
f 1969/1969 1978/1978 1966/1966
f 1978/1978 1964/1964 1966/1966
f 1965/1965 1964/1964 1977/1977
f 1964/1964 1978/1978 1977/1977
f 1977/1977 1978/1978 1975/1975
f 1978/1978 1974/1974 1975/1975
f 1979/1979 1980/1980 1981/1981
f 1980/1980 1982/1982 1981/1981
f 1983/1983 1979/1979 1984/1984
f 1979/1979 1981/1981 1984/1984
f 1980/1980 1985/1985 1982/1982
f 1985/1985 1986/1986 1982/1982
f 1987/1987 1972/1972 1978/1978
f 1972/1972 1974/1974 1978/1978
f 1988/1988 1977/1977 1973/1973
f 1973/1973 1977/1977 1975/1975
f 1985/1985 1989/1989 1986/1986
f 1989/1989 1990/1990 1986/1986
f 1991/1991 1983/1983 1992/1992
f 1983/1983 1984/1984 1992/1992
f 1989/1989 1991/1991 1990/1990
f 1991/1991 1992/1992 1990/1990
f 1993/1993 1994/1994 1995/1995
f 1994/1994 1987/1987 1995/1995
f 1996/1996 1997/1997 1998/1998
f 1997/1997 1999/1999 1998/1998
f 2000/2000 1996/1996 2001/2001
f 1996/1996 1998/1998 2001/2001
f 1997/1997 2002/2002 1999/1999
f 2002/2002 2003/2003 1999/1999
f 2004/2004 2000/2000 2005/2005
f 2000/2000 2001/2001 2005/2005
f 2002/2002 2006/2006 2003/2003
f 2006/2006 2007/2007 2003/2003
f 2006/2006 2004/2004 2007/2007
f 2004/2004 2005/2005 2007/2007
f 2008/2008 2009/2009 2010/2010
f 2009/2009 2011/2011 2010/2010
f 2012/2012 2013/2013 2014/2014
f 2013/2013 2015/2015 2014/2014
f 2016/2016 2017/2017 2018/2018
f 2017/2017 2019/2019 2018/2018
f 2020/2020 2011/2011 2021/2021
f 2009/2009 2021/2021 2011/2011
f 2013/2013 2022/2022 2010/2010
f 2022/2022 2008/2008 2010/2010
f 2009/2009 2008/2008 2021/2021
f 2008/2008 2022/2022 2021/2021
f 2021/2021 2022/2022 2019/2019
f 2022/2022 2018/2018 2019/2019
f 2023/2023 2024/2024 2025/2025
f 2024/2024 2026/2026 2025/2025
f 2027/2027 2023/2023 2028/2028
f 2023/2023 2025/2025 2028/2028
f 2024/2024 2029/2029 2026/2026
f 2029/2029 2030/2030 2026/2026
f 2031/2031 2021/2021 2017/2017
f 2017/2017 2021/2021 2019/2019
f 2032/2032 2016/2016 2022/2022
f 2016/2016 2018/2018 2022/2022
f 2029/2029 2033/2033 2030/2030
f 2033/2033 2034/2034 2030/2030
f 2035/2035 2027/2027 2036/2036
f 2027/2027 2028/2028 2036/2036
f 2033/2033 2035/2035 2034/2034
f 2035/2035 2036/2036 2034/2034
f 2037/2037 2038/2038 2039/2039
f 2038/2038 2032/2032 2039/2039
f 2040/2040 2041/2041 2042/2042
f 2041/2041 2043/2043 2042/2042
f 2044/2044 2040/2040 2045/2045
f 2040/2040 2042/2042 2045/2045
f 2041/2041 2046/2046 2043/2043
f 2046/2046 2047/2047 2043/2043
f 2048/2048 2044/2044 2049/2049
f 2044/2044 2045/2045 2049/2049
f 2046/2046 2050/2050 2047/2047
f 2050/2050 2051/2051 2047/2047
f 2050/2050 2048/2048 2051/2051
f 2048/2048 2049/2049 2051/2051

usemtl texture15

f 2052/2052 2053/2053 2054/2054
f 2055/2055 2054/2054 2053/2053
f 2053/2053 2052/2052 2056/2056
f 2052/2052 2057/2057 2056/2056
f 2053/2053 2058/2058 2055/2055
f 2059/2059 2055/2055 2058/2058
f 2060/2060 2052/2052 2061/2061
f 2054/2054 2061/2061 2052/2052
f 2058/2058 2053/2053 2062/2062
f 2053/2053 2056/2056 2062/2062
f 2052/2052 2060/2060 2057/2057
f 2060/2060 2063/2063 2057/2057
f 2058/2058 2064/2064 2059/2059
f 2065/2065 2059/2059 2064/2064
f 2066/2066 2060/2060 2067/2067
f 2061/2061 2067/2067 2060/2060
f 2064/2064 2058/2058 2068/2068
f 2058/2058 2062/2062 2068/2068
f 2060/2060 2066/2066 2063/2063
f 2066/2066 2069/2069 2063/2063
f 2064/2064 2066/2066 2065/2065
f 2067/2067 2065/2065 2066/2066
f 2066/2066 2064/2064 2069/2069
f 2064/2064 2068/2068 2069/2069
f 2070/2070 2071/2071 2072/2072
f 2073/2073 2072/2072 2071/2071
f 2071/2071 2070/2070 2074/2074
f 2070/2070 2075/2075 2074/2074
f 2071/2071 2076/2076 2073/2073
f 2077/2077 2073/2073 2076/2076
f 2078/2078 2070/2070 2079/2079
f 2072/2072 2079/2079 2070/2070
f 2076/2076 2071/2071 2080/2080
f 2071/2071 2074/2074 2080/2080
f 2070/2070 2078/2078 2075/2075
f 2078/2078 2081/2081 2075/2075
f 2076/2076 2082/2082 2077/2077
f 2083/2083 2077/2077 2082/2082
f 2084/2084 2078/2078 2085/2085
f 2079/2079 2085/2085 2078/2078
f 2082/2082 2076/2076 2086/2086
f 2076/2076 2080/2080 2086/2086
f 2078/2078 2084/2084 2081/2081
f 2084/2084 2087/2087 2081/2081
f 2082/2082 2084/2084 2083/2083
f 2085/2085 2083/2083 2084/2084
f 2084/2084 2082/2082 2087/2087
f 2082/2082 2086/2086 2087/2087
f 2088/2088 2089/2089 2090/2090
f 2091/2091 2088/2088 2090/2090
f 2089/2089 2092/2092 2090/2090
f 2093/2093 2091/2091 2090/2090
f 2092/2092 2094/2094 2090/2090
f 2094/2094 2093/2093 2090/2090
f 2095/2095 2096/2096 2097/2097
f 2098/2098 2095/2095 2097/2097
f 2096/2096 2099/2099 2097/2097
f 2100/2100 2098/2098 2097/2097
f 2099/2099 2101/2101 2097/2097
f 2101/2101 2100/2100 2097/2097
f 2102/2102 2103/2103 2104/2104
f 2105/2105 2104/2104 2103/2103
f 2103/2103 2102/2102 2106/2106
f 2102/2102 2107/2107 2106/2106
f 2103/2103 2108/2108 2105/2105
f 2109/2109 2105/2105 2108/2108
f 2110/2110 2102/2102 2111/2111
f 2104/2104 2111/2111 2102/2102
f 2108/2108 2103/2103 2112/2112
f 2103/2103 2106/2106 2112/2112
f 2102/2102 2110/2110 2107/2107
f 2110/2110 2113/2113 2107/2107
f 2108/2108 2114/2114 2109/2109
f 2115/2115 2109/2109 2114/2114
f 2116/2116 2110/2110 2117/2117
f 2111/2111 2117/2117 2110/2110
f 2114/2114 2108/2108 2118/2118
f 2108/2108 2112/2112 2118/2118
f 2110/2110 2116/2116 2113/2113
f 2116/2116 2119/2119 2113/2113
f 2114/2114 2116/2116 2115/2115
f 2117/2117 2115/2115 2116/2116
f 2116/2116 2114/2114 2119/2119
f 2114/2114 2118/2118 2119/2119
f 2120/2120 2121/2121 2122/2122
f 2123/2123 2122/2122 2121/2121
f 2121/2121 2120/2120 2124/2124
f 2120/2120 2125/2125 2124/2124
f 2121/2121 2126/2126 2123/2123
f 2127/2127 2123/2123 2126/2126
f 2128/2128 2120/2120 2129/2129
f 2122/2122 2129/2129 2120/2120
f 2126/2126 2121/2121 2130/2130
f 2121/2121 2124/2124 2130/2130
f 2120/2120 2128/2128 2125/2125
f 2128/2128 2131/2131 2125/2125
f 2126/2126 2132/2132 2127/2127
f 2133/2133 2127/2127 2132/2132
f 2134/2134 2128/2128 2135/2135
f 2129/2129 2135/2135 2128/2128
f 2132/2132 2126/2126 2136/2136
f 2126/2126 2130/2130 2136/2136
f 2128/2128 2134/2134 2131/2131
f 2134/2134 2137/2137 2131/2131
f 2132/2132 2134/2134 2133/2133
f 2135/2135 2133/2133 2134/2134
f 2134/2134 2132/2132 2137/2137
f 2132/2132 2136/2136 2137/2137
f 2138/2138 2139/2139 2140/2140
f 2141/2141 2138/2138 2140/2140
f 2139/2139 2142/2142 2140/2140
f 2143/2143 2141/2141 2140/2140
f 2142/2142 2144/2144 2140/2140
f 2144/2144 2143/2143 2140/2140
f 2145/2145 2146/2146 2147/2147
f 2148/2148 2145/2145 2147/2147
f 2146/2146 2149/2149 2147/2147
f 2150/2150 2148/2148 2147/2147
f 2149/2149 2151/2151 2147/2147
f 2151/2151 2150/2150 2147/2147
f 2152/2152 2153/2153 2154/2154
f 2155/2155 2154/2154 2153/2153
f 2153/2153 2156/2156 2155/2155
f 2157/2157 2155/2155 2156/2156
f 2158/2158 2152/2152 2159/2159
f 2154/2154 2159/2159 2152/2152
f 2156/2156 2160/2160 2157/2157
f 2161/2161 2157/2157 2160/2160
f 2162/2162 2158/2158 2163/2163
f 2159/2159 2163/2163 2158/2158
f 2153/2153 2152/2152 2164/2164
f 2152/2152 2165/2165 2164/2164
f 2160/2160 2162/2162 2161/2161
f 2163/2163 2161/2161 2162/2162
f 2156/2156 2153/2153 2166/2166
f 2153/2153 2164/2164 2166/2166
f 2152/2152 2158/2158 2165/2165
f 2158/2158 2167/2167 2165/2165
f 2160/2160 2156/2156 2168/2168
f 2156/2156 2166/2166 2168/2168
f 2158/2158 2162/2162 2167/2167
f 2162/2162 2169/2169 2167/2167
f 2162/2162 2160/2160 2169/2169
f 2160/2160 2168/2168 2169/2169
f 2170/2170 2171/2171 2172/2172
f 2173/2173 2172/2172 2171/2171
f 2171/2171 2174/2174 2173/2173
f 2175/2175 2173/2173 2174/2174
f 2176/2176 2170/2170 2177/2177
f 2172/2172 2177/2177 2170/2170
f 2174/2174 2178/2178 2175/2175
f 2179/2179 2175/2175 2178/2178
f 2180/2180 2176/2176 2181/2181
f 2177/2177 2181/2181 2176/2176
f 2171/2171 2170/2170 2182/2182
f 2170/2170 2183/2183 2182/2182
f 2178/2178 2180/2180 2179/2179
f 2181/2181 2179/2179 2180/2180
f 2174/2174 2171/2171 2184/2184
f 2171/2171 2182/2182 2184/2184
f 2170/2170 2176/2176 2183/2183
f 2176/2176 2185/2185 2183/2183
f 2178/2178 2174/2174 2186/2186
f 2174/2174 2184/2184 2186/2186
f 2176/2176 2180/2180 2185/2185
f 2180/2180 2187/2187 2185/2185
f 2180/2180 2178/2178 2187/2187
f 2178/2178 2186/2186 2187/2187
f 2188/2188 2189/2189 2190/2190
f 2191/2191 2188/2188 2190/2190
f 2189/2189 2192/2192 2190/2190
f 2193/2193 2191/2191 2190/2190
f 2192/2192 2194/2194 2190/2190
f 2194/2194 2193/2193 2190/2190
f 2195/2195 2196/2196 2197/2197
f 2198/2198 2195/2195 2197/2197
f 2196/2196 2199/2199 2197/2197
f 2200/2200 2198/2198 2197/2197
f 2199/2199 2201/2201 2197/2197
f 2201/2201 2200/2200 2197/2197
f 2202/2202 2203/2203 2204/2204
f 2205/2205 2204/2204 2203/2203
f 2203/2203 2206/2206 2205/2205
f 2207/2207 2205/2205 2206/2206
f 2208/2208 2202/2202 2209/2209
f 2204/2204 2209/2209 2202/2202
f 2206/2206 2210/2210 2207/2207
f 2211/2211 2207/2207 2210/2210
f 2212/2212 2208/2208 2213/2213
f 2209/2209 2213/2213 2208/2208
f 2203/2203 2202/2202 2214/2214
f 2202/2202 2215/2215 2214/2214
f 2210/2210 2212/2212 2211/2211
f 2213/2213 2211/2211 2212/2212
f 2206/2206 2203/2203 2216/2216
f 2203/2203 2214/2214 2216/2216
f 2202/2202 2208/2208 2215/2215
f 2208/2208 2217/2217 2215/2215
f 2210/2210 2206/2206 2218/2218
f 2206/2206 2216/2216 2218/2218
f 2208/2208 2212/2212 2217/2217
f 2212/2212 2219/2219 2217/2217
f 2212/2212 2210/2210 2219/2219
f 2210/2210 2218/2218 2219/2219
f 2220/2220 2221/2221 2222/2222
f 2223/2223 2222/2222 2221/2221
f 2221/2221 2224/2224 2223/2223
f 2225/2225 2223/2223 2224/2224
f 2226/2226 2220/2220 2227/2227
f 2222/2222 2227/2227 2220/2220
f 2224/2224 2228/2228 2225/2225
f 2229/2229 2225/2225 2228/2228
f 2230/2230 2226/2226 2231/2231
f 2227/2227 2231/2231 2226/2226
f 2221/2221 2220/2220 2232/2232
f 2220/2220 2233/2233 2232/2232
f 2228/2228 2230/2230 2229/2229
f 2231/2231 2229/2229 2230/2230
f 2224/2224 2221/2221 2234/2234
f 2221/2221 2232/2232 2234/2234
f 2220/2220 2226/2226 2233/2233
f 2226/2226 2235/2235 2233/2233
f 2228/2228 2224/2224 2236/2236
f 2224/2224 2234/2234 2236/2236
f 2226/2226 2230/2230 2235/2235
f 2230/2230 2237/2237 2235/2235
f 2230/2230 2228/2228 2237/2237
f 2228/2228 2236/2236 2237/2237
f 2238/2238 2239/2239 2240/2240
f 2216/2216 2238/2238 2240/2240
f 2239/2239 2241/2241 2240/2240
f 2218/2218 2216/2216 2240/2240
f 2241/2241 2219/2219 2240/2240
f 2219/2219 2218/2218 2240/2240
f 2242/2242 2243/2243 2244/2244
f 2245/2245 2242/2242 2244/2244
f 2243/2243 2246/2246 2244/2244
f 2247/2247 2245/2245 2244/2244
f 2246/2246 2248/2248 2244/2244
f 2248/2248 2247/2247 2244/2244
f 2249/2249 2250/2250 2251/2251
f 2252/2252 2251/2251 2250/2250
f 2250/2250 2253/2253 2252/2252
f 2254/2254 2252/2252 2253/2253
f 2255/2255 2249/2249 2256/2256
f 2251/2251 2256/2256 2249/2249
f 2253/2253 2257/2257 2254/2254
f 2258/2258 2254/2254 2257/2257
f 2259/2259 2255/2255 2260/2260
f 2256/2256 2260/2260 2255/2255
f 2257/2257 2259/2259 2258/2258
f 2260/2260 2258/2258 2259/2259
f 2250/2250 2249/2249 2261/2261
f 2249/2249 2262/2262 2261/2261
f 2253/2253 2250/2250 2263/2263
f 2250/2250 2261/2261 2263/2263
f 2249/2249 2255/2255 2262/2262
f 2255/2255 2264/2264 2262/2262
f 2257/2257 2253/2253 2265/2265
f 2253/2253 2263/2263 2265/2265
f 2255/2255 2259/2259 2264/2264
f 2259/2259 2266/2266 2264/2264
f 2259/2259 2257/2257 2266/2266
f 2257/2257 2265/2265 2266/2266
f 2267/2267 2268/2268 2269/2269
f 2270/2270 2269/2269 2268/2268
f 2268/2268 2271/2271 2270/2270
f 2272/2272 2270/2270 2271/2271
f 2273/2273 2267/2267 2274/2274
f 2269/2269 2274/2274 2267/2267
f 2271/2271 2275/2275 2272/2272
f 2276/2276 2272/2272 2275/2275
f 2277/2277 2273/2273 2278/2278
f 2274/2274 2278/2278 2273/2273
f 2275/2275 2277/2277 2276/2276
f 2278/2278 2276/2276 2277/2277
f 2268/2268 2267/2267 2279/2279
f 2267/2267 2280/2280 2279/2279
f 2271/2271 2268/2268 2281/2281
f 2268/2268 2279/2279 2281/2281
f 2267/2267 2273/2273 2280/2280
f 2273/2273 2282/2282 2280/2280
f 2275/2275 2271/2271 2283/2283
f 2271/2271 2281/2281 2283/2283
f 2273/2273 2277/2277 2282/2282
f 2277/2277 2284/2284 2282/2282
f 2277/2277 2275/2275 2284/2284
f 2275/2275 2283/2283 2284/2284
f 2285/2285 2286/2286 2287/2287
f 2288/2288 2285/2285 2287/2287
f 2286/2286 2289/2289 2287/2287
f 2290/2290 2288/2288 2287/2287
f 2289/2289 2291/2291 2287/2287
f 2291/2291 2290/2290 2287/2287
f 2292/2292 2293/2293 2294/2294
f 2295/2295 2292/2292 2294/2294
f 2293/2293 2296/2296 2294/2294
f 2297/2297 2295/2295 2294/2294
f 2296/2296 2298/2298 2294/2294
f 2298/2298 2297/2297 2294/2294
f 2299/2299 2300/2300 2301/2301
f 2302/2302 2301/2301 2300/2300
f 2303/2303 2299/2299 2304/2304
f 2301/2301 2304/2304 2299/2299
f 2300/2300 2305/2305 2302/2302
f 2306/2306 2302/2302 2305/2305
f 2305/2305 2307/2307 2306/2306
f 2308/2308 2306/2306 2307/2307
f 2309/2309 2303/2303 2310/2310
f 2304/2304 2310/2310 2303/2303
f 2307/2307 2309/2309 2308/2308
f 2310/2310 2308/2308 2309/2309
f 2300/2300 2299/2299 2311/2311
f 2299/2299 2312/2312 2311/2311
f 2305/2305 2300/2300 2313/2313
f 2300/2300 2311/2311 2313/2313
f 2299/2299 2303/2303 2312/2312
f 2303/2303 2314/2314 2312/2312
f 2307/2307 2305/2305 2315/2315
f 2305/2305 2313/2313 2315/2315
f 2303/2303 2309/2309 2314/2314
f 2309/2309 2316/2316 2314/2314
f 2309/2309 2307/2307 2316/2316
f 2307/2307 2315/2315 2316/2316
f 2317/2317 2318/2318 2319/2319
f 2320/2320 2319/2319 2318/2318
f 2318/2318 2321/2321 2320/2320
f 2322/2322 2320/2320 2321/2321
f 2323/2323 2317/2317 2324/2324
f 2319/2319 2324/2324 2317/2317
f 2321/2321 2325/2325 2322/2322
f 2326/2326 2322/2322 2325/2325
f 2327/2327 2323/2323 2328/2328
f 2324/2324 2328/2328 2323/2323
f 2325/2325 2327/2327 2326/2326
f 2328/2328 2326/2326 2327/2327
f 2318/2318 2317/2317 2329/2329
f 2317/2317 2330/2330 2329/2329
f 2321/2321 2318/2318 2331/2331
f 2318/2318 2329/2329 2331/2331
f 2317/2317 2323/2323 2330/2330
f 2323/2323 2332/2332 2330/2330
f 2325/2325 2321/2321 2333/2333
f 2321/2321 2331/2331 2333/2333
f 2323/2323 2327/2327 2332/2332
f 2327/2327 2334/2334 2332/2332
f 2327/2327 2325/2325 2334/2334
f 2325/2325 2333/2333 2334/2334
f 2335/2335 2336/2336 2337/2337
f 2338/2338 2335/2335 2337/2337
f 2336/2336 2339/2339 2337/2337
f 2340/2340 2338/2338 2337/2337
f 2339/2339 2341/2341 2337/2337
f 2341/2341 2340/2340 2337/2337
f 2342/2342 2343/2343 2344/2344
f 2345/2345 2342/2342 2344/2344
f 2343/2343 2346/2346 2344/2344
f 2347/2347 2345/2345 2344/2344
f 2346/2346 2348/2348 2344/2344
f 2348/2348 2347/2347 2344/2344

