# Created by Metasequoia

mtllib Road_rock.mtl

v -389.279846 -89.999992 -1298.618164
v -949.999817 -89.999992 -1650.000000
v -949.999817 -89.999992 -1142.137695
v -379.581665 -89.999992 954.600586
v -949.999878 -89.999992 643.202148
v -949.999817 -89.999992 1124.718750
v -370.058258 -89.999992 318.342773
v -949.999817 -89.999992 209.783203
v -365.402496 -89.999992 2.324220
v -949.999817 -89.999992 -182.234375
v -949.999817 -89.999992 1650.000000
v -365.335663 -89.999992 1299.999023
v -364.470367 -89.999992 -324.913086
v -949.999878 -89.999992 -636.736328
v -360.521667 -89.999992 -939.573242
v -749.999817 -89.999992 2050.000000
v -368.328766 -89.999992 1584.210938
v -352.381165 -89.999992 -1621.580078
v -749.999817 -89.999992 -2050.000000
v -378.865265 -89.999992 629.141602
v -372.474762 -89.999992 -619.491211
v -113.312378 -89.999992 1659.988281
v -128.629761 -89.999992 -1693.392578
v -299.999969 -89.999992 -2250.000000
v -299.999969 -89.999992 2250.000000
v -107.993896 -89.999992 953.228516
v -113.646477 -89.999992 -937.387695
v -122.882080 -89.999992 -318.445313
v -100.351501 -89.999992 316.479492
v -123.586670 -89.999992 -1298.837891
v -112.129387 -89.999992 -614.709961
v -113.686096 -89.999992 -13.638670
v -117.659668 -89.999992 1297.761719
v -107.463562 -89.999992 640.381836
v 110.277649 -89.999992 -1691.000977
v 122.369453 -89.999992 -1302.303711
v 114.270447 -89.999992 -1.352540
v 118.890442 -89.999992 -620.198242
v 300.000000 -89.999992 2250.000000
v 128.068604 -89.999992 1307.015137
v 119.519409 -89.999992 653.991211
v 299.999939 -89.999992 -2250.000000
v 119.785713 -89.999992 -302.612305
v 114.796143 -89.999992 944.933594
v 123.661247 -89.999992 -950.927734
v 118.575500 -89.999992 314.512695
v 130.342407 -89.999992 1665.428711
v 374.020355 -89.999992 -12.114260
v 373.934418 -89.999992 -626.483398
v 392.896484 -89.999992 646.310547
v 394.926270 -89.999992 -1298.423828
v 385.032959 -89.999992 1303.310547
v 360.738037 -89.999992 -942.139648
v 353.259766 -89.999992 -1605.021484
v 369.871338 -89.999992 -322.443359
v 378.938477 -89.999992 312.134766
v 359.855469 -89.999992 1593.411621
v 378.901489 -89.999992 950.579102
v 749.999817 -89.999992 -2050.000000
v 749.999817 -89.999992 2050.000000
v 950.000000 -89.999992 -1146.266602
v 950.000000 -89.999992 -631.493164
v 950.000000 -89.999992 -194.061523
v 949.999817 -89.999992 1650.000000
v 949.999817 -89.999992 -1650.000000
v 950.000000 -89.999992 173.591797
v 950.000000 -89.999992 1147.639648
v 950.000000 -89.999992 634.163086
v -100.000000 -700.001343 -1600.000122
v -900.000305 -700.001343 -1600.000122
v -100.000000 -700.001343 -888.888916
v -100.000000 -700.001404 0.000000
v -900.000305 -700.001404 0.000000
v -700.000671 -700.001343 -1999.999756
v -99.999939 -700.001282 -2168.420898
v -249.999893 -700.001282 -2199.999756
v -100.000000 -700.001343 -1999.999756
v -100.000000 -700.001343 -1849.999756
v -1046.433716 799.999878 -260.000488
v -99.999939 799.999878 -291.265381
v -99.999939 799.999878 -260.000397
v -1046.433716 799.999878 -2366.432861
v -99.999939 799.999878 -292.500000
v -99.999939 799.999878 -2366.432861
v -316.421875 -699.999878 -1100.000000
v -245.710876 -699.999878 -1029.289307
v -316.421875 -102.499901 -1100.000000
v -245.710892 -102.499901 -1029.289185
v -298.744049 -102.499901 -1153.033081
v -245.710892 -102.499901 -1170.710815
v -298.744049 -699.999817 -1153.032959
v -245.710876 -699.999878 -1170.710693
v -174.999985 -102.499901 -1100.000000
v -174.999954 -699.999817 -1100.000000
v -192.677658 -699.999817 -1046.966919
v -192.677658 -102.499901 -1046.966919
v -900.000305 99.999908 -1600.000122
v -900.000305 500.000122 -1600.000122
v -900.000183 99.999908 -1066.666748
v -900.000183 500.000122 -1066.666748
v -700.000671 99.999908 -1999.999634
v -700.000671 500.000122 -1999.999756
v -900.000305 500.000122 0.000000
v -900.000366 99.999908 0.000000
v -900.000183 500.000092 -533.333313
v -900.000183 99.999908 -533.333313
v -249.999924 500.000092 -2199.999756
v -249.999908 99.999908 -2199.999756
v -900.000305 799.999878 -1600.000122
v -900.000183 799.999878 -1066.666748
v -900.000183 799.999878 -533.333313
v -900.000305 799.999878 0.000000
v -700.000671 799.999878 -1999.999756
v -249.999893 799.999878 -2199.999756
v -290.000000 260.001007 -240.000000
v -290.000000 300.000000 -305.910004
v -329.998993 300.000000 -240.000000
v -290.000000 339.998993 -240.000000
v -250.000992 300.000000 -240.000000
v -329.998993 240.000000 -920.000000
v -290.000000 240.000000 -854.090027
v -290.000000 200.000992 -920.000000
v -290.000000 279.998993 -920.000000
v -250.000992 240.000000 -920.000000
v -900.000183 -60.000000 -1066.666748
v -900.000183 -60.000000 -533.333313
v -900.000305 -60.000000 -1600.000122
v -700.000671 -60.000000 -1999.999756
v -700.000671 -60.000000 -1999.999634
v -700.000671 99.999908 -1999.999756
v -900.000305 -60.000000 0.000000
v -249.999893 -60.000000 -2199.999756
v -258.068268 -77.499901 -1059.279053
v -262.164978 -24.757601 -1056.940430
v -285.894470 -77.499901 -1087.104980
v -288.232361 -24.757601 -1083.008789
v -239.906158 -25.393900 -1138.229980
v -240.685471 12.266400 -1137.131348
v -206.943268 -25.393900 -1105.267334
v -208.042969 12.266400 -1104.487793
v -242.085861 -77.499901 -1139.261475
v -205.912064 -77.499901 -1103.087524
v -207.203079 49.696499 -1107.163696
v -238.009766 49.696499 -1137.970337
v -225.144516 79.264702 -1150.499512
v -195.041000 79.264603 -1120.395142
v -194.874969 115.958687 -1175.621948
v -169.718658 115.958603 -1150.466309
v -317.796875 46.525101 -1125.434082
v -302.021454 58.204800 -1151.933594
v -302.751862 13.881400 -1133.987793
v -296.328064 -24.920799 -1131.762451
v -291.607361 -77.499901 -1138.170288
v -297.919891 -24.757601 -1108.439331
v -294.124969 -77.499901 -1113.440430
v -276.494049 52.526299 -1150.336792
v -278.646454 12.791600 -1141.831787
v -291.281158 81.415100 -1158.138672
v -276.874969 -25.360800 -1139.377808
v -272.729462 -77.499901 -1146.183105
v -270.506775 80.071701 -1156.039063
v -252.038956 94.457207 -1167.034058
v -231.733353 -77.499901 -1051.049072
v -236.734360 -24.757601 -1047.253296
v -231.925751 104.656914 -1175.638306
v -207.038071 -77.499901 -1053.531128
v -200.687469 115.958687 -1181.435059
v -213.445267 -24.920799 -1048.809937
v -211.185471 13.881400 -1042.420776
v -203.341766 12.791600 -1066.527710
v -205.830063 -25.360800 -1068.263672
v -219.740143 46.525101 -1027.376831
v -193.240158 58.204800 -1043.151367
v -199.025345 -77.499901 -1072.409790
v -194.835846 52.526299 -1068.679199
v -189.134766 80.071701 -1074.666992
v -187.035049 81.415100 -1053.892578
v -178.138657 94.594398 -1093.134277
v -169.535065 104.656914 -1113.248047
v -163.738266 115.958687 -1144.485840
v -230.000122 79.999908 -840.000000
v -230.000183 79.999908 -920.000000
v -225.000122 42.499908 -845.000000
v -225.000122 42.499908 -915.000000
v -150.000122 79.999908 -920.000000
v -155.000183 42.499908 -915.000000
v -150.000122 79.999908 -840.000000
v -155.000122 42.499908 -845.000000
v -430.000122 79.999908 -840.000000
v -430.000183 79.999908 -920.000000
v -425.000122 42.499908 -845.000000
v -425.000122 42.499908 -915.000000
v -350.000122 79.999908 -920.000000
v -355.000153 42.499908 -915.000000
v -350.000122 79.999908 -840.000000
v -355.000122 42.499908 -845.000000
v -430.000122 109.999908 -540.000000
v -430.000183 109.999908 -620.000000
v -425.000122 72.499908 -545.000000
v -425.000122 72.499908 -615.000000
v -350.000122 109.999908 -620.000000
v -355.000153 72.499908 -615.000000
v -350.000122 109.999908 -540.000000
v -355.000122 72.499908 -545.000000
v -230.000122 109.999908 -540.000000
v -230.000183 109.999908 -620.000000
v -225.000122 72.499908 -545.000000
v -225.000122 72.499908 -615.000000
v -150.000122 109.999908 -620.000000
v -155.000183 72.499908 -615.000000
v -150.000122 109.999908 -540.000000
v -155.000122 72.499908 -545.000000
v -430.000122 139.999908 -240.000000
v -430.000183 139.999908 -320.000000
v -425.000122 102.499908 -245.000000
v -425.000122 102.499908 -315.000000
v -350.000122 139.999908 -320.000000
v -355.000153 102.499908 -315.000000
v -350.000122 139.999908 -240.000000
v -355.000122 102.499908 -245.000000
v -230.000122 139.999908 -240.000000
v -230.000183 139.999908 -320.000000
v -225.000122 102.499908 -245.000000
v -225.000122 102.499908 -315.000000
v -150.000122 139.999908 -320.000000
v -155.000183 102.499908 -315.000000
v -150.000122 139.999908 -240.000000
v -155.000122 102.499908 -245.000000
v -129.999893 -89.999901 -269.999908
v -129.999893 -89.999893 -569.999939
v -129.999893 -699.999878 -269.999908
v -129.999893 -699.999878 -569.999878
v -129.999893 -699.999878 -1299.999878
v -129.999893 -89.999901 -1299.999878
v -129.999893 -59.999901 -269.999908
v -129.999893 -59.999901 -569.999878
v -130.000992 140.000992 -329.998993
v -449.998993 140.000992 -330.000000
v -130.000992 459.998993 -329.998993
v -449.998993 459.998993 -330.000000
v -449.998993 80.000999 -830.000977
v -130.000992 80.000999 -830.000000
v -449.998993 399.998993 -830.000977
v -130.000992 399.998993 -830.000000
v -130.000992 110.000999 -629.999023
v -449.998993 110.000999 -630.000000
v -130.000992 429.998993 -629.999023
v -449.998993 429.998993 -630.000000
v -449.998993 110.000999 -530.000977
v -130.000992 110.000999 -530.000000
v -449.998993 429.998993 -530.000977
v -130.000992 429.998993 -530.000000
v -155.611267 149.606293 -1156.400635
v -188.773361 149.606293 -1189.562744
v -272.458954 112.400002 -1168.436523
v -293.603455 93.419899 -1158.781738
v -239.580032 132.409897 -1186.259033
v -203.063461 148.504501 -1197.380737
v -176.737259 112.400002 -1072.713867
v -186.392563 93.419899 -1051.570068
v -158.913971 132.409897 -1105.593994
v -147.792969 148.504395 -1142.109497
v -199.307587 -77.499901 -1053.596191
v -292.115204 -77.499901 -1146.403809
v -243.500961 -77.499901 -1038.128052
v -307.582977 -77.499901 -1102.209595
v -247.920883 -77.499901 -1161.871948
v -183.838867 -77.499901 -1097.790161
v -129.999893 -54.999901 -604.999878
v -129.999893 -55.000000 -1299.999878
v -129.999893 -24.999901 -604.999878
v -129.999893 -24.999901 -304.999908
v -129.999893 -29.999901 -269.999908
v -129.999893 4.999900 -304.999908
v -449.998993 140.000992 -230.001007
v -449.998962 459.998962 -230.001007
v -290.000000 300.000000 -319.998993
v -130.000992 140.000992 -230.000000
v -130.000992 459.998962 -230.000000
v -449.998993 80.000999 -930.000000
v -449.998962 399.998993 -930.000000
v -290.000000 240.000000 -840.000977
v -130.000992 80.000999 -929.999023
v -130.000992 399.998993 -929.999023
v -320.083954 67.464699 -1155.986206
v -326.453094 66.609001 -1149.315552
v -189.187485 67.464699 -1025.089844
v -195.858383 66.609001 -1018.719910
v -141.249893 -9.999900 -887.499878
v -141.249893 -9.999900 -897.499878
v -138.749893 -34.999901 -888.749817
v -138.749893 -34.999901 -896.249817
v -128.749893 -9.999900 -897.499878
v -131.249893 -34.999901 -896.249817
v -128.749893 -9.999900 -887.499878
v -131.249893 -34.999901 -888.749817
v -123.749901 -9.999900 -884.999878
v -123.749901 -9.999900 -894.999878
v -121.249901 -34.999901 -886.249817
v -121.249901 -34.999901 -893.749817
v -111.249901 -9.999900 -894.999878
v -113.749901 -34.999901 -893.749817
v -111.249901 -9.999900 -884.999878
v -113.749901 -34.999901 -886.249817
v -106.249901 -9.999900 -882.499878
v -106.249901 -9.999900 -892.499878
v -103.749901 -34.999901 -883.749817
v -103.749901 -34.999901 -891.249817
v -96.249901 -34.999901 -883.749817
v -141.249893 20.000099 -587.499878
v -141.249893 20.000099 -597.499878
v -138.749893 -4.999900 -588.749878
v -138.749893 -4.999900 -596.249878
v -128.749893 20.000099 -597.499878
v -131.249893 -4.999900 -596.249878
v -128.749893 20.000099 -587.499878
v -131.249893 -4.999900 -588.749878
v -123.749901 20.000099 -584.999878
v -123.749901 20.000099 -594.999878
v -121.249901 -4.999900 -586.249878
v -121.249901 -4.999900 -593.749878
v -111.249901 20.000099 -594.999878
v -113.749901 -4.999900 -593.749878
v -111.249901 20.000099 -584.999878
v -113.749901 -4.999900 -586.249878
v -106.249901 20.000099 -582.499878
v -106.249901 20.000099 -592.499878
v -103.749901 -4.999900 -583.749878
v -103.749901 -4.999900 -591.249878
v -96.249901 -4.999900 -583.749878
v -141.249893 50.000099 -287.499878
v -141.249893 50.000099 -297.499878
v -138.749893 25.000099 -288.749878
v -138.749893 25.000099 -296.249878
v -128.749893 50.000099 -297.499878
v -131.249893 25.000099 -296.249878
v -128.749893 50.000099 -287.499878
v -131.249893 25.000099 -288.749878
v -123.749901 50.000099 -284.999878
v -123.749901 50.000099 -294.999878
v -121.249901 25.000099 -286.249878
v -121.249901 25.000099 -293.749878
v -111.249901 50.000099 -294.999878
v -113.749901 25.000099 -293.749878
v -111.249901 50.000099 -284.999878
v -113.749901 25.000099 -286.249878
v -106.249901 50.000099 -282.499878
v -106.249901 50.000099 -292.499878
v -103.749901 25.000099 -283.749878
v -103.749901 25.000099 -291.249878
v -96.249901 25.000099 -283.749878
v -312.001862 -89.999893 -1101.104614
v -295.429657 -89.999893 -1149.718628
v -244.605469 -89.999893 -1033.708862
v -246.816391 -89.999893 -1166.291138
v -195.992172 -89.999893 -1050.281372
v -179.419861 -89.999893 -1098.895142
v -217.500122 19.999910 -852.500000
v -217.500122 42.499908 -852.500000
v -217.500122 19.999910 -907.500000
v -217.500122 42.499908 -907.500000
v -162.500183 19.999910 -852.500000
v -162.500183 42.499908 -852.500000
v -162.500122 42.499908 -907.500000
v -162.500122 19.999910 -907.500000
v -417.500122 19.999910 -852.500000
v -417.500122 42.499908 -852.500000
v -417.500122 19.999910 -907.500000
v -417.500122 42.499908 -907.500000
v -362.500153 19.999910 -852.500000
v -362.500183 42.499908 -852.500000
v -362.500122 42.499908 -907.500000
v -362.500122 19.999910 -907.500000
v -417.500122 49.999908 -552.500000
v -417.500122 72.499908 -552.500000
v -417.500122 49.999908 -607.500000
v -417.500122 72.499908 -607.500000
v -362.500153 49.999908 -552.500000
v -362.500183 72.499908 -552.500000
v -362.500122 72.499908 -607.500000
v -362.500122 49.999908 -607.500000
v -217.500122 49.999908 -552.500000
v -217.500122 72.499908 -552.500000
v -217.500122 49.999908 -607.500000
v -217.500122 72.499908 -607.500000
v -162.500183 49.999908 -552.500000
v -162.500183 72.499908 -552.500000
v -162.500122 72.499908 -607.500000
v -162.500122 49.999908 -607.500000
v -417.500122 79.999908 -252.500000
v -417.500122 102.499908 -252.500000
v -417.500122 79.999908 -307.500000
v -417.500122 102.499908 -307.500000
v -362.500122 102.499908 -307.500000
v -362.500122 79.999908 -307.500000
v -362.500153 79.999908 -252.500000
v -362.500183 102.499908 -252.500000
v -217.500122 79.999908 -252.500000
v -217.500122 102.499908 -252.500000
v -217.500122 79.999908 -307.500000
v -217.500122 102.499908 -307.500000
v -162.500122 102.499908 -307.500000
v -162.500122 79.999908 -307.500000
v -162.500183 79.999908 -252.500000
v -162.500183 102.499908 -252.500000
v -122.499901 -56.249901 -603.749878
v -122.499901 -26.249901 -603.749878
v -122.499901 -26.249901 -303.749908
v -122.499901 3.749900 -303.749908
v -275.958954 49.243198 -1040.621094
v -304.552704 49.243198 -1069.214722
v -302.001862 105.627197 -1070.676758
v -274.496063 105.627197 -1043.170288
v -290.294861 134.499100 -1081.600098
v -263.572266 134.499100 -1054.877930
v -264.101471 179.940308 -1119.154419
v -226.018448 179.940308 -1081.072266
v -233.648361 200.143005 -1144.880493
v -200.292969 200.143005 -1111.524292
v -206.728470 196.675903 -1169.061890
v -176.111267 196.675903 -1138.445801
v -163.257767 176.194901 -1149.854004
v -195.320267 176.194901 -1181.915771
v -319.052673 96.916298 -1106.306396
v -311.599579 122.567993 -1115.222534
v -304.496063 115.547798 -1140.296753
v -315.478455 48.054001 -1099.501709
v -296.581970 107.623703 -1153.283813
v -296.708954 134.336395 -1135.856689
v -288.230469 134.849106 -1149.723755
v -259.917969 182.237595 -1146.695313
v -249.222549 175.972107 -1171.797974
v -229.951141 122.567993 -1033.573242
v -245.671875 48.054001 -1029.695190
v -238.867157 96.916298 -1026.120239
v -221.042969 191.334198 -1173.017090
v -210.298782 134.336395 -1049.447632
v -204.875961 115.547798 -1040.677612
v -209.173782 173.875595 -1189.436890
v -198.478470 182.237595 -1085.255859
v -195.449158 134.849106 -1056.943481
v -191.890564 107.623703 -1048.591797
v -173.374985 175.972107 -1095.951172
v -172.156158 191.334198 -1124.131104
v -155.736267 173.875595 -1136.000488
v -149.979996 -699.980042 -1500.000000
v -149.979996 -699.980042 -1300.000000
v -149.979996 -90.019997 -1500.000000
v -149.979996 -90.019997 -1300.000000
v -149.979996 -60.020000 -1500.000000
v -149.979996 -60.020012 -1300.000000
v -99.980003 -699.980042 -1599.979980
v -99.980003 -90.019997 -1599.979980
v -99.980003 -60.020000 -1599.979980
v -59.980000 -699.980042 -1300.000000
v -59.980000 -90.019997 -1300.000000
v -122.500000 -60.020000 -1300.000000
v -449.998993 649.997986 -330.000000
v -449.998993 649.997986 -230.001007
v -449.998993 799.997986 -330.000000
v -449.998993 799.997986 -230.001007
v -130.000992 649.997986 -330.000000
v -130.000992 799.997986 -330.000000
v -130.000992 649.997986 -230.001007
v -130.000992 799.997986 -230.001007
v -449.998993 589.997986 -929.999023
v -449.998993 589.997986 -830.000000
v -449.998993 799.997986 -929.999023
v -449.998993 799.997986 -830.000000
v -130.000992 589.997986 -929.999023
v -130.000992 799.997986 -929.999023
v -130.000992 589.997986 -830.000000
v -130.000992 799.997986 -830.000000
v -449.998993 619.997986 -629.999023
v -449.998993 619.997986 -530.000000
v -449.998993 799.997986 -629.999023
v -449.998993 799.997986 -530.000000
v -130.000992 619.997986 -629.999023
v -130.000992 799.997986 -629.999023
v -130.000992 619.997986 -530.000000
v -130.000992 799.997986 -530.000000
v -378.996063 -23.828199 -1196.638794
v -362.191376 -44.602299 -1138.052734
v -380.414001 -16.609100 -1189.398315
v -376.177673 -37.420799 -1192.797607
v -368.273376 -39.080799 -1140.565308
v -358.179657 -45.186199 -1145.625122
v -378.578064 -17.051399 -1203.978271
v -373.169861 -14.162700 -1196.674194
v -368.773407 -23.649099 -1195.234741
v -352.085907 31.700001 -1181.683594
v -347.122955 26.521200 -1190.273804
v -341.290985 -2.131800 -1133.881836
v -348.140564 1.109900 -1138.077393
v -336.880768 26.748899 -1185.771973
v -336.638672 -2.635300 -1141.170654
v -345.769470 34.177200 -1194.514648
v -343.015564 35.026600 -1185.297363
v -332.144470 26.773899 -1129.568237
v -327.060455 23.211800 -1126.390015
v -319.165955 67.823997 -1154.865845
v -324.624969 23.067499 -1132.923950
v -316.527252 49.238400 -1129.500488
v -324.017578 67.245102 -1150.262695
v -313.853455 64.856201 -1153.755371
v -310.984375 48.399399 -1132.276489
v -194.910065 67.233498 -1021.156189
v -163.490158 31.688400 -993.087891
v -190.306564 67.812401 -1026.008301
v -159.876862 35.015099 -1002.157593
v -159.402267 26.737301 -1008.293518
v -191.417969 64.844597 -1031.320801
v -280.774353 124.627808 -1161.268799
v -155.775375 -16.620600 -964.758606
v -154.898361 26.509600 -998.050903
v -148.499969 -14.174300 -972.003723
v -159.904282 -42.276798 -951.859558
v -148.535065 -23.839800 -966.176331
v -151.753860 -40.438999 -957.750488
v -149.939346 -23.660700 -976.399963
v -243.146469 156.231201 -1184.371216
v -154.406143 -48.908798 -962.826233
v -218.783157 23.200199 -1018.113708
v -215.605469 26.762300 -1013.029114
v -215.673767 49.226799 -1028.646729
v -212.897385 48.387901 -1034.187988
v -212.249985 23.055901 -1020.548035
v -211.290970 -2.143400 -1003.881897
v -207.095657 1.098300 -997.033203
v -204.003860 -2.646800 -1008.535034
v -207.121063 -44.613899 -982.981445
v -204.607330 -39.092400 -976.899353
v -199.548767 -45.197800 -986.994202
v -179.735245 -89.052696 -948.390625
v -183.905258 124.627808 -1064.398804
v -160.802658 156.231201 -1102.026489
v -154.007767 -50.580700 -952.747620
v -150.659164 34.165600 -999.403320
v -146.653259 -45.896000 -951.893799
v -141.195267 -17.063000 -966.595215
v -276.189362 78.493797 -1037.890991
v -307.283173 78.493797 -1068.984863
v -321.152252 74.649902 -1099.541504
v -245.632797 74.650093 -1024.021606
v -210.000122 -700.000000 -900.000000
v -210.000122 -700.000000 -860.000000
v -210.000183 -90.000000 -900.000000
v -210.000122 -90.000000 -860.000000
v -210.000122 19.999910 -860.000000
v -210.000122 19.999910 -900.000000
v -170.000305 -90.000000 -900.000000
v -170.000183 -700.000000 -900.000000
v -170.000183 19.999910 -900.000000
v -170.000122 -700.000000 -860.000000
v -170.000122 -90.000000 -860.000000
v -170.000122 19.999910 -860.000000
v -410.000122 -700.000000 -900.000000
v -410.000122 -700.000000 -860.000000
v -410.000183 -90.000000 -900.000000
v -410.000122 -90.000000 -860.000000
v -410.000122 19.999910 -860.000000
v -410.000122 19.999910 -900.000000
v -370.000183 19.999910 -900.000000
v -370.000305 -90.000000 -900.000000
v -370.000183 -700.000000 -900.000000
v -370.000122 -700.000000 -860.000000
v -370.000122 -90.000000 -860.000000
v -370.000122 19.999910 -860.000000
v -410.000122 -700.000000 -600.000000
v -410.000122 -700.000000 -560.000000
v -410.000183 -89.999977 -600.000000
v -410.000122 -89.999977 -560.000000
v -410.000122 49.999908 -560.000000
v -410.000122 49.999908 -600.000000
v -370.000183 49.999908 -600.000000
v -370.000305 -89.999977 -600.000000
v -370.000183 -700.000000 -600.000000
v -370.000122 -700.000000 -560.000000
v -370.000122 -89.999977 -560.000000
v -370.000122 49.999908 -560.000000
v -210.000122 -699.999878 -600.000000
v -210.000122 -699.999878 -560.000000
v -210.000183 -89.999977 -600.000000
v -210.000122 -89.999977 -560.000000
v -210.000122 49.999908 -560.000000
v -210.000122 49.999908 -600.000000
v -170.000305 -89.999977 -600.000000
v -170.000183 -699.999878 -600.000000
v -170.000183 49.999908 -600.000000
v -170.000122 -699.999878 -560.000000
v -170.000122 -89.999977 -560.000000
v -170.000122 49.999908 -560.000000
v -410.000122 -700.000000 -300.000000
v -410.000122 -700.000000 -260.000000
v -410.000183 -89.999977 -300.000000
v -410.000122 -89.999977 -260.000000
v -410.000122 79.999908 -260.000000
v -410.000122 79.999908 -300.000000
v -370.000183 79.999908 -300.000000
v -370.000305 -89.999977 -300.000000
v -370.000183 -700.000000 -300.000000
v -370.000122 -89.999977 -260.000000
v -370.000122 -700.000000 -260.000000
v -370.000122 79.999908 -260.000000
v -210.000122 -700.000000 -300.000000
v -210.000122 -700.000000 -260.000000
v -210.000183 -89.999977 -300.000000
v -210.000122 -89.999977 -260.000000
v -210.000122 79.999908 -260.000000
v -210.000122 79.999908 -300.000000
v -170.000305 -89.999977 -300.000000
v -170.000183 -700.000000 -300.000000
v -170.000183 79.999908 -300.000000
v -170.000122 -89.999977 -260.000000
v -170.000122 -700.000000 -260.000000
v -170.000122 79.999908 -260.000000
v -149.979996 20.000000 -1300.000000
v -149.979996 20.000000 -1500.000000
v -99.980003 20.000000 -1599.979980
v -122.500000 -52.000000 -1300.000000
v -59.980000 20.000000 -1300.000000
v -122.480003 -60.000000 -1320.000000
v -439.997009 390.000000 -919.999023
v -439.996979 130.001999 -919.999023
v -439.997009 90.003014 -919.999023
v -399.997955 390.000000 -919.999023
v -180.001999 90.003014 -920.000000
v -140.000000 390.000000 -920.000000
v -140.000000 349.997955 -920.000000
v -140.000000 90.003014 -920.000000
v -149.998001 -9.997000 -900.000000
v -89.998001 -9.997000 -900.000000
v -149.998001 -9.997000 -860.000427
v -89.998001 -9.997000 -860.000427
v -149.998001 20.003000 -600.000000
v -89.998001 20.003000 -600.000000
v -149.998001 20.003000 -560.000427
v -89.998001 20.003000 -560.000427
v -149.998001 50.003010 -300.000000
v -89.998001 50.003010 -300.000000
v -149.998001 50.003010 -260.000397
v -89.998001 50.003010 -260.000397
v -134.999893 -89.999901 -892.499878
v -137.499893 -34.999901 -889.999878
v -137.499695 -34.999901 -894.999878
v -132.500198 -34.999901 -889.999878
v -132.499893 -34.999901 -894.999878
v -117.499901 -89.999901 -889.999878
v -119.999901 -34.999901 -887.499878
v -119.999702 -34.999901 -892.499878
v -115.000198 -34.999901 -887.499878
v -114.999901 -34.999901 -892.499878
v -99.999901 -89.999901 -887.499878
v -102.499901 -34.999901 -884.999878
v -102.499702 -34.999901 -889.999878
v -97.500198 -34.999901 -884.999878
v -134.999893 -59.999901 -592.499878
v -137.499893 -4.999900 -589.999878
v -137.499695 -4.999900 -594.999878
v -132.500198 -4.999900 -589.999878
v -132.499893 -4.999900 -594.999878
v -117.499901 -59.999901 -589.999878
v -119.999901 -4.999900 -587.499878
v -119.999702 -4.999900 -592.499878
v -115.000198 -4.999900 -587.499878
v -114.999901 -4.999900 -592.499878
v -99.999901 -59.999901 -587.499878
v -102.499901 -4.999900 -584.999878
v -102.499702 -4.999900 -589.999878
v -97.500198 -4.999900 -584.999878
v -134.999893 -29.999901 -292.499878
v -137.499893 25.000099 -289.999878
v -137.499695 25.000099 -294.999878
v -132.500198 25.000099 -289.999878
v -132.499893 25.000099 -294.999878
v -117.499901 -29.999901 -289.999878
v -119.999901 25.000099 -287.499878
v -119.999702 25.000099 -292.499878
v -115.000198 25.000099 -287.499878
v -114.999901 25.000099 -292.499878
v -99.999901 -29.999901 -287.499878
v -102.499901 25.000099 -284.999878
v -102.499702 25.000099 -289.999878
v -97.500198 25.000099 -284.999878
v -119.999901 99.999901 -294.999878
v -124.999901 99.999901 -269.999878
v -119.999901 859.999878 -294.999695
v -124.999901 859.999878 -269.999695
v -114.999901 859.999878 -269.999695
v -114.999901 99.999901 -269.999878
v -119.999901 69.999901 -594.999878
v -124.999901 69.999901 -569.999878
v -119.999901 829.999878 -594.999695
v -124.999901 829.999878 -569.999695
v -114.999901 829.999878 -569.999695
v -114.999901 69.999901 -569.999878
v -119.999901 39.999901 -894.999878
v -124.999901 39.999901 -869.999878
v -119.999901 799.999878 -894.999695
v -124.999901 799.999878 -869.999695
v -114.999901 799.999878 -869.999695
v -114.999901 39.999901 -869.999878
v -149.998001 40.000999 -900.000000
v -149.998001 40.000999 -860.000427
v -149.998001 70.000999 -600.000000
v -149.998001 70.000999 -560.000427
v -149.998001 100.000999 -300.000000
v -149.998001 100.000999 -260.000397
v -149.979996 24.980000 -1500.000000
v -149.979996 24.980000 -1300.000000
v -99.980003 24.980000 -1599.979980
v -59.980000 24.980000 -1300.000000
v -900.000305 -700.001404 0.000000
v -100.000000 -700.001404 0.000000
v -545.625122 -700.001404 315.000000
v -100.000000 -700.001404 315.000000
v -100.000000 -700.001404 299.997986
v -900.000305 -700.001404 315.000000
v -99.999947 799.999878 315.000031
v -99.999947 799.999878 299.997986
v -1046.433716 799.999878 315.000122
v -1046.433716 799.999878 -260.000488
v -99.999939 799.999878 -260.000397
v -300.000092 -102.499901 -50.000099
v -299.999908 -699.999878 50.000000
v -300.000092 -699.999878 -50.000099
v -299.999908 -102.499901 50.000000
v -250.000000 -699.999817 -75.000099
v -199.999908 -102.499901 -49.999901
v -250.000000 -102.499901 -75.000099
v -199.999908 -699.999878 -49.999901
v -199.999695 -102.499901 50.000198
v -199.999695 -699.999817 50.000198
v -249.999802 -699.999817 75.000099
v -249.999802 -102.499901 75.000099
v -900.000305 500.000092 533.333313
v -900.000366 99.999908 0.000000
v -900.000305 99.999908 533.333313
v -900.000305 500.000122 0.000000
v -900.000305 799.999878 0.000000
v -900.000305 799.999878 533.333313
v -290.000000 260.001007 240.000000
v -290.000000 300.000000 305.910004
v -329.998993 300.000000 240.000000
v -290.000000 339.998993 240.000000
v -250.000992 300.000000 240.000000
v -900.000305 -322.000549 315.000000
v -900.000305 -60.000000 0.000000
v -900.000305 -60.000000 533.333313
v -287.532288 -77.499901 -19.296000
v -292.082489 -24.757601 18.812700
v -287.532104 -77.499901 20.055799
v -292.081909 -24.757601 -18.052700
v -218.862701 -25.393900 23.688101
v -220.190689 12.266400 -22.702400
v -218.862793 -25.393900 -22.928200
v -220.191406 12.266400 23.461700
v -219.674805 -77.499901 25.958700
v -219.674713 -77.499901 -25.198900
v -217.705414 49.696499 22.163500
v -217.705414 49.696499 -21.403601
v -199.748795 79.264702 -21.166000
v -199.749512 79.264603 21.407400
v -160.580811 115.958687 -17.526400
v -160.580414 115.958603 18.049400
v -274.730011 -77.499901 44.497002
v -274.730011 -77.499901 -43.737900
v -280.950195 -24.757601 43.644798
v -280.949982 -24.757601 -42.884701
v -255.512695 -77.499901 60.204201
v -255.463196 -77.499901 -59.444302
v -253.095703 58.204800 77.300301
v -266.301605 13.881400 65.127693
v -282.988312 46.525101 69.716187
v -266.301056 13.881400 -64.367203
v -253.095001 58.204800 -76.540199
v -282.987793 46.525101 -68.957207
v -263.381714 -24.920799 59.011902
v -263.332306 -24.920799 -58.251301
v -243.709015 12.791600 53.627800
v -243.709503 12.791600 -52.868500
v -244.240982 -25.360800 50.640900
v -244.192184 -25.360800 -49.880501
v -236.173203 52.526299 58.121101
v -236.173706 52.526299 -57.360401
v -236.497604 -77.499901 52.520699
v -236.448685 -77.499901 -51.761398
v -241.112793 81.415100 74.092697
v -241.112793 81.415100 -73.333397
v -227.907715 80.071701 -57.159100
v -227.907715 80.071701 57.918301
v -207.074478 94.457207 -51.874901
v -207.073990 94.594398 52.635399
v -186.767914 104.656914 44.496498
v -186.768097 104.656914 -43.736900
v -160.580414 115.958687 26.507000
v -160.580414 115.958687 -25.747000
v -355.000122 102.499908 -245.000000
v -430.000122 139.999908 -240.000000
v -350.000122 139.999908 -240.000000
v -425.000122 102.499908 -245.000000
v -155.000122 102.499908 -245.000000
v -230.000122 139.999908 -240.000000
v -150.000122 139.999908 -240.000000
v -225.000122 102.499908 -245.000000
v -424.999878 102.499908 315.000000
v -429.999878 139.999908 240.000000
v -429.999939 139.999908 320.000000
v -424.999878 102.499908 245.000000
v -349.999878 139.999908 240.000000
v -354.999878 102.499908 245.000000
v -349.999878 139.999908 320.000000
v -354.999908 102.499908 315.000000
v -224.999878 102.499908 315.000000
v -229.999878 139.999908 240.000000
v -229.999939 139.999908 320.000000
v -224.999878 102.499908 245.000000
v -149.999878 139.999908 240.000000
v -154.999878 102.499908 245.000000
v -149.999878 139.999908 320.000000
v -154.999939 102.499908 315.000000
v -129.999893 -699.999878 269.999908
v -129.999893 -89.999901 -269.999908
v -129.999893 -89.999901 269.999908
v -129.999893 -699.999878 -269.999908
v -129.999893 -59.999901 269.999908
v -129.999893 -59.999901 -269.999908
v -129.999893 -29.999901 -269.999908
v -129.999893 -29.999901 269.999908
v -146.408707 149.606293 -23.069700
v -146.408707 149.606293 23.828600
v -242.300812 93.419899 76.189400
v -220.522476 112.400002 68.065697
v -242.300201 93.419899 -75.430298
v -220.521774 112.400002 -67.305702
v -184.670410 132.409897 -56.659302
v -184.669800 132.409897 57.418900
v -150.985214 148.504501 -38.702301
v -150.985596 148.504395 39.462399
v -292.187195 -77.499901 45.312698
v -250.000214 -77.499901 -65.625198
v -250.000305 -77.499901 65.624603
v -292.187592 -77.499901 -45.312599
v -207.812576 -77.499901 -45.312599
v -207.812302 -77.499901 45.312599
v -129.999893 -24.999901 304.999908
v -129.999893 4.999900 304.999908
v -129.999893 4.999900 -304.999908
v -449.998962 459.998962 230.000000
v -449.998993 140.000992 329.998993
v -449.998993 140.000992 230.000000
v -449.998993 459.998993 329.998993
v -290.000000 300.000000 319.998993
v -130.000992 140.000992 230.001007
v -130.000992 459.998962 230.001007
v -130.000992 459.998993 330.000000
v -130.000992 140.000992 330.000000
v -272.222687 66.609001 92.724602
v -263.001434 67.464699 92.937500
v -272.221954 66.609001 -91.964790
v -263.001495 67.464699 -92.177994
v -141.249893 50.000099 297.499878
v -138.749893 25.000099 288.749878
v -141.249893 50.000099 287.499878
v -138.749893 25.000099 296.249878
v -131.249893 25.000099 288.749878
v -128.749893 50.000099 287.499878
v -128.749893 50.000099 297.499878
v -131.249893 25.000099 296.249878
v -123.749901 50.000099 294.999878
v -121.249901 25.000099 286.249878
v -123.749901 50.000099 284.999878
v -121.249901 25.000099 293.749878
v -113.749901 25.000099 286.249878
v -111.249901 50.000099 284.999878
v -111.249901 50.000099 294.999878
v -113.749901 25.000099 293.749878
v -106.249901 50.000099 292.499878
v -103.749901 25.000099 283.749878
v -106.249901 50.000099 282.499878
v -103.749901 25.000099 291.249878
v -96.249901 25.000099 283.749878
v -296.093201 -89.999901 47.656700
v -296.093506 -89.999901 -47.655998
v -250.000092 -89.999901 -70.312599
v -249.999695 -89.999901 70.312698
v -203.906586 -89.999901 -47.656601
v -203.906403 -89.999901 47.656101
v -417.500122 79.999908 -252.500000
v -362.500183 102.499908 -252.500000
v -362.500153 79.999908 -252.500000
v -417.500122 102.499908 -252.500000
v -217.500122 79.999908 -252.500000
v -162.500183 102.499908 -252.500000
v -162.500183 79.999908 -252.500000
v -217.500122 102.499908 -252.500000
v -417.499878 102.499908 252.500000
v -417.499878 79.999908 307.500000
v -417.499878 79.999908 252.500000
v -417.499878 102.499908 307.500000
v -362.499939 102.499908 252.500000
v -362.499908 79.999908 252.500000
v -362.499878 79.999908 307.500000
v -362.499878 102.499908 307.500000
v -217.499878 102.499908 252.500000
v -217.499878 79.999908 307.500000
v -217.499878 79.999908 252.500000
v -217.499878 102.499908 307.500000
v -162.499939 102.499908 252.500000
v -162.499939 79.999908 252.500000
v -162.499878 79.999908 307.500000
v -162.499878 102.499908 307.500000
v -122.499901 3.749900 303.749908
v -122.499901 -26.249901 303.749908
v -313.376007 49.243198 -19.838900
v -313.375763 49.243198 20.598400
v -294.536407 134.499100 -18.514999
v -310.538788 105.627197 19.830299
v -310.538361 105.627197 -19.069201
v -294.536011 134.499100 19.275999
v -249.459274 179.940308 27.308399
v -249.459976 179.940308 -26.548401
v -209.735214 200.143005 -23.205900
v -209.735886 200.143005 23.966400
v -173.601105 196.675903 -21.269501
v -173.600403 196.675903 22.028900
v -299.685608 48.054001 -48.980801
v -299.685394 48.054001 49.740398
v -285.826996 122.567993 58.114399
v -297.401703 96.916298 57.080002
v -297.401215 96.916298 -56.319901
v -285.826508 122.567993 -57.354301
v -156.445313 176.194901 -22.291700
v -156.444794 176.194901 23.051001
v -263.072601 115.547798 70.821800
v -263.073273 115.547798 -70.061592
v -260.706512 134.336395 -61.415699
v -260.705902 134.336395 60.785900
v -248.293991 107.623703 -73.648697
v -248.294479 107.623703 74.407700
v -244.905777 134.849106 -65.226013
v -244.905075 134.849106 65.985710
v -227.027313 182.237595 -43.064499
v -227.027390 182.237595 43.823898
v -201.714294 175.972107 -53.252102
v -201.713730 175.972107 54.012001
v -180.926300 191.334198 -34.188000
v -180.925812 191.334198 34.947701
v -160.922913 173.875595 -37.405899
v -160.922226 173.875595 38.165298
v -449.998993 799.997986 230.001007
v -449.998993 649.997986 330.000000
v -449.998993 649.997986 230.001007
v -449.998993 799.997986 330.000000
v -130.000992 799.997986 230.001007
v -130.000992 649.997986 230.001007
v -130.000992 799.997986 330.000000
v -130.000992 649.997986 330.000000
v -449.998993 799.997986 -230.001007
v -130.000992 649.997986 -230.001007
v -449.998993 649.997986 -230.001007
v -130.000992 799.997986 -230.001007
v -285.024506 -40.438999 -166.141693
v -282.912506 -16.620600 -158.342407
v -294.953156 -42.276798 -164.543900
v -276.790588 -23.839800 -162.459702
v -275.914001 -23.839800 163.341095
v -294.076691 -42.276798 165.425400
v -282.036102 -16.620600 159.223999
v -284.148010 -40.438999 167.023102
v -283.311890 -48.908798 -160.676697
v -270.554108 -23.660700 -154.237305
v -269.677704 -23.660700 155.118896
v -282.434357 -48.908798 161.558487
v -272.645203 -14.174300 -158.363998
v -268.335968 31.688400 -132.855484
v -258.752106 26.509600 -135.420807
v -257.874786 26.509600 136.302902
v -267.459503 31.688400 133.736893
v -271.768494 -14.174300 159.245407
v -264.020599 67.812401 -90.614601
v -270.707001 67.233498 -90.790604
v -259.367706 35.015099 -128.997192
v -263.143402 67.812401 91.496696
v -269.829407 67.233498 91.672302
v -258.491211 35.015099 129.878601
v -254.693832 26.737301 -124.994392
v -253.816895 26.737301 125.875504
v -261.049408 64.844597 -86.073097
v -260.172699 64.844597 86.954308
v -306.334106 -44.613899 -109.150192
v -311.428802 -89.052696 -152.974197
v -308.859039 -39.092400 -115.227180
v -310.552216 -89.052696 153.855606
v -305.457489 -44.613899 110.031601
v -307.980804 -39.092400 116.109688
v -298.142212 -45.197800 -111.667107
v -297.265594 -45.197800 112.548500
v -294.504395 -2.143400 -91.421997
v -293.627197 -2.143400 92.304199
v -296.381012 1.098300 -99.231598
v -295.503510 1.098300 100.113403
v -290.155914 -50.580700 -168.085495
v -289.279297 -50.580700 168.966904
v -286.061005 -2.646800 -93.285400
v -285.184113 -2.646800 94.166603
v -289.738892 23.200199 -76.060913
v -288.861603 23.200199 76.943001
v -291.086487 26.762300 -81.903900
v -290.209900 26.762300 82.785301
v -285.558990 -45.896000 -173.889496
v -284.682587 -45.896000 174.770996
v -283.397003 23.055901 -78.959801
v -282.520508 23.055901 79.841187
v -280.091888 49.226799 -70.812599
v -279.214905 49.226799 71.693604
v -274.210114 48.387901 -68.857201
v -273.333496 48.387901 69.738503
v -271.305115 -17.063000 -167.352905
v -270.427704 -17.063000 168.235001
v -254.796997 34.165600 -137.462296
v -253.920898 34.165600 138.344193
v -231.470703 124.627808 68.876900
v -231.470093 124.627808 -68.117302
v -188.527817 156.231201 58.605991
v -188.527100 156.231201 -57.846310
v -315.469208 78.493797 -21.607201
v -315.469299 78.493797 22.365999
v -303.669464 74.649902 -53.020901
v -303.669403 74.650093 53.779701
v -410.000122 -89.999977 -260.000000
v -370.000122 -700.000000 -260.000000
v -410.000122 -700.000000 -260.000000
v -370.000122 -89.999977 -260.000000
v -410.000122 79.999908 -260.000000
v -370.000122 79.999908 -260.000000
v -210.000122 -89.999977 -260.000000
v -170.000122 -700.000000 -260.000000
v -210.000122 -700.000000 -260.000000
v -170.000122 -89.999977 -260.000000
v -210.000122 79.999908 -260.000000
v -170.000122 79.999908 -260.000000
v -409.999878 -700.000000 260.000000
v -409.999939 -89.999977 300.000000
v -409.999878 -700.000000 300.000000
v -409.999878 -89.999977 260.000000
v -409.999878 79.999908 260.000000
v -409.999878 79.999908 300.000000
v -369.999939 -700.000000 300.000000
v -369.999939 -89.999977 300.000000
v -369.999939 79.999908 300.000000
v -369.999878 -700.000000 260.000000
v -369.999878 -89.999977 260.000000
v -369.999878 79.999908 260.000000
v -209.999878 -700.000000 260.000000
v -209.999939 -89.999977 300.000000
v -209.999878 -700.000000 300.000000
v -209.999878 -89.999977 260.000000
v -209.999878 79.999908 260.000000
v -209.999878 79.999908 300.000000
v -169.999939 -700.000000 300.000000
v -169.999939 -89.999977 300.000000
v -169.999939 79.999908 300.000000
v -169.999878 -700.000000 260.000000
v -169.999878 -89.999977 260.000000
v -169.999878 79.999908 260.000000
v -439.996979 190.001999 240.001022
v -439.997009 450.000000 240.001007
v -439.997009 150.003006 240.001007
v -399.997955 450.000000 240.001022
v -180.001999 150.003006 240.000000
v -140.000000 450.000000 240.000000
v -140.000000 409.997955 240.000000
v -140.000000 150.003006 240.000000
v -440.000000 150.003006 -240.000000
v -440.000000 409.997955 -240.000000
v -329.998993 300.000000 -240.000000
v -440.000000 450.000000 -240.000000
v -290.000000 339.998993 -240.000000
v -399.997955 150.003006 -240.000000
v -290.000000 260.001007 -240.000000
v -180.001999 450.000000 -240.001022
v -140.003006 150.003006 -240.001007
v -250.000992 300.000000 -240.000000
v -140.003006 190.001999 -240.001022
v -140.003006 450.000000 -240.001007
v -89.997993 50.003010 260.000397
v -149.998001 50.003010 300.000000
v -89.997993 50.003010 300.000000
v -149.998001 50.003010 260.000397
v -137.499893 25.000099 289.999878
v -137.499695 25.000099 294.999878
v -134.999893 -29.999901 292.499878
v -132.500198 25.000099 289.999878
v -132.499893 25.000099 294.999878
v -119.999901 25.000099 287.499878
v -119.999702 25.000099 292.499878
v -117.499901 -29.999901 289.999878
v -115.000198 25.000099 287.499878
v -114.999901 25.000099 292.499878
v -102.499901 25.000099 284.999878
v -102.499702 25.000099 289.999878
v -99.999901 -29.999901 287.499878
v -97.500198 25.000099 284.999878
v -119.999901 99.999901 294.999878
v -124.999901 859.999878 269.999695
v -119.999901 859.999878 294.999695
v -124.999901 99.999901 269.999878
v -114.999901 859.999878 269.999695
v -114.999901 99.999901 269.999878
v -149.998001 100.000999 260.000397
v -149.998001 100.000999 300.000000
v -149.998001 100.000999 -260.000397
v -89.998001 50.003010 -260.000397
v -149.998001 50.003010 -260.000397
v -130.000992 459.998962 -230.000000
v -449.998962 459.998962 -230.001007
v -100.000000 -700.001404 315.000000
v -100.000000 -700.001404 711.111084
v -545.625122 -700.001404 315.000000
v -900.000305 -700.001404 315.000000
v -900.000305 -700.001343 1600.000122
v -100.000000 -700.001343 1600.000000
v -100.000000 -700.001343 1800.000000
v -700.000671 -700.001343 1999.999878
v -100.000000 -700.001343 1999.999878
v -100.000000 -700.001282 2126.315918
v -100.000000 -700.001282 2200.000000
v -249.999893 -700.001282 2200.000000
v -100.000000 799.999878 2273.963135
v -99.999969 799.999878 830.000122
v -1046.433838 799.999878 2273.963135
v -1046.433716 799.999878 315.000122
v -99.999947 799.999878 315.000031
v -245.710770 -102.500122 1029.289063
v -316.421387 -699.999878 1100.000000
v -245.710785 -699.999878 1029.289063
v -316.421387 -102.500122 1100.000000
v -175.000061 -699.999878 1100.000000
v -245.710785 -102.500122 1170.710938
v -175.000061 -102.500122 1100.000000
v -245.710770 -699.999817 1170.710938
v -192.677673 -699.999817 1046.966797
v -192.677673 -102.500122 1046.966797
v -298.743774 -699.999817 1153.033203
v -298.743774 -102.500122 1153.033203
v -900.000305 99.999908 1600.000122
v -900.000305 500.000122 1066.666748
v -900.000305 99.999908 1066.666748
v -900.000305 500.000122 1600.000122
v -700.000671 99.999908 1999.999634
v -700.000671 500.000122 1999.999878
v -900.000305 500.000092 533.333313
v -900.000305 99.999908 533.333313
v -249.999924 500.000092 2200.000000
v -249.999908 99.999908 2200.000000
v -900.000305 799.999878 533.333313
v -900.000305 799.999878 1066.666748
v -900.000305 799.999878 1600.000122
v -700.000671 799.999878 1999.999878
v -249.999893 799.999878 2200.000000
v -329.998993 240.000000 920.000000
v -290.000000 240.000000 854.090027
v -290.000000 200.000992 920.000000
v -290.000000 279.998993 920.000000
v -250.000992 240.000000 920.000000
v -900.000305 -322.000549 315.000000
v -900.000305 -60.000000 533.333313
v -900.000305 -60.000000 1066.666748
v -900.000305 -60.000111 1600.000122
v -700.000671 -60.000111 1999.999756
v -700.000671 -60.000111 1999.999634
v -700.000671 99.999908 1999.999756
v -249.999893 -60.000111 2200.000000
v -258.605682 -77.500122 1059.816406
v -288.770172 -24.757629 1083.545898
v -286.431580 -77.500122 1087.642578
v -262.701874 -24.757629 1057.478516
v -240.443359 -25.393921 1138.767578
v -208.579391 12.266420 1105.025391
v -207.480667 -25.393921 1105.804688
v -241.222900 12.266420 1137.667969
v -242.623169 -77.500122 1139.798828
v -206.449158 -77.500122 1103.625000
v -238.546997 49.696468 1138.507813
v -207.740356 49.696468 1107.701172
v -195.211182 79.264709 1120.566406
v -225.315552 79.264587 1150.669922
v -170.088806 115.958679 1150.835938
v -195.244507 115.958618 1175.992188
v -302.559265 58.204769 1152.470703
v -303.290009 13.881410 1134.525391
v -318.333893 46.525089 1125.970703
v -292.179688 -77.500122 1138.672852
v -298.457367 -24.757629 1108.976563
v -296.900787 -24.920780 1132.265625
v -294.661682 -77.500122 1113.977539
v -277.031586 52.526310 1150.875000
v -279.182983 12.791630 1142.369141
v -291.818085 81.415100 1158.675781
v -277.447052 -25.360781 1139.880859
v -273.300873 -77.500122 1146.685547
v -271.043671 80.071716 1156.576172
v -252.576401 94.594421 1167.572266
v -232.270203 -77.500122 1051.585938
v -237.271606 -24.757629 1047.791016
v -232.462692 104.656921 1176.175781
v -207.540405 -77.500122 1054.103516
v -201.224854 115.958679 1181.972656
v -213.948288 -24.920780 1049.382813
v -203.878967 12.791630 1067.064453
v -211.722900 13.881410 1042.958984
v -206.333054 -25.360781 1068.835938
v -193.777161 58.204769 1043.689453
v -220.276581 46.525089 1027.914063
v -199.527649 -77.500122 1072.981445
v -195.374100 52.526310 1069.216797
v -189.671570 80.071716 1075.204102
v -187.571945 81.415100 1054.429688
v -178.676758 94.457207 1093.671875
v -170.072388 104.656921 1113.785156
v -164.275574 115.958679 1145.023438
v -224.999878 42.499908 915.000000
v -229.999878 79.999908 840.000000
v -229.999878 79.999908 920.000000
v -224.999878 42.499908 845.000000
v -149.999878 79.999908 839.999512
v -154.999878 42.499908 845.000000
v -154.999878 42.499908 915.000000
v -149.999878 79.999908 920.000000
v -424.999878 42.499908 915.000000
v -429.999878 79.999908 840.000000
v -429.999939 79.999908 920.000000
v -424.999878 42.499908 845.000000
v -354.999908 42.499908 915.000000
v -349.999878 79.999908 920.000000
v -349.999878 79.999908 840.000000
v -354.999878 42.499908 845.000000
v -424.999878 72.499908 615.000000
v -429.999878 109.999908 540.000000
v -429.999939 109.999908 620.000000
v -424.999878 72.499908 545.000000
v -354.999908 72.499908 615.000000
v -349.999878 109.999908 620.000000
v -349.999878 109.999908 540.000000
v -354.999878 72.499908 545.000000
v -224.999878 72.499908 615.000000
v -229.999878 109.999908 540.000000
v -229.999939 109.999908 620.000000
v -224.999878 72.499908 545.000000
v -154.999939 72.499908 615.000000
v -149.999878 109.999908 620.000000
v -149.999878 109.999908 540.000000
v -154.999878 72.499908 545.000000
v -354.999908 102.499908 315.000000
v -429.999939 139.999908 320.000000
v -349.999878 139.999908 320.000000
v -424.999878 102.499908 315.000000
v -154.999939 102.499908 315.000000
v -229.999939 139.999908 320.000000
v -149.999878 139.999908 320.000000
v -224.999878 102.499908 315.000000
v -129.999893 -699.999878 269.999908
v -129.999893 -89.999893 569.999939
v -129.999893 -699.999878 569.999878
v -129.999893 -89.999901 269.999908
v -129.999893 -699.999878 1299.999878
v -129.999893 -89.999901 1299.999878
v -129.999893 -59.999901 269.999908
v -129.999893 -59.999901 569.999878
v -449.998993 459.998993 329.998993
v -130.000992 140.000992 330.000000
v -449.998993 140.000992 329.998993
v -130.000992 459.998993 330.000000
v -130.000992 399.998993 830.000977
v -449.998993 80.000999 830.000000
v -130.000992 80.000999 830.000977
v -449.998993 399.998993 830.000000
v -130.000992 429.998993 530.000977
v -449.998993 110.000999 530.000000
v -130.000992 110.000999 530.000977
v -449.998993 429.998993 530.000000
v -449.998993 429.998993 629.999023
v -130.000992 110.000999 630.000000
v -449.998993 110.000999 629.999023
v -130.000992 429.998993 630.000000
v -156.147888 149.606323 1156.937500
v -189.310059 149.606323 1190.099609
v -294.140686 93.419922 1159.318359
v -272.996796 112.400017 1168.973633
v -240.116577 132.409912 1186.796875
v -203.601196 148.504395 1197.917969
v -186.928894 93.419922 1052.107422
v -177.274170 112.400017 1073.251953
v -159.451477 132.409912 1106.130859
v -148.329956 148.504517 1142.647461
v -307.582581 -77.500122 1102.209961
v -199.306885 -77.500122 1053.595703
v -292.114563 -77.500122 1146.403320
v -243.500977 -77.500122 1038.127930
v -183.838867 -77.500122 1097.790039
v -247.920471 -77.500122 1161.872070
v -129.999893 -54.999901 604.999878
v -129.999893 -54.999901 1299.999878
v -129.999893 -24.999901 604.999878
v -129.999893 -24.999901 304.999908
v -449.998993 80.000999 929.999023
v -449.998962 399.998993 929.999023
v -290.000000 240.000000 840.000977
v -130.000992 80.000999 930.000000
v -130.000992 399.998993 930.000000
v -326.990753 66.609009 1149.852539
v -320.620941 67.464722 1156.523438
v -196.395081 66.609009 1019.257813
v -189.724487 67.464722 1025.626953
v -141.249893 20.000099 597.499878
v -138.749893 -4.999900 588.749878
v -141.249893 20.000099 587.499878
v -138.749893 -4.999900 596.249878
v -131.249893 -4.999900 588.749878
v -128.749893 20.000099 587.499878
v -128.749893 20.000099 597.499878
v -131.249893 -4.999900 596.249878
v -123.749901 20.000099 594.999878
v -121.249901 -4.999900 586.249878
v -123.749901 20.000099 584.999878
v -121.249901 -4.999900 593.749878
v -113.749901 -4.999900 586.249878
v -111.249901 20.000099 584.999878
v -111.249901 20.000099 594.999878
v -113.749901 -4.999900 593.749878
v -106.249901 20.000099 592.499878
v -103.749901 -4.999900 583.749878
v -106.249901 20.000099 582.499878
v -103.749901 -4.999900 591.249878
v -96.249901 -4.999900 583.749878
v -141.249893 -9.999900 897.499878
v -138.749893 -34.999901 888.749817
v -141.249893 -9.999900 887.499878
v -138.749893 -34.999901 896.249817
v -131.249893 -34.999901 888.749817
v -128.749893 -9.999900 887.499878
v -128.749893 -9.999900 897.499878
v -131.249893 -34.999901 896.249817
v -123.749901 -9.999900 894.999878
v -121.249901 -34.999901 886.249817
v -123.749901 -9.999900 884.999878
v -121.249901 -34.999901 893.749817
v -113.749901 -34.999901 886.249817
v -111.249901 -9.999900 884.999878
v -111.249901 -9.999900 894.999878
v -113.749901 -34.999901 893.749817
v -106.249901 -9.999900 892.499878
v -103.749901 -34.999901 883.749817
v -106.249901 -9.999900 882.499878
v -103.749901 -34.999901 891.249817
v -96.249901 -34.999901 883.749817
v -295.429169 -90.000122 1149.718750
v -312.001984 -90.000122 1101.105469
v -244.605865 -90.000122 1033.708984
v -246.815582 -90.000122 1166.291016
v -195.992249 -90.000122 1050.281250
v -179.419495 -90.000122 1098.894531
v -217.499878 42.499908 852.500000
v -217.499878 19.999910 907.499512
v -217.499878 19.999910 852.500000
v -217.499878 42.499908 907.499512
v -162.499878 42.499908 852.500000
v -162.499878 19.999910 852.500000
v -162.499878 19.999910 907.500000
v -162.499878 42.499908 907.500000
v -417.499878 42.499908 852.500000
v -417.499878 19.999910 907.500000
v -417.499878 19.999910 852.500000
v -417.499878 42.499908 907.500000
v -362.499939 42.499908 852.500000
v -362.499908 19.999910 852.500000
v -362.499878 19.999910 907.500000
v -362.499878 42.499908 907.500000
v -417.499878 72.499908 552.500000
v -417.499878 49.999908 607.500000
v -417.499878 49.999908 552.500000
v -417.499878 72.499908 607.500000
v -362.499939 72.499908 552.500000
v -362.499908 49.999908 552.500000
v -362.499878 49.999908 607.500000
v -362.499878 72.499908 607.500000
v -217.499878 72.499908 552.500000
v -217.499878 49.999908 607.500000
v -217.499878 49.999908 552.500000
v -217.499878 72.499908 607.500000
v -162.499939 72.499908 552.500000
v -162.499939 49.999908 552.500000
v -162.499878 49.999908 607.500000
v -162.499878 72.499908 607.500000
v -122.499901 -26.249901 603.749878
v -122.499901 -56.249901 603.749878
v -276.496063 49.243229 1041.158203
v -305.089478 49.243229 1069.751953
v -264.110687 134.499084 1055.416016
v -302.540375 105.627197 1071.214844
v -275.033905 105.627197 1043.708984
v -290.832672 134.499084 1082.138672
v -264.638397 179.940308 1119.692383
v -226.556274 179.940308 1081.609375
v -200.830200 200.143005 1112.062500
v -234.186478 200.143005 1145.417969
v -176.648804 196.675903 1138.982422
v -207.264938 196.675903 1169.599609
v -163.794983 176.194885 1150.390625
v -195.856750 176.194885 1182.453125
v -312.137421 122.567993 1115.759766
v -319.590485 96.916321 1106.843750
v -305.033051 115.547791 1140.834961
v -316.015472 48.054020 1100.039063
v -297.118988 107.623718 1153.820313
v -296.263184 134.336426 1135.412109
v -288.767090 134.849121 1150.261719
v -260.454865 182.237610 1147.232422
v -249.759506 175.972107 1172.335938
v -230.488281 122.567993 1034.111328
v -246.209076 48.054020 1030.232422
v -239.404297 96.916321 1026.658203
v -221.579651 191.334229 1173.554688
v -209.854004 134.336426 1049.001953
v -205.414032 115.547791 1041.214844
v -209.710205 173.875610 1189.974609
v -199.015381 182.237610 1085.792969
v -195.986755 134.849121 1057.480469
v -192.426880 107.623718 1049.128906
v -173.912659 175.972107 1096.488281
v -172.693665 191.334229 1124.667969
v -156.273804 173.875610 1136.537109
v -149.979996 -90.019997 1300.000000
v -149.979996 -699.980042 1500.000000
v -149.979996 -699.980042 1300.000000
v -149.979996 -90.019997 1500.000000
v -149.979996 -60.020012 1300.000000
v -149.979996 -60.020000 1500.000000
v -100.000000 -699.980042 1599.979980
v -100.000000 -90.019997 1599.979980
v -100.000000 -60.020000 1599.979980
v -59.980000 -90.019997 1300.000000
v -59.980000 -699.980042 1300.000000
v -122.500000 -60.020000 1300.000000
v -449.998993 799.997986 330.000000
v -130.000992 649.997986 330.000000
v -449.998993 649.997986 330.000000
v -130.000992 799.997986 330.000000
v -449.998993 799.997986 830.000000
v -449.998993 589.997986 929.999023
v -449.998993 589.997986 830.000000
v -449.998993 799.997986 929.999023
v -130.000992 799.997986 830.000000
v -130.000992 589.997986 830.000000
v -130.000992 589.997986 929.999023
v -130.000992 799.997986 929.999023
v -449.998993 799.997986 530.000000
v -449.998993 619.997986 629.999023
v -449.998993 619.997986 530.000000
v -449.998993 799.997986 629.999023
v -130.000992 799.997986 530.000000
v -130.000992 619.997986 530.000000
v -130.000992 619.997986 629.999023
v -130.000992 799.997986 629.999023
v -156.312500 -16.609070 965.296875
v -205.145386 -39.080872 977.437500
v -207.657959 -44.602421 983.519531
v -200.085571 -45.186279 987.531250
v -152.913208 -37.420898 969.533203
v -149.071899 -23.828190 966.714844
v -379.534363 -23.839781 1197.175781
v -393.851074 -42.276920 1185.806641
v -380.952179 -16.620609 1189.935547
v -387.960175 -40.439091 1193.957031
v -369.310669 -23.660709 1195.771484
v -382.884491 -48.908871 1191.304688
v -347.659790 26.509581 1190.812500
v -352.622772 31.688419 1182.220703
v -373.706970 -14.174320 1197.210938
v -337.417206 26.737301 1186.308594
v -319.702484 67.812378 1155.404297
v -324.554474 67.233521 1150.800781
v -343.553070 35.015079 1185.833984
v -314.389984 64.844597 1154.292969
v -397.319977 -89.052803 1165.975586
v -392.963074 -50.580811 1191.703125
v -393.816864 -45.896118 1199.057617
v -368.811310 -39.092529 1141.103516
v -379.115479 -17.062990 1204.515625
v -358.716522 -45.197880 1146.162109
v -362.729279 -44.614010 1138.589844
v -341.828766 -2.143370 1134.419922
v -348.677490 1.098330 1138.615234
v -337.175476 -2.646790 1141.707031
v -346.307373 34.165588 1195.051758
v -332.681580 26.762329 1130.105469
v -327.597076 23.200199 1126.927734
v -325.162476 23.055910 1133.460938
v -317.063873 49.226810 1130.037109
v -311.522675 48.387878 1132.813477
v -281.311890 124.627808 1161.805664
v -243.684082 156.231201 1184.908203
v -216.142456 26.773930 1013.566406
v -216.210266 49.238400 1029.183594
v -219.320679 23.211790 1018.650391
v -213.434204 48.399410 1034.726563
v -212.786575 23.067499 1021.085938
v -211.828812 -2.131770 1004.419922
v -207.633301 1.109920 997.570313
v -204.540100 -2.635310 1009.072266
v -191.955383 64.856201 1031.857422
v -164.027100 31.700010 993.625000
v -184.441895 124.627808 1064.936523
v -159.938660 26.748899 1008.830078
v -195.447876 67.245117 1021.693359
v -190.844849 67.823967 1026.544922
v -161.339355 156.231201 1102.564453
v -160.413391 35.026611 1002.695313
v -150.475952 -23.649111 976.937500
v -155.436890 26.521179 998.587891
v -151.196106 34.177189 999.941406
v -149.036377 -14.162720 972.541016
v -141.732483 -17.051390 967.132813
v -276.725891 78.493767 1038.427734
v -307.819672 78.493767 1069.521484
v -321.688873 74.650093 1100.078125
v -246.169418 74.649902 1024.558594
v -89.997993 -9.997000 860.000427
v -149.998001 -9.997000 900.000000
v -89.997993 -9.997000 900.000000
v -149.998001 -9.997000 860.000427
v -89.997993 20.003000 560.000427
v -149.998001 20.003000 600.000000
v -89.997993 20.003000 600.000000
v -149.998001 20.003000 560.000427
v -209.999878 -700.000000 860.000000
v -209.999939 -90.000092 900.000000
v -209.999878 -700.000000 900.000000
v -209.999878 -90.000092 860.000000
v -209.999878 19.999910 860.000000
v -209.999878 19.999910 900.000000
v -169.999878 -700.000000 900.000000
v -169.999939 -90.000092 900.000000
v -169.999878 19.999910 900.000000
v -169.999878 -700.000000 860.000000
v -169.999878 -90.000092 860.000000
v -169.999878 19.999910 860.000000
v -409.999878 -700.000000 860.000000
v -409.999939 -90.000000 900.000000
v -409.999878 -700.000000 900.000000
v -409.999878 -90.000000 860.000000
v -409.999878 19.999910 860.000000
v -409.999878 19.999910 900.000000
v -369.999939 -700.000000 900.000000
v -369.999939 -90.000000 900.000000
v -369.999939 19.999910 900.000000
v -369.999878 -700.000000 860.000000
v -369.999878 -90.000000 860.000000
v -369.999878 19.999910 860.000000
v -409.999878 -699.999878 560.000000
v -409.999939 -89.999977 600.000000
v -409.999878 -699.999878 600.000000
v -409.999878 -89.999977 560.000000
v -409.999878 49.999908 560.000000
v -409.999878 49.999908 600.000000
v -369.999939 -699.999878 600.000000
v -369.999939 -89.999977 600.000000
v -369.999939 49.999908 600.000000
v -369.999878 -699.999878 560.000000
v -369.999878 -89.999977 560.000000
v -369.999878 49.999908 560.000000
v -209.999878 -699.999878 560.000000
v -209.999939 -89.999977 600.000000
v -209.999878 -699.999878 600.000000
v -209.999878 -89.999977 560.000000
v -209.999878 49.999908 560.000000
v -209.999878 49.999908 600.000000
v -169.999939 -699.999878 600.000000
v -169.999939 -89.999977 600.000000
v -169.999939 49.999908 600.000000
v -169.999878 -699.999878 560.000000
v -169.999878 -89.999977 560.000000
v -169.999878 49.999908 560.000000
v -149.979996 20.000000 1300.000000
v -149.979996 20.000000 1500.000000
v -100.000000 20.000000 1599.979980
v -122.500000 -52.000000 1300.000000
v -59.980000 20.000000 1300.000000
v -122.500000 -60.020000 1320.020020
v -440.000000 90.003014 920.000000
v -440.000000 349.997955 920.000000
v -440.000000 390.000000 920.000000
v -399.997955 90.003014 920.000000
v -180.001999 390.000000 919.999023
v -140.003006 90.003014 919.999023
v -140.003006 130.001999 919.999023
v -140.003006 390.000000 919.999023
v -137.499893 -4.999900 589.999878
v -137.499695 -4.999900 594.999878
v -134.999893 -59.999901 592.499878
v -132.500198 -4.999900 589.999878
v -132.499893 -4.999900 594.999878
v -119.999901 -4.999900 587.499878
v -119.999702 -4.999900 592.499878
v -117.499901 -59.999901 589.999878
v -115.000198 -4.999900 587.499878
v -114.999901 -4.999900 592.499878
v -102.499901 -4.999900 584.999878
v -102.499702 -4.999900 589.999878
v -99.999901 -59.999901 587.499878
v -97.500198 -4.999900 584.999878
v -137.499893 -34.999901 889.999878
v -137.499695 -34.999901 894.999878
v -134.999893 -89.999901 892.499878
v -132.500198 -34.999901 889.999878
v -132.499893 -34.999901 894.999878
v -119.999901 -34.999901 887.499878
v -119.999702 -34.999901 892.499878
v -117.499901 -89.999901 889.999878
v -115.000198 -34.999901 887.499878
v -114.999901 -34.999901 892.499878
v -102.499901 -34.999901 884.999878
v -102.499702 -34.999901 889.999878
v -99.999901 -89.999901 887.499878
v -97.500198 -34.999901 884.999878
v -119.999901 69.999901 594.999878
v -124.999901 829.999878 569.999695
v -119.999901 829.999878 594.999695
v -124.999901 69.999901 569.999878
v -114.999901 829.999878 569.999695
v -114.999901 69.999901 569.999878
v -119.999901 39.999901 894.999878
v -124.999901 799.999878 869.999695
v -119.999901 799.999878 894.999695
v -124.999901 39.999901 869.999878
v -114.999901 799.999878 869.999695
v -114.999901 39.999901 869.999878
v -149.998001 40.000999 860.000427
v -149.998001 40.000999 900.000000
v -149.998001 70.000999 560.000427
v -149.998001 70.000999 600.000000
v -149.979996 24.980000 1500.000000
v -149.979996 24.980000 1300.000000
v -99.980003 24.980000 1599.979980
v -60.000000 24.980000 1300.000000
v 111.249908 -700.001343 -701.111267
v -100.000000 -700.001343 -888.888916
v 111.249878 -700.001343 -1600.000122
v -100.000000 -700.001343 -1600.000122
v -100.000000 -700.001404 0.000000
v 111.249908 -700.001404 0.000000
v -99.999939 -700.001282 -2168.420898
v 111.249878 -700.001282 -2123.947266
v -100.000000 -700.001343 -1999.999756
v 111.249908 -700.001343 -1999.999756
v 111.249908 -700.001282 -2200.000000
v -249.999893 -700.001282 -2199.999756
v -100.000000 -700.001343 -1849.999756
v 111.249878 -700.001343 -1797.187378
v -99.999939 799.999878 -292.500000
v 111.249817 799.999878 -292.500000
v -99.999939 799.999878 -2366.432861
v 111.249908 799.999878 -2366.432861
v -249.999908 99.999908 -2199.999756
v 249.999924 500.000092 -2200.000000
v 249.999908 99.999908 -2200.000000
v -249.999924 500.000092 -2199.999756
v 249.999893 799.999878 -2200.000000
v -249.999893 799.999878 -2199.999756
v 249.999893 -700.001282 -2200.000000
v 249.999893 -60.000000 -2200.000000
v -249.999893 -60.000000 -2199.999756
v 68.749901 -34.999901 -896.249817
v 61.249901 -34.999901 -888.749817
v 68.749901 -34.999901 -888.749817
v 61.249901 -34.999901 -896.249817
v 86.249901 -34.999901 -893.749817
v 78.749901 -34.999901 -886.249817
v 86.249901 -34.999901 -886.249817
v 78.749901 -34.999901 -893.749817
v 103.749901 -34.999901 -891.249817
v 96.249901 -34.999901 -883.749817
v 103.749901 -34.999901 -883.749817
v 96.249901 -34.999901 -891.249817
v -96.249901 -34.999901 -883.749817
v -103.749901 -34.999901 -891.249817
v -103.749901 -34.999901 -883.749817
v -96.249901 -34.999901 -891.249817
v -78.749901 -34.999901 -886.249817
v -86.249901 -34.999901 -893.749817
v -86.249901 -34.999901 -886.249817
v -78.749901 -34.999901 -893.749817
v -61.249901 -34.999901 -888.749817
v -68.749901 -34.999901 -896.249817
v -68.749901 -34.999901 -888.749817
v -61.249901 -34.999901 -896.249817
v 68.749901 -4.999900 -596.249878
v 61.249901 -4.999900 -588.749878
v 68.749901 -4.999900 -588.749878
v 61.249901 -4.999900 -596.249878
v 86.249901 -4.999900 -593.749878
v 78.749901 -4.999900 -586.249878
v 86.249901 -4.999900 -586.249878
v 78.749901 -4.999900 -593.749878
v 103.749901 -4.999900 -591.249878
v 96.249901 -4.999900 -583.749878
v 103.749901 -4.999900 -583.749878
v 96.249901 -4.999900 -591.249878
v -96.249901 -4.999900 -583.749878
v -103.749901 -4.999900 -591.249878
v -103.749901 -4.999900 -583.749878
v -96.249901 -4.999900 -591.249878
v -78.749901 -4.999900 -586.249878
v -86.249901 -4.999900 -593.749878
v -86.249901 -4.999900 -586.249878
v -78.749901 -4.999900 -593.749878
v -61.249901 -4.999900 -588.749878
v -68.749901 -4.999900 -596.249878
v -68.749901 -4.999900 -588.749878
v -61.249901 -4.999900 -596.249878
v 58.749901 -9.999900 -887.499878
v 58.749901 -9.999900 -897.499878
v 71.249901 -9.999900 -897.499878
v 71.249901 -9.999900 -887.499878
v 76.249901 -9.999900 -884.999878
v 76.249901 -9.999900 -894.999878
v 88.749901 -9.999900 -894.999878
v 88.749901 -9.999900 -884.999878
v 93.749901 -9.999900 -882.499878
v 93.749901 -9.999900 -892.499878
v 106.249901 -9.999900 -892.499878
v 106.249901 -9.999900 -882.499878
v -93.749901 -9.999900 -892.499878
v -106.249901 -9.999900 -892.499878
v -106.249901 -9.999900 -882.499878
v -93.749901 -9.999900 -882.499878
v -88.749901 -9.999900 -894.999878
v -88.749901 -9.999900 -884.999878
v -76.249901 -9.999900 -894.999878
v -76.249901 -9.999900 -884.999878
v -71.249901 -9.999900 -897.499878
v -71.249901 -9.999900 -887.499878
v -58.749901 -9.999900 -897.499878
v -58.749901 -9.999900 -887.499878
v 58.749901 20.000099 -587.499878
v 58.749901 20.000099 -597.499878
v 71.249901 20.000099 -597.499878
v 71.249901 20.000099 -587.499878
v 76.249901 20.000099 -584.999878
v 76.249901 20.000099 -594.999878
v 88.749901 20.000099 -594.999878
v 88.749901 20.000099 -584.999878
v 93.749901 20.000099 -582.499878
v 93.749901 20.000099 -592.499878
v 106.249901 20.000099 -592.499878
v 106.249901 20.000099 -582.499878
v -93.749901 20.000099 -592.499878
v -106.249901 20.000099 -592.499878
v -106.249901 20.000099 -582.499878
v -93.749901 20.000099 -582.499878
v -88.749901 20.000099 -594.999878
v -88.749901 20.000099 -584.999878
v -76.249901 20.000099 -594.999878
v -76.249901 20.000099 -584.999878
v -71.249901 20.000099 -597.499878
v -71.249901 20.000099 -587.499878
v -58.749901 20.000099 -597.499878
v -58.749901 20.000099 -587.499878
v 58.749901 50.000099 -297.499878
v 68.749901 25.000099 -296.249878
v 71.249901 50.000099 -297.499878
v 61.249901 25.000099 -296.249878
v 68.749901 25.000099 -288.749878
v 76.249901 50.000099 -294.999878
v 86.249901 25.000099 -293.749878
v 88.749901 50.000099 -294.999878
v 78.749901 25.000099 -293.749878
v -86.249901 25.000099 -293.749878
v -76.249901 50.000099 -294.999878
v -88.749901 50.000099 -294.999878
v -78.749901 25.000099 -293.749878
v -68.749901 25.000099 -288.749878
v -68.749901 25.000099 -296.249878
v -71.249901 50.000099 -297.499878
v -58.749901 50.000099 -297.499878
v -61.249901 25.000099 -296.249878
v -149.998001 40.000999 -900.000000
v 149.998001 40.000999 -860.000427
v -149.998001 40.000999 -860.000427
v 149.998001 40.000999 -900.000000
v -149.998001 70.000999 -600.000000
v 149.998001 70.000999 -560.000427
v -149.998001 70.000999 -560.000427
v 149.998001 70.000999 -600.000000
v 62.499901 -34.999901 -894.999878
v 62.500198 -34.999901 -889.999878
v 64.999901 -89.999901 -892.499878
v 67.499702 -34.999901 -894.999878
v 67.499901 -34.999901 -889.999878
v 79.999901 -34.999901 -892.499878
v 80.000198 -34.999901 -887.499878
v 82.499901 -89.999901 -889.999878
v 84.999702 -34.999901 -892.499878
v 84.999901 -34.999901 -887.499878
v 97.499901 -34.999901 -889.999878
v 97.500198 -34.999901 -884.999878
v 99.999901 -89.999901 -887.499878
v 102.499702 -34.999901 -889.999878
v 102.499901 -34.999901 -884.999878
v -99.999901 -89.999901 -887.499878
v -97.499901 -34.999901 -889.999878
v -102.499702 -34.999901 -889.999878
v -97.500198 -34.999901 -884.999878
v -84.999702 -34.999901 -892.499878
v -84.999901 -34.999901 -887.499878
v -82.499901 -89.999901 -889.999878
v -80.000198 -34.999901 -887.499878
v -79.999901 -34.999901 -892.499878
v -67.499702 -34.999901 -894.999878
v -67.499901 -34.999901 -889.999878
v -64.999901 -89.999901 -892.499878
v -62.500198 -34.999901 -889.999878
v -62.499901 -34.999901 -894.999878
v 62.499901 -4.999900 -594.999878
v 62.500198 -4.999900 -589.999878
v 64.999901 -59.999901 -592.499878
v 67.499702 -4.999900 -594.999878
v 67.499901 -4.999900 -589.999878
v 79.999901 -4.999900 -592.499878
v 80.000198 -4.999900 -587.499878
v 82.499901 -59.999901 -589.999878
v 84.999702 -4.999900 -592.499878
v 84.999901 -4.999900 -587.499878
v 97.499901 -4.999900 -589.999878
v 97.500198 -4.999900 -584.999878
v 99.999901 -59.999901 -587.499878
v 102.499702 -4.999900 -589.999878
v 102.499901 -4.999900 -584.999878
v -99.999901 -59.999901 -587.499878
v -97.499901 -4.999900 -589.999878
v -102.499702 -4.999900 -589.999878
v -97.500198 -4.999900 -584.999878
v -84.999702 -4.999900 -592.499878
v -84.999901 -4.999900 -587.499878
v -82.499901 -59.999901 -589.999878
v -80.000198 -4.999900 -587.499878
v -79.999901 -4.999900 -592.499878
v -67.499702 -4.999900 -594.999878
v -67.499901 -4.999900 -589.999878
v -64.999901 -59.999901 -592.499878
v -62.500198 -4.999900 -589.999878
v -62.499901 -4.999900 -594.999878
v 62.499901 25.000099 -294.999878
v 64.999901 -29.999901 -292.499878
v 67.499702 25.000099 -294.999878
v -64.999901 -29.999901 -292.499878
v -62.499901 25.000099 -294.999878
v -67.499702 25.000099 -294.999878
v -69.999901 -24.999901 -604.999878
v -59.999901 -54.999901 -604.999878
v -59.999901 -24.999901 -604.999878
v -69.999901 -54.999901 -604.999878
v -69.999901 4.999900 -304.999908
v -59.999901 -24.999901 -304.999908
v -59.999901 4.999900 -304.999908
v -69.999901 -24.999901 -304.999908
v 59.999901 -54.999901 -604.999878
v 69.999901 -24.999901 -604.999878
v 59.999901 -24.999901 -604.999878
v 69.999901 -54.999901 -604.999878
v 59.999901 -24.999901 -304.999908
v 69.999901 4.999900 -304.999908
v 59.999901 4.999900 -304.999908
v 69.999901 -24.999901 -304.999908
v -81.249901 829.999878 -584.999695
v -118.749901 69.999901 -584.999878
v -81.249901 69.999901 -584.999878
v -118.749901 829.999878 -584.999695
v -79.999901 829.999878 -594.999695
v -84.999901 69.999901 -569.999878
v -79.999901 69.999901 -594.999878
v -84.999901 829.999878 -569.999695
v -74.999901 69.999901 -569.999878
v -74.999901 829.999878 -569.999695
v 79.999901 829.999878 -594.999695
v 74.999901 69.999901 -569.999878
v 79.999901 69.999901 -594.999878
v 74.999901 829.999878 -569.999695
v 84.999901 69.999901 -569.999878
v 84.999901 829.999878 -569.999695
v 81.249901 69.999901 -584.999878
v 118.749901 829.999878 -584.999695
v 81.249901 829.999878 -584.999695
v 118.749901 69.999901 -584.999878
v -81.249901 799.999878 -884.999695
v -118.749901 39.999901 -884.999878
v -81.249901 39.999901 -884.999878
v -118.749901 799.999878 -884.999695
v -79.999901 799.999878 -894.999695
v -84.999901 39.999901 -869.999878
v -79.999901 39.999901 -894.999878
v -84.999901 799.999878 -869.999695
v -74.999901 39.999901 -869.999878
v -74.999901 799.999878 -869.999695
v 79.999901 799.999878 -894.999695
v 74.999901 39.999901 -869.999878
v 79.999901 39.999901 -894.999878
v 74.999901 799.999878 -869.999695
v 84.999901 39.999901 -869.999878
v 84.999901 799.999878 -869.999695
v 81.249901 39.999901 -884.999878
v 118.749901 799.999878 -884.999695
v 81.249901 799.999878 -884.999695
v 118.749901 39.999901 -884.999878
v -89.998001 -9.997000 -860.000427
v 89.997993 -9.997000 -900.000000
v -89.998001 -9.997000 -900.000000
v 89.997993 -9.997000 -860.000427
v -89.998001 20.003000 -560.000427
v 89.997993 20.003000 -600.000000
v -89.998001 20.003000 -600.000000
v 89.997993 20.003000 -560.000427
v -83.749901 69.999901 -571.249878
v -116.249901 829.999878 -571.249695
v -83.749901 829.999878 -571.249695
v -116.249901 69.999901 -571.249878
v 116.249901 69.999901 -571.249878
v 83.749901 829.999878 -571.249695
v 116.249901 829.999878 -571.249695
v 83.749901 69.999901 -571.249878
v -83.749901 39.999901 -871.249878
v -116.249901 799.999878 -871.249695
v -83.749901 799.999878 -871.249695
v -116.249901 39.999901 -871.249878
v 116.249901 39.999901 -871.249878
v 83.749901 799.999878 -871.249695
v 116.249901 799.999878 -871.249695
v 83.749901 39.999901 -871.249878
v -89.998001 50.003010 -300.000000
v 149.998001 100.000999 -300.000000
v -149.998001 100.000999 -300.000000
v 89.997993 50.003010 -300.000000
v 60.249599 -42.500999 -599.997986
v -60.249599 -60.000999 -599.997986
v 60.249599 -60.000999 -600.000000
v -60.249599 -42.500999 -599.997986
v 60.249599 -12.501000 -299.997986
v -60.249599 -30.000999 -299.997986
v 60.249599 -30.000999 -299.997986
v -60.249599 -12.501000 -299.997986
v 60.249599 -30.000999 -599.997986
v -60.249599 -30.000999 -599.997986
v 60.249599 -0.001000 -299.997986
v -60.249599 -0.001000 -299.997986
v -77.499901 -26.249901 -603.749878
v -77.499901 -56.249901 -603.749878
v -77.499901 3.749900 -303.749908
v -77.499901 -26.249901 -303.749908
v 77.499901 -26.249901 -603.749878
v 77.499901 -56.249901 -603.749878
v 77.499901 3.749900 -303.749908
v 77.499901 -26.249901 -303.749908
v -80.000000 179.999893 -571.249878
v 79.999901 190.000107 -571.249878
v 79.999901 180.000000 -571.249878
v -80.000099 189.999802 -571.249878
v 79.999901 184.999893 -593.749878
v -80.000000 184.999893 -593.749878
v 79.999901 204.999893 -593.749878
v -80.000000 209.999893 -571.249878
v -80.000000 204.999893 -593.749878
v 79.999901 210.000000 -571.249878
v 80.000000 200.000000 -571.249878
v -80.000099 199.999893 -571.249878
v -80.000000 124.999802 -593.749878
v 80.000000 120.000099 -571.249878
v 79.999901 125.000099 -593.749878
v -80.000000 119.999802 -571.249878
v -80.000000 164.999802 -593.749878
v 79.999901 160.000000 -571.249878
v 80.000000 165.000107 -593.749878
v -80.000000 159.999893 -571.249878
v 80.000000 170.000107 -571.249878
v -80.000000 169.999802 -571.249878
v -79.999901 129.999908 -571.249878
v 80.000000 129.999908 -571.249878
v -80.000000 144.999908 -593.749878
v 80.000000 140.000000 -571.249878
v 80.000000 145.000000 -593.749878
v -80.000000 139.999908 -571.249878
v 80.000000 149.999908 -571.249878
v -80.000000 149.999908 -571.249878
v 80.000000 84.999901 -593.749878
v -80.000000 89.999901 -571.249878
v -79.999901 84.999901 -593.749878
v 80.000000 90.000000 -571.249878
v -79.999901 79.999901 -571.249878
v 80.000000 80.000000 -571.249878
v 80.000000 105.000000 -593.749878
v -79.999901 109.999901 -571.249878
v -79.999901 104.999901 -593.749878
v 80.000000 109.999901 -571.249878
v 80.000000 100.000000 -571.249878
v -79.999802 99.999901 -571.249878
v -80.000000 149.999893 -871.249878
v 79.999901 160.000107 -871.249878
v 79.999901 150.000000 -871.249878
v -80.000099 159.999802 -871.249878
v 79.999901 154.999893 -893.749878
v -80.000000 154.999893 -893.749878
v 79.999901 174.999893 -893.749878
v -80.000000 179.999893 -871.249878
v -80.000000 174.999893 -893.749878
v 79.999901 180.000000 -871.249878
v 80.000000 170.000000 -871.249878
v -80.000099 169.999893 -871.249878
v -80.000000 94.999802 -893.749878
v 80.000000 90.000099 -871.249878
v 79.999901 95.000099 -893.749878
v -80.000000 89.999802 -871.249878
v -80.000000 134.999802 -893.749878
v 79.999901 130.000000 -871.249878
v 80.000000 135.000107 -893.749878
v -80.000000 129.999893 -871.249878
v 80.000000 140.000107 -871.249878
v -80.000000 139.999802 -871.249878
v -79.999901 99.999901 -871.249878
v 80.000000 99.999901 -871.249878
v -80.000000 114.999901 -893.749878
v 80.000000 110.000000 -871.249878
v 80.000000 115.000000 -893.749878
v -80.000000 109.999901 -871.249878
v 80.000000 119.999901 -871.249878
v -80.000000 119.999901 -871.249878
v 80.000000 54.999901 -893.749878
v -80.000000 59.999901 -871.249878
v -79.999901 54.999901 -893.749878
v 80.000000 60.000000 -871.249878
v -79.999901 49.999901 -871.249878
v 80.000000 50.000000 -871.249878
v 80.000000 75.000000 -893.749878
v -79.999901 79.999901 -871.249878
v -79.999901 74.999901 -893.749878
v 80.000000 79.999901 -871.249878
v 80.000000 70.000000 -871.249878
v -79.999802 69.999901 -871.249878
v -59.980000 20.000000 -1300.000000
v -77.480003 -52.000000 -1300.000000
v -122.500000 -52.000000 -1300.000000
v -122.480003 -60.000000 -1320.000000
v -77.480003 -60.020000 -1320.000000
v -59.980000 -60.020000 -1300.000000
v -77.480003 -60.020000 -1300.000000
v -59.980000 -52.000000 -1300.000000
v -59.980000 -58.759998 -1307.500000
v -59.980000 -56.820000 -1315.000000
v -59.980000 -53.759998 -1322.500000
v -59.980000 -50.020000 -1330.000000
v -59.980000 17.479990 -1447.500000
v -59.980000 19.639990 -1453.680054
v 100.000000 20.000000 -1599.979980
v -99.980003 -60.020000 -1599.979980
v 100.000000 -60.020000 -1599.979980
v -99.980003 20.000000 -1599.979980
v 59.980000 -60.020000 -1300.000000
v 59.980000 -58.759998 -1307.500000
v 59.980000 -52.000000 -1300.000000
v 59.980000 -56.820000 -1315.000000
v 59.980000 20.000000 -1300.000000
v 59.980000 -53.759998 -1322.500000
v 59.980000 -50.020000 -1330.000000
v 59.980000 17.479990 -1447.500000
v 59.980000 19.639990 -1453.680054
v 77.480003 -52.000000 -1300.000000
v 77.480003 -60.020000 -1320.020020
v 77.480003 -60.020000 -1300.000000
v 122.500000 -52.000000 -1300.000000
v 122.500000 -60.020000 -1320.020020
v 149.979996 20.000000 -1300.000000
v -122.500000 -60.020000 -1300.000000
v -59.980000 -90.019997 -1300.000000
v 100.000000 -90.019997 -1599.979980
v -99.980003 -699.980042 -1599.979980
v 100.000000 -699.980042 -1599.979980
v -99.980003 -90.019997 -1599.979980
v 59.980000 -90.019997 -1300.000000
v 122.500000 -60.020000 -1300.000000
v 149.979996 -90.019997 -1300.000000
v 149.979996 -699.980042 -1300.000000
v 59.980000 -699.980042 -1300.000000
v -59.980000 24.980000 -1300.000000
v -59.980000 24.980000 -1460.000000
v -59.980000 20.000000 -1460.000000
v 99.980003 24.980000 -1599.979980
v -99.980003 24.980000 -1599.979980
v 60.000000 24.980000 -1460.000000
v 59.980000 20.000000 -1460.000000
v 60.000000 24.980000 -1300.000000
v 149.979996 24.980000 -1300.000000
v -59.999901 -29.999901 -599.999878
v -59.999901 -59.999901 -599.999878
v -59.999901 0.000000 -299.999908
v -59.999901 -29.999901 -299.999908
v 59.999901 -29.999901 -599.999878
v 59.999901 -59.999901 -599.999878
v 59.999901 0.000000 -299.999908
v 59.999901 -29.999901 -299.999908
v -122.499901 -26.249901 -603.749878
v -122.499901 -56.249901 -603.749878
v -122.499901 3.749900 -303.749908
v -122.499901 -26.249901 -303.749908
v 122.499901 -26.249901 -603.749878
v 122.499901 -56.249901 -603.749878
v 122.499901 3.749900 -303.749908
v 122.499901 -26.249901 -303.749908
v 900.000305 -700.001404 0.000000
v 111.249908 -700.001343 -701.111267
v 900.000305 -700.001343 -1600.000122
v 111.249878 -700.001343 -1600.000122
v 111.249908 -700.001404 0.000000
v 111.249878 -700.001282 -2123.947266
v 700.000671 -700.001343 -1999.999878
v 111.249908 -700.001343 -1999.999756
v 249.999893 -700.001282 -2200.000000
v 111.249908 -700.001282 -2200.000000
v 111.249878 -700.001343 -1797.187378
v 111.249817 799.999878 -292.500000
v 1069.938721 799.999878 -292.500000
v 111.249908 799.999878 -2366.432861
v 1069.938721 799.999878 -2366.432861
v 192.677658 -699.999817 -1046.966797
v 192.677628 -102.499901 -1046.966797
v 245.710648 -102.499901 -1029.289063
v 245.710632 -699.999878 -1029.289063
v 245.710648 -102.499901 -1170.710938
v 245.710632 -699.999817 -1170.710938
v 298.743652 -102.499901 -1153.033203
v 298.743652 -699.999817 -1153.033203
v 316.421356 -102.499901 -1100.000000
v 316.421356 -699.999878 -1100.000000
v 174.999939 -699.999878 -1100.000000
v 174.999939 -102.499901 -1100.000000
v 249.999908 99.999908 -2200.000000
v 249.999924 500.000092 -2200.000000
v 700.000671 99.999908 -1999.999634
v 700.000671 500.000122 -1999.999878
v 900.000305 99.999908 -1066.666748
v 900.000305 500.000092 -533.333435
v 900.000305 99.999908 -533.333374
v 900.000305 500.000122 -1066.666748
v 900.000305 500.000122 -1600.000122
v 900.000305 99.999908 -1600.000122
v 700.000671 799.999878 -1999.999878
v 249.999893 799.999878 -2200.000000
v 900.000305 799.999878 -1600.000122
v 900.000305 799.999878 -1066.666748
v 900.000305 799.999878 -533.333374
v 290.000000 200.000992 -920.000000
v 290.000000 240.000000 -854.090027
v 250.000992 240.000000 -920.000000
v 290.000000 279.998993 -920.000000
v 329.998993 240.000000 -920.000000
v 249.999893 -60.000000 -2200.000000
v 700.000671 -60.000000 -1999.999634
v 700.000671 99.999908 -1999.999756
v 700.000671 -60.000000 -1999.999756
v 900.000305 -60.000000 -1600.000122
v 900.000305 -60.000000 -1066.666748
v 900.000305 -60.000000 -533.333374
v 195.040924 79.264603 -1120.395996
v 163.738251 115.958687 -1144.486816
v 169.535156 104.656914 -1113.248535
v 169.718750 115.958603 -1150.467285
v 178.138657 94.594398 -1093.135254
v 187.035156 81.415100 -1053.893066
v 189.134735 80.071701 -1074.667480
v 194.835938 52.526299 -1068.680176
v 193.240234 58.204800 -1043.151855
v 207.203171 49.696499 -1107.164551
v 211.185547 13.881400 -1042.421387
v 208.042953 12.266400 -1104.488770
v 203.341858 12.791600 -1066.528809
v 206.943359 -25.393900 -1105.268066
v 205.830063 -25.360800 -1068.264160
v 199.025452 -77.499901 -1072.410645
v 205.912048 -77.499901 -1103.088379
v 207.038055 -77.499901 -1053.531738
v 194.874939 115.958687 -1175.622559
v 225.144547 79.264702 -1150.500488
v 200.687439 115.958687 -1181.436035
v 213.445267 -24.920799 -1048.811035
v 219.740234 46.525101 -1027.377441
v 236.734360 -24.757601 -1047.254395
v 231.925751 104.656914 -1175.639038
v 231.733459 -77.499901 -1051.049316
v 252.039047 94.457207 -1167.034668
v 262.165039 -24.757601 -1056.940918
v 270.506744 80.071701 -1156.039551
v 238.009720 49.696499 -1137.971191
v 258.068359 -77.499901 -1059.279785
v 239.906250 -25.393900 -1138.230957
v 242.085938 -77.499901 -1139.262207
v 272.729462 -77.499901 -1146.184082
v 276.494049 52.526299 -1150.337402
v 240.685547 12.266400 -1137.132202
v 276.874969 -25.360800 -1139.378418
v 278.646454 12.791600 -1141.832520
v 291.281250 81.415100 -1158.139160
v 291.607452 -77.499901 -1138.171143
v 296.328156 -24.920799 -1131.763184
v 302.751953 13.881400 -1133.988770
v 288.232361 -24.757601 -1083.009277
v 294.124939 -77.499901 -1113.440918
v 285.894440 -77.499901 -1087.105957
v 302.021454 58.204800 -1151.934082
v 297.919952 -24.757601 -1108.439941
v 317.796844 46.525101 -1125.435059
v 154.999878 42.499908 -845.000000
v 149.999878 79.999908 -920.000000
v 149.999878 79.999908 -839.999512
v 154.999878 42.499908 -915.000000
v 229.999878 79.999908 -920.000000
v 224.999878 42.499908 -915.000000
v 224.999878 42.499908 -845.000000
v 229.999878 79.999908 -840.000000
v 354.999878 42.499908 -845.000000
v 349.999878 79.999908 -920.000000
v 349.999878 79.999908 -840.000000
v 354.999908 42.499908 -915.000000
v 424.999878 42.499908 -845.000000
v 429.999878 79.999908 -840.000000
v 429.999939 79.999908 -920.000000
v 424.999878 42.499908 -915.000000
v 354.999878 72.499908 -545.000000
v 349.999878 109.999908 -620.000000
v 349.999878 109.999908 -540.000000
v 354.999908 72.499908 -615.000000
v 424.999878 72.499908 -545.000000
v 429.999878 109.999908 -540.000000
v 429.999939 109.999908 -620.000000
v 424.999878 72.499908 -615.000000
v 154.999878 72.499908 -545.000000
v 149.999878 109.999908 -620.000000
v 149.999878 109.999908 -540.000000
v 154.999939 72.499908 -615.000000
v 224.999878 72.499908 -545.000000
v 229.999878 109.999908 -540.000000
v 229.999939 109.999908 -620.000000
v 224.999878 72.499908 -615.000000
v 354.999908 102.499908 -315.000000
v 429.999939 139.999908 -320.000000
v 349.999878 139.999908 -320.000000
v 424.999878 102.499908 -315.000000
v 154.999939 102.499908 -315.000000
v 229.999939 139.999908 -320.000000
v 149.999878 139.999908 -320.000000
v 224.999878 102.499908 -315.000000
v 129.999893 -699.999878 -569.999878
v 129.999893 -89.999893 -569.999939
v 129.999893 -699.999878 -1299.999878
v 129.999893 -89.999901 -1299.999878
v 129.999893 -89.999901 -269.999908
v 129.999893 -59.999901 -269.999908
v 129.999893 -59.999901 -569.999878
v 129.999893 -699.999878 -269.999908
v 449.998993 459.998993 -329.998993
v 130.000992 140.000992 -330.000000
v 449.998993 140.000992 -329.998993
v 130.000992 459.998993 -330.000000
v 130.000992 399.998993 -830.000977
v 449.998993 80.000999 -830.000000
v 130.000992 80.000999 -830.000977
v 449.998993 399.998993 -830.000000
v 449.998993 429.998993 -629.999023
v 130.000992 110.000999 -630.000000
v 449.998993 110.000999 -629.999023
v 130.000992 429.998993 -630.000000
v 130.000992 429.998993 -530.000977
v 449.998993 110.000999 -530.000000
v 130.000992 110.000999 -530.000977
v 449.998993 429.998993 -530.000000
v 155.611343 149.606293 -1156.400757
v 147.792953 148.504395 -1142.109863
v 158.914047 132.409897 -1105.594238
v 176.737228 112.400002 -1072.714355
v 186.392548 93.419899 -1051.570801
v 188.773438 149.606293 -1189.562988
v 203.063461 148.504501 -1197.381470
v 239.580032 132.409897 -1186.260254
v 272.458954 112.400002 -1168.437012
v 293.603546 93.419899 -1158.782715
v 183.838852 -77.499901 -1097.790039
v 292.114532 -77.499901 -1146.403198
v 199.306747 -77.499901 -1053.595703
v 247.920364 -77.499901 -1161.872070
v 307.582550 -77.499901 -1102.209961
v 243.500961 -77.499901 -1038.127930
v 129.999893 -54.999901 -604.999878
v 129.999893 -55.000000 -1299.999878
v 129.999893 -24.999901 -604.999878
v 129.999893 -24.999901 -304.999908
v 130.000992 80.000999 -930.000000
v 290.000000 240.000000 -840.000977
v 130.000992 399.998993 -930.000000
v 449.998962 399.998993 -929.999023
v 449.998993 80.000999 -929.999023
v 189.187424 67.464699 -1025.090332
v 195.858459 66.609001 -1018.720154
v 320.083954 67.464699 -1155.986816
v 326.453033 66.609001 -1149.315918
v 111.249901 -9.999900 -884.999878
v 113.749901 -34.999901 -893.749817
v 111.249901 -9.999900 -894.999878
v 113.749901 -34.999901 -886.249817
v 121.249901 -34.999901 -893.749817
v 123.749901 -9.999900 -894.999878
v 123.749901 -9.999900 -884.999878
v 121.249901 -34.999901 -886.249817
v 128.749893 -9.999900 -887.499878
v 131.249893 -34.999901 -896.249817
v 128.749893 -9.999900 -897.499878
v 131.249893 -34.999901 -888.749817
v 138.749893 -34.999901 -896.249817
v 141.249893 -9.999900 -897.499878
v 141.249893 -9.999900 -887.499878
v 138.749893 -34.999901 -888.749817
v 111.249901 20.000099 -584.999878
v 113.749901 -4.999900 -593.749878
v 111.249901 20.000099 -594.999878
v 113.749901 -4.999900 -586.249878
v 121.249901 -4.999900 -593.749878
v 123.749901 20.000099 -594.999878
v 123.749901 20.000099 -584.999878
v 121.249901 -4.999900 -586.249878
v 128.749893 20.000099 -587.499878
v 131.249893 -4.999900 -596.249878
v 128.749893 20.000099 -597.499878
v 131.249893 -4.999900 -588.749878
v 138.749893 -4.999900 -596.249878
v 141.249893 20.000099 -597.499878
v 141.249893 20.000099 -587.499878
v 138.749893 -4.999900 -588.749878
v 111.249901 50.000099 -294.999878
v 121.249901 25.000099 -293.749878
v 123.749901 50.000099 -294.999878
v 113.749901 25.000099 -293.749878
v 128.749893 50.000099 -297.499878
v 138.749893 25.000099 -296.249878
v 141.249893 50.000099 -297.499878
v 131.249893 25.000099 -296.249878
v 138.749893 25.000099 -288.749878
v 179.419327 -89.999893 -1098.894531
v 195.992249 -89.999893 -1050.281250
v 246.815552 -89.999893 -1166.291016
v 244.605728 -89.999893 -1033.708984
v 295.429047 -89.999893 -1149.718750
v 312.001953 -89.999893 -1101.105469
v 162.499878 42.499908 -907.500000
v 162.499878 19.999910 -852.500000
v 162.499878 19.999910 -907.500000
v 162.499878 42.499908 -852.500000
v 217.499878 42.499908 -907.499512
v 217.499878 19.999910 -907.499512
v 217.499878 19.999910 -852.500000
v 217.499878 42.499908 -852.500000
v 362.499878 42.499908 -907.500000
v 362.499908 19.999910 -852.500000
v 362.499878 19.999910 -907.500000
v 362.499939 42.499908 -852.500000
v 417.499878 42.499908 -907.500000
v 417.499878 19.999910 -907.500000
v 417.499878 19.999910 -852.500000
v 417.499878 42.499908 -852.500000
v 362.499878 72.499908 -607.500000
v 362.499908 49.999908 -552.500000
v 362.499878 49.999908 -607.500000
v 362.499939 72.499908 -552.500000
v 417.499878 72.499908 -607.500000
v 417.499878 49.999908 -607.500000
v 417.499878 49.999908 -552.500000
v 417.499878 72.499908 -552.500000
v 162.499878 72.499908 -607.500000
v 162.499939 49.999908 -552.500000
v 162.499878 49.999908 -607.500000
v 162.499939 72.499908 -552.500000
v 217.499878 72.499908 -607.500000
v 217.499878 49.999908 -607.500000
v 217.499878 49.999908 -552.500000
v 217.499878 72.499908 -552.500000
v 362.499878 79.999908 -307.500000
v 417.499878 102.499908 -307.500000
v 362.499878 102.499908 -307.500000
v 417.499878 79.999908 -307.500000
v 162.499878 79.999908 -307.500000
v 217.499878 102.499908 -307.500000
v 162.499878 102.499908 -307.500000
v 217.499878 79.999908 -307.500000
v 122.499901 -26.249901 -603.749878
v 122.499901 -56.249901 -603.749878
v 122.499901 3.749900 -303.749908
v 129.999893 4.999900 -304.999908
v 122.499901 -26.249901 -303.749908
v 163.257843 176.194901 -1149.854980
v 155.736343 173.875595 -1136.001465
v 176.111237 196.675903 -1138.446777
v 172.156250 191.334198 -1124.131348
v 173.374939 175.972107 -1095.951660
v 200.292953 200.143005 -1111.524902
v 198.478455 182.237595 -1085.256348
v 195.449234 134.849106 -1056.943848
v 191.890656 107.623703 -1048.592285
v 204.875961 115.547798 -1040.678101
v 195.320251 176.194901 -1181.916504
v 210.298859 134.336395 -1049.447754
v 209.173843 173.875595 -1189.437988
v 206.728470 196.675903 -1169.062988
v 226.018555 179.940308 -1081.072754
v 229.951157 122.567993 -1033.573730
v 221.042938 191.334198 -1173.017944
v 233.648331 200.143005 -1144.881348
v 238.867157 96.916298 -1026.120605
v 245.671844 48.054001 -1029.695801
v 249.222656 175.972107 -1171.798340
v 263.572235 134.499100 -1054.878418
v 259.917938 182.237595 -1146.695801
v 274.496063 105.627197 -1043.171387
v 264.101532 179.940308 -1119.154785
v 275.958954 49.243198 -1040.621582
v 288.230438 134.849106 -1149.723999
v 296.708954 134.336395 -1135.857910
v 311.599579 122.567993 -1115.223145
v 290.294861 134.499100 -1081.601074
v 304.496063 115.547798 -1140.297363
v 304.552643 49.243198 -1069.215332
v 302.001953 105.627197 -1070.677246
v 296.582062 107.623703 -1153.284668
v 315.478455 48.054001 -1099.502441
v 319.052734 96.916298 -1106.307129
v 149.979996 -60.020012 -1300.000000
v 149.979996 -90.019997 -1300.000000
v 122.500000 -60.020000 -1300.000000
v 149.979996 -90.019997 -1500.000000
v 100.000000 -699.980042 -1599.979980
v 149.979996 -699.980042 -1500.000000
v 100.000000 -90.019997 -1599.979980
v 149.979996 -60.020000 -1500.000000
v 100.000000 -60.020000 -1599.979980
v 149.979996 -699.980042 -1300.000000
v 449.998993 799.997986 -330.000000
v 130.000992 649.997986 -330.000000
v 449.998993 649.997986 -330.000000
v 130.000992 799.997986 -330.000000
v 130.000992 799.997986 -929.999023
v 130.000992 589.997986 -830.000000
v 130.000992 589.997986 -929.999023
v 130.000992 799.997986 -830.000000
v 449.998993 799.997986 -929.999023
v 449.998993 589.997986 -929.999023
v 449.998993 589.997986 -830.000000
v 449.998993 799.997986 -830.000000
v 130.000992 799.997986 -629.999023
v 130.000992 619.997986 -530.000000
v 130.000992 619.997986 -629.999023
v 130.000992 799.997986 -530.000000
v 449.998993 799.997986 -629.999023
v 449.998993 619.997986 -629.999023
v 449.998993 619.997986 -530.000000
v 449.998993 799.997986 -530.000000
v 324.622162 23.067499 -1132.924316
v 328.825256 45.419399 -1171.723755
v 324.316437 47.534698 -1168.308838
v 327.056732 23.211800 -1126.390869
v 332.140656 26.773899 -1129.569336
v 334.142639 47.223999 -1173.980103
v 342.339935 44.038010 -1170.778076
v 149.939453 -23.660700 -976.400818
v 148.499954 -14.174300 -972.004333
v 141.195343 -17.063000 -966.596130
v 148.535141 -23.839800 -966.177246
v 155.775345 -16.620600 -964.759216
v 154.406250 -48.908798 -962.826599
v 151.753845 -40.438999 -957.751465
v 146.653351 -45.896000 -951.894043
v 154.007751 -50.580700 -952.748535
v 159.904251 -42.276798 -951.859863
v 160.802750 156.231201 -1102.026855
v 159.402344 26.737301 -1008.294434
v 150.659149 34.165600 -999.403748
v 154.898453 26.509600 -998.051208
v 163.490250 31.688400 -993.088318
v 159.876953 35.015099 -1002.158630
v 179.735352 -89.052696 -948.391052
v 199.548721 -45.197800 -986.994629
v 204.607437 -39.092400 -976.899841
v 183.905243 124.627808 -1064.399902
v 204.003845 -2.646800 -1008.535645
v 191.417923 64.844597 -1031.321777
v 212.250046 23.055901 -1020.549255
v 215.673859 49.226799 -1028.647949
v 194.910156 67.233498 -1021.156738
v 207.095657 1.098300 -997.033569
v 215.605438 26.762300 -1013.029724
v 207.121048 -44.613899 -982.981934
v 212.897461 48.387901 -1034.188965
v 211.291031 -2.143400 -1003.882263
v 218.783157 23.200199 -1018.114746
v 243.146469 156.231201 -1184.371704
v 280.774353 124.627808 -1161.269043
v 190.306641 67.812401 -1026.009277
v 310.982452 48.399399 -1132.277100
v 313.849640 64.856201 -1153.756348
v 316.523560 49.238400 -1129.501099
v 319.162140 67.823997 -1154.866821
v 324.013733 67.245102 -1150.263550
v 245.632828 74.650093 -1024.022949
v 276.189453 78.493797 -1037.892090
v 307.283142 78.493797 -1068.985840
v 321.152344 74.649902 -1099.542358
v 89.997993 -9.997000 -860.000427
v 149.998001 -9.997000 -900.000000
v 89.997993 -9.997000 -900.000000
v 149.998001 -9.997000 -860.000427
v 89.997993 20.003000 -560.000427
v 149.998001 20.003000 -600.000000
v 89.997993 20.003000 -600.000000
v 149.998001 20.003000 -560.000427
v 169.999878 -700.000000 -860.000000
v 169.999939 -90.000092 -900.000000
v 169.999878 -90.000092 -860.000000
v 169.999878 -700.000000 -900.000000
v 169.999878 19.999910 -860.000000
v 169.999878 19.999910 -900.000000
v 209.999878 -90.000092 -860.000000
v 209.999878 -700.000000 -860.000000
v 209.999878 19.999910 -860.000000
v 209.999939 -90.000092 -900.000000
v 209.999878 -700.000000 -900.000000
v 209.999878 19.999910 -900.000000
v 369.999878 -700.000000 -860.000000
v 369.999939 -90.000000 -900.000000
v 369.999878 -90.000000 -860.000000
v 369.999939 -700.000000 -900.000000
v 369.999878 19.999910 -860.000000
v 369.999939 19.999910 -900.000000
v 409.999878 -90.000000 -860.000000
v 409.999878 -700.000000 -860.000000
v 409.999878 19.999910 -860.000000
v 409.999939 -90.000000 -900.000000
v 409.999878 -700.000000 -900.000000
v 409.999878 19.999910 -900.000000
v 369.999878 -699.999878 -560.000000
v 369.999939 -89.999977 -600.000000
v 369.999878 -89.999977 -560.000000
v 369.999939 -699.999878 -600.000000
v 369.999878 49.999908 -560.000000
v 369.999939 49.999908 -600.000000
v 409.999878 -89.999977 -560.000000
v 409.999878 -699.999878 -560.000000
v 409.999878 49.999908 -560.000000
v 409.999939 -89.999977 -600.000000
v 409.999878 -699.999878 -600.000000
v 409.999878 49.999908 -600.000000
v 169.999878 -699.999878 -560.000000
v 169.999939 -89.999977 -600.000000
v 169.999878 -89.999977 -560.000000
v 169.999939 -699.999878 -600.000000
v 169.999878 49.999908 -560.000000
v 169.999939 49.999908 -600.000000
v 209.999878 -89.999977 -560.000000
v 209.999878 -699.999878 -560.000000
v 209.999878 49.999908 -560.000000
v 209.999939 -89.999977 -600.000000
v 209.999878 -699.999878 -600.000000
v 209.999878 49.999908 -600.000000
v 369.999939 -700.000000 -300.000000
v 409.999939 -89.999977 -300.000000
v 369.999939 -89.999977 -300.000000
v 409.999878 -700.000000 -300.000000
v 409.999878 79.999908 -300.000000
v 369.999939 79.999908 -300.000000
v 169.999939 -700.000000 -300.000000
v 209.999939 -89.999977 -300.000000
v 169.999939 -89.999977 -300.000000
v 209.999878 -700.000000 -300.000000
v 209.999878 79.999908 -300.000000
v 169.999939 79.999908 -300.000000
v 122.500000 -60.020000 -1320.020020
v 122.500000 -52.000000 -1300.000000
v 149.979996 20.000000 -1300.000000
v 100.000000 20.000000 -1599.979980
v 149.979996 20.000000 -1500.000000
v 140.003006 130.001999 -919.999023
v 140.003006 390.000000 -919.999023
v 140.003006 90.003014 -919.999023
v 180.001999 390.000000 -919.999023
v 399.997955 90.003014 -920.000000
v 440.000000 390.000000 -920.000000
v 440.000000 349.997955 -920.000000
v 440.000000 90.003014 -920.000000
v 114.999901 -34.999901 -892.499878
v 115.000198 -34.999901 -887.499878
v 117.499901 -89.999901 -889.999878
v 119.999702 -34.999901 -892.499878
v 119.999901 -34.999901 -887.499878
v 132.499893 -34.999901 -894.999878
v 132.500198 -34.999901 -889.999878
v 134.999893 -89.999901 -892.499878
v 137.499695 -34.999901 -894.999878
v 137.499893 -34.999901 -889.999878
v 114.999901 -4.999900 -592.499878
v 115.000198 -4.999900 -587.499878
v 117.499901 -59.999901 -589.999878
v 119.999702 -4.999900 -592.499878
v 119.999901 -4.999900 -587.499878
v 132.499893 -4.999900 -594.999878
v 132.500198 -4.999900 -589.999878
v 134.999893 -59.999901 -592.499878
v 137.499695 -4.999900 -594.999878
v 137.499893 -4.999900 -589.999878
v 132.499893 25.000099 -294.999878
v 134.999893 -29.999901 -292.499878
v 137.499695 25.000099 -294.999878
v 119.999901 829.999878 -594.999695
v 114.999901 69.999901 -569.999878
v 119.999901 69.999901 -594.999878
v 114.999901 829.999878 -569.999695
v 124.999901 69.999901 -569.999878
v 124.999901 829.999878 -569.999695
v 119.999901 799.999878 -894.999695
v 114.999901 39.999901 -869.999878
v 119.999901 39.999901 -894.999878
v 114.999901 799.999878 -869.999695
v 124.999901 39.999901 -869.999878
v 124.999901 799.999878 -869.999695
v 149.998001 40.000999 -900.000000
v 149.998001 40.000999 -860.000427
v 149.998001 70.000999 -600.000000
v 149.998001 70.000999 -560.000427
v 149.998001 50.003010 -300.000000
v 149.998001 100.000999 -300.000000
v 89.997993 50.003010 -300.000000
v 149.979996 24.980000 -1500.000000
v 99.980003 24.980000 -1599.979980
v 149.979996 24.980000 -1300.000000
v -100.000000 -700.001404 299.997986
v -100.000000 -700.001404 0.000000
v 900.000305 -700.001404 299.997986
v 900.000305 -700.001404 0.000000
v 111.249908 -700.001404 0.000000
v -99.999939 799.999878 -291.265381
v -99.999939 799.999878 -260.000397
v 169.661011 799.999878 299.997986
v -99.999947 799.999878 299.997986
v 1069.938721 799.999878 299.997986
v -99.999939 799.999878 -292.500000
v 1069.938721 799.999878 -292.500000
v 111.249817 799.999878 -292.500000
v 149.999695 -102.499901 -50.000198
v 149.999695 -699.999817 -50.000198
v 199.999802 -102.499901 -75.000099
v 199.999802 -699.999817 -75.000099
v 249.999924 -102.499901 -50.000000
v 200.000000 -699.999817 75.000099
v 200.000000 -102.499901 75.000099
v 250.000076 -102.499901 50.000099
v 249.999908 -699.999878 -50.000000
v 250.000092 -699.999878 50.000099
v 149.999908 -699.999878 49.999901
v 149.999908 -102.499901 49.999901
v 900.000305 99.999908 -533.333374
v 900.000305 500.000092 -533.333435
v 900.000366 99.999908 0.000000
v 900.000305 500.000092 533.333191
v 900.000305 99.999908 533.333191
v 900.000305 500.000122 0.000000
v 900.000305 799.999878 0.000000
v 900.000305 799.999878 -533.333374
v 900.000305 799.999878 533.333313
v 290.000000 260.001007 240.000000
v 290.000000 300.000000 305.910004
v 250.000992 300.000000 240.000000
v 290.000000 339.998993 240.000000
v 329.998993 300.000000 240.000000
v 250.000992 300.000000 -240.000000
v 290.000000 300.000000 -305.910004
v 290.000000 260.001007 -240.000000
v 290.000000 339.998993 -240.000000
v 329.998993 300.000000 -240.000000
v 900.000305 -60.000000 -533.333374
v 900.000305 -60.000000 0.000000
v 900.000305 -60.000000 533.333191
v 900.000305 -340.002930 299.997986
v 900.000305 -520.002197 299.997986
v 169.421387 39.488300 21.465401
v 171.228500 12.266400 22.409401
v 171.229004 12.266400 -23.754900
v 187.211411 52.526299 57.068501
v 169.901794 -25.393900 -23.981400
v 170.712891 -77.499901 -26.251499
v 187.485901 -77.499901 -52.813702
v 170.712006 -77.499901 24.906401
v 169.900909 -25.393900 22.635599
v 187.535202 -77.499901 51.468899
v 178.816895 51.240101 40.724602
v 195.230484 -25.360800 -50.934399
v 195.279297 -25.360800 49.588409
v 194.747498 12.791600 52.575600
v 194.747009 12.791600 -53.920399
v 192.683990 68.144203 67.438301
v 204.133789 58.204800 76.247597
v 192.150513 81.415100 73.040901
v 206.501007 -77.499901 -60.497398
v 206.550201 -77.499901 59.152302
v 217.340317 13.881400 64.075600
v 214.371002 -24.920799 -59.304798
v 214.420288 -24.920799 57.959801
v 206.384308 27.934000 -62.873501
v 217.340317 13.881400 -65.421501
v 210.135315 38.057800 -72.060303
v 231.987793 -24.757601 -43.937698
v 231.988785 -24.757601 42.592602
v 234.025894 46.525101 68.664398
v 234.024796 46.525101 -70.009590
v 225.767090 -77.499901 -44.790199
v 225.767624 -77.499901 43.445202
v 243.120071 -24.757601 -19.106600
v 243.120071 -24.757601 17.760799
v 238.570404 -77.499901 -20.348700
v 238.570709 -77.499901 19.003700
v 354.999878 102.499908 -245.000000
v 349.999878 139.999908 -320.000000
v 349.999878 139.999908 -240.000000
v 354.999908 102.499908 -315.000000
v 424.999878 102.499908 -245.000000
v 429.999878 139.999908 -240.000000
v 424.999878 102.499908 -315.000000
v 429.999939 139.999908 -320.000000
v 154.999878 102.499908 -245.000000
v 149.999878 139.999908 -320.000000
v 149.999878 139.999908 -240.000000
v 154.999939 102.499908 -315.000000
v 224.999878 102.499908 -245.000000
v 229.999878 139.999908 -240.000000
v 224.999878 102.499908 -315.000000
v 229.999939 139.999908 -320.000000
v 355.000153 102.499908 315.000000
v 350.000122 139.999908 240.000000
v 350.000122 139.999908 320.000000
v 355.000122 102.499908 245.000000
v 430.000122 139.999908 240.000000
v 425.000122 102.499908 245.000000
v 430.000183 139.999908 320.000000
v 425.000122 102.499908 315.000000
v 155.000183 102.499908 315.000000
v 150.000122 139.999908 240.000000
v 150.000122 139.999908 320.000000
v 155.000122 102.499908 245.000000
v 230.000122 139.999908 240.000000
v 225.000122 102.499908 245.000000
v 230.000183 139.999908 320.000000
v 225.000122 102.499908 315.000000
v 129.999893 -89.999901 -269.999908
v 129.999893 -699.999878 269.999908
v 129.999893 -89.999901 269.999908
v 129.999893 -699.999878 -269.999908
v 129.999893 -59.999901 269.999908
v 129.999893 -59.999901 -269.999908
v 129.999893 -29.999901 -269.999908
v 129.999893 -29.999901 269.999908
v 211.858139 58.578098 -16.779699
v 213.584198 -74.870613 6.913600
v 209.945023 62.431000 26.019100
v 228.253494 71.609108 27.123699
v 227.648193 72.267799 -18.001600
v 369.999878 -700.000000 -260.000000
v 369.999939 -89.999977 -300.000000
v 369.999878 -89.999977 -260.000000
v 369.999939 -700.000000 -300.000000
v 369.999878 79.999908 -260.000000
v 369.999939 79.999908 -300.000000
v 409.999878 -89.999977 -260.000000
v 409.999878 -700.000000 -260.000000
v 409.999878 79.999908 -260.000000
v 409.999939 -89.999977 -300.000000
v 409.999878 -700.000000 -300.000000
v 409.999878 79.999908 -300.000000
v 169.999878 -700.000000 -260.000000
v 169.999939 -89.999977 -300.000000
v 169.999878 -89.999977 -260.000000
v 169.999939 -700.000000 -300.000000
v 169.999878 79.999908 -260.000000
v 169.999939 79.999908 -300.000000
v 209.999878 -89.999977 -260.000000
v 209.999878 -700.000000 -260.000000
v 209.999878 79.999908 -260.000000
v 209.999939 -89.999977 -300.000000
v 209.999878 -700.000000 -300.000000
v 209.999878 79.999908 -300.000000
v 370.000305 -89.999977 300.000000
v 370.000122 -700.000000 260.000000
v 370.000122 -89.999977 260.000000
v 370.000183 -700.000000 300.000000
v 370.000122 79.999908 260.000000
v 370.000183 79.999908 300.000000
v 410.000122 -89.999977 260.000000
v 410.000122 -700.000000 260.000000
v 410.000122 79.999908 260.000000
v 410.000183 -89.999977 300.000000
v 410.000122 -700.000000 300.000000
v 410.000122 79.999908 300.000000
v 170.000305 -89.999977 300.000000
v 170.000122 -700.000000 260.000000
v 170.000122 -89.999977 260.000000
v 170.000183 -700.000000 300.000000
v 170.000122 79.999908 260.000000
v 170.000183 79.999908 300.000000
v 210.000122 -89.999977 260.000000
v 210.000122 -700.000000 260.000000
v 210.000122 79.999908 260.000000
v 210.000183 -89.999977 300.000000
v 210.000122 -700.000000 300.000000
v 210.000122 79.999908 300.000000
v 140.003006 190.001999 240.001022
v 140.003006 450.000000 240.001007
v 140.003006 150.003006 240.001007
v 180.001999 450.000000 240.001022
v 399.997955 150.003006 240.000000
v 440.000000 450.000000 240.000000
v 440.000000 409.997955 240.000000
v 440.000000 150.003006 240.000000
v 140.000000 150.003006 -240.000000
v 140.000000 409.997955 -240.000000
v 140.000000 450.000000 -240.000000
v 180.001999 150.003006 -240.000000
v 399.997955 450.000000 -240.001022
v 439.997009 150.003006 -240.001007
v 439.996979 190.001999 -240.001022
v 439.997009 450.000000 -240.001007
v 157.812592 -77.499901 45.312599
v 200.000305 -77.499901 -65.624603
v 200.000214 -77.499901 65.625198
v 157.812286 -77.499901 -45.312599
v 242.187195 -77.499901 -45.312698
v 242.187576 -77.499901 45.312599
v 129.999893 -24.999901 -304.999908
v 129.999893 4.999900 -304.999908
v 129.999893 -24.999901 304.999908
v 129.999893 4.999900 304.999908
v 130.000992 140.000992 230.000000
v 290.000000 300.000000 319.998993
v 130.000992 459.998962 230.000000
v 130.000992 140.000992 329.998993
v 130.000992 459.998993 329.998993
v 449.998962 459.998962 230.001007
v 449.998993 140.000992 230.001007
v 449.998993 459.998993 330.000000
v 449.998993 140.000992 330.000000
v 130.000992 459.998962 -230.001007
v 290.000000 300.000000 -319.998993
v 130.000992 140.000992 -230.001007
v 130.000992 459.998993 -330.000000
v 130.000992 140.000992 -330.000000
v 449.998962 459.998962 -230.000000
v 449.998993 140.000992 -230.000000
v 449.998993 140.000992 -329.998993
v 449.998993 459.998993 -329.998993
v 214.039078 67.464699 91.885689
v 223.260300 66.609001 91.672798
v 61.249901 25.000099 296.249878
v 58.749901 50.000099 287.499878
v 58.749901 50.000099 297.499878
v 61.249901 25.000099 288.749878
v 71.249901 50.000099 287.499878
v 68.749901 25.000099 288.749878
v 68.749901 25.000099 296.249878
v 71.249901 50.000099 297.499878
v 78.749901 25.000099 293.749878
v 76.249901 50.000099 284.999878
v 76.249901 50.000099 294.999878
v 78.749901 25.000099 286.249878
v 88.749901 50.000099 284.999878
v 86.249901 25.000099 286.249878
v 86.249901 25.000099 293.749878
v 88.749901 50.000099 294.999878
v 96.249901 25.000099 291.249878
v 93.749901 50.000099 282.499878
v 93.749901 50.000099 292.499878
v 96.249901 25.000099 283.749878
v 106.249901 50.000099 282.499878
v 103.749901 25.000099 283.749878
v 103.749901 25.000099 291.249878
v 106.249901 50.000099 292.499878
v 113.749901 25.000099 293.749878
v 111.249901 50.000099 284.999878
v 111.249901 50.000099 294.999878
v 113.749901 25.000099 286.249878
v 123.749901 50.000099 284.999878
v 121.249901 25.000099 286.249878
v 121.249901 25.000099 293.749878
v 123.749901 50.000099 294.999878
v 131.249893 25.000099 296.249878
v 128.749893 50.000099 287.499878
v 128.749893 50.000099 297.499878
v 131.249893 25.000099 288.749878
v 141.249893 50.000099 287.499878
v 138.749893 25.000099 288.749878
v 138.749893 25.000099 296.249878
v 141.249893 50.000099 297.499878
v -106.249901 50.000099 282.499878
v -96.249901 25.000099 283.749878
v -93.749901 50.000099 282.499878
v -93.749901 50.000099 292.499878
v -103.749901 25.000099 291.249878
v -106.249901 50.000099 292.499878
v -96.249901 25.000099 291.249878
v -88.749901 50.000099 294.999878
v -86.249901 25.000099 286.249878
v -88.749901 50.000099 284.999878
v -86.249901 25.000099 293.749878
v -78.749901 25.000099 286.249878
v -76.249901 50.000099 284.999878
v -76.249901 50.000099 294.999878
v -78.749901 25.000099 293.749878
v -71.249901 50.000099 297.499878
v -68.749901 25.000099 288.749878
v -71.249901 50.000099 287.499878
v -68.749901 25.000099 296.249878
v -61.249901 25.000099 288.749878
v -58.749901 50.000099 287.499878
v -58.749901 50.000099 297.499878
v -61.249901 25.000099 296.249878
v 58.749901 50.000099 -287.499878
v 61.249901 25.000099 -296.249878
v 58.749901 50.000099 -297.499878
v 61.249901 25.000099 -288.749878
v 71.249901 50.000099 -287.499878
v 68.749901 25.000099 -288.749878
v 71.249901 50.000099 -297.499878
v 76.249901 50.000099 -284.999878
v 78.749901 25.000099 -293.749878
v 76.249901 50.000099 -294.999878
v 78.749901 25.000099 -286.249878
v 88.749901 50.000099 -284.999878
v 86.249901 25.000099 -286.249878
v 88.749901 50.000099 -294.999878
v 86.249901 25.000099 -293.749878
v 93.749901 50.000099 -282.499878
v 96.249901 25.000099 -291.249878
v 93.749901 50.000099 -292.499878
v 96.249901 25.000099 -283.749878
v 103.749901 25.000099 -291.249878
v 106.249901 50.000099 -292.499878
v 106.249901 50.000099 -282.499878
v 103.749901 25.000099 -283.749878
v 111.249901 50.000099 -284.999878
v 113.749901 25.000099 -293.749878
v 111.249901 50.000099 -294.999878
v 113.749901 25.000099 -286.249878
v 123.749901 50.000099 -284.999878
v 121.249901 25.000099 -286.249878
v 123.749901 50.000099 -294.999878
v 121.249901 25.000099 -293.749878
v 128.749893 50.000099 -287.499878
v 131.249893 25.000099 -296.249878
v 128.749893 50.000099 -297.499878
v 131.249893 25.000099 -288.749878
v 141.249893 50.000099 -287.499878
v 138.749893 25.000099 -288.749878
v 141.249893 50.000099 -297.499878
v -103.749901 25.000099 -291.249878
v -93.749901 50.000099 -292.499878
v -106.249901 50.000099 -292.499878
v -96.249901 25.000099 -291.249878
v -96.249901 25.000099 -283.749878
v -106.249901 50.000099 -282.499878
v -93.749901 50.000099 -282.499878
v -86.249901 25.000099 -286.249878
v -88.749901 50.000099 -294.999878
v -88.749901 50.000099 -284.999878
v -86.249901 25.000099 -293.749878
v -78.749901 25.000099 -286.249878
v -76.249901 50.000099 -284.999878
v -78.749901 25.000099 -293.749878
v -76.249901 50.000099 -294.999878
v -68.749901 25.000099 -288.749878
v -71.249901 50.000099 -297.499878
v -71.249901 50.000099 -287.499878
v -61.249901 25.000099 -288.749878
v -58.749901 50.000099 -287.499878
v -61.249901 25.000099 -296.249878
v -58.749901 50.000099 -297.499878
v 149.998001 100.000999 300.000000
v -149.998001 100.000999 260.000397
v 149.998001 100.000999 260.000397
v -149.998001 100.000999 300.000000
v -149.998001 100.000999 -300.000000
v 149.998001 100.000999 -260.000397
v -149.998001 100.000999 -260.000397
v 149.998001 100.000999 -300.000000
v 153.906403 -89.999901 -47.656101
v 153.906586 -89.999901 47.656601
v 199.999695 -89.999901 -70.312698
v 200.000092 -89.999901 70.312599
v 246.093201 -89.999901 -47.656700
v 246.093506 -89.999901 47.655998
v 362.499878 102.499908 -307.500000
v 362.499908 79.999908 -252.500000
v 362.499878 79.999908 -307.500000
v 362.499939 102.499908 -252.500000
v 417.499878 79.999908 -252.500000
v 417.499878 102.499908 -252.500000
v 417.499878 79.999908 -307.500000
v 417.499878 102.499908 -307.500000
v 162.499878 102.499908 -307.500000
v 162.499939 79.999908 -252.500000
v 162.499878 79.999908 -307.500000
v 162.499939 102.499908 -252.500000
v 217.499878 79.999908 -252.500000
v 217.499878 102.499908 -252.500000
v 217.499878 79.999908 -307.500000
v 217.499878 102.499908 -307.500000
v 362.500153 79.999908 252.500000
v 362.500122 102.499908 307.500000
v 362.500122 79.999908 307.500000
v 362.500183 102.499908 252.500000
v 417.500122 79.999908 252.500000
v 417.500122 102.499908 252.500000
v 417.500122 79.999908 307.500000
v 417.500122 102.499908 307.500000
v 162.500183 79.999908 252.500000
v 162.500122 102.499908 307.500000
v 162.500122 79.999908 307.500000
v 162.500183 102.499908 252.500000
v 217.500122 79.999908 252.500000
v 217.500122 102.499908 252.500000
v 217.500122 79.999908 307.500000
v 217.500122 102.499908 307.500000
v 79.999901 134.999908 293.749878
v -80.000000 130.000000 271.249878
v -80.000000 135.000000 293.749878
v 79.999802 129.999908 271.249878
v -80.000000 139.999908 271.249878
v 79.999901 139.999908 271.249878
v 79.999901 114.999901 293.749878
v -80.000000 110.000000 271.249878
v -80.000000 114.999901 293.749878
v 79.999901 109.999901 271.249878
v -80.000000 120.000000 271.249878
v 80.000000 119.999901 271.249878
v 80.000000 149.999802 271.249878
v -80.000000 159.999908 271.249878
v -80.000000 150.000092 271.249878
v 79.999901 159.999908 271.249878
v 80.000000 174.999908 293.749878
v -80.000000 170.000000 271.249878
v -80.000000 175.000000 293.749878
v 80.000000 169.999908 271.249878
v -80.000000 179.999908 271.249878
v 80.000000 179.999908 271.249878
v -80.000000 195.000107 293.749878
v 80.000000 199.999802 271.249878
v 80.000000 194.999802 293.749878
v -80.000000 200.000107 271.249878
v -79.999901 155.000092 293.749878
v 80.000000 154.999802 293.749878
v -79.999901 190.000000 271.249878
v 80.000000 189.999893 271.249878
v 80.000000 234.999893 293.749878
v -80.000000 230.000000 271.249878
v -79.999901 234.999893 293.749878
v 80.000099 229.999893 271.249878
v -79.999901 240.000000 271.249878
v 80.000000 239.999893 271.249878
v 80.000000 214.999893 293.749878
v -79.999901 210.000000 271.249878
v -79.999901 214.999893 293.749878
v 80.000000 209.999893 271.249878
v 80.000099 219.999802 271.249878
v -79.999901 220.000107 271.249878
v -80.000000 209.999893 -271.249878
v 79.999901 220.000107 -271.249878
v 79.999901 210.000000 -271.249878
v -80.000099 219.999802 -271.249878
v 79.999901 214.999893 -293.749878
v -80.000000 214.999893 -293.749878
v 79.999901 234.999893 -293.749878
v -80.000000 239.999893 -271.249878
v -80.000000 234.999893 -293.749878
v 79.999901 240.000000 -271.249878
v 80.000000 230.000000 -271.249878
v -80.000099 229.999893 -271.249878
v -80.000000 154.999802 -293.749878
v 80.000000 150.000092 -271.249878
v 79.999901 155.000092 -293.749878
v -80.000000 149.999802 -271.249878
v -80.000000 194.999802 -293.749878
v 79.999901 190.000000 -271.249878
v 80.000000 195.000107 -293.749878
v -80.000000 189.999893 -271.249878
v 80.000000 200.000107 -271.249878
v -80.000000 199.999802 -271.249878
v -79.999901 159.999908 -271.249878
v 80.000000 159.999908 -271.249878
v -80.000000 174.999908 -293.749878
v 80.000000 170.000000 -271.249878
v 80.000000 175.000000 -293.749878
v -80.000000 169.999908 -271.249878
v 80.000000 179.999908 -271.249878
v -80.000000 179.999908 -271.249878
v 80.000000 114.999901 -293.749878
v -80.000000 119.999901 -271.249878
v -79.999901 114.999901 -293.749878
v 80.000000 120.000000 -271.249878
v -79.999901 109.999901 -271.249878
v 80.000000 110.000000 -271.249878
v 80.000000 135.000000 -293.749878
v -79.999901 139.999908 -271.249878
v -79.999901 134.999908 -293.749878
v 80.000000 139.999908 -271.249878
v 80.000000 130.000000 -271.249878
v -79.999802 129.999908 -271.249878
v 198.983398 86.341301 79.705299
v 204.679810 93.020500 80.094299
v 214.111893 115.547813 69.768799
v 236.865280 122.568108 57.062000
v 248.439514 96.916298 56.028400
v 250.723602 48.054001 -50.033501
v 250.723694 48.054001 48.687901
v 264.414093 49.243198 -20.891701
v 264.414032 49.243198 19.545799
v 245.575714 134.499100 18.222200
v 261.577118 105.627312 18.777700
v 261.576202 105.627312 -20.122200
v 130.000992 799.997986 230.001007
v 130.000992 649.997986 330.000000
v 130.000992 649.997986 230.001007
v 130.000992 799.997986 330.000000
v 449.998993 799.997986 230.001007
v 449.998993 649.997986 230.001007
v 449.998993 799.997986 330.000000
v 449.998993 649.997986 330.000000
v 130.000992 799.997986 -330.000000
v 130.000992 649.997986 -230.001007
v 130.000992 649.997986 -330.000000
v 130.000992 799.997986 -230.001007
v 449.998993 649.997986 -230.001007
v 449.998993 799.997986 -230.001007
v 449.998993 649.997986 -330.000000
v 449.998993 799.997986 -330.000000
v 254.706589 74.649902 -54.073200
v 204.855484 26.737301 124.823303
v 204.958008 34.165600 137.291901
v 208.913086 26.509600 135.250305
v 209.528900 35.015099 128.826797
v 218.497086 31.688400 132.685104
v 211.210510 64.844704 85.902702
v 233.558105 23.055901 78.789398
v 220.715927 -23.660700 154.066177
v 222.806213 -14.174300 158.193604
v 221.466797 -17.063000 167.181793
v 226.951691 -23.839800 162.289398
v 224.371094 48.387901 68.686699
v 230.252899 49.226799 70.642197
v 220.868103 67.233498 90.620300
v 248.303207 -45.197800 111.496696
v 236.222687 -2.646800 93.114304
v 233.073608 -16.620600 158.171997
v 241.247498 26.762300 81.733398
v 239.899902 23.200199 75.890503
v 233.473618 -48.908798 160.505600
v 235.185608 -40.438999 165.971207
v 235.720703 -45.896000 173.718307
v 246.541992 1.098300 99.061203
v 240.316895 -50.580700 167.915100
v 259.019989 -39.092400 115.056824
v 244.665512 -2.143400 91.251587
v 245.114273 -42.276798 164.373596
v 261.589874 -89.052696 152.803818
v 256.495087 -44.613899 108.979698
v 214.181610 67.812401 90.444099
v 254.707016 74.650093 52.727901
v 266.507813 78.493797 -22.660801
v 266.507294 78.493797 21.314600
v 89.998001 50.003010 260.000397
v -89.997993 50.003010 300.000000
v 89.998001 50.003010 300.000000
v -89.997993 50.003010 260.000397
v 149.998001 50.003010 260.000397
v 149.998001 50.003010 300.000000
v -89.998001 50.003010 -260.000397
v 89.997993 50.003010 -300.000000
v -89.998001 50.003010 -300.000000
v 89.997993 50.003010 -260.000397
v 149.998001 50.003010 -300.000000
v 149.998001 50.003010 -260.000397
v -116.249901 99.999901 271.249878
v -83.749901 859.999878 271.249695
v -116.249901 859.999878 271.249695
v -83.749901 99.999901 271.249878
v 83.749901 99.999901 271.249878
v 116.249901 859.999878 271.249695
v 83.749901 859.999878 271.249695
v 116.249901 99.999901 271.249878
v -83.749901 99.999901 -271.249878
v -116.249901 859.999878 -271.249695
v -83.749901 859.999878 -271.249695
v -116.249901 99.999901 -271.249878
v 116.249901 99.999901 -271.249878
v 83.749901 859.999878 -271.249695
v 116.249901 859.999878 -271.249695
v 83.749901 99.999901 -271.249878
v -103.749901 25.000099 283.749878
v 68.749901 25.000099 -296.249878
v 138.749893 25.000099 -296.249878
v -103.749901 25.000099 -283.749878
v -68.749901 25.000099 -296.249878
v 62.500198 25.000099 289.999878
v 62.499901 25.000099 294.999878
v 64.999901 -29.999901 292.499878
v 67.499702 25.000099 294.999878
v 67.499901 25.000099 289.999878
v 80.000198 25.000099 287.499878
v 79.999901 25.000099 292.499878
v 82.499901 -29.999901 289.999878
v 84.999702 25.000099 292.499878
v 84.999901 25.000099 287.499878
v 97.500198 25.000099 284.999878
v 97.499901 25.000099 289.999878
v 99.999901 -29.999901 287.499878
v 102.499702 25.000099 289.999878
v 102.499901 25.000099 284.999878
v 115.000198 25.000099 287.499878
v 114.999901 25.000099 292.499878
v 117.499901 -29.999901 289.999878
v 119.999702 25.000099 292.499878
v 119.999901 25.000099 287.499878
v 132.500198 25.000099 289.999878
v 132.499893 25.000099 294.999878
v 134.999893 -29.999901 292.499878
v 137.499695 25.000099 294.999878
v 137.499893 25.000099 289.999878
v -97.499901 25.000099 289.999878
v -99.999901 -29.999901 287.499878
v -102.499702 25.000099 289.999878
v -97.500198 25.000099 284.999878
v -84.999901 25.000099 287.499878
v -84.999702 25.000099 292.499878
v -82.499901 -29.999901 289.999878
v -80.000198 25.000099 287.499878
v -79.999901 25.000099 292.499878
v -67.499901 25.000099 289.999878
v -67.499702 25.000099 294.999878
v -64.999901 -29.999901 292.499878
v -62.500198 25.000099 289.999878
v -62.499901 25.000099 294.999878
v 62.499901 25.000099 -294.999878
v 62.500198 25.000099 -289.999878
v 64.999901 -29.999901 -292.499878
v 67.499901 25.000099 -289.999878
v 67.499702 25.000099 -294.999878
v 79.999901 25.000099 -292.499878
v 80.000198 25.000099 -287.499878
v 82.499901 -29.999901 -289.999878
v 84.999702 25.000099 -292.499878
v 84.999901 25.000099 -287.499878
v 97.499901 25.000099 -289.999878
v 97.500198 25.000099 -284.999878
v 99.999901 -29.999901 -287.499878
v 102.499702 25.000099 -289.999878
v 102.499901 25.000099 -284.999878
v 114.999901 25.000099 -292.499878
v 115.000198 25.000099 -287.499878
v 117.499901 -29.999901 -289.999878
v 119.999702 25.000099 -292.499878
v 119.999901 25.000099 -287.499878
v 132.499893 25.000099 -294.999878
v 132.500198 25.000099 -289.999878
v 134.999893 -29.999901 -292.499878
v 137.499893 25.000099 -289.999878
v 137.499695 25.000099 -294.999878
v -99.999901 -29.999901 -287.499878
v -97.499901 25.000099 -289.999878
v -102.499702 25.000099 -289.999878
v -97.500198 25.000099 -284.999878
v -84.999702 25.000099 -292.499878
v -84.999901 25.000099 -287.499878
v -82.499901 -29.999901 -289.999878
v -80.000198 25.000099 -287.499878
v -79.999901 25.000099 -292.499878
v -67.499702 25.000099 -294.999878
v -67.499901 25.000099 -289.999878
v -64.999901 -29.999901 -292.499878
v -62.500198 25.000099 -289.999878
v -62.499901 25.000099 -294.999878
v -81.249901 99.999901 284.999878
v -118.749901 859.999878 284.999695
v -81.249901 859.999878 284.999695
v -118.749901 99.999901 284.999878
v -79.999901 99.999901 294.999878
v -84.999901 859.999878 269.999695
v -79.999901 859.999878 294.999695
v -84.999901 99.999901 269.999878
v -74.999901 859.999878 269.999695
v -74.999901 99.999901 269.999878
v 79.999901 99.999901 294.999878
v 74.999901 859.999878 269.999695
v 79.999901 859.999878 294.999695
v 74.999901 99.999901 269.999878
v 84.999901 859.999878 269.999695
v 84.999901 99.999901 269.999878
v 81.249901 859.999878 284.999695
v 118.749901 99.999901 284.999878
v 81.249901 99.999901 284.999878
v 118.749901 859.999878 284.999695
v 119.999901 99.999901 294.999878
v 114.999901 859.999878 269.999695
v 119.999901 859.999878 294.999695
v 114.999901 99.999901 269.999878
v 124.999901 859.999878 269.999695
v 124.999901 99.999901 269.999878
v -81.249901 859.999878 -284.999695
v -118.749901 99.999901 -284.999878
v -81.249901 99.999901 -284.999878
v -118.749901 859.999878 -284.999695
v -79.999901 859.999878 -294.999695
v -84.999901 99.999901 -269.999878
v -79.999901 99.999901 -294.999878
v -84.999901 859.999878 -269.999695
v -74.999901 99.999901 -269.999878
v -74.999901 859.999878 -269.999695
v 79.999901 859.999878 -294.999695
v 74.999901 99.999901 -269.999878
v 79.999901 99.999901 -294.999878
v 74.999901 859.999878 -269.999695
v 84.999901 99.999901 -269.999878
v 84.999901 859.999878 -269.999695
v 81.249901 99.999901 -284.999878
v 118.749901 859.999878 -284.999695
v 81.249901 859.999878 -284.999695
v 118.749901 99.999901 -284.999878
v 119.999901 859.999878 -294.999695
v 114.999901 99.999901 -269.999878
v 119.999901 99.999901 -294.999878
v 114.999901 859.999878 -269.999695
v 124.999901 99.999901 -269.999878
v 124.999901 859.999878 -269.999695
v 900.000305 -700.001404 830.000061
v 33.750111 -700.001404 830.000000
v 900.000305 -700.001404 299.997986
v -100.000000 -700.001404 299.997986
v -100.000000 -700.001404 711.111084
v -100.000000 -700.001404 315.000000
v -99.999947 799.999878 299.997986
v -99.999947 799.999878 315.000031
v 169.661011 799.999878 299.997986
v 411.382080 799.999878 829.999939
v -99.999969 799.999878 830.000122
v 1069.938721 799.999878 299.997986
v 1069.938721 799.999878 829.999939
v 900.000305 99.999908 533.333191
v 900.000305 500.000092 533.333191
v 900.000305 99.999908 1066.666504
v 900.000305 500.000122 1066.666504
v 900.000305 799.999878 1066.666626
v 900.000305 799.999878 533.333313
v 900.000305 -60.000000 533.333191
v 900.000305 -60.000000 1066.666504
v 900.000305 -202.000229 830.000000
v 900.000305 -520.002197 299.997986
v 900.000305 -340.002930 299.997986
v 355.000153 72.499908 615.000000
v 350.000122 109.999908 540.000000
v 350.000122 109.999908 620.000000
v 355.000122 72.499908 545.000000
v 430.000122 109.999908 540.000000
v 425.000122 72.499908 545.000000
v 430.000183 109.999908 620.000000
v 425.000122 72.499908 615.000000
v 155.000183 72.499908 615.000000
v 150.000122 109.999908 540.000000
v 150.000122 109.999908 620.000000
v 155.000122 72.499908 545.000000
v 230.000122 109.999908 540.000000
v 225.000122 72.499908 545.000000
v 230.000183 109.999908 620.000000
v 225.000122 72.499908 615.000000
v 430.000183 139.999908 320.000000
v 355.000153 102.499908 315.000000
v 350.000122 139.999908 320.000000
v 425.000122 102.499908 315.000000
v 230.000183 139.999908 320.000000
v 155.000183 102.499908 315.000000
v 150.000122 139.999908 320.000000
v 225.000122 102.499908 315.000000
v 129.999893 -307.260223 830.000000
v 129.999893 -89.999893 569.999939
v 129.999893 -699.999878 830.000000
v 129.999893 -699.999878 569.999878
v 129.999893 -89.999893 830.000000
v 129.999893 -59.999901 269.999908
v 129.999893 -89.999901 269.999908
v 129.999893 -59.999901 569.999878
v 129.999893 -699.999878 269.999908
v 130.000992 459.998993 329.998993
v 449.998993 140.000992 330.000000
v 130.000992 140.000992 329.998993
v 449.998993 459.998993 330.000000
v 449.998993 399.998993 830.000977
v 130.000992 80.000999 830.000000
v 449.998993 80.000999 830.000977
v 130.000992 399.998993 830.000000
v 449.998993 429.998993 530.000977
v 130.000992 110.000999 530.000000
v 449.998993 110.000999 530.000977
v 130.000992 429.998993 530.000000
v 130.000992 429.998993 629.999023
v 449.998993 110.000999 630.000000
v 130.000992 110.000999 629.999023
v 449.998993 429.998993 630.000000
v 417.500122 49.999908 607.500000
v 362.500153 49.999908 552.500000
v 362.500122 49.999908 607.500000
v 417.500122 49.999908 552.500000
v 217.500122 49.999908 607.500000
v 162.500183 49.999908 552.500000
v 162.500122 49.999908 607.500000
v 217.500122 49.999908 552.500000
v 89.998001 20.003000 560.000427
v -89.997993 20.003000 600.000000
v 89.998001 20.003000 600.000000
v -89.997993 20.003000 560.000427
v 149.998001 20.003000 560.000427
v 149.998001 20.003000 600.000000
v -116.249901 69.999901 571.249878
v -83.749901 829.999878 571.249695
v -116.249901 829.999878 571.249695
v -83.749901 69.999901 571.249878
v 83.749901 69.999901 571.249878
v 116.249901 829.999878 571.249695
v 83.749901 829.999878 571.249695
v 116.249901 69.999901 571.249878
v 370.000305 -89.999977 600.000000
v 370.000122 -700.000000 560.000000
v 370.000122 -89.999977 560.000000
v 370.000183 -700.000000 600.000000
v 370.000122 49.999908 560.000000
v 370.000183 49.999908 600.000000
v 410.000122 -89.999977 560.000000
v 410.000122 -700.000000 560.000000
v 410.000122 49.999908 560.000000
v 410.000183 -89.999977 600.000000
v 410.000122 -700.000000 600.000000
v 410.000122 49.999908 600.000000
v 170.000305 -89.999977 600.000000
v 170.000122 -699.999878 560.000000
v 170.000122 -89.999977 560.000000
v 170.000183 -699.999878 600.000000
v 170.000122 49.999908 560.000000
v 170.000183 49.999908 600.000000
v 210.000122 -89.999977 560.000000
v 210.000122 -699.999878 560.000000
v 210.000122 49.999908 560.000000
v 210.000183 -89.999977 600.000000
v 210.000122 -699.999878 600.000000
v 210.000122 49.999908 600.000000
v 410.000183 -89.999977 300.000000
v 370.000183 -700.000000 300.000000
v 370.000305 -89.999977 300.000000
v 410.000122 -700.000000 300.000000
v 410.000122 79.999908 300.000000
v 370.000183 79.999908 300.000000
v 210.000183 -89.999977 300.000000
v 170.000183 -700.000000 300.000000
v 170.000305 -89.999977 300.000000
v 210.000122 -700.000000 300.000000
v 210.000122 79.999908 300.000000
v 170.000183 79.999908 300.000000
v 362.500122 72.499908 607.500000
v 362.500183 72.499908 552.500000
v 417.500122 72.499908 607.500000
v 417.500122 72.499908 552.500000
v 162.500122 72.499908 607.500000
v 162.500183 72.499908 552.500000
v 217.500122 72.499908 607.500000
v 217.500122 72.499908 552.500000
v 417.500122 102.499908 307.500000
v 362.500122 79.999908 307.500000
v 362.500122 102.499908 307.500000
v 417.500122 79.999908 307.500000
v 217.500122 102.499908 307.500000
v 162.500122 79.999908 307.500000
v 162.500122 102.499908 307.500000
v 217.500122 79.999908 307.500000
v -60.249599 -0.001000 299.997986
v 60.249599 -12.501000 299.997986
v -60.249599 -12.501000 299.997986
v 60.249599 -0.001000 299.997986
v -60.249599 -30.000999 599.997986
v 60.249599 -42.500999 599.997986
v -60.249599 -42.500999 599.997986
v 60.249599 -30.000999 599.997986
v -69.999901 -54.999901 604.999878
v -77.499901 -26.249901 603.749878
v -69.999901 -24.999901 604.999878
v -77.499901 -56.249901 603.749878
v -69.999901 -24.999901 304.999908
v -77.499901 3.749900 303.749908
v -69.999901 4.999900 304.999908
v -77.499901 -26.249901 303.749908
v 69.999901 -54.999901 604.999878
v 77.499901 -26.249901 603.749878
v 77.499901 -56.249901 603.749878
v 69.999901 -24.999901 604.999878
v 69.999901 -24.999901 304.999908
v 77.499901 3.749900 303.749908
v 77.499901 -26.249901 303.749908
v 69.999901 4.999900 304.999908
v 122.499901 -26.249901 603.749878
v 129.999893 -54.999901 604.999878
v 122.499901 -56.249901 603.749878
v 129.999893 -24.999901 604.999878
v 122.499901 3.749900 303.749908
v 129.999893 -24.999901 304.999908
v 122.499901 -26.249901 303.749908
v 129.999893 4.999900 304.999908
v 79.999901 104.999901 593.749878
v -80.000000 100.000000 571.249878
v -80.000000 105.000000 593.749878
v 79.999802 99.999901 571.249878
v -80.000000 109.999901 571.249878
v 79.999901 109.999901 571.249878
v 79.999901 84.999901 593.749878
v -80.000000 80.000000 571.249878
v -80.000000 84.999901 593.749878
v 79.999901 79.999901 571.249878
v -80.000000 90.000000 571.249878
v 80.000000 89.999901 571.249878
v 80.000000 119.999802 571.249878
v -80.000000 129.999908 571.249878
v -80.000000 120.000099 571.249878
v 79.999901 129.999908 571.249878
v 80.000000 144.999908 593.749878
v -80.000000 140.000000 571.249878
v -80.000000 145.000000 593.749878
v 80.000000 139.999908 571.249878
v -80.000000 149.999908 571.249878
v 80.000000 149.999908 571.249878
v -80.000000 165.000107 593.749878
v 80.000000 169.999802 571.249878
v 80.000000 164.999802 593.749878
v -80.000000 170.000107 571.249878
v -79.999901 125.000099 593.749878
v 80.000000 124.999802 593.749878
v -79.999901 160.000000 571.249878
v 80.000000 159.999893 571.249878
v 80.000000 204.999893 593.749878
v -80.000000 200.000000 571.249878
v -79.999901 204.999893 593.749878
v 80.000099 199.999893 571.249878
v -79.999901 210.000000 571.249878
v 80.000000 209.999893 571.249878
v 80.000000 184.999893 593.749878
v -79.999901 180.000000 571.249878
v -79.999901 184.999893 593.749878
v 80.000000 179.999893 571.249878
v 80.000099 189.999802 571.249878
v -79.999901 190.000107 571.249878
v 61.249901 -4.999900 588.749878
v 68.749901 -4.999900 596.249878
v 68.749901 -4.999900 588.749878
v 61.249901 -4.999900 596.249878
v 78.749901 -4.999900 586.249878
v 86.249901 -4.999900 593.749878
v 86.249901 -4.999900 586.249878
v 78.749901 -4.999900 593.749878
v 96.249901 -4.999900 583.749878
v 103.749901 -4.999900 591.249878
v 103.749901 -4.999900 583.749878
v 96.249901 -4.999900 591.249878
v 113.749901 -4.999900 586.249878
v 121.249901 -4.999900 593.749878
v 121.249901 -4.999900 586.249878
v 113.749901 -4.999900 593.749878
v 131.249893 -4.999900 588.749878
v 138.749893 -4.999900 596.249878
v 138.749893 -4.999900 588.749878
v 131.249893 -4.999900 596.249878
v -103.749901 -4.999900 591.249878
v -96.249901 -4.999900 583.749878
v -103.749901 -4.999900 583.749878
v -96.249901 -4.999900 591.249878
v -86.249901 -4.999900 593.749878
v -78.749901 -4.999900 586.249878
v -86.249901 -4.999900 586.249878
v -78.749901 -4.999900 593.749878
v -68.749901 -4.999900 596.249878
v -61.249901 -4.999900 588.749878
v -68.749901 -4.999900 588.749878
v -61.249901 -4.999900 596.249878
v 58.749901 20.000099 587.499878
v 58.749901 20.000099 597.499878
v 71.249901 20.000099 587.499878
v 71.249901 20.000099 597.499878
v 76.249901 20.000099 584.999878
v 76.249901 20.000099 594.999878
v 88.749901 20.000099 584.999878
v 88.749901 20.000099 594.999878
v 93.749901 20.000099 582.499878
v 93.749901 20.000099 592.499878
v 106.249901 20.000099 582.499878
v 106.249901 20.000099 592.499878
v 111.249901 20.000099 584.999878
v 111.249901 20.000099 594.999878
v 123.749901 20.000099 584.999878
v 123.749901 20.000099 594.999878
v 128.749893 20.000099 587.499878
v 128.749893 20.000099 597.499878
v 141.249893 20.000099 587.499878
v 141.249893 20.000099 597.499878
v -106.249901 20.000099 582.499878
v -93.749901 20.000099 582.499878
v -93.749901 20.000099 592.499878
v -106.249901 20.000099 592.499878
v -88.749901 20.000099 594.999878
v -88.749901 20.000099 584.999878
v -76.249901 20.000099 584.999878
v -76.249901 20.000099 594.999878
v -71.249901 20.000099 597.499878
v -71.249901 20.000099 587.499878
v -58.749901 20.000099 587.499878
v -58.749901 20.000099 597.499878
v 149.998001 70.000999 600.000000
v -149.998001 70.000999 560.000427
v 149.998001 70.000999 560.000427
v -149.998001 70.000999 600.000000
v 62.500198 -4.999900 589.999878
v 62.499901 -4.999900 594.999878
v 64.999901 -59.999901 592.499878
v 67.499702 -4.999900 594.999878
v 67.499901 -4.999900 589.999878
v 80.000198 -4.999900 587.499878
v 79.999901 -4.999900 592.499878
v 82.499901 -59.999901 589.999878
v 84.999702 -4.999900 592.499878
v 84.999901 -4.999900 587.499878
v 97.500198 -4.999900 584.999878
v 97.499901 -4.999900 589.999878
v 99.999901 -59.999901 587.499878
v 102.499702 -4.999900 589.999878
v 102.499901 -4.999900 584.999878
v 115.000198 -4.999900 587.499878
v 114.999901 -4.999900 592.499878
v 117.499901 -59.999901 589.999878
v 119.999702 -4.999900 592.499878
v 119.999901 -4.999900 587.499878
v 132.500198 -4.999900 589.999878
v 132.499893 -4.999900 594.999878
v 134.999893 -59.999901 592.499878
v 137.499695 -4.999900 594.999878
v 137.499893 -4.999900 589.999878
v -97.499901 -4.999900 589.999878
v -99.999901 -59.999901 587.499878
v -102.499702 -4.999900 589.999878
v -97.500198 -4.999900 584.999878
v -84.999901 -4.999900 587.499878
v -84.999702 -4.999900 592.499878
v -82.499901 -59.999901 589.999878
v -80.000198 -4.999900 587.499878
v -79.999901 -4.999900 592.499878
v -67.499901 -4.999900 589.999878
v -67.499702 -4.999900 594.999878
v -64.999901 -59.999901 592.499878
v -62.500198 -4.999900 589.999878
v -62.499901 -4.999900 594.999878
v -59.999901 -24.999901 604.999878
v -59.999901 -54.999901 604.999878
v -59.999901 4.999900 304.999908
v -59.999901 -24.999901 304.999908
v 59.999901 -24.999901 604.999878
v 59.999901 -54.999901 604.999878
v 59.999901 4.999900 304.999908
v 59.999901 -24.999901 304.999908
v -81.249901 69.999901 584.999878
v -118.749901 829.999878 584.999695
v -81.249901 829.999878 584.999695
v -118.749901 69.999901 584.999878
v -79.999901 69.999901 594.999878
v -84.999901 829.999878 569.999695
v -79.999901 829.999878 594.999695
v -84.999901 69.999901 569.999878
v -74.999901 829.999878 569.999695
v -74.999901 69.999901 569.999878
v 79.999901 69.999901 594.999878
v 74.999901 829.999878 569.999695
v 79.999901 829.999878 594.999695
v 74.999901 69.999901 569.999878
v 84.999901 829.999878 569.999695
v 84.999901 69.999901 569.999878
v 81.249901 829.999878 584.999695
v 118.749901 69.999901 584.999878
v 81.249901 69.999901 584.999878
v 118.749901 829.999878 584.999695
v 119.999901 69.999901 594.999878
v 114.999901 829.999878 569.999695
v 119.999901 829.999878 594.999695
v 114.999901 69.999901 569.999878
v 124.999901 829.999878 569.999695
v 124.999901 69.999901 569.999878
v 89.998001 50.003010 300.000000
v -149.998001 100.000999 300.000000
v 149.998001 100.000999 300.000000
v -89.997993 50.003010 300.000000
v 149.998001 50.003010 300.000000
v 60.249599 -30.000999 299.997986
v -60.249599 -30.000999 299.997986
v 60.249599 -60.000000 599.997986
v -60.249599 -60.000000 599.997986
v -122.499901 -56.249901 603.749878
v -122.499901 -26.249901 603.749878
v -122.499901 -26.249901 303.749908
v -122.499901 3.749900 303.749908
v -59.999901 -29.999901 599.999878
v -59.999901 -59.999901 599.999878
v -59.999901 0.000000 299.999908
v -59.999901 -29.999901 299.999908
v 59.999901 -29.999901 599.999878
v 59.999901 -59.999901 599.999878
v 59.999901 0.000000 299.999908
v 59.999901 -29.999901 299.999908
v 129.999893 -66.330841 830.000000
v 129.999893 -54.999901 830.000000
v 130.000992 649.997986 330.000000
v 449.998993 649.997986 330.000000
v 449.998993 589.997986 830.000000
v 130.000992 589.997986 830.000000
v 130.000992 619.997986 530.000000
v 130.000992 619.997986 629.999023
v 449.998993 619.997986 530.000000
v 449.998993 619.997986 629.999023
v 130.000992 799.997986 330.000000
v 449.998993 799.997986 330.000000
v 449.998993 799.997986 830.000000
v 130.000992 799.997986 830.000000
v 130.000992 799.997986 530.000000
v 130.000992 799.997986 629.999023
v 449.998993 799.997986 530.000000
v 449.998993 799.997986 629.999023
v 900.000305 -700.001404 830.000061
v 900.000305 -700.001343 1599.999756
v 33.750111 -700.001404 830.000000
v -100.000000 -700.001404 711.111084
v -100.000000 -700.001343 1600.000000
v 700.000671 -700.001343 1999.999878
v -100.000000 -700.001343 1800.000000
v -100.000000 -700.001343 1999.999878
v 249.999893 -700.001282 2200.000000
v -100.000000 -700.001282 2126.315918
v -100.000000 -700.001282 2200.000000
v -99.999969 799.999878 830.000122
v -100.000000 799.999878 2273.963135
v 411.382080 799.999878 829.999939
v 1069.938721 799.999878 2273.963135
v 1069.938721 799.999878 829.999939
v 174.999985 -102.499901 1100.000000
v 174.999985 -699.999817 1100.000000
v 192.677689 -102.499901 1046.966919
v 192.677689 -699.999817 1046.966919
v 245.710892 -102.499901 1029.289307
v 245.710876 -699.999878 1029.289307
v 298.744080 -699.999817 1153.032959
v 298.744080 -102.499901 1153.032959
v 316.421783 -102.499901 1100.000000
v 316.421783 -699.999878 1100.000000
v 245.710876 -699.999878 1170.710693
v 245.710876 -102.499901 1170.710693
v 249.999908 99.999908 2200.000000
v -249.999924 500.000092 2200.000000
v -249.999908 99.999908 2200.000000
v 249.999924 500.000092 2200.000000
v 700.000671 99.999908 1999.999634
v 700.000671 500.000122 1999.999878
v 900.000305 99.999908 1599.999756
v 900.000305 500.000122 1599.999756
v 900.000305 99.999908 1066.666504
v 900.000305 500.000122 1066.666504
v -249.999893 799.999878 2200.000000
v 249.999893 799.999878 2200.000000
v 700.000671 799.999878 1999.999878
v 900.000305 799.999878 1600.000122
v 900.000305 799.999878 1066.666626
v 250.000992 240.000000 920.000000
v 290.000000 240.000000 854.090027
v 290.000000 200.000992 920.000000
v 290.000000 279.998993 920.000000
v 329.998993 240.000000 920.000000
v -249.999893 -700.001282 2200.000000
v -249.999893 -60.000111 2200.000000
v 249.999893 -60.000111 2200.000000
v 700.000671 -60.000111 1999.999634
v 700.000671 99.999908 1999.999756
v 700.000671 -60.000111 1999.999756
v 900.000305 -60.000000 1066.666504
v 900.000305 -60.000111 1599.999756
v 900.000305 -700.001282 1599.999634
v 900.000305 -202.000229 830.000000
v 163.738678 115.958687 1144.485840
v 195.041382 79.264603 1120.395142
v 169.535583 104.656914 1113.247925
v 169.719177 115.958603 1150.466309
v 178.139084 94.594398 1093.134277
v 187.035568 81.415100 1053.892578
v 189.135178 80.071701 1074.666992
v 194.836380 52.526299 1068.679199
v 193.240585 58.204800 1043.151367
v 207.203491 49.696499 1107.163574
v 211.185989 13.881400 1042.420776
v 208.043411 12.266400 1104.487793
v 203.342178 12.791600 1066.527588
v 205.830460 -25.360800 1068.263550
v 206.943802 -25.393900 1105.267334
v 199.025803 -77.499901 1072.409790
v 205.912476 -77.499901 1103.087402
v 207.038483 -77.499901 1053.531006
v 225.144897 79.264702 1150.499390
v 194.875381 115.958687 1175.621826
v 200.687881 115.958687 1181.435059
v 213.445679 -24.920799 1048.809814
v 219.740707 46.525101 1027.376831
v 236.734756 -24.757601 1047.253052
v 231.926178 104.656914 1175.638184
v 231.733810 -77.499901 1051.049072
v 252.039505 94.457207 1167.034058
v 262.165497 -24.757601 1056.940430
v 270.507294 80.071701 1156.039063
v 238.010208 49.696499 1137.970337
v 258.068787 -77.499901 1059.279053
v 242.086395 -77.499901 1139.261475
v 239.906570 -25.393900 1138.229980
v 272.729889 -77.499901 1146.183105
v 276.494598 52.526299 1150.336548
v 240.685989 12.266400 1137.131226
v 276.875397 -25.360800 1139.377441
v 278.646881 12.791600 1141.831787
v 291.281586 81.415100 1158.138672
v 291.607788 -77.499901 1138.170288
v 296.328491 -24.920799 1131.762451
v 302.752289 13.881400 1133.987793
v 294.125397 -77.499901 1113.440430
v 288.232788 -24.757601 1083.008789
v 285.894989 -77.499901 1087.104980
v 302.021881 58.204800 1151.933594
v 297.920288 -24.757601 1108.438965
v 317.797272 46.525101 1125.434082
v 155.000183 42.499908 915.000000
v 150.000122 79.999908 840.000000
v 150.000122 79.999908 920.000000
v 155.000122 42.499908 845.000000
v 230.000122 79.999908 840.000000
v 225.000122 42.499908 845.000000
v 230.000183 79.999908 920.000000
v 225.000122 42.499908 915.000000
v 355.000153 42.499908 915.000000
v 350.000122 79.999908 840.000000
v 350.000122 79.999908 920.000000
v 355.000122 42.499908 845.000000
v 430.000122 79.999908 840.000000
v 425.000122 42.499908 845.000000
v 430.000183 79.999908 920.000000
v 425.000122 42.499908 915.000000
v 129.999893 -307.260223 830.000000
v 129.999893 -699.999878 830.000000
v 129.999893 -699.999878 1299.999878
v 129.999893 -89.999901 1299.999878
v 129.999893 -89.999893 830.000000
v 155.611679 149.606293 1156.400635
v 147.793381 148.504395 1142.109497
v 158.914490 132.409897 1105.593994
v 176.737686 112.400002 1072.713867
v 186.392990 93.419899 1051.569946
v 188.773880 149.606293 1189.562744
v 203.063889 148.504501 1197.380737
v 239.580490 132.409897 1186.259033
v 272.459381 112.400002 1168.436523
v 293.603882 93.419899 1158.781738
v 247.920853 -77.499901 1161.871826
v 199.307587 -77.499901 1053.596191
v 292.115173 -77.499901 1146.403809
v 183.838791 -77.499901 1097.790283
v 243.500900 -77.499901 1038.127930
v 307.582977 -77.499901 1102.209595
v 129.999893 -66.330841 830.000000
v 129.999893 -54.999901 1299.999878
v 129.999893 -54.999901 830.000000
v 130.000992 399.998993 929.999023
v 290.000000 240.000000 840.000977
v 130.000992 80.000999 929.999023
v 130.000992 399.998993 830.000000
v 130.000992 80.000999 830.000000
v 449.998962 399.998993 930.000000
v 449.998993 80.000999 930.000000
v 449.998993 80.000999 830.000977
v 449.998993 399.998993 830.000977
v 189.187881 67.464699 1025.089722
v 195.858780 66.609001 1018.719788
v 320.084381 67.464699 1155.986206
v 326.453491 66.609001 1149.315430
v 61.249901 -34.999901 896.249817
v 58.749901 -9.999900 887.499878
v 58.749901 -9.999900 897.499878
v 61.249901 -34.999901 888.749817
v 71.249901 -9.999900 887.499878
v 68.749901 -34.999901 888.749817
v 68.749901 -34.999901 896.249817
v 71.249901 -9.999900 897.499878
v 78.749901 -34.999901 893.749817
v 76.249901 -9.999900 884.999878
v 76.249901 -9.999900 894.999878
v 78.749901 -34.999901 886.249817
v 88.749901 -9.999900 884.999878
v 86.249901 -34.999901 886.249817
v 86.249901 -34.999901 893.749817
v 88.749901 -9.999900 894.999878
v 96.249901 -34.999901 891.249817
v 93.749901 -9.999900 882.499878
v 93.749901 -9.999900 892.499878
v 96.249901 -34.999901 883.749817
v 106.249901 -9.999900 882.499878
v 103.749901 -34.999901 883.749817
v 103.749901 -34.999901 891.249817
v 106.249901 -9.999900 892.499878
v 113.749901 -34.999901 893.749817
v 111.249901 -9.999900 884.999878
v 111.249901 -9.999900 894.999878
v 113.749901 -34.999901 886.249817
v 123.749901 -9.999900 884.999878
v 121.249901 -34.999901 886.249817
v 121.249901 -34.999901 893.749817
v 123.749901 -9.999900 894.999878
v 131.249893 -34.999901 896.249817
v 128.749893 -9.999900 887.499878
v 128.749893 -9.999900 897.499878
v 131.249893 -34.999901 888.749817
v 141.249893 -9.999900 887.499878
v 138.749893 -34.999901 888.749817
v 138.749893 -34.999901 896.249817
v 141.249893 -9.999900 897.499878
v -106.249901 -9.999900 882.499878
v -96.249901 -34.999901 883.749817
v -93.749901 -9.999900 882.499878
v -93.749901 -9.999900 892.499878
v -103.749901 -34.999901 891.249817
v -106.249901 -9.999900 892.499878
v -96.249901 -34.999901 891.249817
v -88.749901 -9.999900 894.999878
v -86.249901 -34.999901 886.249817
v -88.749901 -9.999900 884.999878
v -86.249901 -34.999901 893.749817
v -78.749901 -34.999901 886.249817
v -76.249901 -9.999900 884.999878
v -76.249901 -9.999900 894.999878
v -78.749901 -34.999901 893.749817
v -71.249901 -9.999900 897.499878
v -68.749901 -34.999901 888.749817
v -71.249901 -9.999900 887.499878
v -68.749901 -34.999901 896.249817
v -61.249901 -34.999901 888.749817
v -58.749901 -9.999900 887.499878
v -58.749901 -9.999900 897.499878
v -61.249901 -34.999901 896.249817
v 149.998001 40.000999 900.000000
v -149.998001 40.000999 860.000427
v 149.998001 40.000999 860.000427
v -149.998001 40.000999 900.000000
v 195.992188 -89.999901 1050.281494
v 179.419876 -89.999901 1098.895142
v 246.816376 -89.999901 1166.291260
v 244.605377 -89.999901 1033.708740
v 295.429688 -89.999901 1149.718506
v 312.001892 -89.999901 1101.104736
v 162.500183 19.999910 852.500000
v 162.500122 42.499908 907.500000
v 162.500122 19.999910 907.500000
v 162.500183 42.499908 852.500000
v 217.500122 42.499908 907.500000
v 217.500122 19.999910 907.500000
v 217.500122 19.999910 852.500000
v 217.500122 42.499908 852.500000
v 362.500153 19.999910 852.500000
v 362.500122 42.499908 907.500000
v 362.500122 19.999910 907.500000
v 362.500183 42.499908 852.500000
v 417.500122 42.499908 907.500000
v 417.500122 19.999910 907.500000
v 417.500122 19.999910 852.500000
v 417.500122 42.499908 852.500000
v 79.999901 74.999901 893.749878
v -80.000000 70.000000 871.249878
v -80.000000 75.000000 893.749878
v 79.999802 69.999901 871.249878
v -80.000000 79.999901 871.249878
v 79.999901 79.999901 871.249878
v 79.999901 54.999901 893.749878
v -80.000000 50.000000 871.249878
v -80.000000 54.999901 893.749878
v 79.999901 49.999901 871.249878
v -80.000000 60.000000 871.249878
v 80.000000 59.999901 871.249878
v 80.000000 89.999802 871.249878
v -80.000000 99.999901 871.249878
v -80.000000 90.000099 871.249878
v 79.999901 99.999901 871.249878
v 80.000000 114.999901 893.749878
v -80.000000 110.000000 871.249878
v -80.000000 115.000000 893.749878
v 80.000000 109.999901 871.249878
v -80.000000 119.999901 871.249878
v 80.000000 119.999901 871.249878
v -80.000000 135.000107 893.749878
v 80.000000 139.999802 871.249878
v 80.000000 134.999802 893.749878
v -80.000000 140.000107 871.249878
v -79.999901 95.000099 893.749878
v 80.000000 94.999802 893.749878
v -79.999901 130.000000 871.249878
v 80.000000 129.999893 871.249878
v 80.000000 174.999893 893.749878
v -80.000000 170.000000 871.249878
v -79.999901 174.999893 893.749878
v 80.000099 169.999893 871.249878
v -79.999901 180.000000 871.249878
v 80.000000 179.999893 871.249878
v 80.000000 154.999893 893.749878
v -79.999901 150.000000 871.249878
v -79.999901 154.999893 893.749878
v 80.000000 149.999893 871.249878
v 80.000099 159.999802 871.249878
v -79.999901 160.000107 871.249878
v 163.258179 176.194901 1149.853760
v 155.736801 173.875595 1136.000488
v 176.111679 196.675903 1138.445801
v 172.156677 191.334198 1124.130859
v 173.375381 175.972107 1095.951172
v 200.293381 200.143005 1111.524292
v 195.449585 134.849106 1056.943481
v 198.478882 182.237595 1085.255859
v 191.890976 107.623703 1048.591797
v 204.876389 115.547798 1040.677612
v 195.320679 176.194901 1181.915527
v 210.299194 134.336395 1049.447510
v 209.174301 173.875595 1189.436890
v 206.728882 196.675903 1169.061890
v 226.018997 179.940308 1081.072266
v 229.951553 122.567993 1033.573242
v 221.043396 191.334198 1173.017090
v 233.648911 200.143005 1144.880493
v 238.867584 96.916298 1026.120117
v 245.672272 48.054001 1029.695190
v 249.223099 175.972107 1171.797852
v 263.572693 134.499100 1054.877930
v 259.918396 182.237595 1146.695190
v 274.496490 105.627197 1043.170288
v 264.102020 179.940308 1119.154297
v 275.959381 49.243198 1040.621094
v 288.230927 134.849106 1149.723755
v 296.709381 134.336395 1135.856689
v 290.295288 134.499100 1081.600098
v 311.599945 122.567993 1115.222290
v 304.496490 115.547798 1140.296753
v 304.553192 49.243198 1069.214722
v 302.002411 105.627197 1070.676758
v 296.582397 107.623703 1153.283691
v 315.478882 48.054001 1099.501465
v 319.053070 96.916298 1106.306396
v -77.480003 -60.020000 1300.000000
v -122.500000 -60.020000 1300.000000
v -59.980000 -90.019997 1300.000000
v -59.980000 -60.020000 1300.000000
v -100.000000 -90.019997 1599.979980
v 99.980003 -699.980042 1599.979980
v -100.000000 -699.980042 1599.979980
v 99.980003 -90.019997 1599.979980
v -100.000000 -60.020000 1599.979980
v 99.980003 -60.020000 1599.979980
v 59.980000 -60.020000 1300.000000
v 59.980000 -90.019997 1300.000000
v 77.480003 -60.020000 1300.000000
v 149.979996 -60.020012 1300.000000
v 122.500000 -60.020000 1300.000000
v 149.979996 -90.019997 1300.000000
v 59.980000 -699.980042 1300.000000
v 149.979996 -699.980042 1300.000000
v 149.979996 -699.980042 1500.000000
v 149.979996 -90.019997 1500.000000
v 149.979996 -60.020000 1500.000000
v 130.000992 799.997986 830.000000
v 130.000992 589.997986 929.999023
v 130.000992 589.997986 830.000000
v 130.000992 799.997986 929.999023
v 449.998993 589.997986 929.999023
v 449.998993 799.997986 929.999023
v 449.998993 589.997986 830.000000
v 449.998993 799.997986 830.000000
v 148.500381 -14.174300 972.003723
v 149.939880 -23.660700 976.399963
v 141.195679 -17.063000 966.595093
v 148.535583 -23.839800 966.176208
v 155.775772 -16.620600 964.758606
v 151.754288 -40.438999 957.750427
v 154.406677 -48.908798 962.826233
v 146.653687 -45.896000 951.893799
v 154.008179 -50.580700 952.747620
v 159.904678 -42.276798 951.859436
v 160.803085 156.231201 1102.026489
v 150.659576 34.165600 999.403320
v 159.402786 26.737301 1008.293518
v 154.898788 26.509600 998.050842
v 163.490677 31.688400 993.087891
v 159.877380 35.015099 1002.157593
v 179.735779 -89.052696 948.390625
v 199.549179 -45.197800 986.994202
v 204.607788 -39.092400 976.899353
v 183.905685 124.627808 1064.398682
v 204.004288 -2.646800 1008.535034
v 191.418381 64.844597 1031.320801
v 212.250381 23.055901 1020.548035
v 215.674286 49.226799 1028.646729
v 194.910583 67.233498 1021.156189
v 207.096069 1.098300 997.033081
v 215.605896 26.762300 1013.028992
v 207.121490 -44.613899 982.981445
v 212.897888 48.387901 1034.187988
v 211.291382 -2.143400 1003.881836
v 218.783569 23.200199 1018.113708
v 243.146866 156.231201 1184.371216
v 280.774780 124.627808 1161.268799
v 190.307083 67.812401 1026.008301
v 325.159454 23.055901 1132.217651
v 311.519775 48.387901 1131.570190
v 314.387268 64.844597 1153.049805
v 327.594086 23.200199 1125.683594
v 317.061493 49.226799 1128.793823
v 337.414581 26.737301 1185.065308
v 332.678589 26.762300 1128.862305
v 352.619843 31.688400 1180.977417
v 324.551971 67.233498 1149.556519
v 341.825775 -2.143400 1133.175781
v 337.172974 -2.646800 1140.463745
v 348.674896 1.098300 1137.371094
v 343.549988 35.015099 1184.590698
v 346.303772 34.165600 1193.808594
v 347.656891 26.509600 1189.568237
v 358.713470 -45.197800 1144.918823
v 362.726288 -44.613899 1137.346680
v 368.808807 -39.092400 1139.858398
v 369.307495 -23.660700 1194.528198
v 380.948975 -16.620600 1188.692383
v 382.881989 -48.908798 1190.060425
v 397.317108 -89.052696 1164.732300
v 373.704071 -14.174300 1195.967529
v 379.112671 -17.063000 1203.271484
v 379.531494 -23.839800 1195.932495
v 393.848114 -42.276798 1184.563354
v 387.957275 -40.438999 1192.713745
v 393.813690 -45.896000 1197.814331
v 392.960175 -50.580700 1190.459839
v 319.699585 67.812401 1154.160034
v 245.633179 74.650093 1024.021606
v 276.189789 78.493797 1037.890869
v 307.283569 78.493797 1068.984741
v 321.152802 74.649902 1099.541138
v 89.998001 -9.997000 860.000427
v -89.997993 -9.997000 900.000000
v 89.998001 -9.997000 900.000000
v -89.997993 -9.997000 860.000427
v 149.998001 -9.997000 860.000427
v 149.998001 -9.997000 900.000000
v -116.249901 39.999901 871.249878
v -83.749901 799.999878 871.249695
v -116.249901 799.999878 871.249695
v -83.749901 39.999901 871.249878
v 83.749901 39.999901 871.249878
v 116.249901 799.999878 871.249695
v 83.749901 799.999878 871.249695
v 116.249901 39.999901 871.249878
v 170.000305 -90.000000 900.000000
v 170.000122 -700.000000 860.000000
v 170.000122 -90.000000 860.000000
v 170.000183 -700.000000 900.000000
v 170.000122 19.999910 860.000000
v 170.000183 19.999910 900.000000
v 210.000122 -90.000000 860.000000
v 210.000122 -700.000000 860.000000
v 210.000122 19.999910 860.000000
v 210.000183 -90.000000 900.000000
v 210.000122 -700.000000 900.000000
v 210.000122 19.999910 900.000000
v 370.000305 -90.000000 900.000000
v 370.000122 -700.000000 860.000000
v 370.000122 -90.000000 860.000000
v 370.000183 -700.000000 900.000000
v 370.000122 19.999910 860.000000
v 370.000183 19.999910 900.000000
v 410.000122 -90.000000 860.000000
v 410.000122 -700.000000 860.000000
v 410.000122 19.999910 860.000000
v 410.000183 -90.000000 900.000000
v 410.000122 -700.000000 900.000000
v 410.000122 19.999910 900.000000
v -122.500000 -52.000000 1300.000000
v -77.480003 -52.000000 1300.000000
v -59.980000 20.000000 1300.000000
v -77.480003 -60.020000 1320.020020
v -122.500000 -60.020000 1320.020020
v -59.980000 -52.000000 1300.000000
v -59.980000 -58.759998 1307.500000
v -59.980000 -56.820000 1315.000000
v -59.980000 -53.759998 1322.500000
v -59.980000 -50.020000 1330.000000
v -59.980000 17.479990 1447.500000
v -59.980000 19.639990 1453.680054
v -100.000000 20.000000 1599.979980
v 99.980003 20.000000 1599.979980
v 59.980000 -52.000000 1300.000000
v 59.980000 -58.759998 1307.500000
v 59.980000 -56.820000 1315.000000
v 59.980000 20.000000 1300.000000
v 59.980000 -53.759998 1322.500000
v 59.980000 -50.020000 1330.000000
v 59.980000 17.479990 1447.500000
v 59.980000 19.639990 1453.680054
v 77.480003 -52.000000 1300.000000
v 77.480003 -60.020000 1320.000000
v 122.480003 -60.000000 1320.000000
v 122.500000 -52.000000 1300.000000
v 149.979996 20.000000 1300.000000
v 149.979996 20.000000 1500.000000
v 140.000000 90.003014 920.000000
v 140.000000 349.997955 920.000000
v 140.000000 390.000000 920.000000
v 180.001999 90.003014 920.000000
v 399.997955 390.000000 919.999023
v 439.997009 90.003014 919.999023
v 439.996979 130.001999 919.999023
v 439.997009 390.000000 919.999023
v -103.749901 -34.999901 883.749817
v 62.500198 -34.999901 889.999878
v 62.499901 -34.999901 894.999878
v 64.999901 -89.999901 892.499878
v 67.499702 -34.999901 894.999878
v 67.499901 -34.999901 889.999878
v 80.000198 -34.999901 887.499878
v 79.999901 -34.999901 892.499878
v 82.499901 -89.999901 889.999878
v 84.999702 -34.999901 892.499878
v 84.999901 -34.999901 887.499878
v 97.500198 -34.999901 884.999878
v 97.499901 -34.999901 889.999878
v 99.999901 -89.999901 887.499878
v 102.499702 -34.999901 889.999878
v 102.499901 -34.999901 884.999878
v 115.000198 -34.999901 887.499878
v 114.999901 -34.999901 892.499878
v 117.499901 -89.999901 889.999878
v 119.999702 -34.999901 892.499878
v 119.999901 -34.999901 887.499878
v 132.500198 -34.999901 889.999878
v 132.499893 -34.999901 894.999878
v 134.999893 -89.999901 892.499878
v 137.499695 -34.999901 894.999878
v 137.499893 -34.999901 889.999878
v -97.499901 -34.999901 889.999878
v -99.999901 -89.999901 887.499878
v -102.499702 -34.999901 889.999878
v -97.500198 -34.999901 884.999878
v -84.999901 -34.999901 887.499878
v -84.999702 -34.999901 892.499878
v -82.499901 -89.999901 889.999878
v -80.000198 -34.999901 887.499878
v -79.999901 -34.999901 892.499878
v -67.499901 -34.999901 889.999878
v -67.499702 -34.999901 894.999878
v -64.999901 -89.999901 892.499878
v -62.500198 -34.999901 889.999878
v -62.499901 -34.999901 894.999878
v -81.249901 39.999901 884.999878
v -118.749901 799.999878 884.999695
v -81.249901 799.999878 884.999695
v -118.749901 39.999901 884.999878
v -79.999901 39.999901 894.999878
v -84.999901 799.999878 869.999695
v -79.999901 799.999878 894.999695
v -84.999901 39.999901 869.999878
v -74.999901 799.999878 869.999695
v -74.999901 39.999901 869.999878
v 79.999901 39.999901 894.999878
v 74.999901 799.999878 869.999695
v 79.999901 799.999878 894.999695
v 74.999901 39.999901 869.999878
v 84.999901 799.999878 869.999695
v 84.999901 39.999901 869.999878
v 81.249901 799.999878 884.999695
v 118.749901 39.999901 884.999878
v 81.249901 39.999901 884.999878
v 118.749901 799.999878 884.999695
v 119.999901 39.999901 894.999878
v 114.999901 799.999878 869.999695
v 119.999901 799.999878 894.999695
v 114.999901 39.999901 869.999878
v 124.999901 799.999878 869.999695
v 124.999901 39.999901 869.999878
v -60.000000 24.980000 1300.000000
v -60.000000 24.980000 1460.000000
v -59.980000 20.000000 1460.000000
v -99.980003 24.980000 1599.979980
v 99.980003 24.980000 1599.979980
v 59.980000 20.000000 1460.000000
v 59.980000 24.980000 1460.000000
v 59.980000 24.980000 1300.000000
v 149.979996 24.980000 1300.000000
v 149.979996 24.980000 1500.000000
v 60.249599 -60.000999 599.752014
v -60.249599 -60.000999 599.752014
v 60.249599 -60.000999 1299.998047
v -60.249599 -60.000999 1299.998047
v -60.249599 -60.000999 -599.752014
v 60.249599 -60.000999 -599.752014
v -60.249599 -60.000999 -1299.998047
v 60.249599 -60.000999 -1299.998047
v -60.249599 -30.000999 -299.751984
v 60.249599 -30.000999 -299.751984
v -60.249599 -30.000999 -599.997986
v 60.249599 -30.000999 -599.997986
v -60.249599 -0.001000 -14.998000
v 60.249599 -0.001000 -14.998000
v -60.249599 -0.001000 -299.997986
v 60.249599 -0.001000 -299.997986
v -60.249599 -0.001000 299.997986
v 60.249599 -0.001000 299.997986
v -60.249599 -0.001000 14.998000
v 60.249599 -0.001000 14.998000
v 60.249599 -30.000999 299.750000
v -60.249599 -30.000999 299.750000
v 60.249599 -30.000999 599.997986
v -60.249599 -30.000999 599.997986
v -59.980000 17.479990 -1447.500000
v 0.000000 17.479990 -1447.500000
v -59.980000 19.639990 -1453.680054
v 0.000000 19.639990 -1453.680054
v -59.980000 -50.020000 -1330.000000
v 0.000000 20.000000 -1460.000000
v -59.980000 20.000000 -1460.000000
v 59.980000 -60.020000 -1300.000000
v 59.980000 -58.759998 -1307.500000
v -59.980000 -60.020000 -1300.000000
v -59.980000 -58.759998 -1307.500000
v 59.980000 -56.820000 -1315.000000
v -59.980000 -56.820000 -1315.000000
v -59.980000 -53.759998 -1322.500000
v 59.980000 -53.759998 -1322.500000
v 59.980000 -50.020000 -1330.000000
v 59.980000 19.639990 -1453.680054
v 59.980000 17.479990 -1447.500000
v 59.980000 20.000000 -1460.000000
v 0.000000 17.479990 1447.500000
v -59.980000 17.479990 1447.500000
v 0.000000 19.639990 1453.680054
v -59.980000 19.639990 1453.680054
v -59.980000 -50.020000 1330.000000
v 0.000000 20.000000 1460.000000
v -59.980000 20.000000 1460.000000
v 59.980000 -50.020000 1330.000000
v -59.980000 -60.020000 1300.000000
v -59.980000 -58.759998 1307.500000
v 59.980000 -60.020000 1300.000000
v 59.980000 -58.759998 1307.500000
v -59.980000 -56.820000 1315.000000
v 59.980000 -56.820000 1315.000000
v 59.980000 -53.759998 1322.500000
v -59.980000 -53.759998 1322.500000
v 59.980000 19.639990 1453.680054
v 59.980000 17.479990 1447.500000
v 59.980000 20.000000 1460.000000
v 77.502098 3.749900 -49.995998
v 70.002098 4.999900 -32.495998
v 77.502098 15.736000 -49.995998
v 77.502098 3.749900 49.995998
v 77.502098 15.736000 49.995998
v 70.002098 4.999900 32.495998
v 122.502098 3.749900 -49.995998
v 122.502098 15.736000 -49.995998
v 130.002106 4.999900 -32.495998
v 122.502098 3.749900 49.995998
v 130.002106 4.999900 32.495998
v 122.502098 15.736000 49.995998
v 85.002098 22.877600 58.745998
v 85.002098 3.749900 59.995998
v 85.002098 22.877600 -58.745998
v 85.002098 3.749900 -59.995998
v 115.002098 3.749900 59.995998
v 115.002098 22.877600 58.745998
v 115.002098 3.749900 -59.995998
v 115.002098 22.877600 -58.745998
v -115.002098 22.877600 -58.745998
v -115.002098 3.749900 -59.995998
v -122.502098 15.736000 -49.995998
v -122.502098 3.749900 -49.995998
v -115.002098 22.877600 58.745998
v -122.502098 15.736000 49.995998
v -115.002098 3.749900 59.995998
v -122.502098 3.749900 49.995998
v -85.002098 3.749900 -59.995998
v -85.002098 22.877600 -58.745998
v -85.002098 3.749900 59.995998
v -85.002098 22.877600 58.745998
v -77.502098 15.736000 -49.995998
v -77.502098 3.749900 -49.995998
v -77.502098 15.736000 49.995998
v -77.502098 3.749900 49.995998
v -130.002106 4.999900 -32.495998
v -130.002106 4.999900 32.495998
v -70.002098 4.999900 32.495998
v -70.002098 4.999900 -32.495998
v -55.000000 20.000000 -1490.000000
v -39.980000 20.000000 -1512.479980
v -14.980000 20.000000 -1524.979980
v 15.000000 20.000000 -1524.979980
v 39.980000 20.000000 -1512.479980
v 55.000000 20.000000 -1490.000000
v -55.000000 20.000000 1490.000000
v -39.980000 20.000000 1512.479980
v -15.000000 20.000000 1524.979980
v 14.980000 20.000000 1524.979980
v 39.980000 20.000000 1512.479980
v 55.000000 20.000000 1490.000000
v 93.752098 55.233700 -38.745998
v 90.002098 55.233700 -14.996000
v 100.002098 72.499901 -19.999901
v 100.002098 72.499901 19.999901
v 90.002098 55.233700 14.996000
v 93.752098 55.233700 38.745998
v 106.252098 55.233700 -38.745998
v 106.252098 55.233700 38.745998
v 110.002098 55.233700 -14.996000
v 110.002098 55.233700 14.996000
v -100.002098 72.499901 19.999901
v -100.002098 72.499901 -19.999901
v -110.002098 55.233700 14.996000
v -110.002098 55.233700 -14.996000
v -90.002098 55.233700 -14.996000
v -90.002098 55.233700 14.996000
v -106.252098 55.233700 -38.745998
v -106.252098 55.233700 38.745998
v -93.752098 55.233700 -38.745998
v -93.752098 55.233700 38.745998
v 140.000183 24.999910 1300.000000
v 140.000000 24.999910 1310.000000
v 141.875000 37.499908 1301.875000
v 141.874573 37.499908 1308.125000
v 149.999268 24.999910 1300.000000
v 148.124573 37.499908 1301.875000
v 150.000305 24.999910 1310.000000
v 148.125000 37.499908 1308.125000
v 60.000000 24.999910 1300.000122
v 60.000000 24.999910 1310.000244
v 61.875000 37.499908 1301.875000
v 61.875000 37.499908 1308.125244
v 70.000000 24.999910 1300.000366
v 68.125000 37.499908 1301.875244
v 70.000977 24.999910 1310.000122
v 68.125000 37.499908 1308.125000
v -70.000191 24.999910 1460.000122
v -68.124924 37.499908 1458.124878
v -69.999199 24.999910 1450.000244
v -68.124527 37.499908 1451.875122
v -59.999882 24.999910 1460.000122
v -61.874500 37.499908 1458.125366
v -60.000050 24.999910 1450.000000
v -61.874889 37.499908 1451.874878
v -150.000198 24.999910 1310.000122
v -148.124924 37.499908 1308.124878
v -149.999191 24.999910 1300.000244
v -148.124527 37.499908 1301.875122
v -139.999878 24.999910 1310.000122
v -141.874512 37.499908 1308.125244
v -140.000046 24.999910 1300.000000
v -141.874893 37.499908 1301.874878
v -70.000191 24.999910 1310.000122
v -68.124924 37.499908 1308.124878
v -69.999199 24.999910 1300.000244
v -68.124527 37.499908 1301.875122
v -59.999882 24.999910 1310.000122
v -61.874500 37.499908 1308.125244
v -60.000050 24.999910 1300.000000
v -61.874889 37.499908 1301.874878
v 60.000309 24.999910 1450.000977
v 59.999569 24.999910 1460.000000
v 61.875179 37.499908 1451.875977
v 61.874390 37.499908 1458.125000
v 69.999763 24.999910 1460.000000
v 68.124878 37.499908 1458.125000
v 69.999763 24.999910 1450.000000
v 68.124390 37.499908 1451.875000
v -150.000305 24.999910 -1310.000000
v -149.999268 24.999910 -1300.000000
v -148.125000 37.499908 -1308.125000
v -148.124573 37.499908 -1301.875000
v -140.000000 24.999910 -1310.000000
v -141.874573 37.499908 -1308.125000
v -140.000183 24.999910 -1300.000000
v -141.875000 37.499908 -1301.875000
v -70.000977 24.999910 -1310.000244
v -70.000000 24.999910 -1300.000366
v -68.125000 37.499908 -1308.125000
v -68.125000 37.499908 -1301.875366
v -60.000000 24.999910 -1310.000366
v -61.875000 37.499908 -1308.125366
v -60.000000 24.999910 -1300.000244
v -61.875000 37.499908 -1301.875000
v 60.000050 24.999910 -1450.000000
v 61.874889 37.499908 -1451.874878
v 59.999882 24.999910 -1460.000122
v 61.874500 37.499908 -1458.125366
v 69.999199 24.999910 -1450.000244
v 68.124527 37.499908 -1451.875122
v 70.000191 24.999910 -1460.000122
v 68.124924 37.499908 -1458.124878
v 140.000046 24.999910 -1300.000000
v 141.874893 37.499908 -1301.874878
v 139.999878 24.999910 -1310.000122
v 141.874512 37.499908 -1308.125244
v 149.999191 24.999910 -1300.000244
v 148.124527 37.499908 -1301.875122
v 150.000198 24.999910 -1310.000122
v 148.124924 37.499908 -1308.124878
v 60.000050 24.999910 -1300.000000
v 61.874889 37.499908 -1301.874878
v 59.999882 24.999910 -1310.000122
v 61.874500 37.499908 -1308.125244
v 69.999199 24.999910 -1300.000244
v 68.124527 37.499908 -1301.875122
v 70.000191 24.999910 -1310.000122
v 68.124924 37.499908 -1308.124878
v -69.999763 24.999910 -1460.000000
v -69.999763 24.999910 -1450.000000
v -68.124878 37.499908 -1458.125000
v -68.124390 37.499908 -1451.875000
v -60.000309 24.999910 -1450.000977
v -61.875179 37.499908 -1451.875977
v -59.999569 24.999910 -1460.000000
v -61.874390 37.499908 -1458.125000
v 78.752098 47.733700 -38.745998
v 77.502098 47.733700 -14.996000
v 78.752098 47.733700 38.745998
v 77.502098 47.733700 14.996000
v 88.752098 47.733700 -51.245991
v 88.752098 47.733700 51.245991
v 121.252098 47.733700 -38.745998
v 121.252098 47.733700 38.745998
v 111.252098 47.733700 -51.245991
v 111.252098 47.733700 51.245991
v 122.502098 47.733700 -14.996000
v 122.502098 47.733700 14.996000
v -122.502098 47.733700 -14.996000
v -122.502098 47.733700 14.996000
v -111.252098 47.733700 -51.245991
v -88.752098 47.733700 -51.245991
v -111.252098 47.733700 51.245991
v -88.752098 47.733700 51.245991
v -77.502098 47.733700 -14.996000
v -77.502098 47.733700 14.996000
v -121.252098 47.733700 -38.745998
v -121.252098 47.733700 38.745998
v -78.752098 47.733700 -38.745998
v -78.752098 47.733700 38.745998
v 143.750061 42.499908 1306.250000
v 145.000000 69.999908 1305.000000
v 143.750000 42.499908 1303.750000
v 146.249756 42.499908 1303.750000
v 146.250000 42.499908 1306.250000
v 63.750000 42.499908 1306.249756
v 65.000000 69.999908 1305.000000
v 63.750000 42.499908 1303.750000
v 66.250000 42.499908 1303.750000
v 66.250000 42.499908 1306.250000
v -66.249733 42.499908 1453.750000
v -66.249901 42.499908 1456.249878
v -64.999863 69.999908 1454.999878
v -63.750000 42.499908 1456.249756
v -63.749908 42.499908 1453.749878
v -146.249725 42.499908 1303.750000
v -146.249908 42.499908 1306.249878
v -144.999863 69.999908 1304.999878
v -143.750000 42.499908 1306.249756
v -143.749908 42.499908 1303.749878
v -66.249733 42.499908 1303.750000
v -66.249901 42.499908 1306.249878
v -64.999863 69.999908 1304.999878
v -63.750000 42.499908 1306.249756
v -63.749908 42.499908 1303.749878
v 63.750179 42.499908 1456.250000
v 65.000313 69.999908 1455.000000
v 63.750061 42.499908 1453.750000
v 66.249687 42.499908 1456.250000
v 66.250000 42.499908 1453.750000
v -146.249756 42.499908 -1303.750000
v -145.000000 69.999908 -1305.000000
v -146.250000 42.499908 -1306.250000
v -143.750061 42.499908 -1306.250000
v -143.750000 42.499908 -1303.750000
v -66.250000 42.499908 -1303.750122
v -65.000000 69.999908 -1305.000000
v -66.250000 42.499908 -1306.250000
v -63.750000 42.499908 -1306.249756
v -63.750000 42.499908 -1303.750000
v 63.750000 42.499908 -1456.249756
v 63.749908 42.499908 -1453.749878
v 64.999863 69.999908 -1454.999878
v 66.249733 42.499908 -1453.750000
v 66.249901 42.499908 -1456.249878
v 143.750000 42.499908 -1306.249756
v 143.749908 42.499908 -1303.749878
v 144.999863 69.999908 -1304.999878
v 146.249725 42.499908 -1303.750000
v 146.249908 42.499908 -1306.249878
v 63.750000 42.499908 -1306.249756
v 63.749908 42.499908 -1303.749878
v 64.999863 69.999908 -1304.999878
v 66.249733 42.499908 -1303.750000
v 66.249901 42.499908 -1306.249878
v -66.250000 42.499908 -1453.750000
v -65.000313 69.999908 -1455.000000
v -66.249687 42.499908 -1456.250000
v -63.750061 42.499908 -1453.750000
v -63.750179 42.499908 -1456.250000
v 72.502098 42.733700 -32.495998
v 72.502098 42.733700 -14.996000
v 72.502098 42.733700 0.000000
v 72.502098 42.733700 14.996000
v 72.502098 42.733700 32.495998
v 79.359596 42.733700 -47.495998
v 79.359596 42.733700 47.495998
v 86.252098 42.733700 -54.995998
v 86.252098 42.733700 54.995998
v 113.752098 42.733700 -54.995998
v 120.474808 42.733700 -47.495998
v 113.752098 42.733700 54.995998
v 120.474808 42.733700 47.495998
v 127.502098 42.733700 -32.495998
v 127.502098 42.733700 32.495998
v 127.502098 42.733700 0.000000
v 127.502098 42.733700 -14.996000
v 127.502098 42.733700 14.996000
v -86.252098 42.733700 -54.995998
v -113.752098 42.733700 -54.995998
v -86.252098 42.733700 54.995998
v -113.752098 42.733700 54.995998
v -127.502098 42.733700 -32.495998
v -127.502098 42.733700 -14.996000
v -127.502098 42.733700 0.000000
v -127.502098 42.733700 14.996000
v -127.502098 42.733700 32.495998
v -120.474808 42.733700 -47.495998
v -120.474808 42.733700 47.495998
v -79.359596 42.733700 -47.495998
v -79.359596 42.733700 47.495998
v -72.502098 42.733700 -32.495998
v -72.502098 42.733700 32.495998
v -72.502098 42.733700 0.000000
v -72.502098 42.733700 -14.996000
v -72.502098 42.733700 14.996000
v 70.002098 4.999900 -14.996000
v 70.002098 4.999900 14.996000
v 70.002098 4.999900 0.000000
v 130.002106 4.999900 -14.996000
v 130.002106 4.999900 0.000000
v 130.002106 4.999900 14.996000
v -130.002106 4.999900 -14.996000
v -130.002106 4.999900 0.000000
v -130.002106 4.999900 14.996000
v -70.002098 4.999900 -14.996000
v -70.002098 4.999900 0.000000
v -70.002098 4.999900 14.996000
v 142.500183 37.499908 1307.500000
v 142.500000 37.499908 1302.500000
v 147.499695 37.499908 1302.500000
v 147.500000 37.499908 1307.500000
v 62.500000 37.499908 1307.499634
v 62.500000 37.499908 1302.500000
v 67.500000 37.499908 1302.500122
v 67.500000 37.499908 1307.500000
v -67.499603 37.499908 1452.500122
v -67.499939 37.499908 1457.499878
v -62.500130 37.499908 1457.499512
v -62.499908 37.499908 1452.499878
v -147.499588 37.499908 1302.500122
v -147.499939 37.499908 1307.499878
v -142.500122 37.499908 1307.499512
v -142.499908 37.499908 1302.499878
v -67.499603 37.499908 1302.500122
v -67.499939 37.499908 1307.499878
v -62.500130 37.499908 1307.499512
v -62.499908 37.499908 1302.499878
v 62.500370 37.499908 1457.500000
v 62.499691 37.499908 1452.500000
v 67.499763 37.499908 1452.500977
v 67.499763 37.499908 1457.500000
v -147.499695 37.499908 -1302.500000
v -147.500000 37.499908 -1307.500000
v -142.500183 37.499908 -1307.500000
v -142.500000 37.499908 -1302.500000
v -67.500000 37.499908 -1302.500244
v -67.500000 37.499908 -1307.500000
v -62.500000 37.499908 -1307.499756
v -62.500000 37.499908 -1302.500000
v 62.500130 37.499908 -1457.499512
v 62.499908 37.499908 -1452.499878
v 67.499603 37.499908 -1452.500122
v 67.499939 37.499908 -1457.499878
v 142.500122 37.499908 -1307.499512
v 142.499908 37.499908 -1302.499878
v 147.499588 37.499908 -1302.500122
v 147.499939 37.499908 -1307.499878
v 62.500130 37.499908 -1307.499512
v 62.499908 37.499908 -1302.499878
v 67.499603 37.499908 -1302.500122
v 67.499939 37.499908 -1307.499878
v -67.499763 37.499908 -1452.500977
v -67.499763 37.499908 -1457.500000
v -62.500370 37.499908 -1457.500000
v -62.499691 37.499908 -1452.500000
v -69.980003 20.000000 -1385.000000
v -139.979996 20.000000 -1385.000000
v -69.980003 20.000000 -1310.000000
v -139.979996 20.000000 -1310.000000
v -69.980003 20.000000 -1460.000000
v -139.979996 20.000000 -1497.500000
v -47.480000 20.000000 -1519.979980
v -92.480003 20.000000 -1589.979980
v -64.980003 20.000000 -1495.000000
v -19.980000 20.000000 -1534.979980
v 0.000000 20.000000 -1589.979980
v 19.980000 20.000000 -1534.979980
v 92.480003 20.000000 -1589.979980
v 47.500000 20.000000 -1519.979980
v 140.000000 20.000000 -1497.500000
v 64.980003 20.000000 -1495.000000
v 69.980003 20.000000 -1460.000000
v 70.000000 20.000000 -1385.000000
v 140.000000 20.000000 -1385.000000
v 70.000000 20.000000 -1310.000000
v 139.979996 20.000000 -1310.000000
v -70.000000 20.000000 1385.000000
v -70.000000 20.000000 1310.000000
v -140.000000 20.000000 1385.000000
v -139.979996 20.000000 1310.000000
v -69.980003 20.000000 1460.000000
v -140.000000 20.000000 1497.500000
v -92.480003 20.000000 1589.979980
v -47.500000 20.000000 1519.979980
v -64.980003 20.000000 1495.000000
v -19.980000 20.000000 1534.979980
v 0.000000 20.000000 1589.979980
v 19.980000 20.000000 1534.979980
v 92.480003 20.000000 1589.979980
v 47.480000 20.000000 1519.979980
v 139.979996 20.000000 1497.500000
v 64.980003 20.000000 1495.000000
v 69.980003 20.000000 1460.000000
v 139.979996 20.000000 1385.000000
v 69.980003 20.000000 1385.000000
v 69.980003 20.000000 1310.000000
v 139.979996 20.000000 1310.000000
v -149.979996 24.980000 -1380.000000
v -139.979996 24.980000 -1385.000000
v -149.979996 24.980000 -1500.000000
v -139.979996 24.980000 -1497.500000
v -149.979996 24.980000 -1300.000000
v -139.979996 24.980000 -1310.000000
v -99.980003 24.980000 -1599.979980
v -92.480003 24.980000 -1589.979980
v -70.000000 24.980000 -1310.000000
v -59.980000 24.980000 -1300.000000
v -70.000000 24.980000 -1385.000000
v -69.980003 24.980000 -1460.000000
v -59.980000 24.980000 -1460.000000
v -59.980000 24.980000 -1380.000000
v 92.480003 24.980000 -1589.979980
v 99.980003 24.980000 -1599.979980
v 60.000000 24.980000 -1460.000000
v 60.000000 24.980000 -1380.000000
v 70.000000 24.980000 -1385.000000
v 60.000000 24.980000 -1300.000000
v 69.980003 24.980000 -1460.000000
v 70.000000 24.980000 -1310.000000
v 139.979996 24.980000 -1310.000000
v 149.979996 24.980000 -1300.000000
v 140.000000 24.980000 -1497.500000
v 149.979996 24.980000 -1500.000000
v 140.000000 24.980000 -1385.000000
v 149.979996 24.980000 -1380.000000
v -149.979996 24.980000 1380.000000
v -149.979996 24.980000 1500.000000
v -140.000000 24.980000 1385.000000
v -140.000000 24.980000 1497.500000
v -149.979996 24.980000 1300.000000
v -139.979996 24.980000 1310.000000
v -99.980003 24.980000 1599.979980
v -92.480003 24.980000 1589.979980
v -60.000000 24.980000 1300.000000
v -70.000000 24.980000 1310.000000
v -70.000000 24.980000 1385.000000
v -69.980003 24.980000 1460.000000
v -60.000000 24.980000 1460.000000
v -60.000000 24.980000 1380.000000
v 92.480003 24.980000 1589.979980
v 99.980003 24.980000 1599.979980
v 59.980000 24.980000 1300.000000
v 59.980000 24.980000 1380.000000
v 70.000000 24.980000 1385.000000
v 59.980000 24.980000 1460.000000
v 69.980003 24.980000 1460.000000
v 70.000000 24.980000 1310.000000
v 139.979996 24.980000 1310.000000
v 149.979996 24.980000 1300.000000
v 139.979996 24.980000 1497.500000
v 149.979996 24.980000 1500.000000
v 139.979996 24.980000 1385.000000
v 149.979996 24.980000 1380.000000
v -59.999901 -59.999901 -1299.999878
v -59.999901 -54.999901 -1299.999878
v -59.999901 -59.999901 -1278.999878
v -59.999901 -54.999901 -1279.150024
v -59.999901 -59.999901 -599.999878
v -59.999901 -54.999901 -604.999878
v -59.999901 -59.999901 599.999878
v -59.999901 -54.999901 604.999878
v -59.999901 -59.999901 1278.999878
v -59.999901 -54.999901 1279.150024
v -59.999901 -54.999901 1299.999878
v -59.999901 -59.999901 1299.999878
v -59.999901 -29.999901 -299.999908
v -59.999901 -29.999901 -599.999878
v -59.999901 -24.999901 -304.999908
v -59.999901 -24.999901 -604.999878
v -59.999901 -24.999901 604.999878
v -59.999901 -29.999901 599.999878
v -59.999901 -24.999901 304.999908
v -59.999901 -29.999901 299.999908
v -59.999901 4.999900 -304.999908
v -59.999901 4.999900 -107.360001
v -59.999901 0.000000 -299.999908
v -59.999901 0.000000 -105.599998
v -59.999901 4.999900 -57.949902
v -59.999901 0.000000 -56.999901
v -59.999901 4.999900 0.000000
v -59.999901 0.000000 0.000000
v -59.999901 4.999900 57.950001
v -59.999901 0.000000 57.000000
v -59.999901 4.999900 107.360001
v -59.999901 0.000000 105.599998
v -59.999901 4.999900 304.999908
v -59.999901 0.000000 299.999908
v 59.999901 -59.999901 -1299.999878
v 59.999901 -59.999901 -1278.999878
v 59.999901 -54.999901 -1299.999878
v 59.999901 -54.999901 -1279.150024
v 59.999901 -59.999901 -599.999878
v 59.999901 -54.999901 -604.999878
v 59.999901 -59.999901 599.999878
v 59.999901 -59.999901 1278.999878
v 59.999901 -54.999901 604.999878
v 59.999901 -54.999901 1279.150024
v 59.999901 -54.999901 1299.999878
v 59.999901 -59.999901 1299.999878
v 59.999901 -29.999901 -299.999908
v 59.999901 -24.999901 -304.999908
v 59.999901 -29.999901 -599.999878
v 59.999901 -24.999901 -604.999878
v 59.999901 -29.999901 299.999908
v 59.999901 -29.999901 599.999878
v 59.999901 -24.999901 304.999908
v 59.999901 -24.999901 604.999878
v 59.999901 4.999900 -304.999908
v 59.999901 0.000000 -299.999908
v 59.999901 4.999900 -107.360001
v 59.999901 0.000000 -105.599998
v 59.999901 4.999900 -57.949902
v 59.999901 0.000000 -56.999901
v 59.999901 4.999900 0.000000
v 59.999901 0.000000 0.000000
v 59.999901 4.999900 57.950001
v 59.999901 0.000000 57.000000
v 59.999901 4.999900 107.360001
v 59.999901 0.000000 105.599998
v 59.999901 4.999900 304.999908
v 59.999901 0.000000 299.999908
v -122.499901 -56.249901 -603.749878
v -122.499901 -56.249901 -1279.112549
v -129.999893 -54.999901 -604.999878
v -129.999893 -55.000000 -1279.150024
v -122.499901 -56.249901 603.749878
v -129.999893 -54.999901 604.999878
v -122.499901 -56.249901 1279.112549
v -129.999893 -54.999901 1279.150024
v -122.499901 -26.249901 -303.749908
v -122.499901 -26.249901 -603.749878
v -129.999893 -24.999901 -304.999908
v -129.999893 -24.999901 -604.999878
v -122.499901 -26.249901 303.749908
v -129.999893 -24.999901 304.999908
v -122.499901 -26.249901 603.749878
v -129.999893 -24.999901 604.999878
v -129.999893 4.999900 -304.999908
v -129.999893 4.999900 0.000000
v -122.499901 3.749900 -303.749908
v -122.499893 3.749900 0.000000
v -129.999893 4.999900 304.999908
v -122.499901 3.749900 303.749908
v -77.499901 -56.249901 -603.749878
v -69.999901 -54.999901 -604.999878
v -77.499901 -56.249901 -1279.112549
v -69.999901 -55.000000 -1279.150024
v -77.499901 -56.249901 603.749878
v -77.499901 -56.249901 1279.112549
v -69.999901 -54.999901 604.999878
v -69.999901 -54.999901 1279.150024
v -69.999901 -24.999901 -604.999878
v -77.499901 -26.249901 -603.749878
v -69.999901 -24.999901 -304.999908
v -77.499901 -26.249901 -303.749908
v -69.999901 -24.999901 604.999878
v -69.999901 -24.999901 304.999908
v -77.499901 -26.249901 603.749878
v -77.499901 -26.249901 303.749908
v -69.999901 4.999900 -304.999908
v -77.499901 3.749900 -303.749908
v -69.999901 4.999900 -107.360001
v -77.499901 3.749900 -106.919899
v -69.999901 4.999900 -57.949902
v -77.499901 3.749900 -57.712502
v -77.499901 3.749900 0.000000
v -69.999901 4.999900 0.000000
v -69.999901 4.999900 57.950001
v -77.499901 3.749900 57.712502
v -69.999901 4.999900 107.360001
v -77.499901 3.749900 106.919998
v -69.999901 4.999900 304.999908
v -77.499901 3.749900 303.749908
v -129.999893 -55.000000 -1299.999878
v -129.999893 -54.999901 1299.999878
v -122.499901 -56.249901 -1299.999878
v -122.499901 -56.249901 1299.999878
v -69.999901 -55.000000 -1299.999878
v -77.499901 -56.249901 -1299.999878
v -77.499901 -56.249901 1299.999878
v -69.999901 -54.999901 1299.999878
v 77.499901 -56.249901 -1279.112549
v 69.999901 -55.000000 -1299.999878
v 69.999901 -55.000000 -1279.150024
v 77.499901 -56.249901 1279.112549
v 69.999901 -54.999901 1279.150024
v 69.999901 -54.999901 1299.999878
v 77.499901 -56.249901 -1299.999878
v 77.499901 -56.249901 1299.999878
v 129.999893 -55.000000 -1299.999878
v 122.499901 -56.249901 -1299.999878
v 122.499901 -56.249901 -1279.112549
v 129.999893 -54.999901 1299.999878
v 122.499901 -56.249901 1279.112549
v 122.499901 -56.249901 1299.999878
v 129.999893 -55.000000 -1279.150024
v 129.999893 -54.999901 1279.150024
v 77.499901 -56.249901 -603.749878
v 69.999901 -54.999901 -604.999878
v 77.499901 -56.249901 603.749878
v 69.999901 -54.999901 604.999878
v 77.499901 -26.249901 -303.749908
v 77.499901 -26.249901 -603.749878
v 69.999901 -24.999901 -304.999908
v 69.999901 -24.999901 -604.999878
v 69.999901 -24.999901 604.999878
v 77.499901 -26.249901 603.749878
v 69.999901 -24.999901 304.999908
v 77.499901 -26.249901 303.749908
v 69.999901 4.999900 -304.999908
v 69.999901 4.999900 -107.360001
v 77.499901 3.749900 -303.749908
v 77.499901 3.749900 -106.919899
v 69.999901 4.999900 -57.949902
v 77.499901 3.749900 -57.712502
v 77.499901 3.749900 0.000000
v 69.999901 4.999900 0.000000
v 69.999901 4.999900 57.950001
v 77.499901 3.749900 57.712502
v 69.999901 4.999900 107.360001
v 77.499901 3.749900 106.919998
v 69.999901 4.999900 304.999908
v 77.499901 3.749900 303.749908
v 122.499901 -56.249901 -603.749878
v 129.999893 -54.999901 -604.999878
v 122.499901 -56.249901 603.749878
v 129.999893 -54.999901 604.999878
v 129.999893 4.999900 -304.999908
v 122.499901 3.749900 -303.749908
v 129.999893 4.999900 0.000000
v 122.499893 3.749900 0.000000
v 129.999893 4.999900 304.999908
v 122.499901 3.749900 303.749908
v 122.499901 -26.249901 -303.749908
v 129.999893 -24.999901 -304.999908
v 122.499901 -26.249901 -603.749878
v 129.999893 -24.999901 -604.999878
v 129.999893 -24.999901 604.999878
v 129.999893 -24.999901 304.999908
v 122.499901 -26.249901 603.749878
v 122.499901 -26.249901 303.749908
v -77.499901 -60.000000 1319.999878
v -122.499901 -59.999901 1319.999878
v -122.499901 -59.999901 -1319.999878
v -77.499901 -59.999901 -1319.999878
v 77.499901 -60.000000 1319.999878
v 122.499901 -59.999901 1319.999878
v 122.499901 -59.999901 -1319.999878
v 77.499901 -59.999901 -1319.999878
# 5025 vertices

vt 8.81550 -8.90400
vt 8.32410 -12.64360
vt 4.03550 -10.50760
vt 8.52650 8.74760
vt 8.53380 4.99770
vt 3.72960 7.63020
vt 8.65730 1.62320
vt 3.69400 2.50750
vt 8.67500 -1.42950
vt 3.67710 -0.03670
vt 3.55580 10.40960
vt 7.71250 12.59820
vt 8.75530 -4.96850
vt 3.69830 -2.67100
vt 3.71620 -7.61940
vt 3.55920 12.69770
vt 5.90870 15.47640
vt 6.33940 -15.40540
vt 3.69860 -13.11020
vt 3.75270 5.01020
vt 3.80530 -5.04180
vt 1.01660 13.28850
vt 1.48060 -13.70520
vt 2.69200 -16.86190
vt 2.29860 16.78670
vt 1.09280 8.13110
vt 1.34070 -8.13400
vt 1.37740 -2.80830
vt 1.07490 2.65230
vt 1.48230 -11.24290
vt 1.29250 -5.35800
vt 1.24940 -0.18660
vt 1.16130 11.09600
vt 1.11830 5.43950
vt -0.89490 -13.70400
vt -1.13080 -11.29250
vt -1.17400 -0.09930
vt -1.16160 -5.42380
vt -2.57490 16.69980
vt -1.45060 11.15580
vt -1.29490 5.53830
vt -2.00520 -16.88140
vt -1.20270 -2.69160
vt -1.27360 8.04180
vt -1.17950 -8.26960
vt -1.25110 2.61770
vt -1.40640 13.31400
vt -3.67330 -0.20870
vt -3.61530 -5.15440
vt -3.92210 5.09020
vt -3.76150 -10.56510
vt -3.90500 10.37970
vt -3.45470 -7.69450
vt -3.31880 -13.03010
vt -3.60310 -2.70650
vt -3.75230 2.40110
vt -3.68170 12.71690
vt -3.81130 7.54060
vt -5.73210 -15.63880
vt -6.31210 15.33240
vt -8.44280 -9.06700
vt -8.58140 -5.05910
vt -8.49690 -1.65180
vt -8.23690 12.96010
vt -7.80840 -13.08900
vt -8.58450 1.21060
vt -8.64410 8.79590
vt -8.51550 4.79800
vt -0.16667 -3.51856
vt -1.50000 -2.33340
vt -0.16667 -2.33340
vt -0.16667 -5.00000
vt -1.50000 -5.00000
vt -0.41660 -1.33340
vt -0.16662 -1.38603
vt -1.16660 -1.66670
vt -0.16666 -1.66670
vt -0.16662 -1.91671
vt -0.41460 -4.51466
vt -0.41460 -4.50867
vt -0.75000 -4.51466
vt -0.75000 -4.11120
vt -0.41473 -4.50851
vt -0.41460 -4.50838
vt -0.41460 -4.11120
vt 2.99990 -7.00010
vt 0.99990 2.99990
vt 2.99990 2.99990
vt 0.99990 -7.00010
vt -3.99990 2.99990
vt -2.99990 -7.00010
vt -3.99990 -7.00010
vt -2.99990 2.99990
vt -0.99990 -7.00010
vt -0.99990 2.99990
vt 3.99990 2.99990
vt 3.99990 -7.00010
vt 0.00000 2.99990
vt 0.00000 -7.00010
vt 3.66660 0.06260
vt 2.49990 0.99600
vt 2.49990 0.06260
vt 3.66660 0.99600
vt 1.49990 0.99600
vt 1.49990 0.06260
vt 4.83330 0.99600
vt 5.99990 0.06260
vt 5.99990 0.99600
vt 4.83330 0.06260
vt 0.49990 0.99600
vt 0.49990 0.06260
vt 4.83330 2.05460
vt 3.49990 3.04680
vt 3.49990 2.05460
vt 4.83330 3.04680
vt 6.16660 2.05460
vt 7.49990 3.04680
vt 6.16660 3.04680
vt 7.49990 2.05460
vt 2.24990 3.04680
vt 2.24990 2.05460
vt 0.74990 3.04680
vt 0.74990 2.05460
vt 2.94530 2.05460
vt 2.49990 0.38280
vt 1.78120 2.05460
vt 5.99990 -8.66010
vt 3.66660 -7.10150
vt 2.49990 -8.66010
vt 4.83330 -7.10150
vt 2.49990 -6.67320
vt 2.49990 -7.10150
vt 3.66660 -6.67320
vt 1.49990 -7.10150
vt 1.49990 -8.66010
vt 1.49990 -6.67320
vt 5.99990 -7.10150
vt 5.99990 -6.67320
vt 4.83330 -6.67320
vt 0.49990 -7.10150
vt 0.49990 -8.66010
vt 0.49990 -6.67320
vt 2.64540 -8.38290
vt 2.36320 -7.95390
vt 2.35220 -8.38290
vt 2.62990 -7.95390
vt 0.34730 -9.95320
vt 0.62840 -9.73830
vt 0.62450 -9.95320
vt 0.34950 -9.74610
vt 3.67400 -8.38290
vt 3.35350 -7.95320
vt 3.32900 -8.38290
vt 3.64250 -7.95320
vt 0.30850 -9.46100
vt 0.67960 -9.45710
vt 0.85070 -8.39460
vt 1.13490 -8.66310
vt 1.13970 -8.39460
vt 0.85290 -8.66120
vt 1.10290 -9.00210
vt 0.87240 -8.99890
vt 1.36320 -9.73830
vt 1.36320 -9.45710
vt 1.68780 -9.69510
vt 2.82630 -7.95390
vt 3.00120 -8.38290
vt 2.99680 -7.95360
vt 2.83600 -8.38290
vt 0.99990 -9.45710
vt 1.36320 -9.95320
vt 0.99990 -9.73830
vt 1.40430 -8.39460
vt 1.55740 -8.65780
vt 1.57080 -8.39460
vt 3.12340 -7.95320
vt 0.99990 -9.95320
vt 3.13170 -8.38290
vt 1.42300 -8.66010
vt 1.35050 -8.82510
vt 2.16180 -8.38290
vt 2.16690 -7.95390
vt 1.27750 -8.88720
vt 1.99990 -8.38290
vt 1.15620 -9.00280
vt 1.99990 -7.95390
vt -0.00390 -9.74610
vt -0.34370 -9.95320
vt -0.34170 -9.74610
vt 3.87240 -7.95320
vt 3.99990 -8.38290
vt 3.99990 -7.95320
vt -0.34170 -9.46100
vt -0.61710 -9.68840
vt -0.00390 -9.95320
vt 3.87180 -8.38290
vt -0.05070 -9.46100
vt 0.56570 -8.65190
vt 0.58670 -8.39460
vt 0.43180 -8.65010
vt 0.42070 -8.39460
vt 0.63640 -8.80030
vt 0.69650 -8.87720
vt 0.81750 -8.99820
vt 0.00000 11.98430
vt 0.99990 11.65620
vt 0.00000 11.65620
vt 0.99990 11.98430
vt 0.00000 12.98430
vt 0.99990 12.65620
vt 0.00000 12.65620
vt 0.99990 12.98430
vt 0.00000 13.98430
vt 0.99990 13.65620
vt 0.00000 13.65620
vt 0.99990 13.98430
vt 0.03940 0.68300
vt 0.63940 -0.53690
vt 0.03940 -0.53690
vt 0.63940 0.68300
vt 1.89940 0.68300
vt 1.89940 -0.53690
vt 0.03940 -0.59690
vt 0.63940 -0.59690
vt 0.00000 -9.00010
vt 0.99990 -10.00000
vt 0.00000 -10.00000
vt 0.99990 -9.00010
vt -0.62490 -12.01560
vt -1.86070 -10.99210
vt -1.98430 -12.01560
vt -0.74950 -10.99210
vt 3.34050 -12.01560
vt 3.37470 -10.99210
vt 2.37860 -12.01560
vt 1.65170 -10.99210
vt 1.00060 -12.01560
vt 0.84500 -10.99210
vt -0.12490 -12.01560
vt -0.28180 -10.99210
vt -6.03380 -12.01560
vt -4.98490 -12.01560
vt -6.01390 -10.99210
vt -4.35360 -10.99210
vt -3.69110 -12.01560
vt -3.55190 -10.99210
vt -2.35100 -10.99210
vt -2.51560 -12.01560
vt -0.02240 -9.03130
vt 0.81940 -9.50010
vt -0.17650 -9.50000
vt 0.66520 -9.03130
vt 14.99990 4.08590
vt 6.11790 4.98430
vt 5.76400 4.08590
vt 14.99990 4.98430
vt -3.17950 3.98430
vt -3.07560 3.08590
vt -3.46370 3.08590
vt -2.79130 3.98430
vt 5.89040 4.08590
vt 3.24380 4.98430
vt 2.88980 4.08590
vt 6.24430 4.98430
vt -1.64590 3.98430
vt -1.52380 3.08590
vt -1.93020 3.08590
vt -1.23960 3.98430
vt 1.00780 -5.91410
vt -1.99990 -5.00010
vt -1.99990 -5.91410
vt 1.00780 -5.00010
vt 3.99990 -8.15000
vt 2.99990 -5.85000
vt 1.99990 -8.15000
vt 3.99990 -8.15010
vt 0.28770 -9.49070
vt 0.13820 -9.00590
vt 0.64240 -9.49360
vt 0.74080 -9.05390
vt -0.49990 -1.00790
vt 0.00000 -2.05460
vt -0.49990 -2.05460
vt 0.00000 -1.00790
vt 0.49990 -2.05460
vt 0.49990 -1.00790
vt -0.99990 -1.00790
vt -0.99990 -2.05460
vt 0.99990 -2.05460
vt 0.99990 -1.00790
vt -0.99990 -10.00000
vt -0.49990 -9.87310
vt -0.49990 -10.00000
vt -0.99990 -9.87310
vt -0.49990 -9.74610
vt -0.99990 -9.74610
vt 0.49990 -9.87310
vt 0.49990 -10.00000
vt 0.49990 -9.74610
vt 1.49990 -10.00000
vt 1.99990 -9.87310
vt 1.99990 -10.00000
vt 1.49990 -9.87310
vt 1.99990 -9.74610
vt 1.49990 -9.74610
vt 0.99990 -9.87310
vt 0.99990 -9.74610
vt 0.00000 -9.87310
vt 0.00000 -9.74610
vt 0.00000 11.48430
vt 0.99990 11.25390
vt 0.99990 11.48430
vt 0.00000 11.25390
vt 0.99990 11.25780
vt 0.00000 11.25780
vt 0.00000 12.48430
vt 0.99990 12.25390
vt 0.99990 12.48430
vt 0.00000 12.25390
vt 0.99990 12.25780
vt 0.00000 12.25780
vt 0.00000 13.48430
vt 0.99990 13.25390
vt 0.99990 13.48430
vt 0.00000 13.25390
vt 0.99990 13.25780
vt 0.00000 13.25780
vt 27.99990 -1.74990
vt 28.49990 -1.99600
vt 28.49990 -1.74990
vt 27.99990 -1.99600
vt 23.99990 -1.74990
vt 24.49990 -1.99600
vt 24.49990 -1.74990
vt 23.99990 -1.99600
vt -0.81950 -8.48680
vt -1.12470 -8.01450
vt -0.81950 -8.01450
vt -1.12470 -8.48680
vt -1.61500 -9.75070
vt -1.39740 -9.93360
vt -1.60380 -9.93360
vt -1.38270 -9.74210
vt -1.37160 -9.42580
vt -1.65040 -9.43580
vt -1.61650 -9.21440
vt -1.37110 -9.22000
vt -2.18740 -8.46880
vt -1.83200 -8.26180
vt -2.19530 -8.26180
vt -1.81660 -8.46880
vt -2.20340 -8.73830
vt -1.79500 -8.73830
vt -0.77970 -9.51930
vt -0.88420 -9.29400
vt -0.66870 -9.00010
vt -0.58210 -9.51640
vt -0.51300 -9.00010
vt -2.20750 -9.00010
vt -1.78510 -9.00010
vt -1.80840 -9.93360
vt -1.84460 -9.77340
vt -1.29570 -8.01450
vt -1.29570 -8.48680
vt -1.47000 -8.01450
vt -0.43780 -9.50050
vt -1.47000 -8.27740
vt -0.27130 -9.31290
vt -0.27120 -9.00010
vt -1.88890 -9.60600
vt -2.05980 -9.77950
vt -0.33380 -9.40650
vt -1.47000 -8.48680
vt -2.06200 -9.54790
vt -1.73270 -9.31160
vt -1.86440 -9.15410
vt -0.65520 -8.48680
vt -1.14460 -9.79490
vt -0.65520 -8.01450
vt -1.18750 -9.93360
vt -1.72200 -9.06700
vt -0.47650 -8.01450
vt -0.47650 -8.27740
vt -1.08850 -9.60960
vt -0.78070 -9.51930
vt -0.66960 -9.00010
vt -0.88510 -9.29400
vt -2.31000 -8.46880
vt -0.47650 -8.48680
vt -0.89050 -9.77200
vt -2.35360 -8.73830
vt -1.19330 -9.29310
vt -0.58300 -9.52200
vt -0.89910 -9.54490
vt -2.36740 -9.00010
vt -0.51330 -9.00010
vt -0.43440 -9.49940
vt -1.06810 -9.16630
vt -0.27000 -9.31290
vt -0.27000 -9.00010
vt -0.33250 -9.40630
vt -1.69480 -8.46880
vt -1.26140 -9.06830
vt -1.64520 -8.73830
vt -1.62540 -9.00010
vt 2.10690 -11.24990
vt 4.09160 -14.99990
vt 2.10690 -14.99990
vt 4.09160 -11.24990
vt 2.10690 -10.99990
vt 4.09160 -10.99990
vt 0.99740 -11.24990
vt 0.99740 -14.99990
vt 0.99740 -10.99990
vt 4.98470 -14.99990
vt 4.98470 -11.24990
vt 4.35950 -10.99990
vt -3.49990 -2.60000
vt -2.99990 -2.00010
vt -3.49990 -2.00010
vt -2.99990 -2.60000
vt -4.49990 -2.60000
vt -4.49990 -2.00010
vt -1.99990 -2.60000
vt -1.49990 -2.00010
vt -1.99990 -2.00010
vt -1.49990 -2.60000
vt -1.99990 -3.00010
vt -1.49990 -3.00010
vt -2.99990 -3.00010
vt -4.49990 -3.00010
vt -3.49990 -3.00010
vt -1.99990 -2.80010
vt -1.49990 -2.80010
vt -2.99990 -2.80010
vt -4.49990 -2.80010
vt -3.49990 -2.80010
vt -0.43200 -8.76000
vt -0.00060 -8.85680
vt -0.45970 -8.85680
vt -0.39830 -8.97370
vt -0.03960 -8.78980
vt -0.01490 -8.96350
vt 1.36110 -9.66450
vt 1.45700 -9.64050
vt 1.31570 -9.62810
vt 1.37500 -9.59440
vt 1.31600 -9.62820
vt 1.30100 -9.70950
vt 1.06610 -9.66800
vt 1.30410 -9.32050
vt 1.06480 -9.66920
vt 1.37010 -9.33400
vt 1.00790 -9.41770
vt 1.00700 -9.67850
vt 1.06940 -9.41160
vt 1.30370 -9.31940
vt 1.06980 -9.41240
vt 1.43100 -9.27970
vt 1.34890 -9.26580
vt 1.05520 -9.25090
vt 1.00410 -9.25380
vt 1.20650 -9.02650
vt 1.05490 -9.24950
vt 1.03940 -9.11380
vt 1.16390 -9.04880
vt 1.16280 -9.04970
vt 1.03900 -9.11340
vt 0.82810 -9.03520
vt 0.80120 -9.24130
vt 0.63910 -9.00010
vt 0.61940 -9.24840
vt 0.99600 -9.00010
vt 0.99600 -9.20820
vt 1.28900 -9.77860
vt 1.34580 -9.75810
vt 0.81000 -9.71250
vt 1.28850 -9.77720
vt 0.63670 -9.78870
vt 0.99600 -9.57190
vt 0.80560 -9.99610
vt 0.99600 -9.99610
vt 0.63670 -9.99610
vt 1.12360 -9.99740
vt 1.32800 -9.82510
vt 1.41800 -9.81310
vt 0.62290 -8.50010
vt 0.38060 -8.25390
vt 0.62320 -8.25290
vt 0.38210 -8.50010
vt 0.19820 -8.28640
vt -0.00830 -8.34840
vt 0.16820 -8.06260
vt 0.03430 -8.50010
vt 0.19100 -8.50010
vt 0.38460 -8.06260
vt 0.61240 -8.06260
vt 0.80540 -8.28610
vt 0.81390 -8.50010
vt 0.83300 -8.06260
vt 0.97010 -8.50010
vt 1.01140 -8.34450
vt 0.98370 14.01620
vt 0.01620 14.98370
vt 0.01620 14.01620
vt 0.98370 14.98370
vt 1.98390 12.98390
vt 0.01600 11.01600
vt 0.01600 12.98390
vt 1.98390 11.01600
vt 0.98370 15.01620
vt 0.01620 15.98370
vt 0.01620 15.01620
vt 0.98370 15.98370
vt 1.98390 13.98390
vt 0.01600 12.01600
vt 0.01600 13.98390
vt 1.98390 12.01600
vt 0.98370 16.01620
vt 0.01620 16.98370
vt 0.01620 16.01620
vt 0.98370 16.98370
vt 1.98390 14.98390
vt 0.01600 13.01600
vt 0.01600 14.98390
vt 1.98390 13.01600
vt 0.99990 -8.00000
vt 0.00000 -6.00010
vt 0.00000 -8.00000
vt 0.99990 -6.00010
vt 0.99990 -0.00010
vt 0.00000 -4.00010
vt 0.00000 -0.00010
vt 0.99990 -4.00010
vt 0.00000 -1.74990
vt 0.99990 11.00000
vt 0.00000 11.00000
vt 0.99990 -1.74990
vt 0.99990 -3.99990
vt 0.00000 -3.99990
vt -0.99990 11.00000
vt -0.99990 -1.74990
vt -0.99990 -3.99990
vt 1.99990 11.00000
vt 1.99990 -1.74990
vt 1.99990 -3.99990
vt 2.99990 -1.74990
vt 2.99990 11.00000
vt 2.99990 -3.99990
vt 0.00000 -0.74990
vt 0.99990 12.00000
vt 0.00000 12.00000
vt 0.99990 -0.74990
vt -0.99990 -0.74990
vt -0.99990 12.00000
vt 1.99990 12.00000
vt 1.99990 -0.74990
vt 2.99990 -0.74990
vt 2.99990 12.00000
vt 0.00000 0.25010
vt 0.99990 13.00000
vt 0.00000 13.00000
vt 0.99990 0.25010
vt -0.99990 0.25010
vt -0.99990 13.00000
vt 2.99990 0.25010
vt 1.99990 13.00000
vt 1.99990 0.25010
vt 2.99990 13.00000
vt 26.89630 -7.99990
vt 33.62050 -5.00010
vt 33.62050 -7.99990
vt 26.89630 -5.00010
vt 23.13730 -5.00010
vt 23.13730 -7.99990
vt 36.88110 -5.00000
vt 34.59870 -7.69990
vt 34.59870 -7.99990
vt 1.17210 -5.01760
vt 1.17210 -2.79530
vt -1.45420 -2.39130
vt 0.63260 -2.80280
vt -1.58960 -1.99460
vt -1.99370 -2.39870
vt -1.05020 -1.98720
vt 0.63260 -1.99460
vt 1.17210 -1.98720
vt 0.63260 -5.02500
vt 1.33460 -2.60380
vt -1.29170 0.02250
vt -1.29170 -2.19980
vt -0.55550 -4.01070
vt 1.66670 -4.01070
vt -0.55550 -3.20260
vt -1.29170 -3.00780
vt 0.93050 -3.00780
vt 2.07080 -3.60670
vt -0.55550 -0.98040
vt 0.01950 -1.97710
vt 0.48070 -1.52560
vt 0.01950 -1.52560
vt 0.48070 -1.97710
vt 0.62890 0.20700
vt 0.62890 0.00780
vt 2.49990 0.09760
vt -9.99990 -1.64070
vt 0.00000 -1.50010
vt 0.00000 -1.64070
vt -9.99990 -1.50010
vt 0.00000 -1.78910
vt -9.99990 -1.78910
vt 2.99990 -9.16010
vt 3.49990 -8.52730
vt 2.99990 -8.52730
vt 3.49990 -9.16010
vt 2.40000 -8.52730
vt -3.49990 -9.16010
vt -2.90000 -8.52730
vt -3.49990 -8.52730
vt 6.49990 6.99990
vt 11.99990 7.27290
vt 6.49990 7.27290
vt 11.99990 6.99990
vt 2.99990 6.99990
vt 2.99990 7.27290
vt 14.99990 7.27290
vt 14.99990 6.99990
vt -5.67570 -5.00400
vt -5.32420 -4.00400
vt -5.67570 -4.00400
vt -5.32420 -5.00400
vt -7.32990 -5.00400
vt -7.32990 -4.00400
vt -3.69530 -5.00400
vt -3.33000 -4.00400
vt -3.69530 -4.00400
vt -3.33000 -5.00400
vt -0.90937 -5.52499
vt -0.16667 -5.52499
vt -0.16667 -5.49999
vt -1.50000 -5.52499
vt -0.41460 -4.62479
vt -0.41460 -4.62192
vt -0.75000 -4.62479
vt -4.83330 0.99600
vt -5.99990 0.06260
vt -4.83330 0.06260
vt -5.99990 0.99600
vt -6.16660 2.05460
vt -7.49990 3.04680
vt -7.49990 2.05460
vt -6.16660 3.04680
vt -5.31084 -8.66010
vt -5.31088 -7.73955
vt -5.99990 -8.66010
vt -5.31090 -7.73958
vt -5.99990 -7.10150
vt -4.83330 -7.10150
vt -5.99990 -6.67320
vt -4.83330 -6.67320
vt -1.04050 0.68300
vt -1.04050 -0.53690
vt -1.04050 -0.59690
vt 0.03940 -0.65690
vt -1.04050 -0.65690
vt 1.99510 3.08590
vt 2.15130 3.98430
vt 2.43560 3.08590
vt 1.71080 3.98430
vt -2.73030 4.08590
vt 3.18650 4.98430
vt -3.08420 4.98430
vt 2.83250 4.08590
vt 15.49990 -1.99600
vt 15.99990 -1.74990
vt 15.49990 -1.75000
vt 15.99990 -1.99600
vt 0.00000 1.99990
vt 0.99990 1.99990
vt -0.49990 -9.16010
vt 0.00000 -8.52730
vt -0.49990 -8.52730
vt 0.00000 -9.16010
vt -1.09990 -8.52730
vt 0.59990 -8.52730
vt -0.16667 -6.18516
vt -1.50000 -7.66660
vt -0.16667 -7.66660
vt -0.16670 -7.99995
vt -1.16660 -8.33330
vt -0.16666 -8.33330
vt -0.16668 -8.54381
vt -0.16664 -8.66660
vt -0.41660 -8.66660
vt -0.41460 -5.00000
vt -0.41460 -4.72342
vt -0.75000 -5.00000
vt -2.49990 0.06260
vt -3.66660 0.99600
vt -3.66660 0.06260
vt -2.49990 0.99600
vt -1.49990 0.06260
vt -1.49990 0.99600
vt -0.49990 0.99600
vt -0.49990 0.06260
vt -4.83330 2.05460
vt -4.83330 3.04680
vt -3.49990 2.05460
vt -3.49990 3.04680
vt -2.24990 2.05460
vt -2.24990 3.04680
vt -0.74990 2.05460
vt -0.74990 3.04680
vt -2.49990 -8.66010
vt -3.66660 -7.10150
vt -2.49990 -7.10150
vt -3.66660 -6.67320
vt -2.49990 -6.67320
vt -1.49990 -8.66010
vt -1.49990 -7.10150
vt -1.49990 -6.67320
vt -0.49990 -8.66010
vt -0.49990 -7.10150
vt -0.49990 -6.67320
vt -1.64050 -0.53690
vt -1.64050 0.68300
vt -2.90050 0.68300
vt -2.90050 -0.53690
vt -1.64050 -0.59690
vt -6.22820 4.98430
vt -14.99990 4.08590
vt -5.87430 4.08590
vt -14.99990 4.98430
vt 3.63530 3.98430
vt 3.52130 3.08590
vt 3.23710 3.98430
vt 3.91960 3.08590
vt -2.89830 4.98430
vt -6.42980 4.08590
vt -2.54440 4.08590
vt -6.78370 4.98430
vt 11.49990 -1.99600
vt 11.99990 -1.74990
vt 11.49990 -1.74990
vt 11.99990 -1.99600
vt -4.08140 -11.24990
vt -2.09670 -14.99990
vt -4.08140 -14.99990
vt -2.09670 -11.24990
vt -4.08140 -10.99990
vt -2.09670 -10.99990
vt -0.98720 -14.99990
vt -0.98720 -11.24990
vt -0.98720 -10.99990
vt -4.97460 -11.24990
vt -4.97460 -14.99990
vt -4.34940 -10.99990
vt -2.99990 -3.00000
vt 6.12680 -5.00010
vt 12.65410 -7.99990
vt 6.12670 -7.99990
vt 12.65410 -5.00010
vt 16.41310 -5.00010
vt 16.41310 -7.99990
vt 5.08870 -7.69990
vt 2.66660 -5.00000
vt 5.08870 -7.99990
vt -11.99990 7.27290
vt -6.49990 6.99990
vt -6.49990 7.27290
vt -11.99990 6.99990
vt -2.99990 7.27290
vt -2.99990 6.99990
vt -14.99990 6.99990
vt -14.99990 7.27290
vt 0.18542 -3.83151
vt 0.18542 -2.33340
vt 0.18542 -5.00000
vt 0.18543 -1.46014
vt 0.18541 -1.66670
vt -0.16660 -1.38603
vt 0.18539 -1.33340
vt 0.18545 -2.00474
vt -0.41460 -4.50843
vt -0.33974 -4.50843
vt -0.33974 -4.11120
vt -0.22246 -8.66010
vt 4.99990 -6.56260
vt 0.00000 -6.56260
vt 4.99990 -6.00010
vt 15.68350 -0.49990
vt 16.23040 -0.75390
vt 15.68350 -0.75390
vt 16.23040 -0.49990
vt 10.65620 -0.49990
vt 11.23430 -0.75390
vt 10.65620 -0.75390
vt 11.23430 -0.49990
vt 0.00000 -1.00010
vt 6.99990 -1.35870
vt 6.99990 -1.00010
vt 0.00000 -1.35870
vt 19.99990 -0.00010
vt 0.00000 0.99990
vt 19.99990 0.99990
vt 0.00000 -2.00000
vt 5.99990 -1.00010
vt 5.99990 -2.00000
vt 0.00000 -0.99610
vt 1.99990 -0.74610
vt 0.00000 -0.74610
vt 1.99990 -0.99610
vt 0.00000 -3.49990
vt 2.99990 -3.74600
vt 2.99990 -3.49990
vt 0.00000 -3.74600
vt 2.99990 -3.35930
vt 0.00000 -3.24990
vt 0.00000 -3.35930
vt 2.99990 -3.24990
vt 36.19640 -7.69990
vt 36.19640 -7.99990
vt 36.88110 -7.99990
vt 36.88110 -7.69990
vt 37.13110 -7.96200
vt 37.38110 -7.89340
vt 37.63110 -7.78520
vt 37.88110 -7.65250
vt 41.78110 -5.26530
vt 41.99950 -5.06630
vt 2.66660 -7.99990
vt 2.41660 -7.96200
vt 2.66660 -7.69990
vt 2.16660 -7.89340
vt 1.91660 -7.78520
vt 1.66660 -7.65250
vt -2.23330 -5.26530
vt -2.45160 -5.06630
vt 3.39320 -7.69990
vt 3.39320 -7.99990
vt 4.79710 -10.99990
vt 4.98470 -10.99990
vt -4.97460 -10.99990
vt -4.78700 -10.99990
vt 17.66930 8.27340
vt 21.99990 7.99990
vt 17.48890 7.99990
vt 21.99990 8.27340
vt 17.48890 8.27340
vt -17.50780 7.99990
vt -17.68740 8.27340
vt -17.50780 8.27340
vt -21.99990 7.99990
vt -21.99990 8.27340
vt 33.39060 -0.99600
vt 32.58980 -1.33590
vt 32.48820 -0.99600
vt 33.48820 -1.33590
vt 27.59370 -1.33590
vt 28.38670 -0.99600
vt 28.47650 -1.33590
vt 27.49600 -0.99600
vt 0.99990 -8.24990
vt 0.00000 -8.99990
vt 0.00000 -8.24990
vt 0.99990 -8.99990
vt 0.99990 -3.24990
vt 1.50000 -5.00000
vt 1.50000 -2.33340
vt 1.16660 -1.66670
vt 0.41660 -1.33340
vt 0.00000 -4.50843
vt 0.00000 -4.11120
vt -0.10030 -8.62540
vt -0.39700 -8.81760
vt -0.41270 -8.75520
vt -0.04190 -8.64100
vt -0.04810 -8.70800
vt -0.39310 -8.87670
vt -0.32340 -8.94620
vt 1.25950 -9.18620
vt 1.22680 -9.17230
vt 1.29590 -9.17680
vt 1.25540 -9.22620
vt -0.16667 -5.49998
vt 1.50000 -5.49998
vt -0.41460 -4.51465
vt -0.31904 -4.62192
vt 0.00000 -4.62192
vt -0.99990 -10.00010
vt -0.99990 -0.00010
vt 0.00000 -10.00010
vt 0.99990 -10.00010
vt 3.99990 -0.00010
vt 3.99990 -10.00010
vt 2.99990 -10.00010
vt 2.99990 -0.00010
vt -2.99990 -0.00010
vt -2.99990 -10.00010
vt -3.99990 -10.00010
vt -3.99990 -0.00010
vt 5.34370 -7.78340
vt 5.34365 -8.66010
vt 5.34366 -8.22175
vt 5.34369 -7.78339
vt 0.31970 -12.53880
vt 0.34950 -12.74610
vt 0.62840 -12.73830
vt -0.05070 -12.46100
vt 3.35350 -10.95320
vt 3.32900 -11.38290
vt 3.13170 -11.38290
vt 3.67400 -11.38290
vt 3.64250 -10.95320
vt 3.87180 -11.38290
vt 0.11250 -12.46100
vt 0.62450 -12.95320
vt 0.99990 -12.95320
vt 0.34730 -12.95320
vt -0.00390 -12.95320
vt 3.12340 -10.95320
vt 3.87240 -10.95320
vt -0.00390 -12.74610
vt 0.99990 -12.73830
vt 0.48660 -11.51160
vt 0.42070 -11.39460
vt 0.58670 -11.39460
vt 0.43180 -11.65010
vt 3.00120 -11.38290
vt 3.99990 -11.38290
vt -0.34170 -12.74610
vt 1.36320 -12.95320
vt -0.34370 -12.95320
vt -0.34170 -12.46100
vt 2.99680 -10.95360
vt 3.99990 -10.95320
vt 1.23110 -12.63610
vt 1.36320 -12.73830
vt 1.36320 -12.58490
vt 2.82630 -10.95390
vt 2.16690 -10.95390
vt 1.99990 -11.38290
vt 1.99990 -10.95390
vt -0.61710 -12.68840
vt 1.68780 -12.69510
vt 2.83600 -11.38290
vt 2.16180 -11.38290
vt 2.62990 -10.95390
vt 2.36320 -10.95390
vt 2.64540 -11.38290
vt 2.35220 -11.38290
vt -0.47810 -12.99320
vt 4.98630 -12.58810
vt -0.51180 -12.01040
vt -0.85280 -12.91570
vt -0.83480 -12.01040
vt 0.66520 -12.03130
vt -0.17650 -12.50000
vt 0.81940 -12.50010
vt -0.02240 -12.03130
vt 0.64240 -12.49360
vt 0.13820 -12.00590
vt 0.74080 -12.05390
vt 0.28770 -12.49070
vt 0.49990 -12.87310
vt 1.49990 -13.00000
vt 0.49990 -13.00000
vt 1.49990 -12.87310
vt 0.49990 -12.74610
vt 1.49990 -12.74610
vt 0.00000 -12.87310
vt 0.00000 -13.00000
vt 1.99990 -13.00000
vt 1.99990 -12.87310
vt 0.00000 -12.74610
vt 1.99990 -12.74610
vt 0.99990 -12.87310
vt 0.99990 -12.74610
vt -0.99990 -12.87310
vt -0.49990 -12.74610
vt -0.49990 -12.87310
vt -0.99990 -12.74610
vt 0.99990 -13.00000
vt -0.49990 -13.00000
vt -0.99990 -13.00000
vt -0.27000 -12.31290
vt -0.38180 -12.29550
vt -0.51330 -12.00010
vt -0.27000 -12.00010
vt -0.46310 -12.31780
vt -0.58300 -12.52200
vt -0.66960 -12.00010
vt -1.47000 -11.48680
vt -1.29570 -11.48680
vt -1.47000 -11.27740
vt -0.65520 -11.48680
vt -0.47650 -11.48680
vt -0.47650 -11.27740
vt -0.78070 -12.51930
vt -1.47000 -11.01450
vt -0.47650 -11.01450
vt -0.88510 -12.29400
vt -1.29570 -11.01450
vt -0.65520 -11.01450
vt -1.12470 -11.48680
vt -1.12470 -11.01450
vt -0.81950 -11.01450
vt -0.81950 -11.48680
vt -1.14460 -12.79490
vt -1.38270 -12.74210
vt -1.39740 -12.93360
vt -1.18750 -12.93360
vt -1.60380 -12.93360
vt 0.43930 -12.26780
vt 0.08930 -12.05140
vt 0.45010 -12.02870
vt 0.19470 -12.02790
vt 0.02290 -12.26340
vt 0.23960 -12.43270
vt 0.35710 -12.15460
vt 0.39910 -12.01790
vt 0.24890 -12.44990
vt -0.20190 -11.93120
vt -0.02850 -11.96220
vt -0.02850 -11.53180
vt 0.11120 -12.45790
vt -0.33180 -11.91930
vt -0.42020 -11.88380
vt 0.48860 -12.25720
vt 0.02040 -12.47950
vt -0.47210 -11.83100
vt 0.34960 -12.36520
vt 0.34390 -12.02010
vt 0.48590 -12.03040
vt -0.36340 -11.96300
vt -0.29770 -11.61990
vt -0.47320 -11.85320
vt 0.21130 -12.05170
vt -0.21240 -11.69050
vt -0.16140 -11.96290
vt 0.02790 -12.20050
vt -0.02470 -11.52870
vt -0.02170 -11.84830
vt 0.02950 -12.48170
vt 1.30370 -12.31940
vt 1.43100 -12.27970
vt 1.37010 -12.33400
vt 1.34890 -12.26580
vt 1.30410 -12.32050
vt 1.16280 -12.04970
vt 1.05490 -12.24950
vt 1.31600 -12.62820
vt 1.37500 -12.59440
vt 1.45700 -12.64050
vt 1.36110 -12.66450
vt 1.03900 -12.11340
vt 1.03940 -12.11380
vt 1.16390 -12.04880
vt 1.06610 -12.66800
vt 1.06980 -12.41240
vt 1.31570 -12.62810
vt 1.05520 -12.25090
vt 1.00410 -12.25380
vt 1.28850 -12.77720
vt 1.34580 -12.75810
vt 1.41800 -12.81310
vt 1.06940 -12.41160
vt 1.32800 -12.82510
vt 1.06480 -12.66920
vt 1.00790 -12.41770
vt 1.28900 -12.77860
vt 1.12360 -12.99740
vt 1.00700 -12.67850
vt 1.20650 -12.02650
vt 1.01140 -11.34450
vt 0.80540 -11.28610
vt 0.97010 -11.50010
vt 0.83300 -11.06260
vt 0.19100 -11.50010
vt 0.19820 -11.28640
vt 0.03430 -11.50010
vt 0.81390 -11.50010
vt 0.61240 -11.06260
vt 0.38210 -11.50010
vt 0.62290 -11.50010
vt 0.38460 -11.06260
vt 0.38060 -11.25390
vt 0.62320 -11.25290
vt 1.50000 -6.38330
vt 0.05625 -6.38330
vt -0.41460 -4.62480
vt -0.23338 -4.72343
vt -0.41460 -4.72343
vt 0.00000 -4.72343
vt 4.18427 -8.66010
vt 4.18430 -7.44731
vt -2.08927 -0.10241
vt -2.08927 0.68300
vt -2.08927 -0.53690
vt 15.99990 -1.75000
vt 15.49990 -1.74990
vt 0.99990 8.99990
vt 0.00000 8.24990
vt 0.00000 8.99990
vt 0.99990 8.24990
vt 0.99990 3.99990
vt 0.00000 3.24990
vt 0.00000 3.99990
vt 0.99990 3.24990
vt 12.38460 -1.33590
vt 11.57480 -0.99600
vt 12.47810 -0.99600
vt 11.46090 -1.33590
vt 16.59030 -0.99600
vt 17.38360 -1.33590
vt 16.48870 -1.33590
vt 17.48800 -0.99600
vt -9.12451 4.08590
vt -9.06796 4.69345
vt -9.06796 4.98430
vt 1.50000 -7.66660
vt 0.05607 -6.38314
vt 1.16660 -8.33330
vt 0.41660 -8.66660
vt 0.00000 -5.00000
vt -0.19997 -8.66010
vt 0.00000 -4.00000
vt 0.75190 -0.00010
vt 0.75190 -4.00000
vt 0.75190 -2.00000
vt 0.75190 -2.00010
vt 0.00000 -2.00010
vt 0.75190 -3.00010
vt 0.75190 -1.00010
vt 0.00000 -3.00010
vt 0.75190 -9.95960
vt 0.37590 -9.91910
vt 0.75190 -9.91910
vt 0.37590 -9.95960
vt 0.75190 -9.19010
vt 0.75190 -10.00000
vt 0.37590 -10.00000
vt 0.75190 -9.00010
vt 0.00000 -9.05010
vt 0.75190 -9.05010
vt 0.00000 -9.10010
vt 0.75190 -9.10010
vt 0.75190 -9.14510
vt 0.00000 -9.14510
vt 0.00000 -9.19010
vt 0.00000 -9.95960
vt 0.00000 -9.91910
vt -1.68740 -1.02340
vt -2.87490 -1.02340
vt -1.68740 -0.01570
vt -2.87490 -0.00010
vt -1.68740 -0.00010
vt -1.68740 -1.00780
vt 2.02380 -1.02340
vt 0.83630 -1.02340
vt 0.83630 -0.01570
vt 0.83630 -0.00010
vt 2.02380 -0.00010
vt 0.83630 -1.00780
vt -2.20310 -1.02340
vt -2.20310 -0.00010
vt -2.87490 -1.00780
vt -2.87490 -0.01570
vt 0.11480 -1.02340
vt 0.11480 -0.00010
vt -9.61710 -10.99210
vt -6.56240 -10.49210
vt -9.61710 -10.18740
vt 0.67010 -0.99180
vt 0.04090 -0.99180
vt 0.40100 -0.00700
vt 0.92600 -0.00700
vt 1.36380 -0.99180
vt 0.00000 -0.51570
vt 1.49990 0.07030
vt 0.00000 0.07030
vt 1.49990 -0.51570
vt 0.32810 -1.00790
vt 0.99980 -1.96880
vt 0.32810 -1.96880
vt 0.99980 -1.00790
vt -0.49990 -1.96880
vt 1.87490 -1.96880
vt 1.87490 -1.00790
vt 2.49990 -1.96880
vt 2.49990 -1.00790
vt 1.99120 -0.00010
vt 1.99990 -0.56260
vt 1.31880 -0.56260
vt -0.49990 -0.56260
vt -0.49990 -0.00010
vt 0.17710 -0.56260
vt 0.94510 -0.00010
vt 0.98930 -0.56260
vt 0.55080 -0.00010
vt 0.50660 -0.56260
vt 0.53830 -0.00010
vt 0.10530 -0.56260
vt -0.50390 -0.00010
vt 1.39060 -0.56260
vt 0.95760 -0.00010
vt 1.99990 -0.00010
vt 0.49560 -0.56260
vt 1.00030 -0.56260
vt -0.50390 -0.56260
vt -1.99990 -0.56260
vt -1.99990 -0.00010
vt 3.49990 -0.00010
vt 3.49990 -0.56260
vt 0.49990 -1.56530
vt 0.49990 -0.99490
vt 0.14820 -1.56530
vt 0.85170 -1.56530
vt -0.20350 -1.56530
vt 1.20350 -1.56530
vt 1.49990 -2.50010
vt 3.99990 -3.06260
vt 1.49990 -3.06260
vt 3.99990 -2.50010
vt -1.99990 -0.17190
vt -1.99990 -0.01120
vt -1.50390 -0.01180
vt -2.99990 -0.01120
vt -2.99990 -0.17190
vt -2.49990 -0.01120
vt -1.12890 -0.17190
vt -0.96870 -0.17190
vt -0.74210 -0.01180
vt -0.49860 -0.17190
vt -0.49880 -0.01180
vt 0.76550 -0.01180
vt 0.49980 -0.17190
vt 0.49950 -0.00920
vt 1.23040 -0.17190
vt 1.15230 -0.17190
vt 1.49650 -0.01180
vt 1.99990 -0.17190
vt 2.99990 -0.17190
vt 2.49990 -0.01180
vt 1.99990 -0.01180
vt 2.99990 -0.01180
vt 0.71480 -1.00200
vt 1.28120 -0.61220
vt 1.28120 -1.00200
vt 0.71480 -0.61220
vt 0.49890 -0.50400
vt 0.64840 -0.99920
vt 0.49890 -0.99920
vt 0.64840 -0.50400
vt 0.82440 -0.50400
vt 0.82440 -0.99920
vt 0.15920 -0.50400
vt 0.15870 -0.93360
vt 0.00000 -0.86720
vt 0.00000 -0.50400
vt 0.15230 -0.50400
vt 0.00000 -0.86330
vt 0.15230 -0.92970
vt 0.49990 -0.99920
vt 0.49990 -0.50400
vt 0.64880 -0.50400
vt 0.64880 -0.99920
vt 0.49990 -1.31260
vt 0.11550 -1.00790
vt 0.08130 -1.31260
vt 0.91860 -1.31260
vt 0.88440 -1.00790
vt -0.26880 -1.00790
vt -0.33720 -1.31260
vt 1.33720 -1.31260
vt 1.26880 -1.00790
vt 0.01560 -1.00790
vt 0.49210 -1.49220
vt 0.49210 -1.00790
vt 0.01560 -1.49220
vt 2.33330 -5.33350
vt 4.66660 -7.83340
vt 2.33330 -7.83340
vt 4.66660 -5.33350
vt 4.66660 -11.58320
vt 2.33330 -10.33320
vt 3.08330 -14.66650
vt 1.58330 -12.33340
vt 2.16660 -11.50010
vt 0.66660 -12.83340
vt 0.00000 -14.66650
vt -0.66660 -12.83340
vt -3.08330 -14.66650
vt -1.58330 -12.33340
vt -2.16660 -11.50010
vt -4.66660 -11.58320
vt -2.33330 -10.33320
vt -4.66660 -7.83340
vt -2.33330 -7.83340
vt -2.33330 -5.33350
vt -4.66660 -5.33350
vt 4.25980 1.50380
vt 5.76380 1.03740
vt 4.25980 1.03740
vt 5.76380 1.50380
vt 2.75590 1.50380
vt 2.75590 1.03740
vt 1.25190 1.03740
vt 1.25190 1.50380
vt -0.25190 1.50380
vt -0.25190 1.03740
vt -1.75590 1.50380
vt -1.75590 1.03740
vt -3.25980 1.03740
vt -3.25980 1.50380
vt -4.76380 1.03740
vt -4.76380 1.50380
vt -3.66990 -2.26570
vt -0.51300 -2.62900
vt -0.37580 -2.26590
vt -3.60130 -2.62900
vt 1.54570 -2.62900
vt 1.82030 -2.26610
vt 8.99990 3.99990
vt 5.99990 4.27340
vt 8.99990 4.27340
vt 5.99990 3.99990
vt 10.99990 3.99990
vt 10.99990 4.27340
vt 5.94620 -2.62910
vt 3.27670 -2.26610
vt 6.08440 -2.26610
vt 3.33490 -2.62910
vt 2.99990 4.27340
vt 2.99990 3.99990
vt 12.99990 3.99990
vt 12.99990 4.27340
vt -2.77750 -2.62900
vt -0.58130 -2.26570
vt -3.05200 -2.26570
vt -0.85580 -2.62900
vt 14.99990 3.99990
vt 14.99990 4.27340
vt 16.99990 3.99990
vt 16.99990 4.27340
vt 17.48890 3.99990
vt 17.48890 4.27340
vt 0.80020 -2.62900
vt -1.25860 -2.62900
vt 1.07470 -2.26570
vt -3.31740 -2.62900
vt -3.31740 -2.26570
vt -1.12130 -2.26570
vt 0.00000 4.27340
vt -2.99990 3.99990
vt 2.49310 -2.62910
vt 7.37720 -2.26610
vt 2.30280 -2.26610
vt 7.18690 -2.62910
vt -2.99990 4.27340
vt -16.99990 3.99990
vt -17.50780 4.27340
vt -16.99990 4.27340
vt -17.50780 3.99990
vt -14.99990 4.27340
vt -14.99990 3.99990
vt -12.99990 3.99990
vt -12.99990 4.27340
vt -10.99990 3.99990
vt -10.99990 4.27340
vt -5.99990 4.27340
vt -5.99990 3.99990
vt 3.27610 -2.26610
vt 5.94560 -2.62910
vt 6.08380 -2.26610
vt 3.33430 -2.62910
vt -8.99990 3.99990
vt -8.99990 4.27340
vt 46.06440 -0.99600
vt 46.48430 -1.33590
vt 46.48430 -0.99600
vt 46.06750 -1.33590
vt -0.12200 -0.99600
vt -0.12480 -1.33590
vt -0.51170 -0.99600
vt -0.51170 -1.33590
vt 24.59860 -1.33590
vt 24.56700 -0.99600
vt 23.62920 -1.33590
vt 23.61210 -0.99600
vt 22.49210 -1.33590
vt 22.49210 -0.99600
vt 21.37080 -0.99600
vt 21.35150 -1.33590
vt 20.41470 -0.99600
vt 20.37890 -1.33590
vt 37.62280 -1.74990
vt 37.71500 -1.99600
vt 2.37710 -1.74990
vt 2.28500 -1.99600
vt 19.99990 -1.99600
vt 19.99990 -1.74990
vt 2.28490 -1.99600
vt 21.40790 -1.99600
vt 21.40790 -1.74990
vt 20.75990 -1.99600
vt 20.75990 -1.74990
vt 19.23990 -1.99600
vt 19.23990 -1.74990
vt 18.59190 -1.74990
vt 18.59190 -1.99600
vt 37.99990 -1.99600
vt 1.99990 -1.99600
vt 37.90500 -1.74990
vt 2.09500 -1.74990
vt 0.99990 16.99990
vt 0.00000 16.92000
vt 0.00000 16.99990
vt 0.99990 16.92000
vt 0.99990 -16.99990
vt 0.00000 -16.92000
vt 0.99990 -16.92000
vt 0.00000 -16.99990
vt 0.00000 -16.68230
vt 0.99990 -16.68230
vt 0.99990 16.68230
vt 0.00000 16.68230
vt 0.00000 -1.14400
vt 0.99990 0.00000
vt 0.00000 1.14400
vt 0.00000 -0.61750
vt 0.00000 0.00000
vt 0.00000 0.61750
vt 25.99990 -0.75390
vt 25.70690 -0.49990
vt 25.99990 -0.49990
vt 25.70690 -0.75390
vt 7.96300 -0.75390
vt 7.96300 -0.49990
vt 7.28960 -0.75390
vt 7.28960 -0.49990
vt 6.49990 -0.75390
vt 6.49990 -0.49990
# 1443 texture vertices

g Object_2
usemtl texture0
f 1/3 2/2 3/1
f 4/6 5/5 6/4
f 5/5 7/8 8/7
f 8/7 9/10 10/9
f 11/12 12/11 6/4
f 13/14 14/13 10/9
f 15/15 3/1 14/13
f 11/12 16/17 17/16
f 18/19 19/18 2/2
f 4/6 20/20 5/5
f 1/3 3/1 15/15
f 5/5 20/20 7/8
f 12/11 4/6 6/4
f 18/19 2/2 1/3
f 13/14 21/21 14/13
f 7/8 9/10 8/7
f 11/12 17/16 12/11
f 15/15 14/13 21/21
f 10/9 9/10 13/14
f 16/17 22/22 17/16
f 23/23 19/18 18/19
f 24/24 19/18 23/23
f 16/17 25/25 22/22
f 23/23 18/19 1/3
f 26/26 20/20 4/6
f 27/27 1/3 15/15
f 28/28 21/21 13/14
f 12/11 26/26 4/6
f 9/10 28/28 13/14
f 20/20 29/29 7/8
f 17/16 22/22 12/11
f 27/27 15/15 21/21
f 29/29 9/10 7/8
f 23/23 1/3 30/30
f 30/30 1/3 27/27
f 31/31 21/21 28/28
f 9/10 32/32 28/28
f 21/21 31/31 27/27
f 22/22 33/33 12/11
f 34/34 20/20 26/26
f 12/11 33/33 26/26
f 20/20 34/34 29/29
f 32/32 9/10 29/29
f 23/23 35/35 24/24
f 23/23 30/30 36/36
f 37/37 28/28 32/32
f 38/38 31/31 28/28
f 36/36 30/30 27/27
f 25/25 39/39 22/22
f 27/27 31/31 38/38
f 22/22 40/40 33/33
f 37/37 32/32 29/29
f 40/40 26/26 33/33
f 26/26 41/41 34/34
f 41/41 29/29 34/34
f 23/23 36/36 35/35
f 24/24 35/35 42/42
f 43/43 28/28 37/37
f 38/38 28/28 43/43
f 44/44 41/41 26/26
f 27/27 38/38 45/45
f 36/36 27/27 45/45
f 37/37 29/29 46/46
f 40/40 44/44 26/26
f 46/46 29/29 41/41
f 47/47 40/40 22/22
f 22/22 39/39 47/47
f 46/46 48/48 37/37
f 37/37 48/48 43/43
f 49/49 38/38 43/43
f 38/38 49/49 45/45
f 44/44 50/50 41/41
f 51/51 35/35 36/36
f 52/52 44/44 40/40
f 50/50 46/46 41/41
f 51/51 36/36 45/45
f 52/52 40/40 47/47
f 45/45 49/49 53/53
f 54/54 35/35 51/51
f 49/49 43/43 55/55
f 43/43 48/48 55/55
f 56/56 48/48 46/46
f 47/47 57/57 52/52
f 52/52 58/58 44/44
f 51/51 45/45 53/53
f 58/58 50/50 44/44
f 50/50 56/56 46/46
f 59/59 42/42 35/35
f 60/60 47/47 39/39
f 59/59 35/35 54/54
f 60/60 57/57 47/47
f 61/61 53/53 49/49
f 62/62 49/49 55/55
f 63/63 55/55 48/48
f 64/64 52/52 57/57
f 65/65 54/54 51/51
f 66/66 48/48 56/56
f 61/61 51/51 53/53
f 67/67 58/58 52/52
f 50/50 58/58 68/68
f 68/68 56/56 50/50
f 59/59 54/54 65/65
f 60/60 64/64 57/57
f 62/62 55/55 63/63
f 61/61 49/49 62/62
f 63/63 48/48 66/66
f 68/68 58/58 67/67
f 66/66 56/56 68/68
f 67/67 52/52 64/64
f 65/65 51/51 61/61
g obj1
usemtl mat1
f 69/71 70/70 71/69
f 70/70 72/72 71/69
f 72/72 70/70 73/73
f 74/76 75/75 76/74
f 75/75 74/76 77/77
f 70/70 78/78 74/76
f 78/78 70/70 69/71
f 77/77 74/76 78/78
f 79/81 80/80 81/79
f 80/80 79/81 82/82
f 82/82 83/83 80/80
f 82/82 83/84 80/80
f 83/84 82/82 84/85
f 85/88 86/87 87/86
f 86/87 88/89 87/86
f 89/92 90/91 91/90
f 91/90 90/91 92/93
f 90/91 93/94 92/93
f 93/94 94/95 92/93
f 87/86 91/96 85/88
f 87/86 89/97 91/96
f 95/98 88/89 86/87
f 96/99 88/89 95/98
f 95/98 94/95 96/99
f 96/99 94/95 93/94
usemtl texture1
f 97/102 98/101 99/100
f 98/101 100/103 99/100
f 101/105 102/104 97/102
f 102/104 98/101 97/102
f 103/108 104/107 105/106
f 105/106 104/107 106/109
f 99/100 105/106 106/109
f 99/100 100/103 105/106
f 101/105 107/110 102/104
f 108/111 107/110 101/105
usemtl texture2
f 98/114 109/113 100/112
f 109/113 110/115 100/112
f 111/118 112/117 105/116
f 112/117 103/119 105/116
f 110/115 111/118 100/112
f 111/118 105/116 100/112
f 102/121 113/120 98/114
f 113/120 109/113 98/114
f 107/123 114/122 102/121
f 114/122 113/120 102/121
f 115/126 116/125 117/124
f 116/125 118/126 117/124
f 119/124 116/125 115/126
f 119/124 118/126 116/125
f 120/124 121/125 122/126
f 120/124 123/126 121/125
f 122/126 121/125 124/124
f 121/125 123/126 124/124
usemtl texture3
f 70/129 125/128 73/127
f 125/128 126/130 73/127
f 127/132 97/131 125/128
f 97/131 99/133 125/128
f 74/135 128/134 70/129
f 128/134 127/132 70/129
f 129/134 130/136 127/132
f 130/136 97/131 127/132
f 126/130 131/137 73/127
f 70/129 127/132 125/128
f 126/130 104/138 131/137
f 126/130 106/139 104/138
f 125/128 106/139 126/130
f 125/128 99/133 106/139
f 76/141 132/140 74/135
f 132/140 128/134 74/135
f 129/134 108/142 130/136
f 132/140 108/142 129/134
f 133/145 134/144 135/143
f 136/146 135/143 134/144
f 137/149 138/148 139/147
f 138/148 140/150 139/147
f 141/153 137/152 142/151
f 137/152 139/154 142/151
f 140/150 138/148 143/155
f 144/156 143/155 138/148
f 144/159 145/158 143/157
f 145/158 146/160 143/157
f 145/158 147/161 146/160
f 147/161 148/162 146/160
f 149/165 150/164 151/163
f 152/168 153/167 154/166
f 154/166 153/167 155/169
f 151/163 150/164 156/170
f 155/169 136/146 154/166
f 151/163 157/172 152/171
f 150/175 158/174 156/173
f 135/143 136/146 155/169
f 152/168 159/176 153/167
f 151/163 156/170 157/172
f 152/171 157/172 159/177
f 153/167 159/176 160/178
f 156/173 158/174 161/179
f 161/179 158/174 162/180
f 157/172 138/148 159/177
f 157/172 156/170 138/148
f 159/176 137/152 160/178
f 144/159 156/173 161/179
f 159/177 138/148 137/149
f 138/148 156/170 144/156
f 160/178 137/152 141/153
f 163/181 134/144 133/145
f 145/158 161/179 162/180
f 144/159 161/179 145/158
f 164/182 134/144 163/181
f 162/180 165/183 145/158
f 166/184 164/182 163/181
f 145/158 165/183 167/185
f 168/186 164/182 166/184
f 169/189 168/188 170/187
f 168/192 166/191 171/190
f 172/194 169/189 173/193
f 170/187 168/188 171/195
f 171/195 139/147 140/150
f 167/185 147/161 145/158
f 171/195 140/150 170/187
f 171/190 166/191 174/196
f 174/196 142/151 139/154
f 174/196 139/154 171/190
f 175/197 140/150 143/155
f 175/197 169/189 170/187
f 170/187 140/150 175/197
f 173/193 169/189 175/197
f 143/157 146/160 176/198
f 143/157 176/198 175/199
f 173/201 175/199 177/200
f 177/200 175/199 176/198
f 176/198 146/160 178/202
f 176/198 178/202 177/200
f 178/202 146/160 179/203
f 146/160 148/162 180/204
f 179/203 146/160 180/204
f 181/207 182/206 183/205
f 183/205 182/206 184/208
f 185/206 186/208 182/207
f 186/208 184/205 182/207
f 187/207 181/206 188/205
f 188/205 181/206 183/208
f 185/207 187/206 186/205
f 186/205 187/206 188/208
f 189/207 190/206 191/205
f 191/205 190/206 192/208
f 193/206 194/208 190/207
f 194/208 192/205 190/207
f 195/207 189/206 196/205
f 196/205 189/206 191/208
f 193/207 195/206 194/205
f 194/205 195/206 196/208
f 197/211 198/210 199/209
f 199/209 198/210 200/212
f 201/210 202/212 198/211
f 202/212 200/209 198/211
f 203/211 197/210 204/209
f 204/209 197/210 199/212
f 201/211 203/210 202/209
f 202/209 203/210 204/212
f 205/211 206/210 207/209
f 207/209 206/210 208/212
f 209/210 210/212 206/211
f 210/212 208/209 206/211
f 211/211 205/210 212/209
f 212/209 205/210 207/212
f 209/211 211/210 210/209
f 210/209 211/210 212/212
f 213/215 214/214 215/213
f 215/213 214/214 216/216
f 217/214 218/216 214/215
f 218/216 216/213 214/215
f 217/215 219/214 218/213
f 218/213 219/214 220/216
f 221/215 222/214 223/213
f 223/213 222/214 224/216
f 225/214 226/216 222/215
f 226/216 224/213 222/215
f 225/215 227/214 226/213
f 226/213 227/214 228/216
f 229/219 230/218 231/217
f 230/218 232/220 231/217
f 233/221 232/220 230/218
f 234/222 233/221 230/218
f 230/218 229/219 235/223
f 230/218 235/223 236/224
f 237/227 238/226 239/225
f 238/226 240/228 239/225
f 241/227 242/226 243/225
f 242/226 244/228 243/225
f 245/227 246/226 247/225
f 246/226 248/228 247/225
f 249/227 250/226 251/225
f 250/226 252/228 251/225
usemtl texture4
f 253/231 148/230 254/229
f 148/230 147/232 254/229
f 255/235 158/234 256/233
f 162/236 158/234 255/235
f 257/237 162/236 255/235
f 165/238 162/236 257/237
f 258/239 165/238 257/237
f 167/240 165/238 258/239
f 167/240 258/239 254/229
f 254/229 147/232 167/240
f 177/243 259/242 260/241
f 177/243 178/244 259/242
f 261/245 259/242 178/244
f 261/245 178/244 179/246
f 253/231 180/247 148/230
f 262/248 179/246 180/247
f 262/248 261/245 179/246
f 262/248 180/247 253/231
usemtl texture5
f 263/251 264/250 265/249
f 264/250 266/252 265/249
f 263/251 264/250 265/249
f 264/250 266/252 265/249
f 264/250 263/251 267/252
f 267/252 263/251 268/249
f 264/250 263/251 267/252
f 267/252 263/251 268/249
f 230/255 269/254 234/253
f 234/253 269/254 270/256
f 230/259 236/258 269/257
f 236/258 271/260 269/257
f 235/263 272/262 236/261
f 272/262 271/264 236/261
f 235/267 273/266 272/265
f 272/265 273/266 274/268
f 238/271 275/270 240/269
f 275/270 276/272 240/269
f 275/275 277/274 276/273
f 278/275 277/274 275/273
f 279/275 276/276 277/274
f 278/272 237/269 279/270
f 237/269 239/271 279/270
f 279/275 277/274 278/273
f 280/272 241/269 281/270
f 241/269 243/271 281/270
f 281/275 282/274 280/273
f 280/275 282/274 283/273
f 281/275 284/276 282/274
f 242/271 283/270 244/269
f 283/270 284/272 244/269
f 283/275 282/274 284/273
f 246/272 249/269 248/270
f 249/269 251/271 248/270
f 250/271 245/270 252/269
f 245/270 247/272 252/269
usemtl texture6
f 285/279 149/278 286/277
f 150/280 149/278 285/279
f 172/278 287/279 288/277
f 173/280 287/279 172/278
f 289/283 290/282 291/281
f 290/282 292/284 291/281
f 290/282 293/285 292/284
f 293/285 294/286 292/284
f 295/288 289/283 296/287
f 289/283 291/281 296/287
f 293/285 295/289 294/286
f 295/289 296/290 294/286
f 297/283 298/282 299/281
f 298/282 300/284 299/281
f 298/282 301/285 300/284
f 301/285 302/286 300/284
f 303/288 297/283 304/287
f 297/283 299/281 304/287
f 301/285 303/289 302/286
f 303/289 304/290 302/286
f 305/283 306/282 307/281
f 306/282 308/284 307/281
f 305/283 307/281 309/287
f 310/283 311/282 312/281
f 311/282 313/284 312/281
f 311/282 314/285 313/284
f 314/285 315/286 313/284
f 316/288 310/283 317/287
f 310/283 312/281 317/287
f 314/285 316/289 315/286
f 316/289 317/290 315/286
f 318/283 319/282 320/281
f 319/282 321/284 320/281
f 319/282 322/285 321/284
f 322/285 323/286 321/284
f 324/288 318/283 325/287
f 318/283 320/281 325/287
f 322/285 324/289 323/286
f 324/289 325/290 323/286
f 326/283 327/282 328/281
f 327/282 329/284 328/281
f 326/283 328/281 330/287
f 331/283 332/282 333/281
f 332/282 334/284 333/281
f 332/282 335/285 334/284
f 335/285 336/286 334/284
f 337/288 331/283 338/287
f 331/283 333/281 338/287
f 335/285 337/289 336/286
f 337/289 338/290 336/286
f 339/283 340/282 341/281
f 340/282 342/284 341/281
f 340/282 343/285 342/284
f 343/285 344/286 342/284
f 345/288 339/283 346/287
f 339/283 341/281 346/287
f 343/285 345/289 344/286
f 345/289 346/290 344/286
f 347/283 348/282 349/281
f 348/282 350/284 349/281
f 347/283 349/281 351/287
usemtl texture7
f 87/293 352/292 89/291
f 89/291 352/292 353/294
f 87/293 352/292 89/291
f 89/291 352/292 353/294
f 352/292 266/295 353/294
f 353/294 266/295 264/296
f 352/292 266/295 353/294
f 353/294 266/295 264/296
f 88/298 354/297 87/293
f 87/293 354/297 352/292
f 88/298 354/297 87/293
f 87/293 354/297 352/292
f 352/292 354/297 266/295
f 354/297 265/299 266/295
f 352/292 354/297 266/295
f 354/297 265/299 266/295
f 89/302 353/301 90/300
f 90/300 353/301 355/303
f 89/302 353/301 90/300
f 90/300 353/301 355/303
f 353/301 264/304 355/303
f 355/303 264/304 267/305
f 353/301 264/304 355/303
f 355/303 264/304 267/305
f 354/297 356/306 265/299
f 356/306 263/307 265/299
f 354/297 356/306 265/299
f 356/306 263/307 265/299
f 88/298 96/226 354/297
f 96/226 356/306 354/297
f 88/298 96/226 354/297
f 96/226 356/306 354/297
f 357/297 355/303 268/299
f 355/303 267/305 268/299
f 357/297 355/303 268/299
f 355/303 267/305 268/299
f 90/300 355/303 93/298
f 355/303 357/297 93/298
f 90/300 355/303 93/298
f 355/303 357/297 93/298
f 357/297 268/299 356/308
f 356/308 268/299 263/309
f 357/297 268/299 356/308
f 356/308 268/299 263/309
f 93/298 357/297 96/227
f 96/227 357/297 356/308
f 93/298 357/297 96/227
f 96/227 357/297 356/308
f 358/312 359/311 360/310
f 359/311 361/313 360/310
f 362/312 363/311 358/310
f 363/311 359/313 358/310
f 364/315 365/310 361/314
f 365/310 360/312 361/314
f 365/312 364/311 362/310
f 364/311 363/313 362/310
f 366/312 367/311 368/310
f 367/311 369/313 368/310
f 370/312 371/311 366/310
f 371/311 367/313 366/310
f 372/315 373/310 369/314
f 373/310 368/312 369/314
f 373/312 372/311 370/310
f 372/311 371/313 370/310
f 374/318 375/317 376/316
f 375/317 377/319 376/316
f 378/318 379/317 374/316
f 379/317 375/319 374/316
f 380/321 381/316 377/320
f 381/316 376/318 377/320
f 381/318 380/317 378/316
f 380/317 379/319 378/316
f 382/318 383/317 384/316
f 383/317 385/319 384/316
f 386/318 387/317 382/316
f 387/317 383/319 382/316
f 388/321 389/316 385/320
f 389/316 384/318 385/320
f 389/318 388/317 386/316
f 388/317 387/319 386/316
f 390/324 391/323 392/322
f 391/323 393/325 392/322
f 394/327 395/322 393/326
f 395/322 392/324 393/326
f 395/324 394/323 396/322
f 394/323 397/325 396/322
f 398/324 399/323 400/322
f 399/323 401/325 400/322
f 402/327 403/322 401/326
f 403/322 400/324 401/326
f 403/324 402/323 404/322
f 402/323 405/325 404/322
f 406/330 269/329 407/328
f 407/328 269/329 271/331
f 408/334 272/333 409/332
f 409/332 272/333 274/335
usemtl texture8
f 410/338 411/337 134/336
f 136/339 134/336 411/337
f 412/342 413/341 414/340
f 413/341 415/343 414/340
f 416/345 414/340 417/344
f 414/340 415/343 417/344
f 416/345 417/344 418/346
f 417/344 419/347 418/346
f 418/350 419/349 420/348
f 419/349 421/351 420/348
f 422/353 423/352 421/351
f 420/348 421/351 423/352
f 286/356 424/355 425/354
f 285/358 286/356 426/357
f 286/356 425/354 426/357
f 253/360 254/359 422/353
f 423/352 422/353 254/359
f 412/342 425/362 424/361
f 149/365 154/364 427/363
f 285/358 426/357 428/366
f 151/367 154/364 149/365
f 154/364 411/337 427/363
f 150/369 285/358 158/368
f 426/371 425/362 429/370
f 285/358 428/366 256/372
f 285/358 256/372 158/368
f 412/342 414/340 425/362
f 151/367 152/373 154/364
f 154/364 136/339 411/337
f 429/370 430/374 426/371
f 425/362 416/345 429/370
f 416/345 425/362 414/340
f 429/370 431/375 430/374
f 429/370 416/345 431/375
f 430/374 431/375 432/376
f 164/377 410/338 134/336
f 413/341 433/378 415/343
f 164/377 434/379 410/338
f 431/375 416/345 418/346
f 413/341 435/380 433/378
f 432/376 431/375 418/346
f 433/378 417/344 415/343
f 432/376 418/346 436/381
f 164/377 172/382 434/379
f 169/383 172/382 164/377
f 437/384 417/344 433/378
f 435/387 288/386 433/385
f 418/350 420/348 436/388
f 169/383 164/377 168/389
f 433/378 438/390 437/384
f 439/391 436/388 420/348
f 437/384 440/392 417/344
f 288/386 438/393 433/385
f 440/392 419/347 417/344
f 439/391 420/348 423/352
f 437/384 438/390 441/394
f 258/395 439/391 423/352
f 441/394 440/392 437/384
f 287/396 438/393 288/386
f 258/395 423/352 254/359
f 287/396 442/397 438/393
f 419/347 440/392 443/398
f 173/400 177/399 287/396
f 287/396 260/401 442/397
f 443/398 440/392 441/394
f 287/396 177/399 260/401
f 444/402 421/351 419/349
f 419/347 443/398 444/403
f 445/404 421/351 444/402
f 445/404 422/353 421/351
f 262/405 422/353 445/404
f 262/405 253/360 422/353
f 446/408 447/407 448/406
f 447/407 449/409 448/406
f 448/406 449/409 450/410
f 449/409 451/411 450/410
f 452/413 446/408 453/412
f 446/408 448/406 453/412
f 453/412 448/406 454/414
f 448/406 450/410 454/414
f 447/407 455/415 449/409
f 455/415 456/416 449/409
f 449/409 456/416 457/417
f 449/409 457/417 451/411
f 458/420 459/419 460/418
f 459/419 461/421 460/418
f 462/423 458/420 463/422
f 458/420 460/418 463/422
f 464/426 462/425 465/424
f 462/425 463/427 465/424
f 466/426 467/425 468/428
f 467/425 469/429 468/428
f 470/419 466/426 471/430
f 466/426 468/428 471/430
f 467/423 472/420 469/431
f 472/420 473/432 469/431
f 472/420 470/419 473/432
f 470/419 471/430 473/432
f 474/426 475/425 476/433
f 475/425 477/434 476/433
f 478/419 474/426 479/435
f 474/426 476/433 479/435
f 475/423 480/420 477/436
f 480/420 481/437 477/436
f 480/420 478/419 481/437
f 478/419 479/435 481/437
usemtl texture9
f 482/440 483/439 484/438
f 485/441 483/439 482/440
f 483/439 486/442 484/438
f 485/441 487/443 483/439
usemtl texture10
f 484/446 488/445 482/444
f 484/446 489/447 488/445
f 482/444 488/445 490/448
f 482/444 490/448 485/449
f 488/445 489/447 490/448
f 485/449 490/448 487/450
f 486/452 491/451 484/446
f 484/446 492/453 489/447
f 489/447 492/453 490/448
f 484/446 491/451 492/453
f 483/455 493/454 486/452
f 486/452 494/456 491/451
f 490/448 495/457 487/450
f 493/454 494/456 486/452
f 487/450 496/458 483/455
f 492/453 495/457 490/448
f 491/451 497/459 492/453
f 491/451 498/460 497/459
f 496/458 493/454 483/455
f 494/456 499/461 491/451
f 495/457 496/458 487/450
f 492/453 497/459 495/457
f 497/459 498/460 495/457
f 493/454 500/462 494/456
f 501/463 498/460 491/451
f 500/462 499/461 494/456
f 496/458 502/464 493/454
f 491/451 499/461 503/465
f 495/457 498/460 501/463
f 502/464 496/458 495/457
f 501/463 491/451 504/466
f 502/464 500/462 493/454
f 504/466 491/451 503/465
f 500/462 503/465 499/461
f 502/464 495/457 505/467
f 495/457 501/463 505/467
f 502/464 506/468 500/462
f 503/465 500/462 506/468
f 505/467 506/468 502/464
f 507/466 508/451 509/463
f 509/463 508/451 510/460
f 511/457 512/467 510/460
f 512/467 509/463 510/460
f 426/471 513/470 428/469
f 426/471 430/472 513/470
f 428/469 255/474 256/473
f 428/469 513/470 255/474
f 508/451 514/446 515/453
f 514/446 516/447 515/453
f 514/446 517/475 518/444
f 517/475 519/476 518/444
f 520/448 511/457 516/447
f 516/447 511/457 515/453
f 430/472 521/477 513/470
f 522/478 520/448 519/476
f 519/476 520/448 518/444
f 513/470 521/477 255/474
f 430/472 432/479 521/477
f 255/474 521/477 257/480
f 432/479 439/481 521/477
f 521/477 258/482 257/480
f 432/479 436/483 439/481
f 521/477 439/481 258/482
f 523/462 524/461 525/465
f 525/465 526/468 523/462
f 527/464 523/462 526/468
f 527/464 528/454 523/462
f 523/462 529/456 524/461
f 528/454 529/456 523/462
f 530/458 528/454 527/464
f 531/455 532/452 528/454
f 528/454 532/452 529/456
f 530/458 531/455 528/454
f 512/467 527/464 526/468
f 533/450 531/455 530/458
f 508/451 525/465 524/461
f 532/452 531/455 534/484
f 531/455 533/450 534/484
f 529/456 508/451 524/461
f 438/471 535/470 441/472
f 442/469 535/470 438/471
f 527/464 511/457 530/458
f 532/452 508/451 529/456
f 507/466 525/465 508/451
f 527/464 512/467 511/457
f 511/457 533/450 530/458
f 442/469 260/473 259/474
f 442/469 259/474 535/470
f 532/452 534/484 517/475
f 441/472 535/470 536/477
f 533/450 522/478 534/484
f 441/472 536/477 443/479
f 532/452 514/446 508/451
f 259/474 536/477 535/470
f 532/452 517/475 514/446
f 520/448 533/450 511/457
f 522/478 533/450 520/448
f 443/479 445/481 444/483
f 261/480 536/477 259/474
f 537/485 517/475 534/484
f 443/479 536/477 445/481
f 522/478 537/485 534/484
f 508/451 538/459 510/460
f 538/459 511/457 510/460
f 508/451 515/453 538/459
f 262/482 536/477 261/480
f 515/453 511/457 538/459
f 262/482 445/481 536/477
f 517/475 537/485 539/486
f 517/475 539/486 519/476
f 537/485 522/478 539/486
f 539/486 522/478 519/476
f 514/446 518/444 540/445
f 514/446 540/445 516/447
f 518/444 520/448 540/445
f 540/445 520/448 516/447
usemtl texture11
f 541/489 542/488 410/487
f 411/490 410/487 542/488
f 424/493 286/492 543/491
f 149/494 543/491 286/492
f 149/494 427/495 543/491
f 543/491 412/496 424/493
f 543/491 427/495 411/490
f 543/491 411/490 542/488
f 542/488 412/496 543/491
f 542/488 541/489 412/496
f 412/496 541/489 413/497
f 544/498 541/489 410/487
f 541/489 544/498 413/497
f 544/498 410/487 434/499
f 413/497 544/498 435/500
f 172/501 544/498 434/499
f 435/500 544/498 288/502
f 172/501 288/502 544/498
usemtl texture12
f 365/505 362/504 360/503
f 362/504 358/506 360/503
f 186/509 188/508 184/507
f 188/508 183/510 184/507
f 373/505 370/504 368/503
f 370/504 366/506 368/503
f 194/509 196/508 192/507
f 196/508 191/510 192/507
f 381/513 378/512 376/511
f 378/512 374/514 376/511
f 202/517 204/516 200/515
f 204/516 199/518 200/515
f 389/513 386/512 384/511
f 386/512 382/514 384/511
f 210/517 212/516 208/515
f 212/516 207/518 208/515
f 395/521 396/520 392/519
f 396/520 390/522 392/519
f 218/525 220/524 216/523
f 220/524 215/526 216/523
f 403/521 404/520 400/519
f 404/520 398/522 400/519
f 226/525 228/524 224/523
f 228/524 223/526 224/523
f 631/529 632/528 633/527
f 632/528 634/530 633/527
f 635/529 636/528 637/527
f 636/528 638/530 637/527
f 639/529 640/528 641/527
f 640/528 642/530 641/527
f 278/533 275/532 237/531
f 275/532 238/534 237/531
f 280/533 283/532 241/531
f 283/532 242/534 241/531
f 246/533 245/532 249/531
f 245/532 250/534 249/531
usemtl texture13
f 545/537 546/536 547/535
f 546/536 548/538 547/535
f 548/538 549/539 547/535
f 549/539 550/540 547/535
f 551/542 552/541 547/535
f 552/541 545/537 547/535
f 553/543 551/542 550/540
f 551/542 547/535 550/540
f 546/536 554/544 548/538
f 554/544 555/545 548/538
f 548/538 555/545 549/539
f 555/545 556/546 549/539
f 555/545 554/544 551/547
f 554/544 552/548 551/547
f 553/549 556/546 551/547
f 556/546 555/545 551/547
f 557/537 558/536 559/535
f 558/536 560/538 559/535
f 560/538 561/539 559/535
f 561/539 562/540 559/535
f 563/543 564/542 562/540
f 564/542 559/535 562/540
f 564/542 565/541 559/535
f 565/541 557/537 559/535
f 558/536 566/544 560/538
f 566/544 567/545 560/538
f 560/538 567/545 561/539
f 567/545 568/546 561/539
f 567/545 566/544 564/547
f 566/544 565/548 564/547
f 563/549 568/546 564/547
f 568/546 567/545 564/547
f 569/552 570/551 571/550
f 570/551 572/553 571/550
f 572/553 573/539 571/550
f 573/539 574/540 571/550
f 575/543 576/554 574/540
f 576/554 571/550 574/540
f 576/554 577/555 571/550
f 577/555 569/552 571/550
f 570/551 578/556 572/553
f 578/556 579/557 572/553
f 572/553 579/557 573/539
f 579/557 580/546 573/539
f 579/557 578/556 576/558
f 578/556 577/559 576/558
f 575/549 580/546 576/558
f 580/546 579/557 576/558
f 581/552 582/551 583/550
f 582/551 584/553 583/550
f 584/553 585/539 583/550
f 585/539 586/540 583/550
f 587/554 588/555 583/550
f 588/555 581/552 583/550
f 589/543 587/554 586/540
f 587/554 583/550 586/540
f 582/551 590/556 584/553
f 590/556 591/557 584/553
f 584/553 591/557 585/539
f 591/557 592/546 585/539
f 591/557 590/556 587/558
f 590/556 588/559 587/558
f 589/549 592/546 587/558
f 592/546 591/557 587/558
f 593/562 594/561 595/560
f 594/561 596/563 595/560
f 596/563 597/539 595/560
f 597/539 598/540 595/560
f 599/543 600/564 598/540
f 600/564 595/560 598/540
f 600/564 601/565 595/560
f 601/565 593/562 595/560
f 602/568 603/567 600/566
f 603/567 601/569 600/566
f 599/549 604/546 600/566
f 604/546 602/568 600/566
f 605/562 606/561 607/560
f 606/561 608/563 607/560
f 608/563 609/539 607/560
f 609/539 610/540 607/560
f 611/564 612/565 607/560
f 612/565 605/562 607/560
f 613/543 611/564 610/540
f 611/564 607/560 610/540
f 614/568 615/567 611/566
f 615/567 612/569 611/566
f 613/549 616/546 611/566
f 616/546 614/568 611/566
f 451/572 617/571 450/570
f 450/570 617/571 618/573
f 454/575 450/570 619/574
f 450/570 618/573 619/574
f 617/571 620/577 621/576
f 617/571 451/572 620/577
f 451/572 457/578 620/577
f 620/577 457/578 622/578
f 623/581 120/580 624/579
f 625/584 624/583 122/582
f 623/581 626/585 120/580
f 122/582 624/583 120/586
f 120/580 626/585 123/587
f 625/584 122/582 627/588
f 123/591 626/590 628/589
f 124/594 627/593 122/592
f 123/591 629/596 124/595
f 124/594 630/597 627/593
f 123/591 628/589 629/596
f 124/594 629/598 630/597
usemtl texture14
f 291/601 292/600 296/599
f 292/600 294/602 296/599
f 299/601 300/600 304/599
f 300/600 302/602 304/599
f 312/601 313/600 317/599
f 313/600 315/602 317/599
f 320/601 321/600 325/599
f 321/600 323/602 325/599
f 333/601 334/600 338/599
f 334/600 336/602 338/599
f 341/601 342/600 346/599
f 342/600 344/602 346/599
usemtl texture15
f 643/605 644/604 645/603
f 646/603 644/604 643/605
f 645/603 647/604 643/605
f 643/605 647/604 646/603
f 648/605 649/604 650/603
f 651/603 649/604 648/605
f 650/603 652/604 648/605
f 648/605 652/604 651/603
f 653/605 654/604 655/603
f 656/603 654/604 653/605
f 657/605 658/604 659/603
f 660/603 658/604 657/605
f 659/603 661/604 657/605
f 657/605 661/604 660/603
f 662/605 663/604 664/603
f 665/603 663/604 662/605
f 664/603 666/604 662/605
f 662/605 666/604 665/603
f 667/605 668/604 669/603
f 670/603 668/604 667/605
f 671/605 672/604 673/603
f 674/603 672/604 671/605
f 673/603 675/604 671/605
f 671/605 675/604 674/603
f 676/605 677/604 678/603
f 679/603 677/604 676/605
f 678/603 680/604 676/605
f 676/605 680/604 679/603
f 681/605 682/604 683/603
f 684/603 682/604 681/605
f 685/608 686/607 687/606
f 686/607 688/609 687/606
f 689/611 688/609 690/610
f 688/609 686/607 690/610
f 687/606 689/611 685/608
f 689/611 690/610 685/608
f 691/608 692/607 693/606
f 692/607 694/609 693/606
f 695/611 694/609 696/610
f 694/609 692/607 696/610
f 693/606 695/611 691/608
f 695/611 696/610 691/608
f 697/608 698/607 699/606
f 698/607 700/609 699/606
f 701/611 700/609 702/610
f 700/609 698/607 702/610
f 699/606 701/611 697/608
f 701/611 702/610 697/608
usemtl texture16
f 631/614 633/613 703/612
f 633/613 704/615 703/612
f 703/612 632/616 631/614
f 633/619 634/618 704/617
f 635/614 637/613 705/612
f 637/613 706/615 705/612
f 637/619 638/618 706/617
f 705/612 636/616 635/614
f 639/614 641/613 707/612
f 641/613 708/615 707/612
f 707/612 640/616 639/614
usemtl texture17
f 618/622 617/621 709/620
f 617/621 710/623 709/620
f 619/625 618/622 711/624
f 618/622 709/620 711/624
f 617/621 621/626 710/623
f 621/626 712/627 710/623
usemtl texture18
f 240/630 276/629 458/628
f 276/629 459/631 458/628
f 239/633 240/630 462/632
f 240/630 458/628 462/632
f 279/636 239/635 464/634
f 239/635 462/637 464/634
f 281/636 243/635 466/634
f 243/635 467/637 466/634
f 243/633 244/630 467/632
f 244/630 472/628 467/632
f 284/629 281/636 470/631
f 281/636 466/634 470/631
f 244/630 284/629 472/628
f 284/629 470/631 472/628
f 248/636 251/635 474/634
f 251/635 475/637 474/634
f 247/629 248/636 478/631
f 248/636 474/634 478/631
f 251/633 252/630 475/632
f 252/630 480/628 475/632
f 252/630 247/629 480/628
f 247/629 478/631 480/628
g Object_3
usemtl mat1
f 715/638 714/72 713/73
f 714/72 715/638 716/639
f 716/639 717/640 714/72
f 713/73 718/641 715/638
f 721/644 720/643 719/642
f 720/643 721/644 722/81
f 722/81 723/79 720/643
f 726/88 725/87 724/86
f 725/87 727/89 724/86
f 730/92 729/91 728/90
f 728/90 729/91 731/93
f 729/91 732/94 731/93
f 732/94 733/95 731/93
f 724/86 728/96 726/88
f 734/98 727/89 725/87
f 724/86 730/97 728/96
f 735/99 727/89 734/98
f 734/98 733/95 735/99
f 735/99 733/95 732/94
usemtl texture1
f 738/647 737/646 736/645
f 736/645 737/646 739/648
usemtl texture2
f 739/651 740/650 736/649
f 740/650 741/652 736/649
f 744/124 743/125 742/126
f 744/124 745/126 743/125
f 742/126 743/125 746/124
f 743/125 745/126 746/124
usemtl texture3
f 713/655 747/654 718/653
f 748/657 747/656 713/655
f 747/656 748/657 749/658
f 748/657 737/659 749/658
f 749/658 737/659 738/660
f 752/145 751/144 750/143
f 753/146 750/143 751/144
f 756/149 755/148 754/147
f 755/148 757/150 754/147
f 759/153 756/152 758/151
f 756/152 754/154 758/151
f 757/150 755/148 760/155
f 761/156 760/155 755/148
f 761/159 762/158 760/157
f 762/158 763/160 760/157
f 762/158 764/161 763/160
f 764/161 765/162 763/160
f 766/181 751/144 752/145
f 750/143 753/146 767/169
f 768/182 751/144 766/181
f 767/169 753/146 769/166
f 770/184 768/182 766/181
f 769/166 771/167 767/169
f 774/194 773/189 772/193
f 777/165 776/164 775/163
f 778/186 768/182 770/184
f 779/168 771/167 769/166
f 773/189 778/188 780/187
f 775/163 781/172 779/171
f 778/192 770/191 782/190
f 779/168 783/176 771/167
f 772/193 773/189 784/197
f 775/163 776/164 785/170
f 780/187 778/188 782/195
f 779/171 781/172 783/177
f 775/163 785/170 781/172
f 784/197 773/189 780/187
f 782/190 770/191 786/196
f 771/167 783/176 787/178
f 772/201 784/199 788/200
f 776/175 789/174 785/173
f 782/195 757/150 780/187
f 781/172 755/148 783/177
f 785/173 789/174 790/179
f 788/200 784/199 791/198
f 781/172 785/170 755/148
f 780/187 757/150 784/197
f 786/196 754/154 782/190
f 783/176 756/152 787/178
f 782/195 754/147 757/150
f 783/177 755/148 756/149
f 761/159 785/173 790/179
f 760/157 791/198 784/199
f 790/179 789/174 792/180
f 791/198 793/202 788/200
f 786/196 758/151 754/154
f 787/178 756/152 759/153
f 784/197 757/150 760/155
f 755/148 785/170 761/156
f 760/157 763/160 791/198
f 761/159 790/179 762/158
f 791/198 763/160 793/202
f 762/158 790/179 792/180
f 793/202 763/160 794/203
f 792/180 795/183 762/158
f 794/203 763/160 796/204
f 762/158 795/183 797/185
f 763/160 765/162 796/204
f 797/185 764/161 762/158
f 800/215 799/214 798/213
f 798/213 799/214 801/216
f 804/215 803/214 802/213
f 802/213 803/214 805/216
f 808/214 807/215 806/216
f 809/213 806/216 807/215
f 807/214 810/215 809/216
f 811/213 809/216 810/215
f 810/214 812/215 811/216
f 813/213 811/216 812/215
f 816/214 815/215 814/216
f 817/213 814/216 815/215
f 815/214 818/215 817/216
f 819/213 817/216 818/215
f 818/214 820/215 819/216
f 821/213 819/216 820/215
f 824/662 823/219 822/661
f 823/219 825/217 822/661
f 827/223 823/219 826/663
f 823/219 824/662 826/663
f 827/223 826/663 828/664
f 826/663 829/665 828/664
usemtl texture4
f 831/231 765/230 830/229
f 765/230 764/232 830/229
f 788/243 833/242 832/241
f 835/235 789/234 834/233
f 788/243 793/244 833/242
f 792/236 789/234 835/235
f 836/237 792/236 835/235
f 837/245 833/242 793/244
f 795/238 792/236 836/237
f 837/245 793/244 794/246
f 838/239 795/238 836/237
f 839/248 837/245 794/246
f 839/248 794/246 796/247
f 797/240 795/238 838/239
f 830/229 764/232 797/240
f 831/231 796/247 765/230
f 839/248 796/247 831/231
f 797/240 838/239 830/229
usemtl texture5
f 842/251 841/250 840/249
f 841/250 843/252 840/249
f 841/250 842/251 844/252
f 844/252 842/251 845/249
f 826/668 846/667 829/666
f 829/666 846/667 847/669
f 847/672 848/671 829/670
f 828/673 829/670 848/671
f 851/272 850/269 849/270
f 850/269 852/271 849/270
f 849/275 853/274 851/273
f 851/275 853/274 854/273
f 849/275 855/276 853/274
f 857/271 854/270 856/269
f 854/270 855/272 856/269
f 854/275 853/274 855/273
usemtl texture6
f 774/278 859/279 858/277
f 861/279 777/278 860/277
f 772/280 859/279 774/278
f 776/280 777/278 861/279
f 864/283 863/281 862/282
f 863/281 865/284 862/282
f 867/288 866/287 864/283
f 866/287 863/281 864/283
f 862/282 865/284 868/285
f 865/284 869/286 868/285
f 868/285 869/286 867/289
f 869/286 866/290 867/289
f 872/283 871/281 870/282
f 871/281 873/284 870/282
f 875/288 874/287 872/283
f 874/287 871/281 872/283
f 870/282 873/284 876/285
f 873/284 877/286 876/285
f 876/285 877/286 875/289
f 877/286 874/290 875/289
f 880/283 879/281 878/282
f 879/281 881/284 878/282
f 882/287 879/281 880/283
usemtl texture7
f 727/298 883/297 724/293
f 724/293 883/297 884/292
f 884/292 883/297 843/295
f 883/297 840/299 843/295
f 724/293 884/292 730/291
f 730/291 884/292 885/294
f 735/226 886/306 727/298
f 727/298 886/306 883/297
f 884/292 843/295 885/294
f 885/294 843/295 841/296
f 883/297 886/306 840/299
f 886/306 842/307 840/299
f 885/301 841/304 887/303
f 887/303 841/304 844/305
f 888/297 845/299 886/308
f 886/308 845/299 842/309
f 730/302 885/301 729/300
f 729/300 885/301 887/303
f 732/298 888/297 735/227
f 735/227 888/297 886/308
f 888/297 887/303 845/299
f 887/303 844/305 845/299
f 729/300 887/303 732/298
f 887/303 888/297 732/298
f 891/324 890/323 889/322
f 890/323 892/325 889/322
f 895/324 894/323 893/322
f 894/323 896/325 893/322
f 899/324 898/322 897/323
f 898/322 900/325 897/323
f 902/324 899/322 901/323
f 899/322 897/325 901/323
f 904/327 900/326 903/322
f 900/326 898/324 903/322
f 903/324 902/322 904/323
f 902/322 901/325 904/323
f 907/324 906/322 905/323
f 906/322 908/325 905/323
f 910/324 907/322 909/323
f 907/322 905/325 909/323
f 912/327 908/326 911/322
f 908/326 906/324 911/322
f 911/324 910/322 912/323
f 910/322 909/325 912/323
f 914/676 913/675 846/674
f 913/675 847/677 846/674
usemtl texture8
f 916/338 915/337 751/336
f 753/339 751/336 915/337
f 919/342 918/341 917/340
f 918/341 920/343 917/340
f 922/345 917/340 921/344
f 917/340 920/343 921/344
f 922/345 921/344 923/346
f 921/344 924/347 923/346
f 923/350 924/349 925/348
f 924/349 926/351 925/348
f 769/364 915/337 927/363
f 768/377 928/379 916/338
f 918/341 930/380 929/378
f 919/342 932/362 931/361
f 918/341 929/378 920/343
f 919/342 917/340 932/362
f 768/377 916/338 751/336
f 769/364 753/339 915/337
f 934/353 933/352 926/351
f 925/348 926/351 933/352
f 768/377 774/382 928/379
f 777/365 769/364 927/363
f 930/387 858/386 929/385
f 860/356 931/355 932/354
f 773/383 774/382 768/377
f 775/367 769/364 777/365
f 922/345 932/362 917/340
f 929/378 921/344 920/343
f 858/386 935/393 929/385
f 860/356 932/354 936/357
f 773/383 768/377 778/389
f 775/367 779/373 769/364
f 936/371 932/362 937/370
f 929/378 935/390 938/384
f 831/360 830/359 934/353
f 933/352 934/353 830/359
f 861/358 860/356 936/357
f 859/396 935/393 858/386
f 932/362 922/345 937/370
f 938/384 921/344 929/378
f 861/358 936/357 939/366
f 859/396 940/397 935/393
f 937/370 941/374 936/371
f 938/384 935/390 942/394
f 772/400 788/399 859/396
f 776/369 861/358 789/368
f 859/396 832/401 940/397
f 861/358 939/366 834/372
f 859/396 788/399 832/401
f 861/358 834/372 789/368
f 937/370 922/345 943/375
f 938/384 944/392 921/344
f 937/370 943/375 941/374
f 942/394 944/392 938/384
f 943/375 922/345 923/346
f 944/392 924/347 921/344
f 941/374 943/375 945/376
f 946/398 944/392 942/394
f 924/347 944/392 946/398
f 945/376 943/375 923/346
f 945/376 923/346 947/381
f 924/347 946/398 948/403
f 923/350 925/348 947/388
f 948/402 926/351 924/349
f 949/391 947/388 925/348
f 950/404 926/351 948/402
f 949/391 925/348 933/352
f 950/404 934/353 926/351
f 838/395 949/391 933/352
f 839/405 934/353 950/404
f 838/395 933/352 830/359
f 839/405 831/360 934/353
f 953/426 952/425 951/424
f 952/425 954/427 951/424
f 956/419 953/426 955/421
f 953/426 951/424 955/421
f 958/420 956/419 957/418
f 956/419 955/421 957/418
f 961/419 960/426 959/421
f 960/426 962/424 959/421
usemtl texture10
f 965/475 964/446 963/476
f 964/446 966/444 963/476
f 969/446 968/475 967/444
f 968/475 970/476 967/444
f 972/448 971/478 966/444
f 963/476 966/444 971/478
f 974/478 973/448 970/476
f 970/476 973/448 967/444
f 964/446 976/451 975/447
f 976/451 977/453 975/447
f 979/451 969/446 978/453
f 969/446 980/447 978/453
f 982/466 981/463 976/451
f 981/463 983/460 976/451
f 985/466 979/451 984/463
f 984/463 979/451 986/460
f 987/457 972/448 977/453
f 975/447 977/453 972/448
f 973/448 988/457 980/447
f 980/447 988/457 978/453
f 987/457 983/460 989/467
f 983/460 981/463 989/467
f 988/457 990/467 986/460
f 990/467 984/463 986/460
f 993/452 992/484 991/455
f 996/452 995/455 994/484
f 991/455 992/484 997/450
f 993/452 965/475 992/484
f 995/455 998/450 994/484
f 996/452 994/484 968/475
f 991/455 999/454 993/452
f 995/455 996/452 1000/454
f 999/454 1001/456 993/452
f 1000/454 996/452 1002/456
f 1003/485 992/484 965/475
f 1004/485 968/475 994/484
f 997/450 992/484 971/478
f 997/450 1005/458 991/455
f 998/450 974/478 994/484
f 998/450 995/455 1006/458
f 1005/458 999/454 991/455
f 993/452 964/446 965/475
f 971/478 992/484 1003/485
f 1006/458 995/455 1000/454
f 996/452 968/475 969/446
f 974/478 1004/485 994/484
f 999/454 1007/462 1001/456
f 1000/454 1002/456 1008/462
f 1007/462 1009/461 1001/456
f 1008/462 1002/456 1010/461
f 993/452 1001/456 976/451
f 996/452 979/451 1002/456
f 965/475 1011/486 1003/485
f 968/475 1004/485 1012/486
f 1013/464 1007/462 999/454
f 965/475 963/476 1011/486
f 1014/464 1000/454 1008/462
f 1005/458 1013/464 999/454
f 968/475 1012/486 970/476
f 1006/458 1000/454 1014/464
f 1007/462 1015/465 1009/461
f 993/452 976/451 964/446
f 1003/485 1011/486 971/478
f 1008/462 1010/461 1016/465
f 996/452 969/446 979/451
f 1004/485 974/478 1012/486
f 1001/456 1009/461 976/451
f 1011/486 963/476 971/478
f 1002/456 979/451 1010/461
f 971/478 972/448 997/450
f 1012/486 974/478 970/476
f 974/478 998/450 973/448
f 1013/464 1017/468 1007/462
f 1014/464 1008/462 1018/468
f 1015/465 1007/462 1017/468
f 1016/465 1018/468 1008/462
f 976/451 1009/461 1015/465
f 987/457 1005/458 997/450
f 979/451 1016/465 1010/461
f 988/457 998/450 1006/458
f 964/446 1019/445 966/444
f 969/446 967/444 1020/445
f 964/446 975/447 1019/445
f 969/446 1020/445 980/447
f 1013/464 1005/458 987/457
f 972/448 987/457 997/450
f 1014/464 988/457 1006/458
f 973/448 998/450 988/457
f 982/466 976/451 1015/465
f 989/467 1017/468 1013/464
f 966/444 1019/445 972/448
f 985/466 1016/465 979/451
f 990/467 1014/464 1018/468
f 967/444 973/448 1020/445
f 1019/445 975/447 972/448
f 1020/445 973/448 980/447
f 1013/464 987/457 989/467
f 1014/464 990/467 988/457
f 976/451 983/460 1021/459
f 976/451 1021/459 977/453
f 979/451 1022/459 986/460
f 979/451 978/453 1022/459
f 1021/459 983/460 987/457
f 977/453 1021/459 987/457
f 1022/459 988/457 986/460
f 978/453 988/457 1022/459
f 940/469 1023/470 935/471
f 936/471 1024/470 939/469
f 936/471 941/472 1024/470
f 935/471 1023/470 942/472
f 940/469 832/473 833/474
f 939/469 835/474 834/473
f 940/469 833/474 1023/470
f 939/469 1024/470 835/474
f 942/472 1023/470 1025/477
f 941/472 1026/477 1024/470
f 833/474 1025/477 1023/470
f 1024/470 1026/477 835/474
f 941/472 945/479 1026/477
f 942/472 1025/477 946/479
f 837/480 1025/477 833/474
f 835/474 1026/477 836/480
f 945/479 949/481 1026/477
f 946/479 1025/477 950/481
f 945/479 947/483 949/481
f 946/479 950/481 948/483
f 839/482 1025/477 837/480
f 1026/477 838/482 836/480
f 839/482 950/481 1025/477
f 1026/477 949/481 838/482
usemtl texture11
f 1028/489 1027/488 916/487
f 915/490 916/487 1027/488
f 1027/488 1028/489 919/496
f 919/496 1028/489 918/497
f 1029/491 915/490 1027/488
f 1030/498 1028/489 916/487
f 1028/489 1030/498 918/497
f 1027/488 919/496 1029/491
f 1029/491 927/495 915/490
f 1030/498 916/487 928/499
f 918/497 1030/498 930/500
f 1029/491 919/496 931/493
f 774/501 1030/498 928/499
f 777/494 927/495 1029/491
f 930/500 1030/498 858/502
f 931/493 860/492 1029/491
f 774/501 858/502 1030/498
f 777/494 1029/491 860/492
usemtl texture13
f 1033/561 1032/567 1031/563
f 1032/567 1034/568 1031/563
f 1031/563 1034/568 1035/539
f 1034/568 1036/546 1035/539
f 1039/561 1038/567 1037/563
f 1038/567 1040/568 1037/563
f 1037/563 1040/568 1041/539
f 1040/568 1042/546 1041/539
f 1045/567 1044/568 1043/561
f 1044/568 1046/563 1043/561
f 1046/563 1044/568 1047/539
f 1044/568 1048/546 1047/539
f 1050/566 1044/568 1049/569
f 1044/568 1045/567 1049/569
f 1051/549 1048/546 1050/566
f 1048/546 1044/568 1050/566
f 1043/561 1046/563 1052/562
f 1046/563 1053/560 1052/562
f 1046/563 1047/539 1053/560
f 1047/539 1054/540 1053/560
f 1053/560 1050/564 1052/562
f 1050/564 1049/565 1052/562
f 1051/543 1050/564 1054/540
f 1050/564 1053/560 1054/540
f 1057/567 1056/568 1055/561
f 1056/568 1058/563 1055/561
f 1058/563 1056/568 1059/539
f 1056/568 1060/546 1059/539
f 1062/566 1056/568 1061/569
f 1056/568 1057/567 1061/569
f 1063/549 1060/546 1062/566
f 1060/546 1056/568 1062/566
f 1055/561 1058/563 1064/562
f 1058/563 1065/560 1064/562
f 1058/563 1059/539 1065/560
f 1059/539 1066/540 1065/560
f 1065/560 1062/564 1064/562
f 1062/564 1061/565 1064/562
f 1063/543 1062/564 1066/540
f 1062/564 1065/560 1066/540
f 1068/581 744/580 1067/579
f 1069/584 1067/583 742/582
f 1068/581 1070/585 744/580
f 742/582 1067/583 744/586
f 744/580 1070/585 745/587
f 1069/584 742/582 1071/588
f 745/591 1070/590 1072/589
f 746/594 1071/593 742/592
f 745/591 1073/596 746/595
f 746/594 1074/597 1071/593
f 745/591 1072/589 1073/596
f 746/594 1073/598 1074/597
f 1077/594 1076/598 1075/597
f 1079/591 1078/589 1076/596
f 1077/594 1075/597 1080/593
f 1079/591 1076/596 1077/595
f 1077/594 1080/593 1081/592
f 1079/591 1082/590 1078/589
f 1083/584 1081/582 1080/588
f 1084/580 1082/585 1079/587
f 1081/582 1085/583 1084/586
f 1083/584 1085/583 1081/582
f 1086/581 1082/585 1084/580
f 1086/581 1084/580 1085/579
usemtl texture12
f 903/521 898/519 902/520
f 898/519 899/522 902/520
f 813/525 806/523 811/524
f 806/523 809/526 811/524
f 911/521 906/519 910/520
f 906/519 907/522 910/520
f 821/525 814/523 819/524
f 814/523 817/526 819/524
f 1089/533 1088/678 1087/531
f 1088/678 1090/679 1087/531
f 851/533 854/532 850/531
f 854/532 857/534 850/531
usemtl texture14
f 863/601 866/599 865/600
f 866/599 869/602 865/600
f 871/601 874/599 873/600
f 874/599 877/602 873/600
usemtl texture15
f 1093/605 1092/603 1091/604
f 1094/603 1093/605 1091/604
f 1092/603 1093/605 1095/604
f 1093/605 1094/603 1095/604
f 1098/605 1097/603 1096/604
f 1099/603 1098/605 1096/604
f 1097/603 1098/605 1100/604
f 1098/605 1099/603 1100/604
f 1103/605 1102/603 1101/604
f 1104/603 1103/605 1101/604
f 1107/606 1106/611 1105/608
f 1106/611 1108/610 1105/608
f 1106/611 1109/609 1108/610
f 1109/609 1110/607 1108/610
f 1105/608 1110/607 1107/606
f 1110/607 1109/609 1107/606
usemtl texture16
f 1090/682 1088/681 1111/680
f 1088/681 1112/683 1111/680
f 1111/680 1087/684 1090/682
f 1089/685 1112/683 1088/681
f 1115/619 1114/618 1113/617
usemtl texture18
f 849/636 852/635 953/634
f 852/635 952/637 953/634
f 855/629 849/636 956/631
f 849/636 953/634 956/631
f 856/630 855/629 958/628
f 855/629 956/631 958/628
f 1117/629 1116/636 961/631
f 1116/636 960/634 961/631
g Object_4
usemtl mat1
f 1120/638 1119/686 1118/639
f 1121/641 1119/686 1120/638
f 1119/686 1121/641 1122/687
f 1122/687 1123/688 1119/686
f 1123/688 1122/687 1124/689
f 1125/690 1124/689 1122/687
f 1124/689 1125/690 1126/691
f 1126/691 1125/690 1127/692
f 1125/690 1128/693 1127/692
f 1128/693 1125/690 1129/694
f 1132/697 1131/696 1130/695
f 1131/696 1132/697 1133/644
f 1133/644 1134/642 1131/696
f 1137/88 1136/87 1135/86
f 1136/87 1138/89 1135/86
f 1141/91 1140/94 1139/93
f 1140/94 1142/95 1139/93
f 1144/92 1141/91 1143/90
f 1143/90 1141/91 1139/93
f 1145/98 1138/89 1136/87
f 1146/99 1138/89 1145/98
f 1145/98 1142/95 1146/99
f 1146/99 1142/95 1140/94
f 1135/86 1143/96 1137/88
f 1135/86 1144/97 1143/96
usemtl texture1
f 1149/700 1148/699 1147/698
f 1148/699 1150/701 1147/698
f 1147/698 1150/701 1151/702
f 1150/701 1152/703 1151/702
f 1154/647 1153/645 1149/700
f 1149/700 1153/645 1148/699
f 1151/702 1152/703 1155/704
f 1151/702 1155/704 1156/705
usemtl texture2
f 1153/649 1157/652 1148/706
f 1157/652 1158/707 1148/706
f 1148/706 1158/707 1150/708
f 1158/707 1159/709 1150/708
f 1150/708 1159/709 1152/710
f 1159/709 1160/711 1152/710
f 1152/710 1160/711 1155/712
f 1160/711 1161/713 1155/712
f 1164/126 1163/125 1162/124
f 1163/125 1165/126 1162/124
f 1166/124 1163/125 1164/126
f 1166/124 1165/126 1163/125
usemtl texture3
f 1167/654 1122/714 1121/653
f 1122/714 1167/654 1168/658
f 1168/658 1169/715 1122/714
f 1169/715 1149/717 1170/716
f 1149/717 1147/718 1170/716
f 1122/714 1170/716 1125/719
f 1170/716 1171/720 1125/719
f 1170/716 1147/718 1172/720
f 1147/718 1173/721 1172/720
f 1122/714 1169/715 1170/716
f 1168/658 1154/660 1169/715
f 1169/715 1154/660 1149/717
f 1125/719 1171/720 1129/722
f 1171/720 1174/723 1129/722
f 1172/720 1173/721 1156/724
f 1172/720 1156/724 1174/723
f 1177/145 1176/144 1175/143
f 1178/146 1175/143 1176/144
f 1181/149 1180/148 1179/147
f 1180/148 1182/150 1179/147
f 1184/153 1181/152 1183/151
f 1181/152 1179/154 1183/151
f 1182/150 1180/148 1185/155
f 1186/156 1185/155 1180/148
f 1186/159 1187/158 1185/157
f 1187/158 1188/160 1185/157
f 1187/158 1189/161 1188/160
f 1189/161 1190/162 1188/160
f 1193/194 1192/189 1191/193
f 1196/186 1195/182 1194/184
f 1194/184 1195/182 1197/181
f 1191/193 1192/189 1198/197
f 1195/182 1176/144 1197/181
f 1192/189 1196/188 1199/187
f 1191/201 1198/199 1200/200
f 1197/181 1176/144 1177/145
f 1196/192 1194/191 1201/190
f 1198/197 1192/189 1199/187
f 1199/187 1196/188 1201/195
f 1201/190 1194/191 1202/196
f 1200/200 1198/199 1203/198
f 1203/198 1204/202 1200/200
f 1201/195 1182/150 1199/187
f 1199/187 1182/150 1198/197
f 1202/196 1179/154 1201/190
f 1185/157 1203/198 1198/199
f 1201/195 1179/147 1182/150
f 1198/197 1182/150 1185/155
f 1202/196 1183/151 1179/154
f 1175/143 1178/146 1205/169
f 1203/198 1188/160 1204/202
f 1185/157 1188/160 1203/198
f 1205/169 1178/146 1206/166
f 1204/202 1188/160 1207/203
f 1206/166 1208/167 1205/169
f 1207/203 1188/160 1209/204
f 1210/168 1208/167 1206/166
f 1212/163 1211/172 1210/171
f 1210/168 1213/176 1208/167
f 1215/165 1214/164 1212/163
f 1210/171 1211/172 1213/177
f 1213/177 1180/148 1181/149
f 1188/160 1190/162 1209/204
f 1211/172 1180/148 1213/177
f 1216/178 1181/152 1184/153
f 1208/167 1213/176 1216/178
f 1213/176 1181/152 1216/178
f 1180/148 1217/170 1186/156
f 1212/163 1217/170 1211/172
f 1211/172 1217/170 1180/148
f 1212/163 1214/164 1217/170
f 1186/159 1217/173 1218/179
f 1186/159 1218/179 1187/158
f 1214/175 1219/174 1217/173
f 1217/173 1219/174 1218/179
f 1187/158 1218/179 1220/180
f 1218/179 1219/174 1220/180
f 1220/180 1221/183 1187/158
f 1222/185 1189/161 1187/158
f 1187/158 1221/183 1222/185
f 1225/206 1224/207 1223/208
f 1226/205 1223/208 1224/207
f 1224/206 1227/207 1226/208
f 1228/205 1226/208 1227/207
f 1230/206 1225/207 1229/208
f 1225/207 1223/205 1229/208
f 1227/206 1230/207 1228/208
f 1229/205 1228/208 1230/207
f 1233/206 1232/207 1231/208
f 1234/205 1231/208 1232/207
f 1236/206 1233/207 1235/208
f 1233/207 1231/205 1235/208
f 1232/206 1237/207 1234/208
f 1238/205 1234/208 1237/207
f 1237/206 1236/207 1238/208
f 1235/205 1238/208 1236/207
f 1241/210 1240/211 1239/212
f 1242/209 1239/212 1240/211
f 1244/210 1241/211 1243/212
f 1241/211 1239/209 1243/212
f 1240/210 1245/211 1242/212
f 1246/209 1242/212 1245/211
f 1245/210 1244/211 1246/212
f 1243/209 1246/212 1244/211
f 1249/210 1248/211 1247/212
f 1250/209 1247/212 1248/211
f 1252/210 1249/211 1251/212
f 1249/211 1247/209 1251/212
f 1248/210 1253/211 1250/212
f 1254/209 1250/212 1253/211
f 1253/210 1252/211 1254/212
f 1251/209 1254/212 1252/211
f 1257/214 1256/215 1255/216
f 1256/215 1258/213 1255/216
f 1261/214 1260/215 1259/216
f 1260/215 1262/213 1259/216
f 1265/726 1264/725 1263/661
f 1264/725 1266/662 1263/661
f 1267/727 1264/725 1265/726
f 1267/727 1268/728 1264/725
f 1266/662 1264/725 1269/663
f 1269/663 1264/725 1270/729
f 1273/227 1272/226 1271/225
f 1272/226 1274/228 1271/225
f 1277/227 1276/226 1275/225
f 1276/226 1278/228 1275/225
f 1281/227 1280/226 1279/225
f 1280/226 1282/228 1279/225
f 1285/227 1284/226 1283/225
f 1284/226 1286/228 1283/225
usemtl texture4
f 1288/231 1190/230 1287/229
f 1190/230 1189/232 1287/229
f 1200/243 1290/242 1289/241
f 1200/243 1204/244 1290/242
f 1291/245 1290/242 1204/244
f 1291/245 1204/244 1207/246
f 1292/248 1291/245 1207/246
f 1292/248 1207/246 1209/247
f 1292/248 1209/247 1288/231
f 1288/231 1209/247 1190/230
f 1294/235 1219/234 1293/233
f 1220/236 1219/234 1294/235
f 1295/237 1220/236 1294/235
f 1221/238 1220/236 1295/237
f 1287/229 1189/232 1222/240
f 1222/240 1221/238 1296/239
f 1296/239 1221/238 1295/237
f 1222/240 1296/239 1287/229
usemtl texture5
f 1299/251 1298/250 1297/249
f 1298/250 1300/252 1297/249
f 1298/250 1299/251 1301/252
f 1301/252 1299/251 1302/249
f 1264/732 1268/731 1303/730
f 1268/731 1304/733 1303/730
f 1305/736 1270/735 1303/734
f 1303/734 1270/735 1264/737
f 1269/740 1270/739 1306/738
f 1306/738 1270/739 1305/741
f 1276/271 1307/270 1278/269
f 1307/270 1308/272 1278/269
f 1307/275 1309/274 1308/273
f 1310/275 1309/274 1307/273
f 1311/275 1308/276 1309/274
f 1310/272 1277/269 1311/270
f 1277/269 1275/271 1311/270
f 1311/275 1309/274 1310/273
f 1280/271 1285/270 1282/269
f 1285/270 1283/272 1282/269
f 1284/272 1281/269 1286/270
f 1281/269 1279/271 1286/270
usemtl texture6
f 1193/278 1313/279 1312/277
f 1191/280 1313/279 1193/278
f 1315/279 1215/278 1314/277
f 1214/280 1215/278 1315/279
f 1318/283 1317/281 1316/282
f 1317/281 1319/284 1316/282
f 1321/288 1320/287 1318/283
f 1320/287 1317/281 1318/283
f 1316/282 1319/284 1322/285
f 1319/284 1323/286 1322/285
f 1322/285 1323/286 1321/289
f 1323/286 1320/290 1321/289
f 1326/283 1325/281 1324/282
f 1325/281 1327/284 1324/282
f 1329/288 1328/287 1326/283
f 1328/287 1325/281 1326/283
f 1324/282 1327/284 1330/285
f 1327/284 1331/286 1330/285
f 1330/285 1331/286 1329/289
f 1331/286 1328/290 1329/289
f 1334/283 1333/281 1332/282
f 1333/281 1335/284 1332/282
f 1336/287 1333/281 1334/283
f 1339/283 1338/281 1337/282
f 1338/281 1340/284 1337/282
f 1342/288 1341/287 1339/283
f 1341/287 1338/281 1339/283
f 1337/282 1340/284 1343/285
f 1340/284 1344/286 1343/285
f 1343/285 1344/286 1342/289
f 1344/286 1341/290 1342/289
f 1347/283 1346/281 1345/282
f 1346/281 1348/284 1345/282
f 1350/288 1349/287 1347/283
f 1349/287 1346/281 1347/283
f 1345/282 1348/284 1351/285
f 1348/284 1352/286 1351/285
f 1351/285 1352/286 1350/289
f 1352/286 1349/290 1350/289
f 1355/283 1354/281 1353/282
f 1354/281 1356/284 1353/282
f 1357/287 1354/281 1355/283
usemtl texture7
f 1146/226 1358/306 1138/298
f 1138/298 1358/306 1359/297
f 1359/297 1358/306 1297/299
f 1358/306 1299/307 1297/299
f 1138/298 1359/297 1135/293
f 1135/293 1359/297 1360/292
f 1360/292 1359/297 1300/295
f 1359/297 1297/299 1300/295
f 1140/298 1361/297 1146/227
f 1146/227 1361/297 1358/308
f 1361/297 1302/299 1358/308
f 1358/308 1302/299 1299/309
f 1360/292 1300/295 1362/294
f 1362/294 1300/295 1298/296
f 1135/293 1360/292 1144/291
f 1144/291 1360/292 1362/294
f 1361/297 1363/303 1302/299
f 1363/303 1301/305 1302/299
f 1141/300 1363/303 1140/298
f 1140/298 1363/303 1361/297
f 1362/301 1298/304 1363/303
f 1363/303 1298/304 1301/305
f 1144/302 1362/301 1141/300
f 1141/300 1362/301 1363/303
f 1366/312 1365/310 1364/311
f 1365/310 1367/313 1364/311
f 1369/312 1366/310 1368/311
f 1366/310 1364/313 1368/311
f 1371/315 1367/314 1370/310
f 1367/314 1365/312 1370/310
f 1370/312 1369/310 1371/311
f 1369/310 1368/313 1371/311
f 1374/312 1373/310 1372/311
f 1373/310 1375/313 1372/311
f 1377/312 1374/310 1376/311
f 1374/310 1372/313 1376/311
f 1379/315 1375/314 1378/310
f 1375/314 1373/312 1378/310
f 1378/312 1377/310 1379/311
f 1377/310 1376/313 1379/311
f 1382/318 1381/316 1380/317
f 1381/316 1383/319 1380/317
f 1385/318 1382/316 1384/317
f 1382/316 1380/319 1384/317
f 1387/321 1383/320 1386/316
f 1383/320 1381/318 1386/316
f 1386/318 1385/316 1387/317
f 1385/316 1384/319 1387/317
f 1390/318 1389/316 1388/317
f 1389/316 1391/319 1388/317
f 1393/318 1390/316 1392/317
f 1390/316 1388/319 1392/317
f 1395/321 1391/320 1394/316
f 1391/320 1389/318 1394/316
f 1394/318 1393/316 1395/317
f 1393/316 1392/319 1395/317
f 1397/744 1396/743 1303/742
f 1396/743 1305/745 1303/742
usemtl texture8
f 1399/338 1398/337 1176/336
f 1178/339 1176/336 1398/337
f 1402/342 1401/341 1400/340
f 1401/341 1403/343 1400/340
f 1405/345 1400/340 1404/344
f 1400/340 1403/343 1404/344
f 1405/345 1404/344 1406/346
f 1404/344 1407/347 1406/346
f 1406/350 1407/349 1408/348
f 1407/349 1409/351 1408/348
f 1411/353 1410/352 1409/351
f 1408/348 1409/351 1410/352
f 1413/387 1312/386 1412/385
f 1313/396 1414/393 1312/386
f 1312/386 1414/393 1412/385
f 1288/360 1287/359 1411/353
f 1410/352 1411/353 1287/359
f 1401/341 1413/380 1412/378
f 1195/377 1193/382 1415/379
f 1313/396 1416/397 1414/393
f 1192/383 1193/382 1195/377
f 1195/377 1415/379 1399/338
f 1191/400 1200/399 1313/396
f 1412/378 1414/390 1417/384
f 1313/396 1289/401 1416/397
f 1313/396 1200/399 1289/401
f 1401/341 1412/378 1403/343
f 1192/383 1195/377 1196/389
f 1195/377 1399/338 1176/336
f 1417/384 1414/390 1418/394
f 1417/384 1404/344 1412/378
f 1412/378 1404/344 1403/343
f 1418/394 1419/392 1417/384
f 1417/384 1419/392 1404/344
f 1420/398 1419/392 1418/394
f 1206/364 1178/339 1398/337
f 1402/342 1400/340 1421/362
f 1206/364 1398/337 1422/363
f 1419/392 1407/347 1404/344
f 1402/342 1421/362 1423/361
f 1407/347 1419/392 1420/398
f 1405/345 1421/362 1400/340
f 1407/347 1420/398 1424/403
f 1215/365 1206/364 1422/363
f 1212/367 1206/364 1215/365
f 1421/362 1405/345 1425/370
f 1314/356 1423/355 1421/354
f 1424/402 1409/351 1407/349
f 1212/367 1210/373 1206/364
f 1426/371 1421/362 1425/370
f 1427/404 1409/351 1424/402
f 1425/370 1405/345 1428/375
f 1314/356 1421/354 1426/357
f 1428/375 1405/345 1406/346
f 1427/404 1411/353 1409/351
f 1425/370 1429/374 1426/371
f 1292/405 1411/353 1427/404
f 1425/370 1428/375 1429/374
f 1315/358 1314/356 1426/357
f 1292/405 1288/360 1411/353
f 1315/358 1426/357 1430/366
f 1431/376 1428/375 1406/346
f 1214/369 1315/358 1219/368
f 1315/358 1430/366 1293/372
f 1429/374 1428/375 1431/376
f 1315/358 1293/372 1219/368
f 1406/350 1408/348 1432/388
f 1431/376 1406/346 1432/381
f 1433/391 1432/388 1408/348
f 1433/391 1408/348 1410/352
f 1296/395 1433/391 1410/352
f 1296/395 1410/352 1287/359
f 1436/748 1435/747 1434/746
f 1435/747 1437/749 1434/746
f 1434/746 1437/749 1438/750
f 1437/749 1439/751 1438/750
f 1435/747 1440/752 1437/749
f 1440/752 1441/753 1437/749
f 1437/749 1441/753 1439/751
f 1441/753 1442/754 1439/751
f 1444/756 1436/748 1443/755
f 1436/748 1434/746 1443/755
f 1434/746 1445/757 1443/755
f 1445/757 1434/746 1438/750
f 1448/423 1447/420 1446/422
f 1447/420 1449/418 1446/422
f 1452/420 1451/419 1450/432
f 1451/419 1453/758 1450/432
f 1455/423 1452/420 1454/431
f 1452/420 1450/432 1454/431
f 1451/419 1456/426 1453/758
f 1456/426 1457/428 1453/758
f 1456/426 1455/425 1457/428
f 1455/425 1454/429 1457/428
f 1460/420 1459/419 1458/437
f 1459/419 1461/435 1458/437
f 1463/423 1460/420 1462/436
f 1460/420 1458/437 1462/436
f 1459/419 1464/426 1461/435
f 1464/426 1465/433 1461/435
f 1464/426 1463/425 1465/433
f 1463/425 1462/434 1465/433
usemtl texture9
f 1468/439 1467/442 1466/438
f 1470/441 1469/443 1468/439
f 1471/440 1468/439 1466/438
f 1470/441 1468/439 1471/440
usemtl texture10
f 1474/446 1473/475 1472/444
f 1473/475 1475/476 1472/444
f 1477/478 1476/448 1475/476
f 1475/476 1476/448 1472/444
f 1479/451 1474/446 1478/453
f 1474/446 1480/447 1478/453
f 1476/448 1481/457 1480/447
f 1480/447 1481/457 1478/453
f 1483/466 1479/451 1482/463
f 1482/463 1479/451 1484/460
f 1481/457 1485/467 1484/460
f 1485/467 1482/463 1484/460
f 1487/485 1473/475 1486/484
f 1473/475 1487/485 1488/486
f 1473/475 1488/486 1475/476
f 1477/478 1487/485 1486/484
f 1487/485 1477/478 1488/486
f 1488/486 1477/478 1475/476
f 1489/452 1486/484 1473/475
f 1489/452 1473/475 1474/446
f 1474/446 1472/444 1490/445
f 1491/450 1477/478 1486/484
f 1474/446 1490/445 1480/447
f 1489/452 1492/455 1486/484
f 1472/444 1476/448 1490/445
f 1490/445 1476/448 1480/447
f 1492/455 1491/450 1486/484
f 1477/478 1491/450 1476/448
f 1489/452 1474/446 1479/451
f 1492/455 1489/452 1493/454
f 1489/452 1479/451 1494/456
f 1476/448 1491/450 1481/457
f 1493/454 1489/452 1494/456
f 1491/450 1492/455 1495/458
f 1479/451 1478/453 1496/459
f 1479/451 1496/459 1484/460
f 1495/458 1492/455 1493/454
f 1494/456 1479/451 1497/461
f 1481/457 1491/450 1495/458
f 1478/453 1481/457 1496/459
f 1496/459 1481/457 1484/460
f 1493/454 1494/456 1498/462
f 1498/462 1494/456 1497/461
f 1495/458 1493/454 1499/464
f 1479/451 1500/465 1497/461
f 1499/464 1481/457 1495/458
f 1499/464 1493/454 1498/462
f 1483/466 1500/465 1479/451
f 1498/462 1497/461 1500/465
f 1499/464 1485/467 1481/457
f 1499/464 1498/462 1501/468
f 1500/465 1501/468 1498/462
f 1485/467 1499/464 1501/468
f 1416/469 1502/470 1414/471
f 1414/471 1502/470 1418/472
f 1416/469 1289/473 1290/474
f 1416/469 1290/474 1502/470
f 1418/472 1502/470 1503/477
f 1290/474 1503/477 1502/470
f 1418/472 1503/477 1420/479
f 1291/480 1503/477 1290/474
f 1420/479 1503/477 1427/481
f 1292/482 1503/477 1291/480
f 1420/479 1427/481 1424/483
f 1292/482 1427/481 1503/477
f 1506/462 1505/465 1504/461
f 1505/465 1506/462 1507/468
f 1508/464 1507/468 1506/462
f 1508/464 1506/462 1509/454
f 1506/462 1504/461 1510/456
f 1509/454 1506/462 1510/456
f 1511/458 1508/464 1509/454
f 1468/455 1509/454 1467/452
f 1509/454 1510/456 1467/452
f 1511/458 1509/454 1468/455
f 1512/467 1507/468 1508/464
f 1469/450 1511/458 1468/455
f 1513/451 1504/461 1505/465
f 1510/456 1504/461 1513/451
f 1426/471 1429/472 1514/470
f 1426/471 1514/470 1430/469
f 1508/464 1511/458 1515/457
f 1467/452 1510/456 1513/451
f 1516/466 1513/451 1505/465
f 1508/464 1515/457 1512/467
f 1515/457 1511/458 1469/450
f 1430/469 1294/474 1293/473
f 1430/469 1514/470 1294/474
f 1517/463 1513/451 1516/466
f 1515/457 1517/463 1512/467
f 1429/472 1518/477 1514/470
f 1429/472 1431/479 1518/477
f 1467/452 1513/451 1466/446
f 1514/470 1518/477 1294/474
f 1517/463 1519/460 1513/451
f 1515/457 1519/460 1517/463
f 1520/448 1515/457 1469/450
f 1470/449 1520/448 1469/450
f 1431/479 1432/483 1433/481
f 1294/474 1518/477 1295/480
f 1431/479 1433/481 1518/477
f 1466/446 1513/451 1521/453
f 1513/451 1519/460 1522/459
f 1522/459 1519/460 1515/457
f 1513/451 1522/459 1521/453
f 1518/477 1296/482 1295/480
f 1521/453 1522/459 1515/457
f 1518/477 1433/481 1296/482
f 1521/453 1515/457 1520/448
f 1466/446 1521/453 1523/447
f 1523/447 1521/453 1520/448
f 1471/444 1520/448 1470/449
f 1466/446 1524/445 1471/444
f 1466/446 1523/447 1524/445
f 1471/444 1524/445 1520/448
f 1524/445 1523/447 1520/448
usemtl texture11
f 1526/489 1525/488 1399/487
f 1398/490 1399/487 1525/488
f 1413/500 1527/498 1312/502
f 1193/501 1312/502 1527/498
f 1193/501 1527/498 1415/499
f 1401/497 1527/498 1413/500
f 1527/498 1399/487 1415/499
f 1527/498 1526/489 1399/487
f 1526/489 1527/498 1401/497
f 1402/496 1526/489 1401/497
f 1525/488 1526/489 1402/496
f 1528/491 1398/490 1525/488
f 1525/488 1402/496 1528/491
f 1528/491 1422/495 1398/490
f 1528/491 1402/496 1423/493
f 1215/494 1422/495 1528/491
f 1423/493 1314/492 1528/491
f 1215/494 1528/491 1314/492
usemtl texture12
f 1370/505 1365/503 1369/504
f 1365/503 1366/506 1369/504
f 1229/509 1223/507 1228/508
f 1223/507 1226/510 1228/508
f 1378/505 1373/503 1377/504
f 1373/503 1374/506 1377/504
f 1235/509 1231/507 1238/508
f 1231/507 1234/510 1238/508
f 1386/513 1381/511 1385/512
f 1381/511 1382/514 1385/512
f 1243/517 1239/515 1246/516
f 1239/515 1242/518 1246/516
f 1394/513 1389/511 1393/512
f 1389/511 1390/514 1393/512
f 1251/517 1247/515 1254/516
f 1247/515 1250/518 1254/516
f 1531/533 1530/678 1529/531
f 1530/678 1532/679 1529/531
f 1535/533 1534/678 1533/531
f 1534/678 1536/679 1533/531
f 1310/533 1307/532 1277/531
f 1307/532 1276/534 1277/531
f 1284/533 1285/532 1281/531
f 1285/532 1280/534 1281/531
usemtl texture13
f 1539/544 1538/545 1537/536
f 1538/545 1540/538 1537/536
f 1540/538 1538/545 1541/539
f 1538/545 1542/546 1541/539
f 1544/547 1538/545 1543/548
f 1538/545 1539/544 1543/548
f 1545/549 1542/546 1544/547
f 1542/546 1538/545 1544/547
f 1537/536 1540/538 1546/537
f 1540/538 1547/535 1546/537
f 1540/538 1541/539 1547/535
f 1541/539 1548/540 1547/535
f 1547/535 1544/542 1546/537
f 1544/542 1543/541 1546/537
f 1545/543 1544/542 1548/540
f 1544/542 1547/535 1548/540
f 1551/544 1550/545 1549/536
f 1550/545 1552/538 1549/536
f 1552/538 1550/545 1553/539
f 1550/545 1554/546 1553/539
f 1556/547 1550/545 1555/548
f 1550/545 1551/544 1555/548
f 1557/549 1554/546 1556/547
f 1554/546 1550/545 1556/547
f 1549/536 1552/538 1558/537
f 1552/538 1559/535 1558/537
f 1552/538 1553/539 1559/535
f 1553/539 1560/540 1559/535
f 1559/535 1556/542 1558/537
f 1556/542 1555/541 1558/537
f 1557/543 1556/542 1560/540
f 1556/542 1559/535 1560/540
f 1563/556 1562/557 1561/551
f 1562/557 1564/553 1561/551
f 1564/553 1562/557 1565/539
f 1562/557 1566/546 1565/539
f 1568/558 1562/557 1567/559
f 1562/557 1563/556 1567/559
f 1569/549 1566/546 1568/558
f 1566/546 1562/557 1568/558
f 1561/551 1564/553 1570/552
f 1564/553 1571/550 1570/552
f 1564/553 1565/539 1571/550
f 1565/539 1572/540 1571/550
f 1571/550 1568/554 1570/552
f 1568/554 1567/555 1570/552
f 1569/543 1568/554 1572/540
f 1568/554 1571/550 1572/540
f 1575/556 1574/557 1573/551
f 1574/557 1576/553 1573/551
f 1576/553 1574/557 1577/539
f 1574/557 1578/546 1577/539
f 1580/558 1574/557 1579/559
f 1574/557 1575/556 1579/559
f 1581/549 1578/546 1580/558
f 1578/546 1574/557 1580/558
f 1573/551 1576/553 1582/552
f 1576/553 1583/550 1582/552
f 1576/553 1577/539 1583/550
f 1577/539 1584/540 1583/550
f 1583/550 1580/554 1582/552
f 1580/554 1579/555 1582/552
f 1581/543 1580/554 1584/540
f 1580/554 1583/550 1584/540
f 1438/761 1439/760 1585/759
f 1439/760 1586/762 1585/759
f 1442/764 1587/763 1439/760
f 1439/760 1587/763 1586/762
f 1585/759 1589/766 1588/765
f 1438/761 1585/759 1588/765
f 1445/767 1438/761 1588/765
f 1445/767 1588/765 1590/767
f 1162/594 1592/598 1591/597
f 1165/591 1593/589 1592/596
f 1162/594 1591/597 1594/593
f 1165/591 1592/596 1162/595
f 1162/594 1594/593 1164/592
f 1165/591 1595/590 1593/589
f 1596/584 1164/582 1594/588
f 1166/580 1595/585 1165/587
f 1164/582 1597/583 1166/586
f 1596/584 1597/583 1164/582
f 1598/581 1595/585 1166/580
f 1598/581 1166/580 1597/579
usemtl texture14
f 1317/601 1320/599 1319/600
f 1320/599 1323/602 1319/600
f 1325/601 1328/599 1327/600
f 1328/599 1331/602 1327/600
f 1338/601 1341/599 1340/600
f 1341/599 1344/602 1340/600
f 1346/601 1349/599 1348/600
f 1349/599 1352/602 1348/600
usemtl texture15
f 1601/605 1600/603 1599/604
f 1602/603 1601/605 1599/604
f 1600/603 1601/605 1603/604
f 1601/605 1602/603 1603/604
f 1606/605 1605/603 1604/604
f 1607/603 1606/605 1604/604
f 1605/603 1606/605 1608/604
f 1606/605 1607/603 1608/604
f 1611/605 1610/603 1609/604
f 1612/603 1611/605 1609/604
f 1615/605 1614/603 1613/604
f 1616/603 1615/605 1613/604
f 1614/603 1615/605 1617/604
f 1615/605 1616/603 1617/604
f 1620/605 1619/603 1618/604
f 1621/603 1620/605 1618/604
f 1619/603 1620/605 1622/604
f 1620/605 1621/603 1622/604
f 1625/605 1624/603 1623/604
f 1626/603 1625/605 1623/604
f 1629/606 1628/611 1627/608
f 1628/611 1630/610 1627/608
f 1628/611 1631/609 1630/610
f 1631/609 1632/607 1630/610
f 1627/608 1632/607 1629/606
f 1632/607 1631/609 1629/606
f 1635/606 1634/611 1633/608
f 1634/611 1636/610 1633/608
f 1634/611 1637/609 1636/610
f 1637/609 1638/607 1636/610
f 1633/608 1638/607 1635/606
f 1638/607 1637/609 1635/606
usemtl texture16
f 1532/682 1530/681 1639/680
f 1530/681 1640/683 1639/680
f 1639/680 1529/684 1532/682
f 1531/685 1640/683 1530/681
f 1536/682 1534/681 1641/680
f 1534/681 1642/683 1641/680
f 1641/680 1533/684 1536/682
f 1535/685 1642/683 1534/681
usemtl texture17
f 1586/770 1643/769 1585/768
f 1643/769 1644/771 1585/768
f 1586/770 1587/772 1643/769
f 1587/772 1645/773 1643/769
f 1589/775 1585/768 1646/774
f 1585/768 1644/771 1646/774
usemtl texture18
f 1271/633 1274/630 1448/632
f 1274/630 1447/628 1448/632
f 1278/630 1308/629 1452/628
f 1308/629 1451/631 1452/628
f 1275/633 1278/630 1455/632
f 1278/630 1452/628 1455/632
f 1308/629 1311/636 1451/631
f 1311/636 1456/634 1451/631
f 1311/636 1275/635 1456/634
f 1275/635 1455/637 1456/634
f 1282/630 1283/629 1460/628
f 1283/629 1459/631 1460/628
f 1279/633 1282/630 1463/632
f 1282/630 1460/628 1463/632
f 1283/629 1286/636 1459/631
f 1286/636 1464/634 1459/631
f 1286/636 1279/635 1464/634
f 1279/635 1463/637 1464/634
g Object_5
usemtl mat1
f 1649/777 1648/69 1647/776
f 1648/69 1649/777 1650/71
f 1651/72 1647/776 1648/69
f 1647/776 1651/72 1652/778
f 1655/77 1654/779 1653/75
f 1654/779 1655/77 1656/780
f 1657/782 1653/781 1654/779
f 1653/781 1657/782 1658/74
f 1650/71 1660/783 1659/78
f 1660/783 1650/71 1649/777
f 1656/780 1659/78 1660/783
f 1659/78 1656/780 1655/77
f 1663/85 1662/785 1661/784
f 1662/785 1663/85 1664/786
usemtl texture1
f 1667/705 1666/704 1665/111
f 1666/704 1668/110 1665/111
usemtl texture2
f 1666/712 1669/713 1668/123
f 1669/713 1670/122 1668/123
usemtl texture3
f 1672/723 1657/787 1671/722
f 1657/787 1672/723 1658/141
f 1672/723 1673/140 1658/141
f 1672/723 1667/724 1673/140
f 1667/724 1665/142 1673/140
usemtl texture14
f 1676/601 1675/599 1674/600
f 1675/599 1677/602 1674/600
f 1680/601 1679/599 1678/600
f 1679/599 1681/602 1678/600
f 1684/601 1683/599 1682/600
f 1683/599 1685/602 1682/600
f 1688/601 1687/600 1686/599
f 1687/600 1689/602 1686/599
f 1692/601 1691/600 1690/599
f 1691/600 1693/602 1690/599
f 1696/601 1695/600 1694/599
f 1695/600 1697/602 1694/599
f 1700/601 1699/599 1698/600
f 1699/599 1701/602 1698/600
f 1704/601 1703/599 1702/600
f 1703/599 1705/602 1702/600
f 1708/601 1707/599 1706/600
f 1707/599 1709/602 1706/600
f 1712/601 1711/600 1710/599
f 1711/600 1713/602 1710/599
f 1716/601 1715/600 1714/599
f 1715/600 1717/602 1714/599
f 1720/601 1719/600 1718/599
f 1719/600 1721/602 1718/599
usemtl texture6
f 1723/285 1677/286 1722/289
f 1677/286 1675/290 1722/289
f 1724/282 1674/284 1723/285
f 1674/284 1677/286 1723/285
f 1722/288 1675/287 1725/283
f 1675/287 1676/281 1725/283
f 1725/283 1676/281 1724/282
f 1676/281 1674/284 1724/282
f 1727/285 1681/286 1726/289
f 1681/286 1679/290 1726/289
f 1728/282 1678/284 1727/285
f 1678/284 1681/286 1727/285
f 1726/288 1679/287 1729/283
f 1679/287 1680/281 1729/283
f 1729/283 1680/281 1728/282
f 1680/281 1678/284 1728/282
f 1731/285 1685/286 1730/289
f 1685/286 1683/290 1730/289
f 1732/282 1682/284 1731/285
f 1682/284 1685/286 1731/285
f 1730/288 1683/287 1733/283
f 1683/287 1684/281 1733/283
f 1733/283 1684/281 1732/282
f 1684/281 1682/284 1732/282
f 1735/282 1734/285 1687/284
f 1734/285 1689/286 1687/284
f 1737/288 1736/283 1686/287
f 1734/285 1737/289 1689/286
f 1737/289 1686/290 1689/286
f 1739/283 1738/282 1692/281
f 1738/282 1691/284 1692/281
f 1738/282 1740/285 1691/284
f 1740/285 1693/286 1691/284
f 1741/288 1739/283 1690/287
f 1739/283 1692/281 1690/287
f 1740/285 1741/289 1693/286
f 1741/289 1690/290 1693/286
f 1743/283 1742/282 1696/281
f 1742/282 1695/284 1696/281
f 1742/282 1744/285 1695/284
f 1744/285 1697/286 1695/284
f 1745/288 1743/283 1694/287
f 1743/283 1696/281 1694/287
f 1744/285 1745/289 1697/286
f 1745/289 1694/290 1697/286
f 1747/285 1701/286 1746/289
f 1701/286 1699/290 1746/289
f 1748/282 1698/284 1747/285
f 1698/284 1701/286 1747/285
f 1746/288 1699/287 1749/283
f 1699/287 1700/281 1749/283
f 1749/283 1700/281 1748/282
f 1700/281 1698/284 1748/282
f 1751/285 1705/286 1750/289
f 1705/286 1703/290 1750/289
f 1752/282 1702/284 1751/285
f 1702/284 1705/286 1751/285
f 1750/288 1703/287 1753/283
f 1703/287 1704/281 1753/283
f 1753/283 1704/281 1752/282
f 1704/281 1702/284 1752/282
f 1755/285 1709/286 1754/289
f 1709/286 1707/290 1754/289
f 1756/282 1706/284 1755/285
f 1706/284 1709/286 1755/285
f 1754/288 1707/287 1757/283
f 1707/287 1708/281 1757/283
f 1757/283 1708/281 1756/282
f 1708/281 1706/284 1756/282
f 1759/282 1758/285 1711/284
f 1758/285 1713/286 1711/284
f 1761/288 1760/283 1710/287
f 1758/285 1761/289 1713/286
f 1761/289 1710/290 1713/286
f 1763/283 1762/282 1716/281
f 1762/282 1715/284 1716/281
f 1762/282 1764/285 1715/284
f 1764/285 1717/286 1715/284
f 1765/288 1763/283 1714/287
f 1763/283 1716/281 1714/287
f 1764/285 1765/289 1717/286
f 1765/289 1714/290 1717/286
f 1767/283 1766/282 1720/281
f 1766/282 1719/284 1720/281
f 1766/282 1768/285 1719/284
f 1768/285 1721/286 1719/284
f 1769/288 1767/283 1718/287
f 1767/283 1720/281 1718/287
f 1768/285 1769/289 1721/286
f 1769/289 1718/290 1721/286
f 1772/282 1771/284 1770/285
f 1771/284 1773/286 1770/285
f 1774/281 1771/284 1772/282
f 1777/282 1776/284 1775/285
f 1776/284 1778/286 1775/285
f 1781/282 1780/285 1779/284
f 1780/285 1782/286 1779/284
f 1785/282 1784/284 1783/281
f 1785/282 1786/285 1784/284
f 1786/285 1787/286 1784/284
f 1790/789 1789/788 1788/528
f 1789/788 1791/790 1788/528
f 1794/789 1793/788 1792/528
f 1793/788 1795/790 1792/528
usemtl texture15
f 1798/605 1797/603 1796/604
f 1799/603 1798/605 1796/604
f 1797/603 1798/605 1800/604
f 1798/605 1799/603 1800/604
f 1803/605 1802/603 1801/604
f 1804/603 1803/605 1801/604
f 1802/603 1803/605 1805/604
f 1803/605 1804/603 1805/604
f 1808/605 1807/603 1806/604
f 1809/603 1808/605 1806/604
f 1807/603 1808/605 1810/604
f 1808/605 1809/603 1810/604
f 1813/603 1812/604 1811/605
f 1811/605 1812/604 1814/603
f 1817/605 1816/604 1815/603
f 1818/603 1816/604 1817/605
f 1815/603 1819/604 1817/605
f 1817/605 1819/604 1818/603
f 1822/605 1821/604 1820/603
f 1823/603 1821/604 1822/605
f 1820/603 1824/604 1822/605
f 1822/605 1824/604 1823/603
f 1827/605 1826/603 1825/604
f 1828/603 1827/605 1825/604
f 1826/603 1827/605 1829/604
f 1827/605 1828/603 1829/604
f 1832/605 1831/603 1830/604
f 1833/603 1832/605 1830/604
f 1831/603 1832/605 1834/604
f 1832/605 1833/603 1834/604
f 1837/605 1836/603 1835/604
f 1838/603 1837/605 1835/604
f 1836/603 1837/605 1839/604
f 1837/605 1838/603 1839/604
f 1842/603 1841/604 1840/605
f 1840/605 1841/604 1843/603
f 1846/605 1845/604 1844/603
f 1847/603 1845/604 1846/605
f 1844/603 1848/604 1846/605
f 1846/605 1848/604 1847/603
f 1851/605 1850/604 1849/603
f 1852/603 1850/604 1851/605
f 1849/603 1853/604 1851/605
f 1851/605 1853/604 1852/603
f 1856/603 1855/605 1854/604
f 1859/603 1858/604 1857/605
f 1862/793 1861/792 1860/791
f 1861/792 1863/794 1860/791
f 1866/797 1865/796 1864/795
f 1865/796 1867/798 1864/795
f 1870/793 1869/791 1868/792
f 1869/791 1871/794 1868/792
f 1874/797 1873/795 1872/796
f 1873/795 1875/798 1872/796
f 1878/801 1877/800 1876/799
f 1877/800 1879/802 1876/799
f 1882/608 1881/607 1880/606
f 1881/607 1883/609 1880/606
f 1885/611 1883/609 1884/610
f 1883/609 1881/607 1884/610
f 1880/606 1885/611 1882/608
f 1885/611 1884/610 1882/608
f 1888/608 1887/607 1886/606
f 1887/607 1889/609 1886/606
f 1891/611 1889/609 1890/610
f 1889/609 1887/607 1890/610
f 1886/606 1891/611 1888/608
f 1891/611 1890/610 1888/608
f 1894/801 1893/800 1892/799
f 1893/800 1895/802 1892/799
f 1898/801 1897/800 1896/799
f 1897/800 1899/802 1896/799
f 1902/608 1901/607 1900/606
f 1901/607 1903/609 1900/606
f 1905/611 1903/609 1904/610
f 1903/609 1901/607 1904/610
f 1900/606 1905/611 1902/608
f 1905/611 1904/610 1902/608
f 1908/608 1907/607 1906/606
f 1907/607 1909/609 1906/606
f 1911/611 1909/609 1910/610
f 1909/609 1907/607 1910/610
f 1906/606 1911/611 1908/608
f 1911/611 1910/610 1908/608
f 1914/801 1913/800 1912/799
f 1913/800 1915/802 1912/799
usemtl texture12
f 1918/528 1917/533 1916/530
f 1917/533 1919/531 1916/530
f 1922/528 1921/533 1920/530
f 1921/533 1923/531 1920/530
f 1926/533 1925/804 1924/803
f 1925/804 1927/805 1924/803
f 1930/533 1929/804 1928/803
f 1929/804 1931/805 1928/803
f 1934/533 1933/804 1932/803
f 1933/804 1935/805 1932/803
f 1938/533 1937/804 1936/803
f 1937/804 1939/805 1936/803
usemtl texture16
f 1790/617 1916/618 1789/680
f 1916/618 1919/684 1789/680
f 1788/612 1791/683 1918/616
f 1791/683 1917/685 1918/616
f 1794/617 1920/618 1793/680
f 1920/618 1923/684 1793/680
f 1792/612 1795/683 1922/616
f 1795/683 1921/685 1922/616
f 1942/612 1941/683 1940/616
f 1941/683 1943/685 1940/616
usemtl texture4
f 1946/799 1945/807 1944/806
f 1945/807 1947/808 1944/806
f 1950/799 1949/807 1948/806
f 1949/807 1951/808 1948/806
usemtl texture7
f 1944/811 1947/810 1952/809
f 1947/810 1953/812 1952/809
f 1948/810 1951/811 1954/812
f 1951/811 1955/809 1954/812
f 1860/331 1863/329 1956/328
f 1863/329 1957/330 1956/328
f 1864/335 1867/333 1958/332
f 1867/333 1959/334 1958/332
f 1869/331 1960/328 1871/329
f 1960/328 1961/330 1871/329
f 1873/335 1962/332 1875/333
f 1962/332 1963/334 1875/333
f 1966/815 1965/814 1964/813
f 1965/814 1967/816 1964/813
f 1969/819 1967/818 1968/817
f 1967/818 1965/820 1968/817
f 1968/817 1966/815 1969/819
f 1966/815 1964/813 1969/819
f 1972/817 1971/820 1970/819
f 1971/820 1973/818 1970/819
f 1970/819 1974/813 1972/817
f 1974/813 1975/815 1972/817
f 1974/813 1973/816 1975/815
f 1973/816 1971/814 1975/815
f 1978/819 1977/813 1976/817
f 1977/813 1979/815 1976/817
f 1982/819 1981/813 1980/817
f 1981/813 1983/815 1980/817
f 1981/813 1984/816 1983/815
f 1984/816 1985/814 1983/815
f 1976/817 1986/820 1978/819
f 1986/820 1987/818 1978/819
f 1990/817 1989/815 1988/819
f 1989/815 1991/813 1988/819
f 1989/815 1992/814 1991/813
f 1992/814 1993/816 1991/813
f 1988/819 1993/818 1990/817
f 1993/818 1992/820 1990/817
f 1980/817 1985/820 1982/819
f 1985/820 1984/818 1982/819
f 1996/817 1995/820 1994/819
f 1995/820 1997/818 1994/819
f 1999/813 1997/816 1998/815
f 1997/816 1995/814 1998/815
f 1977/813 1987/816 1979/815
f 1987/816 1986/814 1979/815
f 1994/819 1999/813 1996/817
f 1999/813 1998/815 1996/817
f 2002/819 2001/818 2000/817
f 2001/818 2003/820 2000/817
f 2000/817 2004/815 2002/819
f 2004/815 2005/813 2002/819
f 2004/815 2003/814 2005/813
f 2003/814 2001/816 2005/813
f 2008/815 2007/814 2006/813
f 2007/814 2009/816 2006/813
f 2011/819 2009/818 2010/817
f 2009/818 2007/820 2010/817
f 2010/817 2008/815 2011/819
f 2008/815 2006/813 2011/819
f 2014/817 2013/820 2012/819
f 2013/820 2015/818 2012/819
f 2012/819 2016/813 2014/817
f 2016/813 2017/815 2014/817
f 2016/813 2015/816 2017/815
f 2015/816 2013/814 2017/815
f 2020/819 2019/813 2018/817
f 2019/813 2021/815 2018/817
f 2024/819 2023/813 2022/817
f 2023/813 2025/815 2022/817
f 2023/813 2026/816 2025/815
f 2026/816 2027/814 2025/815
f 2018/817 2028/820 2020/819
f 2028/820 2029/818 2020/819
f 2032/817 2031/815 2030/819
f 2031/815 2033/813 2030/819
f 2031/815 2034/814 2033/813
f 2034/814 2035/816 2033/813
f 2030/819 2035/818 2032/817
f 2035/818 2034/820 2032/817
f 2022/817 2027/820 2024/819
f 2027/820 2026/818 2024/819
f 2038/817 2037/820 2036/819
f 2037/820 2039/818 2036/819
f 2041/813 2039/816 2040/815
f 2039/816 2037/814 2040/815
f 2019/813 2029/816 2021/815
f 2029/816 2028/814 2021/815
f 2036/819 2041/813 2038/817
f 2041/813 2040/815 2038/817
f 2044/819 2043/818 2042/817
f 2043/818 2045/820 2042/817
f 2042/817 2046/815 2044/819
f 2046/815 2047/813 2044/819
f 2046/815 2045/814 2047/813
f 2045/814 2043/816 2047/813
usemtl texture13
f 2050/577 2049/821 2048/576
f 2050/577 2051/578 2049/821
f 2051/578 2052/822 2049/821
f 2054/822 2053/823 2049/821
f 2053/823 2055/824 2049/821
f 2054/822 2049/821 2052/822
f 2048/576 2049/821 2055/824
f 2053/823 2056/825 2055/824
f 2048/576 2056/825 2057/826
f 2055/824 2056/825 2048/576
f 2048/576 2057/826 2058/827
f 2048/576 2058/827 2059/828
f 2048/576 2059/828 2060/829
f 2060/829 2061/830 2048/576
f 2064/764 2063/575 2062/763
f 2063/575 2065/574 2062/763
f 2068/833 2067/832 2066/831
f 2070/766 2069/834 2067/832
f 2070/766 2067/832 2068/833
f 2070/766 2071/835 2069/834
f 2070/766 2072/836 2071/835
f 2070/766 2073/837 2072/836
f 2070/766 2074/838 2073/837
f 2068/833 2075/839 2070/766
f 2075/839 2077/840 2076/840
f 2066/831 2077/840 2068/833
f 2077/840 2075/839 2068/833
f 2079/767 2078/765 2076/840
f 2078/765 2075/839 2076/840
f 2080/759 2070/766 2078/765
f 2070/766 2075/839 2078/765
usemtl texture8
f 2082/416 2054/841 2081/417
f 2054/841 2082/416 2053/842
f 2085/752 2084/413 2083/753
f 2084/413 2086/412 2083/753
f 2083/753 2086/412 2064/754
f 2086/412 2063/414 2064/754
f 2087/755 2077/844 2066/843
f 2089/746 2088/757 2087/755
f 2087/755 2088/757 2077/844
f 2091/756 2090/748 2087/755
f 2090/748 2089/746 2087/755
usemtl texture17
f 2093/847 2092/846 2061/845
f 2061/845 2092/846 2048/848
f 2093/847 2061/845 2094/849
f 2062/772 2065/625 2095/773
f 2065/625 2096/624 2095/773
f 2098/852 2074/851 2097/850
f 2097/850 2074/851 2099/853
f 2074/851 2070/854 2099/853
f 2070/775 2080/768 2099/774
f 2080/768 2100/771 2099/774
f 2102/857 1861/856 2101/855
f 1861/856 1862/858 2101/855
f 1866/861 2103/860 1865/859
f 1865/859 2103/860 2104/862
f 2106/857 2105/855 1868/856
f 2105/855 1870/858 1868/856
f 2108/862 2107/860 1872/859
f 1872/859 2107/860 1874/861
usemtl texture19
f 1956/865 1957/864 2109/863
f 1957/864 2110/866 2109/863
f 1958/818 1959/540 2111/867
f 1959/540 2112/539 2111/867
f 1960/865 2113/863 1961/864
f 2113/863 2114/866 1961/864
f 1962/818 2115/867 1963/540
f 2115/867 2116/539 1963/540
g Object_6
usemtl mat1
f 2119/869 2118/776 2117/868
f 2118/776 2119/869 2120/777
f 2121/778 2117/868 2118/776
f 2124/780 2123/870 2122/779
f 2125/871 2122/779 2123/870
f 2122/779 2125/871 2126/782
f 2120/777 2119/869 2127/783
f 2123/870 2127/783 2119/869
f 2127/783 2123/870 2124/780
f 2130/786 2129/872 2128/785
f 2129/872 2130/786 2131/873
f 2134/86 2133/97 2132/96
f 2134/86 2132/96 2135/88
f 2138/99 2137/95 2136/94
f 2139/98 2137/95 2138/99
f 2138/99 2140/89 2139/98
f 2139/98 2140/89 2141/87
f 2132/90 2133/92 2142/93
f 2133/92 2143/91 2142/93
f 2143/91 2136/94 2142/93
f 2136/94 2137/95 2142/93
f 2135/88 2141/87 2134/86
f 2141/87 2140/89 2134/86
usemtl texture1
f 2146/702 2145/704 2144/705
f 2146/702 2147/703 2145/704
f 2150/647 2149/645 2148/700
f 2148/700 2149/645 2151/699
f 2153/698 2152/701 2146/702
f 2152/701 2147/703 2146/702
f 2148/700 2151/699 2153/698
f 2151/699 2152/701 2153/698
usemtl texture2
f 2147/710 2154/711 2145/712
f 2154/711 2155/713 2145/712
f 2152/708 2156/709 2147/710
f 2156/709 2154/711 2147/710
f 2151/706 2157/707 2152/708
f 2157/707 2156/709 2152/708
f 2149/649 2158/652 2151/706
f 2158/652 2157/707 2151/706
f 2161/124 2160/125 2159/126
f 2161/124 2162/126 2160/125
f 2159/126 2160/125 2163/124
f 2160/125 2162/126 2163/124
usemtl texture3
f 2165/720 2144/724 2164/723
f 2165/720 2166/721 2144/724
f 2123/719 2167/720 2125/722
f 2167/720 2164/723 2125/722
f 2169/715 2168/716 2119/714
f 2170/658 2150/660 2169/715
f 2169/715 2150/660 2148/717
f 2119/714 2168/716 2123/719
f 2168/716 2167/720 2123/719
f 2168/716 2153/718 2165/720
f 2153/718 2166/721 2165/720
f 2117/655 2170/658 2119/714
f 2170/658 2169/715 2119/714
f 2169/715 2148/717 2168/716
f 2148/717 2153/718 2168/716
f 2173/203 2172/204 2171/160
f 2171/160 2172/204 2174/162
f 2175/202 2173/203 2171/160
f 2177/198 2176/200 2175/202
f 2177/198 2175/202 2171/160
f 2176/200 2177/198 2178/199
f 2179/201 2176/200 2178/199
f 2180/157 2178/199 2177/198
f 2180/157 2177/198 2171/160
f 2179/193 2178/197 2181/189
f 2183/187 2178/197 2182/150
f 2178/197 2183/187 2181/189
f 2178/197 2180/155 2182/150
f 2186/196 2185/190 2184/154
f 2186/196 2184/154 2187/151
f 2185/190 2186/196 2188/191
f 2185/195 2183/187 2182/150
f 2191/185 2190/158 2189/161
f 2185/195 2182/150 2184/147
f 2183/187 2185/195 2192/188
f 2193/194 2179/193 2181/189
f 2192/192 2185/190 2188/191
f 2181/189 2183/187 2192/188
f 2192/186 2188/184 2194/182
f 2190/158 2191/185 2195/183
f 2188/184 2196/181 2194/182
f 2197/180 2190/158 2195/183
f 2194/182 2196/181 2198/144
f 2200/159 2190/158 2199/179
f 2190/158 2197/180 2199/179
f 2196/181 2201/145 2198/144
f 2204/178 2203/153 2202/152
f 2206/148 2200/156 2205/170
f 2207/177 2202/149 2206/148
f 2200/159 2199/179 2205/173
f 2207/176 2204/178 2202/152
f 2208/172 2206/148 2205/170
f 2208/172 2207/177 2206/148
f 2199/179 2197/180 2209/174
f 2205/173 2199/179 2209/174
f 2210/167 2204/178 2207/176
f 2211/171 2207/177 2208/172
f 2212/163 2208/172 2205/170
f 2211/168 2210/167 2207/176
f 2215/143 2214/169 2213/146
f 2216/175 2205/173 2209/174
f 2212/163 2211/171 2208/172
f 2214/169 2217/166 2213/146
f 2212/163 2205/170 2216/164
f 2217/166 2214/169 2210/167
f 2211/168 2217/166 2210/167
f 2218/165 2212/163 2216/164
f 2190/158 2171/160 2189/161
f 2171/160 2174/162 2189/161
f 2200/159 2180/157 2190/158
f 2180/157 2171/160 2190/158
f 2182/150 2180/155 2206/148
f 2200/156 2206/148 2180/155
f 2203/153 2187/151 2202/152
f 2202/152 2187/151 2184/154
f 2202/149 2184/147 2206/148
f 2206/148 2184/147 2182/150
f 2201/145 2215/143 2198/144
f 2213/146 2198/144 2215/143
f 2221/206 2220/207 2219/208
f 2222/205 2219/208 2220/207
f 2220/206 2223/207 2222/208
f 2223/207 2224/205 2222/208
f 2226/206 2221/207 2225/208
f 2219/205 2225/208 2221/207
f 2223/206 2226/207 2224/208
f 2225/205 2224/208 2226/207
f 2229/206 2228/207 2227/208
f 2230/205 2227/208 2228/207
f 2232/206 2229/207 2231/208
f 2227/205 2231/208 2229/207
f 2228/206 2233/207 2230/208
f 2233/207 2234/205 2230/208
f 2233/206 2232/207 2234/208
f 2231/205 2234/208 2232/207
f 2237/210 2236/211 2235/212
f 2238/209 2235/212 2236/211
f 2240/210 2237/211 2239/212
f 2235/209 2239/212 2237/211
f 2236/210 2241/211 2238/212
f 2241/211 2242/209 2238/212
f 2241/210 2240/211 2242/212
f 2239/209 2242/212 2240/211
f 2245/210 2244/211 2243/212
f 2246/209 2243/212 2244/211
f 2248/210 2245/211 2247/212
f 2243/209 2247/212 2245/211
f 2244/210 2249/211 2246/212
f 2249/211 2250/209 2246/212
f 2249/210 2248/211 2250/212
f 2247/209 2250/212 2248/211
f 2253/214 2252/215 2251/216
f 2252/215 2254/213 2251/216
f 2257/214 2256/215 2255/216
f 2256/215 2258/213 2255/216
f 2261/221 2260/218 2259/220
f 2262/222 2260/218 2261/221
f 2260/218 2264/223 2263/219
f 2260/218 2265/224 2264/223
f 2263/219 2266/217 2260/218
f 2266/217 2259/220 2260/218
f 2269/227 2268/226 2267/225
f 2268/226 2270/228 2267/225
f 2273/227 2272/226 2271/225
f 2272/226 2274/228 2271/225
f 2277/227 2276/226 2275/225
f 2276/226 2278/228 2275/225
f 2281/227 2280/226 2279/225
f 2280/226 2282/228 2279/225
usemtl texture4
f 2284/248 2283/231 2172/247
f 2284/248 2173/246 2285/245
f 2284/248 2172/247 2173/246
f 2283/231 2174/230 2172/247
f 2285/245 2173/246 2175/244
f 2285/245 2175/244 2286/242
f 2176/243 2286/242 2175/244
f 2176/243 2287/241 2286/242
f 2288/229 2191/240 2189/232
f 2191/240 2288/229 2289/239
f 2191/240 2289/239 2195/238
f 2289/239 2290/237 2195/238
f 2195/238 2290/237 2197/236
f 2290/237 2291/235 2197/236
f 2197/236 2291/235 2209/234
f 2291/235 2292/233 2209/234
f 2283/231 2288/229 2174/230
f 2288/229 2189/232 2174/230
usemtl texture5
f 2295/250 2294/251 2293/252
f 2293/252 2294/251 2296/249
f 2295/250 2294/251 2293/252
f 2293/252 2294/251 2296/249
f 2294/251 2295/250 2297/249
f 2295/250 2298/252 2297/249
f 2294/251 2295/250 2297/249
f 2295/250 2298/252 2297/249
f 2260/255 2262/253 2299/254
f 2262/253 2300/256 2299/254
f 2260/259 2299/257 2265/258
f 2299/257 2301/260 2265/258
f 2264/263 2265/261 2302/262
f 2265/261 2301/264 2302/262
f 2305/275 2304/274 2303/273
f 2303/272 2273/269 2305/270
f 2273/269 2271/271 2305/270
f 2305/275 2306/276 2304/274
f 2303/275 2304/274 2307/273
f 2307/275 2304/274 2306/273
f 2272/271 2307/270 2274/269
f 2307/270 2306/272 2274/269
f 2276/272 2281/269 2278/270
f 2281/269 2279/271 2278/270
f 2280/271 2277/270 2282/269
f 2277/270 2275/272 2282/269
usemtl texture6
f 2179/280 2193/278 2308/279
f 2193/278 2309/277 2308/279
f 2216/280 2310/279 2218/278
f 2310/279 2311/277 2218/278
f 2314/285 2313/286 2312/289
f 2313/286 2315/290 2312/289
f 2317/282 2316/284 2314/285
f 2316/284 2313/286 2314/285
f 2312/288 2315/287 2318/283
f 2315/287 2319/281 2318/283
f 2318/283 2319/281 2317/282
f 2319/281 2316/284 2317/282
f 2322/285 2321/286 2320/289
f 2321/286 2323/290 2320/289
f 2325/282 2324/284 2322/285
f 2324/284 2321/286 2322/285
f 2320/288 2323/287 2326/283
f 2323/287 2327/281 2326/283
f 2326/283 2327/281 2325/282
f 2327/281 2324/284 2325/282
f 2330/285 2329/286 2328/289
f 2329/286 2331/290 2328/289
f 2333/282 2332/284 2330/285
f 2332/284 2329/286 2330/285
f 2328/288 2331/287 2334/283
f 2331/287 2335/281 2334/283
f 2334/283 2335/281 2333/282
f 2335/281 2332/284 2333/282
f 2338/285 2337/286 2336/289
f 2337/286 2339/290 2336/289
f 2341/282 2340/284 2338/285
f 2340/284 2337/286 2338/285
f 2336/288 2339/287 2342/283
f 2339/287 2343/281 2342/283
f 2342/283 2343/281 2341/282
f 2343/281 2340/284 2341/282
f 2346/282 2345/284 2344/285
f 2345/284 2347/286 2344/285
f 2350/282 2349/284 2348/285
f 2349/284 2351/286 2348/285
f 2352/281 2349/284 2350/282
usemtl texture7
f 2143/300 2133/302 2353/303
f 2133/302 2354/301 2353/303
f 2143/300 2133/302 2353/303
f 2133/302 2354/301 2353/303
f 2354/301 2295/304 2353/303
f 2353/303 2295/304 2293/305
f 2354/301 2295/304 2353/303
f 2353/303 2295/304 2293/305
f 2136/298 2143/300 2355/297
f 2353/303 2355/297 2143/300
f 2136/298 2143/300 2355/297
f 2353/303 2355/297 2143/300
f 2355/297 2353/303 2296/299
f 2353/303 2293/305 2296/299
f 2355/297 2353/303 2296/299
f 2353/303 2293/305 2296/299
f 2133/291 2134/293 2354/294
f 2134/293 2356/292 2354/294
f 2133/291 2134/293 2354/294
f 2134/293 2356/292 2354/294
f 2356/292 2298/295 2354/294
f 2354/294 2298/295 2295/296
f 2356/292 2298/295 2354/294
f 2354/294 2298/295 2295/296
f 2355/297 2296/299 2357/308
f 2357/308 2296/299 2294/309
f 2355/297 2296/299 2357/308
f 2357/308 2296/299 2294/309
f 2138/227 2136/298 2357/308
f 2136/298 2355/297 2357/308
f 2138/227 2136/298 2357/308
f 2136/298 2355/297 2357/308
f 2356/292 2358/297 2298/295
f 2358/297 2297/299 2298/295
f 2356/292 2358/297 2298/295
f 2358/297 2297/299 2298/295
f 2134/293 2140/298 2356/292
f 2140/298 2358/297 2356/292
f 2134/293 2140/298 2356/292
f 2140/298 2358/297 2356/292
f 2358/297 2357/306 2297/299
f 2357/306 2294/307 2297/299
f 2358/297 2357/306 2297/299
f 2357/306 2294/307 2297/299
f 2140/298 2138/226 2358/297
f 2138/226 2357/306 2358/297
f 2140/298 2138/226 2358/297
f 2138/226 2357/306 2358/297
f 2361/312 2360/310 2359/311
f 2360/310 2362/313 2359/311
f 2359/315 2363/314 2361/310
f 2363/314 2364/312 2361/310
f 2360/312 2365/310 2362/311
f 2365/310 2366/313 2362/311
f 2365/312 2364/310 2366/311
f 2364/310 2363/313 2366/311
f 2369/312 2368/310 2367/311
f 2368/310 2370/313 2367/311
f 2367/315 2371/314 2369/310
f 2371/314 2372/312 2369/310
f 2368/312 2373/310 2370/311
f 2373/310 2374/313 2370/311
f 2373/312 2372/310 2374/311
f 2372/310 2371/313 2374/311
f 2377/318 2376/316 2375/317
f 2376/316 2378/319 2375/317
f 2375/321 2379/320 2377/316
f 2379/320 2380/318 2377/316
f 2376/318 2381/316 2378/317
f 2381/316 2382/319 2378/317
f 2381/318 2380/316 2382/317
f 2380/316 2379/319 2382/317
f 2385/318 2384/316 2383/317
f 2384/316 2386/319 2383/317
f 2383/321 2387/320 2385/316
f 2387/320 2388/318 2385/316
f 2384/318 2389/316 2386/317
f 2389/316 2390/319 2386/317
f 2389/318 2388/316 2390/317
f 2388/316 2387/319 2390/317
f 2393/327 2392/326 2391/322
f 2392/326 2394/324 2391/322
f 2397/327 2396/326 2395/322
f 2396/326 2398/324 2395/322
f 2301/331 2299/329 2399/328
f 2399/328 2299/329 2400/330
f 2402/335 2302/333 2401/332
f 2401/332 2302/333 2403/334
usemtl texture8
f 2284/405 2404/353 2283/360
f 2284/405 2405/404 2404/353
f 2405/404 2406/351 2404/353
f 2405/404 2407/402 2406/351
f 2409/347 2407/403 2408/398
f 2407/402 2409/349 2406/351
f 2308/396 2287/401 2176/399
f 2408/398 2411/394 2410/392
f 2308/396 2412/397 2287/401
f 2179/400 2308/396 2176/399
f 2409/347 2408/398 2410/392
f 2308/396 2413/393 2412/397
f 2289/395 2288/359 2414/352
f 2308/396 2309/386 2413/393
f 2411/394 2415/384 2410/392
f 2289/395 2414/352 2416/391
f 2415/384 2411/394 2413/390
f 2416/391 2414/352 2417/348
f 2410/392 2418/344 2409/347
f 2309/386 2419/385 2413/393
f 2415/384 2418/344 2410/392
f 2416/391 2417/348 2420/388
f 2419/378 2415/384 2413/390
f 2181/383 2192/389 2194/377
f 2421/350 2420/388 2417/348
f 2422/387 2419/385 2309/386
f 2415/384 2419/378 2418/344
f 2181/383 2194/377 2193/382
f 2194/377 2423/379 2193/382
f 2424/376 2420/381 2421/346
f 2419/378 2425/343 2418/344
f 2424/376 2421/346 2426/375
f 2427/341 2419/378 2422/380
f 2426/375 2421/346 2428/345
f 2194/377 2429/338 2423/379
f 2427/341 2425/343 2419/378
f 2194/377 2198/336 2429/338
f 2430/374 2424/376 2426/375
f 2431/370 2426/375 2428/345
f 2431/370 2430/374 2426/375
f 2428/345 2433/340 2432/362
f 2432/362 2431/370 2428/345
f 2431/370 2434/371 2430/374
f 2217/364 2435/337 2213/339
f 2212/367 2217/364 2211/373
f 2436/342 2432/362 2433/340
f 2310/358 2209/368 2292/372
f 2310/358 2292/372 2437/366
f 2434/371 2431/370 2432/362
f 2216/369 2209/368 2310/358
f 2217/364 2438/363 2435/337
f 2212/367 2218/365 2217/364
f 2310/358 2437/366 2434/357
f 2218/365 2438/363 2217/364
f 2436/342 2439/361 2432/362
f 2283/360 2404/353 2288/359
f 2414/352 2288/359 2404/353
f 2311/356 2434/357 2432/354
f 2310/358 2434/357 2311/356
f 2311/356 2432/354 2439/355
f 2414/352 2404/353 2417/348
f 2417/348 2404/353 2406/351
f 2421/350 2417/348 2409/349
f 2417/348 2406/351 2409/349
f 2428/345 2421/346 2418/344
f 2421/346 2409/347 2418/344
f 2428/345 2418/344 2433/340
f 2433/340 2418/344 2425/343
f 2436/342 2433/340 2427/341
f 2433/340 2425/343 2427/341
f 2429/338 2198/336 2435/337
f 2213/339 2435/337 2198/336
f 2442/757 2441/746 2440/750
f 2445/747 2444/752 2443/749
f 2444/752 2446/753 2443/749
f 2443/749 2446/753 2447/751
f 2446/753 2448/754 2447/751
f 2449/748 2445/747 2441/746
f 2445/747 2443/749 2441/746
f 2441/746 2443/749 2440/750
f 2443/749 2447/751 2440/750
f 2452/423 2451/420 2450/422
f 2451/420 2453/418 2450/422
f 2456/426 2455/425 2454/428
f 2455/425 2457/429 2454/428
f 2459/419 2456/426 2458/758
f 2456/426 2454/428 2458/758
f 2455/423 2460/420 2457/431
f 2460/420 2461/432 2457/431
f 2460/420 2459/419 2461/432
f 2459/419 2458/758 2461/432
f 2464/426 2463/425 2462/433
f 2463/425 2465/434 2462/433
f 2467/419 2464/426 2466/435
f 2464/426 2462/433 2466/435
f 2463/423 2468/420 2465/436
f 2468/420 2469/437 2465/436
f 2468/420 2467/419 2469/437
f 2467/419 2466/435 2469/437
usemtl texture9
f 2472/876 2471/875 2470/874
f 2475/879 2474/878 2473/877
f 2475/879 2476/880 2474/878
f 2473/877 2470/874 2475/879
f 2471/875 2475/879 2470/874
usemtl texture10
f 2479/445 2478/447 2477/448
f 2480/444 2479/445 2477/448
f 2481/446 2478/447 2479/445
f 2481/446 2479/445 2480/444
f 2484/486 2483/476 2482/478
f 2485/485 2484/486 2482/478
f 2486/475 2483/476 2484/486
f 2486/475 2484/486 2485/485
f 2284/482 2487/477 2405/481
f 2490/453 2489/459 2488/457
f 2284/482 2285/480 2487/477
f 2491/451 2489/459 2490/453
f 2489/459 2492/460 2488/457
f 2491/451 2492/460 2489/459
f 2482/478 2493/484 2485/485
f 2408/479 2405/481 2487/477
f 2485/485 2493/484 2486/475
f 2285/480 2286/474 2487/477
f 2408/479 2407/483 2405/481
f 2482/478 2477/448 2494/450
f 2477/448 2488/457 2494/450
f 2495/452 2481/446 2486/475
f 2286/474 2496/470 2487/477
f 2495/452 2491/451 2481/446
f 2411/472 2408/479 2487/477
f 2494/450 2493/484 2482/478
f 2411/472 2487/477 2496/470
f 2495/452 2486/475 2493/484
f 2412/469 2496/470 2286/474
f 2412/469 2286/474 2287/473
f 2488/457 2497/458 2494/450
f 2499/464 2488/457 2498/467
f 2501/466 2491/451 2500/465
f 2495/452 2502/456 2491/451
f 2499/464 2497/458 2488/457
f 2412/469 2413/471 2496/470
f 2413/471 2411/472 2496/470
f 2502/456 2503/461 2491/451
f 2504/455 2493/484 2494/450
f 2495/452 2493/484 2504/455
f 2491/451 2503/461 2500/465
f 2494/450 2497/458 2504/455
f 2498/467 2505/468 2499/464
f 2497/458 2506/454 2504/455
f 2506/454 2502/456 2495/452
f 2504/455 2506/454 2495/452
f 2497/458 2499/464 2506/454
f 2506/454 2507/462 2502/456
f 2507/462 2503/461 2502/456
f 2499/464 2507/462 2506/454
f 2499/464 2505/468 2507/462
f 2500/465 2507/462 2505/468
f 2507/462 2500/465 2503/461
f 2508/477 2289/482 2416/481
f 2424/479 2416/481 2420/483
f 2508/477 2290/480 2289/482
f 2424/479 2508/477 2416/481
f 2291/474 2290/480 2508/477
f 2430/472 2508/477 2424/479
f 2509/470 2291/474 2508/477
f 2482/478 2483/476 2477/448
f 2483/476 2480/444 2477/448
f 2430/472 2509/470 2508/477
f 2488/457 2477/448 2490/453
f 2478/447 2490/453 2477/448
f 2486/475 2481/446 2483/476
f 2481/446 2480/444 2483/476
f 2481/446 2491/451 2478/447
f 2491/451 2490/453 2478/447
f 2437/469 2291/474 2509/470
f 2437/469 2292/473 2291/474
f 2434/471 2509/470 2430/472
f 2434/471 2437/469 2509/470
f 2488/457 2492/460 2498/467
f 2492/460 2510/463 2498/467
f 2491/451 2501/466 2492/460
f 2510/463 2492/460 2501/466
f 2512/467 2470/464 2511/468
f 2513/465 2511/468 2473/462
f 2471/881 2512/467 2514/463
f 2470/464 2473/462 2511/468
f 2470/464 2512/467 2472/882
f 2471/881 2472/882 2512/467
f 2473/462 2474/461 2513/465
f 2514/463 2475/883 2471/881
f 2476/884 2515/466 2474/461
f 2474/461 2515/466 2513/465
f 2476/884 2475/883 2515/466
f 2515/466 2475/883 2514/463
usemtl texture11
f 2193/501 2516/498 2309/502
f 2422/500 2309/502 2516/498
f 2193/501 2423/499 2516/498
f 2427/497 2422/500 2516/498
f 2516/498 2423/499 2429/487
f 2517/489 2427/497 2516/498
f 2516/498 2429/487 2517/489
f 2436/496 2427/497 2517/489
f 2518/488 2436/496 2517/489
f 2518/488 2519/491 2436/496
f 2519/491 2518/488 2435/490
f 2519/491 2435/490 2438/495
f 2519/491 2439/493 2436/496
f 2218/494 2519/491 2438/495
f 2218/494 2311/492 2519/491
f 2439/493 2519/491 2311/492
f 2517/489 2429/487 2518/488
f 2435/490 2518/488 2429/487
usemtl texture12
f 2361/505 2364/503 2360/504
f 2364/503 2365/506 2360/504
f 2222/509 2224/507 2219/508
f 2224/507 2225/510 2219/508
f 2369/505 2372/503 2368/504
f 2372/503 2373/506 2368/504
f 2230/509 2234/507 2227/508
f 2234/507 2231/510 2227/508
f 2377/513 2380/511 2376/512
f 2380/511 2381/514 2376/512
f 2238/517 2242/515 2235/516
f 2242/515 2239/518 2235/516
f 2385/513 2388/511 2384/512
f 2388/511 2389/514 2384/512
f 2246/517 2250/515 2243/516
f 2250/515 2247/518 2243/516
f 2522/533 2521/678 2520/531
f 2521/678 2523/679 2520/531
f 2526/533 2525/678 2524/531
f 2525/678 2527/679 2524/531
f 2303/533 2307/532 2273/531
f 2307/532 2272/534 2273/531
f 2276/533 2277/532 2281/531
f 2277/532 2280/534 2281/531
usemtl texture13
f 2530/535 2529/542 2528/537
f 2529/542 2531/541 2528/537
f 2533/543 2529/542 2532/540
f 2529/542 2530/535 2532/540
f 2535/536 2534/538 2528/537
f 2534/538 2530/535 2528/537
f 2534/538 2536/539 2530/535
f 2536/539 2532/540 2530/535
f 2529/547 2537/545 2531/548
f 2537/545 2538/544 2531/548
f 2533/549 2539/546 2529/547
f 2539/546 2537/545 2529/547
f 2538/544 2537/545 2535/536
f 2537/545 2534/538 2535/536
f 2534/538 2537/545 2536/539
f 2537/545 2539/546 2536/539
f 2542/535 2541/542 2540/537
f 2541/542 2543/541 2540/537
f 2545/543 2541/542 2544/540
f 2541/542 2542/535 2544/540
f 2547/536 2546/538 2540/537
f 2546/538 2542/535 2540/537
f 2546/538 2548/539 2542/535
f 2548/539 2544/540 2542/535
f 2541/547 2549/545 2543/548
f 2549/545 2550/544 2543/548
f 2545/549 2551/546 2541/547
f 2551/546 2549/545 2541/547
f 2550/544 2549/545 2547/536
f 2549/545 2546/538 2547/536
f 2546/538 2549/545 2548/539
f 2549/545 2551/546 2548/539
f 2554/550 2553/554 2552/552
f 2553/554 2555/555 2552/552
f 2557/543 2553/554 2556/540
f 2553/554 2554/550 2556/540
f 2559/551 2558/553 2552/552
f 2558/553 2554/550 2552/552
f 2558/553 2560/539 2554/550
f 2560/539 2556/540 2554/550
f 2553/558 2561/557 2555/559
f 2561/557 2562/556 2555/559
f 2557/549 2563/546 2553/558
f 2563/546 2561/557 2553/558
f 2562/556 2561/557 2559/551
f 2561/557 2558/553 2559/551
f 2558/553 2561/557 2560/539
f 2561/557 2563/546 2560/539
f 2566/550 2565/554 2564/552
f 2565/554 2567/555 2564/552
f 2569/543 2565/554 2568/540
f 2565/554 2566/550 2568/540
f 2571/551 2570/553 2564/552
f 2570/553 2566/550 2564/552
f 2570/553 2572/539 2566/550
f 2572/539 2568/540 2566/550
f 2565/558 2573/557 2567/559
f 2573/557 2574/556 2567/559
f 2569/549 2575/546 2565/558
f 2575/546 2573/557 2565/558
f 2574/556 2573/557 2571/551
f 2573/557 2570/553 2571/551
f 2570/553 2573/557 2572/539
f 2573/557 2575/546 2572/539
f 2578/566 2577/568 2576/569
f 2577/568 2579/567 2576/569
f 2581/549 2580/546 2578/566
f 2580/546 2577/568 2578/566
f 2584/566 2583/568 2582/569
f 2583/568 2585/567 2582/569
f 2587/549 2586/546 2584/566
f 2586/546 2583/568 2584/566
f 2442/767 2589/765 2588/767
f 2442/767 2440/761 2589/765
f 2440/761 2590/759 2589/765
f 2448/764 2591/763 2447/760
f 2447/760 2591/763 2592/762
f 2440/761 2447/760 2590/759
f 2447/760 2592/762 2590/759
f 2594/581 2161/580 2593/579
f 2595/584 2593/583 2159/582
f 2594/581 2596/585 2161/580
f 2159/582 2593/583 2161/586
f 2161/580 2596/585 2162/587
f 2595/584 2159/582 2597/588
f 2162/591 2596/590 2598/589
f 2163/594 2597/593 2159/592
f 2162/591 2599/596 2163/595
f 2163/594 2600/597 2597/593
f 2162/591 2598/589 2599/596
f 2163/594 2599/598 2600/597
usemtl texture14
f 2319/601 2315/599 2316/600
f 2315/599 2313/602 2316/600
f 2327/601 2323/599 2324/600
f 2323/599 2321/602 2324/600
f 2335/601 2331/599 2332/600
f 2331/599 2329/602 2332/600
f 2343/601 2339/599 2340/600
f 2339/599 2337/602 2340/600
usemtl texture15
f 2603/605 2602/603 2601/604
f 2604/603 2603/605 2601/604
f 2602/603 2603/605 2605/604
f 2603/605 2604/603 2605/604
f 2608/605 2607/603 2606/604
f 2609/603 2608/605 2606/604
f 2607/603 2608/605 2610/604
f 2608/605 2609/603 2610/604
f 2613/605 2612/603 2611/604
f 2614/603 2613/605 2611/604
f 2612/603 2613/605 2615/604
f 2613/605 2614/603 2615/604
f 2618/605 2617/603 2616/604
f 2619/603 2618/605 2616/604
f 2617/603 2618/605 2620/604
f 2618/605 2619/603 2620/604
f 2623/603 2622/605 2621/604
f 2626/608 2625/607 2624/606
f 2625/607 2627/609 2624/606
f 2629/611 2627/609 2628/610
f 2627/609 2625/607 2628/610
f 2624/606 2629/611 2626/608
f 2629/611 2628/610 2626/608
f 2632/608 2631/607 2630/606
f 2631/607 2633/609 2630/606
f 2635/611 2633/609 2634/610
f 2633/609 2631/607 2634/610
f 2630/606 2635/611 2632/608
f 2635/611 2634/610 2632/608
usemtl texture16
f 2522/685 2636/683 2521/681
f 2637/680 2520/684 2523/682
f 2523/682 2521/681 2637/680
f 2521/681 2636/683 2637/680
f 2526/685 2638/683 2525/681
f 2639/680 2524/684 2527/682
f 2527/682 2525/681 2639/680
f 2525/681 2638/683 2639/680
f 2642/685 2641/683 2640/681
usemtl texture17
f 2592/770 2591/772 2643/769
f 2591/772 2644/773 2643/769
f 2592/770 2643/769 2590/768
f 2643/769 2645/771 2590/768
usemtl texture18
f 2267/633 2270/630 2452/632
f 2270/630 2451/628 2452/632
f 2305/636 2271/635 2456/634
f 2271/635 2455/637 2456/634
f 2306/629 2305/636 2459/631
f 2305/636 2456/634 2459/631
f 2271/633 2274/630 2455/632
f 2274/630 2460/628 2455/632
f 2274/630 2306/629 2460/628
f 2306/629 2459/631 2460/628
f 2278/636 2279/635 2464/634
f 2279/635 2463/637 2464/634
f 2275/629 2278/636 2467/631
f 2278/636 2464/634 2467/631
f 2279/633 2282/630 2463/632
f 2282/630 2468/628 2463/632
f 2282/630 2275/629 2468/628
f 2275/629 2467/631 2468/628
g Object_7
usemtl mat1
f 2648/886 2647/72 2646/885
f 2647/72 2648/886 2649/868
f 2649/868 2650/778 2647/72
f 2653/888 2652/887 2651/80
f 2652/887 2653/888 2654/643
f 2651/80 2655/889 2653/888
f 2655/889 2651/80 2656/784
f 2656/784 2657/872 2655/889
f 2657/872 2656/784 2658/785
f 2661/892 2660/891 2659/890
f 2662/533 2660/891 2661/892
f 2661/892 2663/893 2662/533
f 2666/896 2665/895 2664/894
f 2662/533 2663/893 2667/531
f 2666/896 2664/894 2668/897
f 2670/899 2659/890 2669/898
f 2659/890 2660/891 2669/898
f 2664/901 2665/900 2669/898
f 2665/900 2670/899 2669/898
f 2668/897 2667/531 2666/896
f 2667/531 2663/893 2666/896
usemtl texture1
f 2673/646 2672/645 2671/647
f 2675/109 2674/106 2673/107
f 2673/646 2676/648 2672/645
f 2673/107 2674/106 2676/108
usemtl texture2
f 2676/651 2677/650 2672/649
f 2677/650 2678/652 2672/649
f 2674/116 2679/118 2676/119
f 2679/118 2677/117 2676/119
f 2682/124 2681/125 2680/126
f 2682/124 2683/126 2681/125
f 2680/126 2681/125 2684/124
f 2681/125 2683/126 2684/124
f 2687/126 2686/125 2685/124
f 2686/125 2688/126 2685/124
f 2689/124 2686/125 2687/126
f 2689/124 2688/126 2686/125
usemtl texture3
f 2649/655 2691/657 2690/658
f 2691/137 2693/902 2692/130
f 2693/902 2691/137 2649/127
f 2691/657 2673/659 2690/658
f 2692/130 2673/138 2691/137
f 2690/658 2673/659 2671/660
f 2692/130 2675/139 2673/138
f 2694/904 2649/127 2648/903
f 2693/905 2649/127 2694/904
f 2697/908 2696/907 2695/906
f 2698/909 2695/906 2696/907
f 2701/912 2700/911 2699/910
f 2704/915 2703/914 2702/913
f 2698/909 2705/916 2695/906
f 2706/918 2699/917 2697/908
f 2707/920 2696/907 2703/919
f 2706/921 2701/912 2699/910
f 2704/915 2707/922 2703/914
f 2708/923 2698/909 2696/907
f 2709/924 2706/918 2697/908
f 2707/920 2708/923 2696/907
f 2698/927 2711/926 2710/925
f 2711/926 2712/928 2710/925
f 2713/929 2701/912 2706/921
f 2707/922 2704/915 2714/930
f 2698/909 2708/923 2715/931
f 2716/932 2706/918 2709/924
f 2708/923 2707/920 2717/933
f 2711/934 2698/909 2715/931
f 2716/935 2713/929 2706/921
f 2717/936 2707/922 2714/930
f 2719/938 2709/924 2718/937
f 2719/938 2716/932 2709/924
f 2715/931 2708/923 2717/933
f 2719/938 2718/937 2720/939
f 2716/935 2721/940 2713/929
f 2717/943 2714/942 2722/941
f 2723/944 2711/934 2715/931
f 2724/945 2719/938 2720/939
f 2721/940 2725/946 2713/929
f 2714/942 2726/947 2722/941
f 2725/946 2721/940 2727/948
f 2722/941 2726/947 2728/949
f 2729/950 2725/946 2727/948
f 2726/947 2730/951 2728/949
f 2700/911 2702/913 2699/910
f 2699/910 2702/913 2703/914
f 2703/919 2696/907 2699/917
f 2697/908 2699/917 2696/907
f 2729/950 2727/948 2730/951
f 2727/948 2728/949 2730/951
f 2733/214 2732/215 2731/216
f 2734/213 2731/216 2732/215
f 2736/214 2733/215 2735/216
f 2731/213 2735/216 2733/215
f 2738/214 2736/215 2737/216
f 2735/213 2737/216 2736/215
f 2741/214 2740/215 2739/216
f 2742/213 2739/216 2740/215
f 2744/214 2741/215 2743/216
f 2739/213 2743/216 2741/215
f 2746/214 2744/215 2745/216
f 2743/213 2745/216 2744/215
f 2749/215 2748/214 2747/213
f 2747/213 2748/214 2750/216
f 2748/215 2751/214 2750/213
f 2750/213 2751/214 2752/216
f 2751/215 2753/214 2752/213
f 2752/213 2753/214 2754/216
f 2757/215 2756/214 2755/213
f 2755/213 2756/214 2758/216
f 2756/215 2759/214 2758/213
f 2758/213 2759/214 2760/216
f 2759/215 2761/214 2760/213
f 2760/213 2761/214 2762/216
f 2765/662 2764/661 2763/219
f 2764/661 2766/217 2763/219
f 2768/223 2767/663 2763/219
f 2767/663 2765/662 2763/219
f 2768/223 2769/664 2767/663
f 2769/664 2770/665 2767/663
usemtl texture13
f 2773/954 2772/953 2771/952
f 2774/955 2772/953 2773/954
f 2775/956 2771/952 2772/953
f 2775/956 2772/953 2774/955
f 2778/560 2777/564 2776/562
f 2777/564 2779/565 2776/562
f 2781/543 2777/564 2780/540
f 2777/564 2778/560 2780/540
f 2783/561 2782/563 2776/562
f 2782/563 2778/560 2776/562
f 2782/563 2784/539 2778/560
f 2784/539 2780/540 2778/560
f 2786/567 2785/568 2783/561
f 2785/568 2782/563 2783/561
f 2782/563 2785/568 2784/539
f 2785/568 2787/546 2784/539
f 2790/560 2789/564 2788/562
f 2789/564 2791/565 2788/562
f 2793/543 2789/564 2792/540
f 2789/564 2790/560 2792/540
f 2795/561 2794/563 2788/562
f 2794/563 2790/560 2788/562
f 2794/563 2796/539 2790/560
f 2796/539 2792/540 2790/560
f 2798/567 2797/568 2795/561
f 2797/568 2794/563 2795/561
f 2794/563 2797/568 2796/539
f 2797/568 2799/546 2796/539
f 2802/568 2801/567 2800/566
f 2801/567 2803/569 2800/566
f 2805/549 2804/546 2800/566
f 2804/546 2802/568 2800/566
f 2807/561 2801/567 2806/563
f 2801/567 2802/568 2806/563
f 2806/563 2802/568 2808/539
f 2802/568 2804/546 2808/539
f 2810/562 2807/561 2809/560
f 2807/561 2806/563 2809/560
f 2806/563 2808/539 2809/560
f 2808/539 2811/540 2809/560
f 2814/568 2813/567 2812/566
f 2813/567 2815/569 2812/566
f 2817/549 2816/546 2812/566
f 2816/546 2814/568 2812/566
f 2819/561 2813/567 2818/563
f 2813/567 2814/568 2818/563
f 2818/563 2814/568 2820/539
f 2814/568 2816/546 2820/539
f 2822/562 2819/561 2821/560
f 2819/561 2818/563 2821/560
f 2818/563 2820/539 2821/560
f 2820/539 2823/540 2821/560
f 2825/581 2682/580 2824/579
f 2826/584 2824/583 2680/582
f 2825/581 2827/585 2682/580
f 2680/582 2824/583 2682/586
f 2682/580 2827/585 2683/587
f 2826/584 2680/582 2828/588
f 2683/591 2827/590 2829/589
f 2684/594 2828/593 2680/592
f 2683/591 2830/596 2684/595
f 2684/594 2831/597 2828/593
f 2683/591 2829/589 2830/596
f 2684/594 2830/598 2831/597
f 2685/594 2833/598 2832/597
f 2688/591 2834/589 2833/596
f 2685/594 2832/597 2835/593
f 2688/591 2833/596 2685/595
f 2685/594 2835/593 2687/592
f 2688/591 2836/590 2834/589
f 2837/584 2687/582 2835/588
f 2689/580 2836/585 2688/587
f 2687/582 2838/583 2689/586
f 2837/584 2838/583 2687/582
f 2839/581 2836/585 2689/580
f 2839/581 2689/580 2838/579
usemtl texture5
f 2842/959 2841/958 2840/957
f 2840/957 2841/958 2843/960
f 2841/958 2842/959 2844/960
f 2842/959 2845/957 2844/960
f 2847/268 2769/266 2846/265
f 2846/265 2769/266 2768/267
f 2849/669 2848/667 2770/666
f 2770/666 2848/667 2767/668
f 2847/671 2849/672 2769/673
f 2769/673 2849/672 2770/670
f 2852/275 2851/274 2850/273
f 2850/272 2853/269 2852/270
f 2853/269 2854/271 2852/270
f 2852/275 2855/276 2851/274
f 2850/275 2851/274 2856/273
f 2856/275 2851/274 2855/273
f 2858/271 2856/270 2857/269
f 2856/270 2855/272 2857/269
f 2861/275 2860/274 2859/273
f 2863/271 2861/270 2862/269
f 2861/270 2859/272 2862/269
f 2864/275 2859/276 2860/274
f 2865/275 2860/274 2861/273
f 2864/275 2860/274 2865/273
f 2865/272 2866/269 2864/270
f 2866/269 2867/271 2864/270
usemtl texture6
f 2711/963 2723/962 2868/961
f 2723/962 2869/964 2868/961
f 2872/285 2871/289 2870/286
f 2871/289 2873/290 2870/286
f 2871/288 2874/283 2873/287
f 2874/283 2875/281 2873/287
f 2877/282 2872/285 2876/284
f 2872/285 2870/286 2876/284
f 2874/283 2877/282 2875/281
f 2877/282 2876/284 2875/281
f 2880/285 2879/289 2878/286
f 2879/289 2881/290 2878/286
f 2879/288 2882/283 2881/287
f 2882/283 2883/281 2881/287
f 2885/282 2880/285 2884/284
f 2880/285 2878/286 2884/284
f 2882/283 2885/282 2883/281
f 2885/282 2884/284 2883/281
f 2888/285 2887/289 2886/286
f 2887/289 2889/290 2886/286
f 2887/288 2890/283 2889/287
f 2890/283 2891/281 2889/287
f 2893/282 2888/285 2892/284
f 2888/285 2886/286 2892/284
f 2890/283 2893/282 2891/281
f 2893/282 2892/284 2891/281
f 2896/285 2895/289 2894/286
f 2895/289 2897/290 2894/286
f 2895/288 2898/283 2897/287
f 2898/283 2899/281 2897/287
f 2901/282 2896/285 2900/284
f 2896/285 2894/286 2900/284
f 2898/283 2901/282 2899/281
f 2901/282 2900/284 2899/281
f 2904/285 2903/289 2902/286
f 2903/289 2905/290 2902/286
f 2903/288 2906/283 2905/287
f 2906/283 2907/281 2905/287
f 2909/282 2904/285 2908/284
f 2904/285 2902/286 2908/284
f 2906/283 2909/282 2907/281
f 2909/282 2908/284 2907/281
f 2912/288 2911/287 2910/283
f 2915/282 2914/284 2913/285
f 2914/284 2916/286 2913/285
f 2913/285 2916/286 2912/289
f 2916/286 2911/290 2912/289
f 2919/283 2918/281 2917/282
f 2918/281 2920/284 2917/282
f 2922/288 2921/287 2919/283
f 2921/287 2918/281 2919/283
f 2917/282 2920/284 2923/285
f 2920/284 2924/286 2923/285
f 2923/285 2924/286 2922/289
f 2924/286 2921/290 2922/289
f 2927/283 2926/281 2925/282
f 2926/281 2928/284 2925/282
f 2930/288 2929/287 2927/283
f 2929/287 2926/281 2927/283
f 2925/282 2928/284 2931/285
f 2928/284 2932/286 2931/285
f 2931/285 2932/286 2930/289
f 2932/286 2929/290 2930/289
f 2935/285 2934/286 2933/289
f 2934/286 2936/290 2933/289
f 2933/288 2936/287 2937/283
f 2936/287 2938/281 2937/283
f 2937/283 2938/281 2939/282
f 2942/285 2941/286 2940/289
f 2941/286 2943/290 2940/289
f 2940/288 2943/287 2944/283
f 2943/287 2945/281 2944/283
f 2944/283 2945/281 2946/282
f 2945/281 2947/284 2946/282
f 2950/285 2949/286 2948/289
f 2949/286 2951/290 2948/289
f 2953/282 2952/284 2950/285
f 2952/284 2949/286 2950/285
f 2948/288 2951/287 2954/283
f 2951/287 2955/281 2954/283
f 2954/283 2955/281 2953/282
f 2955/281 2952/284 2953/282
f 2958/285 2957/286 2956/289
f 2957/286 2959/290 2956/289
f 2956/288 2959/287 2960/283
f 2959/287 2961/281 2960/283
f 2960/283 2961/281 2962/282
f 2961/281 2963/284 2962/282
f 2966/285 2965/286 2964/289
f 2965/286 2967/290 2964/289
f 2964/288 2967/287 2968/283
f 2967/287 2969/281 2968/283
f 2968/283 2969/281 2970/282
f 2973/282 2972/285 2971/284
f 2972/285 2974/286 2971/284
f 2977/288 2976/283 2975/287
f 2972/285 2977/289 2974/286
f 2977/289 2975/290 2974/286
f 2980/283 2979/282 2978/281
f 2979/282 2981/284 2978/281
f 2983/288 2980/283 2982/287
f 2980/283 2978/281 2982/287
f 2985/285 2983/289 2984/286
f 2983/289 2982/290 2984/286
f 2988/283 2987/282 2986/281
f 2990/288 2988/283 2989/287
f 2988/283 2986/281 2989/287
f 2992/285 2990/289 2991/286
f 2990/289 2989/290 2991/286
f 2995/789 2994/788 2993/528
f 2994/788 2996/790 2993/528
f 2999/789 2998/788 2997/528
f 2998/788 3000/790 2997/528
usemtl texture7
f 2659/967 2670/966 3001/965
f 3002/968 3001/965 2670/966
f 3001/965 3002/968 2843/969
f 3002/968 2840/970 2843/969
f 2661/972 2659/967 3003/971
f 2659/967 3001/965 3003/971
f 2670/966 2665/973 3002/968
f 2665/973 3004/974 3002/968
f 3001/965 2843/969 3003/971
f 3003/971 2843/969 2841/975
f 3002/968 3004/974 2840/970
f 3004/974 2842/976 2840/970
f 3005/965 3003/977 2844/969
f 3003/977 2841/978 2844/969
f 3006/981 2845/980 3004/979
f 3004/979 2845/980 2842/982
f 2663/967 2661/983 3005/965
f 2661/983 3003/977 3005/965
f 2665/985 2666/984 3004/979
f 2666/984 3006/981 3004/979
f 3006/981 3005/965 2845/980
f 3005/965 2844/969 2845/980
f 2666/984 2663/967 3006/981
f 2663/967 3005/965 3006/981
f 3009/324 3008/322 3007/323
f 3008/322 3010/325 3007/323
f 3008/324 3011/322 3010/323
f 3011/322 3012/325 3010/323
f 3011/324 3013/322 3012/323
f 3013/322 3014/325 3012/323
f 3017/324 3016/322 3015/323
f 3016/322 3018/325 3015/323
f 3016/324 3019/322 3018/323
f 3019/322 3020/325 3018/323
f 3019/324 3021/322 3020/323
f 3021/322 3022/325 3020/323
f 3025/324 3024/323 3023/322
f 3024/323 3026/325 3023/322
f 3023/324 3026/323 3027/322
f 3026/323 3028/325 3027/322
f 3027/324 3028/323 3029/322
f 3028/323 3030/325 3029/322
f 3033/324 3032/323 3031/322
f 3032/323 3034/325 3031/322
f 3031/324 3034/323 3035/322
f 3034/323 3036/325 3035/322
f 3035/324 3036/323 3037/322
f 3036/323 3038/325 3037/322
f 3041/817 3040/815 3039/819
f 3040/815 3042/813 3039/819
f 3040/815 3043/814 3042/813
f 3043/814 3044/816 3042/813
f 3047/819 3046/813 3045/817
f 3046/813 3048/815 3045/817
f 3039/819 3044/818 3041/817
f 3044/818 3043/820 3041/817
f 3046/813 3049/816 3048/815
f 3049/816 3050/814 3048/815
f 3053/813 3052/816 3051/815
f 3052/816 3054/814 3051/815
f 3045/817 3050/820 3047/819
f 3050/820 3049/818 3047/819
f 3057/817 3056/815 3055/819
f 3056/815 3058/813 3055/819
f 3056/815 3059/814 3058/813
f 3059/814 3060/816 3058/813
f 3055/819 3060/818 3057/817
f 3060/818 3059/820 3057/817
f 3063/817 3062/820 3061/819
f 3062/820 3064/818 3061/819
f 3066/817 3054/820 3065/819
f 3054/820 3052/818 3065/819
f 3065/819 3053/813 3066/817
f 3053/813 3051/815 3066/817
f 3061/819 3067/813 3063/817
f 3067/813 3068/815 3063/817
f 3067/813 3064/816 3068/815
f 3064/816 3062/814 3068/815
f 3071/819 3070/813 3069/817
f 3070/813 3072/815 3069/817
f 3070/813 3073/816 3072/815
f 3073/816 3074/814 3072/815
f 3077/817 3076/815 3075/819
f 3076/815 3078/813 3075/819
f 3069/817 3074/820 3071/819
f 3074/820 3073/818 3071/819
f 3075/819 3079/818 3077/817
f 3079/818 3080/820 3077/817
f 3076/815 3080/814 3078/813
f 3080/814 3079/816 3078/813
f 3083/815 3082/814 3081/813
f 3082/814 3084/816 3081/813
f 3086/819 3084/818 3085/817
f 3084/818 3082/820 3085/817
f 3085/817 3083/815 3086/819
f 3083/815 3081/813 3086/819
f 3089/817 3088/820 3087/819
f 3088/820 3090/818 3087/819
f 3087/819 3091/813 3089/817
f 3091/813 3092/815 3089/817
f 3091/813 3090/816 3092/815
f 3090/816 3088/814 3092/815
f 3095/819 3094/813 3093/817
f 3094/813 3096/815 3093/817
f 3099/819 3098/813 3097/817
f 3098/813 3100/815 3097/817
f 3098/813 3101/816 3100/815
f 3101/816 3102/814 3100/815
f 3093/817 3103/820 3095/819
f 3103/820 3104/818 3095/819
f 3107/817 3106/815 3105/819
f 3106/815 3108/813 3105/819
f 3106/815 3109/814 3108/813
f 3109/814 3110/816 3108/813
f 3105/819 3110/818 3107/817
f 3110/818 3109/820 3107/817
f 3097/817 3102/820 3099/819
f 3102/820 3101/818 3099/819
f 3113/817 3112/820 3111/819
f 3112/820 3114/818 3111/819
f 3116/813 3114/816 3115/815
f 3114/816 3112/814 3115/815
f 3094/813 3104/816 3096/815
f 3104/816 3103/814 3096/815
f 3111/819 3116/813 3113/817
f 3116/813 3115/815 3113/817
f 3119/819 3118/818 3117/817
f 3118/818 3120/820 3117/817
f 3117/817 3121/815 3119/819
f 3121/815 3122/813 3119/819
f 3121/815 3120/814 3122/813
f 3120/814 3118/816 3122/813
usemtl texture8
f 2868/988 3123/987 2712/986
f 2711/989 2868/988 2712/986
f 2868/988 3124/990 3123/987
f 2868/988 3125/991 3124/990
f 2868/988 2869/992 3125/991
f 2719/995 2721/994 2716/993
f 2715/998 2717/997 2722/996
f 2869/992 3126/999 3125/991
f 2719/995 2724/1000 2721/994
f 2715/998 2722/996 2723/1001
f 3127/1002 3126/999 2869/992
f 2724/1000 3128/1003 2721/994
f 2722/996 3129/1004 2723/1001
f 2721/994 3130/1006 2727/1005
f 2722/996 2728/1008 3131/1007
f 3133/1011 3132/1010 3126/1009
f 3133/1011 3126/1009 3127/1012
f 2721/994 3128/1003 3130/1006
f 2722/996 3131/1007 3129/1004
f 3134/1013 3132/1010 3133/1011
f 3131/1007 2728/1008 3130/1006
f 2727/1005 3130/1006 2728/1008
f 3137/426 3136/425 3135/424
f 3136/425 3138/427 3135/424
f 3140/419 3137/426 3139/421
f 3137/426 3135/424 3139/421
f 3142/420 3140/419 3141/418
f 3140/419 3139/421 3141/418
f 3145/420 3144/419 3143/418
f 3144/419 3146/421 3143/418
f 3144/419 3147/426 3146/421
f 3147/426 3148/424 3146/421
f 3147/426 3149/425 3148/424
f 3149/425 3150/427 3148/424
usemtl texture9
f 2695/1016 2771/1015 2697/1014
f 2771/1019 2695/1018 2705/1017
f 2698/1021 2773/1020 2705/1017
f 2771/1015 2709/1022 2697/1014
f 2773/1020 2771/1019 2705/1017
f 2774/1025 2698/1024 2710/1023
f 2709/1022 2771/1015 2718/1026
f 2712/1027 2774/1025 2710/1023
f 2712/1027 3123/1028 2774/1025
f 2698/1021 2774/1029 2773/1020
f 2718/1026 2771/1015 2720/1030
f 3123/1028 3124/1031 2774/1025
f 3124/1034 3125/1033 2774/1032
f 2720/1037 2771/1036 2724/1035
f 3126/1038 2774/1032 3125/1033
f 3151/1040 2771/1036 2775/1039
f 3151/1040 2724/1035 2771/1036
f 3132/1041 2774/1032 3126/1038
f 3134/1043 2775/1039 2774/1042
f 3132/1041 3134/1044 2774/1032
f 3151/1040 2775/1039 3134/1043
usemtl texture10
f 3154/1047 3153/1046 3152/1045
f 3153/1046 3155/1048 3152/1045
f 3156/1049 3153/1046 3154/1047
f 3156/1049 3155/1048 3153/1046
f 3158/1051 3152/1045 3157/1050
f 3161/1054 3160/1053 3159/1052
f 3162/1055 3161/1054 3159/1052
f 3157/1050 3163/1056 3158/1051
f 3165/1058 3156/1049 3164/1057
f 3159/1052 3152/1045 3166/1059
f 3158/1051 3167/1060 3152/1045
f 3168/1061 3160/1053 3161/1054
f 3168/1061 3161/1054 3162/1055
f 3152/1045 3167/1060 3166/1059
f 3156/1049 3169/1062 3164/1057
f 3164/1057 3170/1063 3163/1056
f 3158/1051 3163/1056 3170/1063
f 3171/1064 3159/1052 3166/1059
f 3173/1066 3172/1065 3171/1064
f 3174/1067 3169/1062 3156/1049
f 3175/1068 3173/1066 3171/1064
f 3176/1069 3156/1049 3168/1061
f 3170/1063 3164/1057 3169/1062
f 3167/1060 3158/1051 3177/1070
f 3178/1071 3172/1065 3173/1066
f 3158/1051 3170/1063 3177/1070
f 3178/1071 3173/1066 3175/1068
f 3176/1069 3174/1067 3156/1049
f 3170/1063 3169/1062 3174/1067
f 3177/1070 3170/1063 3174/1067
f 3171/1064 3179/1072 3175/1068
f 3176/1069 3168/1061 3178/1071
f 3167/1060 3177/1070 3180/1073
f 3166/1059 3167/1060 3180/1073
f 3166/1059 3179/1072 3171/1064
f 3175/1068 3179/1072 3178/1071
f 3177/1070 3174/1067 3176/1069
f 3180/1073 3177/1070 3176/1069
f 3176/1069 3178/1071 3179/1072
f 3180/1073 3179/1072 3166/1059
f 3176/1069 3179/1072 3180/1073
f 3152/1045 3155/1048 3157/1050
f 3155/1048 3181/1074 3157/1050
f 3152/1045 3159/1052 3154/1047
f 3160/1053 3154/1047 3159/1052
f 3165/1058 3181/1074 3156/1049
f 3181/1074 3155/1048 3156/1049
f 3168/1061 3156/1049 3160/1053
f 3156/1049 3154/1047 3160/1053
f 3171/1064 3172/1065 3159/1052
f 3172/1065 3162/1055 3159/1052
f 3178/1071 3168/1061 3172/1065
f 3168/1061 3162/1055 3172/1065
usemtl texture11
f 2723/1077 3182/1076 2869/1075
f 3127/1078 2869/1075 3182/1076
f 2724/1081 3151/1080 3128/1079
f 2723/1077 3129/1082 3182/1076
f 3133/1083 3127/1078 3182/1076
f 3151/1080 3130/1084 3128/1079
f 3182/1076 3129/1082 3131/1085
f 3183/1087 3151/1080 3134/1086
f 3184/1088 3133/1083 3182/1076
f 3182/1076 3131/1085 3184/1088
f 3151/1080 3183/1087 3130/1084
f 3183/1087 3134/1086 3184/1088
f 3134/1086 3133/1083 3184/1088
f 3184/1088 3131/1085 3183/1087
f 3130/1084 3183/1087 3131/1085
usemtl texture12
f 3009/521 3013/519 3008/520
f 3013/519 3011/522 3008/520
f 2734/525 2737/523 2731/524
f 2737/523 2735/526 2731/524
f 3017/521 3021/519 3016/520
f 3021/519 3019/522 3016/520
f 2742/525 2745/523 2739/524
f 2745/523 2743/526 2739/524
f 3025/521 3023/520 3029/519
f 3023/520 3027/522 3029/519
f 2747/525 2750/524 2754/523
f 2750/524 2752/526 2754/523
f 3033/521 3031/520 3037/519
f 3031/520 3035/522 3037/519
f 2755/525 2758/524 2762/523
f 2758/524 2760/526 2762/523
f 3187/528 3186/533 3185/530
f 3186/533 3188/531 3185/530
f 3190/529 3187/528 3189/527
f 3187/528 3185/530 3189/527
f 3193/528 3192/533 3191/530
f 3192/533 3194/531 3191/530
f 3192/533 3195/678 3194/531
f 3195/678 3196/679 3194/531
f 3199/533 3198/804 3197/803
f 3198/804 3200/805 3197/803
f 3203/533 3202/804 3201/803
f 3202/804 3204/805 3201/803
f 2850/533 2856/532 2853/531
f 2856/532 2858/534 2853/531
f 3207/533 3206/804 3205/803
f 3206/804 3208/805 3205/803
f 3211/533 3210/804 3209/803
f 3210/804 3212/805 3209/803
f 2865/533 2861/532 2866/531
f 2861/532 2863/534 2866/531
usemtl texture14
f 2875/601 2876/600 2873/599
f 2876/600 2870/602 2873/599
f 2883/601 2884/600 2881/599
f 2884/600 2878/602 2881/599
f 2891/601 2892/600 2889/599
f 2892/600 2886/602 2889/599
f 2899/601 2900/600 2897/599
f 2900/600 2894/602 2897/599
f 2907/601 2908/600 2905/599
f 2908/600 2902/602 2905/599
f 3213/601 2911/599 2914/600
f 2911/599 2916/602 2914/600
f 2918/601 2921/599 2920/600
f 2921/599 2924/602 2920/600
f 2926/601 2929/599 2928/600
f 2929/599 2932/602 2928/600
f 2938/601 2936/599 3214/600
f 2936/599 2934/602 3214/600
f 2945/601 2943/599 2947/600
f 2943/599 2941/602 2947/600
f 2955/601 2951/599 2952/600
f 2951/599 2949/602 2952/600
f 2961/601 2959/599 2963/600
f 2959/599 2957/602 2963/600
f 2969/601 2967/599 3215/600
f 2967/599 2965/602 3215/600
f 3216/601 2971/600 2975/599
f 2971/600 2974/602 2975/599
f 2978/601 2981/600 2982/599
f 2981/600 2984/602 2982/599
f 2986/601 3217/600 2989/599
f 3217/600 2991/602 2989/599
usemtl texture15
f 3220/605 3219/604 3218/603
f 3221/603 3219/604 3220/605
f 3218/603 3222/604 3220/605
f 3220/605 3222/604 3221/603
f 3225/605 3224/604 3223/603
f 3226/603 3224/604 3225/605
f 3223/603 3227/604 3225/605
f 3225/605 3227/604 3226/603
f 3230/605 3229/604 3228/603
f 3231/603 3229/604 3230/605
f 3228/603 3232/604 3230/605
f 3230/605 3232/604 3231/603
f 3235/605 3234/604 3233/603
f 3236/603 3234/604 3235/605
f 3233/603 3237/604 3235/605
f 3235/605 3237/604 3236/603
f 3240/605 3239/604 3238/603
f 3241/603 3239/604 3240/605
f 3238/603 3242/604 3240/605
f 3240/605 3242/604 3241/603
f 3245/603 3244/605 3243/604
f 3244/605 3246/603 3243/604
f 3249/605 3248/603 3247/604
f 3250/603 3249/605 3247/604
f 3248/603 3249/605 3251/604
f 3249/605 3250/603 3251/604
f 3254/605 3253/603 3252/604
f 3255/603 3254/605 3252/604
f 3253/603 3254/605 3256/604
f 3254/605 3255/603 3256/604
f 3259/605 3258/603 3257/604
f 3258/603 3259/605 3260/604
f 3259/605 3261/603 3260/604
f 3264/605 3263/603 3262/604
f 3265/603 3264/605 3262/604
f 3263/603 3264/605 3266/604
f 3264/605 3265/603 3266/604
f 3269/605 3268/603 3267/604
f 3270/603 3269/605 3267/604
f 3268/603 3269/605 3271/604
f 3269/605 3270/603 3271/604
f 3274/605 3273/603 3272/604
f 3275/603 3274/605 3272/604
f 3273/603 3274/605 3276/604
f 3274/605 3275/603 3276/604
f 3279/605 3278/603 3277/604
f 3278/603 3279/605 3280/604
f 3279/605 3281/603 3280/604
f 3284/603 3283/604 3282/605
f 3282/605 3283/604 3285/603
f 3288/605 3287/604 3286/603
f 3289/603 3287/604 3288/605
f 3286/603 3290/604 3288/605
f 3288/605 3290/604 3289/603
f 3293/605 3292/604 3291/603
f 3294/603 3292/604 3293/605
f 3293/605 3295/604 3294/603
f 3298/801 3297/800 3296/799
f 3297/800 3299/802 3296/799
f 3302/606 3301/611 3300/608
f 3301/611 3303/610 3300/608
f 3301/611 3304/609 3303/610
f 3304/609 3305/607 3303/610
f 3300/608 3305/607 3302/606
f 3305/607 3304/609 3302/606
f 3308/606 3307/611 3306/608
f 3307/611 3309/610 3306/608
f 3307/611 3310/609 3309/610
f 3310/609 3311/607 3309/610
f 3306/608 3311/607 3308/606
f 3311/607 3310/609 3308/606
f 3314/801 3313/800 3312/799
f 3313/800 3315/802 3312/799
f 3318/606 3317/611 3316/608
f 3317/611 3319/610 3316/608
f 3317/611 3320/609 3319/610
f 3320/609 3321/607 3319/610
f 3316/608 3321/607 3318/606
f 3321/607 3320/609 3318/606
f 3324/801 3323/800 3322/799
f 3323/800 3325/802 3322/799
f 3328/608 3327/607 3326/606
f 3327/607 3329/609 3326/606
f 3331/611 3329/609 3330/610
f 3329/609 3327/607 3330/610
f 3326/606 3331/611 3328/608
f 3331/611 3330/610 3328/608
f 3334/608 3333/607 3332/606
f 3333/607 3335/609 3332/606
f 3337/611 3335/609 3336/610
f 3335/609 3333/607 3336/610
f 3332/606 3337/611 3334/608
f 3337/611 3336/610 3334/608
f 3340/801 3339/800 3338/799
f 3339/800 3341/802 3338/799
f 3344/608 3343/607 3342/606
f 3343/607 3345/609 3342/606
f 3347/611 3345/609 3346/610
f 3345/609 3343/607 3346/610
f 3342/606 3347/611 3344/608
f 3347/611 3346/610 3344/608
usemtl texture16
f 2995/617 3185/618 2994/680
f 3185/618 3188/684 2994/680
f 3189/619 3185/618 2995/617
f 3190/614 3189/613 2993/612
f 3189/613 2995/615 2993/612
f 2999/617 3191/618 2998/680
f 3191/618 3194/684 2998/680
f 2998/680 3194/684 3196/682
f 3196/682 3195/681 2998/680
f 3195/681 3000/683 2998/680
usemtl texture18
f 2852/636 2854/635 3137/634
f 2854/635 3136/637 3137/634
f 2855/629 2852/636 3140/631
f 2852/636 3137/634 3140/631
f 2857/630 2855/629 3142/628
f 2855/629 3140/631 3142/628
f 2862/630 2859/629 3145/628
f 2859/629 3144/631 3145/628
f 2859/629 2864/636 3144/631
f 2864/636 3147/634 3144/631
f 2864/636 2867/635 3147/634
f 2867/635 3149/637 3147/634
g Object_8
usemtl mat1
f 3350/886 3349/1090 3348/1089
f 3349/1090 3350/886 3351/885
f 3351/885 3352/686 3349/1090
f 3352/686 3351/885 3353/639
f 3356/888 3355/1091 3354/643
f 3355/1091 3356/888 3357/1092
f 3357/1092 3358/1093 3355/1091
f 3359/889 3357/1092 3356/888
f 3357/1092 3359/889 3360/1094
usemtl texture1
f 3363/100 3362/106 3361/109
f 3363/100 3364/103 3362/106
usemtl texture2
f 3364/112 3365/115 3362/116
f 3365/115 3366/118 3362/116
usemtl texture3
f 3368/128 3361/139 3367/130
f 3368/128 3363/133 3361/139
f 3369/1096 3350/903 3348/1095
f 3350/903 3369/1096 3370/904
f 3371/905 3368/128 3367/130
f 3368/128 3371/905 3370/904
f 3370/904 3369/1096 3368/128
f 3374/211 3373/210 3372/209
f 3372/209 3373/210 3375/212
f 3373/211 3376/210 3375/209
f 3375/209 3376/210 3377/212
f 3374/210 3372/212 3378/211
f 3372/212 3379/209 3378/211
f 3376/211 3378/210 3377/209
f 3377/209 3378/210 3379/212
f 3382/211 3381/210 3380/209
f 3380/209 3381/210 3383/212
f 3381/211 3384/210 3383/209
f 3383/209 3384/210 3385/212
f 3382/210 3380/212 3386/211
f 3380/212 3387/209 3386/211
f 3384/211 3386/210 3385/209
f 3385/209 3386/210 3387/212
f 3390/214 3389/216 3388/215
f 3389/216 3391/213 3388/215
f 3394/214 3393/216 3392/215
f 3393/216 3395/213 3392/215
f 3398/1098 3397/725 3396/1097
f 3397/725 3398/1098 3399/726
f 3396/1097 3397/725 3400/1099
f 3402/662 3401/663 3397/725
f 3401/663 3403/729 3397/725
f 3399/726 3404/661 3397/725
f 3404/661 3402/662 3397/725
f 3407/227 3406/226 3405/225
f 3406/226 3408/228 3405/225
f 3411/227 3410/226 3409/225
f 3410/226 3412/228 3409/225
f 3415/227 3414/226 3413/225
f 3414/226 3416/228 3413/225
f 3419/227 3418/226 3417/225
f 3418/226 3420/228 3417/225
usemtl texture12
f 3423/513 3422/512 3421/511
f 3422/512 3424/514 3421/511
f 3372/517 3375/516 3379/515
f 3375/516 3377/518 3379/515
f 3427/513 3426/512 3425/511
f 3426/512 3428/514 3425/511
f 3380/517 3383/516 3387/515
f 3383/516 3385/518 3387/515
f 3431/528 3430/533 3429/530
f 3430/533 3432/531 3429/530
f 3434/529 3431/528 3433/527
f 3431/528 3429/530 3433/527
f 3437/533 3436/804 3435/803
f 3436/804 3438/805 3435/803
f 3441/533 3440/804 3439/803
f 3440/804 3442/805 3439/803
f 3418/533 3419/532 3415/531
f 3419/532 3414/534 3415/531
usemtl texture13
f 3445/557 3444/556 3443/558
f 3444/556 3446/559 3443/558
f 3448/549 3447/546 3443/558
f 3447/546 3445/557 3443/558
f 3450/551 3444/556 3449/553
f 3444/556 3445/557 3449/553
f 3449/553 3445/557 3451/539
f 3445/557 3447/546 3451/539
f 3443/554 3446/555 3452/550
f 3446/555 3453/552 3452/550
f 3448/543 3443/554 3454/540
f 3443/554 3452/550 3454/540
f 3453/552 3450/551 3452/550
f 3450/551 3449/553 3452/550
f 3449/553 3451/539 3452/550
f 3451/539 3454/540 3452/550
f 3457/557 3456/556 3455/558
f 3456/556 3458/559 3455/558
f 3460/549 3459/546 3455/558
f 3459/546 3457/557 3455/558
f 3462/551 3456/556 3461/553
f 3456/556 3457/557 3461/553
f 3461/553 3457/557 3463/539
f 3457/557 3459/546 3463/539
f 3455/554 3458/555 3464/550
f 3458/555 3465/552 3464/550
f 3460/543 3455/554 3466/540
f 3455/554 3464/550 3466/540
f 3465/552 3462/551 3464/550
f 3462/551 3461/553 3464/550
f 3461/553 3463/539 3464/550
f 3463/539 3466/540 3464/550
f 3469/564 3468/565 3467/560
f 3468/565 3470/562 3467/560
f 3472/543 3469/564 3471/540
f 3469/564 3467/560 3471/540
f 3475/564 3474/565 3473/560
f 3474/565 3476/562 3473/560
f 3478/543 3475/564 3477/540
f 3475/564 3473/560 3477/540
usemtl texture7
f 3423/318 3479/317 3422/316
f 3479/317 3480/319 3422/316
f 3479/321 3423/316 3481/320
f 3423/316 3421/318 3481/320
f 3422/318 3480/317 3424/316
f 3480/317 3482/319 3424/316
f 3424/318 3482/317 3421/316
f 3482/317 3481/319 3421/316
f 3427/318 3483/317 3426/316
f 3483/317 3484/319 3426/316
f 3483/321 3427/316 3485/320
f 3427/316 3425/318 3485/320
f 3426/318 3484/317 3428/316
f 3484/317 3486/319 3428/316
f 3428/318 3486/317 3425/316
f 3486/317 3485/319 3425/316
f 3489/327 3488/322 3487/326
f 3488/322 3490/324 3487/326
f 3493/327 3492/322 3491/326
f 3492/322 3494/324 3491/326
f 3497/810 3496/811 3495/812
f 3496/811 3498/809 3495/812
f 3501/811 3500/810 3499/809
f 3500/810 3502/812 3499/809
f 3505/745 3504/743 3503/742
f 3503/742 3504/743 3506/744
f 3509/677 3508/1100 3507/674
f 3507/674 3508/1100 3510/1101
f 3513/744 3512/743 3511/742
f 3511/742 3512/743 3514/745
f 3517/1101 3516/1100 3515/674
f 3515/674 3516/1100 3518/677
f 3521/744 3520/742 3519/743
f 3520/742 3522/745 3519/743
f 3525/676 3524/674 3523/675
f 3524/674 3526/677 3523/675
f 3529/817 3528/815 3527/819
f 3528/815 3530/813 3527/819
f 3528/815 3531/814 3530/813
f 3531/814 3532/816 3530/813
f 3535/819 3534/813 3533/817
f 3534/813 3536/815 3533/817
f 3527/819 3532/818 3529/817
f 3532/818 3531/820 3529/817
f 3534/813 3537/816 3536/815
f 3537/816 3538/814 3536/815
f 3541/813 3540/816 3539/815
f 3540/816 3542/814 3539/815
f 3533/817 3538/820 3535/819
f 3538/820 3537/818 3535/819
f 3545/817 3544/815 3543/819
f 3544/815 3546/813 3543/819
f 3544/815 3547/814 3546/813
f 3547/814 3548/816 3546/813
f 3543/819 3548/818 3545/817
f 3548/818 3547/820 3545/817
f 3551/817 3550/820 3549/819
f 3550/820 3552/818 3549/819
f 3554/817 3542/820 3553/819
f 3542/820 3540/818 3553/819
f 3553/819 3541/813 3554/817
f 3541/813 3539/815 3554/817
f 3549/819 3555/813 3551/817
f 3555/813 3556/815 3551/817
f 3555/813 3552/816 3556/815
f 3552/816 3550/814 3556/815
f 3559/819 3558/813 3557/817
f 3558/813 3560/815 3557/817
f 3558/813 3561/816 3560/815
f 3561/816 3562/814 3560/815
f 3565/817 3564/815 3563/819
f 3564/815 3566/813 3563/819
f 3557/817 3562/820 3559/819
f 3562/820 3561/818 3559/819
f 3563/819 3567/818 3565/817
f 3567/818 3568/820 3565/817
f 3564/815 3568/814 3566/813
f 3568/814 3567/816 3566/813
usemtl texture14
f 3571/601 3570/600 3569/599
f 3570/600 3572/602 3569/599
f 3575/601 3574/600 3573/599
f 3574/600 3576/602 3573/599
f 3579/601 3578/600 3577/599
f 3578/600 3580/602 3577/599
f 3583/601 3582/600 3581/599
f 3582/600 3584/602 3581/599
f 3587/601 3586/600 3585/599
f 3586/600 3588/602 3585/599
f 3591/601 3590/599 3589/600
f 3590/599 3592/602 3589/600
f 3595/601 3594/599 3593/600
f 3594/599 3596/602 3593/600
f 3599/601 3598/599 3597/600
f 3598/599 3600/602 3597/600
usemtl texture6
f 3602/285 3601/289 3572/286
f 3601/289 3569/290 3572/286
f 3601/288 3603/283 3569/287
f 3603/283 3571/281 3569/287
f 3604/282 3602/285 3570/284
f 3602/285 3572/286 3570/284
f 3603/283 3604/282 3571/281
f 3604/282 3570/284 3571/281
f 3606/285 3605/289 3576/286
f 3605/289 3573/290 3576/286
f 3605/288 3607/283 3573/287
f 3607/283 3575/281 3573/287
f 3608/282 3606/285 3574/284
f 3606/285 3576/286 3574/284
f 3607/283 3608/282 3575/281
f 3608/282 3574/284 3575/281
f 3610/285 3609/289 3580/286
f 3609/289 3577/290 3580/286
f 3609/288 3611/283 3577/287
f 3611/283 3579/281 3577/287
f 3612/282 3610/285 3578/284
f 3610/285 3580/286 3578/284
f 3611/283 3612/282 3579/281
f 3612/282 3578/284 3579/281
f 3614/285 3613/289 3584/286
f 3613/289 3581/290 3584/286
f 3613/288 3615/283 3581/287
f 3615/283 3583/281 3581/287
f 3616/282 3614/285 3582/284
f 3614/285 3584/286 3582/284
f 3615/283 3616/282 3583/281
f 3616/282 3582/284 3583/281
f 3618/285 3617/289 3588/286
f 3617/289 3585/290 3588/286
f 3617/288 3619/283 3585/287
f 3619/283 3587/281 3585/287
f 3620/282 3618/285 3586/284
f 3618/285 3588/286 3586/284
f 3619/283 3620/282 3587/281
f 3620/282 3586/284 3587/281
f 3622/288 3590/287 3621/283
f 3624/282 3589/284 3623/285
f 3589/284 3592/286 3623/285
f 3623/285 3592/286 3622/289
f 3592/286 3590/290 3622/289
f 3626/283 3595/281 3625/282
f 3595/281 3593/284 3625/282
f 3627/288 3594/287 3626/283
f 3594/287 3595/281 3626/283
f 3625/282 3593/284 3628/285
f 3593/284 3596/286 3628/285
f 3628/285 3596/286 3627/289
f 3596/286 3594/290 3627/289
f 3630/283 3599/281 3629/282
f 3599/281 3597/284 3629/282
f 3631/288 3598/287 3630/283
f 3598/287 3599/281 3630/283
f 3629/282 3597/284 3632/285
f 3597/284 3600/286 3632/285
f 3632/285 3600/286 3631/289
f 3600/286 3598/290 3631/289
f 3635/789 3634/788 3633/528
f 3634/788 3636/790 3633/528
usemtl texture15
f 3639/605 3638/604 3637/603
f 3640/603 3638/604 3639/605
f 3637/603 3641/604 3639/605
f 3639/605 3641/604 3640/603
f 3644/605 3643/604 3642/603
f 3645/603 3643/604 3644/605
f 3642/603 3646/604 3644/605
f 3644/605 3646/604 3645/603
f 3649/605 3648/604 3647/603
f 3650/603 3648/604 3649/605
f 3647/603 3651/604 3649/605
f 3649/605 3651/604 3650/603
f 3654/605 3653/604 3652/603
f 3655/603 3653/604 3654/605
f 3652/603 3656/604 3654/605
f 3654/605 3656/604 3655/603
f 3659/605 3658/604 3657/603
f 3660/603 3658/604 3659/605
f 3657/603 3661/604 3659/605
f 3659/605 3661/604 3660/603
f 3664/603 3663/605 3662/604
f 3663/605 3665/603 3662/604
f 3668/605 3667/603 3666/604
f 3669/603 3668/605 3666/604
f 3667/603 3668/605 3670/604
f 3668/605 3669/603 3670/604
f 3673/605 3672/603 3671/604
f 3674/603 3673/605 3671/604
f 3672/603 3673/605 3675/604
f 3673/605 3674/603 3675/604
f 3677/792 3676/793 3503/794
f 3676/793 3505/791 3503/794
f 3679/796 3678/797 3507/798
f 3678/797 3509/795 3507/798
f 3681/792 3511/794 3680/793
f 3511/794 3514/791 3680/793
f 3683/796 3515/798 3682/797
f 3515/798 3518/795 3682/797
f 3686/801 3685/800 3684/799
f 3685/800 3687/802 3684/799
f 3690/606 3689/611 3688/608
f 3689/611 3691/610 3688/608
f 3689/611 3692/609 3691/610
f 3692/609 3693/607 3691/610
f 3688/608 3693/607 3690/606
f 3693/607 3692/609 3690/606
f 3696/606 3695/611 3694/608
f 3695/611 3697/610 3694/608
f 3695/611 3698/609 3697/610
f 3698/609 3699/607 3697/610
f 3694/608 3699/607 3696/606
f 3699/607 3698/609 3696/606
f 3702/801 3701/800 3700/799
f 3701/800 3703/802 3700/799
f 3706/606 3705/611 3704/608
f 3705/611 3707/610 3704/608
f 3705/611 3708/609 3707/610
f 3708/609 3709/607 3707/610
f 3704/608 3709/607 3706/606
f 3709/607 3708/609 3706/606
usemtl texture16
f 3633/612 3636/683 3431/616
f 3636/683 3430/685 3431/616
f 3635/617 3429/618 3634/680
f 3429/618 3432/684 3634/680
f 3433/619 3429/618 3635/617
f 3633/612 3431/616 3434/614
f 3434/614 3433/613 3633/612
f 3433/613 3635/615 3633/612
f 3712/612 3711/683 3710/616
f 3711/683 3713/685 3710/616
f 3712/612 3710/616 3714/614
usemtl texture4
f 3716/799 3715/807 3497/806
f 3715/807 3496/808 3497/806
f 3718/799 3717/807 3501/806
f 3717/807 3500/808 3501/806
usemtl texture19
f 3506/1104 3504/1103 3719/1102
f 3504/1103 3720/1105 3719/1102
f 3510/1108 3508/1107 3721/1106
f 3508/1107 3722/1109 3721/1106
f 3513/1104 3521/1102 3512/1103
f 3521/1102 3519/1105 3512/1103
f 3517/1108 3525/1106 3516/1107
f 3525/1106 3523/1109 3516/1107
usemtl texture17
f 3724/1112 3723/1111 3677/1110
f 3677/1110 3723/1111 3676/1113
f 3678/1116 3679/1115 3725/1114
f 3725/1114 3679/1115 3726/1117
f 3680/1113 3727/1111 3681/1110
f 3681/1110 3727/1111 3728/1112
f 3730/1117 3683/1115 3729/1114
f 3729/1114 3683/1115 3682/1116
usemtl texture5
f 3397/732 3731/1119 3400/1118
f 3731/1119 3397/732 3520/730
f 3731/1119 3520/730 3732/1120
f 3397/737 3403/735 3520/734
f 3520/734 3403/735 3522/736
f 3522/741 3403/739 3524/738
f 3524/738 3403/739 3401/740
f 3414/271 3419/270 3416/269
f 3419/270 3417/272 3416/269
f 3418/272 3415/269 3420/270
f 3415/269 3413/271 3420/270
usemtl texture18
f 3405/633 3408/630 3733/632
f 3408/630 3734/628 3733/632
f 3409/633 3412/630 3735/632
f 3412/630 3736/628 3735/632
f 3416/630 3417/629 3737/628
f 3417/629 3738/631 3737/628
f 3413/633 3416/630 3739/632
f 3416/630 3737/628 3739/632
f 3417/629 3420/636 3738/631
f 3420/636 3740/634 3738/631
f 3420/636 3413/635 3740/634
f 3413/635 3739/637 3740/634
usemtl texture8
f 3733/423 3734/420 3741/422
f 3734/420 3742/418 3741/422
f 3735/423 3736/420 3743/431
f 3736/420 3744/432 3743/431
f 3737/420 3738/419 3745/437
f 3738/419 3746/435 3745/437
f 3739/423 3737/420 3747/436
f 3737/420 3745/437 3747/436
f 3738/419 3740/426 3746/435
f 3740/426 3748/433 3746/435
f 3740/426 3739/425 3748/433
f 3739/425 3747/434 3748/433
g Object_9
usemtl mat1
f 3751/1090 3750/1121 3749/1089
f 3753/688 3751/1122 3752/686
f 3751/1122 3753/688 3750/1121
f 3750/1121 3755/689 3754/1123
f 3755/689 3750/1121 3753/688
f 3756/691 3754/1123 3755/689
f 3754/1123 3758/692 3757/1124
f 3758/692 3754/1123 3756/691
f 3759/693 3757/1124 3758/692
f 3762/1092 3761/695 3760/1093
f 3761/695 3762/1092 3763/1125
f 3764/1094 3763/1125 3762/1092
f 3767/99 3766/95 3765/94
f 3768/98 3766/95 3767/99
f 3767/99 3769/89 3768/98
f 3768/98 3769/89 3770/87
f 3773/86 3772/97 3771/96
f 3773/86 3771/96 3774/88
f 3776/91 3765/94 3775/93
f 3765/94 3766/95 3775/93
f 3771/90 3772/92 3775/93
f 3772/92 3776/91 3775/93
f 3774/88 3770/87 3773/86
f 3770/87 3769/89 3773/86
usemtl texture1
f 3779/705 3778/704 3777/111
f 3778/704 3780/110 3777/111
f 3777/111 3780/110 3781/105
f 3781/105 3780/110 3782/104
f 3781/105 3782/104 3783/102
f 3782/104 3784/101 3783/102
f 3783/102 3784/101 3785/100
f 3784/101 3786/103 3785/100
usemtl texture2
f 3778/712 3787/713 3780/123
f 3787/713 3788/122 3780/123
f 3780/123 3788/122 3782/121
f 3788/122 3789/120 3782/121
f 3782/121 3789/120 3784/114
f 3789/120 3790/113 3784/114
f 3784/114 3790/113 3786/112
f 3790/113 3791/115 3786/112
f 3794/126 3793/125 3792/124
f 3793/125 3795/126 3792/124
f 3796/124 3793/125 3794/126
f 3796/124 3795/126 3793/125
usemtl texture3
f 3798/723 3759/1126 3797/722
f 3759/1126 3798/723 3757/141
f 3798/723 3799/140 3757/141
f 3798/723 3779/724 3799/140
f 3779/724 3777/142 3799/140
f 3799/140 3777/142 3800/134
f 3800/134 3777/142 3801/136
f 3757/141 3799/140 3754/135
f 3799/140 3802/134 3754/135
f 3805/129 3804/132 3803/128
f 3754/135 3802/134 3805/129
f 3802/134 3804/132 3805/129
f 3800/134 3801/136 3804/132
f 3801/136 3783/131 3804/132
f 3805/129 3806/1096 3749/1095
f 3806/1096 3805/129 3803/128
f 3804/132 3783/131 3803/128
f 3783/131 3785/133 3803/128
f 3809/203 3808/160 3807/204
f 3808/160 3810/162 3807/204
f 3811/202 3808/160 3809/203
f 3813/198 3811/202 3812/200
f 3813/198 3808/160 3811/202
f 3812/200 3814/199 3813/198
f 3815/201 3814/199 3812/200
f 3816/157 3813/198 3814/199
f 3816/157 3808/160 3813/198
f 3815/193 3817/189 3814/197
f 3819/187 3818/150 3814/197
f 3814/197 3817/189 3819/187
f 3814/197 3818/150 3816/155
f 3822/196 3821/154 3820/190
f 3822/196 3823/151 3821/154
f 3820/190 3824/191 3822/196
f 3820/195 3818/150 3819/187
f 3827/185 3826/161 3825/158
f 3820/195 3821/147 3818/150
f 3819/187 3828/188 3820/195
f 3829/194 3817/189 3815/193
f 3828/192 3824/191 3820/190
f 3817/189 3828/188 3819/187
f 3828/186 3830/182 3824/184
f 3825/158 3831/183 3827/185
f 3824/184 3830/182 3832/181
f 3833/180 3831/183 3825/158
f 3830/182 3834/144 3832/181
f 3836/159 3835/179 3825/158
f 3825/158 3835/179 3833/180
f 3832/181 3834/144 3837/145
f 3840/178 3839/152 3838/153
f 3842/148 3841/170 3836/156
f 3843/177 3842/148 3839/149
f 3836/159 3841/173 3835/179
f 3843/176 3839/152 3840/178
f 3844/172 3841/170 3842/148
f 3844/172 3842/148 3843/177
f 3835/179 3845/174 3833/180
f 3841/173 3845/174 3835/179
f 3846/167 3843/176 3840/178
f 3847/171 3844/172 3843/177
f 3848/163 3841/170 3844/172
f 3847/168 3843/176 3846/167
f 3851/143 3850/146 3849/169
f 3852/175 3845/174 3841/173
f 3848/163 3844/172 3847/171
f 3849/169 3850/146 3853/166
f 3848/163 3852/164 3841/170
f 3853/166 3846/167 3849/169
f 3847/168 3846/167 3853/166
f 3854/165 3852/164 3848/163
f 3825/158 3826/161 3808/160
f 3826/161 3810/162 3808/160
f 3836/159 3825/158 3816/157
f 3825/158 3808/160 3816/157
f 3818/150 3842/148 3816/155
f 3836/156 3816/155 3842/148
f 3838/153 3839/152 3823/151
f 3839/152 3821/154 3823/151
f 3839/149 3842/148 3821/147
f 3842/148 3818/150 3821/147
f 3851/143 3837/145 3850/146
f 3850/146 3837/145 3834/144
f 3857/207 3856/206 3855/205
f 3855/205 3856/206 3858/208
f 3856/207 3859/206 3858/205
f 3858/205 3859/206 3860/208
f 3857/206 3855/208 3861/207
f 3855/208 3862/205 3861/207
f 3859/207 3861/206 3860/205
f 3860/205 3861/206 3862/208
f 3865/207 3864/206 3863/205
f 3863/205 3864/206 3866/208
f 3864/207 3867/206 3866/205
f 3866/205 3867/206 3868/208
f 3865/206 3863/208 3869/207
f 3863/208 3870/205 3869/207
f 3867/207 3869/206 3868/205
f 3868/205 3869/206 3870/208
f 3873/727 3872/1098 3871/1097
f 3873/727 3875/1099 3874/728
f 3875/1099 3873/727 3871/1097
usemtl texture4
f 3877/248 3807/247 3876/231
f 3877/248 3878/245 3809/246
f 3877/248 3809/246 3807/247
f 3876/231 3807/247 3810/230
f 3878/245 3811/244 3809/246
f 3878/245 3879/242 3811/244
f 3812/243 3811/244 3879/242
f 3812/243 3879/242 3880/241
f 3881/229 3826/232 3827/240
f 3827/240 3882/239 3881/229
f 3827/240 3831/238 3882/239
f 3882/239 3831/238 3883/237
f 3831/238 3833/236 3883/237
f 3883/237 3833/236 3884/235
f 3833/236 3845/234 3884/235
f 3884/235 3845/234 3885/233
f 3876/231 3810/230 3881/229
f 3810/230 3826/232 3881/229
usemtl texture5
f 3888/250 3887/251 3886/252
f 3886/252 3887/251 3889/249
f 3887/251 3888/250 3890/249
f 3888/250 3891/252 3890/249
f 3892/1119 3874/731 3875/1118
f 3874/731 3894/1120 3893/733
f 3894/1120 3874/731 3892/1119
f 3897/275 3896/274 3895/273
f 3899/271 3897/270 3898/269
f 3897/270 3895/272 3898/269
f 3900/275 3895/276 3896/274
f 3901/275 3896/274 3897/273
f 3900/275 3896/274 3901/273
f 3901/272 3902/269 3900/270
f 3902/269 3903/271 3900/270
usemtl texture6
f 3815/280 3904/279 3829/278
f 3829/278 3904/279 3905/277
f 3852/280 3854/278 3906/279
f 3906/279 3854/278 3907/277
f 3910/285 3909/289 3908/286
f 3909/289 3911/290 3908/286
f 3909/288 3912/283 3911/287
f 3912/283 3913/281 3911/287
f 3915/282 3910/285 3914/284
f 3910/285 3908/286 3914/284
f 3912/283 3915/282 3913/281
f 3915/282 3914/284 3913/281
f 3918/285 3917/289 3916/286
f 3917/289 3919/290 3916/286
f 3917/288 3920/283 3919/287
f 3920/283 3921/281 3919/287
f 3923/282 3918/285 3922/284
f 3918/285 3916/286 3922/284
f 3920/283 3923/282 3921/281
f 3923/282 3922/284 3921/281
f 3926/285 3925/289 3924/286
f 3925/289 3927/290 3924/286
f 3925/288 3928/283 3927/287
f 3928/283 3929/281 3927/287
f 3931/282 3926/285 3930/284
f 3926/285 3924/286 3930/284
f 3928/283 3931/282 3929/281
f 3931/282 3930/284 3929/281
f 3934/285 3933/289 3932/286
f 3933/289 3935/290 3932/286
f 3933/288 3936/283 3935/287
f 3936/283 3937/281 3935/287
f 3939/282 3934/285 3938/284
f 3934/285 3932/286 3938/284
f 3936/283 3939/282 3937/281
f 3939/282 3938/284 3937/281
f 3942/285 3941/289 3940/286
f 3941/289 3943/290 3940/286
f 3941/288 3944/283 3943/287
f 3944/283 3945/281 3943/287
f 3947/282 3942/285 3946/284
f 3942/285 3940/286 3946/284
f 3944/283 3947/282 3945/281
f 3947/282 3946/284 3945/281
f 3950/288 3949/287 3948/283
f 3953/282 3952/284 3951/285
f 3952/284 3954/286 3951/285
f 3951/285 3954/286 3950/289
f 3954/286 3949/290 3950/289
f 3957/283 3956/281 3955/282
f 3956/281 3958/284 3955/282
f 3960/288 3959/287 3957/283
f 3959/287 3956/281 3957/283
f 3955/282 3958/284 3961/285
f 3958/284 3962/286 3961/285
f 3961/285 3962/286 3960/289
f 3962/286 3959/290 3960/289
f 3965/283 3964/281 3963/282
f 3964/281 3966/284 3963/282
f 3968/288 3967/287 3965/283
f 3967/287 3964/281 3965/283
f 3963/282 3966/284 3969/285
f 3966/284 3970/286 3969/285
f 3969/285 3970/286 3968/289
f 3970/286 3967/290 3968/289
f 3973/789 3972/788 3971/528
f 3972/788 3974/790 3971/528
usemtl texture7
f 3767/227 3765/298 3975/308
f 3765/298 3976/297 3975/308
f 3976/297 3889/299 3975/308
f 3975/308 3889/299 3887/309
f 3765/298 3776/300 3976/297
f 3776/300 3977/303 3976/297
f 3976/297 3977/303 3889/299
f 3977/303 3886/305 3889/299
f 3769/298 3767/226 3978/297
f 3767/226 3975/306 3978/297
f 3978/297 3975/306 3890/299
f 3975/306 3887/307 3890/299
f 3977/303 3979/301 3886/305
f 3979/301 3888/304 3886/305
f 3776/300 3772/302 3977/303
f 3772/302 3979/301 3977/303
f 3980/292 3978/297 3891/295
f 3978/297 3890/299 3891/295
f 3773/293 3769/298 3980/292
f 3769/298 3978/297 3980/292
f 3980/292 3891/295 3979/294
f 3979/294 3891/295 3888/296
f 3772/291 3773/293 3979/294
f 3773/293 3980/292 3979/294
f 3983/312 3982/311 3981/310
f 3982/311 3984/313 3981/310
f 3982/315 3983/310 3985/314
f 3983/310 3986/312 3985/314
f 3981/312 3984/311 3987/310
f 3984/311 3988/313 3987/310
f 3987/312 3988/311 3986/310
f 3988/311 3985/313 3986/310
f 3991/312 3990/311 3989/310
f 3990/311 3992/313 3989/310
f 3990/315 3991/310 3993/314
f 3991/310 3994/312 3993/314
f 3989/312 3992/311 3995/310
f 3992/311 3996/313 3995/310
f 3995/312 3996/311 3994/310
f 3996/311 3993/313 3994/310
f 3999/817 3998/815 3997/819
f 3998/815 4000/813 3997/819
f 3998/815 4001/814 4000/813
f 4001/814 4002/816 4000/813
f 4005/819 4004/813 4003/817
f 4004/813 4006/815 4003/817
f 3997/819 4002/818 3999/817
f 4002/818 4001/820 3999/817
f 4004/813 4007/816 4006/815
f 4007/816 4008/814 4006/815
f 4011/813 4010/816 4009/815
f 4010/816 4012/814 4009/815
f 4003/817 4008/820 4005/819
f 4008/820 4007/818 4005/819
f 4015/817 4014/815 4013/819
f 4014/815 4016/813 4013/819
f 4014/815 4017/814 4016/813
f 4017/814 4018/816 4016/813
f 4013/819 4018/818 4015/817
f 4018/818 4017/820 4015/817
f 4021/817 4020/820 4019/819
f 4020/820 4022/818 4019/819
f 4024/817 4012/820 4023/819
f 4012/820 4010/818 4023/819
f 4023/819 4011/813 4024/817
f 4011/813 4009/815 4024/817
f 4019/819 4025/813 4021/817
f 4025/813 4026/815 4021/817
f 4025/813 4022/816 4026/815
f 4022/816 4020/814 4026/815
f 4029/819 4028/813 4027/817
f 4028/813 4030/815 4027/817
f 4028/813 4031/816 4030/815
f 4031/816 4032/814 4030/815
f 4035/817 4034/815 4033/819
f 4034/815 4036/813 4033/819
f 4027/817 4032/820 4029/819
f 4032/820 4031/818 4029/819
f 4033/819 4037/818 4035/817
f 4037/818 4038/820 4035/817
f 4034/815 4038/814 4036/813
f 4038/814 4037/816 4036/813
usemtl texture8
f 3877/405 3876/360 4039/353
f 3877/405 4039/353 4040/404
f 4040/404 4039/353 4041/351
f 4040/404 4041/351 4042/402
f 4044/347 4043/398 4042/403
f 4042/402 4041/351 4044/349
f 3904/396 3812/399 3880/401
f 4043/398 4046/392 4045/394
f 3904/396 3880/401 4047/397
f 3815/400 3812/399 3904/396
f 4044/347 4046/392 4043/398
f 3904/396 4047/397 4048/393
f 3882/395 4049/352 3881/359
f 3904/396 4048/393 3905/386
f 4045/394 4046/392 4050/384
f 3882/395 4051/391 4049/352
f 4050/384 4048/390 4045/394
f 4051/391 4052/348 4049/352
f 4046/392 4044/347 4053/344
f 3905/386 4048/393 4054/385
f 4050/384 4046/392 4053/344
f 4051/391 4055/388 4052/348
f 4054/378 4048/390 4050/384
f 3817/383 3830/377 3828/389
f 4056/350 4052/348 4055/388
f 4057/387 3905/386 4054/385
f 4050/384 4053/344 4054/378
f 3817/383 3829/382 3830/377
f 3830/377 3829/382 4058/379
f 4059/376 4056/346 4055/381
f 4054/378 4053/344 4060/343
f 4059/376 4061/375 4056/346
f 4062/341 4057/380 4054/378
f 4061/375 4063/345 4056/346
f 3830/377 4058/379 4064/338
f 4062/341 4054/378 4060/343
f 3830/377 4064/338 3834/336
f 4065/374 4061/375 4059/376
f 4066/370 4063/345 4061/375
f 4066/370 4061/375 4065/374
f 4063/345 4068/362 4067/340
f 4068/362 4063/345 4066/370
f 4066/370 4065/374 4069/371
f 3853/364 3850/339 4070/337
f 3848/367 3847/373 3853/364
f 4071/342 4067/340 4068/362
f 3906/358 3885/372 3845/368
f 3906/358 4072/366 3885/372
f 4069/371 4068/362 4066/370
f 3852/369 3906/358 3845/368
f 3853/364 4070/337 4073/363
f 3848/367 3853/364 3854/365
f 3906/358 4069/357 4072/366
f 3854/365 3853/364 4073/363
f 4071/342 4068/362 4074/361
f 3876/360 3881/359 4039/353
f 4049/352 4039/353 3881/359
f 3907/356 4068/354 4069/357
f 3906/358 3907/356 4069/357
f 3907/356 4074/355 4068/354
f 4049/352 4052/348 4039/353
f 4052/348 4041/351 4039/353
f 4056/350 4044/349 4052/348
f 4044/349 4041/351 4052/348
f 4053/344 4044/347 4063/345
f 4063/345 4044/347 4056/346
f 4063/345 4067/340 4053/344
f 4067/340 4060/343 4053/344
f 4062/341 4060/343 4071/342
f 4071/342 4060/343 4067/340
f 4064/338 4070/337 3834/336
f 3850/339 3834/336 4070/337
f 4077/755 4076/757 4075/844
f 4077/755 4075/844 4078/843
f 4081/752 4080/413 4079/753
f 4080/413 4082/412 4079/753
f 4079/753 4082/412 4083/754
f 4082/412 4084/414 4083/754
f 4087/841 4086/416 4085/842
f 4090/409 4089/417 4088/411
f 4090/409 4086/416 4089/417
f 4086/416 4087/841 4089/417
f 4092/407 4091/415 4090/409
f 4091/415 4086/416 4090/409
f 4080/413 4093/408 4082/412
f 4093/408 4094/406 4082/412
f 4082/412 4094/406 4084/414
f 4094/406 4095/410 4084/414
f 4093/408 4092/407 4094/406
f 4092/407 4090/409 4094/406
f 4094/406 4090/409 4095/410
f 4090/409 4088/411 4095/410
f 4098/420 4097/419 4096/432
f 4097/419 4099/430 4096/432
f 4097/419 4100/426 4099/430
f 4100/426 4101/428 4099/430
f 4100/426 4102/425 4101/428
f 4102/425 4103/429 4101/428
usemtl texture10
f 4106/445 4105/448 4104/447
f 4107/444 4105/448 4106/445
f 4108/446 4106/445 4104/447
f 4108/446 4107/444 4106/445
f 4111/486 4110/478 4109/476
f 4112/485 4110/478 4111/486
f 4113/475 4111/486 4109/476
f 4113/475 4112/485 4111/486
f 3877/482 4040/481 4114/477
f 4117/453 4116/457 4115/459
f 3877/482 4114/477 3878/480
f 4118/451 4117/453 4115/459
f 4115/459 4116/457 4119/460
f 4118/451 4115/459 4119/460
f 4110/478 4112/485 4120/484
f 4043/479 4114/477 4040/481
f 4112/485 4113/475 4120/484
f 3878/480 4114/477 3879/474
f 4043/479 4040/481 4042/483
f 4110/478 4121/450 4105/448
f 4105/448 4121/450 4116/457
f 4122/452 4113/475 4108/446
f 3879/474 4114/477 4123/470
f 4122/452 4108/446 4118/451
f 4045/472 4114/477 4043/479
f 4121/450 4110/478 4120/484
f 4045/472 4123/470 4114/477
f 4122/452 4120/484 4113/475
f 4047/469 3879/474 4123/470
f 4047/469 3880/473 3879/474
f 4116/457 4121/450 4124/458
f 4126/464 4125/467 4116/457
f 4128/466 4127/465 4118/451
f 4122/452 4118/451 4129/456
f 4126/464 4116/457 4124/458
f 4047/469 4123/470 4048/471
f 4048/471 4123/470 4045/472
f 4129/456 4118/451 4130/461
f 4131/455 4121/450 4120/484
f 4122/452 4131/455 4120/484
f 4118/451 4127/465 4130/461
f 4121/450 4131/455 4124/458
f 4125/467 4126/464 4132/468
f 4124/458 4131/455 4133/454
f 4133/454 4122/452 4129/456
f 4131/455 4122/452 4133/454
f 4124/458 4133/454 4126/464
f 4133/454 4129/456 4134/462
f 4134/462 4129/456 4130/461
f 4126/464 4133/454 4134/462
f 4126/464 4134/462 4132/468
f 4127/465 4132/468 4134/462
f 4134/462 4130/461 4127/465
f 4135/477 4051/481 3882/482
f 4059/479 4055/483 4051/481
f 4135/477 3882/482 3883/480
f 4059/479 4051/481 4135/477
f 3884/474 4135/477 3883/480
f 4065/472 4059/479 4135/477
f 4136/470 4135/477 3884/474
f 4105/448 4107/444 4110/478
f 4109/476 4110/478 4107/444
f 4065/472 4135/477 4136/470
f 4116/457 4117/453 4105/448
f 4104/447 4105/448 4117/453
f 4108/446 4113/475 4107/444
f 4113/475 4109/476 4107/444
f 4108/446 4104/447 4118/451
f 4104/447 4117/453 4118/451
f 4072/469 4136/470 3884/474
f 4072/469 3884/474 3885/473
f 4069/471 4065/472 4136/470
f 4069/471 4136/470 4072/469
f 4116/457 4125/467 4119/460
f 4125/467 4137/463 4119/460
f 4118/451 4119/460 4128/466
f 4137/463 4128/466 4119/460
f 4140/467 4139/468 4138/464
f 4142/465 4141/462 4139/468
f 4138/464 4139/468 4141/462
f 4138/464 4143/457 4140/467
f 4141/462 4142/465 4144/461
f 4146/466 4145/451 4142/465
f 4138/464 4141/462 4147/454
f 4138/464 4148/458 4143/457
f 4145/451 4144/461 4142/465
f 4148/458 4138/464 4147/454
f 4141/462 4144/461 4149/456
f 4147/454 4141/462 4149/456
f 4151/459 4150/460 4143/457
f 4152/453 4151/459 4143/457
f 4143/457 4148/458 4153/450
f 4149/456 4144/461 4145/451
f 4148/458 4147/454 4154/455
f 4145/451 4150/460 4151/459
f 4145/451 4151/459 4152/453
f 4153/450 4148/458 4154/455
f 4147/454 4149/456 4155/452
f 4156/448 4143/457 4153/450
f 4155/452 4149/456 4145/451
f 4154/455 4147/454 4155/452
f 4155/452 4145/451 4157/446
f 4158/478 4156/448 4153/450
f 4154/455 4159/484 4153/450
f 4161/445 4160/447 4156/448
f 4162/444 4161/445 4156/448
f 4155/452 4159/484 4154/455
f 4157/446 4160/447 4161/445
f 4153/450 4159/484 4158/478
f 4157/446 4161/445 4162/444
f 4155/452 4157/446 4163/475
f 4155/452 4163/475 4159/484
f 4165/486 4164/476 4158/478
f 4166/485 4165/486 4158/478
f 4158/478 4159/484 4166/485
f 4163/475 4164/476 4165/486
f 4163/475 4165/486 4166/485
f 4166/485 4159/484 4163/475
f 4143/457 4150/460 4140/467
f 4150/460 4167/463 4140/467
f 4145/451 4146/466 4150/460
f 4167/463 4150/460 4146/466
f 4143/457 4156/448 4152/453
f 4160/447 4152/453 4156/448
f 4157/446 4145/451 4160/447
f 4145/451 4152/453 4160/447
f 4156/448 4158/478 4162/444
f 4164/476 4162/444 4158/478
f 4157/446 4162/444 4163/475
f 4163/475 4162/444 4164/476
usemtl texture11
f 3829/501 3905/502 4168/498
f 4057/500 4168/498 3905/502
f 3829/501 4168/498 4058/499
f 4062/497 4168/498 4057/500
f 4168/498 4064/487 4058/499
f 4169/489 4168/498 4062/497
f 4168/498 4169/489 4064/487
f 4071/496 4169/489 4062/497
f 4170/488 4169/489 4071/496
f 4170/488 4071/496 4171/491
f 4171/491 4070/490 4170/488
f 4171/491 4073/495 4070/490
f 4171/491 4071/496 4074/493
f 3854/494 4073/495 4171/491
f 3854/494 4171/491 3907/492
f 4074/493 3907/492 4171/491
f 4169/489 4170/488 4064/487
f 4070/490 4064/487 4170/488
usemtl texture12
f 3983/505 3981/504 3986/503
f 3981/504 3987/506 3986/503
f 3855/509 3858/508 3862/507
f 3858/508 3860/510 3862/507
f 3991/505 3989/504 3994/503
f 3989/504 3995/506 3994/503
f 3863/509 3866/508 3870/507
f 3866/508 3868/510 3870/507
f 4174/528 4173/533 4172/530
f 4173/533 4175/531 4172/530
f 4177/529 4174/528 4176/527
f 4174/528 4172/530 4176/527
f 4180/533 4179/804 4178/803
f 4179/804 4181/805 4178/803
f 4184/533 4183/804 4182/803
f 4183/804 4185/805 4182/803
f 3901/533 3897/532 3902/531
f 3897/532 3899/534 3902/531
usemtl texture13
f 4188/545 4187/544 4186/547
f 4187/544 4189/548 4186/547
f 4191/549 4190/546 4186/547
f 4190/546 4188/545 4186/547
f 4193/536 4187/544 4192/538
f 4187/544 4188/545 4192/538
f 4192/538 4188/545 4194/539
f 4188/545 4190/546 4194/539
f 4186/542 4189/541 4195/535
f 4189/541 4196/537 4195/535
f 4191/543 4186/542 4197/540
f 4186/542 4195/535 4197/540
f 4196/537 4193/536 4195/535
f 4193/536 4192/538 4195/535
f 4192/538 4194/539 4195/535
f 4194/539 4197/540 4195/535
f 4200/545 4199/544 4198/547
f 4199/544 4201/548 4198/547
f 4203/549 4202/546 4198/547
f 4202/546 4200/545 4198/547
f 4205/536 4199/544 4204/538
f 4199/544 4200/545 4204/538
f 4204/538 4200/545 4206/539
f 4200/545 4202/546 4206/539
f 4198/542 4201/541 4207/535
f 4201/541 4208/537 4207/535
f 4203/543 4198/542 4209/540
f 4198/542 4207/535 4209/540
f 4208/537 4205/536 4207/535
f 4205/536 4204/538 4207/535
f 4204/538 4206/539 4207/535
f 4206/539 4209/540 4207/535
f 4212/766 4211/839 4210/765
f 4214/767 4210/765 4213/840
f 4210/765 4211/839 4213/840
f 4078/831 4075/840 4215/833
f 4075/840 4211/839 4215/833
f 4211/839 4075/840 4213/840
f 4215/833 4211/839 4212/766
f 4215/833 4216/832 4078/831
f 4212/766 4217/834 4216/832
f 4212/766 4216/832 4215/833
f 4212/766 4218/835 4217/834
f 4212/766 4219/836 4218/835
f 4212/766 4220/837 4219/836
f 4212/766 4221/838 4220/837
f 4083/764 4084/575 4222/763
f 4084/575 4223/574 4222/763
f 4085/823 4225/825 4224/824
f 4227/576 4225/825 4226/826
f 4224/824 4225/825 4227/576
f 4227/576 4226/826 4228/827
f 4227/576 4228/827 4229/828
f 4227/576 4229/828 4230/829
f 4230/829 4231/830 4227/576
f 4227/576 4232/821 4224/824
f 4087/822 4232/821 4233/822
f 4087/822 4085/823 4232/821
f 4085/823 4224/824 4232/821
f 4235/577 4089/578 4234/578
f 4088/572 4089/578 4235/577
f 4236/571 4088/572 4235/577
f 4235/577 4234/578 4232/821
f 4234/578 4233/822 4232/821
f 4236/571 4235/577 4227/576
f 4235/577 4232/821 4227/576
f 4084/575 4095/570 4223/574
f 4095/570 4237/573 4223/574
f 4088/572 4236/571 4095/570
f 4095/570 4236/571 4237/573
f 3792/594 4239/598 4238/597
f 3795/591 4240/589 4239/596
f 3792/594 4238/597 4241/593
f 3795/591 4239/596 3792/595
f 3792/594 4241/593 3794/592
f 3795/591 4242/590 4240/589
f 4243/584 3794/582 4241/588
f 3796/580 4242/585 3795/587
f 3794/582 4244/583 3796/586
f 4243/584 4244/583 3794/582
f 4245/581 4242/585 3796/580
f 4245/581 3796/580 4244/579
usemtl texture14
f 3913/601 3914/600 3911/599
f 3914/600 3908/602 3911/599
f 3921/601 3922/600 3919/599
f 3922/600 3916/602 3919/599
f 3929/601 3930/600 3927/599
f 3930/600 3924/602 3927/599
f 3937/601 3938/600 3935/599
f 3938/600 3932/602 3935/599
f 3945/601 3946/600 3943/599
f 3946/600 3940/602 3943/599
f 4246/601 3949/599 3952/600
f 3949/599 3954/602 3952/600
f 3956/601 3959/599 3958/600
f 3959/599 3962/602 3958/600
f 3964/601 3967/599 3966/600
f 3967/599 3970/602 3966/600
usemtl texture15
f 4249/605 4248/604 4247/603
f 4250/603 4248/604 4249/605
f 4247/603 4251/604 4249/605
f 4249/605 4251/604 4250/603
f 4254/605 4253/604 4252/603
f 4255/603 4253/604 4254/605
f 4252/603 4256/604 4254/605
f 4254/605 4256/604 4255/603
f 4259/605 4258/604 4257/603
f 4260/603 4258/604 4259/605
f 4257/603 4261/604 4259/605
f 4259/605 4261/604 4260/603
f 4264/605 4263/604 4262/603
f 4265/603 4263/604 4264/605
f 4262/603 4266/604 4264/605
f 4264/605 4266/604 4265/603
f 4269/605 4268/604 4267/603
f 4270/603 4268/604 4269/605
f 4267/603 4271/604 4269/605
f 4269/605 4271/604 4270/603
f 4274/603 4273/605 4272/604
f 4273/605 4275/603 4272/604
f 4278/605 4277/603 4276/604
f 4279/603 4278/605 4276/604
f 4277/603 4278/605 4280/604
f 4278/605 4279/603 4280/604
f 4283/605 4282/603 4281/604
f 4284/603 4283/605 4281/604
f 4282/603 4283/605 4285/604
f 4283/605 4284/603 4285/604
f 4288/801 4287/800 4286/799
f 4287/800 4289/802 4286/799
f 4292/606 4291/611 4290/608
f 4291/611 4293/610 4290/608
f 4291/611 4294/609 4293/610
f 4294/609 4295/607 4293/610
f 4290/608 4295/607 4292/606
f 4295/607 4294/609 4292/606
f 4298/606 4297/611 4296/608
f 4297/611 4299/610 4296/608
f 4297/611 4300/609 4299/610
f 4300/609 4301/607 4299/610
f 4296/608 4301/607 4298/606
f 4301/607 4300/609 4298/606
f 4304/801 4303/800 4302/799
f 4303/800 4305/802 4302/799
f 4308/606 4307/611 4306/608
f 4307/611 4309/610 4306/608
f 4307/611 4310/609 4309/610
f 4310/609 4311/607 4309/610
f 4306/608 4311/607 4308/606
f 4311/607 4310/609 4308/606
usemtl texture16
f 3971/612 3974/683 4174/616
f 3974/683 4173/685 4174/616
f 3973/617 4172/618 3972/680
f 4172/618 4175/684 3972/680
f 4176/619 4172/618 3973/617
f 3971/612 4174/616 4177/614
f 4177/614 4176/613 3971/612
f 4176/613 3973/615 3971/612
usemtl texture17
f 4313/850 4221/851 4312/853
f 4221/851 4212/854 4312/853
f 4314/852 4221/851 4313/850
f 4222/772 4223/625 4315/773
f 4223/625 4316/624 4315/773
f 4318/847 4231/845 4317/849
f 4318/847 4319/846 4231/845
f 4231/845 4319/846 4227/848
f 4236/621 4227/626 4320/623
f 4227/626 4319/627 4320/623
f 4223/625 4237/622 4316/624
f 4237/622 4321/620 4316/624
f 4237/622 4236/621 4321/620
f 4236/621 4320/623 4321/620
usemtl texture18
f 3898/630 3895/629 4098/628
f 3895/629 4097/631 4098/628
f 3895/629 3900/636 4097/631
f 3900/636 4100/634 4097/631
f 3900/636 3903/635 4100/634
f 3903/635 4102/637 4100/634
g obj2
usemtl mat2
f 4322/533 4323/1128 4324/1127
f 4323/1128 4325/1129 4324/1127
f 4326/533 4327/1128 4328/1127
f 4327/1128 4329/1129 4328/1127
f 4330/1128 4331/533 4332/1130
f 4331/533 4333/806 4332/1130
f 4334/1132 4335/1131 4336/1127
f 4335/1131 4337/1129 4336/1127
f 4338/1131 4339/1132 4340/1128
f 4339/1132 4341/533 4340/1128
f 4342/1134 4343/799 4344/1133
f 4343/799 4345/1135 4344/1133
f 4346/1138 4347/1137 4348/1136
f 4347/1137 4349/1139 4348/1136
f 4350/1140 4347/1137 4346/1138
f 4348/1136 4351/1142 4352/1141
f 4348/1136 4349/1139 4351/1142
f 4353/225 4354/1144 4355/1143
f 4354/1144 4356/1145 4355/1143
f 4354/1144 4357/1146 4356/1145
f 4357/1146 4358/1147 4356/1145
f 4358/1147 4357/1146 4359/1148
f 4357/1146 4360/1149 4359/1148
f 4359/1148 4360/1149 4350/1140
f 4360/1149 4361/1150 4350/1140
f 4350/1140 4361/1150 4347/1137
f 4349/1139 4362/1151 4351/1142
f 4347/1137 4361/1150 4363/1152
f 4351/1142 4362/1151 4364/227
f 4347/1137 4363/1152 4349/1139
f 4363/1152 4362/1151 4349/1139
f 4365/1137 4366/1152 4367/1139
f 4366/1152 4368/1151 4367/1139
f 4365/1137 4369/1150 4366/1152
f 4370/1142 4368/1151 4371/227
f 4367/1139 4368/1151 4370/1142
f 4372/1140 4369/1150 4365/1137
f 4373/225 4374/1144 4375/1143
f 4374/1144 4376/1145 4375/1143
f 4374/1144 4377/1146 4376/1145
f 4377/1146 4378/1147 4376/1145
f 4378/1147 4377/1146 4379/1148
f 4377/1146 4380/1149 4379/1148
f 4379/1148 4380/1149 4372/1140
f 4380/1149 4369/1150 4372/1140
f 4381/1136 4367/1139 4370/1142
f 4372/1140 4365/1137 4382/1138
f 4381/1136 4370/1142 4383/1141
f 4382/1138 4365/1137 4381/1136
f 4365/1137 4367/1139 4381/1136
usemtl mat3
f 4384/1155 4385/1154 4386/1153
f 4387/1158 4388/1157 4389/1156
f 4390/1161 4391/1160 4392/1159
f 4393/1164 4394/1163 4395/1162
f 4396/1166 4388/1156 4397/1165
f 4387/1167 4397/1165 4388/1156
f 4398/1165 4399/1166 4386/1154
f 4384/1168 4386/1154 4399/1166
f 4397/1165 4400/1169 4396/1166
f 4400/1169 4401/1170 4396/1166
f 4399/1166 4398/1165 4402/1170
f 4398/1165 4403/1169 4402/1170
f 4401/1170 4400/1169 4395/1162
f 4400/1169 4393/1164 4395/1162
f 4403/1169 4391/1160 4402/1170
f 4402/1170 4391/1160 4390/1161
f 4404/1169 4405/1170 4406/1160
f 4405/1170 4407/1161 4406/1160
f 4408/1170 4409/1162 4410/1169
f 4410/1169 4409/1162 4411/1164
f 4412/1166 4405/1170 4413/1165
f 4405/1170 4404/1169 4413/1165
f 4414/1165 4415/1166 4410/1169
f 4415/1166 4408/1170 4410/1169
f 4413/1165 4416/1154 4412/1166
f 4417/1168 4412/1166 4416/1154
f 4415/1166 4414/1165 4418/1156
f 4419/1167 4418/1156 4414/1165
f 4407/1161 4420/1159 4406/1160
f 4411/1164 4409/1162 4421/1163
f 4419/1158 4422/1156 4418/1157
f 4417/1155 4416/1153 4423/1154
f 4352/1173 4351/1172 4424/1171
f 4351/1172 4425/1173 4424/1171
f 4426/1171 4425/1173 4351/1172
f 4426/1171 4351/1172 4427/1173
f 4427/1173 4351/1172 4428/1171
f 4428/1171 4351/1172 4429/1173
f 4351/1172 4364/1171 4429/1173
f 4370/1172 4371/1171 4430/1173
f 4431/1171 4370/1172 4430/1173
f 4432/1173 4370/1172 4431/1171
f 4433/1171 4370/1172 4432/1173
f 4433/1171 4434/1173 4370/1172
f 4370/1172 4434/1173 4435/1171
f 4383/1173 4370/1172 4435/1171
usemtl mat4
f 4436/1176 4437/1175 4438/1174
f 4439/1174 4440/1175 4441/1176
f 4442/1177 4436/1176 4438/1174
f 4439/1174 4441/1176 4443/1177
f 4444/1178 4442/1177 4438/1174
f 4445/1178 4439/1174 4443/1177
f 4439/1181 4438/1180 4440/1179
f 4440/1179 4438/1180 4437/1182
f 4438/1181 4439/1180 4444/1179
f 4444/1179 4439/1180 4445/1182
f 4446/1180 4447/1181 4448/1182
f 4449/1179 4448/1182 4447/1181
f 4447/1180 4446/1181 4450/1182
f 4451/1179 4450/1182 4446/1181
f 4449/1178 4447/1174 4452/1177
f 4448/1178 4453/1177 4446/1174
f 4452/1177 4447/1174 4454/1176
f 4446/1174 4453/1177 4455/1176
f 4454/1176 4447/1174 4450/1175
f 4446/1174 4455/1176 4451/1175
f 4456/1185 4457/1184 4458/1183
f 4457/1184 4459/1186 4458/1183
f 4460/1187 4456/1185 4461/281
f 4456/1185 4458/1183 4461/281
f 4457/1184 4462/1188 4459/1186
f 4462/1188 4463/1189 4459/1186
f 4462/1188 4460/1190 4463/1189
f 4460/1190 4461/1191 4463/1189
f 4464/1185 4465/1184 4466/1183
f 4465/1184 4467/1186 4466/1183
f 4468/1187 4464/1185 4469/281
f 4464/1185 4466/1183 4469/281
f 4465/1184 4470/1188 4467/1186
f 4470/1188 4471/1189 4467/1186
f 4470/1188 4468/1190 4471/1189
f 4468/1190 4469/1191 4471/1189
f 4472/1188 4473/1189 4474/1190
f 4473/1189 4475/1191 4474/1190
f 4476/1184 4477/1186 4472/1188
f 4477/1186 4473/1189 4472/1188
f 4474/1187 4475/281 4478/1185
f 4475/281 4479/1183 4478/1185
f 4478/1185 4479/1183 4476/1184
f 4479/1183 4477/1186 4476/1184
f 4480/1188 4481/1189 4482/1190
f 4481/1189 4483/1191 4482/1190
f 4484/1184 4485/1186 4480/1188
f 4485/1186 4481/1189 4480/1188
f 4482/1187 4483/281 4486/1185
f 4483/281 4487/1183 4486/1185
f 4486/1185 4487/1183 4484/1184
f 4487/1183 4485/1186 4484/1184
f 4488/1188 4489/1189 4490/1190
f 4489/1189 4491/1191 4490/1190
f 4492/1184 4493/1186 4488/1188
f 4493/1186 4489/1189 4488/1188
f 4490/1187 4491/281 4494/1185
f 4491/281 4495/1183 4494/1185
f 4494/1185 4495/1183 4492/1184
f 4495/1183 4493/1186 4492/1184
f 4496/1185 4497/1184 4498/1183
f 4497/1184 4499/1186 4498/1183
f 4497/1184 4500/1188 4499/1186
f 4500/1188 4501/1189 4499/1186
f 4502/1187 4496/1185 4503/281
f 4496/1185 4498/1183 4503/281
f 4500/1188 4502/1190 4501/1189
f 4502/1190 4503/1191 4501/1189
f 4504/1188 4505/1190 4506/1189
f 4505/1190 4507/1191 4506/1189
f 4508/1184 4504/1188 4509/1186
f 4504/1188 4506/1189 4509/1186
f 4505/1187 4510/1185 4507/281
f 4510/1185 4511/1183 4507/281
f 4510/1185 4508/1184 4511/1183
f 4508/1184 4509/1186 4511/1183
f 4512/1188 4513/1190 4514/1189
f 4513/1190 4515/1191 4514/1189
f 4516/1184 4512/1188 4517/1186
f 4512/1188 4514/1189 4517/1186
f 4513/1187 4518/1185 4515/281
f 4518/1185 4519/1183 4515/281
f 4518/1185 4516/1184 4519/1183
f 4516/1184 4517/1186 4519/1183
f 4520/1185 4521/1183 4522/1184
f 4521/1183 4523/1186 4522/1184
f 4524/1187 4525/281 4520/1185
f 4525/281 4521/1183 4520/1185
f 4522/1184 4523/1186 4526/1188
f 4523/1186 4527/1189 4526/1188
f 4526/1188 4527/1189 4524/1190
f 4527/1189 4525/1191 4524/1190
f 4528/1185 4529/1183 4530/1184
f 4529/1183 4531/1186 4530/1184
f 4532/1187 4533/281 4528/1185
f 4533/281 4529/1183 4528/1185
f 4530/1184 4531/1186 4534/1188
f 4531/1186 4535/1189 4534/1188
f 4534/1188 4535/1189 4532/1190
f 4535/1189 4533/1191 4532/1190
f 4536/1185 4537/1183 4538/1184
f 4537/1183 4539/1186 4538/1184
f 4540/1187 4541/281 4536/1185
f 4541/281 4537/1183 4536/1185
f 4538/1184 4539/1186 4542/1188
f 4539/1186 4543/1189 4542/1188
f 4542/1188 4543/1189 4540/1190
f 4543/1189 4541/1191 4540/1190
f 4544/1188 4545/1190 4546/1189
f 4545/1190 4547/1191 4546/1189
f 4545/1187 4548/1185 4547/281
f 4548/1185 4549/1183 4547/281
f 4550/1184 4544/1188 4551/1186
f 4544/1188 4546/1189 4551/1186
f 4548/1185 4550/1184 4549/1183
f 4550/1184 4551/1186 4549/1183
usemtl mat5
f 4552/1194 4553/1193 4437/1192
f 4554/1197 4440/1196 4555/1195
f 4556/1199 4552/1194 4436/1198
f 4557/1201 4441/1200 4554/1197
f 4552/1194 4437/1192 4436/1198
f 4554/1197 4441/1200 4440/1196
f 4444/1204 4558/1203 4442/1202
f 4445/1207 4443/1206 4559/1205
f 4560/1208 4442/1202 4558/1203
f 4561/1209 4559/1205 4443/1206
f 4444/1204 4562/1210 4558/1203
f 4445/1207 4559/1205 4563/1193
f 4437/1212 4553/1211 4440/1196
f 4553/1211 4555/1195 4440/1196
f 4560/1208 4556/1199 4442/1202
f 4556/1199 4436/1198 4442/1202
f 4561/1209 4443/1206 4557/1201
f 4443/1206 4441/1200 4557/1201
f 4562/1214 4444/1213 4563/1193
f 4444/1213 4445/1207 4563/1193
f 4564/1214 4565/1193 4449/1213
f 4565/1193 4448/1207 4449/1213
f 4566/1208 4452/1202 4567/1199
f 4452/1202 4454/1198 4567/1199
f 4568/1209 4569/1201 4453/1206
f 4569/1201 4455/1200 4453/1206
f 4450/1212 4451/1196 4570/1211
f 4451/1196 4571/1195 4570/1211
f 4449/1204 4572/1203 4564/1210
f 4448/1207 4565/1193 4573/1205
f 4566/1208 4572/1203 4452/1202
f 4568/1209 4453/1206 4573/1205
f 4448/1207 4573/1205 4453/1206
f 4449/1204 4452/1202 4572/1203
f 4574/1194 4454/1198 4450/1192
f 4575/1197 4451/1196 4455/1200
f 4567/1199 4454/1198 4574/1194
f 4569/1201 4575/1197 4455/1200
f 4574/1194 4450/1192 4570/1193
f 4575/1197 4571/1195 4451/1196
f 4576/1217 4577/1216 4578/1215
f 4578/1215 4577/1216 4579/1218
f 4580/1219 4577/1216 4576/1217
f 4579/1218 4577/1216 4580/1220
f 4581/1217 4582/1216 4583/1215
f 4583/1215 4582/1216 4584/1218
f 4585/1219 4582/1216 4581/1217
f 4584/1218 4582/1216 4585/1220
f 4586/1218 4587/1220 4588/1216
f 4587/1219 4589/1217 4588/1216
f 4590/1215 4586/1218 4588/1216
f 4589/1217 4590/1215 4588/1216
f 4591/1218 4592/1220 4593/1216
f 4592/1219 4594/1217 4593/1216
f 4595/1215 4591/1218 4593/1216
f 4594/1217 4595/1215 4593/1216
f 4596/1218 4597/1220 4598/1216
f 4597/1219 4599/1217 4598/1216
f 4600/1215 4596/1218 4598/1216
f 4599/1217 4600/1215 4598/1216
f 4601/1217 4602/1216 4603/1215
f 4604/1219 4602/1216 4601/1217
f 4603/1215 4602/1216 4605/1218
f 4605/1218 4602/1216 4604/1220
f 4606/1218 4607/1216 4608/1220
f 4608/1219 4607/1216 4609/1217
f 4610/1215 4607/1216 4606/1218
f 4609/1217 4607/1216 4610/1215
f 4611/1218 4612/1216 4613/1220
f 4613/1219 4612/1216 4614/1217
f 4615/1215 4612/1216 4611/1218
f 4614/1217 4612/1216 4615/1215
f 4616/1217 4617/1215 4618/1216
f 4617/1215 4619/1218 4618/1216
f 4620/1219 4616/1217 4618/1216
f 4619/1218 4620/1220 4618/1216
f 4621/1217 4622/1215 4623/1216
f 4622/1215 4624/1218 4623/1216
f 4625/1219 4621/1217 4623/1216
f 4624/1218 4625/1220 4623/1216
f 4626/1217 4627/1215 4628/1216
f 4627/1215 4629/1218 4628/1216
f 4630/1219 4626/1217 4628/1216
f 4629/1218 4630/1220 4628/1216
f 4631/1218 4632/1216 4633/1220
f 4634/1215 4632/1216 4631/1218
f 4633/1219 4632/1216 4635/1217
f 4635/1217 4632/1216 4634/1215
f 4340/1223 4341/1222 4334/1221
f 4341/1222 4335/1224 4334/1221
usemtl mat6
f 4636/1227 4637/1226 4553/1225
f 4638/1230 4553/1229 4637/1228
f 4639/1226 4555/1225 4638/1230
f 4640/1227 4555/1225 4639/1226
f 4638/1230 4555/1225 4553/1229
f 4552/1231 4636/1227 4553/1225
f 4554/1232 4555/1225 4640/1227
f 4641/1233 4636/1227 4552/1231
f 4642/1233 4554/1232 4640/1227
f 4641/1233 4552/1231 4556/1234
f 4642/1233 4557/1234 4554/1232
f 4641/1233 4556/1234 4643/1235
f 4642/1233 4644/1235 4557/1234
f 4645/1238 4560/1237 4646/1236
f 4647/1238 4648/1236 4561/1237
f 4560/1237 4558/1239 4646/1236
f 4561/1237 4648/1236 4559/1240
f 4646/1236 4558/1239 4649/1241
f 4648/1236 4650/1241 4559/1240
f 4558/1239 4562/1242 4649/1241
f 4559/1240 4650/1241 4563/1242
f 4563/1242 4651/1244 4562/1243
f 4562/1242 4652/1245 4649/1241
f 4562/1243 4651/1244 4652/1246
f 4563/1242 4653/1245 4651/1244
f 4563/1242 4650/1241 4653/1245
f 4643/1235 4556/1234 4645/1238
f 4556/1234 4560/1237 4645/1238
f 4644/1235 4647/1238 4557/1234
f 4647/1238 4561/1237 4557/1234
f 4654/1235 4655/1238 4567/1234
f 4655/1238 4566/1237 4567/1234
f 4656/1235 4569/1234 4657/1238
f 4569/1234 4568/1237 4657/1238
f 4564/1242 4658/1241 4659/1245
f 4564/1243 4659/1246 4660/1244
f 4565/1242 4660/1244 4661/1245
f 4565/1242 4661/1245 4662/1241
f 4565/1242 4564/1243 4660/1244
f 4572/1239 4658/1241 4564/1242
f 4573/1240 4565/1242 4662/1241
f 4663/1236 4658/1241 4572/1239
f 4664/1236 4573/1240 4662/1241
f 4566/1237 4663/1236 4572/1239
f 4568/1237 4573/1240 4664/1236
f 4655/1238 4663/1236 4566/1237
f 4657/1238 4568/1237 4664/1236
f 4665/1233 4654/1235 4567/1234
f 4666/1233 4569/1234 4656/1235
f 4665/1233 4567/1234 4574/1231
f 4666/1233 4575/1232 4569/1234
f 4665/1233 4574/1231 4667/1227
f 4666/1233 4668/1227 4575/1232
f 4574/1231 4570/1225 4667/1227
f 4575/1232 4668/1227 4571/1225
f 4669/1230 4570/1229 4571/1225
f 4667/1227 4570/1225 4670/1226
f 4669/1230 4670/1228 4570/1229
f 4671/1226 4669/1230 4571/1225
f 4668/1227 4671/1226 4571/1225
usemtl mat7
f 4398/1249 4643/1248 4403/1247
f 4643/1248 4645/1250 4403/1247
f 4396/1249 4401/1247 4644/1248
f 4401/1247 4647/1250 4644/1248
f 4413/1249 4404/1247 4654/1248
f 4404/1247 4655/1250 4654/1248
f 4415/1249 4656/1248 4408/1247
f 4656/1248 4657/1250 4408/1247
usemtl mat8
f 4385/1253 4672/1252 4636/1251
f 4389/1253 4640/1251 4673/1252
f 4636/1251 4672/1252 4637/1254
f 4673/1252 4640/1251 4639/1254
f 4637/1254 4672/1252 4638/1255
f 4672/1252 4674/1256 4638/1255
f 4638/1255 4674/1256 4639/1254
f 4674/1256 4673/1252 4639/1254
f 4636/1251 4641/1257 4385/1253
f 4385/1253 4641/1257 4386/1258
f 4640/1251 4389/1253 4642/1257
f 4389/1253 4388/1258 4642/1257
f 4388/1258 4396/1259 4642/1257
f 4396/1259 4644/1260 4642/1257
f 4386/1258 4641/1257 4398/1259
f 4641/1257 4643/1260 4398/1259
f 4391/1263 4403/1262 4646/1261
f 4403/1262 4645/1260 4646/1261
f 4395/1263 4648/1261 4401/1262
f 4401/1262 4648/1261 4647/1260
f 4649/1265 4392/1264 4646/1261
f 4392/1264 4391/1263 4646/1261
f 4650/1265 4648/1261 4394/1264
f 4394/1264 4648/1261 4395/1263
f 4675/1267 4392/1264 4652/1266
f 4392/1264 4649/1265 4652/1266
f 4675/1267 4652/1266 4676/1256
f 4652/1266 4651/1255 4676/1256
f 4676/1256 4651/1255 4677/1267
f 4651/1255 4653/1266 4677/1267
f 4677/1267 4653/1266 4394/1264
f 4653/1266 4650/1265 4394/1264
f 4678/1267 4679/1256 4659/1266
f 4679/1256 4660/1255 4659/1266
f 4679/1256 4680/1267 4660/1255
f 4680/1267 4661/1266 4660/1255
f 4680/1267 4421/1264 4661/1266
f 4421/1264 4662/1265 4661/1266
f 4678/1267 4659/1266 4420/1264
f 4659/1266 4658/1265 4420/1264
f 4658/1265 4663/1261 4420/1264
f 4420/1264 4663/1261 4406/1263
f 4662/1265 4421/1264 4664/1261
f 4421/1264 4409/1263 4664/1261
f 4409/1263 4408/1262 4664/1261
f 4408/1262 4657/1260 4664/1261
f 4406/1263 4663/1261 4404/1262
f 4404/1262 4663/1261 4655/1260
f 4418/1258 4666/1257 4415/1259
f 4666/1257 4656/1260 4415/1259
f 4416/1258 4413/1259 4665/1257
f 4413/1259 4654/1260 4665/1257
f 4667/1251 4423/1253 4665/1257
f 4423/1253 4416/1258 4665/1257
f 4668/1251 4666/1257 4422/1253
f 4422/1253 4666/1257 4418/1258
f 4670/1254 4669/1255 4681/1252
f 4669/1255 4682/1256 4681/1252
f 4669/1255 4671/1254 4682/1256
f 4671/1254 4683/1252 4682/1256
f 4667/1251 4670/1254 4681/1252
f 4683/1252 4671/1254 4668/1251
f 4423/1253 4667/1251 4681/1252
f 4422/1253 4683/1252 4668/1251
usemtl mat9
f 4684/1270 4576/1269 4685/1268
f 4576/1269 4578/286 4685/1268
f 4685/1268 4578/286 4686/1271
f 4578/286 4579/1272 4686/1271
f 4687/1274 4580/1273 4684/1270
f 4580/1273 4576/1269 4684/1270
f 4686/1271 4579/1272 4687/1275
f 4579/1272 4580/1276 4687/1275
f 4688/1270 4581/1269 4689/1268
f 4581/1269 4583/286 4689/1268
f 4689/1268 4583/286 4690/1271
f 4583/286 4584/1272 4690/1271
f 4691/1274 4585/1273 4688/1270
f 4585/1273 4581/1269 4688/1270
f 4690/1271 4584/1272 4691/1275
f 4584/1272 4585/1276 4691/1275
f 4692/1271 4693/1275 4586/1272
f 4693/1275 4587/1276 4586/1272
f 4693/1274 4694/1270 4587/1273
f 4694/1270 4589/1269 4587/1273
f 4695/1268 4692/1271 4590/286
f 4692/1271 4586/1272 4590/286
f 4694/1270 4695/1268 4589/1269
f 4695/1268 4590/286 4589/1269
f 4696/1271 4697/1275 4591/1272
f 4697/1275 4592/1276 4591/1272
f 4697/1274 4698/1270 4592/1273
f 4698/1270 4594/1269 4592/1273
f 4699/1268 4696/1271 4595/286
f 4696/1271 4591/1272 4595/286
f 4698/1270 4699/1268 4594/1269
f 4699/1268 4595/286 4594/1269
f 4700/1271 4701/1275 4596/1272
f 4701/1275 4597/1276 4596/1272
f 4701/1274 4702/1270 4597/1273
f 4702/1270 4599/1269 4597/1273
f 4703/1268 4700/1271 4600/286
f 4700/1271 4596/1272 4600/286
f 4702/1270 4703/1268 4599/1269
f 4703/1268 4600/286 4599/1269
f 4704/1270 4601/1269 4705/1268
f 4601/1269 4603/286 4705/1268
f 4705/1268 4603/286 4706/1271
f 4603/286 4605/1272 4706/1271
f 4707/1274 4604/1273 4704/1270
f 4604/1273 4601/1269 4704/1270
f 4706/1271 4605/1272 4707/1275
f 4605/1272 4604/1276 4707/1275
f 4708/1271 4606/1272 4709/1275
f 4606/1272 4608/1276 4709/1275
f 4709/1274 4608/1273 4710/1270
f 4608/1273 4609/1269 4710/1270
f 4711/1268 4610/286 4708/1271
f 4610/286 4606/1272 4708/1271
f 4710/1270 4609/1269 4711/1268
f 4609/1269 4610/286 4711/1268
f 4712/1271 4611/1272 4713/1275
f 4611/1272 4613/1276 4713/1275
f 4713/1274 4613/1273 4714/1270
f 4613/1273 4614/1269 4714/1270
f 4715/1268 4615/286 4712/1271
f 4615/286 4611/1272 4712/1271
f 4714/1270 4614/1269 4715/1268
f 4614/1269 4615/286 4715/1268
f 4716/1270 4717/1268 4616/1269
f 4717/1268 4617/286 4616/1269
f 4717/1268 4718/1271 4617/286
f 4718/1271 4619/1272 4617/286
f 4719/1274 4716/1270 4620/1273
f 4716/1270 4616/1269 4620/1273
f 4718/1271 4719/1275 4619/1272
f 4719/1275 4620/1276 4619/1272
f 4720/1270 4721/1268 4621/1269
f 4721/1268 4622/286 4621/1269
f 4721/1268 4722/1271 4622/286
f 4722/1271 4624/1272 4622/286
f 4723/1274 4720/1270 4625/1273
f 4720/1270 4621/1269 4625/1273
f 4722/1271 4723/1275 4624/1272
f 4723/1275 4625/1276 4624/1272
f 4724/1270 4725/1268 4626/1269
f 4725/1268 4627/286 4626/1269
f 4725/1268 4726/1271 4627/286
f 4726/1271 4629/1272 4627/286
f 4727/1274 4724/1270 4630/1273
f 4724/1270 4626/1269 4630/1273
f 4726/1271 4727/1275 4629/1272
f 4727/1275 4630/1276 4629/1272
f 4728/1271 4631/1272 4729/1275
f 4631/1272 4633/1276 4729/1275
f 4729/1274 4633/1273 4730/1270
f 4633/1273 4635/1269 4730/1270
f 4731/1268 4634/286 4728/1271
f 4634/286 4631/1272 4728/1271
f 4730/1270 4635/1269 4731/1268
f 4635/1269 4634/286 4731/1268
usemtl mat10
f 4459/1279 4463/1278 4458/1277
f 4458/1277 4463/1278 4461/1280
f 4466/1277 4467/1279 4469/1280
f 4467/1279 4471/1278 4469/1280
f 4479/1277 4475/1280 4477/1279
f 4475/1280 4473/1278 4477/1279
f 4487/1277 4483/1280 4485/1279
f 4483/1280 4481/1278 4485/1279
f 4495/1277 4491/1280 4493/1279
f 4491/1280 4489/1278 4493/1279
f 4499/1279 4501/1278 4498/1277
f 4498/1277 4501/1278 4503/1280
f 4509/1279 4506/1278 4511/1277
f 4511/1277 4506/1278 4507/1280
f 4519/1277 4517/1279 4515/1280
f 4517/1279 4514/1278 4515/1280
f 4521/1277 4525/1280 4523/1279
f 4525/1280 4527/1278 4523/1279
f 4529/1277 4533/1280 4531/1279
f 4533/1280 4535/1278 4531/1279
f 4537/1277 4541/1280 4539/1279
f 4541/1280 4543/1278 4539/1279
f 4551/1279 4546/1278 4549/1277
f 4549/1277 4546/1278 4547/1280
usemtl mat11
f 4732/1283 4733/1282 4734/1281
f 4733/1282 4735/1284 4734/1281
f 4736/1286 4737/1285 4733/1282
f 4738/1288 4739/1287 4737/1285
f 4736/1286 4733/1282 4732/1283
f 4737/1285 4736/1286 4740/1289
f 4738/1288 4737/1285 4740/1289
f 4741/1290 4739/1287 4738/1288
f 4741/1290 4742/1291 4739/1287
f 4743/1292 4742/1291 4741/1290
f 4743/1292 4744/1293 4742/1291
f 4743/1292 4745/1294 4744/1293
f 4746/1296 4745/1294 4747/1295
f 4748/1297 4746/1296 4747/1295
f 4744/1293 4745/1294 4746/1296
f 4748/1297 4749/1299 4750/1298
f 4748/1297 4750/1298 4746/1296
f 4749/1299 4751/1300 4750/1298
f 4751/1300 4752/1301 4750/1298
f 4753/1299 4754/1300 4755/1298
f 4754/1300 4756/1301 4755/1298
f 4757/1297 4755/1298 4758/1296
f 4757/1297 4753/1299 4755/1298
f 4759/1293 4760/1294 4758/1296
f 4757/1297 4758/1296 4761/1295
f 4758/1296 4760/1294 4761/1295
f 4762/1292 4760/1294 4759/1293
f 4762/1292 4759/1293 4763/1291
f 4762/1292 4763/1291 4764/1290
f 4764/1290 4763/1291 4765/1287
f 4764/1290 4765/1287 4766/1288
f 4766/1288 4767/1285 4768/1289
f 4767/1285 4769/1286 4768/1289
f 4769/1286 4770/1282 4771/1283
f 4766/1288 4765/1287 4767/1285
f 4769/1286 4767/1285 4770/1282
f 4771/1283 4770/1282 4772/1281
f 4770/1282 4773/1284 4772/1281
usemtl mat12
f 4740/1304 4736/1303 4424/1302
f 4424/1302 4736/1303 4352/1305
f 4738/1307 4740/1304 4425/1306
f 4740/1304 4424/1302 4425/1306
f 4738/1307 4425/1306 4741/1308
f 4425/1306 4426/1309 4741/1308
f 4743/1311 4741/1308 4427/1310
f 4741/1308 4426/1309 4427/1310
f 4745/1313 4743/1311 4428/1312
f 4743/1311 4427/1310 4428/1312
f 4745/1313 4428/1312 4747/1314
f 4428/1312 4429/1315 4747/1314
f 4747/1314 4429/1315 4748/1316
f 4748/1316 4429/1315 4364/1317
f 4761/1314 4430/1315 4757/1316
f 4757/1316 4430/1315 4371/1317
f 4760/1313 4431/1312 4761/1314
f 4431/1312 4430/1315 4761/1314
f 4760/1313 4762/1311 4431/1312
f 4762/1311 4432/1310 4431/1312
f 4762/1311 4764/1308 4432/1310
f 4764/1308 4433/1309 4432/1310
f 4766/1307 4434/1306 4764/1308
f 4434/1306 4433/1309 4764/1308
f 4766/1307 4768/1304 4434/1306
f 4768/1304 4435/1302 4434/1306
f 4768/1304 4769/1303 4435/1302
f 4435/1302 4769/1303 4383/1305
usemtl mat13
f 4774/1320 4775/1319 4776/1318
f 4776/1318 4775/1319 4777/1321
f 4778/1323 4779/1322 4774/1320
f 4774/1320 4779/1322 4775/1319
f 4733/1326 4737/1325 4775/1324
f 4737/1325 4777/1327 4775/1324
f 4735/1329 4733/1326 4779/1328
f 4733/1326 4775/1324 4779/1328
f 4780/1332 4776/1331 4781/1330
f 4776/1331 4777/1333 4781/1330
f 4737/1325 4739/1334 4777/1327
f 4739/1334 4781/1335 4777/1327
f 4734/1337 4735/1329 4782/1336
f 4735/1329 4779/1328 4782/1336
f 4778/1340 4783/1339 4779/1338
f 4783/1339 4782/1341 4779/1338
f 4732/1343 4734/1337 4784/1342
f 4734/1337 4782/1336 4784/1342
f 4736/1345 4732/1343 4785/1344
f 4732/1343 4784/1342 4785/1344
f 4352/1347 4736/1345 4786/1346
f 4736/1345 4785/1344 4786/1346
f 4783/1350 4784/1349 4782/1348
f 4784/1349 4786/1352 4785/1351
f 4787/1353 4786/1352 4784/1349
f 4783/1350 4787/1353 4784/1349
f 4739/1334 4742/1354 4781/1335
f 4781/1335 4742/1354 4788/1355
f 4789/1358 4780/1357 4788/1356
f 4780/1357 4781/1359 4788/1356
f 4788/1355 4742/1354 4744/1360
f 4790/1352 4791/1353 4792/1349
f 4791/1353 4793/1350 4792/1349
f 4790/1352 4792/1349 4794/1351
f 4792/1349 4793/1350 4795/1348
f 4748/1363 4364/1362 4794/1361
f 4364/1362 4790/1364 4794/1361
f 4792/1366 4749/1365 4794/1361
f 4749/1365 4748/1363 4794/1361
f 4751/1368 4749/1365 4795/1367
f 4749/1365 4792/1366 4795/1367
f 4752/1370 4751/1368 4796/1369
f 4751/1368 4795/1367 4796/1369
f 4793/1339 4797/1340 4795/1341
f 4797/1340 4796/1338 4795/1341
f 4744/1360 4746/1371 4788/1355
f 4746/1371 4798/1372 4788/1355
f 4789/1375 4788/1374 4799/1373
f 4799/1373 4788/1374 4798/1376
f 4750/1378 4752/1370 4800/1377
f 4752/1370 4796/1369 4800/1377
f 4746/1371 4750/1378 4798/1372
f 4750/1378 4800/1377 4798/1372
f 4797/1323 4801/1320 4796/1322
f 4801/1320 4800/1319 4796/1322
f 4801/1320 4799/1318 4800/1319
f 4799/1318 4798/1321 4800/1319
f 4802/1320 4803/1318 4804/1319
f 4803/1318 4805/1321 4804/1319
f 4806/1323 4802/1320 4807/1322
f 4802/1320 4804/1319 4807/1322
f 4758/1371 4755/1378 4805/1372
f 4755/1378 4804/1377 4805/1372
f 4755/1378 4756/1370 4804/1377
f 4756/1370 4807/1369 4804/1377
f 4808/1375 4809/1374 4803/1373
f 4803/1373 4809/1374 4805/1376
f 4759/1360 4758/1371 4809/1355
f 4758/1371 4805/1372 4809/1355
f 4810/1339 4806/1340 4811/1341
f 4806/1340 4807/1338 4811/1341
f 4756/1370 4754/1368 4807/1369
f 4754/1368 4811/1367 4807/1369
f 4754/1368 4753/1365 4811/1367
f 4753/1365 4812/1366 4811/1367
f 4812/1366 4753/1365 4813/1361
f 4753/1365 4757/1363 4813/1361
f 4757/1363 4371/1362 4813/1361
f 4371/1362 4814/1364 4813/1361
f 4812/1349 4810/1350 4811/1348
f 4814/1352 4812/1349 4813/1351
f 4815/1353 4810/1350 4812/1349
f 4814/1352 4815/1353 4812/1349
f 4809/1355 4763/1354 4759/1360
f 4816/1335 4763/1354 4809/1355
f 4808/1358 4817/1357 4809/1356
f 4817/1357 4816/1359 4809/1356
f 4765/1334 4763/1354 4816/1335
f 4818/1350 4819/1353 4820/1349
f 4819/1353 4821/1352 4820/1349
f 4820/1349 4821/1352 4822/1351
f 4818/1350 4820/1349 4823/1348
f 4383/1347 4769/1345 4821/1346
f 4769/1345 4822/1344 4821/1346
f 4769/1345 4771/1343 4822/1344
f 4771/1343 4820/1342 4822/1344
f 4771/1343 4772/1337 4820/1342
f 4772/1337 4823/1336 4820/1342
f 4772/1337 4773/1329 4823/1336
f 4773/1329 4824/1328 4823/1336
f 4825/1340 4818/1339 4824/1338
f 4818/1339 4823/1341 4824/1338
f 4767/1325 4765/1334 4826/1327
f 4765/1334 4816/1335 4826/1327
f 4817/1332 4827/1331 4816/1330
f 4827/1331 4826/1333 4816/1330
f 4773/1329 4770/1326 4824/1328
f 4770/1326 4828/1324 4824/1328
f 4770/1326 4767/1325 4828/1324
f 4767/1325 4826/1327 4828/1324
f 4825/1323 4824/1322 4829/1320
f 4829/1320 4824/1322 4828/1319
f 4829/1320 4828/1319 4827/1318
f 4827/1318 4828/1319 4826/1321
f 4830/1381 4831/1380 4832/1379
f 4831/1380 4833/1382 4832/1379
f 4834/857 4832/1379 4835/856
f 4833/1382 4835/856 4832/1379
f 4836/1112 4837/1110 4838/1383
f 4837/1110 4839/1384 4838/1383
f 4840/1386 4841/1385 4839/1384
f 4841/1385 4838/1383 4839/1384
f 4842/862 4843/855 4844/859
f 4843/855 4845/858 4844/859
f 4846/1113 4847/1111 4848/1115
f 4848/1115 4847/1111 4849/1117
f 4850/861 4851/1387 4852/860
f 4852/860 4851/1387 4853/1388
f 4851/1387 4854/1389 4853/1388
f 4853/1388 4854/1389 4855/1390
f 4854/1389 4856/1391 4855/1390
f 4856/1391 4857/1392 4855/1390
f 4858/1394 4859/1393 4856/1391
f 4859/1393 4857/1392 4856/1391
f 4860/1396 4861/1395 4858/1394
f 4859/1393 4858/1394 4861/1395
f 4862/1116 4863/1114 4860/1396
f 4861/1395 4860/1396 4863/1114
f 4864/1381 4865/1379 4866/1380
f 4865/1379 4867/1382 4866/1380
f 4868/857 4869/856 4865/1379
f 4867/1382 4865/1379 4869/856
f 4870/1112 4871/1383 4872/1110
f 4872/1110 4871/1383 4873/1384
f 4874/1386 4873/1384 4875/1385
f 4873/1384 4871/1383 4875/1385
f 4876/862 4877/859 4878/855
f 4877/859 4879/858 4878/855
f 4880/1117 4881/1111 4882/1115
f 4882/1115 4881/1111 4883/1113
f 4884/861 4885/860 4886/1387
f 4885/860 4887/1388 4886/1387
f 4886/1387 4887/1388 4888/1389
f 4887/1388 4889/1390 4888/1389
f 4888/1389 4889/1390 4890/1391
f 4890/1391 4889/1390 4891/1392
f 4892/1394 4890/1391 4893/1393
f 4893/1393 4890/1391 4891/1392
f 4894/1396 4892/1394 4895/1395
f 4893/1393 4895/1395 4892/1394
f 4896/1116 4894/1396 4897/1114
f 4895/1395 4897/1114 4894/1396
usemtl mat14
f 4898/330 4899/1397 4900/329
f 4901/1398 4900/329 4899/1397
f 4902/744 4903/742 4904/1399
f 4903/742 4905/1400 4904/1399
f 4906/334 4907/328 4908/333
f 4907/328 4909/331 4908/333
f 4910/676 4911/674 4912/743
f 4912/743 4911/674 4913/745
f 4914/335 4915/1401 4916/332
f 4915/1401 4917/1402 4916/332
f 4918/677 4919/675 4915/1401
f 4919/675 4917/1402 4915/1401
f 4920/330 4921/329 4922/1397
f 4922/1397 4921/329 4923/1398
f 4924/744 4925/1399 4926/742
f 4925/1399 4927/1403 4926/742
f 4928/331 4929/328 4930/333
f 4930/333 4929/328 4931/334
f 4932/745 4933/674 4934/743
f 4933/674 4935/1101 4934/743
f 4936/335 4937/332 4938/1404
f 4939/1405 4938/1404 4937/332
f 4938/1404 4939/1405 4940/1406
f 4941/1407 4940/1406 4939/1405
f 4942/1402 4943/1401 4941/1407
f 4943/1401 4940/1406 4941/1407
f 4943/1401 4942/1402 4944/1408
f 4942/1402 4945/1409 4944/1408
f 4946/1411 4944/1408 4947/1410
f 4947/1410 4944/1408 4945/1409
f 4948/677 4946/1411 4949/1100
f 4946/1411 4947/1410 4949/1100
f 4950/1412 4901/1398 4899/1397
f 4951/1413 4904/1399 4905/1400
f 4950/1412 4899/1397 4952/1414
f 4951/1413 4953/1415 4904/1399
f 4922/1397 4954/1412 4955/1414
f 4925/1399 4956/1415 4957/1413
f 4922/1397 4923/1398 4954/1412
f 4925/1399 4957/1413 4927/1403
f 4958/1397 4959/1412 4960/1398
f 4961/1399 4962/1403 4963/1413
f 4958/1397 4964/1414 4959/1412
f 4961/1399 4963/1413 4965/1415
f 4966/1412 4967/1414 4968/1397
f 4969/1413 4970/1399 4971/1415
f 4966/1412 4968/1397 4972/1398
f 4969/1413 4973/1400 4970/1399
f 4974/330 4958/1397 4975/329
f 4958/1397 4960/1398 4975/329
f 4976/744 4977/742 4961/1399
f 4977/742 4962/1403 4961/1399
f 4978/334 4979/328 4980/333
f 4980/333 4979/328 4981/331
f 4982/745 4983/743 4984/674
f 4983/743 4985/1101 4984/674
f 4986/335 4987/1404 4988/332
f 4989/1405 4988/332 4987/1404
f 4987/1404 4990/1406 4989/1405
f 4991/1407 4989/1405 4990/1406
f 4992/1402 4991/1407 4993/1401
f 4991/1407 4990/1406 4993/1401
f 4993/1401 4994/1408 4992/1402
f 4994/1408 4995/1409 4992/1402
f 4996/1411 4997/1410 4994/1408
f 4997/1410 4995/1409 4994/1408
f 4998/677 4999/1100 4996/1411
f 4999/1100 4997/1410 4996/1411
f 5000/330 5001/329 4968/1397
f 4972/1398 4968/1397 5001/329
f 5002/744 4970/1399 5003/742
f 5003/742 4970/1399 4973/1400
f 5004/335 5005/332 5006/1401
f 5006/1401 5005/332 5007/1402
f 5008/677 5006/1401 5009/675
f 5009/675 5006/1401 5007/1402
f 5010/334 5011/333 5012/328
f 5011/333 5013/331 5012/328
f 5014/745 5015/674 5016/743
f 5016/743 5015/674 5017/676
usemtl mat15
f 5018/1418 4956/1417 5019/1416
f 4956/1417 4953/1419 5019/1416
f 4952/1422 4955/1421 5020/1420
f 4955/1421 5021/1423 5020/1420
f 4899/1425 4898/866 4922/1424
f 4898/866 4920/864 4922/1424
f 4902/1102 4904/1426 4924/1104
f 4904/1426 4925/1427 4924/1104
f 4904/1426 4953/1419 4925/1427
f 4953/1419 4956/1417 4925/1427
f 4899/1425 4922/1424 4952/1422
f 4922/1424 4955/1421 4952/1422
f 4931/540 4929/865 4906/539
f 4929/865 4907/863 4906/539
f 4934/1103 4935/1108 4912/1105
f 4935/1108 4910/1106 4912/1105
f 4917/1429 4939/1428 4916/867
f 4939/1428 4937/818 4916/867
f 4917/1429 4919/1109 4947/1430
f 4949/1107 4947/1430 4919/1109
f 4917/1429 4941/1431 4939/1428
f 4917/1429 4942/1432 4941/1431
f 4942/1432 4917/1429 4945/1433
f 4917/1429 4947/1430 4945/1433
f 5007/1429 4989/1428 4991/1431
f 5007/1429 4991/1431 4992/1432
f 4992/1432 4995/1433 5007/1429
f 5007/1429 4995/1433 4997/1430
f 5022/1418 5023/1416 4965/1417
f 5023/1416 4971/1419 4965/1417
f 4967/1422 5024/1420 4964/1421
f 5024/1420 5025/1423 4964/1421
f 4968/1425 4967/1422 4958/1424
f 4967/1422 4964/1421 4958/1424
f 4968/1425 4958/1424 5000/866
f 4958/1424 4974/864 5000/866
f 5002/1102 4976/1104 4970/1426
f 4976/1104 4961/1427 4970/1426
f 4970/1426 4961/1427 4971/1419
f 4961/1427 4965/1417 4971/1419
f 4978/540 5010/539 4979/865
f 5010/539 5012/863 4979/865
f 4983/1103 5016/1105 4985/1108
f 5016/1105 5017/1106 4985/1108
f 5007/1429 5005/867 4989/1428
f 5005/867 4988/818 4989/1428
f 5007/1429 4997/1430 5009/1109
f 4999/1107 5009/1109 4997/1430
usemtl mat16
f 4954/1436 4923/1435 4831/1434
f 4923/1435 4833/1437 4831/1434
f 4921/794 4835/792 4923/1435
f 4835/792 4833/1437 4923/1435
f 4926/794 4927/1435 4837/792
f 4927/1435 4839/1437 4837/792
f 4957/1436 4840/1434 4927/1435
f 4840/1434 4839/1437 4927/1435
f 4844/796 4845/793 4930/798
f 4845/793 4928/791 4930/798
f 4846/793 4848/796 4932/791
f 4848/796 4933/798 4932/791
f 4938/1439 4851/1438 4936/795
f 4851/1438 4850/797 4936/795
f 4940/1441 4854/1440 4938/1439
f 4854/1440 4851/1438 4938/1439
f 4943/1443 4856/1442 4940/1441
f 4856/1442 4854/1440 4940/1441
f 4856/1442 4943/1443 4858/1440
f 4943/1443 4944/1441 4858/1440
f 4946/1439 4860/1438 4944/1441
f 4860/1438 4858/1440 4944/1441
f 4862/797 4860/1438 4948/795
f 4860/1438 4946/1439 4948/795
f 4959/1436 4866/1434 4960/1435
f 4866/1434 4867/1437 4960/1435
f 4975/794 4960/1435 4869/792
f 4960/1435 4867/1437 4869/792
f 4977/794 4872/792 4962/1435
f 4872/792 4873/1437 4962/1435
f 4963/1436 4962/1435 4874/1434
f 4962/1435 4873/1437 4874/1434
f 4877/796 4980/798 4879/793
f 4980/798 4981/791 4879/793
f 4883/793 4982/791 4882/796
f 4982/791 4984/798 4882/796
f 4987/1439 4986/795 4886/1438
f 4986/795 4884/797 4886/1438
f 4990/1441 4987/1439 4888/1440
f 4987/1439 4886/1438 4888/1440
f 4993/1443 4990/1441 4890/1442
f 4990/1441 4888/1440 4890/1442
f 4890/1442 4892/1440 4993/1443
f 4892/1440 4994/1441 4993/1443
f 4996/1439 4994/1441 4894/1438
f 4994/1441 4892/1440 4894/1438
f 4896/797 4998/795 4894/1438
f 4998/795 4996/1439 4894/1438
# 6362 elements

