# Created by Metasequoia

mtllib City_top.mtl

v 2220.823975 -731.891602 9333.896484
v 2074.145508 -731.891602 9401.542969
v 2220.823975 531.395020 9333.896484
v 2074.145508 531.394531 9401.542969
v 2273.554688 -731.891602 9218.463867
v 2273.554688 531.395020 9218.463867
v 2388.147949 -731.891602 9272.996094
v 2388.147949 531.395020 9272.996094
v 2543.991943 -731.891602 9230.533203
v 2543.991943 531.394531 9230.533203
v 2725.101318 -699.999756 9150.355469
v 2578.423096 -699.999756 9218.000977
v 2725.101318 813.231445 9150.355469
v 2578.423096 813.231201 9218.000977
v 2777.832275 -699.999756 9034.921875
v 2777.832275 813.231445 9034.921875
v 2892.425293 -699.999756 9089.454102
v 2892.425293 813.231445 9089.454102
v 3048.269287 -699.999756 9046.991211
v 3048.269287 813.231201 9046.991211
v 3234.906982 -731.891602 8964.800781
v 3088.228760 -731.891602 9032.447266
v 3234.906982 531.395020 8964.800781
v 3088.228760 531.394531 9032.447266
v 3287.637939 -731.891602 8849.368164
v 3287.637939 531.395020 8849.368164
v 3402.230957 -731.891602 8903.900391
v 3402.230957 531.395020 8903.900391
v 3558.074951 -731.891602 8861.436523
v 3558.074951 531.394531 8861.436523
v -6390.542480 -3449.992676 14554.081055
v -6761.773438 -3449.992920 14925.312500
v -6368.038574 -657.574219 14604.512695
v -6671.675293 -657.574219 14908.150391
v -5807.179199 -3449.992920 15137.444336
v -5890.895020 -657.574219 15081.657227
v -49349.992188 -3450.000000 -500.015106
v -45543.976563 -3450.000000 18634.156250
v -34829.656250 -3450.000000 -500.010315
v -32128.937500 -3450.000000 13077.471680
v -45543.960938 -3450.000000 -19634.183594
v -32128.925781 -3450.000000 -14077.488281
v -34705.343750 -3450.000000 34855.328125
v -24437.917969 -3450.000000 24587.904297
v -34705.316406 -3450.000000 -35855.343750
v -24437.896484 -3450.000000 -25587.917969
v -25454.027344 -3450.000000 -500.007294
v -23466.984375 -3450.000000 9489.578125
v -23466.978516 -3450.000000 -10489.587891
v -26594.732422 -3450.000000 -41274.656250
v -18682.679688 -3450.000000 -29433.427734
v -17808.345703 -3450.000000 17958.333984
v -17808.333984 -3450.000000 -18958.345703
v -18484.179688 -3450.000000 45693.968750
v -12927.485352 -3450.000000 32278.933594
v -20168.367188 -3450.000000 -500.006287
v -18583.671875 -3450.000000 7466.842285
v -18583.666016 -3450.000000 -8466.851563
v -18484.148438 -3450.000000 -46693.972656
v -12927.464844 -3450.000000 -33278.937500
v -13573.953125 -3450.000000 -21787.664063
v -14070.815430 -3450.000000 14220.810547
v -14070.806641 -3450.000000 -15220.815430
v -16038.320313 -3450.000000 -500.006195
v -14768.005859 -3450.000000 5886.340820
v -14768.000000 -3450.000000 -6886.352539
v -9339.586914 -3450.000000 23616.982422
v -11150.433594 -3450.000000 11300.420898
v -11150.420898 -3450.000000 -12300.433594
v -10693.822266 -3450.000000 -17477.244141
v -9339.572266 -3450.000000 -24616.984375
v -7316.850586 -3450.000000 18733.669922
v -8917.063477 -3450.000000 -48596.976563
v -6138.724121 -3450.000000 -34629.296875
v -8443.379883 -3450.000000 -14109.219727
v -7316.838867 -3450.000000 -19733.671875
v -5736.350586 -3450.000000 14918.001953
v -4344.780273 -3450.000000 -25610.503906
v -5736.339355 -3450.000000 -15918.005859
v 649.992004 -3450.000000 49499.996094
v 649.994812 -3450.000000 34979.660156
v -3333.414795 -3450.000000 -20526.019531
v 649.995972 -3450.000000 25604.031250
v -2543.166504 -3450.000000 -16553.164063
v 649.996582 -3450.000000 20318.371094
v 650.022217 -3450.000000 -50499.984375
v 650.016174 -3450.000000 -35979.652344
v 649.996216 -3450.000000 16188.320313
v 650.011719 -3450.000000 -26604.023438
v 650.009094 -3450.000000 -21318.367188
v 650.006226 -3450.000000 -17188.320313
v 8616.845703 -3450.000000 18733.675781
v 7036.340820 -3450.000000 14918.005859
v 8616.854492 -3450.000000 -19733.664063
v 7036.351563 -3450.000000 -15917.999023
v 10639.582031 -3450.000000 23616.988281
v 10639.590820 -3450.000000 -24616.974609
v 14227.478516 -3450.000000 32278.941406
v 14227.493164 -3450.000000 -33278.921875
v 19784.166016 -3450.000000 45693.976563
v 19784.187500 -3450.000000 -46693.953125
v 15370.815430 -3450.000000 14220.817383
v 12450.427734 -3450.000000 11300.430664
v 15370.817383 -3450.000000 -15220.801758
v 12450.432617 -3450.000000 -12300.419922
v 19108.343750 -3450.000000 17958.345703
v 19108.347656 -3450.000000 -18958.326172
v 19883.671875 -3450.000000 7466.849121
v 16068.003906 -3450.000000 5886.345215
v 19883.671875 -3450.000000 -8466.835938
v 16068.003906 -3450.000000 -6886.337891
v 25737.910156 -3450.000000 24587.916016
v 25737.919922 -3450.000000 -25587.892578
v 21468.371094 -3450.000000 -500.000000
v 17338.320313 -3450.000000 -500.001099
v 24766.986328 -3450.000000 9489.585938
v 24766.984375 -3450.000000 -10489.568359
v 26754.031250 -3450.000000 -499.999512
v 36005.335938 -3450.000000 34855.339844
v 36005.347656 -3450.000000 -35855.312500
v 33428.937500 -3450.000000 13077.483398
v 33428.937500 -3450.000000 -14077.459961
v 36129.664063 -3450.000000 -499.999603
v 46843.976563 -3450.000000 18634.171875
v 46843.972656 -3450.000000 -19634.140625
v 50650.000000 -3450.000000 -500.000000
v -49349.996094 -3450.000000 -500.015106
v -48130.828125 2697.774414 -500.015106
v -45543.980469 -3450.000000 18634.156250
v -44417.613281 2697.774414 18167.603516
v -44417.601563 2697.774414 -19167.628906
v -33843.265625 2697.774414 33993.246094
v -33843.238281 2697.774414 -34993.265625
v -18017.625000 2697.774414 44567.613281
v -18484.148438 -3450.000000 -46693.980469
v -18017.593750 2697.774414 -45567.613281
v 649.992004 2697.774414 48280.835938
v 650.021484 2697.774414 -49280.820313
v 19784.166016 -3450.000000 45693.980469
v 19317.611328 2697.774414 44567.617188
v 19317.632813 2697.774414 -45567.593750
v 35143.253906 2697.774414 33993.261719
v 35143.265625 2697.774414 -34993.234375
v 46843.980469 -3450.000000 18634.171875
v 45717.613281 2697.774414 18167.617188
v 46843.980469 -3450.000000 -19634.140625
v 45717.613281 2697.774414 -19167.589844
v 49430.835938 2697.774414 -500.000305
v -769.934326 -2777.635742 -9357.119141
v -769.926880 -2777.636719 -8020.428223
v 0.000790 -2777.635742 -8020.418945
v -275.615997 -3450.000000 -4969.997070
v 0.001100 -3450.000000 -4969.997070
v -275.616211 -3449.992676 -8020.415039
v 0.000900 -3449.992676 -8020.415039
v 299.999390 -3449.999268 -4539.998047
v 565.325073 -3449.999512 -7160.000000
v 300.000000 -3449.999512 -7160.000000
v 565.324463 -3449.999268 -4539.998047
v -4718.547363 -1221.175293 2098.083496
v -4967.962891 -1221.175293 2098.083252
v -5092.671387 -1221.175293 2314.086914
v -402.112122 -3449.999512 -4169.999023
v 0.284190 -3450.000000 -3576.295898
v 0.001210 -3449.999512 -4169.999512
v -1611.470459 -3450.000000 6579.502930
v -4082.773926 -3450.000000 10858.751953
v -1406.810059 -3449.992676 6703.885254
v -3887.819824 -3449.999512 10973.070313
v 1844.598022 -699.999756 9787.232422
v 3976.305664 -699.999756 9011.354492
v 2014.455688 -699.999756 9099.817383
v 3404.326172 -699.999756 8593.946289
v 988.893799 -2777.635742 6007.020508
v 2325.584473 -2777.636719 6007.013184
v 2325.593994 -2777.635742 5237.085449
v 950.544067 -3449.992188 4579.441406
v 988.893860 -3449.992676 6007.020996
v 1647.295410 -3449.999512 5628.419434
v 1358.528564 -3449.992676 7022.979980
v 1548.049194 -3450.000977 8025.274902
v 1647.295532 -3449.999512 7026.619141
v 2159.833252 -3449.992188 6436.867188
v 2429.292725 -3450.000000 7851.382324
v 3259.594971 -3449.999512 6434.048340
v 299.709106 -3450.000000 -3280.003906
v 300.013855 -3449.998047 -2060.127197
v 549.740173 -3450.000000 -3020.805420
v 548.984009 -3449.999512 -2199.681641
v -37014.925781 14871.128906 15101.308594
v -40118.210938 14871.127930 -500.012878
v -37014.910156 14871.128906 -16101.333984
v -28177.488281 14871.127930 28327.478516
v -28177.468750 14871.127930 -29327.488281
v -14951.330078 14871.128906 37164.917969
v -14951.303711 14871.128906 -38164.921875
v -21017.634766 23354.470703 8475.020508
v -21017.626953 23354.470703 -9475.032227
v -8325.030273 23354.470703 21167.625000
v -8325.016602 23354.470703 -22167.634766
v 649.992920 14871.127930 40268.214844
v 650.017517 14871.127930 -41268.207031
v 650.000000 25769.638672 -500.000000
v 9625.023438 23354.470703 21167.634766
v 9625.034180 23354.470703 -22167.623047
v 16251.317383 14871.128906 37164.921875
v 16251.336914 14871.128906 -38164.906250
v 22317.634766 23354.470703 8475.027344
v 22317.634766 23354.470703 -9475.012695
v 29477.480469 14871.127930 28327.488281
v 29477.490234 14871.127930 -29327.462891
v 41418.218750 14871.127930 -500.000488
v 38314.917969 14871.128906 -16101.298828
v 38314.921875 14871.128906 15101.322266
v -1315.348877 -3450.000488 -10953.580078
v -449.098969 -3450.000488 -9453.191406
v -1315.348999 -762.000488 -10953.580078
v -449.098969 -762.000488 -9453.191406
v -1120.733154 -762.000488 -11066.495117
v -254.243286 -3450.000488 -9565.690430
v -254.243286 -762.000488 -9565.690430
v 7676.242188 -493.200439 -6530.050293
v 8038.355957 -493.200439 -5535.150391
v 8025.002441 -493.200439 -6657.300293
v 8387.216797 -493.200439 -5662.125488
v 7676.242188 -3450.000488 -6530.050293
v 8038.355957 -3450.000488 -5535.150391
v 8387.216797 -3450.000488 -5662.125488
v -3072.255859 -3450.000488 9098.273438
v -3072.255859 -762.000488 9098.273438
v -2847.255859 -3450.000488 8708.562500
v -2847.255859 -762.000488 8708.562500
v -1796.983521 -3450.000488 9314.937500
v -1796.983521 -762.000488 9314.937500
v -2021.692627 -762.000488 9704.816406
v -9888.266602 -3450.000488 -11068.355469
v -8829.516602 -3450.000488 -11068.355469
v -9888.266602 -493.200439 -11068.355469
v -8829.516602 -493.200439 -11068.355469
v -8829.516602 -3450.000488 -11439.605469
v -8829.516602 -493.200439 -11439.605469
v -9888.560547 -493.200439 -11439.605469
v 6935.998535 -493.200439 13466.049805
v 5684.401855 -493.200439 13061.049805
v 5684.401855 -493.200439 13466.049805
v 6935.651855 -493.200439 13061.049805
v 5684.401855 -3450.000488 13466.049805
v 5684.401855 -3450.000488 13061.049805
v 6935.651855 -3450.000488 13061.049805
v 659.077087 -742.193848 -12899.295898
v 52.859451 -742.193848 -13249.296875
v 659.077087 -3449.999023 -12899.295898
v 52.859451 -3449.999023 -13249.296875
v 182.789871 -425.173584 -13284.112305
v 624.262390 -425.173584 -13029.227539
v 879.146484 -425.173340 -13470.695313
v 437.674255 -425.173584 -13725.580078
v 1009.077026 -742.193604 -13505.510742
v 1009.077026 -3449.998779 -13505.510742
v -749.999878 -2750.000732 -5710.013184
v -749.999878 -3450.000488 -5710.013184
v -250.000000 -2750.000732 -5710.013184
v -250.000000 -3450.000488 -5710.012695
v -250.000000 -2750.000488 -6710.013184
v -749.999878 -2750.000732 -6710.013184
v -250.000000 -3450.000488 -6710.012695
v -4577.922852 -3449.992188 -2727.076172
v -3965.000000 -3449.992676 -2838.831299
v -4577.922852 -3449.992188 -4276.774902
v -3877.922852 -3449.992188 -4276.774902
v -4344.362793 -3149.992188 -3172.504395
v -4344.362793 -3449.992188 -3172.504395
v -4022.029297 -3149.992188 -3172.504639
v -4022.029297 -3449.992188 -3172.504395
v -4022.029297 -3149.992188 -3843.598145
v -4344.362793 -3149.992188 -3843.598145
v -4022.029297 -3449.992188 -3843.598145
v -3177.922852 -3449.992188 -2379.458984
v -3177.922852 -3449.992188 -4276.774902
v -2786.333496 -3449.992188 5522.412109
v -2947.500488 -3449.992188 5801.561523
v -2786.333252 -3149.992188 5522.412109
v -2947.500488 -3149.992188 5801.561523
v -2205.149414 -3149.992188 5857.958984
v -2366.316162 -3149.992188 6137.108398
v -2205.149414 -3449.992188 5857.958984
v -3676.747314 -3449.992188 5717.346191
v -2023.227905 -3449.992188 6696.626465
v -2742.768311 -3449.992188 4282.185547
v -1200.338867 -3449.992676 5280.972168
v -2366.316162 -3449.992188 6137.108398
v -3912.497314 -3449.999512 9727.901367
v -2666.351563 -3449.992676 6315.148926
v -4691.919922 -3450.000000 9277.902344
v -2959.041016 -3449.992188 6142.354004
v -4633.016602 -3450.000000 11217.282227
v -5379.395508 -3450.000000 13486.486328
v -4629.395020 -3450.000000 13486.485352
v 4554.918457 -3449.992188 7943.623047
v 3941.174561 -3449.992188 8215.074219
v 4554.918457 -2998.601563 7943.623047
v 3941.174561 -2998.601563 8215.074219
v 4071.555420 -2998.601563 8509.861328
v 4685.298828 -2998.601563 8238.411133
v -481.946136 -2850.000000 -11330.763672
v -481.946136 -3450.000000 -11330.762695
v -57.682060 -2850.000000 -10906.499023
v -57.682140 -3450.000000 -10906.499023
v 366.581970 -2850.000000 -11330.763672
v -57.682060 -2850.000000 -11755.027344
v 366.582001 -3450.000000 -11330.763672
v -1503.945190 -2850.000000 -14626.959961
v -2103.945068 -2850.000000 -14626.958984
v -1503.945068 -3450.000000 -14626.958984
v -2103.944824 -3450.000000 -14626.958984
v -1503.945190 -2850.000000 -15226.959961
v -2103.945068 -2850.000000 -15226.958984
v 82.141289 -3050.000000 -10839.659180
v 82.141319 -3450.000000 -10839.659180
v 647.826721 -3050.000000 -10273.973633
v 647.826660 -3450.000000 -10273.973633
v 1213.512085 -3050.000000 -10839.659180
v 647.826721 -3050.000000 -11405.344727
v 1213.512207 -3450.000000 -10839.659180
v -13740.569336 -2950.000000 6502.567383
v -13398.548828 -2950.000000 7442.259766
v -12988.815430 -2950.000000 6228.951172
v -12646.794922 -2950.000000 7168.643555
v -12988.815430 -3450.000000 6228.951172
v -12646.794922 -3450.000000 7168.643555
v -5154.169922 -2650.000000 -12377.012695
v -5154.169922 -3449.999756 -12377.012695
v -4588.484375 -2650.000000 -11811.327148
v -4588.484375 -3449.999756 -11811.327148
v -4022.799072 -2650.000000 -12377.012695
v -4588.484375 -2650.000000 -12942.698242
v -4022.798828 -3449.999756 -12377.012695
v -1356.181763 -3449.999756 8180.164063
v -1756.181763 -3449.999756 8872.984375
v -1356.181763 -2650.000000 8180.164063
v -1756.181763 -2650.000000 8872.984375
v -1063.361450 -2650.000000 9272.984375
v -663.361450 -2650.000000 8580.164063
v -663.361572 -3449.999756 8580.164063
v -6891.217285 -2950.000000 -8253.529297
v -6891.216797 -3450.000000 -8253.528320
v -6198.396973 -2950.000000 -7853.528809
v -6198.396973 -3450.000000 -7853.528809
v -5798.396973 -2950.000000 -8546.349609
v -6491.216797 -2950.000000 -8946.349609
v -5798.396484 -3450.000000 -8546.349609
v -7068.598633 -2850.000000 -7475.278320
v -7068.598633 -3450.000000 -7475.277832
v -6548.982910 -2850.000000 -7175.278809
v -6548.983398 -3450.000000 -7175.277832
v -6248.983398 -2850.000000 -7694.893555
v -6768.598633 -2850.000000 -7994.893555
v -6248.983398 -3450.000000 -7694.893555
v -5835.542480 -2729.999756 12153.347656
v -6135.541992 -2729.999756 12672.962891
v -5004.157715 -2729.999756 12633.347656
v -5304.157715 -2729.999756 13152.962891
v -5004.157715 -3449.999756 12633.347656
v -5835.541992 -3449.999756 12153.347656
v -6606.771973 -2850.000000 -7066.244141
v -7126.387207 -2850.000000 -7366.244141
v -6906.771973 -2850.000000 -6546.628906
v -7426.387207 -2850.000000 -6846.628906
v -6906.771973 -3450.000000 -6546.628418
v -6606.771973 -3450.000000 -7066.244141
v -3752.827637 -3450.000000 8859.020508
v -4052.827637 -3450.000000 9378.635742
v -3752.827393 -2850.000000 8859.021484
v -4052.827637 -2850.000000 9378.635742
v -3689.096924 -2850.000000 9588.635742
v -3389.096924 -2850.000000 9069.020508
v -3389.096924 -3450.000000 9069.020508
v 10883.500977 -2850.000000 -10073.437500
v 10883.500000 -3450.000000 -10073.437500
v 11088.713867 -2850.000000 -9509.622070
v 11088.712891 -3450.000000 -9509.622070
v 11652.528320 -2850.000000 -9714.834961
v 11447.316406 -2850.000000 -10278.650391
v 11652.528320 -3450.000000 -9714.834961
v 4920.037598 -3450.000000 10051.227539
v 4620.037598 -3450.000000 10570.842773
v 4920.037598 -2850.000000 10051.228516
v 4620.037598 -2850.000000 10570.842773
v 4983.768066 -2850.000000 10780.842773
v 5283.768066 -2850.000000 10261.227539
v 5283.768066 -3450.000000 10261.227539
v 832.052246 -2950.000000 -9111.088867
v 1190.655640 -2950.000000 -9880.117188
v 626.840088 -2950.000000 -9674.904297
v 1395.867798 -2950.000000 -9316.301758
v 832.052124 -3450.000000 -9111.088867
v 626.839966 -3450.000000 -9674.904297
v -505.346710 -2850.000000 -12382.492188
v -505.346619 -3450.000000 -12382.492188
v 360.678558 -2850.000000 -11882.492188
v 360.678589 -3450.000000 -11882.492188
v 610.678467 -2850.000000 -12315.504883
v -255.346832 -2850.000000 -12815.504883
v 610.678528 -3450.000000 -12315.504883
v 546.569031 -2900.000000 -11808.591797
v 546.569092 -3450.000000 -11808.591797
v 970.833008 -2900.000000 -11384.327148
v 970.833008 -3450.000000 -11384.327148
v 1324.386353 -2900.000000 -11737.880859
v 900.122375 -2900.000000 -12162.144531
v 1324.386353 -3450.000000 -11737.880859
v -580.668518 -2750.000000 -13548.494141
v -580.668335 -3449.999756 -13548.494141
v 10.216020 -2750.000000 -13444.305664
v 10.216100 -3450.000000 -13444.304688
v 97.040123 -2750.000000 -13936.708984
v -493.844452 -2750.000000 -14040.898438
v 97.040192 -3450.000000 -13936.708984
v -1289.361694 -2750.000000 -12630.734375
v -1880.246338 -2750.000000 -12734.922852
v -1289.361694 -3450.000000 -12630.733398
v -1880.246094 -3449.999756 -12734.922852
v -1202.537598 -2750.000000 -13123.137695
v -1793.422241 -2750.000000 -13227.327148
v -12056.900391 -2850.000000 5536.648926
v -11656.900391 -2850.000000 6229.468750
v -11537.285156 -2850.000000 5236.648926
v -11137.285156 -2850.000000 5929.468750
v -11537.285156 -3450.000000 5236.648438
v -11137.285156 -3450.000000 5929.468750
v -11707.752930 -2650.000000 6483.420898
v -10322.112305 -2650.000000 7283.420898
v -11457.752930 -2650.000000 6050.408203
v -10072.112305 -2650.000000 6850.408203
v -11457.752930 -3449.999756 6050.408203
v -10072.112305 -3449.999756 6850.407715
v -696.307861 -3449.992676 -15968.836914
v 73.692047 -3449.992676 -15968.836914
v -696.307861 -1102.832031 -15968.836914
v 73.692047 -1102.832031 -15968.836914
v -5177.831055 -2987.329102 -12684.849609
v -5354.607910 -2778.987793 -12861.625977
v -6026.359375 -2987.329102 -11836.321289
v -6203.135742 -2778.987793 -12013.097656
v -6026.359375 -3450.000000 -11836.321289
v -5177.831055 -3450.000000 -12684.849609
v -5830.769043 -2987.329102 -13659.389648
v -6007.545898 -2778.987793 -13836.166016
v -6679.297363 -2987.329102 -12810.861328
v -6856.073730 -2778.987793 -12987.637695
v -6679.297363 -3450.000000 -12810.861328
v -5830.769043 -3450.000000 -13659.389648
v -4796.107910 -2900.000000 -15757.367188
v -5682.434570 -2900.000000 -15601.083008
v -4691.918457 -2900.000000 -15166.482422
v -5578.245605 -2900.000000 -15010.198242
v -4691.918457 -3450.000000 -15166.482422
v -5578.245117 -3450.000000 -15010.198242
v -2042.041992 -3450.000000 10634.147461
v -2292.041992 -3450.000000 11067.160156
v -2042.041992 -2750.000000 10634.147461
v -2292.041992 -2750.000000 11067.160156
v -1772.426880 -2750.000000 11367.160156
v -1522.426880 -2750.000000 10934.147461
v -1522.427002 -3449.999756 10934.147461
v -8057.845215 -2987.329102 -8848.175781
v -8057.845703 -3450.000000 -8848.175781
v -7604.691406 -2987.329102 -8636.867188
v -7604.691406 -3450.000000 -8636.867188
v -7324.126465 -2778.987793 -9830.090820
v -7831.268555 -2778.987793 -8742.521484
v -7097.549805 -2987.329102 -9724.436523
v -7097.549316 -3450.000000 -9724.436523
v -3971.844238 -3218.664551 8153.110352
v -4059.343994 -3114.493896 8304.665039
v -3140.459717 -3218.664551 8633.110352
v -3227.959473 -3114.493896 8784.665039
v -3140.459473 -3450.000000 8633.110352
v -3971.843994 -3450.000000 8153.110352
v -5379.395020 -2900.000000 13486.485352
v -5379.395020 -2900.000000 14386.485352
v -4629.395020 -2900.000000 13486.485352
v -4629.395020 -2900.000000 14386.485352
v -4629.394531 -3450.000000 13486.485352
v -5379.394531 -3450.000000 13486.485352
v -4629.394531 -3450.000000 14386.485352
v -7608.220703 -2987.329102 -8602.771484
v -7854.422363 -2778.987793 -8646.183594
v -7816.598633 -2987.329102 -7421.001953
v -8062.800293 -2778.987793 -7464.414063
v -7816.598633 -3450.000000 -7421.001465
v -7608.220703 -3450.000000 -8602.771484
v -4082.773926 -3450.000000 10858.750977
v -4332.773926 -3450.000000 11291.763672
v -4082.774170 -2900.000000 10858.750977
v -4332.773926 -2900.000000 11291.763672
v -3813.158691 -2900.000000 11591.763672
v -3563.158691 -2900.000000 11158.750977
v -3563.158691 -3450.000000 11158.750977
v -3765.689453 -3450.000000 10315.582031
v -3765.689453 -2850.000000 10315.582031
v -3515.689453 -3450.000000 9882.569336
v -3515.689453 -2850.000000 9882.569336
v -2899.664063 -2850.000000 10815.582031
v -2649.664063 -2850.000000 10382.569336
v -2649.664307 -3450.000000 10382.569336
v -4991.919922 -2900.000000 9797.517578
v -4212.497070 -2900.000000 10247.517578
v -4691.919922 -2900.000000 9277.902344
v -3912.497070 -2900.000000 9727.902344
v -3912.497070 -3450.000000 9727.902344
v -3674.346924 -3218.664551 7641.333984
v -3761.846680 -3114.493896 7792.888672
v -2842.962402 -3218.664551 8121.333984
v -2930.462158 -3114.493896 8272.888672
v -2842.962158 -3450.000000 8121.333984
v -3674.346680 -3450.000000 7641.333984
v -5475.934082 -2850.000000 10804.339844
v -4609.908691 -2850.000000 11304.339844
v -5225.934082 -2850.000000 10371.327148
v -4359.908691 -2850.000000 10871.327148
v -5225.934082 -3450.000000 10371.327148
v -4359.908691 -3450.000000 10871.327148
v 5025.345215 -2850.000000 11551.334961
v 5965.037598 -2850.000000 11209.314453
v 5025.345215 -3450.000000 11551.334961
v 5965.037598 -3450.000000 11209.314453
v 5196.355469 -2850.000000 12021.180664
v 6136.047852 -2850.000000 11679.161133
v 5299.411133 -3450.000000 9136.536133
v 4397.305664 -3450.000000 9464.875977
v 5299.410645 -3218.664551 9136.536133
v 4397.305664 -3218.664551 9464.875977
v 4457.159180 -3114.493896 9629.322266
v 5359.264160 -3114.493896 9300.982422
v 6865.113281 -2900.000000 12967.019531
v 7360.112793 -2900.000000 12109.655273
v 6865.112793 -3450.000000 12967.019531
v 7360.112793 -3450.000000 12109.655273
v 7384.728516 -2900.000000 13267.019531
v 7879.728027 -2900.000000 12409.655273
v 5293.764648 -3450.000000 9942.276367
v 5293.764648 -3450.000000 10442.277344
v 5293.764648 -3010.000000 9942.277344
v 5293.764648 -3010.000000 10442.277344
v 5893.764648 -3010.000000 9942.277344
v 5893.764648 -3450.000000 9942.276367
v 5893.764648 -3010.000000 10442.277344
v -9673.185547 -2650.000000 5261.049316
v -8263.647461 -2650.000000 5774.079102
v -9502.175781 -2650.000000 4791.202637
v -8092.637207 -2650.000000 5304.232910
v -9502.175781 -3449.999756 4791.202637
v -8092.637207 -3449.999756 5304.232910
v -8737.085938 -2649.999756 -10925.010742
v -9654.807617 -2649.999756 -9614.367188
v -8327.509766 -2650.000000 -10638.222656
v -9245.232422 -2649.999756 -9327.579102
v -8327.509766 -3449.999756 -10638.222656
v -9245.231445 -3449.999756 -9327.580078
v -4662.857910 -1453.817993 1217.762695
v -4662.857910 -1344.010254 1217.762695
v -4229.415039 -1453.817749 1217.762695
v -4229.415039 -1344.009766 1217.762695
v -4229.415039 -1453.817749 2116.817871
v -4229.415039 -1344.009766 2116.817871
v 6033.910156 -3080.000000 11402.761719
v 6865.294434 -3080.000000 10922.761719
v 6033.910156 -3450.000000 11402.761719
v 6865.294434 -3450.000000 10922.761719
v 6283.910156 -3080.000000 11835.774414
v 7115.294434 -3080.000000 11355.774414
v -449.999664 -2650.000000 -9459.037109
v -449.999634 -3449.999756 -9459.036133
v 300.000244 -2650.000000 -8159.998535
v 300.000275 -3449.999756 -8159.998535
v 733.012878 -2650.000000 -8409.999023
v -16.986980 -2650.000000 -9709.037109
v 733.012939 -3449.999756 -8409.999023
v -1519.229126 -1799.997437 -8302.944336
v -969.229370 -1799.996094 -9255.557617
v -1952.242065 -1799.998779 -8552.953125
v -1402.242310 -1799.997437 -9505.566406
v -2629.140137 -3450.000000 13423.459961
v -2629.140137 -433.402771 13423.459961
v -2439.434326 -3450.000488 13100.999023
v -2439.437744 -433.402893 13100.999023
v -2496.544189 284.402405 13223.295898
v -2499.830566 284.402405 13625.761719
v -2010.228271 284.402405 13227.268555
v -2013.515015 284.402496 13629.733398
v -2065.329346 -433.402893 13104.053711
v -2065.325439 -3450.000488 13104.054688
v -1880.915405 -3450.000000 13429.572266
v -1880.919312 -433.402924 13429.571289
v -3586.265137 -2750.000000 -4776.293945
v -4686.265137 -2750.000000 -4776.293945
v -3586.264893 -2750.000000 -4276.293945
v -4686.264648 -2750.000000 -4276.293945
v -4686.264648 -3449.999756 -4276.293945
v -3586.264893 -3450.000000 -4276.293945
v -3586.264893 -3450.000000 -4776.293945
v -2754.929443 -2650.000000 8559.983398
v -2004.929321 -2650.000000 7260.945313
v -2754.929688 -3449.999756 8559.983398
v -2004.929688 -3449.999756 7260.945313
v -1571.916748 -2650.000000 7510.945313
v -2321.916504 -2650.000000 8809.983398
v -1571.916870 -3449.999756 7510.945313
v -1519.229370 -1993.160522 -8302.944336
v -969.229492 -1993.159180 -9255.557617
v 300.000214 -3025.355469 -7159.999512
v 331.066589 -2949.999268 -7196.312012
v 299.999786 -3025.355469 -8159.999512
v 331.066101 -2949.999268 -8123.683105
v 800.000244 -3025.355469 -7160.000000
v 768.933838 -2949.999268 -7196.312500
v -4242.627930 -2176.065918 -5274.877441
v -4278.940430 -1949.998169 -5305.943848
v -5242.627930 -2176.066162 -5274.877441
v -5206.311523 -1949.998413 -5305.943359
v -4242.628418 -2176.065918 -5774.877441
v -4278.940918 -1949.998169 -5743.811035
v -4967.962891 -1321.175293 2098.083252
v -4718.547363 -1321.175293 2098.083496
v -4220.094238 -1321.174561 2961.427734
v -4220.094238 -1221.174561 2961.427734
v 299.999512 -2855.497559 -4539.998047
v 299.999512 -2855.497559 -3539.998291
v 331.065399 -2749.999268 -4503.685059
v 331.065399 -2749.999268 -3576.311279
v 549.999390 -2855.497559 -3539.998535
v 549.999512 -2749.999268 -3576.311523
v -1111.470703 -2193.279297 5713.477051
v -1611.470215 -2193.279297 6579.502930
v -1117.378174 -2087.780762 5781.810547
v -1555.245972 -2087.780762 6540.220703
v -418.650482 -2193.279297 6113.477539
v -474.874908 -2087.780762 6152.759766
v 2929.292725 -2193.279297 6985.355957
v 2429.292969 -2193.279297 7851.381836
v 2923.385010 -2087.780762 7053.689453
v 2485.517090 -2087.780762 7812.099609
v 3622.112793 -2193.279297 7385.356445
v 3565.887939 -2087.780762 7424.638672
v -1519.229492 -3449.997559 -8302.945313
v -969.229675 -3449.996338 -9255.558594
v 299.999603 -3449.999512 -8160.000000
v 800.000000 -3450.000000 -7160.000000
v -4242.628418 -3449.998291 -5274.877441
v -5242.628418 -3449.998291 -5274.876953
v -4242.628418 -3449.999512 -5774.877441
v -4718.550781 -3449.998535 2098.087402
v -4967.966797 -3449.998535 2098.091064
v -4220.097656 -3449.998535 2961.431641
v 299.999512 -3449.999268 -3539.998291
v 299.999512 -3449.999268 -4539.998047
v 549.999390 -3449.999512 -3539.998291
v -1611.470215 -3449.999756 6579.502930
v -1111.470703 -3449.999268 5713.477539
v -418.650482 -3449.999268 6113.477539
v 2429.292969 -3449.999756 7851.381836
v 2929.292480 -3449.999268 6985.356445
v 3622.112793 -3449.999268 7385.356445
v -860.282227 -2450.000732 -7020.839844
v -389.717712 -2450.000732 -7020.838867
v -860.282227 -1824.835327 -7020.839844
v -389.717682 -1824.835327 -7020.839844
v -999.999695 -2450.000732 -6846.613281
v -999.999695 -3450.000488 -6846.613281
v -250.000000 -2450.000732 -6846.612793
v -250.000000 -3450.000732 -6846.612793
v -389.717682 -2450.000732 -7672.390137
v -389.717682 -1824.835327 -7672.390137
v -250.000000 -3450.000732 -7846.612793
v -250.000000 -2450.000732 -7846.612793
v -6258.986816 -1316.666748 1062.496948
v -7458.986816 -1316.666748 1062.497070
v -6258.986816 16.666260 1062.496582
v -7458.986816 16.666500 1062.496948
v -6058.986816 -1316.666748 2945.757813
v -6058.986816 -1316.666748 1262.496704
v -6058.986816 16.666260 2945.757813
v -6058.986816 16.666260 1262.496338
v -5858.988770 -3450.000000 3145.758301
v -5858.988770 -3450.000000 1062.497070
v -5858.986816 -1450.000244 3145.757813
v -5858.986816 -1450.000244 1062.496704
v -2953.047119 -3450.000000 6344.599609
v -2953.046875 -3450.000000 5845.769531
v -2953.046875 190.000427 6344.600098
v -2953.046631 190.000427 5845.770508
v 4183.602539 -3450.000000 -8233.843750
v 4183.602539 -3449.998779 -5233.844238
v 4183.602539 -1450.000122 -8233.844727
v 4183.602539 -1450.000122 -5233.844727
v 4383.603516 -1316.666748 -8033.844727
v 4383.603516 -1316.666748 -5433.844727
v 4383.603516 -704.190918 -8033.847656
v 4383.603516 -704.190918 -5433.847656
v 4583.603516 -1316.666748 -5233.847656
v 5183.603516 -1316.666748 -5233.847656
v 4583.603516 -704.190918 -5233.848145
v 5783.603516 -704.191162 -5233.848145
v 5783.603516 -1316.666748 -5233.848145
v 5183.602051 -3449.999756 -5033.845215
v 5183.603516 -1450.000122 -5033.846680
v 4383.601563 -3449.999512 -5033.844238
v 4383.603516 -1450.000122 -5033.845703
v 5983.601563 -3450.000000 -5033.845703
v 5983.603516 -1450.000122 -5033.847656
v 3885.132568 -3449.999756 6882.729492
v 3885.130615 -1450.619019 6882.728516
v 3885.129395 -3449.999512 6383.896973
v 3885.127197 -1450.618774 6383.896973
v 4317.130859 -3449.999512 6134.482910
v 4317.125000 -1450.618774 6134.480469
v 1548.049316 -3450.000732 7025.274902
v 1548.049316 -3450.000732 8025.274902
v 1548.049316 -2450.000732 7025.274902
v 1548.049316 -2450.000732 8025.274902
v 1687.766968 -2450.000732 7851.052246
v 1687.766968 -1824.835327 7851.052246
v 1687.766968 -2450.000732 7199.501465
v 1687.766968 -1824.835327 7199.501953
v 2298.049072 -2450.000732 7025.275391
v 2298.049072 -3450.000488 7025.275391
v 2158.331543 -2450.000732 7199.501953
v 2158.331543 -1824.835327 7199.501953
v -999.999695 -2450.000732 -7846.613281
v -860.282227 -2450.000732 -7672.390625
v -860.282227 -1824.835327 -7672.390625
v -389.717682 -2450.000732 -7020.838379
v -6009.681152 -649.999268 -5873.854492
v -6693.721191 -649.999268 -3994.469238
v -5353.180664 -649.999512 -4753.769043
v -5470.834473 -649.999512 -4430.518066
v -6134.287598 -649.999512 -3790.852295
v -5450.247559 -649.999512 -5670.237305
v -7658.986816 283.333252 1262.496826
v -6058.986816 283.333252 1262.496338
v -7458.986816 283.333252 1062.496948
v -6258.986816 283.333252 1062.496460
v -7658.986816 283.333252 2945.758057
v -6058.986816 283.333252 2945.757568
v -7458.986816 283.333252 3145.757813
v -6258.986816 283.333252 3145.757813
v -4594.217773 -1221.174561 3177.431152
v 4383.603516 -437.524170 -8033.847656
v 5983.603516 -437.524170 -8033.848145
v 4583.603516 -437.524170 -8233.847656
v 5783.603516 -437.524170 -8233.848633
v 4383.603516 -437.524170 -5433.848145
v 5983.603516 -437.524170 -5433.848145
v 5783.603516 -437.524170 -5233.848145
v 4583.603516 -437.524170 -5233.848145
v 768.933411 -2749.999268 -4503.685547
v -5075.510254 -2649.999756 -4270.995117
v -5075.510254 -2649.999756 -2820.995117
v -4575.510254 -2649.999756 -4270.994629
v -4575.510254 -2649.999756 -2820.994873
v 3992.005127 -1300.619019 6821.021484
v 4317.126465 -1300.618774 6257.892578
v 3992.003174 -1300.618774 6445.601563
v 4642.248047 -1300.618774 6445.601563
v -912.742554 -2087.780762 6911.169434
v 2298.049072 -2450.000732 8025.275391
v 2158.331543 -2450.000732 7851.052734
v 2158.331543 -1824.835327 7851.052734
v 768.933289 -2949.999512 -8123.683594
v -5206.312012 -1949.998291 -5743.810547
v -2989.876221 44.331791 -4308.004395
v -2890.109375 44.331791 -4308.003906
v -2989.734375 44.339111 -4408.805176
v -2890.125244 44.337891 -4408.803711
v -2590.820313 44.334961 -4999.199219
v -2678.108643 44.341309 -4948.792480
v -2540.935547 44.335941 -4912.800293
v -2628.196533 44.341549 -4862.339355
v -2628.166748 44.339359 -4617.699707
v -2678.083008 44.338131 -4531.243164
v -2540.929199 44.332031 -4567.202148
v -2590.810791 44.332031 -4480.803223
v 2553.028320 -2145.077881 5757.301270
v 3217.836914 -2145.078125 5096.027832
v 2553.028320 -2145.077881 5096.028320
v 3217.836914 -2145.078125 5757.301270
v -769.926880 -3449.993652 -8020.428223
v 0.000790 -3449.992676 -8020.418945
v -499.999115 -3449.999512 -4169.999023
v 0.001100 -3449.999512 -4169.999512
v -499.999207 -2732.935303 -4169.999023
v 0.001100 -2732.935303 -4169.999512
v -462.495209 -2650.000000 -4230.005859
v -37.502701 -2650.000000 -4230.005859
v 0.001100 -2732.935547 -4969.999512
v -37.502701 -2650.000000 -4909.993652
v 0.001100 -3450.000000 -4969.999512
v 2325.593994 -3449.992676 5237.085449
v 988.893799 -3449.992676 6007.020508
v 654.806030 -270.000000 -6110.758789
v 555.784668 -270.000000 -6110.759277
v 555.784668 -470.000000 -6110.758301
v 654.806030 -270.000000 -5839.240723
v 555.784668 -470.000000 -5839.240723
v 555.784668 -270.000000 -5839.240723
v 465.000092 -470.000000 -6875.000000
v 555.784668 -470.000000 -6662.500000
v 890.000000 -470.000000 -6875.000000
v 555.784668 -270.000000 -6662.500000
v 654.806030 -270.000000 -6503.125000
v 890.000000 -270.000000 -6662.500000
v 465.000092 -470.000000 -6110.759277
v 465.000092 -470.000000 -5075.000000
v 555.784668 -470.000000 -5287.500000
v 465.000092 -470.000000 -5839.240723
v 555.784668 -270.000000 -5287.500000
v 654.806030 -270.000000 -5446.875000
v 654.806030 -70.000000 -6110.759277
v 654.806030 -70.000000 -6503.125000
v 654.806030 -70.000000 -5839.240723
v 654.806030 -70.000000 -5446.875000
v 1224.215332 -470.000000 -5839.240723
v 1125.193970 -270.000000 -5839.240723
v 1224.215332 -270.000000 -5839.240723
v 1125.193970 -270.000000 -6110.758789
v 890.000000 -470.000000 -6110.758789
v 1314.999878 -470.000000 -5075.000000
v 1224.215332 -470.000000 -5287.500000
v 1224.215332 -270.000000 -5287.500000
v 1125.193970 -270.000000 -5446.875000
v 1125.193970 -70.000000 -6110.758789
v 1125.193970 -70.000000 -5446.875000
v 1314.999878 -470.000000 -5839.240723
v 555.784668 -3450.000000 -6110.758789
v 464.999786 -3450.000000 -6110.758789
v 465.000092 -3449.999756 -6875.000000
v 465.000092 -3450.000000 -5839.240723
v 465.000092 -3450.000000 -5075.000000
v 1314.999878 -3450.000000 -5075.000000
v 1125.193970 -70.000000 -6503.125000
v 1125.193970 -70.000000 -5839.240723
v -3002.456055 265.056641 5874.296875
v -3385.046631 265.056641 6536.962402
v -3002.456543 265.056641 6316.073730
v -3339.066162 44.334469 -4567.202148
v -3438.837891 44.336182 -4739.998535
v -3506.498291 44.334469 -4470.535156
v -3606.270996 44.335941 -4643.333008
v -3189.408691 44.332699 -4308.005859
v -3289.181396 44.334229 -4480.804199
v -3356.840820 44.332642 -4211.338867
v -3456.613525 44.334229 -4384.136719
v -2989.876953 44.331791 -4114.670898
v -3189.407227 44.331539 -4114.672852
v -2690.577148 44.332031 -4308.002441
v -2690.576172 44.330570 -4114.670898
v -2890.108154 44.330570 -4114.671875
v -2690.592529 44.336910 -5171.995605
v -2523.162109 44.337158 -5268.661621
v -2423.387695 44.334961 -5095.864746
v -2423.379395 44.331051 -4384.136719
v -2523.144775 44.330811 -4211.335449
v -2441.163086 44.333740 -4740.002441
v -2373.504395 44.335941 -5009.465820
v -2273.731445 44.333900 -4836.670410
v -2273.730469 44.332520 -4643.334961
v -2373.496094 44.332520 -4470.537109
v -3506.505859 44.337891 -5009.464844
v -3606.271973 44.337399 -4836.665039
v -2890.126465 44.338379 -5365.330078
v -2690.594482 44.338379 -5365.329102
v 1150.833984 -953.770508 -11852.150391
v 2016.859375 -953.770508 -11352.150391
v 1150.833984 589.084961 -11852.150391
v 2016.859375 589.084961 -11352.150391
v 2416.858643 -953.770508 -12044.970703
v 2416.858643 589.084961 -12044.970703
v 1783.846313 1199.636719 -11948.560547
v -5470.833984 -3449.998779 -4430.518555
v -6134.286133 -3449.998779 -3790.856201
v -5353.180664 -3449.999268 -4753.769043
v -5450.246094 -3449.999268 -5670.241211
v 2534.446777 -400.000000 8747.782227
v 2474.468018 -699.999756 8932.386719
v 2474.468018 -400.000000 8932.386719
v 2944.314209 -699.999756 8761.376953
v 2779.705811 -400.000000 8658.514648
v 2944.314209 -400.000000 8761.376953
v 2014.455688 -3199.999756 9099.817383
v 1844.598022 -3199.999756 9787.232422
v 2474.468018 -3199.999756 8932.386719
v 2534.446777 -3199.999756 8747.782227
v 2779.705566 -3199.999756 8658.514648
v 2944.314209 -3199.999756 8761.376953
v 3404.326172 -3199.999756 8593.946289
v 3976.305664 -3199.999756 9011.354492
v -6258.986816 -1316.666748 3145.758057
v -6258.986816 16.666260 3145.757813
v -6058.988770 -3450.000000 3345.760254
v -6058.986816 -1450.000122 3345.758057
v 6183.603516 -1450.000244 -5233.848145
v -4229.415039 -3450.000000 2116.817627
v -4229.415039 -3450.000000 1217.762573
v -4662.857910 -3450.000000 1217.762573
v -4662.857910 -1344.010254 2116.817871
v -462.495392 -2650.000000 -4909.993164
v 3128.020752 -2087.780762 8183.048340
v -3189.408936 -3450.002441 -4114.671875
v -2989.874756 -3450.002441 -4114.670898
v -3189.408691 1698.396484 -4308.005859
v -2989.734863 1698.395020 -4308.001953
v -2989.734375 1737.396973 -4408.804688
v -2989.734375 2348.526367 -4408.804688
v -3131.217529 1737.396484 -4408.801758
v -3131.217529 2348.525391 -4408.801758
v -2890.124756 1737.395508 -4408.803711
v -2748.772949 1737.395508 -4408.804199
v -2890.124756 2348.526367 -4408.803711
v -2748.772949 2348.526367 -4408.804199
v -2690.594482 -3449.996338 -5365.329102
v -2890.126465 -3449.995850 -5365.330078
v -2890.123535 1698.395020 -4308.001953
v -2690.577148 1698.395996 -4308.003418
v -2890.107910 -3450.003662 -4114.671387
v -2690.575195 -3450.004150 -4114.669434
v -2678.110596 1737.398438 -4948.791992
v -2748.784912 1737.400391 -5071.198242
v -2678.110596 2348.528809 -4948.791992
v -2748.784912 2348.529297 -5071.198242
v -2678.083252 1737.395508 -4531.244141
v -2678.083252 2348.526367 -4531.244141
v -2590.787598 1698.395508 -4480.844727
v -2590.717773 1698.398193 -4999.247070
v -2690.592529 1698.400391 -5171.995605
v -2557.562744 1737.397461 -4739.999512
v -2628.196533 1737.399414 -4862.339355
v -2557.562744 2348.526855 -4739.999512
v -2628.196533 2348.530273 -4862.339355
v -2628.168701 1737.396973 -4617.699219
v -2628.168701 2348.526367 -4617.699219
v -2540.873047 1698.395508 -4567.300293
v -2441.162842 1698.397461 -4740.001953
v -2540.802002 1698.399414 -4912.794922
v -2423.388184 -3449.999023 -5095.865234
v -2523.162109 -3449.997559 -5268.661621
v -2523.141602 -3450.003906 -4211.337891
v -2423.377197 -3450.003174 -4384.137207
v -2273.736328 -3450.000488 -4836.666992
v -2373.504395 -3449.998779 -5009.464844
v -2373.495605 -3450.001953 -4470.536133
v -2273.730713 -3450.001709 -4643.334961
v -2989.875000 -3450.002441 -4308.005859
v -2890.108154 -3450.002441 -4308.005859
v -2890.124756 1698.395508 -4408.803711
v -2989.736084 1698.396973 -4408.803711
v -2678.083252 1698.395508 -4531.244141
v -2628.168701 1698.396973 -4617.699219
v -2590.810547 -3450.002197 -4480.802734
v -2540.927246 -3450.002197 -4567.202148
v -2590.818604 -3449.999023 -4999.199219
v -3189.413330 -3450.001709 -4308.001953
v -3356.845703 -3450.001709 -4211.334961
v -2690.592529 -3449.997803 -5171.995605
v -2690.575195 -3450.002686 -4308.003906
v -2678.111084 1698.397461 -4948.791992
v -2678.109131 44.340328 -4948.792480
v -2590.821045 44.333981 -4999.199219
v -2423.387207 44.334961 -5095.863281
v -2441.163818 44.334229 -4740.004395
v -2441.168701 -3450.000488 -4740.000977
v -3606.271484 -829.246338 -4836.665527
v -3506.498291 -829.249023 -4470.535156
v -3189.408447 1737.396484 -4308.005859
v -2989.734863 1737.395020 -4308.001953
v -3131.217529 2387.525391 -4408.801758
v -2989.734375 2387.526367 -4408.804688
v -2890.124756 2387.526367 -4408.803711
v -2748.772949 2387.526367 -4408.804199
v -2890.123535 1737.395020 -4308.001953
v -2690.577148 1737.395996 -4308.003418
v -2678.110596 2387.528809 -4948.791992
v -2748.784912 2387.529297 -5071.198242
v -2678.083252 2387.526367 -4531.244141
v -2628.196533 2387.530273 -4862.339355
v -2628.168701 2387.526367 -4617.699219
v -2590.787354 1737.395508 -4480.844727
v -2590.717773 1737.398438 -4999.247070
v -2690.592529 1737.400391 -5171.995605
v -2678.110596 1698.398438 -4948.791992
v -2557.562744 2387.526855 -4739.999512
v -2540.873047 1737.395508 -4567.300293
v -2441.162842 1737.397461 -4740.002441
v -2540.802002 1737.399414 -4912.795410
v -4575.510254 -3449.999512 -4270.994629
v -4575.510254 -3449.999268 -2820.994873
v 2360.432617 -3199.999756 5948.872559
v 2360.432861 -2380.932617 5948.872559
v 2360.432617 -3199.999756 4904.457031
v 2360.432861 -2380.932617 4904.457031
v 3410.432373 -2380.933105 4904.456543
v 3410.432373 -3200.000000 4904.456543
v -4633.016602 -3450.000000 14478.125977
v -4324.662109 -3450.000000 11283.240234
v -4324.662109 -3450.000000 14478.931641
v -594.404724 -3449.997803 4225.520508
v -418.392883 -3450.000000 4520.658203
v -389.054108 47.564190 -608.511353
v -389.054108 47.564190 -430.732574
v -389.054108 85.091599 -608.511353
v -389.054108 85.091599 -430.732574
v -370.881439 84.942093 -590.503540
v -370.881439 84.942093 -448.740417
v -354.639587 19.926451 -465.326416
v -354.639587 19.926451 -573.917480
v -211.405640 47.511639 -608.248535
v -246.048553 19.926451 -573.917480
v -211.405640 47.511639 -430.666473
v -246.048553 19.926451 -465.326416
v -211.274948 85.091599 -608.511353
v -211.274948 85.091599 -430.732544
v -229.118561 84.942093 -590.503540
v -229.118561 84.942093 -448.740387
v 300.003693 400.090576 -2060.125000
v 300.003906 400.090576 -1552.066650
v 407.977295 535.854248 -1997.789063
v 407.977509 535.854248 -1614.406250
v 438.161102 535.854248 -1631.832031
v 438.161102 535.854248 -1980.359375
v 739.995789 400.090820 -1298.038940
v 739.995789 535.854492 -1422.714844
v 739.995605 535.854492 -2189.476318
v 739.995605 535.854492 -2154.625000
v 739.995789 535.854492 -1457.566284
v 1072.014038 535.854492 -1997.788696
v 1041.830200 535.854492 -1980.359009
v 1072.014038 535.854492 -1614.406128
v 1041.830444 535.854492 -1631.831909
v 1179.987549 400.090820 -1552.066162
v 1179.987549 400.090820 -2060.124756
v -1860.594604 -2672.895996 1894.155396
v -1858.679443 -2432.895996 1533.927612
v -3174.710938 -2672.895996 1016.740784
v -3007.518066 -2432.895996 766.463135
v -1855.589111 -2672.895996 1175.297241
v -2840.317139 -2672.895996 516.174683
v -712.141602 -2432.895996 786.173950
v -874.813049 -2672.895752 532.918579
v -549.478516 -2672.895996 1039.418823
v -1839.241943 -2942.975830 -3586.919434
v -3186.376465 -2942.975830 -2720.396484
v -1841.157104 -2702.975830 -3226.691650
v -3023.713379 -2702.975830 -2467.151611
v -1844.247559 -2942.975830 -2868.061523
v -2861.041748 -2942.975586 -2213.896240
v -692.318604 -2702.975830 -2459.227295
v -859.519348 -2942.975830 -2208.938965
v -525.125732 -2942.975830 -2709.504883
v -2380.537354 -2699.992188 2438.672363
v -2230.037842 -2459.992188 2177.999512
v -3820.876709 -2699.991943 1607.091797
v -3670.377930 -2459.992188 1346.418823
v -2079.545654 -2699.992188 1917.338135
v -3519.884766 -2699.992188 1085.758057
v -193.479980 -2459.992188 2544.108643
v -193.480591 -2699.992188 2243.123291
v -1856.641235 -2459.992188 2544.108643
v -1856.640747 -2699.992188 2243.123291
v -193.479858 -2699.992188 2845.107666
v -1856.640625 -2699.991943 2845.107422
v -714.755676 -2459.992188 4502.989746
v -635.019226 -2699.992188 4212.758301
v -2318.492920 -2459.992188 4062.385254
v -2238.755371 -2699.992188 3772.154053
v 2760.779053 -2459.992188 4260.248047
v 2708.512695 -2699.992188 3963.835205
v 1122.884766 -2459.992188 4549.052734
v 1070.619751 -2699.992188 4252.640137
v -895.187805 381.506439 -3946.134033
v -535.187805 141.506592 -3738.288086
v -726.304626 381.506409 -4238.648438
v -366.304535 141.506592 -4030.802490
v -895.187683 -578.493591 -3946.134033
v -726.304443 -578.493530 -4238.648438
v -535.187683 -338.493408 -3738.288086
v -366.304413 -338.493408 -4030.802490
v -1380.184204 -98.493500 -3300.817139
v -1020.184143 -338.493286 -3092.970947
v -1211.300903 -98.493500 -3593.331299
v -851.300842 -338.493286 -3385.485352
v -1380.184082 -1058.493530 -3300.816650
v -1211.300781 -1058.493530 -3593.331299
v -1020.184021 -818.493408 -3092.970947
v -851.300720 -818.493408 -3385.485352
v -378.345978 -338.493286 -4622.696289
v -209.462738 -338.493286 -4915.210449
v -738.346069 -98.493500 -4830.542480
v -569.462830 -98.493500 -5123.056641
v -738.345886 -1058.493530 -4830.542480
v -569.462646 -1058.493530 -5123.056641
v -378.345856 -818.493408 -4622.696289
v -209.462601 -818.493408 -4915.210449
v -2238.003906 -2459.992188 -4036.993652
v -3388.313721 -2459.992188 -3379.430908
v -2087.504395 -2699.992188 -3776.320801
v -3237.813477 -2699.991943 -3118.758789
v -354.639587 -109.969299 -573.917480
v -354.639587 -109.969299 -465.326416
v -246.048553 -109.969299 -573.917480
v -246.048553 -109.969299 -465.326416
v -370.881439 199.189758 -590.503540
v -370.881439 199.189758 -448.740417
v -317.909302 371.269409 -501.712830
v -317.909302 371.269409 -537.531128
v -361.408752 196.636353 -458.213135
v -361.408752 196.636353 -581.030762
v -229.118561 199.189758 -590.503540
v -229.118561 199.189758 -448.740387
v -282.090698 371.269409 -537.531128
v -238.591248 196.636353 -581.030762
v -282.090698 371.269409 -501.712769
v -238.591248 196.636353 -458.213135
v -1255.187134 -98.493301 -4153.981445
v -1255.187134 141.506409 -4153.981445
v -1614.790039 -98.051407 -4361.598145
v -1255.187134 -338.493500 -4153.981445
v -1255.187134 -578.493530 -4153.981445
v -1740.183472 -578.493408 -3508.664063
v -1740.183472 -338.493500 -3508.664063
v -2099.786377 -578.051392 -3716.281006
v -1740.183350 -818.493530 -3508.664063
v -1740.183350 -1058.493530 -3508.664063
v -1098.345337 -818.493530 -5038.389648
v -1098.345337 -1058.493530 -5038.389648
v -3098.974609 -449.992188 -2346.498291
v -3965.000000 50.008060 -2346.498291
v -3098.974609 -449.992188 653.501770
v -3965.000000 50.008060 653.501526
v -3965.000000 -449.992188 -2846.498291
v -3965.000000 -449.992188 1153.501709
v -300.002502 -3450.000000 -874.181396
v -602.402222 -3450.000000 -699.591675
v -300.002197 -1125.499512 -874.189575
v -602.402466 -1125.499512 -699.599915
v -300.002289 -3450.000000 853.842041
v -300.002014 -1125.499512 853.833740
v -602.402100 -3450.000000 679.248047
v -602.402405 -1125.499512 679.239746
v 2.398100 -3450.000000 -699.591309
v 2.397610 -1125.499512 -699.599609
v 2.398100 -3450.000000 679.248535
v 2.397800 -1125.499512 679.251953
v -532.158997 -989.736328 -659.045166
v -532.158875 -989.736328 638.685303
v -511.053711 -989.736328 -646.861572
v -511.053650 -989.736328 626.501709
v -300.002197 -989.736328 -793.080322
v -300.002197 -989.736328 772.720459
v -300.002197 -989.736328 -768.709167
v -300.002197 -989.736328 748.353271
v -67.845787 -989.736328 -659.044922
v -88.951103 -989.736328 -646.861389
v -67.845787 -989.736328 638.685547
v -88.951103 -989.736328 626.501953
v -365.000092 -150.130859 -584.620728
v -365.000092 -150.130859 -454.620819
v -354.639709 -109.938477 -573.916931
v -354.639709 -109.938477 -465.325928
v -235.000107 -150.130859 -584.620728
v -246.048599 -109.938477 -573.916931
v -235.000107 -150.130859 -454.620819
v -246.048599 -109.938477 -465.325928
v 2059.747559 749.999512 1232.201172
v 2059.747559 749.999512 20.002081
v 1538.547485 749.999512 937.365234
v 1538.547241 749.999023 320.689453
v -1336.693726 -2609.770264 1620.198730
v -1336.693237 -2609.770264 2242.089355
v -1159.798340 -2200.427734 1644.651855
v -1159.797974 -2200.427734 2085.429443
v 0.002200 -2609.770996 740.315979
v -176.893005 -2200.428711 997.651917
v -176.892807 -2200.428711 2085.429443
v 0.002600 -2609.770996 2242.089355
v -602.402344 -3450.000000 -623.330322
v -859.520081 -3449.999756 -2208.938965
v -3100.000000 -3450.000488 -632.349731
v -2861.041748 -3449.999756 -2213.895996
v -2840.316406 -3449.999756 516.175049
v -874.812988 -3449.999756 532.918457
v -3100.000000 -3450.000488 -2337.074951
v -3100.000000 -3450.000732 645.316650
v -1855.588501 -3449.999756 1175.297363
v -1844.248047 -3449.999756 -2868.061523
v -601.145752 -3450.000000 -2362.017578
v -564.899780 -3450.000000 691.597656
v -3153.034424 -2672.895996 669.253479
v -564.899902 -2672.895996 691.597839
v -3170.955078 -2942.975830 -2372.575439
v -546.802124 -2942.975830 -2362.017578
v -1211.300415 -3450.147705 -3593.331543
v -1719.178833 -3449.999756 -4591.435547
v -2363.092041 -3449.999756 -4261.477539
v -895.187378 -3450.147705 -3946.134277
v 300.012329 -3449.998047 -1552.068359
v 299.804016 -3450.000244 -1045.200439
v 740.003540 -3449.997314 -1298.040527
v -605.000427 -3449.999756 -1549.999268
v -605.000427 -3449.999756 -1472.999268
v -155.000305 -3449.999512 -1549.999268
v -205.000305 -3449.999756 -1472.999512
v 0.001300 -3450.000000 -701.055176
v -205.000305 -3449.999756 -872.999512
v 0.000900 -3449.992676 -2299.986816
v -155.000397 -3449.999756 -2299.999023
v -605.000427 -3449.999756 -2299.999512
v -432.985474 -3450.000000 -2840.807861
v -723.648926 -3450.000000 -2840.808105
v -155.000397 -3449.999756 -2299.999512
v 0.142500 -3449.996338 -2841.651367
v -432.985474 -3450.000000 -2840.808105
v 0.284100 -3450.000000 -3576.296387
v -957.111328 -3449.998047 -2995.994141
v -872.552979 -3449.997314 -3146.756836
v 299.999512 -3449.999268 -3539.998535
v 299.708679 -3450.000000 -3280.003906
v 450.588318 -3450.000000 -3540.259277
v -3821.931885 -2699.992188 1258.919189
v -2078.484131 -2699.992188 2265.499268
v 1299.999756 -3449.999512 3450.000732
v 1628.865845 -3449.999268 3582.856201
v 1179.338501 -3449.999512 2804.254639
v 1296.999756 -3450.000244 4227.999512
v 2500.944824 -3449.998291 3620.007813
v 2708.512695 -3449.992188 3963.834961
v 2134.202148 -3449.999756 3291.113525
v 2004.238281 -3449.999756 3366.136963
v 1684.674561 -3449.999756 2512.508301
v 1554.710938 -3449.999512 2587.531982
v -2031.640625 -2699.992188 2544.108643
v -18.480591 -2699.992188 2544.108643
v 950.544128 -2699.992188 4579.441406
v -3539.867432 -2699.992188 -3291.931152
v -5858.989258 -3449.999268 145.762207
v -5858.989258 -3449.999268 3145.761963
v -3965.000977 -3449.991943 1146.237793
v -4220.098633 -3449.997803 2961.433105
v -3389.864502 -3449.998779 2085.363037
v -3153.034424 -3449.999268 669.256836
v -1668.953125 -3449.998291 3078.919922
v -1860.594727 -3449.999512 1894.158569
v -1336.692871 -3449.997070 2242.091797
v -1336.693115 -3449.998047 1620.201294
v -2124.812744 -3449.999756 3826.913574
v -630.335449 -3450.000000 4215.362793
v 2.397950 -3449.999512 679.251465
v 0.002440 -3450.000000 740.317871
v 0.003050 -3449.999023 2242.091309
v -564.899902 -3449.999512 691.599365
v 427.170471 -3449.999512 3284.383789
v 299.803772 -3449.999512 2297.399658
v 408.540283 -3449.998047 2359.063721
v 474.286316 -649.999573 -3064.002441
v 474.286224 -649.999573 -3496.002197
v 349.579254 -649.999573 -3280.002197
v -300.002197 -989.736328 -492.521790
v 2921.996582 2099.999023 2296.979004
v 2059.747559 2099.999023 2297.400391
v 2489.996582 2099.999023 2546.392822
v 506.478577 -2474.916016 3072.092041
v 1103.321411 -2474.916992 3072.091797
v 506.478180 -2474.916016 2506.596191
v 1103.321045 -2474.916992 2835.111328
v 1570.340210 -12.675290 -1327.457642
v 1623.378296 -12.675290 -1419.066528
v 1179.106445 -12.675290 -1552.760498
v 1356.722412 -12.675290 -1864.088013
v 1570.340210 48.867680 -1327.457642
v 1668.601929 48.867680 -1270.568237
v 1623.378296 48.867680 -1419.066528
v 1721.630249 48.867680 -1362.171753
v 2240.977783 -12.675290 -1352.058105
v 1721.630249 -12.675290 -1362.171753
v 1668.601929 -12.675290 -1270.568237
v 2059.874756 -12.675290 -1044.771484
v 873.979370 -649.999573 -3496.002197
v 674.132874 -649.999573 -3064.002441
v -535.161621 659.554199 3513.488525
v 88.159081 659.554688 3153.616455
v -35.161400 659.554199 4379.514648
v 588.158691 659.554688 4019.641113
v 709.511719 1359.554688 3949.578369
v 209.512085 1359.554688 3083.553467
v -156.514160 1359.554199 4449.577637
v -656.514404 1359.554199 3583.551758
v 1488.547241 -3450.000488 299.571411
v 1488.547241 -3450.000488 392.878174
v 1488.547241 539.999512 299.571411
v 1488.547241 539.999512 392.878174
v 1488.547485 -3450.000244 859.412354
v 1488.547485 -3450.000244 952.719238
v 1488.547485 540.000000 859.412354
v 1488.547485 540.000000 952.719238
v 1583.747192 539.999512 244.642822
v 1583.747192 -3450.000488 244.642822
v 1583.747559 -3450.000244 1007.632446
v 1583.747559 540.000000 1007.632446
v 1488.547241 749.999023 299.572144
v 1488.547485 749.999512 952.720459
v 2059.747559 749.999023 -29.997919
v 2059.747559 749.999512 1282.201416
v -873.298340 -3450.000000 -3100.007324
v -873.298828 -1469.999390 -3100.007080
v -723.649414 -1469.999390 -2840.808105
v -424.350616 -3450.000000 -2840.808350
v -424.351166 -1469.999390 -2840.808350
v -374.160736 -3450.000000 -2927.741943
v -374.161194 -1469.999390 -2927.741943
v -149.365341 -3450.000000 -3835.499268
v -448.663574 -3450.000000 -3835.499023
v -149.365814 -1469.999390 -3835.499268
v -448.664185 -1469.999390 -3835.499023
v 0.284050 -3450.000000 -3576.296143
v 0.283610 -1469.999390 -3576.296143
v -49.906410 -3450.000000 -3489.366455
v -49.906410 -1469.999390 -3489.366455
v 1488.547241 539.999023 299.572144
v 1488.547485 539.999756 952.720703
v 2059.747559 539.999268 -29.997919
v 2059.747559 539.999756 1282.201416
v 2057.996094 1799.999023 -1044.408081
v 2059.747559 1799.999023 2297.400391
v 2057.996094 2099.999023 -1044.408081
v 2489.996094 1799.999023 -1293.825806
v 2489.996094 2099.999023 -1293.825928
v 570.578186 622.138916 -1903.909546
v 570.578186 622.138672 -1708.283691
v 739.995789 647.202148 -1806.097534
v 739.995789 622.139160 -1610.469482
v 739.995728 622.139160 -2001.723389
v 909.413269 622.139160 -1903.909302
v 909.413330 622.139160 -1708.283447
v -4087.856201 -20.924320 -1733.705322
v -3842.143799 76.458008 -1733.705322
v -4068.654297 513.923340 -1766.963867
v -3861.345703 513.923340 -1766.963745
v -4087.856201 -20.924320 -633.705322
v -3842.143799 76.458008 -633.705322
v -4068.654297 513.923340 -666.963867
v -3861.345703 513.923340 -666.963867
v -4087.856201 -20.924320 466.294617
v -3842.143799 76.458008 466.294617
v -4068.654297 513.923340 433.036194
v -3861.345703 513.923340 433.036194
v -4029.306396 741.466797 -1835.116333
v -3900.693604 741.466797 -1835.116333
v -4029.306396 741.466797 -735.116455
v -3900.693604 741.466797 -735.116455
v -4068.654297 513.923340 73.967041
v -4029.306396 741.466797 142.119568
v -3861.345703 513.923340 73.967163
v -3900.693604 741.466797 142.119629
v -4029.306396 741.466797 364.883606
v -3900.693604 741.466797 364.883606
v -4003.596436 2919.132324 -1879.647217
v -3926.403564 2919.132324 -1879.647217
v -4003.596436 2919.132324 -779.647156
v -3926.403564 2919.132324 -779.647156
v -3926.403564 2919.132324 186.650452
v -4003.596436 2919.132324 186.650452
v -4003.596436 2919.132324 320.352722
v -3926.403564 2919.132324 320.352722
v -3836.387207 741.466797 -1946.498291
v -3900.693604 741.466797 -2057.880371
v -3887.806885 2919.132324 -1946.498291
v -3926.403564 2919.132324 -2013.349365
v -3836.387207 741.466797 -846.498352
v -3900.693604 741.466797 -957.880249
v -3887.806885 2919.132324 -846.498352
v -3926.403564 2919.132324 -913.349548
v -3836.387207 741.466797 253.501526
v -3887.806885 2919.132324 253.501526
v -3757.691406 513.923340 -1946.498291
v -3861.345703 513.923340 -2126.032959
v -3757.691406 513.923340 -846.498352
v -3861.345703 513.923340 -1026.032837
v -3757.691406 513.923340 253.501526
v -3842.143799 76.458008 -2159.291260
v -3719.287842 147.389160 -1946.498291
v -3842.143799 76.458008 -1059.291260
v -3719.287842 147.389160 -846.498352
v -3842.143799 76.458008 40.708618
v -3719.287842 147.389160 253.501526
v -4087.855957 -20.924320 40.708561
v -3098.974609 300.007813 -1546.498291
v -3748.493652 -74.991943 -1546.498291
v -3098.974609 -449.992188 -1546.498413
v -3098.974609 300.007813 -446.498444
v -3748.493652 -74.991943 -446.498444
v -3098.974609 -449.992188 -446.498444
v -3748.493652 -74.991943 -146.498474
v -3098.974609 300.007813 -146.498474
v -3098.974609 -449.992188 -146.498474
v -3098.974609 -1199.992188 -1546.498291
v -2449.455566 -824.992188 -1546.498291
v -3098.974609 -449.992188 -1546.498291
v -3098.974609 -1199.992188 -446.498444
v -2449.455566 -824.992188 -446.498444
v -2449.455566 -824.992188 -146.498474
v -3098.974609 -1199.992188 -146.498474
v -2449.455566 -74.992188 -1546.498291
v -2449.455566 -74.992188 -446.498444
v -2449.455566 -74.992188 -146.498474
v -71.388763 1735.019531 3709.527100
v -71.389030 1735.019531 3822.519043
v -34.242630 1854.378418 3730.973145
v -34.242729 1854.378418 3801.072754
v -9.971440 3041.303223 3744.986572
v -9.971440 3041.303223 3787.060059
v 26.465490 1735.019531 3653.031006
v 26.465370 1854.378418 3695.923584
v 26.465370 3041.303223 3723.949707
v 87.173470 1854.378418 3730.973389
v 62.902168 3041.303223 3744.986572
v 124.319550 1735.019531 3709.527100
v 87.173317 1854.378418 3801.072754
v 62.902111 3041.303223 3787.060059
v 124.320053 1735.019531 3822.520020
v 1554.710815 -1453.817749 2587.531006
v 1179.338379 -3450.000000 2804.252686
v 1179.338379 -1453.817993 2804.252441
v 1554.710815 -3450.000000 2587.531006
v 1628.865967 -3450.000000 3582.856934
v 1628.865967 -1453.817993 3582.856934
v 2004.238281 -3450.000000 3366.135498
v 2004.238281 -1453.817749 3366.135742
v 2060.047119 -1453.817749 2295.787354
v 1684.674683 -3450.000000 2512.508789
v 1684.674683 -1453.817993 2512.508789
v 2060.047119 -3450.000000 2295.787354
v 2134.202148 -3450.000000 3291.113281
v 2134.202148 -1453.817993 3291.113281
v 1179.338379 -1344.010254 2804.252686
v 1554.710815 -1344.009766 2587.531006
v 1628.865967 -1344.010254 3582.856934
v 2004.238281 -1344.009766 3366.135742
v 1684.674683 -1344.010254 2512.508789
v 2060.047119 -1344.009766 2295.787354
v 2134.202148 -1344.010254 3291.113281
v 2509.574707 -1344.009766 3074.392090
v -2951.211670 -2800.000000 6936.830078
v -2101.641602 -2800.000000 6709.188965
v -2640.247559 -2800.000000 6398.224121
v -2412.605713 -2800.000000 7247.794434
v -690.449951 -3449.999756 3794.730469
v -690.450378 -3450.000000 4168.853516
v -690.449463 120.193848 3794.729980
v -690.449646 120.193848 4168.853027
v -588.538818 -3449.999756 3735.892090
v -588.538025 120.193970 3735.891357
v -299.790070 -3449.999756 3569.183105
v -384.715942 -3449.999756 3618.214844
v -299.789307 120.193970 3569.182373
v -384.715546 120.193970 3618.214600
v 124.840691 -3449.999756 3324.022461
v 39.914860 -3449.999756 3373.054443
v 124.841431 120.193970 3324.021729
v 39.915070 120.193970 3373.053955
v 754.574768 -3449.999756 3334.568115
v 430.575226 -3449.999756 3147.506592
v 430.575104 120.193970 3147.506592
v 754.575134 120.193970 3334.567871
v 328.663544 -3449.999756 3206.345215
v 328.663971 120.193970 3206.344727
v 449.357117 -3450.000000 -3539.203613
v 449.356812 -699.999512 -3539.204102
v 299.708496 -699.999512 -3280.004150
v 449.358093 -3450.000000 -3020.803955
v 449.357910 -699.999512 -3020.804443
v 549.739807 -3450.000000 -3020.805176
v 549.739624 -699.999512 -3020.805420
v 299.696503 -699.999573 -3280.002197
v 449.344788 -699.999573 -3539.202637
v 449.344910 -699.999573 -3020.802246
v 661.662231 -699.999573 -3020.802490
v 303.012390 -3449.997803 -1620.555542
v 303.012207 -3449.997803 -1557.068237
v 303.012390 400.092194 -1620.571045
v 303.012207 400.092194 -1557.063232
v 303.013611 -3449.997803 -2065.126953
v 303.013397 -3449.997803 -2001.615234
v 303.013794 400.092194 -2065.122070
v 303.013611 400.092194 -2001.614136
v 408.092194 260.092194 -1494.687378
v 408.092194 -3449.997803 -1494.696411
v 401.393188 190.092194 -1383.085938
v 401.393494 -3449.997803 -1383.094727
v 636.644470 260.092194 -1362.711304
v 543.343201 190.092194 -1301.109741
v 636.639587 -3449.997803 -1362.712402
v 543.338318 -3449.997803 -1301.110840
v 737.006287 400.092194 -1303.031372
v 737.003418 -3449.997314 -1303.040405
v 797.597107 -3449.997314 -1338.150757
v 797.599426 400.092194 -1338.141846
v 1127.592407 -3449.997070 -1528.670044
v 1176.996948 -3449.997070 -1557.063354
v 1127.592773 400.092712 -1528.665039
v 1176.997070 400.092712 -1557.062256
v 806.123108 -3781.812500 -321.742432
v 1179.999878 -3781.812500 -537.600098
v 806.123108 -3781.812500 -753.458008
v 806.123108 -3781.812500 2005.657471
v 1179.999878 -3781.812500 1789.799805
v 806.123108 -3781.812500 1573.941650
v 299.803802 -3450.000244 -30.000000
v 299.804016 -3450.000244 1282.199341
v 299.803772 -3450.000244 2297.399902
v 1179.999878 -3781.812500 -105.884773
v 1179.999878 -3781.812500 2221.515625
v 1180.000000 -3781.812500 -969.316406
v 1180.000000 -3781.812500 1358.083984
v 1553.876831 -3781.812500 -321.742432
v 1553.876831 -3781.812500 2005.657959
v 1553.876831 -3781.812500 -753.458008
v 1553.876831 -3781.812500 1573.942261
v 1179.999878 -3450.000244 477.599609
v 1179.999878 -3450.000244 2804.999756
v 1180.000000 -3450.000244 -1552.799805
v 1180.000000 -3450.000244 774.599854
v 2059.747559 -3450.000244 -1045.200439
v 2059.747559 -3450.000244 -30.000490
v 2059.747559 -3450.000244 1282.199463
v 2059.747559 -3450.000244 2297.399414
v 1179.999878 -3450.000488 774.599487
v 1179.999756 -3450.000488 477.599365
v 1488.547363 -3450.000244 952.719360
v 1488.547119 -3450.000488 299.571777
v 0.002400 -3450.000488 740.316101
v -1336.693115 -3449.998779 1620.198853
v 0.002900 -3449.999512 2242.089355
v -1855.588623 -3449.999756 1175.297485
v -1855.589233 -2672.895996 1175.297241
v -549.478516 -3450.000000 1039.418823
v -1860.594604 -3450.000000 1894.155396
v -874.813049 -3449.999756 532.918640
v -564.899902 -3450.000000 691.597839
v -2861.041748 -3449.999756 -2213.896240
v -3170.955078 -3450.000000 -2372.575439
v -1844.247925 -3449.999756 -2868.061523
v -859.520081 -3449.999756 -2208.939209
v -546.802124 -3450.000000 -2362.017578
v -525.125732 -3450.000000 -2709.504883
v 408.540894 -3449.997559 3151.033447
v 408.540222 -2753.737305 3151.033447
v 408.540527 -3449.998535 2359.061035
v 408.539978 -2753.737305 2359.061035
v 1180.001953 -3450.000488 2804.783203
v 1180.001709 -2753.737793 2804.783203
v -2663.686279 -2923.788330 6310.750000
v -2663.686523 -3449.999756 6310.750000
v -3038.686035 -2923.788330 6960.268555
v -3038.686279 -3449.999756 6960.268555
v -2014.167236 -2923.788330 6685.750000
v -2014.167236 -3449.999756 6685.750000
v -605.000305 -2650.000000 -1472.999512
v -605.000305 -2650.000000 -872.999573
v -605.000427 -3449.999756 -872.999512
v -205.000305 -2650.000000 -872.999573
v -205.000397 -2650.000000 -1472.999512
v -205.000397 -3449.999756 -1472.999268
v -605.000427 -3088.890137 -2299.999268
v -605.000488 -3449.999756 -2299.999268
v -605.000305 -3088.889893 -1549.999390
v -155.000397 -3449.999756 -1549.999390
v -155.000305 -3088.889893 -1549.999512
v -155.000397 -3088.890137 -2299.999268
v -155.000488 -3449.999756 -2299.999268
v -2079.545654 -3449.992188 1917.338135
v -3519.884766 -3449.992188 1085.758057
v -2078.484131 -3449.992188 2265.499268
v -2031.640625 -3449.992188 2544.108643
v -1856.640747 -3449.992188 2243.123291
v -193.480591 -3449.992188 2243.123291
v -18.480591 -3449.992188 2544.108643
v -635.019226 -3449.992188 4212.758301
v -2238.755371 -3449.992188 3772.154053
v 950.544128 -3449.992188 4579.441406
v 1070.619751 -3449.992188 4252.640137
v 2708.512695 -3449.992188 3963.835205
v -3539.867432 -3449.992188 -3291.931152
v -3237.813721 -3449.991943 -3118.758545
v -2087.505127 -3449.991943 -3776.320313
v -3098.974854 -1449.992310 -2061.498291
v -2232.949219 -949.992188 -2061.498291
v -3098.974854 -1405.493042 -2006.310791
v -2271.486816 -927.742676 -2006.310913
v -3098.974854 -1449.992310 -961.498230
v -2232.949219 -949.992188 -961.498230
v -3098.974854 -1405.493042 -906.310852
v -2271.486816 -927.742676 -906.310852
v -3098.974854 -1449.992310 138.501526
v -2232.949219 -949.992188 138.501526
v -3098.974854 -1405.493042 193.689026
v -2271.486816 -927.742676 193.689026
v -2232.949219 -949.992188 368.501556
v -3098.974854 -1449.992310 368.501526
v -2271.486816 -927.742676 313.314026
v -3098.974854 -1405.493042 313.314026
v -2232.949219 50.007809 -2061.498291
v -3098.974365 550.007813 -2061.498291
v -2271.486816 27.758301 -2006.310791
v -3098.974365 505.508789 -2006.310791
v -3098.974365 550.007813 -1831.498291
v -2232.949219 50.007809 -1831.498291
v -3098.974365 505.508789 -1886.685791
v -2271.486816 27.758301 -1886.685791
v -2232.949219 50.007809 -961.498230
v -3098.974365 550.007813 -961.498230
v -2271.486816 27.758301 -906.310852
v -3098.974365 505.508789 -906.310852
v -3098.974365 550.007813 -731.498474
v -2232.949219 50.007809 -731.498474
v -3098.974365 505.508789 -786.685852
v -2271.486816 27.758301 -786.685852
v -2232.949219 50.007809 138.501526
v -3098.974365 550.007813 138.501526
v -2271.486816 27.758301 193.689026
v -3098.974365 505.508789 193.689026
v -3098.974365 550.007813 368.501526
v -2232.949219 50.007809 368.501526
v -3098.974365 505.508789 313.314026
v -2271.486816 27.758301 313.314026
v -2232.949219 50.007809 -2196.498291
v -3098.974365 550.007813 -2196.498291
v -2232.949219 50.007809 -1696.498291
v -3098.974365 550.007813 -1696.498413
v -2232.949219 50.007809 -1096.498291
v -3098.974365 550.007813 -1096.498291
v -2232.949219 50.007809 -596.498474
v -3098.974365 550.007813 -596.498474
v -2232.949219 50.007809 3.501530
v -3098.974365 550.007813 3.501530
v -3098.974365 550.007813 503.501526
v -2232.949219 50.007809 503.501526
v -2232.949219 -949.992188 -1831.498291
v -2271.486816 -927.742676 -1886.685791
v -2232.949219 -949.992188 -731.498474
v -2271.486816 -927.742676 -786.685852
v -2232.949219 -949.992188 -2196.498291
v -2232.949219 -949.992188 -1696.498413
v -2232.949219 -949.992188 -1096.498291
v -2232.949219 -949.992188 -596.498474
v -2232.949219 -949.992188 3.501530
v -2232.949219 -949.992188 503.501526
v -3965.000000 50.008060 -1696.498291
v -3965.000000 50.008060 -596.498474
v -3098.974854 -1449.992310 -1696.498291
v -3098.974854 -1449.992310 -596.498474
v -3098.974609 300.007813 -1246.498291
v -2449.455566 -74.992188 -1246.498291
v -3098.974609 300.007813 653.501526
v -2449.455566 -74.992188 653.501526
v -2449.455566 -824.992188 -1246.498291
v -2449.455566 -824.992188 653.501526
v -1241.351440 -3449.999756 -3203.159180
v -938.242432 -3449.999756 -3028.159180
v -1241.351563 -2650.000000 -3203.159180
v -938.242615 -2650.000000 -3028.159180
v -688.242737 -2650.000000 -3461.171875
v -688.242615 -3449.999756 -3461.171875
v -991.351624 -2650.000000 -3636.171875
v 1141.417725 -2650.000000 4168.573730
v 1213.308594 -2650.000000 3344.054688
v 838.308716 -2650.000000 3993.573730
v 1516.417480 -2650.000000 3519.054688
v 1213.308350 -3449.999756 3344.054688
v 838.308655 -3449.999756 3993.573730
v 1516.417358 -3449.999756 3519.054688
v 2064.497803 -3450.000977 -174.915588
v 2064.497803 1799.999023 -174.916016
v 2063.246094 -3450.000488 -899.493591
v 2063.246338 1799.999512 -899.494019
v 2064.747803 1799.999512 2152.373047
v 2064.747803 1799.999512 1427.228516
v 2064.747803 -3450.000488 2152.373535
v 2064.747803 -3450.000488 1427.229004
v 2064.747803 749.999023 -29.997919
v 2064.747803 749.999512 1282.201416
v 2064.747803 1799.999023 -29.997990
v 2064.747803 1799.999512 1282.201172
v 2422.996094 -3450.000488 -1247.259033
v 2134.996094 -3450.000488 -1080.981934
v 2422.996338 1799.999512 -1247.259521
v 2134.996338 1799.999512 -1080.982178
v -376.160706 -3450.000000 -2932.741943
v -51.906391 -3450.000000 -3494.366455
v -376.161224 -1469.999390 -2932.741943
v -51.906391 -1469.999390 -3494.366455
v 1493.547485 -3450.000977 392.878174
v 1493.547729 -3450.000488 859.412354
v 1493.547607 539.999023 392.878174
v 1493.547852 539.999512 859.412354
v 2064.747803 539.999023 -28.000120
v 2064.747803 -3450.000977 -28.000120
v 1588.747681 539.999023 246.642822
v 1588.747559 -3450.000977 246.642822
v 2064.747803 -3450.000488 1280.199219
v 2064.748047 539.999512 1280.199219
v 1588.747681 -3450.000488 1005.632446
v 1588.747925 539.999512 1005.632446
v 2904.137695 -3449.998535 2936.604004
v 2505.378418 -3449.998535 3627.279785
v 2904.129883 613.120178 2936.602051
v 2505.369141 613.119873 3627.279541
v -384.715942 -3449.999756 3625.214844
v -588.538818 -3449.999756 3742.892090
v -384.715546 120.193970 3625.214600
v -588.538025 120.193970 3742.891357
v -299.790131 -3449.999756 3576.182861
v -299.789276 120.193970 3576.182373
v 39.914871 -3449.999756 3380.054443
v 39.915081 120.193970 3380.053955
v 124.840714 -3449.999756 3331.022461
v 124.841438 120.193970 3331.021729
v 328.663574 -3449.999756 3213.345215
v 328.663971 120.193970 3213.344727
v 2062.996094 -3450.000488 -1039.411621
v 2062.996338 1799.999512 -1039.411865
v 2064.747803 -3450.000977 -29.997620
v 2064.747803 -3450.000488 1282.201660
v 2064.747803 1799.999512 2297.400391
v 2064.747803 -3450.000488 2297.400879
v 2494.996094 -3450.000488 -1288.829346
v 2494.996094 1799.999512 -1288.829834
v -1614.789917 -3449.864014 -4361.598145
v -895.187500 -3450.147705 -3946.134033
v -726.304199 -3450.147705 -4238.648438
v -1380.183960 -3450.147705 -3300.817139
v -1211.300537 -3450.147705 -3593.331299
v -2099.786377 -3449.864014 -3716.281006
v -738.345703 -3450.147705 -4830.542480
v -569.462402 -3450.147705 -5123.056641
v -1457.948120 -3449.864014 -5246.006348
v -1172.521362 40.734798 -3948.079346
v -1172.520752 -237.721893 -3948.080322
v -963.678345 179.963104 -3827.505127
v -963.678223 -376.950012 -3827.505127
v -754.835754 40.735001 -3706.929688
v -754.835754 -237.721710 -3706.929688
v -963.678284 -98.493294 -3827.505127
v -1657.517700 -439.265106 -3302.762207
v -1657.517090 -717.721924 -3302.763184
v -1448.674683 -300.036804 -3182.187988
v -1448.674561 -856.950012 -3182.187988
v -1239.832031 -439.264893 -3061.612549
v -1239.832031 -717.721802 -3061.612549
v -1448.674683 -578.493408 -3182.187744
v -806.836426 -856.950012 -4711.913086
v -1015.679016 -717.721924 -4832.488281
v -806.836548 -300.036804 -4711.913086
v -597.993958 -439.264893 -4591.337891
v -597.993958 -717.721802 -4591.337891
v -806.836548 -578.493408 -4711.913086
v 1181.388062 -3449.997314 -1557.153931
v 1474.977417 -3449.997314 -1387.824219
v 1181.388062 -12.675290 -1557.153931
v 1474.977417 -12.675540 -1387.824219
v 1768.566895 -3449.997314 -1218.494507
v 1768.566895 -12.675290 -1218.494507
v 2062.156250 -3449.997314 -1049.164917
v 2062.156250 -12.675290 -1049.164917
v -3393.024414 -3449.998535 2084.491699
v -3825.024902 -3449.998535 2333.909668
v -3393.023682 1128.824829 2084.480225
v -3825.022217 1128.824829 2333.898193
v -2653.015625 -3449.998535 2511.733398
v -2653.013916 1128.825073 2511.723633
v -2159.676514 -3449.998535 2796.561523
v -2159.673828 1128.825317 2796.552734
v -1666.337524 -3449.998535 3081.389404
v -1666.333740 1128.825562 3081.382080
v -1666.334717 -3449.998535 3580.221436
v -1666.334229 1128.825562 3580.214111
v -3970.000000 -449.992188 -2836.498291
v -3103.974854 -1949.992310 -2336.498291
v -3970.000000 -3449.992188 -2836.498291
v -3103.974609 -3449.992188 -2336.498291
v -3970.000000 -449.992188 1143.501709
v -3970.000000 -3449.992188 1143.501709
v -3103.974854 -1949.992310 643.501770
v -3103.974609 -3449.992188 643.501770
v -3103.974609 -3449.992188 -1591.498291
v -3103.974854 -1949.992310 -1591.498291
v -3103.974609 -3449.992188 -846.498352
v -3103.974854 -1949.992310 -846.498352
v -3103.974609 -3449.992188 -101.498230
v -3103.974854 -1949.992310 -101.498230
v -3103.974609 -449.992188 -1591.498291
v -3103.974609 -449.992188 -2336.498291
v -3103.974609 -449.992188 -846.498352
v -3103.974609 -449.992188 -101.498230
v -3103.974609 -449.992188 643.501770
v -1287.262329 -3450.000000 -10254.945313
v 0.000900 -3449.992676 -8020.417969
v -987.262451 -3450.000000 -10391.703125
v 299.999878 -3450.000000 -8160.000000
v 299.999878 -3450.000000 -1050.026367
v 0.000200 -3449.997803 -924.809570
v -0.000110 -3450.000000 2250.002197
v 299.999878 -3450.000000 -1371.539551
v 0.000310 -3449.997559 -1236.202148
v 0.000400 -3449.996338 -2889.826172
v 299.999878 -3450.000000 -2905.986816
v 0.000500 -3449.995850 -3467.497559
v 299.999878 -3450.000000 -3466.612305
v -365.000092 -989.965332 -584.620728
v -365.000092 -989.965332 -454.620819
v -235.000107 -989.965332 -584.620728
v -235.000107 -989.965332 -454.620819
v -178.252121 1359.531250 3648.351563
v -178.252106 1359.531250 3884.777344
v -134.911240 1735.658691 3673.374756
v -134.911118 1735.658691 3859.754395
v 26.498289 1359.531250 3530.138916
v 26.498449 1735.658691 3580.184814
v 231.248901 1359.531250 3648.352295
v 187.908127 1735.658691 3673.375000
v 231.248505 1359.531250 3884.776855
v 187.907700 1735.658691 3859.753906
v -63.180000 -14.999900 0.000000
v -31.590000 -14.999900 54.715401
v -63.180000 0.000000 0.000000
v -31.590000 0.000000 54.715401
v -31.589899 -14.999900 -54.715401
v -31.589899 0.000000 -54.715401
v 31.589899 -14.999900 54.715401
v 31.589899 0.000000 54.715401
v 31.589899 -14.999900 -54.715401
v 31.589899 0.000000 -54.715401
v 63.180000 -14.999900 0.000000
v 63.180000 0.000000 0.000000
v -180.000000 -14.999900 0.000000
v -90.000000 -14.999900 155.884506
v -180.000000 -4.999900 0.000000
v -90.000000 -4.999900 155.884506
v -89.999901 -14.999900 -155.884598
v -89.999901 -4.999900 -155.884598
v -155.000000 -14.999900 0.000000
v -77.500000 -14.999900 134.233902
v -77.499901 -14.999900 -134.233902
v -77.500000 0.000000 134.233902
v -155.000000 0.000000 0.000000
v -77.499901 0.000000 -134.233902
v 89.999901 -14.999900 155.884506
v 77.499901 -14.999900 134.233902
v 89.999901 -4.999900 155.884506
v 77.499901 0.000000 134.233902
v 90.000000 -14.999900 -155.884506
v 77.500000 -14.999900 -134.233902
v 90.000000 -4.999900 -155.884506
v 77.500000 0.000000 -134.233902
v 154.999893 -14.999900 0.000000
v 154.999893 0.000000 0.000000
v 179.999893 -14.999900 0.000000
v 179.999893 -4.999900 0.000000
v 0.000000 -14.999900 0.000000
v -3.037400 -13.124900 5.261100
v -6.074900 -13.124900 0.000000
v -24.299999 0.000000 42.088799
v -48.599899 0.000000 0.000000
v -3.037400 -13.124900 -5.261100
v -24.299900 0.000000 -42.088799
v 3.037500 -13.124900 5.261100
v 24.299900 0.000000 42.088799
v 3.037500 -13.124900 -5.261100
v 24.299900 0.000000 -42.088799
v 6.075000 -13.124900 0.000000
v 48.599998 0.000000 0.000000
v -180.000000 -4.999900 0.000000
v -90.000000 -4.999900 155.884506
v -175.000000 0.000000 0.000000
v -87.500000 0.000000 151.554398
v -89.999901 -4.999900 -155.884598
v -87.499901 0.000000 -151.554398
v -77.500000 0.000000 134.233902
v -155.000000 0.000000 0.000000
v -77.499901 0.000000 -134.233902
v 89.999901 -4.999900 155.884506
v 87.499901 0.000000 151.554398
v 77.499901 0.000000 134.233902
v 90.000000 -4.999900 -155.884506
v 87.500000 0.000000 -151.554398
v 77.500000 0.000000 -134.233902
v 174.999893 0.000000 0.000000
v 154.999893 0.000000 0.000000
v 179.999893 -4.999900 0.000000
v -63.180000 0.000000 0.000000
v -31.590000 0.000000 54.715401
v -48.599899 0.000000 0.000000
v -24.299999 0.000000 42.088799
v -31.589899 0.000000 -54.715401
v -24.299900 0.000000 -42.088799
v 31.589899 0.000000 54.715401
v 24.299900 0.000000 42.088799
v 31.589899 0.000000 -54.715401
v 24.299900 0.000000 -42.088799
v 63.180000 0.000000 0.000000
v 48.599998 0.000000 0.000000
v 300.012238 400.092285 -1552.063354
v 403.374237 260.092285 -1492.383545
v 403.374237 400.092285 -1492.383423
v 300.012543 -3449.998047 -1615.555420
v 300.012238 -3449.998047 -1552.068359
v 300.012543 400.092285 -1615.571045
v 300.013702 -3449.997803 -2060.126953
v 300.013458 -3449.997803 -1996.615234
v 300.013977 400.092285 -2060.122070
v 300.013763 400.092285 -1996.614136
v 403.374390 -3449.997803 -1492.392456
v 636.644592 260.092285 -1357.711426
v 740.006409 400.092285 -1298.031494
v 636.644531 400.092285 -1357.711426
v 396.675232 330.092285 -1380.781860
v 396.675323 190.092285 -1380.781982
v 396.675507 -3449.997803 -1380.790894
v 424.580566 400.092285 -1480.141357
v 417.933807 344.088135 -1391.602173
v 543.343201 190.092285 -1296.109863
v 543.343201 330.092285 -1296.109863
v 542.085022 344.088135 -1319.930176
v 615.438232 400.092285 -1369.957520
v 636.639709 -3449.997803 -1357.712524
v 543.338501 -3449.997803 -1296.110962
v 740.003418 -3449.997314 -1298.040405
v 795.002686 -3449.997314 -1329.794312
v 795.005066 400.092285 -1329.785400
v 1124.998047 -3449.997314 -1520.313477
v 1179.996948 -3449.997314 -1552.063477
v 1124.998413 400.092773 -1520.308350
v 1179.997192 400.092773 -1552.062256
v 1179.997437 260.092773 -1671.413940
v 1179.997192 -3449.997314 -1671.415039
v 1279.997070 190.092773 -1721.413940
v 1279.996948 -3449.997314 -1721.414917
v 1179.997437 400.092773 -1671.413940
v 1279.997192 330.092773 -1721.413818
v 2500.944824 -3449.998535 3620.006592
v 2700.479492 -3449.998535 3965.604248
v 2500.935547 613.119873 3620.006836
v 2700.470215 613.119873 3965.604248
v 2733.726563 781.819641 3908.006592
v 2567.448242 781.819702 3620.002930
v 2899.696289 613.120178 2929.329102
v 2949.579346 781.820007 2958.127930
v 3099.536133 613.119873 3965.604248
v 3066.279785 781.819702 3908.002930
v 3099.541992 -3449.998535 3965.604492
v -690.445313 120.193909 3794.729004
v -690.442871 120.194000 4168.850586
v -636.442871 170.193909 3825.904541
v -636.444885 170.194000 4137.674805
v -611.896729 170.193909 3840.075684
v -611.898376 170.194000 4123.502930
v -366.443024 170.194000 4293.558105
v -366.442505 170.194000 4265.215332
v 430.580597 120.193909 3147.504395
v 430.581482 170.193909 3209.857666
v 430.581116 170.193909 3238.201172
v 700.581360 170.194000 3677.511475
v 676.035400 170.194000 3663.340332
v 700.579895 170.194000 3365.743164
v 676.036865 170.194000 3379.913086
v 754.581299 120.194000 3334.565430
v 754.580444 120.194000 3708.688965
v 1488.547241 -3450.000488 392.878174
v 1488.547485 -3450.000244 859.412354
v 1488.547241 539.999512 392.878174
v 1488.547485 540.000000 859.412354
v 2059.747559 539.999512 -30.000120
v 2059.747559 -3450.000488 -30.000120
v 1583.747192 539.999512 244.642822
v 1583.747192 -3450.000488 244.642822
v 2059.747559 -3450.000000 1282.199219
v 2059.747559 540.000000 1282.199219
v 1583.747559 -3450.000244 1007.632446
v 1583.747559 540.000000 1007.632446
v 2059.497559 -3450.000732 -174.915588
v 2059.497559 1799.999023 -174.916016
v 2058.246094 -3450.000244 -899.493591
v 2058.246094 1799.999512 -899.494019
v 2059.747559 1799.999512 2152.373047
v 2059.747559 1799.999512 1427.228516
v 2059.747559 -3450.000244 2152.373535
v 2059.747559 -3450.000244 1427.229004
v 2059.747559 749.999023 -29.997919
v 2059.747559 749.999512 1282.201416
v 2059.747559 1799.999023 -29.997990
v 2059.747559 1799.999512 1282.201172
v 2417.996094 -3450.000244 -1252.259033
v 2129.996094 -3450.000244 -1085.981812
v 2417.996094 1799.999512 -1252.259521
v 2129.996094 1799.999512 -1085.982178
v 2899.704102 -3449.998535 2929.331055
v -384.715942 -3449.999756 3618.214844
v -588.538818 -3449.999756 3735.892090
v -384.715546 120.193970 3618.214600
v -588.538025 120.193970 3735.891357
v 39.914860 -3449.999756 3373.054443
v -299.790070 -3449.999756 3569.183105
v 39.915070 120.193970 3373.053955
v -299.789307 120.193970 3569.182373
v 328.663544 -3449.999756 3206.345215
v 124.840691 -3449.999756 3324.022461
v 328.663971 120.193970 3206.344727
v 124.841431 120.193970 3324.021729
v -374.160736 -3450.000000 -2927.741943
v -49.906410 -3450.000000 -3489.366455
v -374.161194 -1469.999390 -2927.741943
v -49.906410 -1469.999390 -3489.366455
v -3965.000000 -449.992188 -2846.498291
v -3098.974854 -1949.992310 -2346.498291
v -3965.000000 -3449.992188 -2846.498291
v -3098.974609 -3449.992188 -2346.498291
v -3965.000000 -449.992188 1153.501709
v -3965.000000 -3449.992188 1153.501709
v -3098.974854 -1949.992310 653.501770
v -3098.974609 -3449.992188 653.501770
v -3098.974854 -1699.992310 653.501526
v -3098.974854 -1699.992310 -2346.498291
v -3098.974854 -1449.992310 653.501526
v -3098.974854 -1449.992310 -2346.498291
v -3098.974609 -449.992188 653.501770
v -3098.974609 -449.992188 -2346.498291
v 1179.106445 -3449.997314 -1552.760498
v 2059.874756 -3449.997314 -1044.771484
v 1179.106445 -12.675290 -1552.760498
v 2059.874756 -12.675290 -1044.771484
v 2057.996094 -3450.000244 -1044.411621
v 2057.996094 1799.999512 -1044.411987
v 2059.747559 -3450.000732 -29.997620
v 2059.747559 -3450.000244 1282.201660
v 2059.747559 1799.999512 2297.400391
v 2059.747559 -3450.000244 2297.400879
v 2489.996094 -3450.000244 -1293.829346
v 2489.996094 1799.999512 -1293.829834
v -3822.022217 1128.824829 2328.898193
v -3750.023682 1216.354126 2370.468506
v -3390.023682 1128.824829 2079.480225
v -3390.022705 1216.354126 2162.620605
v -1663.333862 1128.825562 3076.381836
v -1735.332764 1216.354736 3117.948242
v -1663.334229 1128.825562 3575.214111
v -1735.332886 1216.354736 3533.643555
v -873.303528 -1469.999512 -3099.996094
v -723.653748 -1469.999512 -2840.796631
v -823.420288 -1419.999512 -3099.995850
v -698.712341 -1419.999512 -2883.996582
v -424.355621 -1469.999512 -2840.795898
v -449.297455 -1419.999512 -2883.995850
v -623.573792 -1419.999512 -3446.140137
v -448.668915 -1469.999512 -3835.485107
v -423.727112 -1419.999512 -3792.284668
v -149.370712 -1469.999512 -3835.484131
v -174.312088 -1419.999512 -3792.284424
v -249.450851 -1419.999512 -3230.140381
v 0.278540 -1469.999512 -3576.284912
v -49.604191 -1419.999512 -3576.284668
v -3822.024658 -3449.998535 2328.909668
v -3390.024414 -3449.998535 2079.491455
v -1663.337646 -3449.998535 3076.389404
v -1663.334717 -3449.998535 3575.221436
v -3750.022217 1216.354126 2786.159912
v -2095.333740 1216.354736 3741.491455
v -636.358826 -1419.999512 -2991.995850
v -236.665634 -1419.999512 -3684.284912
v 3448.412109 781.820007 3246.127930
v 342.632721 170.194000 3565.370361
v -436.512268 -1419.999512 -3338.140381
v 1382.010986 609.269897 -1567.751465
v 1447.742065 624.911560 -1605.701172
v 1382.011108 609.269897 -1643.651001
v 1447.741943 609.269897 -1681.600708
v 1447.741943 609.269897 -1529.801636
v 1513.472900 609.269897 -1643.650879
v 1513.473022 609.269897 -1567.751465
v 1314.720459 -13.024210 -1682.501221
v 1314.720459 -13.024210 -1528.901245
v 1314.720459 458.702606 -1682.501221
v 1314.720459 458.702606 -1528.901245
v 1347.975830 -13.024210 -1663.301147
v 1347.975830 -13.024210 -1548.101318
v 1347.975830 546.001892 -1663.301147
v 1347.975830 546.001892 -1548.101318
v 1447.741943 -13.024210 -1452.101196
v 1447.741943 458.702606 -1452.101196
v 1447.741943 -13.024210 -1490.501221
v 1447.741943 546.001892 -1490.501221
v 1547.508057 546.001892 -1548.101196
v 1547.508057 -13.024210 -1548.101196
v 1580.763428 -13.024210 -1528.901123
v 1580.763428 458.702606 -1528.901123
v 1899.327393 609.269897 -1267.187866
v 1965.058472 624.911560 -1305.137573
v 1899.327393 609.269897 -1343.087402
v 1965.058228 609.269897 -1381.037109
v 1965.058350 609.269897 -1229.238037
v 2030.789307 609.269897 -1343.087280
v 2030.789429 609.269897 -1267.187866
v 1832.036865 -13.024210 -1381.937622
v 1832.036865 -13.024210 -1228.337646
v 1832.036865 458.702606 -1381.937622
v 1832.036865 458.702606 -1228.337646
v 1865.292236 -13.024210 -1247.537720
v 1865.292236 546.001892 -1247.537720
v 1865.292236 -13.024210 -1362.737549
v 1865.292358 546.001892 -1362.737549
v 1965.058350 -13.024210 -1151.537598
v 1965.058350 458.702606 -1151.537598
v 1965.058350 -13.024210 -1189.937622
v 1965.058350 546.001892 -1189.937622
v 1965.058350 546.001892 -1420.337524
v 2064.824463 546.001892 -1247.537598
v 2064.824463 -13.024210 -1247.537598
v 2098.079834 -13.024210 -1228.337524
v 2098.079834 458.702606 -1228.337524
v 37.846828 170.000000 3569.887207
v 37.846828 170.000000 3741.610840
v 63.296329 660.254761 3584.580566
v 63.296329 660.254761 3726.917480
v 186.563736 170.000000 3484.025635
v 186.563736 660.254761 3513.412109
v 335.280640 170.000000 3569.887207
v 309.831055 660.254761 3584.580566
v -671.085693 -1420.000000 -3206.358398
v -671.085693 -928.618042 -3206.358398
v -751.085815 -1420.000000 -3067.794189
v -751.085815 -928.618042 -3067.794189
v -671.085815 -1420.000000 -2929.230225
v -671.085815 -928.618042 -2929.230225
v -711.085815 -1420.000000 -3067.794189
v -651.085815 -1420.000000 -2963.871094
v -711.085815 -837.681213 -3067.794189
v -651.085815 -837.681213 -2963.871094
v -651.085693 -1420.000000 -3171.717285
v -651.085693 -837.681213 -3171.717285
v -670.147827 -771.776917 -3067.794189
v -630.616821 -771.776917 -2999.324463
v -630.616821 -771.776917 -3136.263916
v -511.085907 -1420.000000 -2929.230225
v -511.085907 -928.618042 -2929.230225
v -531.085938 -1420.000000 -2963.871094
v -531.085938 -837.681213 -2963.871094
v -531.085815 -837.681213 -3171.717285
v -551.554810 -771.776917 -3136.263916
v -551.554810 -771.776917 -2999.324463
v -511.085815 -1420.000000 -3206.358154
v -511.085815 -928.618042 -3206.358154
v -531.085815 -1420.000000 -3171.717285
v -471.085907 -837.681213 -3067.794189
v -512.023804 -771.776917 -3067.794189
v -471.085907 -1420.000000 -3067.794189
v -431.085938 -1420.000000 -3067.794189
v -431.085938 -928.618042 -3067.794189
v -591.085876 -755.483582 -3067.794189
v -442.133453 -1420.000000 -3609.414307
v -442.133453 -928.618042 -3609.414307
v -362.133453 -1420.000000 -3470.850342
v -362.133453 -928.618042 -3470.850342
v -362.133362 -1420.000000 -3747.978516
v -362.133362 -928.618042 -3747.978516
v -402.133453 -1420.000000 -3609.414307
v -342.133453 -1420.000000 -3505.491211
v -402.133453 -837.681213 -3609.414307
v -342.133453 -837.681213 -3505.491211
v -342.133362 -1420.000000 -3713.337402
v -342.133362 -837.681213 -3713.337402
v -361.195435 -771.776917 -3609.414307
v -321.664459 -771.776917 -3540.944580
v -321.664459 -771.776917 -3677.884033
v -202.133545 -1420.000000 -3470.850342
v -202.133545 -928.618042 -3470.850342
v -222.133545 -1420.000000 -3505.491211
v -222.133545 -837.681213 -3505.491211
v -242.602448 -771.776917 -3540.944580
v -202.133453 -1420.000000 -3747.978271
v -202.133453 -928.618042 -3747.978271
v -222.133453 -1420.000000 -3713.337402
v -222.133453 -837.681213 -3713.337402
v -242.602448 -771.776917 -3677.884033
v -162.133545 -837.681213 -3609.414307
v -203.071457 -771.776917 -3609.414307
v -162.133545 -1420.000000 -3609.414307
v -282.133453 -755.483582 -3609.414307
v -122.133560 -1420.000000 -3609.414307
v -122.133560 -928.618042 -3609.414307
v -288.863922 170.000000 3772.201660
v -288.863922 170.000000 3943.925293
v -263.414429 660.254761 3786.895020
v -263.414429 660.254761 3929.231934
v -140.147018 170.000000 3686.340088
v -140.147018 660.254761 3715.726563
v 8.569890 170.000000 3772.201660
v -16.879709 660.254761 3786.895020
v 1447.741943 -13.024210 -1759.301147
v 1447.741943 458.702606 -1759.301147
v 1580.763306 -13.024210 -1682.501221
v 1580.763306 458.702606 -1682.501221
v 1965.058350 -13.024210 -1458.737549
v 1965.058350 458.702606 -1458.737549
v 2098.079834 -13.024210 -1381.937622
v 2098.079834 458.702606 -1381.937622
v 75.026138 170.000000 3591.352783
v 75.026039 170.000000 3720.145264
v 94.113243 660.244873 3602.372803
v 94.113243 660.244873 3709.125244
v 186.563736 170.000000 3526.956543
v 186.563736 660.244873 3548.996338
v 298.101318 170.000000 3591.352783
v 279.014221 660.244873 3602.372803
v -251.684616 170.000000 3793.667236
v -251.684723 170.000000 3922.459717
v -232.597519 660.244873 3804.687256
v -232.597519 660.244873 3911.439697
v -140.147018 170.000000 3729.270996
v -140.147018 660.244873 3751.310791
v -28.609421 170.000000 3793.667236
v -47.696522 660.244873 3804.687256
v -48.599609 0.000000 0.000000
v 0.000000 0.000000 0.000000
v -24.299801 0.000000 -42.088871
v -24.299801 0.000000 42.088871
v 24.299801 0.000000 -42.088871
v 24.300779 0.000000 42.088871
v 48.600590 0.000000 0.000000
v -109.089989 0.000000 0.000000
v -155.000000 0.000000 0.000000
v -135.625000 0.000000 33.558399
v -135.624893 0.000000 -33.558498
v -81.817497 0.000000 47.237301
v -116.250000 0.000000 67.116898
v -81.817497 0.000000 -47.237301
v -116.249901 0.000000 -67.116997
v -96.875000 0.000000 100.675392
v -96.874901 0.000000 -100.675392
v -63.180000 0.000000 0.000000
v -54.544991 0.000000 94.474701
v -54.544899 0.000000 -94.474701
v -77.500000 0.000000 134.233902
v -77.499901 0.000000 -134.233902
v -47.384998 0.000000 27.357700
v -47.384899 0.000000 -27.357700
v -38.750000 0.000000 134.233902
v -38.749901 0.000000 -134.233902
v -31.590000 0.000000 54.715401
v -31.589899 0.000000 -54.715401
v 0.000000 0.000000 94.474701
v 0.000000 0.000000 -94.474701
v 0.000000 0.000000 134.233902
v 0.000000 0.000000 -134.233902
v 0.000000 0.000000 54.715401
v 0.000000 0.000000 -54.715401
v 31.589899 0.000000 -54.715401
v 31.589899 0.000000 54.715401
v 38.749901 0.000000 134.233902
v 38.750000 0.000000 -134.233902
v 54.544899 0.000000 94.474701
v 54.544991 0.000000 -94.474701
v 81.817390 0.000000 47.237301
v 47.384998 0.000000 27.357700
v 81.817497 0.000000 -47.237301
v 47.384899 0.000000 -27.357700
v 77.499901 0.000000 134.233902
v 77.500000 0.000000 -134.233902
v 63.180000 0.000000 0.000000
v 96.874901 0.000000 100.675392
v 96.875000 0.000000 -100.675392
v 109.089989 0.000000 0.000000
v 116.249901 0.000000 67.116898
v 116.250000 0.000000 -67.116898
v 135.624893 0.000000 33.558399
v 135.625000 0.000000 -33.558399
v 154.999893 0.000000 0.000000
# 2283 vertices

vt -0.17180 -0.00790
vt -0.24210 -1.00000
vt -0.17180 -1.00000
vt -0.24210 -0.00790
vt -0.12490 -0.00790
vt -0.12490 -1.00000
vt -0.08590 -0.00790
vt -0.08590 -1.00000
vt -0.00780 -0.00790
vt -0.00780 -1.00000
vt 0.32810 -0.01570
vt 0.48430 -1.00000
vt 0.32810 -1.00000
vt 0.48430 -0.01570
vt 0.01560 -0.01570
vt 0.01560 -1.00000
vt 4.49990 -0.18760
vt 4.12490 -0.12510
vt 4.49990 -0.12510
vt 4.12490 -0.18760
vt 4.87490 -0.18760
vt 4.87490 -0.12510
vt 3.74990 -0.12510
vt 3.75000 -0.18760
vt 5.24990 -0.18760
vt 5.24990 -0.12510
vt 4.49990 -0.25010
vt 4.12490 -0.25010
vt 4.87490 -0.25010
vt 5.43740 -0.12510
vt 5.43740 -0.18760
vt 3.74990 -0.25010
vt 5.24990 -0.25010
vt 3.37490 -0.12510
vt 3.37500 -0.18760
vt 4.49990 -0.31450
vt 4.12490 -0.31450
vt 4.87490 -0.31450
vt 5.62490 -0.18760
vt 5.62490 -0.12510
vt 5.43740 -0.25010
vt 3.75000 -0.31450
vt 5.24990 -0.31450
vt 4.49990 -0.37310
vt 4.12490 -0.37310
vt 4.87490 -0.37310
vt 3.37500 -0.25010
vt 3.74990 -0.37310
vt 5.24990 -0.37310
vt 5.43740 -0.31450
vt 5.62490 -0.25010
vt 3.37490 -0.31450
vt 5.81240 -0.12510
vt 5.81240 -0.18760
vt 5.43740 -0.37310
vt 5.62490 -0.31450
vt 3.37490 -0.37310
vt 5.81240 -0.25010
vt 5.62490 -0.37310
vt 2.99990 -0.12510
vt 2.99990 -0.18760
vt 5.81240 -0.31450
vt 2.99990 -0.25010
vt 5.81240 -0.37310
vt 2.99990 -0.31450
vt 5.99990 -0.18760
vt 5.99990 -0.12510
vt 2.99990 -0.37310
vt 5.99990 -0.25010
vt 5.99990 -0.31450
vt 5.99990 -0.37310
vt 2.62490 -0.31450
vt 2.62490 -0.37310
vt 0.37490 -0.37310
vt 0.00000 -0.31450
vt 0.37490 -0.31450
vt 0.00000 -0.37310
vt 2.62490 -0.25010
vt 0.00000 -0.25010
vt 0.37490 -0.25010
vt 2.62490 -0.18760
vt 0.00000 -0.18760
vt 0.37490 -0.18760
vt 2.62490 -0.12510
vt 0.00000 -0.12510
vt 0.37490 -0.12510
vt 2.24990 -0.31450
vt 2.24990 -0.37310
vt 0.74990 -0.37310
vt 0.74990 -0.31450
vt 2.24990 -0.25010
vt 0.74990 -0.25010
vt 1.87490 -0.31450
vt 1.87490 -0.37310
vt 1.12490 -0.37310
vt 1.12490 -0.31450
vt 2.24990 -0.18760
vt 0.75000 -0.18760
vt 1.49990 -0.37310
vt 1.49990 -0.31450
vt 1.87490 -0.25010
vt 1.12490 -0.25010
vt 1.49990 -0.25010
vt 2.24990 -0.12510
vt 0.74990 -0.12510
vt 1.87490 -0.18760
vt 1.12490 -0.18760
vt 1.49990 -0.18760
vt 1.87490 -0.12510
vt 1.12490 -0.12510
vt 1.49990 -0.12510
vt 4.87490 1.87690
vt 4.49990 1.99800
vt 4.49990 1.87690
vt 4.87490 1.99800
vt 4.12490 1.99800
vt 4.12490 1.87690
vt 5.24990 1.87690
vt 5.24990 1.99800
vt 3.74990 1.99800
vt 3.74990 1.87690
vt 5.62490 1.87690
vt 5.62490 1.99800
vt 3.37490 1.99800
vt 3.37490 1.87690
vt 5.99990 1.87690
vt 5.99990 1.99800
vt 2.99990 1.99800
vt 2.99990 1.87690
vt 0.37490 1.87690
vt 0.00000 1.99800
vt 0.00000 1.87690
vt 0.37490 1.99800
vt 2.62490 1.99800
vt 2.62490 1.87690
vt 0.74990 1.87690
vt 0.74990 1.99800
vt 2.24990 1.99800
vt 2.24990 1.87690
vt 1.12490 1.87690
vt 1.12490 1.99800
vt 1.87490 1.99800
vt 1.87490 1.87690
vt 1.49990 1.99800
vt 1.49990 1.87690
vt 0.50190 -0.56260
vt 0.50190 -0.50200
vt 0.66010 -0.50200
vt 0.49800 -0.43760
vt 0.00190 -0.37700
vt 0.00190 -0.43760
vt 0.49800 -0.37700
vt -0.25190 -5.48640
vt -0.25190 -5.37700
vt -0.36130 -5.37700
vt 0.49990 -0.99810
vt 0.67960 -0.99810
vt 0.49990 -0.87510
vt 0.99990 -0.87700
vt 0.49990 -0.90240
vt 0.99990 -0.90240
vt 0.49990 -0.87700
vt -0.20070 -0.56060
vt 0.00000 -0.37700
vt -0.24990 -0.37700
vt -0.04780 -0.56060
vt 0.49990 -0.93560
vt 0.59170 -0.87700
vt 0.51950 -0.87700
vt 0.55270 -0.95120
vt 0.68550 -0.95120
vt 0.49800 -0.99810
vt 0.74800 -0.99810
vt 0.52920 -0.95120
vt 0.12330 0.31430
vt 0.01210 0.47030
vt 0.04930 0.28370
vt 0.09230 0.47030
vt 0.12330 0.62640
vt 0.04930 0.65700
vt 0.15500 0.12540
vt 0.21170 0.18210
vt 0.15500 0.81530
vt 0.21170 0.75860
vt 0.34390 0.09370
vt 0.31330 0.01970
vt 0.34390 0.84700
vt 0.31330 0.92100
vt 0.28330 0.38060
vt 0.28330 0.56010
vt 0.41020 0.25370
vt 0.41020 0.68700
vt 0.49990 -0.01750
vt 0.49990 0.06270
vt 0.50000 0.95820
vt 0.50000 0.87800
vt 0.49990 0.47030
vt 0.58970 0.25370
vt 0.58970 0.68700
vt 0.65600 0.09370
vt 0.65600 0.84700
vt 0.71660 0.38060
vt 0.71660 0.56010
vt 0.68660 0.01970
vt 0.68660 0.92100
vt 0.78820 0.18210
vt 0.78820 0.75860
vt 0.90760 0.47030
vt 0.87660 0.62640
vt 0.87660 0.31430
vt 0.84490 0.12540
vt 0.84490 0.81530
vt 0.95060 0.28370
vt 0.95060 0.65700
vt 0.98780 0.47030
vt 0.00780 -0.00790
vt 0.45310 -1.00000
vt 0.00780 -1.00000
vt 0.45310 -0.00790
vt 0.00780 -0.07820
vt 0.49210 -0.00790
vt 0.49210 -1.00000
vt 0.45310 -0.07820
vt 0.99210 -0.00790
vt 0.60930 -0.07820
vt 0.99210 -0.07820
vt 0.60930 -0.00790
vt 0.60930 -1.00000
vt 0.99210 -1.00000
vt 0.49990 -0.00790
vt 0.49990 -1.00000
vt 0.86710 -0.49220
vt 0.63280 -0.05470
vt 0.86710 -0.05470
vt 0.63280 -0.49220
vt 0.66400 -0.00010
vt 0.83590 -0.00010
vt 0.66400 -0.03130
vt 0.83590 -0.03130
vt 0.87490 -0.00010
vt 0.99210 -0.05470
vt 0.97650 -0.00010
vt 0.99210 -0.49220
vt 0.00780 -0.35940
vt 0.49210 -0.50010
vt 0.49210 -0.35940
vt 0.00780 -0.50010
vt 0.99990 -0.50790
vt 0.17180 -0.71880
vt 0.07030 -0.50790
vt 0.99990 -0.75010
vt 0.00780 -0.49220
vt 0.49210 -0.49220
vt 0.00780 -0.00010
vt 0.49210 -0.00010
vt 0.99990 -0.99220
vt 0.00000 -0.99220
vt 0.00000 -0.50790
vt 0.99990 -0.98440
vt 0.00000 -0.98440
vt 0.24990 -0.50790
vt 0.12490 -0.99220
vt 0.00000 -0.62510
vt 0.46870 -1.00000
vt 0.46870 -0.62510
vt 0.00000 -1.00000
vt 0.46870 -0.00010
vt 0.00000 -0.00010
vt 0.46870 -0.67190
vt 0.99990 -1.00000
vt 0.99990 -0.67190
vt 0.99990 -0.00010
vt 0.52340 -0.05080
vt 0.74990 -0.05080
vt 0.52340 -0.12510
vt 0.71480 -0.00400
vt 0.49990 -0.00400
vt 0.49990 -0.08210
vt 0.90620 -0.03130
vt 0.99600 -0.12510
vt 0.99600 -0.03130
vt 0.90620 -0.12510
vt 0.96090 -0.00400
vt 0.87890 -0.00400
vt 0.87890 -0.08210
vt 0.87490 -0.00400
vt 0.99990 -0.03130
vt 0.99990 -0.12510
vt 0.78510 -0.03520
vt 0.95700 -0.00400
vt 0.74990 -0.00400
vt 0.99990 -0.03520
vt 0.78510 -0.12510
vt 0.74600 -0.18360
vt 0.62890 -0.50010
vt 0.74600 -0.50010
vt 0.62890 -0.18360
vt 0.74990 -0.30080
vt 0.99990 -0.25790
vt 0.99990 -0.30080
vt 0.74990 -0.25790
vt 0.99990 -0.37510
vt 0.74990 -0.37510
vt 0.82030 -0.42580
vt 0.94920 -0.37900
vt 0.75390 -0.37900
vt 0.99990 -0.42580
vt 0.82030 -0.49610
vt 0.99990 -0.49610
vt 0.80070 -0.37510
vt 0.80070 -0.30080
vt 0.73820 -0.00400
vt 0.00000 -0.17190
vt 0.99990 -0.17190
vt 0.00000 -0.50010
vt 0.99990 -0.50010
vt 1.99990 -6.98440
vt 2.99990 -6.50010
vt 2.99990 -6.98440
vt 1.99990 -6.50010
vt 0.00000 -6.98440
vt 0.00000 -6.50010
vt 0.49990 -0.75010
vt 0.49990 -0.50790
vt 0.49990 -2.75010
vt 0.99990 -2.50790
vt 0.49990 -2.50790
vt 0.99990 -2.75010
vt 0.21090 -1.00000
vt 0.24990 -0.18760
vt 0.24990 -1.00000
vt 0.21090 -0.18760
vt 0.07810 -0.07040
vt 0.19530 -0.00010
vt 0.22650 -0.07040
vt 0.07810 -0.18760
vt 0.07810 -1.00000
vt 0.00780 -0.18760
vt 3.99990 -0.93760
vt 0.00000 -0.93760
vt 3.99990 -0.00010
vt 1.99990 -0.93760
vt 6.74990 -0.00010
vt 6.99990 -0.93760
vt 1.99990 -0.00010
vt 7.24990 -0.00010
vt 10.99990 -0.93760
vt 10.74990 -0.00010
vt 3.74980 -0.93760
vt 6.65150 -0.00010
vt 6.80310 -0.93760
vt 3.74980 -0.00010
vt 6.95470 -0.00010
vt 9.07520 -0.93760
vt 8.92360 -0.00010
vt 9.99990 -0.93760
vt 12.99990 -0.00010
vt 12.99990 -0.93760
vt 9.99990 -0.00010
vt 6.99990 -0.00010
vt 8.99990 -0.93760
vt 8.99990 -0.00010
vt 4.99990 -0.00010
vt 6.49990 -0.93760
vt 4.99990 -0.93760
vt 6.49990 -0.00010
vt 4.62490 -0.00010
vt 7.06240 -0.93760
vt 4.49990 -0.93760
vt 6.87490 -0.00010
vt 4.43740 -0.00010
vt 2.12490 -0.00010
vt 3.99990 -3.00000
vt 0.00000 -3.00000
vt 6.99990 -3.00000
vt 1.99990 -3.00000
vt 10.99990 -3.00000
vt 6.80310 -3.00000
vt 3.74980 -3.00000
vt 9.07520 -3.00000
vt 12.99990 -6.00000
vt 9.99990 -6.00000
vt 1.99990 -6.00000
vt 8.99990 -3.00000
vt 6.49990 -3.00000
vt 4.99990 -3.00000
vt 7.06240 -3.00000
vt 4.49990 -3.00000
vt 0.00000 -0.04690
vt 0.62490 -1.00010
vt 0.00000 -1.00010
vt 0.62490 -0.04690
vt 0.74990 -1.79690
vt 0.00000 -1.79690
vt 0.74990 -3.00000
vt 1.49990 -0.04690
vt 1.49990 -1.00010
vt 1.99990 -1.79690
vt 0.00000 -12.49210
vt 0.99990 -14.00010
vt 0.00000 -14.00010
vt 0.99990 -12.49210
vt 1.87490 -12.49220
vt 1.87490 -14.00010
vt 0.00000 -12.49220
vt 1.99990 -14.15630
vt 0.00000 -16.00000
vt 1.99990 -16.00000
vt 0.00000 -14.15630
vt 0.00000 1.99990
vt 0.99990 -2.00000
vt 0.00000 -2.00000
vt 0.99990 1.99990
vt 0.00000 -5.22660
vt 1.99990 -7.00000
vt 0.00000 -7.00000
vt 1.99990 -5.22660
vt 0.00000 -4.48440
vt 1.74990 -5.00010
vt 0.00000 -5.00010
vt 1.74990 -4.48440
vt 1.24990 -4.48440
vt 0.62490 -5.00010
vt 1.24990 -5.00010
vt 1.49990 -7.00000
vt 0.74990 -5.22700
vt 0.74990 -7.00000
vt 1.49990 -5.22700
vt 0.00000 -5.22700
vt 0.74990 -1.00000
vt 1.49990 0.85930
vt 1.49990 -1.00000
vt 0.74990 0.85930
vt 0.00000 0.85930
vt 0.49990 -0.88290
vt 1.24990 -2.00000
vt 0.49990 -2.00000
vt 1.24990 -0.88290
vt 0.87490 -1.00010
vt 1.49990 -0.13290
vt 0.87490 -0.13290
vt 0.00000 -0.88290
vt 0.49990 -0.13290
vt 0.49990 -1.00010
vt 0.81370 -2.82580
vt 0.99990 -3.00000
vt 0.81370 -2.17430
vt 0.00000 -2.00010
vt 0.99990 -2.00010
vt 0.18620 -2.82580
vt 0.18620 -2.17430
vt 0.00000 -0.58600
vt 0.99990 0.00000
vt 1.00000 -1.00000
vt 0.00000 -0.41410
vt 0.40460 0.00000
vt 0.40460 -1.00000
vt 0.12490 -15.00010
vt 0.99990 -15.06670
vt 0.00000 -15.06670
vt 0.87490 -15.00010
vt 0.99990 -15.93340
vt 0.00000 -15.93340
vt 0.12490 -16.00000
vt 0.87490 -16.00000
vt 0.99990 -6.00000
vt 0.00000 -6.00000
vt 0.00000 -5.00000
vt 0.99990 -5.00000
vt 0.12490 -6.00010
vt 0.99990 -6.06670
vt 0.00000 -6.06670
vt 0.87490 -6.00010
vt 0.99990 -6.93340
vt 0.00000 -6.93340
vt 0.87490 -7.00000
vt 0.12490 -7.00000
vt 0.50000 -3.00000
vt 0.00000 0.00000
vt 0.50000 -1.00000
vt 0.00000 -0.75010
vt 1.00000 -3.00000
vt 0.18620 -1.17430
vt 0.18620 -1.82580
vt 0.81370 -1.17430
vt 0.81370 -1.82580
vt 0.99990 -1.00010
vt 0.00000 -19.99990
vt 1.00000 -19.00000
vt 0.99990 -20.00000
vt 0.00000 -19.00000
vt 0.00000 -20.00000
vt 1.00000 -20.00000
vt 0.00000 -1.01570
vt 0.99990 -1.48440
vt 0.00000 -1.48440
vt 0.99990 -1.01570
vt 2.99990 -0.15630
vt 1.99990 -1.00000
vt 2.99990 -1.00000
vt 1.99990 -0.15630
vt 2.99990 0.00000
vt 1.99990 0.00000
vt 3.99990 0.00000
vt 3.99990 -0.15630
vt 3.99990 -1.00000
vt 2.99990 -1.48440
vt 2.99990 -1.01570
vt 0.89840 -12.92190
vt 0.89840 -12.53130
vt 0.75780 -12.53130
vt 0.99990 -12.50790
vt 0.89840 -12.00010
vt 0.99990 -12.00010
vt 0.89840 -12.26570
vt 0.79680 -12.07820
vt 0.99990 -13.00000
vt 0.89840 -13.00000
vt 0.00000 -12.92190
vt 0.00000 -12.53130
vt 0.79680 -12.53130
vt 0.00000 -12.46880
vt 0.79680 -12.00010
vt 0.79680 -12.46880
vt 0.00000 -12.00010
vt 0.17180 -12.53130
vt 0.44920 -12.92190
vt 0.99990 -13.01560
vt 0.00000 -13.01560
vt 3.28900 0.99990
vt 3.74990 0.99990
vt 3.28900 -13.00000
vt 5.99990 -13.00000
vt 4.99990 0.99990
vt 4.99990 -13.00000
vt 5.99990 0.99990
vt 4.80460 0.99990
vt 4.80460 -13.00000
vt 6.99990 -13.00000
vt 6.99990 0.99990
vt 2.99990 -10.00010
vt 2.99990 -10.50010
vt 1.99990 -10.00010
vt 1.99990 -11.00010
vt 2.99990 -11.00010
vt 1.00000 -1.50000
vt 0.75000 -2.00000
vt 0.75000 -1.00010
vt 10.99990 -18.00000
vt 9.99990 -17.00010
vt 10.99990 -17.00010
vt 9.99990 -18.00000
vt 0.00000 -2.01570
vt 0.67180 -3.00000
vt 0.67180 -2.01570
vt 0.99990 -2.01570
vt 0.00000 -0.96880
vt 0.64060 -0.96880
vt -0.32810 -0.96880
vt 0.10930 -1.00000
vt 0.10930 -0.00010
vt -0.80460 -1.00790
vt -0.80460 -1.11720
vt -0.89840 -1.00790
vt -0.50780 -1.00790
vt -0.78900 -2.00000
vt -0.50780 -2.00000
vt -0.78900 -1.00790
vt -0.80460 -2.00000
vt -0.89840 -2.00000
vt -0.99210 -1.00790
vt -0.99210 -2.00000
vt -1.74990 -0.00010
vt -0.78120 1.99990
vt -0.78120 -0.00010
vt -1.74990 1.99990
vt 0.21870 -3.00010
vt 0.21870 -9.00010
vt 0.03120 -3.00010
vt 0.03120 -9.00010
vt -0.78120 -0.50010
vt -1.74990 -0.50010
vt -1.74990 -7.00010
vt -0.78120 -6.50010
vt -0.78120 -7.00010
vt -1.74990 -6.50010
vt 0.03120 -16.00000
vt 0.21870 -16.00000
vt 0.21870 -0.00010
vt 0.03120 -7.00000
vt 0.21870 -7.00000
vt 0.03120 -0.00010
vt 0.21870 1.99990
vt 0.03120 1.99990
vt 3.24990 -0.96880
vt 3.96870 0.12490
vt 3.96870 -1.09370
vt 3.24990 -0.00010
vt 7.99990 -17.99990
vt 8.99990 -16.99990
vt 8.99990 -17.99990
vt 7.99990 -16.99990
vt 13.99990 -17.99990
vt 13.99990 -16.99990
vt 7.99990 -7.99990
vt 8.99990 -8.99990
vt 7.99990 -8.99990
vt 0.99990 -8.99990
vt 4.99990 -7.99990
vt 4.99990 -8.99990
vt 0.99990 -7.99990
vt 5.99990 -7.99990
vt 5.99990 -8.99990
vt 6.99990 -8.99990
vt 6.99990 -7.99990
vt 1.99990 -5.00010
vt 10.99990 -0.00010
vt 10.99990 -5.00010
vt 9.99990 -5.00010
vt -0.00780 -6.99220
vt 0.99210 -5.97660
vt 0.99210 -6.99220
vt -0.00780 -5.97660
vt 1.00000 0.00000
vt 1.00000 -2.00000
vt 0.26560 -2.75390
vt 3.95310 -3.99990
vt 0.03900 -3.99990
vt 3.74210 -2.75390
vt 0.00000 -8.00010
vt 0.99990 -18.00000
vt 0.00000 -18.00000
vt 0.99990 -8.00010
vt 5.99990 -18.00000
vt 6.67180 -16.00010
vt 6.67180 -18.00000
vt 5.99990 -16.00010
vt 1.99990 1.99990
vt 2.99990 -18.00000
vt 1.99990 -18.00000
vt 2.99990 1.99990
vt 2.99990 -6.00010
vt 1.99990 -6.00010
vt 7.99990 -14.00010
vt 8.99990 -18.00000
vt 7.99990 -18.00000
vt 8.99990 -14.00010
vt 4.99990 -18.00000
vt 3.99990 1.99990
vt 3.99990 -18.00000
vt 4.99990 1.99990
vt 4.99990 -6.00010
vt 3.99990 -6.00010
vt 4.99990 -3.00010
vt 0.00000 -17.00010
vt 0.20010 -18.00000
vt 0.20010 -17.00010
vt 0.18490 -18.00000
vt 0.18490 -17.00010
vt 0.25840 -18.00000
vt 0.25840 -17.00010
vt 0.35820 -18.00000
vt 0.35820 -17.00010
vt 0.31510 -18.00000
vt 0.31510 -17.00010
vt 0.50000 -18.00000
vt 0.50000 -17.00010
vt 0.29990 -17.00010
vt 0.49990 -18.00000
vt 0.29990 -18.00000
vt 0.49990 -17.00010
vt 0.99990 -17.00010
vt 0.68480 -18.00000
vt 0.68480 -17.00010
vt 0.64160 -18.00000
vt 0.74160 -17.00010
vt 0.74160 -18.00000
vt 0.64160 -17.00010
vt 0.81530 -18.00000
vt 0.81530 -17.00010
vt 0.69990 -18.00000
vt 0.69990 -17.00010
vt 0.99980 -18.00000
vt 0.99980 -17.00010
vt 0.88320 -17.00010
vt 0.88320 -18.00000
vt 0.80000 -17.00010
vt 0.80000 -18.00000
vt 1.99990 -0.29690
vt 2.99990 -0.29690
vt 2.18740 -0.00010
vt 2.82810 -0.00010
vt 0.49990 -1.12570
vt 0.00000 -0.01260
vt 0.00000 -1.11510
vt 0.49990 -0.01260
vt 0.49990 -3.92720
vt 0.00000 -4.00000
vt 0.00000 2.25010
vt 0.49990 2.11720
vt 0.00000 2.11720
vt 0.49990 2.25010
vt 0.03510 2.31260
vt 0.46480 2.31260
vt 0.40230 2.00010
vt 0.09760 2.00010
vt 0.12100 -0.25390
vt 0.99990 -0.49990
vt 0.00000 -0.49990
vt 0.87890 -0.25390
vt 0.87100 -0.28120
vt 0.12890 -0.28120
vt 2.99600 -1.24610
vt 2.24600 -1.00400
vt 2.15230 -1.24610
vt 2.99600 -1.00400
vt 2.33980 -1.24610
vt 2.73040 -1.24610
vt 2.00390 -1.00400
vt 2.83980 -1.00400
vt 2.00390 -1.24610
vt 2.95310 -1.24610
vt 2.24210 -1.24610
vt 2.24210 -1.00400
vt 0.00390 0.31640
vt 0.33590 0.49600
vt 0.00390 0.49600
vt 0.33590 0.31640
vt 0.66790 0.49600
vt 0.99600 0.31640
vt 0.99600 0.49600
vt 0.66790 0.31640
vt 0.00390 -0.68360
vt 0.33590 -0.50400
vt 0.00390 -0.50400
vt 0.33590 -0.68360
vt 0.66790 -0.50400
vt 0.99600 -0.68360
vt 0.99600 -0.50400
vt 0.66790 -0.68360
vt 0.00000 2.00010
vt 0.99990 -0.99990
vt 0.00000 -0.99990
vt 0.99990 2.00010
vt 0.00000 3.54680
vt 0.99990 3.00000
vt 0.00000 3.00000
vt 0.99990 3.54680
vt 0.89840 3.54680
vt 0.35150 3.99990
vt 0.59370 3.99990
vt 0.07810 3.54680
vt 0.99990 0.54680
vt 0.74990 0.99990
vt 0.99990 0.99990
vt 0.00000 0.99990
vt 0.24990 0.99990
vt 0.00000 0.54680
vt 0.99990 -0.45320
vt 0.74990 -0.00010
vt 0.24990 -0.00010
vt 0.00000 -0.45320
vt 4.99990 -1.92190
vt 0.00000 -1.92190
vt -15.28120 -1.92190
vt -12.99990 -0.00010
vt -12.99990 -1.92190
vt 6.98430 -18.99990
vt 2.90620 -19.99990
vt 7.10930 -19.99990
vt 2.99990 -18.99990
vt 6.93740 -19.35930
vt 3.10930 -19.35930
vt 1.84370 -18.99990
vt -0.10930 -19.99990
vt 2.12490 -19.99990
vt 0.10930 -18.99990
vt 1.76560 -19.35930
vt 0.14060 -19.35930
vt 1.95310 -9.99990
vt -0.10930 -10.99990
vt 2.14060 -10.99990
vt 0.04680 -9.99990
vt 3.63670 -17.37700
vt 3.74800 -17.37700
vt 3.74800 -17.48830
vt 3.95310 -2.99610
vt 3.74990 -2.81840
vt 3.99990 -2.81840
vt 3.78900 -2.99610
vt -0.27920 -0.56260
vt -0.50000 -0.62510
vt -0.24990 -0.62510
vt -0.46670 -0.56260
vt -0.49990 -0.62510
vt -0.25190 -1.87310
vt -0.50000 -1.62510
vt -0.25190 -1.62510
vt -0.35740 -1.87310
vt -0.25000 -0.62510
vt 0.00190 -0.99810
vt 0.44720 -0.66410
vt 0.49020 -0.99810
vt 0.05070 -0.66410
vt 0.49020 -0.50200
vt 0.05660 -0.75790
vt 0.00190 -0.50200
vt 0.44330 -0.75790
vt 0.00190 -0.64260
vt 0.00190 -0.78330
vt 0.24990 -0.88480
vt 0.25190 -0.53520
vt 0.49020 -0.63870
vt 0.49800 -0.78130
vt 1.62300 -1.37510
vt 1.74800 -1.49810
vt 1.62300 -1.49810
vt 1.50190 -1.49810
vt 0.49410 -0.87700
vt 0.53120 -0.99810
vt 0.74800 -0.87700
vt 0.66990 -1.50200
vt 0.74800 -1.50200
vt 0.74800 -1.55860
vt 0.26170 -0.43170
vt 0.23820 -0.37700
vt 0.26170 -0.37700
vt 0.23820 -0.43760
vt 0.05270 -0.43760
vt 0.49800 -0.43170
vt 0.49210 -0.37700
vt 0.58200 -0.76370
vt 0.64060 -0.76180
vt 0.60150 -0.62700
vt 0.70950 -0.62700
vt 0.74600 -0.76180
vt 0.74600 -0.87110
vt 0.74600 -0.62700
vt 0.66790 -1.50200
vt 0.99990 -1.92580
vt 0.84170 -1.81840
vt 0.89450 -1.89460
vt 0.74600 -1.99810
vt 0.99990 -1.99810
vt 0.99990 -1.87510
vt 0.94920 -1.81840
vt 0.99990 -1.81840
vt 0.41210 -0.43560
vt 0.11520 -0.37700
vt 0.41210 -0.37700
vt 0.11520 -0.43560
vt 0.99800 -1.99810
vt 0.75190 -1.81450
vt 0.99800 -1.81450
vt 0.75190 -1.99810
vt 0.78510 -1.90040
vt 0.83200 -1.97660
vt 0.90820 -1.97270
vt 0.49800 -1.42000
vt 0.22260 -1.43560
vt 0.12100 -1.42190
vt 0.49800 -1.43560
vt 0.93350 -1.81450
vt 0.41600 -1.37700
vt 0.98820 -1.81450
vt 0.99800 -1.82430
vt 1.74800 1.62300
vt 1.74800 1.51360
vt 1.63860 1.62300
vt 0.49990 -17.87880
vt 0.00000 -17.00000
vt 0.99990 -17.00000
vt 0.00200 -0.93520
vt 1.00000 -0.93510
vt 0.99990 0.00010
vt 0.57440 0.00010
vt 0.99960 -1.00000
vt 0.57810 -0.60940
vt 0.99980 -0.60940
vt 0.19530 -0.80470
vt 0.33590 -0.68760
vt 0.33590 -0.80470
vt 0.19530 -0.68760
vt 0.57810 -0.47660
vt 0.00030 -0.00010
vt 0.99980 -0.47660
vt 0.99990 1.49990
vt 0.00000 1.74990
vt 0.14010 -1.00000
vt 0.85980 -0.00010
vt 0.14010 -0.00010
vt 0.85980 -1.00000
vt 0.49990 -0.00010
vt 0.99990 -25.00000
vt 0.49990 -25.00000
vt 0.00000 -25.00000
vt 1.03900 -0.99220
vt 1.99990 -2.00010
vt 1.97650 -1.00010
vt 0.08590 -1.00010
vt 2.89060 -1.00010
vt 2.99990 -2.00010
vt 1.99990 -1.00010
vt 3.99990 -14.00000
vt 6.99990 -14.00000
vt 0.99990 -14.00000
vt 0.00000 -14.00000
vt 14.99990 -0.00010
vt 11.99990 -14.00000
vt 14.99990 -14.00000
vt 11.99990 -0.00010
vt 17.99990 -0.00010
vt 17.99990 -14.00000
vt 18.99990 -0.00010
vt 18.99990 -14.00000
vt 2.99990 -3.00000
vt 6.99990 -1.00000
vt 6.99990 0.00000
vt 0.62490 1.99600
vt 0.84370 1.42570
vt 0.41010 1.42570
vt 0.99990 1.00780
vt 0.24990 1.00780
vt 0.08590 -25.81650
vt 0.17960 -25.95610
vt 0.08590 -25.97810
vt 0.17960 -25.81650
vt 0.08590 -25.75010
vt 0.17960 -25.75010
vt 0.24600 -25.75010
vt 0.24600 -25.81650
vt 0.08590 -25.00010
vt 0.17960 -25.00010
vt 0.24600 -25.00010
vt 0.24600 -25.93430
vt 0.24600 -25.97810
vt 0.62490 -25.00010
vt 0.24990 -26.00000
vt 0.99990 -26.00000
vt 0.17960 -0.75010
vt 0.08590 -0.81650
vt 0.17960 -0.81650
vt 0.08590 -0.75010
vt 0.17960 -0.00010
vt 0.08590 -0.00010
vt 0.24600 -0.81650
vt 0.24600 -0.75010
vt 0.24600 -0.00010
vt 4.99990 -6.98440
vt 4.99990 -6.50010
vt 0.99990 -6.98440
vt -0.01560 -5.98440
vt 0.99990 -5.98440
vt -0.01560 -6.98440
vt -7.99990 -0.00010
vt -4.99990 -25.00000
vt -7.99990 -25.00000
vt -4.99990 -0.00010
vt -8.99990 -0.00010
vt -8.99990 -25.00000
vt -0.99990 -0.00010
vt -1.99990 -25.00000
vt -0.99990 -25.00000
vt -1.99990 -0.00010
vt 3.99990 -19.00000
vt 6.99990 -19.00000
vt 0.99990 -19.00000
vt 3.95310 -0.99990
vt 0.36710 0.00010
vt 0.03900 -0.99990
vt 3.63280 0.00010
vt 14.99990 -0.99990
vt 12.38470 0.00010
vt 12.49990 -0.99990
vt 14.77340 0.00010
vt -1.99990 -27.50010
vt -0.99990 -27.50010
vt -6.99990 -0.00010
vt -7.99990 -27.50010
vt -6.99990 -27.50010
vt -2.99990 -1.00010
vt -2.99990 -27.50010
vt -3.99990 -1.50010
vt -3.99990 -27.50010
vt -5.99990 -27.50010
vt -4.99990 -1.50010
vt -5.99990 -1.00010
vt -4.99990 -27.50010
vt 1.26560 -1.99220
vt 0.99990 -1.06260
vt 0.73430 -1.99220
vt 0.70310 -1.99220
vt 0.00000 -1.00790
vt 0.99990 -1.00790
vt 0.29680 -1.99220
vt 0.38280 -1.99220
vt -0.08590 -1.00790
vt 0.08590 -1.00790
vt -0.38280 -1.99220
vt 1.58590 -1.99220
vt 1.30460 -1.67970
vt 1.69530 -1.68760
vt 1.41400 -1.99220
vt 1.99990 -2.00000
vt 2.99990 -0.76570
vt 0.99990 -0.01670
vt 0.99990 -0.76570
vt 2.99990 -0.01670
vt 4.99990 -0.01670
vt 4.99990 -0.76570
vt 5.99990 -0.76570
vt 5.99990 -0.01670
vt 0.00000 -0.76570
vt 0.00000 -0.01670
vt 0.99990 1.00000
vt 1.99990 1.70310
vt 1.99990 1.00000
vt 0.99990 1.70310
vt 0.00000 1.70310
vt 0.00000 1.00000
vt 0.07810 1.99990
vt 0.89060 1.99990
vt 1.99990 -1.10940
vt 2.99990 -2.00000
vt 2.99990 -1.10940
vt 2.09370 -0.82820
vt 2.90620 -0.82820
vt 0.00000 -0.64070
vt 0.99990 -0.64070
vt 0.00000 -0.36720
vt 0.49990 -0.49220
vt 0.49990 -0.36720
vt 0.00000 -0.49220
vt 3.99990 -0.98440
vt 3.99990 -0.01670
vt 4.99990 -0.98440
vt 0.16590 -29.99210
vt 2.99990 -29.81240
vt 0.00000 -29.81240
vt 2.99990 -29.99210
vt 5.99990 -29.99210
vt 8.99990 -29.81240
vt 5.99990 -29.81240
vt 8.99990 -29.99210
vt 8.99990 -28.99990
vt 5.99990 -28.99990
vt 2.99990 -28.99990
vt 0.37000 -27.00780
vt 2.99990 -27.99210
vt 0.00000 -27.99210
vt 2.63000 -27.00780
vt 1.99990 3.99990
vt 2.99990 3.99990
vt 2.99990 -16.00010
vt 1.99990 -16.00010
vt 0.74990 -5.00000
vt 1.49990 -5.00000
vt 1.49990 -0.00010
vt 0.00000 -4.00010
vt 0.99990 -4.00010
vt 0.24990 -5.00000
vt 0.99990 -0.25010
vt 0.49990 -0.25010
vt 0.99990 -3.50010
vt 0.49990 -3.50010
vt 0.49990 -4.00000
vt 0.99990 -4.00000
vt 1.49990 -0.75010
vt 1.49990 -4.00000
vt 0.49990 -7.00000
vt 0.74990 -6.00000
vt 0.24990 -6.00000
vt 0.24990 -5.97260
vt 0.00000 -24.50010
vt 0.49990 -28.00000
vt 0.00000 -28.00000
vt 0.49990 -24.50010
vt 0.49990 -24.75010
vt 0.74990 -28.00000
vt 0.74990 -24.75010
vt 0.74990 -24.50010
vt 1.24990 -28.00000
vt 1.24990 -24.50010
vt 0.93040 -5.00000
vt 0.89140 -4.00010
vt 0.89140 -5.00000
vt 0.93040 -4.00010
vt 0.64890 -5.00000
vt 0.68930 -4.00010
vt 0.64890 -4.00010
vt 0.68930 -5.00000
vt 0.24260 -5.00000
vt 0.28300 -4.00010
vt 0.24260 -4.00010
vt 0.28300 -5.00000
vt 0.04040 -4.00010
vt 0.04040 -5.00000
vt 0.94200 -4.00010
vt 0.94200 -5.00000
vt 0.98840 -5.00000
vt 0.98840 -4.00010
vt 0.80730 -3.00010
vt 0.99990 -3.00010
vt 0.80730 -4.00000
vt 0.00000 -3.00010
vt 0.19260 -4.00000
vt 0.19260 -3.00010
vt 5.99990 -3.99940
vt 5.99990 2.99990
vt 6.99990 1.99990
vt 1.99990 -3.99990
vt 2.99990 -3.99990
vt 6.99990 2.49990
vt 6.99990 2.99990
vt 7.99990 -3.99990
vt 7.99990 1.99990
vt 2.99990 0.99990
vt 1.99990 0.99990
vt 5.99990 -3.99990
vt 5.99990 1.99990
vt 6.99990 1.49990
vt 7.99990 0.99990
vt 1.99990 -2.99990
vt 2.99990 -2.99990
vt 5.99990 -2.99990
vt 7.99990 -2.99990
vt 1.27340 -0.42190
vt 1.47650 -0.00790
vt 0.70310 -0.42190
vt 0.99210 -1.00780
vt 1.27340 -1.42190
vt 0.49210 -1.00790
vt 1.47650 -1.00790
vt 0.70310 -1.42190
vt 0.99210 -2.00780
vt 4.99990 -1.00000
vt 5.99990 -0.00010
vt 5.99990 -1.00000
vt 0.00000 -0.98050
vt 0.99990 -0.98050
vt 0.99990 -0.48010
vt 1.99990 -4.50010
vt 0.99990 -4.50010
vt 1.99990 -0.48010
vt 1.99990 -0.73010
vt 2.99990 -4.75010
vt 1.99990 -4.75010
vt 2.99990 -0.73010
vt 4.49990 -1.00010
vt 5.49990 -3.75010
vt 4.49990 -3.75010
vt 5.49990 -1.00010
vt 2.99990 -1.00010
vt 2.99990 -3.75010
vt 1.99990 -0.75010
vt 2.99990 -3.50010
vt 1.99990 -3.50010
vt 2.99990 -0.75010
vt 0.99990 -1.25010
vt 1.99990 -4.00000
vt 1.99990 -1.25010
vt 0.00000 -1.25010
vt 4.49990 -2.50010
vt 4.49990 0.49990
vt 5.49990 -2.50010
vt 2.99990 -1.75010
vt 3.99990 -3.24990
vt 2.99990 -3.24990
vt 3.99990 -1.75010
vt 2.99990 -2.75010
vt 1.99990 -2.75010
vt 2.99990 -1.25010
vt 1.99990 -2.50010
vt 0.99990 -2.50010
vt 0.00000 -1.50010
vt 0.99990 -1.50010
vt 3.99990 -0.25010
vt 1.99990 0.24990
vt 2.99990 0.24990
vt 0.99990 0.49990
vt 1.99990 0.49990
vt 5.49990 0.49990
vt 0.49990 -1.93760
vt 0.00000 -5.45440
vt 0.49990 -5.39520
vt 0.00000 -5.30280
vt 0.49990 -5.23890
vt 0.00000 -4.49780
vt 0.49990 -4.49260
vt 0.00000 -4.21660
vt 0.49990 -4.22000
vt -1.99990 1.99990
vt -0.85150 -9.18740
vt -1.99990 -9.18740
vt -0.85150 1.99990
vt 0.99990 -9.18740
vt 2.14060 1.99990
vt 2.14060 -9.18740
vt 3.14060 -20.00000
vt -4.99990 -20.00000
vt 3.14060 -0.00010
vt 0.91010 -0.49610
vt 0.39840 -0.00400
vt 0.99990 -0.00400
vt 0.47650 -0.49610
vt 0.00000 -0.00400
vt 0.11320 -0.49610
vt 0.01560 -0.00010
vt 0.48430 -0.00010
vt 2.99990 -5.48050
vt 3.99990 -5.75010
vt 2.99990 -5.75010
vt 3.99990 -5.48050
vt 1.99990 -5.48050
vt 1.99990 -5.75010
vt 4.99990 -5.75010
vt 4.99990 -5.48050
vt 0.99990 -5.48050
vt 0.99990 -5.75010
vt 0.00000 -5.48050
vt 0.00000 -5.75010
vt 5.99990 -5.75010
vt 5.99990 -5.48050
vt 0.00000 -1.61330
vt 1.99990 -1.75010
vt 0.00000 -1.75010
vt 1.99990 -1.61330
vt -1.99990 -1.61330
vt -1.99990 -1.75010
vt 1.99990 -2.33590
vt 0.00000 -2.61710
vt 0.00000 -2.33590
vt 1.99990 -2.61710
vt -1.99990 -2.61710
vt -1.99990 -2.33590
vt 1.99990 -1.45710
vt 0.00000 -1.45710
vt -1.99990 -1.45710
vt 3.99990 -2.33590
vt 3.99990 -2.61710
vt 3.99990 -1.61330
vt 3.99990 -1.45710
vt -3.99990 -2.61710
vt -3.99990 -2.33590
vt -3.99990 -1.61330
vt -3.99990 -1.75010
vt -3.99990 -1.45710
vt 5.99990 -1.45710
vt 5.99990 -1.75010
vt -5.99990 -1.75010
vt -5.99990 -1.45710
vt 5.99990 -2.33590
vt 5.99990 -2.61710
vt -5.99990 -2.61710
vt -5.99990 -2.33590
vt 5.99990 -1.61330
vt -5.99990 -1.61330
vt 0.50000 -2.50010
vt -3.21640 -2.50010
vt -1.35820 -4.32390
vt -1.35820 -0.67620
vt 2.35820 -4.32390
vt 2.35820 -0.67620
vt 4.21640 -2.50010
vt -1.20310 0.99210
vt 0.17960 0.00780
vt -0.17960 0.00780
vt 1.20310 0.99210
vt 0.24990 -1.00010
vt 0.74990 -1.00010
vt 0.24990 -2.00000
vt 0.74990 -2.00000
vt 0.00000 -0.33600
vt 1.99990 -0.45710
vt 0.00000 -0.45710
vt 1.99990 -0.33600
vt -1.99990 -0.33600
vt -1.99990 -0.45710
vt 1.56600 -0.33600
vt -0.94630 -0.00300
vt -1.09740 -0.33600
vt 1.41490 -0.00300
vt 3.99990 -0.45710
vt 3.99990 -0.33600
vt -3.99990 -0.33600
vt -3.99990 -0.45710
vt 5.99990 -0.45710
vt 5.99990 -0.33600
vt -5.99990 -0.33600
vt -5.99990 -0.45710
vt 0.57790 -0.19540
vt -0.72240 -0.50010
vt 0.72240 -0.50010
vt -0.57790 -0.19540
vt -2.99990 -28.00010
vt -2.99990 -29.00010
vt -1.99990 -28.00010
vt -0.99990 -28.00010
vt -1.99990 -55.50010
vt -0.99990 -55.50010
vt -6.99990 -28.00010
vt -7.99990 -55.50010
vt -6.99990 -55.50010
vt -7.99990 -28.00010
vt -2.99990 -55.50010
vt -5.99990 -28.00010
vt -5.99990 -29.00010
vt -3.99990 -28.00010
vt -3.99990 -29.00010
vt -3.99990 -29.50010
vt -3.99990 -55.50010
vt -3.96090 -28.00010
vt -3.78900 -27.50010
vt -4.99990 -29.00010
vt -4.99990 -28.00010
vt -4.11710 -27.50010
vt -4.96090 -28.00010
vt -4.03900 -28.00010
vt -4.89060 -27.50010
vt -5.03900 -28.00010
vt -5.23430 -27.50010
vt -5.99990 -55.50010
vt -4.99990 -29.50010
vt -4.99990 -55.50010
vt 7.07030 -27.00010
vt 4.92180 -54.00000
vt 7.07030 -54.00000
vt 4.92180 -27.00010
vt 0.03900 -55.99990
vt 2.73990 -54.99990
vt 2.99990 -55.99990
vt 0.26000 -54.99990
vt 6.99990 -54.99990
vt 3.99990 -55.99990
vt 6.99990 -55.99990
vt 4.13000 -54.99990
vt 3.64060 0.00010
vt 0.52340 1.00000
vt 3.49210 1.00000
vt 5.26560 0.00010
vt 4.99990 -0.99990
vt 14.76560 0.00010
vt 5.38280 1.00000
vt 14.64840 1.00000
vt 2.91010 -55.99610
vt 2.50390 -55.68760
vt 2.99600 -55.68760
vt 2.58980 -55.99610
vt -1.49990 -80.00000
vt -1.99990 -45.00010
vt -1.99990 -80.00000
vt -1.49990 -45.00010
vt -0.99990 -45.00010
vt -0.99990 -80.00000
vt 0.03900 -21.99990
vt 2.73990 -20.99990
vt 2.99990 -21.99990
vt 0.26000 -20.99990
vt 9.99990 -21.99990
vt 4.13000 -20.99990
vt 3.99990 -21.99990
vt 9.86990 -20.99990
vt 9.99600 0.00010
vt 5.21870 0.00010
vt -0.25190 -19.48640
vt -0.25190 -19.37700
vt -0.36130 -19.37700
vt -0.25190 -53.48640
vt -0.25190 -53.37700
vt -0.36130 -53.37700
vt 1.69330 1.56830
vt 0.00000 -54.00000
vt 0.00000 -53.50000
vt 0.99990 -54.00000
vt 0.99990 -53.50000
vt 1.00000 1.00000
vt 0.50000 1.77340
vt 1.00000 1.99990
vt 0.49990 1.99990
vt 0.49990 1.49990
vt 0.00000 1.49990
vt 0.49990 1.00000
vt 1.99990 -56.00000
vt 0.00000 -56.00000
vt 0.99990 -56.00000
vt 1.99990 -52.00000
vt 0.00000 -52.00000
vt 0.00000 -80.00000
vt 2.99990 -0.00010
vt 2.99990 -80.00000
vt 0.00000 -64.00010
vt 3.99990 -80.00000
vt 3.99990 -64.00010
vt 0.99990 -80.00000
vt 1.99990 -54.00000
vt 0.99990 -48.00000
vt 0.00000 -48.00000
vt 1.99990 -48.00000
vt 3.99990 -28.00000
vt -2.99990 -12.00000
vt -0.99990 -6.00010
vt -2.99990 -0.00010
vt -0.99990 -12.00000
vt -11.99990 -4.00010
vt -3.99990 -5.00010
vt -11.99990 -5.00010
vt -3.99990 -4.00010
vt -11.99990 -0.00010
vt -3.99990 -0.00010
vt -0.99990 -5.00010
vt -0.99990 -4.00010
vt -3.99990 -6.00010
vt -11.99990 -6.00010
vt -3.99990 -12.00000
vt -11.99990 -12.00000
vt 0.00000 -0.92190
vt 5.99990 -17.00000
vt 5.99990 -0.92190
vt 8.99990 -20.00000
vt 10.99990 1.99990
vt 10.99990 -20.00000
vt 8.99990 1.99990
vt 1.99990 -20.00000
vt 0.55460 -0.03910
vt 0.62490 -0.13290
vt 0.70310 -0.03910
vt 0.50780 -0.14850
vt 0.74210 -1.00000
vt 0.50780 -1.00000
vt 0.74210 -0.14850
vt 0.00780 -2.00010
vt 0.49210 -3.00000
vt 0.00780 -3.00000
vt 0.49210 -2.00010
vt -0.02330 9.11520
vt -0.02330 -0.90260
vt -7.53590 4.10630
vt -7.53590 -5.91140
vt 7.48930 4.10630
vt -0.02330 -10.92030
vt 7.48930 -5.91140
vt -16.45310 -5.66280
vt -18.87490 -0.50000
vt -13.13620 -0.50010
vt -16.45310 4.66280
vt -14.03120 -10.82560
vt -9.72710 -7.76720
vt -14.03120 9.82560
vt -9.72710 6.76720
vt -11.60930 -15.98850
vt -11.60930 14.98850
vt -7.39740 -0.50010
vt -6.31810 -15.03450
vt -6.31810 14.03450
vt -9.18750 -21.15130
vt -9.18740 20.15130
vt -5.42310 -4.70880
vt -5.42310 3.70880
vt -4.34370 -21.15130
vt -4.34370 20.15130
vt -3.44870 -8.91770
vt -3.44870 7.91770
vt 0.49990 -15.03450
vt 0.50000 14.03450
vt 0.49990 -21.15130
vt 0.50000 20.15130
vt 0.50000 -8.91770
vt 0.50000 7.91770
vt 4.44870 7.91770
vt 4.44870 -8.91770
vt 5.34370 -21.15130
vt 5.34370 20.15130
vt 7.31810 -15.03450
vt 7.31810 14.03450
vt 6.42310 -4.70880
vt 10.72710 -7.76720
vt 6.42310 3.70880
vt 10.72710 6.76720
vt 10.18740 -21.15130
vt 10.18750 20.15130
vt 8.39750 -0.50010
vt 12.60930 -15.98850
vt 12.60930 14.98850
vt 14.13620 -0.50010
vt 15.03120 -10.82560
vt 15.03120 9.82560
vt 17.45310 -5.66280
vt 17.45310 4.66280
vt 19.87490 -0.50010
# 1489 texture vertices

g Object_2
usemtl texture0
f 1/3 2/2 3/1
f 2/2 4/4 3/1
f 5/6 1/3 6/5
f 1/3 3/1 6/5
f 7/8 5/6 8/7
f 5/6 6/5 8/7
f 9/10 7/8 10/9
f 7/8 8/7 10/9
f 11/3 12/2 13/1
f 12/2 14/4 13/1
f 15/6 11/3 16/5
f 11/3 13/1 16/5
f 17/8 15/6 18/7
f 15/6 16/5 18/7
f 19/10 17/8 20/9
f 17/8 18/7 20/9
f 21/3 22/2 23/1
f 22/2 24/4 23/1
f 25/6 21/3 26/5
f 21/3 23/1 26/5
f 27/8 25/6 28/7
f 25/6 26/5 28/7
f 29/10 27/8 30/9
f 27/8 28/7 30/9
usemtl texture1
f 31/13 32/12 33/11
f 32/12 34/14 33/11
f 35/16 31/13 36/15
f 31/13 33/11 36/15
g obj1
usemtl mat1
f 37/19 38/18 39/17
f 38/18 40/20 39/17
f 41/22 37/19 42/21
f 37/19 39/17 42/21
f 38/18 43/23 40/20
f 43/23 44/24 40/20
f 45/26 41/22 46/25
f 41/22 42/21 46/25
f 39/17 40/20 47/27
f 40/20 48/28 47/27
f 42/21 39/17 49/29
f 39/17 47/27 49/29
f 45/26 46/25 50/30
f 50/30 46/25 51/31
f 40/20 44/24 48/28
f 44/24 52/32 48/28
f 46/25 42/21 53/33
f 42/21 49/29 53/33
f 43/23 54/34 44/24
f 54/34 55/35 44/24
f 47/27 48/28 56/36
f 48/28 57/37 56/36
f 49/29 47/27 58/38
f 47/27 56/36 58/38
f 59/40 50/30 60/39
f 50/30 51/31 60/39
f 46/25 53/33 51/31
f 61/41 51/31 53/33
f 48/28 52/32 57/37
f 52/32 62/42 57/37
f 53/33 49/29 63/43
f 49/29 58/38 63/43
f 56/36 57/37 64/44
f 57/37 65/45 64/44
f 58/38 56/36 66/46
f 56/36 64/44 66/46
f 44/24 55/35 52/32
f 55/35 67/47 52/32
f 57/37 62/42 65/45
f 62/42 68/48 65/45
f 63/43 58/38 69/49
f 58/38 66/46 69/49
f 53/33 63/43 61/41
f 70/50 61/41 63/43
f 60/39 51/31 71/51
f 51/31 61/41 71/51
f 52/32 67/47 62/42
f 67/47 72/52 62/42
f 59/40 60/39 73/53
f 73/53 60/39 74/54
f 63/43 69/49 70/50
f 75/55 70/50 69/49
f 71/51 61/41 76/56
f 61/41 70/50 76/56
f 62/42 72/52 68/48
f 72/52 77/57 68/48
f 60/39 71/51 74/54
f 78/58 74/54 71/51
f 76/56 70/50 79/59
f 70/50 75/55 79/59
f 54/34 80/60 55/35
f 80/60 81/61 55/35
f 71/51 76/56 78/58
f 82/62 78/58 76/56
f 55/35 81/61 67/47
f 81/61 83/63 67/47
f 76/56 79/59 82/62
f 84/64 82/62 79/59
f 67/47 83/63 72/52
f 83/63 85/65 72/52
f 86/67 73/53 87/66
f 73/53 74/54 87/66
f 72/52 85/65 77/57
f 85/65 88/68 77/57
f 87/66 74/54 89/69
f 74/54 78/58 89/69
f 89/69 78/58 90/70
f 78/58 82/62 90/70
f 90/70 82/62 91/71
f 82/62 84/64 91/71
f 85/65 92/72 88/68
f 92/72 93/73 88/68
f 94/76 90/75 95/74
f 90/75 91/77 95/74
f 83/63 96/78 85/65
f 96/78 92/72 85/65
f 97/80 89/79 94/76
f 89/79 90/75 94/76
f 81/61 98/81 83/63
f 98/81 96/78 83/63
f 99/83 87/82 97/80
f 87/82 89/79 97/80
f 80/60 100/84 81/61
f 100/84 98/81 81/61
f 101/86 86/85 99/83
f 86/85 87/82 99/83
f 92/72 102/87 93/73
f 102/87 103/88 93/73
f 104/90 94/76 105/89
f 94/76 95/74 105/89
f 96/78 106/91 92/72
f 106/91 102/87 92/72
f 107/92 97/80 104/90
f 97/80 94/76 104/90
f 102/87 108/93 103/88
f 108/93 109/94 103/88
f 110/96 104/90 111/95
f 104/90 105/89 111/95
f 98/81 112/97 96/78
f 112/97 106/91 96/78
f 113/98 99/83 107/92
f 99/83 97/80 107/92
f 114/100 110/96 115/99
f 110/96 111/95 115/99
f 108/93 114/100 109/94
f 114/100 115/99 109/94
f 106/91 116/101 102/87
f 116/101 108/93 102/87
f 117/102 107/92 110/96
f 107/92 104/90 110/96
f 118/103 117/102 114/100
f 117/102 110/96 114/100
f 116/101 118/103 108/93
f 118/103 114/100 108/93
f 100/84 119/104 98/81
f 119/104 112/97 98/81
f 120/105 101/86 113/98
f 101/86 99/83 113/98
f 112/97 121/106 106/91
f 121/106 116/101 106/91
f 122/107 113/98 117/102
f 113/98 107/92 117/102
f 123/108 122/107 118/103
f 122/107 117/102 118/103
f 121/106 123/108 116/101
f 123/108 118/103 116/101
f 119/104 124/109 112/97
f 124/109 121/106 112/97
f 125/110 120/105 122/107
f 120/105 113/98 122/107
f 126/111 125/110 123/108
f 125/110 122/107 123/108
f 124/109 126/111 121/106
f 126/111 123/108 121/106
f 127/114 128/113 129/112
f 128/113 130/115 129/112
f 41/117 131/116 127/114
f 131/116 128/113 127/114
f 129/112 130/115 43/118
f 130/115 132/119 43/118
f 45/121 133/120 41/117
f 133/120 131/116 41/117
f 43/118 132/119 54/122
f 132/119 134/123 54/122
f 135/125 136/124 45/121
f 136/124 133/120 45/121
f 54/122 134/123 80/126
f 134/123 137/127 80/126
f 86/129 138/128 135/125
f 138/128 136/124 135/125
f 80/132 137/131 139/130
f 137/131 140/133 139/130
f 101/135 141/134 86/129
f 141/134 138/128 86/129
f 139/130 140/133 119/136
f 140/133 142/137 119/136
f 120/139 143/138 101/135
f 143/138 141/134 101/135
f 119/136 142/137 144/140
f 142/137 145/141 144/140
f 146/143 147/142 120/139
f 147/142 143/138 120/139
f 126/145 148/144 146/143
f 148/144 147/142 146/143
f 144/140 145/141 126/145
f 145/141 148/144 126/145
f 149/148 150/147 151/146
f 152/151 153/150 154/149
f 153/150 155/152 154/149
f 156/152 157/151 158/150
f 156/152 159/149 157/151
f 160/155 161/154 162/153
f 163/158 164/157 165/156
f 166/161 167/160 168/159
f 167/160 169/162 168/159
f 170/165 171/164 172/163
f 172/163 171/164 173/166
f 174/148 175/147 176/146
f 177/168 178/167 179/162
f 180/169 181/167 182/162
f 183/168 184/170 185/162
f 186/173 187/172 188/171
f 187/172 189/174 188/171
usemtl mat2
f 130/177 128/176 190/175
f 128/176 191/178 190/175
f 131/180 192/179 128/176
f 192/179 191/178 128/176
f 130/177 190/175 132/181
f 190/175 193/182 132/181
f 131/180 133/183 192/179
f 133/183 194/184 192/179
f 134/186 132/181 195/185
f 132/181 193/182 195/185
f 136/188 196/187 133/183
f 196/187 194/184 133/183
f 191/178 197/189 190/175
f 192/179 198/190 191/178
f 190/175 197/189 193/182
f 194/184 198/190 192/179
f 191/178 198/190 197/189
f 193/182 197/189 199/191
f 194/184 200/192 198/190
f 193/182 199/191 195/185
f 196/187 200/192 194/184
f 134/186 195/185 137/193
f 195/185 201/194 137/193
f 136/188 138/195 196/187
f 138/195 202/196 196/187
f 198/190 203/197 197/189
f 197/189 203/197 199/191
f 200/192 203/197 198/190
f 195/185 199/191 201/194
f 202/196 200/192 196/187
f 201/194 199/191 204/198
f 199/191 203/197 204/198
f 205/199 203/197 200/192
f 202/196 205/199 200/192
f 201/194 204/198 206/200
f 207/201 205/199 202/196
f 204/198 203/197 208/202
f 209/203 203/197 205/199
f 208/202 203/197 209/203
f 140/204 137/193 206/200
f 137/193 201/194 206/200
f 141/205 207/201 138/195
f 207/201 202/196 138/195
f 206/200 204/198 210/206
f 211/207 205/199 207/201
f 210/206 204/198 208/202
f 211/207 209/203 205/199
f 212/208 208/202 209/203
f 213/209 209/203 211/207
f 210/206 208/202 214/210
f 212/208 209/203 213/209
f 214/210 208/202 212/208
f 140/204 206/200 142/211
f 206/200 210/206 142/211
f 141/205 143/212 207/201
f 143/212 211/207 207/201
f 145/213 142/211 214/210
f 142/211 210/206 214/210
f 147/214 213/209 143/212
f 213/209 211/207 143/212
f 147/214 148/215 213/209
f 148/215 212/208 213/209
f 145/213 214/210 148/215
f 214/210 212/208 148/215
usemtl texture2
f 215/218 216/217 217/216
f 216/217 218/219 217/216
f 217/216 218/219 219/220
f 220/222 221/221 216/217
f 216/217 221/221 218/219
f 219/220 218/219 221/223
f 222/226 223/225 224/224
f 224/224 223/225 225/227
f 226/229 227/228 222/224
f 227/228 223/227 222/224
f 228/231 225/230 227/228
f 227/228 225/230 223/227
f 229/222 230/221 231/217
f 231/217 230/221 232/219
f 233/218 231/217 234/216
f 231/217 232/219 234/216
f 235/220 232/219 230/223
f 234/216 232/219 235/220
f 236/229 237/228 238/224
f 237/228 239/227 238/224
f 240/231 241/230 237/228
f 237/228 241/230 239/227
f 238/226 239/225 242/224
f 242/224 239/225 241/227
f 243/224 244/225 245/227
f 246/226 244/225 243/224
f 247/231 245/230 248/228
f 248/228 245/230 244/227
f 249/229 248/228 246/224
f 248/228 244/227 246/224
usemtl texture3
f 250/234 251/233 252/232
f 251/233 253/235 252/232
f 251/233 250/234 254/236
f 250/234 255/237 254/236
f 256/239 257/238 255/237
f 257/238 254/236 255/237
f 250/234 258/241 255/240
f 258/241 256/242 255/240
f 252/232 259/243 250/234
f 259/243 258/241 250/234
f 260/246 261/245 262/244
f 262/244 261/245 263/247
f 264/246 265/221 262/244
f 265/221 260/216 262/244
f 263/247 266/245 262/244
f 266/245 264/246 262/244
f 267/250 268/249 269/248
f 270/251 269/248 268/249
f 271/244 272/252 273/246
f 273/246 272/252 274/253
f 275/244 276/254 273/246
f 276/254 271/255 273/246
f 274/253 277/252 273/246
f 277/252 275/244 273/246
f 278/257 279/256 268/249
f 279/256 270/251 268/249
f 280/252 281/253 282/244
f 281/253 283/246 282/244
f 282/244 283/254 284/246
f 283/254 285/255 284/246
f 286/253 280/252 284/246
f 280/252 282/244 284/246
f 287/248 288/258 289/256
f 289/256 288/258 290/257
f 285/244 291/252 284/246
f 284/246 291/252 286/253
f 292/248 293/258 294/259
f 295/260 294/259 293/258
f 296/262 297/261 298/258
f 299/253 300/252 301/246
f 300/252 302/244 301/246
f 302/244 303/254 301/246
f 303/254 304/255 301/246
usemtl texture4
f 305/265 306/264 307/263
f 307/263 306/264 308/266
f 309/268 310/267 307/263
f 310/267 305/265 307/263
f 308/266 311/264 307/263
f 311/264 309/265 307/263
f 312/263 313/265 314/266
f 313/265 315/264 314/266
f 316/268 317/267 312/263
f 317/267 313/265 312/263
f 318/271 319/270 320/269
f 320/269 319/270 321/264
f 322/267 323/272 320/269
f 323/272 318/271 320/269
f 321/264 324/270 320/269
f 324/270 322/271 320/269
f 325/267 326/272 327/269
f 326/272 328/271 327/269
f 327/269 328/271 329/264
f 328/271 330/270 329/264
f 331/271 332/270 333/269
f 333/269 332/270 334/264
f 335/267 336/272 333/269
f 336/272 331/271 333/269
f 334/264 337/270 333/269
f 337/270 335/271 333/269
f 338/266 339/264 340/263
f 339/264 341/265 340/263
f 341/268 342/267 340/263
f 342/267 343/265 340/263
f 343/265 344/264 340/263
f 340/263 344/264 338/266
f 345/271 346/270 347/269
f 347/269 346/270 348/264
f 349/267 350/272 347/269
f 350/272 345/271 347/269
f 348/264 351/270 347/269
f 351/270 349/271 347/269
f 352/265 353/264 354/263
f 354/263 353/264 355/266
f 356/268 357/267 354/263
f 357/267 352/265 354/263
f 355/266 358/264 354/263
f 358/264 356/265 354/263
f 359/268 360/267 361/263
f 360/267 362/265 361/263
f 363/266 364/264 361/263
f 364/264 359/265 361/263
f 365/268 366/267 367/263
f 366/267 368/265 367/263
f 369/266 370/264 367/263
f 370/264 365/265 367/263
f 371/266 372/264 373/263
f 372/264 374/265 373/263
f 374/268 375/267 373/263
f 375/267 376/265 373/263
f 376/265 377/264 373/263
f 373/263 377/264 371/266
f 378/265 379/264 380/263
f 380/263 379/264 381/266
f 382/268 383/267 380/263
f 383/267 378/265 380/263
f 381/266 384/264 380/263
f 384/264 382/265 380/263
f 385/266 386/264 387/263
f 386/264 388/265 387/263
f 388/268 389/267 387/263
f 389/267 390/265 387/263
f 390/265 391/264 387/263
f 387/263 391/264 385/266
f 392/263 393/267 394/265
f 395/268 393/267 392/263
f 392/263 394/265 396/266
f 394/265 397/264 396/266
usemtl texture5
f 398/274 399/105 400/273
f 400/273 399/105 401/275
f 402/277 403/276 400/273
f 403/276 398/274 400/273
f 401/275 404/278 400/273
f 404/278 402/277 400/273
f 405/281 406/280 407/279
f 407/279 406/280 408/282
f 409/284 410/283 407/279
f 410/283 405/281 407/279
f 408/282 411/285 407/279
f 411/285 409/284 407/279
f 412/281 413/280 414/279
f 414/279 413/280 415/282
f 416/284 417/283 414/279
f 417/283 412/281 414/279
f 415/282 418/285 414/279
f 418/285 416/284 414/279
f 419/279 420/281 421/282
f 420/281 422/280 421/282
f 423/284 424/283 419/279
f 424/283 420/281 419/279
f 425/286 426/283 427/279
f 426/283 428/287 427/279
f 427/279 428/287 429/282
f 428/287 430/288 429/282
f 431/291 432/290 433/289
f 432/290 434/292 433/289
f 433/289 434/292 435/293
f 434/292 436/288 435/293
f 437/296 438/295 439/294
f 438/295 440/297 439/294
f 441/300 442/299 443/298
f 442/299 444/301 443/298
f 445/303 446/302 443/298
f 446/302 441/300 443/298
f 447/300 448/299 449/298
f 448/299 450/301 449/298
f 451/303 452/302 449/298
f 452/302 447/300 449/298
f 453/306 454/305 455/304
f 454/305 456/307 455/304
f 455/304 456/307 457/308
f 456/307 458/309 457/308
f 459/282 460/285 461/279
f 460/285 462/284 461/279
f 462/284 463/283 461/279
f 463/283 464/281 461/279
f 464/281 465/280 461/279
f 461/279 465/280 459/282
f 466/311 467/310 468/298
f 468/298 467/310 469/303
f 470/299 471/301 472/300
f 472/300 471/301 468/298
f 473/302 472/300 469/303
f 469/303 472/300 468/298
f 468/298 471/301 466/311
f 474/300 475/299 476/298
f 475/299 477/301 476/298
f 478/303 479/302 476/298
f 479/302 474/300 476/298
f 480/284 481/283 482/279
f 481/283 483/281 482/279
f 484/282 485/280 482/279
f 485/280 480/281 482/279
f 483/281 486/280 482/279
f 482/279 486/280 484/282
f 487/300 488/299 489/298
f 488/299 490/301 489/298
f 491/303 492/302 489/298
f 492/302 487/300 489/298
f 493/282 494/285 495/279
f 494/285 496/284 495/279
f 496/284 497/283 495/279
f 497/283 498/281 495/279
f 498/281 499/280 495/279
f 495/279 499/280 493/282
f 500/278 501/277 502/275
f 502/275 501/277 503/273
f 504/276 505/274 501/277
f 501/277 505/274 503/273
f 503/273 506/105 502/275
f 503/273 505/274 506/105
f 507/306 508/305 509/304
f 508/305 510/307 509/304
f 509/304 510/307 294/308
f 510/307 511/309 294/308
f 512/300 513/299 514/298
f 513/299 515/301 514/298
f 516/303 517/302 514/298
f 517/302 512/300 514/298
f 518/277 519/312 520/273
f 519/312 521/274 520/273
f 520/273 521/274 522/275
f 521/274 523/105 522/275
f 524/273 525/274 526/275
f 525/274 527/105 526/275
f 528/277 529/312 524/273
f 529/312 525/274 524/273
f 530/303 531/302 532/298
f 531/302 533/300 532/298
f 533/300 534/299 532/298
f 534/299 535/301 532/298
f 536/304 537/307 538/308
f 537/307 539/309 538/308
f 540/306 541/305 536/304
f 541/305 537/307 536/304
f 542/282 543/285 544/279
f 543/285 545/284 544/279
f 546/281 547/280 544/279
f 544/279 547/280 542/282
f 545/284 548/283 544/279
f 548/283 546/281 544/279
usemtl texture6
f 549/268 550/272 551/313
f 550/272 552/314 551/313
f 551/313 552/314 553/315
f 552/314 554/316 553/315
f 555/268 556/272 557/313
f 556/272 558/314 557/313
f 557/313 558/314 559/315
f 558/314 560/316 559/315
f 561/319 562/318 563/317
f 563/317 562/318 564/320
f 563/317 564/320 565/321
f 565/321 564/320 566/322
f 567/313 568/314 569/315
f 568/314 570/316 569/315
f 571/268 572/272 567/313
f 572/272 568/314 567/313
usemtl texture7
f 573/251 574/270 575/323
f 575/323 574/270 576/231
f 577/324 578/248 575/323
f 578/248 573/251 575/323
f 576/231 579/270 575/323
f 579/270 577/251 575/323
f 580/327 581/326 582/325
f 581/326 583/328 582/325
f 584/331 585/330 586/329
f 585/330 587/332 586/329
f 588/335 589/334 590/333
f 589/334 591/216 590/333
f 590/333 592/336 588/335
f 587/332 588/335 592/336
f 586/329 587/332 593/337
f 587/332 592/336 593/337
f 593/337 592/336 594/218
f 592/336 595/338 594/218
f 585/330 588/335 587/332
f 592/336 590/333 595/338
f 595/338 590/333 591/216
f 596/324 597/248 598/323
f 597/248 599/251 598/323
f 599/251 600/270 598/323
f 598/323 600/270 601/231
f 601/231 602/270 598/323
f 602/270 596/251 598/323
f 603/251 604/323 605/270
f 604/323 606/231 605/270
f 607/324 604/323 608/248
f 608/248 604/323 603/251
f 606/231 604/323 609/270
f 609/270 604/323 607/251
usemtl texture8
f 610/340 611/339 580/268
f 611/339 581/341 580/268
f 612/344 613/343 614/342
f 613/343 615/345 614/342
f 612/344 616/347 613/346
f 616/347 617/348 613/346
f 618/351 619/350 620/349
f 619/350 621/352 620/349
f 618/351 622/354 619/353
f 622/354 623/355 619/353
f 624/358 161/357 625/356
f 625/356 161/357 160/359
f 625/356 160/359 626/342
f 626/342 160/359 627/345
f 628/342 629/344 630/345
f 631/360 630/345 629/344
f 629/344 632/361 631/360
f 632/361 633/362 631/360
f 634/365 635/364 636/363
f 635/364 637/366 636/363
f 634/365 636/363 638/342
f 636/363 639/345 638/342
f 640/369 641/368 642/367
f 641/368 643/370 642/367
f 640/369 642/371 644/342
f 642/371 645/372 644/342
usemtl texture9
f 646/374 647/373 610/340
f 647/373 611/339 610/340
f 612/344 614/342 158/375
f 614/342 648/376 158/375
f 649/377 616/347 158/375
f 158/375 616/347 612/344
f 618/351 620/349 650/378
f 620/349 651/379 650/378
f 652/380 622/354 650/378
f 650/378 622/354 618/351
f 653/382 654/381 625/356
f 654/381 624/358 625/356
f 655/383 653/382 626/342
f 653/382 625/356 626/342
f 629/344 628/342 656/375
f 628/342 657/376 656/375
f 656/375 658/384 629/344
f 658/384 632/361 629/344
f 634/365 659/385 635/364
f 660/386 659/385 634/365
f 634/365 661/376 660/386
f 634/365 638/342 661/376
f 640/369 662/387 641/368
f 663/388 662/387 640/369
f 640/369 664/376 663/388
f 640/369 644/342 664/376
usemtl texture10
f 665/391 666/390 667/389
f 666/390 668/392 667/389
f 669/394 670/374 671/393
f 671/393 670/374 672/395
f 673/397 674/396 666/390
f 666/390 674/396 668/392
f 672/395 675/376 671/393
f 675/376 676/398 671/393
f 677/401 678/400 679/399
f 678/400 680/402 679/399
f 681/404 682/401 683/403
f 683/403 682/401 684/405
f 685/408 686/407 687/406
f 687/406 686/407 688/409
f 689/412 690/411 691/410
f 690/411 692/413 691/410
f 693/416 694/415 695/414
f 695/414 694/415 696/417
f 697/420 698/419 699/418
f 699/418 698/419 700/421
f 701/424 702/423 703/422
f 702/423 704/418 703/422
f 705/420 704/418 702/423
f 706/427 707/426 708/425
f 708/425 707/426 709/428
f 706/427 710/416 707/426
f 710/416 711/429 707/426
f 712/432 713/431 714/430
f 714/430 713/431 715/433
f 712/432 713/431 714/430
f 714/430 713/431 715/433
f 716/266 714/430 717/434
f 714/430 715/433 717/434
f 716/266 714/430 717/434
f 714/430 715/433 717/434
f 718/437 719/436 720/435
f 719/436 721/438 720/435
f 722/397 723/440 724/439
f 724/439 723/440 725/441
f 726/442 727/412 720/435
f 720/435 727/412 718/437
f 728/444 724/439 729/443
f 724/439 725/441 729/443
usemtl texture11
f 730/446 669/411 731/445
f 731/445 669/411 665/447
f 674/449 732/448 668/446
f 732/448 667/374 668/446
f 730/446 731/445 676/374
f 676/374 731/445 673/450
f 671/412 733/451 669/411
f 733/451 665/447 669/411
f 676/374 673/450 733/451
f 676/374 733/451 671/412
f 734/454 735/453 736/452
f 735/453 737/455 736/452
f 737/455 735/453 738/456
f 734/454 736/452 739/457
f 740/460 741/459 742/458
f 741/459 743/461 742/458
f 744/463 745/462 740/460
f 745/462 741/459 740/460
f 744/463 746/464 745/462
f 745/462 746/464 747/465
f 627/468 160/467 162/466
f 162/466 748/469 627/468
f 749/472 750/471 751/470
f 750/471 752/473 751/470
f 753/475 754/474 749/472
f 754/474 750/471 749/472
f 754/474 753/475 755/476
f 753/475 756/477 755/476
f 630/412 631/374 757/411
f 633/478 757/411 631/374
f 758/479 759/266 760/453
f 759/266 761/270 760/453
f 762/251 763/481 764/480
f 762/251 765/79 763/481
f 637/482 639/412 636/374
f 637/482 766/411 639/412
f 721/412 724/483 720/266
f 721/412 722/484 724/483
f 720/266 724/483 726/270
f 724/483 728/485 726/270
f 767/411 768/486 721/412
f 721/412 768/486 722/484
f 723/487 769/391 725/411
f 769/391 729/412 725/411
f 767/411 726/270 768/486
f 768/486 726/270 728/485
usemtl texture12
f 617/374 615/449 613/448
f 617/374 770/446 615/449
f 623/374 771/446 621/449
f 623/374 621/449 619/448
f 772/490 773/489 774/488
f 774/488 773/489 775/491
f 776/489 777/491 778/490
f 777/491 779/492 778/490
f 780/491 781/492 782/489
f 781/492 783/493 782/489
f 784/266 785/272 786/268
f 784/266 787/270 785/272
usemtl texture13
f 788/496 789/495 150/494
f 789/495 151/497 150/494
f 790/500 791/499 792/498
f 791/499 793/501 792/498
f 792/498 793/501 794/502
f 793/501 795/503 794/502
f 796/505 797/504 793/501
f 797/504 795/503 793/501
f 793/501 791/499 796/505
f 796/505 791/499 798/506
f 799/495 800/507 176/497
f 800/507 174/508 176/497
usemtl texture14
f 801/511 802/510 803/509
f 804/511 805/509 806/510
f 807/514 808/513 809/512
f 810/513 811/516 812/515
f 807/514 813/517 808/513
f 813/517 803/518 808/513
f 814/514 815/513 816/517
f 815/513 805/518 816/517
f 803/509 802/510 808/519
f 802/510 810/520 808/519
f 805/509 815/519 806/510
f 815/519 817/520 806/510
f 810/513 802/510 811/516
f 802/510 801/521 811/516
f 817/513 818/516 806/510
f 818/516 804/521 806/510
f 801/524 819/523 811/522
f 819/523 820/525 811/522
f 804/524 818/522 821/523
f 818/522 822/525 821/523
f 823/519 824/526 825/520
f 826/526 801/511 827/527
f 827/527 801/511 803/509
f 814/514 828/528 815/513
f 828/528 829/509 815/513
f 815/519 829/509 817/520
f 829/509 830/510 817/520
f 817/513 830/510 818/516
f 830/510 831/524 818/516
f 826/522 832/525 801/524
f 832/525 819/523 801/524
f 831/524 833/523 818/522
f 818/522 833/523 822/525
f 830/510 825/520 831/524
f 825/520 824/522 831/524
f 828/528 834/529 829/509
f 834/529 823/519 829/509
usemtl texture15
f 835/532 805/531 803/530
f 836/535 813/534 837/533
f 813/534 807/536 837/533
f 838/535 839/533 816/534
f 839/533 814/536 816/534
f 813/534 836/535 803/537
f 836/535 835/538 803/537
f 839/533 840/539 814/536
f 840/539 828/540 814/536
usemtl texture16
f 805/543 827/542 803/541
f 820/543 819/541 841/544
f 819/541 832/545 841/544
f 833/544 842/545 822/543
f 822/543 842/545 821/541
f 843/548 844/547 845/546
f 846/551 847/550 848/549
f 847/550 849/552 848/549
f 850/551 851/550 852/549
f 851/550 853/552 852/549
f 772/551 850/550 854/549
f 850/550 855/552 854/549
f 856/551 773/550 857/549
f 773/550 858/552 857/549
f 859/551 776/550 860/549
f 776/550 861/552 860/549
f 783/551 856/550 862/549
f 856/550 863/552 862/549
f 778/551 864/550 865/549
f 864/550 866/552 865/549
f 864/551 782/550 867/549
f 782/550 868/552 867/549
f 847/551 869/552 870/549
f 871/549 859/550 872/552
usemtl texture17
f 873/374 874/554 875/553
f 874/554 876/555 875/553
f 877/446 878/556 874/554
f 874/554 878/556 876/555
usemtl texture18
f 876/558 879/268 875/557
f 876/557 878/559 879/268
usemtl texture19
f 737/561 738/255 880/560
f 738/255 881/222 880/560
f 736/561 737/254 882/560
f 737/254 880/218 882/560
f 736/561 882/560 739/255
f 739/255 882/560 883/222
f 884/564 885/563 886/562
f 887/563 888/564 889/562
f 890/567 891/566 172/565
f 891/566 170/568 172/565
f 892/569 890/567 885/562
f 890/567 172/565 885/562
f 884/564 893/570 885/563
f 893/570 892/569 885/563
f 894/572 893/570 888/571
f 893/570 884/564 888/571
f 888/564 887/563 894/570
f 895/569 894/570 887/563
f 896/567 895/569 173/565
f 895/569 887/562 173/565
f 173/565 171/568 896/567
f 171/568 897/566 896/567
usemtl texture20
f 679/575 680/574 743/573
f 680/574 742/576 743/573
f 682/578 677/578 684/577
f 677/578 679/577 684/577
f 898/580 681/578 899/579
f 681/578 683/577 899/579
f 679/575 743/573 684/581
f 684/581 743/573 741/582
f 899/585 683/584 747/583
f 683/584 745/586 747/583
f 684/581 741/582 683/584
f 683/584 741/582 745/586
f 685/588 687/578 900/587
f 687/578 901/580 900/587
f 694/591 708/590 696/589
f 696/589 708/590 709/592
f 700/581 753/582 699/584
f 699/584 753/582 749/586
f 698/589 701/592 700/593
f 701/592 703/594 700/593
f 703/575 756/573 700/581
f 700/581 756/573 753/582
f 703/575 704/574 756/573
f 704/574 755/576 756/573
f 715/597 713/596 764/595
f 713/596 762/598 764/595
f 715/597 764/595 717/596
f 717/596 764/595 763/598
usemtl texture21
f 687/601 681/600 901/599
f 901/599 681/600 898/602
f 687/601 688/603 681/600
f 688/603 682/604 681/600
f 711/607 902/606 705/605
f 696/610 698/609 695/608
f 695/608 698/609 697/611
f 709/613 701/612 696/610
f 696/610 701/612 698/609
f 709/613 707/614 701/612
f 707/614 702/615 701/612
f 711/607 705/605 707/614
f 707/614 705/605 702/615
usemtl texture22
f 903/420 904/616 565/268
f 904/616 563/345 565/268
f 563/359 905/618 561/617
f 904/619 905/618 563/359
usemtl texture23
f 562/622 906/621 564/620
f 906/621 566/623 564/620
f 794/270 795/266 907/624
f 907/624 795/266 797/479
f 643/412 645/482 642/374
f 643/412 908/625 645/482
usemtl texture24
f 691/628 692/627 845/626
f 692/627 843/629 845/626
usemtl texture25
f 909/632 910/631 855/630
f 910/631 854/633 855/630
f 850/632 772/631 911/525
f 772/631 912/514 911/525
f 913/636 914/635 915/634
f 915/634 914/635 916/637
f 917/636 918/634 919/635
f 918/634 920/637 919/635
f 921/632 922/631 872/630
f 922/631 871/633 872/630
f 773/631 856/632 923/514
f 856/632 924/525 923/514
f 925/631 926/632 858/633
f 926/632 857/630 858/633
f 927/636 928/634 929/635
f 928/634 930/637 929/635
f 918/634 931/636 920/637
f 931/636 932/635 920/637
f 856/632 783/631 924/525
f 783/631 933/514 924/525
f 776/631 859/632 934/514
f 859/632 935/525 934/514
f 936/634 937/636 938/637
f 937/636 939/635 938/637
f 940/636 936/634 941/635
f 936/634 938/637 941/635
f 782/631 864/632 942/514
f 864/632 943/525 942/514
f 864/632 778/631 943/525
f 778/631 944/514 943/525
f 945/631 946/632 861/633
f 946/632 860/630 861/633
f 947/632 948/631 863/630
f 948/631 862/633 863/630
f 949/632 950/631 866/630
f 950/631 865/633 866/630
f 951/631 952/632 868/633
f 952/632 867/630 868/633
usemtl texture26
f 953/640 954/639 772/638
f 954/639 773/641 772/638
f 775/639 955/642 774/640
f 774/640 955/642 956/643
f 913/646 917/645 914/644
f 917/645 919/647 914/644
f 937/646 927/645 939/644
f 927/645 929/647 939/644
f 940/645 941/647 931/646
f 931/646 941/647 932/644
f 781/640 780/639 957/643
f 780/639 958/642 957/643
f 959/640 960/639 783/638
f 960/639 782/641 783/638
f 778/638 961/639 776/641
usemtl texture27
f 962/650 850/649 963/648
f 850/649 852/651 963/648
f 953/650 772/649 910/648
f 772/649 854/651 910/648
f 956/653 912/652 774/650
f 774/650 912/652 772/648
f 964/650 921/648 859/649
f 859/649 921/648 872/651
f 965/650 856/649 926/648
f 856/649 857/651 926/648
f 966/653 967/650 934/652
f 967/650 968/648 934/652
f 856/649 965/650 863/651
f 965/650 947/648 863/651
f 958/653 780/650 942/652
f 780/650 782/648 942/652
f 776/649 961/650 969/651
f 961/650 945/648 969/651
f 782/649 960/650 868/651
f 960/650 951/648 868/651
f 970/649 971/650 866/651
f 971/650 949/648 866/651
f 972/654 847/649 870/651
f 973/654 846/649 848/651
usemtl texture28
f 911/632 912/656 974/655
f 912/656 975/657 974/655
f 916/632 914/658 976/655
f 914/658 977/659 976/655
f 912/656 956/660 975/657
f 956/660 913/661 975/657
f 956/660 955/662 913/661
f 955/662 917/663 913/661
f 914/658 919/664 977/659
f 919/664 978/665 977/659
f 919/664 920/666 978/665
f 920/666 979/667 978/665
f 923/670 924/669 980/668
f 924/669 981/671 980/668
f 929/631 930/631 982/672
f 930/631 983/672 982/672
f 920/666 932/673 979/667
f 932/673 984/674 979/667
f 939/631 929/631 985/672
f 929/631 982/672 985/672
f 958/677 940/676 957/675
f 957/675 940/676 931/678
f 932/673 941/679 984/674
f 941/679 986/680 984/674
f 924/669 933/681 981/671
f 933/681 987/682 981/671
f 934/631 935/683 988/672
f 935/683 989/684 988/672
f 990/686 934/631 927/685
f 934/631 988/672 927/685
f 938/631 939/631 991/672
f 939/631 985/672 991/672
f 941/679 938/631 986/680
f 938/631 991/672 986/680
f 942/688 992/687 958/677
f 958/677 992/687 940/676
f 942/688 943/683 992/687
f 943/683 993/684 992/687
f 943/683 944/631 993/684
f 944/631 994/672 993/684
usemtl texture29
f 760/268 761/272 995/266
f 761/272 996/270 995/266
f 997/499 998/689 999/500
f 999/500 998/689 1000/690
f 998/689 784/691 1000/690
f 1000/690 784/691 786/692
f 1000/690 1001/689 999/500
f 1001/689 1002/499 999/500
f 1001/689 1000/690 785/691
f 786/692 785/691 1000/690
usemtl texture30
f 296/695 1003/694 1004/693
f 1003/694 1005/696 1004/693
f 1006/698 296/695 1007/697
f 296/695 1004/693 1007/697
g obj2
usemtl mat3
f 1008/701 1009/700 1010/699
f 1009/700 1011/702 1010/699
f 1010/699 1011/702 1012/703
f 1011/702 1013/704 1012/703
f 1009/700 1008/701 1014/705
f 1015/706 1014/705 1008/701
f 1008/700 1016/701 1015/705
f 1016/701 1017/706 1015/705
f 1018/700 1009/701 1019/705
f 1014/706 1019/705 1009/701
f 1010/702 1020/699 1008/700
f 1020/699 1016/701 1008/700
f 1021/702 1011/699 1018/700
f 1009/701 1018/700 1011/699
f 1020/699 1010/702 1022/703
f 1012/704 1022/703 1010/702
f 1011/699 1021/702 1013/703
f 1021/702 1023/704 1013/703
f 1016/700 1018/701 1017/705
f 1019/706 1017/705 1018/701
f 1021/699 1020/702 1023/703
f 1020/702 1022/704 1023/703
f 1018/701 1016/700 1021/699
f 1016/700 1020/702 1021/699
f 1024/709 1025/708 1026/707
f 1025/708 1027/710 1026/707
f 1027/710 1028/711 1026/707
f 1026/707 1028/711 1029/712
f 1025/708 1030/709 1027/710
f 1030/709 1031/707 1027/710
f 1026/707 1029/712 1032/710
f 1032/710 1029/712 1033/711
f 1027/710 1031/707 1028/711
f 1031/707 1034/712 1028/711
f 1035/707 1032/710 1036/712
f 1032/710 1033/711 1036/712
f 1031/707 1037/710 1034/712
f 1037/710 1038/711 1034/712
f 1030/709 1039/708 1031/707
f 1039/708 1037/710 1031/707
f 1037/710 1035/707 1038/711
f 1035/707 1036/712 1038/711
f 1039/708 1040/709 1037/710
f 1040/709 1035/707 1037/710
f 1041/715 1042/714 1043/713
f 1044/716 1043/713 1042/714
f 1042/714 1045/717 1044/716
f 1046/713 1044/716 1045/717
f 1042/720 1047/719 1045/718
f 1045/718 1047/719 1048/721
f 1049/721 1047/719 1041/722
f 1042/720 1041/722 1047/719
f 1050/722 1051/721 1052/720
f 1052/720 1051/721 1053/719
f 1052/720 1053/719 1054/718
f 1054/718 1053/719 1055/721
f 1052/714 1054/717 1056/716
f 1057/713 1056/716 1054/717
f 1058/713 1050/715 1056/716
f 1056/716 1050/715 1052/714
f 1059/713 1060/716 1061/723
f 1060/716 1062/724 1061/723
f 1060/716 1063/713 1062/724
f 1063/713 1064/723 1062/724
f 1065/716 1066/713 1067/724
f 1066/713 1068/723 1067/724
f 1069/713 1065/716 1070/723
f 1065/716 1067/724 1070/723
f 1071/716 1072/713 1073/724
f 1072/713 1074/723 1073/724
f 1075/716 1076/713 1077/724
f 1076/713 1078/723 1077/724
f 1079/727 1080/726 1081/725
f 1080/726 1082/728 1081/725
f 1083/731 1084/730 1085/729
f 1085/729 1084/730 1086/732
f 1080/726 1085/729 1082/728
f 1085/729 1086/732 1082/728
f 1087/735 1088/734 1089/733
f 1088/734 1090/736 1089/733
f 1091/739 1092/738 1093/737
f 1093/737 1092/738 1094/740
f 1088/734 1093/737 1090/736
f 1093/737 1094/740 1090/736
f 1095/726 1096/728 1097/727
f 1097/727 1096/728 1098/725
f 1099/731 1100/730 1101/729
f 1101/729 1100/730 1102/732
f 1095/726 1101/729 1096/728
f 1101/729 1102/732 1096/728
f 1103/716 1104/724 1105/713
f 1105/713 1104/724 1106/723
usemtl mat4
f 1107/743 1108/742 1015/741
f 1108/742 1014/744 1015/741
f 1015/741 1017/744 1107/743
f 1017/744 1109/742 1107/743
f 1110/743 1019/741 1108/742
f 1108/742 1019/741 1014/744
f 1110/743 1109/742 1019/741
f 1109/742 1017/744 1019/741
usemtl mat5
f 1012/747 1013/746 1111/745
f 1013/746 1112/748 1111/745
f 1113/751 1114/750 1115/749
f 1116/752 1115/749 1114/750
f 1117/748 1022/746 1111/745
f 1111/745 1022/746 1012/747
f 1013/746 1023/747 1112/748
f 1023/747 1118/745 1112/748
f 1114/750 1119/751 1116/752
f 1119/751 1120/749 1116/752
f 1121/750 1113/751 1122/752
f 1115/749 1122/752 1113/751
f 1119/751 1121/750 1120/749
f 1122/752 1120/749 1121/750
f 1023/747 1022/746 1118/745
f 1022/746 1117/748 1118/745
f 1123/755 1124/754 1125/753
f 1083/758 1126/757 1127/756
f 1128/272 1129/760 1130/759
f 1091/762 1131/761 1132/268
f 1099/758 1133/757 1134/756
usemtl mat6
f 1135/764 1136/268 1137/763
f 1136/268 1138/363 1137/763
f 1139/767 1136/766 1135/765
f 1137/765 1138/766 1140/767
usemtl mat7
f 1141/639 1142/632 1143/641
f 1142/632 1144/410 1143/641
f 1145/632 1146/410 1147/639
f 1147/639 1146/410 1148/641
f 1141/639 1143/641 1149/632
f 1149/632 1143/641 1150/410
f 1145/632 1151/639 1146/410
f 1151/639 1152/641 1146/410
usemtl mat8
f 1144/770 1148/769 1153/768
f 1148/769 1154/771 1153/768
f 1153/768 1154/771 1155/772
f 1154/771 1156/773 1155/772
f 1143/776 1144/775 1157/774
f 1144/775 1153/777 1157/774
f 1146/776 1158/774 1148/775
f 1148/775 1158/774 1154/777
f 1157/774 1153/777 1159/778
f 1153/777 1155/779 1159/778
f 1154/777 1158/774 1156/779
f 1158/774 1160/778 1156/779
f 1161/777 1157/774 1162/779
f 1157/774 1159/778 1162/779
f 1158/774 1163/777 1160/778
f 1163/777 1164/779 1160/778
f 1143/776 1157/774 1150/775
f 1150/775 1157/774 1161/777
f 1146/776 1152/775 1158/774
f 1152/775 1163/777 1158/774
f 1163/771 1161/768 1164/773
f 1161/768 1162/772 1164/773
f 1152/769 1150/770 1163/771
f 1150/770 1161/768 1163/771
f 1165/782 1166/781 1167/780
f 1166/781 1168/783 1167/780
f 1169/781 1165/782 1170/783
f 1165/782 1167/780 1170/783
f 1171/782 1172/780 1166/781
f 1166/781 1172/780 1168/783
f 1171/782 1169/781 1172/780
f 1169/781 1170/783 1172/780
usemtl mat9
f 1162/786 1159/785 1155/784
f 1164/786 1156/784 1160/785
f 1173/789 1174/788 1175/787
f 1174/788 1176/790 1175/787
f 1177/793 1178/792 1179/791
f 1178/792 1180/794 1179/791
f 1181/795 1177/793 1182/794
f 1177/793 1179/791 1182/794
f 1183/798 1182/797 1180/796
f 1179/799 1180/796 1182/797
f 1184/800 1183/791 1178/792
f 1178/792 1183/791 1180/794
f 1181/795 1182/794 1184/800
f 1184/800 1182/794 1183/791
f 1185/803 1186/802 1187/801
f 1187/801 1186/802 1188/804
f 1187/807 1189/806 1185/805
f 1189/806 1190/808 1185/805
f 1187/801 1188/804 1191/809
f 1192/810 1189/806 1187/807
f 1189/806 1193/811 1190/808
f 1188/804 1186/802 1194/812
f 1186/802 1185/803 1195/813
f 1190/808 1196/814 1185/805
f 1197/817 1043/816 1044/815
f 1197/817 1044/815 1046/818
f 1048/818 1047/815 1198/817
f 1047/815 1049/816 1198/817
f 1053/815 1051/816 1199/817
f 1055/818 1053/815 1199/817
f 1200/817 1056/815 1057/818
f 1200/817 1058/816 1056/815
f 1201/821 1202/820 1203/819
f 1201/821 1204/173 1202/820
f 1205/824 1206/823 1207/822
f 1208/827 1209/826 1210/825
f 1210/825 1209/826 1211/828
f 1141/151 1212/150 1213/829
f 1212/150 1211/828 1213/829
f 1210/825 1211/828 1212/150
f 1210/825 1214/831 1215/830
f 1210/825 1212/150 1214/831
f 1216/834 1217/833 1218/832
f 1216/834 1219/835 1217/833
f 1219/835 1220/836 1221/833
f 1217/833 1220/836 1222/837
f 1219/835 1214/838 1220/836
f 1223/824 1218/823 1224/822
f 1225/823 1226/839 1227/824
f 1062/815 1064/816 1228/817
f 1229/817 1060/815 1059/818
f 1229/817 1063/816 1060/815
f 1230/842 1231/841 1232/840
f 1233/843 1231/841 1230/842
f 1234/845 1233/843 1235/844
f 1236/847 1237/846 1234/845
f 1236/850 1238/849 1237/848
f 1237/848 1238/849 1239/851
f 1233/843 1234/845 1231/841
f 1234/845 1237/846 1231/841
f 1067/815 1068/816 1240/817
f 1241/817 1066/816 1065/815
f 1241/817 1065/815 1069/818
f 1077/815 1078/816 1242/817
f 1106/818 1104/815 1243/817
f 1244/854 1245/853 1246/852
f 1245/853 1247/855 1246/852
f 1247/855 1248/853 1246/852
f 1248/853 1249/854 1246/852
f 1248/853 1250/855 1249/854
f 1250/855 1251/852 1249/854
f 1250/855 1252/857 1251/856
f 1251/856 1252/857 1253/858
f 1254/853 1255/854 1250/855
f 1251/861 1253/860 1256/859
f 1257/862 1256/859 1253/860
f 1250/855 1258/863 1252/853
f 1251/861 1256/859 1259/864
f 1255/854 1260/852 1250/855
f 1250/855 1260/852 1258/863
f 1260/852 1261/865 1258/863
f 1260/852 1262/866 1261/865
f 1263/869 1264/868 1265/867
usemtl mat10
f 1155/632 1156/871 1266/870
f 1266/870 1162/631 1155/632
f 1266/870 1156/871 1164/872
f 1164/872 1162/631 1266/870
f 1267/874 1268/873 1269/480
f 1270/742 1271/875 1272/743
f 1272/743 1271/875 1273/876
f 1274/879 1275/878 1276/877
f 1276/877 1275/878 1277/266
f 1278/882 1279/881 1280/880
f 1279/881 1281/883 1280/880
f 1282/885 1277/266 1283/884
f 1275/878 1283/884 1277/266
f 1284/886 1285/624 1283/884
f 1285/624 1282/885 1283/884
f 1264/413 1263/410 1286/887
f 1286/887 1263/410 1287/888
f 1288/891 1289/890 1290/889
f 1289/890 1291/892 1290/889
f 1292/270 1293/272 1294/266
f 1294/266 1293/272 1295/268
usemtl mat11
f 1296/895 1297/894 1298/893
f 1297/894 1299/272 1298/893
f 1300/896 1301/895 1302/268
f 1301/895 1303/893 1302/268
f 1304/268 1305/896 1298/893
f 1305/896 1296/895 1298/893
f 1306/894 1307/272 1301/895
f 1307/272 1303/893 1301/895
f 1308/449 1309/898 1176/897
f 1175/899 1176/897 1309/898
f 1310/448 1308/449 1174/900
f 1174/900 1308/449 1176/487
f 1311/902 1173/901 1309/898
f 1173/901 1175/903 1309/898
f 1312/905 1218/904 1313/360
f 1218/904 1314/341 1313/360
f 1218/904 1315/906 1314/341
f 1315/906 1316/272 1314/341
f 1315/906 1317/907 1316/272
f 1317/907 1318/268 1316/272
f 1319/910 1320/909 1321/908
f 1320/909 1322/911 1321/908
f 1323/913 1319/910 1324/912
f 1319/910 1321/908 1324/912
f 1325/915 1323/913 1326/914
f 1323/913 1324/912 1326/914
usemtl mat12
f 1327/446 1328/376 1308/449
f 1328/376 1309/898 1308/449
f 1329/374 1327/446 1310/448
f 1310/448 1327/446 1308/449
f 1330/916 1311/902 1328/376
f 1311/902 1309/898 1328/376
f 1331/499 1332/917 1333/503
f 1332/917 1268/918 1333/503
f 1334/270 1331/499 1335/453
f 1331/499 1333/503 1335/453
usemtl mat13
f 1336/921 1337/920 1338/919
f 1338/919 1337/920 1339/921
f 1336/921 1338/919 1340/920
f 1340/920 1338/919 1341/921
f 1338/919 1339/921 1342/920
f 1341/921 1338/919 1342/920
f 1029/923 1028/922 1336/921
f 1028/922 1337/920 1336/921
f 1028/922 1034/923 1337/920
f 1337/920 1034/923 1339/921
f 1034/923 1038/922 1339/921
f 1342/920 1339/921 1038/922
f 1036/923 1341/921 1038/922
f 1341/921 1342/920 1038/922
f 1343/926 1344/925 1345/924
f 1344/925 1346/927 1345/924
f 1347/926 1348/925 1349/924
f 1348/925 1350/927 1349/924
f 1351/926 1352/925 1353/924
f 1352/925 1354/927 1353/924
f 1345/924 1346/927 1355/928
f 1346/927 1356/929 1355/928
f 1349/924 1350/927 1357/928
f 1350/927 1358/929 1357/928
f 1359/931 1360/930 1361/927
f 1361/927 1360/930 1362/929
f 1353/924 1354/927 1363/928
f 1354/927 1364/929 1363/928
f 1355/928 1356/929 1365/932
f 1356/929 1366/933 1365/932
f 1357/928 1358/929 1367/932
f 1358/929 1368/933 1367/932
f 1362/929 1360/930 1369/933
f 1360/930 1370/934 1369/933
f 1363/928 1364/929 1371/932
f 1364/929 1372/933 1371/932
f 1373/930 1374/929 1375/934
f 1374/929 1376/933 1375/934
f 1356/929 1373/930 1366/933
f 1373/930 1375/934 1366/933
f 1377/930 1378/929 1379/934
f 1378/929 1380/933 1379/934
f 1358/929 1377/930 1368/933
f 1377/930 1379/934 1368/933
f 1381/930 1362/929 1382/934
f 1362/929 1369/933 1382/934
f 1364/929 1381/930 1372/933
f 1381/930 1382/934 1372/933
f 1383/931 1384/927 1373/930
f 1384/927 1374/929 1373/930
f 1346/927 1383/931 1356/929
f 1383/931 1373/930 1356/929
f 1385/931 1386/927 1377/930
f 1386/927 1378/929 1377/930
f 1350/927 1385/931 1358/929
f 1385/931 1377/930 1358/929
f 1361/927 1362/929 1387/931
f 1387/931 1362/929 1381/930
f 1354/927 1387/931 1364/929
f 1387/931 1381/930 1364/929
f 1388/925 1384/927 1389/935
f 1389/935 1384/927 1383/931
f 1344/925 1389/935 1346/927
f 1389/935 1383/931 1346/927
f 1390/925 1386/927 1391/935
f 1391/935 1386/927 1385/931
f 1348/925 1391/935 1350/927
f 1391/935 1385/931 1350/927
f 1361/927 1387/931 1392/925
f 1393/935 1392/925 1387/931
f 1352/925 1393/935 1354/927
f 1393/935 1387/931 1354/927
f 1361/927 1394/936 1359/931
f 1392/925 1394/936 1361/927
f 1395/939 1396/938 1397/937
f 1398/939 1399/938 1400/937
f 1401/938 1402/939 1403/937
f 1404/938 1405/939 1406/937
f 1407/938 1408/939 1400/937
f 1409/939 1410/938 1403/937
f 1411/938 1395/939 1397/937
f 1412/938 1398/939 1400/937
f 1402/939 1413/938 1403/937
f 1405/939 1411/938 1397/937
f 1408/939 1412/938 1400/937
f 1413/938 1409/939 1403/937
f 1414/942 1415/941 1416/940
f 1415/941 1417/943 1416/940
f 1416/940 1417/943 1418/944
f 1417/943 1419/945 1418/944
f 1420/942 1414/946 1421/940
f 1414/946 1416/947 1421/940
f 1421/940 1416/947 1422/944
f 1416/947 1418/948 1422/944
f 1423/947 1421/940 1424/948
f 1421/940 1422/944 1424/948
f 1425/946 1420/942 1423/947
f 1420/942 1421/940 1423/947
f 1426/940 1423/947 1427/944
f 1423/947 1424/948 1427/944
f 1425/946 1423/947 1428/942
f 1428/942 1423/947 1426/940
usemtl mat14
f 1429/359 1430/618 1431/617
f 1432/619 1430/618 1429/359
f 1430/616 1433/420 1431/345
f 1433/420 1434/268 1431/345
f 1435/420 1432/616 1436/268
f 1432/616 1429/345 1436/268
f 1437/359 1438/618 1439/617
f 1440/619 1438/618 1437/359
f 1438/616 1441/420 1439/345
f 1441/420 1442/268 1439/345
usemtl mat15
f 1431/319 1443/318 1429/317
f 1429/317 1443/318 1444/320
f 1431/319 1434/949 1443/318
f 1434/949 1445/950 1443/318
f 1429/317 1444/320 1436/321
f 1436/321 1444/320 1446/322
f 1439/319 1447/318 1437/317
f 1437/317 1447/318 1448/320
f 1439/319 1442/949 1447/318
f 1442/949 1449/950 1447/318
usemtl mat16
f 1443/953 1445/952 1444/951
f 1445/952 1446/954 1444/951
f 1449/954 1450/952 1447/951
f 1447/951 1450/952 1448/953
f 1451/412 1452/487 1453/411
f 1454/391 1452/487 1451/412
usemtl mat17
f 1455/957 1456/956 1457/955
f 1456/956 1458/958 1457/955
f 1459/960 1455/957 1460/959
f 1455/957 1457/955 1460/959
f 1461/963 1462/962 1463/961
f 1462/962 1464/964 1463/961
f 1465/963 1466/962 1467/961
f 1466/962 1468/964 1467/961
f 1469/956 1470/957 1471/955
f 1469/956 1471/955 1472/958
f 1470/957 1473/960 1471/955
f 1473/960 1474/959 1471/955
f 1475/966 1226/965 1476/360
f 1226/965 1477/341 1476/360
f 1226/965 1478/967 1477/341
f 1478/967 1479/272 1477/341
f 1478/967 1480/491 1479/272
f 1480/491 1481/268 1479/272
f 1482/970 1265/969 1483/968
f 1483/968 1265/969 1264/971
f 1482/970 1484/968 1265/969
f 1484/968 1263/971 1265/969
f 1485/974 1287/973 1484/972
f 1484/972 1287/973 1263/975
f 1486/977 1487/976 1488/961
f 1487/976 1489/964 1488/961
f 1490/980 1491/979 1492/978
f 1491/979 1493/955 1492/978
f 1489/964 1487/976 1494/981
f 1487/976 1495/982 1494/981
f 1494/981 1495/982 1496/983
f 1496/983 1495/982 1497/984
f 1498/987 1499/986 1500/985
f 1500/985 1499/986 1501/988
f 1502/978 1498/987 1503/980
f 1500/985 1503/980 1498/987
f 1503/980 1504/979 1502/978
f 1504/979 1505/955 1502/978
f 1506/977 1507/976 1508/961
f 1507/976 1509/964 1508/961
usemtl mat18
f 1510/991 1511/990 1512/989
f 1513/991 1514/990 1515/989
f 1206/994 1516/993 1512/992
f 1516/993 1510/995 1512/992
f 1517/994 1518/993 1515/992
f 1518/993 1513/995 1515/992
f 1519/989 1511/990 1510/991
f 1520/989 1514/990 1513/991
f 1512/989 1511/990 1521/991
f 1515/989 1514/990 1522/991
f 1523/991 1511/990 1519/989
f 1524/991 1514/990 1520/989
f 1511/990 1525/989 1521/991
f 1514/990 1526/989 1522/991
f 1511/990 1523/991 1525/989
f 1514/990 1524/991 1526/989
f 1516/993 1527/994 1510/995
f 1527/994 1519/992 1510/995
f 1518/993 1528/994 1513/995
f 1528/994 1520/992 1513/995
f 1529/993 1206/994 1521/995
f 1206/994 1512/992 1521/995
f 1530/993 1517/994 1522/995
f 1517/994 1515/992 1522/995
f 1531/994 1529/993 1525/992
f 1529/993 1521/995 1525/992
f 1527/994 1532/993 1519/992
f 1532/993 1523/995 1519/992
f 1533/994 1530/993 1526/992
f 1530/993 1522/995 1526/992
f 1528/994 1534/993 1520/992
f 1534/993 1524/995 1520/992
f 1532/993 1531/994 1523/995
f 1531/994 1525/992 1523/995
f 1534/993 1533/994 1524/995
f 1533/994 1526/992 1524/995
usemtl mat19
f 1535/998 1536/997 1517/996
f 1516/999 1517/996 1536/997
f 1537/1002 1538/1001 1535/1000
f 1536/1003 1535/1000 1538/1001
usemtl mat20
f 1539/1004 1540/412 1181/903
f 1540/412 1177/266 1181/903
f 1184/391 1541/412 1181/903
f 1181/903 1541/412 1539/1004
f 1189/1007 1046/1006 1542/1005
f 1542/1005 1046/1006 1543/1008
f 1544/1010 1049/1009 1545/1005
f 1545/1005 1049/1009 1041/1008
f 1546/1010 1542/1005 1543/1008
f 1546/1010 1048/1009 1547/1011
f 1547/1011 1048/1009 1198/1012
f 1546/1010 1543/1008 1048/1009
f 1544/1010 1547/1011 1049/1009
f 1547/1011 1198/1012 1049/1009
f 1548/1010 1055/1009 1549/1011
f 1549/1011 1055/1009 1199/1012
f 1548/1010 1550/1005 1055/1009
f 1550/1005 1054/1008 1055/1009
f 1551/1007 1057/1006 1550/1005
f 1550/1005 1057/1006 1054/1008
f 1551/1007 1552/1013 1057/1006
f 1552/1013 1200/1014 1057/1006
f 1552/1013 1553/1007 1200/1014
f 1553/1007 1058/1006 1200/1014
f 1554/1017 1555/1016 1556/1015
f 1556/1015 1555/1016 1557/1018
f 1555/1016 1270/638 1557/1018
f 1557/1018 1270/638 1272/413
f 1558/1020 1556/1015 1559/1019
f 1556/1015 1557/1018 1559/1019
f 1559/1019 1557/1018 1273/1021
f 1557/1018 1272/1022 1273/1021
f 1560/1025 1561/1024 1562/1023
f 1562/1023 1561/1024 1563/1004
f 1562/1023 1451/1026 1560/1025
f 1451/1026 1453/1027 1560/1025
f 1564/1023 1560/1025 1452/1026
f 1560/1025 1453/1027 1452/1026
f 1565/1004 1561/1024 1564/1023
f 1561/1024 1560/1025 1564/1023
usemtl mat21
f 1566/1029 1209/270 1567/1028
f 1567/1028 1209/270 1568/266
f 1568/266 1213/270 1567/1028
f 1213/270 1569/1029 1567/1028
f 1569/268 1570/272 1567/1028
f 1570/272 1566/1029 1567/1028
f 1213/270 1571/266 1569/1029
f 1571/266 1570/1028 1569/1029
usemtl mat22
f 1572/1032 1573/1031 1574/1030
f 1574/1030 1573/1031 1208/1033
f 1208/1033 1575/1031 1574/1030
f 1575/1031 1576/1032 1574/1030
f 1576/268 1577/893 1574/1030
f 1577/893 1572/1032 1574/1030
f 1575/1031 1578/1033 1576/1032
f 1578/1033 1577/1030 1576/1032
usemtl mat23
f 1579/259 1580/1034 1063/1006
f 1580/1034 1064/1035 1063/1006
f 1579/259 1063/1006 1581/260
f 1581/260 1063/1006 1229/1014
f 1582/1036 1240/1009 1583/1034
f 1583/1034 1240/1009 1068/1035
f 1584/259 1583/1034 1066/1006
f 1583/1034 1068/1035 1066/1006
f 1584/259 1066/1006 1585/260
f 1585/260 1066/1006 1241/1014
f 1586/259 1587/1034 1072/1006
f 1587/1034 1074/1035 1072/1006
f 1588/1036 1242/1009 1589/1034
f 1589/1034 1242/1009 1078/1035
f 1590/259 1589/1034 1076/1006
f 1589/1034 1078/1035 1076/1006
f 1591/1036 1592/1034 1243/1009
f 1592/1034 1106/1035 1243/1009
f 1593/259 1105/1006 1592/1034
f 1592/1034 1105/1006 1106/1035
usemtl mat24
f 1594/1039 1595/1038 1596/1037
f 1595/1038 1597/1040 1596/1037
f 1598/1039 1599/1038 1600/1037
f 1599/1038 1601/1040 1600/1037
f 1602/1039 1603/1038 1604/1037
f 1603/1038 1605/1040 1604/1037
f 1606/1038 1607/1039 1608/1040
f 1609/1037 1608/1040 1607/1039
f 1610/1043 1611/1042 1612/1041
f 1611/1042 1613/1044 1612/1041
f 1614/1042 1615/1043 1616/1044
f 1617/1041 1616/1044 1615/1043
f 1618/1043 1619/1042 1620/1041
f 1619/1042 1621/1044 1620/1041
f 1622/1042 1623/1043 1624/1044
f 1625/1041 1624/1044 1623/1043
f 1626/1043 1627/1042 1628/1041
f 1627/1042 1629/1044 1628/1041
f 1630/1042 1631/1043 1632/1044
f 1633/1041 1632/1044 1631/1043
f 1634/1046 1635/1045 1610/1043
f 1635/1045 1611/1042 1610/1043
f 1615/1043 1614/1042 1636/1046
f 1614/1042 1637/1045 1636/1046
f 1638/1046 1639/1045 1618/1043
f 1639/1045 1619/1042 1618/1043
f 1623/1043 1622/1042 1640/1046
f 1622/1042 1641/1045 1640/1046
f 1642/1046 1643/1045 1626/1043
f 1643/1045 1627/1042 1626/1043
f 1630/1042 1644/1045 1631/1043
f 1631/1043 1644/1045 1645/1046
f 1595/1038 1610/1043 1597/1040
f 1610/1043 1612/1041 1597/1040
f 1615/1043 1646/1038 1617/1041
f 1647/1040 1617/1041 1646/1038
f 1599/1038 1618/1043 1601/1040
f 1618/1043 1620/1041 1601/1040
f 1623/1043 1648/1038 1625/1041
f 1649/1040 1625/1041 1648/1038
f 1603/1038 1626/1043 1605/1040
f 1626/1043 1628/1041 1605/1040
f 1631/1043 1606/1038 1633/1041
f 1608/1040 1633/1041 1606/1038
f 1634/1046 1610/1043 1650/1047
f 1650/1047 1610/1043 1595/1038
f 1615/1043 1636/1046 1646/1038
f 1646/1038 1636/1046 1651/1047
f 1638/1046 1618/1043 1652/1047
f 1652/1047 1618/1043 1599/1038
f 1623/1043 1640/1046 1648/1038
f 1648/1038 1640/1046 1653/1047
f 1642/1046 1626/1043 1654/1047
f 1654/1047 1626/1043 1603/1038
f 1606/1038 1631/1043 1655/1047
f 1631/1043 1645/1046 1655/1047
usemtl mat25
f 1637/1050 1656/1049 1395/1048
f 1656/1049 1396/1051 1395/1048
f 1641/1050 1657/1049 1398/1048
f 1657/1049 1399/1051 1398/1048
f 1651/1049 1405/1051 1658/1050
f 1658/1050 1405/1051 1404/1048
f 1653/1049 1408/1051 1659/1050
f 1659/1050 1408/1051 1407/1048
f 1636/1050 1637/1049 1411/1048
f 1637/1049 1395/1051 1411/1048
f 1639/1049 1638/1050 1660/1051
f 1661/1048 1660/1051 1638/1050
f 1640/1050 1641/1049 1412/1048
f 1641/1049 1398/1051 1412/1048
f 1643/1049 1642/1050 1402/1051
f 1413/1048 1402/1051 1642/1050
f 1644/1049 1662/1051 1645/1050
f 1645/1050 1662/1051 1663/1048
f 1636/1049 1411/1051 1651/1050
f 1651/1050 1411/1051 1405/1048
f 1652/1050 1664/1048 1638/1049
f 1664/1048 1661/1051 1638/1049
f 1640/1049 1412/1051 1653/1050
f 1653/1050 1412/1051 1408/1048
f 1642/1049 1654/1050 1413/1051
f 1409/1048 1413/1051 1654/1050
f 1655/1050 1645/1049 1665/1048
f 1645/1049 1663/1051 1665/1048
usemtl mat26
f 1612/643 1613/1052 1617/642
f 1613/1052 1616/1053 1617/642
f 1620/643 1621/1052 1625/642
f 1621/1052 1624/1053 1625/642
f 1628/643 1629/1052 1633/642
f 1629/1052 1632/1053 1633/642
f 1597/1055 1612/643 1647/1054
f 1612/643 1617/642 1647/1054
f 1601/1055 1620/643 1649/1054
f 1620/643 1625/642 1649/1054
f 1605/1055 1628/643 1608/1054
f 1628/643 1633/642 1608/1054
usemtl mat27
f 1666/270 1667/231 1668/251
f 1667/231 1669/323 1668/251
f 1669/323 1667/231 1670/251
f 1670/251 1667/231 1671/270
f 1672/248 1668/324 1669/323
f 1672/248 1669/323 1670/251
f 1673/248 1674/323 1675/251
f 1673/248 1676/324 1674/323
f 1674/323 1677/231 1675/251
f 1675/251 1677/231 1678/270
f 1679/270 1677/231 1676/251
f 1677/231 1674/323 1676/251
usemtl mat28
f 1680/1056 1681/760 1682/468
f 1681/760 1683/268 1682/468
f 1684/1058 1685/760 1686/1057
f 1685/760 1687/1056 1686/1057
f 1688/468 1689/469 1690/1059
f 1689/469 1691/1060 1690/1059
f 1692/468 1693/1061 1694/268
f 1693/1061 1695/761 1694/268
f 1696/411 1697/412 1698/1062
f 1697/412 1699/79 1698/1062
f 1700/1065 1701/1064 1702/1063
f 1701/1064 1703/1062 1702/1063
f 1704/481 1705/698 1706/323
f 1705/698 1707/1066 1706/323
f 1708/1069 1709/1068 1710/1067
f 1709/1068 1711/251 1710/1067
f 1712/416 1713/1070 1714/268
f 1713/1070 1715/893 1714/268
f 1716/1071 1717/466 1718/760
f 1717/466 1719/272 1718/760
f 1716/1071 1718/1071 1720/1071
f 1718/1071 1721/760 1720/1071
f 1722/1072 1720/1071 1723/761
f 1720/1071 1721/760 1723/761
f 1722/1072 1723/761 1724/1072
f 1723/761 1725/1073 1724/1072
f 1726/467 1724/1072 1727/268
f 1724/1072 1725/761 1727/268
f 1491/1076 1486/1075 1493/1074
f 1486/1075 1488/1077 1493/1074
f 1497/1075 1501/1079 1496/1078
f 1501/1079 1499/1080 1496/1078
f 1504/1079 1506/1082 1505/1081
f 1506/1082 1508/1083 1505/1081
usemtl mat29
f 1682/1086 1683/1085 1728/1084
f 1683/1085 1729/1087 1728/1084
f 1690/1090 1681/1089 1730/1088
f 1681/1089 1680/1091 1730/1088
f 1685/1094 1691/1093 1687/1092
f 1691/1093 1731/1095 1687/1092
f 1732/1059 1684/1096 1733/468
f 1684/1096 1686/1097 1733/468
f 1693/1099 1728/1084 1695/1098
f 1728/1084 1729/1087 1695/1098
f 1734/469 1692/1100 1735/1060
f 1692/1100 1694/1101 1735/1060
f 1706/1103 1707/1067 1702/1102
f 1707/1067 1700/1104 1702/1102
f 1703/1107 1701/1106 1711/1105
f 1701/1106 1710/698 1711/1105
usemtl mat30
f 1127/1110 1125/1109 1736/1108
f 1083/638 1737/1111 1084/641
f 1084/641 1737/1111 1738/1112
f 1126/1113 1125/1109 1127/1110
f 1126/1113 1123/1114 1125/1109
f 1737/1115 1127/1110 1736/1108
f 1083/1116 1127/1110 1737/1115
f 1091/1118 1739/1111 1092/1117
f 1092/1117 1739/1111 1740/1112
f 1132/540 1130/1120 1741/1119
f 1131/1121 1130/1120 1132/540
f 1131/1121 1128/1110 1130/1120
f 1739/1115 1132/540 1741/1119
f 1091/1122 1132/540 1739/1115
f 1099/638 1742/1123 1100/641
f 1100/641 1742/1123 1743/1124
f 1742/1126 1134/1110 1744/1125
f 1099/1116 1134/1110 1742/1126
usemtl mat31
f 1124/1128 1126/221 1745/1127
f 1746/1129 1745/1127 1126/221
f 1079/221 1124/1128 1747/1129
f 1745/1127 1747/1129 1124/1128
f 1083/1128 1748/1127 1126/221
f 1748/1127 1746/1129 1126/221
f 1080/1128 1079/221 1749/1127
f 1747/1129 1749/1127 1079/221
f 1085/221 1750/1129 1083/1128
f 1750/1129 1748/1127 1083/1128
f 1085/221 1080/1128 1750/1129
f 1749/1127 1750/1129 1080/1128
f 1745/1127 1746/1129 1751/1130
f 1747/1129 1745/1127 1751/1130
f 1746/1129 1748/1127 1751/1130
f 1749/1127 1747/1129 1751/1130
f 1748/1127 1750/1129 1751/1130
f 1750/1129 1749/1127 1751/1130
f 1129/1133 1131/1132 1752/1131
f 1753/1134 1752/1131 1131/1132
f 1087/1132 1129/1133 1754/1134
f 1752/1131 1754/1134 1129/1133
f 1091/1133 1755/1131 1131/1132
f 1755/1131 1753/1134 1131/1132
f 1088/1133 1087/1132 1756/1131
f 1754/1134 1756/1131 1087/1132
f 1093/1132 1757/1134 1091/1133
f 1757/1134 1755/1131 1091/1133
f 1093/1132 1088/1133 1757/1134
f 1756/1131 1757/1134 1088/1133
f 1752/1131 1753/1134 1758/1135
f 1754/1134 1752/1131 1758/1135
f 1753/1134 1755/1131 1758/1135
f 1756/1131 1754/1134 1758/1135
f 1755/1131 1757/1134 1758/1135
f 1757/1134 1756/1131 1758/1135
f 1099/1128 1759/1127 1133/221
f 1759/1127 1760/1129 1133/221
f 1097/221 1761/1129 1095/1128
f 1761/1129 1762/1127 1095/1128
f 1101/221 1763/1129 1099/1128
f 1763/1129 1759/1127 1099/1128
f 1760/1129 1759/1127 1764/1130
f 1101/221 1095/1128 1763/1129
f 1762/1127 1763/1129 1095/1128
f 1759/1127 1763/1129 1764/1130
f 1762/1127 1761/1129 1764/1130
f 1763/1129 1762/1127 1764/1130
usemtl mat32
f 1275/1136 1274/506 1280/363
f 1274/506 1278/341 1280/363
f 1274/506 1284/1136 1278/341
f 1284/1136 1279/363 1278/341
f 1283/1138 1281/1137 1284/1136
f 1284/1136 1281/1137 1279/363
usemtl mat33
f 1765/468 1766/469 1767/1139
f 1766/469 1768/1140 1767/1139
f 1766/1143 1769/1142 1768/1141
f 1769/1142 1770/1144 1768/1141
f 1769/1147 1771/1146 1770/1145
f 1771/1146 1772/1148 1770/1145
f 1773/1151 1774/1150 1775/1149
f 1774/1150 1776/1152 1775/1149
f 1777/1154 1773/1151 1778/1153
f 1773/1151 1775/1149 1778/1153
f 1779/1157 1777/1156 1780/1155
f 1777/1156 1778/1158 1780/1155
f 1781/1067 1779/1160 1782/1159
f 1779/1160 1780/1161 1782/1159
f 1783/698 1781/1067 1784/1162
f 1781/1067 1782/1159 1784/1162
f 1785/1164 1786/1152 1787/1163
f 1788/1165 1787/1163 1786/1152
f 1789/1164 1790/1163 1791/1152
f 1790/1163 1792/1165 1791/1152
f 1793/1168 1788/1167 1794/1166
f 1788/1167 1786/1169 1794/1166
f 1795/1171 1793/1170 1796/1161
f 1793/1170 1794/1172 1796/1161
f 1797/1174 1795/1173 1798/487
f 1795/1173 1796/903 1798/487
f 1792/374 1797/446 1791/1175
f 1797/446 1798/1176 1791/1175
f 1794/1166 1786/1169 1799/63
f 1786/1169 1800/1177 1799/63
f 1796/1161 1794/1172 1801/1178
f 1794/1172 1799/1179 1801/1178
f 1798/487 1796/903 1802/1180
f 1796/903 1801/1181 1802/1180
f 1791/1175 1798/1176 1803/268
f 1798/1176 1802/272 1803/268
f 1786/1152 1785/1164 1800/1182
f 1789/1164 1791/1152 1803/1182
usemtl texture31
f 1804/268 1805/448 1806/893
f 1805/448 1807/1183 1806/893
f 1808/1185 1809/1184 1261/1070
f 1810/416 1261/1070 1809/1184
f 1811/1187 1812/1186 1808/1185
f 1809/1184 1808/1185 1812/1186
f 1812/1186 1811/1187 1813/1188
f 1811/1187 1814/1189 1813/1188
f 1813/1188 1814/1189 1815/1190
f 1814/1189 1816/1191 1815/1190
f 1807/1183 1805/448 1816/1191
f 1815/1190 1816/1191 1805/448
usemtl texture32
f 1817/1194 1818/1193 1165/1192
f 1818/1193 1166/1195 1165/1192
f 1165/1192 1169/1195 1817/1194
f 1169/1195 1819/1193 1817/1194
f 1820/1198 1171/1197 1818/1196
f 1818/1196 1171/1197 1166/413
f 1820/1198 1819/1196 1171/1197
f 1819/1196 1169/413 1171/1197
f 1142/1200 1147/1199 1144/958
f 1147/1199 1148/1201 1144/958
f 1151/1199 1149/1200 1152/1201
f 1149/1200 1150/958 1152/1201
usemtl texture33
f 1295/1204 1293/1203 1288/1202
f 1293/1203 1289/1205 1288/1202
f 1291/1207 1289/1205 1292/1206
f 1289/1205 1293/1203 1292/1206
usemtl texture34
f 1821/16 1822/12 1823/1208
f 1822/12 1824/1209 1823/1208
f 1825/12 1821/16 1826/1209
f 1821/16 1823/1208 1826/1209
f 1827/16 1825/12 1828/1208
f 1825/12 1826/1209 1828/1208
f 1829/12 1827/16 1830/1209
f 1827/16 1828/1208 1830/1209
usemtl texture35
f 1831/1212 1832/1211 1833/1210
f 1832/1211 1834/1213 1833/1210
f 1835/1215 1831/1212 1836/1214
f 1831/1212 1833/1210 1836/1214
f 1832/1211 1837/1216 1834/1213
f 1837/1216 1838/1217 1834/1213
f 1839/1219 1835/1215 1840/1218
f 1835/1215 1836/1214 1840/1218
f 1841/1221 1839/1219 1842/1220
f 1839/1219 1840/1218 1842/1220
f 1837/1216 1841/1222 1838/1217
f 1841/1222 1842/1223 1838/1217
f 1843/1226 1844/1225 1845/1224
f 1844/1225 1846/1227 1845/1224
f 1847/1229 1843/1226 1848/1228
f 1843/1226 1845/1224 1848/1228
f 1843/1232 1849/1231 1844/1230
f 1849/1231 1850/1233 1844/1230
f 1847/1235 1851/1234 1843/1232
f 1851/1234 1849/1231 1843/1232
f 1850/1225 1849/1226 1852/1236
f 1849/1226 1853/1237 1852/1236
f 1849/1226 1851/1229 1853/1237
f 1851/1229 1854/1238 1853/1237
f 1844/1230 1850/1233 1855/1239
f 1850/1233 1856/1240 1855/1239
f 1844/1225 1855/1169 1846/1227
f 1855/1169 1857/1241 1846/1227
f 1856/1169 1850/1225 1858/1242
f 1850/1225 1852/1236 1858/1242
f 1859/1244 1860/1243 1847/1235
f 1860/1243 1851/1234 1847/1235
f 1859/1246 1847/1229 1861/1245
f 1847/1229 1848/1228 1861/1245
f 1860/1246 1862/1247 1851/1229
f 1862/1247 1854/1238 1851/1229
f 1863/1249 1856/1169 1864/1248
f 1856/1169 1858/1242 1864/1248
f 1860/1246 1863/1250 1862/1247
f 1863/1250 1864/1251 1862/1247
f 1855/1239 1856/1240 1865/1252
f 1856/1240 1863/1253 1865/1252
f 1865/1255 1863/1254 1859/1244
f 1863/1254 1860/1243 1859/1244
f 1855/1169 1865/1249 1857/1241
f 1865/1249 1866/1256 1857/1241
f 1865/1250 1859/1246 1866/1257
f 1859/1246 1861/1245 1866/1257
usemtl texture36
f 1832/1260 1831/1259 1867/1258
f 1831/1259 1835/1261 1867/1258
f 1837/1262 1832/1260 1867/1258
f 1835/1261 1839/1263 1867/1258
f 1839/1263 1841/1264 1867/1258
f 1841/1264 1837/1262 1867/1258
usemtl texture37
f 1868/1267 1869/1266 1870/1265
f 1871/1268 1870/1265 1869/1266
f 1869/1266 1872/1267 1871/1268
f 1872/1267 1873/1265 1871/1268
f 1874/1267 1868/1266 1875/1265
f 1870/1268 1875/1265 1868/1266
f 1876/1266 1877/1268 1872/1267
f 1877/1268 1873/1265 1872/1267
f 1878/1267 1879/1265 1876/1266
f 1879/1265 1877/1268 1876/1266
f 1878/1267 1874/1266 1879/1265
f 1875/1268 1879/1265 1874/1266
usemtl texture38
f 1869/1175 1878/1176 1872/1269
f 1876/1270 1872/1269 1878/1176
f 1869/1175 1868/1271 1878/1176
f 1868/1271 1874/1272 1878/1176
g obj3
usemtl mat34
f 1880/1275 1881/1274 1882/1273
f 1881/1274 1883/1276 1882/1273
f 1884/1278 1880/1275 1885/1277
f 1880/1275 1882/1273 1885/1277
f 1883/1281 1886/1280 1882/1279
f 1886/1280 1887/1282 1882/1279
f 1885/1281 1882/1279 1888/1280
f 1887/1282 1888/1280 1882/1279
f 1881/1274 1889/1283 1883/1276
f 1889/1283 1890/1284 1883/1276
f 1890/1279 1891/1282 1883/1281
f 1891/1282 1886/1280 1883/1281
f 1892/1286 1884/1278 1893/1285
f 1884/1278 1885/1277 1893/1285
f 1893/1279 1885/1281 1894/1282
f 1888/1280 1894/1282 1885/1281
f 1895/1281 1896/1280 1890/1279
f 1896/1280 1891/1282 1890/1279
f 1895/1281 1893/1279 1896/1280
f 1894/1282 1896/1280 1893/1279
f 1889/1283 1897/1287 1890/1284
f 1897/1287 1895/1288 1890/1284
f 1897/1290 1892/1286 1895/1289
f 1892/1286 1893/1285 1895/1289
usemtl mat35
f 1898/1293 1899/1292 1900/1291
f 1899/1292 1901/1294 1900/1291
f 1902/1293 1898/1292 1903/1291
f 1900/1294 1903/1291 1898/1292
f 1899/1293 1904/1292 1901/1291
f 1904/1292 1905/1294 1901/1291
f 1906/1292 1902/1293 1907/1294
f 1907/1294 1902/1293 1903/1291
f 1908/1292 1906/1293 1909/1294
f 1909/1294 1906/1293 1907/1291
f 1904/1293 1908/1292 1905/1291
f 1908/1292 1909/1294 1905/1291
g obj4
usemtl mat36
f 1910/1297 1911/1296 1912/1295
f 1913/1300 1914/1299 1915/1298
f 1914/1299 1910/1297 1915/1298
f 1916/1303 1917/1302 1918/1301
f 1917/1302 1919/1304 1918/1301
f 1910/1297 1914/1299 1911/1296
f 1914/1299 1920/1305 1911/1296
f 1921/1307 1922/1301 1923/1306
f 1912/1295 1911/1296 1924/1308
f 1911/1296 1925/1309 1924/1308
f 1911/1296 1920/1305 1925/1310
f 1925/1310 1920/1305 1926/1311
f 1912/1295 1924/1312 1927/982
f 1927/982 1924/1312 1928/1313
f 1925/1309 1929/1314 1924/1308
f 1929/1314 1930/1315 1924/1308
f 1924/1318 1930/1317 1928/1316
f 1931/1319 1928/1316 1930/1317
f 1923/1306 1932/985 1930/1320
f 1932/985 1931/1321 1930/1320
f 1921/1307 1929/1323 1933/1322
f 1933/1322 1929/1323 1934/1324
f 1923/1306 1930/1315 1921/1307
f 1921/1307 1930/1315 1929/1314
f 1922/1301 1921/1307 1935/1303
f 1933/1322 1935/1303 1921/1307
f 1936/1302 1937/1304 1935/1303
f 1935/1303 1937/1304 1922/1301
f 1938/1300 1939/1299 1940/1298
f 1939/1299 1941/1297 1940/1298
f 1942/1296 1943/1305 1944/1310
f 1944/1310 1943/1305 1945/1311
f 1946/1295 1942/1296 1947/1308
f 1942/1296 1944/1309 1947/1308
f 1948/1327 1949/1326 1950/1325
f 1949/1326 1951/1328 1950/1325
f 1951/1331 1952/1330 1950/1329
f 1950/1329 1952/1330 1953/1332
f 1954/1335 1950/1334 1955/1333
f 1955/1333 1950/1334 1953/1336
f 1951/1331 1956/1329 1952/1330
f 1956/1329 1957/1332 1952/1330
f 1949/1326 1958/1327 1951/1328
f 1958/1327 1956/1325 1951/1328
f 1959/970 1960/968 1961/969
f 1960/968 1962/1337 1961/969
f 1961/969 1962/1337 1963/1338
f 1962/1337 1964/1339 1963/1338
f 1962/1337 1965/969 1964/1339
f 1965/969 1966/1338 1964/1339
f 1967/1341 1959/972 1968/1340
f 1959/972 1961/1342 1968/1340
f 1968/1340 1961/1342 1969/1343
f 1961/1342 1963/1344 1969/1343
f 1970/1340 1971/1343 1965/1342
f 1965/1342 1971/1343 1966/1344
f 1972/969 1968/1337 1973/1338
f 1968/1337 1969/1339 1973/1338
f 1974/970 1967/968 1972/969
f 1967/968 1968/1337 1972/969
f 1972/969 1973/1338 1970/1337
f 1970/1337 1973/1338 1971/1339
f 1975/968 1974/970 1970/1337
f 1974/970 1972/969 1970/1337
usemtl mat38
f 1932/1347 1927/1346 1931/1345
f 1927/1346 1928/1348 1931/1345
usemtl mat42
f 1990/1351 1991/1350 2039/1349
f 1991/1350 2040/1352 2039/1349
f 1998/1352 1989/1353 2041/1349
f 1989/1353 1988/1354 2041/1349
f 1993/1352 1999/1353 1995/1349
f 1999/1353 2042/1354 1995/1349
f 2043/1352 1992/1353 2044/1349
f 1992/1353 1994/1354 2044/1349
f 2001/1354 2039/1349 2003/1353
f 2039/1349 2040/1352 2003/1353
f 2045/1349 2000/1351 2046/1352
f 2000/1351 2002/1350 2046/1352
f 2047/1357 2048/1356 2049/1355
f 2049/1355 2048/1356 2050/1358
f 2049/1361 2050/1360 2051/1359
f 2051/1359 2050/1360 2052/1362
f 2053/1355 2051/1357 2054/1358
f 2051/1357 2052/1356 2054/1358
f 2055/968 2056/970 2057/971
f 2056/970 2058/969 2057/971
f 2059/968 2060/971 2056/970
f 2056/970 2060/971 2058/969
f 2061/1363 2055/972 2057/975
f 2062/1341 2055/972 2061/1363
f 2062/970 2063/969 2064/968
f 2064/968 2063/969 2065/971
f 2062/1341 2061/1363 2063/1364
f 2059/972 2066/1363 2060/975
f 2059/972 2067/1341 2066/1363
f 2067/970 2064/968 2068/969
f 2064/968 2065/971 2068/969
f 2066/1363 2067/1341 2068/1364
usemtl mat44
f 2050/1367 2048/1366 2073/1365
f 2052/1367 2074/1365 2054/1366
f 1953/1370 1952/1369 1957/1368
f 1963/869 1964/867 1966/868
f 1969/869 1971/868 1973/867
f 2075/1371 2057/868 2058/867
f 2060/869 2075/1371 2058/867
f 2076/1371 2065/867 2063/868
f 2068/869 2065/867 2076/1371
usemtl mat45
f 2052/491 2050/492 2073/490
f 2073/490 2074/967 2052/491
f 1957/1374 1955/1373 1953/1372
f 1957/1374 2077/1375 1955/1373
f 2078/1377 1963/1020 1966/1376
f 1969/410 1963/1020 2078/1377
f 1966/1376 1971/1378 2078/1377
f 2078/1377 1971/1378 1969/410
f 2079/1380 2057/413 2075/1379
f 2079/1380 2061/887 2057/413
f 2060/410 2079/1380 2075/1379
f 2063/1015 2061/887 2079/1380
f 2066/1381 2079/1380 2060/410
f 2063/1015 2079/1380 2076/1382
f 2068/1020 2079/1380 2066/1381
f 2076/1382 2079/1380 2068/1020
usemtl mat47
f 2213/268 2214/391 2215/272
f 2214/391 2216/487 2215/272
f 2217/391 2213/268 2218/487
f 2213/268 2215/272 2218/487
f 2219/268 2217/391 2220/272
f 2217/391 2218/487 2220/272
f 2221/268 2222/391 2223/272
f 2222/391 2224/487 2223/272
f 2225/391 2221/268 2226/487
f 2221/268 2223/272 2226/487
f 2227/268 2225/391 2228/272
f 2225/391 2226/487 2228/272
usemtl mat37
f 1917/1384 1913/1383 1919/268
f 1913/1383 1915/345 1919/268
f 1926/1384 1934/1385 1925/1059
f 1934/1385 1929/1060 1925/1059
f 1936/1384 1938/1383 1937/268
f 1938/1383 1940/345 1937/268
f 1976/1387 1977/1386 1978/268
f 1977/1386 1979/345 1978/268
f 1980/268 1981/1387 1982/345
f 1981/1387 1983/1386 1982/345
f 1984/1386 1985/345 1986/1387
f 1985/345 1987/268 1986/1387
f 1988/1390 1989/1389 1990/1388
f 1989/1389 1991/268 1990/1388
f 1992/1389 1993/268 1994/1390
f 1993/268 1995/1388 1994/1390
f 1996/1388 1997/1392 1998/1391
f 1997/1392 1999/1393 1998/1391
f 2000/1388 2001/1394 2002/268
f 2001/1394 2003/272 2002/268
f 2004/1372 1948/1395 1954/410
f 1948/1395 1950/638 1954/410
f 2005/1397 2006/1396 2007/268
f 2006/1396 2008/272 2007/268
f 2009/1397 2010/1398 2011/268
f 2010/1398 2012/345 2011/268
f 2013/1397 2014/1396 2015/268
f 2014/1396 2016/272 2015/268
f 2017/1399 2018/1076 2019/341
f 2018/1076 2020/268 2019/341
usemtl mat39
f 2021/1402 2022/1401 2023/1400
f 2024/1403 2023/1400 2022/1401
f 2025/1402 2026/1400 2027/1401
f 2026/1400 2028/1403 2027/1401
f 2029/1406 2030/1405 2031/1404
f 2030/1405 2032/1407 2031/1404
f 2031/1404 2032/1407 2033/1408
f 2032/1407 2034/1409 2033/1408
f 2022/1401 2021/1402 2030/1410
f 2025/1402 2027/1401 2029/1410
f 2030/1410 2021/1402 2032/1411
f 2025/1402 2029/1410 2031/1411
f 2032/1411 2021/1402 2034/961
f 2025/1402 2031/1411 2033/961
usemtl mat40
f 2027/1413 2022/1412 2029/1406
f 2022/1412 2030/1405 2029/1406
usemtl mat41
f 2028/1415 2024/1414 2027/1413
f 2024/1414 2022/1412 2027/1413
f 2035/871 2036/1417 2037/1416
f 2036/1417 2038/1418 2037/1416
usemtl mat43
f 2069/1421 2047/1420 2070/1419
f 2070/1419 2047/1420 2049/1422
f 2071/1423 2070/1419 2051/638
f 2070/1419 2049/1422 2051/638
f 2072/492 2071/1423 2053/410
f 2071/1423 2051/638 2053/410
usemtl mat46
f 2080/1426 2081/1425 2082/1424
f 2082/1424 2081/1425 2083/1426
f 2080/1426 2084/1424 2081/1425
f 2083/1426 2081/1425 2085/1424
f 2081/1425 2084/1424 2086/1426
f 2085/1424 2081/1425 2086/1426
f 2087/218 2088/222 2089/254
f 2088/222 2090/255 2089/254
f 2091/1429 2092/1428 2093/1427
f 2092/1428 2094/1430 2093/1427
f 2094/1430 2080/1426 2093/1427
f 2093/1427 2080/1426 2082/1424
f 2088/222 2095/218 2090/255
f 2095/218 2096/254 2090/255
f 2092/1428 2097/1429 2094/1430
f 2097/1429 2098/1427 2094/1430
f 2094/1430 2098/1427 2080/1426
f 2098/1427 2084/1424 2080/1426
f 2098/1427 2099/1430 2084/1424
f 2099/1430 2086/1426 2084/1424
f 2097/1429 2100/1428 2098/1427
f 2100/1428 2099/1430 2098/1427
f 2095/218 2101/222 2096/254
f 2101/222 2102/255 2096/254
f 2103/1426 2104/1425 2105/1424
f 2105/1424 2104/1425 2106/1426
f 2103/1426 2107/1424 2104/1425
f 2106/1426 2104/1425 2108/1424
f 2104/1425 2107/1424 2109/1426
f 2108/1424 2104/1425 2109/1426
f 2110/218 2111/222 2112/254
f 2111/222 2113/255 2112/254
f 2114/1428 2115/1430 2116/1429
f 2116/1429 2115/1430 2117/1427
f 2115/1430 2103/1426 2117/1427
f 2117/1427 2103/1426 2105/1424
f 2111/222 2118/218 2113/255
f 2118/218 2119/254 2113/255
f 2114/1428 2120/1429 2115/1430
f 2120/1429 2121/1427 2115/1430
f 2117/1427 2105/1424 2122/1430
f 2122/1430 2105/1424 2106/1426
f 2115/1430 2121/1427 2103/1426
f 2121/1427 2107/1424 2103/1426
f 2121/1427 2123/1430 2107/1424
f 2123/1430 2109/1426 2107/1424
f 2120/1429 2124/1428 2121/1427
f 2124/1428 2123/1430 2121/1427
f 2118/218 2125/222 2119/254
f 2125/222 2126/255 2119/254
f 2127/1433 2128/1432 2129/1431
f 2128/1432 2130/1434 2129/1431
f 2131/1432 2127/1433 2132/1434
f 2127/1433 2129/1431 2132/1434
f 2133/1433 2131/1432 2134/1431
f 2131/1432 2132/1434 2134/1431
f 2135/218 2136/254 2137/222
f 2136/254 2138/255 2137/222
f 2137/222 2138/255 2139/218
f 2138/255 2140/254 2139/218
f 2137/222 2139/218 2138/255
f 2139/218 2140/254 2138/255
f 2135/218 2137/222 2136/254
f 2137/222 2138/255 2136/254
f 2141/1428 2142/1429 2143/1430
f 2142/1429 2144/1427 2143/1430
f 2145/1429 2141/1428 2146/1427
f 2141/1428 2143/1430 2146/1427
f 2143/1430 2144/1427 2147/1426
f 2144/1427 2148/1424 2147/1426
f 2146/1427 2143/1430 2149/1424
f 2143/1430 2147/1426 2149/1424
f 2139/218 2140/254 2150/222
f 2140/254 2151/255 2150/222
f 2139/218 2150/222 2140/254
f 2150/222 2151/255 2140/254
f 2142/1429 2152/1428 2144/1427
f 2152/1428 2153/1430 2144/1427
f 2154/1430 2146/1427 2155/1426
f 2146/1427 2149/1424 2155/1426
f 2144/1427 2153/1430 2148/1424
f 2153/1430 2156/1426 2148/1424
f 2157/222 2135/218 2158/255
f 2135/218 2136/254 2158/255
f 2157/222 2158/255 2135/218
f 2158/255 2136/254 2135/218
f 2159/1428 2145/1429 2154/1430
f 2145/1429 2146/1427 2154/1430
f 2160/1427 2154/1430 2161/1424
f 2154/1430 2155/1426 2161/1424
f 2153/1430 2160/1427 2156/1426
f 2160/1427 2161/1424 2156/1426
f 2152/1428 2162/1429 2153/1430
f 2162/1429 2160/1427 2153/1430
f 2162/1429 2159/1428 2160/1427
f 2159/1428 2154/1430 2160/1427
f 2150/222 2163/218 2151/255
f 2163/218 2164/254 2151/255
f 2150/222 2151/255 2163/218
f 2151/255 2164/254 2163/218
f 2163/218 2164/254 2157/222
f 2164/254 2158/255 2157/222
f 2163/218 2157/222 2164/254
f 2157/222 2158/255 2164/254
f 2147/1426 2148/1424 2165/1425
f 2147/1426 2165/1425 2149/1424
f 2149/1424 2165/1425 2155/1426
f 2165/1425 2148/1424 2156/1426
f 2155/1426 2165/1425 2161/1424
f 2161/1424 2165/1425 2156/1426
f 2166/222 2167/255 2168/218
f 2167/255 2169/254 2168/218
f 2166/222 2168/218 2167/255
f 2168/218 2169/254 2167/255
f 2170/218 2166/222 2171/254
f 2166/222 2167/255 2171/254
f 2170/218 2171/254 2166/222
f 2171/254 2167/255 2166/222
f 2172/1428 2173/1429 2174/1430
f 2173/1429 2175/1427 2174/1430
f 2176/1429 2172/1428 2177/1427
f 2172/1428 2174/1430 2177/1427
f 2174/1430 2175/1427 2178/1426
f 2175/1427 2179/1424 2178/1426
f 2177/1427 2174/1430 2180/1424
f 2174/1430 2178/1426 2180/1424
f 2168/218 2169/254 2181/222
f 2169/254 2182/255 2181/222
f 2168/218 2181/222 2169/254
f 2181/222 2182/255 2169/254
f 2173/1429 2183/1428 2175/1427
f 2183/1428 2184/1430 2175/1427
f 2175/1427 2184/1430 2179/1424
f 2184/1430 2185/1426 2179/1424
f 2186/222 2187/255 2170/218
f 2187/255 2171/254 2170/218
f 2186/222 2170/218 2187/255
f 2170/218 2171/254 2187/255
f 2188/1428 2176/1429 2189/1430
f 2176/1429 2177/1427 2189/1430
f 2189/1430 2177/1427 2190/1426
f 2177/1427 2180/1424 2190/1426
f 2184/1430 2191/1427 2185/1426
f 2191/1427 2192/1424 2185/1426
f 2191/1427 2189/1430 2192/1424
f 2189/1430 2190/1426 2192/1424
f 2183/1428 2193/1429 2184/1430
f 2193/1429 2191/1427 2184/1430
f 2193/1429 2188/1428 2191/1427
f 2188/1428 2189/1430 2191/1427
f 2178/1426 2194/1425 2180/1424
f 2178/1426 2179/1424 2194/1425
f 2181/222 2195/218 2182/255
f 2195/218 2196/254 2182/255
f 2181/222 2182/255 2195/218
f 2182/255 2196/254 2195/218
f 2195/218 2186/222 2196/254
f 2186/222 2187/255 2196/254
f 2195/218 2196/254 2186/222
f 2196/254 2187/255 2186/222
f 2180/1424 2194/1425 2190/1426
f 2194/1425 2179/1424 2185/1426
f 2190/1426 2194/1425 2192/1424
f 2192/1424 2194/1425 2185/1426
f 2197/1433 2198/1432 2199/1431
f 2198/1432 2200/1434 2199/1431
f 2201/1432 2197/1433 2202/1434
f 2197/1433 2199/1431 2202/1434
f 2203/1433 2201/1432 2204/1431
f 2201/1432 2202/1434 2204/1431
f 2205/222 2206/255 2087/218
f 2206/255 2089/254 2087/218
f 2207/218 2208/254 2205/222
f 2208/254 2206/255 2205/222
f 2101/222 2102/255 2207/218
f 2102/255 2208/254 2207/218
f 2209/222 2210/255 2110/218
f 2210/255 2112/254 2110/218
f 2211/218 2212/254 2209/222
f 2212/254 2210/255 2209/222
f 2125/222 2126/255 2211/218
f 2126/255 2212/254 2211/218
g obj5
usemtl mat48
f 2229/1437 2230/1436 2231/1435
f 2232/1438 2230/1436 2229/1437
f 2233/1439 2231/1435 2230/1436
f 2232/1438 2234/1440 2230/1436
f 2233/1439 2230/1436 2235/1441
f 2235/1441 2230/1436 2234/1440
usemtl mat49
f 2236/1444 2237/1443 2238/1442
f 2236/1444 2239/1445 2237/1443
f 2240/1447 2238/1442 2241/1446
f 2239/1445 2242/1449 2243/1448
f 2236/1444 2238/1442 2240/1447
f 2236/1444 2242/1449 2239/1445
f 2240/1447 2241/1446 2244/1450
f 2242/1449 2245/1451 2243/1448
f 2246/1452 2242/1449 2236/1444
f 2246/1452 2236/1444 2240/1447
f 2240/1447 2244/1450 2247/1453
f 2242/1449 2248/1454 2245/1451
f 2247/1453 2244/1450 2249/1455
f 2245/1451 2248/1454 2250/1456
f 2246/1452 2240/1447 2251/1457
f 2252/1458 2242/1449 2246/1452
f 2249/1455 2253/1459 2247/1453
f 2248/1454 2254/1460 2250/1456
f 2255/1461 2240/1447 2247/1453
f 2256/1462 2248/1454 2242/1449
f 2251/1457 2240/1447 2255/1461
f 2256/1462 2242/1449 2252/1458
f 2253/1459 2257/1463 2247/1453
f 2248/1454 2258/1464 2254/1460
f 2247/1453 2257/1463 2255/1461
f 2256/1462 2258/1464 2248/1454
f 2253/1459 2259/1465 2257/1463
f 2254/1460 2258/1464 2260/1466
f 2255/1461 2257/1463 2261/1467
f 2262/1468 2258/1464 2256/1462
f 2263/1469 2258/1464 2262/1468
f 2257/1463 2264/1470 2261/1467
f 2259/1465 2265/1471 2257/1463
f 2258/1464 2266/1472 2260/1466
f 2257/1463 2267/1473 2264/1470
f 2263/1469 2268/1474 2258/1464
f 2265/1471 2267/1473 2257/1463
f 2258/1464 2268/1474 2266/1472
f 2264/1470 2269/1476 2270/1475
f 2271/1478 2263/1469 2272/1477
f 2267/1473 2269/1476 2264/1470
f 2271/1478 2268/1474 2263/1469
f 2265/1471 2273/1479 2267/1473
f 2266/1472 2268/1474 2274/1480
f 2269/1476 2275/1481 2270/1475
f 2275/1481 2271/1478 2272/1477
f 2273/1479 2276/1482 2267/1473
f 2277/1483 2274/1480 2268/1474
f 2276/1482 2269/1476 2267/1473
f 2277/1483 2268/1474 2271/1478
f 2269/1476 2278/1484 2275/1481
f 2278/1484 2271/1478 2275/1481
f 2276/1482 2279/1485 2269/1476
f 2280/1486 2277/1483 2271/1478
f 2281/1487 2278/1484 2269/1476
f 2282/1488 2271/1478 2278/1484
f 2279/1485 2281/1487 2269/1476
f 2282/1488 2280/1486 2271/1478
f 2281/1487 2283/1489 2278/1484
f 2283/1489 2282/1488 2278/1484
# 2479 elements

